Kecamatan,Desa,Waktu,Satelit,Confidence,Longitude,Latitude,in_desa,in_buffer,is_hutan,is_gambut,is_kk,in_kawasan,Prioritas_Satgas
Kendawangan,Bangkal Serai,"Sabtu, 12 September 2026 15:39:00",NASA-MODIS,Low,110.50761,-2.48329,False,False,False,False,True,True,Di Luar Area Pantauan (>1000m dari Desa)
Kendawangan,Airhitam Hulu,"Sabtu, 12 September 2026 15:39:00",NASA-MODIS,Low,110.53342,-2.67539,False,False,False,False,True,True,Di Luar Area Pantauan (>1000m dari Desa)
Nanga Tayap,Lembah Hijau Satu,"Sabtu, 12 September 2026 13:18:00",NASA-NOAA20,Low,110.49171,-1.5739,False,False,False,False,False,False,Di Luar Area Pantauan (>1000m dari Desa)
Matan Hilir Utara,Kuala Tolak,"Sabtu, 12 September 2026 13:18:00",NASA-NOAA20,Low,110.19386,-1.49013,False,False,False,True,False,True,Di Luar Area Pantauan (>1000m dari Desa)
Nanga Tayap,Lembah Hijau Satu,"Sabtu, 12 September 2026 13:18:00",NASA-NOAA20,Low,110.49493,-1.56988,False,False,False,False,False,False,Di Luar Area Pantauan (>1000m dari Desa)
Manis Mata,Suka Ramai,"Sabtu, 12 September 2026 13:18:00",NASA-NOAA20,Low,111.08862,-2.72243,False,False,False,False,False,False,Di Luar Area Pantauan (>1000m dari Desa)
Benua Kayong,Negeri Baru,"Sabtu, 12 September 2026 13:18:00",NASA-NOAA20,Low,110.19954,-1.79775,False,False,False,True,False,True,Di Luar Area Pantauan (>1000m dari Desa)
Simpang Hilir,Matan Jaya,"Sabtu, 12 September 2026 13:18:00",NASA-NOAA20,Low,110.17222,-1.05551,False,False,False,False,False,False,Di Luar Area Pantauan (>1000m dari Desa)
Nanga Tayap,Simpang Tiga Sembelangaan,"Sabtu, 12 September 2026 13:18:00",NASA-NOAA20,Low,110.39077,-1.46319,False,False,False,False,False,False,Di Luar Area Pantauan (>1000m dari Desa)
Matan Hilir Selatan,Sungai Besar,"Sabtu, 12 September 2026 13:18:00",NASA-NOAA20,Low,110.202,-1.86357,False,False,False,True,False,True,Di Luar Area Pantauan (>1000m dari Desa)
Matan Hilir Selatan,Kemuning Biutak,"Sabtu, 12 September 2026 13:18:00",NASA-NOAA20,Low,110.39572,-1.97044,False,False,False,False,False,False,Di Luar Area Pantauan (>1000m dari Desa)
Kendawangan,Banjar Sari,"Sabtu, 12 September 2026 13:18:00",NASA-NOAA20,Low,110.24442,-2.47388,False,False,False,True,False,True,Di Luar Area Pantauan (>1000m dari Desa)
Kendawangan,Airhitam Hulu,"Sabtu, 12 September 2026 13:18:00",NASA-NOAA20,Low,110.64184,-2.69949,False,False,False,False,False,False,Di Luar Area Pantauan (>1000m dari Desa)
Kendawangan,Airhitam Hulu,"Sabtu, 12 September 2026 13:18:00",NASA-NOAA20,Low,110.61988,-2.65763,False,False,False,False,False,False,Di Luar Area Pantauan (>1000m dari Desa)
Kendawangan,Airhitam Hulu,"Sabtu, 12 September 2026 13:18:00",NASA-NOAA20,Low,110.62309,-2.65362,False,False,False,False,False,False,Di Luar Area Pantauan (>1000m dari Desa)
Kendawangan,Airhitam Hulu,"Sabtu, 12 September 2026 13:18:00",NASA-NOAA20,Low,110.54128,-2.66623,False,False,False,False,True,True,Di Luar Area Pantauan (>1000m dari Desa)
Manis Mata,Sungai Buluh,"Sabtu, 12 September 2026 13:18:00",NASA-NOAA20,Low,111.06553,-2.57101,False,False,False,False,False,False,Di Luar Area Pantauan (>1000m dari Desa)
Belitang Hilir,Sungaiayak Dua,"Sabtu, 12 September 2026 13:18:00",NASA-NOAA20,Low,111.04664,0.16547,False,False,False,False,False,False,Di Luar Area Pantauan (>1000m dari Desa)
Matan Hilir Utara,Kuala Satong,"Sabtu, 12 September 2026 13:18:00",NASA-NOAA20,Low,110.13911,-1.38309,False,False,False,True,False,True,Di Luar Area Pantauan (>1000m dari Desa)
Sungai Melayu Rayak,Makmur Abadi,"Sabtu, 12 September 2026 13:18:00",NASA-NOAA20,Low,110.24766,-1.76888,False,False,False,True,False,True,Di Luar Area Pantauan (>1000m dari Desa)
Kendawangan,Pembedilan,"Sabtu, 12 September 2026 13:18:00",NASA-NOAA20,Low,110.33083,-2.9575,False,False,False,False,True,True,Di Luar Area Pantauan (>1000m dari Desa)
Muara Pawan,Mayak,"Sabtu, 12 September 2026 13:18:00",NASA-NOAA20,Low,110.14296,-1.79525,False,False,False,False,False,False,Di Luar Area Pantauan (>1000m dari Desa)
Kendawangan,Banjar Sari,"Sabtu, 12 September 2026 13:18:00",NASA-NOAA20,Low,110.24907,-2.50443,False,False,False,False,False,False,Di Luar Area Pantauan (>1000m dari Desa)
Nanga Tayap,Simpang Tiga Sembelangaan,"Sabtu, 12 September 2026 13:18:00",NASA-NOAA20,Low,110.39182,-1.47006,False,False,False,False,False,False,Di Luar Area Pantauan (>1000m dari Desa)
Sungai Melayu Rayak,Makmur Abadi,"Sabtu, 12 September 2026 13:18:00",NASA-NOAA20,Low,110.25502,-1.76776,False,False,False,True,False,True,Di Luar Area Pantauan (>1000m dari Desa)
Matan Hilir Selatan,Sungai Pelang,"Sabtu, 12 September 2026 13:18:00",NASA-NOAA20,Low,110.19891,-1.84315,False,False,False,True,False,True,Di Luar Area Pantauan (>1000m dari Desa)
Batu Ampar,Batu Ampar,"Sabtu, 12 September 2026 13:18:00",NASA-NOAA20,Low,109.6614,-0.88789,False,False,False,True,False,True,Di Luar Area Pantauan (>1000m dari Desa)
Muara Pawan,Ulak Medang,"Sabtu, 12 September 2026 13:18:00",NASA-NOAA20,Low,110.22588,-1.50266,False,False,True,True,False,True,Di Luar Area Pantauan (>1000m dari Desa)
Sungai Melayu Rayak,Sungai Melayu,"Sabtu, 12 September 2026 13:18:00",NASA-NOAA20,Low,110.33997,-1.87748,False,False,False,False,False,False,Di Luar Area Pantauan (>1000m dari Desa)
Matan Hilir Utara,Kuala Satong,"Sabtu, 12 September 2026 13:18:00",NASA-NOAA20,Low,110.13013,-1.42283,False,False,False,True,False,True,Di Luar Area Pantauan (>1000m dari Desa)
Matan Hilir Utara,Kuala Tolak,"Sabtu, 12 September 2026 13:18:00",NASA-NOAA20,Low,110.10597,-1.46136,False,False,False,False,False,False,Di Luar Area Pantauan (>1000m dari Desa)
Kendawangan,Banjar Sari,"Sabtu, 12 September 2026 13:18:00",NASA-NOAA20,Low,110.25013,-2.4869,False,False,False,False,False,False,Di Luar Area Pantauan (>1000m dari Desa)
Matan Hilir Utara,Sungai Putri,"Sabtu, 12 September 2026 13:18:00",NASA-NOAA20,Low,110.07967,-1.57732,False,False,True,True,False,True,Di Luar Area Pantauan (>1000m dari Desa)
Matan Hilir Selatan,Sungai Nanjung,"Sabtu, 12 September 2026 13:18:00",NASA-NOAA20,Low,110.10885,-2.19657,False,False,False,False,False,False,Di Luar Area Pantauan (>1000m dari Desa)
Kendawangan,Banjar Sari,"Sabtu, 12 September 2026 13:18:00",NASA-NOAA20,Low,110.24649,-2.48746,False,False,False,True,False,True,Di Luar Area Pantauan (>1000m dari Desa)
Kendawangan,Sungai Jelayan,"Sabtu, 12 September 2026 13:18:00",NASA-NOAA20,Low,110.45235,-2.08775,False,False,False,False,False,False,Di Luar Area Pantauan (>1000m dari Desa)
Matan Hilir Utara,Lamon Satong,"Sabtu, 12 September 2026 13:18:00",NASA-NOAA20,Low,110.21362,-1.40303,False,False,False,True,False,True,Di Luar Area Pantauan (>1000m dari Desa)
Kendawangan,Banjar Sari,"Sabtu, 12 September 2026 13:18:00",NASA-NOAA20,Low,110.24025,-2.49536,False,False,False,False,False,False,Di Luar Area Pantauan (>1000m dari Desa)
Simpang Dua,Kampar Sebomban,"Sabtu, 12 September 2026 13:18:00",NASA-NOAA20,Low,110.18717,-0.90965,False,False,False,False,False,False,Di Luar Area Pantauan (>1000m dari Desa)
Nanga Tayap,Pangkalan Teluk,"Sabtu, 12 September 2026 13:18:00",NASA-NOAA20,Low,110.37217,-1.37162,False,False,False,False,True,True,Di Luar Area Pantauan (>1000m dari Desa)
Pemahan,Usaha Baru,"Sabtu, 12 September 2026 13:18:00",NASA-NOAA20,Low,110.4966,-1.70632,False,False,False,False,False,False,Di Luar Area Pantauan (>1000m dari Desa)
Sukadana,Sedahan Jaya,"Sabtu, 12 September 2026 13:18:00",NASA-NOAA20,Low,110.05013,-1.16914,False,False,True,True,True,True,Di Luar Area Pantauan (>1000m dari Desa)
Matan Hilir Utara,Kuala Satong,"Sabtu, 12 September 2026 13:18:00",NASA-NOAA20,Low,110.12491,-1.41317,False,False,False,True,False,True,Di Luar Area Pantauan (>1000m dari Desa)
Kendawangan,Sungai Jelayan,"Sabtu, 12 September 2026 13:18:00",NASA-NOAA20,Low,110.45555,-2.08375,False,False,False,False,False,False,Di Luar Area Pantauan (>1000m dari Desa)
Matan Hilir Selatan,Sungai Pelang,"Sabtu, 12 September 2026 13:18:00",NASA-NOAA20,Low,110.19107,-1.84087,False,False,False,True,False,True,Di Luar Area Pantauan (>1000m dari Desa)
Jelai Hulu,Pangkalan Suka,"Sabtu, 12 September 2026 13:18:00",NASA-NOAA20,Low,110.88877,-1.95405,False,False,False,False,False,False,Di Luar Area Pantauan (>1000m dari Desa)
Nanga Tayap,Simpang Tiga Sembelangaan,"Sabtu, 12 September 2026 13:18:00",NASA-NOAA20,Low,110.38547,-1.45346,False,False,False,False,False,False,Di Luar Area Pantauan (>1000m dari Desa)
Matan Hilir Selatan,Kemuning Biutak,"Sabtu, 12 September 2026 13:18:00",NASA-NOAA20,Low,110.42473,-2.00806,False,False,False,False,False,False,Di Luar Area Pantauan (>1000m dari Desa)
Kendawangan,Seriam,"Sabtu, 12 September 2026 13:18:00",NASA-NOAA20,Low,110.34431,-2.75291,False,False,False,False,True,True,Di Luar Area Pantauan (>1000m dari Desa)
Kendawangan,Airhitam Hulu,"Sabtu, 12 September 2026 13:18:00",NASA-NOAA20,Low,110.61458,-2.64791,False,False,False,False,False,False,Di Luar Area Pantauan (>1000m dari Desa)
Matan Hilir Selatan,Pematang Gadung,"Sabtu, 12 September 2026 13:18:00",NASA-NOAA20,Low,110.1882,-1.99157,False,False,False,True,False,True,Di Luar Area Pantauan (>1000m dari Desa)
Matan Hilir Utara,Sungai Putri,"Sabtu, 12 September 2026 13:18:00",NASA-NOAA20,Low,110.07568,-1.59972,False,False,False,True,False,True,Di Luar Area Pantauan (>1000m dari Desa)
Kendawangan,Air Hitam Besar,"Sabtu, 12 September 2026 13:18:00",NASA-NOAA20,Low,110.7192,-2.70501,False,False,False,False,False,False,Di Luar Area Pantauan (>1000m dari Desa)
Muara Pawan,Ulak Medang,"Sabtu, 12 September 2026 13:18:00",NASA-NOAA20,Low,110.28856,-1.51753,False,False,False,False,False,False,Di Luar Area Pantauan (>1000m dari Desa)
Matan Hilir Utara,Kuala Satong,"Sabtu, 12 September 2026 13:18:00",NASA-NOAA20,Low,110.12543,-1.41658,False,False,False,True,False,True,Di Luar Area Pantauan (>1000m dari Desa)
Kendawangan,Bangkal Serai,"Sabtu, 12 September 2026 15:39:00",NASA-MODIS,Medium,110.51765,-2.57196,False,False,False,False,True,True,Di Luar Area Pantauan (>1000m dari Desa)
Benua Kayong,Negeri Baru,"Sabtu, 12 September 2026 15:39:00",NASA-MODIS,Medium,110.17925,-1.79517,False,False,False,True,False,True,Di Luar Area Pantauan (>1000m dari Desa)
Ketungau Hilir,Bukit Sidin Permai,"Sabtu, 12 September 2026 15:39:00",NASA-MODIS,Medium,111.5229,0.6072,False,False,False,False,False,False,Di Luar Area Pantauan (>1000m dari Desa)
Muara Pawan,Mayak,"Sabtu, 12 September 2026 15:39:00",NASA-MODIS,Medium,110.12991,-1.71123,False,False,True,True,False,True,Di Luar Area Pantauan (>1000m dari Desa)
Kendawangan,Banjar Sari,"Sabtu, 12 September 2026 15:39:00",NASA-MODIS,Medium,110.24185,-2.48827,False,False,False,True,False,True,Di Luar Area Pantauan (>1000m dari Desa)
Kendawangan,Pembedilan,"Sabtu, 12 September 2026 15:39:00",NASA-MODIS,Medium,110.35474,-2.86298,False,False,False,False,True,True,Di Luar Area Pantauan (>1000m dari Desa)
Batu Ampar,Tanjungharapan,"Sabtu, 12 September 2026 15:39:00",NASA-MODIS,Medium,109.51913,-0.83483,True,False,True,True,True,True,Prioritas 1 (Tinggi)
Simpang Hulu,Sekucing Labai,"Sabtu, 12 September 2026 15:39:00",NASA-MODIS,Medium,110.06895,-0.48695,False,False,False,False,False,False,Di Luar Area Pantauan (>1000m dari Desa)
Kendawangan,Pembedilan,"Sabtu, 12 September 2026 15:39:00",NASA-MODIS,Medium,110.35043,-2.77237,False,False,False,False,True,True,Di Luar Area Pantauan (>1000m dari Desa)
Batu Ampar,Tanjungharapan,"Sabtu, 12 September 2026 15:39:00",NASA-MODIS,Medium,109.52075,-0.84577,True,False,True,True,True,True,Prioritas 1 (Tinggi)
Menukung,Belaban Ella,"Sabtu, 12 September 2026 19:34:00",NASA-MODIS,Medium,112.19587,-0.50166,False,False,False,False,False,False,Di Luar Area Pantauan (>1000m dari Desa)
Kendawangan,Natai Kuini,"Sabtu, 12 September 2026 15:39:00",NASA-MODIS,Medium,110.83453,-2.79979,False,False,False,True,True,True,Di Luar Area Pantauan (>1000m dari Desa)
Menukung,Nanga Siyai,"Sabtu, 12 September 2026 19:34:00",NASA-MODIS,Medium,112.16306,-0.50614,False,False,False,False,False,False,Di Luar Area Pantauan (>1000m dari Desa)
Kendawangan,Seriam,"Sabtu, 12 September 2026 15:39:00",NASA-MODIS,Medium,110.33997,-2.64617,False,False,False,False,True,True,Di Luar Area Pantauan (>1000m dari Desa)
Sungai Raya,Gunungtamang,"Sabtu, 12 September 2026 15:39:00",NASA-MODIS,Medium,109.88414,-0.15766,False,False,False,True,False,True,Di Luar Area Pantauan (>1000m dari Desa)
Muara Pawan,Mayak,"Sabtu, 12 September 2026 15:39:00",NASA-MODIS,Medium,110.1269,-1.75669,False,False,False,True,False,True,Di Luar Area Pantauan (>1000m dari Desa)
Menukung,Belaban Ella,"Sabtu, 12 September 2026 19:34:00",NASA-MODIS,Medium,112.19133,-0.50829,False,False,False,False,False,False,Di Luar Area Pantauan (>1000m dari Desa)
Kayan Hulu,Nanga Tonggoi,"Sabtu, 12 September 2026 19:34:00",NASA-MODIS,Medium,112.14912,-0.29948,False,False,False,False,False,False,Di Luar Area Pantauan (>1000m dari Desa)
Kendawangan,Kedondong,"Sabtu, 12 September 2026 15:39:00",NASA-MODIS,Medium,110.35535,-2.29839,False,False,False,False,False,False,Di Luar Area Pantauan (>1000m dari Desa)
Sekadau Hilir,Bokak Sebumbun,"Sabtu, 12 September 2026 15:39:00",NASA-MODIS,Medium,110.97174,0.00229,False,False,False,False,False,False,Di Luar Area Pantauan (>1000m dari Desa)
Kendawangan,Pembedilan,"Sabtu, 12 September 2026 15:39:00",NASA-MODIS,Medium,110.35648,-2.87426,False,False,False,False,True,True,Di Luar Area Pantauan (>1000m dari Desa)
Muara Pawan,Tempurukan,"Sabtu, 12 September 2026 15:39:00",NASA-MODIS,Medium,110.06307,-1.67505,False,False,False,True,False,True,Di Luar Area Pantauan (>1000m dari Desa)
Kendawangan,Airhitam Hulu,"Sabtu, 12 September 2026 15:39:00",NASA-MODIS,Medium,110.52407,-2.67588,False,False,False,False,True,True,Di Luar Area Pantauan (>1000m dari Desa)
Matan Hilir Selatan,Pesaguan Kanan,"Sabtu, 12 September 2026 15:39:00",NASA-MODIS,Medium,110.34348,-2.02468,False,False,True,True,False,True,Di Luar Area Pantauan (>1000m dari Desa)
Kayan Hulu,Nanga Tonggoi,"Sabtu, 12 September 2026 19:34:00",NASA-MODIS,Medium,112.15395,-0.29262,False,False,False,False,False,False,Di Luar Area Pantauan (>1000m dari Desa)
Kendawangan,Bangkal Serai,"Sabtu, 12 September 2026 15:39:00",NASA-MODIS,Medium,110.52642,-2.56173,False,False,False,False,True,True,Di Luar Area Pantauan (>1000m dari Desa)
Matan Hilir Selatan,Sungai Besar,"Sabtu, 12 September 2026 13:18:00",NASA-NOAA20,Medium,110.21656,-1.88573,False,False,True,True,False,True,Di Luar Area Pantauan (>1000m dari Desa)
Matan Hilir Selatan,Sungai Besar,"Sabtu, 12 September 2026 13:18:00",NASA-NOAA20,Medium,110.25694,-1.87959,False,False,True,True,False,True,Di Luar Area Pantauan (>1000m dari Desa)
Matan Hilir Selatan,Sungai Besar,"Sabtu, 12 September 2026 13:18:00",NASA-NOAA20,Medium,110.16902,-1.89297,False,False,True,True,False,True,Di Luar Area Pantauan (>1000m dari Desa)
Matan Hilir Selatan,Sungai Besar,"Sabtu, 12 September 2026 13:18:00",NASA-NOAA20,Medium,110.16588,-1.89693,False,False,True,True,False,True,Di Luar Area Pantauan (>1000m dari Desa)
Matan Hilir Selatan,Sungai Besar,"Sabtu, 12 September 2026 13:18:00",NASA-NOAA20,Medium,110.26062,-1.87903,False,False,True,True,False,True,Di Luar Area Pantauan (>1000m dari Desa)
Matan Hilir Selatan,Sungai Besar,"Sabtu, 12 September 2026 13:18:00",NASA-NOAA20,Medium,110.20192,-1.88796,False,False,True,True,False,True,Di Luar Area Pantauan (>1000m dari Desa)
Matan Hilir Selatan,Sungai Besar,"Sabtu, 12 September 2026 13:18:00",NASA-NOAA20,Medium,110.17268,-1.89242,False,False,True,True,False,True,Di Luar Area Pantauan (>1000m dari Desa)
Matan Hilir Selatan,Sungai Besar,"Sabtu, 12 September 2026 13:18:00",NASA-NOAA20,Medium,110.16172,-1.89408,False,False,True,True,False,True,Di Luar Area Pantauan (>1000m dari Desa)
Matan Hilir Selatan,Sungai Besar,"Sabtu, 12 September 2026 13:18:00",NASA-NOAA20,Medium,110.17319,-1.89582,False,False,True,True,False,True,Di Luar Area Pantauan (>1000m dari Desa)
Matan Hilir Selatan,Sungai Besar,"Sabtu, 12 September 2026 13:18:00",NASA-NOAA20,Medium,110.19205,-1.87206,False,False,True,True,False,True,Di Luar Area Pantauan (>1000m dari Desa)
Matan Hilir Selatan,Sungai Besar,"Sabtu, 12 September 2026 13:18:00",NASA-NOAA20,Medium,110.21033,-1.86927,False,False,True,True,False,True,Di Luar Area Pantauan (>1000m dari Desa)
Matan Hilir Selatan,Sungai Pelang,"Sabtu, 12 September 2026 13:18:00",NASA-NOAA20,Medium,110.15967,-1.88048,False,False,True,True,False,True,Di Luar Area Pantauan (>1000m dari Desa)
Matan Hilir Selatan,Sungai Besar,"Sabtu, 12 September 2026 13:18:00",NASA-NOAA20,Medium,110.18839,-1.87262,False,False,True,True,False,True,Di Luar Area Pantauan (>1000m dari Desa)
Muara Pawan,Mayak,"Sabtu, 12 September 2026 13:18:00",NASA-NOAA20,Medium,110.14988,-1.71764,False,False,False,True,False,True,Di Luar Area Pantauan (>1000m dari Desa)
Matan Hilir Selatan,Sungai Pelang,"Sabtu, 12 September 2026 13:18:00",NASA-NOAA20,Medium,110.1916,-1.84427,False,False,False,True,False,True,Di Luar Area Pantauan (>1000m dari Desa)
Muara Pawan,Mayak,"Sabtu, 12 September 2026 13:18:00",NASA-NOAA20,Medium,110.17183,-1.71425,False,False,True,True,False,True,Di Luar Area Pantauan (>1000m dari Desa)
Matan Hilir Selatan,Sungai Nanjung,"Sabtu, 12 September 2026 13:18:00",NASA-NOAA20,Medium,110.2606,-2.16633,False,False,True,True,True,True,Di Luar Area Pantauan (>1000m dari Desa)
Matan Hilir Selatan,Pagar Mentimun,"Sabtu, 12 September 2026 13:18:00",NASA-NOAA20,Medium,110.09745,-2.2191,False,False,False,False,False,False,Di Luar Area Pantauan (>1000m dari Desa)
Matan Hilir Selatan,Pagar Mentimun,"Sabtu, 12 September 2026 13:18:00",NASA-NOAA20,Medium,110.09384,-2.21965,False,False,False,False,False,False,Di Luar Area Pantauan (>1000m dari Desa)
Nanga Tayap,Batu Mas,"Sabtu, 12 September 2026 13:18:00",NASA-NOAA20,Medium,110.66318,-1.68434,False,False,True,False,False,True,Di Luar Area Pantauan (>1000m dari Desa)
Nanga Tayap,Batu Mas,"Sabtu, 12 September 2026 13:18:00",NASA-NOAA20,Medium,110.65554,-1.68551,False,False,True,False,False,True,Di Luar Area Pantauan (>1000m dari Desa)
Sungai Melayu Rayak,Makmur Abadi,"Sabtu, 12 September 2026 13:18:00",NASA-NOAA20,Medium,110.22986,-1.75066,False,False,False,True,False,True,Di Luar Area Pantauan (>1000m dari Desa)
Nanga Tayap,Batu Mas,"Sabtu, 12 September 2026 13:18:00",NASA-NOAA20,Medium,110.65173,-1.68609,False,False,False,False,False,False,Di Luar Area Pantauan (>1000m dari Desa)
Nanga Tayap,Batu Mas,"Sabtu, 12 September 2026 13:18:00",NASA-NOAA20,Medium,110.65936,-1.68492,False,False,True,False,False,True,Di Luar Area Pantauan (>1000m dari Desa)
Muara Pawan,Tanjung Pura,"Sabtu, 12 September 2026 13:18:00",NASA-NOAA20,Medium,110.22109,-1.69268,False,False,True,True,False,True,Di Luar Area Pantauan (>1000m dari Desa)
Matan Hilir Selatan,Sungai Nanjung,"Sabtu, 12 September 2026 13:18:00",NASA-NOAA20,Medium,110.14982,-2.14864,False,False,False,False,False,False,Di Luar Area Pantauan (>1000m dari Desa)
Matan Hilir Selatan,Sungai Nanjung,"Sabtu, 12 September 2026 13:18:00",NASA-NOAA20,Medium,110.14619,-2.1492,False,False,False,False,False,False,Di Luar Area Pantauan (>1000m dari Desa)
Muara Pawan,Tanjung Pura,"Sabtu, 12 September 2026 13:18:00",NASA-NOAA20,Medium,110.17863,-1.70972,False,False,True,True,False,True,Di Luar Area Pantauan (>1000m dari Desa)
Matan Hilir Selatan,Sungai Nanjung,"Sabtu, 12 September 2026 13:18:00",NASA-NOAA20,Medium,110.22369,-2.11981,False,False,False,False,False,False,Di Luar Area Pantauan (>1000m dari Desa)
Muara Pawan,Mayak,"Sabtu, 12 September 2026 13:18:00",NASA-NOAA20,Medium,110.14571,-1.71481,False,False,True,True,False,True,Di Luar Area Pantauan (>1000m dari Desa)
Sungai Melayu Rayak,Makmur Abadi,"Sabtu, 12 September 2026 13:18:00",NASA-NOAA20,Medium,110.31007,-1.68238,False,False,False,False,False,False,Di Luar Area Pantauan (>1000m dari Desa)
Matan Hilir Selatan,Sungai Nanjung,"Sabtu, 12 September 2026 13:18:00",NASA-NOAA20,Medium,110.20911,-2.12208,False,False,True,False,False,True,Di Luar Area Pantauan (>1000m dari Desa)
Muara Pawan,Tanjung Pura,"Sabtu, 12 September 2026 13:18:00",NASA-NOAA20,Medium,110.18178,-1.70575,False,False,True,True,False,True,Di Luar Area Pantauan (>1000m dari Desa)
Matan Hilir Selatan,Sungai Nanjung,"Sabtu, 12 September 2026 13:18:00",NASA-NOAA20,Medium,110.22005,-2.12038,False,False,False,False,False,False,Di Luar Area Pantauan (>1000m dari Desa)
Matan Hilir Selatan,Kemuning Biutak,"Sabtu, 12 September 2026 13:18:00",NASA-NOAA20,Medium,110.36349,-1.95784,False,False,False,False,False,False,Di Luar Area Pantauan (>1000m dari Desa)
Sungai Melayu Rayak,Makmur Abadi,"Sabtu, 12 September 2026 13:18:00",NASA-NOAA20,Medium,110.27048,-1.69551,False,False,True,True,False,True,Di Luar Area Pantauan (>1000m dari Desa)
Muara Pawan,Mayak,"Sabtu, 12 September 2026 13:18:00",NASA-NOAA20,Medium,110.15931,-1.70574,False,False,True,True,False,True,Di Luar Area Pantauan (>1000m dari Desa)
Muara Pawan,Tanjung Pura,"Sabtu, 12 September 2026 13:18:00",NASA-NOAA20,Medium,110.2253,-1.69552,False,False,False,True,False,True,Di Luar Area Pantauan (>1000m dari Desa)
Matan Hilir Selatan,Pesaguan Kanan,"Sabtu, 12 September 2026 13:18:00",NASA-NOAA20,Medium,110.25157,-2.03482,False,False,True,True,False,True,Di Luar Area Pantauan (>1000m dari Desa)
Matan Hilir Selatan,Pesaguan Kanan,"Sabtu, 12 September 2026 13:18:00",NASA-NOAA20,Medium,110.24791,-2.03539,False,False,True,True,False,True,Di Luar Area Pantauan (>1000m dari Desa)
Matan Hilir Selatan,Sungai Nanjung,"Sabtu, 12 September 2026 13:18:00",NASA-NOAA20,Medium,110.20757,-2.11188,False,False,True,True,False,True,Di Luar Area Pantauan (>1000m dari Desa)
Marau,Belaban,"Sabtu, 12 September 2026 13:18:00",NASA-NOAA20,Medium,110.65091,-2.0367,False,False,False,False,False,False,Di Luar Area Pantauan (>1000m dari Desa)
Matan Hilir Selatan,Sungai Nanjung,"Sabtu, 12 September 2026 13:18:00",NASA-NOAA20,Medium,110.23048,-2.11528,False,False,False,True,False,True,Di Luar Area Pantauan (>1000m dari Desa)
Matan Hilir Selatan,Sungai Nanjung,"Sabtu, 12 September 2026 13:18:00",NASA-NOAA20,Medium,110.21954,-2.11698,False,False,False,True,False,True,Di Luar Area Pantauan (>1000m dari Desa)
Matan Hilir Selatan,Sungai Nanjung,"Sabtu, 12 September 2026 13:18:00",NASA-NOAA20,Medium,110.20703,-2.11127,False,False,True,True,False,True,Di Luar Area Pantauan (>1000m dari Desa)
Matan Hilir Selatan,Pesaguan Kanan,"Sabtu, 12 September 2026 13:18:00",NASA-NOAA20,Medium,110.35078,-2.01949,False,False,True,True,False,True,Di Luar Area Pantauan (>1000m dari Desa)
Matan Hilir Selatan,Pesaguan Kanan,"Sabtu, 12 September 2026 13:18:00",NASA-NOAA20,Medium,110.24739,-2.03198,False,False,True,True,False,True,Di Luar Area Pantauan (>1000m dari Desa)
Matan Hilir Selatan,Pesaguan Kanan,"Sabtu, 12 September 2026 13:18:00",NASA-NOAA20,Medium,110.32712,-2.01267,False,False,False,False,False,False,Di Luar Area Pantauan (>1000m dari Desa)
Matan Hilir Selatan,Sungai Nanjung,"Sabtu, 12 September 2026 13:18:00",NASA-NOAA20,Medium,110.22683,-2.11585,False,False,False,True,False,True,Di Luar Area Pantauan (>1000m dari Desa)
Matan Hilir Selatan,Sungai Nanjung,"Sabtu, 12 September 2026 13:18:00",NASA-NOAA20,Medium,110.22318,-2.11641,False,False,False,True,False,True,Di Luar Area Pantauan (>1000m dari Desa)
Matan Hilir Selatan,Sungai Nanjung,"Sabtu, 12 September 2026 13:18:00",NASA-NOAA20,Medium,110.17841,-2.11642,False,False,False,False,False,False,Di Luar Area Pantauan (>1000m dari Desa)
Matan Hilir Selatan,Pesaguan Kanan,"Sabtu, 12 September 2026 13:18:00",NASA-NOAA20,Medium,110.28925,-2.03598,False,False,False,False,False,False,Di Luar Area Pantauan (>1000m dari Desa)
Matan Hilir Selatan,Pesaguan Kanan,"Sabtu, 12 September 2026 13:18:00",NASA-NOAA20,Medium,110.1936,-2.04725,False,False,False,True,False,True,Di Luar Area Pantauan (>1000m dari Desa)
Matan Hilir Selatan,Pesaguan Kanan,"Sabtu, 12 September 2026 13:18:00",NASA-NOAA20,Medium,110.25105,-2.03141,False,False,True,True,False,True,Di Luar Area Pantauan (>1000m dari Desa)
Matan Hilir Selatan,Pesaguan Kanan,"Sabtu, 12 September 2026 13:18:00",NASA-NOAA20,Medium,110.24635,-2.02517,False,False,True,True,False,True,Di Luar Area Pantauan (>1000m dari Desa)
Jelai Hulu,Pangkalan Suka,"Sabtu, 12 September 2026 13:18:00",NASA-NOAA20,Medium,110.96452,-1.9065,False,False,True,False,False,True,Di Luar Area Pantauan (>1000m dari Desa)
Matan Hilir Selatan,Pesaguan Kanan,"Sabtu, 12 September 2026 13:18:00",NASA-NOAA20,Medium,110.21973,-2.02233,False,False,False,True,False,True,Di Luar Area Pantauan (>1000m dari Desa)
Matan Hilir Selatan,Pesaguan Kanan,"Sabtu, 12 September 2026 13:18:00",NASA-NOAA20,Medium,110.326,-1.98454,False,False,False,False,False,False,Di Luar Area Pantauan (>1000m dari Desa)
Matan Hilir Selatan,Pematang Gadung,"Sabtu, 12 September 2026 13:18:00",NASA-NOAA20,Medium,110.30917,-1.97313,False,False,True,True,False,True,Di Luar Area Pantauan (>1000m dari Desa)
Matan Hilir Selatan,Kemuning Biutak,"Sabtu, 12 September 2026 13:18:00",NASA-NOAA20,Medium,110.36135,-1.96867,False,False,False,False,False,False,Di Luar Area Pantauan (>1000m dari Desa)
Matan Hilir Selatan,Kemuning Biutak,"Sabtu, 12 September 2026 13:18:00",NASA-NOAA20,Medium,110.36032,-1.96183,False,False,False,True,False,True,Di Luar Area Pantauan (>1000m dari Desa)
Matan Hilir Selatan,Kemuning Biutak,"Sabtu, 12 September 2026 13:18:00",NASA-NOAA20,Medium,110.3598,-1.95841,False,False,False,True,False,True,Di Luar Area Pantauan (>1000m dari Desa)
Matan Hilir Selatan,Pematang Gadung,"Sabtu, 12 September 2026 13:18:00",NASA-NOAA20,Medium,110.20647,-1.96442,False,False,False,True,False,True,Di Luar Area Pantauan (>1000m dari Desa)
Matan Hilir Selatan,Pematang Gadung,"Sabtu, 12 September 2026 13:18:00",NASA-NOAA20,Medium,110.20705,-1.94344,False,False,True,True,False,True,Di Luar Area Pantauan (>1000m dari Desa)
Matan Hilir Selatan,Pematang Gadung,"Sabtu, 12 September 2026 13:18:00",NASA-NOAA20,Medium,110.19499,-1.98706,False,False,False,True,False,True,Di Luar Area Pantauan (>1000m dari Desa)
Matan Hilir Selatan,Pematang Gadung,"Sabtu, 12 September 2026 13:18:00",NASA-NOAA20,Medium,110.21128,-1.92189,False,False,True,True,False,True,Di Luar Area Pantauan (>1000m dari Desa)
Matan Hilir Selatan,Sungai Besar,"Sabtu, 12 September 2026 13:18:00",NASA-NOAA20,Medium,110.16639,-1.90033,False,False,True,True,False,True,Di Luar Area Pantauan (>1000m dari Desa)
Matan Hilir Selatan,Sungai Besar,"Sabtu, 12 September 2026 13:18:00",NASA-NOAA20,Medium,110.18311,-1.88735,False,False,True,True,False,True,Di Luar Area Pantauan (>1000m dari Desa)
Matan Hilir Selatan,Sungai Besar,"Sabtu, 12 September 2026 13:18:00",NASA-NOAA20,Medium,110.20506,-1.884,False,False,True,True,False,True,Di Luar Area Pantauan (>1000m dari Desa)
Matan Hilir Selatan,Sungai Besar,"Sabtu, 12 September 2026 13:18:00",NASA-NOAA20,Medium,110.20089,-1.88116,False,False,True,True,False,True,Di Luar Area Pantauan (>1000m dari Desa)
Jelai Hulu,Karang Dangin,"Sabtu, 12 September 2026 13:18:00",NASA-NOAA20,Medium,110.97826,-1.78849,False,False,True,False,False,True,Di Luar Area Pantauan (>1000m dari Desa)
Matan Hilir Selatan,Pematang Gadung,"Sabtu, 12 September 2026 13:18:00",NASA-NOAA20,Medium,110.21179,-1.9253,False,False,True,True,False,True,Di Luar Area Pantauan (>1000m dari Desa)
Tumbang Titi,Batu Beransak,"Sabtu, 12 September 2026 13:18:00",NASA-NOAA20,Medium,110.68926,-1.83006,False,False,False,False,False,False,Di Luar Area Pantauan (>1000m dari Desa)
Tumbang Titi,Tanjung Maloi,"Sabtu, 12 September 2026 13:18:00",NASA-NOAA20,Medium,110.68874,-1.8266,False,False,False,False,False,False,Di Luar Area Pantauan (>1000m dari Desa)
Matan Hilir Selatan,Sungai Besar,"Sabtu, 12 September 2026 13:18:00",NASA-NOAA20,Medium,110.17063,-1.90035,False,False,True,True,False,True,Di Luar Area Pantauan (>1000m dari Desa)
Matan Hilir Selatan,Sungai Besar,"Sabtu, 12 September 2026 13:18:00",NASA-NOAA20,Medium,110.1737,-1.89922,False,False,True,True,False,True,Di Luar Area Pantauan (>1000m dari Desa)
Matan Hilir Selatan,Sungai Besar,"Sabtu, 12 September 2026 13:18:00",NASA-NOAA20,Medium,110.26011,-1.87562,False,False,True,True,False,True,Di Luar Area Pantauan (>1000m dari Desa)
Matan Hilir Selatan,Sungai Besar,"Sabtu, 12 September 2026 13:18:00",NASA-NOAA20,Medium,110.25642,-1.87618,False,False,True,True,False,True,Di Luar Area Pantauan (>1000m dari Desa)
Matan Hilir Selatan,Sungai Besar,"Sabtu, 12 September 2026 13:18:00",NASA-NOAA20,Medium,110.21238,-1.88289,False,False,True,True,False,True,Di Luar Area Pantauan (>1000m dari Desa)
Matan Hilir Selatan,Sungai Besar,"Sabtu, 12 September 2026 13:18:00",NASA-NOAA20,Medium,110.1685,-1.88957,False,False,True,True,False,True,Di Luar Area Pantauan (>1000m dari Desa)
Matan Hilir Selatan,Sungai Besar,"Sabtu, 12 September 2026 13:18:00",NASA-NOAA20,Medium,110.18941,-1.87942,False,False,True,True,False,True,Di Luar Area Pantauan (>1000m dari Desa)
Matan Hilir Selatan,Sungai Besar,"Sabtu, 12 September 2026 13:18:00",NASA-NOAA20,Medium,110.20037,-1.87775,False,False,True,True,False,True,Di Luar Area Pantauan (>1000m dari Desa)
Matan Hilir Selatan,Sungai Besar,"Sabtu, 12 September 2026 13:18:00",NASA-NOAA20,Medium,110.19621,-1.87491,False,False,True,True,False,True,Di Luar Area Pantauan (>1000m dari Desa)
Matan Hilir Selatan,Sungai Pelang,"Sabtu, 12 September 2026 13:18:00",NASA-NOAA20,Medium,110.17012,-1.87541,False,False,True,True,False,True,Di Luar Area Pantauan (>1000m dari Desa)
Matan Hilir Selatan,Sungai Pelang,"Sabtu, 12 September 2026 13:18:00",NASA-NOAA20,Medium,110.18319,-1.86297,False,False,True,True,False,True,Di Luar Area Pantauan (>1000m dari Desa)
Matan Hilir Selatan,Sungai Pelang,"Sabtu, 12 September 2026 13:18:00",NASA-NOAA20,Medium,110.15915,-1.87708,False,False,True,True,False,True,Di Luar Area Pantauan (>1000m dari Desa)
Matan Hilir Selatan,Sungai Besar,"Sabtu, 12 September 2026 13:18:00",NASA-NOAA20,Medium,110.23077,-1.85568,False,False,True,True,False,True,Di Luar Area Pantauan (>1000m dari Desa)
Matan Hilir Selatan,Sungai Pelang,"Sabtu, 12 September 2026 13:18:00",NASA-NOAA20,Medium,110.18685,-1.86241,False,False,True,True,False,True,Di Luar Area Pantauan (>1000m dari Desa)
Matan Hilir Selatan,Sungai Pelang,"Sabtu, 12 September 2026 13:18:00",NASA-NOAA20,Medium,110.18268,-1.85957,False,False,True,True,False,True,Di Luar Area Pantauan (>1000m dari Desa)
Matan Hilir Selatan,Sungai Pelang,"Sabtu, 12 September 2026 13:18:00",NASA-NOAA20,Medium,110.23709,-1.84774,False,False,True,True,False,True,Di Luar Area Pantauan (>1000m dari Desa)
Matan Hilir Selatan,Sungai Pelang,"Sabtu, 12 September 2026 13:18:00",NASA-NOAA20,Medium,110.21823,-1.84715,False,False,True,True,False,True,Di Luar Area Pantauan (>1000m dari Desa)
Muara Pawan,Tanjung Pasar,"Sabtu, 12 September 2026 13:18:00",NASA-NOAA20,Medium,110.01507,-1.8333,False,False,False,False,False,False,Di Luar Area Pantauan (>1000m dari Desa)
Matan Hilir Selatan,Sungai Besar,"Sabtu, 12 September 2026 13:18:00",NASA-NOAA20,Medium,110.19154,-1.86866,False,False,True,True,False,True,Di Luar Area Pantauan (>1000m dari Desa)
Matan Hilir Selatan,Sungai Pelang,"Sabtu, 12 September 2026 13:18:00",NASA-NOAA20,Medium,110.16281,-1.87653,False,False,True,True,False,True,Di Luar Area Pantauan (>1000m dari Desa)
Matan Hilir Selatan,Sungai Besar,"Sabtu, 12 September 2026 13:18:00",NASA-NOAA20,Medium,110.2607,-1.85459,False,False,True,True,False,True,Di Luar Area Pantauan (>1000m dari Desa)
Matan Hilir Selatan,Sungai Besar,"Sabtu, 12 September 2026 13:18:00",NASA-NOAA20,Medium,110.23129,-1.85909,False,False,True,True,False,True,Di Luar Area Pantauan (>1000m dari Desa)
Matan Hilir Selatan,Sungai Besar,"Sabtu, 12 September 2026 13:18:00",NASA-NOAA20,Medium,110.18736,-1.86581,False,False,True,True,False,True,Di Luar Area Pantauan (>1000m dari Desa)
Matan Hilir Selatan,Sungai Besar,"Sabtu, 12 September 2026 13:18:00",NASA-NOAA20,Medium,110.23393,-1.85171,False,False,True,True,False,True,Di Luar Area Pantauan (>1000m dari Desa)
Sungai Melayu Rayak,Makmur Abadi,"Sabtu, 12 September 2026 13:18:00",NASA-NOAA20,Medium,110.37245,-1.69376,False,False,False,False,False,False,Di Luar Area Pantauan (>1000m dari Desa)
Sungai Melayu Rayak,Makmur Abadi,"Sabtu, 12 September 2026 13:18:00",NASA-NOAA20,Medium,110.24449,-1.77285,False,False,False,True,False,True,Di Luar Area Pantauan (>1000m dari Desa)
Sungai Melayu Rayak,Makmur Abadi,"Sabtu, 12 September 2026 13:18:00",NASA-NOAA20,Medium,110.24502,-1.77626,False,False,False,True,False,True,Di Luar Area Pantauan (>1000m dari Desa)
Muara Pawan,Mayak,"Sabtu, 12 September 2026 13:18:00",NASA-NOAA20,Medium,110.14245,-1.79185,False,False,False,False,False,False,Di Luar Area Pantauan (>1000m dari Desa)
Muara Pawan,Mayak,"Sabtu, 12 September 2026 13:18:00",NASA-NOAA20,Medium,110.18482,-1.75058,False,False,False,True,False,True,Di Luar Area Pantauan (>1000m dari Desa)
Muara Pawan,Mayak,"Sabtu, 12 September 2026 13:18:00",NASA-NOAA20,Medium,110.12218,-1.7567,False,False,False,True,False,True,Di Luar Area Pantauan (>1000m dari Desa)
Sungai Melayu Rayak,Makmur Abadi,"Sabtu, 12 September 2026 13:18:00",NASA-NOAA20,Medium,110.271,-1.69893,False,False,True,True,False,True,Di Luar Area Pantauan (>1000m dari Desa)
Muara Pawan,Mayak,"Sabtu, 12 September 2026 13:18:00",NASA-NOAA20,Medium,110.15041,-1.72104,False,False,False,True,False,True,Di Luar Area Pantauan (>1000m dari Desa)
Muara Pawan,Mayak,"Sabtu, 12 September 2026 13:18:00",NASA-NOAA20,Medium,110.16868,-1.71822,False,False,True,True,False,True,Di Luar Area Pantauan (>1000m dari Desa)
Matan Hilir Selatan,Sungai Nanjung,"Sabtu, 12 September 2026 13:18:00",NASA-NOAA20,Medium,110.20222,-2.1753,False,False,False,True,False,True,Di Luar Area Pantauan (>1000m dari Desa)
Matan Hilir Selatan,Sungai Nanjung,"Sabtu, 12 September 2026 13:18:00",NASA-NOAA20,Medium,110.11246,-2.19601,False,False,False,False,False,False,Di Luar Area Pantauan (>1000m dari Desa)
Matan Hilir Selatan,Sungai Nanjung,"Sabtu, 12 September 2026 13:18:00",NASA-NOAA20,Medium,110.25695,-2.16689,False,False,True,True,True,True,Di Luar Area Pantauan (>1000m dari Desa)
Matan Hilir Selatan,Sungai Nanjung,"Sabtu, 12 September 2026 13:18:00",NASA-NOAA20,Medium,110.24284,-2.17254,False,False,True,True,False,True,Di Luar Area Pantauan (>1000m dari Desa)
Muara Pawan,Tanjung Pura,"Sabtu, 12 September 2026 13:18:00",NASA-NOAA20,Medium,110.13219,-1.6995,False,False,True,True,False,True,Di Luar Area Pantauan (>1000m dari Desa)
Nanga Tayap,Betenung,"Sabtu, 12 September 2026 13:18:00",NASA-NOAA20,Medium,110.82448,-1.58459,False,False,False,False,False,False,Di Luar Area Pantauan (>1000m dari Desa)
Muara Pawan,Mayak,"Sabtu, 12 September 2026 13:18:00",NASA-NOAA20,Medium,110.13271,-1.7029,False,False,True,True,False,True,Di Luar Area Pantauan (>1000m dari Desa)
Nanga Tayap,Betenung,"Sabtu, 12 September 2026 13:18:00",NASA-NOAA20,Medium,110.84445,-1.58504,False,False,False,False,False,False,Di Luar Area Pantauan (>1000m dari Desa)
Muara Pawan,Ulak Medang,"Sabtu, 12 September 2026 13:18:00",NASA-NOAA20,Medium,110.24162,-1.67902,False,False,False,False,False,False,Di Luar Area Pantauan (>1000m dari Desa)
Kendawangan,Pangkalan Batu,"Sabtu, 12 September 2026 13:18:00",NASA-NOAA20,Medium,110.37704,-2.19038,False,False,False,False,False,False,Di Luar Area Pantauan (>1000m dari Desa)
Matan Hilir Selatan,Sungai Nanjung,"Sabtu, 12 September 2026 13:18:00",NASA-NOAA20,Medium,110.2397,-2.1765,False,False,True,True,False,True,Di Luar Area Pantauan (>1000m dari Desa)
Matan Hilir Selatan,Sungai Nanjung,"Sabtu, 12 September 2026 13:18:00",NASA-NOAA20,Medium,110.24023,-2.1799,False,False,True,True,False,True,Di Luar Area Pantauan (>1000m dari Desa)
Kendawangan,Pangkalan Batu,"Sabtu, 12 September 2026 13:18:00",NASA-NOAA20,Medium,110.39718,-2.14884,False,False,False,False,False,False,Di Luar Area Pantauan (>1000m dari Desa)
Matan Hilir Selatan,Sungai Nanjung,"Sabtu, 12 September 2026 13:18:00",NASA-NOAA20,Medium,110.26477,-2.16917,False,False,True,True,True,True,Di Luar Area Pantauan (>1000m dari Desa)
Matan Hilir Selatan,Pagar Mentimun,"Sabtu, 12 September 2026 13:18:00",NASA-NOAA20,Medium,110.15204,-2.2362,False,False,False,False,False,False,Di Luar Area Pantauan (>1000m dari Desa)
Kendawangan,Pangkalan Batu,"Sabtu, 12 September 2026 13:18:00",NASA-NOAA20,Medium,110.37756,-2.1938,False,False,False,False,False,False,Di Luar Area Pantauan (>1000m dari Desa)
Matan Hilir Selatan,Pagar Mentimun,"Sabtu, 12 September 2026 13:18:00",NASA-NOAA20,Medium,110.1899,-2.24074,False,False,False,False,False,False,Di Luar Area Pantauan (>1000m dari Desa)
Nanga Tayap,Sungai Kelik,"Sabtu, 12 September 2026 13:18:00",NASA-NOAA20,Medium,110.30848,-1.5741,False,False,True,True,False,True,Di Luar Area Pantauan (>1000m dari Desa)
Nanga Tayap,Lembah Hijau Satu,"Sabtu, 12 September 2026 13:18:00",NASA-NOAA20,Medium,110.48744,-1.57103,False,False,False,False,False,False,Di Luar Area Pantauan (>1000m dari Desa)
Nanga Tayap,Lembah Hijau Satu,"Sabtu, 12 September 2026 13:18:00",NASA-NOAA20,Medium,110.49014,-1.56356,False,False,False,False,False,False,Di Luar Area Pantauan (>1000m dari Desa)
Nanga Tayap,Sungai Kelik,"Sabtu, 12 September 2026 13:18:00",NASA-NOAA20,Medium,110.31537,-1.56953,False,False,True,True,False,True,Di Luar Area Pantauan (>1000m dari Desa)
Matan Hilir Utara,Sungai Putri,"Sabtu, 12 September 2026 13:18:00",NASA-NOAA20,Medium,110.08553,-1.61557,False,False,False,True,False,True,Di Luar Area Pantauan (>1000m dari Desa)
Nanga Tayap,Lembah Hijau Satu,"Sabtu, 12 September 2026 13:18:00",NASA-NOAA20,Medium,110.49442,-1.56643,False,False,False,False,False,False,Di Luar Area Pantauan (>1000m dari Desa)
Nanga Tayap,Sungai Kelik,"Sabtu, 12 September 2026 13:18:00",NASA-NOAA20,Medium,110.35088,-1.57805,False,False,False,False,False,False,Di Luar Area Pantauan (>1000m dari Desa)
Muara Pawan,Ulak Medang,"Sabtu, 12 September 2026 13:18:00",NASA-NOAA20,Medium,110.27746,-1.51923,False,False,True,True,False,True,Di Luar Area Pantauan (>1000m dari Desa)
Muara Pawan,Ulak Medang,"Sabtu, 12 September 2026 13:18:00",NASA-NOAA20,Medium,110.28436,-1.51467,False,False,False,False,False,False,Di Luar Area Pantauan (>1000m dari Desa)
Muara Pawan,Ulak Medang,"Sabtu, 12 September 2026 13:18:00",NASA-NOAA20,Medium,110.27376,-1.51979,False,False,True,True,False,True,Di Luar Area Pantauan (>1000m dari Desa)
Muara Pawan,Ulak Medang,"Sabtu, 12 September 2026 13:18:00",NASA-NOAA20,Medium,110.27007,-1.52036,False,False,True,True,False,True,Di Luar Area Pantauan (>1000m dari Desa)
Muara Pawan,Ulak Medang,"Sabtu, 12 September 2026 13:18:00",NASA-NOAA20,Medium,110.26637,-1.52093,False,False,True,True,False,True,Di Luar Area Pantauan (>1000m dari Desa)
Matan Hilir Utara,Kuala Tolak,"Sabtu, 12 September 2026 13:18:00",NASA-NOAA20,Medium,110.15514,-1.46434,False,False,True,True,False,True,Di Luar Area Pantauan (>1000m dari Desa)
Muara Pawan,Ulak Medang,"Sabtu, 12 September 2026 13:18:00",NASA-NOAA20,Medium,110.24687,-1.51692,False,False,True,True,False,True,Di Luar Area Pantauan (>1000m dari Desa)
Matan Hilir Utara,Tanjung Baik Budi,"Sabtu, 12 September 2026 13:18:00",NASA-NOAA20,Medium,110.188,-1.52595,False,False,True,True,False,True,Di Luar Area Pantauan (>1000m dari Desa)
Matan Hilir Utara,Lamon Satong,"Sabtu, 12 September 2026 13:18:00",NASA-NOAA20,Medium,110.19167,-1.52538,False,False,True,True,False,True,Di Luar Area Pantauan (>1000m dari Desa)
Nanga Tayap,Sepakat Jaya,"Sabtu, 12 September 2026 13:18:00",NASA-NOAA20,Medium,110.44977,-1.47522,False,False,True,False,True,True,Di Luar Area Pantauan (>1000m dari Desa)
Matan Hilir Utara,Tanjung Baik Budi,"Sabtu, 12 September 2026 13:18:00",NASA-NOAA20,Medium,110.11,-1.53094,False,False,True,True,False,True,Di Luar Area Pantauan (>1000m dari Desa)
Muara Pawan,Ulak Medang,"Sabtu, 12 September 2026 13:18:00",NASA-NOAA20,Medium,110.23059,-1.50893,False,False,True,True,False,True,Di Luar Area Pantauan (>1000m dari Desa)
Matan Hilir Utara,Kuala Tolak,"Sabtu, 12 September 2026 13:18:00",NASA-NOAA20,Medium,110.12939,-1.51055,False,False,False,False,False,False,Di Luar Area Pantauan (>1000m dari Desa)
Nanga Tayap,Simpang Tiga Sembelangaan,"Sabtu, 12 September 2026 13:18:00",NASA-NOAA20,Medium,110.38807,-1.47064,False,False,False,False,False,False,Di Luar Area Pantauan (>1000m dari Desa)
Matan Hilir Utara,Kuala Tolak,"Sabtu, 12 September 2026 13:18:00",NASA-NOAA20,Medium,110.12573,-1.51111,False,False,False,False,False,False,Di Luar Area Pantauan (>1000m dari Desa)
Matan Hilir Utara,Kuala Tolak,"Sabtu, 12 September 2026 13:18:00",NASA-NOAA20,Medium,110.1603,-1.49183,False,False,False,True,False,True,Di Luar Area Pantauan (>1000m dari Desa)
Matan Hilir Utara,Kuala Tolak,"Sabtu, 12 September 2026 13:18:00",NASA-NOAA20,Medium,110.12052,-1.50147,False,False,True,True,False,True,Di Luar Area Pantauan (>1000m dari Desa)
Matan Hilir Utara,Kuala Tolak,"Sabtu, 12 September 2026 13:18:00",NASA-NOAA20,Medium,110.12418,-1.5009,False,False,True,True,False,True,Di Luar Area Pantauan (>1000m dari Desa)
Sungai Melayu Rayak,Makmur Abadi,"Sabtu, 12 September 2026 13:18:00",NASA-NOAA20,Medium,110.30586,-1.67953,False,False,False,False,False,False,Di Luar Area Pantauan (>1000m dari Desa)
Matan Hilir Selatan,Sungai Besar,"Sabtu, 12 September 2026 13:18:00",NASA-NOAA20,Medium,110.19256,-1.87546,False,False,True,True,False,True,Di Luar Area Pantauan (>1000m dari Desa)
Matan Hilir Utara,Kuala Tolak,"Sabtu, 12 September 2026 13:18:00",NASA-NOAA20,Medium,110.15146,-1.4649,False,False,True,True,False,True,Di Luar Area Pantauan (>1000m dari Desa)
Matan Hilir Utara,Kuala Tolak,"Sabtu, 12 September 2026 13:18:00",NASA-NOAA20,Medium,110.10648,-1.46476,False,False,False,False,False,False,Di Luar Area Pantauan (>1000m dari Desa)
Matan Hilir Utara,Kuala Tolak,"Sabtu, 12 September 2026 13:18:00",NASA-NOAA20,Medium,110.16093,-1.453,False,False,True,True,False,True,Di Luar Area Pantauan (>1000m dari Desa)
Muara Pawan,Tanjung Pura,"Sabtu, 12 September 2026 13:18:00",NASA-NOAA20,Medium,110.15258,-1.68589,False,False,True,True,False,True,Di Luar Area Pantauan (>1000m dari Desa)
Muara Pawan,Tanjung Pura,"Sabtu, 12 September 2026 13:18:00",NASA-NOAA20,Medium,110.23374,-1.67675,False,False,False,True,False,True,Di Luar Area Pantauan (>1000m dari Desa)
Nanga Tayap,Sungai Kelik,"Sabtu, 12 September 2026 13:18:00",NASA-NOAA20,Medium,110.30566,-1.63057,False,False,False,True,False,True,Di Luar Area Pantauan (>1000m dari Desa)
Matan Hilir Utara,Kuala Tolak,"Sabtu, 12 September 2026 13:18:00",NASA-NOAA20,Medium,110.14529,-1.42399,False,False,False,True,False,True,Di Luar Area Pantauan (>1000m dari Desa)
Nanga Tayap,Simpang Tiga Sembelangaan,"Sabtu, 12 September 2026 13:18:00",NASA-NOAA20,Medium,110.3404,-1.39057,False,False,True,False,True,True,Di Luar Area Pantauan (>1000m dari Desa)
Matan Hilir Utara,Lamon Satong,"Sabtu, 12 September 2026 13:18:00",NASA-NOAA20,Medium,110.19621,-1.41269,False,False,False,True,False,True,Di Luar Area Pantauan (>1000m dari Desa)
Muara Pawan,Tempurukan,"Sabtu, 12 September 2026 13:18:00",NASA-NOAA20,Medium,110.06515,-1.69948,False,False,True,True,False,True,Di Luar Area Pantauan (>1000m dari Desa)
Muara Pawan,Tempurukan,"Sabtu, 12 September 2026 13:18:00",NASA-NOAA20,Medium,110.07397,-1.68684,False,False,False,False,False,False,Di Luar Area Pantauan (>1000m dari Desa)
Muara Pawan,Tempurukan,"Sabtu, 12 September 2026 13:18:00",NASA-NOAA20,Medium,110.0688,-1.67721,False,False,False,True,False,True,Di Luar Area Pantauan (>1000m dari Desa)
Muara Pawan,Tempurukan,"Sabtu, 12 September 2026 13:18:00",NASA-NOAA20,Medium,110.06459,-1.69868,False,False,True,True,False,True,Di Luar Area Pantauan (>1000m dari Desa)
Muara Pawan,Tanjung Pura,"Sabtu, 12 September 2026 13:18:00",NASA-NOAA20,Medium,110.14846,-1.68595,False,False,True,True,False,True,Di Luar Area Pantauan (>1000m dari Desa)
Nanga Tayap,Siantau Raya,"Sabtu, 12 September 2026 13:18:00",NASA-NOAA20,Medium,110.43795,-1.62441,False,False,False,False,False,False,Di Luar Area Pantauan (>1000m dari Desa)
Muara Pawan,Tempurukan,"Sabtu, 12 September 2026 13:18:00",NASA-NOAA20,Medium,110.07346,-1.68345,False,False,False,False,False,False,Di Luar Area Pantauan (>1000m dari Desa)
Muara Pawan,Tempurukan,"Sabtu, 12 September 2026 13:18:00",NASA-NOAA20,Medium,110.06931,-1.68061,False,False,False,False,False,False,Di Luar Area Pantauan (>1000m dari Desa)
Muara Pawan,Tempurukan,"Sabtu, 12 September 2026 13:18:00",NASA-NOAA20,Medium,110.06567,-1.68116,False,False,False,False,False,False,Di Luar Area Pantauan (>1000m dari Desa)
Muara Pawan,Tanjung Pura,"Sabtu, 12 September 2026 13:18:00",NASA-NOAA20,Medium,110.15211,-1.68539,False,False,True,True,False,True,Di Luar Area Pantauan (>1000m dari Desa)
Muara Pawan,Tanjung Pura,"Sabtu, 12 September 2026 13:18:00",NASA-NOAA20,Medium,110.14893,-1.68646,False,False,True,True,False,True,Di Luar Area Pantauan (>1000m dari Desa)
Muara Pawan,Tanjung Pura,"Sabtu, 12 September 2026 13:18:00",NASA-NOAA20,Medium,110.14161,-1.68759,False,False,True,True,False,True,Di Luar Area Pantauan (>1000m dari Desa)
Muara Pawan,Tempurukan,"Sabtu, 12 September 2026 13:18:00",NASA-NOAA20,Medium,110.0885,-1.68463,False,False,True,True,False,True,Di Luar Area Pantauan (>1000m dari Desa)
Matan Hilir Utara,Tanjung Baik Budi,"Sabtu, 12 September 2026 13:18:00",NASA-NOAA20,Medium,110.09067,-1.5513,False,False,True,True,False,True,Di Luar Area Pantauan (>1000m dari Desa)
Muara Pawan,Ulak Medang,"Sabtu, 12 September 2026 13:18:00",NASA-NOAA20,Medium,110.26215,-1.51807,False,False,True,True,False,True,Di Luar Area Pantauan (>1000m dari Desa)
Muara Pawan,Ulak Medang,"Sabtu, 12 September 2026 13:18:00",NASA-NOAA20,Medium,110.29457,-1.63227,False,False,True,True,False,True,Di Luar Area Pantauan (>1000m dari Desa)
Muara Pawan,Ulak Medang,"Sabtu, 12 September 2026 13:18:00",NASA-NOAA20,Medium,110.26871,-1.63623,False,False,False,True,False,True,Di Luar Area Pantauan (>1000m dari Desa)
Muara Pawan,Tempurukan,"Sabtu, 12 September 2026 13:18:00",NASA-NOAA20,Medium,110.09015,-1.64615,False,False,True,True,False,True,Di Luar Area Pantauan (>1000m dari Desa)
Nanga Tayap,Nanga Tayap,"Sabtu, 12 September 2026 13:18:00",NASA-NOAA20,Medium,110.63881,-1.49582,False,False,False,False,False,False,Di Luar Area Pantauan (>1000m dari Desa)
Nanga Tayap,Sungai Kelik,"Sabtu, 12 September 2026 13:18:00",NASA-NOAA20,Medium,110.30796,-1.57068,False,False,True,True,False,True,Di Luar Area Pantauan (>1000m dari Desa)
Hulu Sungai,Lubuk Kakap,"Sabtu, 12 September 2026 13:18:00",NASA-NOAA20,Medium,111.16864,-1.40442,False,False,True,False,False,True,Di Luar Area Pantauan (>1000m dari Desa)
Muara Pawan,Ulak Medang,"Sabtu, 12 September 2026 13:18:00",NASA-NOAA20,Medium,110.27428,-1.52322,False,False,True,True,False,True,Di Luar Area Pantauan (>1000m dari Desa)
Muara Pawan,Ulak Medang,"Sabtu, 12 September 2026 13:18:00",NASA-NOAA20,Medium,110.28167,-1.52209,False,False,True,True,False,True,Di Luar Area Pantauan (>1000m dari Desa)
Muara Pawan,Ulak Medang,"Sabtu, 12 September 2026 13:18:00",NASA-NOAA20,Medium,110.28117,-1.51866,False,False,True,True,False,True,Di Luar Area Pantauan (>1000m dari Desa)
Muara Pawan,Ulak Medang,"Sabtu, 12 September 2026 13:18:00",NASA-NOAA20,Medium,110.26267,-1.52149,False,False,True,True,False,True,Di Luar Area Pantauan (>1000m dari Desa)
Muara Pawan,Ulak Medang,"Sabtu, 12 September 2026 13:18:00",NASA-NOAA20,Medium,110.26585,-1.51751,False,False,True,True,False,True,Di Luar Area Pantauan (>1000m dari Desa)
Nanga Tayap,Lembah Hijau Satu,"Sabtu, 12 September 2026 13:18:00",NASA-NOAA20,Medium,110.49119,-1.57045,False,False,False,False,False,False,Di Luar Area Pantauan (>1000m dari Desa)
Muara Pawan,Ulak Medang,"Sabtu, 12 September 2026 13:18:00",NASA-NOAA20,Medium,110.25477,-1.51921,False,False,True,True,False,True,Di Luar Area Pantauan (>1000m dari Desa)
Muara Pawan,Ulak Medang,"Sabtu, 12 September 2026 13:18:00",NASA-NOAA20,Medium,110.24635,-1.5135,False,False,True,True,False,True,Di Luar Area Pantauan (>1000m dari Desa)
Muara Pawan,Ulak Medang,"Sabtu, 12 September 2026 13:18:00",NASA-NOAA20,Medium,110.25847,-1.51864,False,False,True,True,False,True,Di Luar Area Pantauan (>1000m dari Desa)
Muara Pawan,Ulak Medang,"Sabtu, 12 September 2026 13:18:00",NASA-NOAA20,Medium,110.27644,-1.51238,False,False,False,False,False,False,Di Luar Area Pantauan (>1000m dari Desa)
Matan Hilir Utara,Kuala Tolak,"Sabtu, 12 September 2026 13:18:00",NASA-NOAA20,Medium,110.16082,-1.49524,False,False,False,True,False,True,Di Luar Area Pantauan (>1000m dari Desa)
Matan Hilir Utara,Tanjung Baik Budi,"Sabtu, 12 September 2026 13:18:00",NASA-NOAA20,Medium,110.15865,-1.53045,False,False,True,True,False,True,Di Luar Area Pantauan (>1000m dari Desa)
Muara Pawan,Ulak Medang,"Sabtu, 12 September 2026 13:18:00",NASA-NOAA20,Medium,110.25108,-1.51977,False,False,True,True,False,True,Di Luar Area Pantauan (>1000m dari Desa)
Matan Hilir Utara,Tanjung Baik Budi,"Sabtu, 12 September 2026 13:18:00",NASA-NOAA20,Medium,110.18066,-1.52707,False,False,True,True,False,True,Di Luar Area Pantauan (>1000m dari Desa)
Matan Hilir Utara,Tanjung Baik Budi,"Sabtu, 12 September 2026 13:18:00",NASA-NOAA20,Medium,110.18851,-1.52936,False,False,True,True,False,True,Di Luar Area Pantauan (>1000m dari Desa)
Matan Hilir Utara,Tanjung Baik Budi,"Sabtu, 12 September 2026 13:18:00",NASA-NOAA20,Medium,110.11052,-1.53435,False,False,True,True,False,True,Di Luar Area Pantauan (>1000m dari Desa)
Muara Pawan,Ulak Medang,"Sabtu, 12 September 2026 13:18:00",NASA-NOAA20,Medium,110.23007,-1.50551,False,False,True,True,False,True,Di Luar Area Pantauan (>1000m dari Desa)
Muara Pawan,Ulak Medang,"Sabtu, 12 September 2026 13:18:00",NASA-NOAA20,Medium,110.22219,-1.50323,False,False,True,True,False,True,Di Luar Area Pantauan (>1000m dari Desa)
Matan Hilir Utara,Tanjung Baik Budi,"Sabtu, 12 September 2026 13:18:00",NASA-NOAA20,Medium,110.15813,-1.52704,False,False,False,True,False,True,Di Luar Area Pantauan (>1000m dari Desa)
Matan Hilir Utara,Tanjung Baik Budi,"Sabtu, 12 September 2026 13:18:00",NASA-NOAA20,Medium,110.15446,-1.5276,False,False,True,True,False,True,Di Luar Area Pantauan (>1000m dari Desa)
Matan Hilir Utara,Lamon Satong,"Sabtu, 12 September 2026 13:18:00",NASA-NOAA20,Medium,110.21218,-1.51176,False,False,True,True,False,True,Di Luar Area Pantauan (>1000m dari Desa)
Matan Hilir Utara,Tanjung Baik Budi,"Sabtu, 12 September 2026 13:18:00",NASA-NOAA20,Medium,110.12047,-1.52585,False,False,True,True,False,True,Di Luar Area Pantauan (>1000m dari Desa)
Matan Hilir Utara,Kuala Tolak,"Sabtu, 12 September 2026 13:18:00",NASA-NOAA20,Medium,110.11739,-1.50543,False,False,False,True,False,True,Di Luar Area Pantauan (>1000m dari Desa)
Matan Hilir Utara,Kuala Tolak,"Sabtu, 12 September 2026 13:18:00",NASA-NOAA20,Medium,110.12156,-1.50827,False,False,False,True,False,True,Di Luar Area Pantauan (>1000m dari Desa)
Matan Hilir Utara,Kuala Tolak,"Sabtu, 12 September 2026 13:18:00",NASA-NOAA20,Medium,110.12469,-1.5043,False,False,True,True,False,True,Di Luar Area Pantauan (>1000m dari Desa)
Matan Hilir Utara,Kuala Tolak,"Sabtu, 12 September 2026 13:18:00",NASA-NOAA20,Medium,110.12888,-1.50714,False,False,True,False,False,True,Di Luar Area Pantauan (>1000m dari Desa)
Matan Hilir Utara,Kuala Tolak,"Sabtu, 12 September 2026 13:18:00",NASA-NOAA20,Medium,110.12521,-1.50771,False,False,False,True,False,True,Di Luar Area Pantauan (>1000m dari Desa)
Matan Hilir Utara,Kuala Tolak,"Sabtu, 12 September 2026 13:18:00",NASA-NOAA20,Medium,110.16403,-1.46683,False,False,True,True,False,True,Di Luar Area Pantauan (>1000m dari Desa)
Nanga Tayap,Simpang Tiga Sembelangaan,"Sabtu, 12 September 2026 13:18:00",NASA-NOAA20,Medium,110.36364,-1.43576,False,False,True,False,True,True,Di Luar Area Pantauan (>1000m dari Desa)
Matan Hilir Utara,Lamon Satong,"Sabtu, 12 September 2026 13:18:00",NASA-NOAA20,Medium,110.23814,-1.4588,False,False,True,False,False,True,Di Luar Area Pantauan (>1000m dari Desa)
Nanga Tayap,Simpang Tiga Sembelangaan,"Sabtu, 12 September 2026 13:18:00",NASA-NOAA20,Medium,110.36737,-1.43518,False,False,True,False,True,True,Di Luar Area Pantauan (>1000m dari Desa)
Nanga Tayap,Pangkalan Teluk,"Sabtu, 12 September 2026 13:18:00",NASA-NOAA20,Medium,110.37269,-1.37506,False,False,False,False,True,True,Di Luar Area Pantauan (>1000m dari Desa)
Matan Hilir Selatan,Sungai Nanjung,"Sabtu, 12 September 2026 13:18:00",NASA-NOAA20,Medium,110.20848,-2.16738,False,False,False,True,False,True,Di Luar Area Pantauan (>1000m dari Desa)
Matan Hilir Selatan,Sungai Nanjung,"Sabtu, 12 September 2026 13:18:00",NASA-NOAA20,Medium,110.15707,-2.14752,False,False,False,True,False,True,Di Luar Area Pantauan (>1000m dari Desa)
Muara Pawan,Tanjung Pura,"Sabtu, 12 September 2026 13:18:00",NASA-NOAA20,Medium,110.22477,-1.69211,False,False,True,True,False,True,Di Luar Area Pantauan (>1000m dari Desa)
Kendawangan,Pangkalan Batu,"Sabtu, 12 September 2026 13:18:00",NASA-NOAA20,Medium,110.34397,-2.14653,False,False,False,False,False,False,Di Luar Area Pantauan (>1000m dari Desa)
Matan Hilir Selatan,Sungai Nanjung,"Sabtu, 12 September 2026 13:18:00",NASA-NOAA20,Medium,110.19858,-2.17586,False,False,False,False,False,False,Di Luar Area Pantauan (>1000m dari Desa)
Nanga Tayap,Mensubang,"Sabtu, 12 September 2026 13:18:00",NASA-NOAA20,Medium,110.42141,-1.34289,False,False,False,False,False,False,Di Luar Area Pantauan (>1000m dari Desa)
Nanga Tayap,Pangkalan Teluk,"Sabtu, 12 September 2026 13:18:00",NASA-NOAA20,Medium,110.29077,-1.36312,False,False,True,False,False,True,Di Luar Area Pantauan (>1000m dari Desa)
Nanga Tayap,Pangkalan Teluk,"Sabtu, 12 September 2026 13:18:00",NASA-NOAA20,Medium,110.29448,-1.36254,False,False,True,False,False,True,Di Luar Area Pantauan (>1000m dari Desa)
Sandai,Sandai,"Sabtu, 12 September 2026 13:18:00",NASA-NOAA20,Medium,110.53349,-1.26643,False,False,False,False,False,False,Di Luar Area Pantauan (>1000m dari Desa)
Sandai,Sandai,"Sabtu, 12 September 2026 13:18:00",NASA-NOAA20,Medium,110.5378,-1.26931,False,False,False,False,False,False,Di Luar Area Pantauan (>1000m dari Desa)
Simpang Hilir,Sungaimata-Mata,"Sabtu, 12 September 2026 13:18:00",NASA-NOAA20,Medium,110.03011,-0.98986,False,False,True,True,False,True,Di Luar Area Pantauan (>1000m dari Desa)
Simpang Hilir,Batu Barat,"Sabtu, 12 September 2026 13:18:00",NASA-NOAA20,Medium,110.0406,-0.98476,False,False,False,True,False,True,Di Luar Area Pantauan (>1000m dari Desa)
Sukadana,Sejahtera,"Sabtu, 12 September 2026 13:18:00",NASA-NOAA20,Medium,110.05819,-1.26948,False,False,True,True,True,True,Di Luar Area Pantauan (>1000m dari Desa)
Sukadana,Sejahtera,"Sabtu, 12 September 2026 13:18:00",NASA-NOAA20,Medium,110.06184,-1.26892,False,False,True,True,True,True,Di Luar Area Pantauan (>1000m dari Desa)
Sukadana,Sedahan Jaya,"Sabtu, 12 September 2026 13:18:00",NASA-NOAA20,Medium,110.04436,-1.18049,False,False,True,True,True,True,Di Luar Area Pantauan (>1000m dari Desa)
Sukadana,Sedahan Jaya,"Sabtu, 12 September 2026 13:18:00",NASA-NOAA20,Medium,110.02612,-1.1833,False,False,False,False,True,True,Di Luar Area Pantauan (>1000m dari Desa)
Hulu Sungai,Kenyabur,"Sabtu, 12 September 2026 13:18:00",NASA-NOAA20,Medium,111.01447,-1.03002,True,False,True,False,False,True,Prioritas 1 (Tinggi)
Marau,Belaban,"Sabtu, 12 September 2026 13:18:00",NASA-NOAA20,Medium,110.65791,-2.0321,False,False,False,False,False,False,Di Luar Area Pantauan (>1000m dari Desa)
Matan Hilir Selatan,Kemuning Biutak,"Sabtu, 12 September 2026 13:18:00",NASA-NOAA20,Medium,110.36084,-1.96525,False,False,False,False,False,False,Di Luar Area Pantauan (>1000m dari Desa)
Benua Kayong,Negeri Baru,"Sabtu, 12 September 2026 13:18:00",NASA-NOAA20,Medium,110.17487,-1.75907,False,False,False,False,False,False,Di Luar Area Pantauan (>1000m dari Desa)
Nanga Tayap,Batu Mas,"Sabtu, 12 September 2026 13:18:00",NASA-NOAA20,Medium,110.65212,-1.68958,False,False,False,False,False,False,Di Luar Area Pantauan (>1000m dari Desa)
Muara Pawan,Mayak,"Sabtu, 12 September 2026 13:18:00",NASA-NOAA20,Medium,110.13322,-1.7063,False,False,True,True,False,True,Di Luar Area Pantauan (>1000m dari Desa)
Muara Pawan,Mayak,"Sabtu, 12 September 2026 13:18:00",NASA-NOAA20,Medium,110.12228,-1.70799,False,False,True,True,False,True,Di Luar Area Pantauan (>1000m dari Desa)
Matan Hilir Selatan,Pesaguan Kanan,"Sabtu, 12 September 2026 13:18:00",NASA-NOAA20,Medium,110.33287,-2.02576,False,False,False,True,False,True,Di Luar Area Pantauan (>1000m dari Desa)
Simpang Hilir,Matan Jaya,"Sabtu, 12 September 2026 13:18:00",NASA-NOAA20,Medium,110.1615,-1.10965,False,False,False,False,True,True,Di Luar Area Pantauan (>1000m dari Desa)
Simpang Hilir,Penjalaan,"Sabtu, 12 September 2026 13:18:00",NASA-NOAA20,Medium,110.05214,-1.13331,False,False,True,True,False,True,Di Luar Area Pantauan (>1000m dari Desa)
Nanga Tayap,Pangkalan Teluk,"Sabtu, 12 September 2026 13:18:00",NASA-NOAA20,Medium,110.30659,-1.36769,False,False,True,False,True,True,Di Luar Area Pantauan (>1000m dari Desa)
Nanga Tayap,Pangkalan Teluk,"Sabtu, 12 September 2026 13:18:00",NASA-NOAA20,Medium,110.36738,-1.36533,False,False,False,False,True,True,Di Luar Area Pantauan (>1000m dari Desa)
Simpang Hilir,Matan Jaya,"Sabtu, 12 September 2026 13:18:00",NASA-NOAA20,Medium,110.16734,-1.09826,False,False,False,False,True,True,Di Luar Area Pantauan (>1000m dari Desa)
Matan Hilir Utara,Kuala Satong,"Sabtu, 12 September 2026 13:18:00",NASA-NOAA20,Medium,110.12856,-1.41261,False,False,False,True,False,True,Di Luar Area Pantauan (>1000m dari Desa)
Nanga Tayap,Pangkalan Teluk,"Sabtu, 12 September 2026 13:18:00",NASA-NOAA20,Medium,110.38707,-1.36933,False,False,True,False,True,True,Di Luar Area Pantauan (>1000m dari Desa)
Nanga Tayap,Pangkalan Teluk,"Sabtu, 12 September 2026 13:18:00",NASA-NOAA20,Medium,110.36796,-1.34413,False,False,False,False,True,True,Di Luar Area Pantauan (>1000m dari Desa)
Sandai,Sandai,"Sabtu, 12 September 2026 13:18:00",NASA-NOAA20,Medium,110.71079,-1.27499,False,False,False,False,False,False,Di Luar Area Pantauan (>1000m dari Desa)
Sukadana,Sejahtera,"Sabtu, 12 September 2026 13:18:00",NASA-NOAA20,Medium,110.11148,-1.27517,False,False,True,False,True,True,Di Luar Area Pantauan (>1000m dari Desa)
Sandai,Jago Bersatu,"Sabtu, 12 September 2026 13:18:00",NASA-NOAA20,Medium,110.4765,-1.22212,False,False,False,False,False,False,Di Luar Area Pantauan (>1000m dari Desa)
Sukadana,Sejahtera,"Sabtu, 12 September 2026 13:18:00",NASA-NOAA20,Medium,110.10466,-1.27971,False,False,True,True,True,True,Di Luar Area Pantauan (>1000m dari Desa)
Sukadana,Sejahtera,"Sabtu, 12 September 2026 13:18:00",NASA-NOAA20,Medium,110.05768,-1.26608,False,False,True,True,True,True,Di Luar Area Pantauan (>1000m dari Desa)
Sukadana,Pampang Harapan,"Sabtu, 12 September 2026 13:18:00",NASA-NOAA20,Medium,109.98669,-1.26931,False,False,False,False,True,True,Di Luar Area Pantauan (>1000m dari Desa)
Sukadana,Sejahtera,"Sabtu, 12 September 2026 13:18:00",NASA-NOAA20,Medium,110.05249,-1.25932,False,False,True,True,True,True,Di Luar Area Pantauan (>1000m dari Desa)
Sukadana,Sedahan Jaya,"Sabtu, 12 September 2026 13:18:00",NASA-NOAA20,Medium,110.06162,-1.17085,False,False,True,False,True,True,Di Luar Area Pantauan (>1000m dari Desa)
Sukadana,Sedahan Jaya,"Sabtu, 12 September 2026 13:18:00",NASA-NOAA20,Medium,110.02978,-1.18274,False,False,False,False,True,True,Di Luar Area Pantauan (>1000m dari Desa)
Sukadana,Sedahan Jaya,"Sabtu, 12 September 2026 13:18:00",NASA-NOAA20,Medium,110.04749,-1.17652,False,False,True,True,True,True,Di Luar Area Pantauan (>1000m dari Desa)
Sukadana,Sedahan Jaya,"Sabtu, 12 September 2026 13:18:00",NASA-NOAA20,Medium,110.04385,-1.17708,False,False,True,True,True,True,Di Luar Area Pantauan (>1000m dari Desa)
Pulau Maya,Dusun Besar,"Sabtu, 12 September 2026 13:18:00",NASA-NOAA20,Medium,109.43233,-1.25773,False,False,False,False,False,False,Di Luar Area Pantauan (>1000m dari Desa)
Simpang Hilir,Rantau Panjang,"Sabtu, 12 September 2026 13:18:00",NASA-NOAA20,Medium,110.04899,-1.13727,False,False,True,True,False,True,Di Luar Area Pantauan (>1000m dari Desa)
Simpang Hilir,Rantau Panjang,"Sabtu, 12 September 2026 13:18:00",NASA-NOAA20,Medium,110.04585,-1.14123,False,False,True,False,False,True,Di Luar Area Pantauan (>1000m dari Desa)
Simpang Hilir,Penjalaan,"Sabtu, 12 September 2026 13:18:00",NASA-NOAA20,Medium,110.05895,-1.12879,False,False,True,True,False,True,Di Luar Area Pantauan (>1000m dari Desa)
Simpang Hilir,Matan Jaya,"Sabtu, 12 September 2026 13:18:00",NASA-NOAA20,Medium,110.16314,-1.09541,False,False,False,False,True,True,Di Luar Area Pantauan (>1000m dari Desa)
Simpang Hilir,Batu Barat,"Sabtu, 12 September 2026 13:18:00",NASA-NOAA20,Medium,110.03767,-1.08675,False,False,False,False,False,False,Di Luar Area Pantauan (>1000m dari Desa)
Simpang Hilir,Penjalaan,"Sabtu, 12 September 2026 13:18:00",NASA-NOAA20,Medium,110.06109,-1.118,False,False,True,False,False,True,Di Luar Area Pantauan (>1000m dari Desa)
Simpang Hilir,Matan Jaya,"Sabtu, 12 September 2026 13:18:00",NASA-NOAA20,Medium,110.15308,-1.10394,False,False,False,False,True,True,Di Luar Area Pantauan (>1000m dari Desa)
Simpang Hilir,Matan Jaya,"Sabtu, 12 September 2026 13:18:00",NASA-NOAA20,Medium,110.13622,-1.09254,False,False,True,True,True,True,Di Luar Area Pantauan (>1000m dari Desa)
Simpang Hilir,Matan Jaya,"Sabtu, 12 September 2026 13:18:00",NASA-NOAA20,Medium,110.16366,-1.09883,False,False,False,False,True,True,Di Luar Area Pantauan (>1000m dari Desa)
Simpang Hilir,Matan Jaya,"Sabtu, 12 September 2026 13:18:00",NASA-NOAA20,Medium,110.11044,-1.09649,False,False,True,True,True,True,Di Luar Area Pantauan (>1000m dari Desa)
Simpang Hilir,Matan Jaya,"Sabtu, 12 September 2026 13:18:00",NASA-NOAA20,Medium,110.09472,-1.09192,False,False,True,False,True,True,Di Luar Area Pantauan (>1000m dari Desa)
Simpang Hilir,Matan Jaya,"Sabtu, 12 September 2026 13:18:00",NASA-NOAA20,Medium,110.17489,-1.0481,False,False,False,False,False,False,Di Luar Area Pantauan (>1000m dari Desa)
Simpang Hilir,Matan Jaya,"Sabtu, 12 September 2026 13:18:00",NASA-NOAA20,Medium,110.16852,-1.05608,False,False,False,False,False,False,Di Luar Area Pantauan (>1000m dari Desa)
Simpang Hilir,Matan Jaya,"Sabtu, 12 September 2026 13:18:00",NASA-NOAA20,Medium,110.09115,-1.06804,False,False,False,False,True,True,Di Luar Area Pantauan (>1000m dari Desa)
Matan Hilir Selatan,Pesaguan Kanan,"Sabtu, 12 September 2026 13:18:00",NASA-NOAA20,Medium,110.28874,-2.03257,False,False,True,False,False,True,Di Luar Area Pantauan (>1000m dari Desa)
Matan Hilir Selatan,Pesaguan Kanan,"Sabtu, 12 September 2026 13:18:00",NASA-NOAA20,Medium,110.34391,-2.02405,False,False,True,True,False,True,Di Luar Area Pantauan (>1000m dari Desa)
Tumbang Titi,Jungkal,"Sabtu, 12 September 2026 13:18:00",NASA-NOAA20,Medium,110.51044,-1.97018,False,False,False,False,False,False,Di Luar Area Pantauan (>1000m dari Desa)
Marau,Belaban,"Sabtu, 12 September 2026 13:18:00",NASA-NOAA20,Medium,110.65469,-2.03613,False,False,False,False,False,False,Di Luar Area Pantauan (>1000m dari Desa)
Matan Hilir Selatan,Pesaguan Kanan,"Sabtu, 12 September 2026 13:18:00",NASA-NOAA20,Medium,110.17696,-2.03591,False,False,False,True,False,True,Di Luar Area Pantauan (>1000m dari Desa)
Matan Hilir Selatan,Pesaguan Kanan,"Sabtu, 12 September 2026 13:18:00",NASA-NOAA20,Medium,110.32299,-1.98535,False,False,False,False,False,False,Di Luar Area Pantauan (>1000m dari Desa)
Matan Hilir Selatan,Pesaguan Kanan,"Sabtu, 12 September 2026 13:18:00",NASA-NOAA20,Medium,110.26622,-2.03256,False,False,True,True,False,True,Di Luar Area Pantauan (>1000m dari Desa)
Matan Hilir Selatan,Pesaguan Kanan,"Sabtu, 12 September 2026 13:18:00",NASA-NOAA20,Medium,110.19411,-2.05065,False,False,False,True,False,True,Di Luar Area Pantauan (>1000m dari Desa)
Simpang Hilir,Batu Barat,"Sabtu, 12 September 2026 13:18:00",NASA-NOAA20,Medium,110.03693,-0.98532,False,False,False,True,False,True,Di Luar Area Pantauan (>1000m dari Desa)
Matan Hilir Selatan,Pesaguan Kanan,"Sabtu, 12 September 2026 13:18:00",NASA-NOAA20,Medium,110.19576,-2.01213,False,False,False,True,False,True,Di Luar Area Pantauan (>1000m dari Desa)
Matan Hilir Selatan,Sungai Nanjung,"Sabtu, 12 September 2026 13:18:00",NASA-NOAA20,Medium,110.23517,-2.12151,False,False,False,True,False,True,Di Luar Area Pantauan (>1000m dari Desa)
Matan Hilir Selatan,Sungai Nanjung,"Sabtu, 12 September 2026 13:18:00",NASA-NOAA20,Medium,110.231,-2.11868,False,False,False,True,False,True,Di Luar Area Pantauan (>1000m dari Desa)
Matan Hilir Selatan,Sungai Nanjung,"Sabtu, 12 September 2026 13:18:00",NASA-NOAA20,Medium,110.20546,-2.12265,False,False,False,False,False,False,Di Luar Area Pantauan (>1000m dari Desa)
Kendawangan,Pangkalan Batu,"Sabtu, 12 September 2026 13:18:00",NASA-NOAA20,Medium,110.37727,-2.09244,False,False,False,False,False,False,Di Luar Area Pantauan (>1000m dari Desa)
Matan Hilir Selatan,Sungai Nanjung,"Sabtu, 12 September 2026 13:18:00",NASA-NOAA20,Medium,110.17786,-2.1157,False,False,False,False,False,False,Di Luar Area Pantauan (>1000m dari Desa)
Matan Hilir Selatan,Pesaguan Kanan,"Sabtu, 12 September 2026 13:18:00",NASA-NOAA20,Medium,110.19981,-2.06368,False,False,False,True,False,True,Di Luar Area Pantauan (>1000m dari Desa)
Tumbang Titi,Jungkal,"Sabtu, 12 September 2026 13:18:00",NASA-NOAA20,Medium,110.50671,-1.97076,False,False,False,False,False,False,Di Luar Area Pantauan (>1000m dari Desa)
Simpang Hilir,Lubuk Batu,"Sabtu, 12 September 2026 13:18:00",NASA-NOAA20,Medium,110.10104,-0.96149,False,False,False,False,False,False,Di Luar Area Pantauan (>1000m dari Desa)
Simpang Hilir,Batu Barat,"Sabtu, 12 September 2026 13:18:00",NASA-NOAA20,Medium,110.0296,-0.98645,False,False,True,True,False,True,Di Luar Area Pantauan (>1000m dari Desa)
Simpang Dua,Kampar Sebomban,"Sabtu, 12 September 2026 13:18:00",NASA-NOAA20,Medium,110.18398,-0.91364,False,False,False,False,False,False,Di Luar Area Pantauan (>1000m dari Desa)
Simpang Hilir,Lubuk Batu,"Sabtu, 12 September 2026 13:18:00",NASA-NOAA20,Medium,110.10361,-0.93282,False,False,False,False,False,False,Di Luar Area Pantauan (>1000m dari Desa)
Simpang Hilir,Lubuk Batu,"Sabtu, 12 September 2026 13:18:00",NASA-NOAA20,Medium,110.09992,-0.93338,False,False,False,False,False,False,Di Luar Area Pantauan (>1000m dari Desa)
Menukung,Belaban Ella,"Sabtu, 12 September 2026 13:18:00",NASA-NOAA20,Medium,112.22381,-0.55445,False,False,True,False,True,True,Di Luar Area Pantauan (>1000m dari Desa)
Simpang Hulu,Balai Pinang Hulu,"Sabtu, 12 September 2026 13:18:00",NASA-NOAA20,Medium,110.3379,-0.64147,False,False,True,False,False,True,Di Luar Area Pantauan (>1000m dari Desa)
Serawai,Tamakung,"Sabtu, 12 September 2026 13:18:00",NASA-NOAA20,Medium,112.58578,-0.24994,False,False,False,False,False,False,Di Luar Area Pantauan (>1000m dari Desa)
Nanga Mahap,Karang Betung,"Sabtu, 12 September 2026 13:18:00",NASA-NOAA20,Medium,110.91692,-0.51316,True,False,True,False,True,True,Prioritas 1 (Tinggi)
Pulau Maya,Dusun Besar,"Sabtu, 12 September 2026 13:18:00",NASA-NOAA20,Medium,109.48669,-1.12125,False,False,False,True,False,True,Di Luar Area Pantauan (>1000m dari Desa)
Simpang Hilir,Sungaimata-Mata,"Sabtu, 12 September 2026 13:18:00",NASA-NOAA20,Medium,109.95742,-1.05316,False,False,True,True,False,True,Di Luar Area Pantauan (>1000m dari Desa)
Simpang Hilir,Sungaimata-Mata,"Sabtu, 12 September 2026 13:18:00",NASA-NOAA20,Medium,109.96107,-1.05261,False,False,False,True,False,True,Di Luar Area Pantauan (>1000m dari Desa)
Simpang Hilir,Matan Jaya,"Sabtu, 12 September 2026 13:18:00",NASA-NOAA20,Medium,110.12589,-1.04869,False,False,False,False,False,False,Di Luar Area Pantauan (>1000m dari Desa)
Pulau Maya,Dusun Besar,"Sabtu, 12 September 2026 13:18:00",NASA-NOAA20,Medium,109.4968,-1.11629,False,False,True,True,False,True,Di Luar Area Pantauan (>1000m dari Desa)
Simpang Hilir,Sungaimata-Mata,"Sabtu, 12 September 2026 13:18:00",NASA-NOAA20,Medium,109.95691,-1.04977,False,False,False,True,False,True,Di Luar Area Pantauan (>1000m dari Desa)
Simpang Hilir,Lubuk Batu,"Sabtu, 12 September 2026 13:18:00",NASA-NOAA20,Medium,110.09795,-0.941,False,False,False,False,False,False,Di Luar Area Pantauan (>1000m dari Desa)
Hulu Sungai,Krio Hulu,"Sabtu, 12 September 2026 13:18:00",NASA-NOAA20,Medium,110.85431,-0.87743,False,False,False,False,False,False,Di Luar Area Pantauan (>1000m dari Desa)
Simpang Hilir,Lubuk Batu,"Sabtu, 12 September 2026 13:18:00",NASA-NOAA20,Medium,110.09632,-0.95523,False,False,False,False,False,False,Di Luar Area Pantauan (>1000m dari Desa)
Simpang Hilir,Lubuk Batu,"Sabtu, 12 September 2026 13:18:00",NASA-NOAA20,Medium,110.10059,-0.93359,False,False,False,False,False,False,Di Luar Area Pantauan (>1000m dari Desa)
Simpang Dua,Kampar Sebomban,"Sabtu, 12 September 2026 13:18:00",NASA-NOAA20,Medium,110.17976,-0.91078,False,False,False,False,False,False,Di Luar Area Pantauan (>1000m dari Desa)
Sungai Laur,Sepotong,"Sabtu, 12 September 2026 13:18:00",NASA-NOAA20,Medium,110.5109,-0.83569,False,False,False,False,False,False,Di Luar Area Pantauan (>1000m dari Desa)
Batu Ampar,Batu Ampar,"Sabtu, 12 September 2026 13:18:00",NASA-NOAA20,Medium,109.67187,-0.92926,False,False,True,False,False,True,Di Luar Area Pantauan (>1000m dari Desa)
Simpang Dua,Kampar Sebomban,"Sabtu, 12 September 2026 13:18:00",NASA-NOAA20,Medium,110.23396,-0.89202,False,False,True,False,False,True,Di Luar Area Pantauan (>1000m dari Desa)
Simpang Dua,Kampar Sebomban,"Sabtu, 12 September 2026 13:18:00",NASA-NOAA20,Medium,110.18346,-0.91022,False,False,False,False,False,False,Di Luar Area Pantauan (>1000m dari Desa)
Simpang Dua,Kampar Sebomban,"Sabtu, 12 September 2026 13:18:00",NASA-NOAA20,Medium,110.16631,-0.82169,False,False,True,False,False,True,Di Luar Area Pantauan (>1000m dari Desa)
Simpang Dua,Kampar Sebomban,"Sabtu, 12 September 2026 13:18:00",NASA-NOAA20,Medium,110.1594,-0.82627,False,False,True,True,False,True,Di Luar Area Pantauan (>1000m dari Desa)
Simpang Dua,Semandang Kanan,"Sabtu, 12 September 2026 13:18:00",NASA-NOAA20,Medium,110.40208,-0.78509,False,False,False,False,False,False,Di Luar Area Pantauan (>1000m dari Desa)
Batu Ampar,Tanjungharapan,"Sabtu, 12 September 2026 13:18:00",NASA-NOAA20,Medium,109.52573,-0.86035,True,False,False,True,True,True,Prioritas 1 (Tinggi)
Simpang Dua,Semandang Kanan,"Sabtu, 12 September 2026 13:18:00",NASA-NOAA20,Medium,110.33539,-0.77874,False,False,False,False,False,False,Di Luar Area Pantauan (>1000m dari Desa)
Hulu Sungai,Sunge Bengaras,"Sabtu, 12 September 2026 13:18:00",NASA-NOAA20,Medium,110.78091,-0.71122,False,False,False,False,False,False,Di Luar Area Pantauan (>1000m dari Desa)
Batu Ampar,Muara Tiga,"Sabtu, 12 September 2026 13:18:00",NASA-NOAA20,Medium,109.83401,-0.80971,False,False,False,True,False,True,Di Luar Area Pantauan (>1000m dari Desa)
Simpang Dua,Semandang Kanan,"Sabtu, 12 September 2026 13:18:00",NASA-NOAA20,Medium,110.3092,-0.75803,False,False,False,False,False,False,Di Luar Area Pantauan (>1000m dari Desa)
Nanga Mahap,Karang Betung,"Sabtu, 12 September 2026 13:18:00",NASA-NOAA20,Medium,110.896,-0.64313,True,False,False,False,False,False,Prioritas 2 (Sedang)
Nanga Mahap,Karang Betung,"Sabtu, 12 September 2026 13:18:00",NASA-NOAA20,Medium,110.89654,-0.64667,True,False,False,False,False,False,Prioritas 2 (Sedang)
Batu Ampar,Tanjungharapan,"Sabtu, 12 September 2026 13:18:00",NASA-NOAA20,Medium,109.52981,-0.8391,True,False,True,True,True,True,Prioritas 1 (Tinggi)
Batu Ampar,Teluknibung,"Sabtu, 12 September 2026 13:18:00",NASA-NOAA20,Medium,109.52117,-0.83012,False,True,True,True,True,True,Prioritas 3 (Rendah)
Simpang Hulu,Semandang Kiri,"Sabtu, 12 September 2026 13:18:00",NASA-NOAA20,Medium,110.42891,-0.62758,False,False,False,False,False,False,Di Luar Area Pantauan (>1000m dari Desa)
Ella Hilir,Lengkong Nyadom,"Sabtu, 12 September 2026 13:18:00",NASA-NOAA20,Medium,112.01984,-0.38063,False,False,False,False,False,False,Di Luar Area Pantauan (>1000m dari Desa)
Batu Ampar,Batu Ampar,"Sabtu, 12 September 2026 13:18:00",NASA-NOAA20,Medium,109.55423,-0.78516,False,False,False,True,True,True,Di Luar Area Pantauan (>1000m dari Desa)
Simpang Hulu,Semandang Hulu,"Sabtu, 12 September 2026 13:18:00",NASA-NOAA20,Medium,110.47534,-0.59916,False,False,False,False,False,False,Di Luar Area Pantauan (>1000m dari Desa)
Matan Hilir Selatan,Sungai Pelang,"Sabtu, 12 September 2026 13:18:00",NASA-NOAA20,Medium,110.16332,-1.87993,False,False,True,True,False,True,Di Luar Area Pantauan (>1000m dari Desa)
Matan Hilir Selatan,Sungai Besar,"Sabtu, 12 September 2026 13:18:00",NASA-NOAA20,Medium,110.26113,-1.88244,False,False,True,False,False,True,Di Luar Area Pantauan (>1000m dari Desa)
Matan Hilir Selatan,Sungai Besar,"Sabtu, 12 September 2026 13:18:00",NASA-NOAA20,Medium,110.1753,-1.88506,False,False,True,True,False,True,Di Luar Area Pantauan (>1000m dari Desa)
Matan Hilir Selatan,Sungai Besar,"Sabtu, 12 September 2026 13:18:00",NASA-NOAA20,Medium,110.18787,-1.86922,False,False,True,True,False,True,Di Luar Area Pantauan (>1000m dari Desa)
Matan Hilir Selatan,Sungai Besar,"Sabtu, 12 September 2026 13:18:00",NASA-NOAA20,Medium,110.17005,-1.89977,False,False,True,True,False,True,Di Luar Area Pantauan (>1000m dari Desa)
Matan Hilir Selatan,Sungai Besar,"Sabtu, 12 September 2026 13:18:00",NASA-NOAA20,Medium,110.2014,-1.88456,False,False,True,True,False,True,Di Luar Area Pantauan (>1000m dari Desa)
Matan Hilir Selatan,Sungai Besar,"Sabtu, 12 September 2026 13:18:00",NASA-NOAA20,Medium,110.17895,-1.8845,False,False,True,True,False,True,Di Luar Area Pantauan (>1000m dari Desa)
Matan Hilir Selatan,Sungai Besar,"Sabtu, 12 September 2026 13:18:00",NASA-NOAA20,Medium,110.26488,-1.85744,False,False,True,True,False,True,Di Luar Area Pantauan (>1000m dari Desa)
Matan Hilir Selatan,Sungai Pelang,"Sabtu, 12 September 2026 13:18:00",NASA-NOAA20,Medium,110.22453,-1.83921,False,False,True,True,False,True,Di Luar Area Pantauan (>1000m dari Desa)
Matan Hilir Selatan,Sungai Besar,"Sabtu, 12 September 2026 13:18:00",NASA-NOAA20,Medium,110.18261,-1.88394,False,False,True,True,False,True,Di Luar Area Pantauan (>1000m dari Desa)
Matan Hilir Selatan,Sungai Besar,"Sabtu, 12 September 2026 13:18:00",NASA-NOAA20,Medium,110.19672,-1.87831,False,False,True,True,False,True,Di Luar Area Pantauan (>1000m dari Desa)
Matan Hilir Selatan,Sungai Besar,"Sabtu, 12 September 2026 13:18:00",NASA-NOAA20,Medium,110.18576,-1.87998,False,False,True,True,False,True,Di Luar Area Pantauan (>1000m dari Desa)
Matan Hilir Selatan,Sungai Pelang,"Sabtu, 12 September 2026 13:18:00",NASA-NOAA20,Medium,110.16647,-1.87597,False,False,True,True,False,True,Di Luar Area Pantauan (>1000m dari Desa)
Matan Hilir Selatan,Sungai Besar,"Sabtu, 12 September 2026 13:18:00",NASA-NOAA20,Medium,110.17215,-1.88901,False,False,True,True,False,True,Di Luar Area Pantauan (>1000m dari Desa)
Matan Hilir Selatan,Sungai Besar,"Sabtu, 12 September 2026 13:18:00",NASA-NOAA20,Medium,110.21186,-1.87948,False,False,True,True,False,True,Di Luar Area Pantauan (>1000m dari Desa)
Matan Hilir Selatan,Sungai Besar,"Sabtu, 12 September 2026 13:18:00",NASA-NOAA20,Medium,110.18626,-1.88339,False,False,True,True,False,True,Di Luar Area Pantauan (>1000m dari Desa)
Matan Hilir Selatan,Sungai Besar,"Sabtu, 12 September 2026 13:18:00",NASA-NOAA20,Medium,110.17165,-1.88561,False,False,True,True,False,True,Di Luar Area Pantauan (>1000m dari Desa)
Matan Hilir Selatan,Sungai Besar,"Sabtu, 12 September 2026 13:18:00",NASA-NOAA20,Medium,110.16799,-1.88617,False,False,True,True,False,True,Di Luar Area Pantauan (>1000m dari Desa)
Matan Hilir Selatan,Sungai Besar,"Sabtu, 12 September 2026 13:18:00",NASA-NOAA20,Medium,110.17684,-1.89526,False,False,True,True,False,True,Di Luar Area Pantauan (>1000m dari Desa)
Matan Hilir Selatan,Sungai Besar,"Sabtu, 12 September 2026 13:18:00",NASA-NOAA20,Medium,110.17946,-1.8879,False,False,True,True,False,True,Di Luar Area Pantauan (>1000m dari Desa)
Matan Hilir Selatan,Sungai Pelang,"Sabtu, 12 September 2026 13:18:00",NASA-NOAA20,Medium,110.23657,-1.84433,False,False,True,True,False,True,Di Luar Area Pantauan (>1000m dari Desa)
Simpang Hulu,Sekucing Labai,"Sabtu, 12 September 2026 13:18:00",NASA-NOAA20,Medium,110.1179,-0.48249,False,False,False,False,False,False,Di Luar Area Pantauan (>1000m dari Desa)
Serawai,Limbur Bernaung Lestari,"Sabtu, 12 September 2026 13:18:00",NASA-NOAA20,Medium,112.58245,-0.15018,False,False,False,False,True,True,Di Luar Area Pantauan (>1000m dari Desa)
Sepauk,Sekubang,"Sabtu, 12 September 2026 13:18:00",NASA-NOAA20,Medium,111.1041,-0.26344,False,False,False,False,False,False,Di Luar Area Pantauan (>1000m dari Desa)
Kayan Hulu,Buluh Merindu,"Sabtu, 12 September 2026 13:18:00",NASA-NOAA20,Medium,112.13169,-0.03457,False,False,False,False,False,False,Di Luar Area Pantauan (>1000m dari Desa)
Silat Hulu,Nanga Ngeri,"Sabtu, 12 September 2026 13:18:00",NASA-NOAA20,Medium,112.08248,0.15906,False,False,False,False,False,False,Di Luar Area Pantauan (>1000m dari Desa)
Tempunak,Balai Harapan,"Sabtu, 12 September 2026 13:18:00",NASA-NOAA20,Medium,111.37155,0.01749,False,False,False,False,False,False,Di Luar Area Pantauan (>1000m dari Desa)
Nanga Tayap,Siantau Raya,"Sabtu, 12 September 2026 13:18:00",NASA-NOAA20,Medium,110.43526,-1.68055,False,False,False,False,False,False,Di Luar Area Pantauan (>1000m dari Desa)
Sungai Melayu Rayak,Makmur Abadi,"Sabtu, 12 September 2026 13:18:00",NASA-NOAA20,Medium,110.26833,-1.70633,False,False,True,True,False,True,Di Luar Area Pantauan (>1000m dari Desa)
Muara Pawan,Mayak,"Sabtu, 12 September 2026 13:18:00",NASA-NOAA20,Medium,110.16239,-1.72616,False,False,True,True,False,True,Di Luar Area Pantauan (>1000m dari Desa)
Sungai Melayu Rayak,Makmur Abadi,"Sabtu, 12 September 2026 13:18:00",NASA-NOAA20,Medium,110.26884,-1.70975,False,False,True,True,False,True,Di Luar Area Pantauan (>1000m dari Desa)
Nanga Tayap,Simpang Tiga Sembelangaan,"Sabtu, 12 September 2026 13:18:00",NASA-NOAA20,Medium,110.36654,-1.43576,False,False,True,False,True,True,Di Luar Area Pantauan (>1000m dari Desa)
Matan Hilir Utara,Kuala Tolak,"Sabtu, 12 September 2026 13:18:00",NASA-NOAA20,Medium,110.14478,-1.42058,False,False,False,True,False,True,Di Luar Area Pantauan (>1000m dari Desa)
Sekadau Hilir,Landau Kodah,"Sabtu, 12 September 2026 13:18:00",NASA-NOAA20,Medium,110.92136,0.10955,False,False,False,False,False,False,Di Luar Area Pantauan (>1000m dari Desa)
Ketungau Hilir,Setungkup,"Sabtu, 12 September 2026 13:18:00",NASA-NOAA20,Medium,111.46999,0.4329,False,False,False,False,False,False,Di Luar Area Pantauan (>1000m dari Desa)
Ketungau Hilir,Setungkup,"Sabtu, 12 September 2026 13:18:00",NASA-NOAA20,Medium,111.47045,0.42919,False,False,False,False,False,False,Di Luar Area Pantauan (>1000m dari Desa)
Simpang Hulu,Kualan Hilir,"Sabtu, 12 September 2026 13:18:00",NASA-NOAA20,Medium,110.16947,-0.61802,False,False,True,False,False,True,Di Luar Area Pantauan (>1000m dari Desa)
Kayan Hulu,Nanga Laar,"Sabtu, 12 September 2026 13:18:00",NASA-NOAA20,Medium,112.25416,-0.01975,False,False,True,False,False,True,Di Luar Area Pantauan (>1000m dari Desa)
Kayan Hulu,Nanga Laar,"Sabtu, 12 September 2026 13:18:00",NASA-NOAA20,Medium,112.24953,-0.02046,False,False,False,False,False,False,Di Luar Area Pantauan (>1000m dari Desa)
Sekadau Hulu,Sunsong,"Sabtu, 12 September 2026 13:18:00",NASA-NOAA20,Medium,111.03702,-0.31772,False,False,False,False,False,False,Di Luar Area Pantauan (>1000m dari Desa)
Kayan Hulu,Nanga Abai,"Sabtu, 12 September 2026 13:18:00",NASA-NOAA20,Medium,112.28817,-0.05987,False,False,False,False,False,False,Di Luar Area Pantauan (>1000m dari Desa)
Simpang Hulu,Sekucing Labai,"Sabtu, 12 September 2026 13:18:00",NASA-NOAA20,Medium,110.10995,-0.48019,False,False,False,False,False,False,Di Luar Area Pantauan (>1000m dari Desa)
Simpang Hulu,Sekucing Labai,"Sabtu, 12 September 2026 13:18:00",NASA-NOAA20,Medium,110.10944,-0.47676,False,False,False,False,False,False,Di Luar Area Pantauan (>1000m dari Desa)
Kayan Hulu,Nanga Laar,"Sabtu, 12 September 2026 13:18:00",NASA-NOAA20,Medium,112.27385,-0.02067,False,False,False,False,False,False,Di Luar Area Pantauan (>1000m dari Desa)
Kubu,Seruat Dua,"Sabtu, 12 September 2026 13:18:00",NASA-NOAA20,Medium,109.21935,-0.45223,True,False,False,True,False,True,Prioritas 1 (Tinggi)
Kayan Hulu,Kerapuk Jaya,"Sabtu, 12 September 2026 13:18:00",NASA-NOAA20,Medium,112.22251,-0.03243,False,False,False,False,False,False,Di Luar Area Pantauan (>1000m dari Desa)
Kayan Hulu,Nangkak Lestari,"Sabtu, 12 September 2026 13:18:00",NASA-NOAA20,Medium,112.16996,-0.03653,False,False,False,False,False,False,Di Luar Area Pantauan (>1000m dari Desa)
Kayan Hulu,Nanga Laar,"Sabtu, 12 September 2026 13:18:00",NASA-NOAA20,Medium,112.27872,-0.01993,False,False,False,False,False,False,Di Luar Area Pantauan (>1000m dari Desa)
Meliau,Kuala Rosan,"Sabtu, 12 September 2026 13:18:00",NASA-NOAA20,Medium,110.48922,-0.22505,False,False,False,False,False,False,Di Luar Area Pantauan (>1000m dari Desa)
Kayan Hulu,Riam Panjang,"Sabtu, 12 September 2026 13:18:00",NASA-NOAA20,Medium,112.1715,0.03304,False,False,False,False,False,False,Di Luar Area Pantauan (>1000m dari Desa)
Sungai Raya,Muara Baru,"Sabtu, 12 September 2026 13:18:00",NASA-NOAA20,Medium,109.71594,-0.30899,False,False,False,True,False,True,Di Luar Area Pantauan (>1000m dari Desa)
Sungai Raya,Kalibandung,"Sabtu, 12 September 2026 13:18:00",NASA-NOAA20,Medium,109.62666,-0.30529,False,False,False,True,False,True,Di Luar Area Pantauan (>1000m dari Desa)
Sepauk,Sirang Setambang,"Sabtu, 12 September 2026 13:18:00",NASA-NOAA20,Medium,111.19826,-0.06509,False,False,False,False,False,False,Di Luar Area Pantauan (>1000m dari Desa)
Sungai Raya,Kalibandung,"Sabtu, 12 September 2026 13:18:00",NASA-NOAA20,Medium,109.71233,-0.30954,False,False,False,True,False,True,Di Luar Area Pantauan (>1000m dari Desa)
Tempunak,Balai Harapan,"Sabtu, 12 September 2026 13:18:00",NASA-NOAA20,Medium,111.37089,0.01733,False,False,False,False,False,False,Di Luar Area Pantauan (>1000m dari Desa)
Silat Hilir,Rumbih,"Sabtu, 12 September 2026 13:18:00",NASA-NOAA20,Medium,111.95163,0.17785,False,False,True,False,False,True,Di Luar Area Pantauan (>1000m dari Desa)
Sekadau Hilir,Sungai Kunyit,"Sabtu, 12 September 2026 13:18:00",NASA-NOAA20,Medium,110.76453,0.02771,False,False,False,False,False,False,Di Luar Area Pantauan (>1000m dari Desa)
Sungai Ambawang,Teluk Bakung,"Sabtu, 12 September 2026 13:18:00",NASA-NOAA20,Medium,109.66265,-0.13113,False,False,True,True,False,True,Di Luar Area Pantauan (>1000m dari Desa)
Silat Hulu,Nanga Lungu,"Sabtu, 12 September 2026 13:18:00",NASA-NOAA20,Medium,112.16409,0.19103,False,False,False,False,False,False,Di Luar Area Pantauan (>1000m dari Desa)
Kapuas,Kelurahan Sungai Sengkuang,"Sabtu, 12 September 2026 13:18:00",NASA-NOAA20,Medium,110.60741,0.18446,False,False,False,False,False,False,Di Luar Area Pantauan (>1000m dari Desa)
Belitang Hulu,Kumpang Ilong,"Sabtu, 12 September 2026 13:18:00",NASA-NOAA20,Medium,111.11994,0.41608,False,False,False,False,False,False,Di Luar Area Pantauan (>1000m dari Desa)
Seberuang,Bati,"Sabtu, 12 September 2026 13:18:00",NASA-NOAA20,Medium,112.04021,0.36543,False,False,False,False,False,False,Di Luar Area Pantauan (>1000m dari Desa)
Belitang Hilir,Menawai Tekam,"Sabtu, 12 September 2026 13:18:00",NASA-NOAA20,Medium,111.00837,0.24962,False,False,False,False,False,False,Di Luar Area Pantauan (>1000m dari Desa)
Belitang Hilir,Empajak,"Sabtu, 12 September 2026 13:18:00",NASA-NOAA20,Medium,111.07012,0.20383,False,False,False,False,False,False,Di Luar Area Pantauan (>1000m dari Desa)
Belitang Hilir,Menawai Tekam,"Sabtu, 12 September 2026 13:18:00",NASA-NOAA20,Medium,110.98363,0.27519,False,False,False,False,False,False,Di Luar Area Pantauan (>1000m dari Desa)
Bonti,Bahta,"Sabtu, 12 September 2026 13:18:00",NASA-NOAA20,Medium,110.61316,0.33726,False,False,False,False,False,False,Di Luar Area Pantauan (>1000m dari Desa)
Bonti,Bahta,"Sabtu, 12 September 2026 13:18:00",NASA-NOAA20,Medium,110.60915,0.33663,False,False,False,False,False,False,Di Luar Area Pantauan (>1000m dari Desa)
Bonti,Bahta,"Sabtu, 12 September 2026 13:18:00",NASA-NOAA20,Medium,110.60921,0.33684,False,False,False,False,False,False,Di Luar Area Pantauan (>1000m dari Desa)
Kalis,Nanga Raun,"Sabtu, 12 September 2026 13:18:00",NASA-NOAA20,Medium,113.118,0.72372,False,False,True,False,False,True,Di Luar Area Pantauan (>1000m dari Desa)
Kalis,Tapang Da'an,"Sabtu, 12 September 2026 13:18:00",NASA-NOAA20,Medium,113.06567,0.72427,False,False,False,False,False,False,Di Luar Area Pantauan (>1000m dari Desa)
Kalis,Tapang Da'an,"Sabtu, 12 September 2026 13:18:00",NASA-NOAA20,Medium,113.06999,0.72073,False,False,True,False,False,True,Di Luar Area Pantauan (>1000m dari Desa)
Sungai Melayu Rayak,Makmur Abadi,"Sabtu, 12 September 2026 13:18:00",NASA-NOAA20,Medium,110.26515,-1.71032,False,False,True,True,False,True,Di Luar Area Pantauan (>1000m dari Desa)
Muara Pawan,Mayak,"Sabtu, 12 September 2026 13:18:00",NASA-NOAA20,Medium,110.15977,-1.73353,False,False,True,True,False,True,Di Luar Area Pantauan (>1000m dari Desa)
Muara Pawan,Mayak,"Sabtu, 12 September 2026 13:18:00",NASA-NOAA20,Medium,110.16187,-1.72276,False,False,False,True,False,True,Di Luar Area Pantauan (>1000m dari Desa)
Muara Pawan,Mayak,"Sabtu, 12 September 2026 13:18:00",NASA-NOAA20,Medium,110.11855,-1.75725,False,False,False,True,False,True,Di Luar Area Pantauan (>1000m dari Desa)
Sungai Melayu Rayak,Makmur Abadi,"Sabtu, 12 September 2026 13:18:00",NASA-NOAA20,Medium,110.23096,-1.73304,False,False,True,True,False,True,Di Luar Area Pantauan (>1000m dari Desa)
Sungai Melayu Rayak,Makmur Abadi,"Sabtu, 12 September 2026 13:18:00",NASA-NOAA20,Medium,110.26568,-1.71373,False,False,True,True,False,True,Di Luar Area Pantauan (>1000m dari Desa)
Muara Pawan,Mayak,"Sabtu, 12 September 2026 13:18:00",NASA-NOAA20,Medium,110.11861,-1.73291,False,False,False,True,False,True,Di Luar Area Pantauan (>1000m dari Desa)
Sungai Melayu Rayak,Makmur Abadi,"Sabtu, 12 September 2026 13:18:00",NASA-NOAA20,Medium,110.27201,-1.70576,False,False,True,True,False,True,Di Luar Area Pantauan (>1000m dari Desa)
Sungai Melayu Rayak,Makmur Abadi,"Sabtu, 12 September 2026 13:18:00",NASA-NOAA20,Medium,110.25309,-1.70519,False,False,False,True,False,True,Di Luar Area Pantauan (>1000m dari Desa)
Muara Pawan,Mayak,"Sabtu, 12 September 2026 13:18:00",NASA-NOAA20,Medium,110.12167,-1.7533,False,False,False,True,False,True,Di Luar Area Pantauan (>1000m dari Desa)
Muara Pawan,Mayak,"Sabtu, 12 September 2026 13:18:00",NASA-NOAA20,Medium,110.11803,-1.75386,False,False,False,True,False,True,Di Luar Area Pantauan (>1000m dari Desa)
Muara Pawan,Mayak,"Sabtu, 12 September 2026 13:18:00",NASA-NOAA20,Medium,110.1692,-1.72163,False,False,False,True,False,True,Di Luar Area Pantauan (>1000m dari Desa)
Sungai Melayu Rayak,Makmur Abadi,"Sabtu, 12 September 2026 13:18:00",NASA-NOAA20,Medium,110.25677,-1.70462,False,False,True,True,False,True,Di Luar Area Pantauan (>1000m dari Desa)
Matan Hilir Utara,Kuala Tolak,"Sabtu, 12 September 2026 13:18:00",NASA-NOAA20,Medium,110.16299,-1.46664,False,False,True,True,False,True,Di Luar Area Pantauan (>1000m dari Desa)
Muara Pawan,Mayak,"Sabtu, 12 September 2026 13:18:00",NASA-NOAA20,Medium,110.16136,-1.71935,False,False,True,True,False,True,Di Luar Area Pantauan (>1000m dari Desa)
Sungai Melayu Rayak,Makmur Abadi,"Sabtu, 12 September 2026 13:18:00",NASA-NOAA20,Medium,110.25259,-1.70177,False,False,False,True,False,True,Di Luar Area Pantauan (>1000m dari Desa)
Mempawah Timur,Antibar,"Sabtu, 12 September 2026 13:18:00",NASA-NOAA20,Medium,109.03543,0.38176,False,False,False,True,False,True,Di Luar Area Pantauan (>1000m dari Desa)
Ketungau Tengah,Wana Bhakti,"Sabtu, 12 September 2026 13:18:00",NASA-NOAA20,Medium,111.49841,0.81027,False,False,True,False,False,True,Di Luar Area Pantauan (>1000m dari Desa)
Ketungau Tengah,Margahayu,"Sabtu, 12 September 2026 13:18:00",NASA-NOAA20,Medium,111.36878,0.77954,False,False,False,False,False,False,Di Luar Area Pantauan (>1000m dari Desa)
Ketungau Tengah,Margahayu,"Sabtu, 12 September 2026 13:18:00",NASA-NOAA20,Medium,111.36813,0.78021,False,False,False,False,False,False,Di Luar Area Pantauan (>1000m dari Desa)
Mempawah Hilir,Pasir,"Sabtu, 12 September 2026 13:18:00",NASA-NOAA20,Medium,109.01936,0.41691,False,False,False,True,False,True,Di Luar Area Pantauan (>1000m dari Desa)
Ketungau Tengah,Sumber Sari,"Sabtu, 12 September 2026 13:18:00",NASA-NOAA20,Medium,111.34273,0.77564,False,False,False,False,False,False,Di Luar Area Pantauan (>1000m dari Desa)
Ketungau Tengah,Margahayu,"Sabtu, 12 September 2026 13:18:00",NASA-NOAA20,Medium,111.37247,0.78089,False,False,False,False,False,False,Di Luar Area Pantauan (>1000m dari Desa)
Ketungau Hulu,Sungai Mawang,"Sabtu, 12 September 2026 13:18:00",NASA-NOAA20,Medium,111.31435,0.87667,False,False,False,False,True,True,Di Luar Area Pantauan (>1000m dari Desa)
Mempawah Hilir,Malikian,"Sabtu, 12 September 2026 13:18:00",NASA-NOAA20,Medium,109.04271,0.47104,False,False,True,True,False,True,Di Luar Area Pantauan (>1000m dari Desa)
Ketungau Tengah,Gut Jaya Bhakti,"Sabtu, 12 September 2026 13:18:00",NASA-NOAA20,Medium,111.38602,0.8727,False,False,False,False,False,False,Di Luar Area Pantauan (>1000m dari Desa)
Ketungau Tengah,Wana Bhakti,"Sabtu, 12 September 2026 13:18:00",NASA-NOAA20,Medium,111.49785,0.81399,False,False,False,False,False,False,Di Luar Area Pantauan (>1000m dari Desa)
Ketungau Tengah,Mungguk Lawang,"Sabtu, 12 September 2026 13:18:00",NASA-NOAA20,Medium,111.6486,0.61229,False,False,True,False,False,True,Di Luar Area Pantauan (>1000m dari Desa)
Ketungau Tengah,Mungguk Lawang,"Sabtu, 12 September 2026 13:18:00",NASA-NOAA20,Medium,111.64728,0.61056,False,False,True,False,False,True,Di Luar Area Pantauan (>1000m dari Desa)
Putussibau Selatan,Kedamin Darat,"Sabtu, 12 September 2026 13:18:00",NASA-NOAA20,Medium,112.92171,0.82752,False,False,False,True,False,True,Di Luar Area Pantauan (>1000m dari Desa)
Putussibau Selatan,Kedamin Darat,"Sabtu, 12 September 2026 13:18:00",NASA-NOAA20,Medium,112.92112,0.83158,False,False,False,True,False,True,Di Luar Area Pantauan (>1000m dari Desa)
Ketungau Hulu,Sekaih,"Sabtu, 12 September 2026 13:18:00",NASA-NOAA20,Medium,111.21964,0.86928,False,False,False,False,False,False,Di Luar Area Pantauan (>1000m dari Desa)
Ketungau Tengah,Begelang Jaya,"Sabtu, 12 September 2026 13:18:00",NASA-NOAA20,Medium,111.30025,0.60874,False,False,False,False,False,False,Di Luar Area Pantauan (>1000m dari Desa)
Embaloh Hulu,Tamao,"Sabtu, 12 September 2026 13:18:00",NASA-NOAA20,Medium,112.41354,1.12785,False,False,False,False,False,False,Di Luar Area Pantauan (>1000m dari Desa)
Ketungau Tengah,Nanga Kelapan,"Sabtu, 12 September 2026 13:18:00",NASA-NOAA20,Medium,111.38745,0.92836,False,False,False,False,True,True,Di Luar Area Pantauan (>1000m dari Desa)
Nanga Tayap,Tanjung Medan,"Sabtu, 12 September 2026 13:18:00",NASA-NOAA20,Medium,110.44363,-1.45854,False,False,True,False,False,True,Di Luar Area Pantauan (>1000m dari Desa)
Muara Pawan,Ulak Medang,"Sabtu, 12 September 2026 13:18:00",NASA-NOAA20,Medium,110.24268,-1.51407,False,False,True,True,False,True,Di Luar Area Pantauan (>1000m dari Desa)
Muara Pawan,Ulak Medang,"Sabtu, 12 September 2026 13:18:00",NASA-NOAA20,Medium,110.23847,-1.51121,False,False,True,True,False,True,Di Luar Area Pantauan (>1000m dari Desa)
Nanga Tayap,Simpang Tiga Sembelangaan,"Sabtu, 12 September 2026 13:18:00",NASA-NOAA20,Medium,110.3715,-1.49078,False,False,True,False,True,True,Di Luar Area Pantauan (>1000m dari Desa)
Muara Pawan,Ulak Medang,"Sabtu, 12 September 2026 13:18:00",NASA-NOAA20,Medium,110.21851,-1.5038,False,False,True,True,False,True,Di Luar Area Pantauan (>1000m dari Desa)
Nanga Tayap,Simpang Tiga Sembelangaan,"Sabtu, 12 September 2026 13:18:00",NASA-NOAA20,Medium,110.3913,-1.46663,False,False,False,False,False,False,Di Luar Area Pantauan (>1000m dari Desa)
Matan Hilir Utara,Tanjung Baik Budi,"Sabtu, 12 September 2026 13:18:00",NASA-NOAA20,Medium,110.19218,-1.5288,False,False,True,True,False,True,Di Luar Area Pantauan (>1000m dari Desa)
Matan Hilir Utara,Tanjung Baik Budi,"Sabtu, 12 September 2026 13:18:00",NASA-NOAA20,Medium,110.18484,-1.52992,False,False,True,True,False,True,Di Luar Area Pantauan (>1000m dari Desa)
Muara Pawan,Ulak Medang,"Sabtu, 12 September 2026 13:18:00",NASA-NOAA20,Medium,110.2785,-1.52607,False,False,True,True,False,True,Di Luar Area Pantauan (>1000m dari Desa)
Muara Pawan,Ulak Medang,"Sabtu, 12 September 2026 13:18:00",NASA-NOAA20,Medium,110.28486,-1.5181,False,False,True,True,False,True,Di Luar Area Pantauan (>1000m dari Desa)
Matan Hilir Utara,Tanjung Baik Budi,"Sabtu, 12 September 2026 13:18:00",NASA-NOAA20,Medium,110.18433,-1.52651,False,False,True,True,False,True,Di Luar Area Pantauan (>1000m dari Desa)
Matan Hilir Utara,Tanjung Baik Budi,"Sabtu, 12 September 2026 13:18:00",NASA-NOAA20,Medium,110.16181,-1.52647,False,False,False,False,False,False,Di Luar Area Pantauan (>1000m dari Desa)
Nanga Tayap,Tanjung Medan,"Sabtu, 12 September 2026 13:18:00",NASA-NOAA20,Medium,110.44415,-1.46198,False,False,True,False,True,True,Di Luar Area Pantauan (>1000m dari Desa)
Muara Pawan,Ulak Medang,"Sabtu, 12 September 2026 13:18:00",NASA-NOAA20,Medium,110.27609,-1.6351,False,False,False,True,False,True,Di Luar Area Pantauan (>1000m dari Desa)
Matan Hilir Utara,Sungai Putri,"Sabtu, 12 September 2026 13:18:00",NASA-NOAA20,Medium,110.08856,-1.56206,False,False,True,True,False,True,Di Luar Area Pantauan (>1000m dari Desa)
Matan Hilir Utara,Sungai Putri,"Sabtu, 12 September 2026 13:18:00",NASA-NOAA20,Medium,110.07087,-1.56824,False,False,False,True,False,True,Di Luar Area Pantauan (>1000m dari Desa)
Matan Hilir Utara,Sungai Putri,"Sabtu, 12 September 2026 13:18:00",NASA-NOAA20,Medium,110.08126,-1.56317,False,False,True,True,False,True,Di Luar Area Pantauan (>1000m dari Desa)
Muara Pawan,Ulak Medang,"Sabtu, 12 September 2026 13:18:00",NASA-NOAA20,Medium,110.27798,-1.52265,False,False,True,True,False,True,Di Luar Area Pantauan (>1000m dari Desa)
Matan Hilir Utara,Tanjung Baik Budi,"Sabtu, 12 September 2026 13:18:00",NASA-NOAA20,Medium,110.17649,-1.52422,False,False,False,True,False,True,Di Luar Area Pantauan (>1000m dari Desa)
Matan Hilir Utara,Tanjung Baik Budi,"Sabtu, 12 September 2026 13:18:00",NASA-NOAA20,Medium,110.14191,-1.51907,False,False,True,True,False,True,Di Luar Area Pantauan (>1000m dari Desa)
Muara Pawan,Ulak Medang,"Sabtu, 12 September 2026 13:18:00",NASA-NOAA20,Medium,110.22956,-1.50209,False,False,True,True,False,True,Di Luar Area Pantauan (>1000m dari Desa)
Matan Hilir Utara,Tanjung Baik Budi,"Sabtu, 12 September 2026 13:18:00",NASA-NOAA20,Medium,110.14141,-1.51566,False,False,False,True,False,True,Di Luar Area Pantauan (>1000m dari Desa)
Matan Hilir Utara,Tanjung Baik Budi,"Sabtu, 12 September 2026 13:18:00",NASA-NOAA20,Medium,110.13775,-1.51623,False,False,False,True,False,True,Di Luar Area Pantauan (>1000m dari Desa)
Muara Pawan,Ulak Medang,"Sabtu, 12 September 2026 13:18:00",NASA-NOAA20,Medium,110.2766,-1.63852,False,False,False,True,False,True,Di Luar Area Pantauan (>1000m dari Desa)
Matan Hilir Utara,Sungai Putri,"Sabtu, 12 September 2026 13:18:00",NASA-NOAA20,Medium,110.08492,-1.56261,False,False,True,True,False,True,Di Luar Area Pantauan (>1000m dari Desa)
Nanga Tayap,Mensubang,"Sabtu, 12 September 2026 13:18:00",NASA-NOAA20,Medium,110.45513,-1.31019,False,False,False,False,False,False,Di Luar Area Pantauan (>1000m dari Desa)
Sandai,Demit,"Sabtu, 12 September 2026 13:18:00",NASA-NOAA20,Medium,110.68344,-1.25062,False,False,True,False,False,True,Di Luar Area Pantauan (>1000m dari Desa)
Matan Hilir Utara,Kuala Tolak,"Sabtu, 12 September 2026 13:18:00",NASA-NOAA20,Medium,110.12103,-1.50487,False,False,False,True,False,True,Di Luar Area Pantauan (>1000m dari Desa)
Matan Hilir Utara,Kuala Tolak,"Sabtu, 12 September 2026 13:18:00",NASA-NOAA20,Medium,110.16661,-1.48388,False,False,True,True,False,True,Di Luar Area Pantauan (>1000m dari Desa)
Nanga Tayap,Pangkalan Teluk,"Sabtu, 12 September 2026 13:18:00",NASA-NOAA20,Medium,110.36423,-1.34471,False,False,False,False,True,True,Di Luar Area Pantauan (>1000m dari Desa)
Matan Hilir Utara,Kuala Satong,"Sabtu, 12 September 2026 13:18:00",NASA-NOAA20,Medium,110.1386,-1.37968,False,False,False,True,False,True,Di Luar Area Pantauan (>1000m dari Desa)
Matan Hilir Utara,Kuala Tolak,"Sabtu, 12 September 2026 13:18:00",NASA-NOAA20,Medium,110.17028,-1.48331,False,False,True,True,False,True,Di Luar Area Pantauan (>1000m dari Desa)
Nanga Tayap,Pangkalan Teluk,"Sabtu, 12 September 2026 13:18:00",NASA-NOAA20,Medium,110.28387,-1.36769,False,False,True,False,False,True,Di Luar Area Pantauan (>1000m dari Desa)
Nanga Tayap,Mensubang,"Sabtu, 12 September 2026 13:18:00",NASA-NOAA20,Medium,110.45543,-1.3129,False,False,False,False,False,False,Di Luar Area Pantauan (>1000m dari Desa)
Matan Hilir Utara,Kuala Tolak,"Sabtu, 12 September 2026 13:18:00",NASA-NOAA20,Medium,110.12836,-1.50374,False,False,True,True,False,True,Di Luar Area Pantauan (>1000m dari Desa)
Matan Hilir Utara,Tanjung Baik Budi,"Sabtu, 12 September 2026 13:18:00",NASA-NOAA20,Medium,110.06631,-1.51331,False,False,False,True,False,True,Di Luar Area Pantauan (>1000m dari Desa)
Nanga Tayap,Simpang Tiga Sembelangaan,"Sabtu, 12 September 2026 13:18:00",NASA-NOAA20,Medium,110.38921,-1.45288,False,False,False,False,False,False,Di Luar Area Pantauan (>1000m dari Desa)
Matan Hilir Utara,Lamon Satong,"Sabtu, 12 September 2026 13:18:00",NASA-NOAA20,Medium,110.25069,-1.46735,False,False,False,False,False,False,Di Luar Area Pantauan (>1000m dari Desa)
Hulu Sungai,Batu Lapis,"Sabtu, 12 September 2026 13:18:00",NASA-NOAA20,Medium,110.78622,-1.33639,False,False,False,False,False,False,Di Luar Area Pantauan (>1000m dari Desa)
Hulu Sungai,Batu Lapis,"Sabtu, 12 September 2026 13:18:00",NASA-NOAA20,Medium,110.78996,-1.33224,False,False,True,False,False,True,Di Luar Area Pantauan (>1000m dari Desa)
Kendawangan,Natai Kuini,"Sabtu, 12 September 2026 13:18:00",NASA-NOAA20,Medium,110.68109,-2.90754,False,False,False,False,False,False,Di Luar Area Pantauan (>1000m dari Desa)
Kendawangan,Natai Kuini,"Sabtu, 12 September 2026 13:18:00",NASA-NOAA20,Medium,110.68482,-2.90697,False,False,False,False,False,False,Di Luar Area Pantauan (>1000m dari Desa)
Kendawangan,Natai Kuini,"Sabtu, 12 September 2026 13:18:00",NASA-NOAA20,Medium,110.68132,-2.90707,False,False,False,False,False,False,Di Luar Area Pantauan (>1000m dari Desa)
Kendawangan,Pembedilan,"Sabtu, 12 September 2026 13:18:00",NASA-NOAA20,Medium,110.41895,-2.8744,False,False,False,False,True,True,Di Luar Area Pantauan (>1000m dari Desa)
Kendawangan,Pembedilan,"Sabtu, 12 September 2026 13:18:00",NASA-NOAA20,Medium,110.41844,-2.871,False,False,False,False,True,True,Di Luar Area Pantauan (>1000m dari Desa)
Manis Mata,Suka Ramai,"Sabtu, 12 September 2026 13:18:00",NASA-NOAA20,Medium,111.05678,-2.77525,False,False,False,False,False,False,Di Luar Area Pantauan (>1000m dari Desa)
Manis Mata,Suka Ramai,"Sabtu, 12 September 2026 13:18:00",NASA-NOAA20,Medium,111.10481,-2.69847,False,False,False,False,False,False,Di Luar Area Pantauan (>1000m dari Desa)
Kendawangan,Air Hitam Besar,"Sabtu, 12 September 2026 13:18:00",NASA-NOAA20,Medium,110.64161,-2.77332,False,False,False,False,False,False,Di Luar Area Pantauan (>1000m dari Desa)
Kendawangan,Air Hitam Besar,"Sabtu, 12 September 2026 13:18:00",NASA-NOAA20,Medium,110.73045,-2.70325,False,False,False,False,False,False,Di Luar Area Pantauan (>1000m dari Desa)
Kendawangan,Air Hitam Besar,"Sabtu, 12 September 2026 13:18:00",NASA-NOAA20,Medium,110.7342,-2.70267,False,False,False,False,False,False,Di Luar Area Pantauan (>1000m dari Desa)
Kendawangan,Air Hitam Besar,"Sabtu, 12 September 2026 13:18:00",NASA-NOAA20,Medium,110.72295,-2.70442,False,False,False,False,False,False,Di Luar Area Pantauan (>1000m dari Desa)
Kendawangan,Seriam,"Sabtu, 12 September 2026 13:18:00",NASA-NOAA20,Medium,110.35316,-2.76197,False,False,False,False,True,True,Di Luar Area Pantauan (>1000m dari Desa)
Kendawangan,Airhitam Hulu,"Sabtu, 12 September 2026 13:18:00",NASA-NOAA20,Medium,110.63065,-2.70124,False,False,False,False,False,False,Di Luar Area Pantauan (>1000m dari Desa)
Kendawangan,Airhitam Hulu,"Sabtu, 12 September 2026 13:18:00",NASA-NOAA20,Medium,110.62642,-2.69839,False,False,False,False,False,False,Di Luar Area Pantauan (>1000m dari Desa)
Kendawangan,Seriam,"Sabtu, 12 September 2026 13:18:00",NASA-NOAA20,Medium,110.31417,-2.75066,False,False,False,True,True,True,Di Luar Area Pantauan (>1000m dari Desa)
Kendawangan,Seriam,"Sabtu, 12 September 2026 13:18:00",NASA-NOAA20,Medium,110.31053,-2.75122,False,False,False,True,True,True,Di Luar Area Pantauan (>1000m dari Desa)
Kendawangan,Pembedilan,"Sabtu, 12 September 2026 13:18:00",NASA-NOAA20,Medium,110.31112,-2.9501,False,False,False,False,True,True,Di Luar Area Pantauan (>1000m dari Desa)
Kendawangan,Pembedilan,"Sabtu, 12 September 2026 13:18:00",NASA-NOAA20,Medium,110.3106,-2.94671,False,False,False,False,True,True,Di Luar Area Pantauan (>1000m dari Desa)
Kendawangan,Natai Kuini,"Sabtu, 12 September 2026 13:18:00",NASA-NOAA20,Medium,110.68661,-2.91679,False,False,False,False,False,False,Di Luar Area Pantauan (>1000m dari Desa)
Kendawangan,Air Hitam Besar,"Sabtu, 12 September 2026 13:18:00",NASA-NOAA20,Medium,110.67223,-2.92255,False,False,False,False,False,False,Di Luar Area Pantauan (>1000m dari Desa)
Manis Mata,Suka Ramai,"Sabtu, 12 September 2026 13:18:00",NASA-NOAA20,Medium,111.08996,-2.75935,False,False,False,False,False,False,Di Luar Area Pantauan (>1000m dari Desa)
Kendawangan,Pembedilan,"Sabtu, 12 September 2026 13:18:00",NASA-NOAA20,Medium,110.35847,-2.86987,False,False,False,False,True,True,Di Luar Area Pantauan (>1000m dari Desa)
Kendawangan,Pembedilan,"Sabtu, 12 September 2026 13:18:00",NASA-NOAA20,Medium,110.35381,-2.86364,False,False,False,False,True,True,Di Luar Area Pantauan (>1000m dari Desa)
Manis Mata,Suka Ramai,"Sabtu, 12 September 2026 13:18:00",NASA-NOAA20,Medium,111.08662,-2.76345,False,False,False,False,False,False,Di Luar Area Pantauan (>1000m dari Desa)
Kendawangan,Pembedilan,"Sabtu, 12 September 2026 13:18:00",NASA-NOAA20,Medium,110.41478,-2.87157,False,False,False,False,True,True,Di Luar Area Pantauan (>1000m dari Desa)
Kendawangan,Air Hitam Besar,"Sabtu, 12 September 2026 13:18:00",NASA-NOAA20,Medium,110.73631,-2.71645,False,False,False,False,False,False,Di Luar Area Pantauan (>1000m dari Desa)
Kendawangan,Pembedilan,"Sabtu, 12 September 2026 13:18:00",NASA-NOAA20,Medium,110.35107,-2.77274,False,False,False,False,True,True,Di Luar Area Pantauan (>1000m dari Desa)
Kendawangan,Air Hitam Besar,"Sabtu, 12 September 2026 13:18:00",NASA-NOAA20,Medium,110.73203,-2.71359,False,False,True,False,False,True,Di Luar Area Pantauan (>1000m dari Desa)
Kendawangan,Air Hitam Besar,"Sabtu, 12 September 2026 13:18:00",NASA-NOAA20,Medium,110.73901,-2.70897,False,False,False,False,False,False,Di Luar Area Pantauan (>1000m dari Desa)
Kendawangan,Air Hitam Besar,"Sabtu, 12 September 2026 13:18:00",NASA-NOAA20,Medium,110.73255,-2.71703,False,False,False,False,False,False,Di Luar Area Pantauan (>1000m dari Desa)
Manis Mata,Seguling,"Sabtu, 12 September 2026 13:18:00",NASA-NOAA20,Medium,111.15398,-2.655,False,False,False,False,False,False,Di Luar Area Pantauan (>1000m dari Desa)
Kendawangan,Seriam,"Sabtu, 12 September 2026 13:18:00",NASA-NOAA20,Medium,110.34796,-2.75235,False,False,False,False,True,True,Di Luar Area Pantauan (>1000m dari Desa)
Kendawangan,Seriam,"Sabtu, 12 September 2026 13:18:00",NASA-NOAA20,Medium,110.34847,-2.75575,False,False,False,False,True,True,Di Luar Area Pantauan (>1000m dari Desa)
Kendawangan,Seriam,"Sabtu, 12 September 2026 13:18:00",NASA-NOAA20,Medium,110.34483,-2.75631,False,False,False,False,True,True,Di Luar Area Pantauan (>1000m dari Desa)
Kendawangan,Air Hitam Besar,"Sabtu, 12 September 2026 13:18:00",NASA-NOAA20,Medium,110.71816,-2.69812,False,False,False,False,False,False,Di Luar Area Pantauan (>1000m dari Desa)
Kendawangan,Airhitam Hulu,"Sabtu, 12 September 2026 13:18:00",NASA-NOAA20,Medium,110.62614,-2.69882,False,False,False,False,False,False,Di Luar Area Pantauan (>1000m dari Desa)
Kendawangan,Airhitam Hulu,"Sabtu, 12 September 2026 13:18:00",NASA-NOAA20,Medium,110.63576,-2.68681,False,False,False,False,False,False,Di Luar Area Pantauan (>1000m dari Desa)
Sandai,Jago Bersatu,"Sabtu, 12 September 2026 13:18:00",NASA-NOAA20,Medium,110.476,-1.21867,False,False,False,False,False,False,Di Luar Area Pantauan (>1000m dari Desa)
Sandai,Demit,"Sabtu, 12 September 2026 13:18:00",NASA-NOAA20,Medium,110.70297,-1.22266,False,False,True,False,False,True,Di Luar Area Pantauan (>1000m dari Desa)
Pulau Maya,Dusun Besar,"Sabtu, 12 September 2026 13:18:00",NASA-NOAA20,Medium,109.45885,-1.19631,False,False,False,True,False,True,Di Luar Area Pantauan (>1000m dari Desa)
Sukadana,Sedahan Jaya,"Sabtu, 12 September 2026 13:18:00",NASA-NOAA20,Medium,110.06213,-1.17426,False,False,True,True,True,True,Di Luar Area Pantauan (>1000m dari Desa)
Simpang Hilir,Matan Jaya,"Sabtu, 12 September 2026 13:18:00",NASA-NOAA20,Medium,110.16417,-1.10225,False,False,False,False,True,True,Di Luar Area Pantauan (>1000m dari Desa)
Simpang Hilir,Penjalaan,"Sabtu, 12 September 2026 13:18:00",NASA-NOAA20,Medium,110.05844,-1.12538,False,False,True,True,False,True,Di Luar Area Pantauan (>1000m dari Desa)
Simpang Hilir,Penjalaan,"Sabtu, 12 September 2026 13:18:00",NASA-NOAA20,Medium,110.05792,-1.12197,False,False,True,False,False,True,Di Luar Area Pantauan (>1000m dari Desa)
Sandai,Pendamaran Indah,"Sabtu, 12 September 2026 13:18:00",NASA-NOAA20,Medium,110.62135,-1.07332,False,False,False,False,False,False,Di Luar Area Pantauan (>1000m dari Desa)
Kendawangan,Kendawangan Kanan,"Sabtu, 12 September 2026 13:18:00",NASA-NOAA20,Medium,110.27147,-2.74247,False,False,False,False,True,True,Di Luar Area Pantauan (>1000m dari Desa)
Kendawangan,Kendawangan Kanan,"Sabtu, 12 September 2026 13:18:00",NASA-NOAA20,Medium,110.27096,-2.73908,False,False,False,False,True,True,Di Luar Area Pantauan (>1000m dari Desa)
Kendawangan,Airhitam Hulu,"Sabtu, 12 September 2026 13:18:00",NASA-NOAA20,Medium,110.52855,-2.68219,False,False,False,False,True,True,Di Luar Area Pantauan (>1000m dari Desa)
Kendawangan,Airhitam Hulu,"Sabtu, 12 September 2026 13:18:00",NASA-NOAA20,Medium,110.62518,-2.66735,False,False,False,False,False,False,Di Luar Area Pantauan (>1000m dari Desa)
Kendawangan,Airhitam Hulu,"Sabtu, 12 September 2026 13:18:00",NASA-NOAA20,Medium,110.62144,-2.66793,False,False,False,False,False,False,Di Luar Area Pantauan (>1000m dari Desa)
Sokan,Nanga Libas,"Sabtu, 12 September 2026 13:18:00",NASA-NOAA20,Medium,111.48051,-1.07694,False,False,False,False,False,False,Di Luar Area Pantauan (>1000m dari Desa)
Sandai,Randau Jungkal,"Sabtu, 12 September 2026 13:18:00",NASA-NOAA20,Medium,110.69388,-1.18838,False,False,False,False,False,False,Di Luar Area Pantauan (>1000m dari Desa)
Sukadana,Sedahan Jaya,"Sabtu, 12 September 2026 13:18:00",NASA-NOAA20,Medium,110.04698,-1.17311,False,False,True,True,True,True,Di Luar Area Pantauan (>1000m dari Desa)
Simpang Hilir,Rantau Panjang,"Sabtu, 12 September 2026 13:18:00",NASA-NOAA20,Medium,110.04951,-1.14068,False,False,True,False,False,True,Di Luar Area Pantauan (>1000m dari Desa)
Simpang Hilir,Matan Jaya,"Sabtu, 12 September 2026 13:18:00",NASA-NOAA20,Medium,110.15359,-1.10736,False,False,False,False,True,True,Di Luar Area Pantauan (>1000m dari Desa)
Simpang Hilir,Matan Jaya,"Sabtu, 12 September 2026 13:18:00",NASA-NOAA20,Medium,110.15996,-1.09939,False,False,False,False,True,True,Di Luar Area Pantauan (>1000m dari Desa)
Simpang Hilir,Penjalaan,"Sabtu, 12 September 2026 13:18:00",NASA-NOAA20,Medium,110.05946,-1.13219,False,False,True,True,False,True,Di Luar Area Pantauan (>1000m dari Desa)
Simpang Hilir,Matan Jaya,"Sabtu, 12 September 2026 13:18:00",NASA-NOAA20,Medium,110.16468,-1.10567,False,False,False,False,True,True,Di Luar Area Pantauan (>1000m dari Desa)
Simpang Hilir,Matan Jaya,"Sabtu, 12 September 2026 13:18:00",NASA-NOAA20,Medium,110.15257,-1.10052,False,False,False,False,True,True,Di Luar Area Pantauan (>1000m dari Desa)
Simpang Hilir,Matan Jaya,"Sabtu, 12 September 2026 13:18:00",NASA-NOAA20,Medium,110.16048,-1.10281,False,False,False,False,True,True,Di Luar Area Pantauan (>1000m dari Desa)
Simpang Hilir,Matan Jaya,"Sabtu, 12 September 2026 13:18:00",NASA-NOAA20,Medium,110.14937,-1.10451,False,False,True,False,True,True,Di Luar Area Pantauan (>1000m dari Desa)
Simpang Hilir,Penjalaan,"Sabtu, 12 September 2026 13:18:00",NASA-NOAA20,Medium,110.06476,-1.11744,False,False,True,False,False,True,Di Luar Area Pantauan (>1000m dari Desa)
Simpang Hilir,Matan Jaya,"Sabtu, 12 September 2026 13:18:00",NASA-NOAA20,Medium,110.16631,-1.09142,False,False,False,False,True,True,Di Luar Area Pantauan (>1000m dari Desa)
Simpang Hilir,Matan Jaya,"Sabtu, 12 September 2026 13:18:00",NASA-NOAA20,Medium,110.13674,-1.09596,False,False,True,True,True,True,Di Luar Area Pantauan (>1000m dari Desa)
Sandai,Sandai,"Sabtu, 12 September 2026 13:18:00",NASA-NOAA20,Medium,110.56569,-1.24732,False,False,False,False,False,False,Di Luar Area Pantauan (>1000m dari Desa)
Sandai,Sandai,"Sabtu, 12 September 2026 13:18:00",NASA-NOAA20,Medium,110.56189,-1.2479,False,False,False,False,False,False,Di Luar Area Pantauan (>1000m dari Desa)
Sandai,Sandai,"Sabtu, 12 September 2026 13:18:00",NASA-NOAA20,Medium,110.56136,-1.24443,False,False,False,False,False,False,Di Luar Area Pantauan (>1000m dari Desa)
Sukadana,Simpang Tiga,"Sabtu, 12 September 2026 13:18:00",NASA-NOAA20,Medium,110.13428,-1.30305,False,False,True,False,True,True,Di Luar Area Pantauan (>1000m dari Desa)
Sukadana,Sedahan Jaya,"Sabtu, 12 September 2026 13:18:00",NASA-NOAA20,Medium,110.0543,-1.17198,False,False,True,True,True,True,Di Luar Area Pantauan (>1000m dari Desa)
Kendawangan,Airhitam Hulu,"Sabtu, 12 September 2026 13:18:00",NASA-NOAA20,Medium,110.62785,-2.65991,False,False,False,False,False,False,Di Luar Area Pantauan (>1000m dari Desa)
Singkup,Pantai Ketikal,"Sabtu, 12 September 2026 13:18:00",NASA-NOAA20,Medium,110.65559,-2.53994,False,False,False,False,False,False,Di Luar Area Pantauan (>1000m dari Desa)
Kendawangan,Banjar Sari,"Sabtu, 12 September 2026 13:18:00",NASA-NOAA20,Medium,110.2548,-2.49313,False,False,False,False,False,False,Di Luar Area Pantauan (>1000m dari Desa)
Kendawangan,Banjar Sari,"Sabtu, 12 September 2026 13:18:00",NASA-NOAA20,Medium,110.2444,-2.4982,False,False,False,False,False,False,Di Luar Area Pantauan (>1000m dari Desa)
Kendawangan,Banjar Sari,"Sabtu, 12 September 2026 13:18:00",NASA-NOAA20,Medium,110.24077,-2.49875,False,False,False,False,False,False,Di Luar Area Pantauan (>1000m dari Desa)
Kendawangan,Banjar Sari,"Sabtu, 12 September 2026 13:18:00",NASA-NOAA20,Medium,110.25428,-2.48973,False,False,False,False,False,False,Di Luar Area Pantauan (>1000m dari Desa)
Kendawangan,Bangkal Serai,"Sabtu, 12 September 2026 13:18:00",NASA-NOAA20,Medium,110.45969,-2.40911,False,False,False,False,True,True,Di Luar Area Pantauan (>1000m dari Desa)
Kendawangan,Bangkal Serai,"Sabtu, 12 September 2026 13:18:00",NASA-NOAA20,Medium,110.46389,-2.41196,False,False,False,False,True,True,Di Luar Area Pantauan (>1000m dari Desa)
Manis Mata,Suak Burung,"Sabtu, 12 September 2026 13:18:00",NASA-NOAA20,Medium,111.07714,-2.30897,False,False,False,False,False,False,Di Luar Area Pantauan (>1000m dari Desa)
Kendawangan,Airhitam Hulu,"Sabtu, 12 September 2026 13:18:00",NASA-NOAA20,Medium,110.52803,-2.67877,False,False,False,False,True,True,Di Luar Area Pantauan (>1000m dari Desa)
Kendawangan,Airhitam Hulu,"Sabtu, 12 September 2026 13:18:00",NASA-NOAA20,Medium,110.53706,-2.66338,False,False,False,False,True,True,Di Luar Area Pantauan (>1000m dari Desa)
Kendawangan,Airhitam Hulu,"Sabtu, 12 September 2026 13:18:00",NASA-NOAA20,Medium,110.61241,-2.65878,False,False,False,False,False,False,Di Luar Area Pantauan (>1000m dari Desa)
Kendawangan,Airhitam Hulu,"Sabtu, 12 September 2026 13:18:00",NASA-NOAA20,Medium,110.60869,-2.65935,False,False,False,False,False,False,Di Luar Area Pantauan (>1000m dari Desa)
Kendawangan,Airhitam Hulu,"Sabtu, 12 September 2026 13:18:00",NASA-NOAA20,Medium,110.62636,-2.625,False,False,False,False,False,False,Di Luar Area Pantauan (>1000m dari Desa)
Kendawangan,Airhitam Hulu,"Sabtu, 12 September 2026 13:18:00",NASA-NOAA20,Medium,110.61614,-2.6582,False,False,False,False,False,False,Di Luar Area Pantauan (>1000m dari Desa)
Kendawangan,Bangkal Serai,"Sabtu, 12 September 2026 13:18:00",NASA-NOAA20,Medium,110.51934,-2.57144,False,False,False,False,True,True,Di Luar Area Pantauan (>1000m dari Desa)
Kendawangan,Bangkal Serai,"Sabtu, 12 September 2026 13:18:00",NASA-NOAA20,Medium,110.52675,-2.5703,False,False,False,False,True,True,Di Luar Area Pantauan (>1000m dari Desa)
Kendawangan,Bangkal Serai,"Sabtu, 12 September 2026 13:18:00",NASA-NOAA20,Medium,110.49753,-2.4838,False,False,False,False,True,True,Di Luar Area Pantauan (>1000m dari Desa)
Kendawangan,Seriam,"Sabtu, 12 September 2026 13:18:00",NASA-NOAA20,Medium,110.34289,-2.50745,False,False,False,False,False,False,Di Luar Area Pantauan (>1000m dari Desa)
Kendawangan,Banjar Sari,"Sabtu, 12 September 2026 13:18:00",NASA-NOAA20,Medium,110.24855,-2.50103,False,False,False,False,False,False,Di Luar Area Pantauan (>1000m dari Desa)
Manis Mata,Batu Sedau,"Sabtu, 12 September 2026 13:18:00",NASA-NOAA20,Medium,111.071,-2.39962,False,False,False,False,False,False,Di Luar Area Pantauan (>1000m dari Desa)
Kendawangan,Bangkal Serai,"Sabtu, 12 September 2026 13:18:00",NASA-NOAA20,Medium,110.52253,-2.56745,False,False,False,False,True,True,Di Luar Area Pantauan (>1000m dari Desa)
Kendawangan,Bangkal Serai,"Sabtu, 12 September 2026 13:18:00",NASA-NOAA20,Medium,110.50233,-2.46555,False,False,False,False,True,True,Di Luar Area Pantauan (>1000m dari Desa)
Manis Mata,Batu Sedau,"Sabtu, 12 September 2026 13:18:00",NASA-NOAA20,Medium,111.07277,-2.38501,False,False,False,False,False,False,Di Luar Area Pantauan (>1000m dari Desa)
Kendawangan,Bangkal Serai,"Sabtu, 12 September 2026 13:18:00",NASA-NOAA20,Medium,110.51235,-2.48153,False,False,False,False,True,True,Di Luar Area Pantauan (>1000m dari Desa)
Kendawangan,Bangkal Serai,"Sabtu, 12 September 2026 13:18:00",NASA-NOAA20,Medium,110.49805,-2.48722,False,False,False,False,True,True,Di Luar Area Pantauan (>1000m dari Desa)
Kendawangan,Bangkal Serai,"Sabtu, 12 September 2026 13:18:00",NASA-NOAA20,Medium,110.50175,-2.48666,False,False,False,False,True,True,Di Luar Area Pantauan (>1000m dari Desa)
Kendawangan,Banjar Sari,"Sabtu, 12 September 2026 13:18:00",NASA-NOAA20,Medium,110.24754,-2.46993,False,False,False,False,False,False,Di Luar Area Pantauan (>1000m dari Desa)
Kendawangan,Banjar Sari,"Sabtu, 12 September 2026 13:18:00",NASA-NOAA20,Medium,110.25222,-2.47615,False,False,False,False,False,False,Di Luar Area Pantauan (>1000m dari Desa)
Kendawangan,Banjar Sari,"Sabtu, 12 September 2026 13:18:00",NASA-NOAA20,Medium,110.24858,-2.47671,False,False,False,True,False,True,Di Luar Area Pantauan (>1000m dari Desa)
Kendawangan,Banjar Sari,"Sabtu, 12 September 2026 13:18:00",NASA-NOAA20,Medium,110.24701,-2.49085,False,False,False,False,False,False,Di Luar Area Pantauan (>1000m dari Desa)
Kendawangan,Banjar Sari,"Sabtu, 12 September 2026 13:18:00",NASA-NOAA20,Medium,110.24495,-2.47727,False,False,False,True,False,True,Di Luar Area Pantauan (>1000m dari Desa)
Kendawangan,Banjar Sari,"Sabtu, 12 September 2026 13:18:00",NASA-NOAA20,Medium,110.24597,-2.48406,False,False,False,True,False,True,Di Luar Area Pantauan (>1000m dari Desa)
Kendawangan,Banjar Sari,"Sabtu, 12 September 2026 13:18:00",NASA-NOAA20,Medium,110.24546,-2.48067,False,False,False,True,False,True,Di Luar Area Pantauan (>1000m dari Desa)
Kendawangan,Banjar Sari,"Sabtu, 12 September 2026 13:18:00",NASA-NOAA20,Medium,110.24806,-2.47332,False,False,False,False,False,False,Di Luar Area Pantauan (>1000m dari Desa)
Kendawangan,Banjar Sari,"Sabtu, 12 September 2026 13:18:00",NASA-NOAA20,Medium,110.25325,-2.48294,False,False,False,False,False,False,Di Luar Area Pantauan (>1000m dari Desa)
Kendawangan,Mekar Utama,"Sabtu, 12 September 2026 13:18:00",NASA-NOAA20,Medium,110.18893,-2.49978,False,False,False,False,False,False,Di Luar Area Pantauan (>1000m dari Desa)
Kendawangan,Banjar Sari,"Sabtu, 12 September 2026 13:18:00",NASA-NOAA20,Medium,110.24961,-2.4835,False,False,False,True,False,True,Di Luar Area Pantauan (>1000m dari Desa)
Simpang Hilir,Matan Jaya,"Sabtu, 12 September 2026 13:18:00",NASA-NOAA20,Medium,110.16099,-1.10623,False,False,False,False,True,True,Di Luar Area Pantauan (>1000m dari Desa)
Manis Mata,Sengkuang Merabong,"Sabtu, 12 September 2026 13:18:00",NASA-NOAA20,Medium,110.97195,-2.19054,False,False,False,False,False,False,Di Luar Area Pantauan (>1000m dari Desa)
Marau,Pelanjau Jaya,"Sabtu, 12 September 2026 13:18:00",NASA-NOAA20,Medium,110.59168,-2.25226,False,False,False,False,False,False,Di Luar Area Pantauan (>1000m dari Desa)
Manis Mata,Sengkuang Merabong,"Sabtu, 12 September 2026 13:18:00",NASA-NOAA20,Medium,110.96754,-2.18764,False,False,False,False,False,False,Di Luar Area Pantauan (>1000m dari Desa)
Matan Hilir Selatan,Pagar Mentimun,"Sabtu, 12 September 2026 13:18:00",NASA-NOAA20,Medium,110.16967,-2.22999,False,False,True,False,False,True,Di Luar Area Pantauan (>1000m dari Desa)
Kendawangan,Mekar Utama,"Sabtu, 12 September 2026 13:18:00",NASA-NOAA20,Medium,110.20226,-2.32218,False,False,True,False,False,True,Di Luar Area Pantauan (>1000m dari Desa)
Marau,Pelanjau Jaya,"Sabtu, 12 September 2026 13:18:00",NASA-NOAA20,Medium,110.59273,-2.25914,False,False,False,False,False,False,Di Luar Area Pantauan (>1000m dari Desa)
Marau,Pelanjau Jaya,"Sabtu, 12 September 2026 13:18:00",NASA-NOAA20,Medium,110.58898,-2.25971,False,False,False,False,False,False,Di Luar Area Pantauan (>1000m dari Desa)
Simpang Hilir,Sungaimata-Mata,"Sabtu, 12 September 2026 13:18:00",NASA-NOAA20,Medium,109.96056,-1.04921,False,False,False,True,False,True,Di Luar Area Pantauan (>1000m dari Desa)
Marau,Randai,"Sabtu, 12 September 2026 13:18:00",NASA-NOAA20,Medium,110.48341,-2.16717,False,False,False,False,False,False,Di Luar Area Pantauan (>1000m dari Desa)
Kendawangan,Pangkalan Batu,"Sabtu, 12 September 2026 13:18:00",NASA-NOAA20,Medium,110.34605,-2.16018,False,False,False,False,False,False,Di Luar Area Pantauan (>1000m dari Desa)
Matan Hilir Selatan,Pagar Mentimun,"Sabtu, 12 September 2026 13:18:00",NASA-NOAA20,Medium,110.13284,-2.28078,False,False,False,False,False,False,Di Luar Area Pantauan (>1000m dari Desa)
Matan Hilir Selatan,Pagar Mentimun,"Sabtu, 12 September 2026 13:18:00",NASA-NOAA20,Medium,110.17693,-2.22886,False,False,False,False,False,False,Di Luar Area Pantauan (>1000m dari Desa)
Matan Hilir Selatan,Pagar Mentimun,"Sabtu, 12 September 2026 13:18:00",NASA-NOAA20,Medium,110.12872,-2.27795,False,False,False,False,False,False,Di Luar Area Pantauan (>1000m dari Desa)
Kendawangan,Kedondong,"Sabtu, 12 September 2026 13:18:00",NASA-NOAA20,Medium,110.26068,-2.2402,False,False,False,False,False,False,Di Luar Area Pantauan (>1000m dari Desa)
Matan Hilir Selatan,Pesaguan Kanan,"Sabtu, 12 September 2026 13:18:00",NASA-NOAA20,Medium,110.25523,-2.03426,False,False,True,True,False,True,Di Luar Area Pantauan (>1000m dari Desa)
Jelai Hulu,Tanggerang,"Sabtu, 12 September 2026 13:18:00",NASA-NOAA20,Medium,110.70676,-2.02111,False,False,False,False,False,False,Di Luar Area Pantauan (>1000m dari Desa)
Kendawangan,Kedondong,"Sabtu, 12 September 2026 13:18:00",NASA-NOAA20,Medium,110.32479,-2.29304,False,False,False,False,False,False,Di Luar Area Pantauan (>1000m dari Desa)
Marau,Pelanjau Jaya,"Sabtu, 12 September 2026 13:18:00",NASA-NOAA20,Medium,110.5922,-2.2557,False,False,False,False,False,False,Di Luar Area Pantauan (>1000m dari Desa)
Manis Mata,Pelempangan,"Sabtu, 12 September 2026 13:18:00",NASA-NOAA20,Medium,111.0438,-2.11492,False,False,False,False,False,False,Di Luar Area Pantauan (>1000m dari Desa)
Matan Hilir Selatan,Pagar Mentimun,"Sabtu, 12 September 2026 13:18:00",NASA-NOAA20,Medium,110.15869,-2.30455,False,False,False,True,False,True,Di Luar Area Pantauan (>1000m dari Desa)
Manis Mata,Silat,"Sabtu, 12 September 2026 13:18:00",NASA-NOAA20,Medium,110.91508,-2.25779,False,False,False,False,False,False,Di Luar Area Pantauan (>1000m dari Desa)
Matan Hilir Selatan,Pagar Mentimun,"Sabtu, 12 September 2026 13:18:00",NASA-NOAA20,Medium,110.20496,-2.24188,False,False,False,False,False,False,Di Luar Area Pantauan (>1000m dari Desa)
Matan Hilir Selatan,Pagar Mentimun,"Sabtu, 12 September 2026 13:18:00",NASA-NOAA20,Medium,110.2086,-2.24131,False,False,False,False,False,False,Di Luar Area Pantauan (>1000m dari Desa)
Matan Hilir Selatan,Pagar Mentimun,"Sabtu, 12 September 2026 13:18:00",NASA-NOAA20,Medium,110.20912,-2.24471,False,False,False,False,False,False,Di Luar Area Pantauan (>1000m dari Desa)
Manis Mata,Silat,"Sabtu, 12 September 2026 13:18:00",NASA-NOAA20,Medium,110.94416,-2.26756,False,False,False,False,False,False,Di Luar Area Pantauan (>1000m dari Desa)
Kendawangan,Bangkal Serai,"Sabtu, 12 September 2026 13:18:00",NASA-NOAA20,Medium,110.47775,-2.37816,False,False,False,False,False,False,Di Luar Area Pantauan (>1000m dari Desa)
Manis Mata,Sengkuang Merabong,"Sabtu, 12 September 2026 13:18:00",NASA-NOAA20,Medium,110.96366,-2.18823,False,False,False,False,False,False,Di Luar Area Pantauan (>1000m dari Desa)
Marau,Pelanjau Jaya,"Sabtu, 12 September 2026 13:18:00",NASA-NOAA20,Medium,110.59596,-2.25513,False,False,False,False,False,False,Di Luar Area Pantauan (>1000m dari Desa)
Matan Hilir Selatan,Pagar Mentimun,"Sabtu, 12 September 2026 13:18:00",NASA-NOAA20,Medium,110.2621,-2.20092,False,False,True,True,True,True,Di Luar Area Pantauan (>1000m dari Desa)
Matan Hilir Selatan,Sungai Nanjung,"Sabtu, 12 September 2026 13:18:00",NASA-NOAA20,Medium,110.25742,-2.19467,False,False,True,True,True,True,Di Luar Area Pantauan (>1000m dari Desa)
Matan Hilir Selatan,Sungai Nanjung,"Sabtu, 12 September 2026 13:18:00",NASA-NOAA20,Medium,110.26158,-2.19752,False,False,True,True,True,True,Di Luar Area Pantauan (>1000m dari Desa)
Matan Hilir Selatan,Pagar Mentimun,"Sabtu, 12 September 2026 13:18:00",NASA-NOAA20,Medium,110.10056,-2.21516,False,False,False,False,False,False,Di Luar Area Pantauan (>1000m dari Desa)
Matan Hilir Selatan,Sungai Nanjung,"Sabtu, 12 September 2026 13:18:00",NASA-NOAA20,Medium,110.23605,-2.17706,False,False,True,True,False,True,Di Luar Area Pantauan (>1000m dari Desa)
Matan Hilir Selatan,Pagar Mentimun,"Sabtu, 12 September 2026 13:18:00",NASA-NOAA20,Medium,110.18678,-2.2447,False,False,True,True,False,True,Di Luar Area Pantauan (>1000m dari Desa)
Kendawangan,Pangkalan Batu,"Sabtu, 12 September 2026 13:18:00",NASA-NOAA20,Medium,110.37764,-2.19411,False,False,False,False,False,False,Di Luar Area Pantauan (>1000m dari Desa)
Matan Hilir Selatan,Pagar Mentimun,"Sabtu, 12 September 2026 13:18:00",NASA-NOAA20,Medium,110.09695,-2.21571,False,False,False,False,False,False,Di Luar Area Pantauan (>1000m dari Desa)
Matan Hilir Selatan,Pagar Mentimun,"Sabtu, 12 September 2026 13:18:00",NASA-NOAA20,Medium,110.10728,-2.21067,False,False,False,False,False,False,Di Luar Area Pantauan (>1000m dari Desa)
Matan Hilir Selatan,Pagar Mentimun,"Sabtu, 12 September 2026 13:18:00",NASA-NOAA20,Medium,110.25793,-2.19807,False,False,True,True,True,True,Di Luar Area Pantauan (>1000m dari Desa)
Jelai Hulu,Semantun,"Sabtu, 12 September 2026 13:18:00",NASA-NOAA20,Medium,111.05888,-2.07939,False,False,False,False,False,False,Di Luar Area Pantauan (>1000m dari Desa)
Kendawangan,Kedondong,"Sabtu, 12 September 2026 13:18:00",NASA-NOAA20,Medium,110.28874,-2.20383,False,False,False,False,False,False,Di Luar Area Pantauan (>1000m dari Desa)
Matan Hilir Selatan,Sungai Nanjung,"Sabtu, 12 September 2026 13:18:00",NASA-NOAA20,Medium,110.22043,-2.1725,False,False,True,False,False,True,Di Luar Area Pantauan (>1000m dari Desa)
Matan Hilir Selatan,Sungai Nanjung,"Sabtu, 12 September 2026 13:18:00",NASA-NOAA20,Medium,110.20274,-2.1787,False,False,False,False,False,False,Di Luar Area Pantauan (>1000m dari Desa)
Kendawangan,Pangkalan Batu,"Sabtu, 12 September 2026 13:18:00",NASA-NOAA20,Medium,110.34238,-2.16075,False,False,False,False,False,False,Di Luar Area Pantauan (>1000m dari Desa)
Matan Hilir Selatan,Sungai Nanjung,"Sabtu, 12 September 2026 13:18:00",NASA-NOAA20,Medium,110.21053,-2.18098,False,False,False,False,False,False,Di Luar Area Pantauan (>1000m dari Desa)
Matan Hilir Selatan,Sungai Nanjung,"Sabtu, 12 September 2026 13:18:00",NASA-NOAA20,Medium,110.22198,-2.1827,False,False,False,False,False,False,Di Luar Area Pantauan (>1000m dari Desa)
Matan Hilir Selatan,Sungai Nanjung,"Sabtu, 12 September 2026 13:18:00",NASA-NOAA20,Medium,110.24335,-2.17594,False,False,True,True,True,True,Di Luar Area Pantauan (>1000m dari Desa)
Matan Hilir Selatan,Sungai Nanjung,"Sabtu, 12 September 2026 13:18:00",NASA-NOAA20,Medium,110.26529,-2.17258,False,False,True,True,True,True,Di Luar Area Pantauan (>1000m dari Desa)
Matan Hilir Selatan,Sungai Nanjung,"Sabtu, 12 September 2026 13:18:00",NASA-NOAA20,Medium,110.22095,-2.1759,False,False,False,False,False,False,Di Luar Area Pantauan (>1000m dari Desa)
Matan Hilir Selatan,Sungai Nanjung,"Sabtu, 12 September 2026 13:18:00",NASA-NOAA20,Medium,110.21679,-2.17306,False,False,True,False,False,True,Di Luar Area Pantauan (>1000m dari Desa)
Kendawangan,Pangkalan Batu,"Sabtu, 12 September 2026 13:18:00",NASA-NOAA20,Medium,110.35452,-2.14141,False,False,False,False,False,False,Di Luar Area Pantauan (>1000m dari Desa)
Kendawangan,Pangkalan Batu,"Sabtu, 12 September 2026 13:18:00",NASA-NOAA20,Medium,110.35556,-2.14824,False,False,False,False,False,False,Di Luar Area Pantauan (>1000m dari Desa)
Kendawangan,Pangkalan Batu,"Sabtu, 12 September 2026 13:18:00",NASA-NOAA20,Medium,110.35504,-2.14483,False,False,False,False,False,False,Di Luar Area Pantauan (>1000m dari Desa)
Marau,Pelanjau Jaya,"Sabtu, 12 September 2026 13:18:00",NASA-NOAA20,Medium,110.58469,-2.25685,False,False,False,False,False,False,Di Luar Area Pantauan (>1000m dari Desa)
Kendawangan,Selimantan Jaya,"Sabtu, 12 September 2026 13:18:00",NASA-NOAA20,Medium,110.58522,-2.26029,False,False,False,False,False,False,Di Luar Area Pantauan (>1000m dari Desa)
Matan Hilir Selatan,Sungai Nanjung,"Sabtu, 12 September 2026 13:18:00",NASA-NOAA20,Medium,110.15344,-2.14808,False,False,False,False,False,False,Di Luar Area Pantauan (>1000m dari Desa)
Manis Mata,Sengkuang Merabong,"Sabtu, 12 September 2026 13:18:00",NASA-NOAA20,Medium,110.96808,-2.19113,False,False,False,False,False,False,Di Luar Area Pantauan (>1000m dari Desa)
Matan Hilir Selatan,Pagar Mentimun,"Sabtu, 12 September 2026 13:18:00",NASA-NOAA20,Medium,110.18626,-2.2413,False,False,False,False,False,False,Di Luar Area Pantauan (>1000m dari Desa)
Marau,Pelanjau Jaya,"Sabtu, 12 September 2026 13:18:00",NASA-NOAA20,Medium,110.58794,-2.25283,False,False,False,False,False,False,Di Luar Area Pantauan (>1000m dari Desa)
Kendawangan,Sungai Jelayan,"Sabtu, 12 September 2026 13:18:00",NASA-NOAA20,Medium,110.45298,-2.2174,False,False,False,False,False,False,Di Luar Area Pantauan (>1000m dari Desa)
Kendawangan,Bangkal Serai,"Sabtu, 12 September 2026 13:18:00",NASA-NOAA20,Medium,110.47723,-2.37474,False,False,False,False,False,False,Di Luar Area Pantauan (>1000m dari Desa)
Manis Mata,Sengkuang Merabong,"Sabtu, 12 September 2026 13:18:00",NASA-NOAA20,Medium,110.97142,-2.18704,False,False,False,False,False,False,Di Luar Area Pantauan (>1000m dari Desa)
Kendawangan,Sungai Jelayan,"Sabtu, 12 September 2026 13:18:00",NASA-NOAA20,Medium,110.42513,-2.06058,False,False,False,False,False,False,Di Luar Area Pantauan (>1000m dari Desa)
Matan Hilir Selatan,Pesaguan Kanan,"Sabtu, 12 September 2026 13:18:00",NASA-NOAA20,Medium,110.33015,-2.05762,False,False,True,False,False,True,Di Luar Area Pantauan (>1000m dari Desa)
Marau,Batu Payung Dua,"Sabtu, 12 September 2026 13:18:00",NASA-NOAA20,Medium,110.57027,-2.03842,False,False,True,False,True,True,Di Luar Area Pantauan (>1000m dari Desa)
Marau,Batu Payung Dua,"Sabtu, 12 September 2026 13:18:00",NASA-NOAA20,Medium,110.57386,-2.03787,False,False,True,False,True,True,Di Luar Area Pantauan (>1000m dari Desa)
Matan Hilir Selatan,Pesaguan Kanan,"Sabtu, 12 September 2026 13:18:00",NASA-NOAA20,Medium,110.37544,-2.05767,False,False,False,False,False,False,Di Luar Area Pantauan (>1000m dari Desa)
Matan Hilir Selatan,Kemuning Biutak,"Sabtu, 12 September 2026 13:18:00",NASA-NOAA20,Medium,110.40558,-2.03204,False,False,False,False,False,False,Di Luar Area Pantauan (>1000m dari Desa)
Matan Hilir Selatan,Sungai Nanjung,"Sabtu, 12 September 2026 13:18:00",NASA-NOAA20,Medium,110.17739,-2.08798,False,False,False,True,False,True,Di Luar Area Pantauan (>1000m dari Desa)
Matan Hilir Selatan,Pesaguan Kanan,"Sabtu, 12 September 2026 13:18:00",NASA-NOAA20,Medium,110.3482,-2.00241,False,False,True,True,False,True,Di Luar Area Pantauan (>1000m dari Desa)
Matan Hilir Selatan,Pesaguan Kanan,"Sabtu, 12 September 2026 13:18:00",NASA-NOAA20,Medium,110.25471,-2.03085,False,False,True,True,False,True,Di Luar Area Pantauan (>1000m dari Desa)
Matan Hilir Selatan,Pesaguan Kanan,"Sabtu, 12 September 2026 13:18:00",NASA-NOAA20,Medium,110.18944,-2.04441,False,False,False,True,False,True,Di Luar Area Pantauan (>1000m dari Desa)
Matan Hilir Selatan,Pesaguan Kanan,"Sabtu, 12 September 2026 13:18:00",NASA-NOAA20,Medium,110.25838,-2.03028,False,False,True,True,False,True,Di Luar Area Pantauan (>1000m dari Desa)
Matan Hilir Selatan,Pesaguan Kanan,"Sabtu, 12 September 2026 13:18:00",NASA-NOAA20,Medium,110.32763,-2.01608,False,False,False,False,False,False,Di Luar Area Pantauan (>1000m dari Desa)
Matan Hilir Selatan,Pematang Gadung,"Sabtu, 12 September 2026 13:18:00",NASA-NOAA20,Medium,110.31868,-1.96119,False,False,True,True,False,True,Di Luar Area Pantauan (>1000m dari Desa)
Matan Hilir Selatan,Pematang Gadung,"Sabtu, 12 September 2026 13:18:00",NASA-NOAA20,Medium,110.19082,-1.98422,False,False,False,True,False,True,Di Luar Area Pantauan (>1000m dari Desa)
Matan Hilir Selatan,Pematang Gadung,"Sabtu, 12 September 2026 13:18:00",NASA-NOAA20,Medium,110.19447,-1.98366,False,False,False,True,False,True,Di Luar Area Pantauan (>1000m dari Desa)
Matan Hilir Selatan,Pematang Gadung,"Sabtu, 12 September 2026 13:18:00",NASA-NOAA20,Medium,110.32237,-1.96063,False,False,True,True,False,True,Di Luar Area Pantauan (>1000m dari Desa)
Matan Hilir Selatan,Pematang Gadung,"Sabtu, 12 September 2026 13:18:00",NASA-NOAA20,Medium,110.31499,-1.96176,False,False,True,True,False,True,Di Luar Area Pantauan (>1000m dari Desa)
Matan Hilir Selatan,Sungai Besar,"Sabtu, 12 September 2026 13:18:00",NASA-NOAA20,Medium,110.25745,-1.883,False,False,True,False,False,True,Di Luar Area Pantauan (>1000m dari Desa)
Matan Hilir Selatan,Sungai Besar,"Sabtu, 12 September 2026 13:18:00",NASA-NOAA20,Medium,110.1889,-1.87602,False,False,True,True,False,True,Di Luar Area Pantauan (>1000m dari Desa)
Kendawangan,Pembedilan,"Sabtu, 12 September 2026 13:18:00",NASA-NOAA20,Medium,110.35055,-2.76934,False,False,False,False,True,True,Di Luar Area Pantauan (>1000m dari Desa)
Kendawangan,Air Hitam Besar,"Sabtu, 12 September 2026 13:18:00",NASA-NOAA20,Medium,110.72827,-2.71417,False,False,False,False,False,False,Di Luar Area Pantauan (>1000m dari Desa)
Manis Mata,Seguling,"Sabtu, 12 September 2026 13:18:00",NASA-NOAA20,Medium,111.15006,-2.65561,False,False,False,False,False,False,Di Luar Area Pantauan (>1000m dari Desa)
Kendawangan,Air Hitam Besar,"Sabtu, 12 September 2026 13:18:00",NASA-NOAA20,Medium,110.73369,-2.69922,False,False,False,False,False,False,Di Luar Area Pantauan (>1000m dari Desa)
Kendawangan,Seriam,"Sabtu, 12 September 2026 13:18:00",NASA-NOAA20,Medium,110.32817,-2.76933,False,False,False,False,True,True,Di Luar Area Pantauan (>1000m dari Desa)
Kendawangan,Pembedilan,"Sabtu, 12 September 2026 13:18:00",NASA-NOAA20,Medium,110.35368,-2.76537,False,False,False,False,True,True,Di Luar Area Pantauan (>1000m dari Desa)
Kendawangan,Air Hitam Besar,"Sabtu, 12 September 2026 13:18:00",NASA-NOAA20,Medium,110.724,-2.71131,False,False,False,False,False,False,Di Luar Area Pantauan (>1000m dari Desa)
Kendawangan,Pembedilan,"Sabtu, 12 September 2026 13:18:00",NASA-NOAA20,Medium,110.35419,-2.76877,False,False,False,False,True,True,Di Luar Area Pantauan (>1000m dari Desa)
Kendawangan,Air Hitam Besar,"Sabtu, 12 September 2026 13:18:00",NASA-NOAA20,Medium,110.73525,-2.70956,False,False,False,False,False,False,Di Luar Area Pantauan (>1000m dari Desa)
Kendawangan,Air Hitam Besar,"Sabtu, 12 September 2026 13:18:00",NASA-NOAA20,Medium,110.7144,-2.6987,False,False,False,False,False,False,Di Luar Area Pantauan (>1000m dari Desa)
Kendawangan,Seriam,"Sabtu, 12 September 2026 13:18:00",NASA-NOAA20,Medium,110.3438,-2.74952,False,False,False,False,True,True,Di Luar Area Pantauan (>1000m dari Desa)
Kendawangan,Banjar Sari,"Sabtu, 12 September 2026 13:18:00",NASA-NOAA20,Medium,110.25118,-2.46936,False,False,False,False,False,False,Di Luar Area Pantauan (>1000m dari Desa)
Simpang Hilir,Lubuk Batu,"Sabtu, 12 September 2026 13:18:00",NASA-NOAA20,Medium,110.09737,-0.96205,False,False,False,False,False,False,Di Luar Area Pantauan (>1000m dari Desa)
Simpang Hilir,Lubuk Batu,"Sabtu, 12 September 2026 13:18:00",NASA-NOAA20,Medium,110.10428,-0.93302,False,False,False,False,False,False,Di Luar Area Pantauan (>1000m dari Desa)
Simpang Hilir,Lubuk Batu,"Sabtu, 12 September 2026 13:18:00",NASA-NOAA20,Medium,110.0937,-0.96262,False,False,False,False,False,False,Di Luar Area Pantauan (>1000m dari Desa)
Simpang Hilir,Lubuk Batu,"Sabtu, 12 September 2026 13:18:00",NASA-NOAA20,Medium,110.10052,-0.95807,False,False,False,False,False,False,Di Luar Area Pantauan (>1000m dari Desa)
Simpang Hilir,Lubuk Batu,"Sabtu, 12 September 2026 13:18:00",NASA-NOAA20,Medium,110.09691,-0.93416,False,False,False,False,False,False,Di Luar Area Pantauan (>1000m dari Desa)
Serawai,Teluk Harapan,"Sabtu, 12 September 2026 13:18:00",NASA-NOAA20,Medium,112.43485,-0.50216,False,False,False,False,False,False,Di Luar Area Pantauan (>1000m dari Desa)
Menukung,Belaban Ella,"Sabtu, 12 September 2026 13:18:00",NASA-NOAA20,Medium,112.19054,-0.50904,False,False,False,False,False,False,Di Luar Area Pantauan (>1000m dari Desa)
Simpang Hilir,Lubuk Batu,"Sabtu, 12 September 2026 13:18:00",NASA-NOAA20,Medium,110.09624,-0.93393,False,False,False,False,False,False,Di Luar Area Pantauan (>1000m dari Desa)
Simpang Dua,Kampar Sebomban,"Sabtu, 12 September 2026 13:18:00",NASA-NOAA20,Medium,110.16682,-0.82511,False,False,True,False,False,True,Di Luar Area Pantauan (>1000m dari Desa)
Simpang Hilir,Matan Jaya,"Sabtu, 12 September 2026 13:18:00",NASA-NOAA20,Medium,110.12907,-1.0447,False,False,False,False,False,False,Di Luar Area Pantauan (>1000m dari Desa)
Simpang Hilir,Lubuk Batu,"Sabtu, 12 September 2026 13:18:00",NASA-NOAA20,Medium,110.12001,-0.91635,False,False,False,False,False,False,Di Luar Area Pantauan (>1000m dari Desa)
Pulau Maya,Dusun Besar,"Sabtu, 12 September 2026 13:18:00",NASA-NOAA20,Medium,109.49219,-1.11013,False,False,True,False,False,True,Di Luar Area Pantauan (>1000m dari Desa)
Simpang Hilir,Lubuk Batu,"Sabtu, 12 September 2026 13:18:00",NASA-NOAA20,Medium,110.0958,-0.95181,False,False,False,False,False,False,Di Luar Area Pantauan (>1000m dari Desa)
Simpang Hilir,Matan Jaya,"Sabtu, 12 September 2026 13:18:00",NASA-NOAA20,Medium,110.12538,-1.04527,False,False,False,False,False,False,Di Luar Area Pantauan (>1000m dari Desa)
Simpang Hilir,Matan Jaya,"Sabtu, 12 September 2026 13:18:00",NASA-NOAA20,Medium,110.17859,-1.04752,False,False,False,False,False,False,Di Luar Area Pantauan (>1000m dari Desa)
Simpang Dua,Kampar Sebomban,"Sabtu, 12 September 2026 13:18:00",NASA-NOAA20,Medium,110.17923,-0.90735,False,False,False,False,False,False,Di Luar Area Pantauan (>1000m dari Desa)
Simpang Dua,Kampar Sebomban,"Sabtu, 12 September 2026 13:18:00",NASA-NOAA20,Medium,110.18295,-0.90679,False,False,False,False,False,False,Di Luar Area Pantauan (>1000m dari Desa)
Sungai Laur,Sepotong,"Sabtu, 12 September 2026 13:18:00",NASA-NOAA20,Medium,110.51524,-0.83858,False,False,False,False,False,False,Di Luar Area Pantauan (>1000m dari Desa)
Simpang Dua,Kampar Sebomban,"Sabtu, 12 September 2026 13:18:00",NASA-NOAA20,Medium,110.26871,-0.89728,False,False,True,False,False,True,Di Luar Area Pantauan (>1000m dari Desa)
Batu Ampar,Teluknibung,"Sabtu, 12 September 2026 13:18:00",NASA-NOAA20,Medium,109.52423,-0.82621,False,True,True,True,True,True,Prioritas 3 (Rendah)
Belitang Hilir,Semadu,"Sabtu, 12 September 2026 13:18:00",NASA-NOAA20,Medium,111.05721,0.29567,False,False,False,False,False,False,Di Luar Area Pantauan (>1000m dari Desa)
Batu Ampar,Batu Ampar,"Sabtu, 12 September 2026 13:18:00",NASA-NOAA20,Medium,109.52266,-0.79339,False,False,True,True,True,True,Di Luar Area Pantauan (>1000m dari Desa)
Simpang Hulu,Semandang Kiri,"Sabtu, 12 September 2026 13:18:00",NASA-NOAA20,Medium,110.39079,-0.65819,False,False,False,False,False,False,Di Luar Area Pantauan (>1000m dari Desa)
Batu Ampar,Tanjungharapan,"Sabtu, 12 September 2026 13:18:00",NASA-NOAA20,Medium,109.5293,-0.83574,True,False,True,True,True,True,Prioritas 1 (Tinggi)
Batu Ampar,Tanjungharapan,"Sabtu, 12 September 2026 13:18:00",NASA-NOAA20,Medium,109.52574,-0.83629,True,False,True,True,True,True,Prioritas 1 (Tinggi)
Simpang Hulu,Semandang Kiri,"Sabtu, 12 September 2026 13:18:00",NASA-NOAA20,Medium,110.39835,-0.65704,False,False,False,False,False,False,Di Luar Area Pantauan (>1000m dari Desa)
Simpang Hulu,Semandang Kiri,"Sabtu, 12 September 2026 13:18:00",NASA-NOAA20,Medium,110.39418,-0.62934,False,False,False,False,False,False,Di Luar Area Pantauan (>1000m dari Desa)
Nanga Mahap,Karang Betung,"Sabtu, 12 September 2026 13:18:00",NASA-NOAA20,Medium,110.83366,-0.63468,True,False,True,False,False,True,Prioritas 1 (Tinggi)
Simpang Hulu,Semandang Kiri,"Sabtu, 12 September 2026 13:18:00",NASA-NOAA20,Medium,110.42944,-0.63105,False,False,False,False,False,False,Di Luar Area Pantauan (>1000m dari Desa)
Serawai,Limbur Bernaung Lestari,"Sabtu, 12 September 2026 13:18:00",NASA-NOAA20,Medium,112.57744,-0.15096,False,False,False,False,True,True,Di Luar Area Pantauan (>1000m dari Desa)
Sekadau Hulu,Tapang Perodah,"Sabtu, 12 September 2026 13:18:00",NASA-NOAA20,Medium,111.03255,-0.1734,False,False,False,False,False,False,Di Luar Area Pantauan (>1000m dari Desa)
Sungai Raya,Kalibandung,"Sabtu, 12 September 2026 13:18:00",NASA-NOAA20,Medium,109.71335,-0.31632,False,False,False,True,False,True,Di Luar Area Pantauan (>1000m dari Desa)
Sungai Raya,Muara Baru,"Sabtu, 12 September 2026 13:18:00",NASA-NOAA20,Medium,109.71645,-0.31238,False,False,False,True,False,True,Di Luar Area Pantauan (>1000m dari Desa)
Kayan Hulu,Riam Panjang,"Sabtu, 12 September 2026 13:18:00",NASA-NOAA20,Medium,112.16988,0.02992,False,False,False,False,False,False,Di Luar Area Pantauan (>1000m dari Desa)
Nanga Pinoh,Nanga Kayan,"Sabtu, 12 September 2026 13:18:00",NASA-NOAA20,Medium,111.64393,-0.20241,False,False,False,True,False,True,Di Luar Area Pantauan (>1000m dari Desa)
Meliau,Pampang Dua,"Sabtu, 12 September 2026 13:18:00",NASA-NOAA20,Medium,110.44763,-0.20838,False,False,False,False,False,False,Di Luar Area Pantauan (>1000m dari Desa)
Kayan Hulu,Nanga Abai,"Sabtu, 12 September 2026 13:18:00",NASA-NOAA20,Medium,112.28524,-0.06221,False,False,False,False,False,False,Di Luar Area Pantauan (>1000m dari Desa)
Belimbing,Sepan Tonak,"Sabtu, 12 September 2026 13:18:00",NASA-NOAA20,Medium,111.61079,-0.21884,False,False,False,True,False,True,Di Luar Area Pantauan (>1000m dari Desa)
Sungai Raya,Kalibandung,"Sabtu, 12 September 2026 13:18:00",NASA-NOAA20,Medium,109.63174,-0.33909,False,False,False,True,False,True,Di Luar Area Pantauan (>1000m dari Desa)
Kalis,Nanga Raun,"Sabtu, 12 September 2026 13:18:00",NASA-NOAA20,Medium,113.11856,0.7248,False,False,True,False,False,True,Di Luar Area Pantauan (>1000m dari Desa)
Sungai Ambawang,Teluk Bakung,"Sabtu, 12 September 2026 13:18:00",NASA-NOAA20,Medium,109.66299,-0.13234,False,False,True,True,False,True,Di Luar Area Pantauan (>1000m dari Desa)
Belitang Hilir,Entabuk,"Sabtu, 12 September 2026 13:18:00",NASA-NOAA20,Medium,111.12944,0.14873,False,False,False,False,False,False,Di Luar Area Pantauan (>1000m dari Desa)
Belitang Hilir,Sepantak,"Sabtu, 12 September 2026 13:18:00",NASA-NOAA20,Medium,111.02596,0.10717,False,False,False,False,False,False,Di Luar Area Pantauan (>1000m dari Desa)
Belitang,Belitang Satu,"Sabtu, 12 September 2026 13:18:00",NASA-NOAA20,Medium,111.2803,0.14205,False,False,False,False,False,False,Di Luar Area Pantauan (>1000m dari Desa)
Silat Hulu,Dangkan Kota,"Sabtu, 12 September 2026 13:18:00",NASA-NOAA20,Medium,112.00584,0.22892,False,False,False,False,False,False,Di Luar Area Pantauan (>1000m dari Desa)
Sungai Ambawang,Teluk Bakung,"Sabtu, 12 September 2026 13:18:00",NASA-NOAA20,Medium,109.65987,-0.13628,False,False,False,True,False,True,Di Luar Area Pantauan (>1000m dari Desa)
Sungai Ambawang,Teluk Bakung,"Sabtu, 12 September 2026 13:18:00",NASA-NOAA20,Medium,109.6635,-0.13572,False,False,True,True,False,True,Di Luar Area Pantauan (>1000m dari Desa)
Belitang Hulu,Kumpang Ilong,"Sabtu, 12 September 2026 13:18:00",NASA-NOAA20,Medium,111.13609,0.4223,False,False,False,False,False,False,Di Luar Area Pantauan (>1000m dari Desa)
Kalis,Tapang Da'an,"Sabtu, 12 September 2026 13:18:00",NASA-NOAA20,Medium,113.06937,0.72482,False,False,False,False,False,False,Di Luar Area Pantauan (>1000m dari Desa)
Putussibau Utara,Ariung Mendalam,"Sabtu, 12 September 2026 13:18:00",NASA-NOAA20,Medium,112.95564,0.87007,False,False,False,False,False,False,Di Luar Area Pantauan (>1000m dari Desa)
Ketungau Hulu,Sungai Mawang,"Sabtu, 12 September 2026 13:18:00",NASA-NOAA20,Medium,111.31527,0.87606,False,False,False,False,True,True,Di Luar Area Pantauan (>1000m dari Desa)
Ketungau Hulu,Sungai Mawang,"Sabtu, 12 September 2026 13:18:00",NASA-NOAA20,Medium,111.32246,0.88169,False,False,False,False,True,True,Di Luar Area Pantauan (>1000m dari Desa)
Ketungau Hulu,Sungai Mawang,"Sabtu, 12 September 2026 13:18:00",NASA-NOAA20,Medium,111.33109,0.88304,False,False,False,False,True,True,Di Luar Area Pantauan (>1000m dari Desa)
Ketungau Tengah,Swadaya,"Sabtu, 12 September 2026 13:18:00",NASA-NOAA20,Medium,111.46622,0.75001,False,False,False,False,False,False,Di Luar Area Pantauan (>1000m dari Desa)
Ketungau Hulu,Sekaih,"Sabtu, 12 September 2026 13:18:00",NASA-NOAA20,Medium,111.21908,0.87294,False,False,False,False,False,False,Di Luar Area Pantauan (>1000m dari Desa)
Ketungau Hulu,Sungai Mawang,"Sabtu, 12 September 2026 13:18:00",NASA-NOAA20,Medium,111.31905,0.88038,False,False,False,False,True,True,Di Luar Area Pantauan (>1000m dari Desa)
Belitang Hulu,Sungaiantu Hulu,"Sabtu, 12 September 2026 13:18:00",NASA-NOAA20,Medium,111.16102,0.64375,False,False,False,False,False,False,Di Luar Area Pantauan (>1000m dari Desa)
Ketungau Tengah,Swadaya,"Sabtu, 12 September 2026 13:18:00",NASA-NOAA20,Medium,111.46676,0.74631,False,False,False,False,False,False,Di Luar Area Pantauan (>1000m dari Desa)
Belitang Hilir,Empajak,"Sabtu, 12 September 2026 13:18:00",NASA-NOAA20,Medium,111.04977,0.22653,False,False,False,False,False,False,Di Luar Area Pantauan (>1000m dari Desa)
Mukok,Semuntai,"Sabtu, 12 September 2026 13:18:00",NASA-NOAA20,Medium,110.75422,0.07316,False,False,False,False,False,False,Di Luar Area Pantauan (>1000m dari Desa)
Ketungau Hilir,Baung Sengatap,"Sabtu, 12 September 2026 13:18:00",NASA-NOAA20,Medium,111.41015,0.35271,False,False,False,False,False,False,Di Luar Area Pantauan (>1000m dari Desa)
Silat Hilir,Seberu,"Sabtu, 12 September 2026 13:18:00",NASA-NOAA20,Medium,111.91467,0.28453,False,False,False,False,False,False,Di Luar Area Pantauan (>1000m dari Desa)
Simpang Dua,Kampar Sebomban,"Sabtu, 12 September 2026 13:18:00",NASA-NOAA20,Medium,110.15251,-0.83084,False,False,True,False,False,True,Di Luar Area Pantauan (>1000m dari Desa)
Sungai Laur,Sepotong,"Sabtu, 12 September 2026 13:18:00",NASA-NOAA20,Medium,110.49751,-0.79867,False,False,False,False,False,False,Di Luar Area Pantauan (>1000m dari Desa)
Menukung,Belaban Ella,"Sabtu, 12 September 2026 13:18:00",NASA-NOAA20,Medium,112.18539,-0.50597,False,False,False,False,False,False,Di Luar Area Pantauan (>1000m dari Desa)
Ketungau Hulu,Sungai Mawang,"Sabtu, 12 September 2026 13:18:00",NASA-NOAA20,Medium,111.32166,0.89206,False,False,False,False,True,True,Di Luar Area Pantauan (>1000m dari Desa)
Belitang Hilir,Kumpang Bis,"Sabtu, 12 September 2026 13:18:00",NASA-NOAA20,Medium,111.02485,0.25216,False,False,False,False,False,False,Di Luar Area Pantauan (>1000m dari Desa)
Simpang Hilir,Batu Barat,"Sabtu, 12 September 2026 13:18:00",NASA-NOAA20,Medium,110.02909,-0.98304,False,False,True,True,False,True,Di Luar Area Pantauan (>1000m dari Desa)
Simpang Hulu,Sekucing Labai,"Sabtu, 12 September 2026 13:18:00",NASA-NOAA20,Medium,110.12267,-0.48879,False,False,False,False,False,False,Di Luar Area Pantauan (>1000m dari Desa)
Dedai,Umin Jaya,"Sabtu, 12 September 2026 13:18:00",NASA-NOAA20,Medium,111.8232,0.00757,False,False,False,False,False,False,Di Luar Area Pantauan (>1000m dari Desa)
Simpang Hilir,Matan Jaya,"Sabtu, 12 September 2026 13:18:00",NASA-NOAA20,Medium,110.15729,-1.1068,False,False,False,False,True,True,Di Luar Area Pantauan (>1000m dari Desa)
Simpang Hilir,Matan Jaya,"Sabtu, 12 September 2026 13:18:00",NASA-NOAA20,Medium,110.15409,-1.11078,False,False,False,False,True,True,Di Luar Area Pantauan (>1000m dari Desa)
Simpang Hilir,Penjalaan,"Sabtu, 12 September 2026 13:18:00",NASA-NOAA20,Medium,110.05579,-1.13275,False,False,True,True,False,True,Di Luar Area Pantauan (>1000m dari Desa)
Sukadana,Pampang Harapan,"Sabtu, 12 September 2026 13:18:00",NASA-NOAA20,Medium,109.99042,-1.26874,False,False,False,False,False,False,Di Luar Area Pantauan (>1000m dari Desa)
Kayan Hilir,Lalang Inggar,"Sabtu, 12 September 2026 13:18:00",NASA-NOAA20,Medium,112.03136,0.00435,False,False,False,False,False,False,Di Luar Area Pantauan (>1000m dari Desa)
Simpang Dua,Kampar Sebomban,"Sabtu, 12 September 2026 13:18:00",NASA-NOAA20,Medium,110.26312,-0.80667,False,False,True,False,False,True,Di Luar Area Pantauan (>1000m dari Desa)
Simpang Hilir,Nipah Kuning,"Sabtu, 12 September 2026 13:18:00",NASA-NOAA20,Medium,109.95429,-1.05711,False,False,False,True,False,True,Di Luar Area Pantauan (>1000m dari Desa)
Pulau Maya,Dusun Besar,"Sabtu, 12 September 2026 13:18:00",NASA-NOAA20,Medium,109.49326,-1.11682,False,False,False,True,False,True,Di Luar Area Pantauan (>1000m dari Desa)
Pulau Maya,Dusun Besar,"Sabtu, 12 September 2026 13:18:00",NASA-NOAA20,Medium,109.4963,-1.11293,False,False,False,False,False,False,Di Luar Area Pantauan (>1000m dari Desa)
Sungai Laur,Kepari,"Sabtu, 12 September 2026 13:18:00",NASA-NOAA20,Medium,110.63454,-0.92543,False,False,True,False,False,True,Di Luar Area Pantauan (>1000m dari Desa)
Hulu Sungai,Krio Hulu,"Sabtu, 12 September 2026 13:18:00",NASA-NOAA20,Medium,110.85831,-0.87682,False,False,True,False,False,True,Di Luar Area Pantauan (>1000m dari Desa)
Batu Ampar,Tanjungberingin,"Sabtu, 12 September 2026 13:18:00",NASA-NOAA20,Medium,109.92326,-0.51897,False,False,True,False,False,True,Di Luar Area Pantauan (>1000m dari Desa)
Simpang Hulu,Merawa,"Sabtu, 12 September 2026 13:18:00",NASA-NOAA20,Medium,110.41358,-0.50017,False,False,False,False,False,False,Di Luar Area Pantauan (>1000m dari Desa)
Simpang Hilir,Penjalaan,"Sabtu, 12 September 2026 13:18:00",NASA-NOAA20,Medium,110.0616,-1.12141,False,False,True,False,False,True,Di Luar Area Pantauan (>1000m dari Desa)
Simpang Hilir,Matan Jaya,"Sabtu, 12 September 2026 13:18:00",NASA-NOAA20,Medium,110.15779,-1.11022,False,False,False,False,True,True,Di Luar Area Pantauan (>1000m dari Desa)
Simpang Hilir,Penjalaan,"Sabtu, 12 September 2026 13:18:00",NASA-NOAA20,Medium,110.05528,-1.12934,False,False,True,True,False,True,Di Luar Area Pantauan (>1000m dari Desa)
Simpang Hulu,Sekucing Labai,"Sabtu, 12 September 2026 13:18:00",NASA-NOAA20,Medium,110.12215,-0.48536,False,False,False,False,False,False,Di Luar Area Pantauan (>1000m dari Desa)
Serawai,Limbur Bernaung Lestari,"Sabtu, 12 September 2026 13:18:00",NASA-NOAA20,Medium,112.5783,-0.15482,False,False,False,False,True,True,Di Luar Area Pantauan (>1000m dari Desa)
Batu Ampar,Batu Ampar,"Sabtu, 12 September 2026 13:18:00",NASA-NOAA20,Medium,109.55474,-0.78852,False,False,True,True,True,True,Di Luar Area Pantauan (>1000m dari Desa)
Sandai,Demit,"Sabtu, 12 September 2026 13:18:00",NASA-NOAA20,Medium,110.68012,-1.25469,False,False,False,False,False,False,Di Luar Area Pantauan (>1000m dari Desa)
Nanga Tayap,Pangkalan Teluk,"Sabtu, 12 September 2026 13:18:00",NASA-NOAA20,Medium,110.37164,-1.36818,False,False,False,False,True,True,Di Luar Area Pantauan (>1000m dari Desa)
Nanga Taman,Lubuk Tajau,"Sabtu, 12 September 2026 13:18:00",NASA-NOAA20,Medium,110.80642,-0.36736,False,True,False,False,False,False,Prioritas 3 (Rendah)
Simpang Hilir,Matan Jaya,"Sabtu, 12 September 2026 13:18:00",NASA-NOAA20,Medium,110.27191,-1.13827,False,False,True,False,True,True,Di Luar Area Pantauan (>1000m dari Desa)
Simpang Hilir,Matan Jaya,"Sabtu, 12 September 2026 13:18:00",NASA-NOAA20,Medium,110.14987,-1.10793,False,False,True,False,True,True,Di Luar Area Pantauan (>1000m dari Desa)
Simpang Hilir,Matan Jaya,"Sabtu, 12 September 2026 13:18:00",NASA-NOAA20,Medium,110.15678,-1.10338,False,False,False,False,True,True,Di Luar Area Pantauan (>1000m dari Desa)
Sungai Raya,Kalibandung,"Sabtu, 12 September 2026 13:18:00",NASA-NOAA20,Medium,109.71284,-0.31293,False,False,False,True,False,True,Di Luar Area Pantauan (>1000m dari Desa)
Simpang Hulu,Kualan Hilir,"Sabtu, 12 September 2026 13:18:00",NASA-NOAA20,Medium,110.20351,-0.49016,False,False,False,False,False,False,Di Luar Area Pantauan (>1000m dari Desa)
Kayan Hulu,Nangkak Lestari,"Sabtu, 12 September 2026 13:18:00",NASA-NOAA20,Medium,112.19699,-0.05588,False,False,False,False,False,False,Di Luar Area Pantauan (>1000m dari Desa)
Simpang Hilir,Lubuk Batu,"Sabtu, 12 September 2026 13:18:00",NASA-NOAA20,Medium,110.1011,-0.93701,False,False,False,False,False,False,Di Luar Area Pantauan (>1000m dari Desa)
Menukung,Belaban Ella,"Sabtu, 12 September 2026 13:18:00",NASA-NOAA20,Medium,112.18739,-0.51007,False,False,False,False,False,False,Di Luar Area Pantauan (>1000m dari Desa)
Nanga Mahap,Karang Betung,"Sabtu, 12 September 2026 13:18:00",NASA-NOAA20,Medium,110.90653,-0.65962,True,True,False,False,False,False,Prioritas 2 (Sedang)
Simpang Hulu,Paoh Concong,"Sabtu, 12 September 2026 13:18:00",NASA-NOAA20,Medium,110.43791,-0.68874,False,False,False,False,False,False,Di Luar Area Pantauan (>1000m dari Desa)
Batu Ampar,Tanjungharapan,"Sabtu, 12 September 2026 13:18:00",NASA-NOAA20,Medium,109.52523,-0.85699,True,False,False,True,True,True,Prioritas 1 (Tinggi)
Simpang Dua,Semandang Kanan,"Sabtu, 12 September 2026 13:18:00",NASA-NOAA20,Medium,110.33111,-0.77585,False,False,False,False,False,False,Di Luar Area Pantauan (>1000m dari Desa)
Matan Hilir Utara,Kuala Satong,"Sabtu, 12 September 2026 13:18:00",NASA-NOAA20,Medium,110.12595,-1.41998,False,False,False,True,False,True,Di Luar Area Pantauan (>1000m dari Desa)
Hulu Sungai,Lubuk Kakap,"Sabtu, 12 September 2026 13:18:00",NASA-NOAA20,Medium,111.13638,-1.27548,False,False,True,False,False,True,Di Luar Area Pantauan (>1000m dari Desa)
Matan Hilir Utara,Tanjung Baik Budi,"Sabtu, 12 September 2026 13:18:00",NASA-NOAA20,Medium,110.09119,-1.5547,False,False,True,True,False,True,Di Luar Area Pantauan (>1000m dari Desa)
Muara Pawan,Ulak Medang,"Sabtu, 12 September 2026 13:18:00",NASA-NOAA20,Medium,110.30197,-1.63114,False,False,False,True,False,True,Di Luar Area Pantauan (>1000m dari Desa)
Matan Hilir Utara,Tanjung Baik Budi,"Sabtu, 12 September 2026 13:18:00",NASA-NOAA20,Medium,110.18015,-1.52366,False,False,False,True,False,True,Di Luar Area Pantauan (>1000m dari Desa)
Nanga Tayap,Tanjung Medan,"Sabtu, 12 September 2026 13:18:00",NASA-NOAA20,Medium,110.44462,-1.46544,False,False,False,False,True,True,Di Luar Area Pantauan (>1000m dari Desa)
Muara Pawan,Ulak Medang,"Sabtu, 12 September 2026 13:18:00",NASA-NOAA20,Medium,110.30249,-1.63456,False,False,False,True,False,True,Di Luar Area Pantauan (>1000m dari Desa)
Ketungau Hulu,Sekaih,"Sabtu, 12 September 2026 13:18:00",NASA-NOAA20,Medium,111.21892,0.86933,False,False,False,False,False,False,Di Luar Area Pantauan (>1000m dari Desa)
Ketungau Hulu,Sungai Kelik,"Sabtu, 12 September 2026 13:18:00",NASA-NOAA20,Medium,111.20387,0.98288,False,False,False,False,False,False,Di Luar Area Pantauan (>1000m dari Desa)
Ketungau Tengah,Gut Jaya Bhakti,"Sabtu, 12 September 2026 13:18:00",NASA-NOAA20,Medium,111.37769,0.90423,False,False,False,False,False,False,Di Luar Area Pantauan (>1000m dari Desa)
Kayan Hulu,Nangkak Lestari,"Sabtu, 12 September 2026 13:18:00",NASA-NOAA20,Medium,112.17057,-0.04034,False,False,False,False,False,False,Di Luar Area Pantauan (>1000m dari Desa)
Sungai Raya,Kalibandung,"Sabtu, 12 September 2026 13:18:00",NASA-NOAA20,Medium,109.71181,-0.30615,False,False,True,True,False,True,Di Luar Area Pantauan (>1000m dari Desa)
Menukung,Sampak,"Sabtu, 12 September 2026 13:18:00",NASA-NOAA20,Medium,112.251,-0.49953,False,False,False,False,False,False,Di Luar Area Pantauan (>1000m dari Desa)
Simpang Hilir,Batu Barat,"Sabtu, 12 September 2026 13:18:00",NASA-NOAA20,Medium,110.03642,-0.98192,False,False,False,True,False,True,Di Luar Area Pantauan (>1000m dari Desa)
Simpang Hilir,Lubuk Batu,"Sabtu, 12 September 2026 13:18:00",NASA-NOAA20,Medium,110.09846,-0.94441,False,False,False,False,False,False,Di Luar Area Pantauan (>1000m dari Desa)
Simpang Dua,Semandang Kanan,"Sabtu, 12 September 2026 13:18:00",NASA-NOAA20,Medium,110.30699,-0.76894,False,False,False,False,False,False,Di Luar Area Pantauan (>1000m dari Desa)
Nanga Tayap,Sungai Kelik,"Sabtu, 12 September 2026 13:18:00",NASA-NOAA20,Medium,110.30619,-1.63399,False,False,False,True,False,True,Di Luar Area Pantauan (>1000m dari Desa)
Nanga Tayap,Sepakat Jaya,"Sabtu, 12 September 2026 13:18:00",NASA-NOAA20,Medium,110.66327,-1.45301,False,False,True,False,False,True,Di Luar Area Pantauan (>1000m dari Desa)
Muara Pawan,Ulak Medang,"Sabtu, 12 September 2026 13:18:00",NASA-NOAA20,Medium,110.25056,-1.51635,False,False,True,True,False,True,Di Luar Area Pantauan (>1000m dari Desa)
Nanga Tayap,Mensubang,"Sabtu, 12 September 2026 13:18:00",NASA-NOAA20,Medium,110.45566,-1.31364,False,False,False,False,False,False,Di Luar Area Pantauan (>1000m dari Desa)
Sungai Raya,Kalibandung,"Sabtu, 12 September 2026 13:18:00",NASA-NOAA20,Medium,109.64667,-0.34029,False,False,False,True,False,True,Di Luar Area Pantauan (>1000m dari Desa)
Meliau,Kuala Rosan,"Sabtu, 12 September 2026 13:18:00",NASA-NOAA20,Medium,110.52059,-0.22375,False,False,False,False,False,False,Di Luar Area Pantauan (>1000m dari Desa)
Sungai Raya,Kalibandung,"Sabtu, 12 September 2026 13:18:00",NASA-NOAA20,Medium,109.67195,-0.33645,False,False,False,False,False,False,Di Luar Area Pantauan (>1000m dari Desa)
Belitang Hilir,Kumpang Bis,"Sabtu, 12 September 2026 13:18:00",NASA-NOAA20,Medium,111.0342,0.24623,False,False,False,False,False,False,Di Luar Area Pantauan (>1000m dari Desa)
Ketungau Tengah,Sumber Sari,"Sabtu, 12 September 2026 13:18:00",NASA-NOAA20,Medium,111.34644,0.77684,False,False,False,False,False,False,Di Luar Area Pantauan (>1000m dari Desa)
Jangkang,Terati,"Sabtu, 12 September 2026 13:18:00",NASA-NOAA20,Medium,110.70698,0.3337,False,False,False,False,False,False,Di Luar Area Pantauan (>1000m dari Desa)
Kapuas,Kelurahan Tanjung Kapuas,"Sabtu, 12 September 2026 13:18:00",NASA-NOAA20,Medium,110.64215,0.19339,False,False,False,False,False,False,Di Luar Area Pantauan (>1000m dari Desa)
Sungai Laur,Sepotong,"Sabtu, 12 September 2026 13:18:00",NASA-NOAA20,Medium,110.51038,-0.83222,False,False,False,False,False,False,Di Luar Area Pantauan (>1000m dari Desa)
Simpang Hilir,Lubuk Batu,"Sabtu, 12 September 2026 13:18:00",NASA-NOAA20,Medium,110.11684,-0.92033,False,False,False,False,False,False,Di Luar Area Pantauan (>1000m dari Desa)
Simpang Hulu,Semandang Hulu,"Sabtu, 12 September 2026 13:18:00",NASA-NOAA20,Medium,110.48016,-0.60553,False,False,False,False,False,False,Di Luar Area Pantauan (>1000m dari Desa)
Simpang Hulu,Semandang Hulu,"Sabtu, 12 September 2026 13:18:00",NASA-NOAA20,Medium,110.47965,-0.60206,False,False,False,False,False,False,Di Luar Area Pantauan (>1000m dari Desa)
Kendawangan,Mekar Utama,"Sabtu, 12 September 2026 13:18:00",NASA-NOAA20,Medium,110.19255,-2.49923,False,False,False,False,False,False,Di Luar Area Pantauan (>1000m dari Desa)
Kendawangan,Banjar Sari,"Sabtu, 12 September 2026 13:18:00",NASA-NOAA20,Medium,110.24337,-2.49141,False,False,False,False,False,False,Di Luar Area Pantauan (>1000m dari Desa)
Kendawangan,Banjar Sari,"Sabtu, 12 September 2026 13:18:00",NASA-NOAA20,Medium,110.46442,-2.41538,False,False,False,False,True,True,Di Luar Area Pantauan (>1000m dari Desa)
Kendawangan,Banjar Sari,"Sabtu, 12 September 2026 13:18:00",NASA-NOAA20,Medium,110.25737,-2.5101,False,False,False,False,False,False,Di Luar Area Pantauan (>1000m dari Desa)
Kendawangan,Airhitam Hulu,"Sabtu, 12 September 2026 13:18:00",NASA-NOAA20,Medium,110.61292,-2.66221,False,False,False,False,False,False,Di Luar Area Pantauan (>1000m dari Desa)
Manis Mata,Suak Burung,"Sabtu, 12 September 2026 13:18:00",NASA-NOAA20,Medium,111.03931,-2.32208,False,False,False,False,False,False,Di Luar Area Pantauan (>1000m dari Desa)
Kendawangan,Airhitam Hulu,"Sabtu, 12 September 2026 13:18:00",NASA-NOAA20,Medium,110.6162,-2.6336,False,False,True,False,False,True,Di Luar Area Pantauan (>1000m dari Desa)
Kendawangan,Kendawangan Kanan,"Sabtu, 12 September 2026 13:18:00",NASA-NOAA20,Medium,110.25697,-2.74469,False,False,False,False,True,True,Di Luar Area Pantauan (>1000m dari Desa)
Kendawangan,Air Hitam Besar,"Sabtu, 12 September 2026 13:18:00",NASA-NOAA20,Medium,110.73685,-2.71989,False,False,False,False,False,False,Di Luar Area Pantauan (>1000m dari Desa)
Kendawangan,Seriam,"Sabtu, 12 September 2026 13:18:00",NASA-NOAA20,Medium,110.35265,-2.75858,False,False,False,False,True,True,Di Luar Area Pantauan (>1000m dari Desa)
Kendawangan,Air Hitam Besar,"Sabtu, 12 September 2026 13:18:00",NASA-NOAA20,Medium,110.72243,-2.70098,False,False,False,False,False,False,Di Luar Area Pantauan (>1000m dari Desa)
Kendawangan,Seriam,"Sabtu, 12 September 2026 13:18:00",NASA-NOAA20,Medium,110.34534,-2.75971,False,False,False,False,True,True,Di Luar Area Pantauan (>1000m dari Desa)
Kendawangan,Air Hitam Besar,"Sabtu, 12 September 2026 13:18:00",NASA-NOAA20,Medium,110.72191,-2.69753,False,False,False,False,False,False,Di Luar Area Pantauan (>1000m dari Desa)
Kendawangan,Seriam,"Sabtu, 12 September 2026 13:18:00",NASA-NOAA20,Medium,110.30158,-2.74482,False,False,False,True,True,True,Di Luar Area Pantauan (>1000m dari Desa)
Kendawangan,Air Hitam Besar,"Sabtu, 12 September 2026 13:18:00",NASA-NOAA20,Medium,110.74113,-2.72275,False,False,True,False,False,True,Di Luar Area Pantauan (>1000m dari Desa)
Kendawangan,Airhitam Hulu,"Sabtu, 12 September 2026 13:18:00",NASA-NOAA20,Medium,110.51234,-2.62519,False,False,False,False,True,True,Di Luar Area Pantauan (>1000m dari Desa)
Kendawangan,Natai Kuini,"Sabtu, 12 September 2026 13:18:00",NASA-NOAA20,Medium,110.71214,-2.93391,False,False,False,False,False,False,Di Luar Area Pantauan (>1000m dari Desa)
Kendawangan,Natai Kuini,"Sabtu, 12 September 2026 13:18:00",NASA-NOAA20,Medium,110.9699,-2.82436,False,False,False,False,False,False,Di Luar Area Pantauan (>1000m dari Desa)
Kendawangan,Natai Kuini,"Sabtu, 12 September 2026 13:18:00",NASA-NOAA20,Medium,110.84129,-2.7982,False,False,False,False,True,True,Di Luar Area Pantauan (>1000m dari Desa)
Kendawangan,Pembedilan,"Sabtu, 12 September 2026 13:18:00",NASA-NOAA20,Medium,110.30905,-2.93654,False,False,False,False,True,True,Di Luar Area Pantauan (>1000m dari Desa)
Kendawangan,Pembedilan,"Sabtu, 12 September 2026 13:18:00",NASA-NOAA20,Medium,110.31009,-2.94332,False,False,False,False,True,True,Di Luar Area Pantauan (>1000m dari Desa)
Kendawangan,Seriam,"Sabtu, 12 September 2026 13:18:00",NASA-NOAA20,Medium,110.3495,-2.76254,False,False,False,False,True,True,Di Luar Area Pantauan (>1000m dari Desa)
Kendawangan,Pembedilan,"Sabtu, 12 September 2026 13:18:00",NASA-NOAA20,Medium,110.35003,-2.76594,False,False,False,False,True,True,Di Luar Area Pantauan (>1000m dari Desa)
Kendawangan,Air Hitam Besar,"Sabtu, 12 September 2026 13:18:00",NASA-NOAA20,Medium,110.73578,-2.713,False,False,False,False,False,False,Di Luar Area Pantauan (>1000m dari Desa)
Kendawangan,Air Hitam Besar,"Sabtu, 12 September 2026 13:18:00",NASA-NOAA20,Medium,110.64214,-2.77675,False,False,False,False,False,False,Di Luar Area Pantauan (>1000m dari Desa)
Manis Mata,Suka Ramai,"Sabtu, 12 September 2026 13:18:00",NASA-NOAA20,Medium,111.09196,-2.71834,False,False,False,False,False,False,Di Luar Area Pantauan (>1000m dari Desa)
Kendawangan,Bangkal Serai,"Sabtu, 12 September 2026 13:18:00",NASA-NOAA20,Medium,110.50124,-2.48323,False,False,False,False,True,True,Di Luar Area Pantauan (>1000m dari Desa)
Kendawangan,Banjar Sari,"Sabtu, 12 September 2026 13:18:00",NASA-NOAA20,Medium,110.24391,-2.47049,False,False,False,True,False,True,Di Luar Area Pantauan (>1000m dari Desa)
Kendawangan,Bangkal Serai,"Sabtu, 12 September 2026 13:18:00",NASA-NOAA20,Medium,110.52728,-2.57372,False,False,False,False,True,True,Di Luar Area Pantauan (>1000m dari Desa)
Kendawangan,Banjar Sari,"Sabtu, 12 September 2026 13:18:00",NASA-NOAA20,Medium,110.25531,-2.49652,False,False,False,False,False,False,Di Luar Area Pantauan (>1000m dari Desa)
Kendawangan,Airhitam Hulu,"Sabtu, 12 September 2026 13:18:00",NASA-NOAA20,Medium,110.60973,-2.66621,False,False,False,False,False,False,Di Luar Area Pantauan (>1000m dari Desa)
Kendawangan,Airhitam Hulu,"Sabtu, 12 September 2026 13:18:00",NASA-NOAA20,Medium,110.62688,-2.62843,False,False,False,False,False,False,Di Luar Area Pantauan (>1000m dari Desa)
Kendawangan,Air Hitam Besar,"Sabtu, 12 September 2026 13:18:00",NASA-NOAA20,Medium,110.7267,-2.70384,False,False,False,False,False,False,Di Luar Area Pantauan (>1000m dari Desa)
Kendawangan,Air Hitam Besar,"Sabtu, 12 September 2026 13:18:00",NASA-NOAA20,Medium,110.72993,-2.69981,False,False,False,False,False,False,Di Luar Area Pantauan (>1000m dari Desa)
Kendawangan,Air Hitam Besar,"Sabtu, 12 September 2026 13:18:00",NASA-NOAA20,Medium,110.71389,-2.69526,False,False,False,False,False,False,Di Luar Area Pantauan (>1000m dari Desa)
Kendawangan,Natai Kuini,"Sabtu, 12 September 2026 13:18:00",NASA-NOAA20,Medium,110.84182,-2.80166,False,False,False,False,True,True,Di Luar Area Pantauan (>1000m dari Desa)
Kendawangan,Bangkal Serai,"Sabtu, 12 September 2026 13:18:00",NASA-NOAA20,Medium,110.50708,-2.47183,False,False,False,False,True,True,Di Luar Area Pantauan (>1000m dari Desa)
Manis Mata,Batu Sedau,"Sabtu, 12 September 2026 13:18:00",NASA-NOAA20,Medium,111.07224,-2.3815,False,False,False,False,False,False,Di Luar Area Pantauan (>1000m dari Desa)
Kendawangan,Airhitam Hulu,"Sabtu, 12 September 2026 13:18:00",NASA-NOAA20,Medium,110.61667,-2.66164,False,False,False,False,False,False,Di Luar Area Pantauan (>1000m dari Desa)
Manis Mata,Suka Ramai,"Sabtu, 12 September 2026 13:18:00",NASA-NOAA20,Medium,111.13189,-2.71939,False,False,False,False,False,False,Di Luar Area Pantauan (>1000m dari Desa)
Kendawangan,Banjar Sari,"Sabtu, 12 September 2026 13:18:00",NASA-NOAA20,Medium,110.25274,-2.47955,False,False,False,False,False,False,Di Luar Area Pantauan (>1000m dari Desa)
Kendawangan,Seriam,"Sabtu, 12 September 2026 13:18:00",NASA-NOAA20,Medium,110.32766,-2.76594,False,False,False,False,True,True,Di Luar Area Pantauan (>1000m dari Desa)
Kendawangan,Air Hitam Besar,"Sabtu, 12 September 2026 13:18:00",NASA-NOAA20,Medium,110.71868,-2.70156,False,False,False,False,False,False,Di Luar Area Pantauan (>1000m dari Desa)
Kendawangan,Seriam,"Sabtu, 12 September 2026 13:18:00",NASA-NOAA20,Medium,110.34899,-2.75914,False,False,False,False,True,True,Di Luar Area Pantauan (>1000m dari Desa)
Kendawangan,Air Hitam Besar,"Sabtu, 12 September 2026 13:18:00",NASA-NOAA20,Medium,110.72618,-2.70039,False,False,False,False,False,False,Di Luar Area Pantauan (>1000m dari Desa)
Kendawangan,Airhitam Hulu,"Sabtu, 12 September 2026 13:18:00",NASA-NOAA20,Medium,110.5213,-2.6343,False,False,False,False,True,True,Di Luar Area Pantauan (>1000m dari Desa)
Kendawangan,Air Hitam Besar,"Sabtu, 12 September 2026 13:18:00",NASA-NOAA20,Medium,110.72941,-2.69636,False,False,False,False,False,False,Di Luar Area Pantauan (>1000m dari Desa)
Kendawangan,Bangkal Serai,"Sabtu, 12 September 2026 13:18:00",NASA-NOAA20,Medium,110.49702,-2.48038,False,False,False,False,True,True,Di Luar Area Pantauan (>1000m dari Desa)
Kendawangan,Airhitam Hulu,"Sabtu, 12 September 2026 13:18:00",NASA-NOAA20,Medium,110.53757,-2.6668,False,False,False,False,True,True,Di Luar Area Pantauan (>1000m dari Desa)
Kendawangan,Seriam,"Sabtu, 12 September 2026 13:18:00",NASA-NOAA20,Medium,110.33086,-2.64298,False,False,False,False,True,True,Di Luar Area Pantauan (>1000m dari Desa)
Kendawangan,Seriam,"Sabtu, 12 September 2026 13:18:00",NASA-NOAA20,Medium,110.33501,-2.64581,False,False,False,False,True,True,Di Luar Area Pantauan (>1000m dari Desa)
Kendawangan,Bangkal Serai,"Sabtu, 12 September 2026 13:18:00",NASA-NOAA20,Medium,110.52305,-2.57087,False,False,False,False,True,True,Di Luar Area Pantauan (>1000m dari Desa)
Kendawangan,Bangkal Serai,"Sabtu, 12 September 2026 13:18:00",NASA-NOAA20,Medium,110.50286,-2.46897,False,False,False,False,True,True,Di Luar Area Pantauan (>1000m dari Desa)
Kendawangan,Bangkal Serai,"Sabtu, 12 September 2026 13:18:00",NASA-NOAA20,Medium,110.50655,-2.4684,False,False,False,False,True,True,Di Luar Area Pantauan (>1000m dari Desa)
Kendawangan,Banjar Sari,"Sabtu, 12 September 2026 13:18:00",NASA-NOAA20,Medium,110.44802,-2.43192,False,False,False,False,True,True,Di Luar Area Pantauan (>1000m dari Desa)
Kendawangan,Natai Kuini,"Sabtu, 12 September 2026 13:18:00",NASA-NOAA20,Medium,110.67969,-2.92139,False,False,False,False,False,False,Di Luar Area Pantauan (>1000m dari Desa)
Kendawangan,Pembedilan,"Sabtu, 12 September 2026 13:18:00",NASA-NOAA20,Medium,110.35796,-2.86647,False,False,False,False,True,True,Di Luar Area Pantauan (>1000m dari Desa)
Kendawangan,Bangkal Serai,"Sabtu, 12 September 2026 15:39:00",NASA-MODIS,Medium,110.51077,-2.56407,False,False,False,False,True,True,Di Luar Area Pantauan (>1000m dari Desa)
Kendawangan,Banjar Sari,"Sabtu, 12 September 2026 15:39:00",NASA-MODIS,Medium,110.24014,-2.47701,False,False,False,True,False,True,Di Luar Area Pantauan (>1000m dari Desa)
Kendawangan,Bangkal Serai,"Sabtu, 12 September 2026 15:39:00",NASA-MODIS,Medium,110.48296,-2.48606,False,False,False,False,True,True,Di Luar Area Pantauan (>1000m dari Desa)
Kendawangan,Bangkal Serai,"Sabtu, 12 September 2026 15:39:00",NASA-MODIS,Medium,110.49193,-2.48562,False,False,False,False,True,True,Di Luar Area Pantauan (>1000m dari Desa)
Kendawangan,Airhitam Hulu,"Sabtu, 12 September 2026 13:18:00",NASA-NOAA20,High,110.60921,-2.66278,False,False,False,False,False,False,Di Luar Area Pantauan (>1000m dari Desa)
Matan Hilir Selatan,Sungai Nanjung,"Sabtu, 12 September 2026 13:18:00",NASA-NOAA20,High,110.20638,-2.17814,False,False,False,False,False,False,Di Luar Area Pantauan (>1000m dari Desa)
Marau,Pelanjau Jaya,"Sabtu, 12 September 2026 13:18:00",NASA-NOAA20,High,110.58846,-2.25627,False,False,False,False,False,False,Di Luar Area Pantauan (>1000m dari Desa)
Kendawangan,Pembedilan,"Sabtu, 12 September 2026 13:18:00",NASA-NOAA20,High,110.36408,-2.78464,False,False,False,False,True,True,Di Luar Area Pantauan (>1000m dari Desa)
Matan Hilir Selatan,Sungai Pelang,"Sabtu, 12 September 2026 13:18:00",NASA-NOAA20,High,110.24024,-1.84377,False,False,True,True,False,True,Di Luar Area Pantauan (>1000m dari Desa)
Kendawangan,Banjar Sari,"Sabtu, 12 September 2026 13:18:00",NASA-NOAA20,High,110.24909,-2.48011,False,False,False,True,False,True,Di Luar Area Pantauan (>1000m dari Desa)
Kendawangan,Seriam,"Sabtu, 12 September 2026 15:39:00",NASA-MODIS,High,110.32488,-2.64848,False,False,False,False,True,True,Di Luar Area Pantauan (>1000m dari Desa)
