Kecamatan,Desa,Waktu,Satelit,Confidence,Longitude,Latitude,in_desa,in_buffer,is_hutan,is_gambut,is_kk,in_kawasan,Prioritas_Satgas
Kendawangan,Danau Buntar,"Jumat, 18 September 2026 20:12:00",NASA-MODIS,Low,110.95837,-2.8015,False,False,True,False,False,True,Di Luar Area Pantauan (>1000m dari Desa)
Matan Hilir Selatan,Sungai Besar,"Jumat, 18 September 2026 20:12:00",NASA-MODIS,Low,110.21432,-1.87999,False,False,True,True,False,True,Di Luar Area Pantauan (>1000m dari Desa)
Matan Hilir Utara,Kuala Tolak,"Jumat, 18 September 2026 20:12:00",NASA-MODIS,Low,110.14581,-1.46587,False,False,True,True,False,True,Di Luar Area Pantauan (>1000m dari Desa)
Muara Pawan,Ulak Medang,"Jumat, 18 September 2026 20:12:00",NASA-MODIS,Low,110.29626,-1.62951,False,False,True,True,False,True,Di Luar Area Pantauan (>1000m dari Desa)
Nanga Tayap,Lembah Hijau Satu,"Jumat, 18 September 2026 20:12:00",NASA-MODIS,Low,110.49767,-1.5742,False,False,False,False,False,False,Di Luar Area Pantauan (>1000m dari Desa)
Simpang Hilir,Batu Barat,"Jumat, 18 September 2026 20:12:00",NASA-MODIS,Low,110.11747,-0.89822,False,False,True,True,False,True,Di Luar Area Pantauan (>1000m dari Desa)
Simpang Hilir,Batu Barat,"Jumat, 18 September 2026 20:12:00",NASA-MODIS,Low,110.1269,-0.89693,False,False,False,False,False,False,Di Luar Area Pantauan (>1000m dari Desa)
Matan Hilir Utara,Tanjung Baik Budi,"Jumat, 18 September 2026 20:12:00",NASA-MODIS,Low,110.12262,-1.53327,False,False,True,True,False,True,Di Luar Area Pantauan (>1000m dari Desa)
Simpang Hilir,Matan Jaya,"Jumat, 18 September 2026 20:12:00",NASA-MODIS,Low,110.27647,-1.15297,False,False,True,False,True,True,Di Luar Area Pantauan (>1000m dari Desa)
Matan Hilir Utara,Kuala Tolak,"Jumat, 18 September 2026 20:12:00",NASA-MODIS,Low,110.10924,-1.50707,False,False,True,True,False,True,Di Luar Area Pantauan (>1000m dari Desa)
Nanga Tayap,Mensubang,"Jumat, 18 September 2026 20:12:00",NASA-MODIS,Low,110.40674,-1.31944,False,False,False,False,False,False,Di Luar Area Pantauan (>1000m dari Desa)
Simpang Hilir,Lubuk Batu,"Jumat, 18 September 2026 20:12:00",NASA-MODIS,Low,110.09418,-0.9386,False,False,False,False,False,False,Di Luar Area Pantauan (>1000m dari Desa)
Matan Hilir Selatan,Pagar Mentimun,"Jumat, 18 September 2026 20:12:00",NASA-MODIS,Low,110.24843,-2.20774,False,False,True,True,True,True,Di Luar Area Pantauan (>1000m dari Desa)
Kendawangan,Danau Buntar,"Jumat, 18 September 2026 13:05:00",NASA-NOAA20,Low,110.97552,-2.79959,False,False,False,False,False,False,Di Luar Area Pantauan (>1000m dari Desa)
Kendawangan,Pembedilan,"Jumat, 18 September 2026 13:05:00",NASA-NOAA20,Low,110.36517,-2.91975,False,False,False,False,True,True,Di Luar Area Pantauan (>1000m dari Desa)
Kendawangan,Natai Kuini,"Jumat, 18 September 2026 13:05:00",NASA-NOAA20,Low,110.96707,-2.81448,False,False,False,False,False,False,Di Luar Area Pantauan (>1000m dari Desa)
Kendawangan,Pembedilan,"Jumat, 18 September 2026 13:05:00",NASA-NOAA20,Low,110.36574,-2.82841,False,False,False,False,True,True,Di Luar Area Pantauan (>1000m dari Desa)
Kendawangan,Seriam,"Jumat, 18 September 2026 13:05:00",NASA-NOAA20,Low,110.32682,-2.64293,False,False,False,False,True,True,Di Luar Area Pantauan (>1000m dari Desa)
Muara Pawan,Mayak,"Jumat, 18 September 2026 20:12:00",NASA-MODIS,Low,110.16904,-1.71124,False,False,True,True,False,True,Di Luar Area Pantauan (>1000m dari Desa)
Mempawah Hilir,Pasir,"Jumat, 18 September 2026 12:46:00",NASA-SNPP,Low,109.01534,0.41678,False,False,False,False,False,False,Di Luar Area Pantauan (>1000m dari Desa)
Sungai Laur,Merabu Jaya,"Jumat, 18 September 2026 12:46:00",NASA-SNPP,Low,110.68727,-0.66283,False,False,False,False,False,False,Di Luar Area Pantauan (>1000m dari Desa)
Sungai Melayu Rayak,Makmur Abadi,"Jumat, 18 September 2026 13:05:00",NASA-NOAA20,Low,110.27622,-1.70112,False,False,True,True,False,True,Di Luar Area Pantauan (>1000m dari Desa)
Sandai,Sandai,"Jumat, 18 September 2026 13:05:00",NASA-NOAA20,Low,110.54584,-1.25983,False,False,False,False,False,False,Di Luar Area Pantauan (>1000m dari Desa)
Sandai,Randau Jungkal,"Jumat, 18 September 2026 13:05:00",NASA-NOAA20,Low,110.75049,-1.20143,False,False,True,False,False,True,Di Luar Area Pantauan (>1000m dari Desa)
Sungai Melayu Rayak,Makmur Abadi,"Jumat, 18 September 2026 13:05:00",NASA-NOAA20,Low,110.26963,-1.70555,False,False,True,True,False,True,Di Luar Area Pantauan (>1000m dari Desa)
Kendawangan,Seriam,"Jumat, 18 September 2026 13:05:00",NASA-NOAA20,Low,110.32733,-2.6463,False,False,False,False,True,True,Di Luar Area Pantauan (>1000m dari Desa)
Kendawangan,Seriam,"Jumat, 18 September 2026 13:05:00",NASA-NOAA20,Low,110.32632,-2.63956,False,False,False,False,True,True,Di Luar Area Pantauan (>1000m dari Desa)
Kendawangan,Seriam,"Jumat, 18 September 2026 13:05:00",NASA-NOAA20,Low,110.32425,-2.65021,False,False,False,False,True,True,Di Luar Area Pantauan (>1000m dari Desa)
Kendawangan,Pembedilan,"Jumat, 18 September 2026 13:05:00",NASA-NOAA20,Low,110.33144,-2.81985,False,False,False,False,True,True,Di Luar Area Pantauan (>1000m dari Desa)
Kendawangan,Pembedilan,"Jumat, 18 September 2026 13:05:00",NASA-NOAA20,Low,110.35347,-2.81994,False,False,False,False,True,True,Di Luar Area Pantauan (>1000m dari Desa)
Kendawangan,Pembedilan,"Jumat, 18 September 2026 13:05:00",NASA-NOAA20,Low,110.43279,-2.85783,False,False,False,False,True,True,Di Luar Area Pantauan (>1000m dari Desa)
Kendawangan,Pembedilan,"Jumat, 18 September 2026 13:05:00",NASA-NOAA20,Low,110.41702,-2.82578,False,False,False,False,True,True,Di Luar Area Pantauan (>1000m dari Desa)
Kendawangan,Air Hitam Besar,"Jumat, 18 September 2026 13:05:00",NASA-NOAA20,Low,110.71,-2.72799,False,False,False,False,False,False,Di Luar Area Pantauan (>1000m dari Desa)
Kendawangan,Pembedilan,"Jumat, 18 September 2026 13:05:00",NASA-NOAA20,Low,110.41788,-2.81012,False,False,False,False,True,True,Di Luar Area Pantauan (>1000m dari Desa)
Kendawangan,Seriam,"Jumat, 18 September 2026 13:05:00",NASA-NOAA20,Low,110.31156,-2.76076,False,False,False,False,True,True,Di Luar Area Pantauan (>1000m dari Desa)
Kendawangan,Pembedilan,"Jumat, 18 September 2026 13:05:00",NASA-NOAA20,Low,110.37097,-2.76559,False,False,False,False,True,True,Di Luar Area Pantauan (>1000m dari Desa)
Kendawangan,Pembedilan,"Jumat, 18 September 2026 13:05:00",NASA-NOAA20,Low,110.39079,-2.82458,False,False,False,False,True,True,Di Luar Area Pantauan (>1000m dari Desa)
Manis Mata,Suka Ramai,"Jumat, 18 September 2026 13:05:00",NASA-NOAA20,Low,110.98647,-2.80133,False,False,False,False,False,False,Di Luar Area Pantauan (>1000m dari Desa)
Sandai,Randau Jungkal,"Jumat, 18 September 2026 13:05:00",NASA-NOAA20,Low,110.66167,-1.08587,False,False,False,False,False,False,Di Luar Area Pantauan (>1000m dari Desa)
Sungai Melayu Rayak,Makmur Abadi,"Jumat, 18 September 2026 13:05:00",NASA-NOAA20,Low,110.25897,-1.70717,False,False,True,True,False,True,Di Luar Area Pantauan (>1000m dari Desa)
Sungai Melayu Rayak,Makmur Abadi,"Jumat, 18 September 2026 13:05:00",NASA-NOAA20,Low,110.25643,-1.71442,False,False,True,True,False,True,Di Luar Area Pantauan (>1000m dari Desa)
Sungai Melayu Rayak,Makmur Abadi,"Jumat, 18 September 2026 13:05:00",NASA-NOAA20,Low,110.26557,-1.70273,False,False,True,True,False,True,Di Luar Area Pantauan (>1000m dari Desa)
Sungai Melayu Rayak,Makmur Abadi,"Jumat, 18 September 2026 13:05:00",NASA-NOAA20,Low,110.25796,-1.70046,False,False,False,True,False,True,Di Luar Area Pantauan (>1000m dari Desa)
Muara Pawan,Mayak,"Jumat, 18 September 2026 13:05:00",NASA-NOAA20,Low,110.16894,-1.71395,False,False,True,True,False,True,Di Luar Area Pantauan (>1000m dari Desa)
Sungai Melayu Rayak,Makmur Abadi,"Jumat, 18 September 2026 13:05:00",NASA-NOAA20,Low,110.25998,-1.68985,False,False,False,False,False,False,Di Luar Area Pantauan (>1000m dari Desa)
Kendawangan,Sungai Jelayan,"Jumat, 18 September 2026 13:05:00",NASA-NOAA20,Low,110.45325,-2.09489,False,False,False,False,False,False,Di Luar Area Pantauan (>1000m dari Desa)
Kendawangan,Bangkal Serai,"Jumat, 18 September 2026 13:05:00",NASA-NOAA20,Low,110.47055,-2.39047,False,False,False,False,False,False,Di Luar Area Pantauan (>1000m dari Desa)
Kendawangan,Airhitam Hulu,"Jumat, 18 September 2026 13:05:00",NASA-NOAA20,Low,110.46902,-2.66615,False,False,False,False,True,True,Di Luar Area Pantauan (>1000m dari Desa)
Kendawangan,Pembedilan,"Jumat, 18 September 2026 13:05:00",NASA-NOAA20,Low,110.37047,-2.76222,False,False,False,False,True,True,Di Luar Area Pantauan (>1000m dari Desa)
Kendawangan,Pembedilan,"Jumat, 18 September 2026 13:05:00",NASA-NOAA20,Low,110.59058,-2.72554,False,False,False,False,False,False,Di Luar Area Pantauan (>1000m dari Desa)
Kendawangan,Seriam,"Jumat, 18 September 2026 13:05:00",NASA-NOAA20,Low,110.31364,-2.7501,False,False,False,True,True,True,Di Luar Area Pantauan (>1000m dari Desa)
Kendawangan,Seriam,"Jumat, 18 September 2026 13:05:00",NASA-NOAA20,Low,110.36079,-2.74645,False,False,False,False,True,True,Di Luar Area Pantauan (>1000m dari Desa)
Manis Mata,Jambi,"Jumat, 18 September 2026 13:05:00",NASA-NOAA20,Low,110.96046,-2.70358,False,False,False,False,False,False,Di Luar Area Pantauan (>1000m dari Desa)
Kendawangan,Kendawangan Kanan,"Jumat, 18 September 2026 13:05:00",NASA-NOAA20,Low,110.28117,-2.80333,False,False,False,True,True,True,Di Luar Area Pantauan (>1000m dari Desa)
Kendawangan,Air Hitam Besar,"Jumat, 18 September 2026 13:05:00",NASA-NOAA20,Low,110.70245,-2.72571,False,False,False,False,False,False,Di Luar Area Pantauan (>1000m dari Desa)
Kendawangan,Kendawangan Kanan,"Jumat, 18 September 2026 13:05:00",NASA-NOAA20,Low,110.27498,-2.81117,False,False,False,False,True,True,Di Luar Area Pantauan (>1000m dari Desa)
Kendawangan,Pembedilan,"Jumat, 18 September 2026 13:05:00",NASA-NOAA20,Low,110.34988,-2.82049,False,False,False,False,True,True,Di Luar Area Pantauan (>1000m dari Desa)
Kendawangan,Pembedilan,"Jumat, 18 September 2026 13:05:00",NASA-NOAA20,Low,110.34579,-2.81766,False,False,False,False,True,True,Di Luar Area Pantauan (>1000m dari Desa)
Kendawangan,Pembedilan,"Jumat, 18 September 2026 13:05:00",NASA-NOAA20,Low,110.41431,-2.81066,False,False,False,False,True,True,Di Luar Area Pantauan (>1000m dari Desa)
Kendawangan,Pembedilan,"Jumat, 18 September 2026 13:05:00",NASA-NOAA20,Low,110.42468,-2.82808,False,False,False,False,True,True,Di Luar Area Pantauan (>1000m dari Desa)
Kendawangan,Air Hitam Besar,"Jumat, 18 September 2026 13:05:00",NASA-NOAA20,Low,110.7757,-2.80261,False,False,False,False,False,False,Di Luar Area Pantauan (>1000m dari Desa)
Kendawangan,Pembedilan,"Jumat, 18 September 2026 13:05:00",NASA-NOAA20,Low,110.37093,-2.86026,False,False,False,False,True,True,Di Luar Area Pantauan (>1000m dari Desa)
Kendawangan,Pembedilan,"Jumat, 18 September 2026 13:05:00",NASA-NOAA20,Low,110.43229,-2.85446,False,False,False,False,True,True,Di Luar Area Pantauan (>1000m dari Desa)
Kendawangan,Seriam,"Jumat, 18 September 2026 13:05:00",NASA-NOAA20,Low,110.38143,-2.68978,False,False,False,False,True,True,Di Luar Area Pantauan (>1000m dari Desa)
Kendawangan,Seriam,"Jumat, 18 September 2026 13:05:00",NASA-NOAA20,Low,110.31465,-2.75684,False,False,False,False,True,True,Di Luar Area Pantauan (>1000m dari Desa)
Kendawangan,Seriam,"Jumat, 18 September 2026 13:05:00",NASA-NOAA20,Low,110.31106,-2.75738,False,False,False,False,True,True,Di Luar Area Pantauan (>1000m dari Desa)
Kendawangan,Pembedilan,"Jumat, 18 September 2026 13:05:00",NASA-NOAA20,Low,110.32786,-2.82039,False,False,False,False,True,True,Di Luar Area Pantauan (>1000m dari Desa)
Kendawangan,Pembedilan,"Jumat, 18 September 2026 13:05:00",NASA-NOAA20,Low,110.34528,-2.81429,False,False,False,False,True,True,Di Luar Area Pantauan (>1000m dari Desa)
Kendawangan,Seriam,"Jumat, 18 September 2026 13:05:00",NASA-NOAA20,Low,110.3613,-2.74982,False,False,False,False,True,True,Di Luar Area Pantauan (>1000m dari Desa)
Kendawangan,Air Hitam Besar,"Jumat, 18 September 2026 13:05:00",NASA-NOAA20,Low,110.69943,-2.72959,False,False,False,False,False,False,Di Luar Area Pantauan (>1000m dari Desa)
Kendawangan,Pembedilan,"Jumat, 18 September 2026 13:05:00",NASA-NOAA20,Low,110.35039,-2.82386,False,False,False,False,True,True,Di Luar Area Pantauan (>1000m dari Desa)
Kendawangan,Pembedilan,"Jumat, 18 September 2026 13:05:00",NASA-NOAA20,Low,110.35448,-2.82668,False,False,False,False,True,True,Di Luar Area Pantauan (>1000m dari Desa)
Kendawangan,Pembedilan,"Jumat, 18 September 2026 13:05:00",NASA-NOAA20,Low,110.37194,-2.867,False,False,False,False,True,True,Di Luar Area Pantauan (>1000m dari Desa)
Kendawangan,Pembedilan,"Jumat, 18 September 2026 13:05:00",NASA-NOAA20,Low,110.43073,-2.86846,False,False,False,False,True,True,Di Luar Area Pantauan (>1000m dari Desa)
Manis Mata,Suka Ramai,"Jumat, 18 September 2026 13:05:00",NASA-NOAA20,Low,110.98995,-2.8008,False,False,False,False,False,False,Di Luar Area Pantauan (>1000m dari Desa)
Kendawangan,Air Hitam Besar,"Jumat, 18 September 2026 13:05:00",NASA-NOAA20,Low,110.67223,-2.92347,False,False,False,False,False,False,Di Luar Area Pantauan (>1000m dari Desa)
Kendawangan,Pembedilan,"Jumat, 18 September 2026 13:05:00",NASA-NOAA20,Low,110.36937,-2.87429,False,False,False,False,True,True,Di Luar Area Pantauan (>1000m dari Desa)
Kendawangan,Danau Buntar,"Jumat, 18 September 2026 13:05:00",NASA-NOAA20,Low,110.98299,-2.80186,False,False,False,False,False,False,Di Luar Area Pantauan (>1000m dari Desa)
Kendawangan,Danau Buntar,"Jumat, 18 September 2026 13:05:00",NASA-NOAA20,Low,110.97005,-2.81063,False,False,False,False,False,False,Di Luar Area Pantauan (>1000m dari Desa)
Kendawangan,Pembedilan,"Jumat, 18 September 2026 13:05:00",NASA-NOAA20,Low,110.32439,-2.96207,False,False,False,False,True,True,Di Luar Area Pantauan (>1000m dari Desa)
Kendawangan,Pembedilan,"Jumat, 18 September 2026 13:05:00",NASA-NOAA20,Low,110.36891,-2.77623,False,False,False,False,True,True,Di Luar Area Pantauan (>1000m dari Desa)
Kendawangan,Pembedilan,"Jumat, 18 September 2026 13:05:00",NASA-NOAA20,Low,110.39849,-2.80274,False,False,False,False,True,True,Di Luar Area Pantauan (>1000m dari Desa)
Kendawangan,Pembedilan,"Jumat, 18 September 2026 13:05:00",NASA-NOAA20,Low,110.35756,-2.82276,False,False,False,False,True,True,Di Luar Area Pantauan (>1000m dari Desa)
Kendawangan,Pembedilan,"Jumat, 18 September 2026 13:05:00",NASA-NOAA20,Low,110.37148,-2.8395,False,False,False,False,True,True,Di Luar Area Pantauan (>1000m dari Desa)
Manis Mata,Suka Ramai,"Jumat, 18 September 2026 13:05:00",NASA-NOAA20,Low,111.11398,-2.72763,False,False,False,False,False,False,Di Luar Area Pantauan (>1000m dari Desa)
Kendawangan,Pembedilan,"Jumat, 18 September 2026 13:05:00",NASA-NOAA20,Low,110.36785,-2.86417,False,False,False,False,True,True,Di Luar Area Pantauan (>1000m dari Desa)
Kendawangan,Pembedilan,"Jumat, 18 September 2026 13:05:00",NASA-NOAA20,Low,110.42921,-2.85837,False,False,False,False,True,True,Di Luar Area Pantauan (>1000m dari Desa)
Kendawangan,Natai Kuini,"Jumat, 18 September 2026 13:05:00",NASA-NOAA20,Low,110.96856,-2.82446,False,False,False,False,False,False,Di Luar Area Pantauan (>1000m dari Desa)
Menukung,Pelaik Keruap,"Jumat, 18 September 2026 13:05:00",NASA-NOAA20,Low,112.16958,-0.32986,False,False,False,False,False,False,Di Luar Area Pantauan (>1000m dari Desa)
Kendawangan,Pembedilan,"Jumat, 18 September 2026 13:05:00",NASA-NOAA20,Low,110.36926,-2.92257,False,False,False,False,True,True,Di Luar Area Pantauan (>1000m dari Desa)
Kendawangan,Pembedilan,"Jumat, 18 September 2026 13:05:00",NASA-NOAA20,Low,110.36568,-2.92312,False,False,False,False,True,True,Di Luar Area Pantauan (>1000m dari Desa)
Meliau,Balai Tinggi,"Jumat, 18 September 2026 13:05:00",NASA-NOAA20,Low,110.1949,-0.15558,False,False,False,False,False,False,Di Luar Area Pantauan (>1000m dari Desa)
Belimbing,Upit,"Jumat, 18 September 2026 13:05:00",NASA-NOAA20,Low,111.46078,-0.3665,False,False,False,False,False,False,Di Luar Area Pantauan (>1000m dari Desa)
Kubu,Mengkalang Jambu,"Jumat, 18 September 2026 13:05:00",NASA-NOAA20,Low,109.21141,-0.50413,True,True,False,True,False,True,Prioritas 4 (Waspada)
Simpang Hilir,Batu Barat,"Jumat, 18 September 2026 20:12:00",NASA-MODIS,Low,110.15136,-0.86577,False,False,True,True,False,True,Di Luar Area Pantauan (>1000m dari Desa)
Matan Hilir Utara,Lamon Satong,"Jumat, 18 September 2026 20:12:00",NASA-MODIS,Low,110.18922,-1.52418,False,False,True,True,False,True,Di Luar Area Pantauan (>1000m dari Desa)
Sukadana,Sedahan Jaya,"Jumat, 18 September 2026 20:12:00",NASA-MODIS,Low,110.05686,-1.1644,False,False,True,False,True,True,Di Luar Area Pantauan (>1000m dari Desa)
Matan Hilir Utara,Tanjung Baik Budi,"Jumat, 18 September 2026 20:12:00",NASA-MODIS,Low,110.11307,-1.53457,False,False,True,True,False,True,Di Luar Area Pantauan (>1000m dari Desa)
Pulau Maya,Dusun Besar,"Jumat, 18 September 2026 20:12:00",NASA-MODIS,Low,109.4959,-1.12932,False,False,False,True,False,True,Di Luar Area Pantauan (>1000m dari Desa)
Kendawangan,Air Hitam Besar,"Jumat, 18 September 2026 20:12:00",NASA-MODIS,Low,110.78033,-2.79817,False,False,False,False,False,False,Di Luar Area Pantauan (>1000m dari Desa)
Simpang Hilir,Batu Barat,"Jumat, 18 September 2026 20:12:00",NASA-MODIS,Low,110.07275,-0.92297,False,False,True,True,False,True,Di Luar Area Pantauan (>1000m dari Desa)
Muara Pawan,Ulak Medang,"Jumat, 18 September 2026 20:12:00",NASA-MODIS,Medium,110.2353,-1.50861,False,False,True,True,False,True,Di Luar Area Pantauan (>1000m dari Desa)
Sukadana,Sedahan Jaya,"Jumat, 18 September 2026 20:12:00",NASA-MODIS,Medium,110.04861,-1.17486,False,False,True,True,True,True,Di Luar Area Pantauan (>1000m dari Desa)
Matan Hilir Selatan,Pagar Mentimun,"Jumat, 18 September 2026 20:12:00",NASA-MODIS,Medium,110.15115,-2.23828,False,False,False,False,False,False,Di Luar Area Pantauan (>1000m dari Desa)
Matan Hilir Selatan,Sungai Besar,"Jumat, 18 September 2026 20:12:00",NASA-MODIS,Medium,110.24413,-1.88526,False,False,True,True,False,True,Di Luar Area Pantauan (>1000m dari Desa)
Matan Hilir Selatan,Pesaguan Kanan,"Jumat, 18 September 2026 20:12:00",NASA-MODIS,Medium,110.18544,-2.07754,False,False,False,True,False,True,Di Luar Area Pantauan (>1000m dari Desa)
Matan Hilir Selatan,Sungai Besar,"Jumat, 18 September 2026 20:12:00",NASA-MODIS,Medium,110.16782,-1.89565,False,False,True,True,False,True,Di Luar Area Pantauan (>1000m dari Desa)
Matan Hilir Selatan,Sungai Nanjung,"Jumat, 18 September 2026 20:12:00",NASA-MODIS,Medium,110.26119,-2.1593,False,False,True,True,True,True,Di Luar Area Pantauan (>1000m dari Desa)
Benua Kayong,Negeri Baru,"Jumat, 18 September 2026 20:12:00",NASA-MODIS,Medium,110.11448,-1.83887,False,False,False,False,False,False,Di Luar Area Pantauan (>1000m dari Desa)
Matan Hilir Utara,Sungai Putri,"Jumat, 18 September 2026 20:12:00",NASA-MODIS,Medium,110.0869,-1.55684,False,False,True,True,False,True,Di Luar Area Pantauan (>1000m dari Desa)
Nanga Tayap,Lembah Hijau Satu,"Jumat, 18 September 2026 20:12:00",NASA-MODIS,Medium,110.50565,-1.56392,False,False,False,False,False,False,Di Luar Area Pantauan (>1000m dari Desa)
Matan Hilir Utara,Tanjung Baik Budi,"Jumat, 18 September 2026 20:12:00",NASA-MODIS,Medium,110.09521,-1.54635,False,False,True,True,False,True,Di Luar Area Pantauan (>1000m dari Desa)
Pulau Maya,Dusun Kecil,"Jumat, 18 September 2026 20:12:00",NASA-MODIS,Medium,109.56956,-1.03692,False,False,False,True,False,True,Di Luar Area Pantauan (>1000m dari Desa)
Manis Mata,Suka Ramai,"Jumat, 18 September 2026 20:12:00",NASA-MODIS,Medium,110.98567,-2.79778,False,False,False,False,False,False,Di Luar Area Pantauan (>1000m dari Desa)
Kendawangan,Air Hitam Besar,"Jumat, 18 September 2026 20:12:00",NASA-MODIS,Medium,110.69852,-2.72639,False,False,False,False,False,False,Di Luar Area Pantauan (>1000m dari Desa)
Simpang Hilir,Matan Jaya,"Jumat, 18 September 2026 20:12:00",NASA-MODIS,Medium,110.35079,-1.23487,False,False,True,False,True,True,Di Luar Area Pantauan (>1000m dari Desa)
Matan Hilir Selatan,Pematang Gadung,"Jumat, 18 September 2026 20:12:00",NASA-MODIS,Medium,110.18723,-1.99446,False,False,False,True,False,True,Di Luar Area Pantauan (>1000m dari Desa)
Kendawangan,Danau Buntar,"Jumat, 18 September 2026 20:12:00",NASA-MODIS,Medium,110.97285,-2.77215,False,False,False,False,False,False,Di Luar Area Pantauan (>1000m dari Desa)
Matan Hilir Selatan,Sungai Pelang,"Jumat, 18 September 2026 20:12:00",NASA-MODIS,Medium,110.22348,-1.85184,False,False,True,True,False,True,Di Luar Area Pantauan (>1000m dari Desa)
Kendawangan,Pangkalan Batu,"Jumat, 18 September 2026 20:12:00",NASA-MODIS,Medium,110.36436,-2.13597,False,False,False,False,False,False,Di Luar Area Pantauan (>1000m dari Desa)
Matan Hilir Selatan,Sungai Nanjung,"Jumat, 18 September 2026 07:54:00",NASA-MODIS,Medium,110.233,-2.15734,False,False,True,True,False,True,Di Luar Area Pantauan (>1000m dari Desa)
Simpang Hilir,Batu Barat,"Jumat, 18 September 2026 20:12:00",NASA-MODIS,Medium,110.12814,-0.90604,False,False,False,False,False,False,Di Luar Area Pantauan (>1000m dari Desa)
Matan Hilir Selatan,Sungai Nanjung,"Jumat, 18 September 2026 20:12:00",NASA-MODIS,Medium,110.23134,-2.12734,False,False,False,False,False,False,Di Luar Area Pantauan (>1000m dari Desa)
Benua Kayong,Negeri Baru,"Jumat, 18 September 2026 20:12:00",NASA-MODIS,Medium,110.23364,-1.78522,False,False,False,True,False,True,Di Luar Area Pantauan (>1000m dari Desa)
Matan Hilir Selatan,Sungai Nanjung,"Jumat, 18 September 2026 07:54:00",NASA-MODIS,Medium,110.22659,-2.16096,False,False,True,True,False,True,Di Luar Area Pantauan (>1000m dari Desa)
Nanga Tayap,Lembah Hijau Dua,"Jumat, 18 September 2026 20:12:00",NASA-MODIS,Medium,110.44335,-1.59083,False,False,False,False,False,False,Di Luar Area Pantauan (>1000m dari Desa)
Matan Hilir Selatan,Pematang Gadung,"Jumat, 18 September 2026 20:12:00",NASA-MODIS,Medium,110.17638,-1.98659,False,False,False,True,False,True,Di Luar Area Pantauan (>1000m dari Desa)
Nanga Tayap,Sungai Kelik,"Jumat, 18 September 2026 20:12:00",NASA-MODIS,Medium,110.31257,-1.60873,False,False,True,True,False,True,Di Luar Area Pantauan (>1000m dari Desa)
Nanga Tayap,Sebadak Raya,"Jumat, 18 September 2026 20:12:00",NASA-MODIS,Medium,110.67793,-1.41086,False,False,True,False,False,True,Di Luar Area Pantauan (>1000m dari Desa)
Jelai Hulu,Pasir Mayang,"Jumat, 18 September 2026 20:12:00",NASA-MODIS,Medium,110.78979,-1.77333,False,False,True,False,False,True,Di Luar Area Pantauan (>1000m dari Desa)
Matan Hilir Selatan,Pagar Mentimun,"Jumat, 18 September 2026 20:12:00",NASA-MODIS,Medium,110.24717,-2.19857,False,False,True,True,True,True,Di Luar Area Pantauan (>1000m dari Desa)
Matan Hilir Selatan,Sungai Nanjung,"Jumat, 18 September 2026 20:12:00",NASA-MODIS,Medium,110.27201,-2.16716,False,False,True,True,True,True,Di Luar Area Pantauan (>1000m dari Desa)
Kendawangan,Pembedilan,"Jumat, 18 September 2026 20:12:00",NASA-MODIS,Medium,110.32719,-2.82334,False,False,False,False,True,True,Di Luar Area Pantauan (>1000m dari Desa)
Muara Pawan,Ulak Medang,"Jumat, 18 September 2026 20:12:00",NASA-MODIS,Medium,110.23784,-1.52684,False,False,True,True,False,True,Di Luar Area Pantauan (>1000m dari Desa)
Matan Hilir Selatan,Sungai Nanjung,"Jumat, 18 September 2026 20:12:00",NASA-MODIS,Medium,110.2338,-2.17237,False,False,True,True,False,True,Di Luar Area Pantauan (>1000m dari Desa)
Air Upas,Mekar Jaya,"Jumat, 18 September 2026 20:12:00",NASA-MODIS,Medium,110.81646,-2.24053,False,False,False,False,False,False,Di Luar Area Pantauan (>1000m dari Desa)
Nanga Tayap,Lembah Hijau Dua,"Jumat, 18 September 2026 20:12:00",NASA-MODIS,Medium,110.47242,-1.59606,False,False,True,False,False,True,Di Luar Area Pantauan (>1000m dari Desa)
Matan Hilir Selatan,Pesaguan Kanan,"Jumat, 18 September 2026 20:12:00",NASA-MODIS,Medium,110.3362,-2.02056,False,False,True,True,False,True,Di Luar Area Pantauan (>1000m dari Desa)
Kendawangan,Air Hitam Besar,"Jumat, 18 September 2026 20:12:00",NASA-MODIS,Medium,110.72321,-2.67684,False,False,False,False,False,False,Di Luar Area Pantauan (>1000m dari Desa)
Simpang Hilir,Matan Jaya,"Jumat, 18 September 2026 20:12:00",NASA-MODIS,Medium,110.27522,-1.1439,False,False,True,False,True,True,Di Luar Area Pantauan (>1000m dari Desa)
Ketungau Hulu,Sepiluk,"Jumat, 18 September 2026 20:14:00",NASA-MODIS,Medium,110.92938,0.74458,False,False,True,False,False,True,Di Luar Area Pantauan (>1000m dari Desa)
Sandai,Pendamaran Indah,"Jumat, 18 September 2026 20:12:00",NASA-MODIS,Medium,110.61499,-1.0883,False,False,False,False,False,False,Di Luar Area Pantauan (>1000m dari Desa)
Matan Hilir Selatan,Sungai Besar,"Jumat, 18 September 2026 20:12:00",NASA-MODIS,Medium,110.21177,-1.86168,False,False,True,True,False,True,Di Luar Area Pantauan (>1000m dari Desa)
Matan Hilir Selatan,Pesaguan Kanan,"Jumat, 18 September 2026 20:12:00",NASA-MODIS,Medium,110.31449,-2.0972,False,False,False,True,False,True,Di Luar Area Pantauan (>1000m dari Desa)
Kendawangan,Airhitam Hulu,"Jumat, 18 September 2026 20:12:00",NASA-MODIS,Medium,110.60661,-2.65587,False,False,True,False,False,True,Di Luar Area Pantauan (>1000m dari Desa)
Simpang Hilir,Sungaimata-Mata,"Jumat, 18 September 2026 20:12:00",NASA-MODIS,Medium,109.98139,-0.96361,False,False,True,True,False,True,Di Luar Area Pantauan (>1000m dari Desa)
Matan Hilir Selatan,Pesaguan Kanan,"Jumat, 18 September 2026 20:12:00",NASA-MODIS,Medium,110.22952,-2.04354,False,False,False,True,False,True,Di Luar Area Pantauan (>1000m dari Desa)
Kendawangan,Banjar Sari,"Jumat, 18 September 2026 20:12:00",NASA-MODIS,Medium,110.44382,-2.43873,False,False,False,False,True,True,Di Luar Area Pantauan (>1000m dari Desa)
Kendawangan,Kendawangan Kanan,"Jumat, 18 September 2026 20:12:00",NASA-MODIS,Medium,110.28486,-2.80099,False,False,False,True,True,True,Di Luar Area Pantauan (>1000m dari Desa)
Nanga Tayap,Lembah Hijau Satu,"Jumat, 18 September 2026 20:12:00",NASA-MODIS,Medium,110.49642,-1.56517,False,False,False,False,False,False,Di Luar Area Pantauan (>1000m dari Desa)
Simpang Dua,Kampar Sebomban,"Jumat, 18 September 2026 20:12:00",NASA-MODIS,Medium,110.15942,-0.82815,False,False,True,False,False,True,Di Luar Area Pantauan (>1000m dari Desa)
Tumbang Titi,Petebang Jaya,"Jumat, 18 September 2026 20:12:00",NASA-MODIS,Medium,110.73995,-1.83591,False,False,False,False,False,False,Di Luar Area Pantauan (>1000m dari Desa)
Matan Hilir Selatan,Sungai Nanjung,"Jumat, 18 September 2026 20:12:00",NASA-MODIS,Medium,110.25037,-2.15144,False,False,False,True,False,True,Di Luar Area Pantauan (>1000m dari Desa)
Sukadana,Sedahan Jaya,"Jumat, 18 September 2026 20:12:00",NASA-MODIS,Medium,110.04159,-1.1945,False,False,True,False,True,True,Di Luar Area Pantauan (>1000m dari Desa)
Jelai Hulu,Semantun,"Jumat, 18 September 2026 07:54:00",NASA-MODIS,Medium,111.08102,-2.0152,False,False,True,False,False,True,Di Luar Area Pantauan (>1000m dari Desa)
Nanga Tayap,Simpang Tiga Sembelangaan,"Jumat, 18 September 2026 20:12:00",NASA-MODIS,Medium,110.35793,-1.49193,False,False,False,False,True,True,Di Luar Area Pantauan (>1000m dari Desa)
Matan Hilir Utara,Kuala Satong,"Jumat, 18 September 2026 20:12:00",NASA-MODIS,Medium,110.12038,-1.42272,False,False,False,False,False,False,Di Luar Area Pantauan (>1000m dari Desa)
Matan Hilir Selatan,Pagar Mentimun,"Jumat, 18 September 2026 07:54:00",NASA-MODIS,Medium,110.16601,-2.20198,False,False,False,False,False,False,Di Luar Area Pantauan (>1000m dari Desa)
Simpang Hilir,Sungaimata-Mata,"Jumat, 18 September 2026 20:12:00",NASA-MODIS,Medium,109.98013,-0.95444,False,False,True,True,False,True,Di Luar Area Pantauan (>1000m dari Desa)
Simpang Dua,Kampar Sebomban,"Jumat, 18 September 2026 20:12:00",NASA-MODIS,Medium,110.15003,-0.82945,False,False,True,True,False,True,Di Luar Area Pantauan (>1000m dari Desa)
Sungai Raya,Kalibandung,"Jumat, 18 September 2026 20:12:00",NASA-MODIS,Medium,109.66494,-0.33415,False,False,False,True,False,True,Di Luar Area Pantauan (>1000m dari Desa)
Mempawah Hilir,Pasir,"Jumat, 18 September 2026 20:14:00",NASA-MODIS,Medium,109.01601,0.41494,False,False,False,False,False,False,Di Luar Area Pantauan (>1000m dari Desa)
Pulau Maya,Dusun Besar,"Jumat, 18 September 2026 20:12:00",NASA-MODIS,Medium,109.48576,-1.13069,False,False,True,True,False,True,Di Luar Area Pantauan (>1000m dari Desa)
Matan Hilir Selatan,Sungai Besar,"Jumat, 18 September 2026 20:12:00",NASA-MODIS,Medium,110.21558,-1.88915,False,False,True,True,False,True,Di Luar Area Pantauan (>1000m dari Desa)
Tayan Hulu,Kedakas,"Jumat, 18 September 2026 20:14:00",NASA-MODIS,Medium,110.29105,0.25003,False,False,False,False,False,False,Di Luar Area Pantauan (>1000m dari Desa)
Nanga Tayap,Siantau Raya,"Jumat, 18 September 2026 20:12:00",NASA-MODIS,Medium,110.46439,-1.60637,False,False,False,False,False,False,Di Luar Area Pantauan (>1000m dari Desa)
Matan Hilir Utara,Kuala Tolak,"Jumat, 18 September 2026 20:12:00",NASA-MODIS,Medium,110.18628,-1.4789,False,False,False,True,False,True,Di Luar Area Pantauan (>1000m dari Desa)
Belimbing,Batu Buil,"Jumat, 18 September 2026 20:12:00",NASA-MODIS,Medium,111.56711,-0.32137,False,False,False,False,False,False,Di Luar Area Pantauan (>1000m dari Desa)
Matan Hilir Selatan,Pagar Mentimun,"Jumat, 18 September 2026 20:12:00",NASA-MODIS,Medium,110.16075,-2.21048,False,False,False,False,False,False,Di Luar Area Pantauan (>1000m dari Desa)
Pulau Maya,Dusun Besar,"Jumat, 18 September 2026 20:12:00",NASA-MODIS,Medium,109.47926,-1.12595,False,False,False,False,False,False,Di Luar Area Pantauan (>1000m dari Desa)
Kendawangan,Bangkal Serai,"Jumat, 18 September 2026 20:12:00",NASA-MODIS,Medium,110.45582,-2.48279,False,False,False,False,True,True,Di Luar Area Pantauan (>1000m dari Desa)
Nanga Tayap,Pangkalan Teluk,"Jumat, 18 September 2026 20:12:00",NASA-MODIS,Medium,110.35514,-1.2896,False,False,True,False,False,True,Di Luar Area Pantauan (>1000m dari Desa)
Kendawangan,Banjar Sari,"Jumat, 18 September 2026 07:54:00",NASA-MODIS,Medium,110.25158,-2.47781,False,False,False,False,False,False,Di Luar Area Pantauan (>1000m dari Desa)
Matan Hilir Utara,Lamon Satong,"Jumat, 18 September 2026 20:12:00",NASA-MODIS,Medium,110.19743,-1.51376,False,False,True,True,False,True,Di Luar Area Pantauan (>1000m dari Desa)
Sintang,Jerora Satu,"Jumat, 18 September 2026 20:14:00",NASA-MODIS,Medium,111.5405,0.10011,False,False,False,False,False,False,Di Luar Area Pantauan (>1000m dari Desa)
Nanga Tayap,Tanjung Medan,"Jumat, 18 September 2026 20:12:00",NASA-MODIS,Medium,110.45811,-1.44125,False,False,True,False,True,True,Di Luar Area Pantauan (>1000m dari Desa)
Pinoh Utara,Tengkajau,"Jumat, 18 September 2026 20:12:00",NASA-MODIS,Medium,111.73707,-0.24167,False,False,False,False,False,False,Di Luar Area Pantauan (>1000m dari Desa)
Matan Hilir Utara,Kuala Satong,"Jumat, 18 September 2026 20:12:00",NASA-MODIS,Medium,110.13945,-1.42014,False,False,False,True,False,True,Di Luar Area Pantauan (>1000m dari Desa)
Tumbang Titi,Beringin Rayo,"Jumat, 18 September 2026 20:12:00",NASA-MODIS,Medium,110.82504,-1.69561,False,False,False,False,False,False,Di Luar Area Pantauan (>1000m dari Desa)
Simpang Hulu,Sekucing Labai,"Jumat, 18 September 2026 20:12:00",NASA-MODIS,Medium,110.08784,-0.48781,False,False,False,False,False,False,Di Luar Area Pantauan (>1000m dari Desa)
Simpang Dua,Kampar Sebomban,"Jumat, 18 September 2026 20:12:00",NASA-MODIS,Medium,110.2058,-0.91386,False,False,False,False,False,False,Di Luar Area Pantauan (>1000m dari Desa)
Matan Hilir Selatan,Pematang Gadung,"Jumat, 18 September 2026 20:12:00",NASA-MODIS,Medium,110.21089,-1.95388,False,False,True,True,False,True,Di Luar Area Pantauan (>1000m dari Desa)
Matan Hilir Utara,Lamon Satong,"Jumat, 18 September 2026 20:12:00",NASA-MODIS,Medium,110.25608,-1.33081,False,False,True,False,True,True,Di Luar Area Pantauan (>1000m dari Desa)
Muara Pawan,Sungai Awan Kiri,"Jumat, 18 September 2026 20:12:00",NASA-MODIS,Medium,110.0332,-1.69389,False,False,False,False,False,False,Di Luar Area Pantauan (>1000m dari Desa)
Sandai,Sandai,"Jumat, 18 September 2026 20:12:00",NASA-MODIS,Medium,110.70904,-1.27801,False,False,False,False,False,False,Di Luar Area Pantauan (>1000m dari Desa)
Belimbing,Upit,"Jumat, 18 September 2026 20:12:00",NASA-MODIS,Medium,111.41747,-0.41628,False,False,False,False,False,False,Di Luar Area Pantauan (>1000m dari Desa)
Kendawangan,Danau Buntar,"Jumat, 18 September 2026 03:53:00",NASA-MODIS,Medium,110.97837,-2.79411,False,False,False,False,False,False,Di Luar Area Pantauan (>1000m dari Desa)
Kayan Hulu,Lintak Tambuk,"Jumat, 18 September 2026 20:12:00",NASA-MODIS,Medium,112.18412,-0.18027,False,False,False,False,False,False,Di Luar Area Pantauan (>1000m dari Desa)
Nanga Mahap,Tembaga,"Jumat, 18 September 2026 20:12:00",NASA-MODIS,Medium,110.62076,-0.61751,False,False,False,False,False,False,Di Luar Area Pantauan (>1000m dari Desa)
Simpang Hulu,Kenanga,"Jumat, 18 September 2026 20:12:00",NASA-MODIS,Medium,110.61173,-0.61874,False,False,False,False,False,False,Di Luar Area Pantauan (>1000m dari Desa)
Simpang Hulu,Sekucing Labai,"Jumat, 18 September 2026 20:12:00",NASA-MODIS,Medium,110.11465,-0.47482,False,False,False,False,False,False,Di Luar Area Pantauan (>1000m dari Desa)
Matan Hilir Selatan,Sungai Nanjung,"Jumat, 18 September 2026 20:12:00",NASA-MODIS,Medium,110.19287,-2.15923,False,False,True,True,False,True,Di Luar Area Pantauan (>1000m dari Desa)
Kendawangan,Pembedilan,"Jumat, 18 September 2026 20:12:00",NASA-MODIS,Medium,110.42282,-2.81024,False,False,False,False,True,True,Di Luar Area Pantauan (>1000m dari Desa)
Sandai,Randau Jungkal,"Jumat, 18 September 2026 20:12:00",NASA-MODIS,Medium,110.73028,-1.21015,False,False,True,False,False,True,Di Luar Area Pantauan (>1000m dari Desa)
Sokan,Nanga Tangkit,"Jumat, 18 September 2026 20:12:00",NASA-MODIS,Medium,111.47605,-1.04461,False,False,False,False,False,False,Di Luar Area Pantauan (>1000m dari Desa)
Dedai,Riguk,"Jumat, 18 September 2026 20:12:00",NASA-MODIS,Medium,111.70136,-0.00845,False,False,False,False,False,False,Di Luar Area Pantauan (>1000m dari Desa)
Kendawangan,Air Hitam Besar,"Jumat, 18 September 2026 20:12:00",NASA-MODIS,Medium,110.69976,-2.73543,False,False,False,False,False,False,Di Luar Area Pantauan (>1000m dari Desa)
Matan Hilir Selatan,Sungai Nanjung,"Jumat, 18 September 2026 20:12:00",NASA-MODIS,Medium,110.13379,-2.15785,False,False,False,False,False,False,Di Luar Area Pantauan (>1000m dari Desa)
Jelai Hulu,Semantun,"Jumat, 18 September 2026 20:12:00",NASA-MODIS,Medium,111.02902,-2.06367,False,False,False,False,False,False,Di Luar Area Pantauan (>1000m dari Desa)
Manis Mata,Suka Ramai,"Jumat, 18 September 2026 03:53:00",NASA-MODIS,Medium,110.98678,-2.78936,False,False,False,False,False,False,Di Luar Area Pantauan (>1000m dari Desa)
Kendawangan,Bangkal Serai,"Jumat, 18 September 2026 20:12:00",NASA-MODIS,Medium,110.50963,-2.4297,False,False,False,False,False,False,Di Luar Area Pantauan (>1000m dari Desa)
Kendawangan,Banjar Sari,"Jumat, 18 September 2026 20:12:00",NASA-MODIS,Medium,110.24511,-2.47536,False,False,False,True,False,True,Di Luar Area Pantauan (>1000m dari Desa)
Kendawangan,Pangkalan Batu,"Jumat, 18 September 2026 20:12:00",NASA-MODIS,Medium,110.39623,-2.25169,False,False,False,False,False,False,Di Luar Area Pantauan (>1000m dari Desa)
Dedai,Apin Baru,"Jumat, 18 September 2026 20:12:00",NASA-MODIS,Medium,111.77247,-0.00762,False,False,False,False,False,False,Di Luar Area Pantauan (>1000m dari Desa)
Pemahan,Pebihingan,"Jumat, 18 September 2026 20:12:00",NASA-MODIS,Medium,110.55193,-1.74194,False,False,False,False,False,False,Di Luar Area Pantauan (>1000m dari Desa)
Kendawangan,Kendawangan Kanan,"Jumat, 18 September 2026 20:12:00",NASA-MODIS,Medium,110.2752,-2.8023,False,False,False,False,True,True,Di Luar Area Pantauan (>1000m dari Desa)
Nanga Tayap,Sungai Kelik,"Jumat, 18 September 2026 20:12:00",NASA-MODIS,Medium,110.31001,-1.56327,False,False,True,True,False,True,Di Luar Area Pantauan (>1000m dari Desa)
Kendawangan,Pembedilan,"Jumat, 18 September 2026 20:12:00",NASA-MODIS,Medium,110.36913,-2.87223,False,False,False,False,True,True,Di Luar Area Pantauan (>1000m dari Desa)
Nanga Tayap,Cegolak,"Jumat, 18 September 2026 20:12:00",NASA-MODIS,Medium,110.6963,-1.61188,False,False,True,False,False,True,Di Luar Area Pantauan (>1000m dari Desa)
Sungai Laur,Sepotong,"Jumat, 18 September 2026 20:12:00",NASA-MODIS,Medium,110.52525,-0.84228,False,False,False,False,False,False,Di Luar Area Pantauan (>1000m dari Desa)
Simpang Dua,Kamora,"Jumat, 18 September 2026 20:12:00",NASA-MODIS,Medium,110.24629,-0.9543,False,False,True,False,False,True,Di Luar Area Pantauan (>1000m dari Desa)
Sungai Raya,Pulaulimbung,"Jumat, 18 September 2026 20:14:00",NASA-MODIS,Medium,109.83392,-0.18117,False,False,True,True,True,True,Di Luar Area Pantauan (>1000m dari Desa)
Toba,Teraju,"Jumat, 18 September 2026 20:12:00",NASA-MODIS,Medium,110.12614,-0.23343,False,False,False,False,False,False,Di Luar Area Pantauan (>1000m dari Desa)
Kendawangan,Seriam,"Jumat, 18 September 2026 20:12:00",NASA-MODIS,Medium,110.44637,-2.48407,False,False,False,False,False,False,Di Luar Area Pantauan (>1000m dari Desa)
Sandai,Sandai,"Jumat, 18 September 2026 20:12:00",NASA-MODIS,Medium,110.51234,-1.26828,False,False,False,False,False,False,Di Luar Area Pantauan (>1000m dari Desa)
Simpang Hilir,Batu Barat,"Jumat, 18 September 2026 20:12:00",NASA-MODIS,Medium,110.08096,-0.91253,False,False,True,True,False,True,Di Luar Area Pantauan (>1000m dari Desa)
Nanga Tayap,Betenung,"Jumat, 18 September 2026 20:12:00",NASA-MODIS,Medium,110.83382,-1.6023,False,False,False,False,False,False,Di Luar Area Pantauan (>1000m dari Desa)
Manis Mata,Suak Burung,"Jumat, 18 September 2026 20:12:00",NASA-MODIS,Medium,111.05261,-2.30068,False,False,False,False,False,False,Di Luar Area Pantauan (>1000m dari Desa)
Kendawangan,Air Hitam Besar,"Jumat, 18 September 2026 07:54:00",NASA-MODIS,Medium,110.71397,-2.73046,False,False,False,False,False,False,Di Luar Area Pantauan (>1000m dari Desa)
Batu Ampar,Teluknibung,"Jumat, 18 September 2026 20:12:00",NASA-MODIS,Medium,109.52047,-0.81494,False,False,True,True,True,True,Di Luar Area Pantauan (>1000m dari Desa)
Sokan,Nanga Tangkit,"Jumat, 18 September 2026 20:12:00",NASA-MODIS,Medium,111.48479,-1.04341,False,False,False,False,False,False,Di Luar Area Pantauan (>1000m dari Desa)
Sungai Laur,Tanjung Beringin,"Jumat, 18 September 2026 20:12:00",NASA-MODIS,Medium,110.52892,-0.77705,False,False,False,False,False,False,Di Luar Area Pantauan (>1000m dari Desa)
Simpang Hilir,Nipah Kuning,"Jumat, 18 September 2026 20:12:00",NASA-MODIS,Medium,109.94262,-1.06127,False,False,True,True,True,True,Di Luar Area Pantauan (>1000m dari Desa)
Tumbang Titi,Tanjung Beulang,"Jumat, 18 September 2026 20:12:00",NASA-MODIS,Medium,110.70145,-1.73985,False,False,False,False,False,False,Di Luar Area Pantauan (>1000m dari Desa)
Sungai Laur,Sepotong,"Jumat, 18 September 2026 20:12:00",NASA-MODIS,Medium,110.54596,-0.8577,False,False,False,False,False,False,Di Luar Area Pantauan (>1000m dari Desa)
Sukadana,Sejahtera,"Jumat, 18 September 2026 20:12:00",NASA-MODIS,Medium,110.13611,-1.26428,False,False,True,False,True,True,Di Luar Area Pantauan (>1000m dari Desa)
Tempunak,Suka Jaya,"Jumat, 18 September 2026 20:12:00",NASA-MODIS,Medium,111.33174,-0.02076,False,False,False,False,False,False,Di Luar Area Pantauan (>1000m dari Desa)
Kendawangan,Kendawangan Kanan,"Jumat, 18 September 2026 20:12:00",NASA-MODIS,Medium,110.25909,-2.73107,False,False,False,False,True,True,Di Luar Area Pantauan (>1000m dari Desa)
Pemahan,Pebihingan,"Jumat, 18 September 2026 20:12:00",NASA-MODIS,Medium,110.54269,-1.74319,False,False,False,False,False,False,Di Luar Area Pantauan (>1000m dari Desa)
Tumbang Titi,Nanga Kelampai,"Jumat, 18 September 2026 20:12:00",NASA-MODIS,Medium,110.60484,-1.90065,False,False,False,False,False,False,Di Luar Area Pantauan (>1000m dari Desa)
Simpang Hulu,Kenanga,"Jumat, 18 September 2026 20:12:00",NASA-MODIS,Medium,110.54826,-0.6274,False,False,False,False,False,False,Di Luar Area Pantauan (>1000m dari Desa)
Simpang Hilir,Lubuk Batu,"Jumat, 18 September 2026 20:12:00",NASA-MODIS,Medium,110.09332,-0.95656,False,False,False,False,False,False,Di Luar Area Pantauan (>1000m dari Desa)
Belimbing,Batu Buil,"Jumat, 18 September 2026 20:12:00",NASA-MODIS,Medium,111.60711,-0.28901,False,False,False,False,False,False,Di Luar Area Pantauan (>1000m dari Desa)
Nanga Tayap,Lembah Hijau Dua,"Jumat, 18 September 2026 20:12:00",NASA-MODIS,Medium,110.45263,-1.58956,False,False,False,False,False,False,Di Luar Area Pantauan (>1000m dari Desa)
Matan Hilir Selatan,Sungai Nanjung,"Jumat, 18 September 2026 20:12:00",NASA-MODIS,Medium,110.12923,-2.19603,False,False,False,False,False,False,Di Luar Area Pantauan (>1000m dari Desa)
Muara Pawan,Sungai Awan Kiri,"Jumat, 18 September 2026 12:46:00",NASA-SNPP,Medium,110.03346,-1.70186,False,False,False,False,False,False,Di Luar Area Pantauan (>1000m dari Desa)
Jelai Hulu,Karang Dangin,"Jumat, 18 September 2026 20:12:00",NASA-MODIS,Medium,110.89403,-1.90691,False,False,True,False,False,True,Di Luar Area Pantauan (>1000m dari Desa)
Pulau Maya,Dusun Besar,"Jumat, 18 September 2026 20:12:00",NASA-MODIS,Medium,109.4894,-1.12453,False,False,False,True,False,True,Di Luar Area Pantauan (>1000m dari Desa)
Batu Ampar,Teluknibung,"Jumat, 18 September 2026 20:12:00",NASA-MODIS,Medium,109.52177,-0.82431,False,True,True,True,True,True,Prioritas 3 (Rendah)
Kendawangan,Pembedilan,"Jumat, 18 September 2026 12:46:00",NASA-SNPP,Medium,110.34135,-2.80303,False,False,False,False,True,True,Di Luar Area Pantauan (>1000m dari Desa)
Kendawangan,Kedondong,"Jumat, 18 September 2026 12:46:00",NASA-SNPP,Medium,110.2746,-2.217,False,False,True,False,True,True,Di Luar Area Pantauan (>1000m dari Desa)
Matan Hilir Selatan,Pagar Mentimun,"Jumat, 18 September 2026 12:46:00",NASA-SNPP,Medium,110.15843,-2.32577,False,False,False,True,False,True,Di Luar Area Pantauan (>1000m dari Desa)
Kendawangan,Danau Buntar,"Jumat, 18 September 2026 12:46:00",NASA-SNPP,Medium,110.8092,-2.72839,False,False,False,False,True,True,Di Luar Area Pantauan (>1000m dari Desa)
Kendawangan,Mekar Utama,"Jumat, 18 September 2026 12:46:00",NASA-SNPP,Medium,110.25645,-2.25002,False,False,False,False,False,False,Di Luar Area Pantauan (>1000m dari Desa)
Kendawangan,Pangkalan Batu,"Jumat, 18 September 2026 12:46:00",NASA-SNPP,Medium,110.40309,-2.25337,False,False,False,False,False,False,Di Luar Area Pantauan (>1000m dari Desa)
Kendawangan,Pembedilan,"Jumat, 18 September 2026 12:46:00",NASA-SNPP,Medium,110.36626,-2.92202,False,False,False,False,True,True,Di Luar Area Pantauan (>1000m dari Desa)
Kendawangan,Pangkalan Batu,"Jumat, 18 September 2026 12:46:00",NASA-SNPP,Medium,110.34267,-2.19013,False,False,False,False,False,False,Di Luar Area Pantauan (>1000m dari Desa)
Kendawangan,Pembedilan,"Jumat, 18 September 2026 12:46:00",NASA-SNPP,Medium,110.34762,-2.80717,False,False,False,False,True,True,Di Luar Area Pantauan (>1000m dari Desa)
Kendawangan,Bangkal Serai,"Jumat, 18 September 2026 12:46:00",NASA-SNPP,Medium,110.4874,-2.62435,False,False,False,False,True,True,Di Luar Area Pantauan (>1000m dari Desa)
Kendawangan,Bangkal Serai,"Jumat, 18 September 2026 12:46:00",NASA-SNPP,Medium,110.46233,-2.47394,False,False,False,False,True,True,Di Luar Area Pantauan (>1000m dari Desa)
Manis Mata,Seguling,"Jumat, 18 September 2026 12:46:00",NASA-SNPP,Medium,111.07428,-2.58197,False,False,False,False,False,False,Di Luar Area Pantauan (>1000m dari Desa)
Kendawangan,Danau Buntar,"Jumat, 18 September 2026 12:46:00",NASA-SNPP,Medium,110.89975,-2.5788,False,False,False,False,False,False,Di Luar Area Pantauan (>1000m dari Desa)
Kendawangan,Bangkal Serai,"Jumat, 18 September 2026 12:46:00",NASA-SNPP,Medium,110.50729,-2.49911,False,False,False,False,True,True,Di Luar Area Pantauan (>1000m dari Desa)
Kendawangan,Seriam,"Jumat, 18 September 2026 12:46:00",NASA-SNPP,Medium,110.25613,-2.63218,False,False,False,False,True,True,Di Luar Area Pantauan (>1000m dari Desa)
Manis Mata,Sungai Buluh,"Jumat, 18 September 2026 12:46:00",NASA-SNPP,Medium,111.05035,-2.55664,False,False,False,False,False,False,Di Luar Area Pantauan (>1000m dari Desa)
Kendawangan,Danau Buntar,"Jumat, 18 September 2026 12:46:00",NASA-SNPP,Medium,110.95553,-2.78015,False,False,False,False,False,False,Di Luar Area Pantauan (>1000m dari Desa)
Matan Hilir Selatan,Sungai Nanjung,"Jumat, 18 September 2026 12:46:00",NASA-SNPP,Medium,110.21888,-2.15322,False,False,True,True,False,True,Di Luar Area Pantauan (>1000m dari Desa)
Kendawangan,Seriam,"Jumat, 18 September 2026 12:46:00",NASA-SNPP,Medium,110.36841,-2.75341,False,False,False,False,True,True,Di Luar Area Pantauan (>1000m dari Desa)
Kendawangan,Seriam,"Jumat, 18 September 2026 12:46:00",NASA-SNPP,Medium,110.31163,-2.7566,False,False,False,False,True,True,Di Luar Area Pantauan (>1000m dari Desa)
Manis Mata,Suka Ramai,"Jumat, 18 September 2026 12:46:00",NASA-SNPP,Medium,111.15376,-2.69144,False,False,False,False,False,False,Di Luar Area Pantauan (>1000m dari Desa)
Kendawangan,Seriam,"Jumat, 18 September 2026 12:46:00",NASA-SNPP,Medium,110.36497,-2.74846,False,False,False,False,True,True,Di Luar Area Pantauan (>1000m dari Desa)
Kendawangan,Pangkalan Batu,"Jumat, 18 September 2026 12:46:00",NASA-SNPP,Medium,110.36566,-2.15649,False,False,False,False,False,False,Di Luar Area Pantauan (>1000m dari Desa)
Kendawangan,Pembedilan,"Jumat, 18 September 2026 12:46:00",NASA-SNPP,Medium,110.3267,-2.82046,False,False,False,False,True,True,Di Luar Area Pantauan (>1000m dari Desa)
Marau,Belaban,"Jumat, 18 September 2026 12:46:00",NASA-SNPP,Medium,110.61855,-2.09377,False,False,False,False,False,False,Di Luar Area Pantauan (>1000m dari Desa)
Jelai Hulu,Semantun,"Jumat, 18 September 2026 12:46:00",NASA-SNPP,Medium,111.04215,-2.05934,False,False,False,False,False,False,Di Luar Area Pantauan (>1000m dari Desa)
Kendawangan,Air Hitam Besar,"Jumat, 18 September 2026 12:46:00",NASA-SNPP,Medium,110.71314,-2.72786,False,False,False,False,False,False,Di Luar Area Pantauan (>1000m dari Desa)
Matan Hilir Selatan,Sungai Nanjung,"Jumat, 18 September 2026 12:46:00",NASA-SNPP,Medium,110.22936,-2.126,False,False,False,False,False,False,Di Luar Area Pantauan (>1000m dari Desa)
Kendawangan,Pembedilan,"Jumat, 18 September 2026 12:46:00",NASA-SNPP,Medium,110.34832,-2.81215,False,False,False,False,True,True,Di Luar Area Pantauan (>1000m dari Desa)
Kendawangan,Sungai Jelayan,"Jumat, 18 September 2026 12:46:00",NASA-SNPP,Medium,110.44362,-2.15974,False,False,False,False,False,False,Di Luar Area Pantauan (>1000m dari Desa)
Kendawangan,Air Hitam Besar,"Jumat, 18 September 2026 12:46:00",NASA-SNPP,Medium,110.73316,-2.75452,False,False,False,False,False,False,Di Luar Area Pantauan (>1000m dari Desa)
Matan Hilir Selatan,Pesaguan Kanan,"Jumat, 18 September 2026 12:46:00",NASA-SNPP,Medium,110.28964,-2.03601,False,False,True,False,False,True,Di Luar Area Pantauan (>1000m dari Desa)
Kendawangan,Pembedilan,"Jumat, 18 September 2026 12:46:00",NASA-SNPP,Medium,110.41649,-2.81205,False,False,False,False,True,True,Di Luar Area Pantauan (>1000m dari Desa)
Matan Hilir Selatan,Sungai Besar,"Jumat, 18 September 2026 12:46:00",NASA-SNPP,Medium,110.21197,-1.90478,False,False,True,False,False,True,Di Luar Area Pantauan (>1000m dari Desa)
Muara Pawan,Mayak,"Jumat, 18 September 2026 12:46:00",NASA-SNPP,Medium,110.16881,-1.71212,False,False,True,True,False,True,Di Luar Area Pantauan (>1000m dari Desa)
Matan Hilir Selatan,Sungai Pelang,"Jumat, 18 September 2026 12:46:00",NASA-SNPP,Medium,110.19511,-1.84608,False,False,False,True,False,True,Di Luar Area Pantauan (>1000m dari Desa)
Matan Hilir Selatan,Sungai Besar,"Jumat, 18 September 2026 12:46:00",NASA-SNPP,Medium,110.26341,-1.85092,False,False,True,True,False,True,Di Luar Area Pantauan (>1000m dari Desa)
Matan Hilir Selatan,Sungai Pelang,"Jumat, 18 September 2026 12:46:00",NASA-SNPP,Medium,110.19176,-1.86176,False,False,True,True,False,True,Di Luar Area Pantauan (>1000m dari Desa)
Nanga Tayap,Cegolak,"Jumat, 18 September 2026 12:46:00",NASA-SNPP,Medium,110.68546,-1.61111,False,False,True,False,False,True,Di Luar Area Pantauan (>1000m dari Desa)
Sungai Melayu Rayak,Makmur Abadi,"Jumat, 18 September 2026 12:46:00",NASA-SNPP,Medium,110.30154,-1.68062,False,False,False,False,False,False,Di Luar Area Pantauan (>1000m dari Desa)
Muara Pawan,Tanjung Pura,"Jumat, 18 September 2026 12:46:00",NASA-SNPP,Medium,110.23495,-1.6809,False,False,False,True,False,True,Di Luar Area Pantauan (>1000m dari Desa)
Nanga Tayap,Cegolak,"Jumat, 18 September 2026 12:46:00",NASA-SNPP,Medium,110.69137,-1.61511,False,False,True,False,False,True,Di Luar Area Pantauan (>1000m dari Desa)
Sungai Melayu Rayak,Makmur Abadi,"Jumat, 18 September 2026 12:46:00",NASA-SNPP,Medium,110.27132,-1.70037,False,False,True,True,False,True,Di Luar Area Pantauan (>1000m dari Desa)
Sungai Melayu Rayak,Makmur Abadi,"Jumat, 18 September 2026 12:46:00",NASA-SNPP,Medium,110.25964,-1.69717,False,False,True,False,False,True,Di Luar Area Pantauan (>1000m dari Desa)
Muara Pawan,Sungai Awan Kiri,"Jumat, 18 September 2026 12:46:00",NASA-SNPP,Medium,110.0591,-1.74366,False,False,False,True,False,True,Di Luar Area Pantauan (>1000m dari Desa)
Sungai Melayu Rayak,Makmur Abadi,"Jumat, 18 September 2026 12:46:00",NASA-SNPP,Medium,110.31025,-1.66425,False,False,False,False,False,False,Di Luar Area Pantauan (>1000m dari Desa)
Tumbang Titi,Sepauhan Raya,"Jumat, 18 September 2026 12:46:00",NASA-SNPP,Medium,110.71686,-1.95279,False,False,False,False,False,False,Di Luar Area Pantauan (>1000m dari Desa)
Muara Pawan,Tanjung Pura,"Jumat, 18 September 2026 12:46:00",NASA-SNPP,Medium,110.17359,-1.70636,False,False,True,True,False,True,Di Luar Area Pantauan (>1000m dari Desa)
Sungai Melayu Rayak,Makmur Abadi,"Jumat, 18 September 2026 12:46:00",NASA-SNPP,Medium,110.2283,-1.7335,False,False,True,True,False,True,Di Luar Area Pantauan (>1000m dari Desa)
Muara Pawan,Tanjung Pura,"Jumat, 18 September 2026 12:46:00",NASA-SNPP,Medium,110.23742,-1.68183,False,False,False,True,False,True,Di Luar Area Pantauan (>1000m dari Desa)
Tumbang Titi,Sepauhan Raya,"Jumat, 18 September 2026 12:46:00",NASA-SNPP,Medium,110.71431,-1.95304,False,False,False,False,False,False,Di Luar Area Pantauan (>1000m dari Desa)
Matan Hilir Selatan,Sungai Nanjung,"Jumat, 18 September 2026 12:46:00",NASA-SNPP,Medium,110.24213,-2.19534,False,False,True,True,True,True,Di Luar Area Pantauan (>1000m dari Desa)
Matan Hilir Selatan,Sungai Besar,"Jumat, 18 September 2026 12:46:00",NASA-SNPP,Medium,110.21284,-1.88888,False,False,True,True,False,True,Di Luar Area Pantauan (>1000m dari Desa)
Matan Hilir Selatan,Sungai Besar,"Jumat, 18 September 2026 12:46:00",NASA-SNPP,Medium,110.20943,-1.90457,False,False,False,False,False,False,Di Luar Area Pantauan (>1000m dari Desa)
Kendawangan,Pembedilan,"Jumat, 18 September 2026 12:46:00",NASA-SNPP,Medium,110.36664,-2.86013,False,False,False,False,True,True,Di Luar Area Pantauan (>1000m dari Desa)
Kendawangan,Pembedilan,"Jumat, 18 September 2026 12:46:00",NASA-SNPP,Medium,110.34418,-2.82292,False,False,False,False,True,True,Di Luar Area Pantauan (>1000m dari Desa)
Kendawangan,Pembedilan,"Jumat, 18 September 2026 12:46:00",NASA-SNPP,Medium,110.33302,-2.8246,False,False,False,False,True,True,Di Luar Area Pantauan (>1000m dari Desa)
Nanga Tayap,Simpang Tiga Sembelangaan,"Jumat, 18 September 2026 12:46:00",NASA-SNPP,Medium,110.38771,-1.44737,False,False,False,False,False,False,Di Luar Area Pantauan (>1000m dari Desa)
Nanga Tayap,Simpang Tiga Sembelangaan,"Jumat, 18 September 2026 12:46:00",NASA-SNPP,Medium,110.38558,-1.45059,False,False,False,False,False,False,Di Luar Area Pantauan (>1000m dari Desa)
Matan Hilir Utara,Kuala Satong,"Jumat, 18 September 2026 12:46:00",NASA-SNPP,Medium,110.12376,-1.41771,False,False,False,True,False,True,Di Luar Area Pantauan (>1000m dari Desa)
Sandai,Sandai,"Jumat, 18 September 2026 12:46:00",NASA-SNPP,Medium,110.54057,-1.27181,False,False,False,False,False,False,Di Luar Area Pantauan (>1000m dari Desa)
Sandai,Sandai,"Jumat, 18 September 2026 12:46:00",NASA-SNPP,Medium,110.52871,-1.26382,False,False,False,False,False,False,Di Luar Area Pantauan (>1000m dari Desa)
Sandai,Randau Jungkal,"Jumat, 18 September 2026 12:46:00",NASA-SNPP,Medium,110.73186,-1.20402,False,False,False,False,False,False,Di Luar Area Pantauan (>1000m dari Desa)
Kendawangan,Pembedilan,"Jumat, 18 September 2026 12:46:00",NASA-SNPP,Medium,110.36109,-2.84665,False,False,False,False,True,True,Di Luar Area Pantauan (>1000m dari Desa)
Nanga Tayap,Sungai Kelik,"Jumat, 18 September 2026 12:46:00",NASA-SNPP,Medium,110.30964,-1.58436,False,False,False,True,False,True,Di Luar Area Pantauan (>1000m dari Desa)
Nanga Tayap,Siantau Raya,"Jumat, 18 September 2026 12:46:00",NASA-SNPP,Medium,110.46442,-1.60089,False,False,True,False,False,True,Di Luar Area Pantauan (>1000m dari Desa)
Muara Pawan,Tanjung Pura,"Jumat, 18 September 2026 12:46:00",NASA-SNPP,Medium,110.17678,-1.70506,False,False,True,True,False,True,Di Luar Area Pantauan (>1000m dari Desa)
Matan Hilir Selatan,Pagar Mentimun,"Jumat, 18 September 2026 12:46:00",NASA-SNPP,Medium,110.16853,-2.20143,False,False,False,False,False,False,Di Luar Area Pantauan (>1000m dari Desa)
Nanga Tayap,Cegolak,"Jumat, 18 September 2026 12:46:00",NASA-SNPP,Medium,110.69057,-1.61036,False,False,True,False,False,True,Di Luar Area Pantauan (>1000m dari Desa)
Muara Pawan,Tanjung Pura,"Jumat, 18 September 2026 12:46:00",NASA-SNPP,Medium,110.17286,-1.70141,False,False,True,True,False,True,Di Luar Area Pantauan (>1000m dari Desa)
Matan Hilir Selatan,Pagar Mentimun,"Jumat, 18 September 2026 12:46:00",NASA-SNPP,Medium,110.15233,-2.20898,False,False,False,False,False,False,Di Luar Area Pantauan (>1000m dari Desa)
Matan Hilir Selatan,Sungai Nanjung,"Jumat, 18 September 2026 12:46:00",NASA-SNPP,Medium,110.29127,-2.18283,False,False,False,False,False,False,Di Luar Area Pantauan (>1000m dari Desa)
Sungai Melayu Rayak,Makmur Abadi,"Jumat, 18 September 2026 12:46:00",NASA-SNPP,Medium,110.2535,-1.71463,False,False,True,True,False,True,Di Luar Area Pantauan (>1000m dari Desa)
Benua Kayong,Negeri Baru,"Jumat, 18 September 2026 12:46:00",NASA-SNPP,Medium,110.2355,-1.78277,False,False,False,True,False,True,Di Luar Area Pantauan (>1000m dari Desa)
Benua Kayong,Negeri Baru,"Jumat, 18 September 2026 12:46:00",NASA-SNPP,Medium,110.23624,-1.78769,False,False,False,True,False,True,Di Luar Area Pantauan (>1000m dari Desa)
Matan Hilir Selatan,Sungai Besar,"Jumat, 18 September 2026 12:46:00",NASA-SNPP,Medium,110.16776,-1.89073,False,False,True,True,False,True,Di Luar Area Pantauan (>1000m dari Desa)
Tumbang Titi,Titi Baru,"Jumat, 18 September 2026 12:46:00",NASA-SNPP,Medium,110.58263,-1.86658,False,False,False,False,False,False,Di Luar Area Pantauan (>1000m dari Desa)
Matan Hilir Selatan,Pematang Gadung,"Jumat, 18 September 2026 12:46:00",NASA-SNPP,Medium,110.19086,-1.99398,False,False,False,True,False,True,Di Luar Area Pantauan (>1000m dari Desa)
Matan Hilir Selatan,Pesaguan Kanan,"Jumat, 18 September 2026 12:46:00",NASA-SNPP,Medium,110.1926,-2.03018,False,False,False,True,False,True,Di Luar Area Pantauan (>1000m dari Desa)
Nanga Mahap,Landau Kumpai,"Jumat, 18 September 2026 12:46:00",NASA-SNPP,Medium,110.72335,-0.40869,False,False,False,False,False,False,Di Luar Area Pantauan (>1000m dari Desa)
Simpang Hilir,Batu Barat,"Jumat, 18 September 2026 12:46:00",NASA-SNPP,Medium,110.02087,-0.94253,False,False,True,True,False,True,Di Luar Area Pantauan (>1000m dari Desa)
Simpang Hilir,Lubuk Batu,"Jumat, 18 September 2026 12:46:00",NASA-SNPP,Medium,110.10828,-0.92899,False,False,False,False,False,False,Di Luar Area Pantauan (>1000m dari Desa)
Simpang Hilir,Lubuk Batu,"Jumat, 18 September 2026 12:46:00",NASA-SNPP,Medium,110.11914,-0.9273,False,False,False,False,False,False,Di Luar Area Pantauan (>1000m dari Desa)
Simpang Hilir,Lubuk Batu,"Jumat, 18 September 2026 12:46:00",NASA-SNPP,Medium,110.09962,-0.94539,False,False,False,False,False,False,Di Luar Area Pantauan (>1000m dari Desa)
Tanah Pinoh Barat,Ganjang,"Jumat, 18 September 2026 12:46:00",NASA-SNPP,Medium,111.33041,-0.8474,True,False,False,False,False,False,Prioritas 2 (Sedang)
Sekadau Hilir,Sungai Kunyit,"Jumat, 18 September 2026 12:46:00",NASA-SNPP,Medium,110.76498,0.0137,False,False,False,True,False,True,Di Luar Area Pantauan (>1000m dari Desa)
Mempawah Hulu,Tiang Tanjung,"Jumat, 18 September 2026 12:46:00",NASA-SNPP,Medium,109.42902,0.69129,False,False,False,False,False,False,Di Luar Area Pantauan (>1000m dari Desa)
Menyuke,Ongkol Padang,"Jumat, 18 September 2026 12:46:00",NASA-SNPP,Medium,109.56727,0.52414,False,False,False,False,False,False,Di Luar Area Pantauan (>1000m dari Desa)
Menyuke,Ongkol Padang,"Jumat, 18 September 2026 12:46:00",NASA-SNPP,Medium,109.56797,0.51916,False,False,False,False,False,False,Di Luar Area Pantauan (>1000m dari Desa)
Sungai Raya,Pulaulimbung,"Jumat, 18 September 2026 12:46:00",NASA-SNPP,Medium,109.82681,-0.1919,False,False,False,True,False,True,Di Luar Area Pantauan (>1000m dari Desa)
Nanga Mahap,Sebabas,"Jumat, 18 September 2026 12:46:00",NASA-SNPP,Medium,110.79062,-0.43615,False,False,False,False,False,False,Di Luar Area Pantauan (>1000m dari Desa)
Sungai Tebelian,Sarai,"Jumat, 18 September 2026 12:46:00",NASA-SNPP,Medium,111.46413,-0.32917,False,False,False,False,False,False,Di Luar Area Pantauan (>1000m dari Desa)
Belimbing,Batu Buil,"Jumat, 18 September 2026 12:46:00",NASA-SNPP,Medium,111.5537,-0.32401,False,False,False,False,False,False,Di Luar Area Pantauan (>1000m dari Desa)
Nanga Mahap,Telukkebau,"Jumat, 18 September 2026 12:46:00",NASA-SNPP,Medium,110.71245,-0.55163,False,False,False,False,False,False,Di Luar Area Pantauan (>1000m dari Desa)
Sungai Laur,Tanjung Maju,"Jumat, 18 September 2026 12:46:00",NASA-SNPP,Medium,110.4788,-0.7007,False,False,False,False,False,False,Di Luar Area Pantauan (>1000m dari Desa)
Sungai Laur,Tanjung Maju,"Jumat, 18 September 2026 12:46:00",NASA-SNPP,Medium,110.48798,-0.69437,False,False,False,False,False,False,Di Luar Area Pantauan (>1000m dari Desa)
Sungai Laur,Merabu Jaya,"Jumat, 18 September 2026 12:46:00",NASA-SNPP,Medium,110.6902,-0.66453,False,False,False,False,False,False,Di Luar Area Pantauan (>1000m dari Desa)
Sungai Laur,Sepotong,"Jumat, 18 September 2026 12:46:00",NASA-SNPP,Medium,110.50019,-0.79531,False,False,False,False,False,False,Di Luar Area Pantauan (>1000m dari Desa)
Simpang Hilir,Batu Barat,"Jumat, 18 September 2026 12:46:00",NASA-SNPP,Medium,110.08912,-0.91187,False,False,False,True,False,True,Di Luar Area Pantauan (>1000m dari Desa)
Teluk Batang,Mas Bangun,"Jumat, 18 September 2026 12:46:00",NASA-SNPP,Medium,109.75819,-0.95753,False,False,False,False,False,False,Di Luar Area Pantauan (>1000m dari Desa)
Simpang Hilir,Lubuk Batu,"Jumat, 18 September 2026 12:46:00",NASA-SNPP,Medium,110.12458,-0.92646,False,False,False,False,False,False,Di Luar Area Pantauan (>1000m dari Desa)
Simpang Hilir,Lubuk Batu,"Jumat, 18 September 2026 12:46:00",NASA-SNPP,Medium,110.12384,-0.92157,False,False,False,False,False,False,Di Luar Area Pantauan (>1000m dari Desa)
Simpang Hilir,Lubuk Batu,"Jumat, 18 September 2026 12:46:00",NASA-SNPP,Medium,110.11372,-0.92815,False,False,False,False,False,False,Di Luar Area Pantauan (>1000m dari Desa)
Tanah Pinoh Barat,Ganjang,"Jumat, 18 September 2026 12:46:00",NASA-SNPP,Medium,111.3297,-0.84291,True,False,False,False,False,False,Prioritas 2 (Sedang)
Simpang Hilir,Lubuk Batu,"Jumat, 18 September 2026 12:46:00",NASA-SNPP,Medium,110.10198,-0.94712,False,False,False,False,False,False,Di Luar Area Pantauan (>1000m dari Desa)
Matan Hilir Selatan,Pesaguan Kanan,"Jumat, 18 September 2026 12:46:00",NASA-SNPP,Medium,110.24961,-2.03187,False,False,True,True,False,True,Di Luar Area Pantauan (>1000m dari Desa)
Matan Hilir Selatan,Pesaguan Kanan,"Jumat, 18 September 2026 12:46:00",NASA-SNPP,Medium,110.25589,-2.03599,False,False,True,True,False,True,Di Luar Area Pantauan (>1000m dari Desa)
Matan Hilir Selatan,Pesaguan Kanan,"Jumat, 18 September 2026 12:46:00",NASA-SNPP,Medium,110.25037,-2.03681,False,False,True,True,False,True,Di Luar Area Pantauan (>1000m dari Desa)
Matan Hilir Selatan,Pesaguan Kanan,"Jumat, 18 September 2026 12:46:00",NASA-SNPP,Medium,110.21788,-2.0467,False,False,False,True,False,True,Di Luar Area Pantauan (>1000m dari Desa)
Matan Hilir Selatan,Pesaguan Kanan,"Jumat, 18 September 2026 12:46:00",NASA-SNPP,Medium,110.21857,-2.05166,False,False,True,True,False,True,Di Luar Area Pantauan (>1000m dari Desa)
Matan Hilir Selatan,Pesaguan Kanan,"Jumat, 18 September 2026 12:46:00",NASA-SNPP,Medium,110.37123,-2.05892,False,False,False,False,False,False,Di Luar Area Pantauan (>1000m dari Desa)
Matan Hilir Selatan,Sungai Nanjung,"Jumat, 18 September 2026 12:46:00",NASA-SNPP,Medium,110.16434,-2.11061,False,False,False,True,False,True,Di Luar Area Pantauan (>1000m dari Desa)
Matan Hilir Selatan,Sungai Nanjung,"Jumat, 18 September 2026 12:46:00",NASA-SNPP,Medium,110.23998,-2.10454,False,False,False,True,False,True,Di Luar Area Pantauan (>1000m dari Desa)
Kendawangan,Seriam,"Jumat, 18 September 2026 12:46:00",NASA-SNPP,Medium,110.3594,-2.74932,False,False,False,False,True,True,Di Luar Area Pantauan (>1000m dari Desa)
Kendawangan,Seriam,"Jumat, 18 September 2026 12:46:00",NASA-SNPP,Medium,110.31461,-2.75618,False,False,False,False,True,True,Di Luar Area Pantauan (>1000m dari Desa)
Kendawangan,Seriam,"Jumat, 18 September 2026 12:46:00",NASA-SNPP,Medium,110.3677,-2.74845,False,False,False,False,True,True,Di Luar Area Pantauan (>1000m dari Desa)
Kendawangan,Seriam,"Jumat, 18 September 2026 12:46:00",NASA-SNPP,Medium,110.29404,-2.75406,False,False,False,True,True,True,Di Luar Area Pantauan (>1000m dari Desa)
Kendawangan,Kendawangan Kanan,"Jumat, 18 September 2026 12:46:00",NASA-SNPP,Medium,110.27865,-2.80727,False,False,False,True,True,True,Di Luar Area Pantauan (>1000m dari Desa)
Kendawangan,Pangkalan Batu,"Jumat, 18 September 2026 12:46:00",NASA-SNPP,Medium,110.33724,-2.19096,False,False,False,False,False,False,Di Luar Area Pantauan (>1000m dari Desa)
Matan Hilir Selatan,Pagar Mentimun,"Jumat, 18 September 2026 12:46:00",NASA-SNPP,Medium,110.23723,-2.24173,False,False,False,False,False,False,Di Luar Area Pantauan (>1000m dari Desa)
Kendawangan,Kedondong,"Jumat, 18 September 2026 12:46:00",NASA-SNPP,Medium,110.26203,-2.24919,False,False,False,False,False,False,Di Luar Area Pantauan (>1000m dari Desa)
Kendawangan,Mekar Utama,"Jumat, 18 September 2026 12:46:00",NASA-SNPP,Medium,110.22172,-2.28563,False,False,False,False,False,False,Di Luar Area Pantauan (>1000m dari Desa)
Kendawangan,Mekar Utama,"Jumat, 18 September 2026 12:46:00",NASA-SNPP,Medium,110.22878,-2.29473,False,False,False,False,False,False,Di Luar Area Pantauan (>1000m dari Desa)
Kendawangan,Bangkal Serai,"Jumat, 18 September 2026 12:46:00",NASA-SNPP,Medium,110.46848,-2.38045,False,False,False,False,False,False,Di Luar Area Pantauan (>1000m dari Desa)
Kendawangan,Bangkal Serai,"Jumat, 18 September 2026 12:46:00",NASA-SNPP,Medium,110.50531,-2.50246,False,False,False,False,True,True,Di Luar Area Pantauan (>1000m dari Desa)
Kendawangan,Bangkal Serai,"Jumat, 18 September 2026 12:46:00",NASA-SNPP,Medium,110.45762,-2.47967,False,False,False,False,True,True,Di Luar Area Pantauan (>1000m dari Desa)
Kendawangan,Kendawangan Kanan,"Jumat, 18 September 2026 12:46:00",NASA-SNPP,Medium,110.24313,-2.65991,False,False,False,True,True,True,Di Luar Area Pantauan (>1000m dari Desa)
Matan Hilir Utara,Kuala Tolak,"Jumat, 18 September 2026 12:46:00",NASA-SNPP,Medium,110.18267,-1.47423,False,False,False,True,False,True,Di Luar Area Pantauan (>1000m dari Desa)
Muara Pawan,Tanjung Pasar,"Jumat, 18 September 2026 12:46:00",NASA-SNPP,Medium,110.10895,-1.80309,False,False,False,False,False,False,Di Luar Area Pantauan (>1000m dari Desa)
Matan Hilir Selatan,Sungai Besar,"Jumat, 18 September 2026 12:46:00",NASA-SNPP,Medium,110.17256,-1.88492,False,False,True,True,False,True,Di Luar Area Pantauan (>1000m dari Desa)
Matan Hilir Selatan,Sungai Besar,"Jumat, 18 September 2026 12:46:00",NASA-SNPP,Medium,110.16218,-1.89158,False,False,True,True,False,True,Di Luar Area Pantauan (>1000m dari Desa)
Matan Hilir Selatan,Pesaguan Kanan,"Jumat, 18 September 2026 12:46:00",NASA-SNPP,Medium,110.19592,-2.02869,False,False,False,True,False,True,Di Luar Area Pantauan (>1000m dari Desa)
Matan Hilir Selatan,Pematang Gadung,"Jumat, 18 September 2026 12:46:00",NASA-SNPP,Medium,110.25613,-2.01429,False,False,False,True,False,True,Di Luar Area Pantauan (>1000m dari Desa)
Benua Kayong,Negeri Baru,"Jumat, 18 September 2026 12:46:00",NASA-SNPP,Medium,110.23688,-1.78439,False,False,False,True,False,True,Di Luar Area Pantauan (>1000m dari Desa)
Matan Hilir Selatan,Sungai Nanjung,"Jumat, 18 September 2026 12:46:00",NASA-SNPP,Medium,110.12779,-2.13661,False,False,False,True,False,True,Di Luar Area Pantauan (>1000m dari Desa)
Matan Hilir Utara,Tanjung Baik Budi,"Jumat, 18 September 2026 12:46:00",NASA-SNPP,Medium,110.16113,-1.5392,False,False,True,True,False,True,Di Luar Area Pantauan (>1000m dari Desa)
Sandai,Pendamaran Indah,"Jumat, 18 September 2026 12:46:00",NASA-SNPP,Medium,110.62083,-1.08939,False,False,False,False,False,False,Di Luar Area Pantauan (>1000m dari Desa)
Batu Ampar,Nipah Panjang,"Jumat, 18 September 2026 12:46:00",NASA-SNPP,Medium,109.41222,-0.78593,False,False,True,True,True,True,Di Luar Area Pantauan (>1000m dari Desa)
Tanah Pinoh Barat,Durian Jaya,"Jumat, 18 September 2026 12:46:00",NASA-SNPP,Medium,111.41178,-0.68588,False,False,False,False,False,False,Di Luar Area Pantauan (>1000m dari Desa)
Simpang Hilir,Batu Barat,"Jumat, 18 September 2026 12:46:00",NASA-SNPP,Medium,110.13538,-0.84975,False,False,True,True,False,True,Di Luar Area Pantauan (>1000m dari Desa)
Sandai,Randau Jungkal,"Jumat, 18 September 2026 12:46:00",NASA-SNPP,Medium,110.67158,-1.03219,False,False,True,False,True,True,Di Luar Area Pantauan (>1000m dari Desa)
Matan Hilir Selatan,Sungai Besar,"Jumat, 18 September 2026 12:46:00",NASA-SNPP,Medium,110.16142,-1.88663,False,False,True,True,False,True,Di Luar Area Pantauan (>1000m dari Desa)
Matan Hilir Selatan,Pematang Gadung,"Jumat, 18 September 2026 12:46:00",NASA-SNPP,Medium,110.18439,-1.94934,False,False,False,False,False,False,Di Luar Area Pantauan (>1000m dari Desa)
Sandai,Randau Jungkal,"Jumat, 18 September 2026 12:46:00",NASA-SNPP,Medium,110.73256,-1.20873,False,False,True,False,False,True,Di Luar Area Pantauan (>1000m dari Desa)
Matan Hilir Utara,Tanjung Baik Budi,"Jumat, 18 September 2026 12:46:00",NASA-SNPP,Medium,110.16733,-1.54331,False,False,False,False,False,False,Di Luar Area Pantauan (>1000m dari Desa)
Hulu Sungai,Beginci Darat,"Jumat, 18 September 2026 12:46:00",NASA-SNPP,Medium,111.06892,-1.31306,True,False,True,False,False,True,Prioritas 1 (Tinggi)
Simpang Hilir,Batu Barat,"Jumat, 18 September 2026 12:46:00",NASA-SNPP,Medium,110.09451,-0.91104,False,False,False,True,False,True,Di Luar Area Pantauan (>1000m dari Desa)
Sungai Laur,Tanjung Maju,"Jumat, 18 September 2026 12:46:00",NASA-SNPP,Medium,110.48293,-0.69517,False,False,False,False,False,False,Di Luar Area Pantauan (>1000m dari Desa)
Belimbing,Nusa Kenyikap,"Jumat, 18 September 2026 12:46:00",NASA-SNPP,Medium,111.618,-0.46188,False,False,False,False,False,False,Di Luar Area Pantauan (>1000m dari Desa)
Nanga Mahap,Tembaga,"Jumat, 18 September 2026 12:46:00",NASA-SNPP,Medium,110.66441,-0.6088,False,False,False,False,False,False,Di Luar Area Pantauan (>1000m dari Desa)
Nanga Mahap,Lembah Beringin,"Jumat, 18 September 2026 12:46:00",NASA-SNPP,Medium,110.76012,-0.55116,False,False,False,False,False,False,Di Luar Area Pantauan (>1000m dari Desa)
Belimbing,Batu Buil,"Jumat, 18 September 2026 12:46:00",NASA-SNPP,Medium,111.57984,-0.32453,False,False,False,False,False,False,Di Luar Area Pantauan (>1000m dari Desa)
Muara Pawan,Ulak Medang,"Jumat, 18 September 2026 12:46:00",NASA-SNPP,Medium,110.2709,-1.66029,False,False,False,True,False,True,Di Luar Area Pantauan (>1000m dari Desa)
Kendawangan,Pembedilan,"Jumat, 18 September 2026 12:46:00",NASA-SNPP,Medium,110.35463,-2.81628,False,False,False,False,True,True,Di Luar Area Pantauan (>1000m dari Desa)
Manis Mata,Tribun Jaya,"Jumat, 18 September 2026 12:46:00",NASA-SNPP,Medium,110.94748,-2.16203,False,False,False,False,False,False,Di Luar Area Pantauan (>1000m dari Desa)
Matan Hilir Selatan,Pagar Mentimun,"Jumat, 18 September 2026 12:46:00",NASA-SNPP,Medium,110.20615,-2.25747,False,False,False,False,False,False,Di Luar Area Pantauan (>1000m dari Desa)
Kendawangan,Pembedilan,"Jumat, 18 September 2026 12:46:00",NASA-SNPP,Medium,110.3698,-2.76334,False,False,False,False,True,True,Di Luar Area Pantauan (>1000m dari Desa)
Kendawangan,Air Hitam Besar,"Jumat, 18 September 2026 12:46:00",NASA-SNPP,Medium,110.73421,-2.72475,False,False,True,False,False,True,Di Luar Area Pantauan (>1000m dari Desa)
Kendawangan,Bangkal Serai,"Jumat, 18 September 2026 12:46:00",NASA-SNPP,Medium,110.48096,-2.62318,False,False,False,False,True,True,Di Luar Area Pantauan (>1000m dari Desa)
Sungai Melayu Rayak,Makmur Abadi,"Jumat, 18 September 2026 12:46:00",NASA-SNPP,Medium,110.25673,-1.69908,False,False,False,False,False,False,Di Luar Area Pantauan (>1000m dari Desa)
Nanga Tayap,Siantau Raya,"Jumat, 18 September 2026 12:46:00",NASA-SNPP,Medium,110.47121,-1.66726,False,False,False,False,False,False,Di Luar Area Pantauan (>1000m dari Desa)
Matan Hilir Selatan,Pagar Mentimun,"Jumat, 18 September 2026 12:46:00",NASA-SNPP,Medium,110.21104,-2.25166,False,False,False,False,False,False,Di Luar Area Pantauan (>1000m dari Desa)
Matan Hilir Selatan,Sungai Nanjung,"Jumat, 18 September 2026 12:46:00",NASA-SNPP,Medium,110.26952,-2.15075,False,False,False,False,False,False,Di Luar Area Pantauan (>1000m dari Desa)
Matan Hilir Selatan,Sungai Nanjung,"Jumat, 18 September 2026 12:46:00",NASA-SNPP,Medium,110.13586,-2.17576,False,False,False,False,False,False,Di Luar Area Pantauan (>1000m dari Desa)
Nanga Mahap,Tembaga,"Jumat, 18 September 2026 12:46:00",NASA-SNPP,Medium,110.66371,-0.60411,False,False,False,False,False,False,Di Luar Area Pantauan (>1000m dari Desa)
Sungai Laur,Tanjung Maju,"Jumat, 18 September 2026 12:46:00",NASA-SNPP,Medium,110.48366,-0.69993,False,False,False,False,False,False,Di Luar Area Pantauan (>1000m dari Desa)
Sungai Laur,Merabu Jaya,"Jumat, 18 September 2026 12:46:00",NASA-SNPP,Medium,110.68239,-0.6801,False,False,False,False,False,False,Di Luar Area Pantauan (>1000m dari Desa)
Belimbing,Nusa Kenyikap,"Jumat, 18 September 2026 12:46:00",NASA-SNPP,Medium,111.62222,-0.46123,False,False,False,False,False,False,Di Luar Area Pantauan (>1000m dari Desa)
Sungai Laur,Tanjung Maju,"Jumat, 18 September 2026 12:46:00",NASA-SNPP,Medium,110.47256,-0.69194,False,False,False,False,False,False,Di Luar Area Pantauan (>1000m dari Desa)
Sungai Laur,Harapan Baru,"Jumat, 18 September 2026 12:46:00",NASA-SNPP,Medium,110.517,-0.7343,False,False,False,False,False,False,Di Luar Area Pantauan (>1000m dari Desa)
Sungai Laur,Tanjung Maju,"Jumat, 18 September 2026 12:46:00",NASA-SNPP,Medium,110.4812,-0.70082,False,False,False,False,False,False,Di Luar Area Pantauan (>1000m dari Desa)
Kendawangan,Banjar Sari,"Jumat, 18 September 2026 12:46:00",NASA-SNPP,Medium,110.44663,-2.4412,False,False,False,False,True,True,Di Luar Area Pantauan (>1000m dari Desa)
Simpang Hilir,Batu Barat,"Jumat, 18 September 2026 12:46:00",NASA-SNPP,Medium,110.13361,-0.84813,False,False,True,True,False,True,Di Luar Area Pantauan (>1000m dari Desa)
Kendawangan,Pembedilan,"Jumat, 18 September 2026 12:46:00",NASA-SNPP,Medium,110.33506,-2.79889,False,False,False,False,True,True,Di Luar Area Pantauan (>1000m dari Desa)
Sungai Laur,Merabu Jaya,"Jumat, 18 September 2026 12:46:00",NASA-SNPP,Medium,110.65278,-0.68458,False,False,False,False,False,False,Di Luar Area Pantauan (>1000m dari Desa)
Sungai Laur,Tanjung Maju,"Jumat, 18 September 2026 12:46:00",NASA-SNPP,Medium,110.468,-0.69265,False,False,False,False,False,False,Di Luar Area Pantauan (>1000m dari Desa)
Simpang Hulu,Paoh Concong,"Jumat, 18 September 2026 12:46:00",NASA-SNPP,Medium,110.40117,-0.72757,False,False,False,False,False,False,Di Luar Area Pantauan (>1000m dari Desa)
Sungai Laur,Tanjung Maju,"Jumat, 18 September 2026 12:46:00",NASA-SNPP,Medium,110.48084,-0.68089,False,False,False,False,False,False,Di Luar Area Pantauan (>1000m dari Desa)
Nanga Mahap,Telukkebau,"Jumat, 18 September 2026 12:46:00",NASA-SNPP,Medium,110.71725,-0.55087,False,False,False,False,False,False,Di Luar Area Pantauan (>1000m dari Desa)
Hulu Sungai,Kenyabur,"Jumat, 18 September 2026 12:46:00",NASA-SNPP,Medium,110.89548,-0.68092,True,True,False,False,False,False,Prioritas 2 (Sedang)
Simpang Hilir,Batu Barat,"Jumat, 18 September 2026 12:46:00",NASA-SNPP,Medium,110.02158,-0.94747,False,False,True,True,False,True,Di Luar Area Pantauan (>1000m dari Desa)
Kendawangan,Kedondong,"Jumat, 18 September 2026 12:46:00",NASA-SNPP,Medium,110.27429,-2.2208,False,False,False,False,True,True,Di Luar Area Pantauan (>1000m dari Desa)
Matan Hilir Utara,Kuala Tolak,"Jumat, 18 September 2026 12:46:00",NASA-SNPP,Medium,110.17732,-1.49646,False,False,False,True,False,True,Di Luar Area Pantauan (>1000m dari Desa)
Muara Pawan,Tanjung Pura,"Jumat, 18 September 2026 12:46:00",NASA-SNPP,Medium,110.23567,-1.68582,False,False,False,True,False,True,Di Luar Area Pantauan (>1000m dari Desa)
Sungai Tebelian,Sarai,"Jumat, 18 September 2026 12:46:00",NASA-SNPP,Medium,111.46315,-0.32867,False,False,False,False,False,False,Di Luar Area Pantauan (>1000m dari Desa)
Matan Hilir Utara,Tanjung Baik Budi,"Jumat, 18 September 2026 12:46:00",NASA-SNPP,Medium,110.14392,-1.53676,False,False,True,True,False,True,Di Luar Area Pantauan (>1000m dari Desa)
Matan Hilir Utara,Kuala Tolak,"Jumat, 18 September 2026 12:46:00",NASA-SNPP,Medium,110.1746,-1.49563,False,False,False,True,False,True,Di Luar Area Pantauan (>1000m dari Desa)
Nanga Tayap,Cegolak,"Jumat, 18 September 2026 12:46:00",NASA-SNPP,Medium,110.68867,-1.61557,False,False,False,False,False,False,Di Luar Area Pantauan (>1000m dari Desa)
Belimbing Hulu,Beloyang,"Jumat, 18 September 2026 12:46:00",NASA-SNPP,Medium,111.46383,-0.33309,False,False,False,False,False,False,Di Luar Area Pantauan (>1000m dari Desa)
Muara Pawan,Ulak Medang,"Jumat, 18 September 2026 12:46:00",NASA-SNPP,Medium,110.29669,-1.57129,False,False,True,True,False,True,Di Luar Area Pantauan (>1000m dari Desa)
Matan Hilir Utara,Kuala Tolak,"Jumat, 18 September 2026 12:46:00",NASA-SNPP,Medium,110.18536,-1.47514,False,False,False,True,False,True,Di Luar Area Pantauan (>1000m dari Desa)
Matan Hilir Utara,Tanjung Baik Budi,"Jumat, 18 September 2026 12:46:00",NASA-SNPP,Medium,110.1604,-1.53427,False,False,True,True,False,True,Di Luar Area Pantauan (>1000m dari Desa)
Sokan,Sijau,"Jumat, 18 September 2026 12:46:00",NASA-SNPP,Medium,111.43159,-0.95722,False,True,False,False,False,False,Prioritas 3 (Rendah)
Matan Hilir Utara,Tanjung Baik Budi,"Jumat, 18 September 2026 12:46:00",NASA-SNPP,Medium,110.18798,-1.5301,False,False,True,True,False,True,Di Luar Area Pantauan (>1000m dari Desa)
Matan Hilir Utara,Kuala Tolak,"Jumat, 18 September 2026 12:46:00",NASA-SNPP,Medium,110.10919,-1.51094,False,False,False,True,False,True,Di Luar Area Pantauan (>1000m dari Desa)
Matan Hilir Utara,Tanjung Baik Budi,"Jumat, 18 September 2026 12:46:00",NASA-SNPP,Medium,110.1369,-1.52772,False,False,True,True,False,True,Di Luar Area Pantauan (>1000m dari Desa)
Matan Hilir Utara,Tanjung Baik Budi,"Jumat, 18 September 2026 12:46:00",NASA-SNPP,Medium,110.13139,-1.52855,False,False,True,True,False,True,Di Luar Area Pantauan (>1000m dari Desa)
Matan Hilir Utara,Kuala Tolak,"Jumat, 18 September 2026 12:46:00",NASA-SNPP,Medium,110.17397,-1.51207,False,False,False,True,False,True,Di Luar Area Pantauan (>1000m dari Desa)
Matan Hilir Utara,Kuala Tolak,"Jumat, 18 September 2026 12:46:00",NASA-SNPP,Medium,110.17226,-1.4406,False,False,False,False,False,False,Di Luar Area Pantauan (>1000m dari Desa)
Muara Pawan,Ulak Medang,"Jumat, 18 September 2026 12:46:00",NASA-SNPP,Medium,110.24846,-1.65872,False,False,False,False,False,False,Di Luar Area Pantauan (>1000m dari Desa)
Belimbing,Batu Buil,"Jumat, 18 September 2026 12:46:00",NASA-SNPP,Medium,111.58043,-0.32893,False,False,True,False,False,True,Di Luar Area Pantauan (>1000m dari Desa)
Matan Hilir Utara,Kuala Tolak,"Jumat, 18 September 2026 12:46:00",NASA-SNPP,Medium,110.18767,-1.48989,False,False,True,True,False,True,Di Luar Area Pantauan (>1000m dari Desa)
Kendawangan,Banjar Sari,"Jumat, 18 September 2026 12:46:00",NASA-SNPP,Medium,110.44047,-2.4371,False,False,False,False,True,True,Di Luar Area Pantauan (>1000m dari Desa)
Simpang Hulu,Paoh Concong,"Jumat, 18 September 2026 12:46:00",NASA-SNPP,Medium,110.45868,-0.66974,False,False,False,False,False,False,Di Luar Area Pantauan (>1000m dari Desa)
Matan Hilir Utara,Tanjung Baik Budi,"Jumat, 18 September 2026 12:46:00",NASA-SNPP,Medium,110.16186,-1.54414,False,False,True,True,False,True,Di Luar Area Pantauan (>1000m dari Desa)
Matan Hilir Selatan,Sungai Nanjung,"Jumat, 18 September 2026 12:46:00",NASA-SNPP,Medium,110.25844,-2.1524,False,False,False,False,False,False,Di Luar Area Pantauan (>1000m dari Desa)
Kendawangan,Seriam,"Jumat, 18 September 2026 12:46:00",NASA-SNPP,Medium,110.2933,-2.74908,False,False,False,False,True,True,Di Luar Area Pantauan (>1000m dari Desa)
Matan Hilir Selatan,Sungai Besar,"Jumat, 18 September 2026 12:46:00",NASA-SNPP,Medium,110.26088,-1.87144,False,False,True,True,False,True,Di Luar Area Pantauan (>1000m dari Desa)
Matan Hilir Selatan,Pesaguan Kanan,"Jumat, 18 September 2026 12:46:00",NASA-SNPP,Medium,110.36652,-2.06465,False,False,False,False,False,False,Di Luar Area Pantauan (>1000m dari Desa)
Matan Hilir Selatan,Sungai Nanjung,"Jumat, 18 September 2026 12:46:00",NASA-SNPP,Medium,110.23441,-2.10535,False,False,False,True,False,True,Di Luar Area Pantauan (>1000m dari Desa)
Muara Pawan,Sungai Awan Kiri,"Jumat, 18 September 2026 12:46:00",NASA-SNPP,Medium,110.05973,-1.72329,False,False,False,True,False,True,Di Luar Area Pantauan (>1000m dari Desa)
Nanga Tayap,Pangkalan Teluk,"Jumat, 18 September 2026 12:46:00",NASA-SNPP,Medium,110.35145,-1.29075,False,False,True,False,False,True,Di Luar Area Pantauan (>1000m dari Desa)
Nanga Tayap,Pangkalan Teluk,"Jumat, 18 September 2026 12:46:00",NASA-SNPP,Medium,110.40633,-1.35045,False,False,False,False,True,True,Di Luar Area Pantauan (>1000m dari Desa)
Nanga Tayap,Simpang Tiga Sembelangaan,"Jumat, 18 September 2026 12:46:00",NASA-SNPP,Medium,110.31999,-1.41805,False,False,False,False,True,True,Di Luar Area Pantauan (>1000m dari Desa)
Matan Hilir Utara,Kuala Tolak,"Jumat, 18 September 2026 12:46:00",NASA-SNPP,Medium,110.18491,-1.48898,False,False,True,True,False,True,Di Luar Area Pantauan (>1000m dari Desa)
Matan Hilir Utara,Kuala Tolak,"Jumat, 18 September 2026 12:46:00",NASA-SNPP,Medium,110.11474,-1.51007,False,False,False,True,False,True,Di Luar Area Pantauan (>1000m dari Desa)
Nanga Tayap,Siantau Raya,"Jumat, 18 September 2026 12:46:00",NASA-SNPP,Medium,110.4651,-1.60573,False,False,False,False,False,False,Di Luar Area Pantauan (>1000m dari Desa)
Matan Hilir Utara,Tanjung Baik Budi,"Jumat, 18 September 2026 12:46:00",NASA-SNPP,Medium,110.14945,-1.53593,False,False,True,True,False,True,Di Luar Area Pantauan (>1000m dari Desa)
Balai,Padi Kaye,"Jumat, 18 September 2026 12:46:00",NASA-SNPP,Medium,110.0788,0.21231,False,False,False,False,False,False,Di Luar Area Pantauan (>1000m dari Desa)
Simpang Hilir,Batu Barat,"Jumat, 18 September 2026 12:46:00",NASA-SNPP,Medium,110.0271,-0.94661,False,False,True,True,False,True,Di Luar Area Pantauan (>1000m dari Desa)
Sungai Laur,Tanjung Maju,"Jumat, 18 September 2026 12:46:00",NASA-SNPP,Medium,110.47828,-0.68179,False,False,False,False,False,False,Di Luar Area Pantauan (>1000m dari Desa)
Simpang Hulu,Paoh Concong,"Jumat, 18 September 2026 12:46:00",NASA-SNPP,Medium,110.42718,-0.68941,False,False,False,False,False,False,Di Luar Area Pantauan (>1000m dari Desa)
Belimbing,Upit,"Jumat, 18 September 2026 12:46:00",NASA-SNPP,Medium,111.46016,-0.36531,False,False,False,False,False,False,Di Luar Area Pantauan (>1000m dari Desa)
Nanga Mahap,Lembah Beringin,"Jumat, 18 September 2026 12:46:00",NASA-SNPP,Medium,110.75669,-0.54939,False,False,False,False,False,False,Di Luar Area Pantauan (>1000m dari Desa)
Sungai Laur,Merabu Jaya,"Jumat, 18 September 2026 12:46:00",NASA-SNPP,Medium,110.67598,-0.65501,False,False,False,False,False,False,Di Luar Area Pantauan (>1000m dari Desa)
Sungai Laur,Tanjung Maju,"Jumat, 18 September 2026 12:46:00",NASA-SNPP,Medium,110.47803,-0.69594,False,False,False,False,False,False,Di Luar Area Pantauan (>1000m dari Desa)
Simpang Hulu,Legong,"Jumat, 18 September 2026 12:46:00",NASA-SNPP,Medium,110.50354,-0.62387,False,False,False,False,False,False,Di Luar Area Pantauan (>1000m dari Desa)
Belimbing,Nanga Pau,"Jumat, 18 September 2026 12:46:00",NASA-SNPP,Medium,111.44106,-0.47552,False,False,False,False,False,False,Di Luar Area Pantauan (>1000m dari Desa)
Belimbing,Nanga Pau,"Jumat, 18 September 2026 12:46:00",NASA-SNPP,Medium,111.43864,-0.46227,False,False,False,False,False,False,Di Luar Area Pantauan (>1000m dari Desa)
Nanga Mahap,Telukkebau,"Jumat, 18 September 2026 12:46:00",NASA-SNPP,Medium,110.71507,-0.5484,False,False,False,False,False,False,Di Luar Area Pantauan (>1000m dari Desa)
Nanga Mahap,Telukkebau,"Jumat, 18 September 2026 12:46:00",NASA-SNPP,Medium,110.71578,-0.55307,False,False,False,False,False,False,Di Luar Area Pantauan (>1000m dari Desa)
Kendawangan,Pembedilan,"Jumat, 18 September 2026 12:46:00",NASA-SNPP,Medium,110.36794,-2.82949,False,False,False,False,True,True,Di Luar Area Pantauan (>1000m dari Desa)
Kendawangan,Pembedilan,"Jumat, 18 September 2026 12:46:00",NASA-SNPP,Medium,110.35606,-2.82621,False,False,False,False,True,True,Di Luar Area Pantauan (>1000m dari Desa)
Kendawangan,Air Hitam Besar,"Jumat, 18 September 2026 12:46:00",NASA-SNPP,Medium,110.82515,-2.76527,False,False,False,False,True,True,Di Luar Area Pantauan (>1000m dari Desa)
Kendawangan,Pembedilan,"Jumat, 18 September 2026 12:46:00",NASA-SNPP,Medium,110.39019,-2.82613,False,False,False,False,True,True,Di Luar Area Pantauan (>1000m dari Desa)
Kendawangan,Air Hitam Besar,"Jumat, 18 September 2026 12:46:00",NASA-SNPP,Medium,110.78197,-2.79645,False,False,False,False,False,False,Di Luar Area Pantauan (>1000m dari Desa)
Kendawangan,Pembedilan,"Jumat, 18 September 2026 12:46:00",NASA-SNPP,Medium,110.37008,-2.84438,False,False,False,False,True,True,Di Luar Area Pantauan (>1000m dari Desa)
Kendawangan,Pembedilan,"Jumat, 18 September 2026 12:46:00",NASA-SNPP,Medium,110.37291,-2.86424,False,False,False,False,True,True,Di Luar Area Pantauan (>1000m dari Desa)
Kendawangan,Pembedilan,"Jumat, 18 September 2026 12:46:00",NASA-SNPP,Medium,110.43397,-2.85486,False,False,False,False,True,True,Di Luar Area Pantauan (>1000m dari Desa)
Kendawangan,Danau Buntar,"Jumat, 18 September 2026 12:46:00",NASA-SNPP,Medium,110.96413,-2.8032,False,False,True,False,False,True,Di Luar Area Pantauan (>1000m dari Desa)
Manis Mata,Suka Ramai,"Jumat, 18 September 2026 12:46:00",NASA-SNPP,Medium,110.98862,-2.79472,False,False,False,False,False,False,Di Luar Area Pantauan (>1000m dari Desa)
Kendawangan,Natai Kuini,"Jumat, 18 September 2026 12:46:00",NASA-SNPP,Medium,110.6836,-2.91917,False,False,False,False,False,False,Di Luar Area Pantauan (>1000m dari Desa)
Kendawangan,Natai Kuini,"Jumat, 18 September 2026 12:46:00",NASA-SNPP,Medium,110.68649,-2.92126,False,False,False,False,False,False,Di Luar Area Pantauan (>1000m dari Desa)
Kendawangan,Air Hitam Besar,"Jumat, 18 September 2026 12:46:00",NASA-SNPP,Medium,110.71912,-2.73192,False,False,False,False,False,False,Di Luar Area Pantauan (>1000m dari Desa)
Matan Hilir Selatan,Sungai Nanjung,"Jumat, 18 September 2026 12:46:00",NASA-SNPP,Medium,110.23833,-2.10942,False,False,False,True,False,True,Di Luar Area Pantauan (>1000m dari Desa)
Kendawangan,Air Hitam Besar,"Jumat, 18 September 2026 12:46:00",NASA-SNPP,Medium,110.73772,-2.74891,False,False,False,True,False,True,Di Luar Area Pantauan (>1000m dari Desa)
Matan Hilir Selatan,Pagar Mentimun,"Jumat, 18 September 2026 12:46:00",NASA-SNPP,Medium,110.15106,-2.23501,False,False,False,False,False,False,Di Luar Area Pantauan (>1000m dari Desa)
Kendawangan,Selimantan Jaya,"Jumat, 18 September 2026 12:46:00",NASA-SNPP,Medium,110.56972,-2.28569,False,False,False,False,False,False,Di Luar Area Pantauan (>1000m dari Desa)
Matan Hilir Selatan,Sungai Besar,"Jumat, 18 September 2026 12:46:00",NASA-SNPP,Medium,110.26414,-1.85584,False,False,True,True,False,True,Di Luar Area Pantauan (>1000m dari Desa)
Marau,Rangkung,"Jumat, 18 September 2026 12:46:00",NASA-SNPP,Medium,110.60671,-2.18825,False,False,False,False,False,False,Di Luar Area Pantauan (>1000m dari Desa)
Matan Hilir Selatan,Pematang Gadung,"Jumat, 18 September 2026 12:46:00",NASA-SNPP,Medium,110.26954,-2.0138,False,False,False,False,False,False,Di Luar Area Pantauan (>1000m dari Desa)
Muara Pawan,Tanjung Pasar,"Jumat, 18 September 2026 12:46:00",NASA-SNPP,Medium,110.01982,-1.83134,False,False,False,False,False,False,Di Luar Area Pantauan (>1000m dari Desa)
Matan Hilir Selatan,Sungai Besar,"Jumat, 18 September 2026 12:46:00",NASA-SNPP,Medium,110.25795,-1.85174,False,False,True,True,False,True,Di Luar Area Pantauan (>1000m dari Desa)
Muara Pawan,Sungai Awan Kiri,"Jumat, 18 September 2026 12:46:00",NASA-SNPP,Medium,110.04852,-1.75034,False,False,False,False,False,False,Di Luar Area Pantauan (>1000m dari Desa)
Kendawangan,Pangkalan Batu,"Jumat, 18 September 2026 12:46:00",NASA-SNPP,Medium,110.34884,-2.19422,False,False,False,False,False,False,Di Luar Area Pantauan (>1000m dari Desa)
Matan Hilir Selatan,Pagar Mentimun,"Jumat, 18 September 2026 12:46:00",NASA-SNPP,Medium,110.23194,-2.23843,False,False,False,False,False,False,Di Luar Area Pantauan (>1000m dari Desa)
Matan Hilir Selatan,Pesaguan Kanan,"Jumat, 18 September 2026 12:46:00",NASA-SNPP,Medium,110.1824,-2.07737,False,False,True,True,False,True,Di Luar Area Pantauan (>1000m dari Desa)
Matan Hilir Selatan,Sungai Nanjung,"Jumat, 18 September 2026 12:46:00",NASA-SNPP,Medium,110.23206,-2.10532,False,False,False,True,False,True,Di Luar Area Pantauan (>1000m dari Desa)
Matan Hilir Selatan,Pematang Gadung,"Jumat, 18 September 2026 12:46:00",NASA-SNPP,Medium,110.20746,-1.95095,False,False,False,True,False,True,Di Luar Area Pantauan (>1000m dari Desa)
Sungai Melayu Rayak,Makmur Abadi,"Jumat, 18 September 2026 12:46:00",NASA-SNPP,Medium,110.30416,-1.68204,False,False,False,False,False,False,Di Luar Area Pantauan (>1000m dari Desa)
Kendawangan,Kendawangan Kanan,"Jumat, 18 September 2026 12:46:00",NASA-SNPP,Medium,110.2836,-2.80143,False,False,False,True,True,True,Di Luar Area Pantauan (>1000m dari Desa)
Matan Hilir Selatan,Pematang Gadung,"Jumat, 18 September 2026 12:46:00",NASA-SNPP,Medium,110.18515,-1.9543,False,False,False,True,False,True,Di Luar Area Pantauan (>1000m dari Desa)
Tumbang Titi,Titi Baru,"Jumat, 18 September 2026 12:46:00",NASA-SNPP,Medium,110.60575,-1.89613,False,False,False,False,False,False,Di Luar Area Pantauan (>1000m dari Desa)
Matan Hilir Selatan,Sungai Bakau,"Jumat, 18 September 2026 12:46:00",NASA-SNPP,Medium,110.18072,-1.92456,False,False,False,True,False,True,Di Luar Area Pantauan (>1000m dari Desa)
Benua Kayong,Negeri Baru,"Jumat, 18 September 2026 12:46:00",NASA-SNPP,Medium,110.18519,-1.78546,False,False,False,False,False,False,Di Luar Area Pantauan (>1000m dari Desa)
Matan Hilir Selatan,Pesaguan Kanan,"Jumat, 18 September 2026 12:46:00",NASA-SNPP,Medium,110.3705,-2.05402,False,False,False,False,False,False,Di Luar Area Pantauan (>1000m dari Desa)
Kendawangan,Seriam,"Jumat, 18 September 2026 12:46:00",NASA-SNPP,Medium,110.36007,-2.75428,False,False,False,False,True,True,Di Luar Area Pantauan (>1000m dari Desa)
Kendawangan,Kendawangan Kanan,"Jumat, 18 September 2026 12:46:00",NASA-SNPP,Medium,110.27792,-2.80227,False,False,False,True,True,True,Di Luar Area Pantauan (>1000m dari Desa)
Kendawangan,Seriam,"Jumat, 18 September 2026 12:46:00",NASA-SNPP,Medium,110.3139,-2.7512,False,False,False,True,True,True,Di Luar Area Pantauan (>1000m dari Desa)
Kendawangan,Pangkalan Batu,"Jumat, 18 September 2026 12:46:00",NASA-SNPP,Medium,110.35007,-2.19593,False,False,False,False,False,False,Di Luar Area Pantauan (>1000m dari Desa)
Matan Hilir Utara,Lamon Satong,"Jumat, 18 September 2026 12:46:00",NASA-SNPP,Medium,110.16854,-1.416,False,False,False,False,False,False,Di Luar Area Pantauan (>1000m dari Desa)
Nanga Mahap,Sebabas,"Jumat, 18 September 2026 12:46:00",NASA-SNPP,Medium,110.79337,-0.43432,False,False,False,False,False,False,Di Luar Area Pantauan (>1000m dari Desa)
Belimbing,Nanga Pau,"Jumat, 18 September 2026 12:46:00",NASA-SNPP,Medium,111.43431,-0.46293,False,False,False,False,False,False,Di Luar Area Pantauan (>1000m dari Desa)
Sandai,Sandai,"Jumat, 18 September 2026 12:46:00",NASA-SNPP,Medium,110.5366,-1.24306,False,False,False,False,False,False,Di Luar Area Pantauan (>1000m dari Desa)
Tanah Pinoh,Keranjik,"Jumat, 18 September 2026 12:46:00",NASA-SNPP,Medium,111.55758,-0.84695,False,False,False,False,False,False,Di Luar Area Pantauan (>1000m dari Desa)
Sungai Melayu Rayak,Makmur Abadi,"Jumat, 18 September 2026 12:46:00",NASA-SNPP,Medium,110.30953,-1.65936,False,False,False,False,False,False,Di Luar Area Pantauan (>1000m dari Desa)
Nanga Tayap,Siantau Raya,"Jumat, 18 September 2026 12:46:00",NASA-SNPP,Medium,110.4441,-1.60892,False,False,True,False,False,True,Di Luar Area Pantauan (>1000m dari Desa)
Sungai Laur,Merabu Jaya,"Jumat, 18 September 2026 12:46:00",NASA-SNPP,Medium,110.68946,-0.65984,False,False,False,False,False,False,Di Luar Area Pantauan (>1000m dari Desa)
Nanga Mahap,Karang Betung,"Jumat, 18 September 2026 12:46:00",NASA-SNPP,Medium,110.8617,-0.57367,True,False,False,False,False,False,Prioritas 2 (Sedang)
Nanga Mahap,Lembah Beringin,"Jumat, 18 September 2026 12:46:00",NASA-SNPP,Medium,110.77732,-0.68003,False,False,False,False,False,False,Di Luar Area Pantauan (>1000m dari Desa)
Sungai Laur,Tanjung Maju,"Jumat, 18 September 2026 12:46:00",NASA-SNPP,Medium,110.51854,-0.70976,False,False,False,False,False,False,Di Luar Area Pantauan (>1000m dari Desa)
Sungai Laur,Tanjung Maju,"Jumat, 18 September 2026 12:46:00",NASA-SNPP,Medium,110.48541,-0.69532,False,False,False,False,False,False,Di Luar Area Pantauan (>1000m dari Desa)
Sayan,Tumbak Raya,"Jumat, 18 September 2026 12:46:00",NASA-SNPP,Medium,111.69319,-0.78678,False,False,False,False,False,False,Di Luar Area Pantauan (>1000m dari Desa)
Matan Hilir Utara,Tanjung Baik Budi,"Jumat, 18 September 2026 12:46:00",NASA-SNPP,Medium,110.15494,-1.5351,False,False,True,True,False,True,Di Luar Area Pantauan (>1000m dari Desa)
Nanga Tayap,Sepakat Jaya,"Jumat, 18 September 2026 20:12:00",NASA-MODIS,Medium,110.66872,-1.43131,False,False,True,False,False,True,Di Luar Area Pantauan (>1000m dari Desa)
Matan Hilir Selatan,Sungai Nanjung,"Jumat, 18 September 2026 20:12:00",NASA-MODIS,Medium,110.2001,-2.11296,False,False,False,True,False,True,Di Luar Area Pantauan (>1000m dari Desa)
Matan Hilir Selatan,Sungai Nanjung,"Jumat, 18 September 2026 20:12:00",NASA-MODIS,Medium,110.25671,-2.19725,False,False,True,True,True,True,Di Luar Area Pantauan (>1000m dari Desa)
Air Upas,Harapan Baru,"Jumat, 18 September 2026 20:12:00",NASA-MODIS,Medium,110.89127,-2.22034,False,False,False,False,False,False,Di Luar Area Pantauan (>1000m dari Desa)
Tanah Pinoh Barat,Laja,"Jumat, 18 September 2026 13:05:00",NASA-NOAA20,Medium,111.42858,-0.67709,False,False,False,False,False,False,Di Luar Area Pantauan (>1000m dari Desa)
Ella Hilir,Perembang Nyuruh,"Jumat, 18 September 2026 13:05:00",NASA-NOAA20,Medium,112.13775,-0.56217,False,False,False,False,False,False,Di Luar Area Pantauan (>1000m dari Desa)
Ella Hilir,Perembang Nyuruh,"Jumat, 18 September 2026 13:05:00",NASA-NOAA20,Medium,112.13429,-0.56269,False,False,False,False,False,False,Di Luar Area Pantauan (>1000m dari Desa)
Ella Hilir,Nanga Nyuruh,"Jumat, 18 September 2026 13:05:00",NASA-NOAA20,Medium,112.09602,-0.54474,False,False,False,False,True,True,Di Luar Area Pantauan (>1000m dari Desa)
Ella Hilir,Nanga Nyuruh,"Jumat, 18 September 2026 13:05:00",NASA-NOAA20,Medium,112.09554,-0.54142,False,False,False,False,True,True,Di Luar Area Pantauan (>1000m dari Desa)
Simpang Hulu,Kenanga,"Jumat, 18 September 2026 13:05:00",NASA-NOAA20,Medium,110.552,-0.63413,False,False,False,False,False,False,Di Luar Area Pantauan (>1000m dari Desa)
Ambalau,Nanga Kesange,"Jumat, 18 September 2026 13:05:00",NASA-NOAA20,Medium,112.81667,-0.29108,False,False,False,False,False,False,Di Luar Area Pantauan (>1000m dari Desa)
Belimbing,Nusa Kenyikap,"Jumat, 18 September 2026 13:05:00",NASA-NOAA20,Medium,111.62343,-0.46395,False,False,True,False,False,True,Di Luar Area Pantauan (>1000m dari Desa)
Serawai,Muara Kota,"Jumat, 18 September 2026 13:05:00",NASA-NOAA20,Medium,112.40654,-0.25944,False,False,True,False,False,True,Di Luar Area Pantauan (>1000m dari Desa)
Serawai,Begori,"Jumat, 18 September 2026 13:05:00",NASA-NOAA20,Medium,112.5147,-0.25655,False,False,False,False,False,False,Di Luar Area Pantauan (>1000m dari Desa)
Menukung,Langau Leban Satu,"Jumat, 18 September 2026 13:05:00",NASA-NOAA20,Medium,112.21197,-0.30293,False,False,False,False,False,False,Di Luar Area Pantauan (>1000m dari Desa)
Kayan Hulu,Merah Arai,"Jumat, 18 September 2026 13:05:00",NASA-NOAA20,Medium,112.25667,-0.19763,False,False,False,False,True,True,Di Luar Area Pantauan (>1000m dari Desa)
Belimbing,Batu Buil,"Jumat, 18 September 2026 13:05:00",NASA-NOAA20,Medium,111.58095,-0.32452,False,False,False,False,False,False,Di Luar Area Pantauan (>1000m dari Desa)
Belimbing,Batu Buil,"Jumat, 18 September 2026 13:05:00",NASA-NOAA20,Medium,111.58145,-0.32783,False,False,False,False,False,False,Di Luar Area Pantauan (>1000m dari Desa)
Belimbing,Batu Buil,"Jumat, 18 September 2026 13:05:00",NASA-NOAA20,Medium,111.57751,-0.32505,False,False,False,False,False,False,Di Luar Area Pantauan (>1000m dari Desa)
Belimbing,Batu Buil,"Jumat, 18 September 2026 13:05:00",NASA-NOAA20,Medium,111.55297,-0.32541,False,False,False,False,False,False,Di Luar Area Pantauan (>1000m dari Desa)
Belimbing Hulu,Beloyang,"Jumat, 18 September 2026 13:05:00",NASA-NOAA20,Medium,111.46268,-0.33242,False,False,False,False,False,False,Di Luar Area Pantauan (>1000m dari Desa)
Sungai Tebelian,Penjernang Hulu,"Jumat, 18 September 2026 13:05:00",NASA-NOAA20,Medium,111.38277,-0.27323,False,False,False,False,False,False,Di Luar Area Pantauan (>1000m dari Desa)
Kayan Hulu,Nanga Laar,"Jumat, 18 September 2026 13:05:00",NASA-NOAA20,Medium,112.28927,-0.01983,False,False,False,False,False,False,Di Luar Area Pantauan (>1000m dari Desa)
Ella Hilir,Nanga Kempangai,"Jumat, 18 September 2026 13:05:00",NASA-NOAA20,Medium,112.08721,-0.58007,False,False,False,False,False,False,Di Luar Area Pantauan (>1000m dari Desa)
Ella Hilir,Nanga Kempangai,"Jumat, 18 September 2026 13:05:00",NASA-NOAA20,Medium,112.08916,-0.56958,False,False,False,False,True,True,Di Luar Area Pantauan (>1000m dari Desa)
Ella Hilir,Nanga Nyuruh,"Jumat, 18 September 2026 13:05:00",NASA-NOAA20,Medium,112.06532,-0.55283,False,False,False,False,True,True,Di Luar Area Pantauan (>1000m dari Desa)
Hulu Sungai,Kenyabur,"Jumat, 18 September 2026 13:05:00",NASA-NOAA20,Medium,110.91709,-0.73141,True,False,False,False,False,False,Prioritas 2 (Sedang)
Ella Hilir,Nanga Nyuruh,"Jumat, 18 September 2026 13:05:00",NASA-NOAA20,Medium,112.09804,-0.53423,False,False,False,False,False,False,Di Luar Area Pantauan (>1000m dari Desa)
Hulu Sungai,Kenyabur,"Jumat, 18 September 2026 13:05:00",NASA-NOAA20,Medium,110.86243,-0.71943,True,False,True,False,False,True,Prioritas 1 (Tinggi)
Menukung,Nusa Poring,"Jumat, 18 September 2026 13:05:00",NASA-NOAA20,Medium,112.33347,-0.4845,False,False,False,False,False,False,Di Luar Area Pantauan (>1000m dari Desa)
Hulu Sungai,Kenyabur,"Jumat, 18 September 2026 13:05:00",NASA-NOAA20,Medium,110.89481,-0.68023,True,True,True,False,False,True,Prioritas 1 (Tinggi)
Belimbing,Balai Lagas,"Jumat, 18 September 2026 13:05:00",NASA-NOAA20,Medium,111.43366,-0.57436,False,False,False,False,False,False,Di Luar Area Pantauan (>1000m dari Desa)
Sungai Laur,Merabu Jaya,"Jumat, 18 September 2026 13:05:00",NASA-NOAA20,Medium,110.66202,-0.6819,False,False,False,False,False,False,Di Luar Area Pantauan (>1000m dari Desa)
Belimbing,Langan,"Jumat, 18 September 2026 13:05:00",NASA-NOAA20,Medium,111.35473,-0.49811,False,False,False,False,False,False,Di Luar Area Pantauan (>1000m dari Desa)
Belimbing,Nanga Pau,"Jumat, 18 September 2026 13:05:00",NASA-NOAA20,Medium,111.43752,-0.46523,False,False,False,False,False,False,Di Luar Area Pantauan (>1000m dari Desa)
Belimbing,Upit,"Jumat, 18 September 2026 13:05:00",NASA-NOAA20,Medium,111.46029,-0.3632,False,False,False,False,False,False,Di Luar Area Pantauan (>1000m dari Desa)
Dedai,Hulu Dedai,"Jumat, 18 September 2026 13:05:00",NASA-NOAA20,Medium,111.79008,-0.01775,False,False,False,False,False,False,Di Luar Area Pantauan (>1000m dari Desa)
Belimbing,Balai Lagas,"Jumat, 18 September 2026 13:05:00",NASA-NOAA20,Medium,111.43807,-0.58044,False,False,True,False,False,True,Di Luar Area Pantauan (>1000m dari Desa)
Hulu Sungai,Kenyabur,"Jumat, 18 September 2026 13:05:00",NASA-NOAA20,Medium,110.8388,-0.7264,True,False,True,False,False,True,Prioritas 1 (Tinggi)
Ella Hilir,Nanga Kempangai,"Jumat, 18 September 2026 13:05:00",NASA-NOAA20,Medium,112.08865,-0.56626,False,False,False,False,True,True,Di Luar Area Pantauan (>1000m dari Desa)
Hulu Sungai,Sunge Bengaras,"Jumat, 18 September 2026 13:05:00",NASA-NOAA20,Medium,110.78406,-0.7144,False,False,True,False,False,True,Di Luar Area Pantauan (>1000m dari Desa)
Ella Hilir,Nanga Nyuruh,"Jumat, 18 September 2026 13:05:00",NASA-NOAA20,Medium,112.09901,-0.54088,False,False,False,False,True,True,Di Luar Area Pantauan (>1000m dari Desa)
Hulu Sungai,Kenyabur,"Jumat, 18 September 2026 13:05:00",NASA-NOAA20,Medium,110.91364,-0.73194,True,False,False,False,False,False,Prioritas 2 (Sedang)
Ella Hilir,Nanga Nyuruh,"Jumat, 18 September 2026 13:05:00",NASA-NOAA20,Medium,112.09161,-0.56241,False,False,False,False,True,True,Di Luar Area Pantauan (>1000m dari Desa)
Nanga Mahap,Lembah Beringin,"Jumat, 18 September 2026 13:05:00",NASA-NOAA20,Medium,110.77807,-0.67775,False,False,False,False,False,False,Di Luar Area Pantauan (>1000m dari Desa)
Ella Hilir,Nanga Kempangai,"Jumat, 18 September 2026 13:05:00",NASA-NOAA20,Medium,112.08569,-0.57011,False,False,False,False,True,True,Di Luar Area Pantauan (>1000m dari Desa)
Ella Hilir,Nanga Nyuruh,"Jumat, 18 September 2026 13:05:00",NASA-NOAA20,Medium,112.08756,-0.51205,False,False,False,False,False,False,Di Luar Area Pantauan (>1000m dari Desa)
Hulu Sungai,Sunge Bengaras,"Jumat, 18 September 2026 13:05:00",NASA-NOAA20,Medium,110.78355,-0.71109,False,False,False,False,False,False,Di Luar Area Pantauan (>1000m dari Desa)
Tanah Pinoh Barat,Laja,"Jumat, 18 September 2026 13:05:00",NASA-NOAA20,Medium,111.42908,-0.68039,False,False,False,False,False,False,Di Luar Area Pantauan (>1000m dari Desa)
Seberuang,Pala Kota,"Jumat, 18 September 2026 13:05:00",NASA-NOAA20,Medium,111.90586,0.35294,False,False,False,False,False,False,Di Luar Area Pantauan (>1000m dari Desa)
Belitang,Melanjan Raya,"Jumat, 18 September 2026 13:05:00",NASA-NOAA20,Medium,111.12711,0.16962,False,False,False,False,False,False,Di Luar Area Pantauan (>1000m dari Desa)
Balai,Bulu Bala,"Jumat, 18 September 2026 13:05:00",NASA-NOAA20,Medium,110.16281,0.09725,False,False,False,False,False,False,Di Luar Area Pantauan (>1000m dari Desa)
Belitang Hulu,Mengaret,"Jumat, 18 September 2026 13:05:00",NASA-NOAA20,Medium,111.23891,0.61779,False,False,False,False,False,False,Di Luar Area Pantauan (>1000m dari Desa)
Belimbing Hulu,Beloyang,"Jumat, 18 September 2026 13:05:00",NASA-NOAA20,Medium,111.46318,-0.33572,False,False,False,False,False,False,Di Luar Area Pantauan (>1000m dari Desa)
Ketungau Hilir,Nanga Merkak,"Jumat, 18 September 2026 13:05:00",NASA-NOAA20,Medium,111.48098,0.53263,False,False,False,False,False,False,Di Luar Area Pantauan (>1000m dari Desa)
Tempunak,Benua Kencana,"Jumat, 18 September 2026 13:05:00",NASA-NOAA20,Medium,111.35732,-0.35524,False,False,False,False,False,False,Di Luar Area Pantauan (>1000m dari Desa)
Belimbing,Nanga Pau,"Jumat, 18 September 2026 13:05:00",NASA-NOAA20,Medium,111.43409,-0.46576,False,False,False,False,False,False,Di Luar Area Pantauan (>1000m dari Desa)
Belimbing,Nusa Kenyikap,"Jumat, 18 September 2026 13:05:00",NASA-NOAA20,Medium,111.62,-0.46447,False,False,False,False,False,False,Di Luar Area Pantauan (>1000m dari Desa)
Kayan Hulu,Nanga Ungai,"Jumat, 18 September 2026 13:05:00",NASA-NOAA20,Medium,112.15392,-0.06731,False,False,False,False,False,False,Di Luar Area Pantauan (>1000m dari Desa)
Ketungau Hilir,Kenuak,"Jumat, 18 September 2026 13:05:00",NASA-NOAA20,Medium,111.53573,0.45258,False,False,False,False,False,False,Di Luar Area Pantauan (>1000m dari Desa)
Sungai Laur,Harapan Baru,"Jumat, 18 September 2026 13:05:00",NASA-NOAA20,Medium,110.57191,-0.67187,False,False,False,False,False,False,Di Luar Area Pantauan (>1000m dari Desa)
Belimbing Hulu,Nanga Tikan,"Jumat, 18 September 2026 13:05:00",NASA-NOAA20,Medium,111.60917,-0.46273,False,False,False,False,False,False,Di Luar Area Pantauan (>1000m dari Desa)
Ketungau Hilir,Setungkup,"Jumat, 18 September 2026 13:05:00",NASA-NOAA20,Medium,111.48856,0.41494,False,False,False,False,False,False,Di Luar Area Pantauan (>1000m dari Desa)
Tempunak,Nanga Tempunak,"Jumat, 18 September 2026 13:05:00",NASA-NOAA20,Medium,111.38838,0.07051,False,False,False,False,False,False,Di Luar Area Pantauan (>1000m dari Desa)
Nanga Mahap,Karang Betung,"Jumat, 18 September 2026 13:05:00",NASA-NOAA20,Medium,110.8485,-0.60608,True,False,True,False,False,True,Prioritas 1 (Tinggi)
Nanga Mahap,Karang Betung,"Jumat, 18 September 2026 13:05:00",NASA-NOAA20,Medium,110.86384,-0.57304,True,False,False,False,False,False,Prioritas 2 (Sedang)
Serawai,Bedaha,"Jumat, 18 September 2026 13:05:00",NASA-NOAA20,Medium,112.47775,-0.29993,False,False,False,False,False,False,Di Luar Area Pantauan (>1000m dari Desa)
Belimbing,Batu Buil,"Jumat, 18 September 2026 13:05:00",NASA-NOAA20,Medium,111.58195,-0.33113,False,False,False,False,False,False,Di Luar Area Pantauan (>1000m dari Desa)
Kayan Hulu,Nanga Laar,"Jumat, 18 September 2026 13:05:00",NASA-NOAA20,Medium,112.29525,-0.01208,False,False,False,False,False,False,Di Luar Area Pantauan (>1000m dari Desa)
Dedai,Umin Jaya,"Jumat, 18 September 2026 13:05:00",NASA-NOAA20,Medium,111.8121,0.01955,False,False,False,False,False,False,Di Luar Area Pantauan (>1000m dari Desa)
Binjai Hulu,Simba Raya,"Jumat, 18 September 2026 13:05:00",NASA-NOAA20,Medium,111.47575,0.16193,False,False,False,False,False,False,Di Luar Area Pantauan (>1000m dari Desa)
Noyan,Idas,"Jumat, 18 September 2026 13:05:00",NASA-NOAA20,Medium,110.50239,0.58369,False,False,False,False,False,False,Di Luar Area Pantauan (>1000m dari Desa)
Belimbing,Nanga Entebah,"Jumat, 18 September 2026 13:05:00",NASA-NOAA20,Medium,111.35799,-0.40304,False,False,False,False,False,False,Di Luar Area Pantauan (>1000m dari Desa)
Sungai Laur,Harapan Baru,"Jumat, 18 September 2026 13:05:00",NASA-NOAA20,Medium,110.57537,-0.67134,False,False,False,False,False,False,Di Luar Area Pantauan (>1000m dari Desa)
Belimbing,Nanga Pau,"Jumat, 18 September 2026 13:05:00",NASA-NOAA20,Medium,111.439,-0.47514,False,False,False,False,False,False,Di Luar Area Pantauan (>1000m dari Desa)
Serawai,Bedaha,"Jumat, 18 September 2026 13:05:00",NASA-NOAA20,Medium,112.47826,-0.30328,False,False,False,False,False,False,Di Luar Area Pantauan (>1000m dari Desa)
Belimbing Hulu,Beloyang,"Jumat, 18 September 2026 13:05:00",NASA-NOAA20,Medium,111.46612,-0.33189,False,False,False,False,False,False,Di Luar Area Pantauan (>1000m dari Desa)
Kendawangan,Natai Kuini,"Jumat, 18 September 2026 13:05:00",NASA-NOAA20,Medium,110.96806,-2.82114,False,False,False,False,False,False,Di Luar Area Pantauan (>1000m dari Desa)
Kendawangan,Danau Buntar,"Jumat, 18 September 2026 13:05:00",NASA-NOAA20,Medium,110.98,-2.80571,False,False,False,False,False,False,Di Luar Area Pantauan (>1000m dari Desa)
Kendawangan,Danau Buntar,"Jumat, 18 September 2026 13:05:00",NASA-NOAA20,Medium,110.96607,-2.80783,False,False,True,False,False,True,Di Luar Area Pantauan (>1000m dari Desa)
Kendawangan,Pembedilan,"Jumat, 18 September 2026 13:05:00",NASA-NOAA20,Medium,110.36533,-2.84732,False,False,False,False,True,True,Di Luar Area Pantauan (>1000m dari Desa)
Kendawangan,Pembedilan,"Jumat, 18 September 2026 13:05:00",NASA-NOAA20,Medium,110.36891,-2.84678,False,False,False,False,True,True,Di Luar Area Pantauan (>1000m dari Desa)
Manis Mata,Suka Ramai,"Jumat, 18 September 2026 13:05:00",NASA-NOAA20,Medium,111.12569,-2.69202,False,False,False,False,False,False,Di Luar Area Pantauan (>1000m dari Desa)
Manis Mata,Suka Ramai,"Jumat, 18 September 2026 13:05:00",NASA-NOAA20,Medium,111.12866,-2.68817,False,False,False,False,False,False,Di Luar Area Pantauan (>1000m dari Desa)
Kendawangan,Natai Kuini,"Jumat, 18 September 2026 13:05:00",NASA-NOAA20,Medium,110.72109,-2.96055,False,False,False,False,False,False,Di Luar Area Pantauan (>1000m dari Desa)
Kendawangan,Natai Kuini,"Jumat, 18 September 2026 13:05:00",NASA-NOAA20,Medium,110.69492,-2.93031,False,False,False,False,False,False,Di Luar Area Pantauan (>1000m dari Desa)
Manis Mata,Suka Ramai,"Jumat, 18 September 2026 13:05:00",NASA-NOAA20,Medium,110.99045,-2.80412,False,False,False,False,False,False,Di Luar Area Pantauan (>1000m dari Desa)
Kendawangan,Danau Buntar,"Jumat, 18 September 2026 13:05:00",NASA-NOAA20,Medium,110.96956,-2.8073,False,False,False,False,False,False,Di Luar Area Pantauan (>1000m dari Desa)
Kendawangan,Danau Buntar,"Jumat, 18 September 2026 13:05:00",NASA-NOAA20,Medium,110.97652,-2.80624,False,False,False,False,False,False,Di Luar Area Pantauan (>1000m dari Desa)
Kendawangan,Danau Buntar,"Jumat, 18 September 2026 13:05:00",NASA-NOAA20,Medium,110.97204,-2.80012,False,False,False,False,False,False,Di Luar Area Pantauan (>1000m dari Desa)
Manis Mata,Suka Ramai,"Jumat, 18 September 2026 13:05:00",NASA-NOAA20,Medium,110.98597,-2.798,False,False,False,False,False,False,Di Luar Area Pantauan (>1000m dari Desa)
Kendawangan,Natai Kuini,"Jumat, 18 September 2026 13:05:00",NASA-NOAA20,Medium,110.84981,-2.81868,False,False,False,False,True,True,Di Luar Area Pantauan (>1000m dari Desa)
Kendawangan,Danau Buntar,"Jumat, 18 September 2026 13:05:00",NASA-NOAA20,Medium,110.96855,-2.80065,False,False,True,False,False,True,Di Luar Area Pantauan (>1000m dari Desa)
Kendawangan,Danau Buntar,"Jumat, 18 September 2026 13:05:00",NASA-NOAA20,Medium,110.96508,-2.80117,False,False,True,False,False,True,Di Luar Area Pantauan (>1000m dari Desa)
Kendawangan,Danau Buntar,"Jumat, 18 September 2026 13:05:00",NASA-NOAA20,Medium,110.9616,-2.8017,False,False,True,False,False,True,Di Luar Area Pantauan (>1000m dari Desa)
Kendawangan,Danau Buntar,"Jumat, 18 September 2026 13:05:00",NASA-NOAA20,Medium,110.9785,-2.79573,False,False,False,False,False,False,Di Luar Area Pantauan (>1000m dari Desa)
Kendawangan,Danau Buntar,"Jumat, 18 September 2026 13:05:00",NASA-NOAA20,Medium,110.97153,-2.79679,False,False,False,False,False,False,Di Luar Area Pantauan (>1000m dari Desa)
Kendawangan,Danau Buntar,"Jumat, 18 September 2026 13:05:00",NASA-NOAA20,Medium,110.97452,-2.79294,False,False,False,False,False,False,Di Luar Area Pantauan (>1000m dari Desa)
Kendawangan,Natai Kuini,"Jumat, 18 September 2026 13:05:00",NASA-NOAA20,Medium,110.8493,-2.81534,False,False,False,False,True,True,Di Luar Area Pantauan (>1000m dari Desa)
Manis Mata,Suka Ramai,"Jumat, 18 September 2026 13:05:00",NASA-NOAA20,Medium,110.98148,-2.79188,False,False,False,False,False,False,Di Luar Area Pantauan (>1000m dari Desa)
Manis Mata,Suka Ramai,"Jumat, 18 September 2026 13:05:00",NASA-NOAA20,Medium,110.98497,-2.79135,False,False,False,False,False,False,Di Luar Area Pantauan (>1000m dari Desa)
Kendawangan,Danau Buntar,"Jumat, 18 September 2026 13:05:00",NASA-NOAA20,Medium,110.978,-2.79241,False,False,False,False,False,False,Di Luar Area Pantauan (>1000m dari Desa)
Manis Mata,Suka Ramai,"Jumat, 18 September 2026 13:05:00",NASA-NOAA20,Medium,110.98099,-2.78855,False,False,False,False,False,False,Di Luar Area Pantauan (>1000m dari Desa)
Kendawangan,Danau Buntar,"Jumat, 18 September 2026 13:05:00",NASA-NOAA20,Medium,110.96357,-2.7912,False,False,True,False,False,True,Di Luar Area Pantauan (>1000m dari Desa)
Kendawangan,Pembedilan,"Jumat, 18 September 2026 13:05:00",NASA-NOAA20,Medium,110.37245,-2.87037,False,False,False,False,True,True,Di Luar Area Pantauan (>1000m dari Desa)
Kendawangan,Danau Buntar,"Jumat, 18 September 2026 13:05:00",NASA-NOAA20,Medium,110.97401,-2.78961,False,False,False,False,False,False,Di Luar Area Pantauan (>1000m dari Desa)
Kendawangan,Danau Buntar,"Jumat, 18 September 2026 13:05:00",NASA-NOAA20,Medium,110.97701,-2.78576,False,False,False,False,False,False,Di Luar Area Pantauan (>1000m dari Desa)
Kendawangan,Danau Buntar,"Jumat, 18 September 2026 13:05:00",NASA-NOAA20,Medium,110.9775,-2.78908,False,False,False,False,False,False,Di Luar Area Pantauan (>1000m dari Desa)
Kendawangan,Danau Buntar,"Jumat, 18 September 2026 13:05:00",NASA-NOAA20,Medium,110.96458,-2.79785,False,False,True,False,False,True,Di Luar Area Pantauan (>1000m dari Desa)
Kendawangan,Danau Buntar,"Jumat, 18 September 2026 13:05:00",NASA-NOAA20,Medium,110.96658,-2.81115,False,False,False,False,False,False,Di Luar Area Pantauan (>1000m dari Desa)
Kendawangan,Danau Buntar,"Jumat, 18 September 2026 13:05:00",NASA-NOAA20,Medium,110.96259,-2.80836,False,False,True,False,False,True,Di Luar Area Pantauan (>1000m dari Desa)
Kendawangan,Pembedilan,"Jumat, 18 September 2026 13:05:00",NASA-NOAA20,Medium,110.36214,-2.89952,False,False,False,False,True,True,Di Luar Area Pantauan (>1000m dari Desa)
Kendawangan,Danau Buntar,"Jumat, 18 September 2026 13:05:00",NASA-NOAA20,Medium,110.96706,-2.79067,False,False,False,False,False,False,Di Luar Area Pantauan (>1000m dari Desa)
Kendawangan,Danau Buntar,"Jumat, 18 September 2026 13:05:00",NASA-NOAA20,Medium,110.96558,-2.8045,False,False,True,False,False,True,Di Luar Area Pantauan (>1000m dari Desa)
Kendawangan,Danau Buntar,"Jumat, 18 September 2026 13:05:00",NASA-NOAA20,Medium,110.96906,-2.80397,False,False,False,False,False,False,Di Luar Area Pantauan (>1000m dari Desa)
Kendawangan,Danau Buntar,"Jumat, 18 September 2026 13:05:00",NASA-NOAA20,Medium,110.96806,-2.79732,False,False,False,False,False,False,Di Luar Area Pantauan (>1000m dari Desa)
Kendawangan,Danau Buntar,"Jumat, 18 September 2026 13:05:00",NASA-NOAA20,Medium,110.9611,-2.79838,False,False,True,False,False,True,Di Luar Area Pantauan (>1000m dari Desa)
Kendawangan,Danau Buntar,"Jumat, 18 September 2026 13:05:00",NASA-NOAA20,Medium,110.97103,-2.79347,False,False,False,False,False,False,Di Luar Area Pantauan (>1000m dari Desa)
Manis Mata,Suka Ramai,"Jumat, 18 September 2026 13:05:00",NASA-NOAA20,Medium,111.07384,-2.76767,False,False,False,False,False,False,Di Luar Area Pantauan (>1000m dari Desa)
Kendawangan,Air Hitam Besar,"Jumat, 18 September 2026 13:05:00",NASA-NOAA20,Medium,110.77268,-2.80648,False,False,False,False,False,False,Di Luar Area Pantauan (>1000m dari Desa)
Kendawangan,Pembedilan,"Jumat, 18 September 2026 13:05:00",NASA-NOAA20,Medium,110.37144,-2.86363,False,False,False,False,True,True,Di Luar Area Pantauan (>1000m dari Desa)
Kendawangan,Air Hitam Besar,"Jumat, 18 September 2026 13:05:00",NASA-NOAA20,Medium,110.78522,-2.79435,False,False,False,False,True,True,Di Luar Area Pantauan (>1000m dari Desa)
Kendawangan,Air Hitam Besar,"Jumat, 18 September 2026 13:05:00",NASA-NOAA20,Medium,110.78873,-2.79382,False,False,False,True,True,True,Di Luar Area Pantauan (>1000m dari Desa)
Kendawangan,Air Hitam Besar,"Jumat, 18 September 2026 13:05:00",NASA-NOAA20,Medium,110.78172,-2.79488,False,False,False,False,False,False,Di Luar Area Pantauan (>1000m dari Desa)
Kendawangan,Pembedilan,"Jumat, 18 September 2026 13:05:00",NASA-NOAA20,Medium,110.4148,-2.81403,False,False,False,False,True,True,Di Luar Area Pantauan (>1000m dari Desa)
Kendawangan,Kendawangan Kanan,"Jumat, 18 September 2026 13:05:00",NASA-NOAA20,Medium,110.28168,-2.8067,False,False,False,True,True,True,Di Luar Area Pantauan (>1000m dari Desa)
Kendawangan,Kendawangan Kanan,"Jumat, 18 September 2026 13:05:00",NASA-NOAA20,Medium,110.27706,-2.80049,False,False,False,True,True,True,Di Luar Area Pantauan (>1000m dari Desa)
Kendawangan,Pembedilan,"Jumat, 18 September 2026 13:05:00",NASA-NOAA20,Medium,110.39899,-2.80611,False,False,False,False,True,True,Di Luar Area Pantauan (>1000m dari Desa)
Kendawangan,Pembedilan,"Jumat, 18 September 2026 13:05:00",NASA-NOAA20,Medium,110.40257,-2.80557,False,False,False,False,True,True,Di Luar Area Pantauan (>1000m dari Desa)
Kendawangan,Danau Buntar,"Jumat, 18 September 2026 13:05:00",NASA-NOAA20,Medium,110.81078,-2.72975,False,False,False,False,True,True,Di Luar Area Pantauan (>1000m dari Desa)
Kendawangan,Kendawangan Kanan,"Jumat, 18 September 2026 13:05:00",NASA-NOAA20,Medium,110.27756,-2.80387,False,False,False,True,True,True,Di Luar Area Pantauan (>1000m dari Desa)
Kendawangan,Air Hitam Besar,"Jumat, 18 September 2026 13:05:00",NASA-NOAA20,Medium,110.72155,-2.73307,False,False,False,False,False,False,Di Luar Area Pantauan (>1000m dari Desa)
Kendawangan,Seriam,"Jumat, 18 September 2026 13:05:00",NASA-NOAA20,Medium,110.36997,-2.75885,False,False,False,False,True,True,Di Luar Area Pantauan (>1000m dari Desa)
Kendawangan,Seriam,"Jumat, 18 September 2026 13:05:00",NASA-NOAA20,Medium,110.31414,-2.75347,False,False,False,False,True,True,Di Luar Area Pantauan (>1000m dari Desa)
Kendawangan,Air Hitam Besar,"Jumat, 18 September 2026 13:05:00",NASA-NOAA20,Medium,110.76817,-2.80034,False,False,False,False,False,False,Di Luar Area Pantauan (>1000m dari Desa)
Manis Mata,Suka Ramai,"Jumat, 18 September 2026 13:05:00",NASA-NOAA20,Medium,111.11993,-2.7437,False,False,False,False,False,False,Di Luar Area Pantauan (>1000m dari Desa)
Kendawangan,Pembedilan,"Jumat, 18 September 2026 13:05:00",NASA-NOAA20,Medium,110.36841,-2.84341,False,False,False,False,True,True,Di Luar Area Pantauan (>1000m dari Desa)
Kendawangan,Natai Kuini,"Jumat, 18 September 2026 13:05:00",NASA-NOAA20,Medium,110.78923,-2.79715,False,False,False,True,True,True,Di Luar Area Pantauan (>1000m dari Desa)
Kendawangan,Pembedilan,"Jumat, 18 September 2026 13:05:00",NASA-NOAA20,Medium,110.36735,-2.8608,False,False,False,False,True,True,Di Luar Area Pantauan (>1000m dari Desa)
Kendawangan,Pembedilan,"Jumat, 18 September 2026 13:05:00",NASA-NOAA20,Medium,110.3913,-2.82795,False,False,False,False,True,True,Di Luar Area Pantauan (>1000m dari Desa)
Kendawangan,Danau Buntar,"Jumat, 18 September 2026 13:05:00",NASA-NOAA20,Medium,110.81179,-2.73642,False,False,False,False,True,True,Di Luar Area Pantauan (>1000m dari Desa)
Kendawangan,Pembedilan,"Jumat, 18 September 2026 13:05:00",NASA-NOAA20,Medium,110.36482,-2.84395,False,False,False,False,True,True,Di Luar Area Pantauan (>1000m dari Desa)
Kendawangan,Pembedilan,"Jumat, 18 September 2026 13:05:00",NASA-NOAA20,Medium,110.41838,-2.81348,False,False,False,False,True,True,Di Luar Area Pantauan (>1000m dari Desa)
Kendawangan,Pembedilan,"Jumat, 18 September 2026 13:05:00",NASA-NOAA20,Medium,110.39951,-2.80948,False,False,False,False,True,True,Di Luar Area Pantauan (>1000m dari Desa)
Kendawangan,Air Hitam Besar,"Jumat, 18 September 2026 13:05:00",NASA-NOAA20,Medium,110.76871,-2.71225,False,False,False,False,True,True,Di Luar Area Pantauan (>1000m dari Desa)
Manis Mata,Jambi,"Jumat, 18 September 2026 13:05:00",NASA-NOAA20,Medium,110.96445,-2.70637,False,False,False,False,False,False,Di Luar Area Pantauan (>1000m dari Desa)
Kendawangan,Danau Buntar,"Jumat, 18 September 2026 13:05:00",NASA-NOAA20,Medium,110.80627,-2.72361,False,False,False,False,True,True,Di Luar Area Pantauan (>1000m dari Desa)
Kendawangan,Air Hitam Besar,"Jumat, 18 September 2026 13:05:00",NASA-NOAA20,Medium,110.70648,-2.72852,False,False,False,False,False,False,Di Luar Area Pantauan (>1000m dari Desa)
Kendawangan,Kendawangan Kanan,"Jumat, 18 September 2026 13:05:00",NASA-NOAA20,Medium,110.27655,-2.79712,False,False,False,True,True,True,Di Luar Area Pantauan (>1000m dari Desa)
Kendawangan,Seriam,"Jumat, 18 September 2026 13:05:00",NASA-NOAA20,Medium,110.36946,-2.75548,False,False,False,False,True,True,Di Luar Area Pantauan (>1000m dari Desa)
Kendawangan,Airhitam Hulu,"Jumat, 18 September 2026 13:05:00",NASA-NOAA20,Medium,110.62584,-2.62523,False,False,False,False,False,False,Di Luar Area Pantauan (>1000m dari Desa)
Marau,Pelanjau Jaya,"Jumat, 18 September 2026 13:05:00",NASA-NOAA20,Medium,110.58758,-2.24113,False,False,False,False,False,False,Di Luar Area Pantauan (>1000m dari Desa)
Kendawangan,Sungai Jelayan,"Jumat, 18 September 2026 13:05:00",NASA-NOAA20,Medium,110.45352,-2.2136,False,False,False,False,False,False,Di Luar Area Pantauan (>1000m dari Desa)
Nanga Tayap,Lembah Hijau Satu,"Jumat, 18 September 2026 13:05:00",NASA-NOAA20,Medium,110.49083,-1.57009,False,False,False,False,False,False,Di Luar Area Pantauan (>1000m dari Desa)
Nanga Tayap,Lembah Hijau Satu,"Jumat, 18 September 2026 13:05:00",NASA-NOAA20,Medium,110.50186,-1.57182,False,False,False,False,False,False,Di Luar Area Pantauan (>1000m dari Desa)
Nanga Tayap,Lembah Hijau Satu,"Jumat, 18 September 2026 13:05:00",NASA-NOAA20,Medium,110.50536,-1.57129,False,False,False,False,False,False,Di Luar Area Pantauan (>1000m dari Desa)
Nanga Tayap,Lembah Hijau Satu,"Jumat, 18 September 2026 13:05:00",NASA-NOAA20,Medium,110.50136,-1.56848,False,False,False,False,False,False,Di Luar Area Pantauan (>1000m dari Desa)
Nanga Tayap,Lembah Hijau Satu,"Jumat, 18 September 2026 13:05:00",NASA-NOAA20,Medium,110.49033,-1.56675,False,False,False,False,False,False,Di Luar Area Pantauan (>1000m dari Desa)
Nanga Tayap,Lembah Hijau Satu,"Jumat, 18 September 2026 13:05:00",NASA-NOAA20,Medium,110.49334,-1.56288,False,False,False,False,False,False,Di Luar Area Pantauan (>1000m dari Desa)
Nanga Tayap,Sepakat Jaya,"Jumat, 18 September 2026 13:05:00",NASA-NOAA20,Medium,110.65958,-1.43589,False,False,True,False,False,True,Di Luar Area Pantauan (>1000m dari Desa)
Nanga Tayap,Sebadak Raya,"Jumat, 18 September 2026 13:05:00",NASA-NOAA20,Medium,110.71214,-1.4075,False,False,True,False,False,True,Di Luar Area Pantauan (>1000m dari Desa)
Hulu Sungai,Batu Lapis,"Jumat, 18 September 2026 13:05:00",NASA-NOAA20,Medium,110.87686,-1.28393,False,False,True,False,False,True,Di Luar Area Pantauan (>1000m dari Desa)
Nanga Tayap,Mensubang,"Jumat, 18 September 2026 13:05:00",NASA-NOAA20,Medium,110.45694,-1.30686,False,False,False,False,False,False,Di Luar Area Pantauan (>1000m dari Desa)
Nanga Tayap,Lembah Hijau Satu,"Jumat, 18 September 2026 13:05:00",NASA-NOAA20,Medium,110.49435,-1.56955,False,False,False,False,False,False,Di Luar Area Pantauan (>1000m dari Desa)
Sandai,Penjawaan,"Jumat, 18 September 2026 13:05:00",NASA-NOAA20,Medium,110.5214,-1.28741,False,False,False,False,False,False,Di Luar Area Pantauan (>1000m dari Desa)
Sandai,Sandai,"Jumat, 18 September 2026 13:05:00",NASA-NOAA20,Medium,110.54087,-1.27421,False,False,False,False,False,False,Di Luar Area Pantauan (>1000m dari Desa)
Hulu Sungai,Riam Dadap,"Jumat, 18 September 2026 13:05:00",NASA-NOAA20,Medium,110.83643,-1.16122,False,False,False,False,False,False,Di Luar Area Pantauan (>1000m dari Desa)
Sokan,Nanga Tangkit,"Jumat, 18 September 2026 13:05:00",NASA-NOAA20,Medium,111.48132,-1.05289,False,False,False,False,False,False,Di Luar Area Pantauan (>1000m dari Desa)
Sokan,Melana,"Jumat, 18 September 2026 13:05:00",NASA-NOAA20,Medium,111.49816,-0.9585,False,False,False,False,False,False,Di Luar Area Pantauan (>1000m dari Desa)
Sokan,Teluk Pongkal,"Jumat, 18 September 2026 13:05:00",NASA-NOAA20,Medium,111.27131,-0.98971,True,False,False,False,False,False,Prioritas 2 (Sedang)
Sokan,Telaga Raya,"Jumat, 18 September 2026 13:05:00",NASA-NOAA20,Medium,111.46968,-0.93244,False,False,False,False,False,False,Di Luar Area Pantauan (>1000m dari Desa)
Sokan,Telaga Raya,"Jumat, 18 September 2026 13:05:00",NASA-NOAA20,Medium,111.46048,-0.92327,False,False,False,False,False,False,Di Luar Area Pantauan (>1000m dari Desa)
Sokan,Telaga Raya,"Jumat, 18 September 2026 13:05:00",NASA-NOAA20,Medium,111.46918,-0.92914,False,False,False,False,False,False,Di Luar Area Pantauan (>1000m dari Desa)
Sandai,Randau Jungkal,"Jumat, 18 September 2026 13:05:00",NASA-NOAA20,Medium,110.67096,-1.03366,False,False,True,False,True,True,Di Luar Area Pantauan (>1000m dari Desa)
Sokan,Telaga Raya,"Jumat, 18 September 2026 13:05:00",NASA-NOAA20,Medium,111.45705,-0.92379,False,False,False,False,False,False,Di Luar Area Pantauan (>1000m dari Desa)
Sokan,Nanga Sokan,"Jumat, 18 September 2026 13:05:00",NASA-NOAA20,Medium,111.5026,-0.89996,False,False,False,False,False,False,Di Luar Area Pantauan (>1000m dari Desa)
Tanah Pinoh,Madong Jaya,"Jumat, 18 September 2026 13:05:00",NASA-NOAA20,Medium,111.55446,-0.84812,False,False,False,False,False,False,Di Luar Area Pantauan (>1000m dari Desa)
Sayan,Nanga Raku,"Jumat, 18 September 2026 13:05:00",NASA-NOAA20,Medium,111.81606,-0.78788,False,False,False,False,True,True,Di Luar Area Pantauan (>1000m dari Desa)
Sayan,Tumbak Raya,"Jumat, 18 September 2026 13:05:00",NASA-NOAA20,Medium,111.69322,-0.78974,False,False,False,False,False,False,Di Luar Area Pantauan (>1000m dari Desa)
Tanah Pinoh,Tanjung Beringin Raya,"Jumat, 18 September 2026 13:05:00",NASA-NOAA20,Medium,111.55965,-0.76903,False,False,False,False,False,False,Di Luar Area Pantauan (>1000m dari Desa)
Simpang Dua,Gema,"Jumat, 18 September 2026 13:05:00",NASA-NOAA20,Medium,110.41649,-0.90591,False,False,True,False,True,True,Di Luar Area Pantauan (>1000m dari Desa)
Ella Hilir,Kerangan Kora,"Jumat, 18 September 2026 13:05:00",NASA-NOAA20,Medium,112.03951,-0.65514,False,False,False,False,True,True,Di Luar Area Pantauan (>1000m dari Desa)
Tanah Pinoh Barat,Bukit Raya,"Jumat, 18 September 2026 13:05:00",NASA-NOAA20,Medium,111.51444,-0.72523,False,False,False,False,False,False,Di Luar Area Pantauan (>1000m dari Desa)
Ella Hilir,Kerangan Kora,"Jumat, 18 September 2026 13:05:00",NASA-NOAA20,Medium,112.03901,-0.65182,False,False,False,False,True,True,Di Luar Area Pantauan (>1000m dari Desa)
Tanah Pinoh,Madong Jaya,"Jumat, 18 September 2026 13:05:00",NASA-NOAA20,Medium,111.49324,-0.88449,False,False,False,False,False,False,Di Luar Area Pantauan (>1000m dari Desa)
Kendawangan,Natai Kuini,"Jumat, 18 September 2026 13:05:00",NASA-NOAA20,Medium,110.68634,-2.92134,False,False,False,False,False,False,Di Luar Area Pantauan (>1000m dari Desa)
Manis Mata,Suka Ramai,"Jumat, 18 September 2026 13:05:00",NASA-NOAA20,Medium,110.98348,-2.80518,False,False,False,False,False,False,Di Luar Area Pantauan (>1000m dari Desa)
Kendawangan,Danau Buntar,"Jumat, 18 September 2026 13:05:00",NASA-NOAA20,Medium,110.97501,-2.79626,False,False,False,False,False,False,Di Luar Area Pantauan (>1000m dari Desa)
Kendawangan,Natai Kuini,"Jumat, 18 September 2026 13:05:00",NASA-NOAA20,Medium,110.96358,-2.81501,False,False,False,False,False,False,Di Luar Area Pantauan (>1000m dari Desa)
Kendawangan,Natai Kuini,"Jumat, 18 September 2026 13:05:00",NASA-NOAA20,Medium,110.9596,-2.81221,False,False,True,False,False,True,Di Luar Area Pantauan (>1000m dari Desa)
Kendawangan,Danau Buntar,"Jumat, 18 September 2026 13:05:00",NASA-NOAA20,Medium,110.97254,-2.80344,False,False,False,False,False,False,Di Luar Area Pantauan (>1000m dari Desa)
Manis Mata,Suka Ramai,"Jumat, 18 September 2026 13:05:00",NASA-NOAA20,Medium,110.98547,-2.79468,False,False,False,False,False,False,Di Luar Area Pantauan (>1000m dari Desa)
Kendawangan,Natai Kuini,"Jumat, 18 September 2026 13:05:00",NASA-NOAA20,Medium,110.85581,-2.81095,False,False,False,False,True,True,Di Luar Area Pantauan (>1000m dari Desa)
Kendawangan,Danau Buntar,"Jumat, 18 September 2026 13:05:00",NASA-NOAA20,Medium,110.96756,-2.79399,False,False,False,False,False,False,Di Luar Area Pantauan (>1000m dari Desa)
Kendawangan,Danau Buntar,"Jumat, 18 September 2026 13:05:00",NASA-NOAA20,Medium,110.9621,-2.80503,False,False,True,False,False,True,Di Luar Area Pantauan (>1000m dari Desa)
Manis Mata,Suka Ramai,"Jumat, 18 September 2026 13:05:00",NASA-NOAA20,Medium,110.98946,-2.79747,False,False,False,False,False,False,Di Luar Area Pantauan (>1000m dari Desa)
Kendawangan,Danau Buntar,"Jumat, 18 September 2026 13:05:00",NASA-NOAA20,Medium,110.98199,-2.79521,False,False,False,False,False,False,Di Luar Area Pantauan (>1000m dari Desa)
Kendawangan,Danau Buntar,"Jumat, 18 September 2026 13:05:00",NASA-NOAA20,Medium,110.96059,-2.79505,False,False,True,False,False,True,Di Luar Area Pantauan (>1000m dari Desa)
Kendawangan,Air Hitam Besar,"Jumat, 18 September 2026 13:05:00",NASA-NOAA20,Medium,110.82429,-2.76798,False,False,False,True,True,True,Di Luar Area Pantauan (>1000m dari Desa)
Hulu Sungai,Senduruhan,"Jumat, 18 September 2026 13:05:00",NASA-NOAA20,Medium,110.67288,-0.99941,False,False,False,False,False,False,Di Luar Area Pantauan (>1000m dari Desa)
Kendawangan,Pembedilan,"Jumat, 18 September 2026 13:05:00",NASA-NOAA20,Medium,110.40308,-2.80893,False,False,False,False,True,True,Di Luar Area Pantauan (>1000m dari Desa)
Kendawangan,Seriam,"Jumat, 18 September 2026 13:05:00",NASA-NOAA20,Medium,110.3623,-2.75656,False,False,False,False,True,True,Di Luar Area Pantauan (>1000m dari Desa)
Kendawangan,Air Hitam Besar,"Jumat, 18 September 2026 13:05:00",NASA-NOAA20,Medium,110.74265,-2.68206,False,False,False,False,False,False,Di Luar Area Pantauan (>1000m dari Desa)
Kendawangan,Pembedilan,"Jumat, 18 September 2026 13:05:00",NASA-NOAA20,Medium,110.4211,-2.82861,False,False,False,False,True,True,Di Luar Area Pantauan (>1000m dari Desa)
Sandai,Randau Jungkal,"Jumat, 18 September 2026 13:05:00",NASA-NOAA20,Medium,110.73362,-1.20739,False,False,True,False,False,True,Di Luar Area Pantauan (>1000m dari Desa)
Hulu Sungai,Riam Dadap,"Jumat, 18 September 2026 13:05:00",NASA-NOAA20,Medium,110.82607,-1.16279,False,False,False,False,False,False,Di Luar Area Pantauan (>1000m dari Desa)
Kendawangan,Seriam,"Jumat, 18 September 2026 13:05:00",NASA-NOAA20,Medium,110.31055,-2.75401,False,False,False,False,True,True,Di Luar Area Pantauan (>1000m dari Desa)
Kendawangan,Seriam,"Jumat, 18 September 2026 13:05:00",NASA-NOAA20,Medium,110.36896,-2.75211,False,False,False,False,True,True,Di Luar Area Pantauan (>1000m dari Desa)
Kendawangan,Seriam,"Jumat, 18 September 2026 13:05:00",NASA-NOAA20,Medium,110.36179,-2.75319,False,False,False,False,True,True,Di Luar Area Pantauan (>1000m dari Desa)
Kendawangan,Air Hitam Besar,"Jumat, 18 September 2026 13:05:00",NASA-NOAA20,Medium,110.7306,-2.72145,False,False,True,False,False,True,Di Luar Area Pantauan (>1000m dari Desa)
Kendawangan,Pembedilan,"Jumat, 18 September 2026 13:05:00",NASA-NOAA20,Medium,110.33195,-2.82322,False,False,False,False,True,True,Di Luar Area Pantauan (>1000m dari Desa)
Kendawangan,Air Hitam Besar,"Jumat, 18 September 2026 13:05:00",NASA-NOAA20,Medium,110.78823,-2.79048,False,False,False,True,True,True,Di Luar Area Pantauan (>1000m dari Desa)
Kendawangan,Air Hitam Besar,"Jumat, 18 September 2026 13:05:00",NASA-NOAA20,Medium,110.77871,-2.79875,False,False,False,False,False,False,Di Luar Area Pantauan (>1000m dari Desa)
Kendawangan,Pembedilan,"Jumat, 18 September 2026 13:05:00",NASA-NOAA20,Medium,110.36123,-2.84449,False,False,False,False,True,True,Di Luar Area Pantauan (>1000m dari Desa)
Kendawangan,Natai Kuini,"Jumat, 18 September 2026 13:05:00",NASA-NOAA20,Medium,110.96309,-2.81168,False,False,True,False,False,True,Di Luar Area Pantauan (>1000m dari Desa)
Manis Mata,Suka Ramai,"Jumat, 18 September 2026 13:05:00",NASA-NOAA20,Medium,110.98399,-2.80851,False,False,False,False,False,False,Di Luar Area Pantauan (>1000m dari Desa)
Kendawangan,Natai Kuini,"Jumat, 18 September 2026 13:05:00",NASA-NOAA20,Medium,110.95661,-2.81607,False,False,False,False,False,False,Di Luar Area Pantauan (>1000m dari Desa)
Manis Mata,Suka Ramai,"Jumat, 18 September 2026 13:05:00",NASA-NOAA20,Medium,110.99095,-2.80745,False,False,False,False,False,False,Di Luar Area Pantauan (>1000m dari Desa)
Kendawangan,Natai Kuini,"Jumat, 18 September 2026 13:05:00",NASA-NOAA20,Medium,110.70197,-2.92924,False,False,False,False,False,False,Di Luar Area Pantauan (>1000m dari Desa)
Kendawangan,Kendawangan Kanan,"Jumat, 18 September 2026 13:05:00",NASA-NOAA20,Medium,110.27806,-2.80725,False,False,False,True,True,True,Di Luar Area Pantauan (>1000m dari Desa)
Kendawangan,Pembedilan,"Jumat, 18 September 2026 13:05:00",NASA-NOAA20,Medium,110.39198,-2.82954,False,False,False,False,True,True,Di Luar Area Pantauan (>1000m dari Desa)
Sandai,Penjawaan,"Jumat, 18 September 2026 13:05:00",NASA-NOAA20,Medium,110.46045,-1.30633,False,False,False,False,False,False,Di Luar Area Pantauan (>1000m dari Desa)
Hulu Sungai,Cinta Manis,"Jumat, 18 September 2026 13:05:00",NASA-NOAA20,Medium,110.81371,-1.13056,False,False,True,False,True,True,Di Luar Area Pantauan (>1000m dari Desa)
Sayan,Nanga Raku,"Jumat, 18 September 2026 13:05:00",NASA-NOAA20,Medium,111.72665,-0.80154,False,False,False,False,False,False,Di Luar Area Pantauan (>1000m dari Desa)
Matan Hilir Selatan,Sungai Nanjung,"Jumat, 18 September 2026 01:45:00",NASA-SNPP,Medium,110.12234,-2.1884,False,False,False,False,False,False,Di Luar Area Pantauan (>1000m dari Desa)
Matan Hilir Utara,Tanjung Baik Budi,"Jumat, 18 September 2026 01:45:00",NASA-SNPP,Medium,110.1722,-1.53819,False,False,False,True,False,True,Di Luar Area Pantauan (>1000m dari Desa)
Matan Hilir Selatan,Pematang Gadung,"Jumat, 18 September 2026 01:45:00",NASA-SNPP,Medium,110.2847,-1.96374,False,False,False,True,False,True,Di Luar Area Pantauan (>1000m dari Desa)
Kendawangan,Danau Buntar,"Jumat, 18 September 2026 01:45:00",NASA-SNPP,Medium,110.97641,-2.79841,False,False,False,False,False,False,Di Luar Area Pantauan (>1000m dari Desa)
Matan Hilir Selatan,Pagar Mentimun,"Jumat, 18 September 2026 01:45:00",NASA-SNPP,Medium,110.16953,-2.21101,False,False,False,False,False,False,Di Luar Area Pantauan (>1000m dari Desa)
Kendawangan,Danau Buntar,"Jumat, 18 September 2026 01:45:00",NASA-SNPP,Medium,110.97968,-2.79891,False,False,False,False,False,False,Di Luar Area Pantauan (>1000m dari Desa)
Kendawangan,Air Hitam Besar,"Jumat, 18 September 2026 01:45:00",NASA-SNPP,Medium,110.77291,-2.80508,False,False,False,False,False,False,Di Luar Area Pantauan (>1000m dari Desa)
Matan Hilir Selatan,Pagar Mentimun,"Jumat, 18 September 2026 01:45:00",NASA-SNPP,Medium,110.17513,-2.21186,False,False,False,False,False,False,Di Luar Area Pantauan (>1000m dari Desa)
Matan Hilir Utara,Kuala Tolak,"Jumat, 18 September 2026 01:45:00",NASA-SNPP,Medium,110.15554,-1.46907,False,False,False,True,False,True,Di Luar Area Pantauan (>1000m dari Desa)
Muara Pawan,Ulak Medang,"Jumat, 18 September 2026 01:45:00",NASA-SNPP,Medium,110.28867,-1.52009,False,False,False,True,False,True,Di Luar Area Pantauan (>1000m dari Desa)
Muara Pawan,Ulak Medang,"Jumat, 18 September 2026 01:45:00",NASA-SNPP,Medium,110.2823,-1.52417,False,False,True,True,False,True,Di Luar Area Pantauan (>1000m dari Desa)
Muara Pawan,Ulak Medang,"Jumat, 18 September 2026 01:45:00",NASA-SNPP,Medium,110.27596,-1.52826,False,False,True,True,False,True,Di Luar Area Pantauan (>1000m dari Desa)
Matan Hilir Utara,Tanjung Baik Budi,"Jumat, 18 September 2026 01:45:00",NASA-SNPP,Medium,110.13564,-1.52632,False,False,True,True,False,True,Di Luar Area Pantauan (>1000m dari Desa)
Matan Hilir Utara,Tanjung Baik Budi,"Jumat, 18 September 2026 01:45:00",NASA-SNPP,Medium,110.16219,-1.53558,False,False,False,False,False,False,Di Luar Area Pantauan (>1000m dari Desa)
Matan Hilir Utara,Tanjung Baik Budi,"Jumat, 18 September 2026 01:45:00",NASA-SNPP,Medium,110.16693,-1.54137,False,False,False,False,False,False,Di Luar Area Pantauan (>1000m dari Desa)
Matan Hilir Utara,Tanjung Baik Budi,"Jumat, 18 September 2026 01:45:00",NASA-SNPP,Medium,110.15017,-1.53486,False,False,True,True,False,True,Di Luar Area Pantauan (>1000m dari Desa)
Matan Hilir Utara,Tanjung Baik Budi,"Jumat, 18 September 2026 01:45:00",NASA-SNPP,Medium,110.15964,-1.54637,False,False,False,True,False,True,Di Luar Area Pantauan (>1000m dari Desa)
Nanga Tayap,Siantau Raya,"Jumat, 18 September 2026 01:45:00",NASA-SNPP,Medium,110.42011,-1.60129,False,False,False,False,False,False,Di Luar Area Pantauan (>1000m dari Desa)
Nanga Tayap,Siantau Raya,"Jumat, 18 September 2026 01:45:00",NASA-SNPP,Medium,110.44225,-1.60982,False,False,True,False,False,True,Di Luar Area Pantauan (>1000m dari Desa)
Matan Hilir Selatan,Sungai Besar,"Jumat, 18 September 2026 01:45:00",NASA-SNPP,Medium,110.23911,-1.85412,False,False,True,True,False,True,Di Luar Area Pantauan (>1000m dari Desa)
Matan Hilir Selatan,Sungai Besar,"Jumat, 18 September 2026 01:45:00",NASA-SNPP,Medium,110.19048,-1.86776,False,False,True,True,False,True,Di Luar Area Pantauan (>1000m dari Desa)
Matan Hilir Selatan,Pematang Gadung,"Jumat, 18 September 2026 01:45:00",NASA-SNPP,Medium,110.28339,-1.96807,False,False,True,True,False,True,Di Luar Area Pantauan (>1000m dari Desa)
Matan Hilir Utara,Kuala Tolak,"Jumat, 18 September 2026 01:45:00",NASA-SNPP,Medium,110.15012,-1.46823,False,False,True,True,False,True,Di Luar Area Pantauan (>1000m dari Desa)
Muara Pawan,Ulak Medang,"Jumat, 18 September 2026 01:45:00",NASA-SNPP,Medium,110.2752,-1.53322,False,False,True,True,False,True,Di Luar Area Pantauan (>1000m dari Desa)
Matan Hilir Utara,Tanjung Baik Budi,"Jumat, 18 September 2026 01:45:00",NASA-SNPP,Medium,110.19003,-1.53079,False,False,True,True,False,True,Di Luar Area Pantauan (>1000m dari Desa)
Nanga Tayap,Siantau Raya,"Jumat, 18 September 2026 01:45:00",NASA-SNPP,Medium,110.41933,-1.60631,False,False,False,False,False,False,Di Luar Area Pantauan (>1000m dari Desa)
Kendawangan,Pembedilan,"Jumat, 18 September 2026 01:45:00",NASA-SNPP,Medium,110.43103,-2.85928,False,False,False,False,True,True,Di Luar Area Pantauan (>1000m dari Desa)
Matan Hilir Selatan,Sungai Besar,"Jumat, 18 September 2026 01:45:00",NASA-SNPP,Medium,110.23271,-1.8582,False,False,True,True,False,True,Di Luar Area Pantauan (>1000m dari Desa)
Matan Hilir Selatan,Pematang Gadung,"Jumat, 18 September 2026 01:45:00",NASA-SNPP,Medium,110.28399,-1.96874,False,False,True,True,False,True,Di Luar Area Pantauan (>1000m dari Desa)
Marau,Belaban,"Jumat, 18 September 2026 01:45:00",NASA-SNPP,Medium,110.63491,-2.03946,False,False,False,False,True,True,Di Luar Area Pantauan (>1000m dari Desa)
Matan Hilir Utara,Tanjung Baik Budi,"Jumat, 18 September 2026 01:45:00",NASA-SNPP,Medium,110.14005,-1.5283,False,False,True,True,False,True,Di Luar Area Pantauan (>1000m dari Desa)
Matan Hilir Utara,Tanjung Baik Budi,"Jumat, 18 September 2026 01:45:00",NASA-SNPP,Medium,110.18378,-1.5349,False,False,True,True,False,True,Di Luar Area Pantauan (>1000m dari Desa)
Matan Hilir Utara,Tanjung Baik Budi,"Jumat, 18 September 2026 01:45:00",NASA-SNPP,Medium,110.12942,-1.53036,False,False,True,True,False,True,Di Luar Area Pantauan (>1000m dari Desa)
Matan Hilir Utara,Tanjung Baik Budi,"Jumat, 18 September 2026 01:45:00",NASA-SNPP,Medium,110.16142,-1.54049,False,False,True,True,False,True,Di Luar Area Pantauan (>1000m dari Desa)
Matan Hilir Utara,Tanjung Baik Budi,"Jumat, 18 September 2026 01:45:00",NASA-SNPP,Medium,110.14574,-1.53296,False,False,True,True,False,True,Di Luar Area Pantauan (>1000m dari Desa)
Muara Pawan,Ulak Medang,"Jumat, 18 September 2026 01:45:00",NASA-SNPP,Medium,110.27114,-1.52243,False,False,True,True,False,True,Di Luar Area Pantauan (>1000m dari Desa)
Muara Pawan,Ulak Medang,"Jumat, 18 September 2026 01:45:00",NASA-SNPP,Medium,110.27673,-1.5233,False,False,True,True,False,True,Di Luar Area Pantauan (>1000m dari Desa)
Matan Hilir Utara,Kuala Tolak,"Jumat, 18 September 2026 01:45:00",NASA-SNPP,Medium,110.15795,-1.48957,False,False,False,True,False,True,Di Luar Area Pantauan (>1000m dari Desa)
Pulau Maya,Dusun Besar,"Jumat, 18 September 2026 01:45:00",NASA-SNPP,Medium,109.47759,-1.12565,False,False,False,False,False,False,Di Luar Area Pantauan (>1000m dari Desa)
Matan Hilir Selatan,Sungai Nanjung,"Jumat, 18 September 2026 01:45:00",NASA-SNPP,Medium,110.12631,-2.1943,False,False,False,False,False,False,Di Luar Area Pantauan (>1000m dari Desa)
Matan Hilir Selatan,Sungai Nanjung,"Jumat, 18 September 2026 01:45:00",NASA-SNPP,Medium,110.1262,-2.15877,False,False,False,False,False,False,Di Luar Area Pantauan (>1000m dari Desa)
Matan Hilir Selatan,Sungai Nanjung,"Jumat, 18 September 2026 01:45:00",NASA-SNPP,Medium,110.13573,-2.17528,False,False,False,False,False,False,Di Luar Area Pantauan (>1000m dari Desa)
Matan Hilir Utara,Tanjung Baik Budi,"Jumat, 18 September 2026 01:45:00",NASA-SNPP,Medium,110.13488,-1.53123,False,False,True,True,False,True,Di Luar Area Pantauan (>1000m dari Desa)
Muara Pawan,Ulak Medang,"Jumat, 18 September 2026 01:45:00",NASA-SNPP,Medium,110.25377,-1.52477,False,False,True,True,False,True,Di Luar Area Pantauan (>1000m dari Desa)
Muara Pawan,Ulak Medang,"Jumat, 18 September 2026 01:45:00",NASA-SNPP,Medium,110.26006,-1.52069,False,False,True,True,False,True,Di Luar Area Pantauan (>1000m dari Desa)
Muara Pawan,Ulak Medang,"Jumat, 18 September 2026 01:45:00",NASA-SNPP,Medium,110.24348,-1.51809,False,False,True,True,False,True,Di Luar Area Pantauan (>1000m dari Desa)
Muara Pawan,Ulak Medang,"Jumat, 18 September 2026 01:45:00",NASA-SNPP,Medium,110.28307,-1.51922,False,False,True,True,False,True,Di Luar Area Pantauan (>1000m dari Desa)
Matan Hilir Utara,Kuala Tolak,"Jumat, 18 September 2026 01:45:00",NASA-SNPP,Medium,110.16023,-1.47482,False,False,True,True,False,True,Di Luar Area Pantauan (>1000m dari Desa)
Matan Hilir Utara,Tanjung Baik Budi,"Jumat, 18 September 2026 01:45:00",NASA-SNPP,Medium,110.1393,-1.53322,False,False,True,True,False,True,Di Luar Area Pantauan (>1000m dari Desa)
Matan Hilir Selatan,Sungai Besar,"Jumat, 18 September 2026 01:45:00",NASA-SNPP,Medium,110.24549,-1.85002,False,False,True,True,False,True,Di Luar Area Pantauan (>1000m dari Desa)
Matan Hilir Selatan,Sungai Pelang,"Jumat, 18 September 2026 01:45:00",NASA-SNPP,Medium,110.23985,-1.84914,False,False,True,True,False,True,Di Luar Area Pantauan (>1000m dari Desa)
Matan Hilir Selatan,Sungai Pelang,"Jumat, 18 September 2026 01:45:00",NASA-SNPP,Medium,110.24623,-1.84505,False,False,True,True,False,True,Di Luar Area Pantauan (>1000m dari Desa)
Matan Hilir Selatan,Sungai Nanjung,"Jumat, 18 September 2026 01:45:00",NASA-SNPP,Medium,110.12079,-2.19347,False,False,False,False,False,False,Di Luar Area Pantauan (>1000m dari Desa)
Matan Hilir Utara,Sungai Putri,"Jumat, 18 September 2026 01:45:00",NASA-SNPP,Medium,110.09659,-1.55685,False,False,True,True,False,True,Di Luar Area Pantauan (>1000m dari Desa)
Matan Hilir Utara,Tanjung Baik Budi,"Jumat, 18 September 2026 01:45:00",NASA-SNPP,Medium,110.13019,-1.52546,False,False,True,True,False,True,Di Luar Area Pantauan (>1000m dari Desa)
Matan Hilir Utara,Kuala Tolak,"Jumat, 18 September 2026 01:45:00",NASA-SNPP,Medium,110.18218,-1.47822,False,False,False,True,False,True,Di Luar Area Pantauan (>1000m dari Desa)
Muara Pawan,Ulak Medang,"Jumat, 18 September 2026 01:45:00",NASA-SNPP,Medium,110.26559,-1.52156,False,False,True,True,False,True,Di Luar Area Pantauan (>1000m dari Desa)
Marau,Belaban,"Jumat, 18 September 2026 01:45:00",NASA-SNPP,Medium,110.63833,-2.03656,False,False,False,False,True,True,Di Luar Area Pantauan (>1000m dari Desa)
Matan Hilir Selatan,Sungai Nanjung,"Jumat, 18 September 2026 01:45:00",NASA-SNPP,Medium,110.12156,-2.18851,False,False,False,False,False,False,Di Luar Area Pantauan (>1000m dari Desa)
Matan Hilir Selatan,Sungai Besar,"Jumat, 18 September 2026 01:45:00",NASA-SNPP,Medium,110.18726,-1.88757,False,False,True,True,False,True,Di Luar Area Pantauan (>1000m dari Desa)
Sukadana,Sedahan Jaya,"Jumat, 18 September 2026 01:45:00",NASA-SNPP,Medium,110.04514,-1.18459,False,False,True,True,True,True,Di Luar Area Pantauan (>1000m dari Desa)
Matan Hilir Selatan,Sungai Pelang,"Jumat, 18 September 2026 01:45:00",NASA-SNPP,Medium,110.19125,-1.8628,False,False,True,True,False,True,Di Luar Area Pantauan (>1000m dari Desa)
Matan Hilir Selatan,Sungai Besar,"Jumat, 18 September 2026 01:45:00",NASA-SNPP,Medium,110.25043,-1.88698,False,False,True,False,False,True,Di Luar Area Pantauan (>1000m dari Desa)
Matan Hilir Selatan,Sungai Besar,"Jumat, 18 September 2026 01:45:00",NASA-SNPP,Medium,110.18809,-1.88262,False,False,True,True,False,True,Di Luar Area Pantauan (>1000m dari Desa)
Matan Hilir Selatan,Sungai Nanjung,"Jumat, 18 September 2026 01:45:00",NASA-SNPP,Medium,110.24125,-2.16118,False,False,True,True,False,True,Di Luar Area Pantauan (>1000m dari Desa)
Matan Hilir Utara,Tanjung Baik Budi,"Jumat, 18 September 2026 01:45:00",NASA-SNPP,Medium,110.17912,-1.52915,False,False,True,True,False,True,Di Luar Area Pantauan (>1000m dari Desa)
Matan Hilir Selatan,Sungai Besar,"Jumat, 18 September 2026 01:45:00",NASA-SNPP,Medium,110.19362,-1.88346,False,False,True,True,False,True,Di Luar Area Pantauan (>1000m dari Desa)
Marau,Belaban,"Jumat, 18 September 2026 01:45:00",NASA-SNPP,Medium,110.63815,-2.03997,False,False,False,False,True,True,Di Luar Area Pantauan (>1000m dari Desa)
Matan Hilir Utara,Tanjung Baik Budi,"Jumat, 18 September 2026 01:45:00",NASA-SNPP,Medium,110.16772,-1.53645,False,False,False,False,False,False,Di Luar Area Pantauan (>1000m dari Desa)
Matan Hilir Selatan,Sungai Besar,"Jumat, 18 September 2026 01:45:00",NASA-SNPP,Medium,110.1915,-1.86694,False,False,True,True,False,True,Di Luar Area Pantauan (>1000m dari Desa)
Matan Hilir Selatan,Sungai Pelang,"Jumat, 18 September 2026 01:45:00",NASA-SNPP,Medium,110.19225,-1.86198,False,False,True,True,False,True,Di Luar Area Pantauan (>1000m dari Desa)
Matan Hilir Selatan,Sungai Pelang,"Jumat, 18 September 2026 01:45:00",NASA-SNPP,Medium,110.24699,-1.84007,False,False,True,True,False,True,Di Luar Area Pantauan (>1000m dari Desa)
Benua Kayong,Negeri Baru,"Jumat, 18 September 2026 01:45:00",NASA-SNPP,Medium,110.23306,-1.78197,False,False,False,True,False,True,Di Luar Area Pantauan (>1000m dari Desa)
Sungai Melayu Rayak,Makmur Abadi,"Jumat, 18 September 2026 01:45:00",NASA-SNPP,Medium,110.24647,-1.76875,False,False,False,True,False,True,Di Luar Area Pantauan (>1000m dari Desa)
Benua Kayong,Negeri Baru,"Jumat, 18 September 2026 01:45:00",NASA-SNPP,Medium,110.23227,-1.78693,False,False,False,True,False,True,Di Luar Area Pantauan (>1000m dari Desa)
Sungai Melayu Rayak,Makmur Abadi,"Jumat, 18 September 2026 01:45:00",NASA-SNPP,Medium,110.24314,-1.76818,False,False,False,True,False,True,Di Luar Area Pantauan (>1000m dari Desa)
Sungai Melayu Rayak,Makmur Abadi,"Jumat, 18 September 2026 01:45:00",NASA-SNPP,Medium,110.24238,-1.77315,False,False,False,True,False,True,Di Luar Area Pantauan (>1000m dari Desa)
Sungai Melayu Rayak,Makmur Abadi,"Jumat, 18 September 2026 01:45:00",NASA-SNPP,Medium,110.24164,-1.77812,False,False,False,True,False,True,Di Luar Area Pantauan (>1000m dari Desa)
Matan Hilir Utara,Sungai Putri,"Jumat, 18 September 2026 01:45:00",NASA-SNPP,Medium,110.08348,-1.56988,False,False,True,True,False,True,Di Luar Area Pantauan (>1000m dari Desa)
Muara Pawan,Tanjung Pura,"Jumat, 18 September 2026 01:45:00",NASA-SNPP,Medium,110.22756,-1.68448,False,False,True,True,False,True,Di Luar Area Pantauan (>1000m dari Desa)
Matan Hilir Utara,Sungai Putri,"Jumat, 18 September 2026 01:45:00",NASA-SNPP,Medium,110.09508,-1.56666,False,False,True,True,False,True,Di Luar Area Pantauan (>1000m dari Desa)
Matan Hilir Selatan,Sungai Nanjung,"Jumat, 18 September 2026 01:45:00",NASA-SNPP,Medium,110.13502,-2.1753,False,False,False,False,False,False,Di Luar Area Pantauan (>1000m dari Desa)
Nanga Tayap,Siantau Raya,"Jumat, 18 September 2026 01:45:00",NASA-SNPP,Medium,110.43651,-1.60894,False,False,True,False,False,True,Di Luar Area Pantauan (>1000m dari Desa)
Nanga Tayap,Siantau Raya,"Jumat, 18 September 2026 01:45:00",NASA-SNPP,Medium,110.43573,-1.61396,False,False,True,False,False,True,Di Luar Area Pantauan (>1000m dari Desa)
Nanga Tayap,Siantau Raya,"Jumat, 18 September 2026 01:45:00",NASA-SNPP,Medium,110.4308,-1.60806,False,False,False,False,False,False,Di Luar Area Pantauan (>1000m dari Desa)
Nanga Tayap,Siantau Raya,"Jumat, 18 September 2026 01:45:00",NASA-SNPP,Medium,110.4488,-1.60568,False,False,False,False,False,False,Di Luar Area Pantauan (>1000m dari Desa)
Nanga Tayap,Siantau Raya,"Jumat, 18 September 2026 01:45:00",NASA-SNPP,Medium,110.44302,-1.60479,False,False,False,False,False,False,Di Luar Area Pantauan (>1000m dari Desa)
Matan Hilir Utara,Tanjung Baik Budi,"Jumat, 18 September 2026 01:45:00",NASA-SNPP,Medium,110.16514,-1.5472,False,False,False,False,False,False,Di Luar Area Pantauan (>1000m dari Desa)
Matan Hilir Utara,Tanjung Baik Budi,"Jumat, 18 September 2026 01:45:00",NASA-SNPP,Medium,110.16592,-1.54228,False,False,False,False,False,False,Di Luar Area Pantauan (>1000m dari Desa)
Nanga Tayap,Sungai Kelik,"Jumat, 18 September 2026 01:45:00",NASA-SNPP,Medium,110.42892,-1.5821,False,False,False,False,False,False,Di Luar Area Pantauan (>1000m dari Desa)
Matan Hilir Utara,Tanjung Baik Budi,"Jumat, 18 September 2026 01:45:00",NASA-SNPP,Medium,110.16041,-1.54144,False,False,True,True,False,True,Di Luar Area Pantauan (>1000m dari Desa)
Matan Hilir Utara,Tanjung Baik Budi,"Jumat, 18 September 2026 01:45:00",NASA-SNPP,Medium,110.16119,-1.53653,False,False,True,True,False,True,Di Luar Area Pantauan (>1000m dari Desa)
Matan Hilir Selatan,Sungai Nanjung,"Jumat, 18 September 2026 01:45:00",NASA-SNPP,Medium,110.23784,-2.10954,False,False,False,True,False,True,Di Luar Area Pantauan (>1000m dari Desa)
Pulau Maya,Dusun Besar,"Jumat, 18 September 2026 01:45:00",NASA-SNPP,Medium,109.49207,-1.12787,False,False,False,True,False,True,Di Luar Area Pantauan (>1000m dari Desa)
Matan Hilir Utara,Tanjung Baik Budi,"Jumat, 18 September 2026 01:45:00",NASA-SNPP,Medium,110.14471,-1.53404,False,False,True,True,False,True,Di Luar Area Pantauan (>1000m dari Desa)
Muara Pawan,Ulak Medang,"Jumat, 18 September 2026 01:45:00",NASA-SNPP,Medium,110.29788,-1.57242,False,False,True,True,False,True,Di Luar Area Pantauan (>1000m dari Desa)
Matan Hilir Utara,Tanjung Baik Budi,"Jumat, 18 September 2026 01:45:00",NASA-SNPP,Medium,110.18456,-1.52997,False,False,True,True,False,True,Di Luar Area Pantauan (>1000m dari Desa)
Matan Hilir Utara,Tanjung Baik Budi,"Jumat, 18 September 2026 01:45:00",NASA-SNPP,Medium,110.16067,-1.54542,False,False,True,True,False,True,Di Luar Area Pantauan (>1000m dari Desa)
Matan Hilir Selatan,Sungai Nanjung,"Jumat, 18 September 2026 01:45:00",NASA-SNPP,Medium,110.12064,-2.15794,False,False,False,False,False,False,Di Luar Area Pantauan (>1000m dari Desa)
Matan Hilir Utara,Tanjung Baik Budi,"Jumat, 18 September 2026 01:45:00",NASA-SNPP,Medium,110.1346,-1.52748,False,False,True,True,False,True,Di Luar Area Pantauan (>1000m dari Desa)
Matan Hilir Utara,Lamon Satong,"Jumat, 18 September 2026 01:45:00",NASA-SNPP,Medium,110.1963,-1.52669,False,False,True,True,False,True,Di Luar Area Pantauan (>1000m dari Desa)
Matan Hilir Utara,Tanjung Baik Budi,"Jumat, 18 September 2026 01:45:00",NASA-SNPP,Medium,110.15668,-1.5347,False,False,True,True,False,True,Di Luar Area Pantauan (>1000m dari Desa)
Matan Hilir Utara,Tanjung Baik Budi,"Jumat, 18 September 2026 01:45:00",NASA-SNPP,Medium,110.14034,-1.5321,False,False,True,True,False,True,Di Luar Area Pantauan (>1000m dari Desa)
Matan Hilir Selatan,Pagar Mentimun,"Jumat, 18 September 2026 01:45:00",NASA-SNPP,Medium,110.17668,-2.2019,False,False,False,False,False,False,Di Luar Area Pantauan (>1000m dari Desa)
Matan Hilir Utara,Tanjung Baik Budi,"Jumat, 18 September 2026 01:45:00",NASA-SNPP,Medium,110.18551,-1.52918,False,False,True,True,False,True,Di Luar Area Pantauan (>1000m dari Desa)
Matan Hilir Utara,Tanjung Baik Budi,"Jumat, 18 September 2026 01:45:00",NASA-SNPP,Medium,110.17928,-1.53325,False,False,True,True,False,True,Di Luar Area Pantauan (>1000m dari Desa)
Matan Hilir Utara,Tanjung Baik Budi,"Jumat, 18 September 2026 01:45:00",NASA-SNPP,Medium,110.18474,-1.53411,False,False,True,True,False,True,Di Luar Area Pantauan (>1000m dari Desa)
Matan Hilir Utara,Tanjung Baik Budi,"Jumat, 18 September 2026 01:45:00",NASA-SNPP,Medium,110.18005,-1.52832,False,False,True,True,False,True,Di Luar Area Pantauan (>1000m dari Desa)
Matan Hilir Utara,Kuala Tolak,"Jumat, 18 September 2026 01:45:00",NASA-SNPP,Medium,110.11079,-1.50732,False,False,True,True,False,True,Di Luar Area Pantauan (>1000m dari Desa)
Muara Pawan,Ulak Medang,"Jumat, 18 September 2026 01:45:00",NASA-SNPP,Medium,110.24824,-1.5239,False,False,True,True,False,True,Di Luar Area Pantauan (>1000m dari Desa)
Muara Pawan,Ulak Medang,"Jumat, 18 September 2026 01:45:00",NASA-SNPP,Medium,110.27038,-1.52738,False,False,True,True,False,True,Di Luar Area Pantauan (>1000m dari Desa)
Muara Pawan,Ulak Medang,"Jumat, 18 September 2026 01:45:00",NASA-SNPP,Medium,110.25929,-1.52564,False,False,True,True,False,True,Di Luar Area Pantauan (>1000m dari Desa)
Matan Hilir Selatan,Sungai Nanjung,"Jumat, 18 September 2026 01:45:00",NASA-SNPP,Medium,110.12946,-2.17447,False,False,False,False,False,False,Di Luar Area Pantauan (>1000m dari Desa)
Kendawangan,Seriam,"Jumat, 18 September 2026 01:45:00",NASA-SNPP,Medium,110.4507,-2.4884,False,False,False,False,False,False,Di Luar Area Pantauan (>1000m dari Desa)
Matan Hilir Selatan,Sungai Nanjung,"Jumat, 18 September 2026 01:45:00",NASA-SNPP,Medium,110.12542,-2.16372,False,False,False,False,False,False,Di Luar Area Pantauan (>1000m dari Desa)
Matan Hilir Selatan,Sungai Nanjung,"Jumat, 18 September 2026 01:45:00",NASA-SNPP,Medium,110.13019,-2.1744,False,False,False,False,False,False,Di Luar Area Pantauan (>1000m dari Desa)
Matan Hilir Selatan,Sungai Nanjung,"Jumat, 18 September 2026 01:45:00",NASA-SNPP,Medium,110.1317,-2.16448,False,False,False,False,False,False,Di Luar Area Pantauan (>1000m dari Desa)
Muara Pawan,Ulak Medang,"Jumat, 18 September 2026 01:45:00",NASA-SNPP,Medium,110.24901,-1.51895,False,False,True,True,False,True,Di Luar Area Pantauan (>1000m dari Desa)
Matan Hilir Selatan,Sungai Nanjung,"Jumat, 18 September 2026 01:45:00",NASA-SNPP,Medium,110.21864,-2.15767,False,False,True,True,False,True,Di Luar Area Pantauan (>1000m dari Desa)
Kendawangan,Sungai Jelayan,"Jumat, 18 September 2026 01:45:00",NASA-SNPP,Medium,110.46909,-2.17052,False,False,False,False,False,False,Di Luar Area Pantauan (>1000m dari Desa)
Muara Pawan,Ulak Medang,"Jumat, 18 September 2026 01:45:00",NASA-SNPP,Medium,110.25453,-1.51982,False,False,True,True,False,True,Di Luar Area Pantauan (>1000m dari Desa)
Matan Hilir Selatan,Sungai Nanjung,"Jumat, 18 September 2026 01:45:00",NASA-SNPP,Medium,110.12441,-2.13797,False,False,False,False,False,False,Di Luar Area Pantauan (>1000m dari Desa)
Matan Hilir Utara,Tanjung Baik Budi,"Jumat, 18 September 2026 01:45:00",NASA-SNPP,Medium,110.16615,-1.54629,False,False,False,False,False,False,Di Luar Area Pantauan (>1000m dari Desa)
Matan Hilir Utara,Kuala Tolak,"Jumat, 18 September 2026 01:45:00",NASA-SNPP,Medium,110.18297,-1.4733,False,False,False,True,False,True,Di Luar Area Pantauan (>1000m dari Desa)
Matan Hilir Utara,Kuala Satong,"Jumat, 18 September 2026 01:45:00",NASA-SNPP,Medium,110.12451,-1.41912,False,False,False,True,False,True,Di Luar Area Pantauan (>1000m dari Desa)
Matan Hilir Utara,Kuala Satong,"Jumat, 18 September 2026 01:45:00",NASA-SNPP,Medium,110.12618,-1.41715,False,False,False,True,False,True,Di Luar Area Pantauan (>1000m dari Desa)
Matan Hilir Utara,Kuala Tolak,"Jumat, 18 September 2026 01:45:00",NASA-SNPP,Medium,110.12774,-1.4698,False,False,False,True,False,True,Di Luar Area Pantauan (>1000m dari Desa)
Manis Mata,Suak Burung,"Jumat, 18 September 2026 01:45:00",NASA-SNPP,Medium,111.00735,-2.35934,False,False,False,False,False,False,Di Luar Area Pantauan (>1000m dari Desa)
Matan Hilir Selatan,Sungai Nanjung,"Jumat, 18 September 2026 01:45:00",NASA-SNPP,Medium,110.24693,-2.16206,False,False,True,True,False,True,Di Luar Area Pantauan (>1000m dari Desa)
Matan Hilir Selatan,Pagar Mentimun,"Jumat, 18 September 2026 01:45:00",NASA-SNPP,Medium,110.16466,-2.20518,False,False,False,False,False,False,Di Luar Area Pantauan (>1000m dari Desa)
Nanga Tayap,Lembah Hijau Dua,"Jumat, 18 September 2026 01:45:00",NASA-SNPP,Medium,110.43465,-1.58296,False,False,False,False,False,False,Di Luar Area Pantauan (>1000m dari Desa)
Nanga Tayap,Lembah Hijau Dua,"Jumat, 18 September 2026 01:45:00",NASA-SNPP,Medium,110.44039,-1.58383,False,False,False,False,False,False,Di Luar Area Pantauan (>1000m dari Desa)
Muara Pawan,Ulak Medang,"Jumat, 18 September 2026 01:45:00",NASA-SNPP,Medium,110.29715,-1.57233,False,False,True,True,False,True,Di Luar Area Pantauan (>1000m dari Desa)
Matan Hilir Selatan,Sungai Besar,"Jumat, 18 September 2026 01:45:00",NASA-SNPP,Medium,110.25132,-1.88662,False,False,True,False,False,True,Di Luar Area Pantauan (>1000m dari Desa)
Matan Hilir Selatan,Sungai Besar,"Jumat, 18 September 2026 01:45:00",NASA-SNPP,Medium,110.2383,-1.85908,False,False,True,True,False,True,Di Luar Area Pantauan (>1000m dari Desa)
Sungai Melayu Rayak,Makmur Abadi,"Jumat, 18 September 2026 01:45:00",NASA-SNPP,Medium,110.24493,-1.77869,False,False,False,True,False,True,Di Luar Area Pantauan (>1000m dari Desa)
Matan Hilir Selatan,Sungai Nanjung,"Jumat, 18 September 2026 01:45:00",NASA-SNPP,Medium,110.12615,-2.16362,False,False,False,False,False,False,Di Luar Area Pantauan (>1000m dari Desa)
Matan Hilir Selatan,Sungai Nanjung,"Jumat, 18 September 2026 01:45:00",NASA-SNPP,Medium,110.13188,-2.19514,False,False,False,False,False,False,Di Luar Area Pantauan (>1000m dari Desa)
Matan Hilir Selatan,Sungai Besar,"Jumat, 18 September 2026 01:45:00",NASA-SNPP,Medium,110.18093,-1.89168,False,False,True,True,False,True,Di Luar Area Pantauan (>1000m dari Desa)
Matan Hilir Selatan,Sungai Besar,"Jumat, 18 September 2026 01:45:00",NASA-SNPP,Medium,110.23742,-1.85957,False,False,True,True,False,True,Di Luar Area Pantauan (>1000m dari Desa)
Matan Hilir Selatan,Sungai Pelang,"Jumat, 18 September 2026 01:45:00",NASA-SNPP,Medium,110.25259,-1.84095,False,False,True,True,False,True,Di Luar Area Pantauan (>1000m dari Desa)
Matan Hilir Selatan,Pagar Mentimun,"Jumat, 18 September 2026 01:45:00",NASA-SNPP,Medium,110.13673,-2.20095,False,False,False,False,False,False,Di Luar Area Pantauan (>1000m dari Desa)
Matan Hilir Utara,Tanjung Baik Budi,"Jumat, 18 September 2026 01:45:00",NASA-SNPP,Medium,110.19096,-1.53005,False,False,True,True,False,True,Di Luar Area Pantauan (>1000m dari Desa)
Matan Hilir Selatan,Sungai Nanjung,"Jumat, 18 September 2026 01:45:00",NASA-SNPP,Medium,110.12692,-2.15866,False,False,False,False,False,False,Di Luar Area Pantauan (>1000m dari Desa)
Matan Hilir Utara,Kuala Tolak,"Jumat, 18 September 2026 01:45:00",NASA-SNPP,Medium,110.15479,-1.47398,False,False,True,True,False,True,Di Luar Area Pantauan (>1000m dari Desa)
Kendawangan,Pembedilan,"Jumat, 18 September 2026 01:45:00",NASA-SNPP,Medium,110.37004,-2.83939,False,False,False,False,True,True,Di Luar Area Pantauan (>1000m dari Desa)
Benua Kayong,Negeri Baru,"Jumat, 18 September 2026 01:45:00",NASA-SNPP,Medium,110.23782,-1.78778,False,False,False,True,False,True,Di Luar Area Pantauan (>1000m dari Desa)
Matan Hilir Selatan,Sungai Nanjung,"Jumat, 18 September 2026 01:45:00",NASA-SNPP,Medium,110.12556,-2.19926,False,False,False,False,False,False,Di Luar Area Pantauan (>1000m dari Desa)
Matan Hilir Utara,Tanjung Baik Budi,"Jumat, 18 September 2026 01:45:00",NASA-SNPP,Medium,110.17468,-1.52747,False,False,False,True,False,True,Di Luar Area Pantauan (>1000m dari Desa)
Manis Mata,Jambi,"Jumat, 18 September 2026 01:45:00",NASA-SNPP,Medium,111.06958,-2.64611,False,False,False,False,False,False,Di Luar Area Pantauan (>1000m dari Desa)
Kendawangan,Air Hitam Besar,"Jumat, 18 September 2026 01:45:00",NASA-SNPP,Medium,110.76061,-2.79227,False,False,False,False,False,False,Di Luar Area Pantauan (>1000m dari Desa)
Matan Hilir Selatan,Pagar Mentimun,"Jumat, 18 September 2026 01:45:00",NASA-SNPP,Medium,110.16544,-2.20021,False,False,False,False,False,False,Di Luar Area Pantauan (>1000m dari Desa)
Pulau Maya,Dusun Besar,"Jumat, 18 September 2026 01:45:00",NASA-SNPP,Medium,109.48724,-1.12713,False,False,False,True,False,True,Di Luar Area Pantauan (>1000m dari Desa)
Matan Hilir Selatan,Sungai Besar,"Jumat, 18 September 2026 01:45:00",NASA-SNPP,Medium,110.23824,-1.8546,False,False,True,True,False,True,Di Luar Area Pantauan (>1000m dari Desa)
Kendawangan,Seriam,"Jumat, 18 September 2026 01:45:00",NASA-SNPP,Medium,110.40239,-2.70041,False,False,False,False,True,True,Di Luar Area Pantauan (>1000m dari Desa)
Kendawangan,Kendawangan Kanan,"Jumat, 18 September 2026 01:45:00",NASA-SNPP,Medium,110.2235,-2.66803,False,False,False,True,True,True,Di Luar Area Pantauan (>1000m dari Desa)
Kendawangan,Air Hitam Besar,"Jumat, 18 September 2026 01:45:00",NASA-SNPP,Medium,110.75827,-2.78656,False,False,False,True,False,True,Di Luar Area Pantauan (>1000m dari Desa)
Kendawangan,Air Hitam Besar,"Jumat, 18 September 2026 01:45:00",NASA-SNPP,Medium,110.75512,-2.78607,False,False,False,True,False,True,Di Luar Area Pantauan (>1000m dari Desa)
Kendawangan,Air Hitam Besar,"Jumat, 18 September 2026 01:45:00",NASA-SNPP,Medium,110.78589,-2.79617,False,False,False,False,True,True,Di Luar Area Pantauan (>1000m dari Desa)
Kendawangan,Air Hitam Besar,"Jumat, 18 September 2026 01:45:00",NASA-SNPP,Medium,110.77164,-2.80469,False,False,False,False,False,False,Di Luar Area Pantauan (>1000m dari Desa)
Kendawangan,Air Hitam Besar,"Jumat, 18 September 2026 01:45:00",NASA-SNPP,Medium,110.77482,-2.80518,False,False,False,True,False,True,Di Luar Area Pantauan (>1000m dari Desa)
Kendawangan,Air Hitam Besar,"Jumat, 18 September 2026 01:45:00",NASA-SNPP,Medium,110.76849,-2.8042,False,False,False,False,False,False,Di Luar Area Pantauan (>1000m dari Desa)
Matan Hilir Selatan,Pagar Mentimun,"Jumat, 18 September 2026 01:45:00",NASA-SNPP,Medium,110.15196,-2.21343,False,False,False,False,False,False,Di Luar Area Pantauan (>1000m dari Desa)
Matan Hilir Selatan,Pagar Mentimun,"Jumat, 18 September 2026 01:45:00",NASA-SNPP,Medium,110.13113,-2.20011,False,False,False,False,False,False,Di Luar Area Pantauan (>1000m dari Desa)
Kendawangan,Pembedilan,"Jumat, 18 September 2026 01:45:00",NASA-SNPP,Medium,110.37081,-2.8343,False,False,False,False,True,True,Di Luar Area Pantauan (>1000m dari Desa)
Kendawangan,Airhitam Hulu,"Jumat, 18 September 2026 01:45:00",NASA-SNPP,Medium,110.6274,-2.62269,False,False,True,False,False,True,Di Luar Area Pantauan (>1000m dari Desa)
Manis Mata,Jambi,"Jumat, 18 September 2026 01:45:00",NASA-SNPP,Medium,110.96412,-2.70084,False,False,False,False,False,False,Di Luar Area Pantauan (>1000m dari Desa)
Kendawangan,Pembedilan,"Jumat, 18 September 2026 01:45:00",NASA-SNPP,Medium,110.34273,-2.81956,False,False,False,False,True,True,Di Luar Area Pantauan (>1000m dari Desa)
Matan Hilir Utara,Tanjung Baik Budi,"Jumat, 18 September 2026 01:45:00",NASA-SNPP,Medium,110.12914,-1.52666,False,False,True,True,False,True,Di Luar Area Pantauan (>1000m dari Desa)
Matan Hilir Selatan,Pagar Mentimun,"Jumat, 18 September 2026 01:45:00",NASA-SNPP,Medium,110.17592,-2.20688,False,False,False,False,False,False,Di Luar Area Pantauan (>1000m dari Desa)
Kendawangan,Air Hitam Besar,"Jumat, 18 September 2026 01:45:00",NASA-SNPP,Medium,110.76974,-2.80462,False,False,False,False,False,False,Di Luar Area Pantauan (>1000m dari Desa)
Muara Pawan,Ulak Medang,"Jumat, 18 September 2026 01:45:00",NASA-SNPP,Medium,110.28786,-1.52505,False,False,True,True,False,True,Di Luar Area Pantauan (>1000m dari Desa)
Matan Hilir Utara,Tanjung Baik Budi,"Jumat, 18 September 2026 01:45:00",NASA-SNPP,Medium,110.17371,-1.52834,False,False,False,True,False,True,Di Luar Area Pantauan (>1000m dari Desa)
Pemahan,Pebihingan,"Jumat, 18 September 2026 01:45:00",NASA-SNPP,Medium,110.54701,-1.74369,False,False,False,False,False,False,Di Luar Area Pantauan (>1000m dari Desa)
Kendawangan,Pembedilan,"Jumat, 18 September 2026 01:45:00",NASA-SNPP,Medium,110.34568,-2.82002,False,False,False,False,True,True,Di Luar Area Pantauan (>1000m dari Desa)
Kendawangan,Pembedilan,"Jumat, 18 September 2026 01:45:00",NASA-SNPP,Medium,110.43131,-2.85605,False,False,False,False,True,True,Di Luar Area Pantauan (>1000m dari Desa)
Manis Mata,Jambi,"Jumat, 18 September 2026 01:45:00",NASA-SNPP,Medium,110.96332,-2.70613,False,False,False,False,False,False,Di Luar Area Pantauan (>1000m dari Desa)
Benua Kayong,Negeri Baru,"Jumat, 18 September 2026 01:45:00",NASA-SNPP,Medium,110.23859,-1.78281,False,False,False,True,False,True,Di Luar Area Pantauan (>1000m dari Desa)
Matan Hilir Selatan,Pagar Mentimun,"Jumat, 18 September 2026 01:45:00",NASA-SNPP,Medium,110.17032,-2.20604,False,False,False,False,False,False,Di Luar Area Pantauan (>1000m dari Desa)
Matan Hilir Utara,Tanjung Baik Budi,"Jumat, 18 September 2026 01:45:00",NASA-SNPP,Medium,110.15121,-1.53383,False,False,True,True,False,True,Di Luar Area Pantauan (>1000m dari Desa)
Matan Hilir Utara,Tanjung Baik Budi,"Jumat, 18 September 2026 01:45:00",NASA-SNPP,Medium,110.15565,-1.53569,False,False,True,True,False,True,Di Luar Area Pantauan (>1000m dari Desa)
Matan Hilir Selatan,Pagar Mentimun,"Jumat, 18 September 2026 01:45:00",NASA-SNPP,Medium,110.14076,-2.21173,False,False,False,False,False,False,Di Luar Area Pantauan (>1000m dari Desa)
Matan Hilir Selatan,Pagar Mentimun,"Jumat, 18 September 2026 12:46:00",NASA-SNPP,Medium,110.15305,-2.21397,False,False,False,False,False,False,Di Luar Area Pantauan (>1000m dari Desa)
Matan Hilir Selatan,Pagar Mentimun,"Jumat, 18 September 2026 12:46:00",NASA-SNPP,Medium,110.15946,-2.21809,False,False,True,False,False,True,Di Luar Area Pantauan (>1000m dari Desa)
Kendawangan,Danau Buntar,"Jumat, 18 September 2026 12:46:00",NASA-SNPP,Medium,110.96912,-2.80246,False,False,False,False,False,False,Di Luar Area Pantauan (>1000m dari Desa)
Kendawangan,Danau Buntar,"Jumat, 18 September 2026 12:46:00",NASA-SNPP,Medium,110.962,-2.78893,False,False,False,False,False,False,Di Luar Area Pantauan (>1000m dari Desa)
Manis Mata,Suka Ramai,"Jumat, 18 September 2026 12:46:00",NASA-SNPP,Medium,110.97713,-2.7867,False,False,False,False,False,False,Di Luar Area Pantauan (>1000m dari Desa)
Kendawangan,Danau Buntar,"Jumat, 18 September 2026 12:46:00",NASA-SNPP,Medium,110.96774,-2.79294,False,False,False,False,False,False,Di Luar Area Pantauan (>1000m dari Desa)
Kendawangan,Natai Kuini,"Jumat, 18 September 2026 12:46:00",NASA-SNPP,Medium,110.84486,-2.81104,False,False,False,False,True,True,Di Luar Area Pantauan (>1000m dari Desa)
Kendawangan,Danau Buntar,"Jumat, 18 September 2026 12:46:00",NASA-SNPP,Medium,110.96128,-2.78417,False,False,False,False,False,False,Di Luar Area Pantauan (>1000m dari Desa)
Kendawangan,Pembedilan,"Jumat, 18 September 2026 12:46:00",NASA-SNPP,Medium,110.43078,-2.85679,False,False,False,False,True,True,Di Luar Area Pantauan (>1000m dari Desa)
Kendawangan,Pembedilan,"Jumat, 18 September 2026 12:46:00",NASA-SNPP,Medium,110.36934,-2.83942,False,False,False,False,True,True,Di Luar Area Pantauan (>1000m dari Desa)
Kendawangan,Pembedilan,"Jumat, 18 September 2026 12:46:00",NASA-SNPP,Medium,110.36092,-2.8204,False,False,False,False,True,True,Di Luar Area Pantauan (>1000m dari Desa)
Kendawangan,Pembedilan,"Jumat, 18 September 2026 12:46:00",NASA-SNPP,Medium,110.34976,-2.82208,False,False,False,False,True,True,Di Luar Area Pantauan (>1000m dari Desa)
Muara Pawan,Ulak Medang,"Jumat, 18 September 2026 12:46:00",NASA-SNPP,Medium,110.28136,-1.52097,False,False,True,True,False,True,Di Luar Area Pantauan (>1000m dari Desa)
Muara Pawan,Ulak Medang,"Jumat, 18 September 2026 12:46:00",NASA-SNPP,Medium,110.27057,-1.52261,False,False,True,True,False,True,Di Luar Area Pantauan (>1000m dari Desa)
Matan Hilir Utara,Tanjung Baik Budi,"Jumat, 18 September 2026 12:46:00",NASA-SNPP,Medium,110.18871,-1.53502,False,False,True,True,False,True,Di Luar Area Pantauan (>1000m dari Desa)
Kendawangan,Pembedilan,"Jumat, 18 September 2026 12:46:00",NASA-SNPP,Medium,110.33229,-2.81963,False,False,False,False,True,True,Di Luar Area Pantauan (>1000m dari Desa)
Kendawangan,Air Hitam Besar,"Jumat, 18 September 2026 12:46:00",NASA-SNPP,Medium,110.78715,-2.79565,False,False,False,True,True,True,Di Luar Area Pantauan (>1000m dari Desa)
Kendawangan,Danau Buntar,"Jumat, 18 September 2026 12:46:00",NASA-SNPP,Medium,110.97346,-2.79696,False,False,False,False,False,False,Di Luar Area Pantauan (>1000m dari Desa)
Manis Mata,Seguling,"Jumat, 18 September 2026 12:46:00",NASA-SNPP,Medium,111.08962,-2.61813,False,False,False,False,False,False,Di Luar Area Pantauan (>1000m dari Desa)
Kendawangan,Air Hitam Besar,"Jumat, 18 September 2026 12:46:00",NASA-SNPP,Medium,110.74022,-2.67617,False,False,False,False,False,False,Di Luar Area Pantauan (>1000m dari Desa)
Kendawangan,Seriam,"Jumat, 18 September 2026 12:46:00",NASA-SNPP,Medium,110.29073,-2.74965,False,False,False,False,True,True,Di Luar Area Pantauan (>1000m dari Desa)
Kendawangan,Air Hitam Besar,"Jumat, 18 September 2026 12:46:00",NASA-SNPP,Medium,110.73501,-2.67696,False,False,False,False,False,False,Di Luar Area Pantauan (>1000m dari Desa)
Manis Mata,Sungai Buluh,"Jumat, 18 September 2026 12:46:00",NASA-SNPP,Medium,111.08073,-2.55697,False,False,False,False,False,False,Di Luar Area Pantauan (>1000m dari Desa)
Manis Mata,Seguling,"Jumat, 18 September 2026 12:46:00",NASA-SNPP,Medium,111.09389,-2.61267,False,False,False,True,False,True,Di Luar Area Pantauan (>1000m dari Desa)
Kendawangan,Airhitam Hulu,"Jumat, 18 September 2026 12:46:00",NASA-SNPP,Medium,110.53702,-2.62211,False,False,False,False,False,False,Di Luar Area Pantauan (>1000m dari Desa)
Manis Mata,Seguling,"Jumat, 18 September 2026 12:46:00",NASA-SNPP,Medium,111.07001,-2.58741,False,False,False,False,False,False,Di Luar Area Pantauan (>1000m dari Desa)
Kendawangan,Seriam,"Jumat, 18 September 2026 12:46:00",NASA-SNPP,Medium,110.32629,-2.64183,False,False,False,False,True,True,Di Luar Area Pantauan (>1000m dari Desa)
Kendawangan,Bangkal Serai,"Jumat, 18 September 2026 12:46:00",NASA-SNPP,Medium,110.4871,-2.62725,False,False,False,False,True,True,Di Luar Area Pantauan (>1000m dari Desa)
Kendawangan,Bangkal Serai,"Jumat, 18 September 2026 12:46:00",NASA-SNPP,Medium,110.6309,-2.56047,False,False,False,False,False,False,Di Luar Area Pantauan (>1000m dari Desa)
Kendawangan,Seriam,"Jumat, 18 September 2026 12:46:00",NASA-SNPP,Medium,110.32692,-2.64265,False,False,False,False,True,True,Di Luar Area Pantauan (>1000m dari Desa)
Kendawangan,Seriam,"Jumat, 18 September 2026 12:46:00",NASA-SNPP,Medium,110.327,-2.6468,False,False,False,False,True,True,Di Luar Area Pantauan (>1000m dari Desa)
Kendawangan,Airhitam Hulu,"Jumat, 18 September 2026 12:46:00",NASA-SNPP,Medium,110.53586,-2.61975,False,False,False,False,True,True,Di Luar Area Pantauan (>1000m dari Desa)
Kendawangan,Bangkal Serai,"Jumat, 18 September 2026 12:46:00",NASA-SNPP,Medium,110.48194,-2.62514,False,False,False,False,True,True,Di Luar Area Pantauan (>1000m dari Desa)
Kendawangan,Kendawangan Kanan,"Jumat, 18 September 2026 12:46:00",NASA-SNPP,Medium,110.24267,-2.65973,False,False,False,True,True,True,Di Luar Area Pantauan (>1000m dari Desa)
Kendawangan,Bangkal Serai,"Jumat, 18 September 2026 12:46:00",NASA-SNPP,Medium,110.47169,-2.51929,False,False,False,False,True,True,Di Luar Area Pantauan (>1000m dari Desa)
Kendawangan,Bangkal Serai,"Jumat, 18 September 2026 12:46:00",NASA-SNPP,Medium,110.50604,-2.50734,False,False,False,False,True,True,Di Luar Area Pantauan (>1000m dari Desa)
Kendawangan,Bangkal Serai,"Jumat, 18 September 2026 12:46:00",NASA-SNPP,Medium,110.46776,-2.47313,False,False,False,False,True,True,Di Luar Area Pantauan (>1000m dari Desa)
Kendawangan,Banjar Sari,"Jumat, 18 September 2026 12:46:00",NASA-SNPP,Medium,110.44803,-2.45102,False,False,False,False,True,True,Di Luar Area Pantauan (>1000m dari Desa)
Kendawangan,Bangkal Serai,"Jumat, 18 September 2026 12:46:00",NASA-SNPP,Medium,110.50806,-2.50399,False,False,False,False,True,True,Di Luar Area Pantauan (>1000m dari Desa)
Kendawangan,Mekar Utama,"Jumat, 18 September 2026 12:46:00",NASA-SNPP,Medium,110.21687,-2.29144,False,False,True,False,False,True,Di Luar Area Pantauan (>1000m dari Desa)
Matan Hilir Selatan,Pagar Mentimun,"Jumat, 18 September 2026 12:46:00",NASA-SNPP,Medium,110.24142,-2.23093,False,False,False,False,True,True,Di Luar Area Pantauan (>1000m dari Desa)
Matan Hilir Selatan,Pagar Mentimun,"Jumat, 18 September 2026 12:46:00",NASA-SNPP,Medium,110.15026,-2.2348,False,False,False,False,False,False,Di Luar Area Pantauan (>1000m dari Desa)
Kendawangan,Pembedilan,"Jumat, 18 September 2026 12:46:00",NASA-SNPP,Medium,110.33646,-2.80884,False,False,False,False,True,True,Di Luar Area Pantauan (>1000m dari Desa)
Kendawangan,Pembedilan,"Jumat, 18 September 2026 12:46:00",NASA-SNPP,Medium,110.33716,-2.81382,False,False,False,False,True,True,Di Luar Area Pantauan (>1000m dari Desa)
Kendawangan,Kendawangan Kanan,"Jumat, 18 September 2026 12:46:00",NASA-SNPP,Medium,110.27721,-2.79728,False,False,False,True,True,True,Di Luar Area Pantauan (>1000m dari Desa)
Kendawangan,Pembedilan,"Jumat, 18 September 2026 12:46:00",NASA-SNPP,Medium,110.39844,-2.80465,False,False,False,False,True,True,Di Luar Area Pantauan (>1000m dari Desa)
Kendawangan,Seriam,"Jumat, 18 September 2026 12:46:00",NASA-SNPP,Medium,110.31654,-2.7508,False,False,False,True,True,True,Di Luar Area Pantauan (>1000m dari Desa)
Kendawangan,Pembedilan,"Jumat, 18 September 2026 12:46:00",NASA-SNPP,Medium,110.34274,-2.81298,False,False,False,False,True,True,Di Luar Area Pantauan (>1000m dari Desa)
Kendawangan,Seriam,"Jumat, 18 September 2026 12:46:00",NASA-SNPP,Medium,110.3621,-2.74927,False,False,False,False,True,True,Di Luar Area Pantauan (>1000m dari Desa)
Manis Mata,Suka Ramai,"Jumat, 18 September 2026 12:46:00",NASA-SNPP,Medium,111.1243,-2.69586,False,False,False,False,False,False,Di Luar Area Pantauan (>1000m dari Desa)
Jelai Hulu,Semantun,"Jumat, 18 September 2026 12:46:00",NASA-SNPP,Medium,111.03854,-2.06467,False,False,False,False,False,False,Di Luar Area Pantauan (>1000m dari Desa)
Matan Hilir Selatan,Sungai Nanjung,"Jumat, 18 September 2026 12:46:00",NASA-SNPP,Medium,110.13661,-2.18075,False,False,False,False,False,False,Di Luar Area Pantauan (>1000m dari Desa)
Matan Hilir Selatan,Sungai Nanjung,"Jumat, 18 September 2026 12:46:00",NASA-SNPP,Medium,110.26474,-2.15651,False,False,False,True,True,True,Di Luar Area Pantauan (>1000m dari Desa)
Matan Hilir Selatan,Pagar Mentimun,"Jumat, 18 September 2026 12:46:00",NASA-SNPP,Medium,110.11183,-2.21002,False,False,False,False,False,False,Di Luar Area Pantauan (>1000m dari Desa)
Kendawangan,Pangkalan Batu,"Jumat, 18 September 2026 12:46:00",NASA-SNPP,Medium,110.36496,-2.15158,False,False,False,False,False,False,Di Luar Area Pantauan (>1000m dari Desa)
Matan Hilir Selatan,Sungai Nanjung,"Jumat, 18 September 2026 12:46:00",NASA-SNPP,Medium,110.14152,-2.17491,False,False,False,False,False,False,Di Luar Area Pantauan (>1000m dari Desa)
Matan Hilir Selatan,Pagar Mentimun,"Jumat, 18 September 2026 12:46:00",NASA-SNPP,Medium,110.16926,-2.20641,False,False,False,False,False,False,Di Luar Area Pantauan (>1000m dari Desa)
Matan Hilir Selatan,Pagar Mentimun,"Jumat, 18 September 2026 12:46:00",NASA-SNPP,Medium,110.11109,-2.20502,False,False,False,False,False,False,Di Luar Area Pantauan (>1000m dari Desa)
Matan Hilir Selatan,Sungai Nanjung,"Jumat, 18 September 2026 12:46:00",NASA-SNPP,Medium,110.23175,-2.12599,False,False,False,False,False,False,Di Luar Area Pantauan (>1000m dari Desa)
Matan Hilir Selatan,Sungai Nanjung,"Jumat, 18 September 2026 12:46:00",NASA-SNPP,Medium,110.17399,-2.15989,False,False,False,False,False,False,Di Luar Area Pantauan (>1000m dari Desa)
Matan Hilir Selatan,Sungai Nanjung,"Jumat, 18 September 2026 12:46:00",NASA-SNPP,Medium,110.21962,-2.15818,False,False,True,True,False,True,Di Luar Area Pantauan (>1000m dari Desa)
Matan Hilir Selatan,Sungai Nanjung,"Jumat, 18 September 2026 12:46:00",NASA-SNPP,Medium,110.26878,-2.1458,False,False,False,False,False,False,Di Luar Area Pantauan (>1000m dari Desa)
Kendawangan,Sungai Jelayan,"Jumat, 18 September 2026 12:46:00",NASA-SNPP,Medium,110.45583,-2.09307,False,False,False,False,False,False,Di Luar Area Pantauan (>1000m dari Desa)
Matan Hilir Selatan,Sungai Nanjung,"Jumat, 18 September 2026 12:46:00",NASA-SNPP,Medium,110.13419,-2.14072,False,False,False,False,False,False,Di Luar Area Pantauan (>1000m dari Desa)
Kendawangan,Sungai Jelayan,"Jumat, 18 September 2026 12:46:00",NASA-SNPP,Medium,110.45374,-2.09626,False,False,False,False,False,False,Di Luar Area Pantauan (>1000m dari Desa)
Matan Hilir Selatan,Sungai Nanjung,"Jumat, 18 September 2026 12:46:00",NASA-SNPP,Medium,110.2407,-2.10949,False,False,False,True,False,True,Di Luar Area Pantauan (>1000m dari Desa)
Matan Hilir Selatan,Sungai Nanjung,"Jumat, 18 September 2026 12:46:00",NASA-SNPP,Medium,110.15872,-2.11147,False,False,False,True,False,True,Di Luar Area Pantauan (>1000m dari Desa)
Matan Hilir Selatan,Pesaguan Kanan,"Jumat, 18 September 2026 12:46:00",NASA-SNPP,Medium,110.3611,-2.06547,False,False,False,False,False,False,Di Luar Area Pantauan (>1000m dari Desa)
Matan Hilir Selatan,Pematang Gadung,"Jumat, 18 September 2026 12:46:00",NASA-SNPP,Medium,110.18924,-1.94355,False,False,False,True,False,True,Di Luar Area Pantauan (>1000m dari Desa)
Matan Hilir Selatan,Sungai Besar,"Jumat, 18 September 2026 12:46:00",NASA-SNPP,Medium,110.1685,-1.89568,False,False,True,True,False,True,Di Luar Area Pantauan (>1000m dari Desa)
Matan Hilir Selatan,Sungai Pelang,"Jumat, 18 September 2026 12:46:00",NASA-SNPP,Medium,110.17587,-1.86922,False,False,True,True,False,True,Di Luar Area Pantauan (>1000m dari Desa)
Benua Kayong,Negeri Baru,"Jumat, 18 September 2026 12:46:00",NASA-SNPP,Medium,110.21195,-1.77631,False,False,False,True,False,True,Di Luar Area Pantauan (>1000m dari Desa)
Benua Kayong,Negeri Baru,"Jumat, 18 September 2026 12:46:00",NASA-SNPP,Medium,110.20651,-1.77714,False,False,False,True,False,True,Di Luar Area Pantauan (>1000m dari Desa)
Muara Pawan,Tanjung Pasar,"Jumat, 18 September 2026 12:46:00",NASA-SNPP,Medium,110.10336,-1.80391,False,False,False,False,False,False,Di Luar Area Pantauan (>1000m dari Desa)
Matan Hilir Selatan,Sungai Pelang,"Jumat, 18 September 2026 12:46:00",NASA-SNPP,Medium,110.25105,-1.84271,False,False,True,True,False,True,Di Luar Area Pantauan (>1000m dari Desa)
Muara Pawan,Tanjung Pasar,"Jumat, 18 September 2026 12:46:00",NASA-SNPP,Medium,110.10786,-1.80243,False,False,False,False,False,False,Di Luar Area Pantauan (>1000m dari Desa)
Matan Hilir Selatan,Sungai Pelang,"Jumat, 18 September 2026 12:46:00",NASA-SNPP,Medium,110.2353,-1.85013,False,False,True,True,False,True,Di Luar Area Pantauan (>1000m dari Desa)
Matan Hilir Selatan,Sungai Pelang,"Jumat, 18 September 2026 12:46:00",NASA-SNPP,Medium,110.20693,-1.84936,False,False,True,True,False,True,Di Luar Area Pantauan (>1000m dari Desa)
Matan Hilir Selatan,Sungai Pelang,"Jumat, 18 September 2026 12:46:00",NASA-SNPP,Medium,110.19439,-1.84113,False,False,False,True,False,True,Di Luar Area Pantauan (>1000m dari Desa)
Muara Pawan,Tanjung Pasar,"Jumat, 18 September 2026 12:46:00",NASA-SNPP,Medium,110.13876,-1.81797,False,False,False,False,False,False,Di Luar Area Pantauan (>1000m dari Desa)
Sungai Melayu Rayak,Makmur Abadi,"Jumat, 18 September 2026 12:46:00",NASA-SNPP,Medium,110.25275,-1.70972,False,False,False,True,False,True,Di Luar Area Pantauan (>1000m dari Desa)
Nanga Tayap,Cegolak,"Jumat, 18 September 2026 12:46:00",NASA-SNPP,Medium,110.70245,-1.65239,False,False,False,False,False,False,Di Luar Area Pantauan (>1000m dari Desa)
Sungai Melayu Rayak,Makmur Abadi,"Jumat, 18 September 2026 12:46:00",NASA-SNPP,Medium,110.22977,-1.74335,False,False,True,True,False,True,Di Luar Area Pantauan (>1000m dari Desa)
Muara Pawan,Sungai Awan Kiri,"Jumat, 18 September 2026 12:46:00",NASA-SNPP,Medium,110.06036,-1.71291,False,False,False,True,False,True,Di Luar Area Pantauan (>1000m dari Desa)
Sungai Melayu Rayak,Makmur Abadi,"Jumat, 18 September 2026 12:46:00",NASA-SNPP,Medium,110.26067,-1.68846,False,False,False,False,False,False,Di Luar Area Pantauan (>1000m dari Desa)
Muara Pawan,Sungai Awan Kiri,"Jumat, 18 September 2026 12:46:00",NASA-SNPP,Medium,110.05826,-1.71333,False,False,False,True,False,True,Di Luar Area Pantauan (>1000m dari Desa)
Sungai Melayu Rayak,Makmur Abadi,"Jumat, 18 September 2026 12:46:00",NASA-SNPP,Medium,110.32566,-1.65688,False,False,False,False,False,False,Di Luar Area Pantauan (>1000m dari Desa)
Nanga Tayap,Siantau Raya,"Jumat, 18 September 2026 12:46:00",NASA-SNPP,Medium,110.46896,-1.66944,False,False,False,False,False,False,Di Luar Area Pantauan (>1000m dari Desa)
Muara Pawan,Sungai Awan Kiri,"Jumat, 18 September 2026 12:46:00",NASA-SNPP,Medium,110.03915,-1.70099,False,False,False,False,False,False,Di Luar Area Pantauan (>1000m dari Desa)
Nanga Tayap,Cegolak,"Jumat, 18 September 2026 12:46:00",NASA-SNPP,Medium,110.68791,-1.61082,False,False,True,False,False,True,Di Luar Area Pantauan (>1000m dari Desa)
Sungai Melayu Rayak,Makmur Abadi,"Jumat, 18 September 2026 12:46:00",NASA-SNPP,Medium,110.25814,-1.68736,False,False,False,False,False,False,Di Luar Area Pantauan (>1000m dari Desa)
Sungai Melayu Rayak,Makmur Abadi,"Jumat, 18 September 2026 12:46:00",NASA-SNPP,Medium,110.26588,-1.70122,False,False,True,True,False,True,Di Luar Area Pantauan (>1000m dari Desa)
Sungai Melayu Rayak,Makmur Abadi,"Jumat, 18 September 2026 12:46:00",NASA-SNPP,Medium,110.26043,-1.70208,False,False,True,True,False,True,Di Luar Area Pantauan (>1000m dari Desa)
Muara Pawan,Mayak,"Jumat, 18 September 2026 12:46:00",NASA-SNPP,Medium,110.12849,-1.70796,False,False,True,True,False,True,Di Luar Area Pantauan (>1000m dari Desa)
Nanga Tayap,Sungai Kelik,"Jumat, 18 September 2026 12:46:00",NASA-SNPP,Medium,110.42928,-1.58144,False,False,False,False,False,False,Di Luar Area Pantauan (>1000m dari Desa)
Nanga Tayap,Lembah Hijau Dua,"Jumat, 18 September 2026 12:46:00",NASA-SNPP,Medium,110.44054,-1.5847,False,False,False,False,False,False,Di Luar Area Pantauan (>1000m dari Desa)
Nanga Tayap,Lembah Hijau Dua,"Jumat, 18 September 2026 12:46:00",NASA-SNPP,Medium,110.45321,-1.59764,False,False,False,False,False,False,Di Luar Area Pantauan (>1000m dari Desa)
Nanga Tayap,Siantau Raya,"Jumat, 18 September 2026 12:46:00",NASA-SNPP,Medium,110.45915,-1.60169,False,False,True,False,False,True,Di Luar Area Pantauan (>1000m dari Desa)
Nanga Tayap,Lembah Hijau Dua,"Jumat, 18 September 2026 12:46:00",NASA-SNPP,Medium,110.44655,-1.58875,False,False,False,False,False,False,Di Luar Area Pantauan (>1000m dari Desa)
Nanga Tayap,Lembah Hijau Dua,"Jumat, 18 September 2026 12:46:00",NASA-SNPP,Medium,110.45776,-1.59201,False,False,False,False,False,False,Di Luar Area Pantauan (>1000m dari Desa)
Nanga Tayap,Lembah Hijau Dua,"Jumat, 18 September 2026 12:46:00",NASA-SNPP,Medium,110.45847,-1.59684,False,False,False,False,False,False,Di Luar Area Pantauan (>1000m dari Desa)
Nanga Tayap,Lembah Hijau Dua,"Jumat, 18 September 2026 12:46:00",NASA-SNPP,Medium,110.45251,-1.5928,False,False,False,False,False,False,Di Luar Area Pantauan (>1000m dari Desa)
Muara Pawan,Ulak Medang,"Jumat, 18 September 2026 12:46:00",NASA-SNPP,Medium,110.29993,-1.57312,False,False,True,True,False,True,Di Luar Area Pantauan (>1000m dari Desa)
Muara Pawan,Ulak Medang,"Jumat, 18 September 2026 12:46:00",NASA-SNPP,Medium,110.27667,-1.52668,False,False,True,True,False,True,Di Luar Area Pantauan (>1000m dari Desa)
Matan Hilir Utara,Tanjung Baik Budi,"Jumat, 18 September 2026 12:46:00",NASA-SNPP,Medium,110.16258,-1.54907,False,False,True,True,False,True,Di Luar Area Pantauan (>1000m dari Desa)
Muara Pawan,Ulak Medang,"Jumat, 18 September 2026 12:46:00",NASA-SNPP,Medium,110.27739,-1.53158,False,False,True,True,False,True,Di Luar Area Pantauan (>1000m dari Desa)
Nanga Tayap,Sungai Kelik,"Jumat, 18 September 2026 12:46:00",NASA-SNPP,Medium,110.30743,-1.58694,False,False,True,True,False,True,Di Luar Area Pantauan (>1000m dari Desa)
Kendawangan,Danau Buntar,"Jumat, 18 September 2026 12:46:00",NASA-SNPP,Medium,110.96844,-2.7977,False,False,False,False,False,False,Di Luar Area Pantauan (>1000m dari Desa)
Manis Mata,Suka Ramai,"Jumat, 18 September 2026 12:46:00",NASA-SNPP,Medium,110.98356,-2.79547,False,False,False,False,False,False,Di Luar Area Pantauan (>1000m dari Desa)
Kendawangan,Air Hitam Besar,"Jumat, 18 September 2026 12:46:00",NASA-SNPP,Medium,110.82314,-2.77006,False,False,False,True,True,True,Di Luar Area Pantauan (>1000m dari Desa)
Manis Mata,Suka Ramai,"Jumat, 18 September 2026 12:46:00",NASA-SNPP,Medium,110.98999,-2.80422,False,False,False,False,False,False,Di Luar Area Pantauan (>1000m dari Desa)
Kendawangan,Danau Buntar,"Jumat, 18 September 2026 12:46:00",NASA-SNPP,Medium,110.96057,-2.77941,False,False,False,False,False,False,Di Luar Area Pantauan (>1000m dari Desa)
Kendawangan,Pembedilan,"Jumat, 18 September 2026 12:46:00",NASA-SNPP,Medium,110.42094,-2.82791,False,False,False,False,True,True,Di Luar Area Pantauan (>1000m dari Desa)
Kendawangan,Pembedilan,"Jumat, 18 September 2026 12:46:00",NASA-SNPP,Medium,110.36958,-2.86571,False,False,False,False,True,True,Di Luar Area Pantauan (>1000m dari Desa)
Kendawangan,Pembedilan,"Jumat, 18 September 2026 12:46:00",NASA-SNPP,Medium,110.37186,-2.92119,False,False,False,False,True,True,Di Luar Area Pantauan (>1000m dari Desa)
Manis Mata,Suka Ramai,"Jumat, 18 September 2026 12:46:00",NASA-SNPP,Medium,110.98494,-2.80497,False,False,False,False,False,False,Di Luar Area Pantauan (>1000m dari Desa)
Kendawangan,Danau Buntar,"Jumat, 18 September 2026 12:46:00",NASA-SNPP,Medium,110.97851,-2.79621,False,False,False,False,False,False,Di Luar Area Pantauan (>1000m dari Desa)
Manis Mata,Suka Ramai,"Jumat, 18 September 2026 12:46:00",NASA-SNPP,Medium,110.98425,-2.80022,False,False,False,False,False,False,Di Luar Area Pantauan (>1000m dari Desa)
Manis Mata,Suka Ramai,"Jumat, 18 September 2026 12:46:00",NASA-SNPP,Medium,110.98218,-2.78596,False,False,False,False,False,False,Di Luar Area Pantauan (>1000m dari Desa)
Muara Pawan,Ulak Medang,"Jumat, 18 September 2026 12:46:00",NASA-SNPP,Medium,110.25898,-1.51936,False,False,True,True,False,True,Di Luar Area Pantauan (>1000m dari Desa)
Matan Hilir Utara,Tanjung Baik Budi,"Jumat, 18 September 2026 12:46:00",NASA-SNPP,Medium,110.18248,-1.53093,False,False,True,True,False,True,Di Luar Area Pantauan (>1000m dari Desa)
Nanga Tayap,Simpang Tiga Sembelangaan,"Jumat, 18 September 2026 12:46:00",NASA-SNPP,Medium,110.36143,-1.49391,False,False,True,False,True,True,Di Luar Area Pantauan (>1000m dari Desa)
Matan Hilir Utara,Lamon Satong,"Jumat, 18 September 2026 12:46:00",NASA-SNPP,Medium,110.19668,-1.51369,False,False,True,True,False,True,Di Luar Area Pantauan (>1000m dari Desa)
Matan Hilir Utara,Kuala Tolak,"Jumat, 18 September 2026 12:46:00",NASA-SNPP,Medium,110.11179,-1.51126,False,False,False,True,False,True,Di Luar Area Pantauan (>1000m dari Desa)
Nanga Tayap,Sebadak Raya,"Jumat, 18 September 2026 12:46:00",NASA-SNPP,Medium,110.67809,-1.40705,False,False,False,False,False,False,Di Luar Area Pantauan (>1000m dari Desa)
Nanga Tayap,Simpang Tiga Sembelangaan,"Jumat, 18 September 2026 12:46:00",NASA-SNPP,Medium,110.32569,-1.42215,False,False,True,False,True,True,Di Luar Area Pantauan (>1000m dari Desa)
Nanga Tayap,Pangkalan Teluk,"Jumat, 18 September 2026 12:46:00",NASA-SNPP,Medium,110.44756,-1.37883,False,False,False,False,False,False,Di Luar Area Pantauan (>1000m dari Desa)
Nanga Tayap,Pangkalan Teluk,"Jumat, 18 September 2026 12:46:00",NASA-SNPP,Medium,110.409,-1.35119,False,False,False,False,True,True,Di Luar Area Pantauan (>1000m dari Desa)
Matan Hilir Utara,Lamon Satong,"Jumat, 18 September 2026 12:46:00",NASA-SNPP,Medium,110.17186,-1.40042,False,False,False,False,False,False,Di Luar Area Pantauan (>1000m dari Desa)
Sandai,Sandai,"Jumat, 18 September 2026 12:46:00",NASA-SNPP,Medium,110.53542,-1.23834,False,False,False,False,False,False,Di Luar Area Pantauan (>1000m dari Desa)
Simpang Hilir,Matan Jaya,"Jumat, 18 September 2026 12:46:00",NASA-SNPP,Medium,110.38911,-1.25536,False,False,False,False,True,True,Di Luar Area Pantauan (>1000m dari Desa)
Sandai,Sandai Kiri,"Jumat, 18 September 2026 12:46:00",NASA-SNPP,Medium,110.51411,-1.23664,False,False,False,False,False,False,Di Luar Area Pantauan (>1000m dari Desa)
Sandai,Randau Jungkal,"Jumat, 18 September 2026 12:46:00",NASA-SNPP,Medium,110.70425,-1.16871,False,False,False,False,False,False,Di Luar Area Pantauan (>1000m dari Desa)
Simpang Hilir,Matan Jaya,"Jumat, 18 September 2026 12:46:00",NASA-SNPP,Medium,110.13945,-1.10843,False,False,True,True,True,True,Di Luar Area Pantauan (>1000m dari Desa)
Tanah Pinoh,Keranjik,"Jumat, 18 September 2026 12:46:00",NASA-SNPP,Medium,111.55383,-0.84453,False,False,False,False,False,False,Di Luar Area Pantauan (>1000m dari Desa)
Pulau Maya,Dusun Besar,"Jumat, 18 September 2026 12:46:00",NASA-SNPP,Medium,109.49446,-1.12627,False,False,False,True,False,True,Di Luar Area Pantauan (>1000m dari Desa)
Simpang Hilir,Lubuk Batu,"Jumat, 18 September 2026 12:46:00",NASA-SNPP,Medium,110.10033,-0.9503,False,False,False,False,False,False,Di Luar Area Pantauan (>1000m dari Desa)
Simpang Hilir,Batu Barat,"Jumat, 18 September 2026 12:46:00",NASA-SNPP,Medium,110.08576,-0.92745,False,False,False,False,False,False,Di Luar Area Pantauan (>1000m dari Desa)
Sungai Laur,Tanjung Maju,"Jumat, 18 September 2026 12:46:00",NASA-SNPP,Medium,110.51781,-0.70502,False,False,False,False,False,False,Di Luar Area Pantauan (>1000m dari Desa)
Sungai Laur,Merabu Jaya,"Jumat, 18 September 2026 12:46:00",NASA-SNPP,Medium,110.6922,-0.66205,False,False,False,False,False,False,Di Luar Area Pantauan (>1000m dari Desa)
Sungai Laur,Tanjung Maju,"Jumat, 18 September 2026 12:46:00",NASA-SNPP,Medium,110.48408,-0.68579,False,False,False,False,False,False,Di Luar Area Pantauan (>1000m dari Desa)
Sungai Laur,Merabu Jaya,"Jumat, 18 September 2026 12:46:00",NASA-SNPP,Medium,110.67885,-0.65664,False,False,False,False,False,False,Di Luar Area Pantauan (>1000m dari Desa)
Sungai Laur,Tanjung Maju,"Jumat, 18 September 2026 12:46:00",NASA-SNPP,Medium,110.47025,-0.69273,False,False,False,False,False,False,Di Luar Area Pantauan (>1000m dari Desa)
Nanga Mahap,Telukkebau,"Jumat, 18 September 2026 12:46:00",NASA-SNPP,Medium,110.72214,-0.56167,False,False,False,False,False,False,Di Luar Area Pantauan (>1000m dari Desa)
Belimbing,Nanga Entebah,"Jumat, 18 September 2026 12:46:00",NASA-SNPP,Medium,111.35941,-0.40356,False,False,False,False,False,False,Di Luar Area Pantauan (>1000m dari Desa)
Mukok,Sungai Mawang,"Jumat, 18 September 2026 12:46:00",NASA-SNPP,Medium,110.83649,0.12292,False,False,False,False,False,False,Di Luar Area Pantauan (>1000m dari Desa)
Tempunak,Nanga Tempunak,"Jumat, 18 September 2026 12:46:00",NASA-SNPP,Medium,111.38937,0.0722,False,False,False,False,False,False,Di Luar Area Pantauan (>1000m dari Desa)
Kendawangan,Pembedilan,"Jumat, 18 September 2026 12:46:00",NASA-SNPP,Medium,110.35048,-2.82705,False,False,False,False,True,True,Di Luar Area Pantauan (>1000m dari Desa)
Kendawangan,Pembedilan,"Jumat, 18 September 2026 12:46:00",NASA-SNPP,Medium,110.36021,-2.81544,False,False,False,False,True,True,Di Luar Area Pantauan (>1000m dari Desa)
Manis Mata,Suka Ramai,"Jumat, 18 September 2026 12:46:00",NASA-SNPP,Medium,111.11361,-2.72631,False,False,False,False,False,False,Di Luar Area Pantauan (>1000m dari Desa)
Sungai Kunyit,Semparong Parit Raden,"Jumat, 18 September 2026 12:46:00",NASA-SNPP,Medium,108.97763,0.47511,False,False,False,False,False,False,Di Luar Area Pantauan (>1000m dari Desa)
Sadaniang,Ansiap,"Jumat, 18 September 2026 12:46:00",NASA-SNPP,Medium,109.23249,0.59427,False,False,False,False,False,False,Di Luar Area Pantauan (>1000m dari Desa)
Sadaniang,Ansiap,"Jumat, 18 September 2026 12:46:00",NASA-SNPP,Medium,109.2003,0.63418,False,False,False,False,False,False,Di Luar Area Pantauan (>1000m dari Desa)
Nanga Tayap,Lembah Hijau Satu,"Jumat, 18 September 2026 12:46:00",NASA-SNPP,Medium,110.48624,-1.56798,False,False,False,False,False,False,Di Luar Area Pantauan (>1000m dari Desa)
Matan Hilir Selatan,Pagar Mentimun,"Jumat, 18 September 2026 12:46:00",NASA-SNPP,Medium,110.16998,-2.2114,False,False,False,False,False,False,Di Luar Area Pantauan (>1000m dari Desa)
Manis Mata,Suka Ramai,"Jumat, 18 September 2026 12:46:00",NASA-SNPP,Medium,110.98287,-2.79071,False,False,False,False,False,False,Di Luar Area Pantauan (>1000m dari Desa)
Matan Hilir Selatan,Pagar Mentimun,"Jumat, 18 September 2026 12:46:00",NASA-SNPP,Medium,110.18054,-2.2047,False,False,False,False,False,False,Di Luar Area Pantauan (>1000m dari Desa)
Manis Mata,Suka Ramai,"Jumat, 18 September 2026 12:46:00",NASA-SNPP,Medium,110.9893,-2.79947,False,False,False,False,False,False,Di Luar Area Pantauan (>1000m dari Desa)
Kendawangan,Danau Buntar,"Jumat, 18 September 2026 12:46:00",NASA-SNPP,Medium,110.96344,-2.79844,False,False,True,False,False,True,Di Luar Area Pantauan (>1000m dari Desa)
Kendawangan,Pembedilan,"Jumat, 18 September 2026 12:46:00",NASA-SNPP,Medium,110.37031,-2.87067,False,False,False,False,True,True,Di Luar Area Pantauan (>1000m dari Desa)
Nanga Tayap,Siantau Raya,"Jumat, 18 September 2026 12:46:00",NASA-SNPP,Medium,110.44933,-1.60812,False,False,False,False,False,False,Di Luar Area Pantauan (>1000m dari Desa)
Sungai Laur,Merabu Jaya,"Jumat, 18 September 2026 12:46:00",NASA-SNPP,Medium,110.68314,-0.68479,False,False,False,False,False,False,Di Luar Area Pantauan (>1000m dari Desa)
Kendawangan,Pembedilan,"Jumat, 18 September 2026 12:46:00",NASA-SNPP,Medium,110.39501,-2.82034,False,False,False,False,True,True,Di Luar Area Pantauan (>1000m dari Desa)
Jelai Hulu,Semantun,"Jumat, 18 September 2026 12:46:00",NASA-SNPP,Medium,111.08757,-1.9836,False,False,True,False,False,True,Di Luar Area Pantauan (>1000m dari Desa)
Tanah Pinoh,Madong Jaya,"Jumat, 18 September 2026 12:46:00",NASA-SNPP,Medium,111.55454,-0.84895,False,False,False,False,False,False,Di Luar Area Pantauan (>1000m dari Desa)
Sokan,Nanga Tangkit,"Jumat, 18 September 2026 12:46:00",NASA-SNPP,Medium,111.48062,-1.05294,False,False,False,False,False,False,Di Luar Area Pantauan (>1000m dari Desa)
Sandai,Randau Jungkal,"Jumat, 18 September 2026 12:46:00",NASA-SNPP,Medium,110.66595,-1.0827,False,False,False,False,False,False,Di Luar Area Pantauan (>1000m dari Desa)
Matan Hilir Utara,Kuala Tolak,"Jumat, 18 September 2026 12:46:00",NASA-SNPP,Medium,110.16846,-1.51289,False,False,False,True,False,True,Di Luar Area Pantauan (>1000m dari Desa)
Hulu Sungai,Beginci Darat,"Jumat, 18 September 2026 12:46:00",NASA-SNPP,Medium,111.06973,-1.31765,True,False,True,False,False,True,Prioritas 1 (Tinggi)
Matan Hilir Utara,Tanjung Baik Budi,"Jumat, 18 September 2026 12:46:00",NASA-SNPP,Medium,110.16808,-1.54823,False,False,False,True,False,True,Di Luar Area Pantauan (>1000m dari Desa)
Matan Hilir Utara,Tanjung Baik Budi,"Jumat, 18 September 2026 12:46:00",NASA-SNPP,Medium,110.14317,-1.53183,False,False,True,True,False,True,Di Luar Area Pantauan (>1000m dari Desa)
Muara Pawan,Ulak Medang,"Jumat, 18 September 2026 12:46:00",NASA-SNPP,Medium,110.25354,-1.52018,False,False,True,True,False,True,Di Luar Area Pantauan (>1000m dari Desa)
Matan Hilir Utara,Kuala Tolak,"Jumat, 18 September 2026 12:46:00",NASA-SNPP,Medium,110.11735,-1.51044,False,False,False,True,False,True,Di Luar Area Pantauan (>1000m dari Desa)
Nanga Tayap,Tanjung Medan,"Jumat, 18 September 2026 12:46:00",NASA-SNPP,Medium,110.46152,-1.43937,False,False,True,False,True,True,Di Luar Area Pantauan (>1000m dari Desa)
Tanah Pinoh,Madong Jaya,"Jumat, 18 September 2026 12:46:00",NASA-SNPP,Medium,111.55328,-0.84759,False,False,False,False,False,False,Di Luar Area Pantauan (>1000m dari Desa)
Kendawangan,Natai Kuini,"Jumat, 18 September 2026 12:46:00",NASA-SNPP,Medium,110.96546,-2.81273,False,False,True,False,False,True,Di Luar Area Pantauan (>1000m dari Desa)
Kendawangan,Danau Buntar,"Jumat, 18 September 2026 12:46:00",NASA-SNPP,Medium,110.97277,-2.7922,False,False,False,False,False,False,Di Luar Area Pantauan (>1000m dari Desa)
Kendawangan,Danau Buntar,"Jumat, 18 September 2026 12:46:00",NASA-SNPP,Medium,110.96703,-2.78819,False,False,False,False,False,False,Di Luar Area Pantauan (>1000m dari Desa)
Kendawangan,Natai Kuini,"Jumat, 18 September 2026 12:46:00",NASA-SNPP,Medium,110.85146,-2.81987,False,False,False,False,True,True,Di Luar Area Pantauan (>1000m dari Desa)
Kendawangan,Air Hitam Besar,"Jumat, 18 September 2026 12:46:00",NASA-SNPP,Medium,110.78432,-2.79534,False,False,False,False,False,False,Di Luar Area Pantauan (>1000m dari Desa)
Matan Hilir Selatan,Pagar Mentimun,"Jumat, 18 September 2026 12:46:00",NASA-SNPP,Medium,110.15872,-2.21311,False,False,False,False,False,False,Di Luar Area Pantauan (>1000m dari Desa)
Kendawangan,Air Hitam Besar,"Jumat, 18 September 2026 12:46:00",NASA-SNPP,Medium,110.76196,-2.78873,False,False,False,False,False,False,Di Luar Area Pantauan (>1000m dari Desa)
Mempawah Hilir,Pasir,"Jumat, 18 September 2026 12:46:00",NASA-SNPP,Medium,109.01846,0.41727,False,False,False,True,False,True,Di Luar Area Pantauan (>1000m dari Desa)
Kendawangan,Pembedilan,"Jumat, 18 September 2026 12:46:00",NASA-SNPP,Medium,110.40469,-2.80877,False,False,False,False,True,True,Di Luar Area Pantauan (>1000m dari Desa)
Muara Pawan,Tanjung Pasar,"Jumat, 18 September 2026 12:46:00",NASA-SNPP,Medium,110.13995,-1.81885,False,False,False,False,False,False,Di Luar Area Pantauan (>1000m dari Desa)
Matan Hilir Selatan,Sungai Besar,"Jumat, 18 September 2026 12:46:00",NASA-SNPP,Medium,110.167,-1.88578,False,False,True,True,False,True,Di Luar Area Pantauan (>1000m dari Desa)
Muara Pawan,Tanjung Pasar,"Jumat, 18 September 2026 12:46:00",NASA-SNPP,Medium,110.02075,-1.83132,False,False,False,False,False,False,Di Luar Area Pantauan (>1000m dari Desa)
Matan Hilir Selatan,Pematang Gadung,"Jumat, 18 September 2026 12:46:00",NASA-SNPP,Medium,110.1797,-1.99569,False,False,False,True,False,True,Di Luar Area Pantauan (>1000m dari Desa)
Matan Hilir Selatan,Sungai Bakau,"Jumat, 18 September 2026 12:46:00",NASA-SNPP,Medium,110.18378,-1.92373,False,False,False,True,False,True,Di Luar Area Pantauan (>1000m dari Desa)
Matan Hilir Selatan,Sungai Pelang,"Jumat, 18 September 2026 12:46:00",NASA-SNPP,Medium,110.12145,-1.88764,False,False,False,True,False,True,Di Luar Area Pantauan (>1000m dari Desa)
Matan Hilir Selatan,Pematang Gadung,"Jumat, 18 September 2026 12:46:00",NASA-SNPP,Medium,110.17758,-1.98079,False,False,False,True,False,True,Di Luar Area Pantauan (>1000m dari Desa)
Matan Hilir Selatan,Pematang Gadung,"Jumat, 18 September 2026 12:46:00",NASA-SNPP,Medium,110.31762,-1.97461,False,False,True,True,False,True,Di Luar Area Pantauan (>1000m dari Desa)
Kendawangan,Pembedilan,"Jumat, 18 September 2026 12:46:00",NASA-SNPP,Medium,110.35535,-2.82124,False,False,False,False,True,True,Di Luar Area Pantauan (>1000m dari Desa)
Kendawangan,Air Hitam Besar,"Jumat, 18 September 2026 12:46:00",NASA-SNPP,Medium,110.70255,-2.72943,False,False,False,False,False,False,Di Luar Area Pantauan (>1000m dari Desa)
Matan Hilir Selatan,Pagar Mentimun,"Jumat, 18 September 2026 12:46:00",NASA-SNPP,Medium,110.27138,-2.20102,False,False,True,True,True,True,Di Luar Area Pantauan (>1000m dari Desa)
Kendawangan,Pangkalan Batu,"Jumat, 18 September 2026 12:46:00",NASA-SNPP,Medium,110.41582,-2.22642,False,False,False,False,False,False,Di Luar Area Pantauan (>1000m dari Desa)
Kendawangan,Air Hitam Besar,"Jumat, 18 September 2026 12:46:00",NASA-SNPP,Medium,110.73246,-2.74969,False,False,False,False,False,False,Di Luar Area Pantauan (>1000m dari Desa)
Kendawangan,Pangkalan Batu,"Jumat, 18 September 2026 12:46:00",NASA-SNPP,Medium,110.39953,-2.22883,False,False,False,False,False,False,Di Luar Area Pantauan (>1000m dari Desa)
Nanga Tayap,Siantau Raya,"Jumat, 18 September 2026 12:46:00",NASA-SNPP,Medium,110.47189,-1.67211,False,False,False,False,False,False,Di Luar Area Pantauan (>1000m dari Desa)
Benua Kayong,Negeri Baru,"Jumat, 18 September 2026 12:46:00",NASA-SNPP,Medium,110.20172,-1.78292,False,False,False,True,False,True,Di Luar Area Pantauan (>1000m dari Desa)
Kendawangan,Pangkalan Batu,"Jumat, 18 September 2026 12:46:00",NASA-SNPP,Medium,110.36425,-2.14667,False,False,False,False,False,False,Di Luar Area Pantauan (>1000m dari Desa)
Nanga Tayap,Nanga Tayap,"Jumat, 18 September 2026 12:46:00",NASA-SNPP,Medium,110.50791,-1.56966,False,False,False,False,False,False,Di Luar Area Pantauan (>1000m dari Desa)
Nanga Tayap,Lembah Hijau Satu,"Jumat, 18 September 2026 12:46:00",NASA-SNPP,Medium,110.50275,-1.57044,False,False,False,False,False,False,Di Luar Area Pantauan (>1000m dari Desa)
Nanga Tayap,Lembah Hijau Satu,"Jumat, 18 September 2026 12:46:00",NASA-SNPP,Medium,110.49152,-1.56719,False,False,False,False,False,False,Di Luar Area Pantauan (>1000m dari Desa)
Muara Pawan,Ulak Medang,"Jumat, 18 September 2026 12:46:00",NASA-SNPP,Medium,110.2875,-1.52504,False,False,True,True,False,True,Di Luar Area Pantauan (>1000m dari Desa)
Matan Hilir Utara,Tanjung Baik Budi,"Jumat, 18 September 2026 12:46:00",NASA-SNPP,Medium,110.17285,-1.54247,False,False,False,True,False,True,Di Luar Area Pantauan (>1000m dari Desa)
Nanga Tayap,Pangkalan Teluk,"Jumat, 18 September 2026 12:46:00",NASA-SNPP,Medium,110.37335,-1.25772,False,False,False,False,True,True,Di Luar Area Pantauan (>1000m dari Desa)
Nanga Tayap,Pangkalan Teluk,"Jumat, 18 September 2026 12:46:00",NASA-SNPP,Medium,110.40453,-1.35684,False,False,False,False,True,True,Di Luar Area Pantauan (>1000m dari Desa)
Kendawangan,Danau Buntar,"Jumat, 18 September 2026 12:46:00",NASA-SNPP,Medium,110.96632,-2.78343,False,False,False,False,False,False,Di Luar Area Pantauan (>1000m dari Desa)
Kendawangan,Danau Buntar,"Jumat, 18 September 2026 12:46:00",NASA-SNPP,Medium,110.9698,-2.80722,False,False,False,False,False,False,Di Luar Area Pantauan (>1000m dari Desa)
Nanga Tayap,Simpang Tiga Sembelangaan,"Jumat, 18 September 2026 12:46:00",NASA-SNPP,Medium,110.36159,-1.48892,False,False,True,False,True,True,Di Luar Area Pantauan (>1000m dari Desa)
Kendawangan,Danau Buntar,"Jumat, 18 September 2026 12:46:00",NASA-SNPP,Medium,110.97781,-2.79146,False,False,False,False,False,False,Di Luar Area Pantauan (>1000m dari Desa)
Kendawangan,Danau Buntar,"Jumat, 18 September 2026 12:46:00",NASA-SNPP,Medium,110.96478,-2.80796,False,False,True,False,False,True,Di Luar Area Pantauan (>1000m dari Desa)
Kendawangan,Pembedilan,"Jumat, 18 September 2026 12:46:00",NASA-SNPP,Medium,110.37154,-2.84007,False,False,False,False,True,True,Di Luar Area Pantauan (>1000m dari Desa)
Kendawangan,Pembedilan,"Jumat, 18 September 2026 12:46:00",NASA-SNPP,Medium,110.36596,-2.84088,False,False,False,False,True,True,Di Luar Area Pantauan (>1000m dari Desa)
Kendawangan,Air Hitam Besar,"Jumat, 18 September 2026 12:46:00",NASA-SNPP,Medium,110.75968,-2.79,False,False,False,True,False,True,Di Luar Area Pantauan (>1000m dari Desa)
Kendawangan,Air Hitam Besar,"Jumat, 18 September 2026 12:46:00",NASA-SNPP,Medium,110.75897,-2.78517,False,False,False,False,False,False,Di Luar Area Pantauan (>1000m dari Desa)
Kendawangan,Pembedilan,"Jumat, 18 September 2026 12:46:00",NASA-SNPP,Medium,110.37492,-2.83858,False,False,False,False,True,True,Di Luar Area Pantauan (>1000m dari Desa)
Kendawangan,Pembedilan,"Jumat, 18 September 2026 12:46:00",NASA-SNPP,Medium,110.36164,-2.82537,False,False,False,False,True,True,Di Luar Area Pantauan (>1000m dari Desa)
Kendawangan,Pembedilan,"Jumat, 18 September 2026 12:46:00",NASA-SNPP,Medium,110.36723,-2.82453,False,False,False,False,True,True,Di Luar Area Pantauan (>1000m dari Desa)
Kendawangan,Air Hitam Besar,"Jumat, 18 September 2026 12:46:00",NASA-SNPP,Medium,110.78953,-2.79458,False,False,False,True,True,True,Di Luar Area Pantauan (>1000m dari Desa)
Matan Hilir Utara,Tanjung Baik Budi,"Jumat, 18 September 2026 12:46:00",NASA-SNPP,Medium,110.13762,-1.53266,False,False,True,True,False,True,Di Luar Area Pantauan (>1000m dari Desa)
Nanga Tayap,Lembah Hijau Dua,"Jumat, 18 September 2026 12:46:00",NASA-SNPP,Medium,110.43981,-1.57986,False,False,False,False,False,False,Di Luar Area Pantauan (>1000m dari Desa)
Nanga Mahap,Telukkebau,"Jumat, 18 September 2026 12:46:00",NASA-SNPP,Medium,110.71294,-0.56784,False,False,False,False,False,False,Di Luar Area Pantauan (>1000m dari Desa)
Sungai Kunyit,Semparong Parit Raden,"Jumat, 18 September 2026 12:46:00",NASA-SNPP,Medium,108.97804,0.4746,False,False,False,False,False,False,Di Luar Area Pantauan (>1000m dari Desa)
Sandai,Penjawaan,"Jumat, 18 September 2026 12:46:00",NASA-SNPP,Medium,110.54358,-1.31045,False,False,False,False,False,False,Di Luar Area Pantauan (>1000m dari Desa)
Sungai Laur,Tanjung Maju,"Jumat, 18 September 2026 12:46:00",NASA-SNPP,Medium,110.48042,-0.69607,False,False,False,False,False,False,Di Luar Area Pantauan (>1000m dari Desa)
Nanga Mahap,Landau Apin,"Jumat, 18 September 2026 12:46:00",NASA-SNPP,Medium,110.69627,-0.58952,False,False,False,False,False,False,Di Luar Area Pantauan (>1000m dari Desa)
Simpang Hulu,Paoh Concong,"Jumat, 18 September 2026 12:46:00",NASA-SNPP,Medium,110.42989,-0.6889,False,False,False,False,False,False,Di Luar Area Pantauan (>1000m dari Desa)
Sungai Laur,Tanjung Maju,"Jumat, 18 September 2026 12:46:00",NASA-SNPP,Medium,110.48154,-0.68565,False,False,False,False,False,False,Di Luar Area Pantauan (>1000m dari Desa)
Simpang Hilir,Lubuk Batu,"Jumat, 18 September 2026 12:46:00",NASA-SNPP,Medium,110.10904,-0.93389,False,False,False,False,False,False,Di Luar Area Pantauan (>1000m dari Desa)
Sungai Laur,Harapan Baru,"Jumat, 18 September 2026 12:46:00",NASA-SNPP,Medium,110.5177,-0.73905,False,False,False,False,False,False,Di Luar Area Pantauan (>1000m dari Desa)
Simpang Dua,Kampar Sebomban,"Jumat, 18 September 2026 12:46:00",NASA-SNPP,Medium,110.21085,-0.81608,False,False,True,False,False,True,Di Luar Area Pantauan (>1000m dari Desa)
Simpang Hilir,Batu Barat,"Jumat, 18 September 2026 12:46:00",NASA-SNPP,Medium,110.13432,-0.85302,False,False,True,True,False,True,Di Luar Area Pantauan (>1000m dari Desa)
Sungai Laur,Tanjung Maju,"Jumat, 18 September 2026 12:46:00",NASA-SNPP,Medium,110.47584,-0.68168,False,False,False,False,False,False,Di Luar Area Pantauan (>1000m dari Desa)
Sungai Laur,Tanjung Maju,"Jumat, 18 September 2026 12:46:00",NASA-SNPP,Medium,110.48666,-0.68484,False,False,False,False,False,False,Di Luar Area Pantauan (>1000m dari Desa)
Kendawangan,Pembedilan,"Jumat, 18 September 2026 12:46:00",NASA-SNPP,Medium,110.34345,-2.81795,False,False,False,False,True,True,Di Luar Area Pantauan (>1000m dari Desa)
Toba,Teraju,"Jumat, 18 September 2026 12:46:00",NASA-SNPP,Medium,110.12337,-0.23323,False,False,False,False,False,False,Di Luar Area Pantauan (>1000m dari Desa)
Sukadana,Sedahan Jaya,"Jumat, 18 September 2026 12:46:00",NASA-SNPP,Medium,110.04462,-1.18861,False,False,True,True,True,True,Di Luar Area Pantauan (>1000m dari Desa)
Muara Pawan,Ulak Medang,"Jumat, 18 September 2026 12:46:00",NASA-SNPP,Medium,110.24812,-1.521,False,False,True,True,False,True,Di Luar Area Pantauan (>1000m dari Desa)
Balai,Padi Kaye,"Jumat, 18 September 2026 12:46:00",NASA-SNPP,Medium,110.07594,0.20856,False,False,False,False,False,False,Di Luar Area Pantauan (>1000m dari Desa)
Simpang Hilir,Lubuk Batu,"Jumat, 18 September 2026 12:46:00",NASA-SNPP,Medium,110.10506,-0.94454,False,False,False,False,False,False,Di Luar Area Pantauan (>1000m dari Desa)
Matan Hilir Utara,Kuala Tolak,"Jumat, 18 September 2026 12:46:00",NASA-SNPP,Medium,110.17182,-1.49728,False,False,False,True,False,True,Di Luar Area Pantauan (>1000m dari Desa)
Simpang Hilir,Lubuk Batu,"Jumat, 18 September 2026 12:46:00",NASA-SNPP,Medium,110.11195,-0.9535,False,False,False,False,False,False,Di Luar Area Pantauan (>1000m dari Desa)
Matan Hilir Utara,Kuala Tolak,"Jumat, 18 September 2026 12:46:00",NASA-SNPP,Medium,110.15948,-1.48903,False,False,True,True,False,True,Di Luar Area Pantauan (>1000m dari Desa)
Nanga Tayap,Sebadak Raya,"Jumat, 18 September 2026 12:46:00",NASA-SNPP,Medium,110.68097,-1.4069,False,False,True,False,False,True,Di Luar Area Pantauan (>1000m dari Desa)
Matan Hilir Selatan,Pesaguan Kanan,"Jumat, 18 September 2026 12:46:00",NASA-SNPP,Medium,110.188,-2.07653,False,False,True,True,False,True,Di Luar Area Pantauan (>1000m dari Desa)
Kendawangan,Kendawangan Kanan,"Jumat, 18 September 2026 12:46:00",NASA-SNPP,Medium,110.25402,-2.73482,False,False,False,False,True,True,Di Luar Area Pantauan (>1000m dari Desa)
Manis Mata,Sungai Buluh,"Jumat, 18 September 2026 12:46:00",NASA-SNPP,Medium,111.07578,-2.5577,False,False,False,False,False,False,Di Luar Area Pantauan (>1000m dari Desa)
Jelai Hulu,Pasir Mayang,"Jumat, 18 September 2026 12:46:00",NASA-SNPP,Medium,110.79493,-1.77529,False,False,False,False,False,False,Di Luar Area Pantauan (>1000m dari Desa)
Matan Hilir Selatan,Sungai Besar,"Jumat, 18 September 2026 12:46:00",NASA-SNPP,Medium,110.19248,-1.8667,False,False,True,True,False,True,Di Luar Area Pantauan (>1000m dari Desa)
Manis Mata,Seguling,"Jumat, 18 September 2026 12:46:00",NASA-SNPP,Medium,111.07299,-2.51303,False,False,False,False,False,False,Di Luar Area Pantauan (>1000m dari Desa)
Manis Mata,Ratu Elok,"Jumat, 18 September 2026 12:46:00",NASA-SNPP,Medium,111.01227,-2.51262,False,False,False,False,False,False,Di Luar Area Pantauan (>1000m dari Desa)
Kendawangan,Bangkal Serai,"Jumat, 18 September 2026 12:46:00",NASA-SNPP,Medium,110.4864,-2.62234,False,False,False,False,True,True,Di Luar Area Pantauan (>1000m dari Desa)
Manis Mata,Seguling,"Jumat, 18 September 2026 12:46:00",NASA-SNPP,Medium,111.06934,-2.58271,False,False,False,False,False,False,Di Luar Area Pantauan (>1000m dari Desa)
Kendawangan,Bangkal Serai,"Jumat, 18 September 2026 12:46:00",NASA-SNPP,Medium,110.47515,-2.5221,False,False,False,False,True,True,Di Luar Area Pantauan (>1000m dari Desa)
Kendawangan,Bangkal Serai,"Jumat, 18 September 2026 12:46:00",NASA-SNPP,Medium,110.63161,-2.56533,False,False,False,False,False,False,Di Luar Area Pantauan (>1000m dari Desa)
Matan Hilir Selatan,Pagar Mentimun,"Jumat, 18 September 2026 12:46:00",NASA-SNPP,Medium,110.13347,-2.27333,False,False,False,False,False,False,Di Luar Area Pantauan (>1000m dari Desa)
Matan Hilir Selatan,Pagar Mentimun,"Jumat, 18 September 2026 12:46:00",NASA-SNPP,Medium,110.17979,-2.19972,False,False,False,False,False,False,Di Luar Area Pantauan (>1000m dari Desa)
Kendawangan,Seriam,"Jumat, 18 September 2026 12:46:00",NASA-SNPP,Medium,110.36566,-2.75343,False,False,False,False,True,True,Di Luar Area Pantauan (>1000m dari Desa)
Kendawangan,Air Hitam Besar,"Jumat, 18 September 2026 12:46:00",NASA-SNPP,Medium,110.7384,-2.75374,False,False,False,True,False,True,Di Luar Area Pantauan (>1000m dari Desa)
Kendawangan,Seriam,"Jumat, 18 September 2026 12:46:00",NASA-SNPP,Medium,110.36279,-2.75423,False,False,False,False,True,True,Di Luar Area Pantauan (>1000m dari Desa)
Sandai,Randau Jungkal,"Jumat, 18 September 2026 12:46:00",NASA-SNPP,Medium,110.66383,-1.08657,False,False,False,False,False,False,Di Luar Area Pantauan (>1000m dari Desa)
Kendawangan,Danau Buntar,"Jumat, 18 September 2026 12:46:00",NASA-SNPP,Medium,110.97989,-2.80572,False,False,False,False,False,False,Di Luar Area Pantauan (>1000m dari Desa)
Matan Hilir Utara,Lamon Satong,"Jumat, 18 September 2026 12:46:00",NASA-SNPP,Medium,110.21083,-1.39959,False,False,False,True,False,True,Di Luar Area Pantauan (>1000m dari Desa)
Sandai,Penjawaan,"Jumat, 18 September 2026 12:46:00",NASA-SNPP,Medium,110.54092,-1.31091,False,False,False,False,False,False,Di Luar Area Pantauan (>1000m dari Desa)
Kendawangan,Pembedilan,"Jumat, 18 September 2026 12:46:00",NASA-SNPP,Medium,110.33577,-2.80386,False,False,False,False,True,True,Di Luar Area Pantauan (>1000m dari Desa)
Air Upas,Mekar Jaya,"Jumat, 18 September 2026 12:46:00",NASA-SNPP,Medium,110.82821,-2.22364,False,False,False,False,False,False,Di Luar Area Pantauan (>1000m dari Desa)
Matan Hilir Selatan,Pagar Mentimun,"Jumat, 18 September 2026 12:46:00",NASA-SNPP,Medium,110.27691,-2.20017,False,False,True,True,True,True,Di Luar Area Pantauan (>1000m dari Desa)
Air Upas,Mekar Jaya,"Jumat, 18 September 2026 12:46:00",NASA-SNPP,Medium,110.82755,-2.21888,False,False,False,False,False,False,Di Luar Area Pantauan (>1000m dari Desa)
Kendawangan,Bangkal Serai,"Jumat, 18 September 2026 12:46:00",NASA-SNPP,Medium,110.47459,-2.38453,False,False,False,False,False,False,Di Luar Area Pantauan (>1000m dari Desa)
Kendawangan,Mekar Utama,"Jumat, 18 September 2026 12:46:00",NASA-SNPP,Medium,110.21761,-2.29641,False,False,False,False,False,False,Di Luar Area Pantauan (>1000m dari Desa)
Simpang Hilir,Matan Jaya,"Jumat, 18 September 2026 12:46:00",NASA-SNPP,Medium,110.39441,-1.25457,False,False,False,False,True,True,Di Luar Area Pantauan (>1000m dari Desa)
Hulu Sungai,Cinta Manis,"Jumat, 18 September 2026 12:46:00",NASA-SNPP,Medium,110.81521,-1.13235,False,False,True,False,True,True,Di Luar Area Pantauan (>1000m dari Desa)
Sandai,Penjawaan,"Jumat, 18 September 2026 12:46:00",NASA-SNPP,Medium,110.46046,-1.30372,False,False,False,False,False,False,Di Luar Area Pantauan (>1000m dari Desa)
Nanga Tayap,Betenung,"Jumat, 18 September 2026 12:46:00",NASA-SNPP,Medium,110.90608,-1.55788,False,False,True,False,False,True,Di Luar Area Pantauan (>1000m dari Desa)
Nanga Tayap,Sungai Kelik,"Jumat, 18 September 2026 12:46:00",NASA-SNPP,Medium,110.30671,-1.58206,False,False,True,True,False,True,Di Luar Area Pantauan (>1000m dari Desa)
Muara Pawan,Ulak Medang,"Jumat, 18 September 2026 12:46:00",NASA-SNPP,Medium,110.28677,-1.52015,False,False,True,True,False,True,Di Luar Area Pantauan (>1000m dari Desa)
Muara Pawan,Ulak Medang,"Jumat, 18 September 2026 12:46:00",NASA-SNPP,Medium,110.27129,-1.5275,False,False,True,True,False,True,Di Luar Area Pantauan (>1000m dari Desa)
Matan Hilir Selatan,Sungai Nanjung,"Jumat, 18 September 2026 07:54:00",NASA-MODIS,Medium,110.21516,-2.15477,False,False,True,True,False,True,Di Luar Area Pantauan (>1000m dari Desa)
Kendawangan,Mekar Utama,"Jumat, 18 September 2026 07:54:00",NASA-MODIS,Medium,110.21939,-2.28917,False,False,True,False,False,True,Di Luar Area Pantauan (>1000m dari Desa)
Sandai,Penjawaan,"Jumat, 18 September 2026 20:12:00",NASA-MODIS,Medium,110.46082,-1.30284,False,False,False,False,False,False,Di Luar Area Pantauan (>1000m dari Desa)
Matan Hilir Selatan,Pematang Gadung,"Jumat, 18 September 2026 20:12:00",NASA-MODIS,Medium,110.28133,-1.9723,False,False,True,True,False,True,Di Luar Area Pantauan (>1000m dari Desa)
Simpang Dua,Kampar Sebomban,"Jumat, 18 September 2026 20:12:00",NASA-MODIS,Medium,110.16753,-0.81777,False,False,True,False,False,True,Di Luar Area Pantauan (>1000m dari Desa)
Kendawangan,Danau Buntar,"Jumat, 18 September 2026 20:12:00",NASA-MODIS,Medium,110.97533,-2.79006,False,False,False,False,False,False,Di Luar Area Pantauan (>1000m dari Desa)
Kendawangan,Kendawangan Kanan,"Jumat, 18 September 2026 20:12:00",NASA-MODIS,Medium,110.24338,-2.65993,False,False,False,True,True,True,Di Luar Area Pantauan (>1000m dari Desa)
Simpang Hilir,Batu Barat,"Jumat, 18 September 2026 20:12:00",NASA-MODIS,Medium,110.02686,-0.96557,False,False,True,True,False,True,Di Luar Area Pantauan (>1000m dari Desa)
Kendawangan,Air Hitam Besar,"Jumat, 18 September 2026 20:12:00",NASA-MODIS,Medium,110.71833,-2.73291,False,False,False,False,False,False,Di Luar Area Pantauan (>1000m dari Desa)
Sungai Melayu Rayak,Makmur Abadi,"Jumat, 18 September 2026 20:12:00",NASA-MODIS,Medium,110.25578,-1.70871,False,False,True,True,False,True,Di Luar Area Pantauan (>1000m dari Desa)
Simpang Hilir,Penjalaan,"Jumat, 18 September 2026 20:12:00",NASA-MODIS,Medium,110.06355,-1.11791,False,False,True,False,False,True,Di Luar Area Pantauan (>1000m dari Desa)
Matan Hilir Selatan,Pagar Mentimun,"Jumat, 18 September 2026 20:12:00",NASA-MODIS,Medium,110.27707,-2.20378,False,False,True,True,True,True,Di Luar Area Pantauan (>1000m dari Desa)
Kendawangan,Seriam,"Jumat, 18 September 2026 20:12:00",NASA-MODIS,Medium,110.35649,-2.72711,False,False,False,False,True,True,Di Luar Area Pantauan (>1000m dari Desa)
Nanga Tayap,Pangkalan Teluk,"Jumat, 18 September 2026 20:12:00",NASA-MODIS,Medium,110.39107,-1.34001,False,False,True,False,True,True,Di Luar Area Pantauan (>1000m dari Desa)
Sukadana,Sejahtera,"Jumat, 18 September 2026 20:12:00",NASA-MODIS,Medium,110.05611,-1.25656,False,False,True,True,True,True,Di Luar Area Pantauan (>1000m dari Desa)
Nanga Tayap,Pangkalan Teluk,"Jumat, 18 September 2026 20:12:00",NASA-MODIS,Medium,110.37309,-1.25946,False,False,False,False,True,True,Di Luar Area Pantauan (>1000m dari Desa)
Matan Hilir Selatan,Pesaguan Kanan,"Jumat, 18 September 2026 20:12:00",NASA-MODIS,Medium,110.34479,-2.03728,False,False,True,True,False,True,Di Luar Area Pantauan (>1000m dari Desa)
Simpang Hilir,Rantau Panjang,"Jumat, 18 September 2026 20:12:00",NASA-MODIS,Medium,110.06609,-1.1362,False,False,True,True,True,True,Di Luar Area Pantauan (>1000m dari Desa)
Matan Hilir Selatan,Pesaguan Kanan,"Jumat, 18 September 2026 20:12:00",NASA-MODIS,Medium,110.23906,-2.04225,False,False,True,True,False,True,Di Luar Area Pantauan (>1000m dari Desa)
Simpang Hilir,Matan Jaya,"Jumat, 18 September 2026 20:12:00",NASA-MODIS,Medium,110.35882,-1.22455,False,False,True,False,True,True,Di Luar Area Pantauan (>1000m dari Desa)
Kendawangan,Pangkalan Batu,"Jumat, 18 September 2026 20:12:00",NASA-MODIS,Medium,110.3656,-2.14509,False,False,False,False,False,False,Di Luar Area Pantauan (>1000m dari Desa)
Anjongan,Anjungan Dalam,"Jumat, 18 September 2026 20:14:00",NASA-MODIS,Medium,109.05216,0.38129,False,False,False,True,False,True,Di Luar Area Pantauan (>1000m dari Desa)
Jelai Hulu,Semantun,"Jumat, 18 September 2026 20:12:00",NASA-MODIS,Medium,111.03757,-1.97039,False,False,True,False,False,True,Di Luar Area Pantauan (>1000m dari Desa)
Pulau Maya,Dusun Kecil,"Jumat, 18 September 2026 20:12:00",NASA-MODIS,Medium,109.56827,-1.02755,False,False,False,True,False,True,Di Luar Area Pantauan (>1000m dari Desa)
Kendawangan,Pembedilan,"Jumat, 18 September 2026 20:12:00",NASA-MODIS,Medium,110.39422,-2.81415,False,False,False,False,True,True,Di Luar Area Pantauan (>1000m dari Desa)
Sandai,Randau,"Jumat, 18 September 2026 20:12:00",NASA-MODIS,Medium,110.64123,-0.96416,False,False,False,False,False,False,Di Luar Area Pantauan (>1000m dari Desa)
Nanga Tayap,Nanga Tayap,"Jumat, 18 September 2026 20:12:00",NASA-MODIS,Medium,110.50691,-1.57294,False,False,False,False,False,False,Di Luar Area Pantauan (>1000m dari Desa)
Nanga Tayap,Sepakat Jaya,"Jumat, 18 September 2026 20:12:00",NASA-MODIS,Medium,110.67664,-1.40191,False,False,False,False,False,False,Di Luar Area Pantauan (>1000m dari Desa)
Muara Pawan,Ulak Medang,"Jumat, 18 September 2026 07:54:00",NASA-MODIS,Medium,110.2586,-1.51835,False,False,True,True,False,True,Di Luar Area Pantauan (>1000m dari Desa)
Nanga Tayap,Simpang Tiga Sembelangaan,"Jumat, 18 September 2026 20:12:00",NASA-MODIS,Medium,110.36809,-1.49977,False,False,False,False,True,True,Di Luar Area Pantauan (>1000m dari Desa)
Sandai,Pendamaran Indah,"Jumat, 18 September 2026 20:12:00",NASA-MODIS,Medium,110.62409,-1.08705,False,False,False,False,False,False,Di Luar Area Pantauan (>1000m dari Desa)
Matan Hilir Selatan,Kemuning Biutak,"Jumat, 18 September 2026 20:12:00",NASA-MODIS,Medium,110.33682,-1.95545,False,False,False,False,False,False,Di Luar Area Pantauan (>1000m dari Desa)
Nanga Tayap,Lembah Hijau Dua,"Jumat, 18 September 2026 20:12:00",NASA-MODIS,Medium,110.45387,-1.59861,False,False,False,False,False,False,Di Luar Area Pantauan (>1000m dari Desa)
Kendawangan,Danau Buntar,"Jumat, 18 September 2026 07:54:00",NASA-MODIS,Medium,110.97327,-2.8038,False,False,False,False,False,False,Di Luar Area Pantauan (>1000m dari Desa)
Matan Hilir Utara,Tanjung Baik Budi,"Jumat, 18 September 2026 20:12:00",NASA-MODIS,Medium,110.17147,-1.53592,False,False,False,True,False,True,Di Luar Area Pantauan (>1000m dari Desa)
Simpang Hilir,Matan Jaya,"Jumat, 18 September 2026 20:12:00",NASA-MODIS,Medium,110.15012,-1.11522,False,False,True,False,True,True,Di Luar Area Pantauan (>1000m dari Desa)
Simpang Hilir,Matan Jaya,"Jumat, 18 September 2026 20:12:00",NASA-MODIS,Medium,110.14068,-1.11653,False,False,True,True,True,True,Di Luar Area Pantauan (>1000m dari Desa)
Kendawangan,Pangkalan Batu,"Jumat, 18 September 2026 20:12:00",NASA-MODIS,Medium,110.35489,-2.13726,False,False,False,False,False,False,Di Luar Area Pantauan (>1000m dari Desa)
Belimbing,Belonsat,"Jumat, 18 September 2026 20:12:00",NASA-MODIS,Medium,111.47346,-0.35216,False,False,False,False,False,False,Di Luar Area Pantauan (>1000m dari Desa)
Sukadana,Sedahan Jaya,"Jumat, 18 September 2026 20:12:00",NASA-MODIS,Medium,110.05815,-1.17356,False,False,True,True,True,True,Di Luar Area Pantauan (>1000m dari Desa)
Sungai Melayu Rayak,Sungai Melayu,"Jumat, 18 September 2026 20:12:00",NASA-MODIS,Medium,110.38831,-1.79195,False,False,False,False,False,False,Di Luar Area Pantauan (>1000m dari Desa)
Nanga Tayap,Pangkalan Teluk,"Jumat, 18 September 2026 20:12:00",NASA-MODIS,Medium,110.44891,-1.37813,False,False,False,False,False,False,Di Luar Area Pantauan (>1000m dari Desa)
Ketungau Hulu,Sepiluk,"Jumat, 18 September 2026 20:14:00",NASA-MODIS,Medium,110.92059,0.74337,False,False,False,False,False,False,Di Luar Area Pantauan (>1000m dari Desa)
Jelai Hulu,Semantun,"Jumat, 18 September 2026 20:12:00",NASA-MODIS,Medium,111.03804,-2.06244,False,False,False,False,False,False,Di Luar Area Pantauan (>1000m dari Desa)
Matan Hilir Selatan,Sungai Besar,"Jumat, 18 September 2026 20:12:00",NASA-MODIS,Medium,110.16653,-1.88648,False,False,True,True,False,True,Di Luar Area Pantauan (>1000m dari Desa)
Kayan Hulu,Lintak Tambuk,"Jumat, 18 September 2026 20:12:00",NASA-MODIS,Medium,112.18533,-0.18909,False,False,False,False,False,False,Di Luar Area Pantauan (>1000m dari Desa)
Manis Mata,Suka Ramai,"Jumat, 18 September 2026 20:12:00",NASA-MODIS,Medium,110.98443,-2.78883,False,False,False,False,False,False,Di Luar Area Pantauan (>1000m dari Desa)
Matan Hilir Selatan,Sungai Besar,"Jumat, 18 September 2026 20:12:00",NASA-MODIS,Medium,110.25362,-1.88397,False,False,True,False,False,True,Di Luar Area Pantauan (>1000m dari Desa)
Simpang Hilir,Batu Barat,"Jumat, 18 September 2026 20:12:00",NASA-MODIS,Medium,110.00622,-0.93215,False,False,True,True,False,True,Di Luar Area Pantauan (>1000m dari Desa)
Kendawangan,Danau Buntar,"Jumat, 18 September 2026 07:54:00",NASA-MODIS,Medium,110.97487,-2.79242,False,False,False,False,False,False,Di Luar Area Pantauan (>1000m dari Desa)
Simpang Dua,Kampar Sebomban,"Jumat, 18 September 2026 20:12:00",NASA-MODIS,Medium,110.21552,-0.82039,False,False,False,False,False,False,Di Luar Area Pantauan (>1000m dari Desa)
Muara Pawan,Tanjung Pura,"Jumat, 18 September 2026 20:12:00",NASA-MODIS,Medium,110.14844,-1.67787,False,False,True,True,False,True,Di Luar Area Pantauan (>1000m dari Desa)
Simpang Hilir,Matan Jaya,"Jumat, 18 September 2026 20:12:00",NASA-MODIS,Medium,110.10155,-1.11265,False,False,True,True,True,True,Di Luar Area Pantauan (>1000m dari Desa)
Kendawangan,Mekar Utama,"Jumat, 18 September 2026 20:12:00",NASA-MODIS,Medium,110.22746,-2.2935,False,False,False,False,False,False,Di Luar Area Pantauan (>1000m dari Desa)
Simpang Hilir,Nipah Kuning,"Jumat, 18 September 2026 20:12:00",NASA-MODIS,Medium,109.93981,-1.0694,False,False,True,True,False,True,Di Luar Area Pantauan (>1000m dari Desa)
Sandai,Sandai Kiri,"Jumat, 18 September 2026 20:12:00",NASA-MODIS,High,110.52077,-1.23907,False,False,False,False,False,False,Di Luar Area Pantauan (>1000m dari Desa)
Kendawangan,Bangkal Serai,"Jumat, 18 September 2026 20:12:00",NASA-MODIS,High,110.63491,-2.55996,False,False,False,False,False,False,Di Luar Area Pantauan (>1000m dari Desa)
Matan Hilir Selatan,Sungai Besar,"Jumat, 18 September 2026 20:12:00",NASA-MODIS,High,110.21305,-1.87084,False,False,True,True,False,True,Di Luar Area Pantauan (>1000m dari Desa)
Simpang Dua,Kampar Sebomban,"Jumat, 18 September 2026 20:12:00",NASA-MODIS,High,110.19267,-0.88791,False,False,True,False,False,True,Di Luar Area Pantauan (>1000m dari Desa)
Sungai Laur,Sinar Kuri,"Jumat, 18 September 2026 20:12:00",NASA-MODIS,High,110.46179,-0.94322,False,False,False,False,False,False,Di Luar Area Pantauan (>1000m dari Desa)
Matan Hilir Selatan,Pematang Gadung,"Jumat, 18 September 2026 20:12:00",NASA-MODIS,High,110.31918,-1.96714,False,False,True,True,False,True,Di Luar Area Pantauan (>1000m dari Desa)
Air Upas,Mekar Jaya,"Jumat, 18 September 2026 20:12:00",NASA-MODIS,High,110.82516,-2.2112,False,False,False,False,False,False,Di Luar Area Pantauan (>1000m dari Desa)
Nanga Tayap,Sungai Kelik,"Jumat, 18 September 2026 20:12:00",NASA-MODIS,High,110.33131,-1.60617,False,False,False,False,False,False,Di Luar Area Pantauan (>1000m dari Desa)
Nanga Mahap,Lembah Beringin,"Jumat, 18 September 2026 20:12:00",NASA-MODIS,High,110.76466,-0.59786,False,False,False,False,True,True,Di Luar Area Pantauan (>1000m dari Desa)
Kendawangan,Seriam,"Jumat, 18 September 2026 20:12:00",NASA-MODIS,High,110.44764,-2.49318,False,False,False,False,False,False,Di Luar Area Pantauan (>1000m dari Desa)
Matan Hilir Selatan,Pematang Gadung,"Jumat, 18 September 2026 20:12:00",NASA-MODIS,High,110.30972,-1.96843,False,False,True,True,False,True,Di Luar Area Pantauan (>1000m dari Desa)
Sungai Laur,Sepotong,"Jumat, 18 September 2026 20:12:00",NASA-MODIS,High,110.50697,-0.84478,False,False,False,False,False,False,Di Luar Area Pantauan (>1000m dari Desa)
Matan Hilir Selatan,Pematang Gadung,"Jumat, 18 September 2026 20:12:00",NASA-MODIS,High,110.31098,-1.97756,False,False,True,True,False,True,Di Luar Area Pantauan (>1000m dari Desa)
Kendawangan,Mekar Utama,"Jumat, 18 September 2026 20:12:00",NASA-MODIS,High,110.21659,-2.28564,False,False,True,False,False,True,Di Luar Area Pantauan (>1000m dari Desa)
Matan Hilir Selatan,Sungai Besar,"Jumat, 18 September 2026 20:12:00",NASA-MODIS,High,110.25196,-1.84789,False,False,True,True,False,True,Di Luar Area Pantauan (>1000m dari Desa)
Muara Pawan,Tanjung Pura,"Jumat, 18 September 2026 20:12:00",NASA-MODIS,High,110.13889,-1.6792,False,False,True,True,False,True,Di Luar Area Pantauan (>1000m dari Desa)
Matan Hilir Selatan,Pesaguan Kanan,"Jumat, 18 September 2026 20:12:00",NASA-MODIS,High,110.35297,-2.02689,False,False,True,True,False,True,Di Luar Area Pantauan (>1000m dari Desa)
Sungai Raya,Pulaulimbung,"Jumat, 18 September 2026 20:14:00",NASA-MODIS,High,109.83519,-0.19033,False,False,True,True,False,True,Di Luar Area Pantauan (>1000m dari Desa)
Simpang Dua,Kampar Sebomban,"Jumat, 18 September 2026 20:12:00",NASA-MODIS,High,110.17815,-0.82556,False,False,True,False,False,True,Di Luar Area Pantauan (>1000m dari Desa)
Tanah Pinoh,Tanjung Beringin Raya,"Jumat, 18 September 2026 20:12:00",NASA-MODIS,High,111.56919,-0.75531,False,False,False,False,False,False,Di Luar Area Pantauan (>1000m dari Desa)
Matan Hilir Selatan,Sungai Besar,"Jumat, 18 September 2026 20:12:00",NASA-MODIS,High,110.17739,-1.89435,False,False,True,True,False,True,Di Luar Area Pantauan (>1000m dari Desa)
Binjai Hulu,Simba Raya,"Jumat, 18 September 2026 20:14:00",NASA-MODIS,High,111.48829,0.15561,False,False,False,False,False,False,Di Luar Area Pantauan (>1000m dari Desa)
Nanga Tayap,Betenung,"Jumat, 18 September 2026 20:12:00",NASA-MODIS,High,110.82478,-1.60354,False,False,False,False,False,False,Di Luar Area Pantauan (>1000m dari Desa)
Matan Hilir Utara,Lamon Satong,"Jumat, 18 September 2026 20:12:00",NASA-MODIS,High,110.20459,-1.40201,False,False,False,True,False,True,Di Luar Area Pantauan (>1000m dari Desa)
Simpang Hilir,Batu Barat,"Jumat, 18 September 2026 20:12:00",NASA-MODIS,High,110.02528,-0.92952,False,False,True,True,False,True,Di Luar Area Pantauan (>1000m dari Desa)
Marau,Belaban,"Jumat, 18 September 2026 20:12:00",NASA-MODIS,High,110.61541,-2.09267,False,False,False,False,False,False,Di Luar Area Pantauan (>1000m dari Desa)
Muara Pawan,Tanjung Pura,"Jumat, 18 September 2026 20:12:00",NASA-MODIS,High,110.12933,-1.68053,False,False,True,True,False,True,Di Luar Area Pantauan (>1000m dari Desa)
Matan Hilir Selatan,Pagar Mentimun,"Jumat, 18 September 2026 20:12:00",NASA-MODIS,High,110.25798,-2.20642,False,False,True,True,True,True,Di Luar Area Pantauan (>1000m dari Desa)
Sungai Raya,Muara Baru,"Jumat, 18 September 2026 20:14:00",NASA-MODIS,High,109.82436,-0.18248,False,False,True,True,True,True,Di Luar Area Pantauan (>1000m dari Desa)
Mempawah Timur,Antibar,"Jumat, 18 September 2026 20:14:00",NASA-MODIS,High,109.04189,0.37984,False,False,False,True,False,True,Di Luar Area Pantauan (>1000m dari Desa)
Sungai Melayu Rayak,Makmur Abadi,"Jumat, 18 September 2026 20:12:00",NASA-MODIS,High,110.26525,-1.70742,False,False,True,True,False,True,Di Luar Area Pantauan (>1000m dari Desa)
Marau,Belaban,"Jumat, 18 September 2026 20:12:00",NASA-MODIS,High,110.62466,-2.09142,False,False,False,False,False,False,Di Luar Area Pantauan (>1000m dari Desa)
Kendawangan,Danau Buntar,"Jumat, 18 September 2026 20:12:00",NASA-MODIS,High,110.95463,-2.77461,False,False,False,False,False,False,Di Luar Area Pantauan (>1000m dari Desa)
Simpang Hilir,Matan Jaya,"Jumat, 18 September 2026 20:12:00",NASA-MODIS,High,110.39967,-1.24658,False,False,False,False,True,True,Di Luar Area Pantauan (>1000m dari Desa)
Matan Hilir Utara,Lamon Satong,"Jumat, 18 September 2026 20:12:00",NASA-MODIS,High,110.1692,-1.3985,False,False,False,False,False,False,Di Luar Area Pantauan (>1000m dari Desa)
Matan Hilir Selatan,Pagar Mentimun,"Jumat, 18 September 2026 20:12:00",NASA-MODIS,High,110.16203,-2.21968,False,False,True,False,False,True,Di Luar Area Pantauan (>1000m dari Desa)
Simpang Hilir,Matan Jaya,"Jumat, 18 September 2026 20:12:00",NASA-MODIS,High,110.39041,-1.24786,False,False,False,False,True,True,Di Luar Area Pantauan (>1000m dari Desa)
Simpang Hilir,Rantau Panjang,"Jumat, 18 September 2026 20:12:00",NASA-MODIS,High,110.05657,-1.13753,False,False,True,True,False,True,Di Luar Area Pantauan (>1000m dari Desa)
Matan Hilir Selatan,Pesaguan Kanan,"Jumat, 18 September 2026 20:12:00",NASA-MODIS,High,110.19376,-2.06706,False,False,False,True,False,True,Di Luar Area Pantauan (>1000m dari Desa)
Simpang Dua,Kampar Sebomban,"Jumat, 18 September 2026 20:12:00",NASA-MODIS,High,110.21427,-0.81132,False,False,True,False,False,True,Di Luar Area Pantauan (>1000m dari Desa)
Air Upas,Mekar Jaya,"Jumat, 18 September 2026 20:12:00",NASA-MODIS,High,110.82638,-2.22017,False,False,False,False,False,False,Di Luar Area Pantauan (>1000m dari Desa)
Tayan Hulu,Kedakas,"Jumat, 18 September 2026 20:14:00",NASA-MODIS,High,110.28192,0.24878,False,False,False,False,False,False,Di Luar Area Pantauan (>1000m dari Desa)
Simpang Dua,Kamora,"Jumat, 18 September 2026 20:12:00",NASA-MODIS,High,110.25437,-0.94397,False,False,True,False,False,True,Di Luar Area Pantauan (>1000m dari Desa)
Kendawangan,Pangkalan Batu,"Jumat, 18 September 2026 20:12:00",NASA-MODIS,High,110.35363,-2.12813,False,False,False,False,False,False,Di Luar Area Pantauan (>1000m dari Desa)
Matan Hilir Utara,Lamon Satong,"Jumat, 18 September 2026 20:12:00",NASA-MODIS,High,110.20692,-1.51247,False,False,True,True,False,True,Di Luar Area Pantauan (>1000m dari Desa)
Jelai Hulu,Semantun,"Jumat, 18 September 2026 20:12:00",NASA-MODIS,High,111.08482,-1.98203,False,False,True,False,False,True,Di Luar Area Pantauan (>1000m dari Desa)
Nanga Tayap,Pangkalan Teluk,"Jumat, 18 September 2026 20:12:00",NASA-MODIS,High,110.34584,-1.29086,False,False,True,False,True,True,Di Luar Area Pantauan (>1000m dari Desa)
Simpang Hulu,Sekucing Labai,"Jumat, 18 September 2026 20:12:00",NASA-MODIS,High,110.10529,-0.47612,False,False,False,False,False,False,Di Luar Area Pantauan (>1000m dari Desa)
Sandai,Sandai Kiri,"Jumat, 18 September 2026 20:12:00",NASA-MODIS,High,110.49394,-1.27078,False,False,False,False,False,False,Di Luar Area Pantauan (>1000m dari Desa)
Matan Hilir Selatan,Sungai Nanjung,"Jumat, 18 September 2026 20:12:00",NASA-MODIS,High,110.12411,-2.15916,False,False,False,False,False,False,Di Luar Area Pantauan (>1000m dari Desa)
Manis Mata,Suak Burung,"Jumat, 18 September 2026 20:12:00",NASA-MODIS,High,111.05386,-2.30959,False,False,False,False,False,False,Di Luar Area Pantauan (>1000m dari Desa)
Matan Hilir Selatan,Pematang Gadung,"Jumat, 18 September 2026 12:46:00",NASA-SNPP,High,110.17827,-1.98576,False,False,False,True,False,True,Di Luar Area Pantauan (>1000m dari Desa)
Kendawangan,Pembedilan,"Jumat, 18 September 2026 12:46:00",NASA-SNPP,High,110.3645,-2.84523,False,False,False,False,True,True,Di Luar Area Pantauan (>1000m dari Desa)
Simpang Hilir,Batu Barat,"Jumat, 18 September 2026 12:46:00",NASA-SNPP,High,110.0938,-0.90613,False,False,True,True,False,True,Di Luar Area Pantauan (>1000m dari Desa)
Kendawangan,Danau Buntar,"Jumat, 18 September 2026 13:05:00",NASA-NOAA20,High,110.96408,-2.79452,False,False,True,False,False,True,Di Luar Area Pantauan (>1000m dari Desa)
Matan Hilir Utara,Lamon Satong,"Jumat, 18 September 2026 20:12:00",NASA-MODIS,High,110.24667,-1.3321,False,False,True,False,True,True,Di Luar Area Pantauan (>1000m dari Desa)
Matan Hilir Selatan,Sungai Besar,"Jumat, 18 September 2026 20:12:00",NASA-MODIS,High,110.19267,-1.86426,False,False,True,True,False,True,Di Luar Area Pantauan (>1000m dari Desa)
Nanga Tayap,Lembah Hijau Dua,"Jumat, 18 September 2026 13:05:00",NASA-NOAA20,High,110.43867,-1.58144,False,False,False,False,False,False,Di Luar Area Pantauan (>1000m dari Desa)
Matan Hilir Utara,Tanjung Baik Budi,"Jumat, 18 September 2026 20:12:00",NASA-MODIS,High,110.1702,-1.52678,False,False,False,True,False,True,Di Luar Area Pantauan (>1000m dari Desa)
Kendawangan,Air Hitam Besar,"Jumat, 18 September 2026 12:46:00",NASA-SNPP,High,110.70786,-2.72864,False,False,False,False,False,False,Di Luar Area Pantauan (>1000m dari Desa)
Kendawangan,Danau Buntar,"Jumat, 18 September 2026 13:05:00",NASA-NOAA20,High,110.96307,-2.78787,False,False,False,False,False,False,Di Luar Area Pantauan (>1000m dari Desa)
Matan Hilir Selatan,Sungai Besar,"Jumat, 18 September 2026 12:46:00",NASA-SNPP,High,110.22503,-1.85672,False,False,True,True,False,True,Di Luar Area Pantauan (>1000m dari Desa)
Kendawangan,Pembedilan,"Jumat, 18 September 2026 13:05:00",NASA-NOAA20,High,110.34937,-2.81711,False,False,False,False,True,True,Di Luar Area Pantauan (>1000m dari Desa)
Kendawangan,Pembedilan,"Jumat, 18 September 2026 12:46:00",NASA-SNPP,High,110.36887,-2.86074,False,False,False,False,True,True,Di Luar Area Pantauan (>1000m dari Desa)
Kendawangan,Danau Buntar,"Jumat, 18 September 2026 12:46:00",NASA-SNPP,High,110.96273,-2.79368,False,False,True,False,False,True,Di Luar Area Pantauan (>1000m dari Desa)
Matan Hilir Selatan,Pagar Mentimun,"Jumat, 18 September 2026 12:46:00",NASA-SNPP,High,110.17489,-2.20556,False,False,False,False,False,False,Di Luar Area Pantauan (>1000m dari Desa)
Nanga Tayap,Siantau Raya,"Jumat, 18 September 2026 13:05:00",NASA-NOAA20,High,110.46326,-1.60161,False,False,True,False,False,True,Di Luar Area Pantauan (>1000m dari Desa)
Nanga Tayap,Lembah Hijau Dua,"Jumat, 18 September 2026 12:46:00",NASA-SNPP,High,110.46374,-1.59605,False,False,True,False,False,True,Di Luar Area Pantauan (>1000m dari Desa)
Kendawangan,Pembedilan,"Jumat, 18 September 2026 12:46:00",NASA-SNPP,High,110.36671,-2.84584,False,False,False,False,True,True,Di Luar Area Pantauan (>1000m dari Desa)
Sadaniang,Ansiap,"Jumat, 18 September 2026 12:46:00",NASA-SNPP,High,109.20322,0.63465,False,False,False,False,False,False,Di Luar Area Pantauan (>1000m dari Desa)
Kendawangan,Pembedilan,"Jumat, 18 September 2026 12:46:00",NASA-SNPP,High,110.34904,-2.81712,False,False,False,False,True,True,Di Luar Area Pantauan (>1000m dari Desa)
Matan Hilir Selatan,Sungai Nanjung,"Jumat, 18 September 2026 12:46:00",NASA-SNPP,High,110.26398,-2.15157,False,False,False,False,False,False,Di Luar Area Pantauan (>1000m dari Desa)
Matan Hilir Selatan,Sungai Nanjung,"Jumat, 18 September 2026 12:46:00",NASA-SNPP,High,110.23762,-2.10447,False,False,False,True,False,True,Di Luar Area Pantauan (>1000m dari Desa)
Sungai Melayu Rayak,Makmur Abadi,"Jumat, 18 September 2026 12:46:00",NASA-SNPP,High,110.26846,-1.70236,False,False,True,True,False,True,Di Luar Area Pantauan (>1000m dari Desa)
Matan Hilir Selatan,Pagar Mentimun,"Jumat, 18 September 2026 12:46:00",NASA-SNPP,High,110.17564,-2.21053,False,False,False,False,False,False,Di Luar Area Pantauan (>1000m dari Desa)
Kendawangan,Pembedilan,"Jumat, 18 September 2026 12:46:00",NASA-SNPP,High,110.34203,-2.80801,False,False,False,False,True,True,Di Luar Area Pantauan (>1000m dari Desa)
Kendawangan,Air Hitam Besar,"Jumat, 18 September 2026 12:46:00",NASA-SNPP,High,110.73769,-2.67492,False,False,False,False,False,False,Di Luar Area Pantauan (>1000m dari Desa)
Muara Pawan,Ulak Medang,"Jumat, 18 September 2026 12:46:00",NASA-SNPP,High,110.25971,-1.52425,False,False,True,True,False,True,Di Luar Area Pantauan (>1000m dari Desa)
Muara Pawan,Ulak Medang,"Jumat, 18 September 2026 12:46:00",NASA-SNPP,High,110.26514,-1.52343,False,False,True,True,False,True,Di Luar Area Pantauan (>1000m dari Desa)
Matan Hilir Utara,Kuala Tolak,"Jumat, 18 September 2026 13:05:00",NASA-NOAA20,High,110.16393,-1.51475,False,False,False,True,False,True,Di Luar Area Pantauan (>1000m dari Desa)
Kepulauan Karimata,Padang,"Jumat, 18 September 2026 12:46:00",NASA-SNPP,High,108.93458,-1.55496,True,True,True,False,True,True,Prioritas 1 (Tinggi)
Matan Hilir Utara,Sungai Putri,"Jumat, 18 September 2026 20:12:00",NASA-MODIS,High,110.09774,-1.56471,False,False,True,True,False,True,Di Luar Area Pantauan (>1000m dari Desa)
Matan Hilir Selatan,Sungai Pelang,"Jumat, 18 September 2026 13:05:00",NASA-NOAA20,High,110.25047,-1.841,False,False,True,True,False,True,Di Luar Area Pantauan (>1000m dari Desa)
Kendawangan,Seriam,"Jumat, 18 September 2026 13:05:00",NASA-NOAA20,High,110.36588,-2.75602,False,False,False,False,True,True,Di Luar Area Pantauan (>1000m dari Desa)
Matan Hilir Selatan,Sungai Besar,"Jumat, 18 September 2026 13:05:00",NASA-NOAA20,High,110.22349,-1.85543,False,False,True,True,False,True,Di Luar Area Pantauan (>1000m dari Desa)
Kendawangan,Natai Kuini,"Jumat, 18 September 2026 13:05:00",NASA-NOAA20,High,110.85031,-2.82201,False,False,False,False,True,True,Di Luar Area Pantauan (>1000m dari Desa)
Matan Hilir Selatan,Pagar Mentimun,"Jumat, 18 September 2026 13:05:00",NASA-NOAA20,High,110.15377,-2.21268,False,False,False,False,False,False,Di Luar Area Pantauan (>1000m dari Desa)
Kendawangan,Pangkalan Batu,"Jumat, 18 September 2026 13:05:00",NASA-NOAA20,High,110.34505,-2.19224,False,False,False,False,False,False,Di Luar Area Pantauan (>1000m dari Desa)
Matan Hilir Selatan,Sungai Nanjung,"Jumat, 18 September 2026 13:05:00",NASA-NOAA20,High,110.24147,-2.16135,False,False,True,True,False,True,Di Luar Area Pantauan (>1000m dari Desa)
Kendawangan,Pangkalan Batu,"Jumat, 18 September 2026 13:05:00",NASA-NOAA20,High,110.36868,-2.15917,False,False,False,False,False,False,Di Luar Area Pantauan (>1000m dari Desa)
Matan Hilir Selatan,Sungai Nanjung,"Jumat, 18 September 2026 13:05:00",NASA-NOAA20,High,110.23229,-2.12486,False,False,False,False,False,False,Di Luar Area Pantauan (>1000m dari Desa)
Kendawangan,Bangkal Serai,"Jumat, 18 September 2026 20:12:00",NASA-MODIS,High,110.45836,-2.50101,False,False,False,False,True,True,Di Luar Area Pantauan (>1000m dari Desa)
Matan Hilir Selatan,Pagar Mentimun,"Jumat, 18 September 2026 20:12:00",NASA-MODIS,High,110.18002,-2.20782,False,False,False,False,False,False,Di Luar Area Pantauan (>1000m dari Desa)
Sungai Melayu Rayak,Makmur Abadi,"Jumat, 18 September 2026 20:12:00",NASA-MODIS,High,110.27343,-1.69701,False,False,True,True,False,True,Di Luar Area Pantauan (>1000m dari Desa)
Muara Pawan,Tanjung Pura,"Jumat, 18 September 2026 20:12:00",NASA-MODIS,High,110.23269,-1.65687,False,False,False,False,False,False,Di Luar Area Pantauan (>1000m dari Desa)
Simpang Hilir,Lubuk Batu,"Jumat, 18 September 2026 20:12:00",NASA-MODIS,High,110.10237,-0.92817,False,False,False,False,False,False,Di Luar Area Pantauan (>1000m dari Desa)
Simpang Dua,Kampar Sebomban,"Jumat, 18 September 2026 20:12:00",NASA-MODIS,High,110.20495,-0.81261,False,False,False,False,False,False,Di Luar Area Pantauan (>1000m dari Desa)
Matan Hilir Selatan,Sungai Besar,"Jumat, 18 September 2026 20:12:00",NASA-MODIS,High,110.25931,-1.85527,False,False,True,True,False,True,Di Luar Area Pantauan (>1000m dari Desa)
Simpang Hulu,Sekucing Labai,"Jumat, 18 September 2026 20:12:00",NASA-MODIS,High,110.07718,-0.48002,False,False,True,False,False,True,Di Luar Area Pantauan (>1000m dari Desa)
Matan Hilir Selatan,Sungai Nanjung,"Jumat, 18 September 2026 20:12:00",NASA-MODIS,High,110.23837,-2.10769,False,False,False,True,False,True,Di Luar Area Pantauan (>1000m dari Desa)
Belimbing,Batu Buil,"Jumat, 18 September 2026 20:12:00",NASA-MODIS,High,111.57706,-0.32896,False,False,False,False,False,False,Di Luar Area Pantauan (>1000m dari Desa)
Matan Hilir Utara,Sungai Putri,"Jumat, 18 September 2026 20:12:00",NASA-MODIS,High,110.08817,-1.56602,False,False,True,True,False,True,Di Luar Area Pantauan (>1000m dari Desa)
Matan Hilir Selatan,Pematang Gadung,"Jumat, 18 September 2026 20:12:00",NASA-MODIS,High,110.32044,-1.97626,False,False,True,True,False,True,Di Luar Area Pantauan (>1000m dari Desa)
Matan Hilir Selatan,Sungai Besar,"Jumat, 18 September 2026 20:12:00",NASA-MODIS,High,110.22131,-1.8604,False,False,True,True,False,True,Di Luar Area Pantauan (>1000m dari Desa)
Sandai,Sandai,"Jumat, 18 September 2026 20:12:00",NASA-MODIS,High,110.55165,-1.28126,False,False,False,False,False,False,Di Luar Area Pantauan (>1000m dari Desa)
Matan Hilir Selatan,Sungai Nanjung,"Jumat, 18 September 2026 20:12:00",NASA-MODIS,High,110.22296,-2.1645,False,False,True,True,False,True,Di Luar Area Pantauan (>1000m dari Desa)
Simpang Dua,Kampar Sebomban,"Jumat, 18 September 2026 20:12:00",NASA-MODIS,High,110.20618,-0.82168,False,False,True,False,False,True,Di Luar Area Pantauan (>1000m dari Desa)
Sandai,Penjawaan,"Jumat, 18 September 2026 20:12:00",NASA-MODIS,High,110.48472,-1.27203,False,False,False,False,False,False,Di Luar Area Pantauan (>1000m dari Desa)
Matan Hilir Utara,Lamon Satong,"Jumat, 18 September 2026 20:12:00",NASA-MODIS,High,110.19872,-1.52289,False,False,True,True,False,True,Di Luar Area Pantauan (>1000m dari Desa)
Matan Hilir Selatan,Sungai Nanjung,"Jumat, 18 September 2026 20:12:00",NASA-MODIS,High,110.2121,-2.15662,False,False,True,True,False,True,Di Luar Area Pantauan (>1000m dari Desa)
Matan Hilir Selatan,Sungai Nanjung,"Jumat, 18 September 2026 20:12:00",NASA-MODIS,High,110.17262,-2.12612,False,False,True,True,False,True,Di Luar Area Pantauan (>1000m dari Desa)
Matan Hilir Selatan,Pesaguan Kanan,"Jumat, 18 September 2026 20:12:00",NASA-MODIS,High,110.34352,-2.02816,False,False,True,True,False,True,Di Luar Area Pantauan (>1000m dari Desa)
Simpang Hilir,Batu Barat,"Jumat, 18 September 2026 20:12:00",NASA-MODIS,High,110.00748,-0.94131,False,False,True,False,False,True,Di Luar Area Pantauan (>1000m dari Desa)
Nanga Tayap,Cegolak,"Jumat, 18 September 2026 20:12:00",NASA-MODIS,High,110.70132,-1.64774,False,False,False,False,False,False,Di Luar Area Pantauan (>1000m dari Desa)
Simpang Dua,Kampar Sebomban,"Jumat, 18 September 2026 20:12:00",NASA-MODIS,High,110.1769,-0.81648,False,False,True,False,False,True,Di Luar Area Pantauan (>1000m dari Desa)
Simpang Hilir,Matan Jaya,"Jumat, 18 September 2026 20:12:00",NASA-MODIS,High,110.09079,-1.10482,False,False,True,False,True,True,Di Luar Area Pantauan (>1000m dari Desa)
Muara Pawan,Ulak Medang,"Jumat, 18 September 2026 20:12:00",NASA-MODIS,High,110.22585,-1.50989,False,False,True,True,False,True,Di Luar Area Pantauan (>1000m dari Desa)
Simpang Hilir,Batu Barat,"Jumat, 18 September 2026 20:12:00",NASA-MODIS,High,110.02908,-0.95697,False,False,True,True,False,True,Di Luar Area Pantauan (>1000m dari Desa)
Muara Pawan,Ulak Medang,"Jumat, 18 September 2026 20:12:00",NASA-MODIS,High,110.2164,-1.51118,False,False,True,True,False,True,Di Luar Area Pantauan (>1000m dari Desa)
Matan Hilir Utara,Tanjung Baik Budi,"Jumat, 18 September 2026 20:12:00",NASA-MODIS,High,110.17275,-1.54506,False,False,True,True,False,True,Di Luar Area Pantauan (>1000m dari Desa)
Matan Hilir Selatan,Sungai Nanjung,"Jumat, 18 September 2026 20:12:00",NASA-MODIS,High,110.18221,-2.12479,False,False,True,True,False,True,Di Luar Area Pantauan (>1000m dari Desa)
Nanga Tayap,Lembah Hijau Satu,"Jumat, 18 September 2026 20:12:00",NASA-MODIS,High,110.48716,-1.56643,False,False,False,False,False,False,Di Luar Area Pantauan (>1000m dari Desa)
Sandai,Randau,"Jumat, 18 September 2026 20:12:00",NASA-MODIS,High,110.65028,-0.9629,False,False,True,False,False,True,Di Luar Area Pantauan (>1000m dari Desa)
Kendawangan,Air Hitam Besar,"Jumat, 18 September 2026 20:12:00",NASA-MODIS,High,110.73246,-2.67557,False,False,False,False,False,False,Di Luar Area Pantauan (>1000m dari Desa)
Matan Hilir Utara,Kuala Tolak,"Jumat, 18 September 2026 20:12:00",NASA-MODIS,High,110.15658,-1.4737,False,False,True,True,False,True,Di Luar Area Pantauan (>1000m dari Desa)
Matan Hilir Utara,Lamon Satong,"Jumat, 18 September 2026 20:12:00",NASA-MODIS,High,110.21404,-1.40073,False,False,False,True,False,True,Di Luar Area Pantauan (>1000m dari Desa)
Manis Mata,Suka Ramai,"Jumat, 18 September 2026 20:12:00",NASA-MODIS,High,110.99477,-2.79654,False,False,False,False,False,False,Di Luar Area Pantauan (>1000m dari Desa)
Matan Hilir Selatan,Sungai Nanjung,"Jumat, 18 September 2026 20:12:00",NASA-MODIS,High,110.146,-2.17497,False,False,False,False,False,False,Di Luar Area Pantauan (>1000m dari Desa)
Sukadana,Sedahan Jaya,"Jumat, 18 September 2026 20:12:00",NASA-MODIS,High,110.0403,-1.18533,False,False,False,False,True,True,Di Luar Area Pantauan (>1000m dari Desa)
Matan Hilir Selatan,Pagar Mentimun,"Jumat, 18 September 2026 20:12:00",NASA-MODIS,High,110.16911,-2.19995,False,False,False,False,False,False,Di Luar Area Pantauan (>1000m dari Desa)
Simpang Hilir,Lubuk Batu,"Jumat, 18 September 2026 20:12:00",NASA-MODIS,High,110.11998,-0.91645,False,False,False,False,False,False,Di Luar Area Pantauan (>1000m dari Desa)
Simpang Hilir,Matan Jaya,"Jumat, 18 September 2026 20:12:00",NASA-MODIS,High,110.10029,-1.10351,False,False,True,True,True,True,Di Luar Area Pantauan (>1000m dari Desa)
Matan Hilir Selatan,Sungai Nanjung,"Jumat, 18 September 2026 20:12:00",NASA-MODIS,High,110.24083,-2.15273,False,False,True,True,False,True,Di Luar Area Pantauan (>1000m dari Desa)
Matan Hilir Utara,Tanjung Baik Budi,"Jumat, 18 September 2026 20:12:00",NASA-MODIS,High,110.16324,-1.54637,False,False,False,True,False,True,Di Luar Area Pantauan (>1000m dari Desa)
Simpang Hilir,Matan Jaya,"Jumat, 18 September 2026 20:12:00",NASA-MODIS,High,110.41016,-1.25434,False,False,False,False,True,True,Di Luar Area Pantauan (>1000m dari Desa)
Simpang Hilir,Matan Jaya,"Jumat, 18 September 2026 20:12:00",NASA-MODIS,High,110.39164,-1.2569,False,False,False,False,True,True,Di Luar Area Pantauan (>1000m dari Desa)
Muara Pawan,Ulak Medang,"Jumat, 18 September 2026 20:12:00",NASA-MODIS,High,110.29501,-1.62041,False,False,True,True,False,True,Di Luar Area Pantauan (>1000m dari Desa)
Simpang Hilir,Batu Barat,"Jumat, 18 September 2026 20:12:00",NASA-MODIS,High,110.02782,-0.94782,False,False,True,True,False,True,Di Luar Area Pantauan (>1000m dari Desa)
Air Upas,Harapan Baru,"Jumat, 18 September 2026 20:12:00",NASA-MODIS,High,110.88219,-2.22159,False,False,False,False,False,False,Di Luar Area Pantauan (>1000m dari Desa)
Kendawangan,Mekar Utama,"Jumat, 18 September 2026 20:12:00",NASA-MODIS,High,110.21786,-2.29482,False,False,False,False,False,False,Di Luar Area Pantauan (>1000m dari Desa)
Simpang Hilir,Matan Jaya,"Jumat, 18 September 2026 20:12:00",NASA-MODIS,High,110.40091,-1.25562,False,False,False,False,True,True,Di Luar Area Pantauan (>1000m dari Desa)
Sandai,Sandai,"Jumat, 18 September 2026 20:12:00",NASA-MODIS,High,110.52325,-1.25706,False,False,False,False,False,False,Di Luar Area Pantauan (>1000m dari Desa)
Air Upas,Mekar Jaya,"Jumat, 18 September 2026 20:12:00",NASA-MODIS,High,110.82555,-2.2393,False,False,False,False,False,False,Di Luar Area Pantauan (>1000m dari Desa)
Matan Hilir Selatan,Sungai Nanjung,"Jumat, 18 September 2026 20:12:00",NASA-MODIS,High,110.23126,-2.15403,False,False,True,True,False,True,Di Luar Area Pantauan (>1000m dari Desa)
Matan Hilir Selatan,Sungai Nanjung,"Jumat, 18 September 2026 20:12:00",NASA-MODIS,High,110.2421,-2.1619,False,False,True,True,False,True,Di Luar Area Pantauan (>1000m dari Desa)
Matan Hilir Selatan,Sungai Nanjung,"Jumat, 18 September 2026 20:12:00",NASA-MODIS,High,110.13634,-2.17628,False,False,False,False,False,False,Di Luar Area Pantauan (>1000m dari Desa)
Muara Pawan,Ulak Medang,"Jumat, 18 September 2026 20:12:00",NASA-MODIS,High,110.24602,-1.51644,False,False,True,True,False,True,Di Luar Area Pantauan (>1000m dari Desa)
Muara Pawan,Ulak Medang,"Jumat, 18 September 2026 20:12:00",NASA-MODIS,High,110.29813,-1.57363,False,False,True,True,False,True,Di Luar Area Pantauan (>1000m dari Desa)
Matan Hilir Selatan,Sungai Nanjung,"Jumat, 18 September 2026 20:12:00",NASA-MODIS,High,110.24908,-2.14227,False,False,False,False,False,False,Di Luar Area Pantauan (>1000m dari Desa)
Matan Hilir Selatan,Sungai Pelang,"Jumat, 18 September 2026 20:12:00",NASA-MODIS,High,110.25071,-1.83875,False,False,True,True,False,True,Di Luar Area Pantauan (>1000m dari Desa)
Matan Hilir Utara,Tanjung Baik Budi,"Jumat, 18 September 2026 20:12:00",NASA-MODIS,High,110.15248,-1.53852,False,False,True,True,False,True,Di Luar Area Pantauan (>1000m dari Desa)
Simpang Hilir,Matan Jaya,"Jumat, 18 September 2026 20:12:00",NASA-MODIS,High,110.11925,-1.1009,False,False,True,True,True,True,Di Luar Area Pantauan (>1000m dari Desa)
Simpang Hilir,Penjalaan,"Jumat, 18 September 2026 20:12:00",NASA-MODIS,High,110.06483,-1.12705,False,False,True,True,False,True,Di Luar Area Pantauan (>1000m dari Desa)
Simpang Hilir,Matan Jaya,"Jumat, 18 September 2026 20:12:00",NASA-MODIS,High,110.13941,-1.10741,False,False,True,True,True,True,Di Luar Area Pantauan (>1000m dari Desa)
Muara Pawan,Ulak Medang,"Jumat, 18 September 2026 20:12:00",NASA-MODIS,High,110.24728,-1.52555,False,False,True,True,False,True,Di Luar Area Pantauan (>1000m dari Desa)
Nanga Tayap,Lembah Hijau Dua,"Jumat, 18 September 2026 20:12:00",NASA-MODIS,High,110.4328,-1.58306,False,False,False,False,False,False,Di Luar Area Pantauan (>1000m dari Desa)
Simpang Hilir,Lubuk Batu,"Jumat, 18 September 2026 20:12:00",NASA-MODIS,High,110.11309,-0.93598,False,False,False,False,False,False,Di Luar Area Pantauan (>1000m dari Desa)
Kendawangan,Air Hitam Besar,"Jumat, 18 September 2026 20:12:00",NASA-MODIS,High,110.75359,-2.78329,False,False,False,True,False,True,Di Luar Area Pantauan (>1000m dari Desa)
Matan Hilir Selatan,Sungai Besar,"Jumat, 18 September 2026 20:12:00",NASA-MODIS,High,110.18568,-1.88388,False,False,True,True,False,True,Di Luar Area Pantauan (>1000m dari Desa)
Simpang Hilir,Lubuk Batu,"Jumat, 18 September 2026 20:12:00",NASA-MODIS,High,110.13068,-0.92425,False,False,False,False,False,False,Di Luar Area Pantauan (>1000m dari Desa)
Simpang Hilir,Matan Jaya,"Jumat, 18 September 2026 20:12:00",NASA-MODIS,High,110.12997,-1.10872,False,False,True,True,True,True,Di Luar Area Pantauan (>1000m dari Desa)
Matan Hilir Selatan,Sungai Nanjung,"Jumat, 18 September 2026 20:12:00",NASA-MODIS,High,110.23254,-2.1632,False,False,True,True,False,True,Di Luar Area Pantauan (>1000m dari Desa)
Simpang Hilir,Batu Barat,"Jumat, 18 September 2026 20:12:00",NASA-MODIS,High,110.01703,-0.93998,False,False,True,True,False,True,Di Luar Area Pantauan (>1000m dari Desa)
Sungai Melayu Rayak,Makmur Abadi,"Jumat, 18 September 2026 20:12:00",NASA-MODIS,High,110.26398,-1.6983,False,False,True,True,False,True,Di Luar Area Pantauan (>1000m dari Desa)
Kendawangan,Bangkal Serai,"Jumat, 18 September 2026 20:12:00",NASA-MODIS,High,110.51901,-2.42841,False,False,False,False,False,False,Di Luar Area Pantauan (>1000m dari Desa)
Matan Hilir Selatan,Sungai Besar,"Jumat, 18 September 2026 20:12:00",NASA-MODIS,High,110.19524,-1.88258,False,False,True,True,False,True,Di Luar Area Pantauan (>1000m dari Desa)
Muara Pawan,Ulak Medang,"Jumat, 18 September 2026 20:12:00",NASA-MODIS,High,110.27556,-1.52168,False,False,False,True,False,True,Di Luar Area Pantauan (>1000m dari Desa)
Kendawangan,Mekar Utama,"Jumat, 18 September 2026 20:12:00",NASA-MODIS,High,110.20824,-2.29615,False,False,True,False,False,True,Di Luar Area Pantauan (>1000m dari Desa)
Simpang Hilir,Batu Barat,"Jumat, 18 September 2026 20:12:00",NASA-MODIS,High,110.13377,-0.85025,False,False,True,True,False,True,Di Luar Area Pantauan (>1000m dari Desa)
Muara Pawan,Tanjung Pura,"Jumat, 18 September 2026 20:12:00",NASA-MODIS,High,110.22323,-1.65817,False,False,True,False,False,True,Di Luar Area Pantauan (>1000m dari Desa)
Manis Mata,Suka Ramai,"Jumat, 18 September 2026 20:12:00",NASA-MODIS,High,110.98319,-2.77987,False,False,False,False,False,False,Di Luar Area Pantauan (>1000m dari Desa)
Simpang Hilir,Batu Barat,"Jumat, 18 September 2026 20:12:00",NASA-MODIS,High,110.08914,-0.90211,False,False,True,True,False,True,Di Luar Area Pantauan (>1000m dari Desa)
Matan Hilir Utara,Tanjung Baik Budi,"Jumat, 18 September 2026 20:12:00",NASA-MODIS,High,110.17972,-1.52548,False,False,False,True,False,True,Di Luar Area Pantauan (>1000m dari Desa)
Kendawangan,Danau Buntar,"Jumat, 18 September 2026 20:12:00",NASA-MODIS,High,110.97409,-2.7811,False,False,False,False,False,False,Di Luar Area Pantauan (>1000m dari Desa)
Matan Hilir Selatan,Pesaguan Kanan,"Jumat, 18 September 2026 20:12:00",NASA-MODIS,High,110.21166,-2.05529,False,False,False,True,False,True,Di Luar Area Pantauan (>1000m dari Desa)
Simpang Hilir,Batu Barat,"Jumat, 18 September 2026 20:12:00",NASA-MODIS,High,110.01829,-0.94914,False,False,True,True,False,True,Di Luar Area Pantauan (>1000m dari Desa)
Simpang Hilir,Lubuk Batu,"Jumat, 18 September 2026 20:12:00",NASA-MODIS,High,110.09545,-0.94772,False,False,False,False,False,False,Di Luar Area Pantauan (>1000m dari Desa)
Matan Hilir Selatan,Sungai Nanjung,"Jumat, 18 September 2026 20:12:00",NASA-MODIS,High,110.23953,-2.14356,False,False,False,True,False,True,Di Luar Area Pantauan (>1000m dari Desa)
Belimbing,Batu Buil,"Jumat, 18 September 2026 20:12:00",NASA-MODIS,High,111.57584,-0.32017,False,False,False,False,False,False,Di Luar Area Pantauan (>1000m dari Desa)
Matan Hilir Selatan,Sungai Besar,"Jumat, 18 September 2026 20:12:00",NASA-MODIS,High,110.24032,-1.85783,False,False,True,True,False,True,Di Luar Area Pantauan (>1000m dari Desa)
Matan Hilir Selatan,Pagar Mentimun,"Jumat, 18 September 2026 20:12:00",NASA-MODIS,High,110.15948,-2.20127,False,False,False,False,False,False,Di Luar Area Pantauan (>1000m dari Desa)
Kendawangan,Bangkal Serai,"Jumat, 18 September 2026 20:12:00",NASA-MODIS,High,110.45963,-2.51012,False,False,False,False,True,True,Di Luar Area Pantauan (>1000m dari Desa)
Simpang Hulu,Sekucing Labai,"Jumat, 18 September 2026 20:12:00",NASA-MODIS,High,110.08656,-0.47872,False,False,False,False,False,False,Di Luar Area Pantauan (>1000m dari Desa)
Matan Hilir Selatan,Pagar Mentimun,"Jumat, 18 September 2026 20:12:00",NASA-MODIS,High,110.17039,-2.20915,False,False,False,False,False,False,Di Luar Area Pantauan (>1000m dari Desa)
Nanga Tayap,Sungai Kelik,"Jumat, 18 September 2026 20:12:00",NASA-MODIS,High,110.32195,-1.60745,False,False,True,True,False,True,Di Luar Area Pantauan (>1000m dari Desa)
Simpang Hilir,Lubuk Batu,"Jumat, 18 September 2026 20:12:00",NASA-MODIS,High,110.12125,-0.92556,False,False,False,False,False,False,Di Luar Area Pantauan (>1000m dari Desa)
Kendawangan,Danau Buntar,"Jumat, 18 September 2026 20:12:00",NASA-MODIS,High,110.96498,-2.78234,False,False,False,False,False,False,Di Luar Area Pantauan (>1000m dari Desa)
Kendawangan,Danau Buntar,"Jumat, 18 September 2026 20:12:00",NASA-MODIS,High,110.95588,-2.78357,False,False,False,False,False,False,Di Luar Area Pantauan (>1000m dari Desa)
Simpang Hilir,Matan Jaya,"Jumat, 18 September 2026 20:12:00",NASA-MODIS,High,110.10978,-1.10221,False,False,True,True,True,True,Di Luar Area Pantauan (>1000m dari Desa)
Matan Hilir Utara,Tanjung Baik Budi,"Jumat, 18 September 2026 20:12:00",NASA-MODIS,High,110.181,-1.53462,False,False,True,True,False,True,Di Luar Area Pantauan (>1000m dari Desa)
Matan Hilir Selatan,Sungai Besar,"Jumat, 18 September 2026 20:12:00",NASA-MODIS,High,110.23083,-1.85911,False,False,True,True,False,True,Di Luar Area Pantauan (>1000m dari Desa)
Simpang Hilir,Matan Jaya,"Jumat, 18 September 2026 20:12:00",NASA-MODIS,High,110.1287,-1.0996,False,False,True,True,True,True,Di Luar Area Pantauan (>1000m dari Desa)
Simpang Hilir,Lubuk Batu,"Jumat, 18 September 2026 20:12:00",NASA-MODIS,High,110.12941,-0.91515,False,False,False,False,False,False,Di Luar Area Pantauan (>1000m dari Desa)
Simpang Hilir,Lubuk Batu,"Jumat, 18 September 2026 20:12:00",NASA-MODIS,High,110.11182,-0.92686,False,False,False,False,False,False,Di Luar Area Pantauan (>1000m dari Desa)
Kendawangan,Bangkal Serai,"Jumat, 18 September 2026 20:12:00",NASA-MODIS,High,110.62561,-2.56123,False,False,False,False,False,False,Di Luar Area Pantauan (>1000m dari Desa)
Matan Hilir Utara,Tanjung Baik Budi,"Jumat, 18 September 2026 20:12:00",NASA-MODIS,High,110.19051,-1.53332,False,False,True,True,False,True,Di Luar Area Pantauan (>1000m dari Desa)
Matan Hilir Utara,Tanjung Baik Budi,"Jumat, 18 September 2026 20:12:00",NASA-MODIS,High,110.14295,-1.53982,False,False,True,True,False,True,Di Luar Area Pantauan (>1000m dari Desa)
Simpang Hilir,Lubuk Batu,"Jumat, 18 September 2026 20:12:00",NASA-MODIS,High,110.10365,-0.93729,False,False,False,False,False,False,Di Luar Area Pantauan (>1000m dari Desa)
Simpang Hilir,Batu Barat,"Jumat, 18 September 2026 20:12:00",NASA-MODIS,High,110.09041,-0.91123,False,False,True,True,False,True,Di Luar Area Pantauan (>1000m dari Desa)
Nanga Tayap,Cegolak,"Jumat, 18 September 2026 20:12:00",NASA-MODIS,High,110.68716,-1.61312,False,False,True,False,False,True,Di Luar Area Pantauan (>1000m dari Desa)
Simpang Hilir,Batu Barat,"Jumat, 18 September 2026 20:12:00",NASA-MODIS,High,110.02655,-0.93866,False,False,True,True,False,True,Di Luar Area Pantauan (>1000m dari Desa)
Matan Hilir Utara,Tanjung Baik Budi,"Jumat, 18 September 2026 20:12:00",NASA-MODIS,High,110.16198,-1.53722,False,False,False,False,False,False,Di Luar Area Pantauan (>1000m dari Desa)
Simpang Hilir,Lubuk Batu,"Jumat, 18 September 2026 20:12:00",NASA-MODIS,High,110.1028,-0.95528,False,False,False,False,False,False,Di Luar Area Pantauan (>1000m dari Desa)
Kendawangan,Danau Buntar,"Jumat, 18 September 2026 20:12:00",NASA-MODIS,High,110.96623,-2.7913,False,False,False,False,False,False,Di Luar Area Pantauan (>1000m dari Desa)
Matan Hilir Selatan,Sungai Nanjung,"Jumat, 18 September 2026 20:12:00",NASA-MODIS,High,110.12795,-2.18681,False,False,False,False,False,False,Di Luar Area Pantauan (>1000m dari Desa)
Matan Hilir Selatan,Sungai Nanjung,"Jumat, 18 September 2026 20:12:00",NASA-MODIS,High,110.11826,-2.18813,False,False,False,False,False,False,Di Luar Area Pantauan (>1000m dari Desa)
Muara Pawan,Ulak Medang,"Jumat, 18 September 2026 20:12:00",NASA-MODIS,High,110.27682,-1.53078,False,False,True,True,False,True,Di Luar Area Pantauan (>1000m dari Desa)
Sungai Raya,Muara Baru,"Jumat, 18 September 2026 20:14:00",NASA-MODIS,High,109.82563,-0.19164,False,False,False,True,False,True,Di Luar Area Pantauan (>1000m dari Desa)
Muara Pawan,Ulak Medang,"Jumat, 18 September 2026 20:12:00",NASA-MODIS,High,110.28497,-1.52039,False,False,True,True,False,True,Di Luar Area Pantauan (>1000m dari Desa)
Muara Pawan,Ulak Medang,"Jumat, 18 September 2026 20:12:00",NASA-MODIS,High,110.2674,-1.53207,False,False,True,True,False,True,Di Luar Area Pantauan (>1000m dari Desa)
Matan Hilir Utara,Tanjung Baik Budi,"Jumat, 18 September 2026 20:12:00",NASA-MODIS,High,110.09647,-1.55553,False,False,True,True,False,True,Di Luar Area Pantauan (>1000m dari Desa)
Matan Hilir Utara,Tanjung Baik Budi,"Jumat, 18 September 2026 20:12:00",NASA-MODIS,High,110.13215,-1.53197,False,False,True,True,False,True,Di Luar Area Pantauan (>1000m dari Desa)
Nanga Tayap,Lembah Hijau Dua,"Jumat, 18 September 2026 20:12:00",NASA-MODIS,High,110.46315,-1.59733,False,False,True,False,False,True,Di Luar Area Pantauan (>1000m dari Desa)
Sukadana,Sedahan Jaya,"Jumat, 18 September 2026 20:12:00",NASA-MODIS,High,110.04988,-1.18402,False,False,True,True,True,True,Di Luar Area Pantauan (>1000m dari Desa)
Simpang Hilir,Lubuk Batu,"Jumat, 18 September 2026 20:12:00",NASA-MODIS,High,110.1049,-0.94641,False,False,False,False,False,False,Di Luar Area Pantauan (>1000m dari Desa)
Matan Hilir Selatan,Sungai Pelang,"Jumat, 18 September 2026 20:12:00",NASA-MODIS,High,110.24248,-1.8492,False,False,True,True,False,True,Di Luar Area Pantauan (>1000m dari Desa)
Muara Pawan,Ulak Medang,"Jumat, 18 September 2026 20:12:00",NASA-MODIS,High,110.26614,-1.52296,False,False,True,True,False,True,Di Luar Area Pantauan (>1000m dari Desa)
Muara Pawan,Ulak Medang,"Jumat, 18 September 2026 20:12:00",NASA-MODIS,High,110.23657,-1.51772,False,False,True,True,False,True,Di Luar Area Pantauan (>1000m dari Desa)
Nanga Tayap,Lembah Hijau Dua,"Jumat, 18 September 2026 20:12:00",NASA-MODIS,High,110.44209,-1.58179,False,False,False,False,False,False,Di Luar Area Pantauan (>1000m dari Desa)
Matan Hilir Selatan,Sungai Besar,"Jumat, 18 September 2026 20:12:00",NASA-MODIS,High,110.18695,-1.89305,False,False,True,True,False,True,Di Luar Area Pantauan (>1000m dari Desa)
Matan Hilir Utara,Tanjung Baik Budi,"Jumat, 18 September 2026 20:12:00",NASA-MODIS,High,110.14169,-1.53067,False,False,True,True,False,True,Di Luar Area Pantauan (>1000m dari Desa)
Matan Hilir Selatan,Sungai Nanjung,"Jumat, 18 September 2026 20:12:00",NASA-MODIS,High,110.22169,-2.15532,False,False,True,True,False,True,Di Luar Area Pantauan (>1000m dari Desa)
Kendawangan,Air Hitam Besar,"Jumat, 18 September 2026 20:12:00",NASA-MODIS,High,110.70905,-2.73417,False,False,False,False,False,False,Di Luar Area Pantauan (>1000m dari Desa)
Matan Hilir Selatan,Sungai Nanjung,"Jumat, 18 September 2026 20:12:00",NASA-MODIS,High,110.17874,-2.19863,False,False,False,False,False,False,Di Luar Area Pantauan (>1000m dari Desa)
Muara Pawan,Tanjung Pura,"Jumat, 18 September 2026 20:12:00",NASA-MODIS,High,110.23396,-1.66599,False,False,True,True,False,True,Di Luar Area Pantauan (>1000m dari Desa)
Simpang Hilir,Lubuk Batu,"Jumat, 18 September 2026 20:12:00",NASA-MODIS,High,110.11226,-0.954,False,False,False,False,False,False,Di Luar Area Pantauan (>1000m dari Desa)
Muara Pawan,Tanjung Pura,"Jumat, 18 September 2026 20:12:00",NASA-MODIS,High,110.22451,-1.6673,False,False,True,True,False,True,Di Luar Area Pantauan (>1000m dari Desa)
Kendawangan,Danau Buntar,"Jumat, 18 September 2026 20:12:00",NASA-MODIS,High,110.95713,-2.79254,False,False,True,False,False,True,Di Luar Area Pantauan (>1000m dari Desa)
Muara Pawan,Ulak Medang,"Jumat, 18 September 2026 20:12:00",NASA-MODIS,High,110.25672,-1.52426,False,False,True,True,False,True,Di Luar Area Pantauan (>1000m dari Desa)
