Kecamatan,Desa,Waktu,Satelit,Confidence,Longitude,Latitude,in_desa,in_buffer,is_hutan,is_gambut,is_kk,in_kawasan,Prioritas_Satgas
Muara Pawan,Ulak Medang,"Senin, 21 September 2026 20:31:00",NASA-MODIS,Low,110.2162,-1.50519,False,False,True,True,False,True,Di Luar Area Pantauan (>1000m dari Desa)
Kendawangan,Danau Buntar,"Selasa, 22 September 2026 03:08:00",NASA-MODIS,Low,110.96443,-2.7929,False,False,True,False,False,True,Di Luar Area Pantauan (>1000m dari Desa)
Kendawangan,Air Hitam Besar,"Senin, 21 September 2026 20:31:00",NASA-MODIS,Low,110.76924,-2.80939,False,False,False,False,False,False,Di Luar Area Pantauan (>1000m dari Desa)
Kendawangan,Danau Buntar,"Senin, 21 September 2026 20:31:00",NASA-MODIS,Low,110.97331,-2.79029,False,False,False,False,False,False,Di Luar Area Pantauan (>1000m dari Desa)
Nanga Tayap,Lembah Hijau Dua,"Senin, 21 September 2026 20:31:00",NASA-MODIS,Low,110.47439,-1.59269,False,False,False,False,False,False,Di Luar Area Pantauan (>1000m dari Desa)
Muara Pawan,Tanjung Pura,"Senin, 21 September 2026 20:31:00",NASA-MODIS,Low,110.16163,-1.67688,False,False,True,True,False,True,Di Luar Area Pantauan (>1000m dari Desa)
Kendawangan,Air Hitam Besar,"Senin, 21 September 2026 20:31:00",NASA-MODIS,Low,110.76299,-2.81074,False,False,False,True,False,True,Di Luar Area Pantauan (>1000m dari Desa)
Kendawangan,Pembedilan,"Senin, 21 September 2026 13:29:00",NASA-SNPP,Low,110.42273,-2.8609,False,False,False,False,True,True,Di Luar Area Pantauan (>1000m dari Desa)
Sungai Melayu Rayak,Makmur Abadi,"Senin, 21 September 2026 13:29:00",NASA-SNPP,Low,110.24226,-1.77086,False,False,False,True,False,True,Di Luar Area Pantauan (>1000m dari Desa)
Kendawangan,Natai Kuini,"Senin, 21 September 2026 13:31:00",NASA-SNPP,Low,110.70277,-2.93988,False,False,False,False,False,False,Di Luar Area Pantauan (>1000m dari Desa)
Simpang Hilir,Matan Jaya,"Selasa, 22 September 2026 03:08:00",NASA-MODIS,Low,110.14362,-1.11526,False,False,True,False,True,True,Di Luar Area Pantauan (>1000m dari Desa)
Matan Hilir Utara,Lamon Satong,"Senin, 21 September 2026 20:31:00",NASA-MODIS,Low,110.20571,-1.39436,False,False,False,False,False,False,Di Luar Area Pantauan (>1000m dari Desa)
Nanga Tayap,Lembah Hijau Satu,"Selasa, 22 September 2026 03:08:00",NASA-MODIS,Low,110.48139,-1.57999,False,False,False,False,False,False,Di Luar Area Pantauan (>1000m dari Desa)
Nanga Tayap,Lembah Hijau Dua,"Selasa, 22 September 2026 03:08:00",NASA-MODIS,Medium,110.46983,-1.58783,False,False,False,False,False,False,Di Luar Area Pantauan (>1000m dari Desa)
Sandai,Sandai,"Senin, 21 September 2026 20:31:00",NASA-MODIS,Medium,110.55592,-1.28392,False,False,False,False,False,False,Di Luar Area Pantauan (>1000m dari Desa)
Matan Hilir Selatan,Sungai Nanjung,"Senin, 21 September 2026 20:31:00",NASA-MODIS,Medium,110.25483,-2.15615,False,False,False,True,True,True,Di Luar Area Pantauan (>1000m dari Desa)
Nanga Tayap,Betenung,"Senin, 21 September 2026 20:31:00",NASA-MODIS,Medium,110.81178,-1.56612,False,False,True,False,False,True,Di Luar Area Pantauan (>1000m dari Desa)
Matan Hilir Utara,Kuala Tolak,"Senin, 21 September 2026 20:31:00",NASA-MODIS,Medium,110.15455,-1.4734,False,False,True,True,False,True,Di Luar Area Pantauan (>1000m dari Desa)
Kendawangan,Seriam,"Senin, 21 September 2026 20:31:00",NASA-MODIS,Medium,110.38097,-2.66943,False,False,False,False,True,True,Di Luar Area Pantauan (>1000m dari Desa)
Kendawangan,Seriam,"Senin, 21 September 2026 20:31:00",NASA-MODIS,Medium,110.43084,-2.49961,False,False,False,False,False,False,Di Luar Area Pantauan (>1000m dari Desa)
Kendawangan,Airhitam Hulu,"Selasa, 22 September 2026 03:08:00",NASA-MODIS,Medium,110.63454,-2.62202,False,False,False,False,False,False,Di Luar Area Pantauan (>1000m dari Desa)
Muara Pawan,Ulak Medang,"Senin, 21 September 2026 20:31:00",NASA-MODIS,Medium,110.22361,-1.51541,False,False,True,True,False,True,Di Luar Area Pantauan (>1000m dari Desa)
Nanga Tayap,Pangkalan Teluk,"Senin, 21 September 2026 20:31:00",NASA-MODIS,Medium,110.34959,-1.30298,False,False,True,False,True,True,Di Luar Area Pantauan (>1000m dari Desa)
Matan Hilir Utara,Lamon Satong,"Senin, 21 September 2026 20:31:00",NASA-MODIS,Medium,110.20712,-1.40426,False,False,False,True,False,True,Di Luar Area Pantauan (>1000m dari Desa)
Nanga Tayap,Betenung,"Senin, 21 September 2026 20:31:00",NASA-MODIS,Medium,110.79949,-1.56783,False,False,False,False,False,False,Di Luar Area Pantauan (>1000m dari Desa)
Muara Pawan,Ulak Medang,"Senin, 21 September 2026 20:31:00",NASA-MODIS,Medium,110.29062,-1.61858,False,False,True,True,False,True,Di Luar Area Pantauan (>1000m dari Desa)
Kendawangan,Natai Kuini,"Senin, 21 September 2026 20:31:00",NASA-MODIS,Medium,110.77069,-2.81948,False,False,False,False,False,False,Di Luar Area Pantauan (>1000m dari Desa)
Matan Hilir Utara,Kuala Tolak,"Senin, 21 September 2026 20:31:00",NASA-MODIS,Medium,110.15316,-1.46353,False,False,True,True,False,True,Di Luar Area Pantauan (>1000m dari Desa)
Matan Hilir Utara,Kuala Tolak,"Senin, 21 September 2026 20:31:00",NASA-MODIS,Medium,110.15735,-1.49312,False,False,False,True,False,True,Di Luar Area Pantauan (>1000m dari Desa)
Nanga Tayap,Lembah Hijau Satu,"Selasa, 22 September 2026 03:08:00",NASA-MODIS,Medium,110.50031,-1.59255,False,False,False,False,False,False,Di Luar Area Pantauan (>1000m dari Desa)
Kendawangan,Bangkal Serai,"Senin, 21 September 2026 20:31:00",NASA-MODIS,Medium,110.53294,-2.485,False,False,False,False,False,False,Di Luar Area Pantauan (>1000m dari Desa)
Matan Hilir Utara,Sungai Putri,"Senin, 21 September 2026 20:31:00",NASA-MODIS,Medium,110.09415,-1.56382,False,False,True,True,False,True,Di Luar Area Pantauan (>1000m dari Desa)
Kendawangan,Danau Buntar,"Senin, 21 September 2026 20:31:00",NASA-MODIS,Medium,110.95361,-2.78447,False,False,False,False,False,False,Di Luar Area Pantauan (>1000m dari Desa)
Kendawangan,Air Tarap,"Senin, 21 September 2026 20:31:00",NASA-MODIS,Medium,110.74898,-2.54637,False,False,False,False,False,False,Di Luar Area Pantauan (>1000m dari Desa)
Nanga Tayap,Sungai Kelik,"Senin, 21 September 2026 20:31:00",NASA-MODIS,Medium,110.30985,-1.55393,False,False,False,True,False,True,Di Luar Area Pantauan (>1000m dari Desa)
Muara Pawan,Ulak Medang,"Selasa, 22 September 2026 03:08:00",NASA-MODIS,Medium,110.28407,-1.53561,False,False,True,True,False,True,Di Luar Area Pantauan (>1000m dari Desa)
Kendawangan,Natai Kuini,"Senin, 21 September 2026 20:31:00",NASA-MODIS,Medium,110.86816,-2.82619,False,False,False,False,True,True,Di Luar Area Pantauan (>1000m dari Desa)
Matan Hilir Utara,Tanjung Baik Budi,"Senin, 21 September 2026 20:31:00",NASA-MODIS,Medium,110.13566,-1.53795,False,False,True,True,False,True,Di Luar Area Pantauan (>1000m dari Desa)
Tumbang Titi,Segar Wangi,"Senin, 21 September 2026 20:31:00",NASA-MODIS,Medium,110.55798,-1.88777,False,False,False,False,False,False,Di Luar Area Pantauan (>1000m dari Desa)
Kendawangan,Sungai Jelayan,"Senin, 21 September 2026 20:31:00",NASA-MODIS,Medium,110.42212,-2.24458,False,False,False,False,False,False,Di Luar Area Pantauan (>1000m dari Desa)
Kendawangan,Natai Kuini,"Selasa, 22 September 2026 03:08:00",NASA-MODIS,Medium,110.79661,-2.81388,False,False,True,True,True,True,Di Luar Area Pantauan (>1000m dari Desa)
Sandai,Sandai,"Senin, 21 September 2026 20:31:00",NASA-MODIS,Medium,110.56807,-1.28219,False,False,False,False,False,False,Di Luar Area Pantauan (>1000m dari Desa)
Muara Pawan,Ulak Medang,"Senin, 21 September 2026 20:31:00",NASA-MODIS,Medium,110.23486,-1.51382,False,False,True,True,False,True,Di Luar Area Pantauan (>1000m dari Desa)
Nanga Tayap,Lembah Hijau Satu,"Selasa, 22 September 2026 03:08:00",NASA-MODIS,Medium,110.49155,-1.58156,False,False,False,False,False,False,Di Luar Area Pantauan (>1000m dari Desa)
Kendawangan,Natai Kuini,"Senin, 21 September 2026 20:31:00",NASA-MODIS,Medium,110.85624,-2.82789,False,False,False,False,True,True,Di Luar Area Pantauan (>1000m dari Desa)
Kendawangan,Seriam,"Selasa, 22 September 2026 00:32:00",NASA-SNPP,Medium,110.4373,-2.5061,False,False,False,False,False,False,Di Luar Area Pantauan (>1000m dari Desa)
Kendawangan,Kendawangan Kanan,"Senin, 21 September 2026 13:29:00",NASA-SNPP,Medium,110.22611,-2.67208,False,False,False,True,True,True,Di Luar Area Pantauan (>1000m dari Desa)
Kendawangan,Seriam,"Senin, 21 September 2026 13:29:00",NASA-SNPP,Medium,110.37477,-2.64857,False,False,False,False,True,True,Di Luar Area Pantauan (>1000m dari Desa)
Kendawangan,Pembedilan,"Senin, 21 September 2026 13:29:00",NASA-SNPP,Medium,110.4417,-2.843,False,False,False,False,True,True,Di Luar Area Pantauan (>1000m dari Desa)
Kendawangan,Pembedilan,"Senin, 21 September 2026 13:29:00",NASA-SNPP,Medium,110.41441,-2.83234,False,False,False,False,True,True,Di Luar Area Pantauan (>1000m dari Desa)
Kendawangan,Pembedilan,"Senin, 21 September 2026 13:29:00",NASA-SNPP,Medium,110.39248,-2.8283,False,False,False,False,True,True,Di Luar Area Pantauan (>1000m dari Desa)
Kendawangan,Seriam,"Senin, 21 September 2026 13:29:00",NASA-SNPP,Medium,110.37727,-2.69273,False,False,False,False,True,True,Di Luar Area Pantauan (>1000m dari Desa)
Kendawangan,Pembedilan,"Senin, 21 September 2026 13:29:00",NASA-SNPP,Medium,110.37397,-2.87603,False,False,False,False,True,True,Di Luar Area Pantauan (>1000m dari Desa)
Kendawangan,Pembedilan,"Senin, 21 September 2026 13:29:00",NASA-SNPP,Medium,110.4358,-2.86255,False,False,False,False,True,True,Di Luar Area Pantauan (>1000m dari Desa)
Kendawangan,Kendawangan Kanan,"Senin, 21 September 2026 13:29:00",NASA-SNPP,Medium,110.25268,-2.70846,False,False,False,False,True,True,Di Luar Area Pantauan (>1000m dari Desa)
Kendawangan,Danau Buntar,"Senin, 21 September 2026 13:29:00",NASA-SNPP,Medium,110.96313,-2.79423,False,False,True,False,False,True,Di Luar Area Pantauan (>1000m dari Desa)
Kendawangan,Natai Kuini,"Senin, 21 September 2026 13:29:00",NASA-SNPP,Medium,110.77418,-2.82408,False,False,False,False,False,False,Di Luar Area Pantauan (>1000m dari Desa)
Kendawangan,Seriam,"Senin, 21 September 2026 13:29:00",NASA-SNPP,Medium,110.38134,-2.75586,False,False,False,False,True,True,Di Luar Area Pantauan (>1000m dari Desa)
Kendawangan,Air Hitam Besar,"Senin, 21 September 2026 13:29:00",NASA-SNPP,Medium,110.67049,-2.7213,False,False,False,False,False,False,Di Luar Area Pantauan (>1000m dari Desa)
Kendawangan,Natai Kuini,"Senin, 21 September 2026 13:29:00",NASA-SNPP,Medium,110.79099,-2.81764,False,False,False,True,False,True,Di Luar Area Pantauan (>1000m dari Desa)
Ambalau,Tanjung Andan,"Senin, 21 September 2026 13:29:00",NASA-SNPP,Medium,112.68272,0.00448,False,False,False,False,False,False,Di Luar Area Pantauan (>1000m dari Desa)
Kendawangan,Pangkalan Batu,"Senin, 21 September 2026 13:29:00",NASA-SNPP,Medium,110.35598,-2.19661,False,False,False,False,False,False,Di Luar Area Pantauan (>1000m dari Desa)
Matan Hilir Selatan,Sungai Besar,"Senin, 21 September 2026 13:29:00",NASA-SNPP,Medium,110.16955,-1.88981,False,False,True,True,False,True,Di Luar Area Pantauan (>1000m dari Desa)
Matan Hilir Selatan,Sungai Besar,"Senin, 21 September 2026 13:29:00",NASA-SNPP,Medium,110.24133,-1.85647,False,False,True,True,False,True,Di Luar Area Pantauan (>1000m dari Desa)
Matan Hilir Selatan,Sungai Besar,"Senin, 21 September 2026 13:29:00",NASA-SNPP,Medium,110.25812,-1.85387,False,False,True,True,False,True,Di Luar Area Pantauan (>1000m dari Desa)
Matan Hilir Selatan,Sungai Besar,"Senin, 21 September 2026 13:29:00",NASA-SNPP,Medium,110.24554,-1.85582,False,False,False,True,False,True,Di Luar Area Pantauan (>1000m dari Desa)
Matan Hilir Selatan,Sungai Besar,"Senin, 21 September 2026 13:29:00",NASA-SNPP,Medium,110.25756,-1.85023,False,False,True,True,False,True,Di Luar Area Pantauan (>1000m dari Desa)
Matan Hilir Selatan,Sungai Nanjung,"Senin, 21 September 2026 13:29:00",NASA-SNPP,Medium,110.25133,-2.15702,False,False,True,True,True,True,Di Luar Area Pantauan (>1000m dari Desa)
Marau,Batu Payung Dua,"Senin, 21 September 2026 13:29:00",NASA-SNPP,Medium,110.56848,-2.10364,False,False,False,False,False,False,Di Luar Area Pantauan (>1000m dari Desa)
Matan Hilir Selatan,Sungai Nanjung,"Senin, 21 September 2026 13:29:00",NASA-SNPP,Medium,110.24715,-2.15767,False,False,True,True,False,True,Di Luar Area Pantauan (>1000m dari Desa)
Jelai Hulu,Semantun,"Senin, 21 September 2026 13:29:00",NASA-SNPP,Medium,111.0434,-2.05234,False,False,False,False,False,False,Di Luar Area Pantauan (>1000m dari Desa)
Matan Hilir Selatan,Sungai Nanjung,"Senin, 21 September 2026 13:29:00",NASA-SNPP,Medium,110.13125,-2.14627,False,False,False,False,False,False,Di Luar Area Pantauan (>1000m dari Desa)
Kendawangan,Sungai Jelayan,"Senin, 21 September 2026 13:29:00",NASA-SNPP,Medium,110.40997,-2.09135,False,False,False,False,False,False,Di Luar Area Pantauan (>1000m dari Desa)
Kendawangan,Sungai Jelayan,"Senin, 21 September 2026 13:29:00",NASA-SNPP,Medium,110.40571,-2.092,False,False,False,False,False,False,Di Luar Area Pantauan (>1000m dari Desa)
Matan Hilir Selatan,Sungai Nanjung,"Senin, 21 September 2026 13:29:00",NASA-SNPP,Medium,110.18362,-2.12589,False,False,True,True,False,True,Di Luar Area Pantauan (>1000m dari Desa)
Matan Hilir Selatan,Sungai Nanjung,"Senin, 21 September 2026 13:29:00",NASA-SNPP,Medium,110.24897,-2.10849,False,False,False,True,False,True,Di Luar Area Pantauan (>1000m dari Desa)
Matan Hilir Selatan,Sungai Nanjung,"Senin, 21 September 2026 13:29:00",NASA-SNPP,Medium,110.18777,-2.12996,False,False,True,True,False,True,Di Luar Area Pantauan (>1000m dari Desa)
Matan Hilir Selatan,Sungai Nanjung,"Senin, 21 September 2026 13:29:00",NASA-SNPP,Medium,110.13017,-2.13907,False,False,False,True,False,True,Di Luar Area Pantauan (>1000m dari Desa)
Matan Hilir Selatan,Sungai Nanjung,"Senin, 21 September 2026 13:29:00",NASA-SNPP,Medium,110.24835,-2.10924,False,False,False,True,False,True,Di Luar Area Pantauan (>1000m dari Desa)
Matan Hilir Selatan,Pematang Gadung,"Senin, 21 September 2026 13:29:00",NASA-SNPP,Medium,110.21265,-1.92461,False,False,True,True,False,True,Di Luar Area Pantauan (>1000m dari Desa)
Matan Hilir Selatan,Sungai Nanjung,"Senin, 21 September 2026 13:29:00",NASA-SNPP,Medium,110.24281,-2.12868,False,False,False,False,False,False,Di Luar Area Pantauan (>1000m dari Desa)
Matan Hilir Selatan,Sungai Pelang,"Senin, 21 September 2026 13:29:00",NASA-SNPP,Medium,110.17403,-1.86318,False,False,True,True,False,True,Di Luar Area Pantauan (>1000m dari Desa)
Muara Pawan,Tanjung Pasar,"Senin, 21 September 2026 13:29:00",NASA-SNPP,Medium,110.13315,-1.81769,False,False,False,False,False,False,Di Luar Area Pantauan (>1000m dari Desa)
Benua Kayong,Negeri Baru,"Senin, 21 September 2026 13:29:00",NASA-SNPP,Medium,110.23499,-1.78674,False,False,False,True,False,True,Di Luar Area Pantauan (>1000m dari Desa)
Benua Kayong,Negeri Baru,"Senin, 21 September 2026 13:29:00",NASA-SNPP,Medium,110.23611,-1.7867,False,False,False,True,False,True,Di Luar Area Pantauan (>1000m dari Desa)
Jelai Hulu,Karang Dangin,"Senin, 21 September 2026 13:29:00",NASA-SNPP,Medium,110.90624,-1.90764,False,False,False,False,False,False,Di Luar Area Pantauan (>1000m dari Desa)
Matan Hilir Selatan,Sungai Besar,"Senin, 21 September 2026 13:29:00",NASA-SNPP,Medium,110.16539,-1.89045,False,False,True,True,False,True,Di Luar Area Pantauan (>1000m dari Desa)
Muara Pawan,Tanjung Pura,"Senin, 21 September 2026 13:29:00",NASA-SNPP,Medium,110.1366,-1.69442,False,False,True,True,False,True,Di Luar Area Pantauan (>1000m dari Desa)
Muara Pawan,Tanjung Pura,"Senin, 21 September 2026 13:29:00",NASA-SNPP,Medium,110.1376,-1.69724,False,False,True,True,False,True,Di Luar Area Pantauan (>1000m dari Desa)
Kapuas,Nanga Biang,"Senin, 21 September 2026 13:29:00",NASA-SNPP,Medium,110.66142,0.01325,False,False,False,False,False,False,Di Luar Area Pantauan (>1000m dari Desa)
Tumbang Titi,Jungkal,"Senin, 21 September 2026 13:29:00",NASA-SNPP,Medium,110.43075,-1.93911,False,False,False,False,False,False,Di Luar Area Pantauan (>1000m dari Desa)
Matan Hilir Selatan,Pematang Gadung,"Senin, 21 September 2026 13:29:00",NASA-SNPP,Medium,110.22036,-1.97538,False,False,False,True,False,True,Di Luar Area Pantauan (>1000m dari Desa)
Matan Hilir Selatan,Kemuning Biutak,"Senin, 21 September 2026 13:29:00",NASA-SNPP,Medium,110.37711,-1.95865,False,False,False,False,False,False,Di Luar Area Pantauan (>1000m dari Desa)
Matan Hilir Selatan,Sungai Nanjung,"Senin, 21 September 2026 13:29:00",NASA-SNPP,Medium,110.25079,-2.1534,False,False,False,True,False,True,Di Luar Area Pantauan (>1000m dari Desa)
Matan Hilir Selatan,Sungai Nanjung,"Senin, 21 September 2026 13:29:00",NASA-SNPP,Medium,110.18775,-2.12526,False,False,True,True,False,True,Di Luar Area Pantauan (>1000m dari Desa)
Matan Hilir Selatan,Sungai Nanjung,"Senin, 21 September 2026 13:29:00",NASA-SNPP,Medium,110.1712,-2.12779,False,False,False,True,False,True,Di Luar Area Pantauan (>1000m dari Desa)
Kapuas,Penyeladi,"Senin, 21 September 2026 13:29:00",NASA-SNPP,Medium,110.6852,0.07544,False,False,False,False,False,False,Di Luar Area Pantauan (>1000m dari Desa)
Kalis,Nanga Lebangan,"Senin, 21 September 2026 13:29:00",NASA-SNPP,Medium,113.05041,0.66236,False,False,False,False,False,False,Di Luar Area Pantauan (>1000m dari Desa)
Kendawangan,Natai Kuini,"Senin, 21 September 2026 13:31:00",NASA-SNPP,Medium,110.68166,-2.91688,False,False,False,False,False,False,Di Luar Area Pantauan (>1000m dari Desa)
Kendawangan,Natai Kuini,"Senin, 21 September 2026 13:31:00",NASA-SNPP,Medium,110.68595,-2.91619,False,False,False,False,False,False,Di Luar Area Pantauan (>1000m dari Desa)
Kendawangan,Natai Kuini,"Senin, 21 September 2026 13:31:00",NASA-SNPP,Medium,110.68764,-2.92721,False,False,False,False,False,False,Di Luar Area Pantauan (>1000m dari Desa)
Kendawangan,Natai Kuini,"Senin, 21 September 2026 13:31:00",NASA-SNPP,Medium,110.69735,-2.9332,False,False,False,False,False,False,Di Luar Area Pantauan (>1000m dari Desa)
Kendawangan,Natai Kuini,"Senin, 21 September 2026 13:31:00",NASA-SNPP,Medium,110.70989,-2.95758,False,False,False,False,False,False,Di Luar Area Pantauan (>1000m dari Desa)
Kendawangan,Natai Kuini,"Senin, 21 September 2026 13:31:00",NASA-SNPP,Medium,110.70187,-2.96261,False,False,False,False,False,False,Di Luar Area Pantauan (>1000m dari Desa)
Kendawangan,Natai Kuini,"Senin, 21 September 2026 13:31:00",NASA-SNPP,Medium,110.7005,-2.92517,False,False,False,False,False,False,Di Luar Area Pantauan (>1000m dari Desa)
Kendawangan,Mekar Utama,"Selasa, 22 September 2026 00:32:00",NASA-SNPP,Medium,110.22222,-2.29438,False,False,False,False,False,False,Di Luar Area Pantauan (>1000m dari Desa)
Matan Hilir Selatan,Sungai Nanjung,"Selasa, 22 September 2026 00:32:00",NASA-SNPP,Medium,110.19778,-2.1468,False,False,True,True,False,True,Di Luar Area Pantauan (>1000m dari Desa)
Matan Hilir Selatan,Sungai Nanjung,"Selasa, 22 September 2026 00:32:00",NASA-SNPP,Medium,110.2476,-2.15504,False,False,True,True,False,True,Di Luar Area Pantauan (>1000m dari Desa)
Matan Hilir Selatan,Pagar Mentimun,"Selasa, 22 September 2026 00:32:00",NASA-SNPP,Medium,110.18996,-2.21442,False,False,False,False,False,False,Di Luar Area Pantauan (>1000m dari Desa)
Kendawangan,Seriam,"Selasa, 22 September 2026 00:32:00",NASA-SNPP,Medium,110.44546,-2.48304,False,False,False,False,False,False,Di Luar Area Pantauan (>1000m dari Desa)
Kendawangan,Seriam,"Selasa, 22 September 2026 00:32:00",NASA-SNPP,Medium,110.44974,-2.48376,False,False,False,False,False,False,Di Luar Area Pantauan (>1000m dari Desa)
Kendawangan,Bangkal Serai,"Selasa, 22 September 2026 00:32:00",NASA-SNPP,Medium,110.53188,-2.49149,False,False,False,False,False,False,Di Luar Area Pantauan (>1000m dari Desa)
Kendawangan,Seriam,"Selasa, 22 September 2026 00:32:00",NASA-SNPP,Medium,110.43301,-2.50538,False,False,False,False,False,False,Di Luar Area Pantauan (>1000m dari Desa)
Kendawangan,Seriam,"Selasa, 22 September 2026 00:32:00",NASA-SNPP,Medium,110.43623,-2.51202,False,False,False,False,False,False,Di Luar Area Pantauan (>1000m dari Desa)
Kendawangan,Airhitam Hulu,"Selasa, 22 September 2026 00:32:00",NASA-SNPP,Medium,110.60567,-2.6634,False,False,False,False,False,False,Di Luar Area Pantauan (>1000m dari Desa)
Kendawangan,Danau Buntar,"Selasa, 22 September 2026 00:32:00",NASA-SNPP,Medium,110.97996,-2.77493,False,False,False,False,False,False,Di Luar Area Pantauan (>1000m dari Desa)
Kendawangan,Airhitam Hulu,"Selasa, 22 September 2026 00:32:00",NASA-SNPP,Medium,110.62775,-2.62074,False,False,True,False,False,True,Di Luar Area Pantauan (>1000m dari Desa)
Kendawangan,Danau Buntar,"Selasa, 22 September 2026 00:32:00",NASA-SNPP,Medium,110.96631,-2.78437,False,False,False,False,False,False,Di Luar Area Pantauan (>1000m dari Desa)
Kendawangan,Danau Buntar,"Selasa, 22 September 2026 00:32:00",NASA-SNPP,Medium,110.96925,-2.79074,False,False,False,False,False,False,Di Luar Area Pantauan (>1000m dari Desa)
Kendawangan,Danau Buntar,"Selasa, 22 September 2026 00:32:00",NASA-SNPP,Medium,110.96149,-2.78944,False,False,False,False,False,False,Di Luar Area Pantauan (>1000m dari Desa)
Kendawangan,Mekar Utama,"Selasa, 22 September 2026 00:32:00",NASA-SNPP,Medium,110.22305,-2.28965,False,False,False,False,False,False,Di Luar Area Pantauan (>1000m dari Desa)
Kendawangan,Airhitam Hulu,"Selasa, 22 September 2026 00:32:00",NASA-SNPP,Medium,110.63603,-2.62213,False,False,False,False,False,False,Di Luar Area Pantauan (>1000m dari Desa)
Kendawangan,Danau Buntar,"Selasa, 22 September 2026 00:32:00",NASA-SNPP,Medium,110.96537,-2.79009,False,False,False,False,False,False,Di Luar Area Pantauan (>1000m dari Desa)
Kendawangan,Seriam,"Selasa, 22 September 2026 00:32:00",NASA-SNPP,Medium,110.42867,-2.50466,False,False,False,False,False,False,Di Luar Area Pantauan (>1000m dari Desa)
Matan Hilir Selatan,Pagar Mentimun,"Selasa, 22 September 2026 00:32:00",NASA-SNPP,Medium,110.17274,-2.20529,False,False,False,False,False,False,Di Luar Area Pantauan (>1000m dari Desa)
Kendawangan,Mekar Utama,"Selasa, 22 September 2026 00:32:00",NASA-SNPP,Medium,110.22408,-2.28361,False,False,False,False,False,False,Di Luar Area Pantauan (>1000m dari Desa)
Kendawangan,Mekar Utama,"Selasa, 22 September 2026 00:32:00",NASA-SNPP,Medium,110.22205,-2.29569,False,False,False,False,False,False,Di Luar Area Pantauan (>1000m dari Desa)
Kendawangan,Seriam,"Selasa, 22 September 2026 00:32:00",NASA-SNPP,Medium,110.44445,-2.48898,False,False,False,False,False,False,Di Luar Area Pantauan (>1000m dari Desa)
Kendawangan,Air Hitam Besar,"Selasa, 22 September 2026 00:32:00",NASA-SNPP,Medium,110.76847,-2.61457,False,False,False,False,False,False,Di Luar Area Pantauan (>1000m dari Desa)
Kendawangan,Air Hitam Besar,"Selasa, 22 September 2026 00:32:00",NASA-SNPP,Medium,110.76441,-2.61388,False,False,False,False,False,False,Di Luar Area Pantauan (>1000m dari Desa)
Kendawangan,Seriam,"Selasa, 22 September 2026 00:32:00",NASA-SNPP,Medium,110.43199,-2.51132,False,False,False,False,False,False,Di Luar Area Pantauan (>1000m dari Desa)
Kendawangan,Seriam,"Selasa, 22 September 2026 00:32:00",NASA-SNPP,Medium,110.44875,-2.4897,False,False,False,False,False,False,Di Luar Area Pantauan (>1000m dari Desa)
Kendawangan,Danau Buntar,"Selasa, 22 September 2026 00:32:00",NASA-SNPP,Medium,110.95853,-2.78306,False,False,False,False,False,False,Di Luar Area Pantauan (>1000m dari Desa)
Kendawangan,Danau Buntar,"Selasa, 22 September 2026 00:32:00",NASA-SNPP,Medium,110.96241,-2.78372,False,False,False,False,False,False,Di Luar Area Pantauan (>1000m dari Desa)
Kendawangan,Pembedilan,"Senin, 21 September 2026 13:50:00",NASA-NOAA20,Medium,110.37777,-2.86533,False,False,False,False,True,True,Di Luar Area Pantauan (>1000m dari Desa)
Kendawangan,Pembedilan,"Senin, 21 September 2026 13:50:00",NASA-NOAA20,Medium,110.43774,-2.86658,False,False,False,False,True,True,Di Luar Area Pantauan (>1000m dari Desa)
Kendawangan,Pembedilan,"Senin, 21 September 2026 13:50:00",NASA-NOAA20,Medium,110.384,-2.84203,False,False,False,False,True,True,Di Luar Area Pantauan (>1000m dari Desa)
Kendawangan,Pembedilan,"Senin, 21 September 2026 13:50:00",NASA-NOAA20,Medium,110.38622,-2.78489,False,False,False,False,True,True,Di Luar Area Pantauan (>1000m dari Desa)
Kendawangan,Pembedilan,"Senin, 21 September 2026 13:50:00",NASA-NOAA20,Medium,110.3845,-2.77382,False,False,False,False,True,True,Di Luar Area Pantauan (>1000m dari Desa)
Kendawangan,Seriam,"Senin, 21 September 2026 13:50:00",NASA-NOAA20,Medium,110.37302,-2.72496,False,False,False,False,True,True,Di Luar Area Pantauan (>1000m dari Desa)
Kendawangan,Seriam,"Senin, 21 September 2026 13:50:00",NASA-NOAA20,Medium,110.37391,-2.7305,False,False,False,False,True,True,Di Luar Area Pantauan (>1000m dari Desa)
Kendawangan,Airhitam Hulu,"Senin, 21 September 2026 13:50:00",NASA-NOAA20,Medium,110.62829,-2.67165,False,False,False,False,False,False,Di Luar Area Pantauan (>1000m dari Desa)
Kendawangan,Seriam,"Senin, 21 September 2026 13:50:00",NASA-NOAA20,Medium,110.36134,-2.69848,False,False,False,False,True,True,Di Luar Area Pantauan (>1000m dari Desa)
Kendawangan,Seriam,"Senin, 21 September 2026 13:50:00",NASA-NOAA20,Medium,110.37054,-2.6856,False,False,False,False,True,True,Di Luar Area Pantauan (>1000m dari Desa)
Kendawangan,Seriam,"Senin, 21 September 2026 13:50:00",NASA-NOAA20,Medium,110.35421,-2.67695,False,False,False,False,True,True,Di Luar Area Pantauan (>1000m dari Desa)
Kendawangan,Seriam,"Senin, 21 September 2026 13:50:00",NASA-NOAA20,Medium,110.37548,-2.64496,False,False,False,False,True,True,Di Luar Area Pantauan (>1000m dari Desa)
Kendawangan,Seriam,"Senin, 21 September 2026 13:50:00",NASA-NOAA20,Medium,110.36972,-2.65232,False,False,False,False,True,True,Di Luar Area Pantauan (>1000m dari Desa)
Kendawangan,Bangkal Serai,"Senin, 21 September 2026 13:50:00",NASA-NOAA20,Medium,110.46648,-2.54513,False,False,False,False,True,True,Di Luar Area Pantauan (>1000m dari Desa)
Matan Hilir Selatan,Sungai Nanjung,"Senin, 21 September 2026 13:50:00",NASA-NOAA20,Medium,110.1328,-2.13652,False,False,False,True,False,True,Di Luar Area Pantauan (>1000m dari Desa)
Matan Hilir Selatan,Pematang Gadung,"Senin, 21 September 2026 13:50:00",NASA-NOAA20,Medium,110.23334,-2.00181,False,False,False,False,False,False,Di Luar Area Pantauan (>1000m dari Desa)
Kendawangan,Pembedilan,"Senin, 21 September 2026 13:50:00",NASA-NOAA20,Medium,110.5826,-2.72906,False,False,False,False,False,False,Di Luar Area Pantauan (>1000m dari Desa)
Kendawangan,Pembedilan,"Senin, 21 September 2026 13:50:00",NASA-NOAA20,Medium,110.37574,-2.86039,False,False,False,False,True,True,Di Luar Area Pantauan (>1000m dari Desa)
Kendawangan,Seriam,"Senin, 21 September 2026 13:50:00",NASA-NOAA20,Medium,110.38475,-2.75146,False,False,False,False,True,True,Di Luar Area Pantauan (>1000m dari Desa)
Kendawangan,Kendawangan Kanan,"Senin, 21 September 2026 13:50:00",NASA-NOAA20,Medium,110.27713,-2.77447,False,False,False,True,True,True,Di Luar Area Pantauan (>1000m dari Desa)
Kendawangan,Natai Kuini,"Senin, 21 September 2026 13:50:00",NASA-NOAA20,Medium,110.7896,-2.81891,False,False,False,True,False,True,Di Luar Area Pantauan (>1000m dari Desa)
Kendawangan,Danau Buntar,"Senin, 21 September 2026 13:50:00",NASA-NOAA20,Medium,110.96674,-2.78913,False,False,False,False,False,False,Di Luar Area Pantauan (>1000m dari Desa)
Kendawangan,Pembedilan,"Senin, 21 September 2026 13:50:00",NASA-NOAA20,Medium,110.37861,-2.87086,False,False,False,False,True,True,Di Luar Area Pantauan (>1000m dari Desa)
Kendawangan,Pembedilan,"Senin, 21 September 2026 13:50:00",NASA-NOAA20,Medium,110.38226,-2.87024,False,False,False,False,True,True,Di Luar Area Pantauan (>1000m dari Desa)
Kendawangan,Pembedilan,"Senin, 21 September 2026 13:50:00",NASA-NOAA20,Medium,110.44405,-2.86642,False,False,False,False,True,True,Di Luar Area Pantauan (>1000m dari Desa)
Kendawangan,Kendawangan Kanan,"Senin, 21 September 2026 13:50:00",NASA-NOAA20,Medium,110.29058,-2.78956,False,False,False,True,True,True,Di Luar Area Pantauan (>1000m dari Desa)
Kendawangan,Pembedilan,"Senin, 21 September 2026 13:50:00",NASA-NOAA20,Medium,110.38122,-2.84816,False,False,False,False,True,True,Di Luar Area Pantauan (>1000m dari Desa)
Kendawangan,Pembedilan,"Senin, 21 September 2026 13:50:00",NASA-NOAA20,Medium,110.37759,-2.84875,False,False,False,False,True,True,Di Luar Area Pantauan (>1000m dari Desa)
Kendawangan,Pembedilan,"Senin, 21 September 2026 13:50:00",NASA-NOAA20,Medium,110.43684,-2.84481,False,False,False,False,True,True,Di Luar Area Pantauan (>1000m dari Desa)
Kendawangan,Pembedilan,"Senin, 21 September 2026 13:50:00",NASA-NOAA20,Medium,110.37999,-2.76889,False,False,False,False,True,True,Di Luar Area Pantauan (>1000m dari Desa)
Kendawangan,Pembedilan,"Senin, 21 September 2026 13:50:00",NASA-NOAA20,Medium,110.3727,-2.77012,False,False,False,False,True,True,Di Luar Area Pantauan (>1000m dari Desa)
Kendawangan,Pembedilan,"Senin, 21 September 2026 13:50:00",NASA-NOAA20,Medium,110.38007,-2.76925,False,False,False,False,True,True,Di Luar Area Pantauan (>1000m dari Desa)
Kendawangan,Air Hitam Besar,"Senin, 21 September 2026 13:50:00",NASA-NOAA20,Medium,110.709,-2.63511,False,False,False,False,False,False,Di Luar Area Pantauan (>1000m dari Desa)
Kendawangan,Seriam,"Senin, 21 September 2026 13:50:00",NASA-NOAA20,Medium,110.37845,-2.73544,False,False,False,False,True,True,Di Luar Area Pantauan (>1000m dari Desa)
Kendawangan,Seriam,"Senin, 21 September 2026 13:50:00",NASA-NOAA20,Medium,110.36969,-2.68005,False,False,False,False,True,True,Di Luar Area Pantauan (>1000m dari Desa)
Kendawangan,Seriam,"Senin, 21 September 2026 13:50:00",NASA-NOAA20,Medium,110.37896,-2.66713,False,False,False,False,True,True,Di Luar Area Pantauan (>1000m dari Desa)
Kendawangan,Seriam,"Senin, 21 September 2026 13:50:00",NASA-NOAA20,Medium,110.34972,-2.67203,False,False,False,False,True,True,Di Luar Area Pantauan (>1000m dari Desa)
Kendawangan,Seriam,"Senin, 21 September 2026 13:50:00",NASA-NOAA20,Medium,110.38622,-2.66592,False,False,False,False,True,True,Di Luar Area Pantauan (>1000m dari Desa)
Kendawangan,Seriam,"Senin, 21 September 2026 13:50:00",NASA-NOAA20,Medium,110.4384,-2.51098,False,False,False,False,False,False,Di Luar Area Pantauan (>1000m dari Desa)
Kendawangan,Seriam,"Senin, 21 September 2026 13:50:00",NASA-NOAA20,Medium,110.43378,-2.506,False,False,False,False,False,False,Di Luar Area Pantauan (>1000m dari Desa)
Kendawangan,Seriam,"Senin, 21 September 2026 13:50:00",NASA-NOAA20,Medium,110.44209,-2.51038,False,False,False,False,True,True,Di Luar Area Pantauan (>1000m dari Desa)
Kendawangan,Seriam,"Senin, 21 September 2026 13:50:00",NASA-NOAA20,Medium,110.44993,-2.48619,False,False,False,False,False,False,Di Luar Area Pantauan (>1000m dari Desa)
Kendawangan,Sungai Jelayan,"Senin, 21 September 2026 13:50:00",NASA-NOAA20,Medium,110.40795,-2.09238,False,False,False,False,False,False,Di Luar Area Pantauan (>1000m dari Desa)
Kendawangan,Air Hitam Besar,"Senin, 21 September 2026 13:50:00",NASA-NOAA20,Medium,110.6585,-2.68984,False,False,False,True,False,True,Di Luar Area Pantauan (>1000m dari Desa)
Matan Hilir Selatan,Sungai Besar,"Senin, 21 September 2026 13:50:00",NASA-NOAA20,Medium,110.24225,-1.86442,False,False,True,True,False,True,Di Luar Area Pantauan (>1000m dari Desa)
Matan Hilir Selatan,Sungai Besar,"Senin, 21 September 2026 13:50:00",NASA-NOAA20,Medium,110.16419,-1.89413,False,False,True,True,False,True,Di Luar Area Pantauan (>1000m dari Desa)
Kendawangan,Air Hitam Besar,"Senin, 21 September 2026 13:50:00",NASA-NOAA20,Medium,110.68385,-2.6509,False,False,False,False,False,False,Di Luar Area Pantauan (>1000m dari Desa)
Kendawangan,Air Hitam Besar,"Senin, 21 September 2026 13:50:00",NASA-NOAA20,Medium,110.65556,-2.69611,False,False,False,False,False,False,Di Luar Area Pantauan (>1000m dari Desa)
Kendawangan,Seriam,"Senin, 21 September 2026 13:50:00",NASA-NOAA20,Medium,110.3821,-2.73484,False,False,True,False,True,True,Di Luar Area Pantauan (>1000m dari Desa)
Kendawangan,Pembedilan,"Senin, 21 September 2026 13:50:00",NASA-NOAA20,Medium,110.37276,-2.77042,False,False,False,False,True,True,Di Luar Area Pantauan (>1000m dari Desa)
Kendawangan,Air Hitam Besar,"Senin, 21 September 2026 13:50:00",NASA-NOAA20,Medium,110.67999,-2.65153,False,False,False,False,False,False,Di Luar Area Pantauan (>1000m dari Desa)
Kendawangan,Seriam,"Senin, 21 September 2026 13:50:00",NASA-NOAA20,Medium,110.36848,-2.72002,False,False,False,False,True,True,Di Luar Area Pantauan (>1000m dari Desa)
Kendawangan,Seriam,"Senin, 21 September 2026 13:50:00",NASA-NOAA20,Medium,110.36224,-2.70401,False,False,False,False,True,True,Di Luar Area Pantauan (>1000m dari Desa)
Kendawangan,Air Hitam Besar,"Senin, 21 September 2026 13:50:00",NASA-NOAA20,Medium,110.65572,-2.69935,False,False,False,False,False,False,Di Luar Area Pantauan (>1000m dari Desa)
Kendawangan,Seriam,"Senin, 21 September 2026 13:50:00",NASA-NOAA20,Medium,110.38748,-2.74489,False,False,False,False,True,True,Di Luar Area Pantauan (>1000m dari Desa)
Kendawangan,Kendawangan Kanan,"Senin, 21 September 2026 13:50:00",NASA-NOAA20,Medium,110.27887,-2.78547,False,False,False,True,True,True,Di Luar Area Pantauan (>1000m dari Desa)
Kendawangan,Kendawangan Kanan,"Senin, 21 September 2026 13:50:00",NASA-NOAA20,Medium,110.28619,-2.78465,False,False,False,True,True,True,Di Luar Area Pantauan (>1000m dari Desa)
Kendawangan,Kendawangan Kanan,"Senin, 21 September 2026 13:50:00",NASA-NOAA20,Medium,110.28417,-2.81884,False,False,False,True,True,True,Di Luar Area Pantauan (>1000m dari Desa)
Kendawangan,Pembedilan,"Senin, 21 September 2026 13:50:00",NASA-NOAA20,Medium,110.42538,-2.79545,False,False,False,False,True,True,Di Luar Area Pantauan (>1000m dari Desa)
Kendawangan,Natai Kuini,"Senin, 21 September 2026 13:50:00",NASA-NOAA20,Medium,110.69815,-2.96495,False,False,False,False,False,False,Di Luar Area Pantauan (>1000m dari Desa)
Kendawangan,Natai Kuini,"Senin, 21 September 2026 13:50:00",NASA-NOAA20,Medium,110.85945,-2.83061,False,False,False,False,True,True,Di Luar Area Pantauan (>1000m dari Desa)
Kendawangan,Natai Kuini,"Senin, 21 September 2026 13:50:00",NASA-NOAA20,Medium,110.85862,-2.82489,False,False,False,False,True,True,Di Luar Area Pantauan (>1000m dari Desa)
Kendawangan,Air Hitam Besar,"Senin, 21 September 2026 13:50:00",NASA-NOAA20,Medium,110.69236,-2.6553,False,False,False,False,False,False,Di Luar Area Pantauan (>1000m dari Desa)
Kendawangan,Kendawangan Kanan,"Senin, 21 September 2026 13:50:00",NASA-NOAA20,Medium,110.27905,-2.78585,False,False,False,True,True,True,Di Luar Area Pantauan (>1000m dari Desa)
Matan Hilir Selatan,Pematang Gadung,"Senin, 21 September 2026 13:50:00",NASA-NOAA20,Medium,110.22157,-1.97528,False,False,False,True,False,True,Di Luar Area Pantauan (>1000m dari Desa)
Kendawangan,Air Hitam Besar,"Senin, 21 September 2026 13:50:00",NASA-NOAA20,Medium,110.66953,-2.73757,False,False,False,False,False,False,Di Luar Area Pantauan (>1000m dari Desa)
Kendawangan,Kendawangan Kanan,"Senin, 21 September 2026 13:50:00",NASA-NOAA20,Medium,110.28688,-2.81275,False,False,False,True,True,True,Di Luar Area Pantauan (>1000m dari Desa)
Matan Hilir Selatan,Pesaguan Kanan,"Senin, 21 September 2026 13:50:00",NASA-NOAA20,Medium,110.23675,-2.04027,False,False,True,True,False,True,Di Luar Area Pantauan (>1000m dari Desa)
Matan Hilir Selatan,Pesaguan Kanan,"Senin, 21 September 2026 13:50:00",NASA-NOAA20,Medium,110.2394,-2.04066,False,False,True,True,False,True,Di Luar Area Pantauan (>1000m dari Desa)
Kendawangan,Bangkal Serai,"Senin, 21 September 2026 13:50:00",NASA-NOAA20,Medium,110.47021,-2.5445,False,False,False,False,True,True,Di Luar Area Pantauan (>1000m dari Desa)
Kendawangan,Seriam,"Senin, 21 September 2026 13:50:00",NASA-NOAA20,Medium,110.36604,-2.68066,False,False,False,False,True,True,Di Luar Area Pantauan (>1000m dari Desa)
Kendawangan,Seriam,"Senin, 21 September 2026 13:50:00",NASA-NOAA20,Medium,110.37181,-2.64558,False,False,False,False,True,True,Di Luar Area Pantauan (>1000m dari Desa)
Air Upas,Harapan Baru,"Senin, 21 September 2026 13:50:00",NASA-NOAA20,Medium,110.8894,-2.19971,False,False,False,False,False,False,Di Luar Area Pantauan (>1000m dari Desa)
Kendawangan,Sungai Jelayan,"Senin, 21 September 2026 13:50:00",NASA-NOAA20,Medium,110.42798,-2.2521,False,False,False,False,False,False,Di Luar Area Pantauan (>1000m dari Desa)
Kendawangan,Sungai Jelayan,"Senin, 21 September 2026 13:50:00",NASA-NOAA20,Medium,110.43546,-2.25086,False,False,False,False,False,False,Di Luar Area Pantauan (>1000m dari Desa)
Kendawangan,Sungai Jelayan,"Senin, 21 September 2026 13:50:00",NASA-NOAA20,Medium,110.47659,-2.24409,False,False,False,False,False,False,Di Luar Area Pantauan (>1000m dari Desa)
Matan Hilir Selatan,Sungai Besar,"Senin, 21 September 2026 13:50:00",NASA-NOAA20,Medium,110.167,-1.888,False,False,True,True,False,True,Di Luar Area Pantauan (>1000m dari Desa)
Matan Hilir Selatan,Sungai Besar,"Senin, 21 September 2026 13:50:00",NASA-NOAA20,Medium,110.16782,-1.89354,False,False,True,True,False,True,Di Luar Area Pantauan (>1000m dari Desa)
Matan Hilir Selatan,Pagar Mentimun,"Senin, 21 September 2026 13:50:00",NASA-NOAA20,Medium,110.17635,-2.20311,False,False,False,False,False,False,Di Luar Area Pantauan (>1000m dari Desa)
Matan Hilir Selatan,Sungai Nanjung,"Senin, 21 September 2026 13:50:00",NASA-NOAA20,Medium,110.16831,-2.19877,False,False,False,False,False,False,Di Luar Area Pantauan (>1000m dari Desa)
Kendawangan,Seriam,"Senin, 21 September 2026 13:50:00",NASA-NOAA20,Medium,110.3253,-2.63113,False,False,False,False,True,True,Di Luar Area Pantauan (>1000m dari Desa)
Kendawangan,Airhitam Hulu,"Senin, 21 September 2026 13:50:00",NASA-NOAA20,Medium,110.5282,-2.62109,False,False,False,False,True,True,Di Luar Area Pantauan (>1000m dari Desa)
Kendawangan,Pembedilan,"Senin, 21 September 2026 13:50:00",NASA-NOAA20,Medium,110.4341,-2.86719,False,False,False,False,True,True,Di Luar Area Pantauan (>1000m dari Desa)
Kendawangan,Pembedilan,"Senin, 21 September 2026 13:50:00",NASA-NOAA20,Medium,110.44224,-2.87151,False,False,False,False,True,True,Di Luar Area Pantauan (>1000m dari Desa)
Kendawangan,Pembedilan,"Senin, 21 September 2026 13:50:00",NASA-NOAA20,Medium,110.38142,-2.86471,False,False,False,False,True,True,Di Luar Area Pantauan (>1000m dari Desa)
Kendawangan,Natai Kuini,"Senin, 21 September 2026 13:50:00",NASA-NOAA20,Medium,110.76934,-2.81649,False,False,False,False,False,False,Di Luar Area Pantauan (>1000m dari Desa)
Kendawangan,Seriam,"Senin, 21 September 2026 13:50:00",NASA-NOAA20,Medium,110.32442,-2.6256,False,False,False,False,True,True,Di Luar Area Pantauan (>1000m dari Desa)
Kendawangan,Seriam,"Senin, 21 September 2026 13:50:00",NASA-NOAA20,Medium,110.37707,-2.65114,False,False,False,False,True,True,Di Luar Area Pantauan (>1000m dari Desa)
Kendawangan,Seriam,"Senin, 21 September 2026 13:50:00",NASA-NOAA20,Medium,110.37338,-2.65173,False,False,False,False,True,True,Di Luar Area Pantauan (>1000m dari Desa)
Kendawangan,Seriam,"Senin, 21 September 2026 13:50:00",NASA-NOAA20,Medium,110.35324,-2.66633,False,False,False,False,True,True,Di Luar Area Pantauan (>1000m dari Desa)
Kendawangan,Pembedilan,"Senin, 21 September 2026 13:50:00",NASA-NOAA20,Medium,110.43309,-2.86818,False,False,False,False,True,True,Di Luar Area Pantauan (>1000m dari Desa)
Kendawangan,Pembedilan,"Senin, 21 September 2026 13:50:00",NASA-NOAA20,Medium,110.43676,-2.86759,False,False,False,False,True,True,Di Luar Area Pantauan (>1000m dari Desa)
Kendawangan,Pembedilan,"Senin, 21 September 2026 13:50:00",NASA-NOAA20,Medium,110.3769,-2.8598,False,False,False,False,True,True,Di Luar Area Pantauan (>1000m dari Desa)
Kendawangan,Pembedilan,"Senin, 21 September 2026 13:50:00",NASA-NOAA20,Medium,110.44244,-2.84869,False,False,False,False,True,True,Di Luar Area Pantauan (>1000m dari Desa)
Kendawangan,Seriam,"Senin, 21 September 2026 13:50:00",NASA-NOAA20,Medium,110.34958,-2.66691,False,False,False,False,True,True,Di Luar Area Pantauan (>1000m dari Desa)
Kendawangan,Pembedilan,"Senin, 21 September 2026 13:50:00",NASA-NOAA20,Medium,110.38112,-2.87086,False,False,False,False,True,True,Di Luar Area Pantauan (>1000m dari Desa)
Kendawangan,Pembedilan,"Senin, 21 September 2026 13:50:00",NASA-NOAA20,Medium,110.4404,-2.867,False,False,False,False,True,True,Di Luar Area Pantauan (>1000m dari Desa)
Kendawangan,Pembedilan,"Senin, 21 September 2026 13:50:00",NASA-NOAA20,Medium,110.38025,-2.86533,False,False,False,False,True,True,Di Luar Area Pantauan (>1000m dari Desa)
Kendawangan,Seriam,"Senin, 21 September 2026 13:50:00",NASA-NOAA20,Medium,110.36817,-2.64619,False,False,False,False,True,True,Di Luar Area Pantauan (>1000m dari Desa)
Kendawangan,Pembedilan,"Senin, 21 September 2026 13:50:00",NASA-NOAA20,Medium,110.38201,-2.87638,False,False,False,False,True,True,Di Luar Area Pantauan (>1000m dari Desa)
Kendawangan,Pembedilan,"Senin, 21 September 2026 13:50:00",NASA-NOAA20,Medium,110.44144,-2.84976,False,False,False,False,True,True,Di Luar Area Pantauan (>1000m dari Desa)
Kendawangan,Seriam,"Senin, 21 September 2026 13:50:00",NASA-NOAA20,Medium,110.369,-2.65174,False,False,False,False,True,True,Di Luar Area Pantauan (>1000m dari Desa)
Kendawangan,Seriam,"Senin, 21 September 2026 13:50:00",NASA-NOAA20,Medium,110.37265,-2.65112,False,False,False,False,True,True,Di Luar Area Pantauan (>1000m dari Desa)
Kendawangan,Seriam,"Senin, 21 September 2026 13:50:00",NASA-NOAA20,Medium,110.37718,-2.65605,False,False,False,False,True,True,Di Luar Area Pantauan (>1000m dari Desa)
Kendawangan,Seriam,"Senin, 21 September 2026 13:50:00",NASA-NOAA20,Medium,110.34888,-2.66649,False,False,False,False,True,True,Di Luar Area Pantauan (>1000m dari Desa)
Kendawangan,Seriam,"Senin, 21 September 2026 13:50:00",NASA-NOAA20,Medium,110.38259,-2.66653,False,False,False,False,True,True,Di Luar Area Pantauan (>1000m dari Desa)
Kendawangan,Seriam,"Senin, 21 September 2026 13:50:00",NASA-NOAA20,Medium,110.36238,-2.68127,False,False,False,False,True,True,Di Luar Area Pantauan (>1000m dari Desa)
Kendawangan,Seriam,"Senin, 21 September 2026 13:50:00",NASA-NOAA20,Medium,110.38344,-2.67207,False,False,False,False,True,True,Di Luar Area Pantauan (>1000m dari Desa)
Kendawangan,Seriam,"Senin, 21 September 2026 13:50:00",NASA-NOAA20,Medium,110.35786,-2.67634,False,False,False,False,True,True,Di Luar Area Pantauan (>1000m dari Desa)
Kendawangan,Seriam,"Senin, 21 September 2026 13:50:00",NASA-NOAA20,Medium,110.37333,-2.67945,False,False,False,False,True,True,Di Luar Area Pantauan (>1000m dari Desa)
Kendawangan,Kendawangan Kanan,"Senin, 21 September 2026 13:50:00",NASA-NOAA20,Medium,110.28176,-2.77975,False,False,False,True,True,True,Di Luar Area Pantauan (>1000m dari Desa)
Kendawangan,Kendawangan Kanan,"Senin, 21 September 2026 13:50:00",NASA-NOAA20,Medium,110.27734,-2.77485,False,False,False,True,True,True,Di Luar Area Pantauan (>1000m dari Desa)
Kendawangan,Kendawangan Kanan,"Senin, 21 September 2026 13:50:00",NASA-NOAA20,Medium,110.28158,-2.77939,False,False,False,True,True,True,Di Luar Area Pantauan (>1000m dari Desa)
Kendawangan,Pembedilan,"Senin, 21 September 2026 13:50:00",NASA-NOAA20,Medium,110.38363,-2.76828,False,False,False,False,True,True,Di Luar Area Pantauan (>1000m dari Desa)
Kendawangan,Seriam,"Senin, 21 September 2026 13:50:00",NASA-NOAA20,Medium,110.3847,-2.75105,False,False,False,False,True,True,Di Luar Area Pantauan (>1000m dari Desa)
Kendawangan,Kendawangan Kanan,"Senin, 21 September 2026 13:50:00",NASA-NOAA20,Medium,110.27819,-2.78035,False,False,False,True,True,True,Di Luar Area Pantauan (>1000m dari Desa)
Kendawangan,Pembedilan,"Senin, 21 September 2026 13:50:00",NASA-NOAA20,Medium,110.38372,-2.76866,False,False,False,False,True,True,Di Luar Area Pantauan (>1000m dari Desa)
Kendawangan,Pembedilan,"Senin, 21 September 2026 13:50:00",NASA-NOAA20,Medium,110.38647,-2.76254,False,False,False,False,True,True,Di Luar Area Pantauan (>1000m dari Desa)
Kendawangan,Pembedilan,"Senin, 21 September 2026 13:50:00",NASA-NOAA20,Medium,110.39016,-2.76195,False,False,False,False,True,True,Di Luar Area Pantauan (>1000m dari Desa)
Kendawangan,Pembedilan,"Senin, 21 September 2026 13:50:00",NASA-NOAA20,Medium,110.3918,-2.77259,False,False,False,False,True,True,Di Luar Area Pantauan (>1000m dari Desa)
Kendawangan,Seriam,"Senin, 21 September 2026 13:50:00",NASA-NOAA20,Medium,110.37698,-2.67884,False,False,False,False,True,True,Di Luar Area Pantauan (>1000m dari Desa)
Kendawangan,Seriam,"Senin, 21 September 2026 13:50:00",NASA-NOAA20,Medium,110.36066,-2.6702,False,False,False,False,True,True,Di Luar Area Pantauan (>1000m dari Desa)
Jelai Hulu,Semantun,"Senin, 21 September 2026 13:50:00",NASA-NOAA20,Medium,111.04362,-2.04946,False,False,False,False,False,False,Di Luar Area Pantauan (>1000m dari Desa)
Matan Hilir Selatan,Sungai Besar,"Senin, 21 September 2026 13:50:00",NASA-NOAA20,Medium,110.25904,-1.85027,False,False,True,True,False,True,Di Luar Area Pantauan (>1000m dari Desa)
Matan Hilir Selatan,Sungai Besar,"Senin, 21 September 2026 13:50:00",NASA-NOAA20,Medium,110.16338,-1.88858,False,False,True,True,False,True,Di Luar Area Pantauan (>1000m dari Desa)
Matan Hilir Selatan,Sungai Besar,"Senin, 21 September 2026 13:50:00",NASA-NOAA20,Medium,110.24516,-1.85824,False,False,True,True,False,True,Di Luar Area Pantauan (>1000m dari Desa)
Kendawangan,Pembedilan,"Senin, 21 September 2026 13:50:00",NASA-NOAA20,Medium,110.4379,-2.84377,False,False,False,False,True,True,Di Luar Area Pantauan (>1000m dari Desa)
Kendawangan,Pembedilan,"Senin, 21 September 2026 13:50:00",NASA-NOAA20,Medium,110.44587,-2.8709,False,False,False,False,True,True,Di Luar Area Pantauan (>1000m dari Desa)
Kendawangan,Pembedilan,"Senin, 21 September 2026 13:50:00",NASA-NOAA20,Medium,110.44502,-2.86535,False,False,False,False,True,True,Di Luar Area Pantauan (>1000m dari Desa)
Kendawangan,Pembedilan,"Senin, 21 September 2026 13:50:00",NASA-NOAA20,Medium,110.37662,-2.86591,False,False,False,False,True,True,Di Luar Area Pantauan (>1000m dari Desa)
Kendawangan,Seriam,"Senin, 21 September 2026 13:50:00",NASA-NOAA20,Medium,110.37794,-2.65669,False,False,False,False,True,True,Di Luar Area Pantauan (>1000m dari Desa)
Kendawangan,Pembedilan,"Senin, 21 September 2026 13:50:00",NASA-NOAA20,Medium,110.39687,-2.82858,False,False,False,False,True,True,Di Luar Area Pantauan (>1000m dari Desa)
Kendawangan,Sungai Jelayan,"Senin, 21 September 2026 13:50:00",NASA-NOAA20,Medium,110.41173,-2.09178,False,False,False,False,False,False,Di Luar Area Pantauan (>1000m dari Desa)
Kendawangan,Seriam,"Senin, 21 September 2026 13:50:00",NASA-NOAA20,Medium,110.25861,-2.63069,False,False,False,False,True,True,Di Luar Area Pantauan (>1000m dari Desa)
Kendawangan,Seriam,"Senin, 21 September 2026 13:50:00",NASA-NOAA20,Medium,110.43466,-2.51158,False,False,False,False,False,False,Di Luar Area Pantauan (>1000m dari Desa)
Matan Hilir Selatan,Sungai Nanjung,"Senin, 21 September 2026 13:50:00",NASA-NOAA20,Medium,110.2509,-2.15687,False,False,True,True,True,True,Di Luar Area Pantauan (>1000m dari Desa)
Matan Hilir Selatan,Pesaguan Kanan,"Senin, 21 September 2026 13:50:00",NASA-NOAA20,Medium,110.23573,-2.04124,False,False,True,True,False,True,Di Luar Area Pantauan (>1000m dari Desa)
Matan Hilir Selatan,Sungai Nanjung,"Senin, 21 September 2026 13:50:00",NASA-NOAA20,Medium,110.24722,-2.15748,False,False,True,True,False,True,Di Luar Area Pantauan (>1000m dari Desa)
Kendawangan,Kendawangan Kanan,"Senin, 21 September 2026 13:50:00",NASA-NOAA20,Medium,110.278,-2.77997,False,False,False,True,True,True,Di Luar Area Pantauan (>1000m dari Desa)
Kendawangan,Seriam,"Senin, 21 September 2026 13:50:00",NASA-NOAA20,Medium,110.38707,-2.67147,False,False,False,False,True,True,Di Luar Area Pantauan (>1000m dari Desa)
Kendawangan,Kendawangan Kanan,"Senin, 21 September 2026 13:50:00",NASA-NOAA20,Medium,110.28789,-2.79565,False,False,False,True,True,True,Di Luar Area Pantauan (>1000m dari Desa)
Kendawangan,Pembedilan,"Senin, 21 September 2026 13:50:00",NASA-NOAA20,Medium,110.58317,-2.73091,False,False,False,False,False,False,Di Luar Area Pantauan (>1000m dari Desa)
Kendawangan,Pembedilan,"Senin, 21 September 2026 13:50:00",NASA-NOAA20,Medium,110.38563,-2.757,False,False,False,False,True,True,Di Luar Area Pantauan (>1000m dari Desa)
Kendawangan,Seriam,"Senin, 21 September 2026 13:50:00",NASA-NOAA20,Medium,110.38298,-2.74038,False,False,True,False,True,True,Di Luar Area Pantauan (>1000m dari Desa)
Kendawangan,Kendawangan Kanan,"Senin, 21 September 2026 13:50:00",NASA-NOAA20,Medium,110.28346,-2.79075,False,False,False,True,True,True,Di Luar Area Pantauan (>1000m dari Desa)
Kendawangan,Pembedilan,"Senin, 21 September 2026 13:50:00",NASA-NOAA20,Medium,110.3864,-2.76213,False,False,False,False,True,True,Di Luar Area Pantauan (>1000m dari Desa)
Kendawangan,Kendawangan Kanan,"Senin, 21 September 2026 13:50:00",NASA-NOAA20,Medium,110.28704,-2.79015,False,False,False,True,True,True,Di Luar Area Pantauan (>1000m dari Desa)
Jelai Hulu,Air Dua,"Selasa, 22 September 2026 00:49:00",NASA-NOAA20,Medium,110.81747,-1.91901,False,False,False,False,False,False,Di Luar Area Pantauan (>1000m dari Desa)
Marau,Rangkung,"Selasa, 22 September 2026 00:49:00",NASA-NOAA20,Medium,110.52265,-2.20907,False,False,False,False,False,False,Di Luar Area Pantauan (>1000m dari Desa)
Manis Mata,Suak Burung,"Selasa, 22 September 2026 00:49:00",NASA-NOAA20,Medium,111.01033,-2.35739,False,False,False,False,False,False,Di Luar Area Pantauan (>1000m dari Desa)
Matan Hilir Selatan,Pagar Mentimun,"Selasa, 22 September 2026 00:49:00",NASA-NOAA20,Medium,110.1905,-2.21682,False,False,False,False,False,False,Di Luar Area Pantauan (>1000m dari Desa)
Matan Hilir Selatan,Sungai Nanjung,"Selasa, 22 September 2026 00:49:00",NASA-NOAA20,Medium,110.16852,-2.19726,False,False,False,False,False,False,Di Luar Area Pantauan (>1000m dari Desa)
Jelai Hulu,Semantun,"Selasa, 22 September 2026 00:49:00",NASA-NOAA20,Medium,111.0403,-2.08581,False,False,False,False,False,False,Di Luar Area Pantauan (>1000m dari Desa)
Matan Hilir Selatan,Sungai Nanjung,"Selasa, 22 September 2026 00:49:00",NASA-NOAA20,Medium,110.23912,-2.14799,False,False,True,True,False,True,Di Luar Area Pantauan (>1000m dari Desa)
Matan Hilir Selatan,Sungai Nanjung,"Selasa, 22 September 2026 00:49:00",NASA-NOAA20,Medium,110.24762,-2.15732,False,False,True,True,False,True,Di Luar Area Pantauan (>1000m dari Desa)
Matan Hilir Selatan,Pagar Mentimun,"Selasa, 22 September 2026 00:49:00",NASA-NOAA20,Medium,110.1679,-2.20116,False,False,False,False,False,False,Di Luar Area Pantauan (>1000m dari Desa)
Kendawangan,Sungai Jelayan,"Selasa, 22 September 2026 00:49:00",NASA-NOAA20,Medium,110.42691,-2.24735,False,False,False,False,False,False,Di Luar Area Pantauan (>1000m dari Desa)
Matan Hilir Selatan,Pagar Mentimun,"Selasa, 22 September 2026 00:49:00",NASA-NOAA20,Medium,110.17216,-2.20585,False,False,False,False,False,False,Di Luar Area Pantauan (>1000m dari Desa)
Kendawangan,Sungai Jelayan,"Selasa, 22 September 2026 00:49:00",NASA-NOAA20,Medium,110.43636,-2.24889,False,False,False,False,False,False,Di Luar Area Pantauan (>1000m dari Desa)
Matan Hilir Selatan,Pagar Mentimun,"Selasa, 22 September 2026 00:49:00",NASA-NOAA20,Medium,110.17279,-2.20196,False,False,False,False,False,False,Di Luar Area Pantauan (>1000m dari Desa)
Kendawangan,Sungai Jelayan,"Selasa, 22 September 2026 00:49:00",NASA-NOAA20,Medium,110.43164,-2.24812,False,False,False,False,False,False,Di Luar Area Pantauan (>1000m dari Desa)
Kendawangan,Pangkalan Batu,"Selasa, 22 September 2026 00:49:00",NASA-NOAA20,Medium,110.37577,-2.15805,False,False,False,False,False,False,Di Luar Area Pantauan (>1000m dari Desa)
Matan Hilir Selatan,Sungai Nanjung,"Selasa, 22 September 2026 00:49:00",NASA-NOAA20,Medium,110.19946,-2.14563,False,False,False,True,False,True,Di Luar Area Pantauan (>1000m dari Desa)
Matan Hilir Selatan,Sungai Nanjung,"Selasa, 22 September 2026 00:49:00",NASA-NOAA20,Medium,110.24337,-2.15266,False,False,True,True,False,True,Di Luar Area Pantauan (>1000m dari Desa)
Kendawangan,Sungai Jelayan,"Selasa, 22 September 2026 00:49:00",NASA-NOAA20,Medium,110.43575,-2.25272,False,False,False,False,False,False,Di Luar Area Pantauan (>1000m dari Desa)
Kendawangan,Sungai Jelayan,"Selasa, 22 September 2026 00:49:00",NASA-NOAA20,Medium,110.47121,-2.2428,False,False,False,False,False,False,Di Luar Area Pantauan (>1000m dari Desa)
Kendawangan,Sungai Jelayan,"Selasa, 22 September 2026 00:49:00",NASA-NOAA20,Medium,110.4263,-2.25119,False,False,False,False,False,False,Di Luar Area Pantauan (>1000m dari Desa)
Kendawangan,Sungai Jelayan,"Selasa, 22 September 2026 00:49:00",NASA-NOAA20,Medium,110.4304,-2.25578,False,False,False,False,False,False,Di Luar Area Pantauan (>1000m dari Desa)
Kendawangan,Banjar Sari,"Selasa, 22 September 2026 00:49:00",NASA-NOAA20,Medium,110.44809,-2.34751,False,False,False,False,False,False,Di Luar Area Pantauan (>1000m dari Desa)
Kendawangan,Banjar Sari,"Selasa, 22 September 2026 00:49:00",NASA-NOAA20,Medium,110.45279,-2.34828,False,False,False,False,False,False,Di Luar Area Pantauan (>1000m dari Desa)
Kendawangan,Selimantan Jaya,"Selasa, 22 September 2026 00:49:00",NASA-NOAA20,Medium,110.53082,-2.21818,False,False,False,False,False,False,Di Luar Area Pantauan (>1000m dari Desa)
Matan Hilir Selatan,Sungai Nanjung,"Selasa, 22 September 2026 00:49:00",NASA-NOAA20,Medium,110.24822,-2.15343,False,False,True,True,False,True,Di Luar Area Pantauan (>1000m dari Desa)
Kendawangan,Sungai Jelayan,"Selasa, 22 September 2026 00:49:00",NASA-NOAA20,Medium,110.42568,-2.25502,False,False,False,False,False,False,Di Luar Area Pantauan (>1000m dari Desa)
Kendawangan,Seriam,"Selasa, 22 September 2026 00:52:00",NASA-NOAA20,Medium,110.4462,-2.4911,False,False,False,False,False,False,Di Luar Area Pantauan (>1000m dari Desa)
Kendawangan,Seriam,"Selasa, 22 September 2026 00:52:00",NASA-NOAA20,Medium,110.43444,-2.50487,False,False,False,False,False,False,Di Luar Area Pantauan (>1000m dari Desa)
Kendawangan,Seriam,"Selasa, 22 September 2026 00:52:00",NASA-NOAA20,Medium,110.43913,-2.50562,False,False,False,False,False,False,Di Luar Area Pantauan (>1000m dari Desa)
Kendawangan,Seriam,"Selasa, 22 September 2026 00:52:00",NASA-NOAA20,Medium,110.43382,-2.50868,False,False,False,False,False,False,Di Luar Area Pantauan (>1000m dari Desa)
Kendawangan,Seriam,"Selasa, 22 September 2026 00:52:00",NASA-NOAA20,Medium,110.4385,-2.50943,False,False,False,False,False,False,Di Luar Area Pantauan (>1000m dari Desa)
Kendawangan,Air Hitam Besar,"Selasa, 22 September 2026 00:52:00",NASA-NOAA20,Medium,110.68824,-2.64251,False,False,False,False,False,False,Di Luar Area Pantauan (>1000m dari Desa)
Kendawangan,Air Hitam Besar,"Selasa, 22 September 2026 00:52:00",NASA-NOAA20,Medium,110.68372,-2.64178,False,False,False,False,False,False,Di Luar Area Pantauan (>1000m dari Desa)
Kendawangan,Airhitam Hulu,"Selasa, 22 September 2026 00:52:00",NASA-NOAA20,Medium,110.63902,-2.63071,False,False,False,False,False,False,Di Luar Area Pantauan (>1000m dari Desa)
Kendawangan,Airhitam Hulu,"Selasa, 22 September 2026 00:52:00",NASA-NOAA20,Medium,110.60622,-2.66023,False,False,False,False,False,False,Di Luar Area Pantauan (>1000m dari Desa)
Kendawangan,Air Hitam Besar,"Selasa, 22 September 2026 00:52:00",NASA-NOAA20,Medium,110.65714,-2.69147,False,False,False,True,False,True,Di Luar Area Pantauan (>1000m dari Desa)
Kendawangan,Airhitam Hulu,"Selasa, 22 September 2026 00:52:00",NASA-NOAA20,Medium,110.65139,-2.69827,False,False,False,False,False,False,Di Luar Area Pantauan (>1000m dari Desa)
Kendawangan,Air Hitam Besar,"Selasa, 22 September 2026 00:52:00",NASA-NOAA20,Medium,110.65593,-2.69899,False,False,False,False,False,False,Di Luar Area Pantauan (>1000m dari Desa)
Kendawangan,Danau Buntar,"Selasa, 22 September 2026 00:52:00",NASA-NOAA20,Medium,110.92358,-2.62727,False,False,True,False,False,True,Di Luar Area Pantauan (>1000m dari Desa)
Kendawangan,Air Hitam Besar,"Selasa, 22 September 2026 00:52:00",NASA-NOAA20,Medium,110.76241,-2.61229,False,False,False,False,False,False,Di Luar Area Pantauan (>1000m dari Desa)
Kendawangan,Airhitam Hulu,"Selasa, 22 September 2026 00:52:00",NASA-NOAA20,Medium,110.63567,-2.62244,False,False,False,False,False,False,Di Luar Area Pantauan (>1000m dari Desa)
Kendawangan,Air Hitam Besar,"Selasa, 22 September 2026 00:52:00",NASA-NOAA20,Medium,110.68191,-2.65305,False,False,False,False,False,False,Di Luar Area Pantauan (>1000m dari Desa)
Kendawangan,Air Hitam Besar,"Selasa, 22 September 2026 00:52:00",NASA-NOAA20,Medium,110.65775,-2.68771,False,False,False,True,False,True,Di Luar Area Pantauan (>1000m dari Desa)
Kendawangan,Air Hitam Besar,"Selasa, 22 September 2026 00:52:00",NASA-NOAA20,Medium,110.69276,-2.64324,False,False,False,False,False,False,Di Luar Area Pantauan (>1000m dari Desa)
Kendawangan,Air Hitam Besar,"Selasa, 22 September 2026 00:52:00",NASA-NOAA20,Medium,110.69216,-2.64699,False,False,False,False,False,False,Di Luar Area Pantauan (>1000m dari Desa)
Kendawangan,Air Hitam Besar,"Selasa, 22 September 2026 00:52:00",NASA-NOAA20,Medium,110.65654,-2.69523,False,False,False,True,False,True,Di Luar Area Pantauan (>1000m dari Desa)
Kendawangan,Air Hitam Besar,"Selasa, 22 September 2026 00:52:00",NASA-NOAA20,Medium,110.65874,-2.69245,False,False,False,True,False,True,Di Luar Area Pantauan (>1000m dari Desa)
Kendawangan,Air Hitam Besar,"Selasa, 22 September 2026 00:52:00",NASA-NOAA20,Medium,110.65299,-2.69921,False,False,False,False,False,False,Di Luar Area Pantauan (>1000m dari Desa)
Kendawangan,Air Hitam Besar,"Selasa, 22 September 2026 00:52:00",NASA-NOAA20,Medium,110.66357,-2.72021,False,False,False,False,False,False,Di Luar Area Pantauan (>1000m dari Desa)
Kendawangan,Air Hitam Besar,"Selasa, 22 September 2026 00:52:00",NASA-NOAA20,Medium,110.68939,-2.73212,False,False,False,False,False,False,Di Luar Area Pantauan (>1000m dari Desa)
Kendawangan,Danau Buntar,"Selasa, 22 September 2026 00:52:00",NASA-NOAA20,Medium,110.95818,-2.78335,False,False,False,False,False,False,Di Luar Area Pantauan (>1000m dari Desa)
Kendawangan,Air Hitam Besar,"Selasa, 22 September 2026 00:52:00",NASA-NOAA20,Medium,110.76543,-2.81475,False,False,False,True,False,True,Di Luar Area Pantauan (>1000m dari Desa)
Kendawangan,Natai Kuini,"Selasa, 22 September 2026 00:52:00",NASA-NOAA20,Medium,110.7699,-2.81548,False,False,False,False,False,False,Di Luar Area Pantauan (>1000m dari Desa)
Kendawangan,Natai Kuini,"Selasa, 22 September 2026 00:52:00",NASA-NOAA20,Medium,110.76485,-2.81847,False,False,False,False,False,False,Di Luar Area Pantauan (>1000m dari Desa)
Kendawangan,Air Hitam Besar,"Selasa, 22 September 2026 00:52:00",NASA-NOAA20,Medium,110.66416,-2.71646,False,False,False,False,False,False,Di Luar Area Pantauan (>1000m dari Desa)
Kendawangan,Air Hitam Besar,"Selasa, 22 September 2026 00:52:00",NASA-NOAA20,Medium,110.65904,-2.71948,False,False,False,False,False,False,Di Luar Area Pantauan (>1000m dari Desa)
Kendawangan,Seriam,"Selasa, 22 September 2026 00:52:00",NASA-NOAA20,Medium,110.26103,-2.6466,False,False,False,True,True,True,Di Luar Area Pantauan (>1000m dari Desa)
Kendawangan,Air Hitam Besar,"Selasa, 22 September 2026 00:52:00",NASA-NOAA20,Medium,110.65964,-2.71572,False,False,False,False,False,False,Di Luar Area Pantauan (>1000m dari Desa)
Kendawangan,Danau Buntar,"Selasa, 22 September 2026 00:52:00",NASA-NOAA20,Medium,110.95876,-2.77966,False,False,False,False,False,False,Di Luar Area Pantauan (>1000m dari Desa)
Kendawangan,Natai Kuini,"Selasa, 22 September 2026 00:52:00",NASA-NOAA20,Medium,110.79098,-2.81357,False,False,False,True,False,True,Di Luar Area Pantauan (>1000m dari Desa)
Kendawangan,Air Hitam Besar,"Selasa, 22 September 2026 00:52:00",NASA-NOAA20,Medium,110.76429,-2.80934,False,False,False,True,False,True,Di Luar Area Pantauan (>1000m dari Desa)
Kendawangan,Natai Kuini,"Selasa, 22 September 2026 00:52:00",NASA-NOAA20,Medium,110.76424,-2.8222,False,False,False,False,False,False,Di Luar Area Pantauan (>1000m dari Desa)
Kendawangan,Natai Kuini,"Selasa, 22 September 2026 00:52:00",NASA-NOAA20,Medium,110.8617,-2.82479,False,False,False,False,True,True,Di Luar Area Pantauan (>1000m dari Desa)
Kendawangan,Air Hitam Besar,"Selasa, 22 September 2026 00:52:00",NASA-NOAA20,Medium,110.67799,-2.64856,False,False,False,False,False,False,Di Luar Area Pantauan (>1000m dari Desa)
Kendawangan,Natai Kuini,"Selasa, 22 September 2026 00:52:00",NASA-NOAA20,Medium,110.76754,-2.8175,False,False,False,False,False,False,Di Luar Area Pantauan (>1000m dari Desa)
Kendawangan,Air Hitam Besar,"Selasa, 22 September 2026 00:52:00",NASA-NOAA20,Medium,110.68251,-2.64929,False,False,False,False,False,False,Di Luar Area Pantauan (>1000m dari Desa)
Kendawangan,Airhitam Hulu,"Selasa, 22 September 2026 00:52:00",NASA-NOAA20,Medium,110.62838,-2.66762,False,False,False,False,False,False,Di Luar Area Pantauan (>1000m dari Desa)
Kendawangan,Air Hitam Besar,"Selasa, 22 September 2026 00:52:00",NASA-NOAA20,Medium,110.76628,-2.61676,False,False,False,False,False,False,Di Luar Area Pantauan (>1000m dari Desa)
Kendawangan,Seriam,"Selasa, 22 September 2026 00:52:00",NASA-NOAA20,Medium,110.44743,-2.48347,False,False,False,False,False,False,Di Luar Area Pantauan (>1000m dari Desa)
Kendawangan,Seriam,"Selasa, 22 September 2026 00:52:00",NASA-NOAA20,Medium,110.4521,-2.48423,False,False,False,False,False,False,Di Luar Area Pantauan (>1000m dari Desa)
Kendawangan,Air Hitam Besar,"Selasa, 22 September 2026 00:52:00",NASA-NOAA20,Medium,110.65199,-2.69451,False,False,False,False,False,False,Di Luar Area Pantauan (>1000m dari Desa)
Kendawangan,Air Hitam Besar,"Selasa, 22 September 2026 00:52:00",NASA-NOAA20,Medium,110.68312,-2.64554,False,False,False,False,False,False,Di Luar Area Pantauan (>1000m dari Desa)
Kendawangan,Air Hitam Besar,"Selasa, 22 September 2026 00:52:00",NASA-NOAA20,Medium,110.76688,-2.61303,False,False,False,False,False,False,Di Luar Area Pantauan (>1000m dari Desa)
Kendawangan,Danau Buntar,"Selasa, 22 September 2026 00:52:00",NASA-NOAA20,Medium,110.98225,-2.77213,False,False,False,False,False,False,Di Luar Area Pantauan (>1000m dari Desa)
Kendawangan,Airhitam Hulu,"Selasa, 22 September 2026 00:52:00",NASA-NOAA20,Medium,110.62659,-2.62097,False,False,True,False,False,True,Di Luar Area Pantauan (>1000m dari Desa)
Kendawangan,Airhitam Hulu,"Selasa, 22 September 2026 00:52:00",NASA-NOAA20,Medium,110.60561,-2.664,False,False,False,False,False,False,Di Luar Area Pantauan (>1000m dari Desa)
Kendawangan,Airhitam Hulu,"Selasa, 22 September 2026 00:52:00",NASA-NOAA20,Medium,110.63628,-2.61868,False,False,False,False,False,False,Di Luar Area Pantauan (>1000m dari Desa)
Kendawangan,Airhitam Hulu,"Selasa, 22 September 2026 00:52:00",NASA-NOAA20,Medium,110.63962,-2.62694,False,False,False,False,False,False,Di Luar Area Pantauan (>1000m dari Desa)
Kendawangan,Air Hitam Besar,"Selasa, 22 September 2026 00:52:00",NASA-NOAA20,Medium,110.6536,-2.69546,False,False,False,False,False,False,Di Luar Area Pantauan (>1000m dari Desa)
Kendawangan,Air Hitam Besar,"Selasa, 22 September 2026 00:52:00",NASA-NOAA20,Medium,110.65933,-2.68869,False,False,False,True,False,True,Di Luar Area Pantauan (>1000m dari Desa)
Kendawangan,Danau Buntar,"Selasa, 22 September 2026 00:52:00",NASA-NOAA20,Medium,110.96252,-2.78405,False,False,False,False,False,False,Di Luar Area Pantauan (>1000m dari Desa)
Kendawangan,Seriam,"Selasa, 22 September 2026 00:52:00",NASA-NOAA20,Medium,110.4332,-2.5125,False,False,False,False,False,False,Di Luar Area Pantauan (>1000m dari Desa)
Kendawangan,Seriam,"Selasa, 22 September 2026 00:52:00",NASA-NOAA20,Medium,110.44681,-2.48729,False,False,False,False,False,False,Di Luar Area Pantauan (>1000m dari Desa)
Kendawangan,Danau Buntar,"Selasa, 22 September 2026 00:52:00",NASA-NOAA20,Medium,110.9657,-2.79213,False,False,False,False,False,False,Di Luar Area Pantauan (>1000m dari Desa)
Kendawangan,Danau Buntar,"Selasa, 22 September 2026 00:52:00",NASA-NOAA20,Medium,110.96136,-2.79143,False,False,True,False,False,True,Di Luar Area Pantauan (>1000m dari Desa)
Kendawangan,Danau Buntar,"Selasa, 22 September 2026 00:52:00",NASA-NOAA20,Medium,110.96194,-2.78774,False,False,False,False,False,False,Di Luar Area Pantauan (>1000m dari Desa)
Kendawangan,Danau Buntar,"Selasa, 22 September 2026 00:52:00",NASA-NOAA20,Medium,110.96628,-2.78845,False,False,False,False,False,False,Di Luar Area Pantauan (>1000m dari Desa)
Kendawangan,Air Hitam Besar,"Selasa, 22 September 2026 00:52:00",NASA-NOAA20,Medium,110.71071,-2.74326,False,False,False,False,False,False,Di Luar Area Pantauan (>1000m dari Desa)
Kendawangan,Danau Buntar,"Selasa, 22 September 2026 00:52:00",NASA-NOAA20,Medium,110.97298,-2.7744,False,False,False,False,False,False,Di Luar Area Pantauan (>1000m dari Desa)
Kendawangan,Air Hitam Besar,"Selasa, 22 September 2026 00:52:00",NASA-NOAA20,Medium,110.76369,-2.81307,False,False,False,True,False,True,Di Luar Area Pantauan (>1000m dari Desa)
Kendawangan,Natai Kuini,"Selasa, 22 September 2026 00:52:00",NASA-NOAA20,Medium,110.76693,-2.82123,False,False,False,False,False,False,Di Luar Area Pantauan (>1000m dari Desa)
Kendawangan,Natai Kuini,"Selasa, 22 September 2026 00:52:00",NASA-NOAA20,Medium,110.76247,-2.82053,False,False,False,False,False,False,Di Luar Area Pantauan (>1000m dari Desa)
Kendawangan,Natai Kuini,"Selasa, 22 September 2026 00:52:00",NASA-NOAA20,Medium,110.76814,-2.81378,False,False,False,False,False,False,Di Luar Area Pantauan (>1000m dari Desa)
Kendawangan,Kendawangan Kanan,"Senin, 21 September 2026 13:29:00",NASA-SNPP,Medium,110.24968,-2.7163,False,False,False,True,True,True,Di Luar Area Pantauan (>1000m dari Desa)
Kendawangan,Air Hitam Besar,"Senin, 21 September 2026 13:29:00",NASA-SNPP,Medium,110.67887,-2.64942,False,False,False,False,False,False,Di Luar Area Pantauan (>1000m dari Desa)
Kendawangan,Seriam,"Senin, 21 September 2026 13:29:00",NASA-SNPP,Medium,110.372,-2.68613,False,False,False,False,True,True,Di Luar Area Pantauan (>1000m dari Desa)
Kendawangan,Seriam,"Senin, 21 September 2026 13:29:00",NASA-SNPP,Medium,110.3584,-2.68084,False,False,False,False,True,True,Di Luar Area Pantauan (>1000m dari Desa)
Kendawangan,Kendawangan Kanan,"Senin, 21 September 2026 13:29:00",NASA-SNPP,Medium,110.27914,-2.77942,False,False,False,True,True,True,Di Luar Area Pantauan (>1000m dari Desa)
Kendawangan,Air Hitam Besar,"Senin, 21 September 2026 13:29:00",NASA-SNPP,Medium,110.67479,-2.72061,False,False,False,False,False,False,Di Luar Area Pantauan (>1000m dari Desa)
Kendawangan,Air Hitam Besar,"Senin, 21 September 2026 13:29:00",NASA-SNPP,Medium,110.70744,-2.63362,False,False,False,False,False,False,Di Luar Area Pantauan (>1000m dari Desa)
Kendawangan,Seriam,"Senin, 21 September 2026 13:29:00",NASA-SNPP,Medium,110.37341,-2.72301,False,False,True,False,True,True,Di Luar Area Pantauan (>1000m dari Desa)
Kendawangan,Pembedilan,"Senin, 21 September 2026 13:29:00",NASA-SNPP,Medium,110.42609,-2.7971,False,False,False,False,True,True,Di Luar Area Pantauan (>1000m dari Desa)
Matan Hilir Selatan,Pagar Mentimun,"Senin, 21 September 2026 13:29:00",NASA-SNPP,Medium,110.19518,-2.26265,False,False,False,False,False,False,Di Luar Area Pantauan (>1000m dari Desa)
Kendawangan,Pembedilan,"Senin, 21 September 2026 13:29:00",NASA-SNPP,Medium,110.37941,-2.771,False,False,False,False,True,True,Di Luar Area Pantauan (>1000m dari Desa)
Kendawangan,Natai Kuini,"Senin, 21 September 2026 13:29:00",NASA-SNPP,Medium,110.76927,-2.82107,False,False,False,False,False,False,Di Luar Area Pantauan (>1000m dari Desa)
Kendawangan,Natai Kuini,"Senin, 21 September 2026 13:29:00",NASA-SNPP,Medium,110.78664,-2.81832,False,False,False,False,False,False,Di Luar Area Pantauan (>1000m dari Desa)
Kendawangan,Danau Buntar,"Senin, 21 September 2026 13:29:00",NASA-SNPP,Medium,110.96704,-2.78978,False,False,False,False,False,False,Di Luar Area Pantauan (>1000m dari Desa)
Kendawangan,Danau Buntar,"Senin, 21 September 2026 13:29:00",NASA-SNPP,Medium,110.96258,-2.79049,False,False,True,False,False,True,Di Luar Area Pantauan (>1000m dari Desa)
Kendawangan,Pembedilan,"Senin, 21 September 2026 13:29:00",NASA-SNPP,Medium,110.43636,-2.86618,False,False,False,False,True,True,Di Luar Area Pantauan (>1000m dari Desa)
Kendawangan,Pembedilan,"Senin, 21 September 2026 13:29:00",NASA-SNPP,Medium,110.43661,-2.84012,False,False,False,False,True,True,Di Luar Area Pantauan (>1000m dari Desa)
Kendawangan,Pembedilan,"Senin, 21 September 2026 13:29:00",NASA-SNPP,Medium,110.43243,-2.84079,False,False,False,False,True,True,Di Luar Area Pantauan (>1000m dari Desa)
Kendawangan,Pembedilan,"Senin, 21 September 2026 13:29:00",NASA-SNPP,Medium,110.43716,-2.84375,False,False,False,False,True,True,Di Luar Area Pantauan (>1000m dari Desa)
Kendawangan,Pembedilan,"Senin, 21 September 2026 13:29:00",NASA-SNPP,Medium,110.44191,-2.84671,False,False,False,False,True,True,Di Luar Area Pantauan (>1000m dari Desa)
Kendawangan,Pembedilan,"Senin, 21 September 2026 13:29:00",NASA-SNPP,Medium,110.38197,-2.84512,False,False,False,False,True,True,Di Luar Area Pantauan (>1000m dari Desa)
Kendawangan,Pembedilan,"Senin, 21 September 2026 13:29:00",NASA-SNPP,Medium,110.44135,-2.84308,False,False,False,False,True,True,Di Luar Area Pantauan (>1000m dari Desa)
Kendawangan,Kendawangan Kanan,"Senin, 21 September 2026 13:29:00",NASA-SNPP,Medium,110.28465,-2.81545,False,False,False,True,True,True,Di Luar Area Pantauan (>1000m dari Desa)
Kendawangan,Kendawangan Kanan,"Senin, 21 September 2026 13:29:00",NASA-SNPP,Medium,110.2841,-2.81185,False,False,False,True,True,True,Di Luar Area Pantauan (>1000m dari Desa)
Kendawangan,Kendawangan Kanan,"Senin, 21 September 2026 13:29:00",NASA-SNPP,Medium,110.29176,-2.80696,False,False,False,False,True,True,Di Luar Area Pantauan (>1000m dari Desa)
Kendawangan,Kendawangan Kanan,"Senin, 21 September 2026 13:29:00",NASA-SNPP,Medium,110.28764,-2.8076,False,False,False,True,True,True,Di Luar Area Pantauan (>1000m dari Desa)
Kendawangan,Pembedilan,"Senin, 21 September 2026 13:29:00",NASA-SNPP,Medium,110.32774,-2.79394,False,False,False,False,True,True,Di Luar Area Pantauan (>1000m dari Desa)
Kendawangan,Kendawangan Kanan,"Senin, 21 September 2026 13:29:00",NASA-SNPP,Medium,110.29065,-2.79975,False,False,False,False,True,True,Di Luar Area Pantauan (>1000m dari Desa)
Kendawangan,Pembedilan,"Senin, 21 September 2026 13:29:00",NASA-SNPP,Medium,110.38412,-2.77397,False,False,False,False,True,True,Di Luar Area Pantauan (>1000m dari Desa)
Kendawangan,Kendawangan Kanan,"Senin, 21 September 2026 13:29:00",NASA-SNPP,Medium,110.2849,-2.78958,False,False,False,True,True,True,Di Luar Area Pantauan (>1000m dari Desa)
Kendawangan,Air Hitam Besar,"Senin, 21 September 2026 13:29:00",NASA-SNPP,Medium,110.66994,-2.71761,False,False,True,False,False,True,Di Luar Area Pantauan (>1000m dari Desa)
Kendawangan,Pembedilan,"Senin, 21 September 2026 13:29:00",NASA-SNPP,Medium,110.36998,-2.76507,False,False,False,False,True,True,Di Luar Area Pantauan (>1000m dari Desa)
Kendawangan,Pembedilan,"Senin, 21 September 2026 13:29:00",NASA-SNPP,Medium,110.37469,-2.76804,False,False,False,False,True,True,Di Luar Area Pantauan (>1000m dari Desa)
Kendawangan,Pembedilan,"Senin, 21 September 2026 13:29:00",NASA-SNPP,Medium,110.58381,-2.7275,False,False,False,False,False,False,Di Luar Area Pantauan (>1000m dari Desa)
Kendawangan,Pembedilan,"Senin, 21 September 2026 13:29:00",NASA-SNPP,Medium,110.57954,-2.72818,False,False,False,False,False,False,Di Luar Area Pantauan (>1000m dari Desa)
Kendawangan,Pembedilan,"Senin, 21 September 2026 13:29:00",NASA-SNPP,Medium,110.38605,-2.75882,False,False,False,False,True,True,Di Luar Area Pantauan (>1000m dari Desa)
Kendawangan,Natai Kuini,"Senin, 21 September 2026 13:29:00",NASA-SNPP,Medium,110.682,-2.91389,False,False,False,False,False,False,Di Luar Area Pantauan (>1000m dari Desa)
Kendawangan,Danau Buntar,"Senin, 21 September 2026 13:29:00",NASA-SNPP,Medium,110.96761,-2.79352,False,False,False,False,False,False,Di Luar Area Pantauan (>1000m dari Desa)
Kendawangan,Air Hitam Besar,"Senin, 21 September 2026 13:29:00",NASA-SNPP,Medium,110.76757,-2.80999,False,False,False,True,False,True,Di Luar Area Pantauan (>1000m dari Desa)
Kendawangan,Pembedilan,"Senin, 21 September 2026 13:29:00",NASA-SNPP,Medium,110.43163,-2.86321,False,False,False,False,True,True,Di Luar Area Pantauan (>1000m dari Desa)
Kendawangan,Pembedilan,"Senin, 21 September 2026 13:29:00",NASA-SNPP,Medium,110.37701,-2.86814,False,False,False,False,True,True,Di Luar Area Pantauan (>1000m dari Desa)
Kendawangan,Natai Kuini,"Senin, 21 September 2026 13:29:00",NASA-SNPP,Medium,110.78872,-2.80284,False,False,False,True,True,True,Di Luar Area Pantauan (>1000m dari Desa)
Kendawangan,Pembedilan,"Senin, 21 September 2026 13:29:00",NASA-SNPP,Medium,110.38112,-2.83747,False,False,False,False,True,True,Di Luar Area Pantauan (>1000m dari Desa)
Manis Mata,Suka Ramai,"Senin, 21 September 2026 13:29:00",NASA-SNPP,Medium,111.09739,-2.70382,False,False,False,False,False,False,Di Luar Area Pantauan (>1000m dari Desa)
Kendawangan,Pembedilan,"Senin, 21 September 2026 13:29:00",NASA-SNPP,Medium,110.43752,-2.84365,False,False,False,False,True,True,Di Luar Area Pantauan (>1000m dari Desa)
Kendawangan,Pembedilan,"Senin, 21 September 2026 13:29:00",NASA-SNPP,Medium,110.40025,-2.82339,False,False,False,False,True,True,Di Luar Area Pantauan (>1000m dari Desa)
Kendawangan,Pembedilan,"Senin, 21 September 2026 13:29:00",NASA-SNPP,Medium,110.37781,-2.84578,False,False,False,False,True,True,Di Luar Area Pantauan (>1000m dari Desa)
Kendawangan,Kendawangan Kanan,"Senin, 21 September 2026 13:29:00",NASA-SNPP,Medium,110.27944,-2.80889,False,False,False,True,True,True,Di Luar Area Pantauan (>1000m dari Desa)
Kendawangan,Pembedilan,"Senin, 21 September 2026 13:29:00",NASA-SNPP,Medium,110.38523,-2.78122,False,False,False,False,True,True,Di Luar Area Pantauan (>1000m dari Desa)
Kendawangan,Kendawangan Kanan,"Senin, 21 September 2026 13:29:00",NASA-SNPP,Medium,110.28545,-2.79319,False,False,False,True,True,True,Di Luar Area Pantauan (>1000m dari Desa)
Kendawangan,Kendawangan Kanan,"Senin, 21 September 2026 13:29:00",NASA-SNPP,Medium,110.28078,-2.79023,False,False,False,True,True,True,Di Luar Area Pantauan (>1000m dari Desa)
Kendawangan,Pembedilan,"Senin, 21 September 2026 13:29:00",NASA-SNPP,Medium,110.3722,-2.77955,False,False,False,False,True,True,Di Luar Area Pantauan (>1000m dari Desa)
Kendawangan,Kendawangan Kanan,"Senin, 21 September 2026 13:29:00",NASA-SNPP,Medium,110.29011,-2.79615,False,False,False,True,True,True,Di Luar Area Pantauan (>1000m dari Desa)
Kendawangan,Kendawangan Kanan,"Senin, 21 September 2026 13:29:00",NASA-SNPP,Medium,110.28955,-2.79254,False,False,False,True,True,True,Di Luar Area Pantauan (>1000m dari Desa)
Kendawangan,Pembedilan,"Senin, 21 September 2026 13:29:00",NASA-SNPP,Medium,110.38828,-2.77332,False,False,False,False,True,True,Di Luar Area Pantauan (>1000m dari Desa)
Kendawangan,Pembedilan,"Senin, 21 September 2026 13:29:00",NASA-SNPP,Medium,110.37885,-2.76738,False,False,False,False,True,True,Di Luar Area Pantauan (>1000m dari Desa)
Kendawangan,Kendawangan Kanan,"Senin, 21 September 2026 13:29:00",NASA-SNPP,Medium,110.28024,-2.78663,False,False,False,True,True,True,Di Luar Area Pantauan (>1000m dari Desa)
Kendawangan,Pembedilan,"Senin, 21 September 2026 13:29:00",NASA-SNPP,Medium,110.38301,-2.76673,False,False,False,False,True,True,Di Luar Area Pantauan (>1000m dari Desa)
Kendawangan,Kendawangan Kanan,"Senin, 21 September 2026 13:29:00",NASA-SNPP,Medium,110.27969,-2.78302,False,False,False,True,True,True,Di Luar Area Pantauan (>1000m dari Desa)
Kendawangan,Pembedilan,"Senin, 21 September 2026 13:29:00",NASA-SNPP,Medium,110.37054,-2.7687,False,False,False,False,True,True,Di Luar Area Pantauan (>1000m dari Desa)
Kendawangan,Pembedilan,"Senin, 21 September 2026 13:29:00",NASA-SNPP,Medium,110.38244,-2.76311,False,False,False,False,True,True,Di Luar Area Pantauan (>1000m dari Desa)
Kendawangan,Kendawangan Kanan,"Senin, 21 September 2026 13:29:00",NASA-SNPP,Medium,110.27448,-2.77647,False,False,False,True,True,True,Di Luar Area Pantauan (>1000m dari Desa)
Kendawangan,Seriam,"Senin, 21 September 2026 13:29:00",NASA-SNPP,Medium,110.38328,-2.74071,False,False,True,False,True,True,Di Luar Area Pantauan (>1000m dari Desa)
Kendawangan,Seriam,"Senin, 21 September 2026 13:29:00",NASA-SNPP,Medium,110.3751,-2.73387,False,False,False,False,True,True,Di Luar Area Pantauan (>1000m dari Desa)
Kendawangan,Natai Kuini,"Senin, 21 September 2026 13:29:00",NASA-SNPP,Medium,110.85886,-2.82212,False,False,False,False,True,True,Di Luar Area Pantauan (>1000m dari Desa)
Kendawangan,Pembedilan,"Senin, 21 September 2026 13:29:00",NASA-SNPP,Medium,110.37829,-2.76376,False,False,False,False,True,True,Di Luar Area Pantauan (>1000m dari Desa)
Kendawangan,Air Hitam Besar,"Senin, 21 September 2026 13:29:00",NASA-SNPP,Medium,110.708,-2.63731,False,False,False,False,False,False,Di Luar Area Pantauan (>1000m dari Desa)
Kendawangan,Air Hitam Besar,"Senin, 21 September 2026 13:29:00",NASA-SNPP,Medium,110.6907,-2.64002,False,False,False,False,False,False,Di Luar Area Pantauan (>1000m dari Desa)
Kendawangan,Seriam,"Senin, 21 September 2026 13:29:00",NASA-SNPP,Medium,110.36978,-2.67163,False,False,False,False,True,True,Di Luar Area Pantauan (>1000m dari Desa)
Kendawangan,Seriam,"Senin, 21 September 2026 13:29:00",NASA-SNPP,Medium,110.35729,-2.67359,False,False,False,False,True,True,Di Luar Area Pantauan (>1000m dari Desa)
Kendawangan,Airhitam Hulu,"Senin, 21 September 2026 13:29:00",NASA-SNPP,Medium,110.63617,-2.62972,False,False,False,False,False,False,Di Luar Area Pantauan (>1000m dari Desa)
Kendawangan,Seriam,"Senin, 21 September 2026 13:29:00",NASA-SNPP,Medium,110.37756,-2.66669,False,False,False,False,True,True,Di Luar Area Pantauan (>1000m dari Desa)
Kendawangan,Seriam,"Senin, 21 September 2026 13:29:00",NASA-SNPP,Medium,110.35258,-2.67062,False,False,False,False,True,True,Di Luar Area Pantauan (>1000m dari Desa)
Kendawangan,Airhitam Hulu,"Senin, 21 September 2026 13:29:00",NASA-SNPP,Medium,110.63074,-2.62305,False,False,False,False,False,False,Di Luar Area Pantauan (>1000m dari Desa)
Manis Mata,Sungai Buluh,"Senin, 21 September 2026 13:29:00",NASA-SNPP,Medium,111.07182,-2.55326,False,False,False,False,False,False,Di Luar Area Pantauan (>1000m dari Desa)
Kendawangan,Seriam,"Senin, 21 September 2026 13:29:00",NASA-SNPP,Medium,110.38117,-2.66241,False,False,False,False,True,True,Di Luar Area Pantauan (>1000m dari Desa)
Kendawangan,Seriam,"Senin, 21 September 2026 13:29:00",NASA-SNPP,Medium,110.35203,-2.667,False,False,False,False,True,True,Di Luar Area Pantauan (>1000m dari Desa)
Kendawangan,Seriam,"Senin, 21 September 2026 13:29:00",NASA-SNPP,Medium,110.37588,-2.65582,False,False,False,False,True,True,Di Luar Area Pantauan (>1000m dari Desa)
Kendawangan,Seriam,"Senin, 21 September 2026 13:29:00",NASA-SNPP,Medium,110.37532,-2.65219,False,False,False,False,True,True,Di Luar Area Pantauan (>1000m dari Desa)
Kendawangan,Air Hitam Besar,"Senin, 21 September 2026 13:29:00",NASA-SNPP,Medium,110.68752,-2.64807,False,False,False,False,False,False,Di Luar Area Pantauan (>1000m dari Desa)
Kendawangan,Seriam,"Senin, 21 September 2026 13:29:00",NASA-SNPP,Medium,110.37005,-2.6456,False,False,False,False,True,True,Di Luar Area Pantauan (>1000m dari Desa)
Kendawangan,Airhitam Hulu,"Senin, 21 September 2026 13:29:00",NASA-SNPP,Medium,110.52975,-2.62026,False,False,False,False,True,True,Di Luar Area Pantauan (>1000m dari Desa)
Kendawangan,Seriam,"Senin, 21 September 2026 13:29:00",NASA-SNPP,Medium,110.36589,-2.64626,False,False,False,False,True,True,Di Luar Area Pantauan (>1000m dari Desa)
Kendawangan,Seriam,"Senin, 21 September 2026 13:29:00",NASA-SNPP,Medium,110.31197,-2.65481,False,False,False,False,True,True,Di Luar Area Pantauan (>1000m dari Desa)
Kendawangan,Bangkal Serai,"Senin, 21 September 2026 13:29:00",NASA-SNPP,Medium,110.54507,-2.60659,False,False,False,False,False,False,Di Luar Area Pantauan (>1000m dari Desa)
Kendawangan,Seriam,"Senin, 21 September 2026 13:29:00",NASA-SNPP,Medium,110.32709,-2.64077,False,False,False,False,True,True,Di Luar Area Pantauan (>1000m dari Desa)
Kendawangan,Seriam,"Senin, 21 September 2026 13:29:00",NASA-SNPP,Medium,110.32685,-2.64133,False,False,False,False,True,True,Di Luar Area Pantauan (>1000m dari Desa)
Kendawangan,Seriam,"Senin, 21 September 2026 13:29:00",NASA-SNPP,Medium,110.33623,-2.64726,False,False,False,False,True,True,Di Luar Area Pantauan (>1000m dari Desa)
Kendawangan,Seriam,"Senin, 21 September 2026 13:29:00",NASA-SNPP,Medium,110.38271,-2.73708,False,False,True,False,True,True,Di Luar Area Pantauan (>1000m dari Desa)
Manis Mata,Seguling,"Senin, 21 September 2026 13:29:00",NASA-SNPP,Medium,111.083,-2.64044,False,False,False,True,False,True,Di Luar Area Pantauan (>1000m dari Desa)
Kendawangan,Seriam,"Senin, 21 September 2026 13:29:00",NASA-SNPP,Medium,110.37982,-2.73686,False,False,False,False,True,True,Di Luar Area Pantauan (>1000m dari Desa)
Kendawangan,Air Hitam Besar,"Senin, 21 September 2026 13:29:00",NASA-SNPP,Medium,110.6574,-2.69323,False,False,False,True,False,True,Di Luar Area Pantauan (>1000m dari Desa)
Kendawangan,Seriam,"Senin, 21 September 2026 13:29:00",NASA-SNPP,Medium,110.36201,-2.67656,False,False,False,False,True,True,Di Luar Area Pantauan (>1000m dari Desa)
Kendawangan,Seriam,"Senin, 21 September 2026 13:29:00",NASA-SNPP,Medium,110.38061,-2.65879,False,False,False,False,True,True,Di Luar Area Pantauan (>1000m dari Desa)
Kendawangan,Seriam,"Senin, 21 September 2026 13:29:00",NASA-SNPP,Medium,110.38173,-2.66604,False,False,False,False,True,True,Di Luar Area Pantauan (>1000m dari Desa)
Kendawangan,Seriam,"Senin, 21 September 2026 13:29:00",NASA-SNPP,Medium,110.35674,-2.66997,False,False,False,False,True,True,Di Luar Area Pantauan (>1000m dari Desa)
Kendawangan,Airhitam Hulu,"Senin, 21 September 2026 13:29:00",NASA-SNPP,Medium,110.62465,-2.66916,False,False,False,False,False,False,Di Luar Area Pantauan (>1000m dari Desa)
Kendawangan,Seriam,"Senin, 21 September 2026 13:29:00",NASA-SNPP,Medium,110.36703,-2.70916,False,False,False,False,True,True,Di Luar Area Pantauan (>1000m dari Desa)
Kendawangan,Seriam,"Senin, 21 September 2026 13:29:00",NASA-SNPP,Medium,110.35314,-2.67424,False,False,False,False,True,True,Di Luar Area Pantauan (>1000m dari Desa)
Kendawangan,Air Hitam Besar,"Senin, 21 September 2026 13:29:00",NASA-SNPP,Medium,110.68582,-2.63701,False,False,False,False,False,False,Di Luar Area Pantauan (>1000m dari Desa)
Kendawangan,Seriam,"Senin, 21 September 2026 13:29:00",NASA-SNPP,Medium,110.36256,-2.68018,False,False,False,False,True,True,Di Luar Area Pantauan (>1000m dari Desa)
Kendawangan,Air Hitam Besar,"Senin, 21 September 2026 13:29:00",NASA-SNPP,Medium,110.68,-2.65679,False,False,False,False,False,False,Di Luar Area Pantauan (>1000m dari Desa)
Kendawangan,Air Hitam Besar,"Senin, 21 September 2026 13:29:00",NASA-SNPP,Medium,110.67943,-2.6531,False,False,False,False,False,False,Di Luar Area Pantauan (>1000m dari Desa)
Kendawangan,Air Hitam Besar,"Senin, 21 September 2026 13:29:00",NASA-SNPP,Medium,110.68864,-2.65545,False,False,False,False,False,False,Di Luar Area Pantauan (>1000m dari Desa)
Kendawangan,Seriam,"Senin, 21 September 2026 13:29:00",NASA-SNPP,Medium,110.36232,-2.70618,False,False,False,False,True,True,Di Luar Area Pantauan (>1000m dari Desa)
Kendawangan,Seriam,"Senin, 21 September 2026 13:29:00",NASA-SNPP,Medium,110.36646,-2.70554,False,False,False,False,True,True,Di Luar Area Pantauan (>1000m dari Desa)
Kendawangan,Seriam,"Senin, 21 September 2026 13:29:00",NASA-SNPP,Medium,110.36063,-2.69532,False,False,False,False,True,True,Di Luar Area Pantauan (>1000m dari Desa)
Kendawangan,Seriam,"Senin, 21 September 2026 13:29:00",NASA-SNPP,Medium,110.36119,-2.69894,False,False,False,False,True,True,Di Luar Area Pantauan (>1000m dari Desa)
Kendawangan,Seriam,"Senin, 21 September 2026 13:29:00",NASA-SNPP,Medium,110.35648,-2.69597,False,False,False,False,True,True,Di Luar Area Pantauan (>1000m dari Desa)
Kendawangan,Air Hitam Besar,"Senin, 21 September 2026 13:29:00",NASA-SNPP,Medium,110.68695,-2.64438,False,False,False,False,False,False,Di Luar Area Pantauan (>1000m dari Desa)
Kendawangan,Air Hitam Besar,"Senin, 21 September 2026 13:29:00",NASA-SNPP,Medium,110.68639,-2.6407,False,False,False,False,False,False,Di Luar Area Pantauan (>1000m dari Desa)
Kendawangan,Seriam,"Senin, 21 September 2026 13:29:00",NASA-SNPP,Medium,110.35785,-2.67721,False,False,False,False,True,True,Di Luar Area Pantauan (>1000m dari Desa)
Kendawangan,Seriam,"Senin, 21 September 2026 13:29:00",NASA-SNPP,Medium,110.35591,-2.69235,False,False,False,False,True,True,Di Luar Area Pantauan (>1000m dari Desa)
Kendawangan,Seriam,"Senin, 21 September 2026 13:29:00",NASA-SNPP,Medium,110.37089,-2.67888,False,False,False,False,True,True,Di Luar Area Pantauan (>1000m dari Desa)
Kendawangan,Seriam,"Senin, 21 September 2026 13:29:00",NASA-SNPP,Medium,110.35619,-2.66635,False,False,False,False,True,True,Di Luar Area Pantauan (>1000m dari Desa)
Kendawangan,Seriam,"Senin, 21 September 2026 13:29:00",NASA-SNPP,Medium,110.37812,-2.67032,False,False,False,False,True,True,Di Luar Area Pantauan (>1000m dari Desa)
Kendawangan,Seriam,"Senin, 21 September 2026 13:29:00",NASA-SNPP,Medium,110.36922,-2.66801,False,False,False,False,True,True,Di Luar Area Pantauan (>1000m dari Desa)
Kendawangan,Pembedilan,"Senin, 21 September 2026 13:29:00",NASA-SNPP,Medium,110.3759,-2.86091,False,False,False,False,True,True,Di Luar Area Pantauan (>1000m dari Desa)
Kendawangan,Natai Kuini,"Senin, 21 September 2026 13:29:00",NASA-SNPP,Medium,110.76814,-2.81368,False,False,False,False,False,False,Di Luar Area Pantauan (>1000m dari Desa)
Kendawangan,Danau Buntar,"Senin, 21 September 2026 13:29:00",NASA-SNPP,Medium,110.96648,-2.78604,False,False,False,False,False,False,Di Luar Area Pantauan (>1000m dari Desa)
Kendawangan,Seriam,"Senin, 21 September 2026 13:29:00",NASA-SNPP,Medium,110.3706,-2.64923,False,False,False,False,True,True,Di Luar Area Pantauan (>1000m dari Desa)
Kendawangan,Seriam,"Senin, 21 September 2026 13:29:00",NASA-SNPP,Medium,110.26027,-2.64822,False,False,False,True,True,True,Di Luar Area Pantauan (>1000m dari Desa)
Kendawangan,Pembedilan,"Senin, 21 September 2026 13:29:00",NASA-SNPP,Medium,110.44524,-2.86849,False,False,False,False,True,True,Di Luar Area Pantauan (>1000m dari Desa)
Kendawangan,Seriam,"Senin, 21 September 2026 13:29:00",NASA-SNPP,Medium,110.37644,-2.65944,False,False,False,False,True,True,Di Luar Area Pantauan (>1000m dari Desa)
Kendawangan,Seriam,"Senin, 21 September 2026 13:29:00",NASA-SNPP,Medium,110.32542,-2.62991,False,False,False,False,True,True,Di Luar Area Pantauan (>1000m dari Desa)
Kendawangan,Pembedilan,"Senin, 21 September 2026 13:29:00",NASA-SNPP,Medium,110.37812,-2.87538,False,False,False,False,True,True,Di Luar Area Pantauan (>1000m dari Desa)
Kendawangan,Pembedilan,"Senin, 21 September 2026 13:29:00",NASA-SNPP,Medium,110.38116,-2.86748,False,False,False,False,True,True,Di Luar Area Pantauan (>1000m dari Desa)
Kendawangan,Pembedilan,"Senin, 21 September 2026 13:29:00",NASA-SNPP,Medium,110.37175,-2.86156,False,False,False,False,True,True,Di Luar Area Pantauan (>1000m dari Desa)
Kendawangan,Pembedilan,"Senin, 21 September 2026 13:29:00",NASA-SNPP,Medium,110.38061,-2.86387,False,False,False,False,True,True,Di Luar Area Pantauan (>1000m dari Desa)
Kendawangan,Pembedilan,"Senin, 21 September 2026 13:29:00",NASA-SNPP,Medium,110.44776,-2.85694,False,False,False,False,True,True,Di Luar Area Pantauan (>1000m dari Desa)
Kendawangan,Pembedilan,"Senin, 21 September 2026 13:29:00",NASA-SNPP,Medium,110.3961,-2.82404,False,False,False,False,True,True,Di Luar Area Pantauan (>1000m dari Desa)
Kendawangan,Pembedilan,"Senin, 21 September 2026 13:29:00",NASA-SNPP,Medium,110.38578,-2.78484,False,False,False,False,True,True,Di Luar Area Pantauan (>1000m dari Desa)
Kendawangan,Seriam,"Senin, 21 September 2026 13:29:00",NASA-SNPP,Medium,110.384,-2.73622,False,False,True,False,True,True,Di Luar Area Pantauan (>1000m dari Desa)
Kendawangan,Bangkal Serai,"Senin, 21 September 2026 13:29:00",NASA-SNPP,Medium,110.47702,-2.58417,False,False,False,False,True,True,Di Luar Area Pantauan (>1000m dari Desa)
Kendawangan,Seriam,"Senin, 21 September 2026 13:29:00",NASA-SNPP,Medium,110.37454,-2.73025,False,False,False,False,True,True,Di Luar Area Pantauan (>1000m dari Desa)
Kendawangan,Seriam,"Senin, 21 September 2026 13:29:00",NASA-SNPP,Medium,110.32486,-2.62629,False,False,False,False,True,True,Di Luar Area Pantauan (>1000m dari Desa)
Kendawangan,Seriam,"Senin, 21 September 2026 13:29:00",NASA-SNPP,Medium,110.38511,-2.74346,False,False,False,False,True,True,Di Luar Area Pantauan (>1000m dari Desa)
Kendawangan,Kendawangan Kanan,"Senin, 21 September 2026 13:29:00",NASA-SNPP,Medium,110.2942,-2.79551,False,False,False,False,True,True,Di Luar Area Pantauan (>1000m dari Desa)
Kendawangan,Air Hitam Besar,"Senin, 21 September 2026 13:29:00",NASA-SNPP,Medium,110.65368,-2.69759,False,False,False,False,False,False,Di Luar Area Pantauan (>1000m dari Desa)
Kendawangan,Air Hitam Besar,"Senin, 21 September 2026 13:29:00",NASA-SNPP,Medium,110.6555,-2.69827,False,False,False,False,False,False,Di Luar Area Pantauan (>1000m dari Desa)
Kendawangan,Seriam,"Senin, 21 September 2026 13:29:00",NASA-SNPP,Medium,110.43153,-2.51293,False,False,False,False,False,False,Di Luar Area Pantauan (>1000m dari Desa)
Kendawangan,Seriam,"Senin, 21 September 2026 13:29:00",NASA-SNPP,Medium,110.43536,-2.50472,False,False,False,False,False,False,Di Luar Area Pantauan (>1000m dari Desa)
Kendawangan,Bangkal Serai,"Senin, 21 September 2026 13:29:00",NASA-SNPP,Medium,110.53288,-2.48972,False,False,False,False,False,False,Di Luar Area Pantauan (>1000m dari Desa)
Kendawangan,Kedondong,"Senin, 21 September 2026 13:29:00",NASA-SNPP,Medium,110.37206,-2.27591,False,False,False,False,False,False,Di Luar Area Pantauan (>1000m dari Desa)
Kendawangan,Mekar Utama,"Senin, 21 September 2026 13:29:00",NASA-SNPP,Medium,110.22549,-2.2949,False,False,False,False,False,False,Di Luar Area Pantauan (>1000m dari Desa)
Kendawangan,Sungai Jelayan,"Senin, 21 September 2026 13:29:00",NASA-SNPP,Medium,110.47497,-2.24122,False,False,False,False,False,False,Di Luar Area Pantauan (>1000m dari Desa)
Kendawangan,Sungai Jelayan,"Senin, 21 September 2026 13:29:00",NASA-SNPP,Medium,110.43256,-2.24784,False,False,False,False,False,False,Di Luar Area Pantauan (>1000m dari Desa)
Kendawangan,Sungai Jelayan,"Senin, 21 September 2026 13:29:00",NASA-SNPP,Medium,110.42889,-2.25215,False,False,False,False,False,False,Di Luar Area Pantauan (>1000m dari Desa)
Kendawangan,Seriam,"Senin, 21 September 2026 13:29:00",NASA-SNPP,Medium,110.26038,-2.6473,False,False,False,True,True,True,Di Luar Area Pantauan (>1000m dari Desa)
Kendawangan,Seriam,"Senin, 21 September 2026 13:29:00",NASA-SNPP,Medium,110.43877,-2.56028,False,False,False,False,True,True,Di Luar Area Pantauan (>1000m dari Desa)
Kendawangan,Seriam,"Senin, 21 September 2026 13:29:00",NASA-SNPP,Medium,110.43996,-2.51159,False,False,False,False,True,True,Di Luar Area Pantauan (>1000m dari Desa)
Kendawangan,Seriam,"Senin, 21 September 2026 13:29:00",NASA-SNPP,Medium,110.43706,-2.51565,False,False,False,False,True,True,Di Luar Area Pantauan (>1000m dari Desa)
Kendawangan,Seriam,"Senin, 21 September 2026 13:29:00",NASA-SNPP,Medium,110.43649,-2.51201,False,False,False,False,False,False,Di Luar Area Pantauan (>1000m dari Desa)
Kendawangan,Seriam,"Senin, 21 September 2026 13:29:00",NASA-SNPP,Medium,110.44071,-2.51136,False,False,False,False,True,True,Di Luar Area Pantauan (>1000m dari Desa)
Kendawangan,Seriam,"Senin, 21 September 2026 13:29:00",NASA-SNPP,Medium,110.43227,-2.51265,False,False,False,False,False,False,Di Luar Area Pantauan (>1000m dari Desa)
Kendawangan,Bangkal Serai,"Senin, 21 September 2026 13:29:00",NASA-SNPP,Medium,110.50935,-2.47835,False,False,False,False,True,True,Di Luar Area Pantauan (>1000m dari Desa)
Kendawangan,Bangkal Serai,"Senin, 21 September 2026 13:29:00",NASA-SNPP,Medium,110.50511,-2.47901,False,False,False,False,True,True,Di Luar Area Pantauan (>1000m dari Desa)
Kendawangan,Banjar Sari,"Senin, 21 September 2026 13:29:00",NASA-SNPP,Medium,110.45399,-2.45703,False,False,False,False,True,True,Di Luar Area Pantauan (>1000m dari Desa)
Kendawangan,Mekar Utama,"Senin, 21 September 2026 13:29:00",NASA-SNPP,Medium,110.2208,-2.29193,False,False,False,False,False,False,Di Luar Area Pantauan (>1000m dari Desa)
Kendawangan,Selimantan Jaya,"Senin, 21 September 2026 13:29:00",NASA-SNPP,Medium,110.53305,-2.22087,False,False,False,False,False,False,Di Luar Area Pantauan (>1000m dari Desa)
Kendawangan,Selimantan Jaya,"Senin, 21 September 2026 13:29:00",NASA-SNPP,Medium,110.52879,-2.22154,False,False,False,False,False,False,Di Luar Area Pantauan (>1000m dari Desa)
Matan Hilir Selatan,Pagar Mentimun,"Senin, 21 September 2026 13:29:00",NASA-SNPP,Medium,110.17404,-2.20604,False,False,False,False,False,False,Di Luar Area Pantauan (>1000m dari Desa)
Matan Hilir Selatan,Sungai Nanjung,"Senin, 21 September 2026 13:29:00",NASA-SNPP,Medium,110.27962,-2.17489,False,False,True,True,True,True,Di Luar Area Pantauan (>1000m dari Desa)
Matan Hilir Selatan,Sungai Nanjung,"Senin, 21 September 2026 13:29:00",NASA-SNPP,Medium,110.2466,-2.15405,False,False,True,True,False,True,Di Luar Area Pantauan (>1000m dari Desa)
Matan Hilir Selatan,Sungai Nanjung,"Senin, 21 September 2026 13:29:00",NASA-SNPP,Medium,110.2123,-2.15201,False,False,True,True,False,True,Di Luar Area Pantauan (>1000m dari Desa)
Matan Hilir Selatan,Sungai Nanjung,"Senin, 21 September 2026 13:29:00",NASA-SNPP,Medium,110.20816,-2.15266,False,False,True,True,False,True,Di Luar Area Pantauan (>1000m dari Desa)
Matan Hilir Selatan,Sungai Nanjung,"Senin, 21 September 2026 13:29:00",NASA-SNPP,Medium,110.19524,-2.15098,False,False,True,True,False,True,Di Luar Area Pantauan (>1000m dari Desa)
Kendawangan,Sungai Jelayan,"Senin, 21 September 2026 13:29:00",NASA-SNPP,Medium,110.40903,-2.09119,False,False,False,False,False,False,Di Luar Area Pantauan (>1000m dari Desa)
Matan Hilir Selatan,Sungai Nanjung,"Senin, 21 September 2026 13:29:00",NASA-SNPP,Medium,110.18723,-2.12635,False,False,True,True,False,True,Di Luar Area Pantauan (>1000m dari Desa)
Matan Hilir Selatan,Pesaguan Kanan,"Senin, 21 September 2026 13:29:00",NASA-SNPP,Medium,110.23483,-2.04388,False,False,True,True,False,True,Di Luar Area Pantauan (>1000m dari Desa)
Jelai Hulu,Karang Dangin,"Senin, 21 September 2026 13:29:00",NASA-SNPP,Medium,110.90169,-1.90837,False,False,False,False,False,False,Di Luar Area Pantauan (>1000m dari Desa)
Jelai Hulu,Karang Dangin,"Senin, 21 September 2026 13:29:00",NASA-SNPP,Medium,110.90269,-1.90841,False,False,False,False,False,False,Di Luar Area Pantauan (>1000m dari Desa)
Matan Hilir Selatan,Kemuning Biutak,"Senin, 21 September 2026 13:29:00",NASA-SNPP,Medium,110.36354,-1.98632,False,False,False,False,False,False,Di Luar Area Pantauan (>1000m dari Desa)
Matan Hilir Selatan,Pematang Gadung,"Senin, 21 September 2026 13:29:00",NASA-SNPP,Medium,110.21981,-1.97175,False,False,True,True,False,True,Di Luar Area Pantauan (>1000m dari Desa)
Matan Hilir Selatan,Pematang Gadung,"Senin, 21 September 2026 13:29:00",NASA-SNPP,Medium,110.27502,-1.94087,False,False,True,True,False,True,Di Luar Area Pantauan (>1000m dari Desa)
Matan Hilir Selatan,Sungai Besar,"Senin, 21 September 2026 13:29:00",NASA-SNPP,Medium,110.16594,-1.89407,False,False,True,True,False,True,Di Luar Area Pantauan (>1000m dari Desa)
Matan Hilir Selatan,Sungai Besar,"Senin, 21 September 2026 13:29:00",NASA-SNPP,Medium,110.21647,-1.89004,False,False,True,True,False,True,Di Luar Area Pantauan (>1000m dari Desa)
Matan Hilir Selatan,Sungai Besar,"Senin, 21 September 2026 13:29:00",NASA-SNPP,Medium,110.17624,-1.87767,False,False,True,True,False,True,Di Luar Area Pantauan (>1000m dari Desa)
Matan Hilir Selatan,Sungai Besar,"Senin, 21 September 2026 13:29:00",NASA-SNPP,Medium,110.17208,-1.87831,False,False,True,True,False,True,Di Luar Area Pantauan (>1000m dari Desa)
Matan Hilir Selatan,Sungai Besar,"Senin, 21 September 2026 13:29:00",NASA-SNPP,Medium,110.16486,-1.88683,False,False,True,True,False,True,Di Luar Area Pantauan (>1000m dari Desa)
Matan Hilir Selatan,Sungai Besar,"Senin, 21 September 2026 13:29:00",NASA-SNPP,Medium,110.16071,-1.88747,False,False,True,True,False,True,Di Luar Area Pantauan (>1000m dari Desa)
Sungai Melayu Rayak,Makmur Abadi,"Senin, 21 September 2026 13:29:00",NASA-SNPP,Medium,110.23616,-1.73083,False,False,True,True,False,True,Di Luar Area Pantauan (>1000m dari Desa)
Sungai Melayu Rayak,Makmur Abadi,"Senin, 21 September 2026 13:29:00",NASA-SNPP,Medium,110.24591,-1.76657,False,False,False,True,False,True,Di Luar Area Pantauan (>1000m dari Desa)
Sungai Melayu Rayak,Makmur Abadi,"Senin, 21 September 2026 13:29:00",NASA-SNPP,Medium,110.27125,-1.7067,False,False,True,True,False,True,Di Luar Area Pantauan (>1000m dari Desa)
Matan Hilir Selatan,Pagar Mentimun,"Senin, 21 September 2026 13:29:00",NASA-SNPP,Medium,110.1507,-2.24749,False,False,True,False,False,True,Di Luar Area Pantauan (>1000m dari Desa)
Kendawangan,Selimantan Jaya,"Senin, 21 September 2026 13:29:00",NASA-SNPP,Medium,110.53139,-2.20985,False,False,False,False,False,False,Di Luar Area Pantauan (>1000m dari Desa)
Matan Hilir Selatan,Pagar Mentimun,"Senin, 21 September 2026 13:29:00",NASA-SNPP,Medium,110.14966,-2.2393,False,False,False,False,False,False,Di Luar Area Pantauan (>1000m dari Desa)
Matan Hilir Selatan,Pagar Mentimun,"Senin, 21 September 2026 13:29:00",NASA-SNPP,Medium,110.14962,-2.24029,False,False,False,False,False,False,Di Luar Area Pantauan (>1000m dari Desa)
Matan Hilir Selatan,Pagar Mentimun,"Senin, 21 September 2026 13:29:00",NASA-SNPP,Medium,110.18173,-2.20116,False,False,False,False,False,False,Di Luar Area Pantauan (>1000m dari Desa)
Matan Hilir Selatan,Pagar Mentimun,"Senin, 21 September 2026 13:29:00",NASA-SNPP,Medium,110.17349,-2.20243,False,False,False,False,False,False,Di Luar Area Pantauan (>1000m dari Desa)
Matan Hilir Selatan,Sungai Nanjung,"Senin, 21 September 2026 13:29:00",NASA-SNPP,Medium,110.2749,-2.17191,False,False,True,True,True,True,Di Luar Area Pantauan (>1000m dari Desa)
Matan Hilir Selatan,Sungai Nanjung,"Senin, 21 September 2026 13:29:00",NASA-SNPP,Medium,110.26907,-2.16168,False,False,True,True,True,True,Di Luar Area Pantauan (>1000m dari Desa)
Matan Hilir Selatan,Sungai Nanjung,"Senin, 21 September 2026 13:29:00",NASA-SNPP,Medium,110.13004,-2.13407,False,False,False,True,False,True,Di Luar Area Pantauan (>1000m dari Desa)
Jelai Hulu,Semantun,"Senin, 21 September 2026 13:29:00",NASA-SNPP,Medium,111.04285,-2.04855,False,False,False,False,False,False,Di Luar Area Pantauan (>1000m dari Desa)
Matan Hilir Selatan,Sungai Nanjung,"Senin, 21 September 2026 13:29:00",NASA-SNPP,Medium,110.18146,-2.17163,False,False,False,False,False,False,Di Luar Area Pantauan (>1000m dari Desa)
Matan Hilir Selatan,Sungai Nanjung,"Senin, 21 September 2026 13:29:00",NASA-SNPP,Medium,110.18285,-2.15293,False,False,True,True,False,True,Di Luar Area Pantauan (>1000m dari Desa)
Matan Hilir Selatan,Sungai Nanjung,"Senin, 21 September 2026 13:29:00",NASA-SNPP,Medium,110.24029,-2.1402,False,False,False,False,False,False,Di Luar Area Pantauan (>1000m dari Desa)
Matan Hilir Selatan,Sungai Nanjung,"Senin, 21 September 2026 13:29:00",NASA-SNPP,Medium,110.18698,-2.15228,False,False,True,True,False,True,Di Luar Area Pantauan (>1000m dari Desa)
Matan Hilir Selatan,Sungai Nanjung,"Senin, 21 September 2026 13:29:00",NASA-SNPP,Medium,110.19882,-2.14672,False,False,False,True,False,True,Di Luar Area Pantauan (>1000m dari Desa)
Matan Hilir Selatan,Sungai Nanjung,"Senin, 21 September 2026 13:29:00",NASA-SNPP,Medium,110.24751,-2.13164,False,False,False,False,False,False,Di Luar Area Pantauan (>1000m dari Desa)
Matan Hilir Selatan,Sungai Nanjung,"Senin, 21 September 2026 13:29:00",NASA-SNPP,Medium,110.18309,-2.127,False,False,True,True,False,True,Di Luar Area Pantauan (>1000m dari Desa)
Matan Hilir Selatan,Sungai Nanjung,"Senin, 21 September 2026 13:29:00",NASA-SNPP,Medium,110.12961,-2.13546,False,False,False,True,False,True,Di Luar Area Pantauan (>1000m dari Desa)
Matan Hilir Selatan,Sungai Nanjung,"Senin, 21 September 2026 13:29:00",NASA-SNPP,Medium,110.17017,-2.12535,False,False,False,True,False,True,Di Luar Area Pantauan (>1000m dari Desa)
Matan Hilir Selatan,Sungai Besar,"Senin, 21 September 2026 13:29:00",NASA-SNPP,Medium,110.16901,-1.88619,False,False,True,True,False,True,Di Luar Area Pantauan (>1000m dari Desa)
Matan Hilir Selatan,Sungai Besar,"Senin, 21 September 2026 13:29:00",NASA-SNPP,Medium,110.16792,-1.87895,False,False,True,True,False,True,Di Luar Area Pantauan (>1000m dari Desa)
Matan Hilir Selatan,Sungai Besar,"Senin, 21 September 2026 13:29:00",NASA-SNPP,Medium,110.24244,-1.86374,False,False,True,True,False,True,Di Luar Area Pantauan (>1000m dari Desa)
Matan Hilir Selatan,Sungai Besar,"Senin, 21 September 2026 13:29:00",NASA-SNPP,Medium,110.24609,-1.85945,False,False,False,True,False,True,Di Luar Area Pantauan (>1000m dari Desa)
Matan Hilir Selatan,Sungai Besar,"Senin, 21 September 2026 13:29:00",NASA-SNPP,Medium,110.24188,-1.8601,False,False,True,True,False,True,Di Luar Area Pantauan (>1000m dari Desa)
Sungai Melayu Rayak,Makmur Abadi,"Senin, 21 September 2026 13:29:00",NASA-SNPP,Medium,110.24283,-1.7745,False,False,False,True,False,True,Di Luar Area Pantauan (>1000m dari Desa)
Sungai Melayu Rayak,Makmur Abadi,"Senin, 21 September 2026 13:29:00",NASA-SNPP,Medium,110.24536,-1.76294,False,False,False,True,False,True,Di Luar Area Pantauan (>1000m dari Desa)
Sungai Melayu Rayak,Makmur Abadi,"Senin, 21 September 2026 13:29:00",NASA-SNPP,Medium,110.23196,-1.73148,False,False,True,True,False,True,Di Luar Area Pantauan (>1000m dari Desa)
Sungai Melayu Rayak,Makmur Abadi,"Senin, 21 September 2026 13:29:00",NASA-SNPP,Medium,110.2718,-1.71035,False,False,True,True,False,True,Di Luar Area Pantauan (>1000m dari Desa)
Muara Pawan,Tanjung Pura,"Senin, 21 September 2026 13:29:00",NASA-SNPP,Medium,110.16039,-1.67893,False,False,True,True,False,True,Di Luar Area Pantauan (>1000m dari Desa)
Muara Pawan,Tanjung Pura,"Senin, 21 September 2026 13:29:00",NASA-SNPP,Medium,110.15565,-1.67594,False,False,True,True,False,True,Di Luar Area Pantauan (>1000m dari Desa)
Ambalau,Buntut Pimpin,"Senin, 21 September 2026 13:29:00",NASA-SNPP,Medium,112.77219,-0.0316,False,False,False,False,False,False,Di Luar Area Pantauan (>1000m dari Desa)
Ambalau,Tanjung Andan,"Senin, 21 September 2026 13:29:00",NASA-SNPP,Medium,112.76798,-0.03226,False,False,False,False,False,False,Di Luar Area Pantauan (>1000m dari Desa)
Ambalau,Tanjung Andan,"Senin, 21 September 2026 13:29:00",NASA-SNPP,Medium,112.68642,0.00505,False,False,True,False,False,True,Di Luar Area Pantauan (>1000m dari Desa)
Kapuas,Penyeladi,"Senin, 21 September 2026 13:29:00",NASA-SNPP,Medium,110.66084,0.01706,False,False,False,False,False,False,Di Luar Area Pantauan (>1000m dari Desa)
Kendawangan,Kendawangan Kanan,"Senin, 21 September 2026 13:29:00",NASA-SNPP,Medium,110.24913,-2.7127,False,False,False,True,True,True,Di Luar Area Pantauan (>1000m dari Desa)
Kendawangan,Air Hitam Besar,"Senin, 21 September 2026 13:29:00",NASA-SNPP,Medium,110.68807,-2.65176,False,False,False,False,False,False,Di Luar Area Pantauan (>1000m dari Desa)
Kendawangan,Seriam,"Senin, 21 September 2026 13:29:00",NASA-SNPP,Medium,110.2576,-2.62927,False,False,False,False,True,True,Di Luar Area Pantauan (>1000m dari Desa)
Kendawangan,Seriam,"Senin, 21 September 2026 13:29:00",NASA-SNPP,Medium,110.43797,-2.52683,False,False,False,False,True,True,Di Luar Area Pantauan (>1000m dari Desa)
Kendawangan,Banjar Sari,"Senin, 21 September 2026 13:29:00",NASA-SNPP,Medium,110.25134,-2.47389,False,False,False,False,False,False,Di Luar Area Pantauan (>1000m dari Desa)
Kendawangan,Seriam,"Senin, 21 September 2026 13:29:00",NASA-SNPP,Medium,110.37398,-2.72663,False,False,False,False,True,True,Di Luar Area Pantauan (>1000m dari Desa)
Kendawangan,Seriam,"Senin, 21 September 2026 13:29:00",NASA-SNPP,Medium,110.43932,-2.56392,False,False,False,False,True,True,Di Luar Area Pantauan (>1000m dari Desa)
Kendawangan,Danau Buntar,"Senin, 21 September 2026 13:29:00",NASA-SNPP,Medium,110.96201,-2.78675,False,False,False,False,False,False,Di Luar Area Pantauan (>1000m dari Desa)
Kendawangan,Pembedilan,"Senin, 21 September 2026 13:29:00",NASA-SNPP,Medium,110.38167,-2.84109,False,False,False,False,True,True,Di Luar Area Pantauan (>1000m dari Desa)
Kendawangan,Seriam,"Senin, 21 September 2026 13:29:00",NASA-SNPP,Medium,110.43631,-2.5159,False,False,False,False,True,True,Di Luar Area Pantauan (>1000m dari Desa)
Kendawangan,Bangkal Serai,"Senin, 21 September 2026 13:29:00",NASA-SNPP,Medium,110.5451,-2.60359,False,False,False,False,False,False,Di Luar Area Pantauan (>1000m dari Desa)
Kendawangan,Kendawangan Kanan,"Senin, 21 September 2026 13:29:00",NASA-SNPP,Medium,110.28435,-2.78598,False,False,False,True,True,True,Di Luar Area Pantauan (>1000m dari Desa)
Kendawangan,Air Hitam Besar,"Senin, 21 September 2026 13:29:00",NASA-SNPP,Medium,110.65867,-2.69025,False,False,False,True,False,True,Di Luar Area Pantauan (>1000m dari Desa)
Kendawangan,Pembedilan,"Senin, 21 September 2026 13:29:00",NASA-SNPP,Medium,110.43274,-2.87046,False,False,False,False,True,True,Di Luar Area Pantauan (>1000m dari Desa)
Kendawangan,Kendawangan Kanan,"Senin, 21 September 2026 13:29:00",NASA-SNPP,Medium,110.28821,-2.81121,False,False,False,True,True,True,Di Luar Area Pantauan (>1000m dari Desa)
Kendawangan,Pembedilan,"Senin, 21 September 2026 13:29:00",NASA-SNPP,Medium,110.42553,-2.79347,False,False,False,False,True,True,Di Luar Area Pantauan (>1000m dari Desa)
Kendawangan,Airhitam Hulu,"Senin, 21 September 2026 13:29:00",NASA-SNPP,Medium,110.63018,-2.61937,False,False,True,False,False,True,Di Luar Area Pantauan (>1000m dari Desa)
Kendawangan,Seriam,"Senin, 21 September 2026 13:29:00",NASA-SNPP,Medium,110.43114,-2.50537,False,False,False,False,False,False,Di Luar Area Pantauan (>1000m dari Desa)
Kendawangan,Sungai Jelayan,"Senin, 21 September 2026 13:29:00",NASA-SNPP,Medium,110.43312,-2.25149,False,False,False,False,False,False,Di Luar Area Pantauan (>1000m dari Desa)
Kendawangan,Seriam,"Senin, 21 September 2026 13:29:00",NASA-SNPP,Medium,110.44014,-2.50771,False,False,False,False,False,False,Di Luar Area Pantauan (>1000m dari Desa)
Kendawangan,Seriam,"Senin, 21 September 2026 13:29:00",NASA-SNPP,Medium,110.4317,-2.50901,False,False,False,False,False,False,Di Luar Area Pantauan (>1000m dari Desa)
Kendawangan,Bangkal Serai,"Senin, 21 September 2026 13:29:00",NASA-SNPP,Medium,110.50834,-2.5344,False,False,False,False,True,True,Di Luar Area Pantauan (>1000m dari Desa)
Kendawangan,Seriam,"Senin, 21 September 2026 13:29:00",NASA-SNPP,Medium,110.38383,-2.74433,False,False,False,False,True,True,Di Luar Area Pantauan (>1000m dari Desa)
Kendawangan,Airhitam Hulu,"Senin, 21 September 2026 13:29:00",NASA-SNPP,Medium,110.62894,-2.6685,False,False,False,False,False,False,Di Luar Area Pantauan (>1000m dari Desa)
Kendawangan,Seriam,"Senin, 21 September 2026 13:29:00",NASA-SNPP,Medium,110.37926,-2.73323,False,False,True,False,True,True,Di Luar Area Pantauan (>1000m dari Desa)
Kendawangan,Banjar Sari,"Senin, 21 September 2026 13:29:00",NASA-SNPP,Medium,110.45097,-2.34956,False,False,False,False,False,False,Di Luar Area Pantauan (>1000m dari Desa)
Kendawangan,Seriam,"Senin, 21 September 2026 13:29:00",NASA-SNPP,Medium,110.36176,-2.70256,False,False,False,False,True,True,Di Luar Area Pantauan (>1000m dari Desa)
Kendawangan,Pembedilan,"Senin, 21 September 2026 13:29:00",NASA-SNPP,Medium,110.38772,-2.76969,False,False,False,False,True,True,Di Luar Area Pantauan (>1000m dari Desa)
Kendawangan,Air Hitam Besar,"Senin, 21 September 2026 13:29:00",NASA-SNPP,Medium,110.68375,-2.65243,False,False,False,False,False,False,Di Luar Area Pantauan (>1000m dari Desa)
Kendawangan,Pembedilan,"Senin, 21 September 2026 13:29:00",NASA-SNPP,Medium,110.38356,-2.77035,False,False,False,False,True,True,Di Luar Area Pantauan (>1000m dari Desa)
Kendawangan,Seriam,"Senin, 21 September 2026 13:29:00",NASA-SNPP,Medium,110.43377,-2.5275,False,False,False,False,True,True,Di Luar Area Pantauan (>1000m dari Desa)
Kendawangan,Seriam,"Senin, 21 September 2026 13:29:00",NASA-SNPP,Medium,110.38494,-2.75158,False,False,False,False,True,True,Di Luar Area Pantauan (>1000m dari Desa)
Kendawangan,Kendawangan Kanan,"Senin, 21 September 2026 13:29:00",NASA-SNPP,Medium,110.28156,-2.75933,False,False,False,True,True,True,Di Luar Area Pantauan (>1000m dari Desa)
Kendawangan,Seriam,"Senin, 21 September 2026 13:29:00",NASA-SNPP,Medium,110.38039,-2.74048,False,False,False,False,True,True,Di Luar Area Pantauan (>1000m dari Desa)
Kendawangan,Pembedilan,"Senin, 21 September 2026 13:29:00",NASA-SNPP,Medium,110.43276,-2.84066,False,False,False,False,True,True,Di Luar Area Pantauan (>1000m dari Desa)
Kendawangan,Air Hitam Besar,"Senin, 21 September 2026 13:29:00",NASA-SNPP,Medium,110.69012,-2.63633,False,False,False,False,False,False,Di Luar Area Pantauan (>1000m dari Desa)
Air Upas,Harapan Baru,"Senin, 21 September 2026 13:29:00",NASA-SNPP,Medium,110.88882,-2.19964,False,False,False,False,False,False,Di Luar Area Pantauan (>1000m dari Desa)
Kendawangan,Mekar Utama,"Senin, 21 September 2026 13:29:00",NASA-SNPP,Medium,110.22494,-2.29128,False,False,False,False,False,False,Di Luar Area Pantauan (>1000m dari Desa)
Matan Hilir Selatan,Sungai Nanjung,"Senin, 21 September 2026 13:29:00",NASA-SNPP,Medium,110.16414,-2.19649,False,False,False,False,False,False,Di Luar Area Pantauan (>1000m dari Desa)
Matan Hilir Selatan,Pematang Gadung,"Senin, 21 September 2026 13:29:00",NASA-SNPP,Medium,110.31958,-1.9787,False,False,True,False,False,True,Di Luar Area Pantauan (>1000m dari Desa)
Matan Hilir Selatan,Pematang Gadung,"Senin, 21 September 2026 13:29:00",NASA-SNPP,Medium,110.31903,-1.97506,False,False,True,True,False,True,Di Luar Area Pantauan (>1000m dari Desa)
Kendawangan,Natai Kuini,"Senin, 21 September 2026 13:29:00",NASA-SNPP,Medium,110.7687,-2.81738,False,False,False,False,False,False,Di Luar Area Pantauan (>1000m dari Desa)
Kendawangan,Seriam,"Senin, 21 September 2026 13:29:00",NASA-SNPP,Medium,110.37115,-2.65285,False,False,False,False,True,True,Di Luar Area Pantauan (>1000m dari Desa)
Kendawangan,Seriam,"Senin, 21 September 2026 13:29:00",NASA-SNPP,Medium,110.36287,-2.7098,False,False,False,False,True,True,Di Luar Area Pantauan (>1000m dari Desa)
Matan Hilir Selatan,Pesaguan Kanan,"Senin, 21 September 2026 13:29:00",NASA-SNPP,Medium,110.33423,-2.02084,False,False,True,True,False,True,Di Luar Area Pantauan (>1000m dari Desa)
Kendawangan,Pangkalan Batu,"Senin, 21 September 2026 13:29:00",NASA-SNPP,Medium,110.38046,-2.15925,False,False,False,False,False,False,Di Luar Area Pantauan (>1000m dari Desa)
Kendawangan,Sungai Jelayan,"Senin, 21 September 2026 13:29:00",NASA-SNPP,Medium,110.47554,-2.24488,False,False,False,False,False,False,Di Luar Area Pantauan (>1000m dari Desa)
Kendawangan,Selimantan Jaya,"Senin, 21 September 2026 13:29:00",NASA-SNPP,Medium,110.5325,-2.2172,False,False,False,False,False,False,Di Luar Area Pantauan (>1000m dari Desa)
Kendawangan,Selimantan Jaya,"Senin, 21 September 2026 13:29:00",NASA-SNPP,Medium,110.53194,-2.21352,False,False,False,False,False,False,Di Luar Area Pantauan (>1000m dari Desa)
Kendawangan,Pembedilan,"Senin, 21 September 2026 13:29:00",NASA-SNPP,Medium,110.43218,-2.86684,False,False,False,False,True,True,Di Luar Area Pantauan (>1000m dari Desa)
Kendawangan,Pembedilan,"Senin, 21 September 2026 13:29:00",NASA-SNPP,Medium,110.38171,-2.8711,False,False,False,False,True,True,Di Luar Area Pantauan (>1000m dari Desa)
Kendawangan,Bangkal Serai,"Senin, 21 September 2026 13:29:00",NASA-SNPP,Medium,110.47336,-2.58848,False,False,False,False,True,True,Di Luar Area Pantauan (>1000m dari Desa)
Kendawangan,Pembedilan,"Senin, 21 September 2026 13:29:00",NASA-SNPP,Medium,110.38223,-2.84471,False,False,False,False,True,True,Di Luar Area Pantauan (>1000m dari Desa)
Kendawangan,Pembedilan,"Senin, 21 September 2026 13:29:00",NASA-SNPP,Medium,110.43695,-2.84002,False,False,False,False,True,True,Di Luar Area Pantauan (>1000m dari Desa)
Kendawangan,Pembedilan,"Senin, 21 September 2026 13:29:00",NASA-SNPP,Medium,110.37645,-2.86452,False,False,False,False,True,True,Di Luar Area Pantauan (>1000m dari Desa)
Kendawangan,Seriam,"Senin, 21 September 2026 13:29:00",NASA-SNPP,Medium,110.36814,-2.7164,False,False,False,False,True,True,Di Luar Area Pantauan (>1000m dari Desa)
Kendawangan,Seriam,"Senin, 21 September 2026 13:29:00",NASA-SNPP,Medium,110.3609,-2.66932,False,False,False,False,True,True,Di Luar Area Pantauan (>1000m dari Desa)
Kendawangan,Air Hitam Besar,"Senin, 21 September 2026 13:29:00",NASA-SNPP,Medium,110.65493,-2.69459,False,False,False,False,False,False,Di Luar Area Pantauan (>1000m dari Desa)
Kendawangan,Kendawangan Kanan,"Senin, 21 September 2026 13:29:00",NASA-SNPP,Medium,110.28566,-2.7587,False,False,False,False,True,True,Di Luar Area Pantauan (>1000m dari Desa)
Kendawangan,Sungai Jelayan,"Senin, 21 September 2026 13:29:00",NASA-SNPP,Medium,110.42834,-2.2485,False,False,False,False,False,False,Di Luar Area Pantauan (>1000m dari Desa)
Matan Hilir Selatan,Pagar Mentimun,"Senin, 21 September 2026 13:29:00",NASA-SNPP,Medium,110.1886,-2.21857,False,False,False,False,False,False,Di Luar Area Pantauan (>1000m dari Desa)
Matan Hilir Selatan,Pesaguan Kanan,"Senin, 21 September 2026 13:29:00",NASA-SNPP,Medium,110.23845,-2.0396,False,False,True,True,False,True,Di Luar Area Pantauan (>1000m dari Desa)
Kendawangan,Pembedilan,"Senin, 21 September 2026 13:29:00",NASA-SNPP,Medium,110.3866,-2.76245,False,False,False,False,True,True,Di Luar Area Pantauan (>1000m dari Desa)
Kendawangan,Pembedilan,"Senin, 21 September 2026 13:29:00",NASA-SNPP,Medium,110.37413,-2.76442,False,False,False,False,True,True,Di Luar Area Pantauan (>1000m dari Desa)
Kendawangan,Seriam,"Senin, 21 September 2026 13:29:00",NASA-SNPP,Medium,110.38551,-2.7552,False,False,False,False,True,True,Di Luar Area Pantauan (>1000m dari Desa)
Kendawangan,Danau Buntar,"Senin, 21 September 2026 13:29:00",NASA-SNPP,Medium,110.96819,-2.79726,False,False,False,False,False,False,Di Luar Area Pantauan (>1000m dari Desa)
Kendawangan,Natai Kuini,"Senin, 21 September 2026 13:29:00",NASA-SNPP,Medium,110.85943,-2.82583,False,False,False,False,True,True,Di Luar Area Pantauan (>1000m dari Desa)
Kendawangan,Natai Kuini,"Senin, 21 September 2026 13:29:00",NASA-SNPP,Medium,110.8556,-2.83024,False,False,False,False,True,True,Di Luar Area Pantauan (>1000m dari Desa)
Kendawangan,Seriam,"Senin, 21 September 2026 13:29:00",NASA-SNPP,Medium,110.38229,-2.66967,False,False,False,False,True,True,Di Luar Area Pantauan (>1000m dari Desa)
Kendawangan,Seriam,"Senin, 21 September 2026 13:29:00",NASA-SNPP,Medium,110.36562,-2.67228,False,False,False,False,True,True,Di Luar Area Pantauan (>1000m dari Desa)
Kendawangan,Airhitam Hulu,"Senin, 21 September 2026 13:29:00",NASA-SNPP,Medium,110.51707,-2.62228,False,False,False,False,True,True,Di Luar Area Pantauan (>1000m dari Desa)
Kendawangan,Seriam,"Senin, 21 September 2026 13:29:00",NASA-SNPP,Medium,110.36645,-2.64989,False,False,False,False,True,True,Di Luar Area Pantauan (>1000m dari Desa)
Kendawangan,Natai Kuini,"Selasa, 22 September 2026 03:08:00",NASA-MODIS,Medium,110.76655,-2.81869,False,False,False,False,False,False,Di Luar Area Pantauan (>1000m dari Desa)
Kendawangan,Air Hitam Besar,"Senin, 21 September 2026 20:31:00",NASA-MODIS,Medium,110.68618,-2.64734,False,False,False,False,False,False,Di Luar Area Pantauan (>1000m dari Desa)
Muara Pawan,Ulak Medang,"Senin, 21 September 2026 20:31:00",NASA-MODIS,Medium,110.27011,-1.51894,False,False,True,True,False,True,Di Luar Area Pantauan (>1000m dari Desa)
Muara Pawan,Ulak Medang,"Selasa, 22 September 2026 03:08:00",NASA-MODIS,Medium,110.3035,-1.54827,False,False,True,True,False,True,Di Luar Area Pantauan (>1000m dari Desa)
Kendawangan,Airhitam Hulu,"Senin, 21 September 2026 20:31:00",NASA-MODIS,Medium,110.64079,-2.6233,False,False,False,False,False,False,Di Luar Area Pantauan (>1000m dari Desa)
Jelai Hulu,Air Dua,"Senin, 21 September 2026 20:31:00",NASA-MODIS,Medium,110.81223,-1.92352,False,False,False,False,False,False,Di Luar Area Pantauan (>1000m dari Desa)
Kendawangan,Air Hitam Besar,"Senin, 21 September 2026 20:31:00",NASA-MODIS,Medium,110.65707,-2.69246,False,False,False,True,False,True,Di Luar Area Pantauan (>1000m dari Desa)
Kendawangan,Pembedilan,"Senin, 21 September 2026 20:31:00",NASA-MODIS,Medium,110.57935,-2.72373,False,False,False,False,False,False,Di Luar Area Pantauan (>1000m dari Desa)
Jelai Hulu,Air Dua,"Senin, 21 September 2026 20:31:00",NASA-MODIS,Medium,110.82473,-1.92176,False,False,False,False,False,False,Di Luar Area Pantauan (>1000m dari Desa)
Kendawangan,Seriam,"Senin, 21 September 2026 20:31:00",NASA-MODIS,Medium,110.44348,-2.50791,False,False,False,False,True,True,Di Luar Area Pantauan (>1000m dari Desa)
Kendawangan,Seriam,"Selasa, 22 September 2026 03:08:00",NASA-MODIS,Medium,110.43551,-2.50743,False,False,False,False,False,False,Di Luar Area Pantauan (>1000m dari Desa)
Kendawangan,Danau Buntar,"Senin, 21 September 2026 20:31:00",NASA-MODIS,Medium,110.95973,-2.7818,False,False,False,False,False,False,Di Luar Area Pantauan (>1000m dari Desa)
Matan Hilir Utara,Tanjung Baik Budi,"Senin, 21 September 2026 20:31:00",NASA-MODIS,Medium,110.19136,-1.53007,False,False,True,True,False,True,Di Luar Area Pantauan (>1000m dari Desa)
Kendawangan,Danau Buntar,"Senin, 21 September 2026 20:31:00",NASA-MODIS,High,110.96575,-2.78279,False,False,False,False,False,False,Di Luar Area Pantauan (>1000m dari Desa)
Kendawangan,Airhitam Hulu,"Senin, 21 September 2026 20:31:00",NASA-MODIS,High,110.62923,-2.62491,False,False,False,False,False,False,Di Luar Area Pantauan (>1000m dari Desa)
Nanga Tayap,Sungai Kelik,"Selasa, 22 September 2026 03:08:00",NASA-MODIS,High,110.31704,-1.55445,False,False,False,False,False,False,Di Luar Area Pantauan (>1000m dari Desa)
Nanga Tayap,Pangkalan Teluk,"Senin, 21 September 2026 20:31:00",NASA-MODIS,High,110.36119,-1.3014,False,False,True,False,False,True,Di Luar Area Pantauan (>1000m dari Desa)
Matan Hilir Selatan,Sungai Nanjung,"Senin, 21 September 2026 20:31:00",NASA-MODIS,High,110.27982,-2.17268,False,False,True,True,True,True,Di Luar Area Pantauan (>1000m dari Desa)
Nanga Tayap,Betenung,"Senin, 21 September 2026 20:31:00",NASA-MODIS,High,110.80102,-1.57813,False,False,False,False,False,False,Di Luar Area Pantauan (>1000m dari Desa)
Kendawangan,Danau Buntar,"Senin, 21 September 2026 20:31:00",NASA-MODIS,High,110.96116,-2.79204,False,False,True,False,False,True,Di Luar Area Pantauan (>1000m dari Desa)
Matan Hilir Utara,Tanjung Baik Budi,"Senin, 21 September 2026 20:31:00",NASA-MODIS,High,110.18021,-1.53165,False,False,True,True,False,True,Di Luar Area Pantauan (>1000m dari Desa)
Nanga Tayap,Lembah Hijau Satu,"Senin, 21 September 2026 20:31:00",NASA-MODIS,High,110.48604,-1.59105,False,False,True,False,False,True,Di Luar Area Pantauan (>1000m dari Desa)
Matan Hilir Utara,Tanjung Baik Budi,"Senin, 21 September 2026 20:31:00",NASA-MODIS,High,110.14675,-1.53638,False,False,True,True,False,True,Di Luar Area Pantauan (>1000m dari Desa)
Kendawangan,Sungai Jelayan,"Senin, 21 September 2026 20:31:00",NASA-MODIS,High,110.43346,-2.24297,False,False,False,False,False,False,Di Luar Area Pantauan (>1000m dari Desa)
Kendawangan,Sungai Jelayan,"Selasa, 22 September 2026 00:49:00",NASA-NOAA20,High,110.43102,-2.25195,False,False,False,False,False,False,Di Luar Area Pantauan (>1000m dari Desa)
Nanga Tayap,Pangkalan Teluk,"Senin, 21 September 2026 20:31:00",NASA-MODIS,High,110.35545,-1.30223,False,False,True,False,True,True,Di Luar Area Pantauan (>1000m dari Desa)
Kendawangan,Pembedilan,"Senin, 21 September 2026 13:29:00",NASA-SNPP,High,110.37806,-2.84535,False,False,False,False,True,True,Di Luar Area Pantauan (>1000m dari Desa)
Kendawangan,Pembedilan,"Senin, 21 September 2026 13:50:00",NASA-NOAA20,High,110.38315,-2.8365,False,False,False,False,True,True,Di Luar Area Pantauan (>1000m dari Desa)
Kendawangan,Kendawangan Kanan,"Senin, 21 September 2026 13:50:00",NASA-NOAA20,High,110.29495,-2.79447,False,False,False,False,True,True,Di Luar Area Pantauan (>1000m dari Desa)
Kendawangan,Kendawangan Kanan,"Senin, 21 September 2026 13:50:00",NASA-NOAA20,High,110.28262,-2.78525,False,False,False,True,True,True,Di Luar Area Pantauan (>1000m dari Desa)
Kendawangan,Kendawangan Kanan,"Senin, 21 September 2026 13:50:00",NASA-NOAA20,High,110.29142,-2.79506,False,False,False,True,True,True,Di Luar Area Pantauan (>1000m dari Desa)
Kendawangan,Seriam,"Senin, 21 September 2026 13:50:00",NASA-NOAA20,High,110.37418,-2.68499,False,False,False,False,True,True,Di Luar Area Pantauan (>1000m dari Desa)
Kendawangan,Seriam,"Senin, 21 September 2026 13:50:00",NASA-NOAA20,High,110.36762,-2.71449,False,False,False,False,True,True,Di Luar Area Pantauan (>1000m dari Desa)
Kendawangan,Pembedilan,"Senin, 21 September 2026 13:50:00",NASA-NOAA20,High,110.38556,-2.75659,False,False,False,False,True,True,Di Luar Area Pantauan (>1000m dari Desa)
Kendawangan,Pembedilan,"Senin, 21 September 2026 13:50:00",NASA-NOAA20,High,110.38929,-2.75641,False,False,False,False,True,True,Di Luar Area Pantauan (>1000m dari Desa)
Kendawangan,Natai Kuini,"Senin, 21 September 2026 13:50:00",NASA-NOAA20,High,110.8634,-2.82995,False,False,False,False,True,True,Di Luar Area Pantauan (>1000m dari Desa)
Kendawangan,Seriam,"Senin, 21 September 2026 13:50:00",NASA-NOAA20,High,110.35703,-2.6708,False,False,False,False,True,True,Di Luar Area Pantauan (>1000m dari Desa)
Matan Hilir Selatan,Pagar Mentimun,"Senin, 21 September 2026 13:50:00",NASA-NOAA20,High,110.17278,-2.2037,False,False,False,False,False,False,Di Luar Area Pantauan (>1000m dari Desa)
Kendawangan,Seriam,"Senin, 21 September 2026 13:29:00",NASA-SNPP,High,110.43575,-2.51226,False,False,False,False,False,False,Di Luar Area Pantauan (>1000m dari Desa)
Kendawangan,Seriam,"Senin, 21 September 2026 13:50:00",NASA-NOAA20,High,110.37253,-2.64619,False,False,False,False,True,True,Di Luar Area Pantauan (>1000m dari Desa)
Kendawangan,Seriam,"Senin, 21 September 2026 13:50:00",NASA-NOAA20,High,110.35252,-2.66588,False,False,False,False,True,True,Di Luar Area Pantauan (>1000m dari Desa)
Kendawangan,Sungai Jelayan,"Senin, 21 September 2026 13:50:00",NASA-NOAA20,High,110.43172,-2.25148,False,False,False,False,False,False,Di Luar Area Pantauan (>1000m dari Desa)
Kendawangan,Selimantan Jaya,"Senin, 21 September 2026 13:50:00",NASA-NOAA20,High,110.53358,-2.21156,False,False,False,False,False,False,Di Luar Area Pantauan (>1000m dari Desa)
Kendawangan,Seriam,"Senin, 21 September 2026 13:50:00",NASA-NOAA20,High,110.35338,-2.67141,False,False,False,False,True,True,Di Luar Area Pantauan (>1000m dari Desa)
Kendawangan,Seriam,"Senin, 21 September 2026 13:29:00",NASA-SNPP,High,110.43592,-2.50836,False,False,False,False,False,False,Di Luar Area Pantauan (>1000m dari Desa)
Kendawangan,Pembedilan,"Senin, 21 September 2026 13:50:00",NASA-NOAA20,High,110.39007,-2.76151,False,False,False,False,True,True,Di Luar Area Pantauan (>1000m dari Desa)
Kendawangan,Kendawangan Kanan,"Senin, 21 September 2026 13:50:00",NASA-NOAA20,High,110.28332,-2.81334,False,False,False,True,True,True,Di Luar Area Pantauan (>1000m dari Desa)
Kendawangan,Natai Kuini,"Senin, 21 September 2026 13:29:00",NASA-SNPP,High,110.85999,-2.82955,False,False,False,False,True,True,Di Luar Area Pantauan (>1000m dari Desa)
Kendawangan,Seriam,"Senin, 21 September 2026 13:50:00",NASA-NOAA20,High,110.32896,-2.63053,False,False,False,False,True,True,Di Luar Area Pantauan (>1000m dari Desa)
Kendawangan,Kendawangan Kanan,"Senin, 21 September 2026 13:50:00",NASA-NOAA20,High,110.28245,-2.78489,False,False,False,True,True,True,Di Luar Area Pantauan (>1000m dari Desa)
Kendawangan,Pembedilan,"Senin, 21 September 2026 13:29:00",NASA-SNPP,High,110.44108,-2.86915,False,False,False,False,True,True,Di Luar Area Pantauan (>1000m dari Desa)
Kendawangan,Natai Kuini,"Senin, 21 September 2026 13:50:00",NASA-NOAA20,High,110.86256,-2.82423,False,False,False,False,True,True,Di Luar Area Pantauan (>1000m dari Desa)
Kendawangan,Seriam,"Senin, 21 September 2026 13:50:00",NASA-NOAA20,High,110.37632,-2.65051,False,False,False,False,True,True,Di Luar Area Pantauan (>1000m dari Desa)
Kendawangan,Pembedilan,"Senin, 21 September 2026 13:50:00",NASA-NOAA20,High,110.38921,-2.75597,False,False,False,False,True,True,Di Luar Area Pantauan (>1000m dari Desa)
Matan Hilir Utara,Tanjung Baik Budi,"Senin, 21 September 2026 20:31:00",NASA-MODIS,High,110.17323,-1.56281,False,False,True,True,False,True,Di Luar Area Pantauan (>1000m dari Desa)
Jelai Hulu,Semantun,"Senin, 21 September 2026 20:31:00",NASA-MODIS,High,111.04484,-2.05367,False,False,False,False,False,False,Di Luar Area Pantauan (>1000m dari Desa)
Kendawangan,Air Hitam Besar,"Selasa, 22 September 2026 03:08:00",NASA-MODIS,High,110.76792,-2.80953,False,False,False,True,False,True,Di Luar Area Pantauan (>1000m dari Desa)
Kendawangan,Seriam,"Senin, 21 September 2026 20:31:00",NASA-MODIS,High,110.44073,-2.48809,False,False,False,False,False,False,Di Luar Area Pantauan (>1000m dari Desa)
Matan Hilir Utara,Tanjung Baik Budi,"Senin, 21 September 2026 20:31:00",NASA-MODIS,High,110.16206,-1.56437,False,False,True,True,False,True,Di Luar Area Pantauan (>1000m dari Desa)
Kendawangan,Danau Buntar,"Selasa, 22 September 2026 03:08:00",NASA-MODIS,High,110.96577,-2.78382,False,False,False,False,False,False,Di Luar Area Pantauan (>1000m dari Desa)
Matan Hilir Selatan,Sungai Nanjung,"Senin, 21 September 2026 20:31:00",NASA-MODIS,High,110.24372,-2.15773,False,False,True,True,False,True,Di Luar Area Pantauan (>1000m dari Desa)
Matan Hilir Utara,Kuala Tolak,"Senin, 21 September 2026 20:31:00",NASA-MODIS,High,110.14202,-1.46509,False,False,True,True,False,True,Di Luar Area Pantauan (>1000m dari Desa)
Kendawangan,Pangkalan Batu,"Senin, 21 September 2026 20:31:00",NASA-MODIS,High,110.32172,-2.22717,False,False,False,False,False,False,Di Luar Area Pantauan (>1000m dari Desa)
Matan Hilir Selatan,Sungai Besar,"Senin, 21 September 2026 20:31:00",NASA-MODIS,High,110.23392,-1.86088,False,False,True,True,False,True,Di Luar Area Pantauan (>1000m dari Desa)
Muara Pawan,Ulak Medang,"Senin, 21 September 2026 20:31:00",NASA-MODIS,High,110.27292,-1.5388,False,False,True,True,False,True,Di Luar Area Pantauan (>1000m dari Desa)
Muara Pawan,Ulak Medang,"Senin, 21 September 2026 20:31:00",NASA-MODIS,High,110.28285,-1.52727,False,False,True,True,False,True,Di Luar Area Pantauan (>1000m dari Desa)
Nanga Tayap,Sungai Kelik,"Selasa, 22 September 2026 03:08:00",NASA-MODIS,High,110.3139,-1.54983,False,False,False,False,False,False,Di Luar Area Pantauan (>1000m dari Desa)
Nanga Tayap,Lembah Hijau Satu,"Selasa, 22 September 2026 03:08:00",NASA-MODIS,High,110.48,-1.58941,False,False,True,False,False,True,Di Luar Area Pantauan (>1000m dari Desa)
Kendawangan,Sungai Jelayan,"Senin, 21 September 2026 20:31:00",NASA-MODIS,High,110.43487,-2.25291,False,False,False,False,False,False,Di Luar Area Pantauan (>1000m dari Desa)
Matan Hilir Selatan,Sungai Besar,"Senin, 21 September 2026 20:31:00",NASA-MODIS,High,110.24513,-1.85934,False,False,True,True,False,True,Di Luar Area Pantauan (>1000m dari Desa)
Kendawangan,Seriam,"Senin, 21 September 2026 20:31:00",NASA-MODIS,High,110.45201,-2.48646,False,False,False,False,False,False,Di Luar Area Pantauan (>1000m dari Desa)
Muara Pawan,Ulak Medang,"Senin, 21 September 2026 20:31:00",NASA-MODIS,High,110.27151,-1.52887,False,False,True,True,False,True,Di Luar Area Pantauan (>1000m dari Desa)
Nanga Tayap,Sungai Kelik,"Selasa, 22 September 2026 03:08:00",NASA-MODIS,High,110.30666,-1.55284,False,False,True,True,False,True,Di Luar Area Pantauan (>1000m dari Desa)
Muara Pawan,Ulak Medang,"Senin, 21 September 2026 20:31:00",NASA-MODIS,High,110.2602,-1.53046,False,False,True,True,False,True,Di Luar Area Pantauan (>1000m dari Desa)
Muara Pawan,Ulak Medang,"Senin, 21 September 2026 20:31:00",NASA-MODIS,High,110.24751,-1.52213,False,False,True,True,False,True,Di Luar Area Pantauan (>1000m dari Desa)
Muara Pawan,Ulak Medang,"Senin, 21 September 2026 20:31:00",NASA-MODIS,High,110.2588,-1.52054,False,False,True,True,False,True,Di Luar Area Pantauan (>1000m dari Desa)
Tumbang Titi,Nanga Kelampai,"Senin, 21 September 2026 20:31:00",NASA-MODIS,High,110.54958,-1.95024,False,False,False,False,False,False,Di Luar Area Pantauan (>1000m dari Desa)
Nanga Tayap,Lembah Hijau Satu,"Selasa, 22 September 2026 03:08:00",NASA-MODIS,High,110.49017,-1.59098,False,False,True,False,False,True,Di Luar Area Pantauan (>1000m dari Desa)
Matan Hilir Utara,Tanjung Baik Budi,"Senin, 21 September 2026 20:31:00",NASA-MODIS,High,110.1607,-1.55451,False,False,True,True,False,True,Di Luar Area Pantauan (>1000m dari Desa)
Kendawangan,Seriam,"Senin, 21 September 2026 20:31:00",NASA-MODIS,High,110.43221,-2.50952,False,False,False,False,False,False,Di Luar Area Pantauan (>1000m dari Desa)
Matan Hilir Utara,Tanjung Baik Budi,"Senin, 21 September 2026 20:31:00",NASA-MODIS,High,110.17184,-1.55295,False,False,True,True,False,True,Di Luar Area Pantauan (>1000m dari Desa)
Kendawangan,Seriam,"Senin, 21 September 2026 20:31:00",NASA-MODIS,High,110.44565,-2.48621,False,False,False,False,False,False,Di Luar Area Pantauan (>1000m dari Desa)
Kendawangan,Pangkalan Batu,"Senin, 21 September 2026 20:31:00",NASA-MODIS,High,110.32774,-2.22772,False,False,False,False,False,False,Di Luar Area Pantauan (>1000m dari Desa)
Kendawangan,Pangkalan Batu,"Senin, 21 September 2026 20:31:00",NASA-MODIS,High,110.33283,-2.22565,False,False,False,False,False,False,Di Luar Area Pantauan (>1000m dari Desa)
Matan Hilir Utara,Tanjung Baik Budi,"Senin, 21 September 2026 20:31:00",NASA-MODIS,High,110.18159,-1.54152,False,False,True,True,False,True,Di Luar Area Pantauan (>1000m dari Desa)
Kendawangan,Sungai Jelayan,"Senin, 21 September 2026 20:31:00",NASA-MODIS,High,110.42353,-2.25451,False,False,False,False,False,False,Di Luar Area Pantauan (>1000m dari Desa)
Matan Hilir Utara,Tanjung Baik Budi,"Senin, 21 September 2026 20:31:00",NASA-MODIS,High,110.19276,-1.53995,False,False,True,True,False,True,Di Luar Area Pantauan (>1000m dari Desa)
Matan Hilir Utara,Tanjung Baik Budi,"Senin, 21 September 2026 20:31:00",NASA-MODIS,High,110.17046,-1.54309,False,False,False,True,False,True,Di Luar Area Pantauan (>1000m dari Desa)
