Kecamatan,Desa,Waktu,Satelit,Confidence,Longitude,Latitude,in_desa,in_buffer,is_hutan,is_gambut,is_kk,in_kawasan,Prioritas_Satgas
Muara Pawan,Tanjung Pura,"Jumat, 11 September 2026 15:01:00",NASA-MODIS,Low,110.22157,-1.70089,False,False,False,False,False,False,Di Luar Area Pantauan (>1000m dari Desa)
Muara Pawan,Tanjung Pasar,"Jumat, 11 September 2026 15:01:00",NASA-MODIS,Low,110.1349,-1.80858,False,False,False,False,False,False,Di Luar Area Pantauan (>1000m dari Desa)
Sungai Melayu Rayak,Makmur Abadi,"Jumat, 11 September 2026 15:01:00",NASA-MODIS,Low,110.2719,-1.7086,False,False,True,True,False,True,Di Luar Area Pantauan (>1000m dari Desa)
Muara Pawan,Ulak Medang,"Jumat, 11 September 2026 13:18:00",NASA-SNPP,Low,110.28732,-1.65047,False,False,False,True,False,True,Di Luar Area Pantauan (>1000m dari Desa)
Simpang Hilir,Batu Barat,"Jumat, 11 September 2026 13:18:00",NASA-SNPP,Low,110.02293,-0.98097,False,False,True,True,False,True,Di Luar Area Pantauan (>1000m dari Desa)
Simpang Hilir,Batu Barat,"Jumat, 11 September 2026 13:18:00",NASA-SNPP,Low,110.02688,-0.98376,False,False,True,True,False,True,Di Luar Area Pantauan (>1000m dari Desa)
Sungai Raya,Muara Baru,"Jumat, 11 September 2026 13:18:00",NASA-SNPP,Low,109.82572,-0.17601,False,False,True,True,True,True,Di Luar Area Pantauan (>1000m dari Desa)
Batu Ampar,Tanjungberingin,"Jumat, 11 September 2026 13:18:00",NASA-SNPP,Low,109.9267,-0.50529,False,False,True,True,False,True,Di Luar Area Pantauan (>1000m dari Desa)
Tempunak,Pangkal Baru,"Jumat, 11 September 2026 13:18:00",NASA-SNPP,Low,111.29345,-0.18782,False,False,False,False,False,False,Di Luar Area Pantauan (>1000m dari Desa)
Batu Ampar,Tanjungberingin,"Jumat, 11 September 2026 13:18:00",NASA-SNPP,Low,109.91686,-0.51019,False,False,True,True,False,True,Di Luar Area Pantauan (>1000m dari Desa)
Simpang Hilir,Matan Jaya,"Jumat, 11 September 2026 13:18:00",NASA-SNPP,Low,110.14235,-1.0874,False,False,False,True,True,True,Di Luar Area Pantauan (>1000m dari Desa)
Sandai,Pendamaran Indah,"Jumat, 11 September 2026 13:18:00",NASA-SNPP,Low,110.63506,-1.06978,False,False,False,False,False,False,Di Luar Area Pantauan (>1000m dari Desa)
Sungai Melayu Rayak,Makmur Abadi,"Jumat, 11 September 2026 13:18:00",NASA-SNPP,Low,110.24591,-1.76822,False,False,False,True,False,True,Di Luar Area Pantauan (>1000m dari Desa)
Sungai Melayu Rayak,Makmur Abadi,"Jumat, 11 September 2026 13:18:00",NASA-SNPP,Low,110.23902,-1.76928,False,False,False,True,False,True,Di Luar Area Pantauan (>1000m dari Desa)
Muara Pawan,Ulak Medang,"Jumat, 11 September 2026 13:18:00",NASA-SNPP,Low,110.27382,-1.52032,False,False,True,True,False,True,Di Luar Area Pantauan (>1000m dari Desa)
Muara Pawan,Ulak Medang,"Jumat, 11 September 2026 13:18:00",NASA-SNPP,Low,110.25558,-1.51632,False,False,True,True,False,True,Di Luar Area Pantauan (>1000m dari Desa)
Matan Hilir Utara,Lamon Satong,"Jumat, 11 September 2026 13:18:00",NASA-SNPP,Low,110.27396,-1.45656,False,False,False,False,False,False,Di Luar Area Pantauan (>1000m dari Desa)
Sungai Melayu Rayak,Makmur Abadi,"Jumat, 11 September 2026 13:18:00",NASA-SNPP,Low,110.27709,-1.6996,False,False,False,True,False,True,Di Luar Area Pantauan (>1000m dari Desa)
Matan Hilir Utara,Kuala Tolak,"Jumat, 11 September 2026 13:18:00",NASA-SNPP,Low,110.12973,-1.5058,False,False,True,True,False,True,Di Luar Area Pantauan (>1000m dari Desa)
Nanga Tayap,Simpang Tiga Sembelangaan,"Jumat, 11 September 2026 13:18:00",NASA-SNPP,Low,110.38986,-1.45244,False,False,False,False,False,False,Di Luar Area Pantauan (>1000m dari Desa)
Matan Hilir Utara,Kuala Tolak,"Jumat, 11 September 2026 13:18:00",NASA-SNPP,Low,110.12083,-1.49357,False,False,True,True,False,True,Di Luar Area Pantauan (>1000m dari Desa)
Muara Pawan,Ulak Medang,"Jumat, 11 September 2026 13:18:00",NASA-SNPP,Low,110.28072,-1.51927,False,False,True,True,False,True,Di Luar Area Pantauan (>1000m dari Desa)
Matan Hilir Selatan,Pesaguan Kanan,"Jumat, 11 September 2026 13:18:00",NASA-SNPP,Low,110.25195,-2.03456,False,False,True,True,False,True,Di Luar Area Pantauan (>1000m dari Desa)
Muara Pawan,Ulak Medang,"Jumat, 11 September 2026 13:18:00",NASA-SNPP,Low,110.28632,-1.64382,False,False,False,True,False,True,Di Luar Area Pantauan (>1000m dari Desa)
Nanga Tayap,Siantau Raya,"Jumat, 11 September 2026 13:18:00",NASA-SNPP,Low,110.48663,-1.63696,False,False,False,False,False,False,Di Luar Area Pantauan (>1000m dari Desa)
Matan Hilir Selatan,Pagar Mentimun,"Jumat, 11 September 2026 13:35:00",NASA-NOAA20,Low,110.15799,-2.30135,False,False,False,False,False,False,Di Luar Area Pantauan (>1000m dari Desa)
Matan Hilir Selatan,Pagar Mentimun,"Jumat, 11 September 2026 13:35:00",NASA-NOAA20,Low,110.15639,-2.31972,False,False,False,True,False,True,Di Luar Area Pantauan (>1000m dari Desa)
Sungai Melayu Rayak,Makmur Abadi,"Jumat, 11 September 2026 13:18:00",NASA-SNPP,Low,110.24335,-1.72784,False,False,False,True,False,True,Di Luar Area Pantauan (>1000m dari Desa)
Muara Pawan,Sungai Awan Kiri,"Jumat, 11 September 2026 13:18:00",NASA-SNPP,Low,110.06111,-1.75911,False,False,False,True,False,True,Di Luar Area Pantauan (>1000m dari Desa)
Matan Hilir Selatan,Sungai Besar,"Jumat, 11 September 2026 13:18:00",NASA-SNPP,Low,110.13697,-1.91022,False,False,False,True,False,True,Di Luar Area Pantauan (>1000m dari Desa)
Sungai Melayu Rayak,Makmur Abadi,"Jumat, 11 September 2026 13:18:00",NASA-SNPP,Low,110.24384,-1.73116,False,False,False,True,False,True,Di Luar Area Pantauan (>1000m dari Desa)
Sungai Melayu Rayak,Makmur Abadi,"Jumat, 11 September 2026 13:18:00",NASA-SNPP,Low,110.24642,-1.77155,False,False,False,True,False,True,Di Luar Area Pantauan (>1000m dari Desa)
Sungai Melayu Rayak,Sungai Melayu,"Jumat, 11 September 2026 13:18:00",NASA-SNPP,Low,110.48767,-1.80217,False,False,False,False,True,True,Di Luar Area Pantauan (>1000m dari Desa)
Benua Kayong,Negeri Baru,"Jumat, 11 September 2026 13:18:00",NASA-SNPP,Low,110.21194,-1.77682,False,False,False,True,False,True,Di Luar Area Pantauan (>1000m dari Desa)
Matan Hilir Selatan,Sungai Nanjung,"Jumat, 11 September 2026 13:18:00",NASA-SNPP,Low,110.15585,-2.14071,False,False,False,True,False,True,Di Luar Area Pantauan (>1000m dari Desa)
Matan Hilir Selatan,Sungai Nanjung,"Jumat, 11 September 2026 13:18:00",NASA-SNPP,Low,110.1312,-2.14108,False,False,False,True,False,True,Di Luar Area Pantauan (>1000m dari Desa)
Matan Hilir Selatan,Sungai Nanjung,"Jumat, 11 September 2026 13:18:00",NASA-SNPP,Low,110.16563,-2.11204,False,False,False,True,False,True,Di Luar Area Pantauan (>1000m dari Desa)
Matan Hilir Selatan,Sungai Nanjung,"Jumat, 11 September 2026 13:18:00",NASA-SNPP,Low,110.17043,-2.16146,False,False,False,False,False,False,Di Luar Area Pantauan (>1000m dari Desa)
Manis Mata,Seguling,"Jumat, 11 September 2026 13:18:00",NASA-SNPP,Low,111.07367,-2.6321,False,False,False,False,False,False,Di Luar Area Pantauan (>1000m dari Desa)
Manis Mata,Suka Ramai,"Jumat, 11 September 2026 13:18:00",NASA-SNPP,Low,111.08727,-2.69698,False,False,False,False,False,False,Di Luar Area Pantauan (>1000m dari Desa)
Kendawangan,Air Hitam Besar,"Jumat, 11 September 2026 13:18:00",NASA-SNPP,Low,110.64468,-2.77518,False,False,False,False,False,False,Di Luar Area Pantauan (>1000m dari Desa)
Muara Pawan,Ulak Medang,"Jumat, 11 September 2026 13:18:00",NASA-SNPP,Low,110.25729,-1.66186,False,False,False,True,False,True,Di Luar Area Pantauan (>1000m dari Desa)
Belitang Hulu,Ijuk,"Jumat, 11 September 2026 13:18:00",NASA-SNPP,Low,111.059,0.42169,False,False,False,False,False,False,Di Luar Area Pantauan (>1000m dari Desa)
Ella Hilir,Nanga Nyuruh,"Jumat, 11 September 2026 13:18:00",NASA-SNPP,Low,112.09457,-0.47568,False,False,False,False,False,False,Di Luar Area Pantauan (>1000m dari Desa)
Pulau Maya,Kemboja,"Jumat, 11 September 2026 13:18:00",NASA-SNPP,Low,109.7317,-1.08296,False,False,False,True,False,True,Di Luar Area Pantauan (>1000m dari Desa)
Simpang Hilir,Matan Jaya,"Jumat, 11 September 2026 13:18:00",NASA-SNPP,Low,110.14874,-1.08302,False,False,False,False,True,True,Di Luar Area Pantauan (>1000m dari Desa)
Muara Pawan,Ulak Medang,"Jumat, 11 September 2026 13:18:00",NASA-SNPP,Low,110.28682,-1.64714,False,False,False,True,False,True,Di Luar Area Pantauan (>1000m dari Desa)
Sungai Melayu Rayak,Makmur Abadi,"Jumat, 11 September 2026 13:18:00",NASA-SNPP,Low,110.23946,-1.74882,False,False,True,True,False,True,Di Luar Area Pantauan (>1000m dari Desa)
Benua Kayong,Negeri Baru,"Jumat, 11 September 2026 13:18:00",NASA-SNPP,Low,110.21488,-1.77297,False,False,False,True,False,True,Di Luar Area Pantauan (>1000m dari Desa)
Muara Pawan,Tanjung Pasar,"Jumat, 11 September 2026 13:18:00",NASA-SNPP,Low,110.02287,-1.83291,False,False,False,False,False,False,Di Luar Area Pantauan (>1000m dari Desa)
Muara Pawan,Tanjung Pasar,"Jumat, 11 September 2026 13:18:00",NASA-SNPP,Low,110.02581,-1.82906,False,False,False,False,False,False,Di Luar Area Pantauan (>1000m dari Desa)
Matan Hilir Selatan,Sungai Nanjung,"Jumat, 11 September 2026 13:18:00",NASA-SNPP,Low,110.21246,-2.11847,False,False,False,False,False,False,Di Luar Area Pantauan (>1000m dari Desa)
Matan Hilir Selatan,Sungai Nanjung,"Jumat, 11 September 2026 13:18:00",NASA-SNPP,Low,110.21296,-2.12179,False,False,True,False,False,True,Di Luar Area Pantauan (>1000m dari Desa)
Kendawangan,Natai Kuini,"Jumat, 11 September 2026 13:16:00",NASA-SNPP,Low,110.71227,-2.95399,False,False,False,False,False,False,Di Luar Area Pantauan (>1000m dari Desa)
Ketungau Tengah,Margahayu,"Jumat, 11 September 2026 13:37:00",NASA-NOAA20,Low,111.41687,0.77672,False,False,False,False,False,False,Di Luar Area Pantauan (>1000m dari Desa)
Ketungau Tengah,Wana Bhakti,"Jumat, 11 September 2026 13:37:00",NASA-NOAA20,Low,111.47549,0.81163,False,False,False,False,False,False,Di Luar Area Pantauan (>1000m dari Desa)
Serawai,Tahai Permai,"Jumat, 11 September 2026 13:37:00",NASA-NOAA20,Low,112.58302,-0.19878,False,False,False,False,True,True,Di Luar Area Pantauan (>1000m dari Desa)
Belitang Hilir,Sungaiayak Satu,"Jumat, 11 September 2026 13:37:00",NASA-NOAA20,Low,111.07034,0.05347,False,False,False,False,False,False,Di Luar Area Pantauan (>1000m dari Desa)
Menukung,Sampak,"Jumat, 11 September 2026 13:37:00",NASA-NOAA20,Low,112.24973,-0.50888,False,False,False,False,False,False,Di Luar Area Pantauan (>1000m dari Desa)
Pulau Maya,Kemboja,"Jumat, 11 September 2026 13:37:00",NASA-NOAA20,Low,109.7132,-1.11445,False,False,False,True,False,True,Di Luar Area Pantauan (>1000m dari Desa)
Serawai,Rantau Malam,"Jumat, 11 September 2026 13:37:00",NASA-NOAA20,Low,112.59678,-0.51334,False,False,True,False,False,True,Di Luar Area Pantauan (>1000m dari Desa)
Simpang Hilir,Batu Barat,"Jumat, 11 September 2026 13:37:00",NASA-NOAA20,Low,110.03744,-0.97291,False,False,True,True,False,True,Di Luar Area Pantauan (>1000m dari Desa)
Ketungau Tengah,Sumber Sari,"Jumat, 11 September 2026 13:37:00",NASA-NOAA20,Low,111.34455,0.71505,False,False,False,False,False,False,Di Luar Area Pantauan (>1000m dari Desa)
Batu Ampar,Tanjungberingin,"Jumat, 11 September 2026 13:37:00",NASA-NOAA20,Low,109.9259,-0.50532,False,False,True,True,False,True,Di Luar Area Pantauan (>1000m dari Desa)
Matan Hilir Selatan,Sungai Pelang,"Jumat, 11 September 2026 13:18:00",NASA-SNPP,Low,110.16743,-1.87838,False,False,True,True,False,True,Di Luar Area Pantauan (>1000m dari Desa)
Ella Hilir,Nanga Ella Hilir,"Jumat, 11 September 2026 13:37:00",NASA-NOAA20,Low,112.02061,-0.41021,False,False,False,False,False,False,Di Luar Area Pantauan (>1000m dari Desa)
Matan Hilir Selatan,Sungai Bakau,"Jumat, 11 September 2026 13:18:00",NASA-SNPP,Low,110.17251,-1.93537,False,False,False,True,False,True,Di Luar Area Pantauan (>1000m dari Desa)
Matan Hilir Selatan,Sungai Nanjung,"Jumat, 11 September 2026 13:18:00",NASA-SNPP,Low,110.18177,-2.16652,False,False,False,False,False,False,Di Luar Area Pantauan (>1000m dari Desa)
Sungai Melayu Rayak,Makmur Abadi,"Jumat, 11 September 2026 13:18:00",NASA-SNPP,Low,110.24692,-1.77487,False,False,False,True,False,True,Di Luar Area Pantauan (>1000m dari Desa)
Matan Hilir Selatan,Sungai Pelang,"Jumat, 11 September 2026 13:18:00",NASA-SNPP,Low,110.11378,-1.89678,False,False,False,True,False,True,Di Luar Area Pantauan (>1000m dari Desa)
Matan Hilir Selatan,Pematang Gadung,"Jumat, 11 September 2026 13:18:00",NASA-SNPP,Low,110.32129,-1.97978,False,False,False,False,False,False,Di Luar Area Pantauan (>1000m dari Desa)
Manis Mata,Suka Ramai,"Jumat, 11 September 2026 15:01:00",NASA-MODIS,Low,111.07292,-2.76337,False,False,False,False,False,False,Di Luar Area Pantauan (>1000m dari Desa)
Matan Hilir Selatan,Sungai Besar,"Jumat, 11 September 2026 15:01:00",NASA-MODIS,Low,110.25296,-1.8844,False,False,True,False,False,True,Di Luar Area Pantauan (>1000m dari Desa)
Pinoh Utara,Tengkajau,"Jumat, 11 September 2026 15:01:00",NASA-MODIS,Low,111.7317,-0.24562,False,False,False,False,False,False,Di Luar Area Pantauan (>1000m dari Desa)
Sungai Ambawang,Teluk Bakung,"Jumat, 11 September 2026 15:01:00",NASA-MODIS,Medium,109.7181,-0.02483,False,False,False,True,False,True,Di Luar Area Pantauan (>1000m dari Desa)
Matan Hilir Utara,Lamon Satong,"Jumat, 11 September 2026 15:01:00",NASA-MODIS,Medium,110.19063,-1.52494,False,False,True,True,False,True,Di Luar Area Pantauan (>1000m dari Desa)
Belitang Hulu,Terduk Dampak,"Jumat, 11 September 2026 15:01:00",NASA-MODIS,Medium,111.1796,0.63593,False,False,False,False,False,False,Di Luar Area Pantauan (>1000m dari Desa)
Manis Mata,Seguling,"Jumat, 11 September 2026 15:01:00",NASA-MODIS,Medium,111.14009,-2.66072,False,False,False,False,False,False,Di Luar Area Pantauan (>1000m dari Desa)
Pinoh Utara,Melamut Bersatu,"Jumat, 11 September 2026 15:01:00",NASA-MODIS,Medium,111.72125,-0.24716,False,False,False,False,False,False,Di Luar Area Pantauan (>1000m dari Desa)
Jelai Hulu,Tanggerang,"Jumat, 11 September 2026 15:01:00",NASA-MODIS,Medium,110.69896,-2.03755,False,False,False,False,False,False,Di Luar Area Pantauan (>1000m dari Desa)
Nanga Tayap,Batu Mas,"Jumat, 11 September 2026 15:01:00",NASA-MODIS,Medium,110.66479,-1.69518,False,False,True,False,False,True,Di Luar Area Pantauan (>1000m dari Desa)
Matan Hilir Selatan,Sungai Nanjung,"Jumat, 11 September 2026 15:01:00",NASA-MODIS,Medium,110.25499,-2.17099,False,False,True,True,True,True,Di Luar Area Pantauan (>1000m dari Desa)
Belitang Hulu,Sungaiantu Hulu,"Jumat, 11 September 2026 15:01:00",NASA-MODIS,Medium,111.17813,0.64568,False,False,False,False,False,False,Di Luar Area Pantauan (>1000m dari Desa)
Muara Pawan,Sungai Awan Kiri,"Jumat, 11 September 2026 15:01:00",NASA-MODIS,Medium,110.00805,-1.72155,False,False,False,False,False,False,Di Luar Area Pantauan (>1000m dari Desa)
Muara Pawan,Mayak,"Jumat, 11 September 2026 15:01:00",NASA-MODIS,Medium,110.145,-1.71558,False,False,True,True,False,True,Di Luar Area Pantauan (>1000m dari Desa)
Sungai Melayu Rayak,Makmur Abadi,"Jumat, 11 September 2026 15:01:00",NASA-MODIS,Medium,110.26466,-1.70552,False,False,True,True,False,True,Di Luar Area Pantauan (>1000m dari Desa)
Matan Hilir Selatan,Sungai Nanjung,"Jumat, 11 September 2026 15:01:00",NASA-MODIS,Medium,110.28783,-2.19973,False,False,False,False,False,False,Di Luar Area Pantauan (>1000m dari Desa)
Nanga Tayap,Kayung Tuhe,"Jumat, 11 September 2026 15:01:00",NASA-MODIS,Medium,110.72165,-1.54498,False,False,False,False,False,False,Di Luar Area Pantauan (>1000m dari Desa)
Belitang Hulu,Sebetung,"Jumat, 11 September 2026 15:01:00",NASA-MODIS,Medium,111.08877,0.56244,False,False,False,False,False,False,Di Luar Area Pantauan (>1000m dari Desa)
Matan Hilir Selatan,Pesaguan Kanan,"Jumat, 11 September 2026 15:01:00",NASA-MODIS,Medium,110.30844,-2.03463,False,False,False,False,False,False,Di Luar Area Pantauan (>1000m dari Desa)
Benua Kayong,Negeri Baru,"Jumat, 11 September 2026 15:01:00",NASA-MODIS,Medium,110.23994,-1.77978,False,False,False,True,False,True,Di Luar Area Pantauan (>1000m dari Desa)
Matan Hilir Selatan,Sungai Nanjung,"Jumat, 11 September 2026 15:01:00",NASA-MODIS,Medium,110.25819,-2.19287,False,False,True,True,True,True,Di Luar Area Pantauan (>1000m dari Desa)
Muara Pawan,Mayak,"Jumat, 11 September 2026 15:01:00",NASA-MODIS,Medium,110.15349,-1.72226,False,False,False,True,False,True,Di Luar Area Pantauan (>1000m dari Desa)
Kuala Behe,Nyayum,"Jumat, 11 September 2026 15:01:00",NASA-MODIS,Medium,110.10278,0.59826,False,False,False,False,False,False,Di Luar Area Pantauan (>1000m dari Desa)
Bonti,Bahta,"Jumat, 11 September 2026 15:01:00",NASA-MODIS,Medium,110.57746,0.28216,False,False,False,False,False,False,Di Luar Area Pantauan (>1000m dari Desa)
Kendawangan,Airhitam Hulu,"Jumat, 11 September 2026 15:01:00",NASA-MODIS,Medium,110.52938,-2.68106,False,False,False,False,True,True,Di Luar Area Pantauan (>1000m dari Desa)
Belitang,Melanjan Raya,"Jumat, 11 September 2026 15:01:00",NASA-MODIS,Medium,111.13123,0.16792,False,False,False,False,False,False,Di Luar Area Pantauan (>1000m dari Desa)
Belitang Hulu,Kumpang Ilong,"Jumat, 11 September 2026 15:01:00",NASA-MODIS,Medium,111.11852,0.4424,False,False,False,False,False,False,Di Luar Area Pantauan (>1000m dari Desa)
Kendawangan,Airhitam Hulu,"Jumat, 11 September 2026 15:01:00",NASA-MODIS,Medium,110.62824,-2.65956,False,False,False,False,False,False,Di Luar Area Pantauan (>1000m dari Desa)
Menukung,Sampak,"Jumat, 11 September 2026 15:01:00",NASA-MODIS,Medium,112.24209,-0.51127,False,False,False,False,False,False,Di Luar Area Pantauan (>1000m dari Desa)
Belitang Hilir,Sungaiayak Satu,"Jumat, 11 September 2026 15:01:00",NASA-MODIS,Medium,111.07346,0.05658,False,False,False,False,False,False,Di Luar Area Pantauan (>1000m dari Desa)
Belitang Hulu,Tabuk Hulu,"Jumat, 11 September 2026 15:01:00",NASA-MODIS,Medium,111.22874,0.49159,False,False,False,False,False,False,Di Luar Area Pantauan (>1000m dari Desa)
Matan Hilir Selatan,Sungai Nanjung,"Jumat, 11 September 2026 15:01:00",NASA-MODIS,Medium,110.21326,-2.11896,False,False,False,False,False,False,Di Luar Area Pantauan (>1000m dari Desa)
Nanga Tayap,Pangkalan Teluk,"Jumat, 11 September 2026 15:01:00",NASA-MODIS,Medium,110.36163,-1.34908,False,False,False,False,True,True,Di Luar Area Pantauan (>1000m dari Desa)
Matan Hilir Utara,Tanjung Baik Budi,"Jumat, 11 September 2026 15:01:00",NASA-MODIS,Medium,110.18338,-1.52217,False,False,False,True,False,True,Di Luar Area Pantauan (>1000m dari Desa)
Simpang Hilir,Matan Jaya,"Jumat, 11 September 2026 15:01:00",NASA-MODIS,Medium,110.27077,-1.14009,False,False,True,False,True,True,Di Luar Area Pantauan (>1000m dari Desa)
Nanga Tayap,Batu Mas,"Jumat, 11 September 2026 15:01:00",NASA-MODIS,Medium,110.66274,-1.68475,False,False,True,False,False,True,Di Luar Area Pantauan (>1000m dari Desa)
Simpang Hulu,Kualan Hilir,"Jumat, 11 September 2026 15:01:00",NASA-MODIS,Medium,110.12901,-0.60786,False,False,True,False,False,True,Di Luar Area Pantauan (>1000m dari Desa)
Nanga Mahap,Karang Betung,"Jumat, 11 September 2026 15:01:00",NASA-MODIS,Medium,110.88972,-0.66748,True,False,False,False,False,False,Prioritas 2 (Sedang)
Kendawangan,Air Hitam Besar,"Jumat, 11 September 2026 15:01:00",NASA-MODIS,Medium,110.63925,-2.78341,False,False,False,False,False,False,Di Luar Area Pantauan (>1000m dari Desa)
Belitang Hilir,Tapang Pulau,"Jumat, 11 September 2026 15:01:00",NASA-MODIS,Medium,111.11996,0.16627,False,False,False,False,False,False,Di Luar Area Pantauan (>1000m dari Desa)
Nanga Tayap,Betenung,"Jumat, 11 September 2026 15:01:00",NASA-MODIS,Medium,110.75797,-1.5781,False,False,False,False,False,False,Di Luar Area Pantauan (>1000m dari Desa)
Matan Hilir Selatan,Sungai Nanjung,"Jumat, 11 September 2026 15:01:00",NASA-MODIS,Medium,110.16915,-2.11413,False,False,False,True,False,True,Di Luar Area Pantauan (>1000m dari Desa)
Matan Hilir Selatan,Sungai Besar,"Jumat, 11 September 2026 15:01:00",NASA-MODIS,Medium,110.25979,-1.87964,False,False,True,True,False,True,Di Luar Area Pantauan (>1000m dari Desa)
Belitang Hulu,Terduk Dampak,"Jumat, 11 September 2026 15:01:00",NASA-MODIS,Medium,111.1964,0.59855,False,False,False,False,False,False,Di Luar Area Pantauan (>1000m dari Desa)
Bonti,Bahta,"Jumat, 11 September 2026 15:01:00",NASA-MODIS,Medium,110.58012,0.31158,False,False,False,False,False,False,Di Luar Area Pantauan (>1000m dari Desa)
Matan Hilir Utara,Kuala Satong,"Jumat, 11 September 2026 15:01:00",NASA-MODIS,Medium,110.12951,-1.38285,False,False,True,True,False,True,Di Luar Area Pantauan (>1000m dari Desa)
Matan Hilir Selatan,Pagar Mentimun,"Jumat, 11 September 2026 15:01:00",NASA-MODIS,Medium,110.14777,-2.23135,False,False,False,False,False,False,Di Luar Area Pantauan (>1000m dari Desa)
Belitang Hulu,Sungaiantu Hulu,"Jumat, 11 September 2026 15:01:00",NASA-MODIS,Medium,111.18913,0.64728,False,False,False,False,False,False,Di Luar Area Pantauan (>1000m dari Desa)
Nanga Tayap,Batu Mas,"Jumat, 11 September 2026 15:01:00",NASA-MODIS,Medium,110.65232,-1.69701,False,False,True,False,False,True,Di Luar Area Pantauan (>1000m dari Desa)
Belitang Hulu,Sebetung,"Jumat, 11 September 2026 15:01:00",NASA-MODIS,Medium,111.09988,0.56411,False,False,False,False,False,False,Di Luar Area Pantauan (>1000m dari Desa)
Nanga Tayap,Nanga Tayap,"Jumat, 11 September 2026 15:01:00",NASA-MODIS,Medium,110.63554,-1.4936,False,False,False,False,False,False,Di Luar Area Pantauan (>1000m dari Desa)
Belimbing,Sepan Tonak,"Jumat, 11 September 2026 15:01:00",NASA-MODIS,Medium,111.60177,-0.21124,False,False,False,True,False,True,Di Luar Area Pantauan (>1000m dari Desa)
Marau,Batu Payung Dua,"Jumat, 11 September 2026 15:01:00",NASA-MODIS,Medium,110.58212,-2.01601,False,False,True,False,True,True,Di Luar Area Pantauan (>1000m dari Desa)
Kendawangan,Pangkalan Batu,"Jumat, 11 September 2026 15:01:00",NASA-MODIS,Medium,110.33138,-2.14616,False,False,False,False,False,False,Di Luar Area Pantauan (>1000m dari Desa)
Muara Pawan,Ulak Medang,"Jumat, 11 September 2026 15:01:00",NASA-MODIS,Medium,110.29484,-1.51648,False,False,False,False,False,False,Di Luar Area Pantauan (>1000m dari Desa)
Sungai Laur,Sepotong,"Jumat, 11 September 2026 15:01:00",NASA-MODIS,Medium,110.50432,-0.83939,False,False,False,False,False,False,Di Luar Area Pantauan (>1000m dari Desa)
Belitang,Melanjan Raya,"Jumat, 11 September 2026 15:01:00",NASA-MODIS,Medium,111.17417,0.22583,False,False,False,False,False,False,Di Luar Area Pantauan (>1000m dari Desa)
Menukung,Sampak,"Jumat, 11 September 2026 15:01:00",NASA-MODIS,Medium,112.25194,-0.50984,False,False,False,False,False,False,Di Luar Area Pantauan (>1000m dari Desa)
Nanga Tayap,Simpang Tiga Sembelangaan,"Jumat, 11 September 2026 15:01:00",NASA-MODIS,Medium,110.38454,-1.47017,False,False,False,False,False,False,Di Luar Area Pantauan (>1000m dari Desa)
Nanga Tayap,Sepakat Jaya,"Jumat, 11 September 2026 15:01:00",NASA-MODIS,Medium,110.66532,-1.38589,False,False,True,False,False,True,Di Luar Area Pantauan (>1000m dari Desa)
Belimbing,Belonsat,"Jumat, 11 September 2026 15:01:00",NASA-MODIS,Medium,111.47098,-0.35619,False,False,False,False,False,False,Di Luar Area Pantauan (>1000m dari Desa)
Simpang Dua,Semandang Kanan,"Jumat, 11 September 2026 15:01:00",NASA-MODIS,Medium,110.3332,-0.84358,False,False,False,False,False,False,Di Luar Area Pantauan (>1000m dari Desa)
Simpang Hulu,Kualan Hilir,"Jumat, 11 September 2026 15:01:00",NASA-MODIS,Medium,110.19109,-0.50672,False,False,False,False,False,False,Di Luar Area Pantauan (>1000m dari Desa)
Tumbang Titi,Jungkal,"Jumat, 11 September 2026 13:35:00",NASA-NOAA20,Medium,110.50203,-1.96449,False,False,False,False,False,False,Di Luar Area Pantauan (>1000m dari Desa)
Tumbang Titi,Nanga Kelampai,"Jumat, 11 September 2026 13:35:00",NASA-NOAA20,Medium,110.49049,-1.91966,False,False,False,False,False,False,Di Luar Area Pantauan (>1000m dari Desa)
Matan Hilir Selatan,Sungai Besar,"Jumat, 11 September 2026 13:35:00",NASA-NOAA20,Medium,110.21317,-1.88306,False,False,True,True,False,True,Di Luar Area Pantauan (>1000m dari Desa)
Muara Pawan,Ulak Medang,"Jumat, 11 September 2026 13:35:00",NASA-NOAA20,Medium,110.26611,-1.51845,False,False,True,True,False,True,Di Luar Area Pantauan (>1000m dari Desa)
Matan Hilir Utara,Sungai Putri,"Jumat, 11 September 2026 13:35:00",NASA-NOAA20,Medium,110.08561,-1.56075,False,False,True,True,False,True,Di Luar Area Pantauan (>1000m dari Desa)
Muara Pawan,Ulak Medang,"Jumat, 11 September 2026 13:35:00",NASA-NOAA20,Medium,110.28489,-1.5201,False,False,True,True,False,True,Di Luar Area Pantauan (>1000m dari Desa)
Matan Hilir Selatan,Sungai Besar,"Jumat, 11 September 2026 13:35:00",NASA-NOAA20,Medium,110.21221,-1.90609,False,False,True,False,False,True,Di Luar Area Pantauan (>1000m dari Desa)
Matan Hilir Selatan,Sungai Besar,"Jumat, 11 September 2026 13:35:00",NASA-NOAA20,Medium,110.21386,-1.88753,False,False,True,True,False,True,Di Luar Area Pantauan (>1000m dari Desa)
Matan Hilir Selatan,Sungai Besar,"Jumat, 11 September 2026 13:35:00",NASA-NOAA20,Medium,110.25836,-1.88056,False,False,True,True,False,True,Di Luar Area Pantauan (>1000m dari Desa)
Matan Hilir Selatan,Sungai Besar,"Jumat, 11 September 2026 13:35:00",NASA-NOAA20,Medium,110.19353,-1.87242,False,False,True,True,False,True,Di Luar Area Pantauan (>1000m dari Desa)
Matan Hilir Selatan,Sungai Pelang,"Jumat, 11 September 2026 13:35:00",NASA-NOAA20,Medium,110.18774,-1.86419,False,False,True,True,False,True,Di Luar Area Pantauan (>1000m dari Desa)
Matan Hilir Selatan,Sungai Pelang,"Jumat, 11 September 2026 13:35:00",NASA-NOAA20,Medium,110.17451,-1.86628,False,False,True,True,False,True,Di Luar Area Pantauan (>1000m dari Desa)
Muara Pawan,Tanjung Pasar,"Jumat, 11 September 2026 13:35:00",NASA-NOAA20,Medium,110.02638,-1.83094,False,False,False,False,False,False,Di Luar Area Pantauan (>1000m dari Desa)
Nanga Tayap,Sungai Kelik,"Jumat, 11 September 2026 13:35:00",NASA-NOAA20,Medium,110.31743,-1.57985,False,False,False,True,False,True,Di Luar Area Pantauan (>1000m dari Desa)
Sungai Melayu Rayak,Makmur Abadi,"Jumat, 11 September 2026 13:35:00",NASA-NOAA20,Medium,110.23444,-1.74881,False,False,False,True,False,True,Di Luar Area Pantauan (>1000m dari Desa)
Sungai Melayu Rayak,Makmur Abadi,"Jumat, 11 September 2026 13:35:00",NASA-NOAA20,Medium,110.23307,-1.73983,False,False,True,True,False,True,Di Luar Area Pantauan (>1000m dari Desa)
Muara Pawan,Tanjung Pura,"Jumat, 11 September 2026 13:35:00",NASA-NOAA20,Medium,110.22184,-1.69567,False,False,True,True,False,True,Di Luar Area Pantauan (>1000m dari Desa)
Matan Hilir Selatan,Pesaguan Kanan,"Jumat, 11 September 2026 13:18:00",NASA-SNPP,Medium,110.26524,-2.02913,False,False,True,True,False,True,Di Luar Area Pantauan (>1000m dari Desa)
Ketungau Hilir,Semajau Mekar,"Jumat, 11 September 2026 15:01:00",NASA-MODIS,Medium,111.25961,0.40333,False,False,False,False,False,False,Di Luar Area Pantauan (>1000m dari Desa)
Manis Mata,Suka Ramai,"Jumat, 11 September 2026 13:35:00",NASA-NOAA20,Medium,111.04827,-2.77847,False,False,False,False,False,False,Di Luar Area Pantauan (>1000m dari Desa)
Muara Pawan,Ulak Medang,"Jumat, 11 September 2026 13:35:00",NASA-NOAA20,Medium,110.28036,-1.52082,False,False,True,True,False,True,Di Luar Area Pantauan (>1000m dari Desa)
Muara Pawan,Ulak Medang,"Jumat, 11 September 2026 13:35:00",NASA-NOAA20,Medium,110.27129,-1.52226,False,False,True,True,False,True,Di Luar Area Pantauan (>1000m dari Desa)
Muara Pawan,Ulak Medang,"Jumat, 11 September 2026 13:35:00",NASA-NOAA20,Medium,110.27063,-1.51774,False,False,True,True,False,True,Di Luar Area Pantauan (>1000m dari Desa)
Muara Pawan,Ulak Medang,"Jumat, 11 September 2026 13:35:00",NASA-NOAA20,Medium,110.28425,-1.51558,False,False,True,False,False,True,Di Luar Area Pantauan (>1000m dari Desa)
Muara Pawan,Ulak Medang,"Jumat, 11 September 2026 13:35:00",NASA-NOAA20,Medium,110.25708,-1.51989,False,False,True,True,False,True,Di Luar Area Pantauan (>1000m dari Desa)
Muara Pawan,Ulak Medang,"Jumat, 11 September 2026 13:35:00",NASA-NOAA20,Medium,110.25257,-1.5206,False,False,True,True,False,True,Di Luar Area Pantauan (>1000m dari Desa)
Muara Pawan,Ulak Medang,"Jumat, 11 September 2026 13:35:00",NASA-NOAA20,Medium,110.2519,-1.51609,False,False,True,True,False,True,Di Luar Area Pantauan (>1000m dari Desa)
Muara Pawan,Ulak Medang,"Jumat, 11 September 2026 13:35:00",NASA-NOAA20,Medium,110.24674,-1.51229,False,False,True,True,False,True,Di Luar Area Pantauan (>1000m dari Desa)
Matan Hilir Utara,Tanjung Baik Budi,"Jumat, 11 September 2026 13:35:00",NASA-NOAA20,Medium,110.15292,-1.52722,False,False,True,True,False,True,Di Luar Area Pantauan (>1000m dari Desa)
Nanga Tayap,Simpang Tiga Sembelangaan,"Jumat, 11 September 2026 13:35:00",NASA-NOAA20,Medium,110.38943,-1.46624,False,False,False,False,False,False,Di Luar Area Pantauan (>1000m dari Desa)
Nanga Tayap,Tanjung Medan,"Jumat, 11 September 2026 13:35:00",NASA-NOAA20,Medium,110.44412,-1.45275,False,False,False,False,True,True,Di Luar Area Pantauan (>1000m dari Desa)
Nanga Tayap,Tanjung Medan,"Jumat, 11 September 2026 13:35:00",NASA-NOAA20,Medium,110.44357,-1.44815,False,False,False,False,False,False,Di Luar Area Pantauan (>1000m dari Desa)
Manis Mata,Suka Ramai,"Jumat, 11 September 2026 13:35:00",NASA-NOAA20,Medium,111.13326,-2.72895,False,False,False,False,False,False,Di Luar Area Pantauan (>1000m dari Desa)
Manis Mata,Suka Ramai,"Jumat, 11 September 2026 13:35:00",NASA-NOAA20,Medium,111.10901,-2.70392,False,False,False,False,False,False,Di Luar Area Pantauan (>1000m dari Desa)
Manis Mata,Jambi,"Jumat, 11 September 2026 13:35:00",NASA-NOAA20,Medium,111.09054,-2.68285,False,False,False,False,False,False,Di Luar Area Pantauan (>1000m dari Desa)
Kendawangan,Bangkal Serai,"Jumat, 11 September 2026 13:35:00",NASA-NOAA20,Medium,110.45836,-2.40788,False,False,False,False,True,True,Di Luar Area Pantauan (>1000m dari Desa)
Kendawangan,Mekar Utama,"Jumat, 11 September 2026 13:35:00",NASA-NOAA20,Medium,110.15968,-2.37762,False,False,False,False,False,False,Di Luar Area Pantauan (>1000m dari Desa)
Matan Hilir Selatan,Pagar Mentimun,"Jumat, 11 September 2026 13:35:00",NASA-NOAA20,Medium,110.11528,-2.24986,False,False,False,False,False,False,Di Luar Area Pantauan (>1000m dari Desa)
Matan Hilir Selatan,Pagar Mentimun,"Jumat, 11 September 2026 13:35:00",NASA-NOAA20,Medium,110.10917,-2.21012,False,False,False,False,False,False,Di Luar Area Pantauan (>1000m dari Desa)
Kendawangan,Pangkalan Batu,"Jumat, 11 September 2026 13:35:00",NASA-NOAA20,Medium,110.35005,-2.16737,False,False,False,False,False,False,Di Luar Area Pantauan (>1000m dari Desa)
Matan Hilir Selatan,Pagar Mentimun,"Jumat, 11 September 2026 13:35:00",NASA-NOAA20,Medium,110.10354,-2.20197,False,False,False,True,False,True,Di Luar Area Pantauan (>1000m dari Desa)
Matan Hilir Selatan,Sungai Nanjung,"Jumat, 11 September 2026 13:35:00",NASA-NOAA20,Medium,110.21499,-2.17513,False,False,False,False,False,False,Di Luar Area Pantauan (>1000m dari Desa)
Matan Hilir Selatan,Sungai Nanjung,"Jumat, 11 September 2026 13:35:00",NASA-NOAA20,Medium,110.22955,-2.12257,False,False,False,False,False,False,Di Luar Area Pantauan (>1000m dari Desa)
Matan Hilir Selatan,Sungai Nanjung,"Jumat, 11 September 2026 13:35:00",NASA-NOAA20,Medium,110.13423,-2.14267,False,False,False,False,False,False,Di Luar Area Pantauan (>1000m dari Desa)
Matan Hilir Selatan,Sungai Nanjung,"Jumat, 11 September 2026 13:35:00",NASA-NOAA20,Medium,110.15359,-2.14486,False,False,False,True,False,True,Di Luar Area Pantauan (>1000m dari Desa)
Matan Hilir Selatan,Sungai Nanjung,"Jumat, 11 September 2026 13:35:00",NASA-NOAA20,Medium,110.23045,-2.11929,False,False,False,True,False,True,Di Luar Area Pantauan (>1000m dari Desa)
Matan Hilir Selatan,Sungai Nanjung,"Jumat, 11 September 2026 13:35:00",NASA-NOAA20,Medium,110.22603,-2.11998,False,False,False,True,False,True,Di Luar Area Pantauan (>1000m dari Desa)
Matan Hilir Selatan,Sungai Nanjung,"Jumat, 11 September 2026 13:35:00",NASA-NOAA20,Medium,110.17939,-2.10903,False,False,False,False,False,False,Di Luar Area Pantauan (>1000m dari Desa)
Matan Hilir Selatan,Sungai Nanjung,"Jumat, 11 September 2026 13:35:00",NASA-NOAA20,Medium,110.17503,-2.10971,False,False,False,False,False,False,Di Luar Area Pantauan (>1000m dari Desa)
Matan Hilir Selatan,Pesaguan Kanan,"Jumat, 11 September 2026 13:35:00",NASA-NOAA20,Medium,110.38102,-2.05891,False,False,False,False,False,False,Di Luar Area Pantauan (>1000m dari Desa)
Matan Hilir Selatan,Pesaguan Kanan,"Jumat, 11 September 2026 13:35:00",NASA-NOAA20,Medium,110.31779,-2.03672,False,False,True,True,False,True,Di Luar Area Pantauan (>1000m dari Desa)
Matan Hilir Selatan,Pesaguan Kanan,"Jumat, 11 September 2026 13:35:00",NASA-NOAA20,Medium,110.21577,-2.0531,False,False,True,True,False,True,Di Luar Area Pantauan (>1000m dari Desa)
Matan Hilir Selatan,Pesaguan Kanan,"Jumat, 11 September 2026 13:35:00",NASA-NOAA20,Medium,110.22826,-2.04652,False,False,True,True,False,True,Di Luar Area Pantauan (>1000m dari Desa)
Matan Hilir Selatan,Pesaguan Kanan,"Jumat, 11 September 2026 13:35:00",NASA-NOAA20,Medium,110.31644,-2.02773,False,False,False,False,False,False,Di Luar Area Pantauan (>1000m dari Desa)
Matan Hilir Selatan,Pesaguan Kanan,"Jumat, 11 September 2026 13:35:00",NASA-NOAA20,Medium,110.21437,-2.04418,False,False,False,True,False,True,Di Luar Area Pantauan (>1000m dari Desa)
Matan Hilir Selatan,Pesaguan Kanan,"Jumat, 11 September 2026 13:35:00",NASA-NOAA20,Medium,110.25347,-2.0333,False,False,True,True,False,True,Di Luar Area Pantauan (>1000m dari Desa)
Matan Hilir Selatan,Pesaguan Kanan,"Jumat, 11 September 2026 13:35:00",NASA-NOAA20,Medium,110.24904,-2.03401,False,False,True,True,False,True,Di Luar Area Pantauan (>1000m dari Desa)
Matan Hilir Selatan,Pesaguan Kanan,"Jumat, 11 September 2026 13:35:00",NASA-NOAA20,Medium,110.29723,-2.02163,False,False,False,False,False,False,Di Luar Area Pantauan (>1000m dari Desa)
Tumbang Titi,Jungkal,"Jumat, 11 September 2026 13:35:00",NASA-NOAA20,Medium,110.49808,-1.96977,False,False,False,False,False,False,Di Luar Area Pantauan (>1000m dari Desa)
Matan Hilir Selatan,Pesaguan Kanan,"Jumat, 11 September 2026 13:35:00",NASA-NOAA20,Medium,110.19996,-2.01154,False,False,False,True,False,True,Di Luar Area Pantauan (>1000m dari Desa)
Matan Hilir Selatan,Sungai Besar,"Jumat, 11 September 2026 13:35:00",NASA-NOAA20,Medium,110.16902,-1.88998,False,False,True,True,False,True,Di Luar Area Pantauan (>1000m dari Desa)
Matan Hilir Selatan,Sungai Besar,"Jumat, 11 September 2026 13:35:00",NASA-NOAA20,Medium,110.17718,-1.88413,False,False,True,True,False,True,Di Luar Area Pantauan (>1000m dari Desa)
Matan Hilir Selatan,Sungai Besar,"Jumat, 11 September 2026 13:35:00",NASA-NOAA20,Medium,110.16396,-1.88621,False,False,True,True,False,True,Di Luar Area Pantauan (>1000m dari Desa)
Matan Hilir Selatan,Sungai Besar,"Jumat, 11 September 2026 13:35:00",NASA-NOAA20,Medium,110.18159,-1.88344,False,False,True,True,False,True,Di Luar Area Pantauan (>1000m dari Desa)
Matan Hilir Selatan,Sungai Besar,"Jumat, 11 September 2026 13:35:00",NASA-NOAA20,Medium,110.186,-1.88275,False,False,True,True,False,True,Di Luar Area Pantauan (>1000m dari Desa)
Matan Hilir Selatan,Sungai Besar,"Jumat, 11 September 2026 13:35:00",NASA-NOAA20,Medium,110.17277,-1.88483,False,False,True,True,False,True,Di Luar Area Pantauan (>1000m dari Desa)
Matan Hilir Selatan,Sungai Besar,"Jumat, 11 September 2026 13:35:00",NASA-NOAA20,Medium,110.16837,-1.88552,False,False,True,True,False,True,Di Luar Area Pantauan (>1000m dari Desa)
Matan Hilir Selatan,Sungai Besar,"Jumat, 11 September 2026 13:35:00",NASA-NOAA20,Medium,110.17146,-1.8759,False,False,True,True,False,True,Di Luar Area Pantauan (>1000m dari Desa)
Matan Hilir Selatan,Sungai Pelang,"Jumat, 11 September 2026 13:35:00",NASA-NOAA20,Medium,110.16705,-1.8766,False,False,True,True,False,True,Di Luar Area Pantauan (>1000m dari Desa)
Matan Hilir Selatan,Sungai Pelang,"Jumat, 11 September 2026 13:35:00",NASA-NOAA20,Medium,110.22242,-1.85411,False,False,True,True,False,True,Di Luar Area Pantauan (>1000m dari Desa)
Matan Hilir Selatan,Sungai Pelang,"Jumat, 11 September 2026 13:35:00",NASA-NOAA20,Medium,110.22482,-1.83997,False,False,True,True,False,True,Di Luar Area Pantauan (>1000m dari Desa)
Matan Hilir Selatan,Sungai Pelang,"Jumat, 11 September 2026 13:35:00",NASA-NOAA20,Medium,110.20712,-1.8428,False,False,False,True,False,True,Di Luar Area Pantauan (>1000m dari Desa)
Muara Pawan,Tanjung Pasar,"Jumat, 11 September 2026 13:35:00",NASA-NOAA20,Medium,110.07299,-1.84607,False,False,False,False,False,False,Di Luar Area Pantauan (>1000m dari Desa)
Muara Pawan,Tanjung Pasar,"Jumat, 11 September 2026 13:35:00",NASA-NOAA20,Medium,110.02695,-1.8314,False,False,False,False,False,False,Di Luar Area Pantauan (>1000m dari Desa)
Sungai Melayu Rayak,Makmur Abadi,"Jumat, 11 September 2026 13:35:00",NASA-NOAA20,Medium,110.22691,-1.75919,False,False,False,True,False,True,Di Luar Area Pantauan (>1000m dari Desa)
Muara Pawan,Mayak,"Jumat, 11 September 2026 13:35:00",NASA-NOAA20,Medium,110.16445,-1.73702,False,False,True,True,False,True,Di Luar Area Pantauan (>1000m dari Desa)
Sungai Melayu Rayak,Makmur Abadi,"Jumat, 11 September 2026 13:35:00",NASA-NOAA20,Medium,110.2324,-1.73535,False,False,True,True,False,True,Di Luar Area Pantauan (>1000m dari Desa)
Muara Pawan,Mayak,"Jumat, 11 September 2026 13:35:00",NASA-NOAA20,Medium,110.18867,-1.74689,False,False,False,True,False,True,Di Luar Area Pantauan (>1000m dari Desa)
Muara Pawan,Mayak,"Jumat, 11 September 2026 13:35:00",NASA-NOAA20,Medium,110.17126,-1.72219,False,False,False,True,False,True,Di Luar Area Pantauan (>1000m dari Desa)
Muara Pawan,Tempurukan,"Jumat, 11 September 2026 13:35:00",NASA-NOAA20,Medium,110.05943,-1.68649,False,False,False,False,False,False,Di Luar Area Pantauan (>1000m dari Desa)
Muara Pawan,Tempurukan,"Jumat, 11 September 2026 13:35:00",NASA-NOAA20,Medium,110.06576,-1.69913,False,False,True,True,False,True,Di Luar Area Pantauan (>1000m dari Desa)
Matan Hilir Utara,Sungai Putri,"Jumat, 11 September 2026 13:35:00",NASA-NOAA20,Medium,110.05912,-1.59222,False,False,False,False,False,False,Di Luar Area Pantauan (>1000m dari Desa)
Matan Hilir Utara,Sungai Putri,"Jumat, 11 September 2026 13:35:00",NASA-NOAA20,Medium,110.06348,-1.59155,False,False,False,True,False,True,Di Luar Area Pantauan (>1000m dari Desa)
Matan Hilir Utara,Sungai Putri,"Jumat, 11 September 2026 13:35:00",NASA-NOAA20,Medium,110.07952,-1.57994,False,False,True,True,False,True,Di Luar Area Pantauan (>1000m dari Desa)
Nanga Tayap,Sungai Kelik,"Jumat, 11 September 2026 13:35:00",NASA-NOAA20,Medium,110.32668,-1.51813,False,False,False,False,True,True,Di Luar Area Pantauan (>1000m dari Desa)
Muara Pawan,Ulak Medang,"Jumat, 11 September 2026 13:35:00",NASA-NOAA20,Medium,110.28945,-1.51938,False,False,False,False,False,False,Di Luar Area Pantauan (>1000m dari Desa)
Muara Pawan,Ulak Medang,"Jumat, 11 September 2026 13:35:00",NASA-NOAA20,Medium,110.2474,-1.5168,False,False,True,True,False,True,Di Luar Area Pantauan (>1000m dari Desa)
Manis Mata,Suka Ramai,"Jumat, 11 September 2026 13:35:00",NASA-NOAA20,Medium,111.09142,-2.72115,False,False,False,False,False,False,Di Luar Area Pantauan (>1000m dari Desa)
Manis Mata,Suka Ramai,"Jumat, 11 September 2026 13:35:00",NASA-NOAA20,Medium,111.0808,-2.71804,False,False,False,False,False,False,Di Luar Area Pantauan (>1000m dari Desa)
Manis Mata,Suka Ramai,"Jumat, 11 September 2026 13:35:00",NASA-NOAA20,Medium,111.1048,-2.70941,False,False,False,False,False,False,Di Luar Area Pantauan (>1000m dari Desa)
Manis Mata,Suka Ramai,"Jumat, 11 September 2026 13:35:00",NASA-NOAA20,Medium,111.10406,-2.70472,False,False,False,False,False,False,Di Luar Area Pantauan (>1000m dari Desa)
Manis Mata,Suka Ramai,"Jumat, 11 September 2026 13:35:00",NASA-NOAA20,Medium,111.10331,-2.70003,False,False,False,False,False,False,Di Luar Area Pantauan (>1000m dari Desa)
Manis Mata,Suka Ramai,"Jumat, 11 September 2026 13:35:00",NASA-NOAA20,Medium,111.08357,-2.70319,False,False,False,False,False,False,Di Luar Area Pantauan (>1000m dari Desa)
Manis Mata,Seguling,"Jumat, 11 September 2026 13:35:00",NASA-NOAA20,Medium,111.15212,-2.65357,False,False,False,False,False,False,Di Luar Area Pantauan (>1000m dari Desa)
Manis Mata,Seguling,"Jumat, 11 September 2026 13:35:00",NASA-NOAA20,Medium,111.08272,-2.66489,False,False,False,False,False,False,Di Luar Area Pantauan (>1000m dari Desa)
Manis Mata,Seguling,"Jumat, 11 September 2026 13:35:00",NASA-NOAA20,Medium,111.09792,-2.6169,False,False,False,True,False,True,Di Luar Area Pantauan (>1000m dari Desa)
Manis Mata,Seguling,"Jumat, 11 September 2026 13:35:00",NASA-NOAA20,Medium,111.09299,-2.61768,False,False,False,True,False,True,Di Luar Area Pantauan (>1000m dari Desa)
Manis Mata,Seguling,"Jumat, 11 September 2026 13:35:00",NASA-NOAA20,Medium,111.09353,-2.58871,False,False,False,False,False,False,Di Luar Area Pantauan (>1000m dari Desa)
Kendawangan,Seriam,"Jumat, 11 September 2026 13:35:00",NASA-NOAA20,Medium,110.31863,-2.66724,False,False,False,False,True,True,Di Luar Area Pantauan (>1000m dari Desa)
Kendawangan,Seriam,"Jumat, 11 September 2026 13:35:00",NASA-NOAA20,Medium,110.31971,-2.64107,False,False,False,False,True,True,Di Luar Area Pantauan (>1000m dari Desa)
Manis Mata,Ratu Elok,"Jumat, 11 September 2026 13:35:00",NASA-NOAA20,Medium,111.05499,-2.49182,False,False,False,False,False,False,Di Luar Area Pantauan (>1000m dari Desa)
Kendawangan,Mekar Utama,"Jumat, 11 September 2026 13:35:00",NASA-NOAA20,Medium,110.159,-2.3732,False,False,False,False,False,False,Di Luar Area Pantauan (>1000m dari Desa)
Matan Hilir Selatan,Pagar Mentimun,"Jumat, 11 September 2026 13:35:00",NASA-NOAA20,Medium,110.15867,-2.30577,False,False,False,True,False,True,Di Luar Area Pantauan (>1000m dari Desa)
Kendawangan,Pangkalan Batu,"Jumat, 11 September 2026 13:35:00",NASA-NOAA20,Medium,110.41312,-2.22377,False,False,False,False,False,False,Di Luar Area Pantauan (>1000m dari Desa)
Matan Hilir Selatan,Pagar Mentimun,"Jumat, 11 September 2026 13:35:00",NASA-NOAA20,Medium,110.11898,-2.24876,False,False,False,False,False,False,Di Luar Area Pantauan (>1000m dari Desa)
Kendawangan,Banjar Sari,"Jumat, 11 September 2026 13:35:00",NASA-NOAA20,Medium,110.36033,-2.32887,False,False,False,False,False,False,Di Luar Area Pantauan (>1000m dari Desa)
Kendawangan,Banjar Sari,"Jumat, 11 September 2026 13:35:00",NASA-NOAA20,Medium,110.457,-2.40522,False,False,False,False,True,True,Di Luar Area Pantauan (>1000m dari Desa)
Manis Mata,Silat,"Jumat, 11 September 2026 13:35:00",NASA-NOAA20,Medium,110.94294,-2.26984,False,False,False,False,False,False,Di Luar Area Pantauan (>1000m dari Desa)
Manis Mata,Silat,"Jumat, 11 September 2026 13:35:00",NASA-NOAA20,Medium,110.9422,-2.26517,False,False,False,False,False,False,Di Luar Area Pantauan (>1000m dari Desa)
Kendawangan,Banjar Sari,"Jumat, 11 September 2026 13:35:00",NASA-NOAA20,Medium,110.35857,-2.32708,False,False,False,False,False,False,Di Luar Area Pantauan (>1000m dari Desa)
Matan Hilir Selatan,Pagar Mentimun,"Jumat, 11 September 2026 13:35:00",NASA-NOAA20,Medium,110.1147,-2.24946,False,False,False,False,False,False,Di Luar Area Pantauan (>1000m dari Desa)
Matan Hilir Selatan,Pagar Mentimun,"Jumat, 11 September 2026 13:35:00",NASA-NOAA20,Medium,110.11108,-2.25457,False,False,False,False,False,False,Di Luar Area Pantauan (>1000m dari Desa)
Matan Hilir Selatan,Pagar Mentimun,"Jumat, 11 September 2026 13:35:00",NASA-NOAA20,Medium,110.18455,-2.2391,False,False,False,False,False,False,Di Luar Area Pantauan (>1000m dari Desa)
Matan Hilir Selatan,Pagar Mentimun,"Jumat, 11 September 2026 13:35:00",NASA-NOAA20,Medium,110.11166,-2.25494,False,False,False,False,False,False,Di Luar Area Pantauan (>1000m dari Desa)
Matan Hilir Selatan,Sungai Nanjung,"Jumat, 11 September 2026 13:35:00",NASA-NOAA20,Medium,110.26401,-2.17188,False,False,True,True,True,True,Di Luar Area Pantauan (>1000m dari Desa)
Matan Hilir Selatan,Sungai Nanjung,"Jumat, 11 September 2026 13:35:00",NASA-NOAA20,Medium,110.25861,-2.1956,False,False,True,True,True,True,Di Luar Area Pantauan (>1000m dari Desa)
Matan Hilir Selatan,Sungai Nanjung,"Jumat, 11 September 2026 13:35:00",NASA-NOAA20,Medium,110.20997,-2.17138,False,False,False,True,False,True,Di Luar Area Pantauan (>1000m dari Desa)
Matan Hilir Selatan,Sungai Nanjung,"Jumat, 11 September 2026 13:35:00",NASA-NOAA20,Medium,110.09289,-2.1901,False,False,False,False,False,False,Di Luar Area Pantauan (>1000m dari Desa)
Matan Hilir Selatan,Sungai Nanjung,"Jumat, 11 September 2026 13:35:00",NASA-NOAA20,Medium,110.25352,-2.19183,False,False,True,True,True,True,Di Luar Area Pantauan (>1000m dari Desa)
Kendawangan,Pangkalan Batu,"Jumat, 11 September 2026 13:35:00",NASA-NOAA20,Medium,110.35453,-2.16666,False,False,False,False,False,False,Di Luar Area Pantauan (>1000m dari Desa)
Matan Hilir Selatan,Pagar Mentimun,"Jumat, 11 September 2026 13:35:00",NASA-NOAA20,Medium,110.25928,-2.20007,False,False,True,True,True,True,Di Luar Area Pantauan (>1000m dari Desa)
Matan Hilir Selatan,Sungai Nanjung,"Jumat, 11 September 2026 13:35:00",NASA-NOAA20,Medium,110.25419,-2.1963,False,False,True,True,True,True,Di Luar Area Pantauan (>1000m dari Desa)
Matan Hilir Selatan,Sungai Nanjung,"Jumat, 11 September 2026 13:35:00",NASA-NOAA20,Medium,110.22516,-2.12329,False,False,False,False,False,False,Di Luar Area Pantauan (>1000m dari Desa)
Matan Hilir Selatan,Sungai Nanjung,"Jumat, 11 September 2026 13:35:00",NASA-NOAA20,Medium,110.22887,-2.11811,False,False,False,True,False,True,Di Luar Area Pantauan (>1000m dari Desa)
Matan Hilir Selatan,Pesaguan Kanan,"Jumat, 11 September 2026 13:35:00",NASA-NOAA20,Medium,110.19762,-2.0256,False,False,False,True,False,True,Di Luar Area Pantauan (>1000m dari Desa)
Matan Hilir Selatan,Pesaguan Kanan,"Jumat, 11 September 2026 13:35:00",NASA-NOAA20,Medium,110.19321,-2.02628,False,False,False,True,False,True,Di Luar Area Pantauan (>1000m dari Desa)
Matan Hilir Selatan,Sungai Besar,"Jumat, 11 September 2026 13:35:00",NASA-NOAA20,Medium,110.16969,-1.89444,False,False,True,True,False,True,Di Luar Area Pantauan (>1000m dari Desa)
Matan Hilir Selatan,Sungai Besar,"Jumat, 11 September 2026 13:35:00",NASA-NOAA20,Medium,110.12572,-1.92861,False,False,False,True,False,True,Di Luar Area Pantauan (>1000m dari Desa)
Nanga Tayap,Nanga Tayap,"Jumat, 11 September 2026 13:35:00",NASA-NOAA20,Medium,110.63424,-1.49325,False,False,False,False,False,False,Di Luar Area Pantauan (>1000m dari Desa)
Muara Pawan,Ulak Medang,"Jumat, 11 September 2026 13:35:00",NASA-NOAA20,Medium,110.27583,-1.52154,False,False,False,True,False,True,Di Luar Area Pantauan (>1000m dari Desa)
Matan Hilir Utara,Tanjung Baik Budi,"Jumat, 11 September 2026 13:35:00",NASA-NOAA20,Medium,110.18917,-1.52605,False,False,True,True,False,True,Di Luar Area Pantauan (>1000m dari Desa)
Muara Pawan,Tanjung Pasar,"Jumat, 11 September 2026 13:35:00",NASA-NOAA20,Medium,110.02127,-1.82324,False,False,False,False,False,False,Di Luar Area Pantauan (>1000m dari Desa)
Benua Kayong,Negeri Baru,"Jumat, 11 September 2026 13:35:00",NASA-NOAA20,Medium,110.20748,-1.78059,False,False,False,True,False,True,Di Luar Area Pantauan (>1000m dari Desa)
Benua Kayong,Negeri Baru,"Jumat, 11 September 2026 13:35:00",NASA-NOAA20,Medium,110.20301,-1.78129,False,False,False,True,False,True,Di Luar Area Pantauan (>1000m dari Desa)
Muara Pawan,Mayak,"Jumat, 11 September 2026 13:35:00",NASA-NOAA20,Medium,110.14489,-1.7858,False,False,False,False,False,False,Di Luar Area Pantauan (>1000m dari Desa)
Matan Hilir Selatan,Pesaguan Kanan,"Jumat, 11 September 2026 13:35:00",NASA-NOAA20,Medium,110.19009,-2.06178,False,False,False,True,False,True,Di Luar Area Pantauan (>1000m dari Desa)
Tumbang Titi,Jungkal,"Jumat, 11 September 2026 13:35:00",NASA-NOAA20,Medium,110.50295,-1.96964,False,False,False,False,False,False,Di Luar Area Pantauan (>1000m dari Desa)
Matan Hilir Selatan,Sungai Besar,"Jumat, 11 September 2026 13:35:00",NASA-NOAA20,Medium,110.20296,-1.87551,False,False,True,True,False,True,Di Luar Area Pantauan (>1000m dari Desa)
Matan Hilir Selatan,Sungai Besar,"Jumat, 11 September 2026 13:35:00",NASA-NOAA20,Medium,110.17654,-1.87967,False,False,True,True,False,True,Di Luar Area Pantauan (>1000m dari Desa)
Matan Hilir Selatan,Sungai Besar,"Jumat, 11 September 2026 13:35:00",NASA-NOAA20,Medium,110.19856,-1.8762,False,False,True,True,False,True,Di Luar Area Pantauan (>1000m dari Desa)
Muara Pawan,Tanjung Pasar,"Jumat, 11 September 2026 13:35:00",NASA-NOAA20,Medium,110.14391,-1.80877,False,False,False,False,False,False,Di Luar Area Pantauan (>1000m dari Desa)
Benua Kayong,Negeri Baru,"Jumat, 11 September 2026 13:35:00",NASA-NOAA20,Medium,110.19621,-1.79609,False,False,False,True,False,True,Di Luar Area Pantauan (>1000m dari Desa)
Matan Hilir Selatan,Sungai Nanjung,"Jumat, 11 September 2026 13:35:00",NASA-NOAA20,Medium,110.15656,-2.14358,False,False,False,True,False,True,Di Luar Area Pantauan (>1000m dari Desa)
Matan Hilir Selatan,Sungai Nanjung,"Jumat, 11 September 2026 13:35:00",NASA-NOAA20,Medium,110.15223,-2.14428,False,False,False,True,False,True,Di Luar Area Pantauan (>1000m dari Desa)
Matan Hilir Selatan,Sungai Nanjung,"Jumat, 11 September 2026 13:35:00",NASA-NOAA20,Medium,110.12991,-2.14337,False,False,False,False,False,False,Di Luar Area Pantauan (>1000m dari Desa)
Matan Hilir Selatan,Sungai Nanjung,"Jumat, 11 September 2026 13:35:00",NASA-NOAA20,Medium,110.22447,-2.11884,False,False,False,True,False,True,Di Luar Area Pantauan (>1000m dari Desa)
Matan Hilir Selatan,Sungai Nanjung,"Jumat, 11 September 2026 13:35:00",NASA-NOAA20,Medium,110.12857,-2.13452,False,False,False,True,False,True,Di Luar Area Pantauan (>1000m dari Desa)
Matan Hilir Selatan,Sungai Nanjung,"Jumat, 11 September 2026 13:35:00",NASA-NOAA20,Medium,110.22161,-2.12066,False,False,False,False,False,False,Di Luar Area Pantauan (>1000m dari Desa)
Matan Hilir Selatan,Pesaguan Kanan,"Jumat, 11 September 2026 13:35:00",NASA-NOAA20,Medium,110.22756,-2.04206,False,False,True,True,False,True,Di Luar Area Pantauan (>1000m dari Desa)
Tumbang Titi,Jungkal,"Jumat, 11 September 2026 13:35:00",NASA-NOAA20,Medium,110.4983,-1.9704,False,False,False,False,False,False,Di Luar Area Pantauan (>1000m dari Desa)
Tumbang Titi,Jungkal,"Jumat, 11 September 2026 13:35:00",NASA-NOAA20,Medium,110.50224,-1.96509,False,False,False,False,False,False,Di Luar Area Pantauan (>1000m dari Desa)
Menukung,Sampak,"Jumat, 11 September 2026 13:18:00",NASA-SNPP,Medium,112.2482,-0.50555,False,False,False,False,False,False,Di Luar Area Pantauan (>1000m dari Desa)
Hulu Sungai,Kenyabur,"Jumat, 11 September 2026 13:18:00",NASA-SNPP,Medium,110.86633,-0.72035,True,False,False,False,False,False,Prioritas 2 (Sedang)
Hulu Sungai,Kenyabur,"Jumat, 11 September 2026 13:18:00",NASA-SNPP,Medium,110.86983,-0.71981,True,False,False,False,False,False,Prioritas 2 (Sedang)
Ambalau,Buntut Sabon,"Jumat, 11 September 2026 13:18:00",NASA-SNPP,Medium,112.92981,-0.36792,False,False,True,False,False,True,Di Luar Area Pantauan (>1000m dari Desa)
Ella Hilir,Nanga Nyuruh,"Jumat, 11 September 2026 13:18:00",NASA-SNPP,Medium,112.08109,-0.48844,False,False,False,False,False,False,Di Luar Area Pantauan (>1000m dari Desa)
Simpang Dua,Semandang Kanan,"Jumat, 11 September 2026 13:18:00",NASA-SNPP,Medium,110.31692,-0.76011,False,False,False,False,False,False,Di Luar Area Pantauan (>1000m dari Desa)
Ella Hilir,Nanga Nyuruh,"Jumat, 11 September 2026 13:18:00",NASA-SNPP,Medium,112.09927,-0.48208,False,False,False,False,False,False,Di Luar Area Pantauan (>1000m dari Desa)
Simpang Dua,Semandang Kanan,"Jumat, 11 September 2026 13:18:00",NASA-SNPP,Medium,110.30655,-0.76169,False,False,False,False,False,False,Di Luar Area Pantauan (>1000m dari Desa)
Ella Hilir,Nanga Nyuruh,"Jumat, 11 September 2026 13:18:00",NASA-SNPP,Medium,112.09563,-0.48264,False,False,False,False,False,False,Di Luar Area Pantauan (>1000m dari Desa)
Ambalau,Bukai Tukun,"Jumat, 11 September 2026 13:18:00",NASA-SNPP,Medium,112.74165,-0.17719,False,False,False,False,False,False,Di Luar Area Pantauan (>1000m dari Desa)
Simpang Hulu,Sekucing Kualan,"Jumat, 11 September 2026 13:18:00",NASA-SNPP,Medium,110.08277,-0.62376,False,False,True,False,False,True,Di Luar Area Pantauan (>1000m dari Desa)
Simpang Hulu,Sekucing Kualan,"Jumat, 11 September 2026 13:18:00",NASA-SNPP,Medium,110.07983,-0.6276,False,False,False,False,False,False,Di Luar Area Pantauan (>1000m dari Desa)
Sungai Ambawang,Teluk Bakung,"Jumat, 11 September 2026 13:18:00",NASA-SNPP,Medium,109.70726,-0.05251,False,False,False,True,False,True,Di Luar Area Pantauan (>1000m dari Desa)
Simpang Hulu,Kualan Hilir,"Jumat, 11 September 2026 13:18:00",NASA-SNPP,Medium,110.17242,-0.61005,False,False,False,False,False,False,Di Luar Area Pantauan (>1000m dari Desa)
Menukung,Langau Leban Satu,"Jumat, 11 September 2026 13:18:00",NASA-SNPP,Medium,112.27568,-0.39662,False,False,False,False,False,False,Di Luar Area Pantauan (>1000m dari Desa)
Simpang Hulu,Sekucing Kualan,"Jumat, 11 September 2026 13:18:00",NASA-SNPP,Medium,110.07293,-0.62866,False,False,False,False,False,False,Di Luar Area Pantauan (>1000m dari Desa)
Toba,Kampung Baru,"Jumat, 11 September 2026 13:18:00",NASA-SNPP,Medium,110.04501,-0.22742,False,False,False,False,False,False,Di Luar Area Pantauan (>1000m dari Desa)
Simpang Hulu,Sekucing Kualan,"Jumat, 11 September 2026 13:18:00",NASA-SNPP,Medium,110.047,-0.55484,False,False,False,False,False,False,Di Luar Area Pantauan (>1000m dari Desa)
Simpang Hulu,Merawa,"Jumat, 11 September 2026 13:18:00",NASA-SNPP,Medium,110.49801,-0.44852,False,False,False,False,False,False,Di Luar Area Pantauan (>1000m dari Desa)
Sungai Raya,Muara Baru,"Jumat, 11 September 2026 13:18:00",NASA-SNPP,Medium,109.82378,-0.1865,False,False,True,True,True,True,Di Luar Area Pantauan (>1000m dari Desa)
Sungai Raya,Pulaulimbung,"Jumat, 11 September 2026 13:18:00",NASA-SNPP,Medium,109.82622,-0.17933,False,False,True,True,True,True,Di Luar Area Pantauan (>1000m dari Desa)
Toba,Lumut,"Jumat, 11 September 2026 13:18:00",NASA-SNPP,Medium,110.09658,-0.14816,False,False,False,False,False,False,Di Luar Area Pantauan (>1000m dari Desa)
Toba,Balai Belungai,"Jumat, 11 September 2026 13:18:00",NASA-SNPP,Medium,110.15674,-0.12534,False,False,False,False,False,False,Di Luar Area Pantauan (>1000m dari Desa)
Kayan Hulu,Tanjung Miru,"Jumat, 11 September 2026 13:18:00",NASA-SNPP,Medium,112.37129,0.03217,False,False,True,False,False,True,Di Luar Area Pantauan (>1000m dari Desa)
Sungai Raya,Kalibandung,"Jumat, 11 September 2026 13:18:00",NASA-SNPP,Medium,109.62897,-0.33783,False,False,False,True,False,True,Di Luar Area Pantauan (>1000m dari Desa)
Ketungau Tengah,Margahayu,"Jumat, 11 September 2026 13:18:00",NASA-SNPP,Medium,111.44513,0.74587,False,False,False,False,False,False,Di Luar Area Pantauan (>1000m dari Desa)
Sekayam,Sangai Tekam,"Jumat, 11 September 2026 13:18:00",NASA-SNPP,Medium,110.68118,0.83782,False,False,False,False,False,False,Di Luar Area Pantauan (>1000m dari Desa)
Matan Hilir Utara,Lamon Satong,"Jumat, 11 September 2026 13:18:00",NASA-SNPP,Medium,110.19841,-1.51148,False,False,True,True,False,True,Di Luar Area Pantauan (>1000m dari Desa)
Nanga Tayap,Tanjung Medan,"Jumat, 11 September 2026 13:18:00",NASA-SNPP,Medium,110.4437,-1.45781,False,False,True,False,False,True,Di Luar Area Pantauan (>1000m dari Desa)
Nanga Tayap,Simpang Tiga Sembelangaan,"Jumat, 11 September 2026 13:18:00",NASA-SNPP,Medium,110.39137,-1.46241,False,False,False,False,False,False,Di Luar Area Pantauan (>1000m dari Desa)
Matan Hilir Utara,Kuala Tolak,"Jumat, 11 September 2026 13:18:00",NASA-SNPP,Medium,110.13317,-1.50527,False,False,True,True,False,True,Di Luar Area Pantauan (>1000m dari Desa)
Nanga Tayap,Sepakat Jaya,"Jumat, 11 September 2026 13:18:00",NASA-SNPP,Medium,110.66482,-1.42063,False,False,False,False,False,False,Di Luar Area Pantauan (>1000m dari Desa)
Nanga Tayap,Simpang Tiga Sembelangaan,"Jumat, 11 September 2026 13:18:00",NASA-SNPP,Medium,110.38843,-1.46626,False,False,False,False,False,False,Di Luar Area Pantauan (>1000m dari Desa)
Nanga Tayap,Tanjung Medan,"Jumat, 11 September 2026 13:18:00",NASA-SNPP,Medium,110.43974,-1.45502,False,False,False,False,False,False,Di Luar Area Pantauan (>1000m dari Desa)
Matan Hilir Selatan,Sungai Nanjung,"Jumat, 11 September 2026 13:18:00",NASA-SNPP,Medium,110.18917,-2.16879,False,False,False,True,False,True,Di Luar Area Pantauan (>1000m dari Desa)
Matan Hilir Selatan,Sungai Besar,"Jumat, 11 September 2026 13:18:00",NASA-SNPP,Medium,110.11973,-1.91286,False,False,False,True,False,True,Di Luar Area Pantauan (>1000m dari Desa)
Matan Hilir Selatan,Sungai Nanjung,"Jumat, 11 September 2026 13:18:00",NASA-SNPP,Medium,110.17158,-2.12811,False,False,False,True,False,True,Di Luar Area Pantauan (>1000m dari Desa)
Matan Hilir Selatan,Sungai Nanjung,"Jumat, 11 September 2026 13:18:00",NASA-SNPP,Medium,110.17941,-2.10993,False,False,False,False,False,False,Di Luar Area Pantauan (>1000m dari Desa)
Muara Pawan,Tanjung Pasar,"Jumat, 11 September 2026 13:18:00",NASA-SNPP,Medium,110.02036,-1.8163,False,False,False,False,False,False,Di Luar Area Pantauan (>1000m dari Desa)
Benua Kayong,Negeri Baru,"Jumat, 11 September 2026 13:18:00",NASA-SNPP,Medium,110.18981,-1.79379,False,False,False,True,False,True,Di Luar Area Pantauan (>1000m dari Desa)
Sungai Melayu Rayak,Makmur Abadi,"Jumat, 11 September 2026 13:18:00",NASA-SNPP,Medium,110.21928,-1.75531,False,False,False,False,False,False,Di Luar Area Pantauan (>1000m dari Desa)
Muara Pawan,Mayak,"Jumat, 11 September 2026 13:18:00",NASA-SNPP,Medium,110.12074,-1.75679,False,False,False,True,False,True,Di Luar Area Pantauan (>1000m dari Desa)
Matan Hilir Selatan,Pesaguan Kanan,"Jumat, 11 September 2026 13:18:00",NASA-SNPP,Medium,110.31941,-2.01405,False,False,False,False,False,False,Di Luar Area Pantauan (>1000m dari Desa)
Matan Hilir Selatan,Pematang Gadung,"Jumat, 11 September 2026 13:18:00",NASA-SNPP,Medium,110.24285,-1.951,False,False,False,False,False,False,Di Luar Area Pantauan (>1000m dari Desa)
Matan Hilir Selatan,Pesaguan Kanan,"Jumat, 11 September 2026 13:18:00",NASA-SNPP,Medium,110.32279,-1.98975,False,False,False,False,False,False,Di Luar Area Pantauan (>1000m dari Desa)
Matan Hilir Selatan,Sungai Besar,"Jumat, 11 September 2026 13:18:00",NASA-SNPP,Medium,110.12518,-1.92562,False,False,False,True,False,True,Di Luar Area Pantauan (>1000m dari Desa)
Matan Hilir Selatan,Sungai Pelang,"Jumat, 11 September 2026 13:18:00",NASA-SNPP,Medium,110.16693,-1.87506,False,False,True,True,False,True,Di Luar Area Pantauan (>1000m dari Desa)
Matan Hilir Selatan,Pesaguan Kanan,"Jumat, 11 September 2026 13:18:00",NASA-SNPP,Medium,110.31622,-2.03463,False,False,True,True,False,True,Di Luar Area Pantauan (>1000m dari Desa)
Matan Hilir Selatan,Pesaguan Kanan,"Jumat, 11 September 2026 13:18:00",NASA-SNPP,Medium,110.30537,-2.03289,False,False,False,False,False,False,Di Luar Area Pantauan (>1000m dari Desa)
Matan Hilir Selatan,Pagar Mentimun,"Jumat, 11 September 2026 13:18:00",NASA-SNPP,Medium,110.10695,-2.20854,False,False,False,True,False,True,Di Luar Area Pantauan (>1000m dari Desa)
Matan Hilir Selatan,Pagar Mentimun,"Jumat, 11 September 2026 13:18:00",NASA-SNPP,Medium,110.18542,-2.23732,False,False,False,False,False,False,Di Luar Area Pantauan (>1000m dari Desa)
Matan Hilir Selatan,Pagar Mentimun,"Jumat, 11 September 2026 13:18:00",NASA-SNPP,Medium,110.17306,-2.22562,False,False,True,False,False,True,Di Luar Area Pantauan (>1000m dari Desa)
Matan Hilir Selatan,Pagar Mentimun,"Jumat, 11 September 2026 13:18:00",NASA-SNPP,Medium,110.15631,-2.23158,False,False,False,False,False,False,Di Luar Area Pantauan (>1000m dari Desa)
Matan Hilir Selatan,Sungai Nanjung,"Jumat, 11 September 2026 13:18:00",NASA-SNPP,Medium,110.21037,-2.16895,False,False,False,True,False,True,Di Luar Area Pantauan (>1000m dari Desa)
Belimbing,Belonsat,"Jumat, 11 September 2026 13:18:00",NASA-SNPP,Medium,111.47478,-0.3553,False,False,False,False,False,False,Di Luar Area Pantauan (>1000m dari Desa)
Matan Hilir Selatan,Pesaguan Kanan,"Jumat, 11 September 2026 13:18:00",NASA-SNPP,Medium,110.37593,-2.05608,False,False,False,False,False,False,Di Luar Area Pantauan (>1000m dari Desa)
Muara Pawan,Tanjung Pasar,"Jumat, 11 September 2026 13:18:00",NASA-SNPP,Medium,110.14255,-1.80782,False,False,False,False,False,False,Di Luar Area Pantauan (>1000m dari Desa)
Matan Hilir Selatan,Pesaguan Kanan,"Jumat, 11 September 2026 13:18:00",NASA-SNPP,Medium,110.19602,-2.05642,False,False,False,True,False,True,Di Luar Area Pantauan (>1000m dari Desa)
Muara Pawan,Tanjung Pura,"Jumat, 11 September 2026 13:18:00",NASA-SNPP,Medium,110.22337,-1.69423,False,False,False,True,False,True,Di Luar Area Pantauan (>1000m dari Desa)
Matan Hilir Utara,Tanjung Baik Budi,"Jumat, 11 September 2026 13:18:00",NASA-SNPP,Medium,110.18318,-1.5274,False,False,True,True,False,True,Di Luar Area Pantauan (>1000m dari Desa)
Manis Mata,Silat,"Jumat, 11 September 2026 13:18:00",NASA-SNPP,Medium,110.94108,-2.26632,False,False,False,False,False,False,Di Luar Area Pantauan (>1000m dari Desa)
Matan Hilir Utara,Tanjung Baik Budi,"Jumat, 11 September 2026 13:18:00",NASA-SNPP,Medium,110.11324,-1.5313,False,False,True,True,False,True,Di Luar Area Pantauan (>1000m dari Desa)
Nanga Tayap,Sepakat Jaya,"Jumat, 11 September 2026 13:18:00",NASA-SNPP,Medium,110.68237,-1.43722,False,False,True,False,False,True,Di Luar Area Pantauan (>1000m dari Desa)
Matan Hilir Selatan,Sungai Besar,"Jumat, 11 September 2026 13:18:00",NASA-SNPP,Medium,110.20293,-1.87975,False,False,True,True,False,True,Di Luar Area Pantauan (>1000m dari Desa)
Matan Hilir Selatan,Pematang Gadung,"Jumat, 11 September 2026 13:18:00",NASA-SNPP,Medium,110.1769,-1.98148,False,False,False,True,False,True,Di Luar Area Pantauan (>1000m dari Desa)
Matan Hilir Selatan,Sungai Besar,"Jumat, 11 September 2026 13:18:00",NASA-SNPP,Medium,110.15515,-1.89046,False,False,True,True,False,True,Di Luar Area Pantauan (>1000m dari Desa)
Matan Hilir Selatan,Sungai Besar,"Jumat, 11 September 2026 13:18:00",NASA-SNPP,Medium,110.19107,-1.87137,False,False,True,True,False,True,Di Luar Area Pantauan (>1000m dari Desa)
Mukok,Kedukul,"Jumat, 11 September 2026 13:18:00",NASA-SNPP,Medium,110.74288,0.11577,False,False,False,False,False,False,Di Luar Area Pantauan (>1000m dari Desa)
Mukok,Sungai Mawang,"Jumat, 11 September 2026 13:18:00",NASA-SNPP,Medium,110.86091,0.12343,False,False,False,False,False,False,Di Luar Area Pantauan (>1000m dari Desa)
Belitang Hilir,Menawai Tekam,"Jumat, 11 September 2026 13:18:00",NASA-SNPP,Medium,110.96923,0.31723,False,False,False,False,False,False,Di Luar Area Pantauan (>1000m dari Desa)
Kuala Mandor B,Kuala Mandor B,"Jumat, 11 September 2026 13:18:00",NASA-SNPP,Medium,109.66644,0.04961,False,False,False,True,False,True,Di Luar Area Pantauan (>1000m dari Desa)
Simpang Dua,Semandang Kanan,"Jumat, 11 September 2026 13:18:00",NASA-SNPP,Medium,110.39802,-0.78172,False,False,False,False,False,False,Di Luar Area Pantauan (>1000m dari Desa)
Simpang Hilir,Batu Barat,"Jumat, 11 September 2026 13:18:00",NASA-SNPP,Medium,110.02343,-0.98429,False,False,True,True,False,True,Di Luar Area Pantauan (>1000m dari Desa)
Simpang Hilir,Batu Barat,"Jumat, 11 September 2026 13:18:00",NASA-SNPP,Medium,110.04305,-0.95072,False,False,True,True,False,True,Di Luar Area Pantauan (>1000m dari Desa)
Serawai,Nanga Ruhan,"Jumat, 11 September 2026 13:18:00",NASA-SNPP,Medium,112.83082,-0.43847,False,False,False,False,False,False,Di Luar Area Pantauan (>1000m dari Desa)
Simpang Hilir,Batu Barat,"Jumat, 11 September 2026 13:18:00",NASA-SNPP,Medium,110.03621,-0.97554,False,False,True,True,False,True,Di Luar Area Pantauan (>1000m dari Desa)
Simpang Hulu,Semandang Hulu,"Jumat, 11 September 2026 13:18:00",NASA-SNPP,Medium,110.46641,-0.60492,False,False,False,False,False,False,Di Luar Area Pantauan (>1000m dari Desa)
Ella Hilir,Lengkong Nyadom,"Jumat, 11 September 2026 13:18:00",NASA-SNPP,Medium,112.01711,-0.39707,False,False,False,False,False,False,Di Luar Area Pantauan (>1000m dari Desa)
Simpang Hulu,Sekucing Kualan,"Jumat, 11 September 2026 13:18:00",NASA-SNPP,Medium,110.07438,-0.61485,False,False,True,False,False,True,Di Luar Area Pantauan (>1000m dari Desa)
Simpang Hulu,Kualan Hilir,"Jumat, 11 September 2026 13:18:00",NASA-SNPP,Medium,110.18835,-0.50946,False,False,False,False,False,False,Di Luar Area Pantauan (>1000m dari Desa)
Simpang Hulu,Sekucing Labai,"Jumat, 11 September 2026 13:18:00",NASA-SNPP,Medium,110.17349,-0.48113,False,False,False,False,False,False,Di Luar Area Pantauan (>1000m dari Desa)
Sungai Ambawang,Teluk Bakung,"Jumat, 11 September 2026 13:18:00",NASA-SNPP,Medium,109.74458,-0.01963,False,False,True,True,False,True,Di Luar Area Pantauan (>1000m dari Desa)
Belitang Hilir,Entabuk,"Jumat, 11 September 2026 13:18:00",NASA-SNPP,Medium,111.16269,0.15544,False,False,False,False,False,False,Di Luar Area Pantauan (>1000m dari Desa)
Seberuang,Nanga Lot,"Jumat, 11 September 2026 13:18:00",NASA-SNPP,Medium,112.15426,0.30515,False,False,False,False,False,False,Di Luar Area Pantauan (>1000m dari Desa)
Sungai Ambawang,Teluk Bakung,"Jumat, 11 September 2026 13:18:00",NASA-SNPP,Medium,109.70087,-0.05689,False,False,True,True,False,True,Di Luar Area Pantauan (>1000m dari Desa)
Simpang Hulu,Sekucing Labai,"Jumat, 11 September 2026 13:18:00",NASA-SNPP,Medium,110.10754,-0.5354,False,False,True,False,False,True,Di Luar Area Pantauan (>1000m dari Desa)
Simpang Hilir,Matan Jaya,"Jumat, 11 September 2026 13:18:00",NASA-SNPP,Medium,110.10838,-1.096,False,False,True,True,True,True,Di Luar Area Pantauan (>1000m dari Desa)
Simpang Hilir,Sungaimata-Mata,"Jumat, 11 September 2026 13:18:00",NASA-SNPP,Medium,109.98918,-1.01303,False,False,False,False,False,False,Di Luar Area Pantauan (>1000m dari Desa)
Hulu Sungai,Senduruhan,"Jumat, 11 September 2026 13:18:00",NASA-SNPP,Medium,110.75303,-0.86607,False,False,True,False,False,True,Di Luar Area Pantauan (>1000m dari Desa)
Sungai Laur,Tanjung Beringin,"Jumat, 11 September 2026 13:18:00",NASA-SNPP,Medium,110.54813,-0.76557,False,False,False,False,False,False,Di Luar Area Pantauan (>1000m dari Desa)
Sungai Laur,Tanjung Beringin,"Jumat, 11 September 2026 13:18:00",NASA-SNPP,Medium,110.54466,-0.7661,False,False,False,False,False,False,Di Luar Area Pantauan (>1000m dari Desa)
Sungai Laur,Sepotong,"Jumat, 11 September 2026 13:18:00",NASA-SNPP,Medium,110.53413,-0.85517,False,False,False,False,False,False,Di Luar Area Pantauan (>1000m dari Desa)
Matan Hilir Selatan,Sungai Bakau,"Jumat, 11 September 2026 13:18:00",NASA-SNPP,Medium,110.17201,-1.93205,False,False,False,True,False,True,Di Luar Area Pantauan (>1000m dari Desa)
Matan Hilir Selatan,Sungai Besar,"Jumat, 11 September 2026 13:18:00",NASA-SNPP,Medium,110.21039,-1.90579,False,False,False,False,False,False,Di Luar Area Pantauan (>1000m dari Desa)
Matan Hilir Selatan,Pematang Gadung,"Jumat, 11 September 2026 13:18:00",NASA-SNPP,Medium,110.20305,-1.9273,False,False,False,True,False,True,Di Luar Area Pantauan (>1000m dari Desa)
Matan Hilir Selatan,Sungai Besar,"Jumat, 11 September 2026 13:18:00",NASA-SNPP,Medium,110.17389,-1.89778,False,False,True,True,False,True,Di Luar Area Pantauan (>1000m dari Desa)
Matan Hilir Selatan,Sungai Besar,"Jumat, 11 September 2026 13:18:00",NASA-SNPP,Medium,110.18518,-1.87907,False,False,True,True,False,True,Di Luar Area Pantauan (>1000m dari Desa)
Matan Hilir Selatan,Sungai Besar,"Jumat, 11 September 2026 13:18:00",NASA-SNPP,Medium,110.16699,-1.89884,False,False,True,True,False,True,Di Luar Area Pantauan (>1000m dari Desa)
Matan Hilir Selatan,Sungai Pelang,"Jumat, 11 September 2026 13:18:00",NASA-SNPP,Medium,110.23389,-1.85123,False,False,True,True,False,True,Di Luar Area Pantauan (>1000m dari Desa)
Matan Hilir Selatan,Sungai Besar,"Jumat, 11 September 2026 13:18:00",NASA-SNPP,Medium,110.20387,-1.86262,False,False,False,True,False,True,Di Luar Area Pantauan (>1000m dari Desa)
Matan Hilir Selatan,Sungai Pelang,"Jumat, 11 September 2026 13:18:00",NASA-SNPP,Medium,110.19001,-1.84095,False,False,False,True,False,True,Di Luar Area Pantauan (>1000m dari Desa)
Muara Pawan,Mayak,"Jumat, 11 September 2026 13:18:00",NASA-SNPP,Medium,110.12368,-1.75294,False,False,False,True,False,True,Di Luar Area Pantauan (>1000m dari Desa)
Nanga Tayap,Kayung Tuhe,"Jumat, 11 September 2026 13:18:00",NASA-SNPP,Medium,110.70976,-1.58917,False,False,False,False,False,False,Di Luar Area Pantauan (>1000m dari Desa)
Muara Pawan,Tanjung Pura,"Jumat, 11 September 2026 13:18:00",NASA-SNPP,Medium,110.15486,-1.68432,False,False,True,True,False,True,Di Luar Area Pantauan (>1000m dari Desa)
Muara Pawan,Tanjung Pura,"Jumat, 11 September 2026 13:18:00",NASA-SNPP,Medium,110.21992,-1.69475,False,False,True,True,False,True,Di Luar Area Pantauan (>1000m dari Desa)
Muara Pawan,Tanjung Pura,"Jumat, 11 September 2026 13:18:00",NASA-SNPP,Medium,110.13812,-1.69028,False,False,True,True,False,True,Di Luar Area Pantauan (>1000m dari Desa)
Nanga Tayap,Sungai Kelik,"Jumat, 11 September 2026 13:18:00",NASA-SNPP,Medium,110.3055,-1.63069,False,False,False,True,False,True,Di Luar Area Pantauan (>1000m dari Desa)
Matan Hilir Utara,Tanjung Baik Budi,"Jumat, 11 September 2026 13:18:00",NASA-SNPP,Medium,110.15115,-1.52551,False,False,True,True,False,True,Di Luar Area Pantauan (>1000m dari Desa)
Muara Pawan,Mayak,"Jumat, 11 September 2026 13:18:00",NASA-SNPP,Medium,110.15787,-1.70424,False,False,True,True,False,True,Di Luar Area Pantauan (>1000m dari Desa)
Matan Hilir Utara,Kuala Tolak,"Jumat, 11 September 2026 13:18:00",NASA-SNPP,Medium,110.1627,-1.49057,False,False,True,True,False,True,Di Luar Area Pantauan (>1000m dari Desa)
Matan Hilir Selatan,Pesaguan Kanan,"Jumat, 11 September 2026 13:18:00",NASA-SNPP,Medium,110.25539,-2.03403,False,False,True,True,False,True,Di Luar Area Pantauan (>1000m dari Desa)
Muara Pawan,Ulak Medang,"Jumat, 11 September 2026 13:35:00",NASA-NOAA20,Medium,110.24223,-1.51301,False,False,True,True,False,True,Di Luar Area Pantauan (>1000m dari Desa)
Muara Pawan,Ulak Medang,"Jumat, 11 September 2026 13:35:00",NASA-NOAA20,Medium,110.23707,-1.50922,False,False,True,True,False,True,Di Luar Area Pantauan (>1000m dari Desa)
Matan Hilir Utara,Tanjung Baik Budi,"Jumat, 11 September 2026 13:35:00",NASA-NOAA20,Medium,110.1478,-1.52345,False,False,True,True,False,True,Di Luar Area Pantauan (>1000m dari Desa)
Matan Hilir Utara,Lamon Satong,"Jumat, 11 September 2026 13:35:00",NASA-NOAA20,Medium,110.19612,-1.51115,False,False,True,True,False,True,Di Luar Area Pantauan (>1000m dari Desa)
Nanga Tayap,Simpang Tiga Sembelangaan,"Jumat, 11 September 2026 13:35:00",NASA-NOAA20,Medium,110.38167,-1.48148,False,False,False,False,False,False,Di Luar Area Pantauan (>1000m dari Desa)
Nanga Tayap,Tanjung Medan,"Jumat, 11 September 2026 13:35:00",NASA-NOAA20,Medium,110.43968,-1.45346,False,False,False,False,False,False,Di Luar Area Pantauan (>1000m dari Desa)
Matan Hilir Utara,Kuala Tolak,"Jumat, 11 September 2026 13:35:00",NASA-NOAA20,Medium,110.1311,-1.50321,False,False,True,True,False,True,Di Luar Area Pantauan (>1000m dari Desa)
Matan Hilir Utara,Kuala Tolak,"Jumat, 11 September 2026 13:35:00",NASA-NOAA20,Medium,110.12667,-1.50393,False,False,True,True,False,True,Di Luar Area Pantauan (>1000m dari Desa)
Nanga Tayap,Tanjung Medan,"Jumat, 11 September 2026 13:35:00",NASA-NOAA20,Medium,110.43902,-1.44888,False,False,False,False,False,False,Di Luar Area Pantauan (>1000m dari Desa)
Matan Hilir Utara,Kuala Tolak,"Jumat, 11 September 2026 13:35:00",NASA-NOAA20,Medium,110.19714,-1.48797,False,False,False,True,False,True,Di Luar Area Pantauan (>1000m dari Desa)
Matan Hilir Utara,Kuala Tolak,"Jumat, 11 September 2026 13:35:00",NASA-NOAA20,Medium,110.16142,-1.49374,False,False,True,True,False,True,Di Luar Area Pantauan (>1000m dari Desa)
Matan Hilir Utara,Kuala Tolak,"Jumat, 11 September 2026 13:35:00",NASA-NOAA20,Medium,110.12089,-1.4957,False,False,True,True,False,True,Di Luar Area Pantauan (>1000m dari Desa)
Tumbang Titi,Jungkal,"Jumat, 11 September 2026 13:35:00",NASA-NOAA20,Medium,110.50273,-1.96905,False,False,False,False,False,False,Di Luar Area Pantauan (>1000m dari Desa)
Matan Hilir Selatan,Sungai Besar,"Jumat, 11 September 2026 13:35:00",NASA-NOAA20,Medium,110.12436,-1.92787,False,False,False,True,False,True,Di Luar Area Pantauan (>1000m dari Desa)
Matan Hilir Utara,Tanjung Baik Budi,"Jumat, 11 September 2026 13:35:00",NASA-NOAA20,Medium,110.18472,-1.52676,False,False,True,True,False,True,Di Luar Area Pantauan (>1000m dari Desa)
Matan Hilir Utara,Tanjung Baik Budi,"Jumat, 11 September 2026 13:35:00",NASA-NOAA20,Medium,110.17963,-1.52297,False,False,False,True,False,True,Di Luar Area Pantauan (>1000m dari Desa)
Matan Hilir Utara,Tanjung Baik Budi,"Jumat, 11 September 2026 13:35:00",NASA-NOAA20,Medium,110.15226,-1.52274,False,False,True,True,False,True,Di Luar Area Pantauan (>1000m dari Desa)
Matan Hilir Utara,Kuala Tolak,"Jumat, 11 September 2026 13:35:00",NASA-NOAA20,Medium,110.1423,-1.48765,False,False,True,True,False,True,Di Luar Area Pantauan (>1000m dari Desa)
Matan Hilir Utara,Kuala Tolak,"Jumat, 11 September 2026 13:35:00",NASA-NOAA20,Medium,110.1318,-1.50768,False,False,True,False,False,True,Di Luar Area Pantauan (>1000m dari Desa)
Matan Hilir Utara,Kuala Tolak,"Jumat, 11 September 2026 13:35:00",NASA-NOAA20,Medium,110.12598,-1.49946,False,False,True,True,False,True,Di Luar Area Pantauan (>1000m dari Desa)
Matan Hilir Utara,Kuala Tolak,"Jumat, 11 September 2026 13:35:00",NASA-NOAA20,Medium,110.15696,-1.49446,False,False,False,True,False,True,Di Luar Area Pantauan (>1000m dari Desa)
Matan Hilir Utara,Kuala Tolak,"Jumat, 11 September 2026 13:35:00",NASA-NOAA20,Medium,110.12156,-1.50017,False,False,True,True,False,True,Di Luar Area Pantauan (>1000m dari Desa)
Manis Mata,Suka Ramai,"Jumat, 11 September 2026 13:35:00",NASA-NOAA20,Medium,111.09796,-2.74152,False,False,False,False,False,False,Di Luar Area Pantauan (>1000m dari Desa)
Manis Mata,Suka Ramai,"Jumat, 11 September 2026 13:35:00",NASA-NOAA20,Medium,111.10975,-2.70862,False,False,False,False,False,False,Di Luar Area Pantauan (>1000m dari Desa)
Manis Mata,Ratu Elok,"Jumat, 11 September 2026 13:35:00",NASA-NOAA20,Medium,111.0636,-2.5145,False,False,False,False,False,False,Di Luar Area Pantauan (>1000m dari Desa)
Manis Mata,Sungai Buluh,"Jumat, 11 September 2026 13:35:00",NASA-NOAA20,Medium,111.04974,-2.56693,False,False,False,False,False,False,Di Luar Area Pantauan (>1000m dari Desa)
Kendawangan,Pangkalan Batu,"Jumat, 11 September 2026 13:35:00",NASA-NOAA20,Medium,110.34935,-2.16288,False,False,False,False,False,False,Di Luar Area Pantauan (>1000m dari Desa)
Matan Hilir Selatan,Pagar Mentimun,"Jumat, 11 September 2026 13:35:00",NASA-NOAA20,Medium,110.14434,-2.29899,False,False,False,True,False,True,Di Luar Area Pantauan (>1000m dari Desa)
Matan Hilir Selatan,Pesaguan Kanan,"Jumat, 11 September 2026 13:35:00",NASA-NOAA20,Medium,110.18875,-2.05287,False,False,False,True,False,True,Di Luar Area Pantauan (>1000m dari Desa)
Kendawangan,Pangkalan Batu,"Jumat, 11 September 2026 13:35:00",NASA-NOAA20,Medium,110.37682,-2.0919,False,False,False,False,False,False,Di Luar Area Pantauan (>1000m dari Desa)
Matan Hilir Selatan,Pesaguan Kanan,"Jumat, 11 September 2026 13:35:00",NASA-NOAA20,Medium,110.2528,-2.02882,False,False,True,True,False,True,Di Luar Area Pantauan (>1000m dari Desa)
Matan Hilir Selatan,Sungai Nanjung,"Jumat, 11 September 2026 13:35:00",NASA-NOAA20,Medium,110.13123,-2.14379,False,False,False,False,False,False,Di Luar Area Pantauan (>1000m dari Desa)
Matan Hilir Selatan,Pesaguan Kanan,"Jumat, 11 September 2026 13:35:00",NASA-NOAA20,Medium,110.32362,-2.04499,False,False,False,True,False,True,Di Luar Area Pantauan (>1000m dari Desa)
Matan Hilir Selatan,Pesaguan Kanan,"Jumat, 11 September 2026 13:35:00",NASA-NOAA20,Medium,110.3082,-2.03366,False,False,False,False,False,False,Di Luar Area Pantauan (>1000m dari Desa)
Matan Hilir Selatan,Pesaguan Kanan,"Jumat, 11 September 2026 13:35:00",NASA-NOAA20,Medium,110.30307,-2.02989,False,False,False,False,False,False,Di Luar Area Pantauan (>1000m dari Desa)
Matan Hilir Selatan,Pesaguan Kanan,"Jumat, 11 September 2026 13:35:00",NASA-NOAA20,Medium,110.19413,-2.02919,False,False,False,True,False,True,Di Luar Area Pantauan (>1000m dari Desa)
Muara Pawan,Mayak,"Jumat, 11 September 2026 13:35:00",NASA-NOAA20,Medium,110.16309,-1.72808,False,False,True,True,False,True,Di Luar Area Pantauan (>1000m dari Desa)
Muara Pawan,Mayak,"Jumat, 11 September 2026 13:35:00",NASA-NOAA20,Medium,110.16003,-1.73772,False,False,True,True,False,True,Di Luar Area Pantauan (>1000m dari Desa)
Muara Pawan,Tanjung Pura,"Jumat, 11 September 2026 13:35:00",NASA-NOAA20,Medium,110.19205,-1.70968,False,False,True,True,False,True,Di Luar Area Pantauan (>1000m dari Desa)
Nanga Tayap,Lembah Hijau Satu,"Jumat, 11 September 2026 13:35:00",NASA-NOAA20,Medium,110.49461,-1.57136,False,False,False,False,False,False,Di Luar Area Pantauan (>1000m dari Desa)
Muara Pawan,Tempurukan,"Jumat, 11 September 2026 13:35:00",NASA-NOAA20,Medium,110.06612,-1.6718,False,False,False,True,False,True,Di Luar Area Pantauan (>1000m dari Desa)
Muara Pawan,Tempurukan,"Jumat, 11 September 2026 13:35:00",NASA-NOAA20,Medium,110.05875,-1.68205,False,False,False,False,False,False,Di Luar Area Pantauan (>1000m dari Desa)
Muara Pawan,Tempurukan,"Jumat, 11 September 2026 13:35:00",NASA-NOAA20,Medium,110.08759,-1.63652,False,False,False,True,False,True,Di Luar Area Pantauan (>1000m dari Desa)
Muara Pawan,Tempurukan,"Jumat, 11 September 2026 13:35:00",NASA-NOAA20,Medium,110.09195,-1.63582,False,False,False,True,False,True,Di Luar Area Pantauan (>1000m dari Desa)
Muara Pawan,Ulak Medang,"Jumat, 11 September 2026 13:35:00",NASA-NOAA20,Medium,110.28882,-1.51485,False,False,False,False,False,False,Di Luar Area Pantauan (>1000m dari Desa)
Muara Pawan,Ulak Medang,"Jumat, 11 September 2026 13:35:00",NASA-NOAA20,Medium,110.26158,-1.51917,False,False,True,True,False,True,Di Luar Area Pantauan (>1000m dari Desa)
Nanga Tayap,Tanjung Medan,"Jumat, 11 September 2026 13:35:00",NASA-NOAA20,Medium,110.44101,-1.46262,False,False,True,False,False,True,Di Luar Area Pantauan (>1000m dari Desa)
Muara Pawan,Ulak Medang,"Jumat, 11 September 2026 13:35:00",NASA-NOAA20,Medium,110.22675,-1.50164,False,False,True,True,False,True,Di Luar Area Pantauan (>1000m dari Desa)
Matan Hilir Selatan,Sungai Besar,"Jumat, 11 September 2026 13:35:00",NASA-NOAA20,Medium,110.19286,-1.86795,False,False,True,True,False,True,Di Luar Area Pantauan (>1000m dari Desa)
Muara Pawan,Tanjung Pasar,"Jumat, 11 September 2026 13:35:00",NASA-NOAA20,Medium,110.14302,-1.80742,False,False,False,False,False,False,Di Luar Area Pantauan (>1000m dari Desa)
Muara Pawan,Tanjung Pasar,"Jumat, 11 September 2026 13:35:00",NASA-NOAA20,Medium,110.02059,-1.81883,False,False,False,False,False,False,Di Luar Area Pantauan (>1000m dari Desa)
Sungai Melayu Rayak,Makmur Abadi,"Jumat, 11 September 2026 13:35:00",NASA-NOAA20,Medium,110.24303,-1.77503,False,False,False,True,False,True,Di Luar Area Pantauan (>1000m dari Desa)
Benua Kayong,Negeri Baru,"Jumat, 11 September 2026 13:35:00",NASA-NOAA20,Medium,110.19928,-1.78645,False,False,False,True,False,True,Di Luar Area Pantauan (>1000m dari Desa)
Muara Pawan,Mayak,"Jumat, 11 September 2026 13:35:00",NASA-NOAA20,Medium,110.14558,-1.79026,False,False,False,False,False,False,Di Luar Area Pantauan (>1000m dari Desa)
Muara Pawan,Sungai Awan Kiri,"Jumat, 11 September 2026 13:35:00",NASA-NOAA20,Medium,110.00646,-1.71741,False,False,False,False,False,False,Di Luar Area Pantauan (>1000m dari Desa)
Sungai Melayu Rayak,Sungai Melayu,"Jumat, 11 September 2026 13:35:00",NASA-NOAA20,Medium,110.34058,-1.87693,False,False,False,False,False,False,Di Luar Area Pantauan (>1000m dari Desa)
Matan Hilir Selatan,Sungai Besar,"Jumat, 11 September 2026 13:35:00",NASA-NOAA20,Medium,110.16528,-1.89513,False,False,True,True,False,True,Di Luar Area Pantauan (>1000m dari Desa)
Matan Hilir Selatan,Sungai Besar,"Jumat, 11 September 2026 13:35:00",NASA-NOAA20,Medium,110.20362,-1.87998,False,False,True,True,False,True,Di Luar Area Pantauan (>1000m dari Desa)
Matan Hilir Selatan,Sungai Besar,"Jumat, 11 September 2026 13:35:00",NASA-NOAA20,Medium,110.21247,-1.87859,False,False,True,True,False,True,Di Luar Area Pantauan (>1000m dari Desa)
Matan Hilir Selatan,Sungai Besar,"Jumat, 11 September 2026 13:35:00",NASA-NOAA20,Medium,110.1891,-1.87312,False,False,True,True,False,True,Di Luar Area Pantauan (>1000m dari Desa)
Nanga Tayap,Nanga Tayap,"Jumat, 11 September 2026 13:35:00",NASA-NOAA20,Medium,110.58875,-1.52317,False,False,False,False,False,False,Di Luar Area Pantauan (>1000m dari Desa)
Matan Hilir Selatan,Sungai Besar,"Jumat, 11 September 2026 13:35:00",NASA-NOAA20,Medium,110.18027,-1.87451,False,False,True,True,False,True,Di Luar Area Pantauan (>1000m dari Desa)
Nanga Tayap,Simpang Tiga Sembelangaan,"Jumat, 11 September 2026 13:35:00",NASA-NOAA20,Medium,110.38458,-1.46702,False,False,False,False,False,False,Di Luar Area Pantauan (>1000m dari Desa)
Nanga Tayap,Tanjung Medan,"Jumat, 11 September 2026 13:35:00",NASA-NOAA20,Medium,110.44484,-1.45732,False,False,True,False,False,True,Di Luar Area Pantauan (>1000m dari Desa)
Nanga Tayap,Simpang Tiga Sembelangaan,"Jumat, 11 September 2026 13:35:00",NASA-NOAA20,Medium,110.39013,-1.47079,False,False,False,False,False,False,Di Luar Area Pantauan (>1000m dari Desa)
Matan Hilir Selatan,Sungai Nanjung,"Jumat, 11 September 2026 13:35:00",NASA-NOAA20,Medium,110.14858,-2.1411,False,False,False,True,False,True,Di Luar Area Pantauan (>1000m dari Desa)
Nanga Tayap,Lembah Hijau Satu,"Jumat, 11 September 2026 13:35:00",NASA-NOAA20,Medium,110.49393,-1.56677,False,False,False,False,False,False,Di Luar Area Pantauan (>1000m dari Desa)
Matan Hilir Selatan,Pesaguan Kanan,"Jumat, 11 September 2026 13:35:00",NASA-NOAA20,Medium,110.31197,-2.02845,False,False,False,False,False,False,Di Luar Area Pantauan (>1000m dari Desa)
Matan Hilir Selatan,Pesaguan Kanan,"Jumat, 11 September 2026 13:35:00",NASA-NOAA20,Medium,110.34331,-2.0234,False,False,True,True,False,True,Di Luar Area Pantauan (>1000m dari Desa)
Matan Hilir Selatan,Pesaguan Kanan,"Jumat, 11 September 2026 13:35:00",NASA-NOAA20,Medium,110.21944,-2.04794,False,False,True,True,False,True,Di Luar Area Pantauan (>1000m dari Desa)
Matan Hilir Selatan,Pesaguan Kanan,"Jumat, 11 September 2026 13:35:00",NASA-NOAA20,Medium,110.19379,-2.05662,False,False,False,True,False,True,Di Luar Area Pantauan (>1000m dari Desa)
Matan Hilir Selatan,Pagar Mentimun,"Jumat, 11 September 2026 13:35:00",NASA-NOAA20,Medium,110.16299,-2.30508,False,False,False,False,False,False,Di Luar Area Pantauan (>1000m dari Desa)
Kendawangan,Mekar Utama,"Jumat, 11 September 2026 13:35:00",NASA-NOAA20,Medium,110.20115,-2.32175,False,False,True,False,False,True,Di Luar Area Pantauan (>1000m dari Desa)
Kendawangan,Mekar Utama,"Jumat, 11 September 2026 13:35:00",NASA-NOAA20,Medium,110.20548,-2.32106,False,False,True,False,False,True,Di Luar Area Pantauan (>1000m dari Desa)
Manis Mata,Sungai Buluh,"Jumat, 11 September 2026 13:35:00",NASA-NOAA20,Medium,111.08019,-2.60047,False,False,False,False,False,False,Di Luar Area Pantauan (>1000m dari Desa)
Manis Mata,Suka Ramai,"Jumat, 11 September 2026 13:35:00",NASA-NOAA20,Medium,111.09509,-2.74459,False,False,False,False,False,False,Di Luar Area Pantauan (>1000m dari Desa)
Muara Pawan,Sungai Awan Kiri,"Jumat, 11 September 2026 13:35:00",NASA-NOAA20,Medium,110.07142,-1.71551,False,False,False,True,False,True,Di Luar Area Pantauan (>1000m dari Desa)
Muara Pawan,Tanjung Pura,"Jumat, 11 September 2026 13:35:00",NASA-NOAA20,Medium,110.19309,-1.70681,False,False,True,True,False,True,Di Luar Area Pantauan (>1000m dari Desa)
Matan Hilir Selatan,Sungai Nanjung,"Jumat, 11 September 2026 13:35:00",NASA-NOAA20,Medium,110.21129,-2.12099,False,False,False,False,False,False,Di Luar Area Pantauan (>1000m dari Desa)
Matan Hilir Selatan,Sungai Nanjung,"Jumat, 11 September 2026 13:35:00",NASA-NOAA20,Medium,110.14926,-2.14554,False,False,False,False,False,False,Di Luar Area Pantauan (>1000m dari Desa)
Manis Mata,Suka Ramai,"Jumat, 11 September 2026 13:35:00",NASA-NOAA20,Medium,111.08649,-2.72194,False,False,False,False,False,False,Di Luar Area Pantauan (>1000m dari Desa)
Manis Mata,Suka Ramai,"Jumat, 11 September 2026 13:35:00",NASA-NOAA20,Medium,111.08154,-2.72272,False,False,False,False,False,False,Di Luar Area Pantauan (>1000m dari Desa)
Manis Mata,Suka Ramai,"Jumat, 11 September 2026 13:35:00",NASA-NOAA20,Medium,111.14876,-2.69756,False,False,False,False,False,False,Di Luar Area Pantauan (>1000m dari Desa)
Nanga Tayap,Tanjung Medan,"Jumat, 11 September 2026 13:35:00",NASA-NOAA20,Medium,110.44033,-1.45804,False,False,False,False,False,False,Di Luar Area Pantauan (>1000m dari Desa)
Nanga Tayap,Tanjung Medan,"Jumat, 11 September 2026 13:37:00",NASA-NOAA20,Medium,110.44033,-1.45298,False,False,False,False,False,False,Di Luar Area Pantauan (>1000m dari Desa)
Matan Hilir Utara,Kuala Tolak,"Jumat, 11 September 2026 13:37:00",NASA-NOAA20,Medium,110.19796,-1.49015,False,False,False,True,False,True,Di Luar Area Pantauan (>1000m dari Desa)
Matan Hilir Utara,Kuala Tolak,"Jumat, 11 September 2026 13:37:00",NASA-NOAA20,Medium,110.12149,-1.4973,False,False,True,True,False,True,Di Luar Area Pantauan (>1000m dari Desa)
Matan Hilir Utara,Kuala Tolak,"Jumat, 11 September 2026 13:37:00",NASA-NOAA20,Medium,110.12662,-1.50109,False,False,True,True,False,True,Di Luar Area Pantauan (>1000m dari Desa)
Nanga Tayap,Sepakat Jaya,"Jumat, 11 September 2026 13:37:00",NASA-NOAA20,Medium,110.70601,-1.34058,False,False,True,False,False,True,Di Luar Area Pantauan (>1000m dari Desa)
Matan Hilir Utara,Kuala Tolak,"Jumat, 11 September 2026 13:37:00",NASA-NOAA20,Medium,110.14612,-1.42012,False,False,False,True,False,True,Di Luar Area Pantauan (>1000m dari Desa)
Sukadana,Riam Berasap Jaya,"Jumat, 11 September 2026 13:37:00",NASA-NOAA20,Medium,110.10968,-1.3546,False,False,False,False,False,False,Di Luar Area Pantauan (>1000m dari Desa)
Sandai,Sandai,"Jumat, 11 September 2026 13:37:00",NASA-NOAA20,Medium,110.56494,-1.24559,False,False,False,False,False,False,Di Luar Area Pantauan (>1000m dari Desa)
Sukadana,Riam Berasap Jaya,"Jumat, 11 September 2026 13:37:00",NASA-NOAA20,Medium,110.10897,-1.35013,False,False,False,True,False,True,Di Luar Area Pantauan (>1000m dari Desa)
Sukadana,Sejahtera,"Jumat, 11 September 2026 13:37:00",NASA-NOAA20,Medium,110.11133,-1.27635,False,False,True,False,True,True,Di Luar Area Pantauan (>1000m dari Desa)
Sukadana,Sedahan Jaya,"Jumat, 11 September 2026 13:37:00",NASA-NOAA20,Medium,110.04003,-1.18419,False,False,False,False,True,True,Di Luar Area Pantauan (>1000m dari Desa)
Sandai,Pendamaran Indah,"Jumat, 11 September 2026 13:37:00",NASA-NOAA20,Medium,110.64275,-1.09171,False,False,False,False,False,False,Di Luar Area Pantauan (>1000m dari Desa)
Sukadana,Sedahan Jaya,"Jumat, 11 September 2026 13:37:00",NASA-NOAA20,Medium,110.04438,-1.18348,False,False,True,True,True,True,Di Luar Area Pantauan (>1000m dari Desa)
Sukadana,Sedahan Jaya,"Jumat, 11 September 2026 13:37:00",NASA-NOAA20,Medium,110.06069,-1.17169,False,False,True,True,True,True,Di Luar Area Pantauan (>1000m dari Desa)
Sukadana,Sedahan Jaya,"Jumat, 11 September 2026 13:37:00",NASA-NOAA20,Medium,110.04744,-1.17384,False,False,True,True,True,True,Di Luar Area Pantauan (>1000m dari Desa)
Sukadana,Sedahan Jaya,"Jumat, 11 September 2026 13:37:00",NASA-NOAA20,Medium,110.04101,-1.18584,False,False,False,True,True,True,Di Luar Area Pantauan (>1000m dari Desa)
Sandai,Pendamaran Indah,"Jumat, 11 September 2026 13:37:00",NASA-NOAA20,Medium,110.64462,-1.09344,False,False,False,False,False,False,Di Luar Area Pantauan (>1000m dari Desa)
Sukadana,Sedahan Jaya,"Jumat, 11 September 2026 13:37:00",NASA-NOAA20,Medium,110.04033,-1.18137,False,False,False,True,True,True,Di Luar Area Pantauan (>1000m dari Desa)
Simpang Hilir,Matan Jaya,"Jumat, 11 September 2026 13:37:00",NASA-NOAA20,Medium,110.15598,-1.09904,False,False,False,False,True,True,Di Luar Area Pantauan (>1000m dari Desa)
Sukadana,Sedahan Jaya,"Jumat, 11 September 2026 13:37:00",NASA-NOAA20,Medium,110.06171,-1.17351,False,False,True,True,True,True,Di Luar Area Pantauan (>1000m dari Desa)
Sandai,Pendamaran Indah,"Jumat, 11 September 2026 13:37:00",NASA-NOAA20,Medium,110.63616,-1.07087,False,False,False,False,False,False,Di Luar Area Pantauan (>1000m dari Desa)
Simpang Hilir,Matan Jaya,"Jumat, 11 September 2026 13:37:00",NASA-NOAA20,Medium,110.14164,-1.0967,False,False,False,True,True,True,Di Luar Area Pantauan (>1000m dari Desa)
Simpang Hilir,Matan Jaya,"Jumat, 11 September 2026 13:37:00",NASA-NOAA20,Medium,110.13711,-1.09741,False,False,True,True,True,True,Di Luar Area Pantauan (>1000m dari Desa)
Simpang Hilir,Matan Jaya,"Jumat, 11 September 2026 13:37:00",NASA-NOAA20,Medium,110.13644,-1.09291,False,False,True,True,True,True,Di Luar Area Pantauan (>1000m dari Desa)
Simpang Hilir,Matan Jaya,"Jumat, 11 September 2026 13:37:00",NASA-NOAA20,Medium,110.13194,-1.09362,False,False,True,True,True,True,Di Luar Area Pantauan (>1000m dari Desa)
Pulau Maya,Kemboja,"Jumat, 11 September 2026 13:37:00",NASA-NOAA20,Medium,109.71792,-1.12343,False,False,False,True,False,True,Di Luar Area Pantauan (>1000m dari Desa)
Pulau Maya,Kemboja,"Jumat, 11 September 2026 13:37:00",NASA-NOAA20,Medium,109.72212,-1.12275,False,False,False,True,False,True,Di Luar Area Pantauan (>1000m dari Desa)
Simpang Hilir,Matan Jaya,"Jumat, 11 September 2026 13:37:00",NASA-NOAA20,Medium,110.09921,-1.08961,False,False,True,False,True,True,Di Luar Area Pantauan (>1000m dari Desa)
Pulau Maya,Kemboja,"Jumat, 11 September 2026 13:37:00",NASA-NOAA20,Medium,109.72145,-1.11838,False,False,False,True,False,True,Di Luar Area Pantauan (>1000m dari Desa)
Pulau Maya,Kemboja,"Jumat, 11 September 2026 13:37:00",NASA-NOAA20,Medium,109.71928,-1.13217,False,False,False,False,False,False,Di Luar Area Pantauan (>1000m dari Desa)
Pulau Maya,Kemboja,"Jumat, 11 September 2026 13:37:00",NASA-NOAA20,Medium,109.72014,-1.13129,False,False,False,False,False,False,Di Luar Area Pantauan (>1000m dari Desa)
Pulau Maya,Kemboja,"Jumat, 11 September 2026 13:37:00",NASA-NOAA20,Medium,109.72298,-1.1219,False,False,False,True,False,True,Di Luar Area Pantauan (>1000m dari Desa)
Simpang Hilir,Lubuk Batu,"Jumat, 11 September 2026 13:37:00",NASA-NOAA20,Medium,110.09559,-0.96358,False,False,False,False,False,False,Di Luar Area Pantauan (>1000m dari Desa)
Simpang Hilir,Batu Barat,"Jumat, 11 September 2026 13:37:00",NASA-NOAA20,Medium,110.03745,-0.97508,False,False,True,True,False,True,Di Luar Area Pantauan (>1000m dari Desa)
Simpang Hilir,Lubuk Batu,"Jumat, 11 September 2026 13:37:00",NASA-NOAA20,Medium,110.09504,-0.96171,False,False,False,False,False,False,Di Luar Area Pantauan (>1000m dari Desa)
Simpang Hilir,Lubuk Batu,"Jumat, 11 September 2026 13:37:00",NASA-NOAA20,Medium,110.09673,-0.94302,False,False,False,False,False,False,Di Luar Area Pantauan (>1000m dari Desa)
Sungai Laur,Sepotong,"Jumat, 11 September 2026 13:37:00",NASA-NOAA20,Medium,110.50931,-0.87,False,False,False,False,False,False,Di Luar Area Pantauan (>1000m dari Desa)
Simpang Hilir,Lubuk Batu,"Jumat, 11 September 2026 13:37:00",NASA-NOAA20,Medium,110.09605,-0.93852,False,False,False,False,False,False,Di Luar Area Pantauan (>1000m dari Desa)
Sungai Laur,Sepotong,"Jumat, 11 September 2026 13:37:00",NASA-NOAA20,Medium,110.5072,-0.85609,False,False,False,False,False,False,Di Luar Area Pantauan (>1000m dari Desa)
Ella Hilir,Nanga Kempangai,"Jumat, 11 September 2026 13:37:00",NASA-NOAA20,Medium,112.11422,-0.58935,False,False,False,False,True,True,Di Luar Area Pantauan (>1000m dari Desa)
Ella Hilir,Nanga Kempangai,"Jumat, 11 September 2026 13:37:00",NASA-NOAA20,Medium,112.11716,-0.58889,False,False,False,False,True,True,Di Luar Area Pantauan (>1000m dari Desa)
Simpang Hilir,Batu Barat,"Jumat, 11 September 2026 13:37:00",NASA-NOAA20,Medium,110.09959,-0.90109,False,False,False,True,False,True,Di Luar Area Pantauan (>1000m dari Desa)
Sungai Laur,Sepotong,"Jumat, 11 September 2026 13:37:00",NASA-NOAA20,Medium,110.4987,-0.80043,False,False,False,False,False,False,Di Luar Area Pantauan (>1000m dari Desa)
Menukung,Sampak,"Jumat, 11 September 2026 13:37:00",NASA-NOAA20,Medium,112.24745,-0.50916,False,False,False,False,False,False,Di Luar Area Pantauan (>1000m dari Desa)
Simpang Dua,Semandang Kanan,"Jumat, 11 September 2026 13:37:00",NASA-NOAA20,Medium,110.36572,-0.82639,False,False,False,False,False,False,Di Luar Area Pantauan (>1000m dari Desa)
Menukung,Sampak,"Jumat, 11 September 2026 13:37:00",NASA-NOAA20,Medium,112.25069,-0.50864,False,False,False,False,False,False,Di Luar Area Pantauan (>1000m dari Desa)
Ella Hilir,Nyanggau,"Jumat, 11 September 2026 13:37:00",NASA-NOAA20,Medium,112.10686,-0.47753,False,False,False,False,False,False,Di Luar Area Pantauan (>1000m dari Desa)
Ella Hilir,Nanga Nyuruh,"Jumat, 11 September 2026 13:37:00",NASA-NOAA20,Medium,112.11147,-0.48214,False,False,False,False,False,False,Di Luar Area Pantauan (>1000m dari Desa)
Ella Hilir,Nanga Nyuruh,"Jumat, 11 September 2026 13:37:00",NASA-NOAA20,Medium,112.09863,-0.48416,False,False,False,False,False,False,Di Luar Area Pantauan (>1000m dari Desa)
Ella Hilir,Nanga Nyuruh,"Jumat, 11 September 2026 13:37:00",NASA-NOAA20,Medium,112.09599,-0.48457,False,False,False,False,False,False,Di Luar Area Pantauan (>1000m dari Desa)
Ella Hilir,Nanga Nyuruh,"Jumat, 11 September 2026 13:37:00",NASA-NOAA20,Medium,112.09507,-0.47939,False,False,False,False,False,False,Di Luar Area Pantauan (>1000m dari Desa)
Ella Hilir,Nanga Nyuruh,"Jumat, 11 September 2026 13:37:00",NASA-NOAA20,Medium,112.1075,-0.48276,False,False,False,False,False,False,Di Luar Area Pantauan (>1000m dari Desa)
Nanga Mahap,Karang Betung,"Jumat, 11 September 2026 13:37:00",NASA-NOAA20,Medium,110.88344,-0.62097,True,False,False,False,False,False,Prioritas 2 (Sedang)
Sungai Laur,Tanjung Maju,"Jumat, 11 September 2026 13:37:00",NASA-NOAA20,Medium,110.52096,-0.70307,False,False,False,False,False,False,Di Luar Area Pantauan (>1000m dari Desa)
Nanga Mahap,Karang Betung,"Jumat, 11 September 2026 13:37:00",NASA-NOAA20,Medium,110.88655,-0.62057,True,False,False,False,False,False,Prioritas 2 (Sedang)
Batu Ampar,Tanjungharapan,"Jumat, 11 September 2026 13:37:00",NASA-NOAA20,Medium,109.31024,-0.86405,True,False,False,False,True,True,Prioritas 1 (Tinggi)
Batu Ampar,Ambarawa,"Jumat, 11 September 2026 13:37:00",NASA-NOAA20,Medium,109.31578,-0.84692,False,True,False,True,True,True,Prioritas 3 (Rendah)
Ella Hilir,Nanga Ella Hilir,"Jumat, 11 September 2026 13:37:00",NASA-NOAA20,Medium,112.01678,-0.4055,False,False,False,False,False,False,Di Luar Area Pantauan (>1000m dari Desa)
Serawai,Batu Ketebung,"Jumat, 11 September 2026 13:37:00",NASA-NOAA20,Medium,112.45417,-0.30451,False,False,False,False,False,False,Di Luar Area Pantauan (>1000m dari Desa)
Simpang Hulu,Semandang Hulu,"Jumat, 11 September 2026 13:37:00",NASA-NOAA20,Medium,110.46781,-0.60362,False,False,False,False,False,False,Di Luar Area Pantauan (>1000m dari Desa)
Simpang Hulu,Sekucing Kualan,"Jumat, 11 September 2026 13:37:00",NASA-NOAA20,Medium,110.07519,-0.62876,False,False,False,False,False,False,Di Luar Area Pantauan (>1000m dari Desa)
Serawai,Tamakung,"Jumat, 11 September 2026 13:37:00",NASA-NOAA20,Medium,112.57854,-0.25721,False,False,False,False,False,False,Di Luar Area Pantauan (>1000m dari Desa)
Simpang Dua,Kampar Sebomban,"Jumat, 11 September 2026 13:37:00",NASA-NOAA20,Medium,110.06118,-0.65873,False,False,False,False,False,False,Di Luar Area Pantauan (>1000m dari Desa)
Simpang Hulu,Sekucing Kualan,"Jumat, 11 September 2026 13:37:00",NASA-NOAA20,Medium,110.06684,-0.62367,False,False,True,False,False,True,Di Luar Area Pantauan (>1000m dari Desa)
Simpang Hulu,Sekucing Kualan,"Jumat, 11 September 2026 13:37:00",NASA-NOAA20,Medium,110.08487,-0.62091,False,False,True,False,False,True,Di Luar Area Pantauan (>1000m dari Desa)
Simpang Hulu,Sekucing Kualan,"Jumat, 11 September 2026 13:37:00",NASA-NOAA20,Medium,110.07964,-0.61708,False,False,False,False,False,False,Di Luar Area Pantauan (>1000m dari Desa)
Batu Ampar,Tasik Malaya,"Jumat, 11 September 2026 13:37:00",NASA-NOAA20,Medium,109.244,-0.74538,False,False,False,False,False,False,Di Luar Area Pantauan (>1000m dari Desa)
Simpang Hulu,Sekucing Kualan,"Jumat, 11 September 2026 13:37:00",NASA-NOAA20,Medium,110.04665,-0.55288,False,False,False,False,False,False,Di Luar Area Pantauan (>1000m dari Desa)
Simpang Hulu,Sekucing Kualan,"Jumat, 11 September 2026 13:37:00",NASA-NOAA20,Medium,110.00211,-0.59218,False,False,True,False,False,True,Di Luar Area Pantauan (>1000m dari Desa)
Simpang Hulu,Sekucing Kualan,"Jumat, 11 September 2026 13:37:00",NASA-NOAA20,Medium,110.04733,-0.5574,False,False,False,False,False,False,Di Luar Area Pantauan (>1000m dari Desa)
Serawai,Tahai Permai,"Jumat, 11 September 2026 13:37:00",NASA-NOAA20,Medium,112.58641,-0.19825,False,False,False,False,True,True,Di Luar Area Pantauan (>1000m dari Desa)
Batu Ampar,Padang Tikar Satu,"Jumat, 11 September 2026 13:37:00",NASA-NOAA20,Medium,109.26928,-0.72403,False,False,False,True,False,True,Di Luar Area Pantauan (>1000m dari Desa)
Simpang Hulu,Sekucing Kualan,"Jumat, 11 September 2026 13:37:00",NASA-NOAA20,Medium,110.06885,-0.57713,False,False,False,False,False,False,Di Luar Area Pantauan (>1000m dari Desa)
Simpang Hulu,Sekucing Kualan,"Jumat, 11 September 2026 13:37:00",NASA-NOAA20,Medium,110.04801,-0.56191,False,False,False,False,False,False,Di Luar Area Pantauan (>1000m dari Desa)
Batu Ampar,Tanjungberingin,"Jumat, 11 September 2026 13:37:00",NASA-NOAA20,Medium,109.92146,-0.50601,False,False,True,True,False,True,Di Luar Area Pantauan (>1000m dari Desa)
Simpang Hulu,Sekucing Labai,"Jumat, 11 September 2026 13:37:00",NASA-NOAA20,Medium,110.32796,-0.42868,False,False,False,False,False,False,Di Luar Area Pantauan (>1000m dari Desa)
Batu Ampar,Tanjungberingin,"Jumat, 11 September 2026 13:37:00",NASA-NOAA20,Medium,109.91768,-0.51118,False,False,True,True,False,True,Di Luar Area Pantauan (>1000m dari Desa)
Batu Ampar,Tanjungberingin,"Jumat, 11 September 2026 13:37:00",NASA-NOAA20,Medium,109.91701,-0.5067,False,False,True,True,False,True,Di Luar Area Pantauan (>1000m dari Desa)
Sungai Raya,Kalibandung,"Jumat, 11 September 2026 13:37:00",NASA-NOAA20,Medium,109.71259,-0.30425,False,False,True,True,False,True,Di Luar Area Pantauan (>1000m dari Desa)
Kapuas,Penyelimau,"Jumat, 11 September 2026 13:37:00",NASA-NOAA20,Medium,110.54341,-0.15993,False,False,False,False,False,False,Di Luar Area Pantauan (>1000m dari Desa)
Toba,Kampung Baru,"Jumat, 11 September 2026 13:37:00",NASA-NOAA20,Medium,110.04289,-0.22943,False,False,False,False,False,False,Di Luar Area Pantauan (>1000m dari Desa)
Sekadau Hulu,Nanga Menterap,"Jumat, 11 September 2026 13:37:00",NASA-NOAA20,Medium,110.96554,-0.07488,False,False,False,True,False,True,Di Luar Area Pantauan (>1000m dari Desa)
Sekadau Hulu,Nanga Menterap,"Jumat, 11 September 2026 13:37:00",NASA-NOAA20,Medium,110.96743,-0.07325,False,False,False,False,False,False,Di Luar Area Pantauan (>1000m dari Desa)
Sekadau Hulu,Nanga Menterap,"Jumat, 11 September 2026 13:37:00",NASA-NOAA20,Medium,110.96214,-0.07409,False,False,False,False,False,False,Di Luar Area Pantauan (>1000m dari Desa)
Sungai Raya,Muara Baru,"Jumat, 11 September 2026 13:37:00",NASA-NOAA20,Medium,109.82269,-0.19265,False,False,False,True,False,True,Di Luar Area Pantauan (>1000m dari Desa)
Silat Hulu,Landau Badai,"Jumat, 11 September 2026 13:37:00",NASA-NOAA20,Medium,112.14175,0.17826,False,False,False,False,False,False,Di Luar Area Pantauan (>1000m dari Desa)
Kapuas,Penyelimau,"Jumat, 11 September 2026 13:37:00",NASA-NOAA20,Medium,110.49438,-0.11726,False,False,False,False,False,False,Di Luar Area Pantauan (>1000m dari Desa)
Jangkang,Semirau,"Jumat, 11 September 2026 13:37:00",NASA-NOAA20,Medium,110.94749,0.50542,False,False,False,False,False,False,Di Luar Area Pantauan (>1000m dari Desa)
Jangkang,Semirau,"Jumat, 11 September 2026 13:37:00",NASA-NOAA20,Medium,110.94813,0.50052,False,False,False,False,False,False,Di Luar Area Pantauan (>1000m dari Desa)
Bonti,Bahta,"Jumat, 11 September 2026 13:37:00",NASA-NOAA20,Medium,110.63454,0.34501,False,False,False,False,False,False,Di Luar Area Pantauan (>1000m dari Desa)
Belitang Hulu,Sungaitapah,"Jumat, 11 September 2026 13:37:00",NASA-NOAA20,Medium,110.96188,0.48261,False,False,False,False,False,False,Di Luar Area Pantauan (>1000m dari Desa)
Bonti,Bahta,"Jumat, 11 September 2026 13:37:00",NASA-NOAA20,Medium,110.62943,0.34423,False,False,False,False,False,False,Di Luar Area Pantauan (>1000m dari Desa)
Belitang Hulu,Sungaitapah,"Jumat, 11 September 2026 13:37:00",NASA-NOAA20,Medium,110.96515,0.48057,False,False,False,False,False,False,Di Luar Area Pantauan (>1000m dari Desa)
Belitang Hulu,Sungaiantu Hulu,"Jumat, 11 September 2026 13:37:00",NASA-NOAA20,Medium,111.16534,0.6668,False,False,False,False,False,False,Di Luar Area Pantauan (>1000m dari Desa)
Belitang Hulu,Sungaiantu Hulu,"Jumat, 11 September 2026 13:37:00",NASA-NOAA20,Medium,111.16606,0.66183,False,False,False,False,False,False,Di Luar Area Pantauan (>1000m dari Desa)
Jawai,Parit Setia,"Jumat, 11 September 2026 13:37:00",NASA-NOAA20,Medium,109.13295,1.34842,False,False,False,True,False,True,Di Luar Area Pantauan (>1000m dari Desa)
Simpang Hilir,Matan Jaya,"Jumat, 11 September 2026 13:37:00",NASA-NOAA20,Medium,110.15212,-1.10427,False,False,False,False,True,True,Di Luar Area Pantauan (>1000m dari Desa)
Matan Hilir Utara,Kuala Tolak,"Jumat, 11 September 2026 13:37:00",NASA-NOAA20,Medium,110.15768,-1.49633,False,False,True,True,False,True,Di Luar Area Pantauan (>1000m dari Desa)
Matan Hilir Utara,Kuala Tolak,"Jumat, 11 September 2026 13:37:00",NASA-NOAA20,Medium,110.13106,-1.50041,False,False,True,True,False,True,Di Luar Area Pantauan (>1000m dari Desa)
Matan Hilir Utara,Kuala Tolak,"Jumat, 11 September 2026 13:37:00",NASA-NOAA20,Medium,110.12218,-1.50177,False,False,True,True,False,True,Di Luar Area Pantauan (>1000m dari Desa)
Sandai,Muara Jekak,"Jumat, 11 September 2026 13:37:00",NASA-NOAA20,Medium,110.59572,-1.14213,False,False,False,False,False,False,Di Luar Area Pantauan (>1000m dari Desa)
Sukadana,Sejahtera,"Jumat, 11 September 2026 13:37:00",NASA-NOAA20,Medium,110.11305,-1.27808,False,False,True,False,True,True,Di Luar Area Pantauan (>1000m dari Desa)
Sukadana,Sejahtera,"Jumat, 11 September 2026 13:37:00",NASA-NOAA20,Medium,110.0585,-1.27732,False,False,True,True,True,True,Di Luar Area Pantauan (>1000m dari Desa)
Simpang Hilir,Lubuk Batu,"Jumat, 11 September 2026 13:37:00",NASA-NOAA20,Medium,110.10054,-0.93783,False,False,False,False,False,False,Di Luar Area Pantauan (>1000m dari Desa)
Pulau Maya,Kemboja,"Jumat, 11 September 2026 13:37:00",NASA-NOAA20,Medium,109.71724,-1.11906,False,False,False,True,False,True,Di Luar Area Pantauan (>1000m dari Desa)
Simpang Hilir,Nipah Kuning,"Jumat, 11 September 2026 13:37:00",NASA-NOAA20,Medium,109.95045,-1.05522,False,False,True,True,False,True,Di Luar Area Pantauan (>1000m dari Desa)
Simpang Hilir,Matan Jaya,"Jumat, 11 September 2026 13:37:00",NASA-NOAA20,Medium,110.10435,-1.0934,False,False,True,True,True,True,Di Luar Area Pantauan (>1000m dari Desa)
Simpang Hilir,Matan Jaya,"Jumat, 11 September 2026 13:37:00",NASA-NOAA20,Medium,110.09988,-1.09411,False,False,True,True,True,True,Di Luar Area Pantauan (>1000m dari Desa)
Pulau Maya,Kemboja,"Jumat, 11 September 2026 13:37:00",NASA-NOAA20,Medium,109.71387,-1.11882,False,False,False,True,False,True,Di Luar Area Pantauan (>1000m dari Desa)
Simpang Hilir,Batu Barat,"Jumat, 11 September 2026 13:37:00",NASA-NOAA20,Medium,110.04189,-0.9722,False,False,False,True,False,True,Di Luar Area Pantauan (>1000m dari Desa)
Simpang Hilir,Batu Barat,"Jumat, 11 September 2026 13:37:00",NASA-NOAA20,Medium,110.11835,-0.90276,False,False,True,False,False,True,Di Luar Area Pantauan (>1000m dari Desa)
Simpang Hilir,Batu Barat,"Jumat, 11 September 2026 13:37:00",NASA-NOAA20,Medium,110.11764,-0.89825,False,False,True,True,False,True,Di Luar Area Pantauan (>1000m dari Desa)
Simpang Dua,Semandang Kanan,"Jumat, 11 September 2026 13:37:00",NASA-NOAA20,Medium,110.34287,-0.83473,False,False,False,False,False,False,Di Luar Area Pantauan (>1000m dari Desa)
Nanga Tayap,Mensubang,"Jumat, 11 September 2026 13:37:00",NASA-NOAA20,Medium,110.40692,-1.33184,False,False,False,False,False,False,Di Luar Area Pantauan (>1000m dari Desa)
Simpang Hulu,Sekucing Kualan,"Jumat, 11 September 2026 13:37:00",NASA-NOAA20,Medium,110.07513,-0.61778,False,False,True,False,False,True,Di Luar Area Pantauan (>1000m dari Desa)
Simpang Hulu,Sekucing Kualan,"Jumat, 11 September 2026 13:37:00",NASA-NOAA20,Medium,110.07585,-0.62229,False,False,True,False,False,True,Di Luar Area Pantauan (>1000m dari Desa)
Sandai,Penjawaan,"Jumat, 11 September 2026 13:37:00",NASA-NOAA20,Medium,110.51082,-1.31495,False,False,False,False,False,False,Di Luar Area Pantauan (>1000m dari Desa)
Nanga Tayap,Pangkalan Teluk,"Jumat, 11 September 2026 13:37:00",NASA-NOAA20,Medium,110.37481,-1.34173,False,False,False,False,True,True,Di Luar Area Pantauan (>1000m dari Desa)
Nanga Tayap,Pangkalan Teluk,"Jumat, 11 September 2026 13:37:00",NASA-NOAA20,Medium,110.37173,-1.3417,False,False,False,False,True,True,Di Luar Area Pantauan (>1000m dari Desa)
Sandai,Petai Patah,"Jumat, 11 September 2026 13:37:00",NASA-NOAA20,Medium,110.61175,-1.18244,False,False,False,False,False,False,Di Luar Area Pantauan (>1000m dari Desa)
Pulau Maya,Kemboja,"Jumat, 11 September 2026 13:37:00",NASA-NOAA20,Medium,109.70952,-1.12478,False,False,False,False,False,False,Di Luar Area Pantauan (>1000m dari Desa)
Simpang Hilir,Lubuk Batu,"Jumat, 11 September 2026 13:37:00",NASA-NOAA20,Medium,110.0954,-0.93401,False,False,False,False,False,False,Di Luar Area Pantauan (>1000m dari Desa)
Sungai Laur,Harapan Baru,"Jumat, 11 September 2026 13:37:00",NASA-NOAA20,Medium,110.4976,-0.77808,False,False,False,False,False,False,Di Luar Area Pantauan (>1000m dari Desa)
Simpang Dua,Kampar Sebomban,"Jumat, 11 September 2026 13:37:00",NASA-NOAA20,Medium,110.15998,-0.82988,False,False,True,False,False,True,Di Luar Area Pantauan (>1000m dari Desa)
Simpang Dua,Kampar Sebomban,"Jumat, 11 September 2026 13:37:00",NASA-NOAA20,Medium,110.15932,-0.82535,False,False,True,True,False,True,Di Luar Area Pantauan (>1000m dari Desa)
Simpang Dua,Kampar Sebomban,"Jumat, 11 September 2026 13:37:00",NASA-NOAA20,Medium,110.1639,-0.82464,False,False,True,False,False,True,Di Luar Area Pantauan (>1000m dari Desa)
Ella Hilir,Nanga Nyuruh,"Jumat, 11 September 2026 13:37:00",NASA-NOAA20,Medium,112.09691,-0.48976,False,False,False,False,False,False,Di Luar Area Pantauan (>1000m dari Desa)
Simpang Dua,Semandang Kanan,"Jumat, 11 September 2026 13:37:00",NASA-NOAA20,Medium,110.39954,-0.77898,False,False,False,False,False,False,Di Luar Area Pantauan (>1000m dari Desa)
Ella Hilir,Nanga Nyuruh,"Jumat, 11 September 2026 13:37:00",NASA-NOAA20,Medium,112.09772,-0.47897,False,False,False,False,False,False,Di Luar Area Pantauan (>1000m dari Desa)
Ella Hilir,Nyanggau,"Jumat, 11 September 2026 13:37:00",NASA-NOAA20,Medium,112.10368,-0.4727,False,False,False,False,False,False,Di Luar Area Pantauan (>1000m dari Desa)
Menukung,Belaban Ella,"Jumat, 11 September 2026 13:37:00",NASA-NOAA20,Medium,112.22071,-0.55111,False,False,False,False,True,True,Di Luar Area Pantauan (>1000m dari Desa)
Sukadana,Sejahtera,"Jumat, 11 September 2026 13:37:00",NASA-NOAA20,Medium,110.06503,-1.29003,False,False,False,True,False,True,Di Luar Area Pantauan (>1000m dari Desa)
Matan Hilir Utara,Kuala Satong,"Jumat, 11 September 2026 13:37:00",NASA-NOAA20,Medium,110.14108,-1.38184,False,False,False,True,False,True,Di Luar Area Pantauan (>1000m dari Desa)
Nanga Tayap,Sepakat Jaya,"Jumat, 11 September 2026 13:37:00",NASA-NOAA20,Medium,110.66815,-1.3847,False,False,True,False,False,True,Di Luar Area Pantauan (>1000m dari Desa)
Sandai,Penjawaan,"Jumat, 11 September 2026 13:37:00",NASA-NOAA20,Medium,110.51214,-1.31533,False,False,False,False,False,False,Di Luar Area Pantauan (>1000m dari Desa)
Matan Hilir Utara,Lamon Satong,"Jumat, 11 September 2026 13:37:00",NASA-NOAA20,Medium,110.18668,-1.3518,False,False,False,False,False,False,Di Luar Area Pantauan (>1000m dari Desa)
Nanga Tayap,Tanjung Medan,"Jumat, 11 September 2026 13:37:00",NASA-NOAA20,Medium,110.44485,-1.45229,False,False,False,False,True,True,Di Luar Area Pantauan (>1000m dari Desa)
Matan Hilir Utara,Kuala Tolak,"Jumat, 11 September 2026 13:37:00",NASA-NOAA20,Medium,110.14296,-1.48942,False,False,True,True,False,True,Di Luar Area Pantauan (>1000m dari Desa)
Matan Hilir Utara,Kuala Tolak,"Jumat, 11 September 2026 13:37:00",NASA-NOAA20,Medium,110.15733,-1.46426,False,False,True,True,False,True,Di Luar Area Pantauan (>1000m dari Desa)
Matan Hilir Utara,Kuala Satong,"Jumat, 11 September 2026 13:37:00",NASA-NOAA20,Medium,110.13998,-1.37977,False,False,False,True,False,True,Di Luar Area Pantauan (>1000m dari Desa)
Nanga Tayap,Mensubang,"Jumat, 11 September 2026 13:37:00",NASA-NOAA20,Medium,110.45349,-1.31031,False,False,False,False,False,False,Di Luar Area Pantauan (>1000m dari Desa)
Matan Hilir Utara,Kuala Tolak,"Jumat, 11 September 2026 13:37:00",NASA-NOAA20,Medium,110.12592,-1.49662,False,False,True,True,False,True,Di Luar Area Pantauan (>1000m dari Desa)
Nanga Tayap,Tanjung Medan,"Jumat, 11 September 2026 13:37:00",NASA-NOAA20,Medium,110.43972,-1.44839,False,False,False,False,False,False,Di Luar Area Pantauan (>1000m dari Desa)
Matan Hilir Utara,Kuala Tolak,"Jumat, 11 September 2026 13:37:00",NASA-NOAA20,Medium,110.15288,-1.46496,False,False,True,True,False,True,Di Luar Area Pantauan (>1000m dari Desa)
Nanga Tayap,Mensubang,"Jumat, 11 September 2026 13:37:00",NASA-NOAA20,Medium,110.40286,-1.33222,False,False,False,False,False,False,Di Luar Area Pantauan (>1000m dari Desa)
Simpang Hulu,Sekucing Kualan,"Jumat, 11 September 2026 13:37:00",NASA-NOAA20,Medium,110.08417,-0.61639,False,False,True,False,False,True,Di Luar Area Pantauan (>1000m dari Desa)
Sukadana,Sedahan Jaya,"Jumat, 11 September 2026 13:37:00",NASA-NOAA20,Medium,110.04402,-1.17623,False,False,True,True,True,True,Di Luar Area Pantauan (>1000m dari Desa)
Batu Ampar,Batu Ampar,"Jumat, 11 September 2026 13:37:00",NASA-NOAA20,Medium,109.53936,-0.78153,False,False,True,True,True,True,Di Luar Area Pantauan (>1000m dari Desa)
Sukadana,Sedahan Jaya,"Jumat, 11 September 2026 13:37:00",NASA-NOAA20,Medium,110.04373,-1.17901,False,False,True,True,True,True,Di Luar Area Pantauan (>1000m dari Desa)
Simpang Hilir,Matan Jaya,"Jumat, 11 September 2026 13:37:00",NASA-NOAA20,Medium,110.12743,-1.09434,False,False,True,True,True,True,Di Luar Area Pantauan (>1000m dari Desa)
Sandai,Merimbang Jaya,"Jumat, 11 September 2026 13:37:00",NASA-NOAA20,Medium,110.56207,-1.07285,False,False,False,False,False,False,Di Luar Area Pantauan (>1000m dari Desa)
Simpang Hilir,Matan Jaya,"Jumat, 11 September 2026 13:37:00",NASA-NOAA20,Medium,110.15668,-1.10355,False,False,False,False,True,True,Di Luar Area Pantauan (>1000m dari Desa)
Simpang Hilir,Matan Jaya,"Jumat, 11 September 2026 13:37:00",NASA-NOAA20,Medium,110.1423,-1.1012,False,False,True,True,True,True,Di Luar Area Pantauan (>1000m dari Desa)
Simpang Hilir,Matan Jaya,"Jumat, 11 September 2026 13:37:00",NASA-NOAA20,Medium,110.11842,-1.09577,False,False,True,True,True,True,Di Luar Area Pantauan (>1000m dari Desa)
Simpang Hilir,Matan Jaya,"Jumat, 11 September 2026 13:37:00",NASA-NOAA20,Medium,110.10502,-1.09789,False,False,True,True,True,True,Di Luar Area Pantauan (>1000m dari Desa)
Simpang Hilir,Lubuk Batu,"Jumat, 11 September 2026 13:37:00",NASA-NOAA20,Medium,110.12041,-0.91629,False,False,False,False,False,False,Di Luar Area Pantauan (>1000m dari Desa)
Serawai,Rantau Malam,"Jumat, 11 September 2026 13:37:00",NASA-NOAA20,Medium,112.59341,-0.51387,False,False,True,False,False,True,Di Luar Area Pantauan (>1000m dari Desa)
Simpang Hulu,Sekucing Kualan,"Jumat, 11 September 2026 13:37:00",NASA-NOAA20,Medium,110.07655,-0.62681,False,False,False,False,False,False,Di Luar Area Pantauan (>1000m dari Desa)
Batu Ampar,Ambarawa,"Jumat, 11 September 2026 13:37:00",NASA-NOAA20,Medium,109.32312,-0.84142,False,True,False,False,True,True,Prioritas 3 (Rendah)
Simpang Hulu,Sekucing Kualan,"Jumat, 11 September 2026 13:37:00",NASA-NOAA20,Medium,110.0682,-0.6327,False,False,False,False,False,False,Di Luar Area Pantauan (>1000m dari Desa)
Simpang Hulu,Sekucing Kualan,"Jumat, 11 September 2026 13:37:00",NASA-NOAA20,Medium,110.07204,-0.6275,False,False,True,False,False,True,Di Luar Area Pantauan (>1000m dari Desa)
Ella Hilir,Nanga Ella Hilir,"Jumat, 11 September 2026 13:37:00",NASA-NOAA20,Medium,112.01751,-0.4107,False,False,False,False,False,False,Di Luar Area Pantauan (>1000m dari Desa)
Batu Ampar,Tanjungberingin,"Jumat, 11 September 2026 13:37:00",NASA-NOAA20,Medium,109.92727,-0.51428,False,False,True,True,False,True,Di Luar Area Pantauan (>1000m dari Desa)
Simpang Hulu,Sekucing Kualan,"Jumat, 11 September 2026 13:37:00",NASA-NOAA20,Medium,110.04285,-0.5581,False,False,False,False,False,False,Di Luar Area Pantauan (>1000m dari Desa)
Batu Ampar,Tanjungberingin,"Jumat, 11 September 2026 13:37:00",NASA-NOAA20,Medium,109.92213,-0.51049,False,False,True,True,False,True,Di Luar Area Pantauan (>1000m dari Desa)
Simpang Hulu,Sekucing Labai,"Jumat, 11 September 2026 13:37:00",NASA-NOAA20,Medium,110.09395,-0.48849,False,False,False,False,False,False,Di Luar Area Pantauan (>1000m dari Desa)
Pinoh Utara,Melamut Bersatu,"Jumat, 11 September 2026 13:37:00",NASA-NOAA20,Medium,111.72663,-0.24074,False,False,False,False,False,False,Di Luar Area Pantauan (>1000m dari Desa)
Kubu,Mengkalang Jambu,"Jumat, 11 September 2026 13:37:00",NASA-NOAA20,Medium,109.24483,-0.53779,True,True,False,True,False,True,Prioritas 1 (Tinggi)
Ambalau,Buntut Pimpin,"Jumat, 11 September 2026 13:37:00",NASA-NOAA20,Medium,112.80947,-0.01677,False,False,False,False,False,False,Di Luar Area Pantauan (>1000m dari Desa)
Nanga Taman,Nanga Engkulun,"Jumat, 11 September 2026 13:37:00",NASA-NOAA20,Medium,110.61591,-0.31905,False,False,False,False,False,False,Di Luar Area Pantauan (>1000m dari Desa)
Sepauk,Sekubang,"Jumat, 11 September 2026 13:37:00",NASA-NOAA20,Medium,111.09906,-0.24,False,False,False,False,False,False,Di Luar Area Pantauan (>1000m dari Desa)
Toba,Bagan Asam,"Jumat, 11 September 2026 13:37:00",NASA-NOAA20,Medium,110.14799,-0.27361,False,False,False,False,False,False,Di Luar Area Pantauan (>1000m dari Desa)
Simpang Hulu,Sekucing Labai,"Jumat, 11 September 2026 13:37:00",NASA-NOAA20,Medium,110.10901,-0.5337,False,False,True,False,False,True,Di Luar Area Pantauan (>1000m dari Desa)
Simpang Hulu,Kualan Hulu,"Jumat, 11 September 2026 13:37:00",NASA-NOAA20,Medium,110.5683,-0.46047,False,False,False,False,False,False,Di Luar Area Pantauan (>1000m dari Desa)
Nanga Mahap,Tamang,"Jumat, 11 September 2026 13:37:00",NASA-NOAA20,Medium,110.67479,-0.42413,False,False,False,False,False,False,Di Luar Area Pantauan (>1000m dari Desa)
Simpang Hulu,Kualan Hilir,"Jumat, 11 September 2026 13:37:00",NASA-NOAA20,Medium,110.19126,-0.5108,False,False,True,False,False,True,Di Luar Area Pantauan (>1000m dari Desa)
Nanga Taman,Nanga Mongko,"Jumat, 11 September 2026 13:37:00",NASA-NOAA20,Medium,110.73385,-0.31071,False,False,False,False,False,False,Di Luar Area Pantauan (>1000m dari Desa)
Nanga Taman,Nanga Engkulun,"Jumat, 11 September 2026 13:37:00",NASA-NOAA20,Medium,110.62111,-0.31826,False,False,False,False,False,False,Di Luar Area Pantauan (>1000m dari Desa)
Nanga Taman,Nanga Engkulun,"Jumat, 11 September 2026 13:37:00",NASA-NOAA20,Medium,110.6218,-0.32298,False,False,False,False,False,False,Di Luar Area Pantauan (>1000m dari Desa)
Meliau,Kunyil,"Jumat, 11 September 2026 13:37:00",NASA-NOAA20,Medium,110.30209,-0.28218,False,False,False,False,False,False,Di Luar Area Pantauan (>1000m dari Desa)
Meliau,Kuala Rosan,"Jumat, 11 September 2026 13:37:00",NASA-NOAA20,Medium,110.48757,-0.22621,False,False,False,False,False,False,Di Luar Area Pantauan (>1000m dari Desa)
Meliau,Kuala Rosan,"Jumat, 11 September 2026 13:37:00",NASA-NOAA20,Medium,110.59934,-0.19459,False,False,False,False,False,False,Di Luar Area Pantauan (>1000m dari Desa)
Sungai Raya,Kalibandung,"Jumat, 11 September 2026 13:37:00",NASA-NOAA20,Medium,109.647,-0.33704,False,False,False,True,False,True,Di Luar Area Pantauan (>1000m dari Desa)
Sungai Raya,Kalibandung,"Jumat, 11 September 2026 13:37:00",NASA-NOAA20,Medium,109.65559,-0.33571,False,False,False,True,False,True,Di Luar Area Pantauan (>1000m dari Desa)
Mukok,Sungai Mawang,"Jumat, 11 September 2026 13:37:00",NASA-NOAA20,Medium,110.85631,0.12972,False,False,False,False,False,False,Di Luar Area Pantauan (>1000m dari Desa)
Kapuas,Kelurahan Tanjung Kapuas,"Jumat, 11 September 2026 13:37:00",NASA-NOAA20,Medium,110.67771,0.19467,False,False,False,False,False,False,Di Luar Area Pantauan (>1000m dari Desa)
Sungai Raya,Pulaulimbung,"Jumat, 11 September 2026 13:37:00",NASA-NOAA20,Medium,109.82954,-0.17786,False,False,True,True,True,True,Di Luar Area Pantauan (>1000m dari Desa)
Sungai Raya,Gunungtamang,"Jumat, 11 September 2026 13:37:00",NASA-NOAA20,Medium,109.89955,-0.15773,False,False,False,True,False,True,Di Luar Area Pantauan (>1000m dari Desa)
Silat Hulu,Dangkan Kota,"Jumat, 11 September 2026 13:37:00",NASA-NOAA20,Medium,112.02969,0.20365,False,False,False,False,False,False,Di Luar Area Pantauan (>1000m dari Desa)
Silat Hulu,Dangkan Kota,"Jumat, 11 September 2026 13:37:00",NASA-NOAA20,Medium,112.03096,0.20395,False,False,False,False,False,False,Di Luar Area Pantauan (>1000m dari Desa)
Sekadau Hilir,Seberang Kapuas,"Jumat, 11 September 2026 13:37:00",NASA-NOAA20,Medium,110.87086,0.06776,False,False,False,False,False,False,Di Luar Area Pantauan (>1000m dari Desa)
Sekadau Hilir,Seraras,"Jumat, 11 September 2026 13:37:00",NASA-NOAA20,Medium,111.01884,0.10059,False,False,False,False,False,False,Di Luar Area Pantauan (>1000m dari Desa)
Belitang Hilir,Entabuk,"Jumat, 11 September 2026 13:37:00",NASA-NOAA20,Medium,111.16224,0.15311,False,False,False,False,False,False,Di Luar Area Pantauan (>1000m dari Desa)
Silat Hilir,Miau Merah,"Jumat, 11 September 2026 13:37:00",NASA-NOAA20,Medium,111.78793,0.24626,False,False,False,False,False,False,Di Luar Area Pantauan (>1000m dari Desa)
Mukok,Kedukul,"Jumat, 11 September 2026 13:37:00",NASA-NOAA20,Medium,110.74303,0.10191,False,False,False,False,False,False,Di Luar Area Pantauan (>1000m dari Desa)
Sungai Ambawang,Teluk Bakung,"Jumat, 11 September 2026 13:37:00",NASA-NOAA20,Medium,109.75378,-0.01926,False,False,False,True,False,True,Di Luar Area Pantauan (>1000m dari Desa)
Sungai Ambawang,Teluk Bakung,"Jumat, 11 September 2026 13:37:00",NASA-NOAA20,Medium,109.74938,-0.01993,False,False,True,True,False,True,Di Luar Area Pantauan (>1000m dari Desa)
Sungai Ambawang,Teluk Bakung,"Jumat, 11 September 2026 13:37:00",NASA-NOAA20,Medium,109.72681,-0.01882,False,False,False,True,False,True,Di Luar Area Pantauan (>1000m dari Desa)
Sungai Ambawang,Teluk Bakung,"Jumat, 11 September 2026 13:37:00",NASA-NOAA20,Medium,109.73119,-0.01815,False,False,False,True,False,True,Di Luar Area Pantauan (>1000m dari Desa)
Balai,Bulu Bala,"Jumat, 11 September 2026 13:37:00",NASA-NOAA20,Medium,110.17728,0.08289,False,False,False,False,False,False,Di Luar Area Pantauan (>1000m dari Desa)
Balai,Bulu Bala,"Jumat, 11 September 2026 13:37:00",NASA-NOAA20,Medium,110.17253,0.08216,False,False,False,False,False,False,Di Luar Area Pantauan (>1000m dari Desa)
Sungai Raya,Pulaulimbung,"Jumat, 11 September 2026 13:37:00",NASA-NOAA20,Medium,109.83022,-0.18233,False,False,True,True,True,True,Di Luar Area Pantauan (>1000m dari Desa)
Kelam Permai,Sungai Labi,"Jumat, 11 September 2026 13:37:00",NASA-NOAA20,Medium,111.88418,0.12212,False,False,False,False,False,False,Di Luar Area Pantauan (>1000m dari Desa)
Sungai Raya,Gunungtamang,"Jumat, 11 September 2026 13:37:00",NASA-NOAA20,Medium,109.89439,-0.15394,False,False,False,True,False,True,Di Luar Area Pantauan (>1000m dari Desa)
Silat Hulu,Selimu,"Jumat, 11 September 2026 13:37:00",NASA-NOAA20,Medium,112.11735,0.20682,False,False,False,False,False,False,Di Luar Area Pantauan (>1000m dari Desa)
Belitang Hilir,Sungaiayak Satu,"Jumat, 11 September 2026 13:37:00",NASA-NOAA20,Medium,111.06653,0.06044,False,False,False,False,False,False,Di Luar Area Pantauan (>1000m dari Desa)
Belitang Hilir,Sungaiayak Satu,"Jumat, 11 September 2026 13:37:00",NASA-NOAA20,Medium,111.06956,0.05836,False,False,False,False,False,False,Di Luar Area Pantauan (>1000m dari Desa)
Pulau Maya,Kemboja,"Jumat, 11 September 2026 13:37:00",NASA-NOAA20,Medium,109.71455,-1.12319,False,False,False,True,False,True,Di Luar Area Pantauan (>1000m dari Desa)
Simpang Hulu,Sekucing Kualan,"Jumat, 11 September 2026 13:37:00",NASA-NOAA20,Medium,110.07064,-0.61847,False,False,False,False,False,False,Di Luar Area Pantauan (>1000m dari Desa)
Pulau Maya,Kemboja,"Jumat, 11 September 2026 13:37:00",NASA-NOAA20,Medium,109.71034,-1.12384,False,False,False,False,False,False,Di Luar Area Pantauan (>1000m dari Desa)
Pulau Maya,Kemboja,"Jumat, 11 September 2026 13:37:00",NASA-NOAA20,Medium,109.71877,-1.12255,False,False,False,True,False,True,Di Luar Area Pantauan (>1000m dari Desa)
Belitang Hilir,Semadu,"Jumat, 11 September 2026 13:37:00",NASA-NOAA20,Medium,111.05654,0.29172,False,False,False,False,False,False,Di Luar Area Pantauan (>1000m dari Desa)
Belitang Hilir,Menawai Tekam,"Jumat, 11 September 2026 13:37:00",NASA-NOAA20,Medium,110.96905,0.31831,False,False,False,False,False,False,Di Luar Area Pantauan (>1000m dari Desa)
Jangkang,Ketori,"Jumat, 11 September 2026 13:37:00",NASA-NOAA20,Medium,111.00224,0.65172,False,False,False,False,False,False,Di Luar Area Pantauan (>1000m dari Desa)
Belitang Hulu,Ijuk,"Jumat, 11 September 2026 13:37:00",NASA-NOAA20,Medium,111.09633,0.39038,False,False,False,False,False,False,Di Luar Area Pantauan (>1000m dari Desa)
Belitang Hilir,Semadu,"Jumat, 11 September 2026 13:37:00",NASA-NOAA20,Medium,111.05584,0.29663,False,False,False,False,False,False,Di Luar Area Pantauan (>1000m dari Desa)
Belitang Hilir,Semadu,"Jumat, 11 September 2026 13:37:00",NASA-NOAA20,Medium,110.96336,0.38029,False,False,False,False,False,False,Di Luar Area Pantauan (>1000m dari Desa)
Kapuas,Penyelimau,"Jumat, 11 September 2026 13:37:00",NASA-NOAA20,Medium,110.53709,-0.1513,False,False,False,False,False,False,Di Luar Area Pantauan (>1000m dari Desa)
Empanang,Tintin Peninjau,"Jumat, 11 September 2026 13:37:00",NASA-NOAA20,Medium,111.78065,0.86368,False,False,False,False,False,False,Di Luar Area Pantauan (>1000m dari Desa)
Ella Hilir,Nyanggau,"Jumat, 11 September 2026 13:37:00",NASA-NOAA20,Medium,112.10748,-0.47209,False,False,False,False,False,False,Di Luar Area Pantauan (>1000m dari Desa)
Serawai,Nanga Ruhan,"Jumat, 11 September 2026 13:37:00",NASA-NOAA20,Medium,112.75356,-0.40348,False,False,False,False,False,False,Di Luar Area Pantauan (>1000m dari Desa)
Ella Hilir,Nyanggau,"Jumat, 11 September 2026 13:37:00",NASA-NOAA20,Medium,112.10324,-0.4781,False,False,False,False,False,False,Di Luar Area Pantauan (>1000m dari Desa)
Ella Hilir,Nyanggau,"Jumat, 11 September 2026 13:37:00",NASA-NOAA20,Medium,112.09369,-0.46894,False,False,False,False,False,False,Di Luar Area Pantauan (>1000m dari Desa)
Sungai Laur,Sepotong,"Jumat, 11 September 2026 13:37:00",NASA-NOAA20,Medium,110.50651,-0.85145,False,False,False,False,False,False,Di Luar Area Pantauan (>1000m dari Desa)
Nanga Tayap,Simpang Tiga Sembelangaan,"Jumat, 11 September 2026 13:37:00",NASA-NOAA20,Medium,110.36086,-1.43258,False,False,False,False,True,True,Di Luar Area Pantauan (>1000m dari Desa)
Nanga Tayap,Mensubang,"Jumat, 11 September 2026 13:37:00",NASA-NOAA20,Medium,110.40813,-1.3314,False,False,False,False,False,False,Di Luar Area Pantauan (>1000m dari Desa)
Sandai,Sandai,"Jumat, 11 September 2026 13:37:00",NASA-NOAA20,Medium,110.56563,-1.25022,False,False,False,False,False,False,Di Luar Area Pantauan (>1000m dari Desa)
Simpang Hilir,Matan Jaya,"Jumat, 11 September 2026 13:37:00",NASA-NOAA20,Medium,110.15143,-1.09976,False,False,False,False,True,True,Di Luar Area Pantauan (>1000m dari Desa)
Simpang Hilir,Matan Jaya,"Jumat, 11 September 2026 13:37:00",NASA-NOAA20,Medium,110.12293,-1.09505,False,False,True,True,True,True,Di Luar Area Pantauan (>1000m dari Desa)
Simpang Hilir,Lubuk Batu,"Jumat, 11 September 2026 13:37:00",NASA-NOAA20,Medium,110.11658,-0.92151,False,False,False,False,False,False,Di Luar Area Pantauan (>1000m dari Desa)
Ella Hilir,Nanga Nyuruh,"Jumat, 11 September 2026 13:37:00",NASA-NOAA20,Medium,112.11516,-0.48156,False,False,False,False,False,False,Di Luar Area Pantauan (>1000m dari Desa)
Sungai Laur,Harapan Baru,"Jumat, 11 September 2026 13:37:00",NASA-NOAA20,Medium,110.49525,-0.77722,False,False,False,False,False,False,Di Luar Area Pantauan (>1000m dari Desa)
Menukung,Sampak,"Jumat, 11 September 2026 13:37:00",NASA-NOAA20,Medium,112.24648,-0.50938,False,False,False,False,False,False,Di Luar Area Pantauan (>1000m dari Desa)
Sungai Laur,Tanjung Beringin,"Jumat, 11 September 2026 13:37:00",NASA-NOAA20,Medium,110.54522,-0.766,False,False,False,False,False,False,Di Luar Area Pantauan (>1000m dari Desa)
Nanga Mahap,Karang Betung,"Jumat, 11 September 2026 13:37:00",NASA-NOAA20,Medium,110.83321,-0.68762,True,False,True,False,False,True,Prioritas 1 (Tinggi)
Hulu Sungai,Sunge Bengaras,"Jumat, 11 September 2026 13:37:00",NASA-NOAA20,Medium,110.82819,-0.6884,False,True,True,False,False,True,Prioritas 3 (Rendah)
Ella Hilir,Nanga Nyuruh,"Jumat, 11 September 2026 13:37:00",NASA-NOAA20,Medium,112.10039,-0.47855,False,False,False,False,False,False,Di Luar Area Pantauan (>1000m dari Desa)
Ella Hilir,Nyanggau,"Jumat, 11 September 2026 13:37:00",NASA-NOAA20,Medium,112.10031,-0.47323,False,False,False,False,False,False,Di Luar Area Pantauan (>1000m dari Desa)
Ella Hilir,Nyanggau,"Jumat, 11 September 2026 13:37:00",NASA-NOAA20,Medium,112.10026,-0.4679,False,False,False,False,False,False,Di Luar Area Pantauan (>1000m dari Desa)
Simpang Hilir,Lubuk Batu,"Jumat, 11 September 2026 13:37:00",NASA-NOAA20,Medium,110.09987,-0.93332,False,False,False,False,False,False,Di Luar Area Pantauan (>1000m dari Desa)
Simpang Dua,Kampar Sebomban,"Jumat, 11 September 2026 13:37:00",NASA-NOAA20,Medium,110.23363,-0.89402,False,False,True,False,False,True,Di Luar Area Pantauan (>1000m dari Desa)
Ella Hilir,Nanga Nyuruh,"Jumat, 11 September 2026 13:37:00",NASA-NOAA20,Medium,112.10383,-0.53664,False,False,False,False,False,False,Di Luar Area Pantauan (>1000m dari Desa)
Sungai Laur,Sepotong,"Jumat, 11 September 2026 13:37:00",NASA-NOAA20,Medium,110.50042,-0.79665,False,False,False,False,False,False,Di Luar Area Pantauan (>1000m dari Desa)
Pulau Maya,Satai Lestari,"Jumat, 11 September 2026 13:37:00",NASA-NOAA20,Medium,109.70427,-1.17482,False,False,False,False,False,False,Di Luar Area Pantauan (>1000m dari Desa)
Sungai Raya,Gunungtamang,"Jumat, 11 September 2026 13:37:00",NASA-NOAA20,Medium,109.89887,-0.15323,False,False,False,True,False,True,Di Luar Area Pantauan (>1000m dari Desa)
Sungai Raya,Muara Baru,"Jumat, 11 September 2026 13:37:00",NASA-NOAA20,Medium,109.82578,-0.18302,False,False,True,True,True,True,Di Luar Area Pantauan (>1000m dari Desa)
Mukok,Kedukul,"Jumat, 11 September 2026 13:37:00",NASA-NOAA20,Medium,110.74072,0.10167,False,False,False,False,False,False,Di Luar Area Pantauan (>1000m dari Desa)
Sungai Ambawang,Teluk Bakung,"Jumat, 11 September 2026 13:37:00",NASA-NOAA20,Medium,109.745,-0.0206,False,False,True,True,False,True,Di Luar Area Pantauan (>1000m dari Desa)
Ambalau,Buntut Pimpin,"Jumat, 11 September 2026 13:37:00",NASA-NOAA20,Medium,112.81293,-0.01622,False,False,False,False,False,False,Di Luar Area Pantauan (>1000m dari Desa)
Meliau,Kunyil,"Jumat, 11 September 2026 13:37:00",NASA-NOAA20,Medium,110.30356,-0.28277,False,False,False,False,False,False,Di Luar Area Pantauan (>1000m dari Desa)
Sungai Raya,Pulaulimbung,"Jumat, 11 September 2026 13:37:00",NASA-NOAA20,Medium,109.82887,-0.17338,False,False,True,True,True,True,Di Luar Area Pantauan (>1000m dari Desa)
Sekadau Hilir,Peniti,"Jumat, 11 September 2026 13:37:00",NASA-NOAA20,Medium,110.79421,-0.00756,False,False,False,False,False,False,Di Luar Area Pantauan (>1000m dari Desa)
Belitang Hilir,Sungaiayak Satu,"Jumat, 11 September 2026 13:37:00",NASA-NOAA20,Medium,111.07581,0.0543,False,False,False,False,False,False,Di Luar Area Pantauan (>1000m dari Desa)
Belitang Hilir,Sepantak,"Jumat, 11 September 2026 13:37:00",NASA-NOAA20,Medium,111.05183,0.14076,False,False,False,False,False,False,Di Luar Area Pantauan (>1000m dari Desa)
Silat Hilir,Setunggul,"Jumat, 11 September 2026 13:37:00",NASA-NOAA20,Medium,111.90685,0.33526,False,False,False,False,False,False,Di Luar Area Pantauan (>1000m dari Desa)
Sungai Ambawang,Teluk Bakung,"Jumat, 11 September 2026 13:37:00",NASA-NOAA20,Medium,109.73861,-0.0079,False,False,True,True,False,True,Di Luar Area Pantauan (>1000m dari Desa)
Simpang Hulu,Sekucing Kualan,"Jumat, 11 September 2026 13:37:00",NASA-NOAA20,Medium,110.07069,-0.62948,False,False,False,False,False,False,Di Luar Area Pantauan (>1000m dari Desa)
Simpang Hulu,Sekucing Labai,"Jumat, 11 September 2026 13:37:00",NASA-NOAA20,Medium,110.09981,-0.53517,False,False,False,False,False,False,Di Luar Area Pantauan (>1000m dari Desa)
Simpang Hulu,Sekucing Labai,"Jumat, 11 September 2026 13:37:00",NASA-NOAA20,Medium,110.11829,-0.49402,False,False,False,False,False,False,Di Luar Area Pantauan (>1000m dari Desa)
Simpang Hulu,Merawa,"Jumat, 11 September 2026 13:37:00",NASA-NOAA20,Medium,110.49831,-0.44978,False,False,False,False,False,False,Di Luar Area Pantauan (>1000m dari Desa)
Sungai Laur,Sepotong,"Jumat, 11 September 2026 13:37:00",NASA-NOAA20,Medium,110.50075,-0.81436,False,False,False,False,False,False,Di Luar Area Pantauan (>1000m dari Desa)
Batu Ampar,Tanjungharapan,"Jumat, 11 September 2026 13:37:00",NASA-NOAA20,Medium,109.30975,-0.86096,True,False,False,True,True,True,Prioritas 1 (Tinggi)
Simpang Hulu,Sekucing Kualan,"Jumat, 11 September 2026 13:37:00",NASA-NOAA20,Medium,110.07272,-0.63202,False,False,False,False,False,False,Di Luar Area Pantauan (>1000m dari Desa)
Simpang Hulu,Sekucing Labai,"Jumat, 11 September 2026 13:37:00",NASA-NOAA20,Medium,110.10069,-0.53385,False,False,False,False,False,False,Di Luar Area Pantauan (>1000m dari Desa)
Batu Ampar,Tanjungberingin,"Jumat, 11 September 2026 13:37:00",NASA-NOAA20,Medium,109.93106,-0.50911,False,False,True,True,False,True,Di Luar Area Pantauan (>1000m dari Desa)
Batu Ampar,Tanjungberingin,"Jumat, 11 September 2026 13:37:00",NASA-NOAA20,Medium,109.92282,-0.51497,False,False,True,True,False,True,Di Luar Area Pantauan (>1000m dari Desa)
Belimbing,Sepan Tonak,"Jumat, 11 September 2026 13:37:00",NASA-NOAA20,Medium,111.61165,-0.20158,False,False,False,False,False,False,Di Luar Area Pantauan (>1000m dari Desa)
Ketungau Tengah,Panggi Agung,"Jumat, 11 September 2026 13:37:00",NASA-NOAA20,Medium,111.30561,0.60638,False,False,False,False,False,False,Di Luar Area Pantauan (>1000m dari Desa)
Batu Ampar,Tanjungberingin,"Jumat, 11 September 2026 13:37:00",NASA-NOAA20,Medium,109.92657,-0.5098,False,False,True,True,False,True,Di Luar Area Pantauan (>1000m dari Desa)
Belitang Hulu,Ijuk,"Jumat, 11 September 2026 13:37:00",NASA-NOAA20,Medium,111.09222,0.39289,False,False,False,False,False,False,Di Luar Area Pantauan (>1000m dari Desa)
Meliau,Pampang Dua,"Jumat, 11 September 2026 13:37:00",NASA-NOAA20,Medium,110.44972,-0.20814,False,False,False,False,False,False,Di Luar Area Pantauan (>1000m dari Desa)
Belitang Hilir,Sungaiayak Satu,"Jumat, 11 September 2026 13:37:00",NASA-NOAA20,Medium,111.06413,0.05753,False,False,False,False,False,False,Di Luar Area Pantauan (>1000m dari Desa)
Sekayam,Sangai Tekam,"Jumat, 11 September 2026 13:37:00",NASA-NOAA20,Medium,110.68259,0.83748,False,False,False,False,False,False,Di Luar Area Pantauan (>1000m dari Desa)
Meliau,Pampang Dua,"Jumat, 11 September 2026 13:37:00",NASA-NOAA20,Medium,110.44489,-0.20889,False,False,False,False,False,False,Di Luar Area Pantauan (>1000m dari Desa)
Mukok,Serambai Jaya,"Jumat, 11 September 2026 13:37:00",NASA-NOAA20,Medium,110.8818,0.31469,False,False,False,False,False,False,Di Luar Area Pantauan (>1000m dari Desa)
Ketungau Tengah,Sumber Sari,"Jumat, 11 September 2026 13:37:00",NASA-NOAA20,Medium,111.34164,0.7146,False,False,False,False,False,False,Di Luar Area Pantauan (>1000m dari Desa)
Jangkang,Semirau,"Jumat, 11 September 2026 13:37:00",NASA-NOAA20,Medium,110.94209,0.50459,False,False,False,False,False,False,Di Luar Area Pantauan (>1000m dari Desa)
Mempawah Timur,Parit Banjar,"Jumat, 11 September 2026 13:37:00",NASA-NOAA20,Medium,109.03543,0.35169,False,False,False,True,False,True,Di Luar Area Pantauan (>1000m dari Desa)
Sungai Raya,Kalibandung,"Jumat, 11 September 2026 13:37:00",NASA-NOAA20,Medium,109.71397,-0.31309,False,False,True,True,False,True,Di Luar Area Pantauan (>1000m dari Desa)
Ketungau Tengah,Swadaya,"Jumat, 11 September 2026 13:37:00",NASA-NOAA20,Medium,111.46941,0.74488,False,False,False,False,False,False,Di Luar Area Pantauan (>1000m dari Desa)
Belitang Hulu,Sungaiantu Hulu,"Jumat, 11 September 2026 13:37:00",NASA-NOAA20,Medium,111.19271,0.67612,False,False,False,False,False,False,Di Luar Area Pantauan (>1000m dari Desa)
Sekayam,Melenggang,"Jumat, 11 September 2026 13:37:00",NASA-NOAA20,Medium,110.72057,0.79889,False,False,False,False,False,False,Di Luar Area Pantauan (>1000m dari Desa)
Ketungau Tengah,Wana Bhakti,"Jumat, 11 September 2026 13:37:00",NASA-NOAA20,Medium,111.4725,0.81117,False,False,False,False,False,False,Di Luar Area Pantauan (>1000m dari Desa)
Mempawah Timur,Parit Banjar,"Jumat, 11 September 2026 13:37:00",NASA-NOAA20,Medium,109.05203,0.34989,False,False,True,True,False,True,Di Luar Area Pantauan (>1000m dari Desa)
Sungai Pinyuh,Sungai Rasau Besar Darat,"Jumat, 11 September 2026 13:37:00",NASA-NOAA20,Medium,109.06066,0.34685,False,False,True,True,False,True,Di Luar Area Pantauan (>1000m dari Desa)
Sungai Ambawang,Teluk Bakung,"Jumat, 11 September 2026 13:37:00",NASA-NOAA20,Medium,109.74302,-0.00722,False,False,False,True,False,True,Di Luar Area Pantauan (>1000m dari Desa)
Mukok,Sungai Mawang,"Jumat, 11 September 2026 13:37:00",NASA-NOAA20,Medium,110.8542,0.12858,False,False,False,False,False,False,Di Luar Area Pantauan (>1000m dari Desa)
Silat Hilir,Seberu,"Jumat, 11 September 2026 13:37:00",NASA-NOAA20,Medium,111.9598,0.26791,False,False,False,False,False,False,Di Luar Area Pantauan (>1000m dari Desa)
Simpang Hulu,Kualan Hilir,"Jumat, 11 September 2026 13:37:00",NASA-NOAA20,Medium,110.19019,-0.51143,False,False,False,False,False,False,Di Luar Area Pantauan (>1000m dari Desa)
Belitang,Nanga Ansar,"Jumat, 11 September 2026 13:37:00",NASA-NOAA20,Medium,111.184,0.31114,False,False,False,False,False,False,Di Luar Area Pantauan (>1000m dari Desa)
Sukadana,Sejahtera,"Jumat, 11 September 2026 13:37:00",NASA-NOAA20,Medium,110.03986,-1.28333,False,False,False,False,False,False,Di Luar Area Pantauan (>1000m dari Desa)
Sukadana,Sejahtera,"Jumat, 11 September 2026 13:37:00",NASA-NOAA20,Medium,110.06781,-1.28796,False,False,False,True,True,True,Di Luar Area Pantauan (>1000m dari Desa)
Simpang Hilir,Matan Jaya,"Jumat, 11 September 2026 13:37:00",NASA-NOAA20,Medium,110.13128,-1.08912,False,False,True,True,True,True,Di Luar Area Pantauan (>1000m dari Desa)
Sukadana,Sejahtera,"Jumat, 11 September 2026 13:37:00",NASA-NOAA20,Medium,110.10487,-1.28393,False,False,True,True,True,True,Di Luar Area Pantauan (>1000m dari Desa)
Serawai,Nanga Ruhan,"Jumat, 11 September 2026 13:37:00",NASA-NOAA20,Medium,112.83352,-0.41995,False,False,False,False,False,False,Di Luar Area Pantauan (>1000m dari Desa)
Pulau Maya,Dusun Kecil,"Jumat, 11 September 2026 13:37:00",NASA-NOAA20,Medium,109.48702,-1.02799,False,False,False,True,True,True,Di Luar Area Pantauan (>1000m dari Desa)
Sukadana,Sejahtera,"Jumat, 11 September 2026 13:37:00",NASA-NOAA20,Medium,110.06849,-1.29243,False,False,False,True,False,True,Di Luar Area Pantauan (>1000m dari Desa)
Simpang Hulu,Semandang Kiri,"Jumat, 11 September 2026 13:37:00",NASA-NOAA20,Medium,110.42741,-0.62898,False,False,False,False,False,False,Di Luar Area Pantauan (>1000m dari Desa)
Sepauk,Sekubang,"Jumat, 11 September 2026 13:37:00",NASA-NOAA20,Medium,111.10449,-0.23917,False,False,False,False,False,False,Di Luar Area Pantauan (>1000m dari Desa)
Belitang Hilir,Sungaiayak Satu,"Jumat, 11 September 2026 13:37:00",NASA-NOAA20,Medium,111.06337,0.06243,False,False,False,False,False,False,Di Luar Area Pantauan (>1000m dari Desa)
Sungai Raya,Kalibandung,"Jumat, 11 September 2026 13:37:00",NASA-NOAA20,Medium,109.67342,-0.33747,False,False,False,False,False,False,Di Luar Area Pantauan (>1000m dari Desa)
Sungai Raya,Muara Baru,"Jumat, 11 September 2026 13:37:00",NASA-NOAA20,Medium,109.82444,-0.17408,False,False,True,True,True,True,Di Luar Area Pantauan (>1000m dari Desa)
Sungai Ambawang,Teluk Bakung,"Jumat, 11 September 2026 13:37:00",NASA-NOAA20,Medium,109.7038,-0.05315,False,False,False,True,False,True,Di Luar Area Pantauan (>1000m dari Desa)
Silat Hulu,Selimu,"Jumat, 11 September 2026 13:37:00",NASA-NOAA20,Medium,112.11809,0.20154,False,False,False,False,False,False,Di Luar Area Pantauan (>1000m dari Desa)
Sukadana,Sedahan Jaya,"Jumat, 11 September 2026 13:37:00",NASA-NOAA20,Medium,110.05219,-1.1704,False,False,True,True,True,True,Di Luar Area Pantauan (>1000m dari Desa)
Sukadana,Sedahan Jaya,"Jumat, 11 September 2026 13:37:00",NASA-NOAA20,Medium,110.04776,-1.17108,False,False,True,True,True,True,Di Luar Area Pantauan (>1000m dari Desa)
Simpang Hilir,Batu Barat,"Jumat, 11 September 2026 13:37:00",NASA-NOAA20,Medium,110.1041,-0.90038,False,False,False,True,False,True,Di Luar Area Pantauan (>1000m dari Desa)
Simpang Hilir,Batu Barat,"Jumat, 11 September 2026 13:37:00",NASA-NOAA20,Medium,110.1048,-0.90488,False,False,True,True,False,True,Di Luar Area Pantauan (>1000m dari Desa)
Pulau Maya,Kemboja,"Jumat, 11 September 2026 13:37:00",NASA-NOAA20,Medium,109.71809,-1.11817,False,False,False,True,False,True,Di Luar Area Pantauan (>1000m dari Desa)
Serawai,Nanga Ruhan,"Jumat, 11 September 2026 13:37:00",NASA-NOAA20,Medium,112.83313,-0.41913,False,False,False,False,False,False,Di Luar Area Pantauan (>1000m dari Desa)
Kendawangan,Natai Kuini,"Jumat, 11 September 2026 13:16:00",NASA-SNPP,Medium,110.86053,-2.81636,False,False,False,False,True,True,Di Luar Area Pantauan (>1000m dari Desa)
Kendawangan,Natai Kuini,"Jumat, 11 September 2026 13:16:00",NASA-SNPP,Medium,110.86003,-2.81303,False,False,False,False,True,True,Di Luar Area Pantauan (>1000m dari Desa)
Manis Mata,Suka Ramai,"Jumat, 11 September 2026 13:16:00",NASA-SNPP,Medium,111.06853,-2.76134,False,False,False,False,False,False,Di Luar Area Pantauan (>1000m dari Desa)
Manis Mata,Suka Ramai,"Jumat, 11 September 2026 13:16:00",NASA-SNPP,Medium,111.03921,-2.77949,False,False,False,False,False,False,Di Luar Area Pantauan (>1000m dari Desa)
Manis Mata,Suka Ramai,"Jumat, 11 September 2026 13:16:00",NASA-SNPP,Medium,111.04617,-2.77842,False,False,False,False,False,False,Di Luar Area Pantauan (>1000m dari Desa)
Manis Mata,Suka Ramai,"Jumat, 11 September 2026 13:16:00",NASA-SNPP,Medium,111.05909,-2.76962,False,False,False,False,False,False,Di Luar Area Pantauan (>1000m dari Desa)
Kendawangan,Natai Kuini,"Jumat, 11 September 2026 13:16:00",NASA-SNPP,Medium,110.68319,-2.90824,False,False,False,False,False,False,Di Luar Area Pantauan (>1000m dari Desa)
Manis Mata,Suka Ramai,"Jumat, 11 September 2026 13:16:00",NASA-SNPP,Medium,111.0979,-2.74318,False,False,False,False,False,False,Di Luar Area Pantauan (>1000m dari Desa)
Matan Hilir Selatan,Sungai Nanjung,"Jumat, 11 September 2026 13:18:00",NASA-SNPP,Medium,110.1317,-2.14441,False,False,False,False,False,False,Di Luar Area Pantauan (>1000m dari Desa)
Matan Hilir Selatan,Sungai Nanjung,"Jumat, 11 September 2026 13:18:00",NASA-SNPP,Medium,110.2233,-2.1202,False,False,False,False,False,False,Di Luar Area Pantauan (>1000m dari Desa)
Matan Hilir Selatan,Sungai Nanjung,"Jumat, 11 September 2026 13:18:00",NASA-SNPP,Medium,110.16218,-2.11256,False,False,False,True,False,True,Di Luar Area Pantauan (>1000m dari Desa)
Matan Hilir Selatan,Sungai Nanjung,"Jumat, 11 September 2026 13:18:00",NASA-SNPP,Medium,110.16167,-2.10924,False,False,False,True,False,True,Di Luar Area Pantauan (>1000m dari Desa)
Marau,Batu Payung Dua,"Jumat, 11 September 2026 13:18:00",NASA-SNPP,Medium,110.59499,-2.03272,False,False,False,False,True,True,Di Luar Area Pantauan (>1000m dari Desa)
Marau,Batu Payung Dua,"Jumat, 11 September 2026 13:18:00",NASA-SNPP,Medium,110.57419,-2.03592,False,False,True,False,True,True,Di Luar Area Pantauan (>1000m dari Desa)
Matan Hilir Selatan,Sungai Nanjung,"Jumat, 11 September 2026 13:18:00",NASA-SNPP,Medium,110.13258,-2.10349,False,False,False,False,False,False,Di Luar Area Pantauan (>1000m dari Desa)
Kendawangan,Pangkalan Batu,"Jumat, 11 September 2026 13:18:00",NASA-SNPP,Medium,110.37407,-2.09035,False,False,False,False,False,False,Di Luar Area Pantauan (>1000m dari Desa)
Marau,Batu Payung Dua,"Jumat, 11 September 2026 13:18:00",NASA-SNPP,Medium,110.60488,-2.02781,False,False,False,False,True,True,Di Luar Area Pantauan (>1000m dari Desa)
Matan Hilir Selatan,Pesaguan Kanan,"Jumat, 11 September 2026 13:18:00",NASA-SNPP,Medium,110.37989,-2.05887,False,False,False,False,False,False,Di Luar Area Pantauan (>1000m dari Desa)
Matan Hilir Selatan,Pesaguan Kanan,"Jumat, 11 September 2026 13:18:00",NASA-SNPP,Medium,110.17885,-2.08283,False,False,True,True,False,True,Di Luar Area Pantauan (>1000m dari Desa)
Matan Hilir Selatan,Sungai Nanjung,"Jumat, 11 September 2026 13:18:00",NASA-SNPP,Medium,110.17935,-2.08615,False,False,True,True,False,True,Di Luar Area Pantauan (>1000m dari Desa)
Matan Hilir Selatan,Pesaguan Kanan,"Jumat, 11 September 2026 13:18:00",NASA-SNPP,Medium,110.32513,-2.04686,False,False,False,True,False,True,Di Luar Area Pantauan (>1000m dari Desa)
Matan Hilir Selatan,Pesaguan Kanan,"Jumat, 11 September 2026 13:18:00",NASA-SNPP,Medium,110.32463,-2.04354,False,False,False,True,False,True,Di Luar Area Pantauan (>1000m dari Desa)
Simpang Hilir,Sungaimata-Mata,"Jumat, 11 September 2026 13:18:00",NASA-SNPP,Medium,109.98045,-0.93311,False,False,True,True,False,True,Di Luar Area Pantauan (>1000m dari Desa)
Matan Hilir Selatan,Pesaguan Kanan,"Jumat, 11 September 2026 13:18:00",NASA-SNPP,Medium,110.19377,-2.02307,False,False,False,True,False,True,Di Luar Area Pantauan (>1000m dari Desa)
Matan Hilir Selatan,Pesaguan Kanan,"Jumat, 11 September 2026 13:18:00",NASA-SNPP,Medium,110.19427,-2.02639,False,False,False,True,False,True,Di Luar Area Pantauan (>1000m dari Desa)
Matan Hilir Selatan,Pesaguan Kanan,"Jumat, 11 September 2026 13:18:00",NASA-SNPP,Medium,110.20806,-2.02428,False,False,False,True,False,True,Di Luar Area Pantauan (>1000m dari Desa)
Matan Hilir Selatan,Pematang Gadung,"Jumat, 11 September 2026 13:18:00",NASA-SNPP,Medium,110.32079,-1.97646,False,False,True,True,False,True,Di Luar Area Pantauan (>1000m dari Desa)
Matan Hilir Selatan,Pematang Gadung,"Jumat, 11 September 2026 13:18:00",NASA-SNPP,Medium,110.18235,-1.99423,False,False,False,True,False,True,Di Luar Area Pantauan (>1000m dari Desa)
Matan Hilir Selatan,Pematang Gadung,"Jumat, 11 September 2026 13:18:00",NASA-SNPP,Medium,110.30003,-1.95585,False,False,True,False,False,True,Di Luar Area Pantauan (>1000m dari Desa)
Matan Hilir Selatan,Pematang Gadung,"Jumat, 11 September 2026 13:18:00",NASA-SNPP,Medium,110.32172,-1.95932,False,False,True,True,False,True,Di Luar Area Pantauan (>1000m dari Desa)
Matan Hilir Selatan,Sungai Besar,"Jumat, 11 September 2026 13:18:00",NASA-SNPP,Medium,110.22167,-1.88708,False,False,True,True,False,True,Di Luar Area Pantauan (>1000m dari Desa)
Matan Hilir Selatan,Sungai Besar,"Jumat, 11 September 2026 13:18:00",NASA-SNPP,Medium,110.17339,-1.89446,False,False,True,True,False,True,Di Luar Area Pantauan (>1000m dari Desa)
Matan Hilir Selatan,Sungai Besar,"Jumat, 11 September 2026 13:18:00",NASA-SNPP,Medium,110.25909,-1.87796,False,False,True,True,False,True,Di Luar Area Pantauan (>1000m dari Desa)
Matan Hilir Selatan,Sungai Besar,"Jumat, 11 September 2026 13:18:00",NASA-SNPP,Medium,110.17189,-1.8845,False,False,True,True,False,True,Di Luar Area Pantauan (>1000m dari Desa)
Matan Hilir Selatan,Sungai Besar,"Jumat, 11 September 2026 13:18:00",NASA-SNPP,Medium,110.19503,-1.87417,False,False,True,True,False,True,Di Luar Area Pantauan (>1000m dari Desa)
Matan Hilir Selatan,Sungai Pelang,"Jumat, 11 September 2026 13:18:00",NASA-SNPP,Medium,110.16104,-1.88276,False,False,True,True,False,True,Di Luar Area Pantauan (>1000m dari Desa)
Matan Hilir Selatan,Sungai Pelang,"Jumat, 11 September 2026 13:18:00",NASA-SNPP,Medium,110.17038,-1.87454,False,False,True,True,False,True,Di Luar Area Pantauan (>1000m dari Desa)
Matan Hilir Selatan,Sungai Besar,"Jumat, 11 September 2026 13:18:00",NASA-SNPP,Medium,110.18762,-1.8719,False,False,True,True,False,True,Di Luar Area Pantauan (>1000m dari Desa)
Matan Hilir Selatan,Sungai Pelang,"Jumat, 11 September 2026 13:18:00",NASA-SNPP,Medium,110.16054,-1.87944,False,False,True,True,False,True,Di Luar Area Pantauan (>1000m dari Desa)
Matan Hilir Selatan,Sungai Pelang,"Jumat, 11 September 2026 13:18:00",NASA-SNPP,Medium,110.23045,-1.85176,False,False,True,True,False,True,Di Luar Area Pantauan (>1000m dari Desa)
Matan Hilir Selatan,Sungai Pelang,"Jumat, 11 September 2026 13:18:00",NASA-SNPP,Medium,110.23978,-1.84353,False,False,True,True,False,True,Di Luar Area Pantauan (>1000m dari Desa)
Matan Hilir Selatan,Sungai Pelang,"Jumat, 11 September 2026 13:18:00",NASA-SNPP,Medium,110.18612,-1.86194,False,False,True,True,False,True,Di Luar Area Pantauan (>1000m dari Desa)
Benua Kayong,Negeri Baru,"Jumat, 11 September 2026 13:18:00",NASA-SNPP,Medium,110.19326,-1.79327,False,False,False,True,False,True,Di Luar Area Pantauan (>1000m dari Desa)
Benua Kayong,Negeri Baru,"Jumat, 11 September 2026 13:18:00",NASA-SNPP,Medium,110.19671,-1.79274,False,False,False,True,False,True,Di Luar Area Pantauan (>1000m dari Desa)
Benua Kayong,Negeri Baru,"Jumat, 11 September 2026 13:18:00",NASA-SNPP,Medium,110.20554,-1.78119,False,False,False,True,False,True,Di Luar Area Pantauan (>1000m dari Desa)
Sungai Melayu Rayak,Makmur Abadi,"Jumat, 11 September 2026 13:18:00",NASA-SNPP,Medium,110.25626,-1.76664,False,False,False,True,False,True,Di Luar Area Pantauan (>1000m dari Desa)
Benua Kayong,Negeri Baru,"Jumat, 11 September 2026 13:18:00",NASA-SNPP,Medium,110.16611,-1.77703,False,False,False,False,False,False,Di Luar Area Pantauan (>1000m dari Desa)
Sungai Melayu Rayak,Makmur Abadi,"Jumat, 11 September 2026 13:18:00",NASA-SNPP,Medium,110.22912,-1.75041,False,False,True,True,False,True,Di Luar Area Pantauan (>1000m dari Desa)
Sungai Melayu Rayak,Makmur Abadi,"Jumat, 11 September 2026 13:18:00",NASA-SNPP,Medium,110.2345,-1.73939,False,False,False,True,False,True,Di Luar Area Pantauan (>1000m dari Desa)
Muara Pawan,Mayak,"Jumat, 11 September 2026 13:18:00",NASA-SNPP,Medium,110.16304,-1.73333,False,False,True,True,False,True,Di Luar Area Pantauan (>1000m dari Desa)
Muara Pawan,Mayak,"Jumat, 11 September 2026 13:18:00",NASA-SNPP,Medium,110.1601,-1.73718,False,False,True,True,False,True,Di Luar Area Pantauan (>1000m dari Desa)
Muara Pawan,Mayak,"Jumat, 11 September 2026 13:18:00",NASA-SNPP,Medium,110.16382,-1.72032,False,False,True,True,False,True,Di Luar Area Pantauan (>1000m dari Desa)
Muara Pawan,Tanjung Pura,"Jumat, 11 September 2026 13:18:00",NASA-SNPP,Medium,110.13467,-1.6908,False,False,True,True,False,True,Di Luar Area Pantauan (>1000m dari Desa)
Muara Pawan,Mayak,"Jumat, 11 September 2026 13:18:00",NASA-SNPP,Medium,110.15592,-1.71473,False,False,True,True,False,True,Di Luar Area Pantauan (>1000m dari Desa)
Muara Pawan,Mayak,"Jumat, 11 September 2026 13:18:00",NASA-SNPP,Medium,110.15298,-1.71858,False,False,False,True,False,True,Di Luar Area Pantauan (>1000m dari Desa)
Muara Pawan,Tanjung Pura,"Jumat, 11 September 2026 13:18:00",NASA-SNPP,Medium,110.17957,-1.70772,False,False,True,True,False,True,Di Luar Area Pantauan (>1000m dari Desa)
Muara Pawan,Ulak Medang,"Jumat, 11 September 2026 13:18:00",NASA-SNPP,Medium,110.2991,-1.63507,False,False,False,True,False,True,Di Luar Area Pantauan (>1000m dari Desa)
Nanga Tayap,Sungai Kelik,"Jumat, 11 September 2026 13:18:00",NASA-SNPP,Medium,110.30601,-1.63401,False,False,False,True,False,True,Di Luar Area Pantauan (>1000m dari Desa)
Muara Pawan,Ulak Medang,"Jumat, 11 September 2026 13:18:00",NASA-SNPP,Medium,110.27496,-1.63876,False,False,False,True,False,True,Di Luar Area Pantauan (>1000m dari Desa)
Muara Pawan,Ulak Medang,"Jumat, 11 September 2026 13:18:00",NASA-SNPP,Medium,110.29516,-1.63227,False,False,True,True,False,True,Di Luar Area Pantauan (>1000m dari Desa)
Nanga Tayap,Kayung Tuhe,"Jumat, 11 September 2026 13:18:00",NASA-SNPP,Medium,110.727,-1.53878,False,False,True,False,False,True,Di Luar Area Pantauan (>1000m dari Desa)
Muara Pawan,Tempurukan,"Jumat, 11 September 2026 13:18:00",NASA-SNPP,Medium,110.06359,-1.64051,False,False,False,True,False,True,Di Luar Area Pantauan (>1000m dari Desa)
Matan Hilir Utara,Sungai Putri,"Jumat, 11 September 2026 13:18:00",NASA-SNPP,Medium,110.07144,-1.55808,False,False,False,True,False,True,Di Luar Area Pantauan (>1000m dari Desa)
Nanga Tayap,Sungai Kelik,"Jumat, 11 September 2026 13:18:00",NASA-SNPP,Medium,110.32658,-1.51904,False,False,False,False,True,True,Di Luar Area Pantauan (>1000m dari Desa)
Muara Pawan,Ulak Medang,"Jumat, 11 September 2026 13:18:00",NASA-SNPP,Medium,110.26298,-1.51859,False,False,True,True,False,True,Di Luar Area Pantauan (>1000m dari Desa)
Muara Pawan,Ulak Medang,"Jumat, 11 September 2026 13:18:00",NASA-SNPP,Medium,110.27778,-1.52312,False,False,True,True,False,True,Di Luar Area Pantauan (>1000m dari Desa)
Muara Pawan,Ulak Medang,"Jumat, 11 September 2026 13:18:00",NASA-SNPP,Medium,110.27432,-1.52365,False,False,True,True,False,True,Di Luar Area Pantauan (>1000m dari Desa)
Muara Pawan,Ulak Medang,"Jumat, 11 September 2026 13:18:00",NASA-SNPP,Medium,110.28712,-1.51489,False,False,False,False,False,False,Di Luar Area Pantauan (>1000m dari Desa)
Muara Pawan,Ulak Medang,"Jumat, 11 September 2026 13:18:00",NASA-SNPP,Medium,110.28762,-1.51821,False,False,False,True,False,True,Di Luar Area Pantauan (>1000m dari Desa)
Matan Hilir Utara,Tanjung Baik Budi,"Jumat, 11 September 2026 13:18:00",NASA-SNPP,Medium,110.1034,-1.53621,False,False,True,True,False,True,Di Luar Area Pantauan (>1000m dari Desa)
Matan Hilir Utara,Tanjung Baik Budi,"Jumat, 11 September 2026 13:18:00",NASA-SNPP,Medium,110.17529,-1.52182,False,False,False,False,False,False,Di Luar Area Pantauan (>1000m dari Desa)
Matan Hilir Utara,Kuala Tolak,"Jumat, 11 September 2026 13:18:00",NASA-SNPP,Medium,110.1657,-1.51049,False,False,False,True,False,True,Di Luar Area Pantauan (>1000m dari Desa)
Nanga Tayap,Simpang Tiga Sembelangaan,"Jumat, 11 September 2026 13:18:00",NASA-SNPP,Medium,110.38073,-1.48015,False,False,False,False,False,False,Di Luar Area Pantauan (>1000m dari Desa)
Matan Hilir Utara,Kuala Tolak,"Jumat, 11 September 2026 13:18:00",NASA-SNPP,Medium,110.13268,-1.50195,False,False,True,True,False,True,Di Luar Area Pantauan (>1000m dari Desa)
Nanga Tayap,Simpang Tiga Sembelangaan,"Jumat, 11 September 2026 13:18:00",NASA-SNPP,Medium,110.38547,-1.47011,False,False,False,False,False,False,Di Luar Area Pantauan (>1000m dari Desa)
Nanga Tayap,Simpang Tiga Sembelangaan,"Jumat, 11 September 2026 13:18:00",NASA-SNPP,Medium,110.39238,-1.46906,False,False,False,False,False,False,Di Luar Area Pantauan (>1000m dari Desa)
Matan Hilir Utara,Kuala Tolak,"Jumat, 11 September 2026 13:18:00",NASA-SNPP,Medium,110.12528,-1.49969,False,False,True,True,False,True,Di Luar Area Pantauan (>1000m dari Desa)
Matan Hilir Utara,Kuala Tolak,"Jumat, 11 September 2026 13:18:00",NASA-SNPP,Medium,110.12134,-1.49689,False,False,True,True,False,True,Di Luar Area Pantauan (>1000m dari Desa)
Muara Pawan,Mayak,"Jumat, 11 September 2026 13:18:00",NASA-SNPP,Medium,110.16727,-1.71979,False,False,True,True,False,True,Di Luar Area Pantauan (>1000m dari Desa)
Muara Pawan,Mayak,"Jumat, 11 September 2026 13:18:00",NASA-SNPP,Medium,110.16332,-1.717,False,False,True,True,False,True,Di Luar Area Pantauan (>1000m dari Desa)
Muara Pawan,Tanjung Pura,"Jumat, 11 September 2026 13:18:00",NASA-SNPP,Medium,110.18056,-1.71436,False,False,False,True,False,True,Di Luar Area Pantauan (>1000m dari Desa)
Matan Hilir Utara,Kuala Tolak,"Jumat, 11 September 2026 13:18:00",NASA-SNPP,Medium,110.12377,-1.48972,False,False,True,True,False,True,Di Luar Area Pantauan (>1000m dari Desa)
Nanga Tayap,Simpang Tiga Sembelangaan,"Jumat, 11 September 2026 13:18:00",NASA-SNPP,Medium,110.39326,-1.42811,False,False,False,False,False,False,Di Luar Area Pantauan (>1000m dari Desa)
Muara Pawan,Mayak,"Jumat, 11 September 2026 13:18:00",NASA-SNPP,Medium,110.12685,-1.70899,False,False,True,True,False,True,Di Luar Area Pantauan (>1000m dari Desa)
Muara Pawan,Mayak,"Jumat, 11 September 2026 13:18:00",NASA-SNPP,Medium,110.13029,-1.70846,False,False,True,True,False,True,Di Luar Area Pantauan (>1000m dari Desa)
Nanga Tayap,Pangkalan Teluk,"Jumat, 11 September 2026 13:18:00",NASA-SNPP,Medium,110.31113,-1.37649,False,False,True,False,True,True,Di Luar Area Pantauan (>1000m dari Desa)
Nanga Tayap,Mensubang,"Jumat, 11 September 2026 13:18:00",NASA-SNPP,Medium,110.45038,-1.36153,False,False,False,False,False,False,Di Luar Area Pantauan (>1000m dari Desa)
Nanga Tayap,Mensubang,"Jumat, 11 September 2026 13:18:00",NASA-SNPP,Medium,110.40327,-1.33181,False,False,False,False,False,False,Di Luar Area Pantauan (>1000m dari Desa)
Nanga Tayap,Mensubang,"Jumat, 11 September 2026 13:18:00",NASA-SNPP,Medium,110.45318,-1.31057,False,False,False,False,False,False,Di Luar Area Pantauan (>1000m dari Desa)
Matan Hilir Utara,Lamon Satong,"Jumat, 11 September 2026 13:18:00",NASA-SNPP,Medium,110.25337,-1.34454,False,False,True,False,False,True,Di Luar Area Pantauan (>1000m dari Desa)
Matan Hilir Utara,Lamon Satong,"Jumat, 11 September 2026 13:18:00",NASA-SNPP,Medium,110.25287,-1.34122,False,False,True,False,True,True,Di Luar Area Pantauan (>1000m dari Desa)
Nanga Tayap,Mensubang,"Jumat, 11 September 2026 13:18:00",NASA-SNPP,Medium,110.44972,-1.3111,False,False,False,False,False,False,Di Luar Area Pantauan (>1000m dari Desa)
Sukadana,Sejahtera,"Jumat, 11 September 2026 13:18:00",NASA-SNPP,Medium,110.10809,-1.27575,False,False,True,True,True,True,Di Luar Area Pantauan (>1000m dari Desa)
Sandai,Sandai,"Jumat, 11 September 2026 13:18:00",NASA-SNPP,Medium,110.56732,-1.2454,False,False,False,False,False,False,Di Luar Area Pantauan (>1000m dari Desa)
Sokan,Gelata,"Jumat, 11 September 2026 13:18:00",NASA-SNPP,Medium,111.49379,-1.02921,False,False,False,False,False,False,Di Luar Area Pantauan (>1000m dari Desa)
Sukadana,Sejahtera,"Jumat, 11 September 2026 13:18:00",NASA-SNPP,Medium,110.05733,-1.26652,False,False,True,True,True,True,Di Luar Area Pantauan (>1000m dari Desa)
Sukadana,Sedahan Jaya,"Jumat, 11 September 2026 13:18:00",NASA-SNPP,Medium,110.04603,-1.17348,False,False,True,True,True,True,Di Luar Area Pantauan (>1000m dari Desa)
Sukadana,Sedahan Jaya,"Jumat, 11 September 2026 13:18:00",NASA-SNPP,Medium,110.05931,-1.16805,False,False,True,False,True,True,Di Luar Area Pantauan (>1000m dari Desa)
Simpang Hilir,Matan Jaya,"Jumat, 11 September 2026 13:18:00",NASA-SNPP,Medium,110.27309,-1.13536,False,False,True,False,True,True,Di Luar Area Pantauan (>1000m dari Desa)
Simpang Hilir,Matan Jaya,"Jumat, 11 September 2026 13:18:00",NASA-SNPP,Medium,110.1552,-1.10242,False,False,False,False,True,True,Di Luar Area Pantauan (>1000m dari Desa)
Simpang Hilir,Matan Jaya,"Jumat, 11 September 2026 13:18:00",NASA-SNPP,Medium,110.15813,-1.09857,False,False,False,False,True,True,Di Luar Area Pantauan (>1000m dari Desa)
Simpang Hilir,Matan Jaya,"Jumat, 11 September 2026 13:18:00",NASA-SNPP,Medium,110.14384,-1.09737,False,False,False,True,True,True,Di Luar Area Pantauan (>1000m dari Desa)
Simpang Hilir,Matan Jaya,"Jumat, 11 September 2026 13:18:00",NASA-SNPP,Medium,110.13989,-1.09457,False,False,False,True,True,True,Di Luar Area Pantauan (>1000m dari Desa)
Simpang Hilir,Matan Jaya,"Jumat, 11 September 2026 13:18:00",NASA-SNPP,Medium,110.13595,-1.09178,False,False,True,True,True,True,Di Luar Area Pantauan (>1000m dari Desa)
Simpang Hilir,Matan Jaya,"Jumat, 11 September 2026 13:18:00",NASA-SNPP,Medium,110.14285,-1.09072,False,False,False,True,True,True,Di Luar Area Pantauan (>1000m dari Desa)
Simpang Hilir,Matan Jaya,"Jumat, 11 September 2026 13:18:00",NASA-SNPP,Medium,110.13644,-1.0951,False,False,True,True,True,True,Di Luar Area Pantauan (>1000m dari Desa)
Simpang Hilir,Matan Jaya,"Jumat, 11 September 2026 13:18:00",NASA-SNPP,Medium,110.10098,-1.09374,False,False,True,True,True,True,Di Luar Area Pantauan (>1000m dari Desa)
Simpang Hilir,Matan Jaya,"Jumat, 11 September 2026 13:18:00",NASA-SNPP,Medium,110.10442,-1.09321,False,False,True,True,True,True,Di Luar Area Pantauan (>1000m dari Desa)
Simpang Hilir,Matan Jaya,"Jumat, 11 September 2026 13:18:00",NASA-SNPP,Medium,110.13904,-1.07165,False,False,True,False,True,True,Di Luar Area Pantauan (>1000m dari Desa)
Simpang Hilir,Matan Jaya,"Jumat, 11 September 2026 13:18:00",NASA-SNPP,Medium,110.12814,-1.04613,False,False,False,False,False,False,Di Luar Area Pantauan (>1000m dari Desa)
Sungai Laur,Sinar Kuri,"Jumat, 11 September 2026 13:18:00",NASA-SNPP,Medium,110.43861,-0.90385,False,False,False,False,False,False,Di Luar Area Pantauan (>1000m dari Desa)
Simpang Hilir,Lubuk Batu,"Jumat, 11 September 2026 13:18:00",NASA-SNPP,Medium,110.09522,-0.94614,False,False,False,False,False,False,Di Luar Area Pantauan (>1000m dari Desa)
Simpang Hilir,Lubuk Batu,"Jumat, 11 September 2026 13:18:00",NASA-SNPP,Medium,110.09668,-0.93233,False,False,False,False,False,False,Di Luar Area Pantauan (>1000m dari Desa)
Simpang Hilir,Lubuk Batu,"Jumat, 11 September 2026 13:18:00",NASA-SNPP,Medium,110.09323,-0.93285,False,False,False,False,False,False,Di Luar Area Pantauan (>1000m dari Desa)
Simpang Hilir,Lubuk Batu,"Jumat, 11 September 2026 13:18:00",NASA-SNPP,Medium,110.10011,-0.9318,False,False,False,False,False,False,Di Luar Area Pantauan (>1000m dari Desa)
Simpang Hilir,Lubuk Batu,"Jumat, 11 September 2026 13:18:00",NASA-SNPP,Medium,110.10062,-0.93512,False,False,False,False,False,False,Di Luar Area Pantauan (>1000m dari Desa)
Simpang Hilir,Batu Barat,"Jumat, 11 September 2026 13:18:00",NASA-SNPP,Medium,110.04205,-0.94408,False,False,True,True,False,True,Di Luar Area Pantauan (>1000m dari Desa)
Manis Mata,Silat,"Jumat, 11 September 2026 13:18:00",NASA-SNPP,Medium,111.03484,-2.2963,False,False,False,False,False,False,Di Luar Area Pantauan (>1000m dari Desa)
Ella Hilir,Nanga Kempangai,"Jumat, 11 September 2026 13:18:00",NASA-SNPP,Medium,112.11566,-0.59098,False,False,False,False,True,True,Di Luar Area Pantauan (>1000m dari Desa)
Simpang Hilir,Batu Barat,"Jumat, 11 September 2026 13:18:00",NASA-SNPP,Medium,110.1094,-0.8998,False,False,False,True,False,True,Di Luar Area Pantauan (>1000m dari Desa)
Simpang Hilir,Batu Barat,"Jumat, 11 September 2026 13:18:00",NASA-SNPP,Medium,110.11629,-0.89874,False,False,True,True,False,True,Di Luar Area Pantauan (>1000m dari Desa)
Simpang Dua,Semandang Kanan,"Jumat, 11 September 2026 13:18:00",NASA-SNPP,Medium,110.34351,-0.83673,False,False,False,False,False,False,Di Luar Area Pantauan (>1000m dari Desa)
Simpang Dua,Semandang Kanan,"Jumat, 11 September 2026 13:18:00",NASA-SNPP,Medium,110.36547,-0.82413,False,False,False,False,False,False,Di Luar Area Pantauan (>1000m dari Desa)
Simpang Dua,Semandang Kanan,"Jumat, 11 September 2026 13:18:00",NASA-SNPP,Medium,110.34226,-0.83448,False,False,False,False,False,False,Di Luar Area Pantauan (>1000m dari Desa)
Serawai,Nanga Ruhan,"Jumat, 11 September 2026 13:18:00",NASA-SNPP,Medium,112.84772,-0.43958,False,False,False,False,False,False,Di Luar Area Pantauan (>1000m dari Desa)
Simpang Dua,Semandang Kanan,"Jumat, 11 September 2026 13:18:00",NASA-SNPP,Medium,110.3362,-0.77076,False,False,False,False,False,False,Di Luar Area Pantauan (>1000m dari Desa)
Hulu Sungai,Sunge Bengaras,"Jumat, 11 September 2026 13:18:00",NASA-SNPP,Medium,110.77864,-0.7098,False,False,False,False,False,False,Di Luar Area Pantauan (>1000m dari Desa)
Simpang Dua,Semandang Kanan,"Jumat, 11 September 2026 13:18:00",NASA-SNPP,Medium,110.39751,-0.77839,False,False,False,False,False,False,Di Luar Area Pantauan (>1000m dari Desa)
Serawai,Nanga Ruhan,"Jumat, 11 September 2026 13:18:00",NASA-SNPP,Medium,112.75462,-0.40238,False,False,False,False,False,False,Di Luar Area Pantauan (>1000m dari Desa)
Simpang Dua,Semandang Kanan,"Jumat, 11 September 2026 13:18:00",NASA-SNPP,Medium,110.39406,-0.77892,False,False,False,False,False,False,Di Luar Area Pantauan (>1000m dari Desa)
Ella Hilir,Nyanggau,"Jumat, 11 September 2026 13:18:00",NASA-SNPP,Medium,112.11478,-0.47967,False,False,False,False,False,False,Di Luar Area Pantauan (>1000m dari Desa)
Ella Hilir,Nanga Nyuruh,"Jumat, 11 September 2026 13:18:00",NASA-SNPP,Medium,112.10677,-0.48091,False,False,False,False,False,False,Di Luar Area Pantauan (>1000m dari Desa)
Ella Hilir,Nyanggau,"Jumat, 11 September 2026 13:18:00",NASA-SNPP,Medium,112.09404,-0.4722,False,False,False,False,False,False,Di Luar Area Pantauan (>1000m dari Desa)
Simpang Hulu,Kenanga,"Jumat, 11 September 2026 13:18:00",NASA-SNPP,Medium,110.52165,-0.6885,False,False,False,False,False,False,Di Luar Area Pantauan (>1000m dari Desa)
Ella Hilir,Nyanggau,"Jumat, 11 September 2026 13:18:00",NASA-SNPP,Medium,112.09315,-0.46522,False,False,False,False,False,False,Di Luar Area Pantauan (>1000m dari Desa)
Sungai Laur,Harapan Baru,"Jumat, 11 September 2026 13:18:00",NASA-SNPP,Medium,110.57422,-0.66001,False,False,True,False,False,True,Di Luar Area Pantauan (>1000m dari Desa)
Ella Hilir,Pelempai Jaya,"Jumat, 11 September 2026 13:18:00",NASA-SNPP,Medium,112.05367,-0.43409,False,False,False,False,False,False,Di Luar Area Pantauan (>1000m dari Desa)
Sungai Laur,Harapan Baru,"Jumat, 11 September 2026 13:18:00",NASA-SNPP,Medium,110.57472,-0.66334,False,False,False,False,False,False,Di Luar Area Pantauan (>1000m dari Desa)
Simpang Dua,Kampar Sebomban,"Jumat, 11 September 2026 13:18:00",NASA-SNPP,Medium,110.2288,-0.6958,False,False,False,False,False,False,Di Luar Area Pantauan (>1000m dari Desa)
Ambalau,Nanga Menantak,"Jumat, 11 September 2026 13:18:00",NASA-SNPP,Medium,113.02905,-0.22935,False,False,False,False,False,False,Di Luar Area Pantauan (>1000m dari Desa)
Ella Hilir,Nanga Ella Hilir,"Jumat, 11 September 2026 13:18:00",NASA-SNPP,Medium,112.01384,-0.40112,False,False,False,False,False,False,Di Luar Area Pantauan (>1000m dari Desa)
Simpang Hulu,Sekucing Kualan,"Jumat, 11 September 2026 13:18:00",NASA-SNPP,Medium,110.00388,-0.59165,False,False,True,False,False,True,Di Luar Area Pantauan (>1000m dari Desa)
Simpang Hulu,Sekucing Kualan,"Jumat, 11 September 2026 13:18:00",NASA-SNPP,Medium,110.00043,-0.59218,False,False,True,False,False,True,Di Luar Area Pantauan (>1000m dari Desa)
Serawai,Tahai Permai,"Jumat, 11 September 2026 13:18:00",NASA-SNPP,Medium,112.57672,-0.17718,False,False,False,False,True,True,Di Luar Area Pantauan (>1000m dari Desa)
Simpang Hulu,Labai Hilir,"Jumat, 11 September 2026 13:18:00",NASA-SNPP,Medium,109.93027,-0.5523,False,False,True,False,False,True,Di Luar Area Pantauan (>1000m dari Desa)
Simpang Hulu,Sekucing Labai,"Jumat, 11 September 2026 13:18:00",NASA-SNPP,Medium,110.17053,-0.48498,False,False,False,False,False,False,Di Luar Area Pantauan (>1000m dari Desa)
Simpang Hulu,Merawa,"Jumat, 11 September 2026 13:18:00",NASA-SNPP,Medium,110.45284,-0.45543,False,False,False,False,False,False,Di Luar Area Pantauan (>1000m dari Desa)
Simpang Hulu,Kualan Tengah,"Jumat, 11 September 2026 13:18:00",NASA-SNPP,Medium,110.52478,-0.43761,False,False,False,False,False,False,Di Luar Area Pantauan (>1000m dari Desa)
Simpang Hulu,Sekucing Labai,"Jumat, 11 September 2026 13:18:00",NASA-SNPP,Medium,110.09613,-0.50656,False,False,True,False,False,True,Di Luar Area Pantauan (>1000m dari Desa)
Simpang Hulu,Sekucing Labai,"Jumat, 11 September 2026 13:18:00",NASA-SNPP,Medium,110.07539,-0.48594,False,False,True,False,False,True,Di Luar Area Pantauan (>1000m dari Desa)
Simpang Hulu,Sekucing Labai,"Jumat, 11 September 2026 13:18:00",NASA-SNPP,Medium,110.10642,-0.48119,False,False,False,False,False,False,Di Luar Area Pantauan (>1000m dari Desa)
Simpang Hulu,Sekucing Labai,"Jumat, 11 September 2026 13:18:00",NASA-SNPP,Medium,110.07883,-0.48542,False,False,False,False,False,False,Di Luar Area Pantauan (>1000m dari Desa)
Nanga Taman,Nanga Engkulun,"Jumat, 11 September 2026 13:18:00",NASA-SNPP,Medium,110.67513,-0.34772,False,False,False,False,False,False,Di Luar Area Pantauan (>1000m dari Desa)
Belimbing,Sepan Tonak,"Jumat, 11 September 2026 13:18:00",NASA-SNPP,Medium,111.60902,-0.2024,False,False,False,False,False,False,Di Luar Area Pantauan (>1000m dari Desa)
Nanga Pinoh,Nanga Kayan,"Jumat, 11 September 2026 13:18:00",NASA-SNPP,Medium,111.68032,-0.17402,False,False,False,True,False,True,Di Luar Area Pantauan (>1000m dari Desa)
Kayan Hulu,Riam Panjang,"Jumat, 11 September 2026 13:18:00",NASA-SNPP,Medium,112.17024,0.04113,False,False,True,False,False,True,Di Luar Area Pantauan (>1000m dari Desa)
Sekadau Hilir,Mungguk,"Jumat, 11 September 2026 13:18:00",NASA-SNPP,Medium,110.91279,-0.023,False,False,False,False,False,False,Di Luar Area Pantauan (>1000m dari Desa)
Sungai Raya,Muara Baru,"Jumat, 11 September 2026 13:18:00",NASA-SNPP,Medium,109.82033,-0.18703,False,False,True,True,True,True,Di Luar Area Pantauan (>1000m dari Desa)
Seberuang,Seneban,"Jumat, 11 September 2026 13:18:00",NASA-SNPP,Medium,112.09367,0.34269,False,False,False,False,False,False,Di Luar Area Pantauan (>1000m dari Desa)
Sungai Ambawang,Teluk Bakung,"Jumat, 11 September 2026 13:18:00",NASA-SNPP,Medium,109.75492,-0.01805,False,False,False,True,False,True,Di Luar Area Pantauan (>1000m dari Desa)
Mukok,Engkode,"Jumat, 11 September 2026 13:18:00",NASA-SNPP,Medium,110.75395,0.13805,False,False,False,False,False,False,Di Luar Area Pantauan (>1000m dari Desa)
Mukok,Engkode,"Jumat, 11 September 2026 13:18:00",NASA-SNPP,Medium,110.75344,0.1414,False,False,False,False,False,False,Di Luar Area Pantauan (>1000m dari Desa)
Sungai Ambawang,Teluk Bakung,"Jumat, 11 September 2026 13:18:00",NASA-SNPP,Medium,109.7298,-0.0151,False,False,False,True,False,True,Di Luar Area Pantauan (>1000m dari Desa)
Sungai Ambawang,Teluk Bakung,"Jumat, 11 September 2026 13:18:00",NASA-SNPP,Medium,109.73964,-0.0102,False,False,False,True,False,True,Di Luar Area Pantauan (>1000m dari Desa)
Sungai Ambawang,Teluk Bakung,"Jumat, 11 September 2026 13:18:00",NASA-SNPP,Medium,109.74258,-0.00635,False,False,True,True,False,True,Di Luar Area Pantauan (>1000m dari Desa)
Sungai Ambawang,Teluk Bakung,"Jumat, 11 September 2026 13:18:00",NASA-SNPP,Medium,109.75585,-0.00093,False,False,True,True,False,True,Di Luar Area Pantauan (>1000m dari Desa)
Tayan Hulu,Peruan Dalam,"Jumat, 11 September 2026 13:18:00",NASA-SNPP,Medium,110.17685,0.28661,False,False,False,False,False,False,Di Luar Area Pantauan (>1000m dari Desa)
Tayan Hulu,Peruan Dalam,"Jumat, 11 September 2026 13:18:00",NASA-SNPP,Medium,110.17635,0.28993,False,False,False,False,False,False,Di Luar Area Pantauan (>1000m dari Desa)
Jangkang,Semirau,"Jumat, 11 September 2026 13:18:00",NASA-SNPP,Medium,110.91707,0.44133,False,False,False,False,False,False,Di Luar Area Pantauan (>1000m dari Desa)
Belitang Hulu,Sungaitapah,"Jumat, 11 September 2026 13:18:00",NASA-SNPP,Medium,111.07955,0.45601,False,False,False,False,False,False,Di Luar Area Pantauan (>1000m dari Desa)
Ketungau Hilir,Sungai Mali,"Jumat, 11 September 2026 13:18:00",NASA-SNPP,Medium,111.67582,0.55512,False,False,False,False,False,False,Di Luar Area Pantauan (>1000m dari Desa)
Ketungau Tengah,Begelang Jaya,"Jumat, 11 September 2026 13:18:00",NASA-SNPP,Medium,111.29636,0.60813,False,False,False,False,False,False,Di Luar Area Pantauan (>1000m dari Desa)
Ketungau Tengah,Begelang Jaya,"Jumat, 11 September 2026 13:18:00",NASA-SNPP,Medium,111.29169,0.6144,False,False,False,False,False,False,Di Luar Area Pantauan (>1000m dari Desa)
Ketungau Tengah,Sumber Sari,"Jumat, 11 September 2026 13:18:00",NASA-SNPP,Medium,111.34374,0.71666,False,False,False,False,False,False,Di Luar Area Pantauan (>1000m dari Desa)
Ketungau Tengah,Sumber Sari,"Jumat, 11 September 2026 13:18:00",NASA-SNPP,Medium,111.34058,0.71267,False,False,False,False,False,False,Di Luar Area Pantauan (>1000m dari Desa)
Ketungau Tengah,Swadaya,"Jumat, 11 September 2026 13:18:00",NASA-SNPP,Medium,111.47743,0.75777,False,False,False,False,False,False,Di Luar Area Pantauan (>1000m dari Desa)
Ketungau Tengah,Margahayu,"Jumat, 11 September 2026 13:18:00",NASA-SNPP,Medium,111.38035,0.75008,False,False,False,False,False,False,Di Luar Area Pantauan (>1000m dari Desa)
Simpang Hilir,Nipah Kuning,"Jumat, 11 September 2026 13:18:00",NASA-SNPP,Medium,109.95027,-1.01219,False,False,True,True,True,True,Di Luar Area Pantauan (>1000m dari Desa)
Kendawangan,Air Hitam Besar,"Jumat, 11 September 2026 13:18:00",NASA-SNPP,Medium,110.64813,-2.77465,False,False,False,False,False,False,Di Luar Area Pantauan (>1000m dari Desa)
Kendawangan,Air Hitam Besar,"Jumat, 11 September 2026 13:18:00",NASA-SNPP,Medium,110.64518,-2.77851,False,False,False,False,False,False,Di Luar Area Pantauan (>1000m dari Desa)
Manis Mata,Suka Ramai,"Jumat, 11 September 2026 13:18:00",NASA-SNPP,Medium,111.10625,-2.70431,False,False,False,False,False,False,Di Luar Area Pantauan (>1000m dari Desa)
Kendawangan,Air Hitam Besar,"Jumat, 11 September 2026 13:18:00",NASA-SNPP,Medium,110.64863,-2.77798,False,False,False,False,False,False,Di Luar Area Pantauan (>1000m dari Desa)
Manis Mata,Suka Ramai,"Jumat, 11 September 2026 13:18:00",NASA-SNPP,Medium,111.12415,-2.68105,False,False,False,False,False,False,Di Luar Area Pantauan (>1000m dari Desa)
Manis Mata,Suka Ramai,"Jumat, 11 September 2026 13:18:00",NASA-SNPP,Medium,111.08676,-2.69364,False,False,False,False,False,False,Di Luar Area Pantauan (>1000m dari Desa)
Kendawangan,Air Hitam Besar,"Jumat, 11 September 2026 13:18:00",NASA-SNPP,Medium,110.77361,-2.73839,False,False,False,False,True,True,Di Luar Area Pantauan (>1000m dari Desa)
Manis Mata,Suka Ramai,"Jumat, 11 September 2026 13:18:00",NASA-SNPP,Medium,111.10326,-2.70819,False,False,False,False,False,False,Di Luar Area Pantauan (>1000m dari Desa)
Manis Mata,Suka Ramai,"Jumat, 11 September 2026 13:18:00",NASA-SNPP,Medium,111.09628,-2.70926,False,False,False,False,False,False,Di Luar Area Pantauan (>1000m dari Desa)
Manis Mata,Suka Ramai,"Jumat, 11 September 2026 13:18:00",NASA-SNPP,Medium,111.10675,-2.70765,False,False,False,False,False,False,Di Luar Area Pantauan (>1000m dari Desa)
Manis Mata,Suka Ramai,"Jumat, 11 September 2026 13:18:00",NASA-SNPP,Medium,111.0928,-2.7098,False,False,False,False,False,False,Di Luar Area Pantauan (>1000m dari Desa)
Manis Mata,Suka Ramai,"Jumat, 11 September 2026 13:18:00",NASA-SNPP,Medium,111.09978,-2.70873,False,False,False,False,False,False,Di Luar Area Pantauan (>1000m dari Desa)
Manis Mata,Suka Ramai,"Jumat, 11 September 2026 13:18:00",NASA-SNPP,Medium,111.10275,-2.70485,False,False,False,False,False,False,Di Luar Area Pantauan (>1000m dari Desa)
Manis Mata,Suka Ramai,"Jumat, 11 September 2026 13:18:00",NASA-SNPP,Medium,111.10574,-2.70097,False,False,False,False,False,False,Di Luar Area Pantauan (>1000m dari Desa)
Manis Mata,Suka Ramai,"Jumat, 11 September 2026 13:18:00",NASA-SNPP,Medium,111.08131,-2.70473,False,False,False,False,False,False,Di Luar Area Pantauan (>1000m dari Desa)
Manis Mata,Suka Ramai,"Jumat, 11 September 2026 13:18:00",NASA-SNPP,Medium,111.15459,-2.66951,False,False,False,False,False,False,Di Luar Area Pantauan (>1000m dari Desa)
Manis Mata,Seguling,"Jumat, 11 September 2026 13:18:00",NASA-SNPP,Medium,111.08173,-2.66161,False,False,False,False,False,False,Di Luar Area Pantauan (>1000m dari Desa)
Manis Mata,Seguling,"Jumat, 11 September 2026 13:18:00",NASA-SNPP,Medium,111.08713,-2.62662,False,False,False,True,False,True,Di Luar Area Pantauan (>1000m dari Desa)
Manis Mata,Jambi,"Jumat, 11 September 2026 13:18:00",NASA-SNPP,Medium,111.07528,-2.68858,False,False,False,False,False,False,Di Luar Area Pantauan (>1000m dari Desa)
Manis Mata,Suka Ramai,"Jumat, 11 September 2026 13:18:00",NASA-SNPP,Medium,111.09032,-2.71701,False,False,False,False,False,False,Di Luar Area Pantauan (>1000m dari Desa)
Manis Mata,Suka Ramai,"Jumat, 11 September 2026 13:18:00",NASA-SNPP,Medium,111.09082,-2.72035,False,False,False,False,False,False,Di Luar Area Pantauan (>1000m dari Desa)
Manis Mata,Suka Ramai,"Jumat, 11 September 2026 13:18:00",NASA-SNPP,Medium,111.08479,-2.7042,False,False,False,False,False,False,Di Luar Area Pantauan (>1000m dari Desa)
Manis Mata,Suka Ramai,"Jumat, 11 September 2026 13:18:00",NASA-SNPP,Medium,111.08327,-2.69418,False,False,False,False,False,False,Di Luar Area Pantauan (>1000m dari Desa)
Manis Mata,Suka Ramai,"Jumat, 11 September 2026 13:18:00",NASA-SNPP,Medium,111.08334,-2.71809,False,False,False,False,False,False,Di Luar Area Pantauan (>1000m dari Desa)
Manis Mata,Suka Ramai,"Jumat, 11 September 2026 13:18:00",NASA-SNPP,Medium,111.09679,-2.7126,False,False,False,False,False,False,Di Luar Area Pantauan (>1000m dari Desa)
Manis Mata,Suka Ramai,"Jumat, 11 September 2026 13:18:00",NASA-SNPP,Medium,111.08384,-2.72142,False,False,False,False,False,False,Di Luar Area Pantauan (>1000m dari Desa)
Manis Mata,Seguling,"Jumat, 11 September 2026 13:18:00",NASA-SNPP,Medium,111.09203,-2.58827,False,False,False,False,False,False,Di Luar Area Pantauan (>1000m dari Desa)
Manis Mata,Seguling,"Jumat, 11 September 2026 13:18:00",NASA-SNPP,Medium,111.09697,-2.57383,False,False,False,False,False,False,Di Luar Area Pantauan (>1000m dari Desa)
Manis Mata,Seguling,"Jumat, 11 September 2026 13:18:00",NASA-SNPP,Medium,111.09151,-2.58493,False,False,False,False,False,False,Di Luar Area Pantauan (>1000m dari Desa)
Manis Mata,Seguling,"Jumat, 11 September 2026 13:18:00",NASA-SNPP,Medium,111.09607,-2.61499,False,False,False,True,False,True,Di Luar Area Pantauan (>1000m dari Desa)
Manis Mata,Seguling,"Jumat, 11 September 2026 13:18:00",NASA-SNPP,Medium,111.09595,-2.56715,False,False,False,False,False,False,Di Luar Area Pantauan (>1000m dari Desa)
Manis Mata,Sungai Buluh,"Jumat, 11 September 2026 13:18:00",NASA-SNPP,Medium,111.04958,-2.56747,False,False,False,False,False,False,Di Luar Area Pantauan (>1000m dari Desa)
Manis Mata,Seguling,"Jumat, 11 September 2026 13:18:00",NASA-SNPP,Medium,111.09551,-2.58773,False,False,False,False,False,False,Di Luar Area Pantauan (>1000m dari Desa)
Manis Mata,Seguling,"Jumat, 11 September 2026 13:18:00",NASA-SNPP,Medium,111.07525,-2.66602,False,False,False,False,False,False,Di Luar Area Pantauan (>1000m dari Desa)
Kendawangan,Banjar Sari,"Jumat, 11 September 2026 13:18:00",NASA-SNPP,Medium,110.25561,-2.50366,False,False,False,False,False,False,Di Luar Area Pantauan (>1000m dari Desa)
Kendawangan,Banjar Sari,"Jumat, 11 September 2026 13:18:00",NASA-SNPP,Medium,110.24863,-2.48093,False,False,False,True,False,True,Di Luar Area Pantauan (>1000m dari Desa)
Kendawangan,Banjar Sari,"Jumat, 11 September 2026 13:18:00",NASA-SNPP,Medium,110.24814,-2.47761,False,False,False,True,False,True,Di Luar Area Pantauan (>1000m dari Desa)
Kendawangan,Banjar Sari,"Jumat, 11 September 2026 13:18:00",NASA-SNPP,Medium,110.24519,-2.48146,False,False,False,True,False,True,Di Luar Area Pantauan (>1000m dari Desa)
Kendawangan,Banjar Sari,"Jumat, 11 September 2026 13:18:00",NASA-SNPP,Medium,110.2482,-2.50139,False,False,False,False,False,False,Di Luar Area Pantauan (>1000m dari Desa)
Singkup,Tanah Hitam,"Jumat, 11 September 2026 13:18:00",NASA-SNPP,Medium,110.64819,-2.46056,False,False,False,False,False,False,Di Luar Area Pantauan (>1000m dari Desa)
Kendawangan,Banjar Sari,"Jumat, 11 September 2026 13:18:00",NASA-SNPP,Medium,110.25165,-2.50086,False,False,False,False,False,False,Di Luar Area Pantauan (>1000m dari Desa)
Kendawangan,Banjar Sari,"Jumat, 11 September 2026 13:18:00",NASA-SNPP,Medium,110.25216,-2.50419,False,False,False,False,False,False,Di Luar Area Pantauan (>1000m dari Desa)
Manis Mata,Suak Burung,"Jumat, 11 September 2026 13:18:00",NASA-SNPP,Medium,111.04942,-2.36482,False,False,False,False,False,False,Di Luar Area Pantauan (>1000m dari Desa)
Manis Mata,Suak Burung,"Jumat, 11 September 2026 13:18:00",NASA-SNPP,Medium,111.04188,-2.31915,False,False,False,False,False,False,Di Luar Area Pantauan (>1000m dari Desa)
Kendawangan,Banjar Sari,"Jumat, 11 September 2026 13:18:00",NASA-SNPP,Medium,110.25906,-2.50313,False,False,False,False,False,False,Di Luar Area Pantauan (>1000m dari Desa)
Kendawangan,Kedondong,"Jumat, 11 September 2026 13:18:00",NASA-SNPP,Medium,110.33897,-2.29163,False,False,False,False,False,False,Di Luar Area Pantauan (>1000m dari Desa)
Matan Hilir Selatan,Pagar Mentimun,"Jumat, 11 September 2026 13:18:00",NASA-SNPP,Medium,110.16106,-2.30524,False,False,False,True,False,True,Di Luar Area Pantauan (>1000m dari Desa)
Kendawangan,Kedondong,"Jumat, 11 September 2026 13:18:00",NASA-SNPP,Medium,110.34192,-2.28778,False,False,False,False,False,False,Di Luar Area Pantauan (>1000m dari Desa)
Kendawangan,Kedondong,"Jumat, 11 September 2026 13:18:00",NASA-SNPP,Medium,110.33984,-2.25072,False,False,False,False,False,False,Di Luar Area Pantauan (>1000m dari Desa)
Kendawangan,Kedondong,"Jumat, 11 September 2026 13:18:00",NASA-SNPP,Medium,110.34329,-2.25019,False,False,False,False,False,False,Di Luar Area Pantauan (>1000m dari Desa)
Matan Hilir Selatan,Pagar Mentimun,"Jumat, 11 September 2026 13:18:00",NASA-SNPP,Medium,110.16521,-2.24381,False,False,True,False,False,True,Di Luar Area Pantauan (>1000m dari Desa)
Manis Mata,Silat,"Jumat, 11 September 2026 13:18:00",NASA-SNPP,Medium,110.92715,-2.26846,False,False,False,False,False,False,Di Luar Area Pantauan (>1000m dari Desa)
Kendawangan,Pangkalan Batu,"Jumat, 11 September 2026 13:18:00",NASA-SNPP,Medium,110.38589,-2.18627,False,False,False,False,False,False,Di Luar Area Pantauan (>1000m dari Desa)
Manis Mata,Silat,"Jumat, 11 September 2026 13:18:00",NASA-SNPP,Medium,110.94158,-2.26965,False,False,False,False,False,False,Di Luar Area Pantauan (>1000m dari Desa)
Manis Mata,Silat,"Jumat, 11 September 2026 13:18:00",NASA-SNPP,Medium,110.94057,-2.26298,False,False,False,False,False,False,Di Luar Area Pantauan (>1000m dari Desa)
Kendawangan,Banjar Sari,"Jumat, 11 September 2026 13:18:00",NASA-SNPP,Medium,110.3588,-2.32938,False,False,False,False,False,False,Di Luar Area Pantauan (>1000m dari Desa)
Kendawangan,Kedondong,"Jumat, 11 September 2026 13:18:00",NASA-SNPP,Medium,110.33157,-2.28937,False,False,False,False,False,False,Di Luar Area Pantauan (>1000m dari Desa)
Matan Hilir Selatan,Pagar Mentimun,"Jumat, 11 September 2026 13:18:00",NASA-SNPP,Medium,110.15661,-2.29913,False,False,False,False,False,False,Di Luar Area Pantauan (>1000m dari Desa)
Marau,Bantan Sari,"Jumat, 11 September 2026 13:18:00",NASA-SNPP,Medium,110.82054,-2.20081,False,False,False,False,False,False,Di Luar Area Pantauan (>1000m dari Desa)
Kendawangan,Kedondong,"Jumat, 11 September 2026 13:18:00",NASA-SNPP,Medium,110.3438,-2.25351,False,False,False,False,False,False,Di Luar Area Pantauan (>1000m dari Desa)
Matan Hilir Selatan,Pagar Mentimun,"Jumat, 11 September 2026 13:18:00",NASA-SNPP,Medium,110.16056,-2.30192,False,False,False,False,False,False,Di Luar Area Pantauan (>1000m dari Desa)
Matan Hilir Selatan,Pagar Mentimun,"Jumat, 11 September 2026 13:18:00",NASA-SNPP,Medium,110.11693,-2.25119,False,False,False,False,False,False,Di Luar Area Pantauan (>1000m dari Desa)
Matan Hilir Selatan,Pagar Mentimun,"Jumat, 11 September 2026 13:18:00",NASA-SNPP,Medium,110.18491,-2.234,False,False,False,False,False,False,Di Luar Area Pantauan (>1000m dari Desa)
Matan Hilir Selatan,Pagar Mentimun,"Jumat, 11 September 2026 13:18:00",NASA-SNPP,Medium,110.11642,-2.24787,False,False,False,False,False,False,Di Luar Area Pantauan (>1000m dari Desa)
Matan Hilir Selatan,Pagar Mentimun,"Jumat, 11 September 2026 13:18:00",NASA-SNPP,Medium,110.16126,-2.24101,False,False,False,False,False,False,Di Luar Area Pantauan (>1000m dari Desa)
Matan Hilir Selatan,Pagar Mentimun,"Jumat, 11 September 2026 13:18:00",NASA-SNPP,Medium,110.17406,-2.23226,False,False,False,False,False,False,Di Luar Area Pantauan (>1000m dari Desa)
Matan Hilir Selatan,Pagar Mentimun,"Jumat, 11 September 2026 13:18:00",NASA-SNPP,Medium,110.15337,-2.23543,False,False,False,False,False,False,Di Luar Area Pantauan (>1000m dari Desa)
Matan Hilir Selatan,Pagar Mentimun,"Jumat, 11 September 2026 13:18:00",NASA-SNPP,Medium,110.15681,-2.2349,False,False,False,False,False,False,Di Luar Area Pantauan (>1000m dari Desa)
Manis Mata,Seguling,"Jumat, 11 September 2026 13:18:00",NASA-SNPP,Medium,111.09658,-2.61833,False,False,False,True,False,True,Di Luar Area Pantauan (>1000m dari Desa)
Manis Mata,Seguling,"Jumat, 11 September 2026 13:18:00",NASA-SNPP,Medium,111.09501,-2.58439,False,False,False,False,False,False,Di Luar Area Pantauan (>1000m dari Desa)
Manis Mata,Sungai Buluh,"Jumat, 11 September 2026 13:18:00",NASA-SNPP,Medium,111.04861,-2.56517,False,False,False,False,False,False,Di Luar Area Pantauan (>1000m dari Desa)
Kendawangan,Pangkalan Batu,"Jumat, 11 September 2026 13:18:00",NASA-SNPP,Medium,110.35083,-2.16445,False,False,False,False,False,False,Di Luar Area Pantauan (>1000m dari Desa)
Matan Hilir Selatan,Sungai Nanjung,"Jumat, 11 September 2026 13:18:00",NASA-SNPP,Medium,110.21136,-2.17559,False,False,False,True,False,True,Di Luar Area Pantauan (>1000m dari Desa)
Matan Hilir Selatan,Pesaguan Kanan,"Jumat, 11 September 2026 13:18:00",NASA-SNPP,Medium,110.24799,-2.03177,False,False,True,True,False,True,Di Luar Area Pantauan (>1000m dari Desa)
Matan Hilir Selatan,Pesaguan Kanan,"Jumat, 11 September 2026 13:18:00",NASA-SNPP,Medium,110.25144,-2.03124,False,False,True,True,False,True,Di Luar Area Pantauan (>1000m dari Desa)
Matan Hilir Selatan,Pesaguan Kanan,"Jumat, 11 September 2026 13:18:00",NASA-SNPP,Medium,110.32732,-2.01964,False,False,True,True,False,True,Di Luar Area Pantauan (>1000m dari Desa)
Matan Hilir Selatan,Pesaguan Kanan,"Jumat, 11 September 2026 13:18:00",NASA-SNPP,Medium,110.2549,-2.03071,False,False,True,True,False,True,Di Luar Area Pantauan (>1000m dari Desa)
Marau,Randai,"Jumat, 11 September 2026 13:18:00",NASA-SNPP,Medium,110.48151,-2.16484,False,False,False,False,False,False,Di Luar Area Pantauan (>1000m dari Desa)
Matan Hilir Selatan,Sungai Nanjung,"Jumat, 11 September 2026 13:18:00",NASA-SNPP,Medium,110.17596,-2.11045,False,False,False,False,False,False,Di Luar Area Pantauan (>1000m dari Desa)
Marau,Batu Payung Dua,"Jumat, 11 September 2026 13:18:00",NASA-SNPP,Medium,110.57367,-2.03259,False,False,True,False,True,True,Di Luar Area Pantauan (>1000m dari Desa)
Matan Hilir Selatan,Pagar Mentimun,"Jumat, 11 September 2026 13:18:00",NASA-SNPP,Medium,110.10056,-2.21291,False,False,False,False,False,False,Di Luar Area Pantauan (>1000m dari Desa)
Kendawangan,Pangkalan Batu,"Jumat, 11 September 2026 13:18:00",NASA-SNPP,Medium,110.34738,-2.16498,False,False,False,False,False,False,Di Luar Area Pantauan (>1000m dari Desa)
Matan Hilir Selatan,Sungai Nanjung,"Jumat, 11 September 2026 13:18:00",NASA-SNPP,Medium,110.09358,-2.19019,False,False,False,False,False,False,Di Luar Area Pantauan (>1000m dari Desa)
Matan Hilir Selatan,Sungai Nanjung,"Jumat, 11 September 2026 13:18:00",NASA-SNPP,Medium,110.21086,-2.17227,False,False,False,True,False,True,Di Luar Area Pantauan (>1000m dari Desa)
Matan Hilir Selatan,Sungai Nanjung,"Jumat, 11 September 2026 13:18:00",NASA-SNPP,Medium,110.16374,-2.1463,False,False,False,True,False,True,Di Luar Area Pantauan (>1000m dari Desa)
Matan Hilir Selatan,Sungai Nanjung,"Jumat, 11 September 2026 13:18:00",NASA-SNPP,Medium,110.16719,-2.14577,False,False,False,False,False,False,Di Luar Area Pantauan (>1000m dari Desa)
Matan Hilir Selatan,Sungai Nanjung,"Jumat, 11 September 2026 13:18:00",NASA-SNPP,Medium,110.14894,-2.14177,False,False,False,False,False,False,Di Luar Area Pantauan (>1000m dari Desa)
Matan Hilir Selatan,Sungai Nanjung,"Jumat, 11 September 2026 13:18:00",NASA-SNPP,Medium,110.20901,-2.11899,False,False,False,False,False,False,Di Luar Area Pantauan (>1000m dari Desa)
Matan Hilir Selatan,Sungai Nanjung,"Jumat, 11 September 2026 13:18:00",NASA-SNPP,Medium,110.14549,-2.1423,False,False,False,False,False,False,Di Luar Area Pantauan (>1000m dari Desa)
Matan Hilir Selatan,Pesaguan Kanan,"Jumat, 11 September 2026 13:18:00",NASA-SNPP,Medium,110.3485,-2.0198,False,False,False,True,False,True,Di Luar Area Pantauan (>1000m dari Desa)
Matan Hilir Selatan,Pesaguan Kanan,"Jumat, 11 September 2026 13:18:00",NASA-SNPP,Medium,110.18963,-2.06079,False,False,False,True,False,True,Di Luar Area Pantauan (>1000m dari Desa)
Matan Hilir Selatan,Pesaguan Kanan,"Jumat, 11 September 2026 13:18:00",NASA-SNPP,Medium,110.22951,-2.0445,False,False,False,True,False,True,Di Luar Area Pantauan (>1000m dari Desa)
Matan Hilir Selatan,Pesaguan Kanan,"Jumat, 11 September 2026 13:18:00",NASA-SNPP,Medium,110.21622,-2.04993,False,False,True,True,False,True,Di Luar Area Pantauan (>1000m dari Desa)
Matan Hilir Selatan,Pesaguan Kanan,"Jumat, 11 September 2026 13:18:00",NASA-SNPP,Medium,110.30022,-2.02718,False,False,False,False,False,False,Di Luar Area Pantauan (>1000m dari Desa)
Matan Hilir Selatan,Pesaguan Kanan,"Jumat, 11 September 2026 13:18:00",NASA-SNPP,Medium,110.30882,-2.03236,False,False,False,False,False,False,Di Luar Area Pantauan (>1000m dari Desa)
Matan Hilir Selatan,Pesaguan Kanan,"Jumat, 11 September 2026 13:18:00",NASA-SNPP,Medium,110.34505,-2.02032,False,False,False,True,False,True,Di Luar Area Pantauan (>1000m dari Desa)
Matan Hilir Selatan,Pesaguan Kanan,"Jumat, 11 September 2026 13:18:00",NASA-SNPP,Medium,110.20417,-2.04526,False,False,False,True,False,True,Di Luar Area Pantauan (>1000m dari Desa)
Matan Hilir Selatan,Pesaguan Kanan,"Jumat, 11 September 2026 13:18:00",NASA-SNPP,Medium,110.31673,-2.03795,False,False,True,True,False,True,Di Luar Area Pantauan (>1000m dari Desa)
Matan Hilir Selatan,Pesaguan Kanan,"Jumat, 11 September 2026 13:18:00",NASA-SNPP,Medium,110.22485,-2.0421,False,False,True,True,False,True,Di Luar Area Pantauan (>1000m dari Desa)
Matan Hilir Selatan,Pesaguan Kanan,"Jumat, 11 September 2026 13:18:00",NASA-SNPP,Medium,110.34161,-2.02085,False,False,False,False,False,False,Di Luar Area Pantauan (>1000m dari Desa)
Matan Hilir Selatan,Pesaguan Kanan,"Jumat, 11 September 2026 13:18:00",NASA-SNPP,Medium,110.30418,-2.02997,False,False,False,False,False,False,Di Luar Area Pantauan (>1000m dari Desa)
Matan Hilir Selatan,Pesaguan Kanan,"Jumat, 11 September 2026 13:18:00",NASA-SNPP,Medium,110.19038,-2.04737,False,False,False,True,False,True,Di Luar Area Pantauan (>1000m dari Desa)
Matan Hilir Selatan,Pesaguan Kanan,"Jumat, 11 September 2026 13:18:00",NASA-SNPP,Medium,110.17802,-2.03567,False,False,False,True,False,True,Di Luar Area Pantauan (>1000m dari Desa)
Matan Hilir Selatan,Pesaguan Kanan,"Jumat, 11 September 2026 13:18:00",NASA-SNPP,Medium,110.25095,-2.02792,False,False,True,True,False,True,Di Luar Area Pantauan (>1000m dari Desa)
Matan Hilir Selatan,Pesaguan Kanan,"Jumat, 11 September 2026 13:18:00",NASA-SNPP,Medium,110.26474,-2.02581,False,False,False,False,False,False,Di Luar Area Pantauan (>1000m dari Desa)
Matan Hilir Selatan,Pesaguan Kanan,"Jumat, 11 September 2026 13:18:00",NASA-SNPP,Medium,110.25439,-2.02739,False,False,True,True,False,True,Di Luar Area Pantauan (>1000m dari Desa)
Matan Hilir Selatan,Pesaguan Kanan,"Jumat, 11 September 2026 13:18:00",NASA-SNPP,Medium,110.32286,-2.01352,False,False,False,False,False,False,Di Luar Area Pantauan (>1000m dari Desa)
Matan Hilir Selatan,Pesaguan Kanan,"Jumat, 11 September 2026 13:18:00",NASA-SNPP,Medium,110.2475,-2.02844,False,False,True,True,False,True,Di Luar Area Pantauan (>1000m dari Desa)
Matan Hilir Selatan,Pesaguan Kanan,"Jumat, 11 September 2026 13:18:00",NASA-SNPP,Medium,110.24405,-2.02897,False,False,True,True,False,True,Di Luar Area Pantauan (>1000m dari Desa)
Matan Hilir Selatan,Pesaguan Kanan,"Jumat, 11 September 2026 13:18:00",NASA-SNPP,Medium,110.25784,-2.02686,False,False,True,True,False,True,Di Luar Area Pantauan (>1000m dari Desa)
Matan Hilir Selatan,Pesaguan Kanan,"Jumat, 11 September 2026 13:18:00",NASA-SNPP,Medium,110.311,-2.00514,False,False,False,False,False,False,Di Luar Area Pantauan (>1000m dari Desa)
Matan Hilir Selatan,Sungai Nanjung,"Jumat, 11 September 2026 13:18:00",NASA-SNPP,Medium,110.17496,-2.10381,False,False,False,False,False,False,Di Luar Area Pantauan (>1000m dari Desa)
Matan Hilir Selatan,Pesaguan Kanan,"Jumat, 11 September 2026 13:18:00",NASA-SNPP,Medium,110.30655,-1.99903,False,False,False,False,False,False,Di Luar Area Pantauan (>1000m dari Desa)
Matan Hilir Selatan,Pesaguan Kanan,"Jumat, 11 September 2026 13:18:00",NASA-SNPP,Medium,110.19915,-2.01205,False,False,False,True,False,True,Di Luar Area Pantauan (>1000m dari Desa)
Matan Hilir Selatan,Pesaguan Kanan,"Jumat, 11 September 2026 13:18:00",NASA-SNPP,Medium,110.35088,-1.98885,False,False,False,False,False,False,Di Luar Area Pantauan (>1000m dari Desa)
Muara Pawan,Mayak,"Jumat, 11 September 2026 13:18:00",NASA-SNPP,Medium,110.16483,-1.72696,False,False,True,True,False,True,Di Luar Area Pantauan (>1000m dari Desa)
Benua Kayong,Negeri Baru,"Jumat, 11 September 2026 13:18:00",NASA-SNPP,Medium,110.19376,-1.79659,False,False,False,True,False,True,Di Luar Area Pantauan (>1000m dari Desa)
Benua Kayong,Negeri Baru,"Jumat, 11 September 2026 13:18:00",NASA-SNPP,Medium,110.20849,-1.77735,False,False,False,True,False,True,Di Luar Area Pantauan (>1000m dari Desa)
Matan Hilir Selatan,Pesaguan Kanan,"Jumat, 11 September 2026 13:18:00",NASA-SNPP,Medium,110.19865,-2.00873,False,False,False,False,False,False,Di Luar Area Pantauan (>1000m dari Desa)
Muara Pawan,Mayak,"Jumat, 11 September 2026 13:18:00",NASA-SNPP,Medium,110.17683,-1.73122,False,False,False,True,False,True,Di Luar Area Pantauan (>1000m dari Desa)
Benua Kayong,Negeri Baru,"Jumat, 11 September 2026 13:18:00",NASA-SNPP,Medium,110.20354,-1.76791,False,False,False,False,False,False,Di Luar Area Pantauan (>1000m dari Desa)
Sungai Melayu Rayak,Makmur Abadi,"Jumat, 11 September 2026 13:18:00",NASA-SNPP,Medium,110.23494,-1.71893,False,False,False,False,False,False,Di Luar Area Pantauan (>1000m dari Desa)
Muara Pawan,Mayak,"Jumat, 11 September 2026 13:18:00",NASA-SNPP,Medium,110.12318,-1.74962,False,False,False,True,False,True,Di Luar Area Pantauan (>1000m dari Desa)
Muara Pawan,Mayak,"Jumat, 11 September 2026 13:18:00",NASA-SNPP,Medium,110.16038,-1.72085,False,False,True,True,False,True,Di Luar Area Pantauan (>1000m dari Desa)
Benua Kayong,Negeri Baru,"Jumat, 11 September 2026 13:18:00",NASA-SNPP,Medium,110.19915,-1.78557,False,False,False,True,False,True,Di Luar Area Pantauan (>1000m dari Desa)
Matan Hilir Selatan,Pesaguan Kanan,"Jumat, 11 September 2026 13:18:00",NASA-SNPP,Medium,110.16811,-2.0168,False,False,False,False,False,False,Di Luar Area Pantauan (>1000m dari Desa)
Matan Hilir Selatan,Pesaguan Kanan,"Jumat, 11 September 2026 13:18:00",NASA-SNPP,Medium,110.16518,-2.02065,False,False,False,False,False,False,Di Luar Area Pantauan (>1000m dari Desa)
Matan Hilir Selatan,Pematang Gadung,"Jumat, 11 September 2026 13:18:00",NASA-SNPP,Medium,110.31483,-1.96038,False,False,True,True,False,True,Di Luar Area Pantauan (>1000m dari Desa)
Matan Hilir Selatan,Pematang Gadung,"Jumat, 11 September 2026 13:18:00",NASA-SNPP,Medium,110.1848,-1.98707,False,False,False,True,False,True,Di Luar Area Pantauan (>1000m dari Desa)
Matan Hilir Selatan,Pematang Gadung,"Jumat, 11 September 2026 13:18:00",NASA-SNPP,Medium,110.31533,-1.9637,False,False,True,True,False,True,Di Luar Area Pantauan (>1000m dari Desa)
Matan Hilir Selatan,Sungai Besar,"Jumat, 11 September 2026 13:18:00",NASA-SNPP,Medium,110.12173,-1.92614,False,False,False,True,False,True,Di Luar Area Pantauan (>1000m dari Desa)
Matan Hilir Selatan,Pematang Gadung,"Jumat, 11 September 2026 13:18:00",NASA-SNPP,Medium,110.17991,-1.93763,False,False,False,True,False,True,Di Luar Area Pantauan (>1000m dari Desa)
Matan Hilir Selatan,Sungai Bakau,"Jumat, 11 September 2026 13:18:00",NASA-SNPP,Medium,110.17596,-1.93484,False,False,False,True,False,True,Di Luar Area Pantauan (>1000m dari Desa)
Sungai Melayu Rayak,Sungai Melayu,"Jumat, 11 September 2026 13:18:00",NASA-SNPP,Medium,110.33646,-1.87632,False,False,False,False,False,False,Di Luar Area Pantauan (>1000m dari Desa)
Matan Hilir Selatan,Sungai Besar,"Jumat, 11 September 2026 13:18:00",NASA-SNPP,Medium,110.20694,-1.90632,False,False,False,False,False,False,Di Luar Area Pantauan (>1000m dari Desa)
Matan Hilir Selatan,Sungai Besar,"Jumat, 11 September 2026 13:18:00",NASA-SNPP,Medium,110.20054,-1.9107,False,False,False,False,False,False,Di Luar Area Pantauan (>1000m dari Desa)
Matan Hilir Selatan,Sungai Besar,"Jumat, 11 September 2026 13:18:00",NASA-SNPP,Medium,110.1981,-1.91787,False,False,False,False,False,False,Di Luar Area Pantauan (>1000m dari Desa)
Matan Hilir Selatan,Sungai Besar,"Jumat, 11 September 2026 13:18:00",NASA-SNPP,Medium,110.17044,-1.89831,False,False,True,True,False,True,Di Luar Area Pantauan (>1000m dari Desa)
Matan Hilir Selatan,Sungai Besar,"Jumat, 11 September 2026 13:18:00",NASA-SNPP,Medium,110.21427,-1.88481,False,False,True,True,False,True,Di Luar Area Pantauan (>1000m dari Desa)
Matan Hilir Selatan,Sungai Besar,"Jumat, 11 September 2026 13:18:00",NASA-SNPP,Medium,110.16944,-1.89167,False,False,True,True,False,True,Di Luar Area Pantauan (>1000m dari Desa)
Matan Hilir Selatan,Sungai Besar,"Jumat, 11 September 2026 13:18:00",NASA-SNPP,Medium,110.16649,-1.89552,False,False,True,True,False,True,Di Luar Area Pantauan (>1000m dari Desa)
Matan Hilir Selatan,Sungai Besar,"Jumat, 11 September 2026 13:18:00",NASA-SNPP,Medium,110.16304,-1.89604,False,False,True,True,False,True,Di Luar Area Pantauan (>1000m dari Desa)
Matan Hilir Selatan,Sungai Besar,"Jumat, 11 September 2026 13:18:00",NASA-SNPP,Medium,110.16254,-1.89272,False,False,True,True,False,True,Di Luar Area Pantauan (>1000m dari Desa)
Matan Hilir Selatan,Sungai Besar,"Jumat, 11 September 2026 13:18:00",NASA-SNPP,Medium,110.20737,-1.88587,False,False,True,True,False,True,Di Luar Area Pantauan (>1000m dari Desa)
Matan Hilir Selatan,Sungai Besar,"Jumat, 11 September 2026 13:18:00",NASA-SNPP,Medium,110.1591,-1.89325,False,False,True,True,False,True,Di Luar Area Pantauan (>1000m dari Desa)
Matan Hilir Selatan,Sungai Besar,"Jumat, 11 September 2026 13:18:00",NASA-SNPP,Medium,110.20688,-1.88255,False,False,True,True,False,True,Di Luar Area Pantauan (>1000m dari Desa)
Matan Hilir Selatan,Sungai Besar,"Jumat, 11 September 2026 13:18:00",NASA-SNPP,Medium,110.17088,-1.87786,False,False,True,True,False,True,Di Luar Area Pantauan (>1000m dari Desa)
Matan Hilir Selatan,Sungai Besar,"Jumat, 11 September 2026 13:18:00",NASA-SNPP,Medium,110.18568,-1.88239,False,False,True,True,False,True,Di Luar Area Pantauan (>1000m dari Desa)
Matan Hilir Selatan,Sungai Besar,"Jumat, 11 September 2026 13:18:00",NASA-SNPP,Medium,110.19897,-1.87696,False,False,True,True,False,True,Di Luar Area Pantauan (>1000m dari Desa)
Matan Hilir Selatan,Sungai Besar,"Jumat, 11 September 2026 13:18:00",NASA-SNPP,Medium,110.17138,-1.88118,False,False,True,True,False,True,Di Luar Area Pantauan (>1000m dari Desa)
Matan Hilir Selatan,Sungai Besar,"Jumat, 11 September 2026 13:18:00",NASA-SNPP,Medium,110.17433,-1.87733,False,False,True,True,False,True,Di Luar Area Pantauan (>1000m dari Desa)
Matan Hilir Selatan,Sungai Pelang,"Jumat, 11 September 2026 13:18:00",NASA-SNPP,Medium,110.18662,-1.86526,False,False,True,True,False,True,Di Luar Area Pantauan (>1000m dari Desa)
Matan Hilir Selatan,Sungai Pelang,"Jumat, 11 September 2026 13:18:00",NASA-SNPP,Medium,110.20776,-1.84164,False,False,False,True,False,True,Di Luar Area Pantauan (>1000m dari Desa)
Benua Kayong,Negeri Baru,"Jumat, 11 September 2026 13:18:00",NASA-SNPP,Medium,110.13866,-1.82879,False,False,False,False,False,False,Di Luar Area Pantauan (>1000m dari Desa)
Sungai Melayu Rayak,Sungai Melayu,"Jumat, 11 September 2026 13:18:00",NASA-SNPP,Medium,110.48714,-1.79885,False,False,False,False,True,True,Di Luar Area Pantauan (>1000m dari Desa)
Sungai Melayu Rayak,Sungai Melayu,"Jumat, 11 September 2026 13:18:00",NASA-SNPP,Medium,110.48663,-1.79553,False,False,False,False,True,True,Di Luar Area Pantauan (>1000m dari Desa)
Benua Kayong,Negeri Baru,"Jumat, 11 September 2026 13:18:00",NASA-SNPP,Medium,110.20899,-1.78067,False,False,False,True,False,True,Di Luar Area Pantauan (>1000m dari Desa)
Benua Kayong,Negeri Baru,"Jumat, 11 September 2026 13:18:00",NASA-SNPP,Medium,110.14211,-1.82827,False,False,False,False,False,False,Di Luar Area Pantauan (>1000m dari Desa)
Matan Hilir Selatan,Sungai Pelang,"Jumat, 11 September 2026 13:18:00",NASA-SNPP,Medium,110.25588,-1.81087,False,False,False,True,False,True,Di Luar Area Pantauan (>1000m dari Desa)
Benua Kayong,Negeri Baru,"Jumat, 11 September 2026 13:18:00",NASA-SNPP,Medium,110.13916,-1.83212,False,False,False,False,False,False,Di Luar Area Pantauan (>1000m dari Desa)
Matan Hilir Selatan,Sungai Pelang,"Jumat, 11 September 2026 13:18:00",NASA-SNPP,Medium,110.23828,-1.83357,False,False,True,True,False,True,Di Luar Area Pantauan (>1000m dari Desa)
Matan Hilir Selatan,Sungai Pelang,"Jumat, 11 September 2026 13:18:00",NASA-SNPP,Medium,110.23634,-1.84406,False,False,True,True,False,True,Di Luar Area Pantauan (>1000m dari Desa)
Sungai Melayu Rayak,Makmur Abadi,"Jumat, 11 September 2026 13:18:00",NASA-SNPP,Medium,110.34542,-1.7496,False,False,False,False,False,False,Di Luar Area Pantauan (>1000m dari Desa)
Benua Kayong,Negeri Baru,"Jumat, 11 September 2026 13:18:00",NASA-SNPP,Medium,110.19665,-1.76896,False,False,False,False,False,False,Di Luar Area Pantauan (>1000m dari Desa)
Sungai Melayu Rayak,Makmur Abadi,"Jumat, 11 September 2026 13:18:00",NASA-SNPP,Medium,110.21683,-1.76248,False,False,False,False,False,False,Di Luar Area Pantauan (>1000m dari Desa)
Sungai Melayu Rayak,Makmur Abadi,"Jumat, 11 September 2026 13:18:00",NASA-SNPP,Medium,110.23351,-1.73274,False,False,True,True,False,True,Di Luar Area Pantauan (>1000m dari Desa)
Sungai Melayu Rayak,Makmur Abadi,"Jumat, 11 September 2026 13:18:00",NASA-SNPP,Medium,110.23256,-1.74988,False,False,False,True,False,True,Di Luar Area Pantauan (>1000m dari Desa)
Sungai Melayu Rayak,Makmur Abadi,"Jumat, 11 September 2026 13:18:00",NASA-SNPP,Medium,110.2256,-1.72716,False,False,False,True,False,True,Di Luar Area Pantauan (>1000m dari Desa)
Matan Hilir Selatan,Sungai Pelang,"Jumat, 11 September 2026 13:18:00",NASA-SNPP,Medium,110.19691,-1.8399,False,False,False,True,False,True,Di Luar Area Pantauan (>1000m dari Desa)
Muara Pawan,Tanjung Pura,"Jumat, 11 September 2026 13:18:00",NASA-SNPP,Medium,110.15141,-1.68485,False,False,True,True,False,True,Di Luar Area Pantauan (>1000m dari Desa)
Muara Pawan,Tanjung Pura,"Jumat, 11 September 2026 13:18:00",NASA-SNPP,Medium,110.14157,-1.68975,False,False,True,True,False,True,Di Luar Area Pantauan (>1000m dari Desa)
Muara Pawan,Mayak,"Jumat, 11 September 2026 13:18:00",NASA-SNPP,Medium,110.12979,-1.70514,False,False,True,True,False,True,Di Luar Area Pantauan (>1000m dari Desa)
Muara Pawan,Mayak,"Jumat, 11 September 2026 13:18:00",NASA-SNPP,Medium,110.12635,-1.70567,False,False,True,True,False,True,Di Luar Area Pantauan (>1000m dari Desa)
Muara Pawan,Tanjung Pura,"Jumat, 11 September 2026 13:18:00",NASA-SNPP,Medium,110.16671,-1.6927,False,False,True,True,False,True,Di Luar Area Pantauan (>1000m dari Desa)
Muara Pawan,Ulak Medang,"Jumat, 11 September 2026 13:18:00",NASA-SNPP,Medium,110.30306,-1.63786,False,False,False,True,False,True,Di Luar Area Pantauan (>1000m dari Desa)
Muara Pawan,Mayak,"Jumat, 11 September 2026 13:18:00",NASA-SNPP,Medium,110.15987,-1.71753,False,False,True,True,False,True,Di Luar Area Pantauan (>1000m dari Desa)
Muara Pawan,Tanjung Pura,"Jumat, 11 September 2026 13:18:00",NASA-SNPP,Medium,110.19385,-1.70893,False,False,False,True,False,True,Di Luar Area Pantauan (>1000m dari Desa)
Muara Pawan,Tanjung Pura,"Jumat, 11 September 2026 13:18:00",NASA-SNPP,Medium,110.16376,-1.69655,False,False,True,True,False,True,Di Luar Area Pantauan (>1000m dari Desa)
Muara Pawan,Mayak,"Jumat, 11 September 2026 13:18:00",NASA-SNPP,Medium,110.14953,-1.71911,False,False,False,True,False,True,Di Luar Area Pantauan (>1000m dari Desa)
Nanga Tayap,Siantau Raya,"Jumat, 11 September 2026 13:18:00",NASA-SNPP,Medium,110.42989,-1.65925,False,False,False,False,False,False,Di Luar Area Pantauan (>1000m dari Desa)
Sungai Melayu Rayak,Makmur Abadi,"Jumat, 11 September 2026 13:18:00",NASA-SNPP,Medium,110.25634,-1.67899,False,False,False,False,False,False,Di Luar Area Pantauan (>1000m dari Desa)
Sungai Melayu Rayak,Makmur Abadi,"Jumat, 11 September 2026 13:18:00",NASA-SNPP,Medium,110.31008,-1.68437,False,False,False,False,False,False,Di Luar Area Pantauan (>1000m dari Desa)
Muara Pawan,Tanjung Pura,"Jumat, 11 September 2026 13:18:00",NASA-SNPP,Medium,110.14502,-1.68922,False,False,True,True,False,True,Di Luar Area Pantauan (>1000m dari Desa)
Muara Pawan,Sungai Awan Kiri,"Jumat, 11 September 2026 13:18:00",NASA-SNPP,Medium,110.00811,-1.71695,False,False,False,False,False,False,Di Luar Area Pantauan (>1000m dari Desa)
Muara Pawan,Ulak Medang,"Jumat, 11 September 2026 13:18:00",NASA-SNPP,Medium,110.29465,-1.62895,False,False,True,True,False,True,Di Luar Area Pantauan (>1000m dari Desa)
Muara Pawan,Ulak Medang,"Jumat, 11 September 2026 13:18:00",NASA-SNPP,Medium,110.29961,-1.63839,False,False,False,True,False,True,Di Luar Area Pantauan (>1000m dari Desa)
Nanga Tayap,Sungai Kelik,"Jumat, 11 September 2026 13:18:00",NASA-SNPP,Medium,110.30946,-1.63348,False,False,False,True,False,True,Di Luar Area Pantauan (>1000m dari Desa)
Matan Hilir Utara,Sungai Putri,"Jumat, 11 September 2026 13:18:00",NASA-SNPP,Medium,110.06216,-1.59008,False,False,False,True,False,True,Di Luar Area Pantauan (>1000m dari Desa)
Matan Hilir Utara,Sungai Putri,"Jumat, 11 September 2026 13:18:00",NASA-SNPP,Medium,110.05922,-1.59392,False,False,False,False,False,False,Di Luar Area Pantauan (>1000m dari Desa)
Nanga Tayap,Nanga Tayap,"Jumat, 11 September 2026 13:18:00",NASA-SNPP,Medium,110.58843,-1.51978,False,False,False,False,False,False,Di Luar Area Pantauan (>1000m dari Desa)
Matan Hilir Utara,Sungai Putri,"Jumat, 11 September 2026 13:18:00",NASA-SNPP,Medium,110.0779,-1.57748,False,False,True,True,False,True,Di Luar Area Pantauan (>1000m dari Desa)
Nanga Tayap,Nanga Tayap,"Jumat, 11 September 2026 13:18:00",NASA-SNPP,Medium,110.63392,-1.49238,False,False,True,False,False,True,Di Luar Area Pantauan (>1000m dari Desa)
Matan Hilir Utara,Sungai Putri,"Jumat, 11 September 2026 13:18:00",NASA-SNPP,Medium,110.06267,-1.5934,False,False,False,True,False,True,Di Luar Area Pantauan (>1000m dari Desa)
Matan Hilir Utara,Sungai Putri,"Jumat, 11 September 2026 13:18:00",NASA-SNPP,Medium,110.05872,-1.5906,False,False,False,False,False,False,Di Luar Area Pantauan (>1000m dari Desa)
Matan Hilir Utara,Tanjung Baik Budi,"Jumat, 11 September 2026 13:18:00",NASA-SNPP,Medium,110.11619,-1.52746,False,False,True,True,False,True,Di Luar Area Pantauan (>1000m dari Desa)
Muara Pawan,Ulak Medang,"Jumat, 11 September 2026 13:18:00",NASA-SNPP,Medium,110.28367,-1.51542,False,False,True,False,False,True,Di Luar Area Pantauan (>1000m dari Desa)
Muara Pawan,Ulak Medang,"Jumat, 11 September 2026 13:18:00",NASA-SNPP,Medium,110.26643,-1.51806,False,False,True,True,False,True,Di Luar Area Pantauan (>1000m dari Desa)
Muara Pawan,Ulak Medang,"Jumat, 11 September 2026 13:18:00",NASA-SNPP,Medium,110.26987,-1.51753,False,False,True,True,False,True,Di Luar Area Pantauan (>1000m dari Desa)
Muara Pawan,Ulak Medang,"Jumat, 11 September 2026 13:18:00",NASA-SNPP,Medium,110.25954,-1.51911,False,False,True,True,False,True,Di Luar Area Pantauan (>1000m dari Desa)
Muara Pawan,Ulak Medang,"Jumat, 11 September 2026 13:18:00",NASA-SNPP,Medium,110.27332,-1.517,False,False,False,True,False,True,Di Luar Area Pantauan (>1000m dari Desa)
Matan Hilir Utara,Lamon Satong,"Jumat, 11 September 2026 13:18:00",NASA-SNPP,Medium,110.18957,-1.52303,False,False,True,True,False,True,Di Luar Area Pantauan (>1000m dari Desa)
Matan Hilir Utara,Lamon Satong,"Jumat, 11 September 2026 13:18:00",NASA-SNPP,Medium,110.19302,-1.5225,False,False,True,True,False,True,Di Luar Area Pantauan (>1000m dari Desa)
Matan Hilir Utara,Kuala Tolak,"Jumat, 11 September 2026 13:18:00",NASA-SNPP,Medium,110.12923,-1.50248,False,False,True,True,False,True,Di Luar Area Pantauan (>1000m dari Desa)
Nanga Tayap,Sepakat Jaya,"Jumat, 11 September 2026 13:18:00",NASA-SNPP,Medium,110.66432,-1.4173,False,False,False,False,False,False,Di Luar Area Pantauan (>1000m dari Desa)
Matan Hilir Utara,Tanjung Baik Budi,"Jumat, 11 September 2026 13:18:00",NASA-SNPP,Medium,110.11275,-1.52798,False,False,True,True,False,True,Di Luar Area Pantauan (>1000m dari Desa)
Nanga Tayap,Tanjung Medan,"Jumat, 11 September 2026 13:18:00",NASA-SNPP,Medium,110.44269,-1.45116,False,False,False,False,False,False,Di Luar Area Pantauan (>1000m dari Desa)
Nanga Tayap,Simpang Tiga Sembelangaan,"Jumat, 11 September 2026 13:18:00",NASA-SNPP,Medium,110.38792,-1.46294,False,False,False,False,False,False,Di Luar Area Pantauan (>1000m dari Desa)
Muara Pawan,Sungai Awan Kiri,"Jumat, 11 September 2026 13:18:00",NASA-SNPP,Medium,110.05795,-1.74331,False,False,False,True,False,True,Di Luar Area Pantauan (>1000m dari Desa)
Nanga Tayap,Sepakat Jaya,"Jumat, 11 September 2026 13:18:00",NASA-SNPP,Medium,110.66629,-1.38291,False,False,True,False,False,True,Di Luar Area Pantauan (>1000m dari Desa)
Nanga Tayap,Sepakat Jaya,"Jumat, 11 September 2026 13:18:00",NASA-SNPP,Medium,110.65688,-1.41502,False,False,False,False,False,False,Di Luar Area Pantauan (>1000m dari Desa)
Matan Hilir Utara,Kuala Tolak,"Jumat, 11 September 2026 13:18:00",NASA-SNPP,Medium,110.12873,-1.49916,False,False,True,True,False,True,Di Luar Area Pantauan (>1000m dari Desa)
Nanga Tayap,Tanjung Medan,"Jumat, 11 September 2026 13:18:00",NASA-SNPP,Medium,110.4432,-1.45449,False,False,False,False,False,False,Di Luar Area Pantauan (>1000m dari Desa)
Nanga Tayap,Mensubang,"Jumat, 11 September 2026 13:18:00",NASA-SNPP,Medium,110.39978,-1.33234,False,False,False,False,False,False,Di Luar Area Pantauan (>1000m dari Desa)
Nanga Tayap,Pangkalan Teluk,"Jumat, 11 September 2026 13:18:00",NASA-SNPP,Medium,110.30425,-1.37754,False,False,True,False,True,True,Di Luar Area Pantauan (>1000m dari Desa)
Nanga Tayap,Pangkalan Teluk,"Jumat, 11 September 2026 13:18:00",NASA-SNPP,Medium,110.37272,-1.33988,False,False,False,False,True,True,Di Luar Area Pantauan (>1000m dari Desa)
Matan Hilir Utara,Kuala Satong,"Jumat, 11 September 2026 13:18:00",NASA-SNPP,Medium,110.13866,-1.37907,False,False,False,True,False,True,Di Luar Area Pantauan (>1000m dari Desa)
Matan Hilir Utara,Kuala Satong,"Jumat, 11 September 2026 13:18:00",NASA-SNPP,Medium,110.14262,-1.38186,False,False,False,True,False,True,Di Luar Area Pantauan (>1000m dari Desa)
Hulu Sungai,Lubuk Kakap,"Jumat, 11 September 2026 13:18:00",NASA-SNPP,Medium,111.13659,-1.273,False,False,True,False,False,True,Di Luar Area Pantauan (>1000m dari Desa)
Nanga Tayap,Mensubang,"Jumat, 11 September 2026 13:18:00",NASA-SNPP,Medium,110.41022,-1.33075,False,False,False,False,False,False,Di Luar Area Pantauan (>1000m dari Desa)
Sukadana,Riam Berasap Jaya,"Jumat, 11 September 2026 13:18:00",NASA-SNPP,Medium,110.15139,-1.34655,False,False,False,False,False,False,Di Luar Area Pantauan (>1000m dari Desa)
Matan Hilir Utara,Kuala Tolak,"Jumat, 11 September 2026 13:18:00",NASA-SNPP,Medium,110.12579,-1.50301,False,False,True,True,False,True,Di Luar Area Pantauan (>1000m dari Desa)
Marau,Randai,"Jumat, 11 September 2026 13:18:00",NASA-SNPP,Medium,110.48202,-2.16816,False,False,False,False,False,False,Di Luar Area Pantauan (>1000m dari Desa)
Benua Kayong,Negeri Baru,"Jumat, 11 September 2026 13:18:00",NASA-SNPP,Medium,110.17395,-1.75884,False,False,False,False,False,False,Di Luar Area Pantauan (>1000m dari Desa)
Ella Hilir,Nyanggau,"Jumat, 11 September 2026 13:18:00",NASA-SNPP,Medium,112.10997,-0.47329,False,False,False,False,False,False,Di Luar Area Pantauan (>1000m dari Desa)
Sukadana,Sedahan Jaya,"Jumat, 11 September 2026 13:18:00",NASA-SNPP,Medium,110.05637,-1.1719,False,False,True,True,True,True,Di Luar Area Pantauan (>1000m dari Desa)
Sukadana,Sedahan Jaya,"Jumat, 11 September 2026 13:18:00",NASA-SNPP,Medium,110.05981,-1.17137,False,False,True,True,True,True,Di Luar Area Pantauan (>1000m dari Desa)
Sandai,Penjawaan,"Jumat, 11 September 2026 13:18:00",NASA-SNPP,Medium,110.51054,-1.3154,False,False,False,False,False,False,Di Luar Area Pantauan (>1000m dari Desa)
Nanga Tayap,Mensubang,"Jumat, 11 September 2026 13:18:00",NASA-SNPP,Medium,110.40625,-1.32795,False,False,False,False,False,False,Di Luar Area Pantauan (>1000m dari Desa)
Nanga Tayap,Mensubang,"Jumat, 11 September 2026 13:18:00",NASA-SNPP,Medium,110.40277,-1.32849,False,False,False,False,False,False,Di Luar Area Pantauan (>1000m dari Desa)
Nanga Tayap,Sepakat Jaya,"Jumat, 11 September 2026 13:18:00",NASA-SNPP,Medium,110.67323,-1.38184,False,False,True,False,False,True,Di Luar Area Pantauan (>1000m dari Desa)
Matan Hilir Utara,Kuala Tolak,"Jumat, 11 September 2026 13:18:00",NASA-SNPP,Medium,110.12428,-1.49304,False,False,True,True,False,True,Di Luar Area Pantauan (>1000m dari Desa)
Matan Hilir Utara,Kuala Tolak,"Jumat, 11 September 2026 13:18:00",NASA-SNPP,Medium,110.14445,-1.48656,False,False,False,True,False,True,Di Luar Area Pantauan (>1000m dari Desa)
Matan Hilir Utara,Kuala Tolak,"Jumat, 11 September 2026 13:18:00",NASA-SNPP,Medium,110.12478,-1.49637,False,False,True,True,False,True,Di Luar Area Pantauan (>1000m dari Desa)
Matan Hilir Utara,Kuala Tolak,"Jumat, 11 September 2026 13:18:00",NASA-SNPP,Medium,110.1563,-1.49494,False,False,False,True,False,True,Di Luar Area Pantauan (>1000m dari Desa)
Matan Hilir Utara,Kuala Tolak,"Jumat, 11 September 2026 13:18:00",NASA-SNPP,Medium,110.12183,-1.50021,False,False,True,True,False,True,Di Luar Area Pantauan (>1000m dari Desa)
Matan Hilir Utara,Kuala Tolak,"Jumat, 11 September 2026 13:18:00",NASA-SNPP,Medium,110.15974,-1.49442,False,False,True,True,False,True,Di Luar Area Pantauan (>1000m dari Desa)
Matan Hilir Selatan,Sungai Nanjung,"Jumat, 11 September 2026 13:18:00",NASA-SNPP,Medium,110.15189,-2.13792,False,False,False,True,False,True,Di Luar Area Pantauan (>1000m dari Desa)
Matan Hilir Selatan,Sungai Nanjung,"Jumat, 11 September 2026 13:18:00",NASA-SNPP,Medium,110.23019,-2.11915,False,False,False,True,False,True,Di Luar Area Pantauan (>1000m dari Desa)
Nanga Tayap,Tanjung Medan,"Jumat, 11 September 2026 13:18:00",NASA-SNPP,Medium,110.44075,-1.46167,False,False,True,False,False,True,Di Luar Area Pantauan (>1000m dari Desa)
Nanga Tayap,Tanjung Medan,"Jumat, 11 September 2026 13:18:00",NASA-SNPP,Medium,110.4442,-1.46114,False,False,False,False,False,False,Di Luar Area Pantauan (>1000m dari Desa)
Matan Hilir Utara,Lamon Satong,"Jumat, 11 September 2026 13:18:00",NASA-SNPP,Medium,110.20136,-1.50763,False,False,True,True,False,True,Di Luar Area Pantauan (>1000m dari Desa)
Muara Pawan,Ulak Medang,"Jumat, 11 September 2026 13:18:00",NASA-SNPP,Medium,110.2243,-1.50153,False,False,True,True,False,True,Di Luar Area Pantauan (>1000m dari Desa)
Matan Hilir Utara,Tanjung Baik Budi,"Jumat, 11 September 2026 13:18:00",NASA-SNPP,Medium,110.14276,-1.5166,False,False,True,True,False,True,Di Luar Area Pantauan (>1000m dari Desa)
Matan Hilir Utara,Tanjung Baik Budi,"Jumat, 11 September 2026 13:18:00",NASA-SNPP,Medium,110.14326,-1.51992,False,False,True,True,False,True,Di Luar Area Pantauan (>1000m dari Desa)
Matan Hilir Utara,Lamon Satong,"Jumat, 11 September 2026 13:18:00",NASA-SNPP,Medium,110.19497,-1.51201,False,False,True,True,False,True,Di Luar Area Pantauan (>1000m dari Desa)
Matan Hilir Selatan,Sungai Nanjung,"Jumat, 11 September 2026 13:18:00",NASA-SNPP,Medium,110.22675,-2.11968,False,False,False,True,False,True,Di Luar Area Pantauan (>1000m dari Desa)
Matan Hilir Utara,Tanjung Baik Budi,"Jumat, 11 September 2026 13:18:00",NASA-SNPP,Medium,110.17873,-1.52129,False,False,False,False,False,False,Di Luar Area Pantauan (>1000m dari Desa)
Simpang Hilir,Batu Barat,"Jumat, 11 September 2026 13:18:00",NASA-SNPP,Medium,110.04405,-0.95736,False,False,True,True,False,True,Di Luar Area Pantauan (>1000m dari Desa)
Matan Hilir Utara,Tanjung Baik Budi,"Jumat, 11 September 2026 13:18:00",NASA-SNPP,Medium,110.17924,-1.5246,False,False,False,True,False,True,Di Luar Area Pantauan (>1000m dari Desa)
Matan Hilir Utara,Tanjung Baik Budi,"Jumat, 11 September 2026 13:18:00",NASA-SNPP,Medium,110.18663,-1.52688,False,False,True,True,False,True,Di Luar Area Pantauan (>1000m dari Desa)
Muara Pawan,Ulak Medang,"Jumat, 11 September 2026 13:18:00",NASA-SNPP,Medium,110.25214,-1.51685,False,False,True,True,False,True,Di Luar Area Pantauan (>1000m dari Desa)
Matan Hilir Selatan,Sungai Nanjung,"Jumat, 11 September 2026 13:18:00",NASA-SNPP,Medium,110.21146,-2.11182,False,False,True,True,False,True,Di Luar Area Pantauan (>1000m dari Desa)
Matan Hilir Utara,Tanjung Baik Budi,"Jumat, 11 September 2026 13:18:00",NASA-SNPP,Medium,110.08817,-1.55212,False,False,True,True,False,True,Di Luar Area Pantauan (>1000m dari Desa)
Matan Hilir Selatan,Sungai Nanjung,"Jumat, 11 September 2026 13:18:00",NASA-SNPP,Medium,110.15872,-2.11309,False,False,False,True,False,True,Di Luar Area Pantauan (>1000m dari Desa)
Matan Hilir Selatan,Sungai Nanjung,"Jumat, 11 September 2026 13:18:00",NASA-SNPP,Medium,110.17991,-2.11325,False,False,False,False,False,False,Di Luar Area Pantauan (>1000m dari Desa)
Matan Hilir Selatan,Sungai Nanjung,"Jumat, 11 September 2026 13:18:00",NASA-SNPP,Medium,110.17647,-2.11378,False,False,False,False,False,False,Di Luar Area Pantauan (>1000m dari Desa)
Matan Hilir Utara,Sungai Putri,"Jumat, 11 September 2026 13:18:00",NASA-SNPP,Medium,110.08573,-1.55929,False,False,True,True,False,True,Di Luar Area Pantauan (>1000m dari Desa)
Muara Pawan,Ulak Medang,"Jumat, 11 September 2026 13:18:00",NASA-SNPP,Medium,110.29565,-1.6356,False,False,True,True,False,True,Di Luar Area Pantauan (>1000m dari Desa)
Matan Hilir Selatan,Sungai Nanjung,"Jumat, 11 September 2026 13:18:00",NASA-SNPP,Medium,110.16462,-2.10539,False,False,False,True,False,True,Di Luar Area Pantauan (>1000m dari Desa)
Matan Hilir Selatan,Sungai Besar,"Jumat, 11 September 2026 13:18:00",NASA-SNPP,Medium,110.18813,-1.87522,False,False,True,True,False,True,Di Luar Area Pantauan (>1000m dari Desa)
Matan Hilir Selatan,Sungai Nanjung,"Jumat, 11 September 2026 13:18:00",NASA-SNPP,Medium,110.16117,-2.10592,False,False,False,True,False,True,Di Luar Area Pantauan (>1000m dari Desa)
Muara Pawan,Mayak,"Jumat, 11 September 2026 13:18:00",NASA-SNPP,Medium,110.16138,-1.72749,False,False,True,True,False,True,Di Luar Area Pantauan (>1000m dari Desa)
Muara Pawan,Sungai Awan Kiri,"Jumat, 11 September 2026 13:18:00",NASA-SNPP,Medium,110.0545,-1.74383,False,False,False,True,False,True,Di Luar Area Pantauan (>1000m dari Desa)
Matan Hilir Selatan,Sungai Pelang,"Jumat, 11 September 2026 13:18:00",NASA-SNPP,Medium,110.17283,-1.86737,False,False,True,True,False,True,Di Luar Area Pantauan (>1000m dari Desa)
Matan Hilir Selatan,Sungai Besar,"Jumat, 11 September 2026 13:18:00",NASA-SNPP,Medium,110.23095,-1.85508,False,False,True,True,False,True,Di Luar Area Pantauan (>1000m dari Desa)
Sukadana,Riam Berasap Jaya,"Jumat, 11 September 2026 13:18:00",NASA-SNPP,Medium,110.11002,-1.35287,False,False,False,False,False,False,Di Luar Area Pantauan (>1000m dari Desa)
Sandai,Muara Jekak,"Jumat, 11 September 2026 13:18:00",NASA-SNPP,Medium,110.5892,-1.13744,False,False,False,False,False,False,Di Luar Area Pantauan (>1000m dari Desa)
Sungai Laur,Sempurna,"Jumat, 11 September 2026 13:18:00",NASA-SNPP,Medium,110.4323,-1.15472,False,False,False,False,True,True,Di Luar Area Pantauan (>1000m dari Desa)
Simpang Hilir,Nipah Kuning,"Jumat, 11 September 2026 13:18:00",NASA-SNPP,Medium,109.94933,-1.02932,False,False,True,True,False,True,Di Luar Area Pantauan (>1000m dari Desa)
Simpang Hilir,Matan Jaya,"Jumat, 11 September 2026 13:18:00",NASA-SNPP,Medium,110.15419,-1.09578,False,False,False,False,True,True,Di Luar Area Pantauan (>1000m dari Desa)
Simpang Hilir,Matan Jaya,"Jumat, 11 September 2026 13:18:00",NASA-SNPP,Medium,110.10493,-1.09653,False,False,True,True,True,True,Di Luar Area Pantauan (>1000m dari Desa)
Simpang Hilir,Matan Jaya,"Jumat, 11 September 2026 13:18:00",NASA-SNPP,Medium,110.09703,-1.09094,False,False,True,False,True,True,Di Luar Area Pantauan (>1000m dari Desa)
Simpang Hilir,Matan Jaya,"Jumat, 11 September 2026 13:18:00",NASA-SNPP,Medium,110.14185,-1.08408,False,False,False,False,True,True,Di Luar Area Pantauan (>1000m dari Desa)
Simpang Hilir,Matan Jaya,"Jumat, 11 September 2026 13:18:00",NASA-SNPP,Medium,110.14349,-1.07776,False,False,False,False,True,True,Di Luar Area Pantauan (>1000m dari Desa)
Simpang Hilir,Matan Jaya,"Jumat, 11 September 2026 13:18:00",NASA-SNPP,Medium,110.12806,-1.08619,False,False,True,True,True,True,Di Luar Area Pantauan (>1000m dari Desa)
Simpang Hilir,Matan Jaya,"Jumat, 11 September 2026 13:18:00",NASA-SNPP,Medium,110.10047,-1.09041,False,False,True,False,True,True,Di Luar Area Pantauan (>1000m dari Desa)
Simpang Hilir,Matan Jaya,"Jumat, 11 September 2026 13:18:00",NASA-SNPP,Medium,110.1394,-1.09125,False,False,False,True,True,True,Di Luar Area Pantauan (>1000m dari Desa)
Simpang Hilir,Matan Jaya,"Jumat, 11 September 2026 13:18:00",NASA-SNPP,Medium,110.12511,-1.09004,False,False,True,True,True,True,Di Luar Area Pantauan (>1000m dari Desa)
Simpang Hilir,Penjalaan,"Jumat, 11 September 2026 13:18:00",NASA-SNPP,Medium,110.06262,-1.11999,False,False,True,False,False,True,Di Luar Area Pantauan (>1000m dari Desa)
Simpang Hilir,Matan Jaya,"Jumat, 11 September 2026 13:18:00",NASA-SNPP,Medium,110.132,-1.08898,False,False,True,True,True,True,Di Luar Area Pantauan (>1000m dari Desa)
Simpang Hilir,Matan Jaya,"Jumat, 11 September 2026 13:18:00",NASA-SNPP,Medium,110.11477,-1.09162,False,False,True,True,True,True,Di Luar Area Pantauan (>1000m dari Desa)
Simpang Hilir,Matan Jaya,"Jumat, 11 September 2026 13:18:00",NASA-SNPP,Medium,110.11526,-1.09495,False,False,True,True,True,True,Di Luar Area Pantauan (>1000m dari Desa)
Simpang Hilir,Matan Jaya,"Jumat, 11 September 2026 13:18:00",NASA-SNPP,Medium,110.12856,-1.08951,False,False,True,True,True,True,Di Luar Area Pantauan (>1000m dari Desa)
Simpang Hilir,Sungaimata-Mata,"Jumat, 11 September 2026 13:18:00",NASA-SNPP,Medium,109.95271,-1.00502,False,False,True,True,False,True,Di Luar Area Pantauan (>1000m dari Desa)
Simpang Hilir,Batu Barat,"Jumat, 11 September 2026 13:18:00",NASA-SNPP,Medium,110.02637,-0.98044,False,False,True,True,False,True,Di Luar Area Pantauan (>1000m dari Desa)
Simpang Hilir,Batu Barat,"Jumat, 11 September 2026 13:18:00",NASA-SNPP,Medium,110.01949,-0.9815,False,False,True,True,False,True,Di Luar Area Pantauan (>1000m dari Desa)
Simpang Hilir,Batu Barat,"Jumat, 11 September 2026 13:18:00",NASA-SNPP,Medium,110.04016,-0.97833,False,False,False,True,False,True,Di Luar Area Pantauan (>1000m dari Desa)
Simpang Hilir,Batu Barat,"Jumat, 11 September 2026 13:18:00",NASA-SNPP,Medium,110.02737,-0.98708,False,False,True,True,False,True,Di Luar Area Pantauan (>1000m dari Desa)
Simpang Hilir,Batu Barat,"Jumat, 11 September 2026 13:18:00",NASA-SNPP,Medium,110.00864,-0.97976,False,False,False,False,False,False,Di Luar Area Pantauan (>1000m dari Desa)
Simpang Hilir,Batu Barat,"Jumat, 11 September 2026 13:18:00",NASA-SNPP,Medium,110.01899,-0.97818,False,False,True,True,False,True,Di Luar Area Pantauan (>1000m dari Desa)
Simpang Hilir,Batu Barat,"Jumat, 11 September 2026 13:18:00",NASA-SNPP,Medium,110.03866,-0.96837,False,False,True,True,False,True,Di Luar Area Pantauan (>1000m dari Desa)
Simpang Hilir,Batu Barat,"Jumat, 11 September 2026 13:18:00",NASA-SNPP,Medium,110.04455,-0.96068,False,False,True,True,False,True,Di Luar Area Pantauan (>1000m dari Desa)
Simpang Hilir,Batu Barat,"Jumat, 11 September 2026 13:18:00",NASA-SNPP,Medium,110.03571,-0.97222,False,False,True,True,False,True,Di Luar Area Pantauan (>1000m dari Desa)
Simpang Hilir,Sungaimata-Mata,"Jumat, 11 September 2026 13:18:00",NASA-SNPP,Medium,110.03082,-0.98656,False,False,True,True,False,True,Di Luar Area Pantauan (>1000m dari Desa)
Simpang Hilir,Batu Barat,"Jumat, 11 September 2026 13:18:00",NASA-SNPP,Medium,110.03967,-0.97501,False,False,False,True,False,True,Di Luar Area Pantauan (>1000m dari Desa)
Simpang Hilir,Lubuk Batu,"Jumat, 11 September 2026 13:18:00",NASA-SNPP,Medium,110.0943,-0.96327,False,False,False,False,False,False,Di Luar Area Pantauan (>1000m dari Desa)
Simpang Dua,Semandang Kanan,"Jumat, 11 September 2026 13:18:00",NASA-SNPP,Medium,110.40443,-0.77734,False,False,False,False,False,False,Di Luar Area Pantauan (>1000m dari Desa)
Simpang Dua,Kampar Sebomban,"Jumat, 11 September 2026 13:18:00",NASA-SNPP,Medium,110.19122,-0.81675,False,False,False,False,False,False,Di Luar Area Pantauan (>1000m dari Desa)
Simpang Dua,Kampar Sebomban,"Jumat, 11 September 2026 13:18:00",NASA-SNPP,Medium,110.15479,-0.83252,False,False,True,False,False,True,Di Luar Area Pantauan (>1000m dari Desa)
Hulu Sungai,Kenyabur,"Jumat, 11 September 2026 13:18:00",NASA-SNPP,Medium,110.94582,-0.78864,True,False,True,False,False,True,Prioritas 1 (Tinggi)
Simpang Hilir,Sungaimata-Mata,"Jumat, 11 September 2026 13:18:00",NASA-SNPP,Medium,109.98096,-0.93643,False,False,True,True,False,True,Di Luar Area Pantauan (>1000m dari Desa)
Simpang Dua,Kampar Sebomban,"Jumat, 11 September 2026 13:18:00",NASA-SNPP,Medium,110.16068,-0.82482,False,False,True,True,False,True,Di Luar Area Pantauan (>1000m dari Desa)
Serawai,Nanga Ruhan,"Jumat, 11 September 2026 13:18:00",NASA-SNPP,Medium,112.76199,-0.42325,False,False,False,False,False,False,Di Luar Area Pantauan (>1000m dari Desa)
Simpang Hilir,Lubuk Batu,"Jumat, 11 September 2026 13:18:00",NASA-SNPP,Medium,110.11931,-0.91867,False,False,False,False,False,False,Di Luar Area Pantauan (>1000m dari Desa)
Simpang Hilir,Lubuk Batu,"Jumat, 11 September 2026 13:18:00",NASA-SNPP,Medium,110.09717,-0.93565,False,False,False,False,False,False,Di Luar Area Pantauan (>1000m dari Desa)
Hulu Sungai,Kenyabur,"Jumat, 11 September 2026 13:18:00",NASA-SNPP,Medium,110.85278,-0.72584,True,False,True,False,False,True,Prioritas 1 (Tinggi)
Simpang Dua,Kampar Sebomban,"Jumat, 11 September 2026 13:18:00",NASA-SNPP,Medium,110.16119,-0.82814,False,False,True,False,False,True,Di Luar Area Pantauan (>1000m dari Desa)
Simpang Hilir,Batu Barat,"Jumat, 11 September 2026 13:18:00",NASA-SNPP,Medium,110.04111,-0.96121,False,False,True,True,False,True,Di Luar Area Pantauan (>1000m dari Desa)
Serawai,Nanga Ruhan,"Jumat, 11 September 2026 13:18:00",NASA-SNPP,Medium,112.83578,-0.41931,False,False,False,False,False,False,Di Luar Area Pantauan (>1000m dari Desa)
Ella Hilir,Nanga Nyuruh,"Jumat, 11 September 2026 13:18:00",NASA-SNPP,Medium,112.11136,-0.48376,False,False,False,False,False,False,Di Luar Area Pantauan (>1000m dari Desa)
Simpang Dua,Semandang Kanan,"Jumat, 11 September 2026 13:18:00",NASA-SNPP,Medium,110.31742,-0.76343,False,False,False,False,False,False,Di Luar Area Pantauan (>1000m dari Desa)
Serawai,Nanga Ruhan,"Jumat, 11 September 2026 13:18:00",NASA-SNPP,Medium,112.75003,-0.39942,False,False,False,False,False,False,Di Luar Area Pantauan (>1000m dari Desa)
Nanga Mahap,Lembah Beringin,"Jumat, 11 September 2026 13:18:00",NASA-SNPP,Medium,110.80013,-0.68596,False,False,False,False,False,False,Di Luar Area Pantauan (>1000m dari Desa)
Serawai,Nanga Ruhan,"Jumat, 11 September 2026 13:18:00",NASA-SNPP,Medium,112.7506,-0.403,False,False,False,False,False,False,Di Luar Area Pantauan (>1000m dari Desa)
Ella Hilir,Nyanggau,"Jumat, 11 September 2026 13:18:00",NASA-SNPP,Medium,112.11921,-0.48254,False,False,False,False,False,False,Di Luar Area Pantauan (>1000m dari Desa)
Simpang Dua,Semandang Kanan,"Jumat, 11 September 2026 13:18:00",NASA-SNPP,Medium,110.33671,-0.77409,False,False,False,False,False,False,Di Luar Area Pantauan (>1000m dari Desa)
Hulu Sungai,Sunge Bengaras,"Jumat, 11 September 2026 13:18:00",NASA-SNPP,Medium,110.82916,-0.68835,False,True,True,False,False,True,Prioritas 3 (Rendah)
Ella Hilir,Nyanggau,"Jumat, 11 September 2026 13:18:00",NASA-SNPP,Medium,112.11039,-0.47679,False,False,False,False,False,False,Di Luar Area Pantauan (>1000m dari Desa)
Serawai,Teluk Harapan,"Jumat, 11 September 2026 13:18:00",NASA-SNPP,Medium,112.45893,-0.448,False,False,False,False,False,False,Di Luar Area Pantauan (>1000m dari Desa)
Simpang Dua,Semandang Kanan,"Jumat, 11 September 2026 13:18:00",NASA-SNPP,Medium,110.30706,-0.76502,False,False,True,False,False,True,Di Luar Area Pantauan (>1000m dari Desa)
Nanga Mahap,Karang Betung,"Jumat, 11 September 2026 13:18:00",NASA-SNPP,Medium,110.83266,-0.68782,True,False,True,False,False,True,Prioritas 1 (Tinggi)
Simpang Dua,Semandang Kanan,"Jumat, 11 September 2026 13:18:00",NASA-SNPP,Medium,110.40342,-0.77068,False,False,False,False,False,False,Di Luar Area Pantauan (>1000m dari Desa)
Simpang Dua,Semandang Kanan,"Jumat, 11 September 2026 13:18:00",NASA-SNPP,Medium,110.39355,-0.7756,False,False,False,False,False,False,Di Luar Area Pantauan (>1000m dari Desa)
Ella Hilir,Nyanggau,"Jumat, 11 September 2026 13:18:00",NASA-SNPP,Medium,112.11868,-0.47906,False,False,False,False,False,False,Di Luar Area Pantauan (>1000m dari Desa)
Sukadana,Sejahtera,"Jumat, 11 September 2026 13:18:00",NASA-SNPP,Medium,110.10565,-1.28291,False,False,True,True,True,True,Di Luar Area Pantauan (>1000m dari Desa)
Sukadana,Sejahtera,"Jumat, 11 September 2026 13:18:00",NASA-SNPP,Medium,110.06379,-1.28592,False,False,True,True,True,True,Di Luar Area Pantauan (>1000m dari Desa)
Sukadana,Sedahan Jaya,"Jumat, 11 September 2026 13:18:00",NASA-SNPP,Medium,110.04064,-1.1845,False,False,False,True,True,True,Di Luar Area Pantauan (>1000m dari Desa)
Sukadana,Sedahan Jaya,"Jumat, 11 September 2026 13:18:00",NASA-SNPP,Medium,110.04308,-1.17733,False,False,True,True,True,True,Di Luar Area Pantauan (>1000m dari Desa)
Sukadana,Riam Berasap Jaya,"Jumat, 11 September 2026 13:18:00",NASA-SNPP,Medium,110.10953,-1.34955,False,False,False,True,False,True,Di Luar Area Pantauan (>1000m dari Desa)
Sungai Laur,Selangkut Raya,"Jumat, 11 September 2026 13:18:00",NASA-SNPP,Medium,110.54366,-0.75944,False,False,False,False,False,False,Di Luar Area Pantauan (>1000m dari Desa)
Pulau Maya,Dusun Besar,"Jumat, 11 September 2026 13:18:00",NASA-SNPP,Medium,109.4611,-1.16517,False,False,False,False,False,False,Di Luar Area Pantauan (>1000m dari Desa)
Simpang Hilir,Matan Jaya,"Jumat, 11 September 2026 13:18:00",NASA-SNPP,Medium,110.15125,-1.09963,False,False,False,False,True,True,Di Luar Area Pantauan (>1000m dari Desa)
Simpang Hilir,Batu Barat,"Jumat, 11 September 2026 13:18:00",NASA-SNPP,Medium,110.04598,-0.94687,False,False,True,False,False,True,Di Luar Area Pantauan (>1000m dari Desa)
Simpang Hilir,Batu Barat,"Jumat, 11 September 2026 13:18:00",NASA-SNPP,Medium,110.04356,-0.95404,False,False,True,True,False,True,Di Luar Area Pantauan (>1000m dari Desa)
Simpang Hilir,Batu Barat,"Jumat, 11 September 2026 13:18:00",NASA-SNPP,Medium,110.02243,-0.97765,False,False,True,True,False,True,Di Luar Area Pantauan (>1000m dari Desa)
Simpang Hilir,Matan Jaya,"Jumat, 11 September 2026 13:18:00",NASA-SNPP,Medium,110.1404,-1.09789,False,False,True,True,True,True,Di Luar Area Pantauan (>1000m dari Desa)
Simpang Hilir,Batu Barat,"Jumat, 11 September 2026 13:18:00",NASA-SNPP,Medium,110.04649,-0.95019,False,False,True,False,False,True,Di Luar Area Pantauan (>1000m dari Desa)
Simpang Hilir,Batu Barat,"Jumat, 11 September 2026 13:18:00",NASA-SNPP,Medium,110.10645,-0.90365,False,False,True,True,False,True,Di Luar Area Pantauan (>1000m dari Desa)
Ella Hilir,Nanga Kempangai,"Jumat, 11 September 2026 13:18:00",NASA-SNPP,Medium,112.11533,-0.58747,False,False,False,False,True,True,Di Luar Area Pantauan (>1000m dari Desa)
Simpang Hilir,Lubuk Batu,"Jumat, 11 September 2026 13:18:00",NASA-SNPP,Medium,110.09423,-0.93949,False,False,False,False,False,False,Di Luar Area Pantauan (>1000m dari Desa)
Simpang Hilir,Batu Barat,"Jumat, 11 September 2026 13:18:00",NASA-SNPP,Medium,110.12025,-0.90154,False,False,True,False,False,True,Di Luar Area Pantauan (>1000m dari Desa)
Simpang Dua,Kampar Sebomban,"Jumat, 11 September 2026 13:18:00",NASA-SNPP,Medium,110.23162,-0.89129,False,False,True,False,False,True,Di Luar Area Pantauan (>1000m dari Desa)
Simpang Hilir,Batu Barat,"Jumat, 11 September 2026 13:18:00",NASA-SNPP,Medium,110.0396,-0.95124,False,False,True,True,False,True,Di Luar Area Pantauan (>1000m dari Desa)
Serawai,Nanga Riyoi,"Jumat, 11 September 2026 13:18:00",NASA-SNPP,Medium,112.76194,-0.37189,False,False,False,False,False,False,Di Luar Area Pantauan (>1000m dari Desa)
Simpang Hilir,Batu Barat,"Jumat, 11 September 2026 13:18:00",NASA-SNPP,Medium,110.11974,-0.89822,False,False,True,False,False,True,Di Luar Area Pantauan (>1000m dari Desa)
Ella Hilir,Nyanggau,"Jumat, 11 September 2026 13:18:00",NASA-SNPP,Medium,112.10242,-0.47803,False,False,False,False,False,False,Di Luar Area Pantauan (>1000m dari Desa)
Ella Hilir,Nanga Nyuruh,"Jumat, 11 September 2026 13:18:00",NASA-SNPP,Medium,112.09874,-0.4786,False,False,False,False,False,False,Di Luar Area Pantauan (>1000m dari Desa)
Simpang Hulu,Sekucing Kualan,"Jumat, 11 September 2026 13:18:00",NASA-SNPP,Medium,110.05045,-0.55432,False,False,False,False,False,False,Di Luar Area Pantauan (>1000m dari Desa)
Ella Hilir,Nyanggau,"Jumat, 11 September 2026 13:18:00",NASA-SNPP,Medium,112.10564,-0.4704,False,False,False,False,False,False,Di Luar Area Pantauan (>1000m dari Desa)
Ella Hilir,Nyanggau,"Jumat, 11 September 2026 13:18:00",NASA-SNPP,Medium,112.10595,-0.47392,False,False,False,False,False,False,Di Luar Area Pantauan (>1000m dari Desa)
Ella Hilir,Nyanggau,"Jumat, 11 September 2026 13:18:00",NASA-SNPP,Medium,112.10631,-0.47743,False,False,False,False,False,False,Di Luar Area Pantauan (>1000m dari Desa)
Nanga Tayap,Mensubang,"Jumat, 11 September 2026 13:18:00",NASA-SNPP,Medium,110.45267,-1.30724,False,False,False,False,False,False,Di Luar Area Pantauan (>1000m dari Desa)
Sukadana,Simpang Tiga,"Jumat, 11 September 2026 13:18:00",NASA-SNPP,Medium,110.11636,-1.32473,False,False,True,True,False,True,Di Luar Area Pantauan (>1000m dari Desa)
Sandai,Sandai,"Jumat, 11 September 2026 13:18:00",NASA-SNPP,Medium,110.56435,-1.24926,False,False,False,False,False,False,Di Luar Area Pantauan (>1000m dari Desa)
Sukadana,Sejahtera,"Jumat, 11 September 2026 13:18:00",NASA-SNPP,Medium,110.06824,-1.29203,False,False,False,True,False,True,Di Luar Area Pantauan (>1000m dari Desa)
Sukadana,Sejahtera,"Jumat, 11 September 2026 13:18:00",NASA-SNPP,Medium,110.06429,-1.28924,False,False,False,True,False,True,Di Luar Area Pantauan (>1000m dari Desa)
Sandai,Sandai,"Jumat, 11 September 2026 13:18:00",NASA-SNPP,Medium,110.56385,-1.24593,False,False,False,False,False,False,Di Luar Area Pantauan (>1000m dari Desa)
Sukadana,Sejahtera,"Jumat, 11 September 2026 13:18:00",NASA-SNPP,Medium,110.10515,-1.27959,False,False,True,True,True,True,Di Luar Area Pantauan (>1000m dari Desa)
Sukadana,Sejahtera,"Jumat, 11 September 2026 13:18:00",NASA-SNPP,Medium,110.11154,-1.27522,False,False,True,False,True,True,Di Luar Area Pantauan (>1000m dari Desa)
Sukadana,Sejahtera,"Jumat, 11 September 2026 13:18:00",NASA-SNPP,Medium,110.11499,-1.27469,False,False,True,False,True,True,Di Luar Area Pantauan (>1000m dari Desa)
Sukadana,Sejahtera,"Jumat, 11 September 2026 13:18:00",NASA-SNPP,Medium,110.03616,-1.26636,False,False,False,False,True,True,Di Luar Area Pantauan (>1000m dari Desa)
Simpang Hilir,Matan Jaya,"Jumat, 11 September 2026 13:18:00",NASA-SNPP,Medium,110.2736,-1.13869,False,False,True,False,True,True,Di Luar Area Pantauan (>1000m dari Desa)
Simpang Hilir,Penjalaan,"Jumat, 11 September 2026 13:18:00",NASA-SNPP,Medium,110.05918,-1.12051,False,False,True,False,False,True,Di Luar Area Pantauan (>1000m dari Desa)
Simpang Hilir,Batu Barat,"Jumat, 11 September 2026 13:18:00",NASA-SNPP,Medium,110.04011,-0.95457,False,False,True,True,False,True,Di Luar Area Pantauan (>1000m dari Desa)
Simpang Hilir,Batu Barat,"Jumat, 11 September 2026 13:18:00",NASA-SNPP,Medium,110.03521,-0.9689,False,False,True,True,False,True,Di Luar Area Pantauan (>1000m dari Desa)
Simpang Hilir,Batu Barat,"Jumat, 11 September 2026 13:18:00",NASA-SNPP,Medium,110.01798,-0.97154,False,False,True,True,False,True,Di Luar Area Pantauan (>1000m dari Desa)
Simpang Hilir,Lubuk Batu,"Jumat, 11 September 2026 13:18:00",NASA-SNPP,Medium,110.09724,-0.95942,False,False,False,False,False,False,Di Luar Area Pantauan (>1000m dari Desa)
Simpang Hilir,Sungaimata-Mata,"Jumat, 11 September 2026 13:18:00",NASA-SNPP,Medium,109.97713,-0.98118,False,False,True,True,False,True,Di Luar Area Pantauan (>1000m dari Desa)
Pulau Maya,Dusun Besar,"Jumat, 11 September 2026 13:18:00",NASA-SNPP,Medium,109.46159,-1.16849,False,False,False,True,False,True,Di Luar Area Pantauan (>1000m dari Desa)
Simpang Hilir,Matan Jaya,"Jumat, 11 September 2026 13:18:00",NASA-SNPP,Medium,110.14005,-1.07829,False,False,False,False,True,True,Di Luar Area Pantauan (>1000m dari Desa)
Matan Hilir Selatan,Sungai Besar,"Jumat, 11 September 2026 13:18:00",NASA-SNPP,Medium,110.16499,-1.88555,False,False,True,True,False,True,Di Luar Area Pantauan (>1000m dari Desa)
Matan Hilir Selatan,Sungai Besar,"Jumat, 11 September 2026 13:18:00",NASA-SNPP,Medium,110.20242,-1.87643,False,False,True,True,False,True,Di Luar Area Pantauan (>1000m dari Desa)
Matan Hilir Selatan,Sungai Besar,"Jumat, 11 September 2026 13:18:00",NASA-SNPP,Medium,110.18224,-1.88292,False,False,True,True,False,True,Di Luar Area Pantauan (>1000m dari Desa)
Matan Hilir Selatan,Pematang Gadung,"Jumat, 11 September 2026 13:18:00",NASA-SNPP,Medium,110.22517,-1.9741,False,False,False,True,False,True,Di Luar Area Pantauan (>1000m dari Desa)
Matan Hilir Selatan,Pesaguan Kanan,"Jumat, 11 September 2026 13:18:00",NASA-SNPP,Medium,110.34389,-2.05418,False,False,False,False,False,False,Di Luar Area Pantauan (>1000m dari Desa)
Matan Hilir Selatan,Pematang Gadung,"Jumat, 11 September 2026 13:18:00",NASA-SNPP,Medium,110.32223,-1.96265,False,False,True,True,False,True,Di Luar Area Pantauan (>1000m dari Desa)
Matan Hilir Selatan,Pematang Gadung,"Jumat, 11 September 2026 13:18:00",NASA-SNPP,Medium,110.18875,-1.98986,False,False,False,True,False,True,Di Luar Area Pantauan (>1000m dari Desa)
Ambalau,Nanga Rade,"Jumat, 11 September 2026 13:18:00",NASA-SNPP,Medium,112.86169,-0.01659,False,False,True,False,False,True,Di Luar Area Pantauan (>1000m dari Desa)
Matan Hilir Selatan,Pesaguan Kanan,"Jumat, 11 September 2026 13:18:00",NASA-SNPP,Medium,110.32118,-2.04407,False,False,True,True,False,True,Di Luar Area Pantauan (>1000m dari Desa)
Matan Hilir Selatan,Sungai Nanjung,"Jumat, 11 September 2026 13:18:00",NASA-SNPP,Medium,110.15289,-2.14456,False,False,False,True,False,True,Di Luar Area Pantauan (>1000m dari Desa)
Simpang Hilir,Matan Jaya,"Jumat, 11 September 2026 13:18:00",NASA-SNPP,Medium,110.12561,-1.09336,False,False,True,True,True,True,Di Luar Area Pantauan (>1000m dari Desa)
Simpang Hilir,Matan Jaya,"Jumat, 11 September 2026 13:18:00",NASA-SNPP,Medium,110.12216,-1.09389,False,False,True,True,True,True,Di Luar Area Pantauan (>1000m dari Desa)
Simpang Hilir,Matan Jaya,"Jumat, 11 September 2026 13:18:00",NASA-SNPP,Medium,110.1325,-1.09231,False,False,True,True,True,True,Di Luar Area Pantauan (>1000m dari Desa)
Simpang Hilir,Matan Jaya,"Jumat, 11 September 2026 13:18:00",NASA-SNPP,Medium,110.13545,-1.08846,False,False,False,True,True,True,Di Luar Area Pantauan (>1000m dari Desa)
Simpang Hilir,Matan Jaya,"Jumat, 11 September 2026 13:18:00",NASA-SNPP,Medium,110.14055,-1.08161,False,False,False,False,True,True,Di Luar Area Pantauan (>1000m dari Desa)
Simpang Hilir,Sungaimata-Mata,"Jumat, 11 September 2026 13:18:00",NASA-SNPP,Medium,109.98573,-1.01356,False,False,False,False,False,False,Di Luar Area Pantauan (>1000m dari Desa)
Simpang Hilir,Matan Jaya,"Jumat, 11 September 2026 13:18:00",NASA-SNPP,Medium,110.14924,-1.08635,False,False,False,False,True,True,Di Luar Area Pantauan (>1000m dari Desa)
Simpang Dua,Kampar Sebomban,"Jumat, 11 September 2026 13:18:00",NASA-SNPP,Medium,110.27194,-0.74319,False,False,False,False,False,False,Di Luar Area Pantauan (>1000m dari Desa)
Sungai Raya,Pulaulimbung,"Jumat, 11 September 2026 13:18:00",NASA-SNPP,Medium,109.83361,-0.1816,False,False,True,True,True,True,Di Luar Area Pantauan (>1000m dari Desa)
Simpang Hilir,Matan Jaya,"Jumat, 11 September 2026 13:18:00",NASA-SNPP,Medium,110.09919,-1.08793,False,False,True,False,True,True,Di Luar Area Pantauan (>1000m dari Desa)
Simpang Hilir,Batu Barat,"Jumat, 11 September 2026 13:18:00",NASA-SNPP,Medium,110.03033,-0.98324,False,False,True,True,False,True,Di Luar Area Pantauan (>1000m dari Desa)
Sungai Laur,Tanjung Maju,"Jumat, 11 September 2026 13:18:00",NASA-SNPP,Medium,110.51724,-0.70212,False,False,False,False,False,False,Di Luar Area Pantauan (>1000m dari Desa)
Sungai Raya,Pulaulimbung,"Jumat, 11 September 2026 13:18:00",NASA-SNPP,Medium,109.82967,-0.17881,False,False,True,True,True,True,Di Luar Area Pantauan (>1000m dari Desa)
Ella Hilir,Nanga Ella Hilir,"Jumat, 11 September 2026 13:18:00",NASA-SNPP,Medium,112.01762,-0.40054,False,False,False,False,False,False,Di Luar Area Pantauan (>1000m dari Desa)
Simpang Hilir,Matan Jaya,"Jumat, 11 September 2026 13:18:00",NASA-SNPP,Medium,110.12676,-1.08372,False,False,False,False,True,True,Di Luar Area Pantauan (>1000m dari Desa)
Simpang Hilir,Batu Barat,"Jumat, 11 September 2026 13:18:00",NASA-SNPP,Medium,110.03671,-0.97886,False,False,True,True,False,True,Di Luar Area Pantauan (>1000m dari Desa)
Simpang Hulu,Sekucing Kualan,"Jumat, 11 September 2026 13:18:00",NASA-SNPP,Medium,110.07588,-0.62481,False,False,False,False,False,False,Di Luar Area Pantauan (>1000m dari Desa)
Simpang Hulu,Kualan Hulu,"Jumat, 11 September 2026 13:18:00",NASA-SNPP,Medium,110.57919,-0.55812,False,False,True,False,False,True,Di Luar Area Pantauan (>1000m dari Desa)
Simpang Hulu,Sekucing Kualan,"Jumat, 11 September 2026 13:18:00",NASA-SNPP,Medium,110.07343,-0.63198,False,False,False,False,False,False,Di Luar Area Pantauan (>1000m dari Desa)
Simpang Hulu,Kualan Hilir,"Jumat, 11 September 2026 13:18:00",NASA-SNPP,Medium,110.17293,-0.61337,False,False,False,False,False,False,Di Luar Area Pantauan (>1000m dari Desa)
Simpang Hulu,Sekucing Kualan,"Jumat, 11 September 2026 13:18:00",NASA-SNPP,Medium,110.07638,-0.62813,False,False,False,False,False,False,Di Luar Area Pantauan (>1000m dari Desa)
Ambalau,Nanga Menantak,"Jumat, 11 September 2026 13:18:00",NASA-SNPP,Medium,113.02486,-0.23,False,False,False,False,False,False,Di Luar Area Pantauan (>1000m dari Desa)
Simpang Dua,Kampar Sebomban,"Jumat, 11 September 2026 13:18:00",NASA-SNPP,Medium,110.06366,-0.66066,False,False,False,False,False,False,Di Luar Area Pantauan (>1000m dari Desa)
Nanga Pinoh,Labai Mandiri,"Jumat, 11 September 2026 13:18:00",NASA-SNPP,Medium,111.76439,-0.4255,False,False,False,False,False,False,Di Luar Area Pantauan (>1000m dari Desa)
Simpang Dua,Kampar Sebomban,"Jumat, 11 September 2026 13:18:00",NASA-SNPP,Medium,110.06506,-0.66307,False,False,False,False,False,False,Di Luar Area Pantauan (>1000m dari Desa)
Simpang Hulu,Semandang Hulu,"Jumat, 11 September 2026 13:18:00",NASA-SNPP,Medium,110.4659,-0.60159,False,False,False,False,False,False,Di Luar Area Pantauan (>1000m dari Desa)
Pinoh Utara,Nanga Belimbing,"Jumat, 11 September 2026 13:18:00",NASA-SNPP,Medium,111.64704,-0.25541,False,False,False,False,False,False,Di Luar Area Pantauan (>1000m dari Desa)
Simpang Hulu,Sekucing Labai,"Jumat, 11 September 2026 13:18:00",NASA-SNPP,Medium,110.08083,-0.4987,False,False,True,False,False,True,Di Luar Area Pantauan (>1000m dari Desa)
Pinoh Utara,Melamut Bersatu,"Jumat, 11 September 2026 13:18:00",NASA-SNPP,Medium,111.71786,-0.24806,False,False,False,False,False,False,Di Luar Area Pantauan (>1000m dari Desa)
Simpang Hulu,Kualan Hilir,"Jumat, 11 September 2026 13:18:00",NASA-SNPP,Medium,110.13251,-0.60256,False,False,False,False,False,False,Di Luar Area Pantauan (>1000m dari Desa)
Nanga Mahap,Tamang,"Jumat, 11 September 2026 13:18:00",NASA-SNPP,Medium,110.67571,-0.42136,False,False,False,False,False,False,Di Luar Area Pantauan (>1000m dari Desa)
Simpang Hulu,Sekucing Kualan,"Jumat, 11 September 2026 13:18:00",NASA-SNPP,Medium,110.07043,-0.61205,False,False,False,False,False,False,Di Luar Area Pantauan (>1000m dari Desa)
Simpang Hulu,Sekucing Kualan,"Jumat, 11 September 2026 13:18:00",NASA-SNPP,Medium,110.07538,-0.62149,False,False,True,False,False,True,Di Luar Area Pantauan (>1000m dari Desa)
Simpang Hulu,Sekucing Kualan,"Jumat, 11 September 2026 13:18:00",NASA-SNPP,Medium,110.08177,-0.61711,False,False,False,False,False,False,Di Luar Area Pantauan (>1000m dari Desa)
Simpang Hulu,Sekucing Kualan,"Jumat, 11 September 2026 13:18:00",NASA-SNPP,Medium,110.07093,-0.61537,False,False,False,False,False,False,Di Luar Area Pantauan (>1000m dari Desa)
Simpang Hulu,Sekucing Kualan,"Jumat, 11 September 2026 13:18:00",NASA-SNPP,Medium,110.04469,-0.55823,False,False,False,False,False,False,Di Luar Area Pantauan (>1000m dari Desa)
Simpang Hulu,Sekucing Kualan,"Jumat, 11 September 2026 13:18:00",NASA-SNPP,Medium,110.05157,-0.55717,False,False,True,False,False,True,Di Luar Area Pantauan (>1000m dari Desa)
Simpang Hulu,Kualan Hilir,"Jumat, 11 September 2026 13:18:00",NASA-SNPP,Medium,110.1918,-0.50893,False,False,False,False,False,False,Di Luar Area Pantauan (>1000m dari Desa)
Simpang Hulu,Sekucing Kualan,"Jumat, 11 September 2026 13:18:00",NASA-SNPP,Medium,110.06898,-0.62586,False,False,False,False,False,False,Di Luar Area Pantauan (>1000m dari Desa)
Ambalau,Nanga Rade,"Jumat, 11 September 2026 13:18:00",NASA-SNPP,Medium,112.8377,-0.02818,False,False,False,False,False,False,Di Luar Area Pantauan (>1000m dari Desa)
Nanga Mahap,Landau Kumpai,"Jumat, 11 September 2026 13:18:00",NASA-SNPP,Medium,110.74014,-0.34989,False,False,False,False,False,False,Di Luar Area Pantauan (>1000m dari Desa)
Nanga Taman,Nanga Engkulun,"Jumat, 11 September 2026 13:18:00",NASA-SNPP,Medium,110.70663,-0.36531,False,False,False,False,False,False,Di Luar Area Pantauan (>1000m dari Desa)
Belimbing,Sepan Tonak,"Jumat, 11 September 2026 13:18:00",NASA-SNPP,Medium,111.61135,-0.21884,False,False,False,True,False,True,Di Luar Area Pantauan (>1000m dari Desa)
Batu Ampar,Tanjungberingin,"Jumat, 11 September 2026 13:18:00",NASA-SNPP,Medium,109.9282,-0.51525,False,False,True,False,False,True,Di Luar Area Pantauan (>1000m dari Desa)
Batu Ampar,Tanjungberingin,"Jumat, 11 September 2026 13:18:00",NASA-SNPP,Medium,109.9193,-0.50302,False,False,True,True,False,True,Di Luar Area Pantauan (>1000m dari Desa)
Batu Ampar,Tanjungberingin,"Jumat, 11 September 2026 13:18:00",NASA-SNPP,Medium,109.92326,-0.50582,False,False,True,True,False,True,Di Luar Area Pantauan (>1000m dari Desa)
Simpang Hulu,Sekucing Labai,"Jumat, 11 September 2026 13:18:00",NASA-SNPP,Medium,110.07689,-0.49591,False,False,False,False,False,False,Di Luar Area Pantauan (>1000m dari Desa)
Batu Ampar,Tanjungberingin,"Jumat, 11 September 2026 13:18:00",NASA-SNPP,Medium,109.92476,-0.51578,False,False,True,True,False,True,Di Luar Area Pantauan (>1000m dari Desa)
Batu Ampar,Tanjungberingin,"Jumat, 11 September 2026 13:18:00",NASA-SNPP,Medium,109.9203,-0.50966,False,False,True,True,False,True,Di Luar Area Pantauan (>1000m dari Desa)
Batu Ampar,Tanjungberingin,"Jumat, 11 September 2026 13:18:00",NASA-SNPP,Medium,109.92275,-0.50249,False,False,True,True,False,True,Di Luar Area Pantauan (>1000m dari Desa)
Ambalau,Nanga Rade,"Jumat, 11 September 2026 13:18:00",NASA-SNPP,Medium,112.86078,-0.01718,False,False,True,False,False,True,Di Luar Area Pantauan (>1000m dari Desa)
Nanga Taman,Nanga Koman,"Jumat, 11 September 2026 13:18:00",NASA-SNPP,Medium,110.75273,-0.33933,False,False,False,False,False,False,Di Luar Area Pantauan (>1000m dari Desa)
Belitang Hilir,Sungaiayak Satu,"Jumat, 11 September 2026 13:18:00",NASA-SNPP,Medium,111.0665,0.06405,False,False,False,False,False,False,Di Luar Area Pantauan (>1000m dari Desa)
Silat Hulu,Nanga Lungu,"Jumat, 11 September 2026 13:18:00",NASA-SNPP,Medium,112.17022,0.19931,False,False,False,False,False,False,Di Luar Area Pantauan (>1000m dari Desa)
Sungai Ambawang,Teluk Bakung,"Jumat, 11 September 2026 13:18:00",NASA-SNPP,Medium,109.70036,-0.05357,False,False,False,True,False,True,Di Luar Area Pantauan (>1000m dari Desa)
Sungai Ambawang,Teluk Bakung,"Jumat, 11 September 2026 13:18:00",NASA-SNPP,Medium,109.74508,-0.02295,False,False,False,True,False,True,Di Luar Area Pantauan (>1000m dari Desa)
Silat Hulu,Nanga Lungu,"Jumat, 11 September 2026 13:18:00",NASA-SNPP,Medium,112.17076,0.1958,False,False,False,False,False,False,Di Luar Area Pantauan (>1000m dari Desa)
Belitang,Belitang Satu,"Jumat, 11 September 2026 13:18:00",NASA-SNPP,Medium,111.27981,0.13827,False,False,False,False,False,False,Di Luar Area Pantauan (>1000m dari Desa)
Mukok,Semuntai,"Jumat, 11 September 2026 13:18:00",NASA-SNPP,Medium,110.71521,0.08589,False,False,False,False,False,False,Di Luar Area Pantauan (>1000m dari Desa)
Belitang Hilir,Sepantak,"Jumat, 11 September 2026 13:18:00",NASA-SNPP,Medium,111.03183,0.10019,False,False,False,False,False,False,Di Luar Area Pantauan (>1000m dari Desa)
Sungai Raya,Gunungtamang,"Jumat, 11 September 2026 13:18:00",NASA-SNPP,Medium,109.9005,-0.15778,False,False,False,True,False,True,Di Luar Area Pantauan (>1000m dari Desa)
Silat Hilir,Seberu,"Jumat, 11 September 2026 13:18:00",NASA-SNPP,Medium,111.9629,0.26829,False,False,False,False,False,False,Di Luar Area Pantauan (>1000m dari Desa)
Silat Hilir,Rumbih,"Jumat, 11 September 2026 13:18:00",NASA-SNPP,Medium,111.95567,0.23866,False,False,False,False,False,False,Di Luar Area Pantauan (>1000m dari Desa)
Tayan Hilir,Beginjan,"Jumat, 11 September 2026 13:18:00",NASA-SNPP,Medium,110.21021,-0.03939,False,False,False,False,False,False,Di Luar Area Pantauan (>1000m dari Desa)
Belitang,Belitang Satu,"Jumat, 11 September 2026 13:18:00",NASA-SNPP,Medium,111.27618,0.13772,False,False,False,False,False,False,Di Luar Area Pantauan (>1000m dari Desa)
Sungai Raya,Gunungtamang,"Jumat, 11 September 2026 13:18:00",NASA-SNPP,Medium,109.89755,-0.16163,False,False,False,False,False,False,Di Luar Area Pantauan (>1000m dari Desa)
Sekadau Hilir,Peniti,"Jumat, 11 September 2026 13:18:00",NASA-SNPP,Medium,110.79428,-0.00836,False,False,False,False,False,False,Di Luar Area Pantauan (>1000m dari Desa)
Sungai Ambawang,Teluk Bakung,"Jumat, 11 September 2026 13:18:00",NASA-SNPP,Medium,109.75146,-0.01858,False,False,False,True,False,True,Di Luar Area Pantauan (>1000m dari Desa)
Sungai Ambawang,Teluk Bakung,"Jumat, 11 September 2026 13:18:00",NASA-SNPP,Medium,109.70381,-0.05304,False,False,False,True,False,True,Di Luar Area Pantauan (>1000m dari Desa)
Tayan Hilir,Kawat,"Jumat, 11 September 2026 13:18:00",NASA-SNPP,Medium,110.1015,-0.02202,False,False,False,False,False,False,Di Luar Area Pantauan (>1000m dari Desa)
Meliau,Pampang Dua,"Jumat, 11 September 2026 13:18:00",NASA-SNPP,Medium,110.44672,-0.20931,False,False,False,False,False,False,Di Luar Area Pantauan (>1000m dari Desa)
Meliau,Kunyil,"Jumat, 11 September 2026 13:18:00",NASA-SNPP,Medium,110.28535,-0.29189,False,False,False,False,False,False,Di Luar Area Pantauan (>1000m dari Desa)
Serawai,Nanga Riyoi,"Jumat, 11 September 2026 13:18:00",NASA-SNPP,Medium,112.76144,-0.3683,False,False,False,False,False,False,Di Luar Area Pantauan (>1000m dari Desa)
Ella Hilir,Nyanggau,"Jumat, 11 September 2026 13:18:00",NASA-SNPP,Medium,112.0978,-0.47162,False,False,False,False,False,False,Di Luar Area Pantauan (>1000m dari Desa)
Ella Hilir,Nyanggau,"Jumat, 11 September 2026 13:18:00",NASA-SNPP,Medium,112.10173,-0.47101,False,False,False,False,False,False,Di Luar Area Pantauan (>1000m dari Desa)
Sungai Raya,Muara Baru,"Jumat, 11 September 2026 13:18:00",NASA-SNPP,Medium,109.82327,-0.18318,False,False,True,True,True,True,Di Luar Area Pantauan (>1000m dari Desa)
Ella Hilir,Nanga Ella Hilir,"Jumat, 11 September 2026 13:18:00",NASA-SNPP,Medium,112.01488,-0.40806,False,False,False,False,False,False,Di Luar Area Pantauan (>1000m dari Desa)
Simpang Hulu,Semandang Hulu,"Jumat, 11 September 2026 13:18:00",NASA-SNPP,Medium,110.49667,-0.61732,False,False,False,False,False,False,Di Luar Area Pantauan (>1000m dari Desa)
Simpang Hulu,Semandang Kiri,"Jumat, 11 September 2026 13:18:00",NASA-SNPP,Medium,110.46593,-0.62544,False,False,False,False,False,False,Di Luar Area Pantauan (>1000m dari Desa)
Simpang Hulu,Sekucing Kualan,"Jumat, 11 September 2026 13:18:00",NASA-SNPP,Medium,110.07782,-0.61432,False,False,False,False,False,False,Di Luar Area Pantauan (>1000m dari Desa)
Simpang Hulu,Sekucing Labai,"Jumat, 11 September 2026 13:18:00",NASA-SNPP,Medium,110.11037,-0.48399,False,False,False,False,False,False,Di Luar Area Pantauan (>1000m dari Desa)
Nanga Mahap,Landau Apin,"Jumat, 11 September 2026 13:18:00",NASA-SNPP,Medium,110.6777,-0.61344,False,False,False,False,False,False,Di Luar Area Pantauan (>1000m dari Desa)
Ella Hilir,Nanga Ella Hilir,"Jumat, 11 September 2026 13:18:00",NASA-SNPP,Medium,112.01436,-0.40459,False,False,False,False,False,False,Di Luar Area Pantauan (>1000m dari Desa)
Ella Hilir,Nanga Ella Hilir,"Jumat, 11 September 2026 13:18:00",NASA-SNPP,Medium,112.01814,-0.40401,False,False,False,False,False,False,Di Luar Area Pantauan (>1000m dari Desa)
Ella Hilir,Nanga Ella Hilir,"Jumat, 11 September 2026 13:18:00",NASA-SNPP,Medium,112.01918,-0.41095,False,False,False,False,False,False,Di Luar Area Pantauan (>1000m dari Desa)
Simpang Hulu,Kenanga,"Jumat, 11 September 2026 13:18:00",NASA-SNPP,Medium,110.56028,-0.63826,False,False,False,False,False,False,Di Luar Area Pantauan (>1000m dari Desa)
Simpang Hulu,Sekucing Labai,"Jumat, 11 September 2026 13:18:00",NASA-SNPP,Medium,110.11382,-0.48346,False,False,False,False,False,False,Di Luar Area Pantauan (>1000m dari Desa)
Batu Ampar,Tanjungberingin,"Jumat, 11 September 2026 13:18:00",NASA-SNPP,Medium,109.93459,-0.51087,False,False,False,False,False,False,Di Luar Area Pantauan (>1000m dari Desa)
Ambalau,Bukai Tukun,"Jumat, 11 September 2026 13:18:00",NASA-SNPP,Medium,112.73775,-0.17779,False,False,False,False,False,False,Di Luar Area Pantauan (>1000m dari Desa)
Ella Hilir,Nyanggau,"Jumat, 11 September 2026 13:18:00",NASA-SNPP,Medium,112.10086,-0.46402,False,False,False,False,False,False,Di Luar Area Pantauan (>1000m dari Desa)
Toba,Balai Belungai,"Jumat, 11 September 2026 13:18:00",NASA-SNPP,Medium,110.14894,-0.16735,False,False,False,False,False,False,Di Luar Area Pantauan (>1000m dari Desa)
Batu Ampar,Tanjungberingin,"Jumat, 11 September 2026 13:18:00",NASA-SNPP,Medium,109.92081,-0.51298,False,False,True,True,False,True,Di Luar Area Pantauan (>1000m dari Desa)
Kapuas,Penyelimau,"Jumat, 11 September 2026 13:18:00",NASA-SNPP,Medium,110.54212,-0.15712,False,False,False,False,False,False,Di Luar Area Pantauan (>1000m dari Desa)
Tayan Hilir,Tanjung Bunut,"Jumat, 11 September 2026 13:18:00",NASA-SNPP,Medium,110.22638,-0.11807,False,False,False,False,False,False,Di Luar Area Pantauan (>1000m dari Desa)
Sekadau Hulu,Sekonau,"Jumat, 11 September 2026 13:18:00",NASA-SNPP,Medium,110.84011,-0.13526,False,False,False,False,False,False,Di Luar Area Pantauan (>1000m dari Desa)
Sungai Raya,Muara Baru,"Jumat, 11 September 2026 13:18:00",NASA-SNPP,Medium,109.82083,-0.19035,False,False,False,True,False,True,Di Luar Area Pantauan (>1000m dari Desa)
Sungai Raya,Pulaulimbung,"Jumat, 11 September 2026 13:18:00",NASA-SNPP,Medium,109.83016,-0.18213,False,False,True,True,True,True,Di Luar Area Pantauan (>1000m dari Desa)
Batu Ampar,Medan Mas,"Jumat, 11 September 2026 13:18:00",NASA-SNPP,Medium,109.29414,-0.71029,False,False,False,True,False,True,Di Luar Area Pantauan (>1000m dari Desa)
Nanga Mahap,Tamang,"Jumat, 11 September 2026 13:18:00",NASA-SNPP,Medium,110.67323,-0.45251,False,False,False,False,False,False,Di Luar Area Pantauan (>1000m dari Desa)
Ella Hilir,Nyanggau,"Jumat, 11 September 2026 13:18:00",NASA-SNPP,Medium,112.1013,-0.46751,False,False,False,False,False,False,Di Luar Area Pantauan (>1000m dari Desa)
Nanga Mahap,Tamang,"Jumat, 11 September 2026 13:18:00",NASA-SNPP,Medium,110.67374,-0.45585,False,False,False,False,False,False,Di Luar Area Pantauan (>1000m dari Desa)
Mukok,Kedukul,"Jumat, 11 September 2026 13:18:00",NASA-SNPP,Medium,110.74339,0.11242,False,False,False,False,False,False,Di Luar Area Pantauan (>1000m dari Desa)
Sungai Raya,Muara Baru,"Jumat, 11 September 2026 13:18:00",NASA-SNPP,Medium,109.82278,-0.17986,False,False,True,True,True,True,Di Luar Area Pantauan (>1000m dari Desa)
Mukok,Sungai Mawang,"Jumat, 11 September 2026 13:18:00",NASA-SNPP,Medium,110.78265,0.139,False,False,False,False,False,False,Di Luar Area Pantauan (>1000m dari Desa)
Manis Mata,Ratu Elok,"Jumat, 11 September 2026 13:18:00",NASA-SNPP,Medium,111.0629,-2.49465,False,False,False,False,False,False,Di Luar Area Pantauan (>1000m dari Desa)
Manis Mata,Seguling,"Jumat, 11 September 2026 13:18:00",NASA-SNPP,Medium,111.06989,-2.49357,False,False,True,False,False,True,Di Luar Area Pantauan (>1000m dari Desa)
Simpang Hulu,Kenanga,"Jumat, 11 September 2026 13:18:00",NASA-SNPP,Medium,110.52209,-0.66797,False,False,False,False,False,False,Di Luar Area Pantauan (>1000m dari Desa)
Sungai Ambawang,Teluk Bakung,"Jumat, 11 September 2026 13:18:00",NASA-SNPP,Medium,109.72686,-0.01895,False,False,False,True,False,True,Di Luar Area Pantauan (>1000m dari Desa)
Menukung,Nanga Siyai,"Jumat, 11 September 2026 13:18:00",NASA-SNPP,Medium,112.14729,-0.46036,False,False,False,False,False,False,Di Luar Area Pantauan (>1000m dari Desa)
Serawai,Nanga Riyoi,"Jumat, 11 September 2026 13:18:00",NASA-SNPP,Medium,112.74356,-0.36008,False,False,True,False,False,True,Di Luar Area Pantauan (>1000m dari Desa)
Batu Ampar,Ambarawa,"Jumat, 11 September 2026 13:18:00",NASA-SNPP,Medium,109.28371,-0.84711,False,False,False,True,True,True,Di Luar Area Pantauan (>1000m dari Desa)
Simpang Hulu,Sekucing Kualan,"Jumat, 11 September 2026 13:18:00",NASA-SNPP,Medium,110.04356,-0.55537,False,False,False,False,False,False,Di Luar Area Pantauan (>1000m dari Desa)
Simpang Hulu,Kualan Hulu,"Jumat, 11 September 2026 13:18:00",NASA-SNPP,Medium,110.56711,-0.45844,False,False,False,False,False,False,Di Luar Area Pantauan (>1000m dari Desa)
Nanga Pinoh,Nanga Kayan,"Jumat, 11 September 2026 13:18:00",NASA-SNPP,Medium,111.67981,-0.17058,False,False,False,True,False,True,Di Luar Area Pantauan (>1000m dari Desa)
Nanga Taman,Nanga Engkulun,"Jumat, 11 September 2026 13:18:00",NASA-SNPP,Medium,110.61714,-0.31896,False,False,False,False,False,False,Di Luar Area Pantauan (>1000m dari Desa)
Silat Hulu,Landau Badai,"Jumat, 11 September 2026 13:18:00",NASA-SNPP,Medium,112.14181,0.17695,False,False,False,False,False,False,Di Luar Area Pantauan (>1000m dari Desa)
Simpang Hulu,Sekucing Kualan,"Jumat, 11 September 2026 13:18:00",NASA-SNPP,Medium,110.06949,-0.62919,False,False,False,False,False,False,Di Luar Area Pantauan (>1000m dari Desa)
Simpang Hulu,Semandang Kiri,"Jumat, 11 September 2026 13:18:00",NASA-SNPP,Medium,110.42731,-0.62796,False,False,False,False,False,False,Di Luar Area Pantauan (>1000m dari Desa)
Nanga Pinoh,Labai Mandiri,"Jumat, 11 September 2026 13:18:00",NASA-SNPP,Medium,111.78288,-0.42264,False,False,False,False,False,False,Di Luar Area Pantauan (>1000m dari Desa)
Simpang Hulu,Sekucing Kualan,"Jumat, 11 September 2026 13:18:00",NASA-SNPP,Medium,110.11582,-0.6323,False,False,False,False,False,False,Di Luar Area Pantauan (>1000m dari Desa)
Simpang Hulu,Kualan Hilir,"Jumat, 11 September 2026 13:18:00",NASA-SNPP,Medium,110.13201,-0.59923,False,False,False,False,False,False,Di Luar Area Pantauan (>1000m dari Desa)
Ella Hilir,Natai Compa,"Jumat, 11 September 2026 13:18:00",NASA-SNPP,Medium,111.9897,-0.36936,False,False,False,False,False,False,Di Luar Area Pantauan (>1000m dari Desa)
Simpang Hulu,Sekucing Kualan,"Jumat, 11 September 2026 13:18:00",NASA-SNPP,Medium,110.07832,-0.61764,False,False,False,False,False,False,Di Luar Area Pantauan (>1000m dari Desa)
Simpang Hulu,Sekucing Kualan,"Jumat, 11 September 2026 13:18:00",NASA-SNPP,Medium,110.04862,-0.56102,False,False,False,False,False,False,Di Luar Area Pantauan (>1000m dari Desa)
Nanga Pinoh,Labai Mandiri,"Jumat, 11 September 2026 13:18:00",NASA-SNPP,Medium,111.76067,-0.42608,False,False,False,False,False,False,Di Luar Area Pantauan (>1000m dari Desa)
Ambalau,Bukit Tinggi,"Jumat, 11 September 2026 13:18:00",NASA-SNPP,Medium,112.70351,-0.25274,False,False,False,False,False,False,Di Luar Area Pantauan (>1000m dari Desa)
Ambalau,Bukit Tinggi,"Jumat, 11 September 2026 13:18:00",NASA-SNPP,Medium,112.70369,-0.25429,False,False,False,False,False,False,Di Luar Area Pantauan (>1000m dari Desa)
Simpang Hulu,Sekucing Kualan,"Jumat, 11 September 2026 13:18:00",NASA-SNPP,Medium,110.07243,-0.62534,False,False,True,False,False,True,Di Luar Area Pantauan (>1000m dari Desa)
Simpang Hulu,Sekucing Kualan,"Jumat, 11 September 2026 13:18:00",NASA-SNPP,Medium,110.08228,-0.62043,False,False,True,False,False,True,Di Luar Area Pantauan (>1000m dari Desa)
Simpang Hulu,Sekucing Kualan,"Jumat, 11 September 2026 13:18:00",NASA-SNPP,Medium,110.04813,-0.5577,False,False,False,False,False,False,Di Luar Area Pantauan (>1000m dari Desa)
Nanga Mahap,Landau Apin,"Jumat, 11 September 2026 13:18:00",NASA-SNPP,Medium,110.6857,-0.48374,False,False,False,False,False,False,Di Luar Area Pantauan (>1000m dari Desa)
Batu Ampar,Tanjungberingin,"Jumat, 11 September 2026 13:18:00",NASA-SNPP,Medium,109.93115,-0.5114,False,False,False,True,False,True,Di Luar Area Pantauan (>1000m dari Desa)
Batu Ampar,Tanjungberingin,"Jumat, 11 September 2026 13:18:00",NASA-SNPP,Medium,109.92525,-0.5191,False,False,True,False,False,True,Di Luar Area Pantauan (>1000m dari Desa)
Simpang Hulu,Sekucing Labai,"Jumat, 11 September 2026 13:18:00",NASA-SNPP,Medium,110.10592,-0.47787,False,False,True,False,False,True,Di Luar Area Pantauan (>1000m dari Desa)
Simpang Hulu,Sekucing Labai,"Jumat, 11 September 2026 13:18:00",NASA-SNPP,Medium,110.17003,-0.48166,False,False,False,False,False,False,Di Luar Area Pantauan (>1000m dari Desa)
Simpang Hulu,Sekucing Labai,"Jumat, 11 September 2026 13:18:00",NASA-SNPP,Medium,110.08034,-0.49538,False,False,False,False,False,False,Di Luar Area Pantauan (>1000m dari Desa)
Batu Ampar,Tanjungberingin,"Jumat, 11 September 2026 13:18:00",NASA-SNPP,Medium,109.9262,-0.50197,False,False,True,True,False,True,Di Luar Area Pantauan (>1000m dari Desa)
Belimbing,Sepan Tonak,"Jumat, 11 September 2026 13:18:00",NASA-SNPP,Medium,111.60503,-0.22682,False,False,False,False,False,False,Di Luar Area Pantauan (>1000m dari Desa)
Batu Ampar,Tanjungberingin,"Jumat, 11 September 2026 13:18:00",NASA-SNPP,Medium,109.93064,-0.50808,False,False,True,True,False,True,Di Luar Area Pantauan (>1000m dari Desa)
Simpang Hulu,Sekucing Kualan,"Jumat, 11 September 2026 13:18:00",NASA-SNPP,Medium,110.04518,-0.56155,False,False,False,False,False,False,Di Luar Area Pantauan (>1000m dari Desa)
Sungai Raya,Muara Baru,"Jumat, 11 September 2026 13:18:00",NASA-SNPP,Medium,109.82428,-0.18982,False,False,False,True,False,True,Di Luar Area Pantauan (>1000m dari Desa)
Toba,Bagan Asam,"Jumat, 11 September 2026 13:18:00",NASA-SNPP,Medium,110.148,-0.27205,False,False,False,False,False,False,Di Luar Area Pantauan (>1000m dari Desa)
Ella Hilir,Nyanggau,"Jumat, 11 September 2026 13:18:00",NASA-SNPP,Medium,112.0983,-0.47511,False,False,False,False,False,False,Di Luar Area Pantauan (>1000m dari Desa)
Ella Hilir,Nyanggau,"Jumat, 11 September 2026 13:18:00",NASA-SNPP,Medium,112.10205,-0.47452,False,False,False,False,False,False,Di Luar Area Pantauan (>1000m dari Desa)
Simpang Hulu,Kualan Hilir,"Jumat, 11 September 2026 13:18:00",NASA-SNPP,Medium,110.1923,-0.51225,False,False,False,False,False,False,Di Luar Area Pantauan (>1000m dari Desa)
Belimbing,Sepan Tonak,"Jumat, 11 September 2026 13:18:00",NASA-SNPP,Medium,111.6127,-0.20184,False,False,False,False,False,False,Di Luar Area Pantauan (>1000m dari Desa)
Mukok,Kedukul,"Jumat, 11 September 2026 13:18:00",NASA-SNPP,Medium,110.74139,0.10182,False,False,False,False,False,False,Di Luar Area Pantauan (>1000m dari Desa)
Silat Hilir,Miau Merah,"Jumat, 11 September 2026 13:18:00",NASA-SNPP,Medium,111.78764,0.24821,False,False,False,False,False,False,Di Luar Area Pantauan (>1000m dari Desa)
Toba,Balai Belungai,"Jumat, 11 September 2026 13:18:00",NASA-SNPP,Medium,110.15624,-0.12202,False,False,False,False,False,False,Di Luar Area Pantauan (>1000m dari Desa)
Belitang Hilir,Entabuk,"Jumat, 11 September 2026 13:18:00",NASA-SNPP,Medium,111.16284,0.15496,False,False,False,False,False,False,Di Luar Area Pantauan (>1000m dari Desa)
Meliau,Kuala Rosan,"Jumat, 11 September 2026 13:18:00",NASA-SNPP,Medium,110.48798,-0.22346,False,False,False,False,False,False,Di Luar Area Pantauan (>1000m dari Desa)
Sungai Raya,Gunungtamang,"Jumat, 11 September 2026 13:18:00",NASA-SNPP,Medium,109.89361,-0.15884,False,False,False,True,False,True,Di Luar Area Pantauan (>1000m dari Desa)
Nanga Mahap,Karang Betung,"Jumat, 11 September 2026 13:18:00",NASA-SNPP,Medium,110.88293,-0.6197,True,False,False,False,False,False,Prioritas 2 (Sedang)
Belitang Hilir,Tapang Pulau,"Jumat, 11 September 2026 13:18:00",NASA-SNPP,Medium,111.11802,0.15905,False,False,False,False,False,False,Di Luar Area Pantauan (>1000m dari Desa)
Sungai Raya,Gunungtamang,"Jumat, 11 September 2026 13:18:00",NASA-SNPP,Medium,109.89999,-0.15446,False,False,False,True,False,True,Di Luar Area Pantauan (>1000m dari Desa)
Silat Hulu,Nanga Lungu,"Jumat, 11 September 2026 13:18:00",NASA-SNPP,Medium,112.15792,0.20154,False,False,False,False,False,False,Di Luar Area Pantauan (>1000m dari Desa)
Silat Hulu,Nanga Lungu,"Jumat, 11 September 2026 13:18:00",NASA-SNPP,Medium,112.158,0.201,False,False,False,False,False,False,Di Luar Area Pantauan (>1000m dari Desa)
Simpang Dua,Kampar Sebomban,"Jumat, 11 September 2026 13:18:00",NASA-SNPP,Medium,110.22829,-0.69247,False,False,False,False,False,False,Di Luar Area Pantauan (>1000m dari Desa)
Sungai Raya,Pulaulimbung,"Jumat, 11 September 2026 13:18:00",NASA-SNPP,Medium,109.82916,-0.17549,False,False,True,True,True,True,Di Luar Area Pantauan (>1000m dari Desa)
Sungai Laur,Merabu Jaya,"Jumat, 11 September 2026 13:18:00",NASA-SNPP,Medium,110.64487,-0.65604,False,False,False,False,False,False,Di Luar Area Pantauan (>1000m dari Desa)
Belitang Hilir,Tapang Pulau,"Jumat, 11 September 2026 13:18:00",NASA-SNPP,Medium,111.11852,0.15567,False,False,False,False,False,False,Di Luar Area Pantauan (>1000m dari Desa)
Simpang Dua,Semandang Kanan,"Jumat, 11 September 2026 13:18:00",NASA-SNPP,Medium,110.40097,-0.77786,False,False,False,False,False,False,Di Luar Area Pantauan (>1000m dari Desa)
Sungai Laur,Kepari,"Jumat, 11 September 2026 13:18:00",NASA-SNPP,Medium,110.58118,-0.81386,False,False,False,False,False,False,Di Luar Area Pantauan (>1000m dari Desa)
Belitang Hulu,Ijuk,"Jumat, 11 September 2026 13:18:00",NASA-SNPP,Medium,111.05592,0.41775,False,False,False,False,False,False,Di Luar Area Pantauan (>1000m dari Desa)
Simpang Hilir,Batu Barat,"Jumat, 11 September 2026 13:18:00",NASA-SNPP,Medium,110.0416,-0.96453,False,False,True,True,False,True,Di Luar Area Pantauan (>1000m dari Desa)
Serawai,Rantau Malam,"Jumat, 11 September 2026 13:18:00",NASA-SNPP,Medium,112.59423,-0.51314,False,False,True,False,False,True,Di Luar Area Pantauan (>1000m dari Desa)
Simpang Hilir,Batu Barat,"Jumat, 11 September 2026 13:18:00",NASA-SNPP,Medium,110.10595,-0.90033,False,False,False,True,False,True,Di Luar Area Pantauan (>1000m dari Desa)
Simpang Hilir,Lubuk Batu,"Jumat, 11 September 2026 13:18:00",NASA-SNPP,Medium,110.12175,-0.9115,False,False,False,False,False,False,Di Luar Area Pantauan (>1000m dari Desa)
Simpang Hilir,Sungaimata-Mata,"Jumat, 11 September 2026 13:18:00",NASA-SNPP,Medium,109.98302,-0.97348,False,False,True,True,False,True,Di Luar Area Pantauan (>1000m dari Desa)
Menukung,Belaban Ella,"Jumat, 11 September 2026 13:18:00",NASA-SNPP,Medium,112.21886,-0.54998,False,False,False,False,True,True,Di Luar Area Pantauan (>1000m dari Desa)
Hulu Sungai,Sunge Bengaras,"Jumat, 11 September 2026 13:18:00",NASA-SNPP,Medium,110.84035,-0.78085,False,False,True,False,False,True,Di Luar Area Pantauan (>1000m dari Desa)
Simpang Hilir,Sungaimata-Mata,"Jumat, 11 September 2026 13:18:00",NASA-SNPP,Medium,110.0119,-0.90792,False,False,False,True,False,True,Di Luar Area Pantauan (>1000m dari Desa)
Sungai Ambawang,Teluk Bakung,"Jumat, 11 September 2026 13:18:00",NASA-SNPP,Medium,109.74997,-0.00862,False,False,True,True,False,True,Di Luar Area Pantauan (>1000m dari Desa)
Ketungau Tengah,Begelang Jaya,"Jumat, 11 September 2026 13:18:00",NASA-SNPP,Medium,111.29585,0.61154,False,False,False,False,False,False,Di Luar Area Pantauan (>1000m dari Desa)
Silat Hilir,Setunggul,"Jumat, 11 September 2026 13:18:00",NASA-SNPP,Medium,111.90635,0.33543,False,False,False,False,False,False,Di Luar Area Pantauan (>1000m dari Desa)
Sungai Ambawang,Teluk Bakung,"Jumat, 11 September 2026 13:18:00",NASA-SNPP,Medium,109.73914,-0.00688,False,False,True,True,False,True,Di Luar Area Pantauan (>1000m dari Desa)
Belitang,Nanga Ansar,"Jumat, 11 September 2026 13:18:00",NASA-SNPP,Medium,111.14222,0.31262,False,False,False,False,False,False,Di Luar Area Pantauan (>1000m dari Desa)
Sungai Ambawang,Teluk Bakung,"Jumat, 11 September 2026 13:18:00",NASA-SNPP,Medium,109.76074,0.0134,False,False,True,True,False,True,Di Luar Area Pantauan (>1000m dari Desa)
Kalis,Ribang Kadeng,"Jumat, 11 September 2026 13:18:00",NASA-SNPP,Medium,112.99186,0.61053,False,False,False,False,False,False,Di Luar Area Pantauan (>1000m dari Desa)
Seberuang,Tajau Mada,"Jumat, 11 September 2026 13:18:00",NASA-SNPP,Medium,112.00388,0.41579,False,False,False,False,False,False,Di Luar Area Pantauan (>1000m dari Desa)
Sungai Ambawang,Teluk Bakung,"Jumat, 11 September 2026 13:18:00",NASA-SNPP,Medium,109.83602,0.02831,False,False,False,True,False,True,Di Luar Area Pantauan (>1000m dari Desa)
Kapuas,Kelurahan Sungai Sengkuang,"Jumat, 11 September 2026 13:18:00",NASA-SNPP,Medium,110.62392,0.18543,False,False,False,False,False,False,Di Luar Area Pantauan (>1000m dari Desa)
Kapuas,Penyeladi,"Jumat, 11 September 2026 13:18:00",NASA-SNPP,Medium,110.70199,0.14725,False,False,False,False,False,False,Di Luar Area Pantauan (>1000m dari Desa)
Mukok,Serambai Jaya,"Jumat, 11 September 2026 13:18:00",NASA-SNPP,Medium,110.88335,0.30748,False,False,False,False,False,False,Di Luar Area Pantauan (>1000m dari Desa)
Belitang Hulu,Kumpang Ilong,"Jumat, 11 September 2026 13:18:00",NASA-SNPP,Medium,111.17006,0.34811,False,False,False,False,False,False,Di Luar Area Pantauan (>1000m dari Desa)
Seberuang,Gurung,"Jumat, 11 September 2026 13:18:00",NASA-SNPP,Medium,112.0287,0.43387,False,False,False,False,False,False,Di Luar Area Pantauan (>1000m dari Desa)
Pengkadan,Buak Limbang,"Jumat, 11 September 2026 13:18:00",NASA-SNPP,Medium,112.42706,0.4836,False,False,False,False,False,False,Di Luar Area Pantauan (>1000m dari Desa)
Belitang Hilir,Menawai Tekam,"Jumat, 11 September 2026 13:18:00",NASA-SNPP,Medium,111.00541,0.27098,False,False,False,False,False,False,Di Luar Area Pantauan (>1000m dari Desa)
Kapuas,Pana,"Jumat, 11 September 2026 13:18:00",NASA-SNPP,Medium,110.66438,0.20187,False,False,False,False,False,False,Di Luar Area Pantauan (>1000m dari Desa)
Kapuas,Kelurahan Tanjung Kapuas,"Jumat, 11 September 2026 13:18:00",NASA-SNPP,Medium,110.67589,0.19677,False,False,False,False,False,False,Di Luar Area Pantauan (>1000m dari Desa)
Bunut Hulu,Selaup,"Jumat, 11 September 2026 13:18:00",NASA-SNPP,Medium,112.73436,0.45901,False,False,False,False,False,False,Di Luar Area Pantauan (>1000m dari Desa)
Ketungau Tengah,Landau Temiang,"Jumat, 11 September 2026 13:18:00",NASA-SNPP,Medium,111.68378,0.72671,False,False,False,False,True,True,Di Luar Area Pantauan (>1000m dari Desa)
Belitang Hulu,Batuk Mulau,"Jumat, 11 September 2026 13:18:00",NASA-SNPP,Medium,111.21859,0.39052,False,False,False,False,False,False,Di Luar Area Pantauan (>1000m dari Desa)
Belitang Hulu,Seburuk Satu,"Jumat, 11 September 2026 13:18:00",NASA-SNPP,Medium,111.00304,0.54569,False,False,False,False,False,False,Di Luar Area Pantauan (>1000m dari Desa)
Jangkang,Tanggung,"Jumat, 11 September 2026 13:18:00",NASA-SNPP,Medium,110.80405,0.51165,False,False,False,False,False,False,Di Luar Area Pantauan (>1000m dari Desa)
Semitau,Tua' Abang,"Jumat, 11 September 2026 13:18:00",NASA-SNPP,Medium,111.86788,0.56352,False,False,False,False,False,False,Di Luar Area Pantauan (>1000m dari Desa)
Jangkang,Empiyang,"Jumat, 11 September 2026 13:18:00",NASA-SNPP,Medium,110.69297,0.50489,False,False,False,False,False,False,Di Luar Area Pantauan (>1000m dari Desa)
Jangkang,Semirau,"Jumat, 11 September 2026 13:18:00",NASA-SNPP,Medium,110.95758,0.53179,False,False,False,False,False,False,Di Luar Area Pantauan (>1000m dari Desa)
Tayan Hulu,Pandan Sembuat,"Jumat, 11 September 2026 13:18:00",NASA-SNPP,Medium,110.33952,0.37896,False,False,False,False,False,False,Di Luar Area Pantauan (>1000m dari Desa)
Tayan Hulu,Peruan Dalam,"Jumat, 11 September 2026 13:18:00",NASA-SNPP,Medium,110.18278,0.29432,False,False,False,False,False,False,Di Luar Area Pantauan (>1000m dari Desa)
Tayan Hulu,Peruan Dalam,"Jumat, 11 September 2026 13:18:00",NASA-SNPP,Medium,110.18574,0.29818,False,False,False,False,False,False,Di Luar Area Pantauan (>1000m dari Desa)
Tayan Hulu,Kedakas,"Jumat, 11 September 2026 13:18:00",NASA-SNPP,Medium,110.27998,0.39715,False,False,False,False,False,False,Di Luar Area Pantauan (>1000m dari Desa)
Belitang Hulu,Sungaitapah,"Jumat, 11 September 2026 13:18:00",NASA-SNPP,Medium,110.98003,0.50413,False,False,False,False,False,False,Di Luar Area Pantauan (>1000m dari Desa)
Jangkang,Semirau,"Jumat, 11 September 2026 13:18:00",NASA-SNPP,Medium,110.95808,0.52841,False,False,False,False,False,False,Di Luar Area Pantauan (>1000m dari Desa)
Belitang Hulu,Sungaitapah,"Jumat, 11 September 2026 13:18:00",NASA-SNPP,Medium,110.96517,0.48114,False,False,False,False,False,False,Di Luar Area Pantauan (>1000m dari Desa)
Jangkang,Semirau,"Jumat, 11 September 2026 13:18:00",NASA-SNPP,Medium,110.91624,0.44264,False,False,False,False,False,False,Di Luar Area Pantauan (>1000m dari Desa)
Ketungau Tengah,Margahayu,"Jumat, 11 September 2026 13:18:00",NASA-SNPP,Medium,111.45641,0.79673,False,False,False,False,False,False,Di Luar Area Pantauan (>1000m dari Desa)
Ketungau Tengah,Margahayu,"Jumat, 11 September 2026 13:18:00",NASA-SNPP,Medium,111.46597,0.80873,False,False,False,False,False,False,Di Luar Area Pantauan (>1000m dari Desa)
Ketungau Tengah,Semareh,"Jumat, 11 September 2026 13:18:00",NASA-SNPP,Medium,111.33509,0.97003,False,False,False,False,False,False,Di Luar Area Pantauan (>1000m dari Desa)
Ketungau Hulu,Engkeruh,"Jumat, 11 September 2026 13:18:00",NASA-SNPP,Medium,111.09268,0.9193,False,False,True,False,False,True,Di Luar Area Pantauan (>1000m dari Desa)
Sekayam,Sangai Tekam,"Jumat, 11 September 2026 13:18:00",NASA-SNPP,Medium,110.68036,0.83955,False,False,False,False,False,False,Di Luar Area Pantauan (>1000m dari Desa)
Ketungau Tengah,Nanga Kelapan,"Jumat, 11 September 2026 13:18:00",NASA-SNPP,Medium,111.36723,0.93312,False,False,False,False,True,True,Di Luar Area Pantauan (>1000m dari Desa)
Ketungau Tengah,Nanga Kelapan,"Jumat, 11 September 2026 13:18:00",NASA-SNPP,Medium,111.39477,0.92685,False,False,False,False,True,True,Di Luar Area Pantauan (>1000m dari Desa)
Ketungau Tengah,Nanga Kelapan,"Jumat, 11 September 2026 13:18:00",NASA-SNPP,Medium,111.38479,0.94285,False,False,False,False,True,True,Di Luar Area Pantauan (>1000m dari Desa)
Serawai,Nanga Ruhan,"Jumat, 11 September 2026 13:18:00",NASA-SNPP,Medium,112.75735,-0.4203,False,False,False,False,False,False,Di Luar Area Pantauan (>1000m dari Desa)
Manis Mata,Air Dekakah,"Jumat, 11 September 2026 13:18:00",NASA-SNPP,Medium,110.98609,-2.3516,False,False,False,False,False,False,Di Luar Area Pantauan (>1000m dari Desa)
Serawai,Rantau Malam,"Jumat, 11 September 2026 13:18:00",NASA-SNPP,Medium,112.5947,-0.5167,False,False,True,False,False,True,Di Luar Area Pantauan (>1000m dari Desa)
Ketungau Tengah,Begelang Jaya,"Jumat, 11 September 2026 13:18:00",NASA-SNPP,Medium,111.29681,0.60835,False,False,False,False,False,False,Di Luar Area Pantauan (>1000m dari Desa)
Ketungau Tengah,Landau Temiang,"Jumat, 11 September 2026 13:18:00",NASA-SNPP,Medium,111.68016,0.72616,False,False,False,False,True,True,Di Luar Area Pantauan (>1000m dari Desa)
Simpang Hilir,Lubuk Batu,"Jumat, 11 September 2026 13:18:00",NASA-SNPP,Medium,110.09867,-0.94561,False,False,False,False,False,False,Di Luar Area Pantauan (>1000m dari Desa)
Manis Mata,Seguling,"Jumat, 11 September 2026 13:18:00",NASA-SNPP,Medium,111.09647,-2.57049,False,False,False,False,False,False,Di Luar Area Pantauan (>1000m dari Desa)
Manis Mata,Sungai Buluh,"Jumat, 11 September 2026 13:18:00",NASA-SNPP,Medium,111.08308,-2.5999,False,False,False,False,False,False,Di Luar Area Pantauan (>1000m dari Desa)
Manis Mata,Jambi,"Jumat, 11 September 2026 13:18:00",NASA-SNPP,Medium,111.08823,-2.67975,False,False,False,False,False,False,Di Luar Area Pantauan (>1000m dari Desa)
Ketungau Tengah,Swadaya,"Jumat, 11 September 2026 13:18:00",NASA-SNPP,Medium,111.48114,0.75833,False,False,False,False,False,False,Di Luar Area Pantauan (>1000m dari Desa)
Ketungau Hilir,Sungai Mali,"Jumat, 11 September 2026 13:18:00",NASA-SNPP,Medium,111.6752,0.55735,False,False,False,False,False,False,Di Luar Area Pantauan (>1000m dari Desa)
Ketungau Tengah,Begelang Jaya,"Jumat, 11 September 2026 13:18:00",NASA-SNPP,Medium,111.29749,0.62574,False,False,False,False,False,False,Di Luar Area Pantauan (>1000m dari Desa)
Ketungau Tengah,Swadaya,"Jumat, 11 September 2026 13:18:00",NASA-SNPP,Medium,111.46786,0.74579,False,False,False,False,False,False,Di Luar Area Pantauan (>1000m dari Desa)
Jangkang,Tanggung,"Jumat, 11 September 2026 13:18:00",NASA-SNPP,Medium,110.78195,0.53372,False,False,False,False,False,False,Di Luar Area Pantauan (>1000m dari Desa)
Ketungau Tengah,Panggi Agung,"Jumat, 11 September 2026 13:18:00",NASA-SNPP,Medium,111.30461,0.60607,False,False,False,False,False,False,Di Luar Area Pantauan (>1000m dari Desa)
Belitang Hilir,Semadu,"Jumat, 11 September 2026 13:18:00",NASA-SNPP,Medium,110.96644,0.37989,False,False,False,False,False,False,Di Luar Area Pantauan (>1000m dari Desa)
Belitang Hilir,Semadu,"Jumat, 11 September 2026 13:18:00",NASA-SNPP,Medium,111.00777,0.37237,False,False,False,False,False,False,Di Luar Area Pantauan (>1000m dari Desa)
Belitang Hilir,Semadu,"Jumat, 11 September 2026 13:18:00",NASA-SNPP,Medium,111.05653,0.29606,False,False,False,False,False,False,Di Luar Area Pantauan (>1000m dari Desa)
Sungai Ambawang,Teluk Bakung,"Jumat, 11 September 2026 13:18:00",NASA-SNPP,Medium,109.77402,0.01883,False,False,True,False,False,True,Di Luar Area Pantauan (>1000m dari Desa)
Belitang Hulu,Ijuk,"Jumat, 11 September 2026 13:18:00",NASA-SNPP,Medium,111.09281,0.39223,False,False,False,False,False,False,Di Luar Area Pantauan (>1000m dari Desa)
Belitang Hilir,Semadu,"Jumat, 11 September 2026 13:18:00",NASA-SNPP,Medium,110.96593,0.38326,False,False,False,False,False,False,Di Luar Area Pantauan (>1000m dari Desa)
Bonti,Bahta,"Jumat, 11 September 2026 13:18:00",NASA-SNPP,Medium,110.61329,0.29861,False,False,False,False,False,False,Di Luar Area Pantauan (>1000m dari Desa)
Belitang Hilir,Menawai Tekam,"Jumat, 11 September 2026 13:18:00",NASA-SNPP,Medium,110.97279,0.31778,False,False,False,False,False,False,Di Luar Area Pantauan (>1000m dari Desa)
Seberuang,Tanjung Keliling,"Jumat, 11 September 2026 13:18:00",NASA-SNPP,Medium,112.05219,0.40879,False,False,False,False,False,False,Di Luar Area Pantauan (>1000m dari Desa)
Manis Mata,Seguling,"Jumat, 11 September 2026 13:18:00",NASA-SNPP,Medium,111.11215,-2.67264,False,False,False,True,False,True,Di Luar Area Pantauan (>1000m dari Desa)
Manis Mata,Seguling,"Jumat, 11 September 2026 13:18:00",NASA-SNPP,Medium,111.15159,-2.65093,False,False,False,False,False,False,Di Luar Area Pantauan (>1000m dari Desa)
Simpang Hilir,Lubuk Batu,"Jumat, 11 September 2026 13:18:00",NASA-SNPP,Medium,110.1188,-0.91535,False,False,False,False,False,False,Di Luar Area Pantauan (>1000m dari Desa)
Simpang Hilir,Lubuk Batu,"Jumat, 11 September 2026 13:18:00",NASA-SNPP,Medium,110.09767,-0.93897,False,False,False,False,False,False,Di Luar Area Pantauan (>1000m dari Desa)
Simpang Hilir,Lubuk Batu,"Jumat, 11 September 2026 13:18:00",NASA-SNPP,Medium,110.09573,-0.94946,False,False,False,False,False,False,Di Luar Area Pantauan (>1000m dari Desa)
Simpang Hilir,Batu Barat,"Jumat, 11 September 2026 13:18:00",NASA-SNPP,Medium,110.04255,-0.9474,False,False,True,True,False,True,Di Luar Area Pantauan (>1000m dari Desa)
Simpang Hilir,Lubuk Batu,"Jumat, 11 September 2026 13:18:00",NASA-SNPP,Medium,110.11586,-0.9192,False,False,False,False,False,False,Di Luar Area Pantauan (>1000m dari Desa)
Simpang Hilir,Sungaimata-Mata,"Jumat, 11 September 2026 13:18:00",NASA-SNPP,Medium,109.98252,-0.97016,False,False,True,True,False,True,Di Luar Area Pantauan (>1000m dari Desa)
Simpang Hilir,Batu Barat,"Jumat, 11 September 2026 13:18:00",NASA-SNPP,Medium,110.03766,-0.96173,False,False,True,True,False,True,Di Luar Area Pantauan (>1000m dari Desa)
Serawai,Nanga Ruhan,"Jumat, 11 September 2026 13:18:00",NASA-SNPP,Medium,112.83176,-0.41992,False,False,False,False,False,False,Di Luar Area Pantauan (>1000m dari Desa)
Simpang Dua,Kampar Sebomban,"Jumat, 11 September 2026 13:18:00",NASA-SNPP,Medium,110.18044,-0.83879,False,False,False,False,False,False,Di Luar Area Pantauan (>1000m dari Desa)
Serawai,Nanga Ruhan,"Jumat, 11 September 2026 13:18:00",NASA-SNPP,Medium,112.79874,-0.44701,False,False,False,False,False,False,Di Luar Area Pantauan (>1000m dari Desa)
Serawai,Nanga Ruhan,"Jumat, 11 September 2026 13:18:00",NASA-SNPP,Medium,112.79822,-0.44342,False,False,False,False,False,False,Di Luar Area Pantauan (>1000m dari Desa)
Ella Hilir,Nanga Nyuruh,"Jumat, 11 September 2026 13:18:00",NASA-SNPP,Medium,112.09619,-0.48611,False,False,False,False,False,False,Di Luar Area Pantauan (>1000m dari Desa)
Ella Hilir,Nanga Nyuruh,"Jumat, 11 September 2026 13:18:00",NASA-SNPP,Medium,112.1029,-0.48152,False,False,False,False,False,False,Di Luar Area Pantauan (>1000m dari Desa)
Serawai,Nanga Ruhan,"Jumat, 11 September 2026 13:18:00",NASA-SNPP,Medium,112.78282,-0.37231,False,False,True,False,False,True,Di Luar Area Pantauan (>1000m dari Desa)
Kendawangan,Banjar Sari,"Jumat, 11 September 2026 13:18:00",NASA-SNPP,Medium,110.2551,-2.50034,False,False,False,False,False,False,Di Luar Area Pantauan (>1000m dari Desa)
Matan Hilir Selatan,Sungai Nanjung,"Jumat, 11 September 2026 13:18:00",NASA-SNPP,Medium,110.13603,-2.10297,False,False,False,False,False,False,Di Luar Area Pantauan (>1000m dari Desa)
Jangkang,Empiyang,"Jumat, 11 September 2026 13:18:00",NASA-SNPP,Medium,110.68248,0.52206,False,False,False,False,False,False,Di Luar Area Pantauan (>1000m dari Desa)
Nanga Mahap,Karang Betung,"Jumat, 11 September 2026 13:18:00",NASA-SNPP,Medium,110.83317,-0.69116,True,False,True,False,False,True,Prioritas 1 (Tinggi)
Simpang Dua,Semandang Kanan,"Jumat, 11 September 2026 13:18:00",NASA-SNPP,Medium,110.30756,-0.76834,False,False,False,False,False,False,Di Luar Area Pantauan (>1000m dari Desa)
Sukadana,Sedahan Jaya,"Jumat, 11 September 2026 13:18:00",NASA-SNPP,Medium,110.04652,-1.1768,False,False,True,True,True,True,Di Luar Area Pantauan (>1000m dari Desa)
Simpang Hilir,Rantau Panjang,"Jumat, 11 September 2026 13:18:00",NASA-SNPP,Medium,110.02335,-1.16336,False,False,False,False,False,False,Di Luar Area Pantauan (>1000m dari Desa)
Sandai,Sandai,"Jumat, 11 September 2026 13:18:00",NASA-SNPP,Medium,110.56782,-1.24873,False,False,False,False,False,False,Di Luar Area Pantauan (>1000m dari Desa)
Sandai,Pendamaran Indah,"Jumat, 11 September 2026 13:18:00",NASA-SNPP,Medium,110.63853,-1.06925,False,False,False,False,False,False,Di Luar Area Pantauan (>1000m dari Desa)
Sukadana,Sedahan Jaya,"Jumat, 11 September 2026 13:18:00",NASA-SNPP,Medium,110.04014,-1.18118,False,False,False,True,True,True,Di Luar Area Pantauan (>1000m dari Desa)
Muara Pawan,Tempurukan,"Jumat, 11 September 2026 13:18:00",NASA-SNPP,Medium,110.09068,-1.63298,False,False,False,True,False,True,Di Luar Area Pantauan (>1000m dari Desa)
Nanga Tayap,Kayong Hulu,"Jumat, 11 September 2026 13:18:00",NASA-SNPP,Medium,110.72997,-1.53491,False,False,True,False,False,True,Di Luar Area Pantauan (>1000m dari Desa)
Muara Pawan,Mayak,"Jumat, 11 September 2026 13:18:00",NASA-SNPP,Medium,110.15198,-1.71194,False,False,True,True,False,True,Di Luar Area Pantauan (>1000m dari Desa)
Muara Pawan,Tanjung Pura,"Jumat, 11 September 2026 13:18:00",NASA-SNPP,Medium,110.22387,-1.69755,False,False,False,True,False,True,Di Luar Area Pantauan (>1000m dari Desa)
Nanga Tayap,Betenung,"Jumat, 11 September 2026 13:18:00",NASA-SNPP,Medium,110.75732,-1.57506,False,False,False,False,False,False,Di Luar Area Pantauan (>1000m dari Desa)
Nanga Tayap,Sepakat Jaya,"Jumat, 11 September 2026 13:18:00",NASA-SNPP,Medium,110.66976,-1.38237,False,False,True,False,False,True,Di Luar Area Pantauan (>1000m dari Desa)
Nanga Tayap,Betenung,"Jumat, 11 September 2026 13:18:00",NASA-SNPP,Medium,110.73048,-1.53825,False,False,False,False,False,False,Di Luar Area Pantauan (>1000m dari Desa)
Matan Hilir Utara,Lamon Satong,"Jumat, 11 September 2026 13:18:00",NASA-SNPP,Medium,110.18736,-1.35124,False,False,False,False,False,False,Di Luar Area Pantauan (>1000m dari Desa)
Matan Hilir Utara,Tanjung Baik Budi,"Jumat, 11 September 2026 13:18:00",NASA-SNPP,Medium,110.09062,-1.54496,False,False,True,True,False,True,Di Luar Area Pantauan (>1000m dari Desa)
Matan Hilir Utara,Sungai Putri,"Jumat, 11 September 2026 13:18:00",NASA-SNPP,Medium,110.08918,-1.55877,False,False,True,True,False,True,Di Luar Area Pantauan (>1000m dari Desa)
Nanga Tayap,Sungai Kelik,"Jumat, 11 September 2026 13:18:00",NASA-SNPP,Medium,110.30651,-1.63733,False,False,False,True,False,True,Di Luar Area Pantauan (>1000m dari Desa)
Matan Hilir Utara,Tanjung Baik Budi,"Jumat, 11 September 2026 13:18:00",NASA-SNPP,Medium,110.18269,-1.52408,False,False,False,True,False,True,Di Luar Area Pantauan (>1000m dari Desa)
Nanga Tayap,Sungai Kelik,"Jumat, 11 September 2026 13:18:00",NASA-SNPP,Medium,110.3129,-1.56872,False,False,True,True,False,True,Di Luar Area Pantauan (>1000m dari Desa)
Manis Mata,Silat,"Jumat, 11 September 2026 13:18:00",NASA-SNPP,Medium,110.90881,-2.28835,False,False,False,False,False,False,Di Luar Area Pantauan (>1000m dari Desa)
Matan Hilir Utara,Tanjung Baik Budi,"Jumat, 11 September 2026 13:18:00",NASA-SNPP,Medium,110.15855,-1.52777,False,False,True,True,False,True,Di Luar Area Pantauan (>1000m dari Desa)
Nanga Tayap,Sepakat Jaya,"Jumat, 11 September 2026 13:18:00",NASA-SNPP,Medium,110.66997,-1.44936,False,False,True,False,False,True,Di Luar Area Pantauan (>1000m dari Desa)
Muara Pawan,Ulak Medang,"Jumat, 11 September 2026 13:18:00",NASA-SNPP,Medium,110.25903,-1.51579,False,False,True,True,False,True,Di Luar Area Pantauan (>1000m dari Desa)
Muara Pawan,Ulak Medang,"Jumat, 11 September 2026 13:18:00",NASA-SNPP,Medium,110.27727,-1.5198,False,False,True,True,False,True,Di Luar Area Pantauan (>1000m dari Desa)
Matan Hilir Utara,Tanjung Baik Budi,"Jumat, 11 September 2026 13:18:00",NASA-SNPP,Medium,110.14671,-1.51939,False,False,True,True,False,True,Di Luar Area Pantauan (>1000m dari Desa)
Matan Hilir Utara,Tanjung Baik Budi,"Jumat, 11 September 2026 13:18:00",NASA-SNPP,Medium,110.16149,-1.52392,False,False,False,False,False,False,Di Luar Area Pantauan (>1000m dari Desa)
Matan Hilir Selatan,Sungai Besar,"Jumat, 11 September 2026 13:18:00",NASA-SNPP,Medium,110.17534,-1.88397,False,False,True,True,False,True,Di Luar Area Pantauan (>1000m dari Desa)
Matan Hilir Utara,Tanjung Baik Budi,"Jumat, 11 September 2026 13:18:00",NASA-SNPP,Medium,110.10979,-1.53183,False,False,True,True,False,True,Di Luar Area Pantauan (>1000m dari Desa)
Matan Hilir Utara,Tanjung Baik Budi,"Jumat, 11 September 2026 13:18:00",NASA-SNPP,Medium,110.15755,-1.52113,False,False,False,False,False,False,Di Luar Area Pantauan (>1000m dari Desa)
Nanga Tayap,Tanjung Medan,"Jumat, 11 September 2026 13:18:00",NASA-SNPP,Medium,110.43924,-1.45169,False,False,False,False,False,False,Di Luar Area Pantauan (>1000m dari Desa)
Matan Hilir Utara,Tanjung Baik Budi,"Jumat, 11 September 2026 13:18:00",NASA-SNPP,Medium,110.14721,-1.52271,False,False,True,True,False,True,Di Luar Area Pantauan (>1000m dari Desa)
Matan Hilir Utara,Tanjung Baik Budi,"Jumat, 11 September 2026 13:18:00",NASA-SNPP,Medium,110.1541,-1.52166,False,False,False,True,False,True,Di Luar Area Pantauan (>1000m dari Desa)
Nanga Tayap,Tanjung Medan,"Jumat, 11 September 2026 13:18:00",NASA-SNPP,Medium,110.44025,-1.45834,False,False,False,False,False,False,Di Luar Area Pantauan (>1000m dari Desa)
Nanga Tayap,Simpang Tiga Sembelangaan,"Jumat, 11 September 2026 13:18:00",NASA-SNPP,Medium,110.39188,-1.46573,False,False,False,False,False,False,Di Luar Area Pantauan (>1000m dari Desa)
Nanga Tayap,Simpang Tiga Sembelangaan,"Jumat, 11 September 2026 13:18:00",NASA-SNPP,Medium,110.38742,-1.45961,False,False,False,False,False,False,Di Luar Area Pantauan (>1000m dari Desa)
Sungai Melayu Rayak,Sungai Melayu,"Jumat, 11 September 2026 13:18:00",NASA-SNPP,Medium,110.33992,-1.87579,False,False,False,False,False,False,Di Luar Area Pantauan (>1000m dari Desa)
Sungai Melayu Rayak,Makmur Abadi,"Jumat, 11 September 2026 13:18:00",NASA-SNPP,Medium,110.24297,-1.77207,False,False,False,True,False,True,Di Luar Area Pantauan (>1000m dari Desa)
Muara Pawan,Mayak,"Jumat, 11 September 2026 13:18:00",NASA-SNPP,Medium,110.11679,-1.75399,False,False,False,True,False,True,Di Luar Area Pantauan (>1000m dari Desa)
Sungai Melayu Rayak,Makmur Abadi,"Jumat, 11 September 2026 13:18:00",NASA-SNPP,Medium,110.234,-1.73607,False,False,True,True,False,True,Di Luar Area Pantauan (>1000m dari Desa)
Muara Pawan,Mayak,"Jumat, 11 September 2026 13:18:00",NASA-SNPP,Medium,110.19313,-1.74572,False,False,False,True,False,True,Di Luar Area Pantauan (>1000m dari Desa)
Sungai Melayu Rayak,Makmur Abadi,"Jumat, 11 September 2026 13:18:00",NASA-SNPP,Medium,110.21977,-1.75863,False,False,False,False,False,False,Di Luar Area Pantauan (>1000m dari Desa)
Matan Hilir Selatan,Pematang Gadung,"Jumat, 11 September 2026 13:18:00",NASA-SNPP,Medium,110.22466,-1.97078,False,False,True,True,False,True,Di Luar Area Pantauan (>1000m dari Desa)
Muara Pawan,Tanjung Pasar,"Jumat, 11 September 2026 13:18:00",NASA-SNPP,Medium,110.01741,-1.82015,False,False,False,False,False,False,Di Luar Area Pantauan (>1000m dari Desa)
Matan Hilir Selatan,Pematang Gadung,"Jumat, 11 September 2026 13:18:00",NASA-SNPP,Medium,110.18862,-1.94231,False,False,False,False,False,False,Di Luar Area Pantauan (>1000m dari Desa)
Sungai Melayu Rayak,Makmur Abadi,"Jumat, 11 September 2026 13:18:00",NASA-SNPP,Medium,110.24348,-1.77539,False,False,False,True,False,True,Di Luar Area Pantauan (>1000m dari Desa)
Sungai Melayu Rayak,Makmur Abadi,"Jumat, 11 September 2026 13:18:00",NASA-SNPP,Medium,110.28485,-1.76906,False,False,False,True,False,True,Di Luar Area Pantauan (>1000m dari Desa)
Muara Pawan,Tanjung Pasar,"Jumat, 11 September 2026 13:18:00",NASA-SNPP,Medium,110.01691,-1.81683,False,False,False,False,False,False,Di Luar Area Pantauan (>1000m dari Desa)
Muara Pawan,Tanjung Pasar,"Jumat, 11 September 2026 13:18:00",NASA-SNPP,Medium,110.02086,-1.81962,False,False,False,False,False,False,Di Luar Area Pantauan (>1000m dari Desa)
Muara Pawan,Tanjung Pasar,"Jumat, 11 September 2026 13:18:00",NASA-SNPP,Medium,110.02236,-1.82959,False,False,False,False,False,False,Di Luar Area Pantauan (>1000m dari Desa)
Matan Hilir Selatan,Pematang Gadung,"Jumat, 11 September 2026 13:18:00",NASA-SNPP,Medium,110.31828,-1.95985,False,False,True,True,False,True,Di Luar Area Pantauan (>1000m dari Desa)
Matan Hilir Selatan,Sungai Besar,"Jumat, 11 September 2026 13:18:00",NASA-SNPP,Medium,110.16894,-1.88835,False,False,True,True,False,True,Di Luar Area Pantauan (>1000m dari Desa)
Matan Hilir Selatan,Sungai Besar,"Jumat, 11 September 2026 13:18:00",NASA-SNPP,Medium,110.16994,-1.89499,False,False,True,True,False,True,Di Luar Area Pantauan (>1000m dari Desa)
Matan Hilir Selatan,Sungai Besar,"Jumat, 11 September 2026 13:18:00",NASA-SNPP,Medium,110.19452,-1.87084,False,False,True,True,False,True,Di Luar Area Pantauan (>1000m dari Desa)
Matan Hilir Selatan,Sungai Nanjung,"Jumat, 11 September 2026 13:18:00",NASA-SNPP,Medium,110.15634,-2.14404,False,False,False,True,False,True,Di Luar Area Pantauan (>1000m dari Desa)
Matan Hilir Selatan,Sungai Besar,"Jumat, 11 September 2026 13:18:00",NASA-SNPP,Medium,110.17239,-1.88782,False,False,True,True,False,True,Di Luar Area Pantauan (>1000m dari Desa)
Matan Hilir Selatan,Sungai Pelang,"Jumat, 11 September 2026 13:18:00",NASA-SNPP,Medium,110.16348,-1.87559,False,False,True,True,False,True,Di Luar Area Pantauan (>1000m dari Desa)
Matan Hilir Selatan,Sungai Besar,"Jumat, 11 September 2026 13:18:00",NASA-SNPP,Medium,110.20393,-1.88639,False,False,True,True,False,True,Di Luar Area Pantauan (>1000m dari Desa)
Matan Hilir Selatan,Pesaguan Kanan,"Jumat, 11 September 2026 13:18:00",NASA-SNPP,Medium,110.37938,-2.05555,False,False,False,False,False,False,Di Luar Area Pantauan (>1000m dari Desa)
Matan Hilir Selatan,Sungai Nanjung,"Jumat, 11 September 2026 13:18:00",NASA-SNPP,Medium,110.21641,-2.12126,False,False,False,False,False,False,Di Luar Area Pantauan (>1000m dari Desa)
Matan Hilir Selatan,Sungai Nanjung,"Jumat, 11 September 2026 13:18:00",NASA-SNPP,Medium,110.1524,-2.14124,False,False,False,True,False,True,Di Luar Area Pantauan (>1000m dari Desa)
Matan Hilir Selatan,Sungai Pelang,"Jumat, 11 September 2026 13:18:00",NASA-SNPP,Medium,110.16938,-1.86789,False,False,True,True,False,True,Di Luar Area Pantauan (>1000m dari Desa)
Matan Hilir Selatan,Sungai Besar,"Jumat, 11 September 2026 13:18:00",NASA-SNPP,Medium,110.19402,-1.86752,False,False,True,True,False,True,Di Luar Area Pantauan (>1000m dari Desa)
Matan Hilir Selatan,Sungai Besar,"Jumat, 11 September 2026 13:18:00",NASA-SNPP,Medium,110.17879,-1.88344,False,False,True,True,False,True,Di Luar Area Pantauan (>1000m dari Desa)
Matan Hilir Selatan,Pesaguan Kanan,"Jumat, 11 September 2026 13:18:00",NASA-SNPP,Medium,110.18863,-2.05415,False,False,False,True,False,True,Di Luar Area Pantauan (>1000m dari Desa)
Kendawangan,Banjar Sari,"Jumat, 11 September 2026 13:18:00",NASA-SNPP,Medium,110.35829,-2.32606,False,False,False,False,False,False,Di Luar Area Pantauan (>1000m dari Desa)
Kendawangan,Kedondong,"Jumat, 11 September 2026 13:18:00",NASA-SNPP,Medium,110.34241,-2.29111,False,False,False,False,False,False,Di Luar Area Pantauan (>1000m dari Desa)
Manis Mata,Silat,"Jumat, 11 September 2026 13:18:00",NASA-SNPP,Medium,110.92156,-2.25697,False,False,False,False,False,False,Di Luar Area Pantauan (>1000m dari Desa)
Manis Mata,Silat,"Jumat, 11 September 2026 13:18:00",NASA-SNPP,Medium,110.93709,-2.26352,False,False,False,False,False,False,Di Luar Area Pantauan (>1000m dari Desa)
Matan Hilir Selatan,Pesaguan Kanan,"Jumat, 11 September 2026 13:18:00",NASA-SNPP,Medium,110.20705,-2.01764,False,False,False,True,False,True,Di Luar Area Pantauan (>1000m dari Desa)
Matan Hilir Selatan,Pagar Mentimun,"Jumat, 11 September 2026 13:18:00",NASA-SNPP,Medium,110.1104,-2.20801,False,False,False,False,False,False,Di Luar Area Pantauan (>1000m dari Desa)
Benua Kayong,Negeri Baru,"Jumat, 11 September 2026 13:18:00",NASA-SNPP,Medium,110.2021,-1.78172,False,False,False,True,False,True,Di Luar Area Pantauan (>1000m dari Desa)
Nanga Tayap,Mensubang,"Jumat, 11 September 2026 13:18:00",NASA-SNPP,Medium,110.41122,-1.3374,False,False,False,False,False,False,Di Luar Area Pantauan (>1000m dari Desa)
Simpang Hilir,Matan Jaya,"Jumat, 11 September 2026 13:18:00",NASA-SNPP,Medium,110.1366,-1.07882,False,False,False,False,True,True,Di Luar Area Pantauan (>1000m dari Desa)
Simpang Hilir,Matan Jaya,"Jumat, 11 September 2026 13:18:00",NASA-SNPP,Medium,110.12906,-1.09283,False,False,True,True,True,True,Di Luar Area Pantauan (>1000m dari Desa)
Simpang Hilir,Matan Jaya,"Jumat, 11 September 2026 13:18:00",NASA-SNPP,Medium,110.15174,-1.10295,False,False,False,False,True,True,Di Luar Area Pantauan (>1000m dari Desa)
Sandai,Pendamaran Indah,"Jumat, 11 September 2026 13:18:00",NASA-SNPP,Medium,110.63802,-1.06591,False,False,False,False,False,False,Di Luar Area Pantauan (>1000m dari Desa)
Sukadana,Sedahan Jaya,"Jumat, 11 September 2026 13:18:00",NASA-SNPP,Medium,110.04553,-1.17016,False,False,False,True,True,True,Di Luar Area Pantauan (>1000m dari Desa)
Matan Hilir Utara,Sungai Putri,"Jumat, 11 September 2026 13:18:00",NASA-SNPP,Medium,110.08868,-1.55545,False,False,True,True,False,True,Di Luar Area Pantauan (>1000m dari Desa)
Nanga Tayap,Nanga Tayap,"Jumat, 11 September 2026 13:18:00",NASA-SNPP,Medium,110.63096,-1.49624,False,False,False,False,False,False,Di Luar Area Pantauan (>1000m dari Desa)
Matan Hilir Utara,Sungai Putri,"Jumat, 11 September 2026 13:18:00",NASA-SNPP,Medium,110.07401,-1.59846,False,False,False,True,False,True,Di Luar Area Pantauan (>1000m dari Desa)
Matan Hilir Utara,Lamon Satong,"Jumat, 11 September 2026 13:18:00",NASA-SNPP,Medium,110.2774,-1.45604,False,False,False,False,False,False,Di Luar Area Pantauan (>1000m dari Desa)
Simpang Dua,Semandang Kanan,"Jumat, 11 September 2026 13:18:00",NASA-SNPP,Medium,110.31001,-0.76116,False,False,False,False,False,False,Di Luar Area Pantauan (>1000m dari Desa)
Simpang Hilir,Penjalaan,"Jumat, 11 September 2026 13:18:00",NASA-SNPP,Medium,110.06213,-1.11667,False,False,True,False,False,True,Di Luar Area Pantauan (>1000m dari Desa)
Simpang Hilir,Lubuk Batu,"Jumat, 11 September 2026 13:18:00",NASA-SNPP,Medium,110.09473,-0.94281,False,False,False,False,False,False,Di Luar Area Pantauan (>1000m dari Desa)
Simpang Hilir,Sungaimata-Mata,"Jumat, 11 September 2026 13:18:00",NASA-SNPP,Medium,109.97958,-0.97401,False,False,True,True,False,True,Di Luar Area Pantauan (>1000m dari Desa)
Simpang Hilir,Batu Barat,"Jumat, 11 September 2026 13:18:00",NASA-SNPP,Medium,110.03816,-0.96505,False,False,True,True,False,True,Di Luar Area Pantauan (>1000m dari Desa)
Simpang Hilir,Sungaimata-Mata,"Jumat, 11 September 2026 13:18:00",NASA-SNPP,Medium,109.97907,-0.97069,False,False,True,True,False,True,Di Luar Area Pantauan (>1000m dari Desa)
Simpang Hilir,Batu Barat,"Jumat, 11 September 2026 13:18:00",NASA-SNPP,Medium,110.01848,-0.97486,False,False,True,True,False,True,Di Luar Area Pantauan (>1000m dari Desa)
Manis Mata,Silat,"Jumat, 11 September 2026 15:01:00",NASA-MODIS,Medium,110.90974,-2.29372,False,False,False,False,False,False,Di Luar Area Pantauan (>1000m dari Desa)
Belitang Hulu,Ijuk,"Jumat, 11 September 2026 15:01:00",NASA-MODIS,Medium,111.15769,0.40807,False,False,False,False,False,False,Di Luar Area Pantauan (>1000m dari Desa)
Simpang Dua,Semandang Kanan,"Jumat, 11 September 2026 15:01:00",NASA-MODIS,Medium,110.34457,-0.83103,False,False,False,False,False,False,Di Luar Area Pantauan (>1000m dari Desa)
Sandai,Muara Jekak,"Jumat, 11 September 2026 15:01:00",NASA-MODIS,Medium,110.55897,-1.13597,False,False,False,False,False,False,Di Luar Area Pantauan (>1000m dari Desa)
Sungai Laur,Sepotong,"Jumat, 11 September 2026 15:01:00",NASA-MODIS,Medium,110.49819,-0.79746,False,False,False,False,False,False,Di Luar Area Pantauan (>1000m dari Desa)
Sandai,Sandai,"Jumat, 11 September 2026 15:01:00",NASA-MODIS,Medium,110.5547,-1.24974,False,False,False,False,False,False,Di Luar Area Pantauan (>1000m dari Desa)
Serawai,Talian Sahabung,"Jumat, 11 September 2026 15:01:00",NASA-MODIS,Medium,112.53249,-0.25643,False,False,False,False,False,False,Di Luar Area Pantauan (>1000m dari Desa)
Menukung,Belaban Ella,"Jumat, 11 September 2026 15:01:00",NASA-MODIS,Medium,112.20823,-0.55425,False,False,False,False,True,True,Di Luar Area Pantauan (>1000m dari Desa)
Simpang Hulu,Sekucing Labai,"Jumat, 11 September 2026 15:01:00",NASA-MODIS,Medium,110.18362,-0.51219,False,False,True,False,False,True,Di Luar Area Pantauan (>1000m dari Desa)
Simpang Dua,Kampar Sebomban,"Jumat, 11 September 2026 15:01:00",NASA-MODIS,Medium,110.22306,-0.89701,False,False,False,False,False,False,Di Luar Area Pantauan (>1000m dari Desa)
Muara Pawan,Ulak Medang,"Jumat, 11 September 2026 15:01:00",NASA-MODIS,Medium,110.29626,-1.63453,False,False,True,True,False,True,Di Luar Area Pantauan (>1000m dari Desa)
Ella Hilir,Nanga Kempangai,"Jumat, 11 September 2026 15:01:00",NASA-MODIS,Medium,112.11122,-0.58775,False,False,False,False,True,True,Di Luar Area Pantauan (>1000m dari Desa)
Sungai Laur,Harapan Baru,"Jumat, 11 September 2026 15:01:00",NASA-MODIS,Medium,110.49511,-0.7765,False,False,False,False,False,False,Di Luar Area Pantauan (>1000m dari Desa)
Simpang Hulu,Kenanga,"Jumat, 11 September 2026 15:01:00",NASA-MODIS,Medium,110.52789,-0.68962,False,False,False,False,False,False,Di Luar Area Pantauan (>1000m dari Desa)
Ella Hilir,Nanga Nyuruh,"Jumat, 11 September 2026 15:01:00",NASA-MODIS,Medium,112.08945,-0.48849,False,False,False,False,False,False,Di Luar Area Pantauan (>1000m dari Desa)
Muara Pawan,Mayak,"Jumat, 11 September 2026 15:01:00",NASA-MODIS,Medium,110.16061,-1.72453,False,False,False,True,False,True,Di Luar Area Pantauan (>1000m dari Desa)
Belitang Hulu,Pakit Mulau,"Jumat, 11 September 2026 15:01:00",NASA-MODIS,Medium,111.20767,0.55819,False,False,False,False,False,False,Di Luar Area Pantauan (>1000m dari Desa)
Bonti,Bahta,"Jumat, 11 September 2026 15:01:00",NASA-MODIS,Medium,110.59222,0.31339,False,False,False,False,False,False,Di Luar Area Pantauan (>1000m dari Desa)
Belitang Hulu,Terduk Dampak,"Jumat, 11 September 2026 15:01:00",NASA-MODIS,Medium,111.20749,0.6002,False,False,False,False,False,False,Di Luar Area Pantauan (>1000m dari Desa)
Belitang Hulu,Sungaiantu Hulu,"Jumat, 11 September 2026 15:01:00",NASA-MODIS,Medium,111.15295,0.69492,False,False,False,False,False,False,Di Luar Area Pantauan (>1000m dari Desa)
Simpang Dua,Semandang Kanan,"Jumat, 11 September 2026 15:01:00",NASA-MODIS,Medium,110.4035,-0.77912,False,False,False,False,False,False,Di Luar Area Pantauan (>1000m dari Desa)
Belitang Hulu,Kumpang Ilong,"Jumat, 11 September 2026 15:01:00",NASA-MODIS,Medium,111.18168,0.35985,False,False,False,False,False,False,Di Luar Area Pantauan (>1000m dari Desa)
Sungai Laur,Sepotong,"Jumat, 11 September 2026 15:01:00",NASA-MODIS,Medium,110.5013,-0.81842,False,False,False,False,False,False,Di Luar Area Pantauan (>1000m dari Desa)
Sandai,Sandai,"Jumat, 11 September 2026 15:01:00",NASA-MODIS,Medium,110.56757,-1.24784,False,False,False,False,False,False,Di Luar Area Pantauan (>1000m dari Desa)
Muara Pawan,Ulak Medang,"Jumat, 11 September 2026 15:01:00",NASA-MODIS,Medium,110.26125,-1.52591,False,False,True,True,False,True,Di Luar Area Pantauan (>1000m dari Desa)
Kendawangan,Bangkal Serai,"Jumat, 11 September 2026 15:01:00",NASA-MODIS,Medium,110.50175,-2.47866,False,False,False,False,True,True,Di Luar Area Pantauan (>1000m dari Desa)
Nanga Tayap,Batu Mas,"Jumat, 11 September 2026 15:01:00",NASA-MODIS,Medium,110.64994,-1.68662,False,False,False,False,False,False,Di Luar Area Pantauan (>1000m dari Desa)
Muara Pawan,Ulak Medang,"Jumat, 11 September 2026 15:01:00",NASA-MODIS,Medium,110.25964,-1.5151,False,False,True,True,False,True,Di Luar Area Pantauan (>1000m dari Desa)
Simpang Dua,Semandang Kanan,"Jumat, 11 September 2026 15:01:00",NASA-MODIS,Medium,110.39028,-0.78104,False,False,False,False,False,False,Di Luar Area Pantauan (>1000m dari Desa)
Serawai,Pagar Lebata,"Jumat, 11 September 2026 15:01:00",NASA-MODIS,High,112.54147,-0.27345,False,False,False,False,False,False,Di Luar Area Pantauan (>1000m dari Desa)
Ella Hilir,Nyanggau,"Jumat, 11 September 2026 15:01:00",NASA-MODIS,High,112.1084,-0.47611,False,False,False,False,False,False,Di Luar Area Pantauan (>1000m dari Desa)
Belitang Hulu,Ijuk,"Jumat, 11 September 2026 15:01:00",NASA-MODIS,High,111.16875,0.40971,False,False,False,False,False,False,Di Luar Area Pantauan (>1000m dari Desa)
Belitang Hulu,Sungaitapah,"Jumat, 11 September 2026 15:01:00",NASA-MODIS,High,111.07383,0.43587,False,False,False,False,False,False,Di Luar Area Pantauan (>1000m dari Desa)
Belitang Hulu,Sungaiantu Hulu,"Jumat, 11 September 2026 15:01:00",NASA-MODIS,High,111.19305,0.65109,False,False,False,False,False,False,Di Luar Area Pantauan (>1000m dari Desa)
Kendawangan,Airhitam Hulu,"Jumat, 11 September 2026 15:01:00",NASA-MODIS,High,110.62236,-2.65625,False,False,False,False,False,False,Di Luar Area Pantauan (>1000m dari Desa)
Muara Pawan,Ulak Medang,"Jumat, 11 September 2026 15:01:00",NASA-MODIS,High,110.28857,-1.52199,False,False,False,True,False,True,Di Luar Area Pantauan (>1000m dari Desa)
Manis Mata,Silat,"Jumat, 11 September 2026 15:01:00",NASA-MODIS,High,110.94447,-2.26746,False,False,False,False,False,False,Di Luar Area Pantauan (>1000m dari Desa)
Matan Hilir Selatan,Sungai Besar,"Jumat, 11 September 2026 15:01:00",NASA-MODIS,High,110.20251,-1.87704,False,False,True,True,False,True,Di Luar Area Pantauan (>1000m dari Desa)
Kendawangan,Pangkalan Batu,"Jumat, 11 September 2026 15:01:00",NASA-MODIS,High,110.34519,-2.1441,False,False,False,False,False,False,Di Luar Area Pantauan (>1000m dari Desa)
Matan Hilir Selatan,Sungai Besar,"Jumat, 11 September 2026 15:01:00",NASA-MODIS,High,110.2041,-1.88796,False,False,True,True,False,True,Di Luar Area Pantauan (>1000m dari Desa)
Muara Pawan,Ulak Medang,"Jumat, 11 September 2026 15:01:00",NASA-MODIS,High,110.26889,-1.6385,False,False,False,True,False,True,Di Luar Area Pantauan (>1000m dari Desa)
Muara Pawan,Ulak Medang,"Jumat, 11 September 2026 15:01:00",NASA-MODIS,High,110.26767,-1.52057,False,False,True,True,False,True,Di Luar Area Pantauan (>1000m dari Desa)
Serawai,Pagar Lebata,"Jumat, 11 September 2026 15:01:00",NASA-MODIS,High,112.55099,-0.27206,False,False,False,False,False,False,Di Luar Area Pantauan (>1000m dari Desa)
Kendawangan,Pangkalan Batu,"Jumat, 11 September 2026 15:01:00",NASA-MODIS,High,110.337,-2.14822,False,False,False,False,False,False,Di Luar Area Pantauan (>1000m dari Desa)
Simpang Dua,Semandang Kanan,"Jumat, 11 September 2026 15:01:00",NASA-MODIS,High,110.34578,-0.8417,False,False,False,False,False,False,Di Luar Area Pantauan (>1000m dari Desa)
Nanga Pinoh,Labai Mandiri,"Jumat, 11 September 2026 15:01:00",NASA-MODIS,High,111.75986,-0.4262,False,False,False,False,False,False,Di Luar Area Pantauan (>1000m dari Desa)
Ella Hilir,Nanga Nyuruh,"Jumat, 11 September 2026 15:01:00",NASA-MODIS,High,112.11946,-0.48403,False,False,False,False,False,False,Di Luar Area Pantauan (>1000m dari Desa)
Matan Hilir Selatan,Sungai Besar,"Jumat, 11 September 2026 15:01:00",NASA-MODIS,High,110.18845,-1.87912,False,False,True,True,False,True,Di Luar Area Pantauan (>1000m dari Desa)
Sungai Laur,Sungai Daka,"Jumat, 11 September 2026 15:01:00",NASA-MODIS,High,110.45919,-0.9877,False,False,False,False,False,False,Di Luar Area Pantauan (>1000m dari Desa)
Muara Pawan,Ulak Medang,"Jumat, 11 September 2026 15:01:00",NASA-MODIS,High,110.25398,-1.52264,False,False,True,True,False,True,Di Luar Area Pantauan (>1000m dari Desa)
Simpang Dua,Semandang Kanan,"Jumat, 11 September 2026 13:37:00",NASA-NOAA20,High,110.39491,-0.77969,False,False,False,False,False,False,Di Luar Area Pantauan (>1000m dari Desa)
Ella Hilir,Nyanggau,"Jumat, 11 September 2026 13:37:00",NASA-NOAA20,High,112.11871,-0.481,False,False,False,False,False,False,Di Luar Area Pantauan (>1000m dari Desa)
Batu Ampar,Tanjungberingin,"Jumat, 11 September 2026 13:18:00",NASA-SNPP,High,109.92375,-0.50914,False,False,True,True,False,True,Di Luar Area Pantauan (>1000m dari Desa)
Sungai Raya,Gunungtamang,"Jumat, 11 September 2026 13:18:00",NASA-SNPP,High,109.89706,-0.15831,False,False,False,True,False,True,Di Luar Area Pantauan (>1000m dari Desa)
Muara Pawan,Mayak,"Jumat, 11 September 2026 13:18:00",NASA-SNPP,High,110.15643,-1.71805,False,False,True,True,False,True,Di Luar Area Pantauan (>1000m dari Desa)
Simpang Hilir,Batu Barat,"Jumat, 11 September 2026 13:18:00",NASA-SNPP,High,110.03915,-0.97169,False,False,True,True,False,True,Di Luar Area Pantauan (>1000m dari Desa)
Matan Hilir Utara,Tanjung Baik Budi,"Jumat, 11 September 2026 13:18:00",NASA-SNPP,High,110.15805,-1.52445,False,False,False,True,False,True,Di Luar Area Pantauan (>1000m dari Desa)
Simpang Hulu,Sekucing Kualan,"Jumat, 11 September 2026 13:18:00",NASA-SNPP,High,110.07487,-0.61817,False,False,True,False,False,True,Di Luar Area Pantauan (>1000m dari Desa)
Kendawangan,Banjar Sari,"Jumat, 11 September 2026 13:18:00",NASA-SNPP,High,110.2477,-2.49807,False,False,False,False,False,False,Di Luar Area Pantauan (>1000m dari Desa)
Matan Hilir Utara,Tanjung Baik Budi,"Jumat, 11 September 2026 13:18:00",NASA-SNPP,High,110.15065,-1.52219,False,False,True,True,False,True,Di Luar Area Pantauan (>1000m dari Desa)
Ella Hilir,Nyanggau,"Jumat, 11 September 2026 13:37:00",NASA-NOAA20,High,112.09671,-0.46846,False,False,False,False,False,False,Di Luar Area Pantauan (>1000m dari Desa)
Matan Hilir Selatan,Sungai Besar,"Jumat, 11 September 2026 13:35:00",NASA-NOAA20,High,110.17212,-1.88036,False,False,True,True,False,True,Di Luar Area Pantauan (>1000m dari Desa)
Ella Hilir,Nyanggau,"Jumat, 11 September 2026 13:18:00",NASA-SNPP,High,112.09695,-0.46463,False,False,False,False,False,False,Di Luar Area Pantauan (>1000m dari Desa)
Matan Hilir Selatan,Sungai Besar,"Jumat, 11 September 2026 13:35:00",NASA-NOAA20,High,110.16772,-1.88106,False,False,True,True,False,True,Di Luar Area Pantauan (>1000m dari Desa)
Pinoh Utara,Tengkajau,"Jumat, 11 September 2026 13:37:00",NASA-NOAA20,High,111.72964,-0.24028,False,False,False,False,False,False,Di Luar Area Pantauan (>1000m dari Desa)
Matan Hilir Utara,Tanjung Baik Budi,"Jumat, 11 September 2026 13:35:00",NASA-NOAA20,High,110.15739,-1.52651,False,False,True,True,False,True,Di Luar Area Pantauan (>1000m dari Desa)
Sungai Raya,Pulaulimbung,"Jumat, 11 September 2026 13:18:00",NASA-SNPP,High,109.82672,-0.18265,False,False,True,True,True,True,Di Luar Area Pantauan (>1000m dari Desa)
Simpang Hilir,Matan Jaya,"Jumat, 11 September 2026 13:18:00",NASA-SNPP,High,110.11871,-1.09442,False,False,True,True,True,True,Di Luar Area Pantauan (>1000m dari Desa)
Sungai Raya,Gunungtamang,"Jumat, 11 September 2026 13:18:00",NASA-SNPP,High,109.89655,-0.15499,False,False,False,True,False,True,Di Luar Area Pantauan (>1000m dari Desa)
Batu Ampar,Tanjungberingin,"Jumat, 11 September 2026 13:18:00",NASA-SNPP,High,109.92426,-0.51246,False,False,True,True,False,True,Di Luar Area Pantauan (>1000m dari Desa)
Matan Hilir Selatan,Sungai Pelang,"Jumat, 11 September 2026 13:18:00",NASA-SNPP,High,110.16399,-1.87891,False,False,True,True,False,True,Di Luar Area Pantauan (>1000m dari Desa)
Pulau Maya,Kemboja,"Jumat, 11 September 2026 13:18:00",NASA-SNPP,High,109.71945,-1.11883,False,False,False,True,False,True,Di Luar Area Pantauan (>1000m dari Desa)
Ella Hilir,Nanga Ella Hilir,"Jumat, 11 September 2026 13:37:00",NASA-NOAA20,High,112.01602,-0.40031,False,False,False,False,False,False,Di Luar Area Pantauan (>1000m dari Desa)
Muara Pawan,Tanjung Pura,"Jumat, 11 September 2026 13:18:00",NASA-SNPP,High,110.14847,-1.68869,False,False,True,True,False,True,Di Luar Area Pantauan (>1000m dari Desa)
Kapuas,Lape,"Jumat, 11 September 2026 15:01:00",NASA-MODIS,High,110.49336,0.13506,False,False,False,False,False,False,Di Luar Area Pantauan (>1000m dari Desa)
Sungai Raya,Kalibandung,"Jumat, 11 September 2026 13:37:00",NASA-NOAA20,High,109.71329,-0.30867,False,False,True,True,False,True,Di Luar Area Pantauan (>1000m dari Desa)
Sungai Ambawang,Teluk Bakung,"Jumat, 11 September 2026 13:18:00",NASA-SNPP,High,109.74802,-0.01911,False,False,True,True,False,True,Di Luar Area Pantauan (>1000m dari Desa)
Matan Hilir Utara,Tanjung Baik Budi,"Jumat, 11 September 2026 13:18:00",NASA-SNPP,High,110.19008,-1.52635,False,False,True,True,False,True,Di Luar Area Pantauan (>1000m dari Desa)
Batu Ampar,Tanjungberingin,"Jumat, 11 September 2026 13:18:00",NASA-SNPP,High,109.9277,-0.51193,False,False,True,True,False,True,Di Luar Area Pantauan (>1000m dari Desa)
Ketungau Tengah,Margahayu,"Jumat, 11 September 2026 13:37:00",NASA-NOAA20,High,111.41611,0.78179,False,False,False,False,False,False,Di Luar Area Pantauan (>1000m dari Desa)
Muara Pawan,Ulak Medang,"Jumat, 11 September 2026 15:01:00",NASA-MODIS,High,110.28131,-1.51852,False,False,True,True,False,True,Di Luar Area Pantauan (>1000m dari Desa)
Kayan Hulu,Empakan,"Jumat, 11 September 2026 13:37:00",NASA-NOAA20,High,112.16211,-0.16796,False,False,False,False,False,False,Di Luar Area Pantauan (>1000m dari Desa)
Matan Hilir Selatan,Sungai Besar,"Jumat, 11 September 2026 13:18:00",NASA-SNPP,High,110.16448,-1.88223,False,False,True,True,False,True,Di Luar Area Pantauan (>1000m dari Desa)
Matan Hilir Selatan,Sungai Besar,"Jumat, 11 September 2026 13:18:00",NASA-SNPP,High,110.16793,-1.88171,False,False,True,True,False,True,Di Luar Area Pantauan (>1000m dari Desa)
Muara Pawan,Ulak Medang,"Jumat, 11 September 2026 13:18:00",NASA-SNPP,High,110.29861,-1.63175,False,False,False,True,False,True,Di Luar Area Pantauan (>1000m dari Desa)
Ella Hilir,Nyanggau,"Jumat, 11 September 2026 13:18:00",NASA-SNPP,High,112.09737,-0.46813,False,False,False,False,False,False,Di Luar Area Pantauan (>1000m dari Desa)
Sungai Raya,Kalibandung,"Jumat, 11 September 2026 13:18:00",NASA-SNPP,High,109.71214,-0.30474,False,False,True,True,False,True,Di Luar Area Pantauan (>1000m dari Desa)
Matan Hilir Selatan,Sungai Nanjung,"Jumat, 11 September 2026 13:18:00",NASA-SNPP,High,110.21481,-2.17506,False,False,False,False,False,False,Di Luar Area Pantauan (>1000m dari Desa)
Matan Hilir Selatan,Sungai Besar,"Jumat, 11 September 2026 13:18:00",NASA-SNPP,High,110.19057,-1.86805,False,False,True,True,False,True,Di Luar Area Pantauan (>1000m dari Desa)
Matan Hilir Utara,Tanjung Baik Budi,"Jumat, 11 September 2026 13:18:00",NASA-SNPP,High,110.1546,-1.52498,False,False,True,True,False,True,Di Luar Area Pantauan (>1000m dari Desa)
Batu Ampar,Tanjungberingin,"Jumat, 11 September 2026 13:18:00",NASA-SNPP,High,109.9272,-0.50861,False,False,True,True,False,True,Di Luar Area Pantauan (>1000m dari Desa)
Matan Hilir Selatan,Sungai Besar,"Jumat, 11 September 2026 13:18:00",NASA-SNPP,High,110.16843,-1.88503,False,False,True,True,False,True,Di Luar Area Pantauan (>1000m dari Desa)
Ella Hilir,Nyanggau,"Jumat, 11 September 2026 13:37:00",NASA-NOAA20,High,112.0971,-0.47373,False,False,False,False,False,False,Di Luar Area Pantauan (>1000m dari Desa)
Matan Hilir Selatan,Sungai Nanjung,"Jumat, 11 September 2026 13:18:00",NASA-SNPP,High,110.17547,-2.10713,False,False,False,False,False,False,Di Luar Area Pantauan (>1000m dari Desa)
Muara Pawan,Tanjung Pura,"Jumat, 11 September 2026 13:35:00",NASA-NOAA20,High,110.22366,-1.69752,False,False,False,True,False,True,Di Luar Area Pantauan (>1000m dari Desa)
Muara Pawan,Ulak Medang,"Jumat, 11 September 2026 13:18:00",NASA-SNPP,High,110.30206,-1.63122,False,False,False,True,False,True,Di Luar Area Pantauan (>1000m dari Desa)
Muara Pawan,Ulak Medang,"Jumat, 11 September 2026 13:18:00",NASA-SNPP,High,110.30256,-1.63454,False,False,False,True,False,True,Di Luar Area Pantauan (>1000m dari Desa)
Simpang Hulu,Sekucing Kualan,"Jumat, 11 September 2026 15:01:00",NASA-MODIS,High,110.06989,-0.58368,False,False,False,False,False,False,Di Luar Area Pantauan (>1000m dari Desa)
Manis Mata,Silat,"Jumat, 11 September 2026 15:01:00",NASA-MODIS,High,110.93192,-2.26927,False,False,False,False,False,False,Di Luar Area Pantauan (>1000m dari Desa)
Muara Pawan,Ulak Medang,"Jumat, 11 September 2026 15:01:00",NASA-MODIS,High,110.24592,-1.51706,False,False,True,True,False,True,Di Luar Area Pantauan (>1000m dari Desa)
Ella Hilir,Nanga Nyuruh,"Jumat, 11 September 2026 15:01:00",NASA-MODIS,High,112.09975,-0.48696,False,False,False,False,False,False,Di Luar Area Pantauan (>1000m dari Desa)
Muara Pawan,Ulak Medang,"Jumat, 11 September 2026 15:01:00",NASA-MODIS,High,110.27494,-1.52395,False,False,True,True,False,True,Di Luar Area Pantauan (>1000m dari Desa)
Matan Hilir Selatan,Sungai Pelang,"Jumat, 11 September 2026 15:01:00",NASA-MODIS,High,110.15873,-1.87234,False,False,True,True,False,True,Di Luar Area Pantauan (>1000m dari Desa)
Ella Hilir,Nanga Nyuruh,"Jumat, 11 September 2026 15:01:00",NASA-MODIS,High,112.1099,-0.48545,False,False,False,False,False,False,Di Luar Area Pantauan (>1000m dari Desa)
Sungai Laur,Mekar Harapan,"Jumat, 11 September 2026 15:01:00",NASA-MODIS,High,110.44617,-0.98962,False,False,False,False,False,False,Di Luar Area Pantauan (>1000m dari Desa)
Menukung,Belaban Ella,"Jumat, 11 September 2026 15:01:00",NASA-MODIS,High,112.21872,-0.55269,False,False,False,False,True,True,Di Luar Area Pantauan (>1000m dari Desa)
Ella Hilir,Nanga Nyuruh,"Jumat, 11 September 2026 15:01:00",NASA-MODIS,High,112.09847,-0.47759,False,False,False,False,False,False,Di Luar Area Pantauan (>1000m dari Desa)
Ella Hilir,Nyanggau,"Jumat, 11 September 2026 15:01:00",NASA-MODIS,High,112.0968,-0.46827,False,False,False,False,False,False,Di Luar Area Pantauan (>1000m dari Desa)
Ella Hilir,Nyanggau,"Jumat, 11 September 2026 15:01:00",NASA-MODIS,High,112.08655,-0.46979,False,False,False,False,False,False,Di Luar Area Pantauan (>1000m dari Desa)
Ella Hilir,Nanga Nyuruh,"Jumat, 11 September 2026 15:01:00",NASA-MODIS,High,112.08801,-0.47914,False,False,False,False,False,False,Di Luar Area Pantauan (>1000m dari Desa)
Matan Hilir Selatan,Sungai Besar,"Jumat, 11 September 2026 15:01:00",NASA-MODIS,High,110.17439,-1.88121,False,False,True,True,False,True,Di Luar Area Pantauan (>1000m dari Desa)
