Kecamatan,Desa,Waktu,Satelit,Confidence,Longitude,Latitude,in_desa,in_buffer,is_hutan,is_gambut,is_kk,in_kawasan,Prioritas_Satgas
Kendawangan,Air Hitam Besar,"Sabtu, 10 Oktober 2026 03:04:00",NASA-MODIS,Low,110.71373,-2.79864,False,False,False,False,False,False,Di Luar Area Pantauan (>1000m dari Desa)
Kendawangan,Air Hitam Besar,"Sabtu, 10 Oktober 2026 03:04:00",NASA-MODIS,Low,110.75,-2.80429,False,False,False,True,False,True,Di Luar Area Pantauan (>1000m dari Desa)
Kendawangan,Natai Kuini,"Jumat, 09 Oktober 2026 20:44:00",NASA-MODIS,Low,110.77362,-2.86256,False,False,False,True,False,True,Di Luar Area Pantauan (>1000m dari Desa)
Kendawangan,Natai Kuini,"Sabtu, 10 Oktober 2026 03:04:00",NASA-MODIS,Low,110.73176,-2.84321,False,False,False,True,False,True,Di Luar Area Pantauan (>1000m dari Desa)
Kendawangan,Air Hitam Besar,"Sabtu, 10 Oktober 2026 03:04:00",NASA-MODIS,Low,110.71063,-2.81908,False,False,False,False,False,False,Di Luar Area Pantauan (>1000m dari Desa)
Kendawangan,Pembedilan,"Jumat, 09 Oktober 2026 13:12:00",NASA-NOAA20,Low,110.37819,-2.88084,False,False,False,False,True,True,Di Luar Area Pantauan (>1000m dari Desa)
Kendawangan,Pembedilan,"Jumat, 09 Oktober 2026 13:12:00",NASA-NOAA20,Low,110.45531,-2.72313,False,False,False,False,True,True,Di Luar Area Pantauan (>1000m dari Desa)
Kendawangan,Natai Kuini,"Jumat, 09 Oktober 2026 13:12:00",NASA-NOAA20,Low,110.84656,-2.85333,False,False,False,False,True,True,Di Luar Area Pantauan (>1000m dari Desa)
Kendawangan,Banjar Sari,"Jumat, 09 Oktober 2026 13:12:00",NASA-NOAA20,Low,110.34702,-2.34921,False,False,False,False,False,False,Di Luar Area Pantauan (>1000m dari Desa)
Kendawangan,Natai Kuini,"Jumat, 09 Oktober 2026 13:12:00",NASA-NOAA20,Low,110.80008,-2.85025,False,False,False,False,False,False,Di Luar Area Pantauan (>1000m dari Desa)
Kendawangan,Natai Kuini,"Jumat, 09 Oktober 2026 13:12:00",NASA-NOAA20,Low,110.71846,-2.88992,False,False,False,True,False,True,Di Luar Area Pantauan (>1000m dari Desa)
Kendawangan,Air Hitam Besar,"Jumat, 09 Oktober 2026 20:44:00",NASA-MODIS,Low,110.72958,-2.81478,False,False,False,False,False,False,Di Luar Area Pantauan (>1000m dari Desa)
Tanah Pinoh Barat,Pelita Jaya,"Sabtu, 10 Oktober 2026 03:04:00",NASA-MODIS,Medium,111.55938,-0.72167,False,False,False,False,False,False,Di Luar Area Pantauan (>1000m dari Desa)
Kendawangan,Air Hitam Besar,"Sabtu, 10 Oktober 2026 03:04:00",NASA-MODIS,Medium,110.73795,-2.80241,False,False,False,False,False,False,Di Luar Area Pantauan (>1000m dari Desa)
Kendawangan,Natai Kuini,"Sabtu, 10 Oktober 2026 03:04:00",NASA-MODIS,Medium,110.7713,-2.86958,False,False,False,True,False,True,Di Luar Area Pantauan (>1000m dari Desa)
Kendawangan,Air Hitam Besar,"Sabtu, 10 Oktober 2026 03:04:00",NASA-MODIS,Medium,110.70158,-2.79675,False,False,False,False,False,False,Di Luar Area Pantauan (>1000m dari Desa)
Muara Pawan,Ulak Medang,"Sabtu, 10 Oktober 2026 03:04:00",NASA-MODIS,Medium,110.29122,-1.53307,False,False,True,True,False,True,Di Luar Area Pantauan (>1000m dari Desa)
Kendawangan,Airhitam Hulu,"Jumat, 09 Oktober 2026 20:44:00",NASA-MODIS,Medium,110.69519,-2.62801,False,False,False,False,False,False,Di Luar Area Pantauan (>1000m dari Desa)
Tanah Pinoh Barat,Pelita Jaya,"Sabtu, 10 Oktober 2026 03:04:00",NASA-MODIS,Medium,111.548,-0.71993,False,False,False,False,False,False,Di Luar Area Pantauan (>1000m dari Desa)
Kendawangan,Air Hitam Besar,"Jumat, 09 Oktober 2026 20:44:00",NASA-MODIS,Medium,110.73367,-2.80553,False,False,False,False,False,False,Di Luar Area Pantauan (>1000m dari Desa)
Kendawangan,Natai Kuini,"Sabtu, 10 Oktober 2026 03:04:00",NASA-MODIS,Medium,110.80376,-2.8542,False,False,False,False,False,False,Di Luar Area Pantauan (>1000m dari Desa)
Kendawangan,Airhitam Hulu,"Jumat, 09 Oktober 2026 20:44:00",NASA-MODIS,Medium,110.68888,-2.62338,False,False,False,False,False,False,Di Luar Area Pantauan (>1000m dari Desa)
Kendawangan,Air Hitam Besar,"Sabtu, 10 Oktober 2026 03:04:00",NASA-MODIS,Medium,110.68382,-2.87669,False,False,False,True,False,True,Di Luar Area Pantauan (>1000m dari Desa)
Tanah Pinoh Barat,Pelita Jaya,"Jumat, 09 Oktober 2026 20:44:00",NASA-MODIS,Medium,111.53399,-0.72244,False,False,False,False,False,False,Di Luar Area Pantauan (>1000m dari Desa)
Kendawangan,Natai Kuini,"Sabtu, 10 Oktober 2026 03:04:00",NASA-MODIS,Medium,110.73498,-2.94724,False,False,False,False,False,False,Di Luar Area Pantauan (>1000m dari Desa)
Kendawangan,Air Hitam Besar,"Sabtu, 10 Oktober 2026 03:04:00",NASA-MODIS,Medium,110.73639,-2.81261,False,False,False,True,False,True,Di Luar Area Pantauan (>1000m dari Desa)
Kendawangan,Natai Kuini,"Jumat, 09 Oktober 2026 20:44:00",NASA-MODIS,Medium,110.79061,-2.85445,False,False,False,False,False,False,Di Luar Area Pantauan (>1000m dari Desa)
Kendawangan,Air Hitam Besar,"Sabtu, 10 Oktober 2026 01:34:00",NASA-SNPP,Medium,110.73293,-2.81453,False,False,False,True,False,True,Di Luar Area Pantauan (>1000m dari Desa)
Tanah Pinoh Barat,Pelita Jaya,"Jumat, 09 Oktober 2026 20:44:00",NASA-MODIS,Medium,111.56464,-0.71809,False,False,False,False,False,False,Di Luar Area Pantauan (>1000m dari Desa)
Kendawangan,Natai Kuini,"Sabtu, 10 Oktober 2026 01:34:00",NASA-SNPP,Medium,110.75729,-2.85672,False,False,False,True,False,True,Di Luar Area Pantauan (>1000m dari Desa)
Kendawangan,Natai Kuini,"Sabtu, 10 Oktober 2026 01:34:00",NASA-SNPP,Medium,110.77995,-2.86026,False,False,False,False,False,False,Di Luar Area Pantauan (>1000m dari Desa)
Kendawangan,Natai Kuini,"Sabtu, 10 Oktober 2026 01:34:00",NASA-SNPP,Medium,110.73846,-2.85378,False,False,False,False,False,False,Di Luar Area Pantauan (>1000m dari Desa)
Kendawangan,Natai Kuini,"Sabtu, 10 Oktober 2026 01:34:00",NASA-SNPP,Medium,110.78436,-2.85667,False,False,False,False,False,False,Di Luar Area Pantauan (>1000m dari Desa)
Kendawangan,Natai Kuini,"Sabtu, 10 Oktober 2026 01:34:00",NASA-SNPP,Medium,110.73973,-2.94489,False,False,False,False,False,False,Di Luar Area Pantauan (>1000m dari Desa)
Kendawangan,Natai Kuini,"Sabtu, 10 Oktober 2026 01:34:00",NASA-SNPP,Medium,110.74351,-2.94547,False,False,False,False,False,False,Di Luar Area Pantauan (>1000m dari Desa)
Kendawangan,Natai Kuini,"Sabtu, 10 Oktober 2026 01:34:00",NASA-SNPP,Medium,110.80333,-2.85963,False,False,False,False,False,False,Di Luar Area Pantauan (>1000m dari Desa)
Kendawangan,Natai Kuini,"Sabtu, 10 Oktober 2026 01:34:00",NASA-SNPP,Medium,110.72722,-2.85202,False,False,False,False,False,False,Di Luar Area Pantauan (>1000m dari Desa)
Kendawangan,Air Hitam Besar,"Sabtu, 10 Oktober 2026 01:34:00",NASA-SNPP,Medium,110.71224,-2.84968,False,False,False,True,False,True,Di Luar Area Pantauan (>1000m dari Desa)
Kendawangan,Natai Kuini,"Sabtu, 10 Oktober 2026 01:34:00",NASA-SNPP,Medium,110.79574,-2.85844,False,False,False,False,False,False,Di Luar Area Pantauan (>1000m dari Desa)
Kendawangan,Air Hitam Besar,"Sabtu, 10 Oktober 2026 01:34:00",NASA-SNPP,Medium,110.72472,-2.8431,False,False,False,False,False,False,Di Luar Area Pantauan (>1000m dari Desa)
Kendawangan,Natai Kuini,"Sabtu, 10 Oktober 2026 01:34:00",NASA-SNPP,Medium,110.74726,-2.84661,False,False,False,False,False,False,Di Luar Area Pantauan (>1000m dari Desa)
Kendawangan,Natai Kuini,"Sabtu, 10 Oktober 2026 01:34:00",NASA-SNPP,Medium,110.7504,-2.85137,False,False,False,False,False,False,Di Luar Area Pantauan (>1000m dari Desa)
Kendawangan,Natai Kuini,"Sabtu, 10 Oktober 2026 01:34:00",NASA-SNPP,Medium,110.73159,-2.84844,False,False,False,True,False,True,Di Luar Area Pantauan (>1000m dari Desa)
Kendawangan,Natai Kuini,"Sabtu, 10 Oktober 2026 01:34:00",NASA-SNPP,Medium,110.75166,-2.84302,False,False,False,False,False,False,Di Luar Area Pantauan (>1000m dari Desa)
Kendawangan,Air Hitam Besar,"Sabtu, 10 Oktober 2026 01:34:00",NASA-SNPP,Medium,110.73296,-2.78896,False,False,False,True,False,True,Di Luar Area Pantauan (>1000m dari Desa)
Kendawangan,Air Hitam Besar,"Sabtu, 10 Oktober 2026 01:34:00",NASA-SNPP,Medium,110.7336,-2.7848,False,False,False,True,False,True,Di Luar Area Pantauan (>1000m dari Desa)
Manis Mata,Jambi,"Sabtu, 10 Oktober 2026 01:34:00",NASA-SNPP,Medium,111.01962,-2.6648,False,False,False,False,False,False,Di Luar Area Pantauan (>1000m dari Desa)
Kendawangan,Air Hitam Besar,"Jumat, 09 Oktober 2026 13:12:00",NASA-NOAA20,Medium,110.60255,-2.78864,False,False,False,False,False,False,Di Luar Area Pantauan (>1000m dari Desa)
Kendawangan,Air Hitam Besar,"Jumat, 09 Oktober 2026 13:12:00",NASA-NOAA20,Medium,110.73922,-2.79853,False,False,False,False,False,False,Di Luar Area Pantauan (>1000m dari Desa)
Kendawangan,Air Hitam Besar,"Jumat, 09 Oktober 2026 13:12:00",NASA-NOAA20,Medium,110.71705,-2.81549,False,False,False,False,False,False,Di Luar Area Pantauan (>1000m dari Desa)
Kendawangan,Pembedilan,"Jumat, 09 Oktober 2026 13:12:00",NASA-NOAA20,Medium,110.44799,-2.74455,False,False,False,False,True,True,Di Luar Area Pantauan (>1000m dari Desa)
Kendawangan,Natai Kuini,"Jumat, 09 Oktober 2026 13:12:00",NASA-NOAA20,Medium,110.78725,-2.85899,False,False,False,False,False,False,Di Luar Area Pantauan (>1000m dari Desa)
Kendawangan,Natai Kuini,"Jumat, 09 Oktober 2026 13:12:00",NASA-NOAA20,Medium,110.76802,-2.8721,False,False,False,True,False,True,Di Luar Area Pantauan (>1000m dari Desa)
Kendawangan,Natai Kuini,"Jumat, 09 Oktober 2026 13:12:00",NASA-NOAA20,Medium,110.76456,-2.87263,False,False,False,True,False,True,Di Luar Area Pantauan (>1000m dari Desa)
Kendawangan,Natai Kuini,"Jumat, 09 Oktober 2026 13:12:00",NASA-NOAA20,Medium,110.76406,-2.86931,False,False,False,True,False,True,Di Luar Area Pantauan (>1000m dari Desa)
Kendawangan,Natai Kuini,"Jumat, 09 Oktober 2026 13:12:00",NASA-NOAA20,Medium,110.77097,-2.86826,False,False,False,True,False,True,Di Luar Area Pantauan (>1000m dari Desa)
Kendawangan,Natai Kuini,"Jumat, 09 Oktober 2026 13:12:00",NASA-NOAA20,Medium,110.76752,-2.86879,False,False,False,True,False,True,Di Luar Area Pantauan (>1000m dari Desa)
Kendawangan,Natai Kuini,"Jumat, 09 Oktober 2026 13:12:00",NASA-NOAA20,Medium,110.77984,-2.85673,False,False,False,False,False,False,Di Luar Area Pantauan (>1000m dari Desa)
Kendawangan,Air Hitam Besar,"Jumat, 09 Oktober 2026 13:12:00",NASA-NOAA20,Medium,110.70042,-2.86886,False,False,False,True,False,True,Di Luar Area Pantauan (>1000m dari Desa)
Kendawangan,Natai Kuini,"Jumat, 09 Oktober 2026 13:12:00",NASA-NOAA20,Medium,110.7586,-2.85659,False,False,False,True,False,True,Di Luar Area Pantauan (>1000m dari Desa)
Kendawangan,Natai Kuini,"Jumat, 09 Oktober 2026 13:12:00",NASA-NOAA20,Medium,110.78034,-2.86005,False,False,False,False,False,False,Di Luar Area Pantauan (>1000m dari Desa)
Kendawangan,Air Hitam Besar,"Jumat, 09 Oktober 2026 13:12:00",NASA-NOAA20,Medium,110.68021,-2.87533,False,False,False,False,False,False,Di Luar Area Pantauan (>1000m dari Desa)
Kendawangan,Natai Kuini,"Jumat, 09 Oktober 2026 13:12:00",NASA-NOAA20,Medium,110.79712,-2.85409,False,False,False,False,False,False,Di Luar Area Pantauan (>1000m dari Desa)
Kendawangan,Natai Kuini,"Jumat, 09 Oktober 2026 13:12:00",NASA-NOAA20,Medium,110.79366,-2.85462,False,False,False,False,False,False,Di Luar Area Pantauan (>1000m dari Desa)
Kendawangan,Natai Kuini,"Jumat, 09 Oktober 2026 13:12:00",NASA-NOAA20,Medium,110.78675,-2.85568,False,False,False,False,False,False,Di Luar Area Pantauan (>1000m dari Desa)
Kendawangan,Natai Kuini,"Jumat, 09 Oktober 2026 13:12:00",NASA-NOAA20,Medium,110.78329,-2.85621,False,False,False,False,False,False,Di Luar Area Pantauan (>1000m dari Desa)
Kendawangan,Natai Kuini,"Jumat, 09 Oktober 2026 13:12:00",NASA-NOAA20,Medium,110.72802,-2.86465,False,False,False,True,False,True,Di Luar Area Pantauan (>1000m dari Desa)
Kendawangan,Air Hitam Besar,"Jumat, 09 Oktober 2026 13:12:00",NASA-NOAA20,Medium,110.69697,-2.86939,False,False,False,True,False,True,Di Luar Area Pantauan (>1000m dari Desa)
Kendawangan,Natai Kuini,"Jumat, 09 Oktober 2026 13:12:00",NASA-NOAA20,Medium,110.73788,-2.85975,False,False,False,True,False,True,Di Luar Area Pantauan (>1000m dari Desa)
Kendawangan,Natai Kuini,"Jumat, 09 Oktober 2026 13:12:00",NASA-NOAA20,Medium,110.72947,-2.85087,False,False,False,True,False,True,Di Luar Area Pantauan (>1000m dari Desa)
Kendawangan,Natai Kuini,"Jumat, 09 Oktober 2026 13:12:00",NASA-NOAA20,Medium,110.74673,-2.84823,False,False,False,False,False,False,Di Luar Area Pantauan (>1000m dari Desa)
Kendawangan,Natai Kuini,"Jumat, 09 Oktober 2026 13:12:00",NASA-NOAA20,Medium,110.72552,-2.84808,False,False,False,True,False,True,Di Luar Area Pantauan (>1000m dari Desa)
Kendawangan,Natai Kuini,"Jumat, 09 Oktober 2026 13:12:00",NASA-NOAA20,Medium,110.79071,-2.85846,False,False,False,False,False,False,Di Luar Area Pantauan (>1000m dari Desa)
Kendawangan,Natai Kuini,"Jumat, 09 Oktober 2026 13:12:00",NASA-NOAA20,Medium,110.72601,-2.8514,False,False,False,False,False,False,Di Luar Area Pantauan (>1000m dari Desa)
Kendawangan,Air Hitam Besar,"Jumat, 09 Oktober 2026 13:12:00",NASA-NOAA20,Medium,110.71221,-2.8535,False,False,False,True,False,True,Di Luar Area Pantauan (>1000m dari Desa)
Manis Mata,Suka Ramai,"Jumat, 09 Oktober 2026 13:12:00",NASA-NOAA20,Medium,111.05125,-2.77444,False,False,False,False,False,False,Di Luar Area Pantauan (>1000m dari Desa)
Kendawangan,Air Hitam Besar,"Jumat, 09 Oktober 2026 13:12:00",NASA-NOAA20,Medium,110.72156,-2.8453,False,False,False,False,False,False,Di Luar Area Pantauan (>1000m dari Desa)
Kendawangan,Air Hitam Besar,"Jumat, 09 Oktober 2026 13:12:00",NASA-NOAA20,Medium,110.71811,-2.84583,False,False,False,False,False,False,Di Luar Area Pantauan (>1000m dari Desa)
Kendawangan,Air Hitam Besar,"Jumat, 09 Oktober 2026 13:12:00",NASA-NOAA20,Medium,110.72501,-2.84477,False,False,False,True,False,True,Di Luar Area Pantauan (>1000m dari Desa)
Kendawangan,Air Hitam Besar,"Jumat, 09 Oktober 2026 13:12:00",NASA-NOAA20,Medium,110.71466,-2.84635,False,False,False,False,False,False,Di Luar Area Pantauan (>1000m dari Desa)
Kendawangan,Air Hitam Besar,"Jumat, 09 Oktober 2026 13:12:00",NASA-NOAA20,Medium,110.71121,-2.84688,False,False,False,True,False,True,Di Luar Area Pantauan (>1000m dari Desa)
Kendawangan,Air Hitam Besar,"Jumat, 09 Oktober 2026 13:12:00",NASA-NOAA20,Medium,110.73876,-2.81894,False,False,False,True,False,True,Di Luar Area Pantauan (>1000m dari Desa)
Kendawangan,Air Hitam Besar,"Jumat, 09 Oktober 2026 13:12:00",NASA-NOAA20,Medium,110.7141,-2.81933,False,False,False,False,False,False,Di Luar Area Pantauan (>1000m dari Desa)
Kendawangan,Pembedilan,"Jumat, 09 Oktober 2026 13:12:00",NASA-NOAA20,Medium,110.50047,-2.85201,False,False,False,False,True,True,Di Luar Area Pantauan (>1000m dari Desa)
Kendawangan,Air Hitam Besar,"Jumat, 09 Oktober 2026 13:12:00",NASA-NOAA20,Medium,110.70965,-2.81323,False,False,False,False,False,False,Di Luar Area Pantauan (>1000m dari Desa)
Kendawangan,Pembedilan,"Jumat, 09 Oktober 2026 13:12:00",NASA-NOAA20,Medium,110.50291,-2.84487,False,False,False,False,True,True,Di Luar Area Pantauan (>1000m dari Desa)
Kendawangan,Air Hitam Besar,"Jumat, 09 Oktober 2026 13:12:00",NASA-NOAA20,Medium,110.70915,-2.80992,False,False,False,False,False,False,Di Luar Area Pantauan (>1000m dari Desa)
Kendawangan,Air Hitam Besar,"Jumat, 09 Oktober 2026 13:12:00",NASA-NOAA20,Medium,110.74167,-2.79137,False,False,False,True,False,True,Di Luar Area Pantauan (>1000m dari Desa)
Kendawangan,Air Hitam Besar,"Jumat, 09 Oktober 2026 13:12:00",NASA-NOAA20,Medium,110.718,-2.79839,False,False,False,False,False,False,Di Luar Area Pantauan (>1000m dari Desa)
Kendawangan,Natai Kuini,"Jumat, 09 Oktober 2026 13:12:00",NASA-NOAA20,Medium,110.83552,-2.78037,False,False,False,False,True,True,Di Luar Area Pantauan (>1000m dari Desa)
Kendawangan,Air Hitam Besar,"Jumat, 09 Oktober 2026 13:12:00",NASA-NOAA20,Medium,110.74216,-2.79469,False,False,False,True,False,True,Di Luar Area Pantauan (>1000m dari Desa)
Kendawangan,Air Hitam Besar,"Jumat, 09 Oktober 2026 13:12:00",NASA-NOAA20,Medium,110.73871,-2.79522,False,False,False,True,False,True,Di Luar Area Pantauan (>1000m dari Desa)
Kendawangan,Air Hitam Besar,"Jumat, 09 Oktober 2026 13:12:00",NASA-NOAA20,Medium,110.73526,-2.79575,False,False,False,True,False,True,Di Luar Area Pantauan (>1000m dari Desa)
Kendawangan,Air Hitam Besar,"Jumat, 09 Oktober 2026 13:12:00",NASA-NOAA20,Medium,110.7318,-2.79628,False,False,False,True,False,True,Di Luar Area Pantauan (>1000m dari Desa)
Kendawangan,Air Hitam Besar,"Jumat, 09 Oktober 2026 13:12:00",NASA-NOAA20,Medium,110.72836,-2.79681,False,False,False,False,False,False,Di Luar Area Pantauan (>1000m dari Desa)
Kendawangan,Air Hitam Besar,"Jumat, 09 Oktober 2026 13:12:00",NASA-NOAA20,Medium,110.7249,-2.79734,False,False,False,False,False,False,Di Luar Area Pantauan (>1000m dari Desa)
Manis Mata,Suka Ramai,"Jumat, 09 Oktober 2026 13:12:00",NASA-NOAA20,Medium,111.15395,-2.70453,False,False,False,False,False,False,Di Luar Area Pantauan (>1000m dari Desa)
Kendawangan,Pembedilan,"Jumat, 09 Oktober 2026 13:12:00",NASA-NOAA20,Medium,110.36726,-2.83177,False,False,False,False,True,True,Di Luar Area Pantauan (>1000m dari Desa)
Kendawangan,Air Hitam Besar,"Jumat, 09 Oktober 2026 13:12:00",NASA-NOAA20,Medium,110.73263,-2.76202,False,False,False,True,False,True,Di Luar Area Pantauan (>1000m dari Desa)
Kendawangan,Air Hitam Besar,"Jumat, 09 Oktober 2026 13:12:00",NASA-NOAA20,Medium,110.73312,-2.76533,False,False,False,True,False,True,Di Luar Area Pantauan (>1000m dari Desa)
Kendawangan,Air Hitam Besar,"Jumat, 09 Oktober 2026 13:12:00",NASA-NOAA20,Medium,110.73621,-2.77865,False,False,False,False,False,False,Di Luar Area Pantauan (>1000m dari Desa)
Kendawangan,Pembedilan,"Jumat, 09 Oktober 2026 13:12:00",NASA-NOAA20,Medium,110.4921,-2.84314,False,False,False,False,True,True,Di Luar Area Pantauan (>1000m dari Desa)
Kendawangan,Natai Kuini,"Jumat, 09 Oktober 2026 13:12:00",NASA-NOAA20,Medium,110.88153,-2.78009,False,False,False,False,False,False,Di Luar Area Pantauan (>1000m dari Desa)
Kendawangan,Air Hitam Besar,"Jumat, 09 Oktober 2026 13:12:00",NASA-NOAA20,Medium,110.70174,-2.80766,False,False,False,True,False,True,Di Luar Area Pantauan (>1000m dari Desa)
Kendawangan,Kendawangan Kanan,"Jumat, 09 Oktober 2026 13:12:00",NASA-NOAA20,Medium,110.27229,-2.81535,False,False,False,False,True,True,Di Luar Area Pantauan (>1000m dari Desa)
Manis Mata,Jambi,"Jumat, 09 Oktober 2026 13:12:00",NASA-NOAA20,Medium,111.04861,-2.66954,False,False,False,False,False,False,Di Luar Area Pantauan (>1000m dari Desa)
Kendawangan,Pembedilan,"Jumat, 09 Oktober 2026 13:12:00",NASA-NOAA20,Medium,110.45781,-2.73967,False,False,False,False,True,True,Di Luar Area Pantauan (>1000m dari Desa)
Manis Mata,Jambi,"Jumat, 09 Oktober 2026 13:12:00",NASA-NOAA20,Medium,111.01922,-2.66384,False,False,False,False,False,False,Di Luar Area Pantauan (>1000m dari Desa)
Kendawangan,Pembedilan,"Jumat, 09 Oktober 2026 13:12:00",NASA-NOAA20,Medium,110.45243,-2.75064,False,False,False,False,True,True,Di Luar Area Pantauan (>1000m dari Desa)
Manis Mata,Jambi,"Jumat, 09 Oktober 2026 13:12:00",NASA-NOAA20,Medium,111.0232,-2.66663,False,False,False,False,False,False,Di Luar Area Pantauan (>1000m dari Desa)
Manis Mata,Jambi,"Jumat, 09 Oktober 2026 13:12:00",NASA-NOAA20,Medium,111.01972,-2.66716,False,False,False,False,False,False,Di Luar Area Pantauan (>1000m dari Desa)
Kendawangan,Pembedilan,"Jumat, 09 Oktober 2026 13:12:00",NASA-NOAA20,Medium,110.44699,-2.73794,False,False,False,False,True,True,Di Luar Area Pantauan (>1000m dari Desa)
Kendawangan,Pembedilan,"Jumat, 09 Oktober 2026 13:12:00",NASA-NOAA20,Medium,110.45437,-2.7402,False,False,False,False,True,True,Di Luar Area Pantauan (>1000m dari Desa)
Kendawangan,Pembedilan,"Jumat, 09 Oktober 2026 13:12:00",NASA-NOAA20,Medium,110.44749,-2.74125,False,False,False,False,True,True,Di Luar Area Pantauan (>1000m dari Desa)
Kendawangan,Pembedilan,"Jumat, 09 Oktober 2026 13:12:00",NASA-NOAA20,Medium,110.45094,-2.74072,False,False,False,False,True,True,Di Luar Area Pantauan (>1000m dari Desa)
Kendawangan,Pembedilan,"Jumat, 09 Oktober 2026 13:12:00",NASA-NOAA20,Medium,110.45826,-2.7193,False,False,False,False,True,True,Di Luar Area Pantauan (>1000m dari Desa)
Kendawangan,Pembedilan,"Jumat, 09 Oktober 2026 13:12:00",NASA-NOAA20,Medium,110.45432,-2.71652,False,False,False,False,True,True,Di Luar Area Pantauan (>1000m dari Desa)
Kendawangan,Pembedilan,"Jumat, 09 Oktober 2026 13:12:00",NASA-NOAA20,Medium,110.45481,-2.71983,False,False,False,False,True,True,Di Luar Area Pantauan (>1000m dari Desa)
Kendawangan,Pembedilan,"Jumat, 09 Oktober 2026 13:12:00",NASA-NOAA20,Medium,110.45587,-2.75012,False,False,False,False,True,True,Di Luar Area Pantauan (>1000m dari Desa)
Kendawangan,Seriam,"Jumat, 09 Oktober 2026 13:12:00",NASA-NOAA20,Medium,110.40765,-2.7338,False,False,False,False,True,True,Di Luar Area Pantauan (>1000m dari Desa)
Kendawangan,Pembedilan,"Jumat, 09 Oktober 2026 13:12:00",NASA-NOAA20,Medium,110.45487,-2.7435,False,False,False,False,True,True,Di Luar Area Pantauan (>1000m dari Desa)
Manis Mata,Jambi,"Jumat, 09 Oktober 2026 13:12:00",NASA-NOAA20,Medium,111.01872,-2.66051,False,False,False,False,False,False,Di Luar Area Pantauan (>1000m dari Desa)
Kendawangan,Pembedilan,"Jumat, 09 Oktober 2026 13:12:00",NASA-NOAA20,Medium,110.45831,-2.74298,False,False,False,False,True,True,Di Luar Area Pantauan (>1000m dari Desa)
Kendawangan,Pembedilan,"Jumat, 09 Oktober 2026 13:12:00",NASA-NOAA20,Medium,110.45925,-2.72592,False,False,False,False,True,True,Di Luar Area Pantauan (>1000m dari Desa)
Kendawangan,Pembedilan,"Jumat, 09 Oktober 2026 13:12:00",NASA-NOAA20,Medium,110.44894,-2.72749,False,False,False,False,True,True,Di Luar Area Pantauan (>1000m dari Desa)
Kendawangan,Airhitam Hulu,"Jumat, 09 Oktober 2026 13:12:00",NASA-NOAA20,Medium,110.69011,-2.6261,False,False,False,False,False,False,Di Luar Area Pantauan (>1000m dari Desa)
Kendawangan,Airhitam Hulu,"Jumat, 09 Oktober 2026 13:12:00",NASA-NOAA20,Medium,110.69356,-2.62557,False,False,False,False,False,False,Di Luar Area Pantauan (>1000m dari Desa)
Kendawangan,Airhitam Hulu,"Jumat, 09 Oktober 2026 13:12:00",NASA-NOAA20,Medium,110.69751,-2.62835,False,False,False,False,False,False,Di Luar Area Pantauan (>1000m dari Desa)
Matan Hilir Utara,Sungai Putri,"Jumat, 09 Oktober 2026 13:12:00",NASA-NOAA20,Medium,110.08878,-1.56365,False,False,True,True,False,True,Di Luar Area Pantauan (>1000m dari Desa)
Matan Hilir Utara,Sungai Putri,"Jumat, 09 Oktober 2026 13:12:00",NASA-NOAA20,Medium,110.08536,-1.56417,False,False,True,True,False,True,Di Luar Area Pantauan (>1000m dari Desa)
Matan Hilir Utara,Sungai Putri,"Jumat, 09 Oktober 2026 13:12:00",NASA-NOAA20,Medium,110.09515,-1.55929,False,False,True,True,False,True,Di Luar Area Pantauan (>1000m dari Desa)
Kendawangan,Air Hitam Besar,"Jumat, 09 Oktober 2026 13:12:00",NASA-NOAA20,Medium,110.7136,-2.81601,False,False,False,False,False,False,Di Luar Area Pantauan (>1000m dari Desa)
Kendawangan,Air Hitam Besar,"Jumat, 09 Oktober 2026 13:12:00",NASA-NOAA20,Medium,110.71015,-2.81654,False,False,False,True,False,True,Di Luar Area Pantauan (>1000m dari Desa)
Kendawangan,Air Hitam Besar,"Jumat, 09 Oktober 2026 13:12:00",NASA-NOAA20,Medium,110.73671,-2.78196,False,False,False,True,False,True,Di Luar Area Pantauan (>1000m dari Desa)
Manis Mata,Ratu Elok,"Jumat, 09 Oktober 2026 13:12:00",NASA-NOAA20,Medium,111.02279,-2.52752,False,False,False,False,False,False,Di Luar Area Pantauan (>1000m dari Desa)
Kendawangan,Danau Buntar,"Jumat, 09 Oktober 2026 13:12:00",NASA-NOAA20,Medium,110.90405,-2.54239,False,False,False,False,False,False,Di Luar Area Pantauan (>1000m dari Desa)
Kendawangan,Danau Buntar,"Jumat, 09 Oktober 2026 13:12:00",NASA-NOAA20,Medium,110.90354,-2.53907,False,False,False,False,False,False,Di Luar Area Pantauan (>1000m dari Desa)
Kendawangan,Natai Kuini,"Jumat, 09 Oktober 2026 13:12:00",NASA-NOAA20,Medium,110.80158,-2.8602,False,False,False,False,False,False,Di Luar Area Pantauan (>1000m dari Desa)
Kendawangan,Natai Kuini,"Jumat, 09 Oktober 2026 13:12:00",NASA-NOAA20,Medium,110.79813,-2.86072,False,False,False,False,False,False,Di Luar Area Pantauan (>1000m dari Desa)
Kendawangan,Natai Kuini,"Jumat, 09 Oktober 2026 13:12:00",NASA-NOAA20,Medium,110.79121,-2.86178,False,False,False,False,False,False,Di Luar Area Pantauan (>1000m dari Desa)
Kendawangan,Natai Kuini,"Jumat, 09 Oktober 2026 13:12:00",NASA-NOAA20,Medium,110.77047,-2.86494,False,False,False,True,False,True,Di Luar Area Pantauan (>1000m dari Desa)
Kendawangan,Air Hitam Besar,"Jumat, 09 Oktober 2026 13:12:00",NASA-NOAA20,Medium,110.68072,-2.87864,False,False,False,True,False,True,Di Luar Area Pantauan (>1000m dari Desa)
Kendawangan,Natai Kuini,"Jumat, 09 Oktober 2026 13:12:00",NASA-NOAA20,Medium,110.74773,-2.85486,False,False,False,False,False,False,Di Luar Area Pantauan (>1000m dari Desa)
Kendawangan,Natai Kuini,"Jumat, 09 Oktober 2026 13:12:00",NASA-NOAA20,Medium,110.74083,-2.85591,False,False,False,False,False,False,Di Luar Area Pantauan (>1000m dari Desa)
Kendawangan,Natai Kuini,"Jumat, 09 Oktober 2026 13:12:00",NASA-NOAA20,Medium,110.75414,-2.85049,False,False,False,False,False,False,Di Luar Area Pantauan (>1000m dari Desa)
Kendawangan,Natai Kuini,"Jumat, 09 Oktober 2026 13:12:00",NASA-NOAA20,Medium,110.72997,-2.85418,False,False,False,False,False,False,Di Luar Area Pantauan (>1000m dari Desa)
Kendawangan,Natai Kuini,"Jumat, 09 Oktober 2026 13:12:00",NASA-NOAA20,Medium,110.72652,-2.85471,False,False,False,False,False,False,Di Luar Area Pantauan (>1000m dari Desa)
Kendawangan,Natai Kuini,"Jumat, 09 Oktober 2026 13:12:00",NASA-NOAA20,Medium,110.74724,-2.85154,False,False,False,False,False,False,Di Luar Area Pantauan (>1000m dari Desa)
Kendawangan,Air Hitam Besar,"Jumat, 09 Oktober 2026 13:12:00",NASA-NOAA20,Medium,110.71171,-2.85019,False,False,False,True,False,True,Di Luar Area Pantauan (>1000m dari Desa)
Kendawangan,Air Hitam Besar,"Jumat, 09 Oktober 2026 13:12:00",NASA-NOAA20,Medium,110.72207,-2.84861,False,False,False,False,False,False,Di Luar Area Pantauan (>1000m dari Desa)
Kendawangan,Air Hitam Besar,"Jumat, 09 Oktober 2026 13:12:00",NASA-NOAA20,Medium,110.71516,-2.84967,False,False,False,False,False,False,Di Luar Area Pantauan (>1000m dari Desa)
Kendawangan,Air Hitam Besar,"Jumat, 09 Oktober 2026 13:12:00",NASA-NOAA20,Medium,110.73777,-2.81231,False,False,False,True,False,True,Di Luar Area Pantauan (>1000m dari Desa)
Kendawangan,Natai Kuini,"Jumat, 09 Oktober 2026 13:12:00",NASA-NOAA20,Medium,110.83852,-2.80027,False,False,False,False,True,True,Di Luar Area Pantauan (>1000m dari Desa)
Manis Mata,Mekar Jaya,"Jumat, 09 Oktober 2026 13:12:00",NASA-NOAA20,Medium,110.89564,-2.30953,False,False,False,False,False,False,Di Luar Area Pantauan (>1000m dari Desa)
Manis Mata,Silat,"Jumat, 09 Oktober 2026 13:12:00",NASA-NOAA20,Medium,110.92097,-2.28867,False,False,False,False,False,False,Di Luar Area Pantauan (>1000m dari Desa)
Manis Mata,Silat,"Jumat, 09 Oktober 2026 13:12:00",NASA-NOAA20,Medium,110.92394,-2.28481,False,False,False,False,False,False,Di Luar Area Pantauan (>1000m dari Desa)
Manis Mata,Silat,"Jumat, 09 Oktober 2026 13:12:00",NASA-NOAA20,Medium,110.90999,-2.26313,False,False,False,False,False,False,Di Luar Area Pantauan (>1000m dari Desa)
Kendawangan,Banjar Sari,"Jumat, 09 Oktober 2026 13:12:00",NASA-NOAA20,Medium,110.34409,-2.35304,False,False,False,False,False,False,Di Luar Area Pantauan (>1000m dari Desa)
Kendawangan,Mekar Utama,"Jumat, 09 Oktober 2026 13:12:00",NASA-NOAA20,Medium,110.16199,-2.38083,False,False,False,False,False,False,Di Luar Area Pantauan (>1000m dari Desa)
Kendawangan,Banjar Sari,"Jumat, 09 Oktober 2026 13:12:00",NASA-NOAA20,Medium,110.34358,-2.34974,False,False,False,False,False,False,Di Luar Area Pantauan (>1000m dari Desa)
Air Upas,Harapan Baru,"Jumat, 09 Oktober 2026 13:12:00",NASA-NOAA20,Medium,110.8717,-2.2452,False,False,False,False,False,False,Di Luar Area Pantauan (>1000m dari Desa)
Matan Hilir Selatan,Pagar Mentimun,"Jumat, 09 Oktober 2026 13:12:00",NASA-NOAA20,Medium,110.15883,-2.25251,False,False,True,False,False,True,Di Luar Area Pantauan (>1000m dari Desa)
Kendawangan,Banjar Sari,"Jumat, 09 Oktober 2026 13:12:00",NASA-NOAA20,Medium,110.34015,-2.35026,False,False,False,False,False,False,Di Luar Area Pantauan (>1000m dari Desa)
Kendawangan,Banjar Sari,"Jumat, 09 Oktober 2026 13:12:00",NASA-NOAA20,Medium,110.33915,-2.34365,False,False,False,False,False,False,Di Luar Area Pantauan (>1000m dari Desa)
Kendawangan,Banjar Sari,"Jumat, 09 Oktober 2026 13:12:00",NASA-NOAA20,Medium,110.33571,-2.34417,False,False,False,False,False,False,Di Luar Area Pantauan (>1000m dari Desa)
Manis Mata,Silat,"Jumat, 09 Oktober 2026 13:12:00",NASA-NOAA20,Medium,110.92047,-2.28534,False,False,False,False,False,False,Di Luar Area Pantauan (>1000m dari Desa)
Nanga Tayap,Betenung,"Jumat, 09 Oktober 2026 13:12:00",NASA-NOAA20,Medium,110.87377,-1.60677,False,False,True,False,False,True,Di Luar Area Pantauan (>1000m dari Desa)
Manis Mata,Suak Burung,"Jumat, 09 Oktober 2026 13:12:00",NASA-NOAA20,Medium,111.02553,-2.36436,False,False,False,False,False,False,Di Luar Area Pantauan (>1000m dari Desa)
Nanga Tayap,Betenung,"Jumat, 09 Oktober 2026 13:12:00",NASA-NOAA20,Medium,110.81343,-1.56534,False,False,True,False,False,True,Di Luar Area Pantauan (>1000m dari Desa)
Kendawangan,Air Hitam Besar,"Jumat, 09 Oktober 2026 13:12:00",NASA-NOAA20,Medium,110.70519,-2.80713,False,False,False,True,False,True,Di Luar Area Pantauan (>1000m dari Desa)
Kendawangan,Air Hitam Besar,"Jumat, 09 Oktober 2026 13:12:00",NASA-NOAA20,Medium,110.73281,-2.8029,False,False,False,False,False,False,Di Luar Area Pantauan (>1000m dari Desa)
Kendawangan,Air Hitam Besar,"Jumat, 09 Oktober 2026 13:12:00",NASA-NOAA20,Medium,110.7057,-2.81045,False,False,False,True,False,True,Di Luar Area Pantauan (>1000m dari Desa)
Kendawangan,Banjar Sari,"Jumat, 09 Oktober 2026 13:12:00",NASA-NOAA20,Medium,110.33521,-2.34087,False,False,False,False,False,False,Di Luar Area Pantauan (>1000m dari Desa)
Kendawangan,Banjar Sari,"Jumat, 09 Oktober 2026 13:12:00",NASA-NOAA20,Medium,110.33865,-2.34034,False,False,False,False,False,False,Di Luar Area Pantauan (>1000m dari Desa)
Kendawangan,Mekar Utama,"Jumat, 09 Oktober 2026 13:12:00",NASA-NOAA20,Medium,110.16836,-2.37648,False,False,False,False,False,False,Di Luar Area Pantauan (>1000m dari Desa)
Nanga Tayap,Betenung,"Jumat, 09 Oktober 2026 13:12:00",NASA-NOAA20,Medium,110.87421,-1.61011,False,False,True,False,False,True,Di Luar Area Pantauan (>1000m dari Desa)
Matan Hilir Utara,Sungai Putri,"Jumat, 09 Oktober 2026 13:12:00",NASA-NOAA20,Medium,110.08485,-1.56087,False,False,True,True,False,True,Di Luar Area Pantauan (>1000m dari Desa)
Muara Pawan,Ulak Medang,"Jumat, 09 Oktober 2026 13:12:00",NASA-NOAA20,Medium,110.25956,-1.53084,False,False,True,True,False,True,Di Luar Area Pantauan (>1000m dari Desa)
Muara Pawan,Ulak Medang,"Jumat, 09 Oktober 2026 13:12:00",NASA-NOAA20,Medium,110.263,-1.53032,False,False,True,True,False,True,Di Luar Area Pantauan (>1000m dari Desa)
Muara Pawan,Ulak Medang,"Jumat, 09 Oktober 2026 13:12:00",NASA-NOAA20,Medium,110.25613,-1.53136,False,False,True,True,False,True,Di Luar Area Pantauan (>1000m dari Desa)
Matan Hilir Utara,Sungai Putri,"Jumat, 09 Oktober 2026 13:12:00",NASA-NOAA20,Medium,110.08435,-1.55756,False,False,True,True,False,True,Di Luar Area Pantauan (>1000m dari Desa)
Matan Hilir Utara,Tanjung Baik Budi,"Jumat, 09 Oktober 2026 13:12:00",NASA-NOAA20,Medium,110.08729,-1.55373,False,False,True,True,False,True,Di Luar Area Pantauan (>1000m dari Desa)
Matan Hilir Utara,Sungai Putri,"Jumat, 09 Oktober 2026 13:12:00",NASA-NOAA20,Medium,110.08385,-1.55425,False,False,True,True,False,True,Di Luar Area Pantauan (>1000m dari Desa)
Nanga Tayap,Sebadak Raya,"Jumat, 09 Oktober 2026 13:12:00",NASA-NOAA20,Medium,110.75871,-1.41735,False,False,False,False,False,False,Di Luar Area Pantauan (>1000m dari Desa)
Kendawangan,Air Hitam Besar,"Jumat, 09 Oktober 2026 13:12:00",NASA-NOAA20,Medium,110.73376,-2.78581,False,False,False,True,False,True,Di Luar Area Pantauan (>1000m dari Desa)
Kendawangan,Air Hitam Besar,"Jumat, 09 Oktober 2026 13:12:00",NASA-NOAA20,Medium,110.73721,-2.78528,False,False,False,True,False,True,Di Luar Area Pantauan (>1000m dari Desa)
Kendawangan,Air Hitam Besar,"Jumat, 09 Oktober 2026 13:12:00",NASA-NOAA20,Medium,110.73426,-2.78912,False,False,False,True,False,True,Di Luar Area Pantauan (>1000m dari Desa)
Kendawangan,Air Hitam Besar,"Jumat, 09 Oktober 2026 13:12:00",NASA-NOAA20,Medium,110.73772,-2.78859,False,False,False,True,False,True,Di Luar Area Pantauan (>1000m dari Desa)
Manis Mata,Suka Ramai,"Jumat, 09 Oktober 2026 13:12:00",NASA-NOAA20,Medium,111.10847,-2.68762,False,False,False,False,False,False,Di Luar Area Pantauan (>1000m dari Desa)
Manis Mata,Suka Ramai,"Jumat, 09 Oktober 2026 13:12:00",NASA-NOAA20,Medium,111.09101,-2.69029,False,False,False,False,False,False,Di Luar Area Pantauan (>1000m dari Desa)
Manis Mata,Jambi,"Jumat, 09 Oktober 2026 13:12:00",NASA-NOAA20,Medium,110.97208,-2.70508,False,False,False,False,False,False,Di Luar Area Pantauan (>1000m dari Desa)
Manis Mata,Jambi,"Jumat, 09 Oktober 2026 13:12:00",NASA-NOAA20,Medium,110.96861,-2.70561,False,False,False,False,False,False,Di Luar Area Pantauan (>1000m dari Desa)
Manis Mata,Jambi,"Jumat, 09 Oktober 2026 13:12:00",NASA-NOAA20,Medium,110.9681,-2.70228,False,False,False,False,False,False,Di Luar Area Pantauan (>1000m dari Desa)
Kendawangan,Pembedilan,"Jumat, 09 Oktober 2026 13:12:00",NASA-NOAA20,Medium,110.44955,-2.77815,False,False,False,False,True,True,Di Luar Area Pantauan (>1000m dari Desa)
Manis Mata,Jambi,"Jumat, 09 Oktober 2026 13:12:00",NASA-NOAA20,Medium,111.00883,-2.68925,False,False,False,False,False,False,Di Luar Area Pantauan (>1000m dari Desa)
Kendawangan,Pembedilan,"Jumat, 09 Oktober 2026 13:12:00",NASA-NOAA20,Medium,110.44905,-2.77484,False,False,False,False,True,True,Di Luar Area Pantauan (>1000m dari Desa)
Ella Hilir,Kerangan Kora,"Jumat, 09 Oktober 2026 13:12:00",NASA-NOAA20,Medium,112.05977,-0.6398,False,False,False,False,False,False,Di Luar Area Pantauan (>1000m dari Desa)
Teluk Batang,Sungaipaduan,"Jumat, 09 Oktober 2026 13:12:00",NASA-NOAA20,Medium,109.82973,-0.96552,False,False,False,False,False,False,Di Luar Area Pantauan (>1000m dari Desa)
Simpang Dua,Kampar Sebomban,"Jumat, 09 Oktober 2026 13:12:00",NASA-NOAA20,Medium,110.25131,-0.89432,False,False,False,False,False,False,Di Luar Area Pantauan (>1000m dari Desa)
Simpang Dua,Kampar Sebomban,"Jumat, 09 Oktober 2026 13:12:00",NASA-NOAA20,Medium,110.25033,-0.89074,False,False,False,False,False,False,Di Luar Area Pantauan (>1000m dari Desa)
Matan Hilir Utara,Tanjung Baik Budi,"Jumat, 09 Oktober 2026 13:12:00",NASA-NOAA20,Medium,110.09022,-1.5499,False,False,True,True,False,True,Di Luar Area Pantauan (>1000m dari Desa)
Matan Hilir Utara,Lamon Satong,"Jumat, 09 Oktober 2026 13:12:00",NASA-NOAA20,Medium,110.27371,-1.42016,False,False,True,False,False,True,Di Luar Area Pantauan (>1000m dari Desa)
Nanga Tayap,Sebadak Raya,"Jumat, 09 Oktober 2026 13:12:00",NASA-NOAA20,Medium,110.75322,-1.40458,False,False,False,False,False,False,Di Luar Area Pantauan (>1000m dari Desa)
Muara Pawan,Ulak Medang,"Jumat, 09 Oktober 2026 13:12:00",NASA-NOAA20,Medium,110.23006,-1.52181,False,False,True,True,False,True,Di Luar Area Pantauan (>1000m dari Desa)
Matan Hilir Utara,Kuala Tolak,"Jumat, 09 Oktober 2026 13:12:00",NASA-NOAA20,Medium,110.15929,-1.4954,False,False,True,True,False,True,Di Luar Area Pantauan (>1000m dari Desa)
Matan Hilir Utara,Kuala Tolak,"Jumat, 09 Oktober 2026 13:12:00",NASA-NOAA20,Medium,110.14696,-1.41919,False,False,False,True,False,True,Di Luar Area Pantauan (>1000m dari Desa)
Nanga Tayap,Sebadak Raya,"Jumat, 09 Oktober 2026 13:12:00",NASA-NOAA20,Medium,110.74774,-1.41563,False,False,False,False,False,False,Di Luar Area Pantauan (>1000m dari Desa)
Ngabang,Amboyo Selatan,"Jumat, 09 Oktober 2026 13:12:00",NASA-NOAA20,Medium,109.7889,0.3593,False,False,False,False,False,False,Di Luar Area Pantauan (>1000m dari Desa)
Parindu,Marita,"Jumat, 09 Oktober 2026 13:12:00",NASA-NOAA20,Medium,110.36111,0.13744,False,False,False,False,False,False,Di Luar Area Pantauan (>1000m dari Desa)
Sandai,Merimbang Jaya,"Jumat, 09 Oktober 2026 13:12:00",NASA-NOAA20,Medium,110.55346,-1.10939,False,False,False,False,False,False,Di Luar Area Pantauan (>1000m dari Desa)
Sandai,Petai Patah,"Jumat, 09 Oktober 2026 13:12:00",NASA-NOAA20,Medium,110.65366,-1.13827,False,False,False,False,False,False,Di Luar Area Pantauan (>1000m dari Desa)
Hulu Sungai,Menyumbung,"Jumat, 09 Oktober 2026 13:12:00",NASA-NOAA20,Medium,110.75323,-1.02123,False,False,False,False,False,False,Di Luar Area Pantauan (>1000m dari Desa)
Sandai,Randau,"Jumat, 09 Oktober 2026 13:12:00",NASA-NOAA20,Medium,110.56022,-0.96908,False,False,False,False,False,False,Di Luar Area Pantauan (>1000m dari Desa)
Sungai Laur,Sempurna,"Jumat, 09 Oktober 2026 13:12:00",NASA-NOAA20,Medium,110.39481,-1.08959,False,False,False,False,False,False,Di Luar Area Pantauan (>1000m dari Desa)
Simpang Dua,Semandang Kanan,"Jumat, 09 Oktober 2026 13:12:00",NASA-NOAA20,Medium,110.40316,-0.73861,False,False,False,False,False,False,Di Luar Area Pantauan (>1000m dari Desa)
Tayan Hulu,Menyabo,"Jumat, 09 Oktober 2026 13:12:00",NASA-NOAA20,Medium,110.19412,0.25463,False,False,False,False,False,False,Di Luar Area Pantauan (>1000m dari Desa)
Kendawangan,Pembedilan,"Jumat, 09 Oktober 2026 13:12:00",NASA-NOAA20,Medium,110.44943,-2.7308,False,False,False,False,True,True,Di Luar Area Pantauan (>1000m dari Desa)
Nanga Tayap,Betenung,"Jumat, 09 Oktober 2026 13:12:00",NASA-NOAA20,Medium,110.82632,-1.55657,False,False,True,False,False,True,Di Luar Area Pantauan (>1000m dari Desa)
Kendawangan,Pembedilan,"Jumat, 09 Oktober 2026 13:12:00",NASA-NOAA20,Medium,110.45193,-2.74734,False,False,False,False,True,True,Di Luar Area Pantauan (>1000m dari Desa)
Kendawangan,Natai Kuini,"Jumat, 09 Oktober 2026 13:12:00",NASA-NOAA20,Medium,110.7838,-2.85952,False,False,False,False,False,False,Di Luar Area Pantauan (>1000m dari Desa)
Kendawangan,Natai Kuini,"Jumat, 09 Oktober 2026 13:12:00",NASA-NOAA20,Medium,110.80504,-2.85967,False,False,False,False,False,False,Di Luar Area Pantauan (>1000m dari Desa)
Kendawangan,Natai Kuini,"Jumat, 09 Oktober 2026 13:12:00",NASA-NOAA20,Medium,110.76356,-2.866,False,False,False,True,False,True,Di Luar Area Pantauan (>1000m dari Desa)
Kendawangan,Natai Kuini,"Jumat, 09 Oktober 2026 13:12:00",NASA-NOAA20,Medium,110.76701,-2.86547,False,False,False,True,False,True,Di Luar Area Pantauan (>1000m dari Desa)
Kendawangan,Natai Kuini,"Jumat, 09 Oktober 2026 13:12:00",NASA-NOAA20,Medium,110.80454,-2.85635,False,False,False,False,False,False,Di Luar Area Pantauan (>1000m dari Desa)
Kendawangan,Natai Kuini,"Jumat, 09 Oktober 2026 13:12:00",NASA-NOAA20,Medium,110.80109,-2.85688,False,False,False,False,False,False,Di Luar Area Pantauan (>1000m dari Desa)
Kendawangan,Natai Kuini,"Jumat, 09 Oktober 2026 13:12:00",NASA-NOAA20,Medium,110.79762,-2.85741,False,False,False,False,False,False,Di Luar Area Pantauan (>1000m dari Desa)
Kendawangan,Natai Kuini,"Jumat, 09 Oktober 2026 13:12:00",NASA-NOAA20,Medium,110.79417,-2.85794,False,False,False,False,False,False,Di Luar Area Pantauan (>1000m dari Desa)
Kendawangan,Air Hitam Besar,"Jumat, 09 Oktober 2026 13:12:00",NASA-NOAA20,Medium,110.73136,-2.81668,False,False,False,True,False,True,Di Luar Area Pantauan (>1000m dari Desa)
Kendawangan,Air Hitam Besar,"Jumat, 09 Oktober 2026 13:12:00",NASA-NOAA20,Medium,110.73476,-2.79243,False,False,False,True,False,True,Di Luar Area Pantauan (>1000m dari Desa)
Kendawangan,Air Hitam Besar,"Jumat, 09 Oktober 2026 13:12:00",NASA-NOAA20,Medium,110.73821,-2.7919,False,False,False,True,False,True,Di Luar Area Pantauan (>1000m dari Desa)
Kendawangan,Air Hitam Besar,"Jumat, 09 Oktober 2026 13:12:00",NASA-NOAA20,Medium,110.73131,-2.79296,False,False,False,True,False,True,Di Luar Area Pantauan (>1000m dari Desa)
Kendawangan,Air Hitam Besar,"Jumat, 09 Oktober 2026 13:12:00",NASA-NOAA20,Medium,110.7175,-2.79508,False,False,False,False,False,False,Di Luar Area Pantauan (>1000m dari Desa)
Kendawangan,Air Hitam Besar,"Jumat, 09 Oktober 2026 13:12:00",NASA-NOAA20,Medium,110.72786,-2.79349,False,False,False,False,False,False,Di Luar Area Pantauan (>1000m dari Desa)
Kendawangan,Pembedilan,"Jumat, 09 Oktober 2026 13:12:00",NASA-NOAA20,Medium,110.44456,-2.74508,False,False,False,False,True,True,Di Luar Area Pantauan (>1000m dari Desa)
Kendawangan,Air Hitam Besar,"Jumat, 09 Oktober 2026 13:12:00",NASA-NOAA20,Medium,110.73827,-2.81563,False,False,False,True,False,True,Di Luar Area Pantauan (>1000m dari Desa)
Kendawangan,Air Hitam Besar,"Jumat, 09 Oktober 2026 13:12:00",NASA-NOAA20,Medium,110.73481,-2.81616,False,False,False,True,False,True,Di Luar Area Pantauan (>1000m dari Desa)
Manis Mata,Suka Ramai,"Jumat, 09 Oktober 2026 13:12:00",NASA-NOAA20,Medium,111.09303,-2.74419,False,False,False,False,False,False,Di Luar Area Pantauan (>1000m dari Desa)
Kendawangan,Air Hitam Besar,"Jumat, 09 Oktober 2026 13:12:00",NASA-NOAA20,Medium,110.7205,-2.81496,False,False,False,False,False,False,Di Luar Area Pantauan (>1000m dari Desa)
Air Upas,Harapan Baru,"Jumat, 09 Oktober 2026 13:12:00",NASA-NOAA20,Medium,110.87568,-2.24798,False,False,False,False,False,False,Di Luar Area Pantauan (>1000m dari Desa)
Air Upas,Harapan Baru,"Jumat, 09 Oktober 2026 13:12:00",NASA-NOAA20,Medium,110.8722,-2.24852,False,False,False,False,False,False,Di Luar Area Pantauan (>1000m dari Desa)
Air Upas,Harapan Baru,"Jumat, 09 Oktober 2026 13:12:00",NASA-NOAA20,Medium,110.87517,-2.24466,False,False,False,False,False,False,Di Luar Area Pantauan (>1000m dari Desa)
Simpang Dua,Gema,"Jumat, 09 Oktober 2026 13:12:00",NASA-NOAA20,Medium,110.42094,-0.9192,False,False,False,False,True,True,Di Luar Area Pantauan (>1000m dari Desa)
Hulu Sungai,Benua Krio,"Jumat, 09 Oktober 2026 13:12:00",NASA-NOAA20,Medium,110.73619,-1.09505,False,False,False,False,False,False,Di Luar Area Pantauan (>1000m dari Desa)
Ketungau Hilir,Sungai Mali,"Jumat, 09 Oktober 2026 13:12:00",NASA-NOAA20,Medium,111.72668,0.59053,False,False,False,False,False,False,Di Luar Area Pantauan (>1000m dari Desa)
Parindu,Dosan,"Jumat, 09 Oktober 2026 13:12:00",NASA-NOAA20,Medium,110.48108,0.28485,False,False,False,False,False,False,Di Luar Area Pantauan (>1000m dari Desa)
Sepauk,Peninsung,"Jumat, 09 Oktober 2026 13:12:00",NASA-NOAA20,Medium,111.27596,-0.17841,False,False,False,False,False,False,Di Luar Area Pantauan (>1000m dari Desa)
Ketungau Hilir,Sungai Mali,"Jumat, 09 Oktober 2026 13:12:00",NASA-NOAA20,Medium,111.72721,0.58707,False,False,True,False,False,True,Di Luar Area Pantauan (>1000m dari Desa)
Tayan Hulu,Peruan Dalam,"Jumat, 09 Oktober 2026 13:12:00",NASA-NOAA20,Medium,110.18618,0.28395,False,False,False,False,False,False,Di Luar Area Pantauan (>1000m dari Desa)
Matan Hilir Utara,Kuala Satong,"Jumat, 09 Oktober 2026 13:12:00",NASA-NOAA20,Medium,110.08259,-1.38844,False,False,False,False,False,False,Di Luar Area Pantauan (>1000m dari Desa)
Belitang Hilir,Sungaiayak Satu,"Jumat, 09 Oktober 2026 13:12:00",NASA-NOAA20,Medium,111.05721,0.04346,False,False,False,False,False,False,Di Luar Area Pantauan (>1000m dari Desa)
Sandai,Pendamaran Indah,"Jumat, 09 Oktober 2026 13:12:00",NASA-NOAA20,Medium,110.63915,-1.06568,False,False,False,False,False,False,Di Luar Area Pantauan (>1000m dari Desa)
Sandai,Merimbang Jaya,"Jumat, 09 Oktober 2026 13:12:00",NASA-NOAA20,Medium,110.54999,-1.10992,False,False,False,False,False,False,Di Luar Area Pantauan (>1000m dari Desa)
Sandai,Alam Pakuan,"Jumat, 09 Oktober 2026 13:12:00",NASA-NOAA20,Medium,110.56635,-1.1244,False,False,False,False,False,False,Di Luar Area Pantauan (>1000m dari Desa)
Sekadau Hilir,Landau Kodah,"Jumat, 09 Oktober 2026 13:12:00",NASA-NOAA20,Medium,110.89581,0.14469,False,False,False,False,False,False,Di Luar Area Pantauan (>1000m dari Desa)
Sungai Ambawang,Teluk Bakung,"Jumat, 09 Oktober 2026 13:12:00",NASA-NOAA20,Medium,109.77885,0.02166,False,False,False,False,False,False,Di Luar Area Pantauan (>1000m dari Desa)
Sandai,Randau Jungkal,"Jumat, 09 Oktober 2026 13:12:00",NASA-NOAA20,Medium,110.70962,-1.19403,False,False,False,False,False,False,Di Luar Area Pantauan (>1000m dari Desa)
Sandai,Sandai Kiri,"Jumat, 09 Oktober 2026 13:12:00",NASA-NOAA20,Medium,110.49213,-1.23409,False,False,False,False,False,False,Di Luar Area Pantauan (>1000m dari Desa)
Hulu Sungai,Menyumbung,"Jumat, 09 Oktober 2026 13:12:00",NASA-NOAA20,Medium,110.79546,-1.03826,False,False,False,False,False,False,Di Luar Area Pantauan (>1000m dari Desa)
Ketungau Hulu,Sekaih,"Jumat, 09 Oktober 2026 13:14:00",NASA-NOAA20,Medium,111.21317,0.88363,False,False,False,False,False,False,Di Luar Area Pantauan (>1000m dari Desa)
Ketungau Hulu,Sekaih,"Jumat, 09 Oktober 2026 13:14:00",NASA-NOAA20,Medium,111.21265,0.88704,False,False,False,False,False,False,Di Luar Area Pantauan (>1000m dari Desa)
Sekayam,Sangai Tekam,"Jumat, 09 Oktober 2026 13:14:00",NASA-NOAA20,Medium,110.76569,0.88837,False,False,False,False,False,False,Di Luar Area Pantauan (>1000m dari Desa)
Mempawah Hulu,Caokng,"Jumat, 09 Oktober 2026 13:14:00",NASA-NOAA20,Medium,109.26614,0.69322,False,False,False,False,False,False,Di Luar Area Pantauan (>1000m dari Desa)
Samalantan,Pasti Jaya,"Jumat, 09 Oktober 2026 13:14:00",NASA-NOAA20,Medium,109.28398,0.77761,False,False,False,False,False,False,Di Luar Area Pantauan (>1000m dari Desa)
Jangkang,Pisang,"Jumat, 09 Oktober 2026 13:14:00",NASA-NOAA20,Medium,110.88259,0.74604,False,False,False,False,False,False,Di Luar Area Pantauan (>1000m dari Desa)
Ketungau Hulu,Sekaih,"Jumat, 09 Oktober 2026 13:14:00",NASA-NOAA20,Medium,111.22417,0.88529,False,False,False,False,False,False,Di Luar Area Pantauan (>1000m dari Desa)
Ketungau Hulu,Sepiluk,"Jumat, 09 Oktober 2026 13:14:00",NASA-NOAA20,Medium,110.89291,0.77518,False,False,False,False,False,False,Di Luar Area Pantauan (>1000m dari Desa)
Ketungau Hulu,Sekaih,"Jumat, 09 Oktober 2026 13:14:00",NASA-NOAA20,Medium,111.22462,0.88491,False,False,False,False,False,False,Di Luar Area Pantauan (>1000m dari Desa)
Ketungau Hulu,Sekaih,"Jumat, 09 Oktober 2026 13:14:00",NASA-NOAA20,Medium,111.21364,0.88322,False,False,False,False,False,False,Di Luar Area Pantauan (>1000m dari Desa)
Ketungau Hulu,Sekaih,"Jumat, 09 Oktober 2026 13:14:00",NASA-NOAA20,Medium,111.22147,0.88094,False,False,False,False,False,False,Di Luar Area Pantauan (>1000m dari Desa)
Ketungau Hulu,Sekaih,"Jumat, 09 Oktober 2026 13:14:00",NASA-NOAA20,Medium,111.22096,0.88435,False,False,False,False,False,False,Di Luar Area Pantauan (>1000m dari Desa)
Samalantan,Pasti Jaya,"Jumat, 09 Oktober 2026 13:14:00",NASA-NOAA20,Medium,109.31252,0.81615,False,False,False,False,False,False,Di Luar Area Pantauan (>1000m dari Desa)
Ketungau Hulu,Nanga Bugau,"Jumat, 09 Oktober 2026 13:14:00",NASA-NOAA20,Medium,111.14054,0.74936,False,False,False,False,False,False,Di Luar Area Pantauan (>1000m dari Desa)
Ketungau Hulu,Sekaih,"Jumat, 09 Oktober 2026 13:14:00",NASA-NOAA20,Medium,111.2205,0.88473,False,False,False,False,False,False,Di Luar Area Pantauan (>1000m dari Desa)
Tanah Pinoh Barat,Pelita Jaya,"Sabtu, 10 Oktober 2026 00:13:00",NASA-NOAA20,Medium,111.54658,-0.72325,False,False,False,False,False,False,Di Luar Area Pantauan (>1000m dari Desa)
Kendawangan,Airhitam Hulu,"Sabtu, 10 Oktober 2026 00:13:00",NASA-NOAA20,Medium,110.68875,-2.62538,False,False,False,False,False,False,Di Luar Area Pantauan (>1000m dari Desa)
Kendawangan,Air Hitam Besar,"Sabtu, 10 Oktober 2026 00:13:00",NASA-NOAA20,Medium,110.72983,-2.782,False,False,False,False,False,False,Di Luar Area Pantauan (>1000m dari Desa)
Kendawangan,Air Hitam Besar,"Sabtu, 10 Oktober 2026 00:13:00",NASA-NOAA20,Medium,110.7286,-2.78892,False,False,False,False,False,False,Di Luar Area Pantauan (>1000m dari Desa)
Kendawangan,Air Hitam Besar,"Sabtu, 10 Oktober 2026 00:13:00",NASA-NOAA20,Medium,110.72078,-2.7947,False,False,False,False,False,False,Di Luar Area Pantauan (>1000m dari Desa)
Kendawangan,Air Hitam Besar,"Sabtu, 10 Oktober 2026 00:13:00",NASA-NOAA20,Medium,110.69337,-2.7971,False,False,False,False,False,False,Di Luar Area Pantauan (>1000m dari Desa)
Kendawangan,Natai Kuini,"Sabtu, 10 Oktober 2026 00:13:00",NASA-NOAA20,Medium,110.72729,-2.94477,False,False,False,False,False,False,Di Luar Area Pantauan (>1000m dari Desa)
Kendawangan,Airhitam Hulu,"Sabtu, 10 Oktober 2026 00:13:00",NASA-NOAA20,Medium,110.68951,-2.61974,False,False,False,False,False,False,Di Luar Area Pantauan (>1000m dari Desa)
Kendawangan,Air Hitam Besar,"Sabtu, 10 Oktober 2026 00:13:00",NASA-NOAA20,Medium,110.69222,-2.80406,False,False,False,True,False,True,Di Luar Area Pantauan (>1000m dari Desa)
Kendawangan,Air Hitam Besar,"Sabtu, 10 Oktober 2026 00:13:00",NASA-NOAA20,Medium,110.69868,-2.80517,False,False,False,True,False,True,Di Luar Area Pantauan (>1000m dari Desa)
Kendawangan,Air Hitam Besar,"Sabtu, 10 Oktober 2026 00:13:00",NASA-NOAA20,Medium,110.73003,-2.81771,False,False,False,True,False,True,Di Luar Area Pantauan (>1000m dari Desa)
Kendawangan,Natai Kuini,"Sabtu, 10 Oktober 2026 00:13:00",NASA-NOAA20,Medium,110.72542,-2.94406,False,False,False,False,False,False,Di Luar Area Pantauan (>1000m dari Desa)
Kendawangan,Air Hitam Besar,"Sabtu, 10 Oktober 2026 00:13:00",NASA-NOAA20,Medium,110.73908,-2.80501,False,False,False,False,False,False,Di Luar Area Pantauan (>1000m dari Desa)
Kendawangan,Airhitam Hulu,"Sabtu, 10 Oktober 2026 00:13:00",NASA-NOAA20,Medium,110.68829,-2.6267,False,False,False,False,False,False,Di Luar Area Pantauan (>1000m dari Desa)
Kendawangan,Air Hitam Besar,"Sabtu, 10 Oktober 2026 00:13:00",NASA-NOAA20,Medium,110.73466,-2.78344,False,False,False,False,False,False,Di Luar Area Pantauan (>1000m dari Desa)
Kendawangan,Air Hitam Besar,"Sabtu, 10 Oktober 2026 00:13:00",NASA-NOAA20,Medium,110.71372,-2.78708,False,False,False,False,False,False,Di Luar Area Pantauan (>1000m dari Desa)
Kendawangan,Air Hitam Besar,"Sabtu, 10 Oktober 2026 00:13:00",NASA-NOAA20,Medium,110.72022,-2.78816,False,False,False,False,False,False,Di Luar Area Pantauan (>1000m dari Desa)
Kendawangan,Air Hitam Besar,"Sabtu, 10 Oktober 2026 00:13:00",NASA-NOAA20,Medium,110.72807,-2.78234,False,False,False,False,False,False,Di Luar Area Pantauan (>1000m dari Desa)
Jelai Hulu,Air Dua,"Sabtu, 10 Oktober 2026 00:13:00",NASA-NOAA20,Medium,110.7991,-1.92232,False,False,False,False,False,False,Di Luar Area Pantauan (>1000m dari Desa)
Jelai Hulu,Air Dua,"Sabtu, 10 Oktober 2026 00:13:00",NASA-NOAA20,Medium,110.80083,-1.91697,False,False,False,False,False,False,Di Luar Area Pantauan (>1000m dari Desa)
Kendawangan,Airhitam Hulu,"Sabtu, 10 Oktober 2026 00:13:00",NASA-NOAA20,Medium,110.68218,-2.62422,False,False,False,False,False,False,Di Luar Area Pantauan (>1000m dari Desa)
Kendawangan,Air Hitam Besar,"Sabtu, 10 Oktober 2026 00:13:00",NASA-NOAA20,Medium,110.7268,-2.78926,False,False,False,False,False,False,Di Luar Area Pantauan (>1000m dari Desa)
Kendawangan,Airhitam Hulu,"Sabtu, 10 Oktober 2026 00:13:00",NASA-NOAA20,Medium,110.68171,-2.62558,False,False,False,False,False,False,Di Luar Area Pantauan (>1000m dari Desa)
Kendawangan,Natai Kuini,"Sabtu, 10 Oktober 2026 00:13:00",NASA-NOAA20,Medium,110.73828,-2.94635,False,False,False,False,False,False,Di Luar Area Pantauan (>1000m dari Desa)
Kendawangan,Air Hitam Besar,"Sabtu, 10 Oktober 2026 00:13:00",NASA-NOAA20,Medium,110.73515,-2.79006,False,False,False,True,False,True,Di Luar Area Pantauan (>1000m dari Desa)
Kendawangan,Natai Kuini,"Sabtu, 10 Oktober 2026 00:13:00",NASA-NOAA20,Medium,110.73373,-2.94587,False,False,False,False,False,False,Di Luar Area Pantauan (>1000m dari Desa)
Kendawangan,Natai Kuini,"Sabtu, 10 Oktober 2026 00:13:00",NASA-NOAA20,Medium,110.73186,-2.94521,False,False,False,False,False,False,Di Luar Area Pantauan (>1000m dari Desa)
Kendawangan,Natai Kuini,"Sabtu, 10 Oktober 2026 00:13:00",NASA-NOAA20,Medium,110.74018,-2.94697,False,False,False,False,False,False,Di Luar Area Pantauan (>1000m dari Desa)
Kendawangan,Air Hitam Besar,"Sabtu, 10 Oktober 2026 00:13:00",NASA-NOAA20,Medium,110.70516,-2.80629,False,False,False,True,False,True,Di Luar Area Pantauan (>1000m dari Desa)
Kendawangan,Air Hitam Besar,"Sabtu, 10 Oktober 2026 00:13:00",NASA-NOAA20,Medium,110.69987,-2.79823,False,False,False,False,False,False,Di Luar Area Pantauan (>1000m dari Desa)
Kendawangan,Air Hitam Besar,"Sabtu, 10 Oktober 2026 00:13:00",NASA-NOAA20,Medium,110.73262,-2.80389,False,False,False,False,False,False,Di Luar Area Pantauan (>1000m dari Desa)
Kendawangan,Air Hitam Besar,"Sabtu, 10 Oktober 2026 00:13:00",NASA-NOAA20,Medium,110.73338,-2.79036,False,False,False,True,False,True,Di Luar Area Pantauan (>1000m dari Desa)
Manis Mata,Ratu Elok,"Sabtu, 10 Oktober 2026 00:13:00",NASA-NOAA20,Medium,111.0192,-2.52705,False,False,False,False,False,False,Di Luar Area Pantauan (>1000m dari Desa)
Paloh,Temajuk,"Sabtu, 10 Oktober 2026 01:51:00",NASA-NOAA20,Medium,109.46816,1.93382,False,False,True,False,False,True,Di Luar Area Pantauan (>1000m dari Desa)
Matan Hilir Selatan,Sungai Nanjung,"Sabtu, 10 Oktober 2026 01:53:00",NASA-NOAA20,Medium,110.18892,-2.13781,False,False,True,True,False,True,Di Luar Area Pantauan (>1000m dari Desa)
Kendawangan,Air Hitam Besar,"Sabtu, 10 Oktober 2026 01:53:00",NASA-NOAA20,Medium,110.71849,-2.83988,False,False,False,False,False,False,Di Luar Area Pantauan (>1000m dari Desa)
Kendawangan,Natai Kuini,"Sabtu, 10 Oktober 2026 01:53:00",NASA-NOAA20,Medium,110.74515,-2.84396,False,False,False,True,False,True,Di Luar Area Pantauan (>1000m dari Desa)
Kendawangan,Natai Kuini,"Sabtu, 10 Oktober 2026 01:53:00",NASA-NOAA20,Medium,110.73796,-2.85607,False,False,False,False,False,False,Di Luar Area Pantauan (>1000m dari Desa)
Kendawangan,Natai Kuini,"Sabtu, 10 Oktober 2026 01:53:00",NASA-NOAA20,Medium,110.79351,-2.85138,False,False,False,False,False,False,Di Luar Area Pantauan (>1000m dari Desa)
Kendawangan,Air Hitam Besar,"Sabtu, 10 Oktober 2026 01:53:00",NASA-NOAA20,Medium,110.73292,-2.8157,False,False,False,True,False,True,Di Luar Area Pantauan (>1000m dari Desa)
Kendawangan,Air Hitam Besar,"Sabtu, 10 Oktober 2026 01:53:00",NASA-NOAA20,Medium,110.71077,-2.81893,False,False,False,False,False,False,Di Luar Area Pantauan (>1000m dari Desa)
Kendawangan,Natai Kuini,"Sabtu, 10 Oktober 2026 01:53:00",NASA-NOAA20,Medium,110.7505,-2.84479,False,False,False,False,False,False,Di Luar Area Pantauan (>1000m dari Desa)
Kendawangan,Natai Kuini,"Sabtu, 10 Oktober 2026 01:53:00",NASA-NOAA20,Medium,110.74075,-2.83669,False,False,False,True,False,True,Di Luar Area Pantauan (>1000m dari Desa)
Kendawangan,Air Hitam Besar,"Sabtu, 10 Oktober 2026 01:53:00",NASA-NOAA20,Medium,110.72758,-2.81489,False,False,False,False,False,False,Di Luar Area Pantauan (>1000m dari Desa)
Kendawangan,Airhitam Hulu,"Sabtu, 10 Oktober 2026 01:53:00",NASA-NOAA20,Medium,110.68648,-2.62876,False,False,False,False,False,False,Di Luar Area Pantauan (>1000m dari Desa)
Kendawangan,Air Hitam Besar,"Sabtu, 10 Oktober 2026 01:53:00",NASA-NOAA20,Medium,110.74008,-2.80359,False,False,False,False,False,False,Di Luar Area Pantauan (>1000m dari Desa)
Kendawangan,Air Hitam Besar,"Sabtu, 10 Oktober 2026 01:53:00",NASA-NOAA20,Medium,110.69671,-2.80363,False,False,False,True,False,True,Di Luar Area Pantauan (>1000m dari Desa)
Kendawangan,Air Hitam Besar,"Sabtu, 10 Oktober 2026 01:53:00",NASA-NOAA20,Medium,110.73386,-2.80925,False,False,False,False,False,False,Di Luar Area Pantauan (>1000m dari Desa)
Kendawangan,Pembedilan,"Sabtu, 10 Oktober 2026 01:53:00",NASA-NOAA20,Medium,110.44631,-2.73982,False,False,False,False,True,True,Di Luar Area Pantauan (>1000m dari Desa)
Kendawangan,Natai Kuini,"Sabtu, 10 Oktober 2026 01:53:00",NASA-NOAA20,Medium,110.79798,-2.85869,False,False,False,False,False,False,Di Luar Area Pantauan (>1000m dari Desa)
Kendawangan,Air Hitam Besar,"Sabtu, 10 Oktober 2026 01:53:00",NASA-NOAA20,Medium,110.71693,-2.81328,False,False,False,False,False,False,Di Luar Area Pantauan (>1000m dari Desa)
Kendawangan,Air Hitam Besar,"Sabtu, 10 Oktober 2026 01:53:00",NASA-NOAA20,Medium,110.7064,-2.81168,False,False,False,True,False,True,Di Luar Area Pantauan (>1000m dari Desa)
Kendawangan,Air Hitam Besar,"Sabtu, 10 Oktober 2026 01:53:00",NASA-NOAA20,Medium,110.7011,-2.81088,False,False,False,True,False,True,Di Luar Area Pantauan (>1000m dari Desa)
Kendawangan,Air Hitam Besar,"Sabtu, 10 Oktober 2026 01:53:00",NASA-NOAA20,Medium,110.70355,-2.81236,False,False,False,True,False,True,Di Luar Area Pantauan (>1000m dari Desa)
Kendawangan,Air Hitam Besar,"Sabtu, 10 Oktober 2026 01:53:00",NASA-NOAA20,Medium,110.70885,-2.81313,False,False,False,True,False,True,Di Luar Area Pantauan (>1000m dari Desa)
Kendawangan,Natai Kuini,"Sabtu, 10 Oktober 2026 01:53:00",NASA-NOAA20,Medium,110.78719,-2.85703,False,False,False,False,False,False,Di Luar Area Pantauan (>1000m dari Desa)
Kendawangan,Air Hitam Besar,"Sabtu, 10 Oktober 2026 01:53:00",NASA-NOAA20,Medium,110.70699,-2.8447,False,False,False,True,False,True,Di Luar Area Pantauan (>1000m dari Desa)
Kendawangan,Air Hitam Besar,"Sabtu, 10 Oktober 2026 01:53:00",NASA-NOAA20,Medium,110.73921,-2.81006,False,False,False,True,False,True,Di Luar Area Pantauan (>1000m dari Desa)
Kendawangan,Natai Kuini,"Sabtu, 10 Oktober 2026 01:53:00",NASA-NOAA20,Medium,110.73602,-2.85003,False,False,False,True,False,True,Di Luar Area Pantauan (>1000m dari Desa)
Kendawangan,Natai Kuini,"Sabtu, 10 Oktober 2026 01:53:00",NASA-NOAA20,Medium,110.7414,-2.85082,False,False,False,False,False,False,Di Luar Area Pantauan (>1000m dari Desa)
Kendawangan,Natai Kuini,"Sabtu, 10 Oktober 2026 01:53:00",NASA-NOAA20,Medium,110.76386,-2.86667,False,False,False,True,False,True,Di Luar Area Pantauan (>1000m dari Desa)
Kendawangan,Natai Kuini,"Sabtu, 10 Oktober 2026 01:53:00",NASA-NOAA20,Medium,110.79613,-2.85223,False,False,False,False,False,False,Di Luar Area Pantauan (>1000m dari Desa)
Kendawangan,Natai Kuini,"Sabtu, 10 Oktober 2026 01:53:00",NASA-NOAA20,Medium,110.72533,-2.84847,False,False,False,True,False,True,Di Luar Area Pantauan (>1000m dari Desa)
Kendawangan,Natai Kuini,"Sabtu, 10 Oktober 2026 01:53:00",NASA-NOAA20,Medium,110.73641,-2.94946,False,False,False,False,False,False,Di Luar Area Pantauan (>1000m dari Desa)
Kendawangan,Natai Kuini,"Sabtu, 10 Oktober 2026 01:53:00",NASA-NOAA20,Medium,110.72715,-2.94772,False,False,False,False,False,False,Di Luar Area Pantauan (>1000m dari Desa)
Kendawangan,Natai Kuini,"Sabtu, 10 Oktober 2026 01:53:00",NASA-NOAA20,Medium,110.76101,-2.86692,False,False,False,True,False,True,Di Luar Area Pantauan (>1000m dari Desa)
Kendawangan,Natai Kuini,"Sabtu, 10 Oktober 2026 01:53:00",NASA-NOAA20,Medium,110.7898,-2.85792,False,False,False,False,False,False,Di Luar Area Pantauan (>1000m dari Desa)
Kendawangan,Natai Kuini,"Sabtu, 10 Oktober 2026 01:53:00",NASA-NOAA20,Medium,110.79519,-2.85871,False,False,False,False,False,False,Di Luar Area Pantauan (>1000m dari Desa)
Kendawangan,Natai Kuini,"Sabtu, 10 Oktober 2026 01:53:00",NASA-NOAA20,Medium,110.76638,-2.86771,False,False,False,True,False,True,Di Luar Area Pantauan (>1000m dari Desa)
Kendawangan,Natai Kuini,"Sabtu, 10 Oktober 2026 01:53:00",NASA-NOAA20,Medium,110.72565,-2.94789,False,False,False,False,False,False,Di Luar Area Pantauan (>1000m dari Desa)
Kendawangan,Natai Kuini,"Sabtu, 10 Oktober 2026 01:53:00",NASA-NOAA20,Medium,110.73736,-2.94299,False,False,False,False,False,False,Di Luar Area Pantauan (>1000m dari Desa)
Kendawangan,Natai Kuini,"Sabtu, 10 Oktober 2026 01:53:00",NASA-NOAA20,Medium,110.73509,-2.85649,False,False,False,False,False,False,Di Luar Area Pantauan (>1000m dari Desa)
Kendawangan,Air Hitam Besar,"Sabtu, 10 Oktober 2026 01:53:00",NASA-NOAA20,Medium,110.73015,-2.81621,False,False,False,True,False,True,Di Luar Area Pantauan (>1000m dari Desa)
Kendawangan,Natai Kuini,"Sabtu, 10 Oktober 2026 01:53:00",NASA-NOAA20,Medium,110.75307,-2.84593,False,False,False,False,False,False,Di Luar Area Pantauan (>1000m dari Desa)
Kendawangan,Natai Kuini,"Sabtu, 10 Oktober 2026 01:53:00",NASA-NOAA20,Medium,110.74329,-2.8379,False,False,False,False,False,False,Di Luar Area Pantauan (>1000m dari Desa)
Kendawangan,Air Hitam Besar,"Sabtu, 10 Oktober 2026 01:53:00",NASA-NOAA20,Medium,110.72093,-2.84123,False,False,False,False,False,False,Di Luar Area Pantauan (>1000m dari Desa)
Kendawangan,Natai Kuini,"Sabtu, 10 Oktober 2026 01:53:00",NASA-NOAA20,Medium,110.74424,-2.85043,False,False,False,False,False,False,Di Luar Area Pantauan (>1000m dari Desa)
Kendawangan,Natai Kuini,"Sabtu, 10 Oktober 2026 01:53:00",NASA-NOAA20,Medium,110.77637,-2.85537,False,False,False,False,False,False,Di Luar Area Pantauan (>1000m dari Desa)
Kendawangan,Air Hitam Besar,"Sabtu, 10 Oktober 2026 01:53:00",NASA-NOAA20,Medium,110.72289,-2.84715,False,False,False,False,False,False,Di Luar Area Pantauan (>1000m dari Desa)
Kendawangan,Air Hitam Besar,"Sabtu, 10 Oktober 2026 01:53:00",NASA-NOAA20,Medium,110.71758,-2.84633,False,False,False,False,False,False,Di Luar Area Pantauan (>1000m dari Desa)
Kendawangan,Air Hitam Besar,"Sabtu, 10 Oktober 2026 01:53:00",NASA-NOAA20,Medium,110.71228,-2.84552,False,False,False,False,False,False,Di Luar Area Pantauan (>1000m dari Desa)
Kendawangan,Air Hitam Besar,"Sabtu, 10 Oktober 2026 01:53:00",NASA-NOAA20,Medium,110.71946,-2.81466,False,False,False,False,False,False,Di Luar Area Pantauan (>1000m dari Desa)
Kendawangan,Air Hitam Besar,"Sabtu, 10 Oktober 2026 01:53:00",NASA-NOAA20,Medium,110.73553,-2.81699,False,False,False,True,False,True,Di Luar Area Pantauan (>1000m dari Desa)
Kendawangan,Natai Kuini,"Sabtu, 10 Oktober 2026 01:53:00",NASA-NOAA20,Medium,110.7585,-2.86584,False,False,False,True,False,True,Di Luar Area Pantauan (>1000m dari Desa)
Kendawangan,Air Hitam Besar,"Sabtu, 10 Oktober 2026 01:53:00",NASA-NOAA20,Medium,110.71415,-2.81389,False,False,False,False,False,False,Di Luar Area Pantauan (>1000m dari Desa)
Kendawangan,Air Hitam Besar,"Sabtu, 10 Oktober 2026 01:53:00",NASA-NOAA20,Medium,110.71999,-2.84768,False,False,False,False,False,False,Di Luar Area Pantauan (>1000m dari Desa)
Kendawangan,Natai Kuini,"Sabtu, 10 Oktober 2026 01:53:00",NASA-NOAA20,Medium,110.78439,-2.85713,False,False,False,False,False,False,Di Luar Area Pantauan (>1000m dari Desa)
Kendawangan,Air Hitam Besar,"Sabtu, 10 Oktober 2026 01:53:00",NASA-NOAA20,Medium,110.70936,-2.84612,False,False,False,True,False,True,Di Luar Area Pantauan (>1000m dari Desa)
Kendawangan,Natai Kuini,"Sabtu, 10 Oktober 2026 01:53:00",NASA-NOAA20,Medium,110.77897,-2.85633,False,False,False,False,False,False,Di Luar Area Pantauan (>1000m dari Desa)
Kendawangan,Natai Kuini,"Sabtu, 10 Oktober 2026 01:53:00",NASA-NOAA20,Medium,110.7477,-2.84514,False,False,False,False,False,False,Di Luar Area Pantauan (>1000m dari Desa)
Kendawangan,Air Hitam Besar,"Sabtu, 10 Oktober 2026 01:53:00",NASA-NOAA20,Medium,110.73846,-2.77697,False,False,False,True,False,True,Di Luar Area Pantauan (>1000m dari Desa)
Kendawangan,Air Hitam Besar,"Sabtu, 10 Oktober 2026 01:53:00",NASA-NOAA20,Medium,110.73322,-2.77619,False,False,False,False,False,False,Di Luar Area Pantauan (>1000m dari Desa)
Kendawangan,Airhitam Hulu,"Sabtu, 10 Oktober 2026 01:53:00",NASA-NOAA20,Medium,110.69276,-2.62317,False,False,False,False,False,False,Di Luar Area Pantauan (>1000m dari Desa)
Kendawangan,Air Hitam Besar,"Sabtu, 10 Oktober 2026 01:53:00",NASA-NOAA20,Medium,110.71166,-2.81248,False,False,False,False,False,False,Di Luar Area Pantauan (>1000m dari Desa)
Matan Hilir Selatan,Sungai Nanjung,"Sabtu, 10 Oktober 2026 01:53:00",NASA-NOAA20,Medium,110.1882,-2.13705,False,False,True,True,False,True,Di Luar Area Pantauan (>1000m dari Desa)
Manis Mata,Jambi,"Sabtu, 10 Oktober 2026 01:53:00",NASA-NOAA20,Medium,111.00642,-2.68417,False,False,False,False,False,False,Di Luar Area Pantauan (>1000m dari Desa)
Kendawangan,Airhitam Hulu,"Sabtu, 10 Oktober 2026 01:53:00",NASA-NOAA20,Medium,110.68745,-2.62235,False,False,False,False,False,False,Di Luar Area Pantauan (>1000m dari Desa)
Kendawangan,Natai Kuini,"Sabtu, 10 Oktober 2026 01:53:00",NASA-NOAA20,Medium,110.79259,-2.85786,False,False,False,False,False,False,Di Luar Area Pantauan (>1000m dari Desa)
Kendawangan,Natai Kuini,"Sabtu, 10 Oktober 2026 01:53:00",NASA-NOAA20,Medium,110.7818,-2.8562,False,False,False,False,False,False,Di Luar Area Pantauan (>1000m dari Desa)
Air Upas,Harapan Baru,"Sabtu, 10 Oktober 2026 01:53:00",NASA-NOAA20,Medium,110.86939,-2.23905,False,False,False,False,False,False,Di Luar Area Pantauan (>1000m dari Desa)
Kendawangan,Air Hitam Besar,"Sabtu, 10 Oktober 2026 01:53:00",NASA-NOAA20,Medium,110.73032,-2.79553,False,False,False,False,False,False,Di Luar Area Pantauan (>1000m dari Desa)
Kendawangan,Air Hitam Besar,"Sabtu, 10 Oktober 2026 01:53:00",NASA-NOAA20,Medium,110.72507,-2.79474,False,False,False,False,False,False,Di Luar Area Pantauan (>1000m dari Desa)
Kendawangan,Air Hitam Besar,"Sabtu, 10 Oktober 2026 01:53:00",NASA-NOAA20,Medium,110.71982,-2.79395,False,False,False,False,False,False,Di Luar Area Pantauan (>1000m dari Desa)
Kendawangan,Air Hitam Besar,"Sabtu, 10 Oktober 2026 01:53:00",NASA-NOAA20,Medium,110.73227,-2.78264,False,False,False,True,False,True,Di Luar Area Pantauan (>1000m dari Desa)
Air Upas,Harapan Baru,"Sabtu, 10 Oktober 2026 01:53:00",NASA-NOAA20,Medium,110.86961,-2.23815,False,False,False,False,False,False,Di Luar Area Pantauan (>1000m dari Desa)
Manis Mata,Ratu Elok,"Sabtu, 10 Oktober 2026 01:53:00",NASA-NOAA20,Medium,111.02248,-2.52773,False,False,False,False,False,False,Di Luar Area Pantauan (>1000m dari Desa)
Kendawangan,Airhitam Hulu,"Sabtu, 10 Oktober 2026 01:53:00",NASA-NOAA20,Medium,110.68441,-2.62345,False,False,False,False,False,False,Di Luar Area Pantauan (>1000m dari Desa)
Kendawangan,Airhitam Hulu,"Sabtu, 10 Oktober 2026 01:53:00",NASA-NOAA20,Medium,110.68968,-2.62423,False,False,False,False,False,False,Di Luar Area Pantauan (>1000m dari Desa)
Kendawangan,Airhitam Hulu,"Sabtu, 10 Oktober 2026 01:53:00",NASA-NOAA20,Medium,110.57,-2.62378,False,False,False,False,False,False,Di Luar Area Pantauan (>1000m dari Desa)
Kendawangan,Natai Kuini,"Sabtu, 10 Oktober 2026 01:53:00",NASA-NOAA20,Medium,110.73883,-2.9429,False,False,False,False,False,False,Di Luar Area Pantauan (>1000m dari Desa)
Kendawangan,Natai Kuini,"Sabtu, 10 Oktober 2026 01:53:00",NASA-NOAA20,Medium,110.73789,-2.94936,False,False,False,False,False,False,Di Luar Area Pantauan (>1000m dari Desa)
Kendawangan,Natai Kuini,"Sabtu, 10 Oktober 2026 01:53:00",NASA-NOAA20,Medium,110.73345,-2.94208,False,False,False,False,False,False,Di Luar Area Pantauan (>1000m dari Desa)
Kendawangan,Natai Kuini,"Sabtu, 10 Oktober 2026 01:53:00",NASA-NOAA20,Medium,110.73252,-2.94854,False,False,False,False,False,False,Di Luar Area Pantauan (>1000m dari Desa)
Kendawangan,Natai Kuini,"Sabtu, 10 Oktober 2026 01:53:00",NASA-NOAA20,Medium,110.73102,-2.94868,False,False,False,False,False,False,Di Luar Area Pantauan (>1000m dari Desa)
Kendawangan,Natai Kuini,"Sabtu, 10 Oktober 2026 01:53:00",NASA-NOAA20,Medium,110.73889,-2.84961,False,False,False,True,False,True,Di Luar Area Pantauan (>1000m dari Desa)
Kendawangan,Natai Kuini,"Sabtu, 10 Oktober 2026 01:53:00",NASA-NOAA20,Medium,110.74234,-2.84436,False,False,False,True,False,True,Di Luar Area Pantauan (>1000m dari Desa)
Kendawangan,Air Hitam Besar,"Sabtu, 10 Oktober 2026 01:53:00",NASA-NOAA20,Medium,110.70205,-2.80444,False,False,False,True,False,True,Di Luar Area Pantauan (>1000m dari Desa)
Kendawangan,Air Hitam Besar,"Sabtu, 10 Oktober 2026 01:53:00",NASA-NOAA20,Medium,110.70738,-2.80524,False,False,False,False,False,False,Di Luar Area Pantauan (>1000m dari Desa)
Kendawangan,Air Hitam Besar,"Sabtu, 10 Oktober 2026 01:53:00",NASA-NOAA20,Medium,110.73474,-2.80279,False,False,False,False,False,False,Di Luar Area Pantauan (>1000m dari Desa)
Kendawangan,Air Hitam Besar,"Sabtu, 10 Oktober 2026 01:53:00",NASA-NOAA20,Medium,110.67799,-2.87439,False,False,False,False,False,False,Di Luar Area Pantauan (>1000m dari Desa)
Kendawangan,Airhitam Hulu,"Sabtu, 10 Oktober 2026 01:53:00",NASA-NOAA20,Medium,110.68124,-2.62795,False,False,False,False,False,False,Di Luar Area Pantauan (>1000m dari Desa)
Kendawangan,Airhitam Hulu,"Sabtu, 10 Oktober 2026 01:53:00",NASA-NOAA20,Medium,110.68343,-2.62986,False,False,False,False,False,False,Di Luar Area Pantauan (>1000m dari Desa)
Kendawangan,Air Hitam Besar,"Sabtu, 10 Oktober 2026 01:53:00",NASA-NOAA20,Medium,110.71451,-2.79315,False,False,False,False,False,False,Di Luar Area Pantauan (>1000m dari Desa)
Kendawangan,Air Hitam Besar,"Sabtu, 10 Oktober 2026 01:53:00",NASA-NOAA20,Medium,110.73131,-2.78908,False,False,False,True,False,True,Di Luar Area Pantauan (>1000m dari Desa)
Kendawangan,Air Hitam Besar,"Sabtu, 10 Oktober 2026 01:53:00",NASA-NOAA20,Medium,110.71545,-2.78671,False,False,False,False,False,False,Di Luar Area Pantauan (>1000m dari Desa)
Kendawangan,Air Hitam Besar,"Sabtu, 10 Oktober 2026 01:53:00",NASA-NOAA20,Medium,110.73661,-2.78988,False,False,False,True,False,True,Di Luar Area Pantauan (>1000m dari Desa)
Paloh,Temajuk,"Sabtu, 10 Oktober 2026 01:34:00",NASA-SNPP,Medium,109.46823,1.9302,False,False,True,False,False,True,Di Luar Area Pantauan (>1000m dari Desa)
Paloh,Temajuk,"Sabtu, 10 Oktober 2026 01:34:00",NASA-SNPP,Medium,109.4688,1.93382,False,False,True,False,False,True,Di Luar Area Pantauan (>1000m dari Desa)
Tanah Pinoh Barat,Pelita Jaya,"Sabtu, 10 Oktober 2026 01:34:00",NASA-SNPP,Medium,111.5533,-0.71978,False,False,False,False,False,False,Di Luar Area Pantauan (>1000m dari Desa)
Tanah Pinoh Barat,Pelita Jaya,"Sabtu, 10 Oktober 2026 01:34:00",NASA-SNPP,Medium,111.54933,-0.71914,False,False,False,False,False,False,Di Luar Area Pantauan (>1000m dari Desa)
Tanah Pinoh Barat,Pelita Jaya,"Sabtu, 10 Oktober 2026 01:34:00",NASA-SNPP,Medium,111.55725,-0.72041,False,False,False,False,False,False,Di Luar Area Pantauan (>1000m dari Desa)
Tanah Pinoh Barat,Pelita Jaya,"Sabtu, 10 Oktober 2026 01:34:00",NASA-SNPP,Medium,111.54863,-0.72339,False,False,False,False,False,False,Di Luar Area Pantauan (>1000m dari Desa)
Tanah Pinoh Barat,Pelita Jaya,"Sabtu, 10 Oktober 2026 01:34:00",NASA-SNPP,Medium,111.55257,-0.72403,False,False,False,False,False,False,Di Luar Area Pantauan (>1000m dari Desa)
Tanah Pinoh Barat,Pelita Jaya,"Sabtu, 10 Oktober 2026 01:34:00",NASA-SNPP,Medium,111.55653,-0.72466,False,False,False,False,False,False,Di Luar Area Pantauan (>1000m dari Desa)
Tanah Pinoh Barat,Pelita Jaya,"Sabtu, 10 Oktober 2026 01:34:00",NASA-SNPP,Medium,111.55184,-0.72828,False,False,False,False,False,False,Di Luar Area Pantauan (>1000m dari Desa)
Batu Ampar,Tanjungharapan,"Sabtu, 10 Oktober 2026 01:34:00",NASA-SNPP,Medium,109.54911,-0.85437,True,False,False,False,True,True,Prioritas 1 (Tinggi)
Batu Ampar,Tanjungharapan,"Sabtu, 10 Oktober 2026 01:34:00",NASA-SNPP,Medium,109.54698,-0.85396,True,False,False,True,True,True,Prioritas 1 (Tinggi)
Simpang Hilir,Matan Jaya,"Sabtu, 10 Oktober 2026 01:34:00",NASA-SNPP,Medium,110.07839,-1.11169,False,False,True,False,True,True,Di Luar Area Pantauan (>1000m dari Desa)
Pulau Maya,Kemboja,"Sabtu, 10 Oktober 2026 01:34:00",NASA-SNPP,Medium,109.69994,-1.13235,False,False,False,False,False,False,Di Luar Area Pantauan (>1000m dari Desa)
Simpang Hilir,Lubuk Batu,"Sabtu, 10 Oktober 2026 01:34:00",NASA-SNPP,Medium,110.12456,-0.93505,False,False,False,False,False,False,Di Luar Area Pantauan (>1000m dari Desa)
Matan Hilir Utara,Sungai Putri,"Sabtu, 10 Oktober 2026 01:34:00",NASA-SNPP,Medium,110.09828,-1.57469,False,False,True,True,False,True,Di Luar Area Pantauan (>1000m dari Desa)
Kepulauan Karimata,Betok Jaya,"Sabtu, 10 Oktober 2026 01:34:00",NASA-SNPP,Medium,108.84844,-1.62492,True,False,True,False,True,True,Prioritas 1 (Tinggi)
Pulau Maya,Kemboja,"Sabtu, 10 Oktober 2026 01:34:00",NASA-SNPP,Medium,109.70053,-1.12854,False,False,False,False,False,False,Di Luar Area Pantauan (>1000m dari Desa)
Simpang Hilir,Lubuk Batu,"Sabtu, 10 Oktober 2026 01:34:00",NASA-SNPP,Medium,110.12763,-0.93543,False,False,False,False,False,False,Di Luar Area Pantauan (>1000m dari Desa)
Simpang Hilir,Lubuk Batu,"Sabtu, 10 Oktober 2026 01:34:00",NASA-SNPP,Medium,110.20838,-0.96385,False,False,False,False,False,False,Di Luar Area Pantauan (>1000m dari Desa)
Simpang Hilir,Lubuk Batu,"Sabtu, 10 Oktober 2026 01:34:00",NASA-SNPP,Medium,110.20509,-0.96401,False,False,False,False,False,False,Di Luar Area Pantauan (>1000m dari Desa)
Muara Pawan,Ulak Medang,"Sabtu, 10 Oktober 2026 01:34:00",NASA-SNPP,Medium,110.2531,-1.53034,False,False,True,True,False,True,Di Luar Area Pantauan (>1000m dari Desa)
Muara Pawan,Ulak Medang,"Sabtu, 10 Oktober 2026 01:34:00",NASA-SNPP,Medium,110.25874,-1.52716,False,False,True,True,False,True,Di Luar Area Pantauan (>1000m dari Desa)
Muara Pawan,Ulak Medang,"Sabtu, 10 Oktober 2026 01:34:00",NASA-SNPP,Medium,110.26316,-1.5319,False,False,True,True,False,True,Di Luar Area Pantauan (>1000m dari Desa)
Muara Pawan,Ulak Medang,"Sabtu, 10 Oktober 2026 01:34:00",NASA-SNPP,Medium,110.25813,-1.53112,False,False,True,True,False,True,Di Luar Area Pantauan (>1000m dari Desa)
Muara Pawan,Ulak Medang,"Sabtu, 10 Oktober 2026 01:34:00",NASA-SNPP,Medium,110.26377,-1.52793,False,False,True,True,False,True,Di Luar Area Pantauan (>1000m dari Desa)
Matan Hilir Utara,Tanjung Baik Budi,"Sabtu, 10 Oktober 2026 01:34:00",NASA-SNPP,Medium,110.10685,-1.55193,False,False,True,True,False,True,Di Luar Area Pantauan (>1000m dari Desa)
Muara Pawan,Ulak Medang,"Sabtu, 10 Oktober 2026 01:34:00",NASA-SNPP,Medium,110.22861,-1.52251,False,False,True,True,False,True,Di Luar Area Pantauan (>1000m dari Desa)
Jelai Hulu,Air Dua,"Sabtu, 10 Oktober 2026 01:34:00",NASA-SNPP,Medium,110.80257,-1.92115,False,False,False,False,False,False,Di Luar Area Pantauan (>1000m dari Desa)
Kepulauan Karimata,Betok Jaya,"Sabtu, 10 Oktober 2026 01:34:00",NASA-SNPP,Medium,108.85323,-1.62193,True,False,True,False,True,True,Prioritas 1 (Tinggi)
Kendawangan,Banjar Sari,"Sabtu, 10 Oktober 2026 01:34:00",NASA-SNPP,Medium,110.35077,-2.34925,False,False,False,False,False,False,Di Luar Area Pantauan (>1000m dari Desa)
Kendawangan,Banjar Sari,"Sabtu, 10 Oktober 2026 01:34:00",NASA-SNPP,Medium,110.33614,-2.35109,False,False,False,False,False,False,Di Luar Area Pantauan (>1000m dari Desa)
Kendawangan,Banjar Sari,"Sabtu, 10 Oktober 2026 01:34:00",NASA-SNPP,Medium,110.33964,-2.35163,False,False,False,False,False,False,Di Luar Area Pantauan (>1000m dari Desa)
Kendawangan,Banjar Sari,"Sabtu, 10 Oktober 2026 01:34:00",NASA-SNPP,Medium,110.34665,-2.35273,False,False,False,False,False,False,Di Luar Area Pantauan (>1000m dari Desa)
Kendawangan,Banjar Sari,"Sabtu, 10 Oktober 2026 01:34:00",NASA-SNPP,Medium,110.35014,-2.35328,False,False,False,False,False,False,Di Luar Area Pantauan (>1000m dari Desa)
Kendawangan,Banjar Sari,"Sabtu, 10 Oktober 2026 01:34:00",NASA-SNPP,Medium,110.33674,-2.34705,False,False,False,False,False,False,Di Luar Area Pantauan (>1000m dari Desa)
Kendawangan,Airhitam Hulu,"Sabtu, 10 Oktober 2026 01:34:00",NASA-SNPP,Medium,110.68321,-2.62947,False,False,False,False,False,False,Di Luar Area Pantauan (>1000m dari Desa)
Kendawangan,Airhitam Hulu,"Sabtu, 10 Oktober 2026 01:34:00",NASA-SNPP,Medium,110.69127,-2.62649,False,False,False,False,False,False,Di Luar Area Pantauan (>1000m dari Desa)
Kendawangan,Airhitam Hulu,"Sabtu, 10 Oktober 2026 01:34:00",NASA-SNPP,Medium,110.695,-2.62708,False,False,False,False,False,False,Di Luar Area Pantauan (>1000m dari Desa)
Kendawangan,Airhitam Hulu,"Sabtu, 10 Oktober 2026 01:34:00",NASA-SNPP,Medium,110.68693,-2.63005,False,False,False,False,False,False,Di Luar Area Pantauan (>1000m dari Desa)
Kendawangan,Airhitam Hulu,"Sabtu, 10 Oktober 2026 01:34:00",NASA-SNPP,Medium,110.69064,-2.63063,False,False,False,False,False,False,Di Luar Area Pantauan (>1000m dari Desa)
Kendawangan,Seriam,"Sabtu, 10 Oktober 2026 01:34:00",NASA-SNPP,Medium,110.47742,-2.60974,False,False,False,False,True,True,Di Luar Area Pantauan (>1000m dari Desa)
Kendawangan,Airhitam Hulu,"Sabtu, 10 Oktober 2026 01:34:00",NASA-SNPP,Medium,110.57123,-2.62453,False,False,False,False,False,False,Di Luar Area Pantauan (>1000m dari Desa)
Kendawangan,Airhitam Hulu,"Sabtu, 10 Oktober 2026 01:34:00",NASA-SNPP,Medium,110.69563,-2.62293,False,False,False,False,False,False,Di Luar Area Pantauan (>1000m dari Desa)
Kendawangan,Airhitam Hulu,"Sabtu, 10 Oktober 2026 01:34:00",NASA-SNPP,Medium,110.68755,-2.62591,False,False,False,False,False,False,Di Luar Area Pantauan (>1000m dari Desa)
Kendawangan,Seriam,"Sabtu, 10 Oktober 2026 01:34:00",NASA-SNPP,Medium,110.28638,-2.67543,False,False,False,False,True,True,Di Luar Area Pantauan (>1000m dari Desa)
Kendawangan,Natai Kuini,"Sabtu, 10 Oktober 2026 01:34:00",NASA-SNPP,Medium,110.88483,-2.77778,False,False,False,False,False,False,Di Luar Area Pantauan (>1000m dari Desa)
Kendawangan,Air Hitam Besar,"Sabtu, 10 Oktober 2026 01:34:00",NASA-SNPP,Medium,110.71555,-2.77781,False,False,False,False,False,False,Di Luar Area Pantauan (>1000m dari Desa)
Kendawangan,Air Hitam Besar,"Sabtu, 10 Oktober 2026 01:34:00",NASA-SNPP,Medium,110.73425,-2.78064,False,False,False,False,False,False,Di Luar Area Pantauan (>1000m dari Desa)
Kendawangan,Air Hitam Besar,"Sabtu, 10 Oktober 2026 01:34:00",NASA-SNPP,Medium,110.74173,-2.78177,False,False,False,True,False,True,Di Luar Area Pantauan (>1000m dari Desa)
Kendawangan,Air Hitam Besar,"Sabtu, 10 Oktober 2026 01:34:00",NASA-SNPP,Medium,110.73735,-2.78537,False,False,False,True,False,True,Di Luar Area Pantauan (>1000m dari Desa)
Kendawangan,Pembedilan,"Sabtu, 10 Oktober 2026 01:34:00",NASA-SNPP,Medium,110.44739,-2.74135,False,False,False,False,True,True,Di Luar Area Pantauan (>1000m dari Desa)
Kendawangan,Air Hitam Besar,"Sabtu, 10 Oktober 2026 01:34:00",NASA-SNPP,Medium,110.7417,-2.80735,False,False,False,True,False,True,Di Luar Area Pantauan (>1000m dari Desa)
Kendawangan,Air Hitam Besar,"Sabtu, 10 Oktober 2026 01:34:00",NASA-SNPP,Medium,110.73232,-2.79313,False,False,False,True,False,True,Di Luar Area Pantauan (>1000m dari Desa)
Kendawangan,Air Hitam Besar,"Sabtu, 10 Oktober 2026 01:34:00",NASA-SNPP,Medium,110.73607,-2.7937,False,False,False,True,False,True,Di Luar Area Pantauan (>1000m dari Desa)
Kendawangan,Air Hitam Besar,"Sabtu, 10 Oktober 2026 01:34:00",NASA-SNPP,Medium,110.71364,-2.79028,False,False,False,False,False,False,Di Luar Area Pantauan (>1000m dari Desa)
Kendawangan,Air Hitam Besar,"Sabtu, 10 Oktober 2026 01:34:00",NASA-SNPP,Medium,110.72112,-2.79142,False,False,False,False,False,False,Di Luar Area Pantauan (>1000m dari Desa)
Kendawangan,Air Hitam Besar,"Sabtu, 10 Oktober 2026 01:34:00",NASA-SNPP,Medium,110.72485,-2.79199,False,False,False,False,False,False,Di Luar Area Pantauan (>1000m dari Desa)
Kendawangan,Air Hitam Besar,"Sabtu, 10 Oktober 2026 01:34:00",NASA-SNPP,Medium,110.72421,-2.79615,False,False,False,False,False,False,Di Luar Area Pantauan (>1000m dari Desa)
Kendawangan,Air Hitam Besar,"Sabtu, 10 Oktober 2026 01:34:00",NASA-SNPP,Medium,110.72858,-2.79256,False,False,False,False,False,False,Di Luar Area Pantauan (>1000m dari Desa)
Kendawangan,Air Hitam Besar,"Sabtu, 10 Oktober 2026 01:34:00",NASA-SNPP,Medium,110.71674,-2.79501,False,False,False,False,False,False,Di Luar Area Pantauan (>1000m dari Desa)
Kendawangan,Air Hitam Besar,"Sabtu, 10 Oktober 2026 01:34:00",NASA-SNPP,Medium,110.73544,-2.79786,False,False,False,True,False,True,Di Luar Area Pantauan (>1000m dari Desa)
Manis Mata,Jambi,"Sabtu, 10 Oktober 2026 01:34:00",NASA-SNPP,Medium,111.02351,-2.66541,False,False,False,False,False,False,Di Luar Area Pantauan (>1000m dari Desa)
Kendawangan,Airhitam Hulu,"Sabtu, 10 Oktober 2026 01:34:00",NASA-SNPP,Medium,110.69191,-2.62235,False,False,False,False,False,False,Di Luar Area Pantauan (>1000m dari Desa)
Manis Mata,Jambi,"Sabtu, 10 Oktober 2026 01:34:00",NASA-SNPP,Medium,111.00799,-2.689,False,False,False,False,False,False,Di Luar Area Pantauan (>1000m dari Desa)
Manis Mata,Jambi,"Sabtu, 10 Oktober 2026 01:34:00",NASA-SNPP,Medium,110.96786,-2.69996,False,False,False,False,False,False,Di Luar Area Pantauan (>1000m dari Desa)
Manis Mata,Jambi,"Sabtu, 10 Oktober 2026 01:34:00",NASA-SNPP,Medium,110.96724,-2.70419,False,False,False,False,False,False,Di Luar Area Pantauan (>1000m dari Desa)
Kendawangan,Air Hitam Besar,"Sabtu, 10 Oktober 2026 01:34:00",NASA-SNPP,Medium,110.70739,-2.80635,False,False,False,False,False,False,Di Luar Area Pantauan (>1000m dari Desa)
Kendawangan,Air Hitam Besar,"Sabtu, 10 Oktober 2026 01:34:00",NASA-SNPP,Medium,110.703,-2.80993,False,False,False,True,False,True,Di Luar Area Pantauan (>1000m dari Desa)
Kendawangan,Air Hitam Besar,"Sabtu, 10 Oktober 2026 01:34:00",NASA-SNPP,Medium,110.73798,-2.7812,False,False,False,True,False,True,Di Luar Area Pantauan (>1000m dari Desa)
Kendawangan,Pembedilan,"Sabtu, 10 Oktober 2026 01:34:00",NASA-SNPP,Medium,110.45098,-2.74189,False,False,False,False,True,True,Di Luar Area Pantauan (>1000m dari Desa)
Kendawangan,Pembedilan,"Sabtu, 10 Oktober 2026 01:34:00",NASA-SNPP,Medium,110.46178,-2.74353,False,False,False,False,True,True,Di Luar Area Pantauan (>1000m dari Desa)
Kendawangan,Pembedilan,"Sabtu, 10 Oktober 2026 01:34:00",NASA-SNPP,Medium,110.45036,-2.74598,False,False,False,False,True,True,Di Luar Area Pantauan (>1000m dari Desa)
Kendawangan,Air Hitam Besar,"Sabtu, 10 Oktober 2026 01:34:00",NASA-SNPP,Medium,110.71803,-2.78669,False,False,False,False,False,False,Di Luar Area Pantauan (>1000m dari Desa)
Kendawangan,Pembedilan,"Sabtu, 10 Oktober 2026 01:34:00",NASA-SNPP,Medium,110.46474,-2.74817,False,False,False,False,True,True,Di Luar Area Pantauan (>1000m dari Desa)
Kendawangan,Air Hitam Besar,"Sabtu, 10 Oktober 2026 01:34:00",NASA-SNPP,Medium,110.72177,-2.78726,False,False,False,False,False,False,Di Luar Area Pantauan (>1000m dari Desa)
Kendawangan,Air Hitam Besar,"Sabtu, 10 Oktober 2026 01:34:00",NASA-SNPP,Medium,110.73984,-2.79427,False,False,False,True,False,True,Di Luar Area Pantauan (>1000m dari Desa)
Kendawangan,Air Hitam Besar,"Sabtu, 10 Oktober 2026 01:34:00",NASA-SNPP,Medium,110.72049,-2.79558,False,False,False,False,False,False,Di Luar Area Pantauan (>1000m dari Desa)
Kendawangan,Air Hitam Besar,"Sabtu, 10 Oktober 2026 01:34:00",NASA-SNPP,Medium,110.72794,-2.79672,False,False,False,False,False,False,Di Luar Area Pantauan (>1000m dari Desa)
Kendawangan,Air Hitam Besar,"Sabtu, 10 Oktober 2026 01:34:00",NASA-SNPP,Medium,110.73168,-2.79729,False,False,False,True,False,True,Di Luar Area Pantauan (>1000m dari Desa)
Kendawangan,Air Hitam Besar,"Sabtu, 10 Oktober 2026 01:34:00",NASA-SNPP,Medium,110.73481,-2.80203,False,False,False,False,False,False,Di Luar Area Pantauan (>1000m dari Desa)
Kendawangan,Air Hitam Besar,"Sabtu, 10 Oktober 2026 01:34:00",NASA-SNPP,Medium,110.73106,-2.80145,False,False,False,False,False,False,Di Luar Area Pantauan (>1000m dari Desa)
Kendawangan,Air Hitam Besar,"Sabtu, 10 Oktober 2026 01:34:00",NASA-SNPP,Medium,110.70053,-2.80104,False,False,False,True,False,True,Di Luar Area Pantauan (>1000m dari Desa)
Kendawangan,Air Hitam Besar,"Sabtu, 10 Oktober 2026 01:34:00",NASA-SNPP,Medium,110.72358,-2.80031,False,False,False,False,False,False,Di Luar Area Pantauan (>1000m dari Desa)
Kendawangan,Air Hitam Besar,"Sabtu, 10 Oktober 2026 01:34:00",NASA-SNPP,Medium,110.70428,-2.80162,False,False,False,False,False,False,Di Luar Area Pantauan (>1000m dari Desa)
Kendawangan,Air Hitam Besar,"Sabtu, 10 Oktober 2026 01:34:00",NASA-SNPP,Medium,110.73794,-2.80677,False,False,False,False,False,False,Di Luar Area Pantauan (>1000m dari Desa)
Kendawangan,Air Hitam Besar,"Sabtu, 10 Oktober 2026 01:34:00",NASA-SNPP,Medium,110.74107,-2.81151,False,False,False,True,False,True,Di Luar Area Pantauan (>1000m dari Desa)
Kendawangan,Air Hitam Besar,"Sabtu, 10 Oktober 2026 01:34:00",NASA-SNPP,Medium,110.6999,-2.8052,False,False,False,True,False,True,Di Luar Area Pantauan (>1000m dari Desa)
Kendawangan,Air Hitam Besar,"Sabtu, 10 Oktober 2026 01:34:00",NASA-SNPP,Medium,110.70364,-2.80577,False,False,False,True,False,True,Di Luar Area Pantauan (>1000m dari Desa)
Kendawangan,Air Hitam Besar,"Sabtu, 10 Oktober 2026 01:34:00",NASA-SNPP,Medium,110.73733,-2.81094,False,False,False,True,False,True,Di Luar Area Pantauan (>1000m dari Desa)
Kendawangan,Air Hitam Besar,"Sabtu, 10 Oktober 2026 01:34:00",NASA-SNPP,Medium,110.73669,-2.81511,False,False,False,True,False,True,Di Luar Area Pantauan (>1000m dari Desa)
Kendawangan,Air Hitam Besar,"Sabtu, 10 Oktober 2026 01:34:00",NASA-SNPP,Medium,110.69926,-2.80935,False,False,False,True,False,True,Di Luar Area Pantauan (>1000m dari Desa)
Manis Mata,Ratu Elok,"Sabtu, 10 Oktober 2026 01:34:00",NASA-SNPP,Medium,111.02369,-2.52771,False,False,False,False,False,False,Di Luar Area Pantauan (>1000m dari Desa)
Manis Mata,Seguling,"Sabtu, 10 Oktober 2026 01:34:00",NASA-SNPP,Medium,111.09862,-2.64655,False,False,True,True,False,True,Di Luar Area Pantauan (>1000m dari Desa)
Kendawangan,Air Hitam Besar,"Sabtu, 10 Oktober 2026 01:34:00",NASA-SNPP,Medium,110.72166,-2.8128,False,False,False,False,False,False,Di Luar Area Pantauan (>1000m dari Desa)
Kendawangan,Air Hitam Besar,"Sabtu, 10 Oktober 2026 01:34:00",NASA-SNPP,Medium,110.71046,-2.81108,False,False,False,False,False,False,Di Luar Area Pantauan (>1000m dari Desa)
Kendawangan,Air Hitam Besar,"Sabtu, 10 Oktober 2026 01:34:00",NASA-SNPP,Medium,110.72916,-2.81395,False,False,False,False,False,False,Di Luar Area Pantauan (>1000m dari Desa)
Kendawangan,Air Hitam Besar,"Sabtu, 10 Oktober 2026 01:34:00",NASA-SNPP,Medium,110.74045,-2.81568,False,False,False,True,False,True,Di Luar Area Pantauan (>1000m dari Desa)
Kendawangan,Air Hitam Besar,"Sabtu, 10 Oktober 2026 01:34:00",NASA-SNPP,Medium,110.73605,-2.81927,False,False,False,True,False,True,Di Luar Area Pantauan (>1000m dari Desa)
Kendawangan,Air Hitam Besar,"Sabtu, 10 Oktober 2026 01:34:00",NASA-SNPP,Medium,110.71731,-2.81638,False,False,False,False,False,False,Di Luar Area Pantauan (>1000m dari Desa)
Kendawangan,Air Hitam Besar,"Sabtu, 10 Oktober 2026 01:34:00",NASA-SNPP,Medium,110.72103,-2.81696,False,False,False,False,False,False,Di Luar Area Pantauan (>1000m dari Desa)
Kendawangan,Air Hitam Besar,"Sabtu, 10 Oktober 2026 01:34:00",NASA-SNPP,Medium,110.7323,-2.81869,False,False,False,True,False,True,Di Luar Area Pantauan (>1000m dari Desa)
Kendawangan,Air Hitam Besar,"Sabtu, 10 Oktober 2026 01:34:00",NASA-SNPP,Medium,110.73981,-2.81985,False,False,False,True,False,True,Di Luar Area Pantauan (>1000m dari Desa)
Kendawangan,Natai Kuini,"Sabtu, 10 Oktober 2026 01:34:00",NASA-SNPP,Medium,110.79257,-2.85367,False,False,False,False,False,False,Di Luar Area Pantauan (>1000m dari Desa)
Kendawangan,Air Hitam Besar,"Sabtu, 10 Oktober 2026 01:34:00",NASA-SNPP,Medium,110.72409,-2.84726,False,False,False,False,False,False,Di Luar Area Pantauan (>1000m dari Desa)
Kendawangan,Natai Kuini,"Sabtu, 10 Oktober 2026 01:34:00",NASA-SNPP,Medium,110.79637,-2.85426,False,False,False,False,False,False,Di Luar Area Pantauan (>1000m dari Desa)
Kendawangan,Natai Kuini,"Sabtu, 10 Oktober 2026 01:34:00",NASA-SNPP,Medium,110.80017,-2.85485,False,False,False,False,False,False,Di Luar Area Pantauan (>1000m dari Desa)
Kendawangan,Air Hitam Besar,"Sabtu, 10 Oktober 2026 01:34:00",NASA-SNPP,Medium,110.71287,-2.84551,False,False,False,False,False,False,Di Luar Area Pantauan (>1000m dari Desa)
Kendawangan,Natai Kuini,"Sabtu, 10 Oktober 2026 01:34:00",NASA-SNPP,Medium,110.80396,-2.85544,False,False,False,False,False,False,Di Luar Area Pantauan (>1000m dari Desa)
Kendawangan,Air Hitam Besar,"Sabtu, 10 Oktober 2026 01:34:00",NASA-SNPP,Medium,110.72034,-2.84668,False,False,False,False,False,False,Di Luar Area Pantauan (>1000m dari Desa)
Kendawangan,Natai Kuini,"Sabtu, 10 Oktober 2026 01:34:00",NASA-SNPP,Medium,110.76798,-2.86267,False,False,False,True,False,True,Di Luar Area Pantauan (>1000m dari Desa)
Kendawangan,Natai Kuini,"Sabtu, 10 Oktober 2026 01:34:00",NASA-SNPP,Medium,110.73347,-2.86153,False,False,False,True,False,True,Di Luar Area Pantauan (>1000m dari Desa)
Kendawangan,Natai Kuini,"Sabtu, 10 Oktober 2026 01:34:00",NASA-SNPP,Medium,110.76295,-2.87043,False,False,False,True,False,True,Di Luar Area Pantauan (>1000m dari Desa)
Kendawangan,Natai Kuini,"Sabtu, 10 Oktober 2026 01:34:00",NASA-SNPP,Medium,110.77176,-2.86326,False,False,False,True,False,True,Di Luar Area Pantauan (>1000m dari Desa)
Kendawangan,Natai Kuini,"Sabtu, 10 Oktober 2026 01:34:00",NASA-SNPP,Medium,110.76736,-2.86684,False,False,False,True,False,True,Di Luar Area Pantauan (>1000m dari Desa)
Kendawangan,Natai Kuini,"Sabtu, 10 Oktober 2026 01:34:00",NASA-SNPP,Medium,110.77113,-2.86744,False,False,False,True,False,True,Di Luar Area Pantauan (>1000m dari Desa)
Kendawangan,Natai Kuini,"Sabtu, 10 Oktober 2026 01:34:00",NASA-SNPP,Medium,110.76359,-2.86625,False,False,False,True,False,True,Di Luar Area Pantauan (>1000m dari Desa)
Kendawangan,Natai Kuini,"Sabtu, 10 Oktober 2026 01:34:00",NASA-SNPP,Medium,110.74349,-2.84602,False,False,False,True,False,True,Di Luar Area Pantauan (>1000m dari Desa)
Kendawangan,Air Hitam Besar,"Sabtu, 10 Oktober 2026 01:34:00",NASA-SNPP,Medium,110.70983,-2.81523,False,False,False,True,False,True,Di Luar Area Pantauan (>1000m dari Desa)
Kendawangan,Air Hitam Besar,"Sabtu, 10 Oktober 2026 01:34:00",NASA-SNPP,Medium,110.71356,-2.81581,False,False,False,False,False,False,Di Luar Area Pantauan (>1000m dari Desa)
Kendawangan,Natai Kuini,"Sabtu, 10 Oktober 2026 01:34:00",NASA-SNPP,Medium,110.75478,-2.84778,False,False,False,False,False,False,Di Luar Area Pantauan (>1000m dari Desa)
Kendawangan,Natai Kuini,"Sabtu, 10 Oktober 2026 01:34:00",NASA-SNPP,Medium,110.73409,-2.85736,False,False,False,True,False,True,Di Luar Area Pantauan (>1000m dari Desa)
Kendawangan,Natai Kuini,"Sabtu, 10 Oktober 2026 01:34:00",NASA-SNPP,Medium,110.73785,-2.85795,False,False,False,True,False,True,Di Luar Area Pantauan (>1000m dari Desa)
Kendawangan,Air Hitam Besar,"Sabtu, 10 Oktober 2026 01:34:00",NASA-SNPP,Medium,110.70609,-2.81466,False,False,False,True,False,True,Di Luar Area Pantauan (>1000m dari Desa)
Kendawangan,Air Hitam Besar,"Sabtu, 10 Oktober 2026 01:34:00",NASA-SNPP,Medium,110.71294,-2.81997,False,False,False,False,False,False,Di Luar Area Pantauan (>1000m dari Desa)
Kendawangan,Air Hitam Besar,"Sabtu, 10 Oktober 2026 01:34:00",NASA-SNPP,Medium,110.70921,-2.8194,False,False,False,False,False,False,Di Luar Area Pantauan (>1000m dari Desa)
Kendawangan,Natai Kuini,"Sabtu, 10 Oktober 2026 01:34:00",NASA-SNPP,Medium,110.74224,-2.85437,False,False,False,False,False,False,Di Luar Area Pantauan (>1000m dari Desa)
Kendawangan,Natai Kuini,"Sabtu, 10 Oktober 2026 01:34:00",NASA-SNPP,Medium,110.74601,-2.85495,False,False,False,False,False,False,Di Luar Area Pantauan (>1000m dari Desa)
Kendawangan,Natai Kuini,"Sabtu, 10 Oktober 2026 01:34:00",NASA-SNPP,Medium,110.72784,-2.84785,False,False,False,True,False,True,Di Luar Area Pantauan (>1000m dari Desa)
Kendawangan,Air Hitam Besar,"Sabtu, 10 Oktober 2026 01:34:00",NASA-SNPP,Medium,110.70913,-2.84493,False,False,False,True,False,True,Di Luar Area Pantauan (>1000m dari Desa)
Kendawangan,Natai Kuini,"Sabtu, 10 Oktober 2026 01:34:00",NASA-SNPP,Medium,110.75416,-2.85196,False,False,False,False,False,False,Di Luar Area Pantauan (>1000m dari Desa)
Kendawangan,Natai Kuini,"Sabtu, 10 Oktober 2026 01:34:00",NASA-SNPP,Medium,110.78815,-2.85726,False,False,False,False,False,False,Di Luar Area Pantauan (>1000m dari Desa)
Kendawangan,Air Hitam Besar,"Sabtu, 10 Oktober 2026 01:34:00",NASA-SNPP,Medium,110.71661,-2.8461,False,False,False,False,False,False,Di Luar Area Pantauan (>1000m dari Desa)
Kendawangan,Air Hitam Besar,"Sabtu, 10 Oktober 2026 01:34:00",NASA-SNPP,Medium,110.72097,-2.84252,False,False,False,False,False,False,Di Luar Area Pantauan (>1000m dari Desa)
Kendawangan,Air Hitam Besar,"Sabtu, 10 Oktober 2026 01:34:00",NASA-SNPP,Medium,110.67735,-2.87568,False,False,False,False,False,False,Di Luar Area Pantauan (>1000m dari Desa)
Kendawangan,Natai Kuini,"Sabtu, 10 Oktober 2026 01:34:00",NASA-SNPP,Medium,110.76635,-2.87201,False,False,False,True,False,True,Di Luar Area Pantauan (>1000m dari Desa)
Kendawangan,Air Hitam Besar,"Sabtu, 10 Oktober 2026 01:34:00",NASA-SNPP,Medium,110.69796,-2.86603,False,False,False,True,False,True,Di Luar Area Pantauan (>1000m dari Desa)
Kendawangan,Natai Kuini,"Sabtu, 10 Oktober 2026 01:34:00",NASA-SNPP,Medium,110.76257,-2.87144,False,False,False,True,False,True,Di Luar Area Pantauan (>1000m dari Desa)
Kendawangan,Natai Kuini,"Sabtu, 10 Oktober 2026 01:34:00",NASA-SNPP,Medium,110.73154,-2.94789,False,False,False,False,False,False,Di Luar Area Pantauan (>1000m dari Desa)
Kendawangan,Natai Kuini,"Sabtu, 10 Oktober 2026 01:34:00",NASA-SNPP,Medium,110.74287,-2.94965,False,False,False,False,False,False,Di Luar Area Pantauan (>1000m dari Desa)
Kendawangan,Natai Kuini,"Sabtu, 10 Oktober 2026 01:34:00",NASA-SNPP,Medium,110.73531,-2.94847,False,False,False,False,False,False,Di Luar Area Pantauan (>1000m dari Desa)
Kendawangan,Natai Kuini,"Sabtu, 10 Oktober 2026 01:34:00",NASA-SNPP,Medium,110.73909,-2.94906,False,False,False,False,False,False,Di Luar Area Pantauan (>1000m dari Desa)
Manis Mata,Jambi,"Sabtu, 10 Oktober 2026 01:34:00",NASA-SNPP,Medium,110.9711,-2.70477,False,False,False,False,False,False,Di Luar Area Pantauan (>1000m dari Desa)
Kendawangan,Seriam,"Sabtu, 10 Oktober 2026 01:34:00",NASA-SNPP,Medium,110.3938,-2.70476,False,False,False,False,True,True,Di Luar Area Pantauan (>1000m dari Desa)
Kendawangan,Air Hitam Besar,"Sabtu, 10 Oktober 2026 01:34:00",NASA-SNPP,Medium,110.73487,-2.77647,False,False,False,False,False,False,Di Luar Area Pantauan (>1000m dari Desa)
Kendawangan,Air Hitam Besar,"Sabtu, 10 Oktober 2026 01:34:00",NASA-SNPP,Medium,110.73671,-2.78953,False,False,False,True,False,True,Di Luar Area Pantauan (>1000m dari Desa)
Kendawangan,Air Hitam Besar,"Sabtu, 10 Oktober 2026 01:34:00",NASA-SNPP,Medium,110.74047,-2.7901,False,False,False,True,False,True,Di Luar Area Pantauan (>1000m dari Desa)
Kendawangan,Air Hitam Besar,"Sabtu, 10 Oktober 2026 01:34:00",NASA-SNPP,Medium,110.71738,-2.79085,False,False,False,False,False,False,Di Luar Area Pantauan (>1000m dari Desa)
Kendawangan,Natai Kuini,"Sabtu, 10 Oktober 2026 01:34:00",NASA-SNPP,Medium,110.76672,-2.87102,False,False,False,True,False,True,Di Luar Area Pantauan (>1000m dari Desa)
Kendawangan,Air Hitam Besar,"Sabtu, 10 Oktober 2026 01:34:00",NASA-SNPP,Medium,110.69785,-2.86871,False,False,False,True,False,True,Di Luar Area Pantauan (>1000m dari Desa)
Kendawangan,Natai Kuini,"Sabtu, 10 Oktober 2026 01:34:00",NASA-SNPP,Medium,110.80142,-2.84647,False,False,False,False,False,False,Di Luar Area Pantauan (>1000m dari Desa)
Kendawangan,Natai Kuini,"Sabtu, 10 Oktober 2026 01:34:00",NASA-SNPP,Medium,110.74789,-2.84244,False,False,False,False,False,False,Di Luar Area Pantauan (>1000m dari Desa)
Kendawangan,Natai Kuini,"Sabtu, 10 Oktober 2026 01:34:00",NASA-SNPP,Medium,110.79953,-2.85903,False,False,False,False,False,False,Di Luar Area Pantauan (>1000m dari Desa)
Kendawangan,Natai Kuini,"Sabtu, 10 Oktober 2026 01:34:00",NASA-SNPP,Medium,110.79195,-2.85785,False,False,False,False,False,False,Di Luar Area Pantauan (>1000m dari Desa)
Kendawangan,Natai Kuini,"Sabtu, 10 Oktober 2026 01:34:00",NASA-SNPP,Medium,110.78056,-2.85607,False,False,False,False,False,False,Di Luar Area Pantauan (>1000m dari Desa)
Kendawangan,Air Hitam Besar,"Sabtu, 10 Oktober 2026 01:34:00",NASA-SNPP,Medium,110.69169,-2.8821,False,False,False,True,False,True,Di Luar Area Pantauan (>1000m dari Desa)
Kendawangan,Natai Kuini,"Sabtu, 10 Oktober 2026 01:34:00",NASA-SNPP,Medium,110.72659,-2.85618,False,False,False,False,False,False,Di Luar Area Pantauan (>1000m dari Desa)
Kendawangan,Air Hitam Besar,"Sabtu, 10 Oktober 2026 01:34:00",NASA-SNPP,Medium,110.67799,-2.87153,False,False,False,False,False,False,Di Luar Area Pantauan (>1000m dari Desa)
Kendawangan,Air Hitam Besar,"Sabtu, 10 Oktober 2026 01:34:00",NASA-SNPP,Medium,110.69733,-2.87019,False,False,False,True,False,True,Di Luar Area Pantauan (>1000m dari Desa)
Kendawangan,Air Hitam Besar,"Sabtu, 10 Oktober 2026 01:34:00",NASA-SNPP,Medium,110.68111,-2.87625,False,False,False,True,False,True,Di Luar Area Pantauan (>1000m dari Desa)
Kendawangan,Natai Kuini,"Sabtu, 10 Oktober 2026 01:34:00",NASA-SNPP,Medium,110.78373,-2.86085,False,False,False,False,False,False,Di Luar Area Pantauan (>1000m dari Desa)
Kendawangan,Natai Kuini,"Sabtu, 10 Oktober 2026 01:34:00",NASA-SNPP,Medium,110.74664,-2.85078,False,False,False,False,False,False,Di Luar Area Pantauan (>1000m dari Desa)
Kendawangan,Natai Kuini,"Sabtu, 10 Oktober 2026 01:34:00",NASA-SNPP,Medium,110.74101,-2.8371,False,False,False,True,False,True,Di Luar Area Pantauan (>1000m dari Desa)
Kendawangan,Natai Kuini,"Sabtu, 10 Oktober 2026 01:34:00",NASA-SNPP,Medium,110.74287,-2.85019,False,False,False,False,False,False,Di Luar Area Pantauan (>1000m dari Desa)
Kendawangan,Natai Kuini,"Sabtu, 10 Oktober 2026 01:34:00",NASA-SNPP,Medium,110.74851,-2.83827,False,False,False,False,False,False,Di Luar Area Pantauan (>1000m dari Desa)
Kendawangan,Natai Kuini,"Sabtu, 10 Oktober 2026 01:34:00",NASA-SNPP,Medium,110.74476,-2.83768,False,False,False,False,False,False,Di Luar Area Pantauan (>1000m dari Desa)
Kendawangan,Natai Kuini,"Sabtu, 10 Oktober 2026 01:34:00",NASA-SNPP,Medium,110.75102,-2.8472,False,False,False,False,False,False,Di Luar Area Pantauan (>1000m dari Desa)
Kendawangan,Natai Kuini,"Sabtu, 10 Oktober 2026 01:34:00",NASA-SNPP,Medium,110.74413,-2.84185,False,False,False,True,False,True,Di Luar Area Pantauan (>1000m dari Desa)
Kendawangan,Air Hitam Besar,"Sabtu, 10 Oktober 2026 01:34:00",NASA-SNPP,Medium,110.71599,-2.85026,False,False,False,False,False,False,Di Luar Area Pantauan (>1000m dari Desa)
Kendawangan,Natai Kuini,"Sabtu, 10 Oktober 2026 03:04:00",NASA-MODIS,Medium,110.74226,-2.85524,False,False,False,False,False,False,Di Luar Area Pantauan (>1000m dari Desa)
Kendawangan,Natai Kuini,"Sabtu, 10 Oktober 2026 03:04:00",NASA-MODIS,Medium,110.79182,-2.85238,False,False,False,False,False,False,Di Luar Area Pantauan (>1000m dari Desa)
Muara Pawan,Ulak Medang,"Sabtu, 10 Oktober 2026 03:04:00",NASA-MODIS,Medium,110.30473,-1.53517,False,False,True,False,False,True,Di Luar Area Pantauan (>1000m dari Desa)
Kendawangan,Natai Kuini,"Jumat, 09 Oktober 2026 20:44:00",NASA-MODIS,Medium,110.73997,-2.84749,False,False,False,True,False,True,Di Luar Area Pantauan (>1000m dari Desa)
Kendawangan,Air Hitam Besar,"Jumat, 09 Oktober 2026 20:44:00",NASA-MODIS,Medium,110.72951,-2.77755,False,False,False,False,False,False,Di Luar Area Pantauan (>1000m dari Desa)
Kendawangan,Air Hitam Besar,"Sabtu, 10 Oktober 2026 03:04:00",NASA-MODIS,High,110.70005,-2.80698,False,False,False,True,False,True,Di Luar Area Pantauan (>1000m dari Desa)
Kendawangan,Air Hitam Besar,"Sabtu, 10 Oktober 2026 01:34:00",NASA-SNPP,High,110.70673,-2.8105,False,False,False,True,False,True,Di Luar Area Pantauan (>1000m dari Desa)
Kendawangan,Air Hitam Besar,"Sabtu, 10 Oktober 2026 01:34:00",NASA-SNPP,High,110.73861,-2.77704,False,False,False,True,False,True,Di Luar Area Pantauan (>1000m dari Desa)
Muara Pawan,Ulak Medang,"Jumat, 09 Oktober 2026 12:53:00",NASA-SNPP,High,110.30567,-1.53829,False,False,True,False,False,True,Di Luar Area Pantauan (>1000m dari Desa)
Kendawangan,Air Hitam Besar,"Jumat, 09 Oktober 2026 20:44:00",NASA-MODIS,High,110.73158,-2.79154,False,False,False,True,False,True,Di Luar Area Pantauan (>1000m dari Desa)
Kendawangan,Air Hitam Besar,"Sabtu, 10 Oktober 2026 03:04:00",NASA-MODIS,High,110.71967,-2.84137,False,False,False,False,False,False,Di Luar Area Pantauan (>1000m dari Desa)
Kendawangan,Air Hitam Besar,"Jumat, 09 Oktober 2026 20:44:00",NASA-MODIS,High,110.70343,-2.80421,False,False,False,True,False,True,Di Luar Area Pantauan (>1000m dari Desa)
Kendawangan,Air Hitam Besar,"Sabtu, 10 Oktober 2026 03:04:00",NASA-MODIS,High,110.71218,-2.80886,False,False,False,False,False,False,Di Luar Area Pantauan (>1000m dari Desa)
Kendawangan,Natai Kuini,"Sabtu, 10 Oktober 2026 03:04:00",NASA-MODIS,High,110.75586,-2.84689,False,False,False,False,False,False,Di Luar Area Pantauan (>1000m dari Desa)
Kendawangan,Natai Kuini,"Sabtu, 10 Oktober 2026 03:04:00",NASA-MODIS,High,110.74381,-2.84505,False,False,False,True,False,True,Di Luar Area Pantauan (>1000m dari Desa)
Kendawangan,Air Hitam Besar,"Jumat, 09 Oktober 2026 20:44:00",NASA-MODIS,High,110.72536,-2.7868,False,False,False,False,False,False,Di Luar Area Pantauan (>1000m dari Desa)
Kendawangan,Air Hitam Besar,"Jumat, 09 Oktober 2026 20:44:00",NASA-MODIS,High,110.70967,-2.80912,False,False,False,False,False,False,Di Luar Area Pantauan (>1000m dari Desa)
Kendawangan,Natai Kuini,"Sabtu, 10 Oktober 2026 03:04:00",NASA-MODIS,High,110.74537,-2.83487,False,False,False,False,False,False,Di Luar Area Pantauan (>1000m dari Desa)
