Kecamatan,Desa,Waktu,Satelit,Confidence,Longitude,Latitude,in_desa,in_buffer,is_hutan,is_gambut,is_kk,in_kawasan,Prioritas_Satgas
Marau,Batu Payung Dua,"Rabu, 30 September 2026 15:37:00",NASA-MODIS,Low,110.51878,-2.06309,False,False,False,False,False,False,Di Luar Area Pantauan (>1000m dari Desa)
Kendawangan,Natai Kuini,"Rabu, 30 September 2026 19:49:00",NASA-MODIS,Low,110.69575,-2.90144,False,False,False,False,False,False,Di Luar Area Pantauan (>1000m dari Desa)
Kendawangan,Natai Kuini,"Rabu, 30 September 2026 19:49:00",NASA-MODIS,Low,110.70044,-2.89659,False,False,False,False,False,False,Di Luar Area Pantauan (>1000m dari Desa)
Nanga Tayap,Pangkalan Teluk,"Rabu, 30 September 2026 14:01:00",NASA-SNPP,Low,110.43561,-1.40049,False,False,False,False,False,False,Di Luar Area Pantauan (>1000m dari Desa)
Sandai,Randau Jungkal,"Rabu, 30 September 2026 14:01:00",NASA-SNPP,Low,110.71246,-1.18432,False,False,False,False,False,False,Di Luar Area Pantauan (>1000m dari Desa)
Sandai,Randau Jungkal,"Rabu, 30 September 2026 14:01:00",NASA-SNPP,Low,110.71275,-1.18236,False,False,False,False,False,False,Di Luar Area Pantauan (>1000m dari Desa)
Sungai Laur,Lanjut Mekar Sari,"Rabu, 30 September 2026 14:01:00",NASA-SNPP,Low,110.53234,-0.9467,False,False,False,False,False,False,Di Luar Area Pantauan (>1000m dari Desa)
Sungai Laur,Lanjut Mekar Sari,"Rabu, 30 September 2026 14:01:00",NASA-SNPP,Low,110.54218,-0.94512,False,False,False,False,False,False,Di Luar Area Pantauan (>1000m dari Desa)
Sungai Laur,Riam Bunut,"Rabu, 30 September 2026 14:01:00",NASA-SNPP,Low,110.47012,-0.96953,False,False,False,False,False,False,Di Luar Area Pantauan (>1000m dari Desa)
Kendawangan,Natai Kuini,"Rabu, 30 September 2026 12:40:00",NASA-NOAA20,Low,110.70549,-2.89383,False,False,False,False,False,False,Di Luar Area Pantauan (>1000m dari Desa)
Pinoh Utara,Tengkajau,"Rabu, 30 September 2026 14:01:00",NASA-SNPP,Low,111.70876,-0.22141,False,False,False,False,False,False,Di Luar Area Pantauan (>1000m dari Desa)
Kendawangan,Natai Kuini,"Rabu, 30 September 2026 12:40:00",NASA-NOAA20,Low,110.70305,-2.89395,False,False,False,False,False,False,Di Luar Area Pantauan (>1000m dari Desa)
Kendawangan,Natai Kuini,"Rabu, 30 September 2026 12:40:00",NASA-NOAA20,Low,110.70683,-2.88362,False,False,False,True,False,True,Di Luar Area Pantauan (>1000m dari Desa)
Sandai,Randau Jungkal,"Rabu, 30 September 2026 14:01:00",NASA-SNPP,Low,110.67297,-1.13027,False,False,True,False,False,True,Di Luar Area Pantauan (>1000m dari Desa)
Sungai Laur,Mekar Harapan,"Rabu, 30 September 2026 14:01:00",NASA-SNPP,Low,110.43292,-1.0203,False,False,False,False,False,False,Di Luar Area Pantauan (>1000m dari Desa)
Simpang Hulu,Paoh Concong,"Rabu, 30 September 2026 12:23:00",NASA-SNPP,Low,110.42747,-0.69704,False,False,False,False,False,False,Di Luar Area Pantauan (>1000m dari Desa)
Menyuke,Anik Dingir,"Rabu, 30 September 2026 14:01:00",NASA-SNPP,Low,109.7028,0.49853,False,False,False,False,False,False,Di Luar Area Pantauan (>1000m dari Desa)
Sandai,Merimbang Jaya,"Rabu, 30 September 2026 14:01:00",NASA-SNPP,Low,110.58237,-1.10619,False,False,False,False,False,False,Di Luar Area Pantauan (>1000m dari Desa)
Sungai Laur,Mekar Harapan,"Rabu, 30 September 2026 14:01:00",NASA-SNPP,Low,110.43218,-1.0177,False,False,False,False,False,False,Di Luar Area Pantauan (>1000m dari Desa)
Hulu Sungai,Krio Hulu,"Rabu, 30 September 2026 12:23:00",NASA-SNPP,Low,110.80668,-0.85177,False,False,False,False,False,False,Di Luar Area Pantauan (>1000m dari Desa)
Jelai Hulu,Teluk Runjai,"Rabu, 30 September 2026 14:01:00",NASA-SNPP,Low,110.76023,-1.92778,False,False,False,False,False,False,Di Luar Area Pantauan (>1000m dari Desa)
Sungai Laur,Sempurna,"Rabu, 30 September 2026 14:01:00",NASA-SNPP,Low,110.44408,-1.18646,False,False,False,False,False,False,Di Luar Area Pantauan (>1000m dari Desa)
Jelai Hulu,Kesuma Jaya,"Rabu, 30 September 2026 14:01:00",NASA-SNPP,Low,110.83612,-1.95399,False,False,False,False,False,False,Di Luar Area Pantauan (>1000m dari Desa)
Nanga Tayap,Kayung Tuhe,"Rabu, 30 September 2026 14:01:00",NASA-SNPP,Low,110.60911,-1.5658,False,False,False,False,False,False,Di Luar Area Pantauan (>1000m dari Desa)
Sungai Laur,Lanjut Mekar Sari,"Rabu, 30 September 2026 14:01:00",NASA-SNPP,Low,110.54803,-0.95063,False,False,False,False,False,False,Di Luar Area Pantauan (>1000m dari Desa)
Pinoh Utara,Engkurai,"Rabu, 30 September 2026 19:49:00",NASA-MODIS,Medium,112.0659,-0.27696,False,False,False,False,False,False,Di Luar Area Pantauan (>1000m dari Desa)
Belimbing,Upit,"Rabu, 30 September 2026 15:37:00",NASA-MODIS,Medium,111.40385,-0.40009,False,False,False,False,False,False,Di Luar Area Pantauan (>1000m dari Desa)
Sungai Laur,Kepari,"Rabu, 30 September 2026 15:37:00",NASA-MODIS,Medium,110.5548,-0.87627,False,False,False,False,False,False,Di Luar Area Pantauan (>1000m dari Desa)
Sungai Laur,Teluk Mutiara,"Rabu, 30 September 2026 15:37:00",NASA-MODIS,Medium,110.497,-0.9168,False,False,False,False,False,False,Di Luar Area Pantauan (>1000m dari Desa)
Tempunak,Riam Batu,"Rabu, 30 September 2026 15:37:00",NASA-MODIS,Medium,111.34149,-0.38674,False,False,False,False,False,False,Di Luar Area Pantauan (>1000m dari Desa)
Pemahan,Pebihingan,"Rabu, 30 September 2026 15:37:00",NASA-MODIS,Medium,110.57246,-1.72507,False,False,False,False,False,False,Di Luar Area Pantauan (>1000m dari Desa)
Sandai,Penjawaan,"Rabu, 30 September 2026 15:37:00",NASA-MODIS,Medium,110.51044,-1.3471,False,False,False,False,False,False,Di Luar Area Pantauan (>1000m dari Desa)
Hulu Sungai,Batu Lapis,"Rabu, 30 September 2026 15:37:00",NASA-MODIS,Medium,110.78367,-1.28585,False,False,True,False,False,True,Di Luar Area Pantauan (>1000m dari Desa)
Tumbang Titi,Jungkal,"Rabu, 30 September 2026 15:37:00",NASA-MODIS,Medium,110.45653,-1.93777,False,False,False,False,False,False,Di Luar Area Pantauan (>1000m dari Desa)
Sandai,Penjawaan,"Rabu, 30 September 2026 15:37:00",NASA-MODIS,Medium,110.51705,-1.35356,False,False,False,False,False,False,Di Luar Area Pantauan (>1000m dari Desa)
Jelai Hulu,Sidahari,"Rabu, 30 September 2026 15:37:00",NASA-MODIS,Medium,110.73377,-1.95934,False,False,False,False,False,False,Di Luar Area Pantauan (>1000m dari Desa)
Belitang Hulu,Sebetung,"Rabu, 30 September 2026 15:37:00",NASA-MODIS,Medium,111.10088,0.63803,False,False,False,False,False,False,Di Luar Area Pantauan (>1000m dari Desa)
Tumbang Titi,Serengkah,"Rabu, 30 September 2026 15:37:00",NASA-MODIS,Medium,110.68003,-1.77217,False,False,False,False,False,False,Di Luar Area Pantauan (>1000m dari Desa)
Jelai Hulu,Sidahari,"Rabu, 30 September 2026 15:37:00",NASA-MODIS,Medium,110.72758,-1.9582,False,False,False,False,False,False,Di Luar Area Pantauan (>1000m dari Desa)
Sungai Laur,Tanjung Beringin,"Rabu, 30 September 2026 15:37:00",NASA-MODIS,Medium,110.50304,-0.78426,False,False,False,False,False,False,Di Luar Area Pantauan (>1000m dari Desa)
Sandai,Randau,"Rabu, 30 September 2026 15:37:00",NASA-MODIS,Medium,110.56888,-1.01872,False,False,False,False,False,False,Di Luar Area Pantauan (>1000m dari Desa)
Ketungau Hilir,Pampang Dua,"Rabu, 30 September 2026 15:37:00",NASA-MODIS,Medium,111.57506,0.55927,False,False,False,False,False,False,Di Luar Area Pantauan (>1000m dari Desa)
Sengah Temila,Keranji Mancal,"Rabu, 30 September 2026 15:37:00",NASA-MODIS,Medium,109.72943,0.45596,False,False,False,False,False,False,Di Luar Area Pantauan (>1000m dari Desa)
Nanga Tayap,Sebadak Raya,"Rabu, 30 September 2026 15:37:00",NASA-MODIS,Medium,110.71006,-1.40667,False,False,True,False,False,True,Di Luar Area Pantauan (>1000m dari Desa)
Nanga Tayap,Sepakat Jaya,"Rabu, 30 September 2026 15:37:00",NASA-MODIS,Medium,110.45811,-1.49749,False,False,False,False,True,True,Di Luar Area Pantauan (>1000m dari Desa)
Hulu Sungai,Sunge Bengaras,"Rabu, 30 September 2026 15:37:00",NASA-MODIS,Medium,110.78318,-0.73258,False,False,False,False,False,False,Di Luar Area Pantauan (>1000m dari Desa)
Tempunak,Tanjung Perada,"Rabu, 30 September 2026 15:37:00",NASA-MODIS,Medium,111.32593,0.01565,False,False,False,False,False,False,Di Luar Area Pantauan (>1000m dari Desa)
Ngabang,Rasan,"Rabu, 30 September 2026 15:37:00",NASA-MODIS,Medium,109.85544,0.5266,False,False,False,False,False,False,Di Luar Area Pantauan (>1000m dari Desa)
Simpang Hilir,Matan Jaya,"Rabu, 30 September 2026 15:37:00",NASA-MODIS,Medium,110.1543,-1.05975,False,False,False,False,False,False,Di Luar Area Pantauan (>1000m dari Desa)
Tempunak,Benua Baru,"Rabu, 30 September 2026 15:37:00",NASA-MODIS,Medium,111.32235,-0.18064,False,False,False,False,False,False,Di Luar Area Pantauan (>1000m dari Desa)
Sengah Temila,Banying,"Rabu, 30 September 2026 15:37:00",NASA-MODIS,Medium,109.71783,0.45423,False,False,False,False,False,False,Di Luar Area Pantauan (>1000m dari Desa)
Sepauk,Nanga Pari,"Rabu, 30 September 2026 15:37:00",NASA-MODIS,Medium,111.17216,-0.43511,True,True,False,False,True,True,Prioritas 1 (Tinggi)
Sungai Laur,Sempurna,"Rabu, 30 September 2026 15:37:00",NASA-MODIS,Medium,110.44276,-1.19061,False,False,False,False,False,False,Di Luar Area Pantauan (>1000m dari Desa)
Tayan Hilir,Subah,"Rabu, 30 September 2026 15:37:00",NASA-MODIS,Medium,109.9528,0.0387,False,False,False,False,False,False,Di Luar Area Pantauan (>1000m dari Desa)
Sepauk,Bernayau,"Rabu, 30 September 2026 15:37:00",NASA-MODIS,Medium,111.15865,-0.38899,False,True,False,False,False,False,Prioritas 3 (Rendah)
Kendawangan,Natai Kuini,"Kamis, 01 Oktober 2026 01:04:00",NASA-SNPP,Medium,110.69823,-2.89463,False,False,False,False,False,False,Di Luar Area Pantauan (>1000m dari Desa)
Sungai Laur,Harapan Baru,"Rabu, 30 September 2026 15:37:00",NASA-MODIS,Medium,110.58193,-0.70876,False,False,False,False,False,False,Di Luar Area Pantauan (>1000m dari Desa)
Kendawangan,Natai Kuini,"Kamis, 01 Oktober 2026 01:04:00",NASA-SNPP,Medium,110.69547,-2.88698,False,False,False,True,False,True,Di Luar Area Pantauan (>1000m dari Desa)
Kendawangan,Natai Kuini,"Kamis, 01 Oktober 2026 01:04:00",NASA-SNPP,Medium,110.69879,-2.89112,False,False,False,False,False,False,Di Luar Area Pantauan (>1000m dari Desa)
Kendawangan,Air Hitam Besar,"Kamis, 01 Oktober 2026 01:04:00",NASA-SNPP,Medium,110.69214,-2.88284,False,False,False,True,False,True,Di Luar Area Pantauan (>1000m dari Desa)
Kendawangan,Natai Kuini,"Kamis, 01 Oktober 2026 01:04:00",NASA-SNPP,Medium,110.69936,-2.88761,False,False,False,True,False,True,Di Luar Area Pantauan (>1000m dari Desa)
Kendawangan,Natai Kuini,"Kamis, 01 Oktober 2026 01:04:00",NASA-SNPP,Medium,110.69491,-2.8905,False,False,False,False,False,False,Di Luar Area Pantauan (>1000m dari Desa)
Kendawangan,Natai Kuini,"Kamis, 01 Oktober 2026 01:04:00",NASA-SNPP,Medium,110.70821,-2.90704,False,False,False,False,False,False,Di Luar Area Pantauan (>1000m dari Desa)
Kendawangan,Natai Kuini,"Kamis, 01 Oktober 2026 01:04:00",NASA-SNPP,Medium,110.70877,-2.90352,False,False,False,False,False,False,Di Luar Area Pantauan (>1000m dari Desa)
Kendawangan,Natai Kuini,"Kamis, 01 Oktober 2026 01:04:00",NASA-SNPP,Medium,110.69768,-2.89815,False,False,False,False,False,False,Di Luar Area Pantauan (>1000m dari Desa)
Kendawangan,Natai Kuini,"Kamis, 01 Oktober 2026 01:04:00",NASA-SNPP,Medium,110.71322,-2.90064,False,False,False,False,False,False,Di Luar Area Pantauan (>1000m dari Desa)
Kendawangan,Natai Kuini,"Kamis, 01 Oktober 2026 01:04:00",NASA-SNPP,Medium,110.71266,-2.90415,False,False,False,False,False,False,Di Luar Area Pantauan (>1000m dari Desa)
Kendawangan,Natai Kuini,"Kamis, 01 Oktober 2026 01:04:00",NASA-SNPP,Medium,110.73154,-2.88558,False,False,False,True,False,True,Di Luar Area Pantauan (>1000m dari Desa)
Kendawangan,Air Hitam Besar,"Kamis, 01 Oktober 2026 01:04:00",NASA-SNPP,Medium,110.68881,-2.8787,False,False,False,True,False,True,Di Luar Area Pantauan (>1000m dari Desa)
Kendawangan,Natai Kuini,"Kamis, 01 Oktober 2026 01:04:00",NASA-SNPP,Medium,110.71271,-2.87895,False,False,False,True,False,True,Di Luar Area Pantauan (>1000m dari Desa)
Kendawangan,Air Hitam Besar,"Kamis, 01 Oktober 2026 01:04:00",NASA-SNPP,Medium,110.68491,-2.87808,False,False,False,True,False,True,Di Luar Area Pantauan (>1000m dari Desa)
Kendawangan,Natai Kuini,"Kamis, 01 Oktober 2026 01:04:00",NASA-SNPP,Medium,110.70826,-2.88183,False,False,False,True,False,True,Di Luar Area Pantauan (>1000m dari Desa)
Kendawangan,Air Hitam Besar,"Kamis, 01 Oktober 2026 01:04:00",NASA-SNPP,Medium,110.68824,-2.88222,False,False,False,True,False,True,Di Luar Area Pantauan (>1000m dari Desa)
Kendawangan,Natai Kuini,"Kamis, 01 Oktober 2026 01:04:00",NASA-SNPP,Medium,110.72155,-2.89837,False,False,False,False,False,False,Di Luar Area Pantauan (>1000m dari Desa)
Kendawangan,Natai Kuini,"Kamis, 01 Oktober 2026 01:04:00",NASA-SNPP,Medium,110.72543,-2.89899,False,False,False,False,False,False,Di Luar Area Pantauan (>1000m dari Desa)
Kendawangan,Natai Kuini,"Kamis, 01 Oktober 2026 01:04:00",NASA-SNPP,Medium,110.70438,-2.88121,False,False,False,True,False,True,Di Luar Area Pantauan (>1000m dari Desa)
Kendawangan,Natai Kuini,"Kamis, 01 Oktober 2026 01:04:00",NASA-SNPP,Medium,110.71659,-2.87957,False,False,False,True,False,True,Di Luar Area Pantauan (>1000m dari Desa)
Kendawangan,Natai Kuini,"Kamis, 01 Oktober 2026 01:04:00",NASA-SNPP,Medium,110.70049,-2.88058,False,False,False,True,False,True,Di Luar Area Pantauan (>1000m dari Desa)
Kendawangan,Natai Kuini,"Kamis, 01 Oktober 2026 01:04:00",NASA-SNPP,Medium,110.70494,-2.8777,False,False,False,True,False,True,Di Luar Area Pantauan (>1000m dari Desa)
Kendawangan,Natai Kuini,"Kamis, 01 Oktober 2026 01:04:00",NASA-SNPP,Medium,110.71215,-2.88246,False,False,False,True,False,True,Di Luar Area Pantauan (>1000m dari Desa)
Kendawangan,Air Hitam Besar,"Kamis, 01 Oktober 2026 01:04:00",NASA-SNPP,Medium,110.76224,-2.81133,False,False,False,True,False,True,Di Luar Area Pantauan (>1000m dari Desa)
Kendawangan,Natai Kuini,"Kamis, 01 Oktober 2026 01:04:00",NASA-SNPP,Medium,110.69435,-2.89401,False,False,False,False,False,False,Di Luar Area Pantauan (>1000m dari Desa)
Kendawangan,Natai Kuini,"Kamis, 01 Oktober 2026 01:04:00",NASA-SNPP,Medium,110.70325,-2.88823,False,False,False,True,False,True,Di Luar Area Pantauan (>1000m dari Desa)
Kendawangan,Natai Kuini,"Kamis, 01 Oktober 2026 01:04:00",NASA-SNPP,Medium,110.7077,-2.88535,False,False,False,True,False,True,Di Luar Area Pantauan (>1000m dari Desa)
Kendawangan,Natai Kuini,"Kamis, 01 Oktober 2026 01:04:00",NASA-SNPP,Medium,110.69604,-2.88347,False,False,False,True,False,True,Di Luar Area Pantauan (>1000m dari Desa)
Kendawangan,Natai Kuini,"Kamis, 01 Oktober 2026 01:04:00",NASA-SNPP,Medium,110.71378,-2.89713,False,False,False,False,False,False,Di Luar Area Pantauan (>1000m dari Desa)
Kendawangan,Natai Kuini,"Kamis, 01 Oktober 2026 01:04:00",NASA-SNPP,Medium,110.69992,-2.8841,False,False,False,True,False,True,Di Luar Area Pantauan (>1000m dari Desa)
Kendawangan,Natai Kuini,"Kamis, 01 Oktober 2026 01:04:00",NASA-SNPP,Medium,110.70714,-2.88886,False,False,False,True,False,True,Di Luar Area Pantauan (>1000m dari Desa)
Kendawangan,Natai Kuini,"Kamis, 01 Oktober 2026 01:04:00",NASA-SNPP,Medium,110.71767,-2.89775,False,False,False,True,False,True,Di Luar Area Pantauan (>1000m dari Desa)
Kendawangan,Natai Kuini,"Kamis, 01 Oktober 2026 01:04:00",NASA-SNPP,Medium,110.73598,-2.8827,False,False,False,True,False,True,Di Luar Area Pantauan (>1000m dari Desa)
Kendawangan,Natai Kuini,"Kamis, 01 Oktober 2026 01:04:00",NASA-SNPP,Medium,110.70382,-2.88472,False,False,False,True,False,True,Di Luar Area Pantauan (>1000m dari Desa)
Kendawangan,Natai Kuini,"Kamis, 01 Oktober 2026 01:04:00",NASA-SNPP,Medium,110.70106,-2.87707,False,False,False,True,False,True,Di Luar Area Pantauan (>1000m dari Desa)
Kendawangan,Natai Kuini,"Kamis, 01 Oktober 2026 01:04:00",NASA-SNPP,Medium,110.70883,-2.87832,False,False,False,True,False,True,Di Luar Area Pantauan (>1000m dari Desa)
Kendawangan,Air Hitam Besar,"Kamis, 01 Oktober 2026 01:04:00",NASA-SNPP,Medium,110.75723,-2.81772,False,False,False,True,False,True,Di Luar Area Pantauan (>1000m dari Desa)
Kendawangan,Natai Kuini,"Kamis, 01 Oktober 2026 01:04:00",NASA-SNPP,Medium,110.94669,-2.81578,False,False,False,True,False,True,Di Luar Area Pantauan (>1000m dari Desa)
Kendawangan,Air Hitam Besar,"Kamis, 01 Oktober 2026 01:04:00",NASA-SNPP,Medium,110.75228,-2.79895,False,False,False,True,False,True,Di Luar Area Pantauan (>1000m dari Desa)
Kendawangan,Natai Kuini,"Kamis, 01 Oktober 2026 01:04:00",NASA-SNPP,Medium,110.81906,-2.82757,False,False,False,True,True,True,Di Luar Area Pantauan (>1000m dari Desa)
Kendawangan,Natai Kuini,"Kamis, 01 Oktober 2026 01:04:00",NASA-SNPP,Medium,110.94287,-2.81517,False,False,False,True,False,True,Di Luar Area Pantauan (>1000m dari Desa)
Kendawangan,Air Hitam Besar,"Kamis, 01 Oktober 2026 01:04:00",NASA-SNPP,Medium,110.76117,-2.79318,False,False,False,False,False,False,Di Luar Area Pantauan (>1000m dari Desa)
Kendawangan,Air Hitam Besar,"Kamis, 01 Oktober 2026 01:04:00",NASA-SNPP,Medium,110.74065,-2.79709,False,False,False,True,False,True,Di Luar Area Pantauan (>1000m dari Desa)
Kendawangan,Natai Kuini,"Kamis, 01 Oktober 2026 01:04:00",NASA-SNPP,Medium,110.69102,-2.88987,False,False,False,False,False,False,Di Luar Area Pantauan (>1000m dari Desa)
Kendawangan,Natai Kuini,"Kamis, 01 Oktober 2026 01:04:00",NASA-SNPP,Medium,110.70212,-2.89526,False,False,False,False,False,False,Di Luar Area Pantauan (>1000m dari Desa)
Kendawangan,Natai Kuini,"Kamis, 01 Oktober 2026 01:04:00",NASA-SNPP,Medium,110.70989,-2.8965,False,False,False,False,False,False,Di Luar Area Pantauan (>1000m dari Desa)
Kendawangan,Air Hitam Besar,"Kamis, 01 Oktober 2026 01:04:00",NASA-SNPP,Medium,110.73952,-2.80411,False,False,False,False,False,False,Di Luar Area Pantauan (>1000m dari Desa)
Kendawangan,Natai Kuini,"Kamis, 01 Oktober 2026 01:04:00",NASA-SNPP,Medium,110.70489,-2.9029,False,False,False,False,False,False,Di Luar Area Pantauan (>1000m dari Desa)
Kendawangan,Air Hitam Besar,"Kamis, 01 Oktober 2026 01:04:00",NASA-SNPP,Medium,110.73621,-2.79998,False,False,False,False,False,False,Di Luar Area Pantauan (>1000m dari Desa)
Kendawangan,Natai Kuini,"Kamis, 01 Oktober 2026 01:04:00",NASA-SNPP,Medium,110.71711,-2.90126,False,False,False,False,False,False,Di Luar Area Pantauan (>1000m dari Desa)
Kendawangan,Air Hitam Besar,"Kamis, 01 Oktober 2026 01:04:00",NASA-SNPP,Medium,110.68768,-2.88573,False,False,False,True,False,True,Di Luar Area Pantauan (>1000m dari Desa)
Kendawangan,Natai Kuini,"Kamis, 01 Oktober 2026 01:04:00",NASA-SNPP,Medium,110.70601,-2.89588,False,False,False,False,False,False,Di Luar Area Pantauan (>1000m dari Desa)
Kendawangan,Natai Kuini,"Kamis, 01 Oktober 2026 01:04:00",NASA-SNPP,Medium,110.71654,-2.90477,False,False,False,False,False,False,Di Luar Area Pantauan (>1000m dari Desa)
Sungai Laur,Sempurna,"Rabu, 30 September 2026 12:40:00",NASA-NOAA20,Medium,110.43115,-1.20137,False,False,False,False,True,True,Di Luar Area Pantauan (>1000m dari Desa)
Kendawangan,Natai Kuini,"Rabu, 30 September 2026 12:40:00",NASA-NOAA20,Medium,110.71133,-2.89786,False,False,False,False,False,False,Di Luar Area Pantauan (>1000m dari Desa)
Kendawangan,Natai Kuini,"Rabu, 30 September 2026 12:40:00",NASA-NOAA20,Medium,110.71716,-2.90188,False,False,False,False,False,False,Di Luar Area Pantauan (>1000m dari Desa)
Kendawangan,Natai Kuini,"Rabu, 30 September 2026 12:40:00",NASA-NOAA20,Medium,110.71063,-2.89308,False,False,False,True,False,True,Di Luar Area Pantauan (>1000m dari Desa)
Kendawangan,Natai Kuini,"Rabu, 30 September 2026 12:40:00",NASA-NOAA20,Medium,110.70035,-2.89457,False,False,False,False,False,False,Di Luar Area Pantauan (>1000m dari Desa)
Kendawangan,Natai Kuini,"Rabu, 30 September 2026 12:40:00",NASA-NOAA20,Medium,110.70856,-2.87877,False,False,False,True,False,True,Di Luar Area Pantauan (>1000m dari Desa)
Kendawangan,Air Hitam Besar,"Rabu, 30 September 2026 12:40:00",NASA-NOAA20,Medium,110.68863,-2.88651,False,False,False,True,False,True,Di Luar Area Pantauan (>1000m dari Desa)
Kendawangan,Natai Kuini,"Rabu, 30 September 2026 12:40:00",NASA-NOAA20,Medium,110.70925,-2.88354,False,False,False,True,False,True,Di Luar Area Pantauan (>1000m dari Desa)
Kendawangan,Natai Kuini,"Rabu, 30 September 2026 12:40:00",NASA-NOAA20,Medium,110.70412,-2.88428,False,False,False,True,False,True,Di Luar Area Pantauan (>1000m dari Desa)
Kendawangan,Natai Kuini,"Rabu, 30 September 2026 12:40:00",NASA-NOAA20,Medium,110.69894,-2.88502,False,False,False,True,False,True,Di Luar Area Pantauan (>1000m dari Desa)
Kendawangan,Natai Kuini,"Rabu, 30 September 2026 12:40:00",NASA-NOAA20,Medium,110.69964,-2.8898,False,False,False,False,False,False,Di Luar Area Pantauan (>1000m dari Desa)
Kendawangan,Natai Kuini,"Rabu, 30 September 2026 12:40:00",NASA-NOAA20,Medium,110.71438,-2.8828,False,False,False,True,False,True,Di Luar Area Pantauan (>1000m dari Desa)
Kendawangan,Natai Kuini,"Rabu, 30 September 2026 12:40:00",NASA-NOAA20,Medium,110.7048,-2.88906,False,False,False,True,False,True,Di Luar Area Pantauan (>1000m dari Desa)
Kendawangan,Natai Kuini,"Rabu, 30 September 2026 12:40:00",NASA-NOAA20,Medium,110.72228,-2.90113,False,False,False,False,False,False,Di Luar Area Pantauan (>1000m dari Desa)
Kendawangan,Natai Kuini,"Rabu, 30 September 2026 12:40:00",NASA-NOAA20,Medium,110.70689,-2.90337,False,False,False,False,False,False,Di Luar Area Pantauan (>1000m dari Desa)
Kendawangan,Natai Kuini,"Rabu, 30 September 2026 12:40:00",NASA-NOAA20,Medium,110.70994,-2.88831,False,False,False,True,False,True,Di Luar Area Pantauan (>1000m dari Desa)
Jelai Hulu,Pangkalan Paket,"Rabu, 30 September 2026 12:40:00",NASA-NOAA20,Medium,110.70258,-2.00279,False,False,False,False,False,False,Di Luar Area Pantauan (>1000m dari Desa)
Jelai Hulu,Penyarang,"Rabu, 30 September 2026 12:40:00",NASA-NOAA20,Medium,110.9438,-2.03108,False,False,False,False,False,False,Di Luar Area Pantauan (>1000m dari Desa)
Marau,Batu Payung Dua,"Rabu, 30 September 2026 12:40:00",NASA-NOAA20,Medium,110.54087,-2.06156,False,False,False,False,False,False,Di Luar Area Pantauan (>1000m dari Desa)
Jelai Hulu,Tebing Berseri,"Rabu, 30 September 2026 12:40:00",NASA-NOAA20,Medium,110.87132,-1.99129,False,False,False,False,False,False,Di Luar Area Pantauan (>1000m dari Desa)
Marau,Batu Payung Dua,"Rabu, 30 September 2026 12:40:00",NASA-NOAA20,Medium,110.53828,-2.0624,False,False,False,False,False,False,Di Luar Area Pantauan (>1000m dari Desa)
Kendawangan,Natai Kuini,"Rabu, 30 September 2026 12:40:00",NASA-NOAA20,Medium,110.7075,-2.88839,False,False,False,True,False,True,Di Luar Area Pantauan (>1000m dari Desa)
Kendawangan,Natai Kuini,"Rabu, 30 September 2026 12:40:00",NASA-NOAA20,Medium,110.71705,-2.88206,False,False,False,True,False,True,Di Luar Area Pantauan (>1000m dari Desa)
Kendawangan,Natai Kuini,"Rabu, 30 September 2026 12:40:00",NASA-NOAA20,Medium,110.70237,-2.88917,False,False,False,False,False,False,Di Luar Area Pantauan (>1000m dari Desa)
Kendawangan,Natai Kuini,"Rabu, 30 September 2026 12:40:00",NASA-NOAA20,Medium,110.70169,-2.8844,False,False,False,True,False,True,Di Luar Area Pantauan (>1000m dari Desa)
Kendawangan,Natai Kuini,"Rabu, 30 September 2026 12:40:00",NASA-NOAA20,Medium,110.69654,-2.88518,False,False,False,True,False,True,Di Luar Area Pantauan (>1000m dari Desa)
Kendawangan,Natai Kuini,"Rabu, 30 September 2026 12:40:00",NASA-NOAA20,Medium,110.94337,-2.81409,False,False,False,True,False,True,Di Luar Area Pantauan (>1000m dari Desa)
Kendawangan,Natai Kuini,"Rabu, 30 September 2026 12:40:00",NASA-NOAA20,Medium,110.71195,-2.88284,False,False,False,True,False,True,Di Luar Area Pantauan (>1000m dari Desa)
Kendawangan,Natai Kuini,"Rabu, 30 September 2026 12:40:00",NASA-NOAA20,Medium,110.71262,-2.88761,False,False,False,True,False,True,Di Luar Area Pantauan (>1000m dari Desa)
Kendawangan,Natai Kuini,"Rabu, 30 September 2026 12:40:00",NASA-NOAA20,Medium,110.70888,-2.89793,False,False,False,False,False,False,Di Luar Area Pantauan (>1000m dari Desa)
Kendawangan,Natai Kuini,"Rabu, 30 September 2026 12:40:00",NASA-NOAA20,Medium,110.69792,-2.89473,False,False,False,False,False,False,Di Luar Area Pantauan (>1000m dari Desa)
Nanga Tayap,Sebadak Raya,"Rabu, 30 September 2026 12:40:00",NASA-NOAA20,Medium,110.70717,-1.4056,False,False,True,False,False,True,Di Luar Area Pantauan (>1000m dari Desa)
Nanga Tayap,Sepakat Jaya,"Rabu, 30 September 2026 12:40:00",NASA-NOAA20,Medium,110.59702,-1.47494,False,False,False,False,False,False,Di Luar Area Pantauan (>1000m dari Desa)
Nanga Tayap,Tajok Kayong,"Rabu, 30 September 2026 12:40:00",NASA-NOAA20,Medium,110.60306,-1.60604,False,False,False,False,False,False,Di Luar Area Pantauan (>1000m dari Desa)
Nanga Tayap,Betenung,"Rabu, 30 September 2026 12:40:00",NASA-NOAA20,Medium,110.86203,-1.5659,False,False,True,False,False,True,Di Luar Area Pantauan (>1000m dari Desa)
Hulu Sungai,Sekukun,"Rabu, 30 September 2026 12:40:00",NASA-NOAA20,Medium,110.77361,-1.25577,False,False,False,False,False,False,Di Luar Area Pantauan (>1000m dari Desa)
Nanga Tayap,Pangkalan Teluk,"Rabu, 30 September 2026 12:40:00",NASA-NOAA20,Medium,110.43885,-1.39642,False,False,False,False,False,False,Di Luar Area Pantauan (>1000m dari Desa)
Sungai Melayu Rayak,Karya Mukti,"Rabu, 30 September 2026 12:40:00",NASA-NOAA20,Medium,110.47131,-1.72515,False,False,False,False,False,False,Di Luar Area Pantauan (>1000m dari Desa)
Sandai,Randau Jungkal,"Rabu, 30 September 2026 12:40:00",NASA-NOAA20,Medium,110.70971,-1.18968,False,False,False,False,False,False,Di Luar Area Pantauan (>1000m dari Desa)
Hulu Sungai,Riam Dadap,"Rabu, 30 September 2026 12:40:00",NASA-NOAA20,Medium,110.80472,-1.1707,False,False,False,False,False,False,Di Luar Area Pantauan (>1000m dari Desa)
Sungai Laur,Sempurna,"Rabu, 30 September 2026 12:40:00",NASA-NOAA20,Medium,110.41678,-1.20846,False,False,False,False,True,True,Di Luar Area Pantauan (>1000m dari Desa)
Sungai Laur,Sempurna,"Rabu, 30 September 2026 12:40:00",NASA-NOAA20,Medium,110.42178,-1.20768,False,False,False,False,True,True,Di Luar Area Pantauan (>1000m dari Desa)
Sungai Laur,Sempurna,"Rabu, 30 September 2026 12:40:00",NASA-NOAA20,Medium,110.42979,-1.19189,False,False,False,False,True,True,Di Luar Area Pantauan (>1000m dari Desa)
Sandai,Muara Jekak,"Rabu, 30 September 2026 12:40:00",NASA-NOAA20,Medium,110.57347,-1.1648,False,False,False,False,False,False,Di Luar Area Pantauan (>1000m dari Desa)
Hulu Sungai,Cinta Manis,"Rabu, 30 September 2026 12:40:00",NASA-NOAA20,Medium,110.73242,-1.1307,False,False,False,False,False,False,Di Luar Area Pantauan (>1000m dari Desa)
Sungai Laur,Sempurna,"Rabu, 30 September 2026 12:40:00",NASA-NOAA20,Medium,110.44772,-1.1746,False,False,False,False,False,False,Di Luar Area Pantauan (>1000m dari Desa)
Sandai,Pendamaran Indah,"Rabu, 30 September 2026 12:40:00",NASA-NOAA20,Medium,110.63074,-1.06696,False,False,False,False,False,False,Di Luar Area Pantauan (>1000m dari Desa)
Sandai,Merimbang Jaya,"Rabu, 30 September 2026 12:40:00",NASA-NOAA20,Medium,110.58195,-1.0746,False,False,False,False,False,False,Di Luar Area Pantauan (>1000m dari Desa)
Hulu Sungai,Riam Dadap,"Rabu, 30 September 2026 12:40:00",NASA-NOAA20,Medium,110.84486,-1.17879,False,False,False,False,False,False,Di Luar Area Pantauan (>1000m dari Desa)
Sandai,Randau Jungkal,"Rabu, 30 September 2026 12:40:00",NASA-NOAA20,Medium,110.70825,-1.18041,False,False,False,False,False,False,Di Luar Area Pantauan (>1000m dari Desa)
Sandai,Randau Jungkal,"Rabu, 30 September 2026 12:40:00",NASA-NOAA20,Medium,110.70412,-1.18577,False,False,False,False,False,False,Di Luar Area Pantauan (>1000m dari Desa)
Hulu Sungai,Riam Dadap,"Rabu, 30 September 2026 12:40:00",NASA-NOAA20,Medium,110.80878,-1.16537,False,False,False,False,False,False,Di Luar Area Pantauan (>1000m dari Desa)
Hulu Sungai,Cinta Manis,"Rabu, 30 September 2026 12:40:00",NASA-NOAA20,Medium,110.75146,-1.17394,False,False,False,False,False,False,Di Luar Area Pantauan (>1000m dari Desa)
Sungai Laur,Sempurna,"Rabu, 30 September 2026 12:40:00",NASA-NOAA20,Medium,110.43538,-1.19587,False,False,False,False,True,True,Di Luar Area Pantauan (>1000m dari Desa)
Hulu Sungai,Cinta Manis,"Rabu, 30 September 2026 12:40:00",NASA-NOAA20,Medium,110.78168,-1.17887,False,False,False,False,False,False,Di Luar Area Pantauan (>1000m dari Desa)
Sandai,Randau Jungkal,"Rabu, 30 September 2026 12:40:00",NASA-NOAA20,Medium,110.70899,-1.18504,False,False,False,False,False,False,Di Luar Area Pantauan (>1000m dari Desa)
Hulu Sungai,Riam Dadap,"Rabu, 30 September 2026 12:40:00",NASA-NOAA20,Medium,110.85165,-1.15896,False,False,True,False,False,True,Di Luar Area Pantauan (>1000m dari Desa)
Sandai,Randau Jungkal,"Rabu, 30 September 2026 12:40:00",NASA-NOAA20,Medium,110.71384,-1.18432,False,False,False,False,False,False,Di Luar Area Pantauan (>1000m dari Desa)
Sungai Laur,Sempurna,"Rabu, 30 September 2026 12:40:00",NASA-NOAA20,Medium,110.42773,-1.19328,False,False,False,False,True,True,Di Luar Area Pantauan (>1000m dari Desa)
Sandai,Randau Jungkal,"Rabu, 30 September 2026 12:40:00",NASA-NOAA20,Medium,110.71194,-1.12437,False,False,False,False,False,False,Di Luar Area Pantauan (>1000m dari Desa)
Sungai Laur,Teluk Bayur,"Rabu, 30 September 2026 12:40:00",NASA-NOAA20,Medium,110.50599,-1.15117,False,False,False,False,True,True,Di Luar Area Pantauan (>1000m dari Desa)
Sungai Laur,Sempurna,"Rabu, 30 September 2026 12:40:00",NASA-NOAA20,Medium,110.42874,-1.20281,False,False,False,False,True,True,Di Luar Area Pantauan (>1000m dari Desa)
Sandai,Randau Jungkal,"Rabu, 30 September 2026 12:40:00",NASA-NOAA20,Medium,110.7034,-1.18113,False,False,False,False,False,False,Di Luar Area Pantauan (>1000m dari Desa)
Hulu Sungai,Cinta Manis,"Rabu, 30 September 2026 12:40:00",NASA-NOAA20,Medium,110.76033,-1.16789,False,False,False,False,False,False,Di Luar Area Pantauan (>1000m dari Desa)
Sandai,Randau Jungkal,"Rabu, 30 September 2026 12:40:00",NASA-NOAA20,Medium,110.68594,-1.16473,False,False,False,False,False,False,Di Luar Area Pantauan (>1000m dari Desa)
Hulu Sungai,Menyumbung,"Rabu, 30 September 2026 12:40:00",NASA-NOAA20,Medium,110.74641,-1.0576,False,False,False,False,False,False,Di Luar Area Pantauan (>1000m dari Desa)
Sandai,Merimbang Jaya,"Rabu, 30 September 2026 12:40:00",NASA-NOAA20,Medium,110.5807,-1.07752,False,False,False,False,False,False,Di Luar Area Pantauan (>1000m dari Desa)
Sandai,Pendamaran Indah,"Rabu, 30 September 2026 12:40:00",NASA-NOAA20,Medium,110.596,-1.08002,False,False,False,False,False,False,Di Luar Area Pantauan (>1000m dari Desa)
Sandai,Pendamaran Indah,"Rabu, 30 September 2026 12:40:00",NASA-NOAA20,Medium,110.62628,-1.11366,False,False,False,False,False,False,Di Luar Area Pantauan (>1000m dari Desa)
Sandai,Pendamaran Indah,"Rabu, 30 September 2026 12:40:00",NASA-NOAA20,Medium,110.62753,-1.05626,False,False,False,False,False,False,Di Luar Area Pantauan (>1000m dari Desa)
Sandai,Pendamaran Indah,"Rabu, 30 September 2026 12:40:00",NASA-NOAA20,Medium,110.60298,-1.05988,False,False,False,False,False,False,Di Luar Area Pantauan (>1000m dari Desa)
Sandai,Merimbang Jaya,"Rabu, 30 September 2026 12:40:00",NASA-NOAA20,Medium,110.55743,-1.12411,False,False,False,False,False,False,Di Luar Area Pantauan (>1000m dari Desa)
Sandai,Pendamaran Indah,"Rabu, 30 September 2026 12:40:00",NASA-NOAA20,Medium,110.6519,-1.05266,False,False,False,False,False,False,Di Luar Area Pantauan (>1000m dari Desa)
Sandai,Merimbang Jaya,"Rabu, 30 September 2026 12:40:00",NASA-NOAA20,Medium,110.58479,-1.07213,False,False,False,False,False,False,Di Luar Area Pantauan (>1000m dari Desa)
Nanga Tayap,Pangkalan Teluk,"Rabu, 30 September 2026 12:40:00",NASA-NOAA20,Medium,110.44255,-1.40636,False,False,False,False,False,False,Di Luar Area Pantauan (>1000m dari Desa)
Hulu Sungai,Lubuk Kakap,"Rabu, 30 September 2026 12:40:00",NASA-NOAA20,Medium,111.13132,-1.29896,False,False,False,False,False,False,Di Luar Area Pantauan (>1000m dari Desa)
Matan Hilir Utara,Lamon Satong,"Rabu, 30 September 2026 12:40:00",NASA-NOAA20,Medium,110.26447,-1.4282,False,False,True,False,False,True,Di Luar Area Pantauan (>1000m dari Desa)
Nanga Tayap,Pangkalan Teluk,"Rabu, 30 September 2026 12:40:00",NASA-NOAA20,Medium,110.4401,-1.40594,False,False,False,False,False,False,Di Luar Area Pantauan (>1000m dari Desa)
Jelai Hulu,Karang Dangin,"Rabu, 30 September 2026 12:40:00",NASA-NOAA20,Medium,110.91814,-1.90833,False,False,False,False,False,False,Di Luar Area Pantauan (>1000m dari Desa)
Nanga Tayap,Tajok Kayong,"Rabu, 30 September 2026 12:40:00",NASA-NOAA20,Medium,110.60373,-1.61076,False,False,False,False,False,False,Di Luar Area Pantauan (>1000m dari Desa)
Nanga Tayap,Betenung,"Rabu, 30 September 2026 12:40:00",NASA-NOAA20,Medium,110.8534,-1.58035,False,False,False,False,False,False,Di Luar Area Pantauan (>1000m dari Desa)
Nanga Tayap,Tajok Kayong,"Rabu, 30 September 2026 12:40:00",NASA-NOAA20,Medium,110.60204,-1.60789,False,False,False,False,False,False,Di Luar Area Pantauan (>1000m dari Desa)
Jelai Hulu,Pasir Mayang,"Rabu, 30 September 2026 12:40:00",NASA-NOAA20,Medium,110.78395,-1.84899,False,False,False,False,False,False,Di Luar Area Pantauan (>1000m dari Desa)
Tumbang Titi,Mahawa,"Rabu, 30 September 2026 12:40:00",NASA-NOAA20,Medium,110.74865,-1.93825,False,False,False,False,False,False,Di Luar Area Pantauan (>1000m dari Desa)
Sandai,Pendamaran Indah,"Rabu, 30 September 2026 12:40:00",NASA-NOAA20,Medium,110.62753,-1.04363,False,False,False,False,False,False,Di Luar Area Pantauan (>1000m dari Desa)
Sandai,Pendamaran Indah,"Rabu, 30 September 2026 12:40:00",NASA-NOAA20,Medium,110.65308,-1.04919,False,False,True,False,True,True,Di Luar Area Pantauan (>1000m dari Desa)
Sandai,Pendamaran Indah,"Rabu, 30 September 2026 12:40:00",NASA-NOAA20,Medium,110.6239,-1.05372,False,False,False,False,False,False,Di Luar Area Pantauan (>1000m dari Desa)
Sandai,Pendamaran Indah,"Rabu, 30 September 2026 12:40:00",NASA-NOAA20,Medium,110.62877,-1.05297,False,False,False,False,False,False,Di Luar Area Pantauan (>1000m dari Desa)
Sungai Laur,Sungai Daka,"Rabu, 30 September 2026 12:40:00",NASA-NOAA20,Medium,110.51167,-1.00872,False,False,False,False,False,False,Di Luar Area Pantauan (>1000m dari Desa)
Simpang Hilir,Matan Jaya,"Rabu, 30 September 2026 12:40:00",NASA-NOAA20,Medium,110.27287,-1.00082,False,False,False,False,False,False,Di Luar Area Pantauan (>1000m dari Desa)
Hulu Sungai,Senduruhan,"Rabu, 30 September 2026 12:40:00",NASA-NOAA20,Medium,110.67769,-0.98365,False,False,False,False,False,False,Di Luar Area Pantauan (>1000m dari Desa)
Hulu Sungai,Senduruhan,"Rabu, 30 September 2026 12:40:00",NASA-NOAA20,Medium,110.67286,-0.98438,False,False,False,False,False,False,Di Luar Area Pantauan (>1000m dari Desa)
Sungai Laur,Kepari,"Rabu, 30 September 2026 12:40:00",NASA-NOAA20,Medium,110.58842,-0.84821,False,False,False,False,False,False,Di Luar Area Pantauan (>1000m dari Desa)
Sungai Laur,Kepari,"Rabu, 30 September 2026 12:40:00",NASA-NOAA20,Medium,110.58527,-0.84706,False,False,False,False,False,False,Di Luar Area Pantauan (>1000m dari Desa)
Hulu Sungai,Menyumbung,"Rabu, 30 September 2026 12:40:00",NASA-NOAA20,Medium,110.74423,-1.00194,False,False,False,False,True,True,Di Luar Area Pantauan (>1000m dari Desa)
Sungai Laur,Riam Bunut,"Rabu, 30 September 2026 12:40:00",NASA-NOAA20,Medium,110.47268,-0.9695,False,False,False,False,False,False,Di Luar Area Pantauan (>1000m dari Desa)
Sungai Laur,Lanjut Mekar Sari,"Rabu, 30 September 2026 12:40:00",NASA-NOAA20,Medium,110.51442,-0.94382,False,False,False,False,False,False,Di Luar Area Pantauan (>1000m dari Desa)
Sungai Laur,Lanjut Mekar Sari,"Rabu, 30 September 2026 12:40:00",NASA-NOAA20,Medium,110.54616,-0.95328,False,False,False,False,False,False,Di Luar Area Pantauan (>1000m dari Desa)
Sungai Laur,Sungai Daka,"Rabu, 30 September 2026 12:40:00",NASA-NOAA20,Medium,110.47121,-0.99381,False,False,False,False,False,False,Di Luar Area Pantauan (>1000m dari Desa)
Simpang Hilir,Matan Jaya,"Rabu, 30 September 2026 12:40:00",NASA-NOAA20,Medium,110.27056,-1.00098,False,False,False,False,False,False,Di Luar Area Pantauan (>1000m dari Desa)
Sandai,Randau,"Rabu, 30 September 2026 12:40:00",NASA-NOAA20,Medium,110.63334,-0.93497,False,False,False,False,False,False,Di Luar Area Pantauan (>1000m dari Desa)
Sandai,Randau,"Rabu, 30 September 2026 12:40:00",NASA-NOAA20,Medium,110.58975,-0.99216,False,False,False,False,False,False,Di Luar Area Pantauan (>1000m dari Desa)
Sungai Laur,Sempurna,"Rabu, 30 September 2026 12:40:00",NASA-NOAA20,Medium,110.43797,-1.1966,False,False,False,False,True,True,Di Luar Area Pantauan (>1000m dari Desa)
Sungai Laur,Sempurna,"Rabu, 30 September 2026 12:40:00",NASA-NOAA20,Medium,110.41934,-1.20905,False,False,False,False,True,True,Di Luar Area Pantauan (>1000m dari Desa)
Sungai Laur,Sempurna,"Rabu, 30 September 2026 12:40:00",NASA-NOAA20,Medium,110.43301,-1.19734,False,False,False,False,True,True,Di Luar Area Pantauan (>1000m dari Desa)
Sungai Laur,Sempurna,"Rabu, 30 September 2026 12:40:00",NASA-NOAA20,Medium,110.41873,-1.20429,False,False,False,False,True,True,Di Luar Area Pantauan (>1000m dari Desa)
Nanga Tayap,Sebadak Raya,"Rabu, 30 September 2026 12:40:00",NASA-NOAA20,Medium,110.72143,-1.35288,False,False,False,False,False,False,Di Luar Area Pantauan (>1000m dari Desa)
Nanga Tayap,Mensubang,"Rabu, 30 September 2026 12:40:00",NASA-NOAA20,Medium,110.47083,-1.3334,False,False,False,False,False,False,Di Luar Area Pantauan (>1000m dari Desa)
Hulu Sungai,Sekukun,"Rabu, 30 September 2026 12:40:00",NASA-NOAA20,Medium,110.7756,-1.25457,False,False,False,False,False,False,Di Luar Area Pantauan (>1000m dari Desa)
Sandai,Penjawaan,"Rabu, 30 September 2026 12:40:00",NASA-NOAA20,Medium,110.49594,-1.32963,False,False,False,False,False,False,Di Luar Area Pantauan (>1000m dari Desa)
Hulu Sungai,Sekukun,"Rabu, 30 September 2026 12:40:00",NASA-NOAA20,Medium,110.81898,-1.28119,False,False,True,False,False,True,Di Luar Area Pantauan (>1000m dari Desa)
Hulu Sungai,Cinta Manis,"Rabu, 30 September 2026 12:40:00",NASA-NOAA20,Medium,110.804,-1.16609,False,False,False,False,False,False,Di Luar Area Pantauan (>1000m dari Desa)
Sokan,Nanga Libas,"Rabu, 30 September 2026 12:40:00",NASA-NOAA20,Medium,111.4854,-1.10451,False,False,False,False,False,False,Di Luar Area Pantauan (>1000m dari Desa)
Sandai,Merimbang Jaya,"Rabu, 30 September 2026 12:40:00",NASA-NOAA20,Medium,110.56094,-1.0683,False,False,False,False,True,True,Di Luar Area Pantauan (>1000m dari Desa)
Sungai Laur,Merabu Jaya,"Rabu, 30 September 2026 12:40:00",NASA-NOAA20,Medium,110.66338,-0.67667,False,False,False,False,False,False,Di Luar Area Pantauan (>1000m dari Desa)
Sungai Laur,Merabu Jaya,"Rabu, 30 September 2026 12:40:00",NASA-NOAA20,Medium,110.64297,-0.67032,False,False,False,False,False,False,Di Luar Area Pantauan (>1000m dari Desa)
Simpang Hulu,Paoh Concong,"Rabu, 30 September 2026 12:40:00",NASA-NOAA20,Medium,110.39338,-0.70827,False,False,False,False,False,False,Di Luar Area Pantauan (>1000m dari Desa)
Nanga Mahap,Lembah Beringin,"Rabu, 30 September 2026 12:40:00",NASA-NOAA20,Medium,110.79069,-0.65254,False,False,True,False,False,True,Di Luar Area Pantauan (>1000m dari Desa)
Sungai Laur,Merabu Jaya,"Rabu, 30 September 2026 12:40:00",NASA-NOAA20,Medium,110.64772,-0.6696,False,False,False,False,False,False,Di Luar Area Pantauan (>1000m dari Desa)
Sungai Laur,Merabu Jaya,"Rabu, 30 September 2026 12:40:00",NASA-NOAA20,Medium,110.6675,-0.67132,False,False,False,False,False,False,Di Luar Area Pantauan (>1000m dari Desa)
Nanga Mahap,Cenayan,"Rabu, 30 September 2026 12:40:00",NASA-NOAA20,Medium,110.64732,-0.39775,False,False,False,False,False,False,Di Luar Area Pantauan (>1000m dari Desa)
Simpang Hulu,Sekucing Labai,"Rabu, 30 September 2026 12:40:00",NASA-NOAA20,Medium,110.31889,-0.46846,False,False,False,False,False,False,Di Luar Area Pantauan (>1000m dari Desa)
Hulu Sungai,Cinta Manis,"Rabu, 30 September 2026 12:40:00",NASA-NOAA20,Medium,110.81296,-1.14655,False,False,True,False,True,True,Di Luar Area Pantauan (>1000m dari Desa)
Sandai,Demit,"Rabu, 30 September 2026 12:40:00",NASA-NOAA20,Medium,110.68351,-1.16678,False,False,False,False,False,False,Di Luar Area Pantauan (>1000m dari Desa)
Sandai,Pendamaran Indah,"Rabu, 30 September 2026 12:40:00",NASA-NOAA20,Medium,110.62889,-1.06559,False,False,False,False,False,False,Di Luar Area Pantauan (>1000m dari Desa)
Hulu Sungai,Menyumbung,"Rabu, 30 September 2026 12:40:00",NASA-NOAA20,Medium,110.74754,-1.05341,False,False,False,False,False,False,Di Luar Area Pantauan (>1000m dari Desa)
Sandai,Merimbang Jaya,"Rabu, 30 September 2026 12:40:00",NASA-NOAA20,Medium,110.59236,-1.07775,False,False,False,False,False,False,Di Luar Area Pantauan (>1000m dari Desa)
Hulu Sungai,Benua Krio,"Rabu, 30 September 2026 12:40:00",NASA-NOAA20,Medium,110.74281,-1.06759,False,False,False,False,False,False,Di Luar Area Pantauan (>1000m dari Desa)
Sandai,Merimbang Jaya,"Rabu, 30 September 2026 12:40:00",NASA-NOAA20,Medium,110.57843,-1.09699,False,False,False,False,False,False,Di Luar Area Pantauan (>1000m dari Desa)
Sandai,Randau Jungkal,"Rabu, 30 September 2026 12:40:00",NASA-NOAA20,Medium,110.71268,-1.129,False,False,False,False,False,False,Di Luar Area Pantauan (>1000m dari Desa)
Sandai,Randau Jungkal,"Rabu, 30 September 2026 12:40:00",NASA-NOAA20,Medium,110.70325,-1.13045,False,False,False,False,False,False,Di Luar Area Pantauan (>1000m dari Desa)
Sungai Laur,Sempurna,"Rabu, 30 September 2026 12:40:00",NASA-NOAA20,Medium,110.42625,-1.20213,False,False,False,False,True,True,Di Luar Area Pantauan (>1000m dari Desa)
Toba,Kampung Baru,"Rabu, 30 September 2026 12:40:00",NASA-NOAA20,Medium,110.07738,-0.24192,False,False,False,False,False,False,Di Luar Area Pantauan (>1000m dari Desa)
Simpang Hulu,Sekucing Labai,"Rabu, 30 September 2026 12:40:00",NASA-NOAA20,Medium,110.05124,-0.39276,False,False,True,True,False,True,Di Luar Area Pantauan (>1000m dari Desa)
Sepauk,Bangun,"Rabu, 30 September 2026 12:40:00",NASA-NOAA20,Medium,111.15766,-0.20998,False,False,False,False,False,False,Di Luar Area Pantauan (>1000m dari Desa)
Simpang Hulu,Sekucing Labai,"Rabu, 30 September 2026 12:40:00",NASA-NOAA20,Medium,110.04899,-0.39354,False,False,True,False,False,True,Di Luar Area Pantauan (>1000m dari Desa)
Sungai Laur,Bayun Sari,"Rabu, 30 September 2026 12:40:00",NASA-NOAA20,Medium,110.45486,-1.03658,False,False,False,False,False,False,Di Luar Area Pantauan (>1000m dari Desa)
Sandai,Randau,"Rabu, 30 September 2026 12:40:00",NASA-NOAA20,Medium,110.5791,-1.02243,False,False,False,False,False,False,Di Luar Area Pantauan (>1000m dari Desa)
Sungai Laur,Riam Bunut,"Rabu, 30 September 2026 12:40:00",NASA-NOAA20,Medium,110.47041,-0.97163,False,False,False,False,False,False,Di Luar Area Pantauan (>1000m dari Desa)
Sungai Laur,Bengaras,"Rabu, 30 September 2026 12:40:00",NASA-NOAA20,Medium,110.49742,-0.98204,False,False,False,False,False,False,Di Luar Area Pantauan (>1000m dari Desa)
Sungai Laur,Sungai Daka,"Rabu, 30 September 2026 12:40:00",NASA-NOAA20,Medium,110.4733,-0.99045,False,False,False,False,False,False,Di Luar Area Pantauan (>1000m dari Desa)
Hulu Sungai,Sunge Bengaras,"Rabu, 30 September 2026 12:40:00",NASA-NOAA20,Medium,110.79416,-0.75506,False,False,False,False,False,False,Di Luar Area Pantauan (>1000m dari Desa)
Sungai Laur,Bengaras,"Rabu, 30 September 2026 12:40:00",NASA-NOAA20,Medium,110.49245,-0.98278,False,False,False,False,False,False,Di Luar Area Pantauan (>1000m dari Desa)
Sungai Laur,Sungai Daka,"Rabu, 30 September 2026 12:40:00",NASA-NOAA20,Medium,110.46835,-0.99118,False,False,False,False,False,False,Di Luar Area Pantauan (>1000m dari Desa)
Simpang Hulu,Sekucing Kualan,"Rabu, 30 September 2026 12:40:00",NASA-NOAA20,Medium,110.07971,-0.68747,False,False,False,False,False,False,Di Luar Area Pantauan (>1000m dari Desa)
Simpang Hulu,Sekucing Labai,"Rabu, 30 September 2026 12:40:00",NASA-NOAA20,Medium,110.32107,-0.46992,False,False,False,False,False,False,Di Luar Area Pantauan (>1000m dari Desa)
Simpang Hulu,Kualan Hilir,"Rabu, 30 September 2026 12:40:00",NASA-NOAA20,Medium,110.19897,-0.66898,False,False,False,False,False,False,Di Luar Area Pantauan (>1000m dari Desa)
Simpang Hulu,Sekucing Kualan,"Rabu, 30 September 2026 12:40:00",NASA-NOAA20,Medium,110.11842,-0.6962,False,False,False,False,False,False,Di Luar Area Pantauan (>1000m dari Desa)
Sandai,Randau,"Rabu, 30 September 2026 12:40:00",NASA-NOAA20,Medium,110.5892,-0.98747,False,False,False,False,False,False,Di Luar Area Pantauan (>1000m dari Desa)
Hulu Sungai,Sekukun,"Rabu, 30 September 2026 12:40:00",NASA-NOAA20,Medium,110.82379,-1.28047,False,False,True,False,False,True,Di Luar Area Pantauan (>1000m dari Desa)
Sungai Laur,Kepari,"Rabu, 30 September 2026 12:40:00",NASA-NOAA20,Medium,110.57093,-0.91599,False,False,False,False,False,False,Di Luar Area Pantauan (>1000m dari Desa)
Sandai,Pendamaran Indah,"Rabu, 30 September 2026 12:40:00",NASA-NOAA20,Medium,110.62547,-1.10901,False,False,False,False,False,False,Di Luar Area Pantauan (>1000m dari Desa)
Sandai,Merimbang Jaya,"Rabu, 30 September 2026 12:40:00",NASA-NOAA20,Medium,110.55892,-1.06639,False,False,False,False,True,True,Di Luar Area Pantauan (>1000m dari Desa)
Hulu Sungai,Menyumbung,"Rabu, 30 September 2026 12:40:00",NASA-NOAA20,Medium,110.74787,-1.05809,False,False,False,False,False,False,Di Luar Area Pantauan (>1000m dari Desa)
Sandai,Pendamaran Indah,"Rabu, 30 September 2026 12:40:00",NASA-NOAA20,Medium,110.62697,-1.03895,False,False,False,False,False,False,Di Luar Area Pantauan (>1000m dari Desa)
Sungai Laur,Sempurna,"Rabu, 30 September 2026 12:40:00",NASA-NOAA20,Medium,110.43051,-1.19662,False,False,False,False,True,True,Di Luar Area Pantauan (>1000m dari Desa)
Sandai,Pendamaran Indah,"Rabu, 30 September 2026 12:40:00",NASA-NOAA20,Medium,110.60007,-1.06221,False,False,False,False,False,False,Di Luar Area Pantauan (>1000m dari Desa)
Hulu Sungai,Benua Krio,"Rabu, 30 September 2026 12:40:00",NASA-NOAA20,Medium,110.73174,-1.12607,False,False,False,False,False,False,Di Luar Area Pantauan (>1000m dari Desa)
Sungai Laur,Sempurna,"Rabu, 30 September 2026 12:40:00",NASA-NOAA20,Medium,110.40683,-1.17605,False,False,False,False,False,False,Di Luar Area Pantauan (>1000m dari Desa)
Nanga Tayap,Sebadak Raya,"Rabu, 30 September 2026 12:40:00",NASA-NOAA20,Medium,110.70226,-1.40633,False,False,False,False,False,False,Di Luar Area Pantauan (>1000m dari Desa)
Simpang Hulu,Paoh Concong,"Rabu, 30 September 2026 12:40:00",NASA-NOAA20,Medium,110.40052,-0.68792,False,False,False,False,False,False,Di Luar Area Pantauan (>1000m dari Desa)
Simpang Hulu,Paoh Concong,"Rabu, 30 September 2026 12:40:00",NASA-NOAA20,Medium,110.43182,-0.69281,False,False,False,False,False,False,Di Luar Area Pantauan (>1000m dari Desa)
Simpang Hulu,Paoh Concong,"Rabu, 30 September 2026 12:40:00",NASA-NOAA20,Medium,110.42687,-0.69356,False,False,False,False,False,False,Di Luar Area Pantauan (>1000m dari Desa)
Hulu Sungai,Menyumbung,"Rabu, 30 September 2026 12:40:00",NASA-NOAA20,Medium,110.75423,-1.00513,False,False,False,False,False,False,Di Luar Area Pantauan (>1000m dari Desa)
Hulu Sungai,Menyumbung,"Rabu, 30 September 2026 12:40:00",NASA-NOAA20,Medium,110.74883,-1.00124,False,False,False,False,False,False,Di Luar Area Pantauan (>1000m dari Desa)
Hulu Sungai,Cinta Manis,"Rabu, 30 September 2026 12:40:00",NASA-NOAA20,Medium,110.81087,-1.14621,False,False,True,False,True,True,Di Luar Area Pantauan (>1000m dari Desa)
Sekadau Hulu,Cupang Gading,"Rabu, 30 September 2026 12:40:00",NASA-NOAA20,Medium,110.86298,-0.18207,False,False,False,False,False,False,Di Luar Area Pantauan (>1000m dari Desa)
Sungai Laur,Bengaras,"Rabu, 30 September 2026 12:40:00",NASA-NOAA20,Medium,110.49534,-0.9852,False,False,False,False,False,False,Di Luar Area Pantauan (>1000m dari Desa)
Hulu Sungai,Riam Dadap,"Rabu, 30 September 2026 12:40:00",NASA-NOAA20,Medium,110.80579,-1.20827,False,False,False,False,False,False,Di Luar Area Pantauan (>1000m dari Desa)
Jelai Hulu,Air Dua,"Rabu, 30 September 2026 12:40:00",NASA-NOAA20,Medium,110.82235,-1.9273,False,False,False,False,False,False,Di Luar Area Pantauan (>1000m dari Desa)
Jelai Hulu,Limpang,"Rabu, 30 September 2026 12:40:00",NASA-NOAA20,Medium,110.85439,-1.90828,False,False,False,False,False,False,Di Luar Area Pantauan (>1000m dari Desa)
Jelai Hulu,Pangkalan Paket,"Rabu, 30 September 2026 12:40:00",NASA-NOAA20,Medium,110.70977,-1.98246,False,False,False,False,False,False,Di Luar Area Pantauan (>1000m dari Desa)
Kendawangan,Natai Kuini,"Rabu, 30 September 2026 12:40:00",NASA-NOAA20,Medium,110.714,-2.89715,False,False,False,False,False,False,Di Luar Area Pantauan (>1000m dari Desa)
Kendawangan,Natai Kuini,"Rabu, 30 September 2026 12:40:00",NASA-NOAA20,Medium,110.701,-2.87963,False,False,False,True,False,True,Di Luar Area Pantauan (>1000m dari Desa)
Kendawangan,Natai Kuini,"Rabu, 30 September 2026 12:40:00",NASA-NOAA20,Medium,110.70615,-2.87885,False,False,False,True,False,True,Di Luar Area Pantauan (>1000m dari Desa)
Kendawangan,Natai Kuini,"Rabu, 30 September 2026 12:40:00",NASA-NOAA20,Medium,110.70818,-2.89316,False,False,False,False,False,False,Di Luar Area Pantauan (>1000m dari Desa)
Nanga Tayap,Betenung,"Rabu, 30 September 2026 12:40:00",NASA-NOAA20,Medium,110.85443,-1.58127,False,False,False,False,False,False,Di Luar Area Pantauan (>1000m dari Desa)
Kendawangan,Natai Kuini,"Rabu, 30 September 2026 12:40:00",NASA-NOAA20,Medium,110.71126,-2.87807,False,False,False,True,False,True,Di Luar Area Pantauan (>1000m dari Desa)
Jelai Hulu,Penyarang,"Rabu, 30 September 2026 12:40:00",NASA-NOAA20,Medium,110.90601,-2.04147,False,False,False,False,False,False,Di Luar Area Pantauan (>1000m dari Desa)
Kendawangan,Natai Kuini,"Rabu, 30 September 2026 12:40:00",NASA-NOAA20,Medium,110.69723,-2.88996,False,False,False,False,False,False,Di Luar Area Pantauan (>1000m dari Desa)
Kendawangan,Natai Kuini,"Rabu, 30 September 2026 12:40:00",NASA-NOAA20,Medium,110.69379,-2.88577,False,False,False,True,False,True,Di Luar Area Pantauan (>1000m dari Desa)
Kendawangan,Pembedilan,"Rabu, 30 September 2026 12:40:00",NASA-NOAA20,Medium,110.43107,-2.76315,False,False,False,False,True,True,Di Luar Area Pantauan (>1000m dari Desa)
Ketungau Hilir,Sungai Mali,"Rabu, 30 September 2026 12:42:00",NASA-NOAA20,Medium,111.73376,0.58112,False,False,False,False,False,False,Di Luar Area Pantauan (>1000m dari Desa)
Kapuas,Sungai Muntik,"Rabu, 30 September 2026 12:42:00",NASA-NOAA20,Medium,110.5957,0.01198,False,False,False,False,False,False,Di Luar Area Pantauan (>1000m dari Desa)
Kapuas,Sungai Muntik,"Rabu, 30 September 2026 12:42:00",NASA-NOAA20,Medium,110.59088,0.01126,False,False,False,False,False,False,Di Luar Area Pantauan (>1000m dari Desa)
Toba,Teraju,"Rabu, 30 September 2026 12:42:00",NASA-NOAA20,Medium,110.13042,-0.20935,False,False,False,False,False,False,Di Luar Area Pantauan (>1000m dari Desa)
Belitang,Melanjan Raya,"Rabu, 30 September 2026 12:42:00",NASA-NOAA20,Medium,111.15177,0.23499,False,False,False,False,False,False,Di Luar Area Pantauan (>1000m dari Desa)
Kalis,Nanga Lebangan,"Rabu, 30 September 2026 12:42:00",NASA-NOAA20,Medium,113.0558,0.65619,False,False,False,False,False,False,Di Luar Area Pantauan (>1000m dari Desa)
Sengah Temila,Aur Sampuk,"Rabu, 30 September 2026 12:42:00",NASA-NOAA20,Medium,109.57115,0.32089,False,False,False,False,False,False,Di Luar Area Pantauan (>1000m dari Desa)
Kapuas,Sungai Muntik,"Rabu, 30 September 2026 12:42:00",NASA-NOAA20,Medium,110.59231,0.01142,False,False,False,False,False,False,Di Luar Area Pantauan (>1000m dari Desa)
Ngabang,Rasan,"Rabu, 30 September 2026 12:42:00",NASA-NOAA20,Medium,109.95187,0.50295,False,False,False,False,False,False,Di Luar Area Pantauan (>1000m dari Desa)
Kembayan,Tanjung Bunga,"Rabu, 30 September 2026 12:42:00",NASA-NOAA20,Medium,110.27749,0.59514,False,False,False,False,True,True,Di Luar Area Pantauan (>1000m dari Desa)
Kuala Behe,Semedang,"Rabu, 30 September 2026 12:42:00",NASA-NOAA20,Medium,110.03605,0.61924,False,False,False,False,False,False,Di Luar Area Pantauan (>1000m dari Desa)
Beduai,Sungai Ilai,"Rabu, 30 September 2026 12:42:00",NASA-NOAA20,Medium,110.29189,0.66401,False,False,False,False,False,False,Di Luar Area Pantauan (>1000m dari Desa)
Ledo,Semangat,"Rabu, 30 September 2026 12:42:00",NASA-NOAA20,Medium,109.53323,1.07929,False,False,False,False,False,False,Di Luar Area Pantauan (>1000m dari Desa)
Ledo,Semangat,"Rabu, 30 September 2026 12:42:00",NASA-NOAA20,Medium,109.53854,1.08013,False,False,False,False,False,False,Di Luar Area Pantauan (>1000m dari Desa)
Kembayan,Tanjung Bunga,"Rabu, 30 September 2026 12:42:00",NASA-NOAA20,Medium,110.28227,0.59591,False,False,False,False,False,False,Di Luar Area Pantauan (>1000m dari Desa)
Suhaid,Mantan,"Rabu, 30 September 2026 12:42:00",NASA-NOAA20,Medium,112.02993,0.54389,False,False,False,False,False,False,Di Luar Area Pantauan (>1000m dari Desa)
Kembayan,Tanjung Bunga,"Rabu, 30 September 2026 12:42:00",NASA-NOAA20,Medium,110.28005,0.5922,False,False,False,False,False,False,Di Luar Area Pantauan (>1000m dari Desa)
Air Besar,Merayuh,"Rabu, 30 September 2026 12:42:00",NASA-NOAA20,Medium,110.22543,0.90753,True,False,True,False,False,True,Prioritas 1 (Tinggi)
Air Besar,Merayuh,"Rabu, 30 September 2026 12:42:00",NASA-NOAA20,Medium,110.22695,0.91101,True,False,True,False,False,True,Prioritas 1 (Tinggi)
Jagoi Babang,Jagoi,"Rabu, 30 September 2026 12:42:00",NASA-NOAA20,Medium,109.906,1.3153,False,False,False,False,False,False,Di Luar Area Pantauan (>1000m dari Desa)
Beduai,Sungai Ilai,"Rabu, 30 September 2026 12:42:00",NASA-NOAA20,Medium,110.29252,0.65936,False,False,False,False,False,False,Di Luar Area Pantauan (>1000m dari Desa)
Ketungau Tengah,Wana Bhakti,"Rabu, 30 September 2026 12:42:00",NASA-NOAA20,Medium,111.50905,0.84932,False,False,False,False,False,False,Di Luar Area Pantauan (>1000m dari Desa)
Kendawangan,Air Hitam Besar,"Kamis, 01 Oktober 2026 01:21:00",NASA-NOAA20,Medium,110.73593,-2.8016,False,False,False,False,False,False,Di Luar Area Pantauan (>1000m dari Desa)
Kendawangan,Air Hitam Besar,"Kamis, 01 Oktober 2026 01:21:00",NASA-NOAA20,Medium,110.73536,-2.80542,False,False,False,False,False,False,Di Luar Area Pantauan (>1000m dari Desa)
Kendawangan,Air Hitam Besar,"Kamis, 01 Oktober 2026 01:21:00",NASA-NOAA20,Medium,110.76105,-2.79381,False,False,False,False,False,False,Di Luar Area Pantauan (>1000m dari Desa)
Kendawangan,Air Hitam Besar,"Kamis, 01 Oktober 2026 01:21:00",NASA-NOAA20,Medium,110.7365,-2.79779,False,False,False,True,False,True,Di Luar Area Pantauan (>1000m dari Desa)
Kendawangan,Air Hitam Besar,"Kamis, 01 Oktober 2026 01:21:00",NASA-NOAA20,Medium,110.74118,-2.79852,False,False,False,False,False,False,Di Luar Area Pantauan (>1000m dari Desa)
Kendawangan,Air Hitam Besar,"Kamis, 01 Oktober 2026 01:21:00",NASA-NOAA20,Medium,110.75055,-2.79999,False,False,False,True,False,True,Di Luar Area Pantauan (>1000m dari Desa)
Kendawangan,Natai Kuini,"Kamis, 01 Oktober 2026 01:21:00",NASA-NOAA20,Medium,110.7144,-2.89895,False,False,False,False,False,False,Di Luar Area Pantauan (>1000m dari Desa)
Kendawangan,Air Hitam Besar,"Kamis, 01 Oktober 2026 01:21:00",NASA-NOAA20,Medium,110.75113,-2.79617,False,False,False,True,False,True,Di Luar Area Pantauan (>1000m dari Desa)
Kendawangan,Natai Kuini,"Kamis, 01 Oktober 2026 01:21:00",NASA-NOAA20,Medium,110.6847,-2.90601,False,False,False,False,False,False,Di Luar Area Pantauan (>1000m dari Desa)
Kendawangan,Natai Kuini,"Kamis, 01 Oktober 2026 01:21:00",NASA-NOAA20,Medium,110.7039,-2.90512,False,False,False,False,False,False,Di Luar Area Pantauan (>1000m dari Desa)
Kendawangan,Natai Kuini,"Kamis, 01 Oktober 2026 01:21:00",NASA-NOAA20,Medium,110.71907,-2.89968,False,False,False,False,False,False,Di Luar Area Pantauan (>1000m dari Desa)
Kendawangan,Natai Kuini,"Kamis, 01 Oktober 2026 01:21:00",NASA-NOAA20,Medium,110.69748,-2.88461,False,False,False,True,False,True,Di Luar Area Pantauan (>1000m dari Desa)
Kendawangan,Natai Kuini,"Kamis, 01 Oktober 2026 01:21:00",NASA-NOAA20,Medium,110.71262,-2.87916,False,False,False,True,False,True,Di Luar Area Pantauan (>1000m dari Desa)
Kendawangan,Natai Kuini,"Kamis, 01 Oktober 2026 01:21:00",NASA-NOAA20,Medium,110.73016,-2.88969,False,False,False,True,False,True,Di Luar Area Pantauan (>1000m dari Desa)
Kendawangan,Natai Kuini,"Kamis, 01 Oktober 2026 01:21:00",NASA-NOAA20,Medium,110.70329,-2.87771,False,False,False,True,False,True,Di Luar Area Pantauan (>1000m dari Desa)
Tebas,Maribas,"Kamis, 01 Oktober 2026 01:21:00",NASA-NOAA20,Medium,109.31852,1.14402,False,False,False,False,False,False,Di Luar Area Pantauan (>1000m dari Desa)
Jelai Hulu,Karang Dangin,"Rabu, 30 September 2026 12:23:00",NASA-SNPP,Medium,110.94356,-1.66632,False,False,False,False,False,False,Di Luar Area Pantauan (>1000m dari Desa)
Hulu Sungai,Lubuk Kakap,"Rabu, 30 September 2026 12:23:00",NASA-SNPP,Medium,111.14071,-1.2774,False,False,True,False,False,True,Di Luar Area Pantauan (>1000m dari Desa)
Hulu Sungai,Cinta Manis,"Rabu, 30 September 2026 12:23:00",NASA-SNPP,Medium,110.79877,-1.14685,False,False,False,False,True,True,Di Luar Area Pantauan (>1000m dari Desa)
Sungai Laur,Sempurna,"Rabu, 30 September 2026 12:23:00",NASA-SNPP,Medium,110.41755,-1.20447,False,False,False,False,True,True,Di Luar Area Pantauan (>1000m dari Desa)
Sandai,Randau Jungkal,"Rabu, 30 September 2026 12:23:00",NASA-SNPP,Medium,110.73967,-1.17762,False,False,False,False,False,False,Di Luar Area Pantauan (>1000m dari Desa)
Hulu Sungai,Sekukun,"Rabu, 30 September 2026 12:23:00",NASA-SNPP,Medium,110.81584,-1.27901,False,False,True,False,False,True,Di Luar Area Pantauan (>1000m dari Desa)
Hulu Sungai,Sekukun,"Rabu, 30 September 2026 12:23:00",NASA-SNPP,Medium,110.82285,-1.27794,False,False,True,False,False,True,Di Luar Area Pantauan (>1000m dari Desa)
Hulu Sungai,Lubuk Kakap,"Rabu, 30 September 2026 12:23:00",NASA-SNPP,Medium,111.13878,-1.27959,False,False,True,False,False,True,Di Luar Area Pantauan (>1000m dari Desa)
Sandai,Merimbang Jaya,"Rabu, 30 September 2026 12:23:00",NASA-SNPP,Medium,110.58583,-1.07118,False,False,False,False,False,False,Di Luar Area Pantauan (>1000m dari Desa)
Sungai Laur,Bengaras,"Rabu, 30 September 2026 12:23:00",NASA-SNPP,Medium,110.48499,-0.97651,False,False,False,False,False,False,Di Luar Area Pantauan (>1000m dari Desa)
Sungai Laur,Sungai Daka,"Rabu, 30 September 2026 12:23:00",NASA-SNPP,Medium,110.48327,-0.97518,False,False,False,False,False,False,Di Luar Area Pantauan (>1000m dari Desa)
Sungai Laur,Sungai Daka,"Rabu, 30 September 2026 12:23:00",NASA-SNPP,Medium,110.46474,-1.00026,False,False,False,False,False,False,Di Luar Area Pantauan (>1000m dari Desa)
Sungai Laur,Merabu Jaya,"Rabu, 30 September 2026 12:23:00",NASA-SNPP,Medium,110.66795,-0.66974,False,False,False,False,False,False,Di Luar Area Pantauan (>1000m dari Desa)
Sungai Laur,Selangkut Raya,"Rabu, 30 September 2026 12:23:00",NASA-SNPP,Medium,110.63666,-0.69643,False,False,False,False,False,False,Di Luar Area Pantauan (>1000m dari Desa)
Sungai Laur,Merabu Jaya,"Rabu, 30 September 2026 12:23:00",NASA-SNPP,Medium,110.66103,-0.67081,False,False,False,False,False,False,Di Luar Area Pantauan (>1000m dari Desa)
Sungai Laur,Selangkut Raya,"Rabu, 30 September 2026 12:23:00",NASA-SNPP,Medium,110.63548,-0.68933,False,False,False,False,False,False,Di Luar Area Pantauan (>1000m dari Desa)
Sandai,Merimbang Jaya,"Rabu, 30 September 2026 12:23:00",NASA-SNPP,Medium,110.57892,-1.07227,False,False,False,False,False,False,Di Luar Area Pantauan (>1000m dari Desa)
Sandai,Randau Jungkal,"Rabu, 30 September 2026 12:23:00",NASA-SNPP,Medium,110.74423,-1.17395,False,False,False,False,False,False,Di Luar Area Pantauan (>1000m dari Desa)
Sungai Laur,Bengaras,"Rabu, 30 September 2026 12:23:00",NASA-SNPP,Medium,110.48385,-0.96932,False,False,False,False,False,False,Di Luar Area Pantauan (>1000m dari Desa)
Sandai,Merimbang Jaya,"Rabu, 30 September 2026 12:23:00",NASA-SNPP,Medium,110.5803,-1.07516,False,False,False,False,False,False,Di Luar Area Pantauan (>1000m dari Desa)
Hulu Sungai,Cinta Manis,"Rabu, 30 September 2026 12:23:00",NASA-SNPP,Medium,110.80399,-1.14994,False,False,False,False,False,False,Di Luar Area Pantauan (>1000m dari Desa)
Sungai Laur,Sempurna,"Rabu, 30 September 2026 12:23:00",NASA-SNPP,Medium,110.41609,-1.20385,False,False,False,False,True,True,Di Luar Area Pantauan (>1000m dari Desa)
Hulu Sungai,Cinta Manis,"Rabu, 30 September 2026 12:23:00",NASA-SNPP,Medium,110.75101,-1.17287,False,False,False,False,False,False,Di Luar Area Pantauan (>1000m dari Desa)
Hulu Sungai,Cinta Manis,"Rabu, 30 September 2026 12:23:00",NASA-SNPP,Medium,110.75785,-1.17179,False,False,False,False,False,False,Di Luar Area Pantauan (>1000m dari Desa)
Simpang Hulu,Paoh Concong,"Rabu, 30 September 2026 12:23:00",NASA-SNPP,Medium,110.42673,-0.68979,False,False,False,False,False,False,Di Luar Area Pantauan (>1000m dari Desa)
Sekadau Hulu,Cupang Gading,"Rabu, 30 September 2026 12:23:00",NASA-SNPP,Medium,110.86357,-0.18262,False,False,False,False,False,False,Di Luar Area Pantauan (>1000m dari Desa)
Kuala Behe,Semedang,"Rabu, 30 September 2026 12:23:00",NASA-SNPP,Medium,110.03105,0.61614,False,False,False,False,False,False,Di Luar Area Pantauan (>1000m dari Desa)
Kuala Behe,Semedang,"Rabu, 30 September 2026 12:23:00",NASA-SNPP,Medium,110.03819,0.61733,False,False,False,False,False,False,Di Luar Area Pantauan (>1000m dari Desa)
Sayan,Berobai Permai,"Rabu, 30 September 2026 12:23:00",NASA-SNPP,Medium,111.6178,-0.62068,False,False,False,False,True,True,Di Luar Area Pantauan (>1000m dari Desa)
Hulu Sungai,Krio Hulu,"Rabu, 30 September 2026 12:23:00",NASA-SNPP,Medium,110.80878,-0.85385,False,False,False,False,False,False,Di Luar Area Pantauan (>1000m dari Desa)
Hulu Sungai,Krio Hulu,"Rabu, 30 September 2026 12:23:00",NASA-SNPP,Medium,110.81447,-0.85779,False,False,False,False,False,False,Di Luar Area Pantauan (>1000m dari Desa)
Ketungau Hulu,Sepiluk,"Rabu, 30 September 2026 12:23:00",NASA-SNPP,Medium,110.89257,0.8299,False,False,False,False,False,False,Di Luar Area Pantauan (>1000m dari Desa)
Kuala Behe,Semedang,"Rabu, 30 September 2026 12:23:00",NASA-SNPP,Medium,110.03326,0.61526,False,False,False,False,False,False,Di Luar Area Pantauan (>1000m dari Desa)
Hulu Sungai,Sunge Bengaras,"Rabu, 30 September 2026 12:23:00",NASA-SNPP,Medium,110.79425,-0.75502,False,False,False,False,False,False,Di Luar Area Pantauan (>1000m dari Desa)
Serawai,Nanga Segulang,"Rabu, 30 September 2026 12:23:00",NASA-SNPP,Medium,112.44978,-0.43211,False,False,False,False,False,False,Di Luar Area Pantauan (>1000m dari Desa)
Ambalau,Tanjung Andan,"Rabu, 30 September 2026 12:23:00",NASA-SNPP,Medium,112.76499,-0.00149,False,False,False,False,False,False,Di Luar Area Pantauan (>1000m dari Desa)
Sandai,Pendamaran Indah,"Rabu, 30 September 2026 12:23:00",NASA-SNPP,Medium,110.62724,-1.05731,False,False,False,False,False,False,Di Luar Area Pantauan (>1000m dari Desa)
Sungai Laur,Bayun Sari,"Rabu, 30 September 2026 12:23:00",NASA-SNPP,Medium,110.46647,-1.00145,False,False,False,False,False,False,Di Luar Area Pantauan (>1000m dari Desa)
Hulu Sungai,Krio Hulu,"Rabu, 30 September 2026 12:23:00",NASA-SNPP,Medium,110.81522,-0.85281,False,False,False,False,False,False,Di Luar Area Pantauan (>1000m dari Desa)
Hulu Sungai,Cinta Manis,"Rabu, 30 September 2026 12:23:00",NASA-SNPP,Medium,110.75336,-1.17554,False,False,False,False,False,False,Di Luar Area Pantauan (>1000m dari Desa)
Sandai,Randau Jungkal,"Rabu, 30 September 2026 12:23:00",NASA-SNPP,Medium,110.74652,-1.17658,False,False,False,False,False,False,Di Luar Area Pantauan (>1000m dari Desa)
Jelai Hulu,Penyarang,"Rabu, 30 September 2026 12:23:00",NASA-SNPP,Medium,110.90451,-2.0385,False,False,False,False,False,False,Di Luar Area Pantauan (>1000m dari Desa)
Jelai Hulu,Penyarang,"Rabu, 30 September 2026 12:23:00",NASA-SNPP,Medium,110.90665,-2.04192,False,False,False,False,False,False,Di Luar Area Pantauan (>1000m dari Desa)
Sungai Laur,Merabu Jaya,"Rabu, 30 September 2026 12:23:00",NASA-SNPP,Medium,110.66203,-0.67792,False,False,False,False,False,False,Di Luar Area Pantauan (>1000m dari Desa)
Sayan,Bora,"Rabu, 30 September 2026 12:23:00",NASA-SNPP,Medium,111.78024,-0.63639,False,False,False,False,False,False,Di Luar Area Pantauan (>1000m dari Desa)
Kendawangan,Natai Kuini,"Rabu, 30 September 2026 14:01:00",NASA-SNPP,Medium,110.70551,-2.8827,False,False,False,True,False,True,Di Luar Area Pantauan (>1000m dari Desa)
Kendawangan,Natai Kuini,"Rabu, 30 September 2026 14:01:00",NASA-SNPP,Medium,110.70081,-2.88351,False,False,False,True,False,True,Di Luar Area Pantauan (>1000m dari Desa)
Jelai Hulu,Periangan,"Rabu, 30 September 2026 14:01:00",NASA-SNPP,Medium,110.87996,-2.10476,False,False,False,False,False,False,Di Luar Area Pantauan (>1000m dari Desa)
Jelai Hulu,Periangan,"Rabu, 30 September 2026 14:01:00",NASA-SNPP,Medium,110.8755,-2.10548,False,False,False,False,False,False,Di Luar Area Pantauan (>1000m dari Desa)
Jelai Hulu,Riam Danau Kanan,"Rabu, 30 September 2026 14:01:00",NASA-SNPP,Medium,110.84727,-1.95864,False,False,False,False,False,False,Di Luar Area Pantauan (>1000m dari Desa)
Jelai Hulu,Riam Danau Kanan,"Rabu, 30 September 2026 14:01:00",NASA-SNPP,Medium,110.84825,-1.96496,False,False,False,False,False,False,Di Luar Area Pantauan (>1000m dari Desa)
Jelai Hulu,Sidahari,"Rabu, 30 September 2026 14:01:00",NASA-SNPP,Medium,110.74929,-1.98762,False,False,False,False,False,False,Di Luar Area Pantauan (>1000m dari Desa)
Jelai Hulu,Limpang,"Rabu, 30 September 2026 14:01:00",NASA-SNPP,Medium,110.84461,-1.90432,False,False,False,False,False,False,Di Luar Area Pantauan (>1000m dari Desa)
Jelai Hulu,Kesuma Jaya,"Rabu, 30 September 2026 14:01:00",NASA-SNPP,Medium,110.84124,-1.95315,False,False,False,False,False,False,Di Luar Area Pantauan (>1000m dari Desa)
Jelai Hulu,Limpang,"Rabu, 30 September 2026 14:01:00",NASA-SNPP,Medium,110.84279,-1.901,False,False,False,False,False,False,Di Luar Area Pantauan (>1000m dari Desa)
Jelai Hulu,Teluk Runjai,"Rabu, 30 September 2026 14:01:00",NASA-SNPP,Medium,110.7561,-1.92498,False,False,False,False,False,False,Di Luar Area Pantauan (>1000m dari Desa)
Jelai Hulu,Limpang,"Rabu, 30 September 2026 14:01:00",NASA-SNPP,Medium,110.83981,-1.90509,False,False,False,False,False,False,Di Luar Area Pantauan (>1000m dari Desa)
Jelai Hulu,Deranuk,"Rabu, 30 September 2026 14:01:00",NASA-SNPP,Medium,110.85131,-2.03817,False,False,False,False,False,False,Di Luar Area Pantauan (>1000m dari Desa)
Jelai Hulu,Deranuk,"Rabu, 30 September 2026 14:01:00",NASA-SNPP,Medium,110.83426,-2.02806,False,False,False,False,False,False,Di Luar Area Pantauan (>1000m dari Desa)
Jelai Hulu,Pangkalan Paket,"Rabu, 30 September 2026 14:01:00",NASA-SNPP,Medium,110.71873,-1.98619,False,False,False,False,False,False,Di Luar Area Pantauan (>1000m dari Desa)
Jelai Hulu,Kesuma Jaya,"Rabu, 30 September 2026 14:01:00",NASA-SNPP,Medium,110.83713,-1.96031,False,False,False,False,False,False,Di Luar Area Pantauan (>1000m dari Desa)
Jelai Hulu,Limpang,"Rabu, 30 September 2026 14:01:00",NASA-SNPP,Medium,110.84189,-1.86869,False,False,False,False,False,False,Di Luar Area Pantauan (>1000m dari Desa)
Jelai Hulu,Limpang,"Rabu, 30 September 2026 14:01:00",NASA-SNPP,Medium,110.81776,-1.86328,False,False,False,False,False,False,Di Luar Area Pantauan (>1000m dari Desa)
Jelai Hulu,Limpang,"Rabu, 30 September 2026 14:01:00",NASA-SNPP,Medium,110.84241,-1.86574,False,False,False,False,False,False,Di Luar Area Pantauan (>1000m dari Desa)
Nanga Tayap,Betenung,"Rabu, 30 September 2026 14:01:00",NASA-SNPP,Medium,110.83181,-1.62241,False,False,False,False,False,False,Di Luar Area Pantauan (>1000m dari Desa)
Hulu Sungai,Batu Lapis,"Rabu, 30 September 2026 14:01:00",NASA-SNPP,Medium,110.87031,-1.27142,False,False,False,False,False,False,Di Luar Area Pantauan (>1000m dari Desa)
Nanga Tayap,Mensubang,"Rabu, 30 September 2026 14:01:00",NASA-SNPP,Medium,110.4693,-1.33118,False,False,False,False,False,False,Di Luar Area Pantauan (>1000m dari Desa)
Tumbang Titi,Nanga Kelampai,"Rabu, 30 September 2026 14:01:00",NASA-SNPP,Medium,110.5309,-1.89108,False,False,False,False,False,False,Di Luar Area Pantauan (>1000m dari Desa)
Sandai,Penjawaan,"Rabu, 30 September 2026 14:01:00",NASA-SNPP,Medium,110.51501,-1.33645,False,False,False,False,False,False,Di Luar Area Pantauan (>1000m dari Desa)
Tumbang Titi,Titi Baru,"Rabu, 30 September 2026 14:01:00",NASA-SNPP,Medium,110.60318,-1.87919,False,False,False,False,False,False,Di Luar Area Pantauan (>1000m dari Desa)
Jelai Hulu,Pasir Mayang,"Rabu, 30 September 2026 14:01:00",NASA-SNPP,Medium,110.82837,-1.8356,False,False,False,False,False,False,Di Luar Area Pantauan (>1000m dari Desa)
Tumbang Titi,Titi Baru,"Rabu, 30 September 2026 14:01:00",NASA-SNPP,Medium,110.61961,-1.85727,False,False,False,False,False,False,Di Luar Area Pantauan (>1000m dari Desa)
Tumbang Titi,Titi Baru,"Rabu, 30 September 2026 14:01:00",NASA-SNPP,Medium,110.61475,-1.85808,False,False,False,False,False,False,Di Luar Area Pantauan (>1000m dari Desa)
Tumbang Titi,Titi Baru,"Rabu, 30 September 2026 14:01:00",NASA-SNPP,Medium,110.59545,-1.86128,False,False,False,False,False,False,Di Luar Area Pantauan (>1000m dari Desa)
Tumbang Titi,Tanjung Beulang,"Rabu, 30 September 2026 14:01:00",NASA-SNPP,Medium,110.80917,-1.67423,False,False,False,False,False,False,Di Luar Area Pantauan (>1000m dari Desa)
Matan Hilir Utara,Lamon Satong,"Rabu, 30 September 2026 14:01:00",NASA-SNPP,Medium,110.26492,-1.42798,False,False,True,False,False,True,Di Luar Area Pantauan (>1000m dari Desa)
Hulu Sungai,Batu Lapis,"Rabu, 30 September 2026 14:01:00",NASA-SNPP,Medium,110.90519,-1.29194,False,False,False,False,False,False,Di Luar Area Pantauan (>1000m dari Desa)
Hulu Sungai,Batu Lapis,"Rabu, 30 September 2026 14:01:00",NASA-SNPP,Medium,110.88759,-1.28169,False,False,True,False,False,True,Di Luar Area Pantauan (>1000m dari Desa)
Hulu Sungai,Sekukun,"Rabu, 30 September 2026 14:01:00",NASA-SNPP,Medium,110.82698,-1.26549,False,False,True,False,False,True,Di Luar Area Pantauan (>1000m dari Desa)
Sandai,Penjawaan,"Rabu, 30 September 2026 14:01:00",NASA-SNPP,Medium,110.51411,-1.33018,False,False,False,False,False,False,Di Luar Area Pantauan (>1000m dari Desa)
Sandai,Penjawaan,"Rabu, 30 September 2026 14:01:00",NASA-SNPP,Medium,110.5092,-1.33099,False,False,False,False,False,False,Di Luar Area Pantauan (>1000m dari Desa)
Sandai,Penjawaan,"Rabu, 30 September 2026 14:01:00",NASA-SNPP,Medium,110.48422,-1.318,False,False,False,False,False,False,Di Luar Area Pantauan (>1000m dari Desa)
Sandai,Randau Jungkal,"Rabu, 30 September 2026 14:01:00",NASA-SNPP,Medium,110.70249,-1.18597,False,False,False,False,False,False,Di Luar Area Pantauan (>1000m dari Desa)
Sandai,Randau Jungkal,"Rabu, 30 September 2026 14:01:00",NASA-SNPP,Medium,110.70745,-1.18515,False,False,False,False,False,False,Di Luar Area Pantauan (>1000m dari Desa)
Sandai,Randau Jungkal,"Rabu, 30 September 2026 14:01:00",NASA-SNPP,Medium,110.7084,-1.19149,False,False,False,False,False,False,Di Luar Area Pantauan (>1000m dari Desa)
Sandai,Randau Jungkal,"Rabu, 30 September 2026 14:01:00",NASA-SNPP,Medium,110.70341,-1.19231,False,False,False,False,False,False,Di Luar Area Pantauan (>1000m dari Desa)
Sandai,Sandai Kiri,"Rabu, 30 September 2026 14:01:00",NASA-SNPP,Medium,110.50183,-1.20624,False,False,False,False,False,False,Di Luar Area Pantauan (>1000m dari Desa)
Jelai Hulu,Pangkalan Suka,"Rabu, 30 September 2026 14:01:00",NASA-SNPP,Medium,110.87621,-1.91489,False,False,False,False,False,False,Di Luar Area Pantauan (>1000m dari Desa)
Sandai,Demit,"Rabu, 30 September 2026 14:01:00",NASA-SNPP,Medium,110.68571,-1.17575,False,False,False,False,False,False,Di Luar Area Pantauan (>1000m dari Desa)
Sandai,Randau Jungkal,"Rabu, 30 September 2026 14:01:00",NASA-SNPP,Medium,110.70861,-1.18951,False,False,False,False,False,False,Di Luar Area Pantauan (>1000m dari Desa)
Sandai,Randau Jungkal,"Rabu, 30 September 2026 14:01:00",NASA-SNPP,Medium,110.70269,-1.18395,False,False,False,False,False,False,Di Luar Area Pantauan (>1000m dari Desa)
Sungai Laur,Sempurna,"Rabu, 30 September 2026 14:01:00",NASA-SNPP,Medium,110.43499,-1.19176,False,False,False,False,True,True,Di Luar Area Pantauan (>1000m dari Desa)
Sungai Laur,Sempurna,"Rabu, 30 September 2026 14:01:00",NASA-SNPP,Medium,110.43092,-1.19883,False,False,False,False,True,True,Di Luar Area Pantauan (>1000m dari Desa)
Sungai Laur,Sempurna,"Rabu, 30 September 2026 14:01:00",NASA-SNPP,Medium,110.44079,-1.19718,False,False,True,False,False,True,Di Luar Area Pantauan (>1000m dari Desa)
Sandai,Randau,"Rabu, 30 September 2026 14:01:00",NASA-SNPP,Medium,110.60984,-0.98852,False,False,False,False,False,False,Di Luar Area Pantauan (>1000m dari Desa)
Sandai,Randau,"Rabu, 30 September 2026 14:01:00",NASA-SNPP,Medium,110.55978,-0.99674,False,False,False,False,False,False,Di Luar Area Pantauan (>1000m dari Desa)
Sandai,Pendamaran Indah,"Rabu, 30 September 2026 14:01:00",NASA-SNPP,Medium,110.6096,-1.05331,False,False,False,False,False,False,Di Luar Area Pantauan (>1000m dari Desa)
Sandai,Merimbang Jaya,"Rabu, 30 September 2026 14:01:00",NASA-SNPP,Medium,110.54668,-1.07627,False,False,False,False,False,False,Di Luar Area Pantauan (>1000m dari Desa)
Sungai Laur,Mekar Harapan,"Rabu, 30 September 2026 14:01:00",NASA-SNPP,Medium,110.40772,-1.05368,False,False,False,False,False,False,Di Luar Area Pantauan (>1000m dari Desa)
Sandai,Randau,"Rabu, 30 September 2026 14:01:00",NASA-SNPP,Medium,110.55683,-1.01014,False,False,False,False,False,False,Di Luar Area Pantauan (>1000m dari Desa)
Sungai Laur,Mekar Harapan,"Rabu, 30 September 2026 14:01:00",NASA-SNPP,Medium,110.41143,-0.9789,False,False,False,False,False,False,Di Luar Area Pantauan (>1000m dari Desa)
Simpang Dua,Kamora,"Rabu, 30 September 2026 14:01:00",NASA-SNPP,Medium,110.28738,-0.97331,False,False,False,False,False,False,Di Luar Area Pantauan (>1000m dari Desa)
Sungai Laur,Lanjut Mekar Sari,"Rabu, 30 September 2026 14:01:00",NASA-SNPP,Medium,110.53327,-0.953,False,False,False,False,False,False,Di Luar Area Pantauan (>1000m dari Desa)
Simpang Dua,Batu Daya,"Rabu, 30 September 2026 14:01:00",NASA-SNPP,Medium,110.27111,-0.99496,False,False,False,False,False,False,Di Luar Area Pantauan (>1000m dari Desa)
Sungai Laur,Lanjut Mekar Sari,"Rabu, 30 September 2026 14:01:00",NASA-SNPP,Medium,110.53544,-0.9333,False,False,False,False,False,False,Di Luar Area Pantauan (>1000m dari Desa)
Sandai,Randau Jungkal,"Rabu, 30 September 2026 14:01:00",NASA-SNPP,Medium,110.70364,-1.19029,False,False,False,False,False,False,Di Luar Area Pantauan (>1000m dari Desa)
Sandai,Randau Jungkal,"Rabu, 30 September 2026 14:01:00",NASA-SNPP,Medium,110.7077,-1.18315,False,False,False,False,False,False,Di Luar Area Pantauan (>1000m dari Desa)
Sungai Laur,Bayun Sari,"Rabu, 30 September 2026 14:01:00",NASA-SNPP,Medium,110.47573,-1.01055,False,False,False,False,False,False,Di Luar Area Pantauan (>1000m dari Desa)
Sandai,Merimbang Jaya,"Rabu, 30 September 2026 14:01:00",NASA-SNPP,Medium,110.56264,-1.08018,False,False,False,False,False,False,Di Luar Area Pantauan (>1000m dari Desa)
Sungai Laur,Sungai Daka,"Rabu, 30 September 2026 14:01:00",NASA-SNPP,Medium,110.52015,-1.00325,False,False,False,False,False,False,Di Luar Area Pantauan (>1000m dari Desa)
Sandai,Alam Pakuan,"Rabu, 30 September 2026 14:01:00",NASA-SNPP,Medium,110.58916,-1.11799,False,False,False,False,False,False,Di Luar Area Pantauan (>1000m dari Desa)
Sungai Laur,Sungai Daka,"Rabu, 30 September 2026 14:01:00",NASA-SNPP,Medium,110.51535,-1.00404,False,False,False,False,False,False,Di Luar Area Pantauan (>1000m dari Desa)
Sungai Laur,Bayun Sari,"Rabu, 30 September 2026 14:01:00",NASA-SNPP,Medium,110.48043,-1.00978,False,False,False,False,False,False,Di Luar Area Pantauan (>1000m dari Desa)
Sandai,Merimbang Jaya,"Rabu, 30 September 2026 14:01:00",NASA-SNPP,Medium,110.58286,-1.07382,False,False,False,False,False,False,Di Luar Area Pantauan (>1000m dari Desa)
Sandai,Pendamaran Indah,"Rabu, 30 September 2026 14:01:00",NASA-SNPP,Medium,110.61858,-1.07776,False,False,False,False,False,False,Di Luar Area Pantauan (>1000m dari Desa)
Sandai,Pendamaran Indah,"Rabu, 30 September 2026 14:01:00",NASA-SNPP,Medium,110.61362,-1.07855,False,False,False,False,False,False,Di Luar Area Pantauan (>1000m dari Desa)
Sandai,Merimbang Jaya,"Rabu, 30 September 2026 14:01:00",NASA-SNPP,Medium,110.56397,-1.08341,False,False,False,False,False,False,Di Luar Area Pantauan (>1000m dari Desa)
Sungai Laur,Mekar Harapan,"Rabu, 30 September 2026 14:01:00",NASA-SNPP,Medium,110.42806,-1.02106,False,False,False,False,False,False,Di Luar Area Pantauan (>1000m dari Desa)
Sungai Laur,Lanjut Mekar Sari,"Rabu, 30 September 2026 14:01:00",NASA-SNPP,Medium,110.54895,-0.95694,False,False,False,False,False,False,Di Luar Area Pantauan (>1000m dari Desa)
Sungai Laur,Mekar Harapan,"Rabu, 30 September 2026 14:01:00",NASA-SNPP,Medium,110.41625,-0.97813,False,False,False,False,False,False,Di Luar Area Pantauan (>1000m dari Desa)
Sungai Laur,Sungai Daka,"Rabu, 30 September 2026 14:01:00",NASA-SNPP,Medium,110.46701,-0.98287,False,False,False,False,False,False,Di Luar Area Pantauan (>1000m dari Desa)
Sungai Laur,Bengaras,"Rabu, 30 September 2026 14:01:00",NASA-SNPP,Medium,110.52036,-0.96795,False,False,False,False,False,False,Di Luar Area Pantauan (>1000m dari Desa)
Sungai Laur,Bengaras,"Rabu, 30 September 2026 14:01:00",NASA-SNPP,Medium,110.51058,-0.96951,False,False,False,False,False,False,Di Luar Area Pantauan (>1000m dari Desa)
Nanga Tayap,Nanga Tayap,"Rabu, 30 September 2026 14:01:00",NASA-SNPP,Medium,110.51936,-1.5357,False,False,False,False,False,False,Di Luar Area Pantauan (>1000m dari Desa)
Hulu Sungai,Batu Lapis,"Rabu, 30 September 2026 14:01:00",NASA-SNPP,Medium,110.86724,-1.27028,False,False,False,False,False,False,Di Luar Area Pantauan (>1000m dari Desa)
Hulu Sungai,Sekukun,"Rabu, 30 September 2026 14:01:00",NASA-SNPP,Medium,110.82896,-1.26326,False,False,True,False,False,True,Di Luar Area Pantauan (>1000m dari Desa)
Sandai,Penjawaan,"Rabu, 30 September 2026 14:01:00",NASA-SNPP,Medium,110.48318,-1.32249,False,False,False,False,False,False,Di Luar Area Pantauan (>1000m dari Desa)
Sandai,Sandai,"Rabu, 30 September 2026 14:01:00",NASA-SNPP,Medium,110.59082,-1.27242,False,False,False,False,False,False,Di Luar Area Pantauan (>1000m dari Desa)
Sokan,Nanga Libas,"Rabu, 30 September 2026 14:01:00",NASA-SNPP,Medium,111.47633,-1.099,False,False,False,False,False,False,Di Luar Area Pantauan (>1000m dari Desa)
Sandai,Sandai,"Rabu, 30 September 2026 14:01:00",NASA-SNPP,Medium,110.58801,-1.27576,False,False,False,False,False,False,Di Luar Area Pantauan (>1000m dari Desa)
Balai,Temiang Taba,"Rabu, 30 September 2026 14:01:00",NASA-SNPP,Medium,110.20392,0.13811,False,False,False,False,False,False,Di Luar Area Pantauan (>1000m dari Desa)
Sungai Laur,Kepari,"Rabu, 30 September 2026 14:01:00",NASA-SNPP,Medium,110.54456,-0.88341,False,False,False,False,False,False,Di Luar Area Pantauan (>1000m dari Desa)
Sungai Laur,Kepari,"Rabu, 30 September 2026 14:01:00",NASA-SNPP,Medium,110.53466,-0.88497,False,False,False,False,False,False,Di Luar Area Pantauan (>1000m dari Desa)
Simpang Dua,Kampar Sebomban,"Rabu, 30 September 2026 14:01:00",NASA-SNPP,Medium,110.15559,-0.70603,False,False,False,False,False,False,Di Luar Area Pantauan (>1000m dari Desa)
Sengah Temila,Aur Sampuk,"Rabu, 30 September 2026 14:01:00",NASA-SNPP,Medium,109.59398,0.34956,False,False,False,False,False,False,Di Luar Area Pantauan (>1000m dari Desa)
Belimbing,Nanga Pau,"Rabu, 30 September 2026 14:01:00",NASA-SNPP,Medium,111.44243,-0.46189,False,False,False,False,False,False,Di Luar Area Pantauan (>1000m dari Desa)
Sungai Laur,Kepari,"Rabu, 30 September 2026 14:01:00",NASA-SNPP,Medium,110.52978,-0.88573,False,False,False,False,False,False,Di Luar Area Pantauan (>1000m dari Desa)
Sungai Laur,Sepotong,"Rabu, 30 September 2026 14:01:00",NASA-SNPP,Medium,110.52692,-0.86683,False,False,False,False,False,False,Di Luar Area Pantauan (>1000m dari Desa)
Sungai Laur,Kepari,"Rabu, 30 September 2026 14:01:00",NASA-SNPP,Medium,110.55763,-0.86842,False,False,False,False,False,False,Di Luar Area Pantauan (>1000m dari Desa)
Nanga Mahap,Tembaga,"Rabu, 30 September 2026 14:01:00",NASA-SNPP,Medium,110.62769,-0.58642,False,False,False,False,False,False,Di Luar Area Pantauan (>1000m dari Desa)
Pinoh Utara,Nanga Belimbing,"Rabu, 30 September 2026 14:01:00",NASA-SNPP,Medium,111.63927,-0.28988,False,False,False,False,False,False,Di Luar Area Pantauan (>1000m dari Desa)
Simpang Hulu,Kualan Hilir,"Rabu, 30 September 2026 14:01:00",NASA-SNPP,Medium,110.18842,-0.64449,False,False,False,False,False,False,Di Luar Area Pantauan (>1000m dari Desa)
Sungai Laur,Kepari,"Rabu, 30 September 2026 14:01:00",NASA-SNPP,Medium,110.53275,-0.88209,False,False,False,False,False,False,Di Luar Area Pantauan (>1000m dari Desa)
Sungai Laur,Kepari,"Rabu, 30 September 2026 14:01:00",NASA-SNPP,Medium,110.51753,-0.91685,False,False,False,False,False,False,Di Luar Area Pantauan (>1000m dari Desa)
Sungai Laur,Sepotong,"Rabu, 30 September 2026 14:01:00",NASA-SNPP,Medium,110.53186,-0.86604,False,False,False,False,False,False,Di Luar Area Pantauan (>1000m dari Desa)
Simpang Dua,Batu Daya,"Rabu, 30 September 2026 14:01:00",NASA-SNPP,Medium,110.33839,-0.95872,False,False,False,False,False,False,Di Luar Area Pantauan (>1000m dari Desa)
Hulu Sungai,Krio Hulu,"Rabu, 30 September 2026 14:01:00",NASA-SNPP,Medium,110.80229,-0.87709,False,False,False,False,False,False,Di Luar Area Pantauan (>1000m dari Desa)
Simpang Dua,Kamora,"Rabu, 30 September 2026 14:01:00",NASA-SNPP,Medium,110.31218,-0.95659,False,False,False,False,True,True,Di Luar Area Pantauan (>1000m dari Desa)
Simpang Dua,Kampar Sebomban,"Rabu, 30 September 2026 14:01:00",NASA-SNPP,Medium,110.09721,-0.70965,False,False,False,False,False,False,Di Luar Area Pantauan (>1000m dari Desa)
Simpang Dua,Kampar Sebomban,"Rabu, 30 September 2026 14:01:00",NASA-SNPP,Medium,110.17634,-0.69078,False,False,False,False,False,False,Di Luar Area Pantauan (>1000m dari Desa)
Simpang Dua,Kampar Sebomban,"Rabu, 30 September 2026 14:01:00",NASA-SNPP,Medium,110.09169,-0.70423,False,False,False,False,False,False,Di Luar Area Pantauan (>1000m dari Desa)
Nanga Mahap,Batu Pahat,"Rabu, 30 September 2026 14:01:00",NASA-SNPP,Medium,110.72775,-0.47096,False,False,False,False,False,False,Di Luar Area Pantauan (>1000m dari Desa)
Kayan Hulu,Nanga Ungai,"Rabu, 30 September 2026 14:01:00",NASA-SNPP,Medium,112.10597,-0.09359,False,False,False,False,False,False,Di Luar Area Pantauan (>1000m dari Desa)
Tayan Hilir,Sejotang,"Rabu, 30 September 2026 14:01:00",NASA-SNPP,Medium,110.07275,0.01142,False,False,False,False,False,False,Di Luar Area Pantauan (>1000m dari Desa)
Pinoh Utara,Tengkajau,"Rabu, 30 September 2026 14:01:00",NASA-SNPP,Medium,111.70257,-0.22239,False,False,False,False,False,False,Di Luar Area Pantauan (>1000m dari Desa)
Toba,Kampung Baru,"Rabu, 30 September 2026 14:01:00",NASA-SNPP,Medium,110.07749,-0.24301,False,False,False,False,False,False,Di Luar Area Pantauan (>1000m dari Desa)
Dedai,Jangkang,"Rabu, 30 September 2026 14:01:00",NASA-SNPP,Medium,111.72568,-0.03528,False,False,False,False,False,False,Di Luar Area Pantauan (>1000m dari Desa)
Sekadau Hilir,Seberang Kapuas,"Rabu, 30 September 2026 14:01:00",NASA-SNPP,Medium,110.87964,0.06409,False,False,False,False,False,False,Di Luar Area Pantauan (>1000m dari Desa)
Belitang,Melanjan Raya,"Rabu, 30 September 2026 14:01:00",NASA-SNPP,Medium,111.15913,0.23396,False,False,False,False,False,False,Di Luar Area Pantauan (>1000m dari Desa)
Belitang,Melanjan Raya,"Rabu, 30 September 2026 14:01:00",NASA-SNPP,Medium,111.1533,0.23304,False,False,False,False,False,False,Di Luar Area Pantauan (>1000m dari Desa)
Balai,Senyabang,"Rabu, 30 September 2026 14:01:00",NASA-SNPP,Medium,110.19885,0.13733,False,False,False,False,False,False,Di Luar Area Pantauan (>1000m dari Desa)
Belitang Hulu,Sebetung,"Rabu, 30 September 2026 14:01:00",NASA-SNPP,Medium,111.02502,0.62959,False,False,False,False,False,False,Di Luar Area Pantauan (>1000m dari Desa)
Sengah Temila,Sidas,"Rabu, 30 September 2026 14:01:00",NASA-SNPP,Medium,109.75834,0.34454,False,False,False,False,False,False,Di Luar Area Pantauan (>1000m dari Desa)
Sandai,Demit,"Rabu, 30 September 2026 14:01:00",NASA-SNPP,Medium,110.6678,-1.1311,False,False,False,False,False,False,Di Luar Area Pantauan (>1000m dari Desa)
Sandai,Alam Pakuan,"Rabu, 30 September 2026 14:01:00",NASA-SNPP,Medium,110.59538,-1.12344,False,False,False,False,False,False,Di Luar Area Pantauan (>1000m dari Desa)
Sandai,Petai Patah,"Rabu, 30 September 2026 14:01:00",NASA-SNPP,Medium,110.63436,-1.14298,False,False,False,False,False,False,Di Luar Area Pantauan (>1000m dari Desa)
Sandai,Alam Pakuan,"Rabu, 30 September 2026 14:01:00",NASA-SNPP,Medium,110.59438,-1.11714,False,False,False,False,False,False,Di Luar Area Pantauan (>1000m dari Desa)
Hulu Sungai,Cinta Manis,"Rabu, 30 September 2026 14:01:00",NASA-SNPP,Medium,110.80905,-1.1606,False,False,False,False,False,False,Di Luar Area Pantauan (>1000m dari Desa)
Sandai,Sandai Kiri,"Rabu, 30 September 2026 14:01:00",NASA-SNPP,Medium,110.50143,-1.20291,False,False,False,False,False,False,Di Luar Area Pantauan (>1000m dari Desa)
Sandai,Randau,"Rabu, 30 September 2026 14:01:00",NASA-SNPP,Medium,110.5598,-0.99395,False,False,False,False,False,False,Di Luar Area Pantauan (>1000m dari Desa)
Sungai Laur,Bengaras,"Rabu, 30 September 2026 14:01:00",NASA-SNPP,Medium,110.5134,-0.98837,False,False,False,False,False,False,Di Luar Area Pantauan (>1000m dari Desa)
Sungai Laur,Sungai Daka,"Rabu, 30 September 2026 14:01:00",NASA-SNPP,Medium,110.51527,-1.00095,False,False,False,False,False,False,Di Luar Area Pantauan (>1000m dari Desa)
Sungai Laur,Bengaras,"Rabu, 30 September 2026 14:01:00",NASA-SNPP,Medium,110.54295,-0.9837,False,False,False,False,False,False,Di Luar Area Pantauan (>1000m dari Desa)
Sandai,Randau,"Rabu, 30 September 2026 14:01:00",NASA-SNPP,Medium,110.62894,-0.97659,False,False,False,False,False,False,Di Luar Area Pantauan (>1000m dari Desa)
Sungai Laur,Mekar Harapan,"Rabu, 30 September 2026 14:01:00",NASA-SNPP,Medium,110.43197,-1.01405,False,False,False,False,False,False,Di Luar Area Pantauan (>1000m dari Desa)
Sungai Laur,Bayun Sari,"Rabu, 30 September 2026 14:01:00",NASA-SNPP,Medium,110.48046,-1.00642,False,False,False,False,False,False,Di Luar Area Pantauan (>1000m dari Desa)
Sungai Laur,Bayun Sari,"Rabu, 30 September 2026 14:01:00",NASA-SNPP,Medium,110.47576,-1.00716,False,False,False,False,False,False,Di Luar Area Pantauan (>1000m dari Desa)
Sungai Laur,Lanjut Mekar Sari,"Rabu, 30 September 2026 14:01:00",NASA-SNPP,Medium,110.54594,-0.9732,False,False,False,False,False,False,Di Luar Area Pantauan (>1000m dari Desa)
Sandai,Randau,"Rabu, 30 September 2026 14:01:00",NASA-SNPP,Medium,110.57211,-0.98179,False,False,False,False,False,False,Di Luar Area Pantauan (>1000m dari Desa)
Sandai,Randau,"Rabu, 30 September 2026 14:01:00",NASA-SNPP,Medium,110.6289,-0.9789,False,False,False,False,False,False,Di Luar Area Pantauan (>1000m dari Desa)
Sandai,Merimbang Jaya,"Rabu, 30 September 2026 14:01:00",NASA-SNPP,Medium,110.58686,-1.10545,False,False,False,False,False,False,Di Luar Area Pantauan (>1000m dari Desa)
Sungai Laur,Mekar Harapan,"Rabu, 30 September 2026 14:01:00",NASA-SNPP,Medium,110.42734,-1.01849,False,False,False,False,False,False,Di Luar Area Pantauan (>1000m dari Desa)
Sandai,Pendamaran Indah,"Rabu, 30 September 2026 14:01:00",NASA-SNPP,Medium,110.61097,-1.05619,False,False,False,False,False,False,Di Luar Area Pantauan (>1000m dari Desa)
Sungai Laur,Bayun Sari,"Rabu, 30 September 2026 14:01:00",NASA-SNPP,Medium,110.47984,-1.00345,False,False,False,False,False,False,Di Luar Area Pantauan (>1000m dari Desa)
Sandai,Pendamaran Indah,"Rabu, 30 September 2026 14:01:00",NASA-SNPP,Medium,110.61385,-1.07514,False,False,False,False,False,False,Di Luar Area Pantauan (>1000m dari Desa)
Sandai,Merimbang Jaya,"Rabu, 30 September 2026 14:01:00",NASA-SNPP,Medium,110.58788,-1.11175,False,False,False,False,False,False,Di Luar Area Pantauan (>1000m dari Desa)
Sandai,Pendamaran Indah,"Rabu, 30 September 2026 14:01:00",NASA-SNPP,Medium,110.62438,-1.11224,False,False,False,False,False,False,Di Luar Area Pantauan (>1000m dari Desa)
Ketungau Tengah,Wirayuda,"Rabu, 30 September 2026 14:01:00",NASA-SNPP,Medium,111.51672,0.71331,False,False,False,False,False,False,Di Luar Area Pantauan (>1000m dari Desa)
Sengah Temila,Rabak,"Rabu, 30 September 2026 14:01:00",NASA-SNPP,Medium,109.68614,0.47669,False,False,False,False,False,False,Di Luar Area Pantauan (>1000m dari Desa)
Sengah Temila,Rabak,"Rabu, 30 September 2026 14:01:00",NASA-SNPP,Medium,109.68166,0.47597,False,False,False,False,False,False,Di Luar Area Pantauan (>1000m dari Desa)
Menyuke,Anik Dingir,"Rabu, 30 September 2026 14:01:00",NASA-SNPP,Medium,109.69807,0.49781,False,False,False,False,False,False,Di Luar Area Pantauan (>1000m dari Desa)
Ketungau Hulu,Sepiluk,"Rabu, 30 September 2026 14:01:00",NASA-SNPP,Medium,110.90137,0.74345,False,False,False,False,False,False,Di Luar Area Pantauan (>1000m dari Desa)
Ngabang,Amang,"Rabu, 30 September 2026 14:01:00",NASA-SNPP,Medium,109.80956,0.51495,False,False,False,False,False,False,Di Luar Area Pantauan (>1000m dari Desa)
Sungai Laur,Mekar Harapan,"Rabu, 30 September 2026 14:01:00",NASA-SNPP,Medium,110.42413,-0.99608,False,False,False,False,False,False,Di Luar Area Pantauan (>1000m dari Desa)
Sungai Laur,Kepari,"Rabu, 30 September 2026 14:01:00",NASA-SNPP,Medium,110.5309,-0.86948,False,False,False,False,False,False,Di Luar Area Pantauan (>1000m dari Desa)
Balai,Semoncol,"Rabu, 30 September 2026 14:01:00",NASA-SNPP,Medium,109.97646,0.14093,False,False,False,False,False,False,Di Luar Area Pantauan (>1000m dari Desa)
Ketungau Tengah,Senangan Kecil,"Rabu, 30 September 2026 14:01:00",NASA-SNPP,Medium,111.52502,0.70061,False,False,False,False,False,False,Di Luar Area Pantauan (>1000m dari Desa)
Simpang Dua,Kamora,"Rabu, 30 September 2026 14:01:00",NASA-SNPP,Medium,110.31131,-0.95037,False,False,False,False,True,True,Di Luar Area Pantauan (>1000m dari Desa)
Simpang Hulu,Paoh Concong,"Rabu, 30 September 2026 14:01:00",NASA-SNPP,Medium,110.39268,-0.68847,False,False,False,False,False,False,Di Luar Area Pantauan (>1000m dari Desa)
Simpang Hulu,Paoh Concong,"Rabu, 30 September 2026 14:01:00",NASA-SNPP,Medium,110.39306,-0.68599,False,False,False,False,False,False,Di Luar Area Pantauan (>1000m dari Desa)
Sungai Laur,Tanjung Beringin,"Rabu, 30 September 2026 14:01:00",NASA-SNPP,Medium,110.50832,-0.77946,False,False,False,False,False,False,Di Luar Area Pantauan (>1000m dari Desa)
Sungai Laur,Tanjung Beringin,"Rabu, 30 September 2026 14:01:00",NASA-SNPP,Medium,110.5133,-0.77864,False,False,False,False,False,False,Di Luar Area Pantauan (>1000m dari Desa)
Ella Hilir,Nanga Nyuruh,"Rabu, 30 September 2026 14:01:00",NASA-SNPP,Medium,112.12034,-0.48731,False,False,False,False,False,False,Di Luar Area Pantauan (>1000m dari Desa)
Toba,Kampung Baru,"Rabu, 30 September 2026 14:01:00",NASA-SNPP,Medium,109.95269,-0.19452,False,False,True,False,False,True,Di Luar Area Pantauan (>1000m dari Desa)
Simpang Dua,Kampar Sebomban,"Rabu, 30 September 2026 14:01:00",NASA-SNPP,Medium,110.22259,-0.70129,False,False,False,False,False,False,Di Luar Area Pantauan (>1000m dari Desa)
Nanga Mahap,Karang Betung,"Rabu, 30 September 2026 14:01:00",NASA-SNPP,Medium,110.89942,-0.64912,True,False,False,False,False,False,Prioritas 2 (Sedang)
Serawai,Tunas Harapan,"Rabu, 30 September 2026 14:01:00",NASA-SNPP,Medium,112.4289,-0.40162,False,False,False,False,False,False,Di Luar Area Pantauan (>1000m dari Desa)
Sengah Temila,Aur Sampuk,"Rabu, 30 September 2026 14:01:00",NASA-SNPP,Medium,109.59725,0.35095,False,False,False,False,False,False,Di Luar Area Pantauan (>1000m dari Desa)
Toba,Kampung Baru,"Rabu, 30 September 2026 14:01:00",NASA-SNPP,Medium,110.07654,-0.23683,False,False,False,False,False,False,Di Luar Area Pantauan (>1000m dari Desa)
Simpang Dua,Kampar Sebomban,"Rabu, 30 September 2026 14:01:00",NASA-SNPP,Medium,110.22181,-0.70259,False,False,False,False,False,False,Di Luar Area Pantauan (>1000m dari Desa)
Nanga Tayap,Nanga Tayap,"Rabu, 30 September 2026 14:01:00",NASA-SNPP,Medium,110.63856,-1.49658,False,False,False,False,False,False,Di Luar Area Pantauan (>1000m dari Desa)
Simpang Dua,Kampar Sebomban,"Rabu, 30 September 2026 14:01:00",NASA-SNPP,Medium,110.15462,-0.70687,False,False,False,False,False,False,Di Luar Area Pantauan (>1000m dari Desa)
Simpang Hulu,Paoh Concong,"Rabu, 30 September 2026 14:01:00",NASA-SNPP,Medium,110.41019,-0.70499,False,False,False,False,False,False,Di Luar Area Pantauan (>1000m dari Desa)
Nanga Tayap,Nanga Tayap,"Rabu, 30 September 2026 14:01:00",NASA-SNPP,Medium,110.52116,-1.53746,False,False,False,False,False,False,Di Luar Area Pantauan (>1000m dari Desa)
Dedai,Lundang Baru,"Rabu, 30 September 2026 14:01:00",NASA-SNPP,Medium,111.56718,-0.04811,False,False,False,False,False,False,Di Luar Area Pantauan (>1000m dari Desa)
Meliau,Lalang,"Rabu, 30 September 2026 14:01:00",NASA-SNPP,Medium,110.31024,-0.2546,False,False,False,False,False,False,Di Luar Area Pantauan (>1000m dari Desa)
Simpang Dua,Kampar Sebomban,"Rabu, 30 September 2026 14:01:00",NASA-SNPP,Medium,110.21708,-0.70334,False,False,False,False,False,False,Di Luar Area Pantauan (>1000m dari Desa)
Simpang Dua,Kampar Sebomban,"Rabu, 30 September 2026 14:01:00",NASA-SNPP,Medium,110.21789,-0.70207,False,False,False,False,False,False,Di Luar Area Pantauan (>1000m dari Desa)
Simpang Hulu,Paoh Concong,"Rabu, 30 September 2026 14:01:00",NASA-SNPP,Medium,110.41047,-0.7024,False,False,False,False,False,False,Di Luar Area Pantauan (>1000m dari Desa)
Nanga Mahap,Karang Betung,"Rabu, 30 September 2026 14:01:00",NASA-SNPP,Medium,110.89436,-0.64994,True,False,False,False,False,False,Prioritas 2 (Sedang)
Nanga Mahap,Lembah Beringin,"Rabu, 30 September 2026 14:01:00",NASA-SNPP,Medium,110.77043,-0.68967,False,False,False,False,False,False,Di Luar Area Pantauan (>1000m dari Desa)
Sungai Laur,Bengaras,"Rabu, 30 September 2026 14:01:00",NASA-SNPP,Medium,110.54685,-0.97663,False,False,False,False,False,False,Di Luar Area Pantauan (>1000m dari Desa)
Sandai,Randau,"Rabu, 30 September 2026 14:01:00",NASA-SNPP,Medium,110.56614,-0.97358,False,False,False,False,False,False,Di Luar Area Pantauan (>1000m dari Desa)
Sungai Laur,Bengaras,"Rabu, 30 September 2026 14:01:00",NASA-SNPP,Medium,110.51074,-0.9726,False,False,False,False,False,False,Di Luar Area Pantauan (>1000m dari Desa)
Sungai Laur,Lanjut Mekar Sari,"Rabu, 30 September 2026 14:01:00",NASA-SNPP,Medium,110.54895,-0.95979,False,False,False,False,False,False,Di Luar Area Pantauan (>1000m dari Desa)
Sungai Laur,Mekar Harapan,"Rabu, 30 September 2026 14:01:00",NASA-SNPP,Medium,110.42441,-0.99977,False,False,False,False,False,False,Di Luar Area Pantauan (>1000m dari Desa)
Sandai,Randau,"Rabu, 30 September 2026 14:01:00",NASA-SNPP,Medium,110.54791,-0.98578,False,False,False,False,False,False,Di Luar Area Pantauan (>1000m dari Desa)
Sungai Laur,Sempurna,"Rabu, 30 September 2026 14:01:00",NASA-SNPP,Medium,110.43442,-1.18801,False,False,False,False,False,False,Di Luar Area Pantauan (>1000m dari Desa)
Sandai,Muara Jekak,"Rabu, 30 September 2026 14:01:00",NASA-SNPP,Medium,110.57163,-1.166,False,False,False,False,False,False,Di Luar Area Pantauan (>1000m dari Desa)
Sungai Laur,Sempurna,"Rabu, 30 September 2026 14:01:00",NASA-SNPP,Medium,110.44028,-1.19346,False,False,False,False,True,True,Di Luar Area Pantauan (>1000m dari Desa)
Sungai Laur,Lanjut Mekar Sari,"Rabu, 30 September 2026 14:01:00",NASA-SNPP,Medium,110.54313,-0.95142,False,False,False,False,False,False,Di Luar Area Pantauan (>1000m dari Desa)
Sungai Laur,Sungai Daka,"Rabu, 30 September 2026 14:01:00",NASA-SNPP,Medium,110.45921,-0.99694,False,False,False,False,False,False,Di Luar Area Pantauan (>1000m dari Desa)
Tumbang Titi,Titi Baru,"Rabu, 30 September 2026 14:01:00",NASA-SNPP,Medium,110.63521,-1.82904,False,False,False,False,False,False,Di Luar Area Pantauan (>1000m dari Desa)
Nanga Mahap,Lembah Beringin,"Rabu, 30 September 2026 14:01:00",NASA-SNPP,Medium,110.77559,-0.68885,False,False,False,False,False,False,Di Luar Area Pantauan (>1000m dari Desa)
Ella Hilir,Nyanggau,"Rabu, 30 September 2026 14:01:00",NASA-SNPP,Medium,112.12733,-0.48619,False,False,False,False,False,False,Di Luar Area Pantauan (>1000m dari Desa)
Sungai Laur,Tanjung Beringin,"Rabu, 30 September 2026 14:01:00",NASA-SNPP,Medium,110.50807,-0.77691,False,False,False,False,False,False,Di Luar Area Pantauan (>1000m dari Desa)
Sungai Laur,Kepari,"Rabu, 30 September 2026 14:01:00",NASA-SNPP,Medium,110.54342,-0.8868,False,False,False,False,False,False,Di Luar Area Pantauan (>1000m dari Desa)
Sungai Laur,Sungai Daka,"Rabu, 30 September 2026 14:01:00",NASA-SNPP,Medium,110.47101,-0.97581,False,False,False,False,False,False,Di Luar Area Pantauan (>1000m dari Desa)
Sungai Laur,Kepari,"Rabu, 30 September 2026 14:01:00",NASA-SNPP,Medium,110.56154,-0.87088,False,False,False,False,False,False,Di Luar Area Pantauan (>1000m dari Desa)
Sungai Laur,Sinar Kuri,"Rabu, 30 September 2026 14:01:00",NASA-SNPP,Medium,110.45732,-0.88809,False,False,False,False,False,False,Di Luar Area Pantauan (>1000m dari Desa)
Sengah Temila,Aur Sampuk,"Rabu, 30 September 2026 14:01:00",NASA-SNPP,Medium,109.59766,0.35015,False,False,False,False,False,False,Di Luar Area Pantauan (>1000m dari Desa)
Sengah Temila,Aur Sampuk,"Rabu, 30 September 2026 14:01:00",NASA-SNPP,Medium,109.59348,0.35037,False,False,False,False,False,False,Di Luar Area Pantauan (>1000m dari Desa)
Menukung,Nanga Keruap,"Rabu, 30 September 2026 14:01:00",NASA-SNPP,Medium,112.11312,-0.37533,False,False,False,False,False,False,Di Luar Area Pantauan (>1000m dari Desa)
Sungai Laur,Bengaras,"Rabu, 30 September 2026 14:01:00",NASA-SNPP,Medium,110.4976,-0.98444,False,False,False,False,False,False,Di Luar Area Pantauan (>1000m dari Desa)
Sungai Laur,Mekar Harapan,"Rabu, 30 September 2026 14:01:00",NASA-SNPP,Medium,110.42898,-0.99531,False,False,False,False,False,False,Di Luar Area Pantauan (>1000m dari Desa)
Sandai,Randau,"Rabu, 30 September 2026 14:01:00",NASA-SNPP,Medium,110.63019,-0.98288,False,False,False,False,False,False,Di Luar Area Pantauan (>1000m dari Desa)
Sandai,Pendamaran Indah,"Rabu, 30 September 2026 14:01:00",NASA-SNPP,Medium,110.61491,-1.08143,False,False,False,False,False,False,Di Luar Area Pantauan (>1000m dari Desa)
Sungai Laur,Mekar Harapan,"Rabu, 30 September 2026 14:01:00",NASA-SNPP,Medium,110.44691,-0.98321,False,False,False,False,False,False,Di Luar Area Pantauan (>1000m dari Desa)
Sungai Laur,Sungai Daka,"Rabu, 30 September 2026 14:01:00",NASA-SNPP,Medium,110.4732,-0.99169,False,False,False,False,False,False,Di Luar Area Pantauan (>1000m dari Desa)
Sungai Laur,Bengaras,"Rabu, 30 September 2026 14:01:00",NASA-SNPP,Medium,110.51258,-0.98518,False,False,False,False,False,False,Di Luar Area Pantauan (>1000m dari Desa)
Sungai Laur,Sungai Daka,"Rabu, 30 September 2026 14:01:00",NASA-SNPP,Medium,110.45948,-1.00038,False,False,False,False,False,False,Di Luar Area Pantauan (>1000m dari Desa)
Sungai Laur,Bengaras,"Rabu, 30 September 2026 14:01:00",NASA-SNPP,Medium,110.5135,-0.99147,False,False,False,False,False,False,Di Luar Area Pantauan (>1000m dari Desa)
Sandai,Merimbang Jaya,"Rabu, 30 September 2026 14:01:00",NASA-SNPP,Medium,110.58324,-1.11251,False,False,False,False,False,False,Di Luar Area Pantauan (>1000m dari Desa)
Sandai,Demit,"Rabu, 30 September 2026 14:01:00",NASA-SNPP,Medium,110.68581,-1.17364,False,False,False,False,False,False,Di Luar Area Pantauan (>1000m dari Desa)
Sungai Laur,Sempurna,"Rabu, 30 September 2026 14:01:00",NASA-SNPP,Medium,110.44893,-1.18568,False,False,False,False,False,False,Di Luar Area Pantauan (>1000m dari Desa)
Belitang Hilir,Kumpang Bis,"Rabu, 30 September 2026 14:01:00",NASA-SNPP,Medium,111.1058,0.25695,False,False,False,False,False,False,Di Luar Area Pantauan (>1000m dari Desa)
Hulu Sungai,Cinta Manis,"Rabu, 30 September 2026 14:01:00",NASA-SNPP,Medium,110.82144,-1.139,False,False,False,False,True,True,Di Luar Area Pantauan (>1000m dari Desa)
Hulu Sungai,Cinta Manis,"Rabu, 30 September 2026 14:01:00",NASA-SNPP,Medium,110.81203,-1.14704,False,False,True,False,True,True,Di Luar Area Pantauan (>1000m dari Desa)
Belitang Hilir,Kumpang Bis,"Rabu, 30 September 2026 14:01:00",NASA-SNPP,Medium,111.1095,0.25328,False,False,False,False,False,False,Di Luar Area Pantauan (>1000m dari Desa)
Sekadau Hilir,Timpuk,"Rabu, 30 September 2026 14:01:00",NASA-SNPP,Medium,110.91414,0.21536,False,False,False,False,False,False,Di Luar Area Pantauan (>1000m dari Desa)
Sandai,Randau,"Rabu, 30 September 2026 14:01:00",NASA-SNPP,Medium,110.57201,-0.97911,False,False,False,False,False,False,Di Luar Area Pantauan (>1000m dari Desa)
Sekadau Hilir,Timpuk,"Rabu, 30 September 2026 14:01:00",NASA-SNPP,Medium,110.91946,0.2162,False,False,False,False,False,False,Di Luar Area Pantauan (>1000m dari Desa)
Balai,Senyabang,"Rabu, 30 September 2026 14:01:00",NASA-SNPP,Medium,110.19732,0.13962,False,False,False,False,False,False,Di Luar Area Pantauan (>1000m dari Desa)
Sungai Laur,Mekar Harapan,"Rabu, 30 September 2026 14:01:00",NASA-SNPP,Medium,110.42709,-1.01481,False,False,False,False,False,False,Di Luar Area Pantauan (>1000m dari Desa)
Sungai Laur,Mekar Harapan,"Rabu, 30 September 2026 14:01:00",NASA-SNPP,Medium,110.44671,-0.97968,False,False,False,False,False,False,Di Luar Area Pantauan (>1000m dari Desa)
Tumbang Titi,Beringin Rayo,"Rabu, 30 September 2026 14:01:00",NASA-SNPP,Medium,110.82494,-1.67808,False,False,False,False,False,False,Di Luar Area Pantauan (>1000m dari Desa)
Sungai Laur,Bengaras,"Rabu, 30 September 2026 14:01:00",NASA-SNPP,Medium,110.51962,-0.96468,False,False,False,False,False,False,Di Luar Area Pantauan (>1000m dari Desa)
Jelai Hulu,Pangkalan Suka,"Rabu, 30 September 2026 14:01:00",NASA-SNPP,Medium,110.93658,-1.93744,False,False,True,False,False,True,Di Luar Area Pantauan (>1000m dari Desa)
Jelai Hulu,Pangkalan Suka,"Rabu, 30 September 2026 14:01:00",NASA-SNPP,Medium,110.90078,-1.93683,False,False,False,False,False,False,Di Luar Area Pantauan (>1000m dari Desa)
Jelai Hulu,Kesuma Jaya,"Rabu, 30 September 2026 14:01:00",NASA-SNPP,Medium,110.83324,-1.93502,False,False,False,False,False,False,Di Luar Area Pantauan (>1000m dari Desa)
Jelai Hulu,Teluk Runjai,"Rabu, 30 September 2026 14:01:00",NASA-SNPP,Medium,110.76118,-1.93408,False,False,False,False,False,False,Di Luar Area Pantauan (>1000m dari Desa)
Sandai,Penjawaan,"Rabu, 30 September 2026 14:01:00",NASA-SNPP,Medium,110.51971,-1.33567,False,False,False,False,False,False,Di Luar Area Pantauan (>1000m dari Desa)
Nanga Tayap,Kayung Tuhe,"Rabu, 30 September 2026 14:01:00",NASA-SNPP,Medium,110.60417,-1.5666,False,False,False,False,False,False,Di Luar Area Pantauan (>1000m dari Desa)
Nanga Tayap,Pangkalan Teluk,"Rabu, 30 September 2026 14:01:00",NASA-SNPP,Medium,110.43455,-1.39429,False,False,False,False,False,False,Di Luar Area Pantauan (>1000m dari Desa)
Hulu Sungai,Cinta Manis,"Rabu, 30 September 2026 14:01:00",NASA-SNPP,Medium,110.80859,-1.1619,False,False,False,False,False,False,Di Luar Area Pantauan (>1000m dari Desa)
Hulu Sungai,Cinta Manis,"Rabu, 30 September 2026 14:01:00",NASA-SNPP,Medium,110.82101,-1.1402,False,False,False,False,True,True,Di Luar Area Pantauan (>1000m dari Desa)
Sandai,Merimbang Jaya,"Rabu, 30 September 2026 14:01:00",NASA-SNPP,Medium,110.58152,-1.07072,False,False,False,False,False,False,Di Luar Area Pantauan (>1000m dari Desa)
Sandai,Randau,"Rabu, 30 September 2026 14:01:00",NASA-SNPP,Medium,110.60992,-0.98607,False,False,False,False,False,False,Di Luar Area Pantauan (>1000m dari Desa)
Tumbang Titi,Mahawa,"Rabu, 30 September 2026 14:01:00",NASA-SNPP,Medium,110.70654,-1.94319,False,False,False,False,True,True,Di Luar Area Pantauan (>1000m dari Desa)
Sandai,Randau,"Rabu, 30 September 2026 14:01:00",NASA-SNPP,Medium,110.60481,-0.98687,False,False,False,False,False,False,Di Luar Area Pantauan (>1000m dari Desa)
Jelai Hulu,Teluk Runjai,"Rabu, 30 September 2026 14:01:00",NASA-SNPP,Medium,110.75533,-1.9286,False,False,False,False,False,False,Di Luar Area Pantauan (>1000m dari Desa)
Jelai Hulu,Limpang,"Rabu, 30 September 2026 14:01:00",NASA-SNPP,Medium,110.84385,-1.90731,False,False,False,False,False,False,Di Luar Area Pantauan (>1000m dari Desa)
Jelai Hulu,Pangkalan Suka,"Rabu, 30 September 2026 14:01:00",NASA-SNPP,Medium,110.93986,-1.92385,False,False,False,False,False,False,Di Luar Area Pantauan (>1000m dari Desa)
Kendawangan,Natai Kuini,"Rabu, 30 September 2026 14:01:00",NASA-SNPP,Medium,110.69608,-2.88432,False,False,False,True,False,True,Di Luar Area Pantauan (>1000m dari Desa)
Nanga Tayap,Cegolak,"Kamis, 01 Oktober 2026 01:02:00",NASA-SNPP,Medium,110.73305,-1.59832,False,False,False,False,False,False,Di Luar Area Pantauan (>1000m dari Desa)
Kendawangan,Air Hitam Besar,"Kamis, 01 Oktober 2026 01:04:00",NASA-SNPP,Medium,110.7401,-2.8006,False,False,False,False,False,False,Di Luar Area Pantauan (>1000m dari Desa)
Kendawangan,Air Hitam Besar,"Kamis, 01 Oktober 2026 01:04:00",NASA-SNPP,Medium,110.73564,-2.80349,False,False,False,False,False,False,Di Luar Area Pantauan (>1000m dari Desa)
Kendawangan,Air Hitam Besar,"Kamis, 01 Oktober 2026 01:04:00",NASA-SNPP,Medium,110.75172,-2.80246,False,False,False,True,False,True,Di Luar Area Pantauan (>1000m dari Desa)
Kendawangan,Natai Kuini,"Kamis, 01 Oktober 2026 01:04:00",NASA-SNPP,Medium,110.94344,-2.81169,False,False,False,True,False,True,Di Luar Area Pantauan (>1000m dari Desa)
Kendawangan,Natai Kuini,"Kamis, 01 Oktober 2026 01:04:00",NASA-SNPP,Medium,110.72099,-2.90188,False,False,False,False,False,False,Di Luar Area Pantauan (>1000m dari Desa)
Kendawangan,Natai Kuini,"Kamis, 01 Oktober 2026 01:04:00",NASA-SNPP,Medium,110.70544,-2.89939,False,False,False,False,False,False,Di Luar Area Pantauan (>1000m dari Desa)
Kendawangan,Natai Kuini,"Kamis, 01 Oktober 2026 01:04:00",NASA-SNPP,Medium,110.70934,-2.90001,False,False,False,False,False,False,Di Luar Area Pantauan (>1000m dari Desa)
Kendawangan,Natai Kuini,"Kamis, 01 Oktober 2026 01:04:00",NASA-SNPP,Medium,110.72487,-2.9025,False,False,False,False,False,False,Di Luar Area Pantauan (>1000m dari Desa)
Kendawangan,Natai Kuini,"Kamis, 01 Oktober 2026 01:04:00",NASA-SNPP,Medium,110.69157,-2.88636,False,False,False,True,False,True,Di Luar Area Pantauan (>1000m dari Desa)
Kendawangan,Air Hitam Besar,"Kamis, 01 Oktober 2026 01:04:00",NASA-SNPP,Medium,110.68435,-2.88159,False,False,False,True,False,True,Di Luar Area Pantauan (>1000m dari Desa)
Kendawangan,Natai Kuini,"Kamis, 01 Oktober 2026 01:04:00",NASA-SNPP,Medium,110.71327,-2.87544,False,False,False,True,False,True,Di Luar Area Pantauan (>1000m dari Desa)
Kendawangan,Natai Kuini,"Rabu, 30 September 2026 19:49:00",NASA-MODIS,Medium,110.69396,-2.888,False,False,False,True,False,True,Di Luar Area Pantauan (>1000m dari Desa)
Kayan Hilir,Tuguk,"Rabu, 30 September 2026 15:37:00",NASA-MODIS,Medium,111.87599,-0.07527,False,False,False,False,False,False,Di Luar Area Pantauan (>1000m dari Desa)
Pinoh Utara,Melawi Kiri Hilir,"Rabu, 30 September 2026 15:37:00",NASA-MODIS,Medium,111.70867,-0.29618,False,False,False,False,False,False,Di Luar Area Pantauan (>1000m dari Desa)
Tempunak,Benua Kencana,"Rabu, 30 September 2026 15:37:00",NASA-MODIS,Medium,111.34288,-0.33904,False,False,False,False,False,False,Di Luar Area Pantauan (>1000m dari Desa)
Sungai Laur,Lanjut Mekar Sari,"Rabu, 30 September 2026 15:37:00",NASA-MODIS,Medium,110.53904,-0.94229,False,False,False,False,False,False,Di Luar Area Pantauan (>1000m dari Desa)
Sungai Laur,Teluk Bayur,"Rabu, 30 September 2026 15:37:00",NASA-MODIS,Medium,110.46553,-1.17667,False,False,False,False,False,False,Di Luar Area Pantauan (>1000m dari Desa)
Hulu Sungai,Sekukun,"Rabu, 30 September 2026 15:37:00",NASA-MODIS,Medium,110.76929,-1.27725,False,False,True,False,False,True,Di Luar Area Pantauan (>1000m dari Desa)
Nanga Tayap,Sepakat Jaya,"Rabu, 30 September 2026 15:37:00",NASA-MODIS,Medium,110.71803,-1.33362,False,False,False,False,False,False,Di Luar Area Pantauan (>1000m dari Desa)
Sungai Laur,Kepari,"Rabu, 30 September 2026 15:37:00",NASA-MODIS,Medium,110.56103,-0.87786,False,False,False,False,False,False,Di Luar Area Pantauan (>1000m dari Desa)
Nanga Tayap,Kayung Tuhe,"Rabu, 30 September 2026 15:37:00",NASA-MODIS,Medium,110.69257,-1.59646,False,False,True,False,False,True,Di Luar Area Pantauan (>1000m dari Desa)
Sungai Laur,Sungai Daka,"Rabu, 30 September 2026 15:37:00",NASA-MODIS,Medium,110.46761,-0.97391,False,False,False,False,False,False,Di Luar Area Pantauan (>1000m dari Desa)
Tumbang Titi,Titi Baru,"Rabu, 30 September 2026 15:37:00",NASA-MODIS,Medium,110.64658,-1.83856,False,False,False,False,False,False,Di Luar Area Pantauan (>1000m dari Desa)
Sandai,Petai Patah,"Rabu, 30 September 2026 15:37:00",NASA-MODIS,Medium,110.59562,-1.19929,False,False,False,False,False,False,Di Luar Area Pantauan (>1000m dari Desa)
Sandai,Sandai,"Rabu, 30 September 2026 15:37:00",NASA-MODIS,Medium,110.5241,-1.27146,False,False,False,False,False,False,Di Luar Area Pantauan (>1000m dari Desa)
Sungai Laur,Teluk Bayur,"Rabu, 30 September 2026 15:37:00",NASA-MODIS,Medium,110.4778,-1.1748,False,False,False,False,False,False,Di Luar Area Pantauan (>1000m dari Desa)
Sungai Laur,Lanjut Mekar Sari,"Rabu, 30 September 2026 15:37:00",NASA-MODIS,Medium,110.54058,-0.95266,False,False,False,False,False,False,Di Luar Area Pantauan (>1000m dari Desa)
Sandai,Sandai,"Rabu, 30 September 2026 15:37:00",NASA-MODIS,Medium,110.51202,-1.27328,False,False,False,False,False,False,Di Luar Area Pantauan (>1000m dari Desa)
Nanga Tayap,Sepakat Jaya,"Rabu, 30 September 2026 15:37:00",NASA-MODIS,High,110.45975,-1.50768,False,False,False,False,True,True,Di Luar Area Pantauan (>1000m dari Desa)
Pinoh Utara,Engkurai,"Rabu, 30 September 2026 19:49:00",NASA-MODIS,High,112.05039,-0.2791,False,False,False,False,False,False,Di Luar Area Pantauan (>1000m dari Desa)
Kayan Hulu,Tanjung Lalau,"Rabu, 30 September 2026 15:37:00",NASA-MODIS,High,112.12895,-0.20941,False,False,False,False,False,False,Di Luar Area Pantauan (>1000m dari Desa)
Ketungau Hilir,Maung,"Rabu, 30 September 2026 15:37:00",NASA-MODIS,High,111.55195,0.49689,False,False,True,False,False,True,Di Luar Area Pantauan (>1000m dari Desa)
Tumbang Titi,Batu Beransak,"Rabu, 30 September 2026 15:37:00",NASA-MODIS,High,110.69463,-1.82081,False,False,False,False,False,False,Di Luar Area Pantauan (>1000m dari Desa)
Sandai,Penjawaan,"Rabu, 30 September 2026 15:37:00",NASA-MODIS,High,110.51555,-1.34328,False,False,False,False,False,False,Di Luar Area Pantauan (>1000m dari Desa)
Sandai,Muara Jekak,"Rabu, 30 September 2026 15:37:00",NASA-MODIS,High,110.58936,-1.15783,False,False,False,False,False,False,Di Luar Area Pantauan (>1000m dari Desa)
Belimbing Hulu,Nanga Raya,"Rabu, 30 September 2026 15:37:00",NASA-MODIS,High,111.47546,-0.53805,False,False,False,False,False,False,Di Luar Area Pantauan (>1000m dari Desa)
Marau,Randai,"Rabu, 30 September 2026 15:37:00",NASA-MODIS,High,110.51973,-2.11296,False,False,False,False,False,False,Di Luar Area Pantauan (>1000m dari Desa)
Sungai Laur,Kepari,"Rabu, 30 September 2026 15:37:00",NASA-MODIS,High,110.54518,-0.89896,False,False,False,False,False,False,Di Luar Area Pantauan (>1000m dari Desa)
Kayan Hulu,Tanjung Lalau,"Rabu, 30 September 2026 15:37:00",NASA-MODIS,High,112.146,-0.20685,False,False,False,False,False,False,Di Luar Area Pantauan (>1000m dari Desa)
Sungai Laur,Kepari,"Rabu, 30 September 2026 15:37:00",NASA-MODIS,High,110.53277,-0.90084,False,False,False,False,False,False,Di Luar Area Pantauan (>1000m dari Desa)
Tumbang Titi,Titi Baru,"Rabu, 30 September 2026 15:37:00",NASA-MODIS,High,110.61134,-1.85432,False,False,False,False,False,False,Di Luar Area Pantauan (>1000m dari Desa)
Tumbang Titi,Tanjung Maloi,"Rabu, 30 September 2026 15:37:00",NASA-MODIS,High,110.68218,-1.82268,False,False,False,False,False,False,Di Luar Area Pantauan (>1000m dari Desa)
Sandai,Randau,"Rabu, 30 September 2026 14:01:00",NASA-SNPP,High,110.61864,-0.97822,False,False,False,False,False,False,Di Luar Area Pantauan (>1000m dari Desa)
Belitang Hulu,Seburuk Satu,"Rabu, 30 September 2026 14:01:00",NASA-SNPP,High,111.02607,0.62297,False,False,False,False,False,False,Di Luar Area Pantauan (>1000m dari Desa)
Sandai,Randau,"Rabu, 30 September 2026 14:01:00",NASA-SNPP,High,110.61861,-0.9806,False,False,False,False,False,False,Di Luar Area Pantauan (>1000m dari Desa)
Toba,Kampung Baru,"Rabu, 30 September 2026 14:01:00",NASA-SNPP,High,110.06335,-0.22775,False,False,False,False,False,False,Di Luar Area Pantauan (>1000m dari Desa)
Sungai Laur,Bayun Sari,"Rabu, 30 September 2026 14:01:00",NASA-SNPP,High,110.42622,-1.04428,False,False,False,False,False,False,Di Luar Area Pantauan (>1000m dari Desa)
Balai,Temiang Taba,"Rabu, 30 September 2026 14:01:00",NASA-SNPP,High,110.20242,0.14045,False,False,False,False,False,False,Di Luar Area Pantauan (>1000m dari Desa)
Sungai Laur,Bengaras,"Rabu, 30 September 2026 14:01:00",NASA-SNPP,High,110.50273,-0.98681,False,False,False,False,False,False,Di Luar Area Pantauan (>1000m dari Desa)
Sengah Temila,Rabak,"Rabu, 30 September 2026 14:01:00",NASA-SNPP,High,109.68259,0.47672,False,False,False,False,False,False,Di Luar Area Pantauan (>1000m dari Desa)
Sungai Laur,Sinar Kuri,"Rabu, 30 September 2026 14:01:00",NASA-SNPP,High,110.45816,-0.88415,False,False,False,False,False,False,Di Luar Area Pantauan (>1000m dari Desa)
Simpang Hulu,Kualan Hilir,"Rabu, 30 September 2026 14:01:00",NASA-SNPP,High,110.15273,-0.56946,False,False,False,False,False,False,Di Luar Area Pantauan (>1000m dari Desa)
Sandai,Pendamaran Indah,"Rabu, 30 September 2026 14:01:00",NASA-SNPP,High,110.58781,-1.04387,False,False,False,False,False,False,Di Luar Area Pantauan (>1000m dari Desa)
Kendawangan,Natai Kuini,"Rabu, 30 September 2026 12:40:00",NASA-NOAA20,High,110.71203,-2.90263,False,False,False,False,False,False,Di Luar Area Pantauan (>1000m dari Desa)
Sungai Laur,Kepari,"Rabu, 30 September 2026 14:01:00",NASA-SNPP,High,110.5336,-0.88841,False,False,False,False,False,False,Di Luar Area Pantauan (>1000m dari Desa)
Simpang Hulu,Paoh Concong,"Rabu, 30 September 2026 14:01:00",NASA-SNPP,High,110.39801,-0.68517,False,False,False,False,False,False,Di Luar Area Pantauan (>1000m dari Desa)
Sungai Laur,Sinar Kuri,"Rabu, 30 September 2026 14:01:00",NASA-SNPP,High,110.45636,-0.88182,False,False,False,False,False,False,Di Luar Area Pantauan (>1000m dari Desa)
Sungai Laur,Bengaras,"Rabu, 30 September 2026 14:01:00",NASA-SNPP,High,110.50253,-0.98366,False,False,False,False,False,False,Di Luar Area Pantauan (>1000m dari Desa)
Simpang Hulu,Paoh Concong,"Rabu, 30 September 2026 14:01:00",NASA-SNPP,High,110.39767,-0.68769,False,False,False,False,False,False,Di Luar Area Pantauan (>1000m dari Desa)
Sungai Laur,Mekar Harapan,"Rabu, 30 September 2026 14:01:00",NASA-SNPP,High,110.42926,-0.99896,False,False,False,False,False,False,Di Luar Area Pantauan (>1000m dari Desa)
Toba,Lumut,"Rabu, 30 September 2026 14:01:00",NASA-SNPP,High,110.09518,-0.1531,False,False,False,False,False,False,Di Luar Area Pantauan (>1000m dari Desa)
Hulu Sungai,Sekukun,"Rabu, 30 September 2026 14:01:00",NASA-SNPP,High,110.83215,-1.26463,False,False,True,False,False,True,Di Luar Area Pantauan (>1000m dari Desa)
Sandai,Muara Jekak,"Rabu, 30 September 2026 15:37:00",NASA-MODIS,High,110.58286,-1.15209,False,False,False,False,False,False,Di Luar Area Pantauan (>1000m dari Desa)
Marau,Randai,"Rabu, 30 September 2026 15:37:00",NASA-MODIS,High,110.5078,-2.11476,False,False,False,False,False,False,Di Luar Area Pantauan (>1000m dari Desa)
