Kecamatan,Desa,Waktu,Satelit,Confidence,Longitude,Latitude,in_desa,in_buffer,is_hutan,is_gambut,is_kk,in_kawasan,Prioritas_Satgas
Kendawangan,Kendawangan Kanan,"Senin, 05 Oktober 2026 15:28:00",NASA-MODIS,Low,110.26802,-2.82349,False,False,False,False,True,True,Di Luar Area Pantauan (>1000m dari Desa)
Kendawangan,Natai Kuini,"Minggu, 04 Oktober 2026 20:46:00",NASA-MODIS,Low,110.73853,-2.87114,False,False,False,True,False,True,Di Luar Area Pantauan (>1000m dari Desa)
Kendawangan,Natai Kuini,"Minggu, 04 Oktober 2026 20:46:00",NASA-MODIS,Low,110.69275,-2.90688,False,False,False,False,False,False,Di Luar Area Pantauan (>1000m dari Desa)
Kendawangan,Natai Kuini,"Senin, 05 Oktober 2026 03:12:00",NASA-MODIS,Low,110.73244,-2.86139,False,False,False,True,False,True,Di Luar Area Pantauan (>1000m dari Desa)
Kendawangan,Natai Kuini,"Senin, 05 Oktober 2026 03:12:00",NASA-MODIS,Low,110.75137,-2.86432,False,False,False,True,False,True,Di Luar Area Pantauan (>1000m dari Desa)
Kendawangan,Pembedilan,"Senin, 05 Oktober 2026 15:28:00",NASA-MODIS,Low,110.43601,-2.75277,False,False,False,False,True,True,Di Luar Area Pantauan (>1000m dari Desa)
Sungai Laur,Bayun Sari,"Senin, 05 Oktober 2026 12:27:00",NASA-SNPP,Low,110.43858,-1.05346,False,False,False,False,False,False,Di Luar Area Pantauan (>1000m dari Desa)
Sandai,Pendamaran Indah,"Senin, 05 Oktober 2026 12:27:00",NASA-SNPP,Low,110.63824,-1.03716,False,False,False,False,True,True,Di Luar Area Pantauan (>1000m dari Desa)
Manis Mata,Suka Ramai,"Senin, 05 Oktober 2026 12:46:00",NASA-NOAA20,Low,111.09906,-2.71542,False,False,False,False,False,False,Di Luar Area Pantauan (>1000m dari Desa)
Kendawangan,Air Hitam Besar,"Senin, 05 Oktober 2026 14:07:00",NASA-SNPP,Low,110.72886,-2.79642,False,False,False,False,False,False,Di Luar Area Pantauan (>1000m dari Desa)
Kendawangan,Air Tarap,"Senin, 05 Oktober 2026 12:27:00",NASA-SNPP,Low,110.87173,-2.54348,False,False,False,False,False,False,Di Luar Area Pantauan (>1000m dari Desa)
Kendawangan,Pembedilan,"Senin, 05 Oktober 2026 12:46:00",NASA-NOAA20,Low,110.39379,-2.76421,False,False,False,False,True,True,Di Luar Area Pantauan (>1000m dari Desa)
Kendawangan,Natai Kuini,"Senin, 05 Oktober 2026 12:46:00",NASA-NOAA20,Low,110.70493,-2.89852,False,False,False,False,False,False,Di Luar Area Pantauan (>1000m dari Desa)
Kendawangan,Natai Kuini,"Senin, 05 Oktober 2026 12:46:00",NASA-NOAA20,Low,110.8532,-2.82927,False,False,False,False,True,True,Di Luar Area Pantauan (>1000m dari Desa)
Kendawangan,Natai Kuini,"Senin, 05 Oktober 2026 12:46:00",NASA-NOAA20,Low,110.68948,-2.90517,False,False,False,False,False,False,Di Luar Area Pantauan (>1000m dari Desa)
Sandai,Pendamaran Indah,"Senin, 05 Oktober 2026 14:07:00",NASA-SNPP,Low,110.60264,-1.08133,False,False,False,False,False,False,Di Luar Area Pantauan (>1000m dari Desa)
Kendawangan,Natai Kuini,"Senin, 05 Oktober 2026 12:46:00",NASA-NOAA20,Low,110.86878,-2.8269,False,False,False,False,True,True,Di Luar Area Pantauan (>1000m dari Desa)
Kendawangan,Natai Kuini,"Senin, 05 Oktober 2026 12:46:00",NASA-NOAA20,Low,110.72422,-2.97432,False,False,False,False,False,False,Di Luar Area Pantauan (>1000m dari Desa)
Kendawangan,Natai Kuini,"Senin, 05 Oktober 2026 12:46:00",NASA-NOAA20,Low,110.68797,-2.92291,False,False,False,False,False,False,Di Luar Area Pantauan (>1000m dari Desa)
Kendawangan,Natai Kuini,"Senin, 05 Oktober 2026 12:46:00",NASA-NOAA20,Low,110.80791,-2.84918,False,False,False,False,False,False,Di Luar Area Pantauan (>1000m dari Desa)
Sandai,Pendamaran Indah,"Senin, 05 Oktober 2026 14:07:00",NASA-SNPP,Low,110.60378,-1.08824,False,False,False,False,False,False,Di Luar Area Pantauan (>1000m dari Desa)
Kendawangan,Natai Kuini,"Senin, 05 Oktober 2026 12:46:00",NASA-NOAA20,Low,110.86363,-2.81904,False,False,False,False,True,True,Di Luar Area Pantauan (>1000m dari Desa)
Kendawangan,Natai Kuini,"Senin, 05 Oktober 2026 12:46:00",NASA-NOAA20,Low,110.85973,-2.81964,False,False,False,False,True,True,Di Luar Area Pantauan (>1000m dari Desa)
Jelai Hulu,Sidahari,"Senin, 05 Oktober 2026 15:28:00",NASA-MODIS,Low,110.73051,-1.95065,False,False,False,False,False,False,Di Luar Area Pantauan (>1000m dari Desa)
Matan Hilir Utara,Lamon Satong,"Senin, 05 Oktober 2026 03:12:00",NASA-MODIS,Low,110.27412,-1.42298,False,False,True,False,False,True,Di Luar Area Pantauan (>1000m dari Desa)
Tumbang Titi,Batu Tajam,"Senin, 05 Oktober 2026 15:28:00",NASA-MODIS,Low,110.57076,-1.81772,False,False,False,False,False,False,Di Luar Area Pantauan (>1000m dari Desa)
Muara Pawan,Ulak Medang,"Senin, 05 Oktober 2026 03:12:00",NASA-MODIS,Low,110.2897,-1.55583,False,False,True,True,False,True,Di Luar Area Pantauan (>1000m dari Desa)
Manis Mata,Suka Ramai,"Senin, 05 Oktober 2026 15:28:00",NASA-MODIS,Low,111.10722,-2.76321,False,False,False,False,False,False,Di Luar Area Pantauan (>1000m dari Desa)
Kendawangan,Air Hitam Besar,"Senin, 05 Oktober 2026 03:12:00",NASA-MODIS,Medium,110.73887,-2.79851,False,False,False,False,False,False,Di Luar Area Pantauan (>1000m dari Desa)
Ngabang,Amboyo Inti,"Senin, 05 Oktober 2026 15:30:00",NASA-MODIS,Medium,109.91415,0.39613,False,False,False,False,False,False,Di Luar Area Pantauan (>1000m dari Desa)
Kendawangan,Natai Kuini,"Minggu, 04 Oktober 2026 20:46:00",NASA-MODIS,Medium,110.83196,-2.83923,False,False,False,False,True,True,Di Luar Area Pantauan (>1000m dari Desa)
Kendawangan,Natai Kuini,"Senin, 05 Oktober 2026 15:28:00",NASA-MODIS,Medium,110.83458,-2.80378,False,False,False,True,True,True,Di Luar Area Pantauan (>1000m dari Desa)
Marau,Batu Payung Dua,"Minggu, 04 Oktober 2026 20:46:00",NASA-MODIS,Medium,110.51131,-2.05171,False,False,False,False,False,False,Di Luar Area Pantauan (>1000m dari Desa)
Kendawangan,Natai Kuini,"Senin, 05 Oktober 2026 03:12:00",NASA-MODIS,Medium,110.68902,-2.89202,False,False,False,False,False,False,Di Luar Area Pantauan (>1000m dari Desa)
Matan Hilir Utara,Sungai Putri,"Senin, 05 Oktober 2026 15:28:00",NASA-MODIS,Medium,110.08663,-1.55646,False,False,True,True,False,True,Di Luar Area Pantauan (>1000m dari Desa)
Tempunak,Nanga Tempunak,"Senin, 05 Oktober 2026 15:30:00",NASA-MODIS,Medium,111.38446,0.0688,False,False,False,False,False,False,Di Luar Area Pantauan (>1000m dari Desa)
Ella Hilir,Bemban Permai,"Senin, 05 Oktober 2026 03:12:00",NASA-MODIS,Medium,111.9783,-0.50741,False,False,False,False,False,False,Di Luar Area Pantauan (>1000m dari Desa)
Matan Hilir Utara,Sungai Putri,"Senin, 05 Oktober 2026 15:28:00",NASA-MODIS,Medium,110.08797,-1.56544,False,False,True,True,False,True,Di Luar Area Pantauan (>1000m dari Desa)
Matan Hilir Selatan,Sungai Nanjung,"Senin, 05 Oktober 2026 15:28:00",NASA-MODIS,Medium,110.17922,-2.14329,False,False,True,False,False,True,Di Luar Area Pantauan (>1000m dari Desa)
Kendawangan,Danau Buntar,"Senin, 05 Oktober 2026 15:28:00",NASA-MODIS,Medium,110.98518,-2.81909,False,False,False,False,False,False,Di Luar Area Pantauan (>1000m dari Desa)
Kendawangan,Kedondong,"Senin, 05 Oktober 2026 15:28:00",NASA-MODIS,Medium,110.29925,-2.27369,False,False,False,False,False,False,Di Luar Area Pantauan (>1000m dari Desa)
Kendawangan,Natai Kuini,"Senin, 05 Oktober 2026 15:28:00",NASA-MODIS,Medium,110.8204,-2.86157,False,False,False,False,False,False,Di Luar Area Pantauan (>1000m dari Desa)
Matan Hilir Utara,Tanjung Baik Budi,"Senin, 05 Oktober 2026 15:28:00",NASA-MODIS,Medium,110.11288,-1.54344,False,False,True,True,False,True,Di Luar Area Pantauan (>1000m dari Desa)
Kendawangan,Seriam,"Senin, 05 Oktober 2026 15:28:00",NASA-MODIS,Medium,110.33162,-2.66606,False,False,False,False,True,True,Di Luar Area Pantauan (>1000m dari Desa)
Kendawangan,Pembedilan,"Senin, 05 Oktober 2026 15:28:00",NASA-MODIS,Medium,110.43468,-2.74376,False,False,False,False,True,True,Di Luar Area Pantauan (>1000m dari Desa)
Kendawangan,Pembedilan,"Senin, 05 Oktober 2026 15:28:00",NASA-MODIS,Medium,110.4493,-2.77841,False,False,False,False,True,True,Di Luar Area Pantauan (>1000m dari Desa)
Matan Hilir Utara,Lamon Satong,"Senin, 05 Oktober 2026 15:28:00",NASA-MODIS,Medium,110.27065,-1.43644,False,False,False,False,False,False,Di Luar Area Pantauan (>1000m dari Desa)
Kendawangan,Air Hitam Besar,"Senin, 05 Oktober 2026 15:28:00",NASA-MODIS,Medium,110.73911,-2.81797,False,False,False,True,False,True,Di Luar Area Pantauan (>1000m dari Desa)
Tumbang Titi,Sepauhan Raya,"Senin, 05 Oktober 2026 15:28:00",NASA-MODIS,Medium,110.68046,-1.9488,False,False,False,False,True,True,Di Luar Area Pantauan (>1000m dari Desa)
Sepauk,Sekubang,"Senin, 05 Oktober 2026 15:28:00",NASA-MODIS,Medium,111.11456,-0.21973,False,False,False,False,False,False,Di Luar Area Pantauan (>1000m dari Desa)
Kendawangan,Natai Kuini,"Senin, 05 Oktober 2026 03:12:00",NASA-MODIS,Medium,110.74191,-2.86285,False,False,False,True,False,True,Di Luar Area Pantauan (>1000m dari Desa)
Kendawangan,Natai Kuini,"Minggu, 04 Oktober 2026 20:46:00",NASA-MODIS,Medium,110.81455,-2.85992,False,False,False,False,False,False,Di Luar Area Pantauan (>1000m dari Desa)
Marau,Batu Payung Dua,"Senin, 05 Oktober 2026 15:28:00",NASA-MODIS,Medium,110.49341,-2.06046,False,False,False,False,False,False,Di Luar Area Pantauan (>1000m dari Desa)
Kendawangan,Natai Kuini,"Senin, 05 Oktober 2026 15:28:00",NASA-MODIS,Medium,110.82497,-2.8052,False,False,False,True,True,True,Di Luar Area Pantauan (>1000m dari Desa)
Kendawangan,Natai Kuini,"Senin, 05 Oktober 2026 15:28:00",NASA-MODIS,Medium,110.74418,-2.87303,False,False,False,True,False,True,Di Luar Area Pantauan (>1000m dari Desa)
Kendawangan,Airhitam Hulu,"Senin, 05 Oktober 2026 15:28:00",NASA-MODIS,Medium,110.67966,-2.63264,False,False,False,False,False,False,Di Luar Area Pantauan (>1000m dari Desa)
Kendawangan,Pembedilan,"Senin, 05 Oktober 2026 15:28:00",NASA-MODIS,Medium,110.49741,-2.80775,False,False,False,False,True,True,Di Luar Area Pantauan (>1000m dari Desa)
Toba,Teraju,"Senin, 05 Oktober 2026 15:30:00",NASA-MODIS,Medium,110.13377,-0.20976,False,False,False,False,False,False,Di Luar Area Pantauan (>1000m dari Desa)
Toba,Kampung Baru,"Senin, 05 Oktober 2026 15:30:00",NASA-MODIS,Medium,110.03842,-0.2146,False,False,False,True,False,True,Di Luar Area Pantauan (>1000m dari Desa)
Kendawangan,Air Hitam Besar,"Minggu, 04 Oktober 2026 20:46:00",NASA-MODIS,Medium,110.74693,-2.79296,False,False,False,True,False,True,Di Luar Area Pantauan (>1000m dari Desa)
Manis Mata,Seguling,"Senin, 05 Oktober 2026 15:28:00",NASA-MODIS,Medium,111.1562,-2.65466,False,False,False,False,False,False,Di Luar Area Pantauan (>1000m dari Desa)
Hulu Sungai,Lubuk Kakap,"Senin, 05 Oktober 2026 15:28:00",NASA-MODIS,Medium,111.13651,-1.28062,False,False,True,False,False,True,Di Luar Area Pantauan (>1000m dari Desa)
Simpang Dua,Mekar Raya,"Senin, 05 Oktober 2026 15:28:00",NASA-MODIS,Medium,110.30964,-0.84852,False,False,False,False,False,False,Di Luar Area Pantauan (>1000m dari Desa)
Kendawangan,Sungai Jelayan,"Senin, 05 Oktober 2026 15:28:00",NASA-MODIS,Medium,110.46272,-2.13817,False,False,False,False,False,False,Di Luar Area Pantauan (>1000m dari Desa)
Hulu Sungai,Cinta Manis,"Senin, 05 Oktober 2026 15:28:00",NASA-MODIS,Medium,110.76906,-1.17871,False,False,False,False,False,False,Di Luar Area Pantauan (>1000m dari Desa)
Simpang Hilir,Matan Jaya,"Senin, 05 Oktober 2026 15:28:00",NASA-MODIS,Medium,110.26779,-1.00241,False,False,False,False,False,False,Di Luar Area Pantauan (>1000m dari Desa)
Toba,Bagan Asam,"Senin, 05 Oktober 2026 15:30:00",NASA-MODIS,Medium,110.08398,-0.26347,False,False,False,False,False,False,Di Luar Area Pantauan (>1000m dari Desa)
Nanga Tayap,Betenung,"Senin, 05 Oktober 2026 15:28:00",NASA-MODIS,Medium,110.88114,-1.58681,False,False,False,False,False,False,Di Luar Area Pantauan (>1000m dari Desa)
Nanga Tayap,Cegolak,"Senin, 05 Oktober 2026 15:28:00",NASA-MODIS,Medium,110.73516,-1.61793,False,False,True,False,False,True,Di Luar Area Pantauan (>1000m dari Desa)
Kendawangan,Air Hitam Besar,"Senin, 05 Oktober 2026 15:28:00",NASA-MODIS,Medium,110.71875,-2.81168,False,False,False,False,False,False,Di Luar Area Pantauan (>1000m dari Desa)
Jelai Hulu,Pasir Mayang,"Senin, 05 Oktober 2026 15:28:00",NASA-MODIS,Medium,110.80641,-1.81104,False,False,False,False,False,False,Di Luar Area Pantauan (>1000m dari Desa)
Jelai Hulu,Pasir Mayang,"Senin, 05 Oktober 2026 15:28:00",NASA-MODIS,Medium,110.80319,-1.88435,False,False,False,False,False,False,Di Luar Area Pantauan (>1000m dari Desa)
Balai,Semoncol,"Senin, 05 Oktober 2026 15:30:00",NASA-MODIS,Medium,110.00496,0.10378,False,False,False,False,True,True,Di Luar Area Pantauan (>1000m dari Desa)
Kendawangan,Air Hitam Besar,"Senin, 05 Oktober 2026 15:28:00",NASA-MODIS,Medium,110.75539,-2.7969,False,False,False,False,False,False,Di Luar Area Pantauan (>1000m dari Desa)
Sungai Laur,Bayun Sari,"Senin, 05 Oktober 2026 15:28:00",NASA-MODIS,Medium,110.43043,-1.05289,False,False,True,False,False,True,Di Luar Area Pantauan (>1000m dari Desa)
Kendawangan,Pembedilan,"Senin, 05 Oktober 2026 15:28:00",NASA-MODIS,Medium,110.28954,-2.86638,False,False,False,True,True,True,Di Luar Area Pantauan (>1000m dari Desa)
Mukok,Tri Mulya,"Senin, 05 Oktober 2026 15:30:00",NASA-MODIS,Medium,110.79829,0.19551,False,False,False,False,False,False,Di Luar Area Pantauan (>1000m dari Desa)
Tumbang Titi,Titi Baru,"Senin, 05 Oktober 2026 15:28:00",NASA-MODIS,Medium,110.56529,-1.87298,False,False,False,False,False,False,Di Luar Area Pantauan (>1000m dari Desa)
Kendawangan,Pembedilan,"Senin, 05 Oktober 2026 15:28:00",NASA-MODIS,Medium,110.49046,-2.79998,False,False,False,False,True,True,Di Luar Area Pantauan (>1000m dari Desa)
Kendawangan,Air Hitam Besar,"Minggu, 04 Oktober 2026 20:46:00",NASA-MODIS,Medium,110.72997,-2.81419,False,False,False,False,False,False,Di Luar Area Pantauan (>1000m dari Desa)
Matan Hilir Utara,Kuala Tolak,"Senin, 05 Oktober 2026 15:28:00",NASA-MODIS,Medium,110.10891,-1.51649,False,False,True,False,False,True,Di Luar Area Pantauan (>1000m dari Desa)
Kendawangan,Air Hitam Besar,"Senin, 05 Oktober 2026 15:28:00",NASA-MODIS,Medium,110.79353,-2.7912,False,False,True,True,True,True,Di Luar Area Pantauan (>1000m dari Desa)
Kendawangan,Natai Kuini,"Senin, 05 Oktober 2026 15:28:00",NASA-MODIS,Medium,110.74281,-2.86392,False,False,False,True,False,True,Di Luar Area Pantauan (>1000m dari Desa)
Kendawangan,Danau Buntar,"Senin, 05 Oktober 2026 15:28:00",NASA-MODIS,Medium,110.87693,-2.54912,False,False,False,False,False,False,Di Luar Area Pantauan (>1000m dari Desa)
Tumbang Titi,Serengkah Kanan,"Senin, 05 Oktober 2026 15:28:00",NASA-MODIS,Medium,110.76959,-1.76934,False,False,False,False,False,False,Di Luar Area Pantauan (>1000m dari Desa)
Kendawangan,Pembedilan,"Senin, 05 Oktober 2026 15:28:00",NASA-MODIS,Medium,110.46959,-2.81193,False,False,False,False,True,True,Di Luar Area Pantauan (>1000m dari Desa)
Muara Pawan,Ulak Medang,"Senin, 05 Oktober 2026 15:28:00",NASA-MODIS,Medium,110.3015,-1.56126,False,False,True,True,False,True,Di Luar Area Pantauan (>1000m dari Desa)
Kendawangan,Pembedilan,"Senin, 05 Oktober 2026 15:28:00",NASA-MODIS,Medium,110.48118,-2.80134,False,False,False,False,True,True,Di Luar Area Pantauan (>1000m dari Desa)
Nanga Tayap,Tanjung Medan,"Senin, 05 Oktober 2026 15:28:00",NASA-MODIS,Medium,110.40373,-1.42624,False,False,False,False,False,False,Di Luar Area Pantauan (>1000m dari Desa)
Nanga Tayap,Betenung,"Senin, 05 Oktober 2026 15:28:00",NASA-MODIS,Medium,110.85517,-1.61912,False,False,True,False,False,True,Di Luar Area Pantauan (>1000m dari Desa)
Sungai Laur,Sinar Kuri,"Senin, 05 Oktober 2026 15:28:00",NASA-MODIS,Medium,110.42506,-0.92456,False,False,False,False,False,False,Di Luar Area Pantauan (>1000m dari Desa)
Dedai,Baras,"Senin, 05 Oktober 2026 15:30:00",NASA-MODIS,Medium,111.78353,0.01447,False,False,False,False,False,False,Di Luar Area Pantauan (>1000m dari Desa)
Kayan Hilir,Bukit Segaloh,"Senin, 05 Oktober 2026 15:28:00",NASA-MODIS,Medium,111.83907,-0.07917,False,False,False,False,False,False,Di Luar Area Pantauan (>1000m dari Desa)
Belimbing,Upit,"Senin, 05 Oktober 2026 15:28:00",NASA-MODIS,Medium,111.4437,-0.4248,False,False,False,False,False,False,Di Luar Area Pantauan (>1000m dari Desa)
Tumbang Titi,Suka Damai,"Senin, 05 Oktober 2026 15:28:00",NASA-MODIS,Medium,110.6584,-1.81408,False,False,False,False,False,False,Di Luar Area Pantauan (>1000m dari Desa)
Tumbang Titi,Aur Gading,"Senin, 05 Oktober 2026 15:28:00",NASA-MODIS,Medium,110.60083,-1.8226,False,False,False,False,False,False,Di Luar Area Pantauan (>1000m dari Desa)
Hulu Sungai,Lubuk Kakap,"Senin, 05 Oktober 2026 15:28:00",NASA-MODIS,Medium,111.14675,-1.2791,False,False,True,False,False,True,Di Luar Area Pantauan (>1000m dari Desa)
Tumbang Titi,Batu Tajam,"Senin, 05 Oktober 2026 15:28:00",NASA-MODIS,Medium,110.56122,-1.81914,False,False,False,False,False,False,Di Luar Area Pantauan (>1000m dari Desa)
Kendawangan,Natai Kuini,"Senin, 05 Oktober 2026 15:28:00",NASA-MODIS,Medium,110.69955,-2.89833,False,False,False,False,False,False,Di Luar Area Pantauan (>1000m dari Desa)
Kendawangan,Seriam,"Senin, 05 Oktober 2026 14:07:00",NASA-SNPP,Medium,110.42796,-2.73387,False,False,False,False,True,True,Di Luar Area Pantauan (>1000m dari Desa)
Muara Pawan,Ulak Medang,"Senin, 05 Oktober 2026 03:12:00",NASA-MODIS,Medium,110.29996,-1.55738,False,False,True,True,False,True,Di Luar Area Pantauan (>1000m dari Desa)
Kendawangan,Pembedilan,"Senin, 05 Oktober 2026 15:28:00",NASA-MODIS,Medium,110.30383,-2.8368,False,False,False,True,True,True,Di Luar Area Pantauan (>1000m dari Desa)
Kendawangan,Airhitam Hulu,"Senin, 05 Oktober 2026 15:28:00",NASA-MODIS,Medium,110.68915,-2.63123,False,False,False,False,False,False,Di Luar Area Pantauan (>1000m dari Desa)
Sandai,Pendamaran Indah,"Senin, 05 Oktober 2026 15:28:00",NASA-MODIS,Medium,110.63254,-1.04097,False,False,False,False,False,False,Di Luar Area Pantauan (>1000m dari Desa)
Kayan Hilir,Ipoh Emang,"Senin, 05 Oktober 2026 15:28:00",NASA-MODIS,Medium,111.83308,-0.03881,False,False,False,False,False,False,Di Luar Area Pantauan (>1000m dari Desa)
Sandai,Pendamaran Indah,"Senin, 05 Oktober 2026 12:27:00",NASA-SNPP,Medium,110.63288,-1.03801,False,False,False,False,False,False,Di Luar Area Pantauan (>1000m dari Desa)
Kendawangan,Seriam,"Senin, 05 Oktober 2026 12:27:00",NASA-SNPP,Medium,110.42587,-2.73121,False,False,False,False,True,True,Di Luar Area Pantauan (>1000m dari Desa)
Kendawangan,Pembedilan,"Senin, 05 Oktober 2026 12:27:00",NASA-SNPP,Medium,110.43282,-2.73712,False,False,False,False,True,True,Di Luar Area Pantauan (>1000m dari Desa)
Kendawangan,Seriam,"Senin, 05 Oktober 2026 12:27:00",NASA-SNPP,Medium,110.43185,-2.73036,False,False,False,False,True,True,Di Luar Area Pantauan (>1000m dari Desa)
Kendawangan,Pembedilan,"Senin, 05 Oktober 2026 12:27:00",NASA-SNPP,Medium,110.43846,-2.74761,False,False,False,False,True,True,Di Luar Area Pantauan (>1000m dari Desa)
Kendawangan,Pembedilan,"Senin, 05 Oktober 2026 12:27:00",NASA-SNPP,Medium,110.43748,-2.74086,False,False,False,False,True,True,Di Luar Area Pantauan (>1000m dari Desa)
Kendawangan,Air Hitam Besar,"Senin, 05 Oktober 2026 12:27:00",NASA-SNPP,Medium,110.80241,-2.78551,False,False,False,True,True,True,Di Luar Area Pantauan (>1000m dari Desa)
Kendawangan,Airhitam Hulu,"Senin, 05 Oktober 2026 12:27:00",NASA-SNPP,Medium,110.48166,-2.64283,False,False,False,False,True,True,Di Luar Area Pantauan (>1000m dari Desa)
Kendawangan,Pembedilan,"Senin, 05 Oktober 2026 12:27:00",NASA-SNPP,Medium,110.43981,-2.74302,False,False,False,False,True,True,Di Luar Area Pantauan (>1000m dari Desa)
Kendawangan,Natai Kuini,"Senin, 05 Oktober 2026 12:27:00",NASA-SNPP,Medium,110.80965,-2.83566,False,False,False,False,True,True,Di Luar Area Pantauan (>1000m dari Desa)
Kendawangan,Natai Kuini,"Senin, 05 Oktober 2026 12:27:00",NASA-SNPP,Medium,110.7439,-2.86559,False,False,False,True,False,True,Di Luar Area Pantauan (>1000m dari Desa)
Kendawangan,Air Tarap,"Senin, 05 Oktober 2026 12:27:00",NASA-SNPP,Medium,110.86615,-2.54432,False,False,False,False,False,False,Di Luar Area Pantauan (>1000m dari Desa)
Kendawangan,Air Hitam Besar,"Senin, 05 Oktober 2026 12:27:00",NASA-SNPP,Medium,110.7236,-2.80408,False,False,False,False,False,False,Di Luar Area Pantauan (>1000m dari Desa)
Kendawangan,Pembedilan,"Senin, 05 Oktober 2026 12:27:00",NASA-SNPP,Medium,110.48735,-2.8188,False,False,False,False,True,True,Di Luar Area Pantauan (>1000m dari Desa)
Kendawangan,Air Hitam Besar,"Senin, 05 Oktober 2026 12:27:00",NASA-SNPP,Medium,110.72267,-2.79743,False,False,False,False,False,False,Di Luar Area Pantauan (>1000m dari Desa)
Kendawangan,Natai Kuini,"Senin, 05 Oktober 2026 12:27:00",NASA-SNPP,Medium,110.8333,-2.80113,False,False,False,True,True,True,Di Luar Area Pantauan (>1000m dari Desa)
Kendawangan,Air Hitam Besar,"Senin, 05 Oktober 2026 12:27:00",NASA-SNPP,Medium,110.72852,-2.79656,False,False,False,False,False,False,Di Luar Area Pantauan (>1000m dari Desa)
Kendawangan,Natai Kuini,"Senin, 05 Oktober 2026 12:27:00",NASA-SNPP,Medium,110.92295,-2.78761,False,False,True,True,False,True,Di Luar Area Pantauan (>1000m dari Desa)
Kendawangan,Natai Kuini,"Senin, 05 Oktober 2026 12:27:00",NASA-SNPP,Medium,110.86493,-2.82329,False,False,False,False,True,True,Di Luar Area Pantauan (>1000m dari Desa)
Kendawangan,Natai Kuini,"Senin, 05 Oktober 2026 12:27:00",NASA-SNPP,Medium,110.81627,-2.84145,False,False,False,True,True,True,Di Luar Area Pantauan (>1000m dari Desa)
Kendawangan,Natai Kuini,"Senin, 05 Oktober 2026 12:27:00",NASA-SNPP,Medium,110.86592,-2.82746,False,False,False,False,True,True,Di Luar Area Pantauan (>1000m dari Desa)
Kendawangan,Natai Kuini,"Senin, 05 Oktober 2026 12:27:00",NASA-SNPP,Medium,110.8066,-2.85638,False,False,False,False,False,False,Di Luar Area Pantauan (>1000m dari Desa)
Kendawangan,Natai Kuini,"Senin, 05 Oktober 2026 12:27:00",NASA-SNPP,Medium,110.80304,-2.78933,False,False,False,True,True,True,Di Luar Area Pantauan (>1000m dari Desa)
Kendawangan,Air Hitam Besar,"Senin, 05 Oktober 2026 12:27:00",NASA-SNPP,Medium,110.73471,-2.79908,False,False,False,False,False,False,Di Luar Area Pantauan (>1000m dari Desa)
Kendawangan,Air Hitam Besar,"Senin, 05 Oktober 2026 12:27:00",NASA-SNPP,Medium,110.72314,-2.80073,False,False,False,False,False,False,Di Luar Area Pantauan (>1000m dari Desa)
Kendawangan,Air Hitam Besar,"Senin, 05 Oktober 2026 12:27:00",NASA-SNPP,Medium,110.72898,-2.7999,False,False,False,False,False,False,Di Luar Area Pantauan (>1000m dari Desa)
Kendawangan,Natai Kuini,"Senin, 05 Oktober 2026 12:27:00",NASA-SNPP,Medium,110.92387,-2.79219,False,False,True,True,False,True,Di Luar Area Pantauan (>1000m dari Desa)
Kendawangan,Natai Kuini,"Senin, 05 Oktober 2026 12:27:00",NASA-SNPP,Medium,110.83417,-2.80511,False,False,False,True,True,True,Di Luar Area Pantauan (>1000m dari Desa)
Kendawangan,Natai Kuini,"Senin, 05 Oktober 2026 12:27:00",NASA-SNPP,Medium,110.82861,-2.80591,False,False,False,True,True,True,Di Luar Area Pantauan (>1000m dari Desa)
Kendawangan,Natai Kuini,"Senin, 05 Oktober 2026 12:27:00",NASA-SNPP,Medium,110.86493,-2.82087,False,False,False,False,True,True,Di Luar Area Pantauan (>1000m dari Desa)
Kendawangan,Natai Kuini,"Senin, 05 Oktober 2026 12:27:00",NASA-SNPP,Medium,110.80482,-2.84312,False,False,False,False,False,False,Di Luar Area Pantauan (>1000m dari Desa)
Kendawangan,Natai Kuini,"Senin, 05 Oktober 2026 12:27:00",NASA-SNPP,Medium,110.82767,-2.83978,False,False,False,False,True,True,Di Luar Area Pantauan (>1000m dari Desa)
Kendawangan,Natai Kuini,"Senin, 05 Oktober 2026 12:27:00",NASA-SNPP,Medium,110.75626,-2.87056,False,False,False,True,False,True,Di Luar Area Pantauan (>1000m dari Desa)
Kendawangan,Natai Kuini,"Senin, 05 Oktober 2026 12:27:00",NASA-SNPP,Medium,110.75146,-2.87805,False,False,False,True,False,True,Di Luar Area Pantauan (>1000m dari Desa)
Kendawangan,Natai Kuini,"Senin, 05 Oktober 2026 12:27:00",NASA-SNPP,Medium,110.8057,-2.84975,False,False,False,False,False,False,Di Luar Area Pantauan (>1000m dari Desa)
Kendawangan,Natai Kuini,"Senin, 05 Oktober 2026 14:07:00",NASA-SNPP,Medium,110.81811,-2.85189,False,False,False,False,False,False,Di Luar Area Pantauan (>1000m dari Desa)
Kendawangan,Natai Kuini,"Senin, 05 Oktober 2026 14:07:00",NASA-SNPP,Medium,110.75043,-2.86347,False,False,False,True,False,True,Di Luar Area Pantauan (>1000m dari Desa)
Kendawangan,Natai Kuini,"Senin, 05 Oktober 2026 14:07:00",NASA-SNPP,Medium,110.75264,-2.87708,False,False,False,True,False,True,Di Luar Area Pantauan (>1000m dari Desa)
Kendawangan,Natai Kuini,"Senin, 05 Oktober 2026 14:07:00",NASA-SNPP,Medium,110.74429,-2.86452,False,False,False,True,False,True,Di Luar Area Pantauan (>1000m dari Desa)
Kendawangan,Natai Kuini,"Senin, 05 Oktober 2026 14:07:00",NASA-SNPP,Medium,110.75764,-2.86923,False,False,False,True,False,True,Di Luar Area Pantauan (>1000m dari Desa)
Kendawangan,Natai Kuini,"Senin, 05 Oktober 2026 14:07:00",NASA-SNPP,Medium,110.75153,-2.87028,False,False,False,True,False,True,Di Luar Area Pantauan (>1000m dari Desa)
Kendawangan,Air Hitam Besar,"Senin, 05 Oktober 2026 14:07:00",NASA-SNPP,Medium,110.73433,-2.80328,False,False,False,False,False,False,Di Luar Area Pantauan (>1000m dari Desa)
Kendawangan,Air Hitam Besar,"Senin, 05 Oktober 2026 14:07:00",NASA-SNPP,Medium,110.7282,-2.80435,False,False,False,False,False,False,Di Luar Area Pantauan (>1000m dari Desa)
Kendawangan,Air Hitam Besar,"Senin, 05 Oktober 2026 14:07:00",NASA-SNPP,Medium,110.72713,-2.79754,False,False,False,False,False,False,Di Luar Area Pantauan (>1000m dari Desa)
Kendawangan,Air Hitam Besar,"Senin, 05 Oktober 2026 14:07:00",NASA-SNPP,Medium,110.73116,-2.81002,False,False,False,False,False,False,Di Luar Area Pantauan (>1000m dari Desa)
Kendawangan,Natai Kuini,"Senin, 05 Oktober 2026 14:07:00",NASA-SNPP,Medium,110.83096,-2.80032,False,False,False,True,True,True,Di Luar Area Pantauan (>1000m dari Desa)
Kendawangan,Natai Kuini,"Senin, 05 Oktober 2026 14:07:00",NASA-SNPP,Medium,110.80396,-2.79079,False,False,False,True,True,True,Di Luar Area Pantauan (>1000m dari Desa)
Kendawangan,Air Hitam Besar,"Senin, 05 Oktober 2026 14:07:00",NASA-SNPP,Medium,110.72935,-2.81114,False,False,False,False,False,False,Di Luar Area Pantauan (>1000m dari Desa)
Kendawangan,Natai Kuini,"Senin, 05 Oktober 2026 14:07:00",NASA-SNPP,Medium,110.8046,-2.84718,False,False,False,False,False,False,Di Luar Area Pantauan (>1000m dari Desa)
Kendawangan,Air Hitam Besar,"Senin, 05 Oktober 2026 14:07:00",NASA-SNPP,Medium,110.80282,-2.78396,False,False,False,True,True,True,Di Luar Area Pantauan (>1000m dari Desa)
Kendawangan,Air Hitam Besar,"Senin, 05 Oktober 2026 14:07:00",NASA-SNPP,Medium,110.73,-2.80322,False,False,False,False,False,False,Di Luar Area Pantauan (>1000m dari Desa)
Kendawangan,Natai Kuini,"Senin, 05 Oktober 2026 14:07:00",NASA-SNPP,Medium,110.69398,-2.901,False,False,False,False,False,False,Di Luar Area Pantauan (>1000m dari Desa)
Kendawangan,Pembedilan,"Senin, 05 Oktober 2026 14:07:00",NASA-SNPP,Medium,110.47874,-2.81098,False,False,False,False,True,True,Di Luar Area Pantauan (>1000m dari Desa)
Kendawangan,Pembedilan,"Senin, 05 Oktober 2026 14:07:00",NASA-SNPP,Medium,110.4698,-2.79184,False,False,False,False,True,True,Di Luar Area Pantauan (>1000m dari Desa)
Kendawangan,Pembedilan,"Senin, 05 Oktober 2026 14:07:00",NASA-SNPP,Medium,110.30965,-2.83288,False,False,False,True,True,True,Di Luar Area Pantauan (>1000m dari Desa)
Kendawangan,Pembedilan,"Senin, 05 Oktober 2026 14:07:00",NASA-SNPP,Medium,110.49148,-2.81571,False,False,False,False,True,True,Di Luar Area Pantauan (>1000m dari Desa)
Kendawangan,Pembedilan,"Senin, 05 Oktober 2026 14:07:00",NASA-SNPP,Medium,110.48563,-2.8167,False,False,False,False,True,True,Di Luar Area Pantauan (>1000m dari Desa)
Kendawangan,Pembedilan,"Senin, 05 Oktober 2026 14:07:00",NASA-SNPP,Medium,110.44181,-2.7453,False,False,False,False,True,True,Di Luar Area Pantauan (>1000m dari Desa)
Kendawangan,Air Hitam Besar,"Senin, 05 Oktober 2026 14:07:00",NASA-SNPP,Medium,110.72398,-2.80423,False,False,False,False,False,False,Di Luar Area Pantauan (>1000m dari Desa)
Kendawangan,Air Hitam Besar,"Senin, 05 Oktober 2026 14:07:00",NASA-SNPP,Medium,110.72287,-2.79743,False,False,False,False,False,False,Di Luar Area Pantauan (>1000m dari Desa)
Kendawangan,Natai Kuini,"Senin, 05 Oktober 2026 14:07:00",NASA-SNPP,Medium,110.80957,-2.83931,False,False,False,False,True,True,Di Luar Area Pantauan (>1000m dari Desa)
Kendawangan,Air Tarap,"Senin, 05 Oktober 2026 14:07:00",NASA-SNPP,Medium,110.85814,-2.54873,False,False,False,False,False,False,Di Luar Area Pantauan (>1000m dari Desa)
Manis Mata,Jambi,"Senin, 05 Oktober 2026 14:07:00",NASA-SNPP,Medium,111.08439,-2.68046,False,False,False,False,False,False,Di Luar Area Pantauan (>1000m dari Desa)
Kendawangan,Pembedilan,"Senin, 05 Oktober 2026 14:07:00",NASA-SNPP,Medium,110.43112,-2.73657,False,False,False,False,True,True,Di Luar Area Pantauan (>1000m dari Desa)
Kendawangan,Pembedilan,"Senin, 05 Oktober 2026 14:07:00",NASA-SNPP,Medium,110.43694,-2.73556,False,False,False,False,True,True,Di Luar Area Pantauan (>1000m dari Desa)
Kendawangan,Pembedilan,"Senin, 05 Oktober 2026 14:07:00",NASA-SNPP,Medium,110.43898,-2.74896,False,False,False,False,True,True,Di Luar Area Pantauan (>1000m dari Desa)
Kendawangan,Pembedilan,"Senin, 05 Oktober 2026 14:07:00",NASA-SNPP,Medium,110.43618,-2.77009,False,False,False,False,True,True,Di Luar Area Pantauan (>1000m dari Desa)
Kendawangan,Seriam,"Senin, 05 Oktober 2026 14:07:00",NASA-SNPP,Medium,110.33189,-2.66473,False,False,False,False,True,True,Di Luar Area Pantauan (>1000m dari Desa)
Kendawangan,Air Tarap,"Senin, 05 Oktober 2026 14:07:00",NASA-SNPP,Medium,110.86446,-2.54766,False,False,False,False,False,False,Di Luar Area Pantauan (>1000m dari Desa)
Kendawangan,Air Tarap,"Senin, 05 Oktober 2026 14:07:00",NASA-SNPP,Medium,110.87069,-2.54661,False,False,False,False,False,False,Di Luar Area Pantauan (>1000m dari Desa)
Kendawangan,Air Tarap,"Senin, 05 Oktober 2026 14:07:00",NASA-SNPP,Medium,110.85704,-2.54185,False,False,False,False,False,False,Di Luar Area Pantauan (>1000m dari Desa)
Jelai Hulu,Tanggerang,"Senin, 05 Oktober 2026 14:07:00",NASA-SNPP,Medium,110.77713,-2.02549,False,False,False,False,False,False,Di Luar Area Pantauan (>1000m dari Desa)
Matan Hilir Utara,Lamon Satong,"Senin, 05 Oktober 2026 14:07:00",NASA-SNPP,Medium,110.27426,-1.41807,False,False,True,False,False,True,Di Luar Area Pantauan (>1000m dari Desa)
Tumbang Titi,Natai Panjang,"Senin, 05 Oktober 2026 14:07:00",NASA-SNPP,Medium,110.64122,-1.80142,False,False,False,False,False,False,Di Luar Area Pantauan (>1000m dari Desa)
Tumbang Titi,Tanjung Beulang,"Senin, 05 Oktober 2026 14:07:00",NASA-SNPP,Medium,110.70969,-1.7613,False,False,False,False,False,False,Di Luar Area Pantauan (>1000m dari Desa)
Matan Hilir Utara,Lamon Satong,"Senin, 05 Oktober 2026 14:07:00",NASA-SNPP,Medium,110.27023,-1.41706,False,False,True,False,False,True,Di Luar Area Pantauan (>1000m dari Desa)
Sandai,Pendamaran Indah,"Senin, 05 Oktober 2026 14:07:00",NASA-SNPP,Medium,110.63443,-1.03339,False,False,False,False,False,False,Di Luar Area Pantauan (>1000m dari Desa)
Sandai,Merimbang Jaya,"Senin, 05 Oktober 2026 14:07:00",NASA-SNPP,Medium,110.59615,-1.08239,False,False,False,False,False,False,Di Luar Area Pantauan (>1000m dari Desa)
Hulu Sungai,Senduruhan,"Senin, 05 Oktober 2026 14:07:00",NASA-SNPP,Medium,110.77172,-0.89716,False,False,False,False,False,False,Di Luar Area Pantauan (>1000m dari Desa)
Sandai,Pendamaran Indah,"Senin, 05 Oktober 2026 14:07:00",NASA-SNPP,Medium,110.61659,-1.08614,False,False,False,False,False,False,Di Luar Area Pantauan (>1000m dari Desa)
Sungai Laur,Bayun Sari,"Senin, 05 Oktober 2026 14:07:00",NASA-SNPP,Medium,110.43661,-1.05235,False,False,False,False,False,False,Di Luar Area Pantauan (>1000m dari Desa)
Sungai Laur,Bayun Sari,"Senin, 05 Oktober 2026 14:07:00",NASA-SNPP,Medium,110.43439,-1.05208,False,False,False,False,False,False,Di Luar Area Pantauan (>1000m dari Desa)
Hulu Sungai,Senduruhan,"Senin, 05 Oktober 2026 14:07:00",NASA-SNPP,Medium,110.77842,-0.89604,False,False,False,False,False,False,Di Luar Area Pantauan (>1000m dari Desa)
Hulu Sungai,Sunge Bengaras,"Senin, 05 Oktober 2026 14:07:00",NASA-SNPP,Medium,110.77905,-0.84097,False,False,True,False,False,True,Di Luar Area Pantauan (>1000m dari Desa)
Sandai,Demit,"Senin, 05 Oktober 2026 14:07:00",NASA-SNPP,Medium,110.63425,-1.17443,False,False,False,False,False,False,Di Luar Area Pantauan (>1000m dari Desa)
Sandai,Demit,"Senin, 05 Oktober 2026 14:07:00",NASA-SNPP,Medium,110.6407,-1.17337,False,False,False,False,False,False,Di Luar Area Pantauan (>1000m dari Desa)
Sandai,Demit,"Senin, 05 Oktober 2026 14:07:00",NASA-SNPP,Medium,110.64181,-1.1803,False,False,False,False,False,False,Di Luar Area Pantauan (>1000m dari Desa)
Nanga Tayap,Simpang Tiga Sembelangaan,"Senin, 05 Oktober 2026 14:07:00",NASA-SNPP,Medium,110.39872,-1.41816,False,False,False,False,False,False,Di Luar Area Pantauan (>1000m dari Desa)
Nanga Tayap,Simpang Tiga Sembelangaan,"Senin, 05 Oktober 2026 14:07:00",NASA-SNPP,Medium,110.39532,-1.41788,False,False,False,False,False,False,Di Luar Area Pantauan (>1000m dari Desa)
Sandai,Pendamaran Indah,"Senin, 05 Oktober 2026 14:07:00",NASA-SNPP,Medium,110.63258,-1.03439,False,False,False,False,False,False,Di Luar Area Pantauan (>1000m dari Desa)
Hulu Sungai,Krio Hulu,"Senin, 05 Oktober 2026 14:07:00",NASA-SNPP,Medium,110.83898,-0.82393,False,False,False,False,False,False,Di Luar Area Pantauan (>1000m dari Desa)
Hulu Sungai,Senduruhan,"Senin, 05 Oktober 2026 14:07:00",NASA-SNPP,Medium,110.77448,-0.89925,False,False,True,False,False,True,Di Luar Area Pantauan (>1000m dari Desa)
Sungai Laur,Sinar Kuri,"Senin, 05 Oktober 2026 14:07:00",NASA-SNPP,Medium,110.4222,-0.92049,False,False,False,False,False,False,Di Luar Area Pantauan (>1000m dari Desa)
Nanga Tayap,Betenung,"Senin, 05 Oktober 2026 14:07:00",NASA-SNPP,Medium,110.80134,-1.54833,False,False,True,False,False,True,Di Luar Area Pantauan (>1000m dari Desa)
Nanga Tayap,Betenung,"Senin, 05 Oktober 2026 14:07:00",NASA-SNPP,Medium,110.80483,-1.54949,False,False,True,False,False,True,Di Luar Area Pantauan (>1000m dari Desa)
Muara Pawan,Tanjung Pura,"Senin, 05 Oktober 2026 14:07:00",NASA-SNPP,Medium,110.22959,-1.67208,False,False,True,True,False,True,Di Luar Area Pantauan (>1000m dari Desa)
Tumbang Titi,Jelayan,"Senin, 05 Oktober 2026 14:07:00",NASA-SNPP,Medium,110.63821,-1.80167,False,False,False,False,False,False,Di Luar Area Pantauan (>1000m dari Desa)
Tumbang Titi,Tumbang Titi,"Senin, 05 Oktober 2026 14:07:00",NASA-SNPP,Medium,110.63461,-1.81637,False,False,False,False,False,False,Di Luar Area Pantauan (>1000m dari Desa)
Kendawangan,Natai Kuini,"Senin, 05 Oktober 2026 14:07:00",NASA-SNPP,Medium,110.70004,-2.89998,False,False,False,False,False,False,Di Luar Area Pantauan (>1000m dari Desa)
Kendawangan,Air Hitam Besar,"Senin, 05 Oktober 2026 14:07:00",NASA-SNPP,Medium,110.73319,-2.79648,False,False,False,True,False,True,Di Luar Area Pantauan (>1000m dari Desa)
Kendawangan,Air Hitam Besar,"Senin, 05 Oktober 2026 14:07:00",NASA-SNPP,Medium,110.73614,-2.80219,False,False,False,False,False,False,Di Luar Area Pantauan (>1000m dari Desa)
Kendawangan,Pembedilan,"Senin, 05 Oktober 2026 14:07:00",NASA-SNPP,Medium,110.45179,-2.77115,False,False,False,False,True,True,Di Luar Area Pantauan (>1000m dari Desa)
Manis Mata,Jambi,"Senin, 05 Oktober 2026 14:07:00",NASA-SNPP,Medium,111.08055,-2.68709,False,False,False,False,False,False,Di Luar Area Pantauan (>1000m dari Desa)
Kendawangan,Pembedilan,"Senin, 05 Oktober 2026 14:07:00",NASA-SNPP,Medium,110.43897,-2.7664,False,False,False,False,True,True,Di Luar Area Pantauan (>1000m dari Desa)
Kendawangan,Natai Kuini,"Senin, 05 Oktober 2026 14:07:00",NASA-SNPP,Medium,110.69289,-2.89422,False,False,False,False,False,False,Di Luar Area Pantauan (>1000m dari Desa)
Kendawangan,Pembedilan,"Senin, 05 Oktober 2026 14:07:00",NASA-SNPP,Medium,110.4349,-2.73958,False,False,False,False,True,True,Di Luar Area Pantauan (>1000m dari Desa)
Kendawangan,Natai Kuini,"Senin, 05 Oktober 2026 15:28:00",NASA-MODIS,Medium,110.72559,-2.85721,False,False,False,True,False,True,Di Luar Area Pantauan (>1000m dari Desa)
Kendawangan,Air Hitam Besar,"Senin, 05 Oktober 2026 01:47:00",NASA-NOAA20,Medium,110.7234,-2.80789,False,False,False,False,False,False,Di Luar Area Pantauan (>1000m dari Desa)
Sungai Melayu Rayak,Sungai Melayu,"Senin, 05 Oktober 2026 01:47:00",NASA-NOAA20,Medium,110.34442,-1.81165,False,False,False,False,False,False,Di Luar Area Pantauan (>1000m dari Desa)
Marau,Batu Payung Dua,"Senin, 05 Oktober 2026 01:47:00",NASA-NOAA20,Medium,110.49006,-2.05366,False,False,False,False,False,False,Di Luar Area Pantauan (>1000m dari Desa)
Kendawangan,Air Tarap,"Senin, 05 Oktober 2026 01:47:00",NASA-NOAA20,Medium,110.88475,-2.46393,False,False,False,False,False,False,Di Luar Area Pantauan (>1000m dari Desa)
Kendawangan,Air Hitam Besar,"Senin, 05 Oktober 2026 01:47:00",NASA-NOAA20,Medium,110.73076,-2.79629,False,False,False,True,False,True,Di Luar Area Pantauan (>1000m dari Desa)
Kendawangan,Air Hitam Besar,"Senin, 05 Oktober 2026 01:47:00",NASA-NOAA20,Medium,110.72579,-2.80153,False,False,False,False,False,False,Di Luar Area Pantauan (>1000m dari Desa)
Kendawangan,Air Hitam Besar,"Senin, 05 Oktober 2026 01:47:00",NASA-NOAA20,Medium,110.73492,-2.7969,False,False,False,True,False,True,Di Luar Area Pantauan (>1000m dari Desa)
Kendawangan,Air Hitam Besar,"Senin, 05 Oktober 2026 01:47:00",NASA-NOAA20,Medium,110.72173,-2.80094,False,False,False,False,False,False,Di Luar Area Pantauan (>1000m dari Desa)
Kendawangan,Air Hitam Besar,"Senin, 05 Oktober 2026 01:47:00",NASA-NOAA20,Medium,110.7299,-2.80214,False,False,False,False,False,False,Di Luar Area Pantauan (>1000m dari Desa)
Kendawangan,Air Hitam Besar,"Senin, 05 Oktober 2026 01:47:00",NASA-NOAA20,Medium,110.72494,-2.80737,False,False,False,False,False,False,Di Luar Area Pantauan (>1000m dari Desa)
Kendawangan,Air Hitam Besar,"Senin, 05 Oktober 2026 01:47:00",NASA-NOAA20,Medium,110.72905,-2.80798,False,False,False,False,False,False,Di Luar Area Pantauan (>1000m dari Desa)
Kendawangan,Air Hitam Besar,"Senin, 05 Oktober 2026 01:47:00",NASA-NOAA20,Medium,110.73407,-2.80275,False,False,False,False,False,False,Di Luar Area Pantauan (>1000m dari Desa)
Kendawangan,Air Hitam Besar,"Senin, 05 Oktober 2026 01:47:00",NASA-NOAA20,Medium,110.72083,-2.80677,False,False,False,False,False,False,Di Luar Area Pantauan (>1000m dari Desa)
Kendawangan,Air Hitam Besar,"Senin, 05 Oktober 2026 01:47:00",NASA-NOAA20,Medium,110.73322,-2.80859,False,False,False,False,False,False,Di Luar Area Pantauan (>1000m dari Desa)
Kendawangan,Natai Kuini,"Senin, 05 Oktober 2026 01:47:00",NASA-NOAA20,Medium,110.72221,-2.85472,False,False,False,False,False,False,Di Luar Area Pantauan (>1000m dari Desa)
Kendawangan,Natai Kuini,"Senin, 05 Oktober 2026 01:47:00",NASA-NOAA20,Medium,110.69964,-2.89308,False,False,False,False,False,False,Di Luar Area Pantauan (>1000m dari Desa)
Kendawangan,Natai Kuini,"Senin, 05 Oktober 2026 01:47:00",NASA-NOAA20,Medium,110.6955,-2.89245,False,False,False,False,False,False,Di Luar Area Pantauan (>1000m dari Desa)
Kendawangan,Natai Kuini,"Senin, 05 Oktober 2026 01:47:00",NASA-NOAA20,Medium,110.70377,-2.89372,False,False,False,False,False,False,Di Luar Area Pantauan (>1000m dari Desa)
Kendawangan,Air Hitam Besar,"Senin, 05 Oktober 2026 01:47:00",NASA-NOAA20,Medium,110.73166,-2.80917,False,False,False,False,False,False,Di Luar Area Pantauan (>1000m dari Desa)
Kendawangan,Air Hitam Besar,"Senin, 05 Oktober 2026 01:47:00",NASA-NOAA20,Medium,110.73248,-2.80333,False,False,False,False,False,False,Di Luar Area Pantauan (>1000m dari Desa)
Kendawangan,Air Hitam Besar,"Senin, 05 Oktober 2026 01:47:00",NASA-NOAA20,Medium,110.72833,-2.80269,False,False,False,False,False,False,Di Luar Area Pantauan (>1000m dari Desa)
Kendawangan,Natai Kuini,"Senin, 05 Oktober 2026 01:47:00",NASA-NOAA20,Medium,110.7421,-2.86369,False,False,False,True,False,True,Di Luar Area Pantauan (>1000m dari Desa)
Kendawangan,Natai Kuini,"Senin, 05 Oktober 2026 01:47:00",NASA-NOAA20,Medium,110.72549,-2.86119,False,False,False,True,False,True,Di Luar Area Pantauan (>1000m dari Desa)
Kendawangan,Natai Kuini,"Senin, 05 Oktober 2026 01:47:00",NASA-NOAA20,Medium,110.68641,-2.89702,False,False,False,False,False,False,Di Luar Area Pantauan (>1000m dari Desa)
Kendawangan,Natai Kuini,"Senin, 05 Oktober 2026 01:47:00",NASA-NOAA20,Medium,110.72136,-2.86057,False,False,False,True,False,True,Di Luar Area Pantauan (>1000m dari Desa)
Kendawangan,Air Hitam Besar,"Senin, 05 Oktober 2026 01:47:00",NASA-NOAA20,Medium,110.72427,-2.80206,False,False,False,False,False,False,Di Luar Area Pantauan (>1000m dari Desa)
Kendawangan,Air Hitam Besar,"Senin, 05 Oktober 2026 01:47:00",NASA-NOAA20,Medium,110.72018,-2.80143,False,False,False,False,False,False,Di Luar Area Pantauan (>1000m dari Desa)
Kendawangan,Natai Kuini,"Senin, 05 Oktober 2026 01:47:00",NASA-NOAA20,Medium,110.70431,-2.89336,False,False,False,False,False,False,Di Luar Area Pantauan (>1000m dari Desa)
Kendawangan,Natai Kuini,"Senin, 05 Oktober 2026 01:47:00",NASA-NOAA20,Medium,110.69929,-2.89859,False,False,False,False,False,False,Di Luar Area Pantauan (>1000m dari Desa)
Kendawangan,Natai Kuini,"Senin, 05 Oktober 2026 01:47:00",NASA-NOAA20,Medium,110.69514,-2.89799,False,False,False,False,False,False,Di Luar Area Pantauan (>1000m dari Desa)
Kendawangan,Natai Kuini,"Senin, 05 Oktober 2026 01:47:00",NASA-NOAA20,Medium,110.69102,-2.89738,False,False,False,False,False,False,Di Luar Area Pantauan (>1000m dari Desa)
Kendawangan,Natai Kuini,"Senin, 05 Oktober 2026 01:47:00",NASA-NOAA20,Medium,110.70343,-2.8992,False,False,False,False,False,False,Di Luar Area Pantauan (>1000m dari Desa)
Kendawangan,Air Hitam Besar,"Senin, 05 Oktober 2026 01:47:00",NASA-NOAA20,Medium,110.73331,-2.79748,False,False,False,True,False,True,Di Luar Area Pantauan (>1000m dari Desa)
Kendawangan,Air Hitam Besar,"Senin, 05 Oktober 2026 01:47:00",NASA-NOAA20,Medium,110.7143,-2.81245,False,False,False,False,False,False,Di Luar Area Pantauan (>1000m dari Desa)
Kendawangan,Natai Kuini,"Senin, 05 Oktober 2026 01:47:00",NASA-NOAA20,Medium,110.69464,-2.89828,False,False,False,False,False,False,Di Luar Area Pantauan (>1000m dari Desa)
Kendawangan,Natai Kuini,"Senin, 05 Oktober 2026 01:47:00",NASA-NOAA20,Medium,110.69054,-2.89765,False,False,False,False,False,False,Di Luar Area Pantauan (>1000m dari Desa)
Kendawangan,Air Hitam Besar,"Senin, 05 Oktober 2026 01:47:00",NASA-NOAA20,Medium,110.72751,-2.80853,False,False,False,False,False,False,Di Luar Area Pantauan (>1000m dari Desa)
Kendawangan,Natai Kuini,"Senin, 05 Oktober 2026 01:47:00",NASA-NOAA20,Medium,110.74126,-2.86955,False,False,False,True,False,True,Di Luar Area Pantauan (>1000m dari Desa)
Kendawangan,Natai Kuini,"Senin, 05 Oktober 2026 01:47:00",NASA-NOAA20,Medium,110.68601,-2.90261,False,False,False,False,False,False,Di Luar Area Pantauan (>1000m dari Desa)
Kendawangan,Natai Kuini,"Senin, 05 Oktober 2026 01:47:00",NASA-NOAA20,Medium,110.68689,-2.89678,False,False,False,False,False,False,Di Luar Area Pantauan (>1000m dari Desa)
Kendawangan,Natai Kuini,"Senin, 05 Oktober 2026 01:47:00",NASA-NOAA20,Medium,110.69878,-2.89892,False,False,False,False,False,False,Di Luar Area Pantauan (>1000m dari Desa)
Kendawangan,Natai Kuini,"Senin, 05 Oktober 2026 01:47:00",NASA-NOAA20,Medium,110.72965,-2.86182,False,False,False,True,False,True,Di Luar Area Pantauan (>1000m dari Desa)
Kendawangan,Natai Kuini,"Senin, 05 Oktober 2026 01:47:00",NASA-NOAA20,Medium,110.74542,-2.87018,False,False,False,True,False,True,Di Luar Area Pantauan (>1000m dari Desa)
Kendawangan,Natai Kuini,"Senin, 05 Oktober 2026 01:47:00",NASA-NOAA20,Medium,110.73793,-2.86306,False,False,False,True,False,True,Di Luar Area Pantauan (>1000m dari Desa)
Kendawangan,Air Hitam Besar,"Senin, 05 Oktober 2026 01:47:00",NASA-NOAA20,Medium,110.71021,-2.79328,False,False,False,False,False,False,Di Luar Area Pantauan (>1000m dari Desa)
Kendawangan,Air Hitam Besar,"Senin, 05 Oktober 2026 01:47:00",NASA-NOAA20,Medium,110.72407,-2.81321,False,False,False,False,False,False,Di Luar Area Pantauan (>1000m dari Desa)
Kendawangan,Air Hitam Besar,"Senin, 05 Oktober 2026 01:47:00",NASA-NOAA20,Medium,110.71581,-2.81199,False,False,False,False,False,False,Di Luar Area Pantauan (>1000m dari Desa)
Kendawangan,Sungai Jelayan,"Senin, 05 Oktober 2026 01:47:00",NASA-NOAA20,Medium,110.46263,-2.13083,False,False,False,False,False,False,Di Luar Area Pantauan (>1000m dari Desa)
Kendawangan,Sungai Jelayan,"Senin, 05 Oktober 2026 01:47:00",NASA-NOAA20,Medium,110.46026,-2.12693,False,False,False,False,False,False,Di Luar Area Pantauan (>1000m dari Desa)
Kendawangan,Sungai Jelayan,"Senin, 05 Oktober 2026 01:47:00",NASA-NOAA20,Medium,110.4641,-2.1275,False,False,False,False,False,False,Di Luar Area Pantauan (>1000m dari Desa)
Jelai Hulu,Pasir Mayang,"Senin, 05 Oktober 2026 01:47:00",NASA-NOAA20,Medium,110.80201,-1.86942,False,False,False,False,False,False,Di Luar Area Pantauan (>1000m dari Desa)
Marau,Batu Payung Dua,"Senin, 05 Oktober 2026 01:47:00",NASA-NOAA20,Medium,110.49855,-2.04913,False,False,False,False,False,False,Di Luar Area Pantauan (>1000m dari Desa)
Kendawangan,Natai Kuini,"Senin, 05 Oktober 2026 12:46:00",NASA-NOAA20,Medium,110.70506,-2.95536,False,False,False,False,False,False,Di Luar Area Pantauan (>1000m dari Desa)
Kendawangan,Natai Kuini,"Senin, 05 Oktober 2026 12:46:00",NASA-NOAA20,Medium,110.71633,-2.89247,False,False,False,True,False,True,Di Luar Area Pantauan (>1000m dari Desa)
Kendawangan,Natai Kuini,"Senin, 05 Oktober 2026 12:46:00",NASA-NOAA20,Medium,110.69627,-2.89542,False,False,False,False,False,False,Di Luar Area Pantauan (>1000m dari Desa)
Manis Mata,Suka Ramai,"Senin, 05 Oktober 2026 12:46:00",NASA-NOAA20,Medium,110.99371,-2.81647,False,False,False,False,False,False,Di Luar Area Pantauan (>1000m dari Desa)
Kendawangan,Natai Kuini,"Senin, 05 Oktober 2026 12:46:00",NASA-NOAA20,Medium,110.87331,-2.83053,False,False,False,False,True,True,Di Luar Area Pantauan (>1000m dari Desa)
Kendawangan,Pembedilan,"Senin, 05 Oktober 2026 12:46:00",NASA-NOAA20,Medium,110.36295,-2.82772,False,False,False,False,True,True,Di Luar Area Pantauan (>1000m dari Desa)
Manis Mata,Suka Ramai,"Senin, 05 Oktober 2026 12:46:00",NASA-NOAA20,Medium,111.09345,-2.7035,False,False,False,False,False,False,Di Luar Area Pantauan (>1000m dari Desa)
Manis Mata,Seguling,"Senin, 05 Oktober 2026 12:46:00",NASA-NOAA20,Medium,111.08877,-2.6682,False,False,False,False,False,False,Di Luar Area Pantauan (>1000m dari Desa)
Manis Mata,Seguling,"Senin, 05 Oktober 2026 12:46:00",NASA-NOAA20,Medium,111.09195,-2.66348,False,False,False,True,False,True,Di Luar Area Pantauan (>1000m dari Desa)
Manis Mata,Suka Ramai,"Senin, 05 Oktober 2026 12:46:00",NASA-NOAA20,Medium,110.99374,-2.81735,False,False,False,False,False,False,Di Luar Area Pantauan (>1000m dari Desa)
Kendawangan,Natai Kuini,"Senin, 05 Oktober 2026 12:46:00",NASA-NOAA20,Medium,110.8649,-2.82749,False,False,False,False,True,True,Di Luar Area Pantauan (>1000m dari Desa)
Kendawangan,Natai Kuini,"Senin, 05 Oktober 2026 12:46:00",NASA-NOAA20,Medium,110.74645,-2.87497,False,False,False,True,False,True,Di Luar Area Pantauan (>1000m dari Desa)
Kendawangan,Natai Kuini,"Senin, 05 Oktober 2026 12:46:00",NASA-NOAA20,Medium,110.75043,-2.87438,False,False,False,True,False,True,Di Luar Area Pantauan (>1000m dari Desa)
Kendawangan,Natai Kuini,"Senin, 05 Oktober 2026 12:46:00",NASA-NOAA20,Medium,110.69841,-2.88199,False,False,False,True,False,True,Di Luar Area Pantauan (>1000m dari Desa)
Kendawangan,Natai Kuini,"Senin, 05 Oktober 2026 12:46:00",NASA-NOAA20,Medium,110.6969,-2.8997,False,False,False,False,False,False,Di Luar Area Pantauan (>1000m dari Desa)
Manis Mata,Suka Ramai,"Senin, 05 Oktober 2026 12:46:00",NASA-NOAA20,Medium,111.12061,-2.6761,False,False,False,True,False,True,Di Luar Area Pantauan (>1000m dari Desa)
Manis Mata,Seguling,"Senin, 05 Oktober 2026 12:46:00",NASA-NOAA20,Medium,111.10188,-2.67895,False,False,False,False,False,False,Di Luar Area Pantauan (>1000m dari Desa)
Manis Mata,Jambi,"Senin, 05 Oktober 2026 12:46:00",NASA-NOAA20,Medium,111.09122,-2.68481,False,False,False,False,False,False,Di Luar Area Pantauan (>1000m dari Desa)
Manis Mata,Jambi,"Senin, 05 Oktober 2026 12:46:00",NASA-NOAA20,Medium,111.08746,-2.68539,False,False,False,False,False,False,Di Luar Area Pantauan (>1000m dari Desa)
Kendawangan,Natai Kuini,"Senin, 05 Oktober 2026 12:46:00",NASA-NOAA20,Medium,110.86426,-2.82327,False,False,False,False,True,True,Di Luar Area Pantauan (>1000m dari Desa)
Manis Mata,Suka Ramai,"Senin, 05 Oktober 2026 12:46:00",NASA-NOAA20,Medium,111.12849,-2.70686,False,False,False,False,False,False,Di Luar Area Pantauan (>1000m dari Desa)
Manis Mata,Suka Ramai,"Senin, 05 Oktober 2026 12:46:00",NASA-NOAA20,Medium,111.13973,-2.70521,False,False,False,False,False,False,Di Luar Area Pantauan (>1000m dari Desa)
Kendawangan,Kendawangan Kanan,"Senin, 05 Oktober 2026 12:46:00",NASA-NOAA20,Medium,110.27665,-2.83136,False,False,False,False,True,True,Di Luar Area Pantauan (>1000m dari Desa)
Kendawangan,Pembedilan,"Senin, 05 Oktober 2026 12:46:00",NASA-NOAA20,Medium,110.49517,-2.82606,False,False,False,False,True,True,Di Luar Area Pantauan (>1000m dari Desa)
Manis Mata,Suka Ramai,"Senin, 05 Oktober 2026 12:46:00",NASA-NOAA20,Medium,111.10895,-2.7564,False,False,False,False,False,False,Di Luar Area Pantauan (>1000m dari Desa)
Manis Mata,Suka Ramai,"Senin, 05 Oktober 2026 12:46:00",NASA-NOAA20,Medium,111.10519,-2.75696,False,False,False,False,False,False,Di Luar Area Pantauan (>1000m dari Desa)
Kendawangan,Seriam,"Senin, 05 Oktober 2026 12:46:00",NASA-NOAA20,Medium,110.3305,-2.64801,False,False,False,False,True,True,Di Luar Area Pantauan (>1000m dari Desa)
Manis Mata,Suka Ramai,"Senin, 05 Oktober 2026 12:46:00",NASA-NOAA20,Medium,111.12437,-2.67553,False,False,False,True,False,True,Di Luar Area Pantauan (>1000m dari Desa)
Kendawangan,Natai Kuini,"Senin, 05 Oktober 2026 12:46:00",NASA-NOAA20,Medium,110.70193,-2.93395,False,False,False,False,False,False,Di Luar Area Pantauan (>1000m dari Desa)
Kendawangan,Natai Kuini,"Senin, 05 Oktober 2026 12:46:00",NASA-NOAA20,Medium,110.74183,-2.87128,False,False,False,True,False,True,Di Luar Area Pantauan (>1000m dari Desa)
Manis Mata,Seguling,"Senin, 05 Oktober 2026 12:46:00",NASA-NOAA20,Medium,111.08817,-2.66405,False,False,False,True,False,True,Di Luar Area Pantauan (>1000m dari Desa)
Manis Mata,Seguling,"Senin, 05 Oktober 2026 12:46:00",NASA-NOAA20,Medium,111.09631,-2.66706,False,False,False,True,False,True,Di Luar Area Pantauan (>1000m dari Desa)
Manis Mata,Seguling,"Senin, 05 Oktober 2026 12:46:00",NASA-NOAA20,Medium,111.09254,-2.66763,False,False,False,True,False,True,Di Luar Area Pantauan (>1000m dari Desa)
Kendawangan,Natai Kuini,"Senin, 05 Oktober 2026 12:46:00",NASA-NOAA20,Medium,110.86037,-2.82386,False,False,False,False,True,True,Di Luar Area Pantauan (>1000m dari Desa)
Kendawangan,Danau Buntar,"Senin, 05 Oktober 2026 12:46:00",NASA-NOAA20,Medium,110.98541,-2.81345,False,False,False,False,False,False,Di Luar Area Pantauan (>1000m dari Desa)
Kendawangan,Natai Kuini,"Senin, 05 Oktober 2026 12:46:00",NASA-NOAA20,Medium,110.68394,-2.92351,False,False,False,False,False,False,Di Luar Area Pantauan (>1000m dari Desa)
Kendawangan,Natai Kuini,"Senin, 05 Oktober 2026 12:46:00",NASA-NOAA20,Medium,110.724,-2.97319,False,False,False,False,False,False,Di Luar Area Pantauan (>1000m dari Desa)
Manis Mata,Suka Ramai,"Senin, 05 Oktober 2026 12:46:00",NASA-NOAA20,Medium,111.09558,-2.6884,False,False,False,False,False,False,Di Luar Area Pantauan (>1000m dari Desa)
Kendawangan,Natai Kuini,"Senin, 05 Oktober 2026 12:46:00",NASA-NOAA20,Medium,110.70245,-2.8814,False,False,False,True,False,True,Di Luar Area Pantauan (>1000m dari Desa)
Kendawangan,Natai Kuini,"Senin, 05 Oktober 2026 12:46:00",NASA-NOAA20,Medium,110.70895,-2.89793,False,False,False,False,False,False,Di Luar Area Pantauan (>1000m dari Desa)
Kendawangan,Natai Kuini,"Senin, 05 Oktober 2026 12:46:00",NASA-NOAA20,Medium,110.70093,-2.89911,False,False,False,False,False,False,Di Luar Area Pantauan (>1000m dari Desa)
Manis Mata,Suka Ramai,"Senin, 05 Oktober 2026 12:46:00",NASA-NOAA20,Medium,111.14597,-2.69584,False,False,False,False,False,False,Di Luar Area Pantauan (>1000m dari Desa)
Kendawangan,Kendawangan Kanan,"Senin, 05 Oktober 2026 12:46:00",NASA-NOAA20,Medium,110.26807,-2.83261,False,False,False,False,True,True,Di Luar Area Pantauan (>1000m dari Desa)
Manis Mata,Suka Ramai,"Senin, 05 Oktober 2026 12:46:00",NASA-NOAA20,Medium,111.13345,-2.7146,False,False,False,False,False,False,Di Luar Area Pantauan (>1000m dari Desa)
Kendawangan,Natai Kuini,"Senin, 05 Oktober 2026 12:46:00",NASA-NOAA20,Medium,110.72435,-2.89129,False,False,False,True,False,True,Di Luar Area Pantauan (>1000m dari Desa)
Kendawangan,Natai Kuini,"Senin, 05 Oktober 2026 12:46:00",NASA-NOAA20,Medium,110.72034,-2.89188,False,False,False,True,False,True,Di Luar Area Pantauan (>1000m dari Desa)
Manis Mata,Seguling,"Senin, 05 Oktober 2026 01:28:00",NASA-SNPP,Medium,111.09219,-2.66565,False,False,False,True,False,True,Di Luar Area Pantauan (>1000m dari Desa)
Kendawangan,Seriam,"Senin, 05 Oktober 2026 01:28:00",NASA-SNPP,Medium,110.32727,-2.64571,False,False,False,False,True,True,Di Luar Area Pantauan (>1000m dari Desa)
Kendawangan,Natai Kuini,"Senin, 05 Oktober 2026 01:28:00",NASA-SNPP,Medium,110.92426,-2.79268,False,False,False,True,False,True,Di Luar Area Pantauan (>1000m dari Desa)
Kendawangan,Natai Kuini,"Senin, 05 Oktober 2026 01:28:00",NASA-SNPP,Medium,110.81414,-2.84894,False,False,False,False,False,False,Di Luar Area Pantauan (>1000m dari Desa)
Kendawangan,Air Hitam Besar,"Senin, 05 Oktober 2026 01:28:00",NASA-SNPP,Medium,110.74046,-2.79534,False,False,False,True,False,True,Di Luar Area Pantauan (>1000m dari Desa)
Kendawangan,Air Hitam Besar,"Senin, 05 Oktober 2026 01:28:00",NASA-SNPP,Medium,110.71725,-2.79558,False,False,False,False,False,False,Di Luar Area Pantauan (>1000m dari Desa)
Kendawangan,Air Hitam Besar,"Senin, 05 Oktober 2026 01:28:00",NASA-SNPP,Medium,110.73081,-2.7977,False,False,False,True,False,True,Di Luar Area Pantauan (>1000m dari Desa)
Kendawangan,Air Hitam Besar,"Senin, 05 Oktober 2026 01:28:00",NASA-SNPP,Medium,110.71273,-2.79488,False,False,False,False,False,False,Di Luar Area Pantauan (>1000m dari Desa)
Kendawangan,Air Hitam Besar,"Senin, 05 Oktober 2026 01:28:00",NASA-SNPP,Medium,110.72628,-2.79699,False,False,False,False,False,False,Di Luar Area Pantauan (>1000m dari Desa)
Kendawangan,Air Hitam Besar,"Senin, 05 Oktober 2026 01:28:00",NASA-SNPP,Medium,110.71668,-2.79935,False,False,False,False,False,False,Di Luar Area Pantauan (>1000m dari Desa)
Kendawangan,Air Hitam Besar,"Senin, 05 Oktober 2026 01:28:00",NASA-SNPP,Medium,110.72571,-2.80076,False,False,False,False,False,False,Di Luar Area Pantauan (>1000m dari Desa)
Kendawangan,Air Hitam Besar,"Senin, 05 Oktober 2026 01:28:00",NASA-SNPP,Medium,110.73478,-2.80218,False,False,False,False,False,False,Di Luar Area Pantauan (>1000m dari Desa)
Kendawangan,Air Hitam Besar,"Senin, 05 Oktober 2026 01:28:00",NASA-SNPP,Medium,110.71946,-2.81137,False,False,False,False,False,False,Di Luar Area Pantauan (>1000m dari Desa)
Kendawangan,Air Hitam Besar,"Senin, 05 Oktober 2026 01:28:00",NASA-SNPP,Medium,110.72851,-2.8128,False,False,False,False,False,False,Di Luar Area Pantauan (>1000m dari Desa)
Kendawangan,Air Hitam Besar,"Senin, 05 Oktober 2026 01:28:00",NASA-SNPP,Medium,110.73363,-2.80973,False,False,False,False,False,False,Di Luar Area Pantauan (>1000m dari Desa)
Kendawangan,Air Hitam Besar,"Senin, 05 Oktober 2026 01:28:00",NASA-SNPP,Medium,110.60769,-2.78999,False,False,False,False,False,False,Di Luar Area Pantauan (>1000m dari Desa)
Kendawangan,Air Hitam Besar,"Senin, 05 Oktober 2026 01:28:00",NASA-SNPP,Medium,110.71552,-2.8069,False,False,False,False,False,False,Di Luar Area Pantauan (>1000m dari Desa)
Kendawangan,Air Hitam Besar,"Senin, 05 Oktober 2026 01:28:00",NASA-SNPP,Medium,110.73817,-2.81045,False,False,False,True,False,True,Di Luar Area Pantauan (>1000m dari Desa)
Kendawangan,Air Hitam Besar,"Senin, 05 Oktober 2026 01:28:00",NASA-SNPP,Medium,110.72794,-2.81657,False,False,False,False,False,False,Di Luar Area Pantauan (>1000m dari Desa)
Kendawangan,Natai Kuini,"Senin, 05 Oktober 2026 01:28:00",NASA-SNPP,Medium,110.83632,-2.84138,False,False,False,False,True,True,Di Luar Area Pantauan (>1000m dari Desa)
Kendawangan,Natai Kuini,"Senin, 05 Oktober 2026 01:28:00",NASA-SNPP,Medium,110.83172,-2.84066,False,False,False,False,True,True,Di Luar Area Pantauan (>1000m dari Desa)
Kendawangan,Natai Kuini,"Senin, 05 Oktober 2026 01:28:00",NASA-SNPP,Medium,110.83518,-2.84898,False,False,False,False,True,True,Di Luar Area Pantauan (>1000m dari Desa)
Kendawangan,Natai Kuini,"Senin, 05 Oktober 2026 01:28:00",NASA-SNPP,Medium,110.81165,-2.84915,False,False,False,False,False,False,Di Luar Area Pantauan (>1000m dari Desa)
Kendawangan,Natai Kuini,"Senin, 05 Oktober 2026 01:28:00",NASA-SNPP,Medium,110.83059,-2.84826,False,False,False,False,True,True,Di Luar Area Pantauan (>1000m dari Desa)
Kendawangan,Natai Kuini,"Senin, 05 Oktober 2026 01:28:00",NASA-SNPP,Medium,110.81681,-2.84608,False,False,False,False,True,True,Di Luar Area Pantauan (>1000m dari Desa)
Kendawangan,Natai Kuini,"Senin, 05 Oktober 2026 01:28:00",NASA-SNPP,Medium,110.826,-2.84753,False,False,False,False,True,True,Di Luar Area Pantauan (>1000m dari Desa)
Kendawangan,Natai Kuini,"Senin, 05 Oktober 2026 01:28:00",NASA-SNPP,Medium,110.82542,-2.85133,False,False,False,False,True,True,Di Luar Area Pantauan (>1000m dari Desa)
Kendawangan,Natai Kuini,"Senin, 05 Oktober 2026 01:28:00",NASA-SNPP,Medium,110.83002,-2.85206,False,False,False,False,True,True,Di Luar Area Pantauan (>1000m dari Desa)
Kendawangan,Natai Kuini,"Senin, 05 Oktober 2026 01:28:00",NASA-SNPP,Medium,110.81108,-2.85295,False,False,False,False,False,False,Di Luar Area Pantauan (>1000m dari Desa)
Kendawangan,Natai Kuini,"Senin, 05 Oktober 2026 01:28:00",NASA-SNPP,Medium,110.81933,-2.84584,False,False,False,False,True,True,Di Luar Area Pantauan (>1000m dari Desa)
Kendawangan,Natai Kuini,"Senin, 05 Oktober 2026 01:28:00",NASA-SNPP,Medium,110.82393,-2.84654,False,False,False,False,True,True,Di Luar Area Pantauan (>1000m dari Desa)
Kendawangan,Natai Kuini,"Senin, 05 Oktober 2026 01:28:00",NASA-SNPP,Medium,110.83311,-2.84793,False,False,False,False,True,True,Di Luar Area Pantauan (>1000m dari Desa)
Kendawangan,Natai Kuini,"Senin, 05 Oktober 2026 01:28:00",NASA-SNPP,Medium,110.82737,-2.85483,False,False,False,False,True,True,Di Luar Area Pantauan (>1000m dari Desa)
Kendawangan,Natai Kuini,"Senin, 05 Oktober 2026 01:28:00",NASA-SNPP,Medium,110.82335,-2.85034,False,False,False,False,True,True,Di Luar Area Pantauan (>1000m dari Desa)
Kendawangan,Natai Kuini,"Senin, 05 Oktober 2026 01:28:00",NASA-SNPP,Medium,110.82278,-2.85414,False,False,False,False,True,True,Di Luar Area Pantauan (>1000m dari Desa)
Kendawangan,Natai Kuini,"Senin, 05 Oktober 2026 01:28:00",NASA-SNPP,Medium,110.81875,-2.84964,False,False,False,False,True,True,Di Luar Area Pantauan (>1000m dari Desa)
Kendawangan,Natai Kuini,"Senin, 05 Oktober 2026 01:28:00",NASA-SNPP,Medium,110.83198,-2.85553,False,False,False,False,True,True,Di Luar Area Pantauan (>1000m dari Desa)
Kendawangan,Natai Kuini,"Senin, 05 Oktober 2026 01:28:00",NASA-SNPP,Medium,110.82679,-2.85863,False,False,False,False,False,False,Di Luar Area Pantauan (>1000m dari Desa)
Kendawangan,Natai Kuini,"Senin, 05 Oktober 2026 01:28:00",NASA-SNPP,Medium,110.813,-2.85654,False,False,False,False,False,False,Di Luar Area Pantauan (>1000m dari Desa)
Kendawangan,Natai Kuini,"Senin, 05 Oktober 2026 01:28:00",NASA-SNPP,Medium,110.81759,-2.85723,False,False,False,False,False,False,Di Luar Area Pantauan (>1000m dari Desa)
Kendawangan,Natai Kuini,"Senin, 05 Oktober 2026 01:28:00",NASA-SNPP,Medium,110.74148,-2.865,False,False,False,True,False,True,Di Luar Area Pantauan (>1000m dari Desa)
Kendawangan,Natai Kuini,"Senin, 05 Oktober 2026 01:28:00",NASA-SNPP,Medium,110.70736,-2.87522,False,False,False,True,False,True,Di Luar Area Pantauan (>1000m dari Desa)
Kendawangan,Natai Kuini,"Senin, 05 Oktober 2026 01:28:00",NASA-SNPP,Medium,110.71808,-2.8962,False,False,False,True,False,True,Di Luar Area Pantauan (>1000m dari Desa)
Kendawangan,Natai Kuini,"Senin, 05 Oktober 2026 01:28:00",NASA-SNPP,Medium,110.69936,-2.89715,False,False,False,False,False,False,Di Luar Area Pantauan (>1000m dari Desa)
Kendawangan,Natai Kuini,"Senin, 05 Oktober 2026 01:28:00",NASA-SNPP,Medium,110.69031,-2.89575,False,False,False,False,False,False,Di Luar Area Pantauan (>1000m dari Desa)
Kendawangan,Natai Kuini,"Senin, 05 Oktober 2026 01:28:00",NASA-SNPP,Medium,110.70389,-2.89786,False,False,False,False,False,False,Di Luar Area Pantauan (>1000m dari Desa)
Kendawangan,Natai Kuini,"Senin, 05 Oktober 2026 01:28:00",NASA-SNPP,Medium,110.70331,-2.90163,False,False,False,False,False,False,Di Luar Area Pantauan (>1000m dari Desa)
Kendawangan,Natai Kuini,"Senin, 05 Oktober 2026 01:28:00",NASA-SNPP,Medium,110.68973,-2.89952,False,False,False,False,False,False,Di Luar Area Pantauan (>1000m dari Desa)
Paloh,Temajuk,"Senin, 05 Oktober 2026 01:28:00",NASA-SNPP,Medium,109.4692,1.94129,False,False,False,False,False,False,Di Luar Area Pantauan (>1000m dari Desa)
Paloh,Temajuk,"Senin, 05 Oktober 2026 01:28:00",NASA-SNPP,Medium,109.46973,1.94469,False,False,False,False,False,False,Di Luar Area Pantauan (>1000m dari Desa)
Ella Hilir,Popai,"Senin, 05 Oktober 2026 01:28:00",NASA-SNPP,Medium,112.05627,-0.41117,False,False,False,False,False,False,Di Luar Area Pantauan (>1000m dari Desa)
Ella Hilir,Kahiya,"Senin, 05 Oktober 2026 01:28:00",NASA-SNPP,Medium,111.97261,-0.50609,False,False,False,False,False,False,Di Luar Area Pantauan (>1000m dari Desa)
Kubu,Seruat Dua,"Senin, 05 Oktober 2026 01:28:00",NASA-SNPP,Medium,109.15739,-0.42913,True,False,False,False,False,False,Prioritas 2 (Sedang)
Simpang Hilir,Lubuk Batu,"Senin, 05 Oktober 2026 01:28:00",NASA-SNPP,Medium,110.11258,-0.93472,False,False,False,False,False,False,Di Luar Area Pantauan (>1000m dari Desa)
Simpang Hilir,Lubuk Batu,"Senin, 05 Oktober 2026 01:28:00",NASA-SNPP,Medium,110.11091,-0.94543,False,False,False,False,False,False,Di Luar Area Pantauan (>1000m dari Desa)
Hulu Sungai,Cinta Manis,"Senin, 05 Oktober 2026 01:28:00",NASA-SNPP,Medium,110.77242,-1.18032,False,False,False,False,False,False,Di Luar Area Pantauan (>1000m dari Desa)
Simpang Hilir,Lubuk Batu,"Senin, 05 Oktober 2026 01:28:00",NASA-SNPP,Medium,110.11895,-0.9467,False,False,False,False,False,False,Di Luar Area Pantauan (>1000m dari Desa)
Ella Hilir,Bemban Permai,"Senin, 05 Oktober 2026 01:28:00",NASA-SNPP,Medium,111.98191,-0.51161,False,False,False,False,False,False,Di Luar Area Pantauan (>1000m dari Desa)
Ella Hilir,Bemban Permai,"Senin, 05 Oktober 2026 01:28:00",NASA-SNPP,Medium,111.97696,-0.51082,False,False,False,False,False,False,Di Luar Area Pantauan (>1000m dari Desa)
Simpang Hilir,Lubuk Batu,"Senin, 05 Oktober 2026 01:28:00",NASA-SNPP,Medium,110.11146,-0.94186,False,False,False,False,False,False,Di Luar Area Pantauan (>1000m dari Desa)
Ella Hilir,Bemban Permai,"Senin, 05 Oktober 2026 01:28:00",NASA-SNPP,Medium,111.97758,-0.50688,False,False,False,False,False,False,Di Luar Area Pantauan (>1000m dari Desa)
Muara Pawan,Ulak Medang,"Senin, 05 Oktober 2026 01:28:00",NASA-SNPP,Medium,110.2933,-1.55946,False,False,True,True,False,True,Di Luar Area Pantauan (>1000m dari Desa)
Nanga Tayap,Siantau Raya,"Senin, 05 Oktober 2026 01:28:00",NASA-SNPP,Medium,110.54169,-1.60264,False,False,False,False,False,False,Di Luar Area Pantauan (>1000m dari Desa)
Tumbang Titi,Beringin Rayo,"Senin, 05 Oktober 2026 01:28:00",NASA-SNPP,Medium,110.8362,-1.67287,False,False,True,False,False,True,Di Luar Area Pantauan (>1000m dari Desa)
Lumar,Seren Selimbau,"Senin, 05 Oktober 2026 01:28:00",NASA-SNPP,Medium,109.36916,1.02795,False,False,False,False,False,False,Di Luar Area Pantauan (>1000m dari Desa)
Nanga Pinoh,Poring,"Senin, 05 Oktober 2026 01:28:00",NASA-SNPP,Medium,111.68995,-0.4256,False,False,False,False,False,False,Di Luar Area Pantauan (>1000m dari Desa)
Kubu,Seruat Dua,"Senin, 05 Oktober 2026 01:28:00",NASA-SNPP,Medium,109.15717,-0.42889,True,False,False,False,False,False,Prioritas 2 (Sedang)
Nanga Tayap,Sepakat Jaya,"Senin, 05 Oktober 2026 01:28:00",NASA-SNPP,Medium,110.63153,-1.47075,False,False,True,False,False,True,Di Luar Area Pantauan (>1000m dari Desa)
Matan Hilir Utara,Lamon Satong,"Senin, 05 Oktober 2026 01:28:00",NASA-SNPP,Medium,110.27557,-1.42229,False,False,True,False,False,True,Di Luar Area Pantauan (>1000m dari Desa)
Matan Hilir Utara,Lamon Satong,"Senin, 05 Oktober 2026 01:28:00",NASA-SNPP,Medium,110.27193,-1.41801,False,False,True,False,False,True,Di Luar Area Pantauan (>1000m dari Desa)
Marau,Batu Payung Dua,"Senin, 05 Oktober 2026 01:28:00",NASA-SNPP,Medium,110.49751,-2.05056,False,False,False,False,False,False,Di Luar Area Pantauan (>1000m dari Desa)
Nanga Tayap,Betenung,"Senin, 05 Oktober 2026 01:28:00",NASA-SNPP,Medium,110.80299,-1.54864,False,False,True,False,False,True,Di Luar Area Pantauan (>1000m dari Desa)
Tumbang Titi,Beringin Rayo,"Senin, 05 Oktober 2026 01:28:00",NASA-SNPP,Medium,110.83688,-1.66914,False,False,True,False,False,True,Di Luar Area Pantauan (>1000m dari Desa)
Tumbang Titi,Beringin Rayo,"Senin, 05 Oktober 2026 01:28:00",NASA-SNPP,Medium,110.80577,-1.69496,False,False,False,False,False,False,Di Luar Area Pantauan (>1000m dari Desa)
Matan Hilir Utara,Kuala Tolak,"Senin, 05 Oktober 2026 01:28:00",NASA-SNPP,Medium,110.14504,-1.48062,False,False,False,True,False,True,Di Luar Area Pantauan (>1000m dari Desa)
Tumbang Titi,Beringin Rayo,"Senin, 05 Oktober 2026 01:28:00",NASA-SNPP,Medium,110.77158,-1.71256,False,False,False,False,False,False,Di Luar Area Pantauan (>1000m dari Desa)
Tumbang Titi,Aur Gading,"Senin, 05 Oktober 2026 01:28:00",NASA-SNPP,Medium,110.61212,-1.79961,False,False,False,False,False,False,Di Luar Area Pantauan (>1000m dari Desa)
Jelai Hulu,Pasir Mayang,"Senin, 05 Oktober 2026 01:28:00",NASA-SNPP,Medium,110.80136,-1.87182,False,False,False,False,False,False,Di Luar Area Pantauan (>1000m dari Desa)
Tumbang Titi,Beringin Rayo,"Senin, 05 Oktober 2026 01:28:00",NASA-SNPP,Medium,110.8391,-1.66904,False,False,True,False,False,True,Di Luar Area Pantauan (>1000m dari Desa)
Marau,Batu Payung Dua,"Senin, 05 Oktober 2026 01:28:00",NASA-SNPP,Medium,110.49358,-2.05571,False,False,False,False,False,False,Di Luar Area Pantauan (>1000m dari Desa)
Kendawangan,Sungai Jelayan,"Senin, 05 Oktober 2026 01:28:00",NASA-SNPP,Medium,110.46436,-2.13045,False,False,False,False,False,False,Di Luar Area Pantauan (>1000m dari Desa)
Marau,Batu Payung Dua,"Senin, 05 Oktober 2026 01:28:00",NASA-SNPP,Medium,110.49901,-2.04899,False,False,False,False,False,False,Di Luar Area Pantauan (>1000m dari Desa)
Marau,Batu Payung Dua,"Senin, 05 Oktober 2026 01:28:00",NASA-SNPP,Medium,110.50181,-2.05125,False,False,False,False,False,False,Di Luar Area Pantauan (>1000m dari Desa)
Matan Hilir Selatan,Sungai Nanjung,"Senin, 05 Oktober 2026 01:28:00",NASA-SNPP,Medium,110.19164,-2.13604,False,False,True,True,False,True,Di Luar Area Pantauan (>1000m dari Desa)
Singkup,Pantai Ketikal,"Senin, 05 Oktober 2026 01:28:00",NASA-SNPP,Medium,110.76769,-2.48734,False,False,False,False,False,False,Di Luar Area Pantauan (>1000m dari Desa)
Kendawangan,Air Hitam Besar,"Senin, 05 Oktober 2026 01:28:00",NASA-SNPP,Medium,110.80264,-2.78562,False,False,False,True,True,True,Di Luar Area Pantauan (>1000m dari Desa)
Kendawangan,Air Hitam Besar,"Senin, 05 Oktober 2026 01:28:00",NASA-SNPP,Medium,110.71887,-2.81515,False,False,False,False,False,False,Di Luar Area Pantauan (>1000m dari Desa)
Kendawangan,Natai Kuini,"Senin, 05 Oktober 2026 01:28:00",NASA-SNPP,Medium,110.82656,-2.84373,False,False,False,False,True,True,Di Luar Area Pantauan (>1000m dari Desa)
Kendawangan,Natai Kuini,"Senin, 05 Oktober 2026 01:28:00",NASA-SNPP,Medium,110.82427,-2.85893,False,False,False,False,False,False,Di Luar Area Pantauan (>1000m dari Desa)
Kendawangan,Natai Kuini,"Senin, 05 Oktober 2026 01:28:00",NASA-SNPP,Medium,110.83772,-2.84863,False,False,False,False,True,True,Di Luar Area Pantauan (>1000m dari Desa)
Kendawangan,Natai Kuini,"Senin, 05 Oktober 2026 01:28:00",NASA-SNPP,Medium,110.83256,-2.85173,False,False,False,False,True,True,Di Luar Area Pantauan (>1000m dari Desa)
Kendawangan,Natai Kuini,"Senin, 05 Oktober 2026 01:28:00",NASA-SNPP,Medium,110.82887,-2.85966,False,False,False,False,False,False,Di Luar Area Pantauan (>1000m dari Desa)
Kendawangan,Natai Kuini,"Senin, 05 Oktober 2026 01:28:00",NASA-SNPP,Medium,110.81471,-2.84514,False,False,False,False,True,True,Di Luar Area Pantauan (>1000m dari Desa)
Kendawangan,Natai Kuini,"Senin, 05 Oktober 2026 01:28:00",NASA-SNPP,Medium,110.81817,-2.85344,False,False,False,False,False,False,Di Luar Area Pantauan (>1000m dari Desa)
Kendawangan,Natai Kuini,"Senin, 05 Oktober 2026 01:28:00",NASA-SNPP,Medium,110.82796,-2.85104,False,False,False,False,True,True,Di Luar Area Pantauan (>1000m dari Desa)
Kendawangan,Natai Kuini,"Senin, 05 Oktober 2026 01:28:00",NASA-SNPP,Medium,110.81567,-2.85368,False,False,False,False,False,False,Di Luar Area Pantauan (>1000m dari Desa)
Kendawangan,Natai Kuini,"Senin, 05 Oktober 2026 01:28:00",NASA-SNPP,Medium,110.82027,-2.8544,False,False,False,False,False,False,Di Luar Area Pantauan (>1000m dari Desa)
Kendawangan,Natai Kuini,"Senin, 05 Oktober 2026 01:28:00",NASA-SNPP,Medium,110.82853,-2.84723,False,False,False,False,True,True,Di Luar Area Pantauan (>1000m dari Desa)
Kendawangan,Natai Kuini,"Senin, 05 Oktober 2026 01:28:00",NASA-SNPP,Medium,110.74604,-2.8657,False,False,False,True,False,True,Di Luar Area Pantauan (>1000m dari Desa)
Kendawangan,Natai Kuini,"Senin, 05 Oktober 2026 01:28:00",NASA-SNPP,Medium,110.74944,-2.87397,False,False,False,True,False,True,Di Luar Area Pantauan (>1000m dari Desa)
Kendawangan,Air Hitam Besar,"Senin, 05 Oktober 2026 01:28:00",NASA-SNPP,Medium,110.69888,-2.87005,False,False,False,True,False,True,Di Luar Area Pantauan (>1000m dari Desa)
Kendawangan,Natai Kuini,"Senin, 05 Oktober 2026 01:28:00",NASA-SNPP,Medium,110.75001,-2.87018,False,False,False,True,False,True,Di Luar Area Pantauan (>1000m dari Desa)
Kendawangan,Natai Kuini,"Senin, 05 Oktober 2026 01:28:00",NASA-SNPP,Medium,110.68857,-2.90706,False,False,False,False,False,False,Di Luar Area Pantauan (>1000m dari Desa)
Kendawangan,Natai Kuini,"Senin, 05 Oktober 2026 01:28:00",NASA-SNPP,Medium,110.8314,-2.85933,False,False,False,False,True,True,Di Luar Area Pantauan (>1000m dari Desa)
Kendawangan,Natai Kuini,"Senin, 05 Oktober 2026 01:28:00",NASA-SNPP,Medium,110.71992,-2.85397,False,False,False,False,False,False,Di Luar Area Pantauan (>1000m dari Desa)
Kendawangan,Air Hitam Besar,"Senin, 05 Oktober 2026 01:28:00",NASA-SNPP,Medium,110.6983,-2.87382,False,False,False,True,False,True,Di Luar Area Pantauan (>1000m dari Desa)
Kendawangan,Natai Kuini,"Senin, 05 Oktober 2026 01:28:00",NASA-SNPP,Medium,110.70842,-2.89857,False,False,False,False,False,False,Di Luar Area Pantauan (>1000m dari Desa)
Kendawangan,Natai Kuini,"Senin, 05 Oktober 2026 01:28:00",NASA-SNPP,Medium,110.68578,-2.89504,False,False,False,False,False,False,Di Luar Area Pantauan (>1000m dari Desa)
Kendawangan,Natai Kuini,"Senin, 05 Oktober 2026 01:28:00",NASA-SNPP,Medium,110.68914,-2.90329,False,False,False,False,False,False,Di Luar Area Pantauan (>1000m dari Desa)
Kendawangan,Natai Kuini,"Senin, 05 Oktober 2026 01:28:00",NASA-SNPP,Medium,110.83574,-2.84518,False,False,False,False,True,True,Di Luar Area Pantauan (>1000m dari Desa)
Kendawangan,Natai Kuini,"Senin, 05 Oktober 2026 01:28:00",NASA-SNPP,Medium,110.82197,-2.84301,False,False,False,False,True,True,Di Luar Area Pantauan (>1000m dari Desa)
Kendawangan,Air Hitam Besar,"Senin, 05 Oktober 2026 01:28:00",NASA-SNPP,Medium,110.71493,-2.81067,False,False,False,False,False,False,Di Luar Area Pantauan (>1000m dari Desa)
Kendawangan,Natai Kuini,"Senin, 05 Oktober 2026 01:28:00",NASA-SNPP,Medium,110.72784,-2.86291,False,False,False,True,False,True,Di Luar Area Pantauan (>1000m dari Desa)
Kendawangan,Air Hitam Besar,"Senin, 05 Oktober 2026 01:28:00",NASA-SNPP,Medium,110.7342,-2.80596,False,False,False,False,False,False,Di Luar Area Pantauan (>1000m dari Desa)
Kendawangan,Air Hitam Besar,"Senin, 05 Oktober 2026 01:28:00",NASA-SNPP,Medium,110.72965,-2.80525,False,False,False,False,False,False,Di Luar Area Pantauan (>1000m dari Desa)
Kendawangan,Natai Kuini,"Senin, 05 Oktober 2026 01:28:00",NASA-SNPP,Medium,110.74546,-2.86948,False,False,False,True,False,True,Di Luar Area Pantauan (>1000m dari Desa)
Kendawangan,Natai Kuini,"Senin, 05 Oktober 2026 01:28:00",NASA-SNPP,Medium,110.7233,-2.86222,False,False,False,True,False,True,Di Luar Area Pantauan (>1000m dari Desa)
Kendawangan,Natai Kuini,"Senin, 05 Oktober 2026 01:28:00",NASA-SNPP,Medium,110.72388,-2.85844,False,False,False,True,False,True,Di Luar Area Pantauan (>1000m dari Desa)
Kendawangan,Air Hitam Besar,"Senin, 05 Oktober 2026 01:28:00",NASA-SNPP,Medium,110.72004,-2.8076,False,False,False,False,False,False,Di Luar Area Pantauan (>1000m dari Desa)
Kendawangan,Air Hitam Besar,"Senin, 05 Oktober 2026 01:28:00",NASA-SNPP,Medium,110.71611,-2.80313,False,False,False,False,False,False,Di Luar Area Pantauan (>1000m dari Desa)
Kendawangan,Air Hitam Besar,"Senin, 05 Oktober 2026 01:28:00",NASA-SNPP,Medium,110.68242,-2.8868,False,False,False,False,False,False,Di Luar Area Pantauan (>1000m dari Desa)
Kendawangan,Natai Kuini,"Senin, 05 Oktober 2026 01:28:00",NASA-SNPP,Medium,110.69714,-2.88137,False,False,False,True,False,True,Di Luar Area Pantauan (>1000m dari Desa)
Kendawangan,Natai Kuini,"Senin, 05 Oktober 2026 01:28:00",NASA-SNPP,Medium,110.74488,-2.87327,False,False,False,True,False,True,Di Luar Area Pantauan (>1000m dari Desa)
Kendawangan,Natai Kuini,"Senin, 05 Oktober 2026 01:28:00",NASA-SNPP,Medium,110.74033,-2.87257,False,False,False,True,False,True,Di Luar Area Pantauan (>1000m dari Desa)
Kendawangan,Natai Kuini,"Senin, 05 Oktober 2026 01:28:00",NASA-SNPP,Medium,110.73635,-2.86809,False,False,False,True,False,True,Di Luar Area Pantauan (>1000m dari Desa)
Kendawangan,Natai Kuini,"Senin, 05 Oktober 2026 01:28:00",NASA-SNPP,Medium,110.82944,-2.85586,False,False,False,False,True,True,Di Luar Area Pantauan (>1000m dari Desa)
Kendawangan,Natai Kuini,"Senin, 05 Oktober 2026 01:28:00",NASA-SNPP,Medium,110.81968,-2.8582,False,False,False,False,False,False,Di Luar Area Pantauan (>1000m dari Desa)
Kendawangan,Natai Kuini,"Senin, 05 Oktober 2026 01:28:00",NASA-SNPP,Medium,110.81222,-2.84535,False,False,False,False,False,False,Di Luar Area Pantauan (>1000m dari Desa)
Kendawangan,Air Hitam Besar,"Senin, 05 Oktober 2026 01:28:00",NASA-SNPP,Medium,110.73534,-2.7984,False,False,False,True,False,True,Di Luar Area Pantauan (>1000m dari Desa)
Kendawangan,Air Hitam Besar,"Senin, 05 Oktober 2026 01:28:00",NASA-SNPP,Medium,110.72177,-2.79629,False,False,False,False,False,False,Di Luar Area Pantauan (>1000m dari Desa)
Kendawangan,Air Hitam Besar,"Senin, 05 Oktober 2026 01:28:00",NASA-SNPP,Medium,110.72063,-2.80383,False,False,False,False,False,False,Di Luar Area Pantauan (>1000m dari Desa)
Kendawangan,Natai Kuini,"Senin, 05 Oktober 2026 01:28:00",NASA-SNPP,Medium,110.81357,-2.85274,False,False,False,False,False,False,Di Luar Area Pantauan (>1000m dari Desa)
Kendawangan,Natai Kuini,"Senin, 05 Oktober 2026 01:28:00",NASA-SNPP,Medium,110.74091,-2.86879,False,False,False,True,False,True,Di Luar Area Pantauan (>1000m dari Desa)
Kendawangan,Natai Kuini,"Senin, 05 Oktober 2026 01:28:00",NASA-SNPP,Medium,110.82485,-2.85513,False,False,False,False,True,True,Di Luar Area Pantauan (>1000m dari Desa)
Kendawangan,Natai Kuini,"Senin, 05 Oktober 2026 01:28:00",NASA-SNPP,Medium,110.81624,-2.84988,False,False,False,False,False,False,Di Luar Area Pantauan (>1000m dari Desa)
Kendawangan,Natai Kuini,"Senin, 05 Oktober 2026 01:28:00",NASA-SNPP,Medium,110.81509,-2.85747,False,False,False,False,False,False,Di Luar Area Pantauan (>1000m dari Desa)
Kendawangan,Air Hitam Besar,"Senin, 05 Oktober 2026 01:28:00",NASA-SNPP,Medium,110.72908,-2.80902,False,False,False,False,False,False,Di Luar Area Pantauan (>1000m dari Desa)
Kendawangan,Air Hitam Besar,"Senin, 05 Oktober 2026 01:28:00",NASA-SNPP,Medium,110.72456,-2.80831,False,False,False,False,False,False,Di Luar Area Pantauan (>1000m dari Desa)
Kendawangan,Natai Kuini,"Senin, 05 Oktober 2026 01:28:00",NASA-SNPP,Medium,110.82219,-2.85793,False,False,False,False,False,False,Di Luar Area Pantauan (>1000m dari Desa)
Marau,Batu Payung Dua,"Senin, 05 Oktober 2026 01:28:00",NASA-SNPP,Medium,110.49844,-2.05268,False,False,False,False,False,False,Di Luar Area Pantauan (>1000m dari Desa)
Kendawangan,Airhitam Hulu,"Senin, 05 Oktober 2026 01:28:00",NASA-SNPP,Medium,110.68962,-2.62965,False,False,False,False,False,False,Di Luar Area Pantauan (>1000m dari Desa)
Kendawangan,Airhitam Hulu,"Senin, 05 Oktober 2026 01:28:00",NASA-SNPP,Medium,110.68513,-2.62896,False,False,False,False,False,False,Di Luar Area Pantauan (>1000m dari Desa)
Kendawangan,Natai Kuini,"Senin, 05 Oktober 2026 01:28:00",NASA-SNPP,Medium,110.83228,-2.83685,False,False,False,False,True,True,Di Luar Area Pantauan (>1000m dari Desa)
Matan Hilir Selatan,Sungai Nanjung,"Senin, 05 Oktober 2026 01:28:00",NASA-SNPP,Medium,110.18329,-2.13475,False,False,True,True,False,True,Di Luar Area Pantauan (>1000m dari Desa)
Marau,Batu Payung Dua,"Senin, 05 Oktober 2026 01:28:00",NASA-SNPP,Medium,110.49414,-2.05202,False,False,False,False,False,False,Di Luar Area Pantauan (>1000m dari Desa)
Kendawangan,Natai Kuini,"Senin, 05 Oktober 2026 01:28:00",NASA-SNPP,Medium,110.73238,-2.86361,False,False,False,True,False,True,Di Luar Area Pantauan (>1000m dari Desa)
Kendawangan,Natai Kuini,"Senin, 05 Oktober 2026 01:28:00",NASA-SNPP,Medium,110.73693,-2.86431,False,False,False,True,False,True,Di Luar Area Pantauan (>1000m dari Desa)
Kendawangan,Natai Kuini,"Senin, 05 Oktober 2026 01:28:00",NASA-SNPP,Medium,110.82768,-2.83613,False,False,False,False,True,True,Di Luar Area Pantauan (>1000m dari Desa)
Kendawangan,Natai Kuini,"Senin, 05 Oktober 2026 01:28:00",NASA-SNPP,Medium,110.82085,-2.85061,False,False,False,False,True,True,Di Luar Area Pantauan (>1000m dari Desa)
Kendawangan,Air Hitam Besar,"Senin, 05 Oktober 2026 01:28:00",NASA-SNPP,Medium,110.61157,-2.79444,False,False,False,False,False,False,Di Luar Area Pantauan (>1000m dari Desa)
Kendawangan,Natai Kuini,"Senin, 05 Oktober 2026 01:28:00",NASA-SNPP,Medium,110.83115,-2.84446,False,False,False,False,True,True,Di Luar Area Pantauan (>1000m dari Desa)
Kendawangan,Air Hitam Besar,"Senin, 05 Oktober 2026 01:28:00",NASA-SNPP,Medium,110.73305,-2.81351,False,False,False,True,False,True,Di Luar Area Pantauan (>1000m dari Desa)
Kendawangan,Air Hitam Besar,"Senin, 05 Oktober 2026 01:28:00",NASA-SNPP,Medium,110.72398,-2.81208,False,False,False,False,False,False,Di Luar Area Pantauan (>1000m dari Desa)
Matan Hilir Selatan,Sungai Nanjung,"Senin, 05 Oktober 2026 01:28:00",NASA-SNPP,Medium,110.18746,-2.1354,False,False,True,True,False,True,Di Luar Area Pantauan (>1000m dari Desa)
Kendawangan,Air Hitam Besar,"Senin, 05 Oktober 2026 01:28:00",NASA-SNPP,Medium,110.74503,-2.79605,False,False,False,True,False,True,Di Luar Area Pantauan (>1000m dari Desa)
Kendawangan,Air Hitam Besar,"Senin, 05 Oktober 2026 01:28:00",NASA-SNPP,Medium,110.72121,-2.80006,False,False,False,False,False,False,Di Luar Area Pantauan (>1000m dari Desa)
Nanga Tayap,Betenung,"Senin, 05 Oktober 2026 01:28:00",NASA-SNPP,Medium,110.80624,-1.54777,False,False,True,False,False,True,Di Luar Area Pantauan (>1000m dari Desa)
Jelai Hulu,Pasir Mayang,"Senin, 05 Oktober 2026 01:28:00",NASA-SNPP,Medium,110.80362,-1.87182,False,False,False,False,False,False,Di Luar Area Pantauan (>1000m dari Desa)
Jelai Hulu,Pasir Mayang,"Senin, 05 Oktober 2026 01:28:00",NASA-SNPP,Medium,110.80301,-1.87555,False,False,False,False,False,False,Di Luar Area Pantauan (>1000m dari Desa)
Matan Hilir Utara,Lamon Satong,"Senin, 05 Oktober 2026 01:28:00",NASA-SNPP,Medium,110.27142,-1.42164,False,False,True,False,False,True,Di Luar Area Pantauan (>1000m dari Desa)
Nanga Tayap,Simpang Tiga Sembelangaan,"Senin, 05 Oktober 2026 01:28:00",NASA-SNPP,Medium,110.39566,-1.41882,False,False,False,False,False,False,Di Luar Area Pantauan (>1000m dari Desa)
Hulu Sungai,Cinta Manis,"Senin, 05 Oktober 2026 01:28:00",NASA-SNPP,Medium,110.7688,-1.17595,False,False,False,False,False,False,Di Luar Area Pantauan (>1000m dari Desa)
Kendawangan,Natai Kuini,"Senin, 05 Oktober 2026 01:28:00",NASA-SNPP,Medium,110.69878,-2.90093,False,False,False,False,False,False,Di Luar Area Pantauan (>1000m dari Desa)
Kendawangan,Natai Kuini,"Senin, 05 Oktober 2026 01:28:00",NASA-SNPP,Medium,110.6852,-2.89881,False,False,False,False,False,False,Di Luar Area Pantauan (>1000m dari Desa)
Kendawangan,Air Hitam Besar,"Senin, 05 Oktober 2026 01:28:00",NASA-SNPP,Medium,110.79803,-2.78491,False,False,True,True,True,True,Di Luar Area Pantauan (>1000m dari Desa)
Kendawangan,Natai Kuini,"Senin, 05 Oktober 2026 01:28:00",NASA-SNPP,Medium,110.71933,-2.85775,False,False,False,True,False,True,Di Luar Area Pantauan (>1000m dari Desa)
Kendawangan,Natai Kuini,"Senin, 05 Oktober 2026 01:28:00",NASA-SNPP,Medium,110.72842,-2.85914,False,False,False,True,False,True,Di Luar Area Pantauan (>1000m dari Desa)
Kendawangan,Natai Kuini,"Senin, 05 Oktober 2026 01:28:00",NASA-SNPP,Medium,110.72446,-2.85466,False,False,False,False,False,False,Di Luar Area Pantauan (>1000m dari Desa)
Kendawangan,Pembedilan,"Senin, 05 Oktober 2026 01:28:00",NASA-SNPP,Medium,110.43839,-2.74444,False,False,False,False,True,True,Di Luar Area Pantauan (>1000m dari Desa)
Kendawangan,Pembedilan,"Senin, 05 Oktober 2026 01:28:00",NASA-SNPP,Medium,110.43345,-2.74747,False,False,False,False,True,True,Di Luar Area Pantauan (>1000m dari Desa)
Kendawangan,Natai Kuini,"Senin, 05 Oktober 2026 01:28:00",NASA-SNPP,Medium,110.82142,-2.84681,False,False,False,False,True,True,Di Luar Area Pantauan (>1000m dari Desa)
Kendawangan,Air Hitam Besar,"Senin, 05 Oktober 2026 01:28:00",NASA-SNPP,Medium,110.71435,-2.81444,False,False,False,False,False,False,Di Luar Area Pantauan (>1000m dari Desa)
Kendawangan,Natai Kuini,"Senin, 05 Oktober 2026 12:27:00",NASA-SNPP,Medium,110.70162,-2.89902,False,False,False,False,False,False,Di Luar Area Pantauan (>1000m dari Desa)
Kendawangan,Natai Kuini,"Senin, 05 Oktober 2026 12:27:00",NASA-SNPP,Medium,110.69887,-2.87901,False,False,False,True,False,True,Di Luar Area Pantauan (>1000m dari Desa)
Kendawangan,Natai Kuini,"Senin, 05 Oktober 2026 12:27:00",NASA-SNPP,Medium,110.81793,-2.85471,False,False,False,False,False,False,Di Luar Area Pantauan (>1000m dari Desa)
Kendawangan,Natai Kuini,"Senin, 05 Oktober 2026 12:27:00",NASA-SNPP,Medium,110.80004,-2.85058,False,False,False,False,False,False,Di Luar Area Pantauan (>1000m dari Desa)
Kendawangan,Natai Kuini,"Senin, 05 Oktober 2026 12:27:00",NASA-SNPP,Medium,110.74299,-2.85894,False,False,False,True,False,True,Di Luar Area Pantauan (>1000m dari Desa)
Kendawangan,Air Hitam Besar,"Senin, 05 Oktober 2026 12:27:00",NASA-SNPP,Medium,110.72943,-2.80321,False,False,False,False,False,False,Di Luar Area Pantauan (>1000m dari Desa)
Manis Mata,Suka Ramai,"Senin, 05 Oktober 2026 12:27:00",NASA-SNPP,Medium,111.13486,-2.71592,False,False,False,False,False,False,Di Luar Area Pantauan (>1000m dari Desa)
Kendawangan,Pembedilan,"Senin, 05 Oktober 2026 12:27:00",NASA-SNPP,Medium,110.45437,-2.77281,False,False,False,False,True,True,Di Luar Area Pantauan (>1000m dari Desa)
Kendawangan,Pembedilan,"Senin, 05 Oktober 2026 12:27:00",NASA-SNPP,Medium,110.43882,-2.73627,False,False,False,False,True,True,Di Luar Area Pantauan (>1000m dari Desa)
Kendawangan,Pembedilan,"Senin, 05 Oktober 2026 12:27:00",NASA-SNPP,Medium,110.43654,-2.7341,False,False,False,False,True,True,Di Luar Area Pantauan (>1000m dari Desa)
Kendawangan,Pembedilan,"Senin, 05 Oktober 2026 12:27:00",NASA-SNPP,Medium,110.43054,-2.735,False,False,False,False,True,True,Di Luar Area Pantauan (>1000m dari Desa)
Kendawangan,Air Hitam Besar,"Senin, 05 Oktober 2026 12:27:00",NASA-SNPP,Medium,110.73514,-2.80235,False,False,False,False,False,False,Di Luar Area Pantauan (>1000m dari Desa)
Kendawangan,Natai Kuini,"Senin, 05 Oktober 2026 12:27:00",NASA-SNPP,Medium,110.80395,-2.83649,False,False,False,False,False,False,Di Luar Area Pantauan (>1000m dari Desa)
Kendawangan,Natai Kuini,"Senin, 05 Oktober 2026 12:27:00",NASA-SNPP,Medium,110.87145,-2.82665,False,False,False,False,True,True,Di Luar Area Pantauan (>1000m dari Desa)
Kendawangan,Natai Kuini,"Senin, 05 Oktober 2026 12:27:00",NASA-SNPP,Medium,110.74961,-2.86475,False,False,False,True,False,True,Di Luar Area Pantauan (>1000m dari Desa)
Sungai Melayu Rayak,Sungai Melayu,"Senin, 05 Oktober 2026 12:27:00",NASA-SNPP,Medium,110.34631,-1.81334,False,False,False,False,False,False,Di Luar Area Pantauan (>1000m dari Desa)
Jelai Hulu,Pasir Mayang,"Senin, 05 Oktober 2026 12:27:00",NASA-SNPP,Medium,110.78913,-1.8214,False,False,False,False,False,False,Di Luar Area Pantauan (>1000m dari Desa)
Sandai,Demit,"Senin, 05 Oktober 2026 12:27:00",NASA-SNPP,Medium,110.65424,-1.18654,False,False,False,False,False,False,Di Luar Area Pantauan (>1000m dari Desa)
Sandai,Randau Jungkal,"Senin, 05 Oktober 2026 12:27:00",NASA-SNPP,Medium,110.69314,-1.14728,False,False,False,False,False,False,Di Luar Area Pantauan (>1000m dari Desa)
Sandai,Randau Jungkal,"Senin, 05 Oktober 2026 12:27:00",NASA-SNPP,Medium,110.71018,-1.15135,False,False,False,False,False,False,Di Luar Area Pantauan (>1000m dari Desa)
Kendawangan,Seriam,"Senin, 05 Oktober 2026 12:27:00",NASA-SNPP,Medium,110.4296,-2.72823,False,False,False,False,True,True,Di Luar Area Pantauan (>1000m dari Desa)
Tanah Pinoh,Loka Jaya,"Senin, 05 Oktober 2026 12:27:00",NASA-SNPP,Medium,111.52261,-0.80404,False,False,False,False,False,False,Di Luar Area Pantauan (>1000m dari Desa)
Tanah Pinoh Barat,Durian Jaya,"Senin, 05 Oktober 2026 12:27:00",NASA-SNPP,Medium,111.46178,-0.81373,False,False,False,False,False,False,Di Luar Area Pantauan (>1000m dari Desa)
Nanga Pinoh,Tebing Karangan,"Senin, 05 Oktober 2026 12:27:00",NASA-SNPP,Medium,111.91386,-0.35446,False,False,False,False,False,False,Di Luar Area Pantauan (>1000m dari Desa)
Sandai,Petai Patah,"Senin, 05 Oktober 2026 12:27:00",NASA-SNPP,Medium,110.63379,-1.14433,False,False,False,False,False,False,Di Luar Area Pantauan (>1000m dari Desa)
Sandai,Pendamaran Indah,"Senin, 05 Oktober 2026 12:27:00",NASA-SNPP,Medium,110.64066,-1.03648,False,False,False,False,True,True,Di Luar Area Pantauan (>1000m dari Desa)
Sandai,Randau Jungkal,"Senin, 05 Oktober 2026 12:27:00",NASA-SNPP,Medium,110.71251,-1.15188,False,False,False,False,False,False,Di Luar Area Pantauan (>1000m dari Desa)
Hulu Sungai,Sunge Bengaras,"Senin, 05 Oktober 2026 12:27:00",NASA-SNPP,Medium,110.77254,-0.79153,False,False,True,False,False,True,Di Luar Area Pantauan (>1000m dari Desa)
Hulu Sungai,Sunge Bengaras,"Senin, 05 Oktober 2026 12:27:00",NASA-SNPP,Medium,110.78855,-0.77484,False,False,False,False,False,False,Di Luar Area Pantauan (>1000m dari Desa)
Hulu Sungai,Sunge Bengaras,"Senin, 05 Oktober 2026 12:27:00",NASA-SNPP,Medium,110.78613,-0.77631,False,False,False,False,False,False,Di Luar Area Pantauan (>1000m dari Desa)
Hulu Sungai,Sunge Bengaras,"Senin, 05 Oktober 2026 12:27:00",NASA-SNPP,Medium,110.77494,-0.79016,False,False,True,False,False,True,Di Luar Area Pantauan (>1000m dari Desa)
Hulu Sungai,Krio Hulu,"Senin, 05 Oktober 2026 12:27:00",NASA-SNPP,Medium,110.8362,-0.82789,False,False,False,False,False,False,Di Luar Area Pantauan (>1000m dari Desa)
Sungai Laur,Selangkut Raya,"Senin, 05 Oktober 2026 12:27:00",NASA-SNPP,Medium,110.55645,-0.73116,False,False,False,False,False,False,Di Luar Area Pantauan (>1000m dari Desa)
Tanah Pinoh Barat,Durian Jaya,"Senin, 05 Oktober 2026 12:27:00",NASA-SNPP,Medium,111.46304,-0.81198,False,False,False,False,False,False,Di Luar Area Pantauan (>1000m dari Desa)
Nanga Mahap,Karang Betung,"Senin, 05 Oktober 2026 12:27:00",NASA-SNPP,Medium,110.89214,-0.59413,True,False,False,False,False,False,Prioritas 2 (Sedang)
Sungai Laur,Bayun Sari,"Senin, 05 Oktober 2026 12:27:00",NASA-SNPP,Medium,110.43295,-1.0543,False,False,False,False,False,False,Di Luar Area Pantauan (>1000m dari Desa)
Sandai,Merimbang Jaya,"Senin, 05 Oktober 2026 12:27:00",NASA-SNPP,Medium,110.57654,-1.09973,False,False,False,False,False,False,Di Luar Area Pantauan (>1000m dari Desa)
Sandai,Pendamaran Indah,"Senin, 05 Oktober 2026 12:27:00",NASA-SNPP,Medium,110.63502,-1.03733,False,False,False,False,False,False,Di Luar Area Pantauan (>1000m dari Desa)
Sandai,Petai Patah,"Senin, 05 Oktober 2026 12:27:00",NASA-SNPP,Medium,110.63916,-1.14348,False,False,False,False,False,False,Di Luar Area Pantauan (>1000m dari Desa)
Sandai,Randau Jungkal,"Senin, 05 Oktober 2026 12:27:00",NASA-SNPP,Medium,110.69555,-1.14791,False,False,False,False,False,False,Di Luar Area Pantauan (>1000m dari Desa)
Sandai,Petai Patah,"Senin, 05 Oktober 2026 12:27:00",NASA-SNPP,Medium,110.63658,-1.14248,False,False,False,False,False,False,Di Luar Area Pantauan (>1000m dari Desa)
Hulu Sungai,Senduruhan,"Senin, 05 Oktober 2026 12:27:00",NASA-SNPP,Medium,110.77221,-0.97632,False,False,False,False,False,False,Di Luar Area Pantauan (>1000m dari Desa)
Kendawangan,Air Tarap,"Senin, 05 Oktober 2026 12:27:00",NASA-SNPP,Medium,110.85961,-2.53858,False,False,False,False,False,False,Di Luar Area Pantauan (>1000m dari Desa)
Hulu Sungai,Senduruhan,"Senin, 05 Oktober 2026 12:27:00",NASA-SNPP,Medium,110.77312,-0.98279,False,False,False,False,False,False,Di Luar Area Pantauan (>1000m dari Desa)
Hulu Sungai,Senduruhan,"Senin, 05 Oktober 2026 12:27:00",NASA-SNPP,Medium,110.76778,-0.98362,False,False,False,False,False,False,Di Luar Area Pantauan (>1000m dari Desa)
Nanga Mahap,Karang Betung,"Senin, 05 Oktober 2026 12:27:00",NASA-SNPP,Medium,110.88879,-0.59251,True,False,False,False,False,False,Prioritas 2 (Sedang)
Kendawangan,Pembedilan,"Senin, 05 Oktober 2026 15:28:00",NASA-MODIS,Medium,110.31297,-2.83543,False,False,False,False,True,True,Di Luar Area Pantauan (>1000m dari Desa)
Matan Hilir Utara,Lamon Satong,"Senin, 05 Oktober 2026 03:12:00",NASA-MODIS,Medium,110.27557,-1.41351,False,False,False,False,False,False,Di Luar Area Pantauan (>1000m dari Desa)
Sungai Tebelian,Bonet Lama,"Senin, 05 Oktober 2026 15:28:00",NASA-MODIS,Medium,111.50188,-0.21163,False,False,False,False,False,False,Di Luar Area Pantauan (>1000m dari Desa)
Kendawangan,Air Tarap,"Senin, 05 Oktober 2026 15:28:00",NASA-MODIS,Medium,110.88533,-2.4726,False,False,False,False,False,False,Di Luar Area Pantauan (>1000m dari Desa)
Hulu Sungai,Riam Dadap,"Senin, 05 Oktober 2026 15:28:00",NASA-MODIS,Medium,110.7993,-1.20082,False,False,False,False,False,False,Di Luar Area Pantauan (>1000m dari Desa)
Muara Pawan,Ulak Medang,"Senin, 05 Oktober 2026 15:28:00",NASA-MODIS,Medium,110.29216,-1.56265,False,False,True,True,False,True,Di Luar Area Pantauan (>1000m dari Desa)
Dedai,Kumpang,"Senin, 05 Oktober 2026 15:28:00",NASA-MODIS,Medium,111.7729,-0.03755,False,False,False,False,False,False,Di Luar Area Pantauan (>1000m dari Desa)
Matan Hilir Utara,Lamon Satong,"Senin, 05 Oktober 2026 15:28:00",NASA-MODIS,Medium,110.27729,-1.41697,False,False,True,False,False,True,Di Luar Area Pantauan (>1000m dari Desa)
Tumbang Titi,Batu Beransak,"Senin, 05 Oktober 2026 15:28:00",NASA-MODIS,Medium,110.6997,-1.82674,False,False,False,False,False,False,Di Luar Area Pantauan (>1000m dari Desa)
Kendawangan,Sungai Jelayan,"Senin, 05 Oktober 2026 15:28:00",NASA-MODIS,Medium,110.44632,-2.06735,False,False,False,False,False,False,Di Luar Area Pantauan (>1000m dari Desa)
Tumbang Titi,Serengkah Kanan,"Senin, 05 Oktober 2026 15:28:00",NASA-MODIS,Medium,110.77951,-1.76785,False,False,True,False,False,True,Di Luar Area Pantauan (>1000m dari Desa)
Manis Mata,Suka Ramai,"Senin, 05 Oktober 2026 15:28:00",NASA-MODIS,Medium,111.10583,-2.75392,False,False,False,False,False,False,Di Luar Area Pantauan (>1000m dari Desa)
Dedai,Empaci,"Senin, 05 Oktober 2026 15:30:00",NASA-MODIS,Medium,111.73088,0.04772,False,False,False,False,False,False,Di Luar Area Pantauan (>1000m dari Desa)
Simpang Dua,Kampar Sebomban,"Senin, 05 Oktober 2026 15:28:00",NASA-MODIS,Medium,110.30003,-0.84993,False,False,False,False,False,False,Di Luar Area Pantauan (>1000m dari Desa)
Sandai,Petai Patah,"Senin, 05 Oktober 2026 15:28:00",NASA-MODIS,Medium,110.62928,-1.18033,False,False,False,False,False,False,Di Luar Area Pantauan (>1000m dari Desa)
Kendawangan,Natai Kuini,"Senin, 05 Oktober 2026 15:28:00",NASA-MODIS,Medium,110.82089,-2.84321,False,False,False,False,True,True,Di Luar Area Pantauan (>1000m dari Desa)
Kendawangan,Air Tarap,"Senin, 05 Oktober 2026 15:28:00",NASA-MODIS,Medium,110.85756,-2.55197,False,False,False,False,False,False,Di Luar Area Pantauan (>1000m dari Desa)
Kendawangan,Natai Kuini,"Senin, 05 Oktober 2026 03:12:00",NASA-MODIS,Medium,110.82783,-2.84926,False,False,False,False,True,True,Di Luar Area Pantauan (>1000m dari Desa)
Kendawangan,Natai Kuini,"Senin, 05 Oktober 2026 15:28:00",NASA-MODIS,Medium,110.75504,-2.88072,False,False,False,False,False,False,Di Luar Area Pantauan (>1000m dari Desa)
Kendawangan,Natai Kuini,"Senin, 05 Oktober 2026 15:28:00",NASA-MODIS,Medium,110.92129,-2.79088,False,False,True,True,False,True,Di Luar Area Pantauan (>1000m dari Desa)
Tumbang Titi,Batu Tajam,"Senin, 05 Oktober 2026 15:28:00",NASA-MODIS,Medium,110.59122,-1.82402,False,False,False,False,False,False,Di Luar Area Pantauan (>1000m dari Desa)
Kendawangan,Natai Kuini,"Senin, 05 Oktober 2026 15:28:00",NASA-MODIS,Medium,110.83047,-2.8418,False,False,False,False,True,True,Di Luar Area Pantauan (>1000m dari Desa)
Kendawangan,Seriam,"Senin, 05 Oktober 2026 15:28:00",NASA-MODIS,Medium,110.33295,-2.67503,False,False,False,False,True,True,Di Luar Area Pantauan (>1000m dari Desa)
Ngabang,Penyaho Dangku,"Senin, 05 Oktober 2026 15:30:00",NASA-MODIS,Medium,109.78465,0.45961,False,False,False,False,False,False,Di Luar Area Pantauan (>1000m dari Desa)
Tumbang Titi,Batu Beransak,"Senin, 05 Oktober 2026 15:28:00",NASA-MODIS,Medium,110.70921,-1.82534,False,False,False,False,False,False,Di Luar Area Pantauan (>1000m dari Desa)
Nanga Tayap,Batu Mas,"Senin, 05 Oktober 2026 15:28:00",NASA-MODIS,Medium,110.65223,-1.65835,False,False,True,False,False,True,Di Luar Area Pantauan (>1000m dari Desa)
Kendawangan,Air Tarap,"Senin, 05 Oktober 2026 15:28:00",NASA-MODIS,Medium,110.85619,-2.54278,False,False,False,False,False,False,Di Luar Area Pantauan (>1000m dari Desa)
Pinoh Utara,Merpak,"Senin, 05 Oktober 2026 15:28:00",NASA-MODIS,Medium,111.94315,-0.20698,False,False,False,False,False,False,Di Luar Area Pantauan (>1000m dari Desa)
Belimbing,Upit,"Senin, 05 Oktober 2026 15:28:00",NASA-MODIS,Medium,111.42551,-0.3776,False,False,False,False,False,False,Di Luar Area Pantauan (>1000m dari Desa)
Sepauk,Sinar Harapan,"Senin, 05 Oktober 2026 15:30:00",NASA-MODIS,Medium,111.15435,0.04448,False,False,False,False,False,False,Di Luar Area Pantauan (>1000m dari Desa)
Muara Pawan,Tanjung Pura,"Senin, 05 Oktober 2026 15:28:00",NASA-MODIS,Medium,110.22971,-1.67426,False,False,True,True,False,True,Di Luar Area Pantauan (>1000m dari Desa)
Sandai,Pendamaran Indah,"Senin, 05 Oktober 2026 15:28:00",NASA-MODIS,Medium,110.59228,-1.03758,False,False,False,False,False,False,Di Luar Area Pantauan (>1000m dari Desa)
Nanga Tayap,Cegolak,"Senin, 05 Oktober 2026 15:28:00",NASA-MODIS,Medium,110.73389,-1.60869,False,False,True,False,False,True,Di Luar Area Pantauan (>1000m dari Desa)
Tumbang Titi,Batu Tajam,"Senin, 05 Oktober 2026 15:28:00",NASA-MODIS,Medium,110.58167,-1.82544,False,False,False,False,False,False,Di Luar Area Pantauan (>1000m dari Desa)
Nanga Tayap,Betenung,"Senin, 05 Oktober 2026 15:28:00",NASA-MODIS,Medium,110.86485,-1.6177,False,False,True,False,False,True,Di Luar Area Pantauan (>1000m dari Desa)
Kendawangan,Natai Kuini,"Minggu, 04 Oktober 2026 20:46:00",NASA-MODIS,Medium,110.80641,-2.84284,False,False,False,False,False,False,Di Luar Area Pantauan (>1000m dari Desa)
Tumbang Titi,Batu Beransak,"Senin, 05 Oktober 2026 15:28:00",NASA-MODIS,Medium,110.71871,-1.82394,False,False,False,False,False,False,Di Luar Area Pantauan (>1000m dari Desa)
Kendawangan,Pembedilan,"Senin, 05 Oktober 2026 15:28:00",NASA-MODIS,Medium,110.48947,-2.81816,False,False,False,False,True,True,Di Luar Area Pantauan (>1000m dari Desa)
Sepauk,Sepulut,"Senin, 05 Oktober 2026 15:30:00",NASA-MODIS,Medium,111.19371,0.00095,False,False,False,False,False,False,Di Luar Area Pantauan (>1000m dari Desa)
Matan Hilir Selatan,Sungai Nanjung,"Senin, 05 Oktober 2026 15:28:00",NASA-MODIS,Medium,110.18839,-2.14193,False,False,True,True,False,True,Di Luar Area Pantauan (>1000m dari Desa)
Belimbing,Nusa Kenyikap,"Senin, 05 Oktober 2026 15:28:00",NASA-MODIS,High,111.64485,-0.43633,False,False,False,False,False,False,Di Luar Area Pantauan (>1000m dari Desa)
Muara Pawan,Tanjung Pura,"Senin, 05 Oktober 2026 15:28:00",NASA-MODIS,High,110.22043,-1.67563,False,False,True,True,False,True,Di Luar Area Pantauan (>1000m dari Desa)
Pemahan,Kerta Baru,"Senin, 05 Oktober 2026 15:28:00",NASA-MODIS,High,110.63143,-1.74376,False,False,False,False,False,False,Di Luar Area Pantauan (>1000m dari Desa)
Belimbing,Nusa Kenyikap,"Senin, 05 Oktober 2026 15:28:00",NASA-MODIS,High,111.63339,-0.43805,False,False,False,False,False,False,Di Luar Area Pantauan (>1000m dari Desa)
Nanga Tayap,Betenung,"Senin, 05 Oktober 2026 15:28:00",NASA-MODIS,High,110.80877,-1.55182,False,False,True,False,False,True,Di Luar Area Pantauan (>1000m dari Desa)
Simpang Dua,Gema,"Senin, 05 Oktober 2026 15:28:00",NASA-MODIS,High,110.41544,-0.92598,False,False,False,False,True,True,Di Luar Area Pantauan (>1000m dari Desa)
Kendawangan,Pembedilan,"Senin, 05 Oktober 2026 15:28:00",NASA-MODIS,High,110.48019,-2.81956,False,False,False,False,True,True,Di Luar Area Pantauan (>1000m dari Desa)
Nanga Tayap,Betenung,"Senin, 05 Oktober 2026 15:28:00",NASA-MODIS,High,110.79904,-1.55325,False,False,True,False,False,True,Di Luar Area Pantauan (>1000m dari Desa)
Kendawangan,Air Hitam Besar,"Senin, 05 Oktober 2026 15:28:00",NASA-MODIS,High,110.73774,-2.80885,False,False,False,True,False,True,Di Luar Area Pantauan (>1000m dari Desa)
Nanga Tayap,Cegolak,"Senin, 05 Oktober 2026 15:28:00",NASA-MODIS,High,110.74366,-1.60723,False,False,True,False,False,True,Di Luar Area Pantauan (>1000m dari Desa)
Tumbang Titi,Batu Beransak,"Senin, 05 Oktober 2026 15:28:00",NASA-MODIS,High,110.69421,-1.78999,False,False,False,False,False,False,Di Luar Area Pantauan (>1000m dari Desa)
Matan Hilir Utara,Lamon Satong,"Senin, 05 Oktober 2026 15:28:00",NASA-MODIS,High,110.26788,-1.41836,False,False,False,False,False,False,Di Luar Area Pantauan (>1000m dari Desa)
Belitang Hulu,Ijuk,"Senin, 05 Oktober 2026 15:30:00",NASA-MODIS,High,111.09584,0.34603,False,False,False,False,False,False,Di Luar Area Pantauan (>1000m dari Desa)
Sandai,Demit,"Senin, 05 Oktober 2026 15:28:00",NASA-MODIS,High,110.63903,-1.17889,False,False,False,False,False,False,Di Luar Area Pantauan (>1000m dari Desa)
Kendawangan,Natai Kuini,"Senin, 05 Oktober 2026 15:28:00",NASA-MODIS,High,110.8031,-2.78976,False,False,False,True,True,True,Di Luar Area Pantauan (>1000m dari Desa)
Kendawangan,Natai Kuini,"Senin, 05 Oktober 2026 14:07:00",NASA-SNPP,High,110.81191,-2.85295,False,False,False,False,False,False,Di Luar Area Pantauan (>1000m dari Desa)
Sandai,Pendamaran Indah,"Senin, 05 Oktober 2026 15:28:00",NASA-MODIS,High,110.60193,-1.03613,False,False,False,False,False,False,Di Luar Area Pantauan (>1000m dari Desa)
Kendawangan,Natai Kuini,"Senin, 05 Oktober 2026 12:27:00",NASA-SNPP,High,110.81142,-2.84891,False,False,False,False,False,False,Di Luar Area Pantauan (>1000m dari Desa)
Kendawangan,Natai Kuini,"Senin, 05 Oktober 2026 12:27:00",NASA-SNPP,High,110.81056,-2.84228,False,False,False,False,True,True,Di Luar Area Pantauan (>1000m dari Desa)
Kendawangan,Natai Kuini,"Senin, 05 Oktober 2026 12:27:00",NASA-SNPP,High,110.69586,-2.89988,False,False,False,False,False,False,Di Luar Area Pantauan (>1000m dari Desa)
Kendawangan,Air Tarap,"Senin, 05 Oktober 2026 14:07:00",NASA-SNPP,High,110.86341,-2.54077,False,False,False,False,False,False,Di Luar Area Pantauan (>1000m dari Desa)
Kendawangan,Natai Kuini,"Senin, 05 Oktober 2026 15:28:00",NASA-MODIS,High,110.69011,-2.89974,False,False,False,False,False,False,Di Luar Area Pantauan (>1000m dari Desa)
Kendawangan,Natai Kuini,"Senin, 05 Oktober 2026 01:28:00",NASA-SNPP,High,110.69482,-2.89645,False,False,False,False,False,False,Di Luar Area Pantauan (>1000m dari Desa)
Kendawangan,Air Tarap,"Senin, 05 Oktober 2026 12:27:00",NASA-SNPP,High,110.87076,-2.53692,False,False,False,False,False,False,Di Luar Area Pantauan (>1000m dari Desa)
Kendawangan,Natai Kuini,"Senin, 05 Oktober 2026 12:46:00",NASA-NOAA20,High,110.80852,-2.85342,False,False,False,False,False,False,Di Luar Area Pantauan (>1000m dari Desa)
Kendawangan,Air Tarap,"Senin, 05 Oktober 2026 14:07:00",NASA-SNPP,High,110.86965,-2.53971,False,False,False,False,False,False,Di Luar Area Pantauan (>1000m dari Desa)
Kendawangan,Natai Kuini,"Senin, 05 Oktober 2026 01:28:00",NASA-SNPP,High,110.69424,-2.90022,False,False,False,False,False,False,Di Luar Area Pantauan (>1000m dari Desa)
Kendawangan,Seriam,"Senin, 05 Oktober 2026 14:07:00",NASA-SNPP,High,110.32758,-2.63808,False,False,False,False,True,True,Di Luar Area Pantauan (>1000m dari Desa)
Kendawangan,Pembedilan,"Senin, 05 Oktober 2026 12:27:00",NASA-SNPP,High,110.49334,-2.81791,False,False,False,False,True,True,Di Luar Area Pantauan (>1000m dari Desa)
Kendawangan,Pembedilan,"Senin, 05 Oktober 2026 14:07:00",NASA-SNPP,High,110.48456,-2.80999,False,False,False,False,True,True,Di Luar Area Pantauan (>1000m dari Desa)
Kendawangan,Seriam,"Senin, 05 Oktober 2026 14:07:00",NASA-SNPP,High,110.32861,-2.64475,False,False,False,False,True,True,Di Luar Area Pantauan (>1000m dari Desa)
Kendawangan,Pembedilan,"Senin, 05 Oktober 2026 14:07:00",NASA-SNPP,High,110.31067,-2.83952,False,False,False,True,True,True,Di Luar Area Pantauan (>1000m dari Desa)
Kendawangan,Air Hitam Besar,"Senin, 05 Oktober 2026 01:28:00",NASA-SNPP,High,110.72514,-2.80454,False,False,False,False,False,False,Di Luar Area Pantauan (>1000m dari Desa)
Kendawangan,Natai Kuini,"Senin, 05 Oktober 2026 14:07:00",NASA-SNPP,High,110.80576,-2.854,False,False,False,False,False,False,Di Luar Area Pantauan (>1000m dari Desa)
Kendawangan,Natai Kuini,"Senin, 05 Oktober 2026 14:07:00",NASA-SNPP,High,110.8107,-2.84614,False,False,False,False,False,False,Di Luar Area Pantauan (>1000m dari Desa)
Kendawangan,Air Hitam Besar,"Senin, 05 Oktober 2026 01:28:00",NASA-SNPP,High,110.73022,-2.80147,False,False,False,False,False,False,Di Luar Area Pantauan (>1000m dari Desa)
Sandai,Demit,"Senin, 05 Oktober 2026 12:27:00",NASA-SNPP,High,110.65963,-1.18571,False,False,False,False,False,False,Di Luar Area Pantauan (>1000m dari Desa)
Kendawangan,Natai Kuini,"Senin, 05 Oktober 2026 12:27:00",NASA-SNPP,High,110.81227,-2.85554,False,False,False,False,False,False,Di Luar Area Pantauan (>1000m dari Desa)
Kendawangan,Pembedilan,"Senin, 05 Oktober 2026 12:27:00",NASA-SNPP,High,110.48643,-2.81204,False,False,False,False,True,True,Di Luar Area Pantauan (>1000m dari Desa)
Kendawangan,Natai Kuini,"Senin, 05 Oktober 2026 12:27:00",NASA-SNPP,High,110.75053,-2.8714,False,False,False,True,False,True,Di Luar Area Pantauan (>1000m dari Desa)
Hulu Sungai,Senduruhan,"Senin, 05 Oktober 2026 12:27:00",NASA-SNPP,High,110.76694,-0.97714,False,False,False,False,False,False,Di Luar Area Pantauan (>1000m dari Desa)
Dedai,Terusan,"Senin, 05 Oktober 2026 15:30:00",NASA-MODIS,High,111.71925,0.04597,False,False,False,False,False,False,Di Luar Area Pantauan (>1000m dari Desa)
Kendawangan,Air Hitam Besar,"Senin, 05 Oktober 2026 15:28:00",NASA-MODIS,High,110.72961,-2.81938,False,False,False,True,False,True,Di Luar Area Pantauan (>1000m dari Desa)
Kendawangan,Air Tarap,"Senin, 05 Oktober 2026 15:28:00",NASA-MODIS,High,110.87556,-2.53992,False,False,False,False,False,False,Di Luar Area Pantauan (>1000m dari Desa)
Simpang Dua,Batu Daya,"Senin, 05 Oktober 2026 15:28:00",NASA-MODIS,High,110.36235,-0.98829,False,False,False,False,False,False,Di Luar Area Pantauan (>1000m dari Desa)
Ngabang,Penyaho Dangku,"Senin, 05 Oktober 2026 15:30:00",NASA-MODIS,High,109.786,0.45059,False,False,False,False,False,False,Di Luar Area Pantauan (>1000m dari Desa)
Matan Hilir Utara,Lamon Satong,"Senin, 05 Oktober 2026 15:28:00",NASA-MODIS,High,110.26929,-1.4274,False,False,True,False,False,True,Di Luar Area Pantauan (>1000m dari Desa)
Kendawangan,Air Tarap,"Senin, 05 Oktober 2026 15:28:00",NASA-MODIS,High,110.86587,-2.54135,False,False,False,False,False,False,Di Luar Area Pantauan (>1000m dari Desa)
Matan Hilir Utara,Lamon Satong,"Senin, 05 Oktober 2026 15:28:00",NASA-MODIS,High,110.27866,-1.42602,False,False,False,False,False,False,Di Luar Area Pantauan (>1000m dari Desa)
Kendawangan,Air Tarap,"Senin, 05 Oktober 2026 15:28:00",NASA-MODIS,High,110.86723,-2.55054,False,False,False,False,False,False,Di Luar Area Pantauan (>1000m dari Desa)
Kendawangan,Natai Kuini,"Senin, 05 Oktober 2026 15:28:00",NASA-MODIS,High,110.75368,-2.8716,False,False,False,True,False,True,Di Luar Area Pantauan (>1000m dari Desa)
Kendawangan,Natai Kuini,"Senin, 05 Oktober 2026 15:28:00",NASA-MODIS,High,110.81085,-2.86301,False,False,False,False,False,False,Di Luar Area Pantauan (>1000m dari Desa)
Kendawangan,Air Hitam Besar,"Minggu, 04 Oktober 2026 20:46:00",NASA-MODIS,High,110.72388,-2.81088,False,False,False,False,False,False,Di Luar Area Pantauan (>1000m dari Desa)
Kendawangan,Air Hitam Besar,"Senin, 05 Oktober 2026 03:12:00",NASA-MODIS,High,110.72802,-2.80617,False,False,False,False,False,False,Di Luar Area Pantauan (>1000m dari Desa)
Kendawangan,Air Hitam Besar,"Senin, 05 Oktober 2026 15:28:00",NASA-MODIS,High,110.7174,-2.80258,False,False,False,False,False,False,Di Luar Area Pantauan (>1000m dari Desa)
Kendawangan,Pembedilan,"Senin, 05 Oktober 2026 15:28:00",NASA-MODIS,High,110.47886,-2.81054,False,False,False,False,True,True,Di Luar Area Pantauan (>1000m dari Desa)
Kendawangan,Air Hitam Besar,"Senin, 05 Oktober 2026 15:28:00",NASA-MODIS,High,110.72823,-2.81027,False,False,False,False,False,False,Di Luar Area Pantauan (>1000m dari Desa)
Simpang Dua,Batu Daya,"Senin, 05 Oktober 2026 15:28:00",NASA-MODIS,High,110.37186,-0.98687,False,False,False,False,False,False,Di Luar Area Pantauan (>1000m dari Desa)
Kendawangan,Air Hitam Besar,"Senin, 05 Oktober 2026 03:12:00",NASA-MODIS,High,110.72939,-2.79706,False,False,False,False,False,False,Di Luar Area Pantauan (>1000m dari Desa)
Kendawangan,Pembedilan,"Senin, 05 Oktober 2026 15:28:00",NASA-MODIS,High,110.48813,-2.80915,False,False,False,False,True,True,Di Luar Area Pantauan (>1000m dari Desa)
Kendawangan,Natai Kuini,"Senin, 05 Oktober 2026 15:28:00",NASA-MODIS,High,110.80948,-2.85387,False,False,False,False,False,False,Di Luar Area Pantauan (>1000m dari Desa)
Kendawangan,Natai Kuini,"Minggu, 04 Oktober 2026 20:46:00",NASA-MODIS,High,110.81232,-2.8456,False,False,False,False,False,False,Di Luar Area Pantauan (>1000m dari Desa)
Kendawangan,Air Hitam Besar,"Minggu, 04 Oktober 2026 20:46:00",NASA-MODIS,High,110.72176,-2.79664,False,False,False,False,False,False,Di Luar Area Pantauan (>1000m dari Desa)
Kendawangan,Natai Kuini,"Senin, 05 Oktober 2026 03:12:00",NASA-MODIS,High,110.69852,-2.89347,False,False,False,False,False,False,Di Luar Area Pantauan (>1000m dari Desa)
Kendawangan,Natai Kuini,"Minggu, 04 Oktober 2026 20:46:00",NASA-MODIS,High,110.69062,-2.8927,False,False,False,False,False,False,Di Luar Area Pantauan (>1000m dari Desa)
Kendawangan,Air Hitam Besar,"Senin, 05 Oktober 2026 15:28:00",NASA-MODIS,High,110.72686,-2.80116,False,False,False,False,False,False,Di Luar Area Pantauan (>1000m dari Desa)
