Kecamatan,Desa,Waktu,Satelit,Confidence,Longitude,Latitude,in_desa,in_buffer,is_hutan,is_gambut,is_kk,in_kawasan,Prioritas_Satgas
Kendawangan,Natai Kuini,"Kamis, 24 September 2026 15:05:00",NASA-MODIS,Low,110.71992,-2.97587,False,False,False,False,False,False,Di Luar Area Pantauan (>1000m dari Desa)
Kendawangan,Seriam,"Kamis, 24 September 2026 15:05:00",NASA-MODIS,Low,110.39203,-2.75276,False,False,False,False,True,True,Di Luar Area Pantauan (>1000m dari Desa)
Nanga Tayap,Lembah Hijau Satu,"Kamis, 24 September 2026 02:47:00",NASA-MODIS,Low,110.50272,-1.5939,False,False,False,False,False,False,Di Luar Area Pantauan (>1000m dari Desa)
Kendawangan,Natai Kuini,"Kamis, 24 September 2026 15:05:00",NASA-MODIS,Low,110.69802,-2.96183,False,False,False,False,False,False,Di Luar Area Pantauan (>1000m dari Desa)
Nanga Tayap,Lembah Hijau Satu,"Kamis, 24 September 2026 02:47:00",NASA-MODIS,Low,110.47593,-1.58967,False,False,True,False,False,True,Di Luar Area Pantauan (>1000m dari Desa)
Hulu Sungai,Krio Hulu,"Kamis, 24 September 2026 12:33:00",NASA-SNPP,Low,110.87557,-0.7682,False,True,True,False,False,True,Prioritas 4 (Waspada)
Kendawangan,Natai Kuini,"Kamis, 24 September 2026 12:53:00",NASA-NOAA20,Low,110.70421,-2.92587,False,False,False,False,False,False,Di Luar Area Pantauan (>1000m dari Desa)
Matan Hilir Selatan,Sungai Nanjung,"Kamis, 24 September 2026 12:33:00",NASA-SNPP,Low,110.18901,-2.12975,False,False,True,True,False,True,Di Luar Area Pantauan (>1000m dari Desa)
Kendawangan,Natai Kuini,"Kamis, 24 September 2026 12:53:00",NASA-NOAA20,Low,110.71306,-2.9699,False,False,False,False,False,False,Di Luar Area Pantauan (>1000m dari Desa)
Kendawangan,Natai Kuini,"Kamis, 24 September 2026 12:53:00",NASA-NOAA20,Low,110.8614,-2.80554,False,False,False,False,True,True,Di Luar Area Pantauan (>1000m dari Desa)
Kendawangan,Natai Kuini,"Kamis, 24 September 2026 12:33:00",NASA-SNPP,Low,110.71399,-2.97104,False,False,False,False,False,False,Di Luar Area Pantauan (>1000m dari Desa)
Nanga Tayap,Betenung,"Kamis, 24 September 2026 12:33:00",NASA-SNPP,Low,110.80449,-1.56031,False,False,True,False,False,True,Di Luar Area Pantauan (>1000m dari Desa)
Kendawangan,Natai Kuini,"Kamis, 24 September 2026 12:33:00",NASA-SNPP,Low,110.85864,-2.79874,False,False,False,False,True,True,Di Luar Area Pantauan (>1000m dari Desa)
Serawai,Mensulung Bio,"Kamis, 24 September 2026 12:33:00",NASA-SNPP,Low,112.55772,-0.17254,False,False,False,False,True,True,Di Luar Area Pantauan (>1000m dari Desa)
Kendawangan,Pembedilan,"Kamis, 24 September 2026 12:33:00",NASA-SNPP,Low,110.3853,-2.84952,False,False,False,False,True,True,Di Luar Area Pantauan (>1000m dari Desa)
Matan Hilir Selatan,Sungai Nanjung,"Kamis, 24 September 2026 12:33:00",NASA-SNPP,Low,110.18606,-2.13043,False,False,True,True,False,True,Di Luar Area Pantauan (>1000m dari Desa)
Nanga Tayap,Pangkalan Teluk,"Kamis, 24 September 2026 12:33:00",NASA-SNPP,Low,110.3599,-1.29137,False,False,True,False,False,True,Di Luar Area Pantauan (>1000m dari Desa)
Kendawangan,Natai Kuini,"Kamis, 24 September 2026 12:53:00",NASA-NOAA20,Low,110.71363,-2.97376,False,False,False,False,False,False,Di Luar Area Pantauan (>1000m dari Desa)
Hulu Sungai,Kenyabur,"Kamis, 24 September 2026 12:33:00",NASA-SNPP,Low,110.86172,-0.75852,True,False,True,False,False,True,Prioritas 4 (Waspada)
Kendawangan,Natai Kuini,"Kamis, 24 September 2026 12:53:00",NASA-NOAA20,Low,110.70541,-2.95133,False,False,False,False,False,False,Di Luar Area Pantauan (>1000m dari Desa)
Ambalau,Nanga Kemangai,"Kamis, 24 September 2026 12:33:00",NASA-SNPP,Low,112.72858,-0.24348,False,False,False,False,False,False,Di Luar Area Pantauan (>1000m dari Desa)
Kendawangan,Pembedilan,"Kamis, 24 September 2026 12:33:00",NASA-SNPP,Low,110.39079,-2.85498,False,False,False,False,True,True,Di Luar Area Pantauan (>1000m dari Desa)
Nanga Tayap,Siantau Raya,"Kamis, 24 September 2026 12:33:00",NASA-SNPP,Low,110.473,-1.60502,False,False,True,False,False,True,Di Luar Area Pantauan (>1000m dari Desa)
Kendawangan,Pembedilan,"Kamis, 24 September 2026 15:05:00",NASA-MODIS,Low,110.38309,-2.84581,False,False,False,False,True,True,Di Luar Area Pantauan (>1000m dari Desa)
Kendawangan,Pembedilan,"Kamis, 24 September 2026 08:32:00",NASA-MODIS,Medium,110.38657,-2.86623,False,False,False,False,True,True,Di Luar Area Pantauan (>1000m dari Desa)
Kendawangan,Sungai Jelayan,"Kamis, 24 September 2026 08:32:00",NASA-MODIS,Medium,110.43363,-2.25067,False,False,False,False,False,False,Di Luar Area Pantauan (>1000m dari Desa)
Kendawangan,Pembedilan,"Kamis, 24 September 2026 15:05:00",NASA-MODIS,Medium,110.37649,-2.85113,False,False,False,False,True,True,Di Luar Area Pantauan (>1000m dari Desa)
Kendawangan,Seriam,"Kamis, 24 September 2026 15:05:00",NASA-MODIS,Medium,110.39628,-2.74472,False,False,False,False,True,True,Di Luar Area Pantauan (>1000m dari Desa)
Nanga Tayap,Lembah Hijau Satu,"Kamis, 24 September 2026 02:47:00",NASA-MODIS,Medium,110.48542,-1.57548,False,False,False,False,False,False,Di Luar Area Pantauan (>1000m dari Desa)
Kendawangan,Natai Kuini,"Kamis, 24 September 2026 15:05:00",NASA-MODIS,Medium,110.70692,-2.97771,False,False,False,False,False,False,Di Luar Area Pantauan (>1000m dari Desa)
Muara Pawan,Ulak Medang,"Kamis, 24 September 2026 02:47:00",NASA-MODIS,Medium,110.29582,-1.53161,False,False,False,False,False,False,Di Luar Area Pantauan (>1000m dari Desa)
Kendawangan,Natai Kuini,"Kamis, 24 September 2026 15:05:00",NASA-MODIS,Medium,110.79111,-2.82432,False,False,False,False,False,False,Di Luar Area Pantauan (>1000m dari Desa)
Kendawangan,Seriam,"Kamis, 24 September 2026 15:05:00",NASA-MODIS,Medium,110.3797,-2.61785,False,False,False,False,True,True,Di Luar Area Pantauan (>1000m dari Desa)
Kendawangan,Pembedilan,"Kamis, 24 September 2026 15:05:00",NASA-MODIS,Medium,110.36745,-2.88556,False,False,False,False,True,True,Di Luar Area Pantauan (>1000m dari Desa)
Kendawangan,Selimantan Jaya,"Kamis, 24 September 2026 08:32:00",NASA-MODIS,Medium,110.53663,-2.21612,False,False,False,False,False,False,Di Luar Area Pantauan (>1000m dari Desa)
Kendawangan,Seriam,"Kamis, 24 September 2026 15:05:00",NASA-MODIS,Medium,110.39317,-2.66458,False,False,False,False,True,True,Di Luar Area Pantauan (>1000m dari Desa)
Kendawangan,Natai Kuini,"Kamis, 24 September 2026 15:05:00",NASA-MODIS,Medium,110.71103,-2.95991,False,False,False,False,False,False,Di Luar Area Pantauan (>1000m dari Desa)
Kendawangan,Pembedilan,"Kamis, 24 September 2026 08:32:00",NASA-MODIS,Medium,110.388,-2.85561,False,False,False,False,True,True,Di Luar Area Pantauan (>1000m dari Desa)
Manis Mata,Suka Ramai,"Kamis, 24 September 2026 15:05:00",NASA-MODIS,Medium,111.08685,-2.76063,False,False,False,False,False,False,Di Luar Area Pantauan (>1000m dari Desa)
Belitang Hulu,Sebetung,"Kamis, 24 September 2026 15:05:00",NASA-MODIS,Medium,111.10336,0.58303,False,False,False,False,False,False,Di Luar Area Pantauan (>1000m dari Desa)
Meliau,Kuala Rosan,"Kamis, 24 September 2026 15:05:00",NASA-MODIS,Medium,110.53421,-0.18657,False,False,False,False,False,False,Di Luar Area Pantauan (>1000m dari Desa)
Belitang Hulu,Seburuk Satu,"Kamis, 24 September 2026 15:05:00",NASA-MODIS,Medium,111.00792,0.54919,False,False,False,False,False,False,Di Luar Area Pantauan (>1000m dari Desa)
Hulu Sungai,Batu Lapis,"Kamis, 24 September 2026 15:05:00",NASA-MODIS,Medium,110.77014,-1.33103,False,False,False,False,False,False,Di Luar Area Pantauan (>1000m dari Desa)
Belitang Hulu,Seburuk Satu,"Kamis, 24 September 2026 15:05:00",NASA-MODIS,Medium,110.99834,0.53779,False,False,False,False,False,False,Di Luar Area Pantauan (>1000m dari Desa)
Mukok,Serambai Jaya,"Kamis, 24 September 2026 15:05:00",NASA-MODIS,Medium,110.87381,0.30446,False,False,False,False,False,False,Di Luar Area Pantauan (>1000m dari Desa)
Belitang Hulu,Sungaiantu Hulu,"Kamis, 24 September 2026 15:05:00",NASA-MODIS,Medium,111.16347,0.65504,False,False,False,False,False,False,Di Luar Area Pantauan (>1000m dari Desa)
Kendawangan,Sungai Jelayan,"Kamis, 24 September 2026 08:32:00",NASA-MODIS,Medium,110.43221,-2.26122,False,False,False,False,False,False,Di Luar Area Pantauan (>1000m dari Desa)
Pinoh Utara,Merpak,"Kamis, 24 September 2026 15:05:00",NASA-MODIS,Medium,111.99223,-0.22055,False,False,False,False,False,False,Di Luar Area Pantauan (>1000m dari Desa)
Matan Hilir Utara,Kuala Tolak,"Kamis, 24 September 2026 02:47:00",NASA-MODIS,Medium,110.16093,-1.46491,False,False,True,True,False,True,Di Luar Area Pantauan (>1000m dari Desa)
Belitang Hulu,Terduk Dampak,"Kamis, 24 September 2026 15:05:00",NASA-MODIS,Medium,111.1785,0.62768,False,False,False,False,False,False,Di Luar Area Pantauan (>1000m dari Desa)
Kendawangan,Seriam,"Kamis, 24 September 2026 15:05:00",NASA-MODIS,Medium,110.3828,-2.63939,False,False,False,False,True,True,Di Luar Area Pantauan (>1000m dari Desa)
Belitang Hulu,Seburuk Satu,"Kamis, 24 September 2026 15:05:00",NASA-MODIS,Medium,111.01221,0.51987,False,False,False,False,False,False,Di Luar Area Pantauan (>1000m dari Desa)
Nanga Pinoh,Semadin Lengkong,"Kamis, 24 September 2026 15:05:00",NASA-MODIS,Medium,111.79836,-0.39833,False,False,False,False,False,False,Di Luar Area Pantauan (>1000m dari Desa)
Kendawangan,Pembedilan,"Kamis, 24 September 2026 08:32:00",NASA-MODIS,Medium,110.39362,-2.8618,False,False,False,False,True,True,Di Luar Area Pantauan (>1000m dari Desa)
Matan Hilir Utara,Kuala Tolak,"Kamis, 24 September 2026 02:47:00",NASA-MODIS,Medium,110.13194,-1.46038,False,False,False,True,False,True,Di Luar Area Pantauan (>1000m dari Desa)
Kendawangan,Bangkal Serai,"Kamis, 24 September 2026 15:05:00",NASA-MODIS,Medium,110.54182,-2.60507,False,False,False,False,False,False,Di Luar Area Pantauan (>1000m dari Desa)
Tayan Hilir,Sejotang,"Kamis, 24 September 2026 15:05:00",NASA-MODIS,Medium,110.06436,0.00937,False,False,False,False,False,False,Di Luar Area Pantauan (>1000m dari Desa)
Kendawangan,Pembedilan,"Kamis, 24 September 2026 15:05:00",NASA-MODIS,Medium,110.39785,-2.7555,False,False,False,False,True,True,Di Luar Area Pantauan (>1000m dari Desa)
Pinoh Utara,Merpak,"Kamis, 24 September 2026 15:05:00",NASA-MODIS,Medium,111.98231,-0.22199,False,False,False,False,False,False,Di Luar Area Pantauan (>1000m dari Desa)
Simpang Hilir,Matan Jaya,"Kamis, 24 September 2026 15:05:00",NASA-MODIS,Medium,110.09993,-1.11415,False,False,True,True,True,True,Di Luar Area Pantauan (>1000m dari Desa)
Belitang Hulu,Sebetung,"Kamis, 24 September 2026 15:05:00",NASA-MODIS,Medium,111.10733,0.5873,False,False,False,False,False,False,Di Luar Area Pantauan (>1000m dari Desa)
Belimbing Hulu,Nanga Tikan,"Kamis, 24 September 2026 15:05:00",NASA-MODIS,Medium,111.59417,-0.46316,False,False,False,False,False,False,Di Luar Area Pantauan (>1000m dari Desa)
Simpang Hulu,Kenanga,"Kamis, 24 September 2026 12:33:00",NASA-SNPP,Medium,110.48977,-0.66275,False,False,False,False,False,False,Di Luar Area Pantauan (>1000m dari Desa)
Kendawangan,Sungai Jelayan,"Kamis, 24 September 2026 15:05:00",NASA-MODIS,Medium,110.46751,-2.11215,False,False,False,False,False,False,Di Luar Area Pantauan (>1000m dari Desa)
Matan Hilir Selatan,Sungai Pelang,"Kamis, 24 September 2026 12:33:00",NASA-SNPP,Medium,110.23051,-1.84838,False,False,False,True,False,True,Di Luar Area Pantauan (>1000m dari Desa)
Kendawangan,Sungai Jelayan,"Kamis, 24 September 2026 12:33:00",NASA-SNPP,Medium,110.47094,-2.1066,False,False,False,False,False,False,Di Luar Area Pantauan (>1000m dari Desa)
Kendawangan,Kendawangan Kanan,"Kamis, 24 September 2026 12:33:00",NASA-SNPP,Medium,110.24848,-2.67625,False,False,False,True,True,True,Di Luar Area Pantauan (>1000m dari Desa)
Kendawangan,Natai Kuini,"Kamis, 24 September 2026 12:33:00",NASA-SNPP,Medium,110.76393,-2.8188,False,False,False,False,False,False,Di Luar Area Pantauan (>1000m dari Desa)
Kendawangan,Air Hitam Besar,"Kamis, 24 September 2026 12:33:00",NASA-SNPP,Medium,110.75697,-2.80147,False,False,False,False,False,False,Di Luar Area Pantauan (>1000m dari Desa)
Kendawangan,Kendawangan Kanan,"Kamis, 24 September 2026 12:33:00",NASA-SNPP,Medium,110.27725,-2.82266,False,False,False,True,True,True,Di Luar Area Pantauan (>1000m dari Desa)
Matan Hilir Selatan,Sungai Nanjung,"Kamis, 24 September 2026 12:33:00",NASA-SNPP,Medium,110.21045,-2.14541,False,False,True,True,False,True,Di Luar Area Pantauan (>1000m dari Desa)
Nanga Tayap,Pangkalan Teluk,"Kamis, 24 September 2026 12:33:00",NASA-SNPP,Medium,110.36848,-1.29005,False,False,False,False,False,False,Di Luar Area Pantauan (>1000m dari Desa)
Ambalau,Buntut Pimpin,"Kamis, 24 September 2026 12:33:00",NASA-SNPP,Medium,112.81527,-0.00581,False,False,False,False,False,False,Di Luar Area Pantauan (>1000m dari Desa)
Menukung,Sampak,"Kamis, 24 September 2026 12:33:00",NASA-SNPP,Medium,112.24809,-0.48222,False,False,False,False,False,False,Di Luar Area Pantauan (>1000m dari Desa)
Simpang Hulu,Kenanga,"Kamis, 24 September 2026 12:33:00",NASA-SNPP,Medium,110.48555,-0.66342,False,False,False,False,False,False,Di Luar Area Pantauan (>1000m dari Desa)
Serawai,Nanga Jelundung,"Kamis, 24 September 2026 12:33:00",NASA-SNPP,Medium,112.55107,-0.47689,False,False,False,False,False,False,Di Luar Area Pantauan (>1000m dari Desa)
Kayan Hulu,Kerapuk Jaya,"Kamis, 24 September 2026 12:33:00",NASA-SNPP,Medium,112.21793,-0.01599,False,False,False,False,False,False,Di Luar Area Pantauan (>1000m dari Desa)
Boyan Tanjung,Landau Mentail,"Kamis, 24 September 2026 12:33:00",NASA-SNPP,Medium,112.59876,0.54777,False,False,False,False,False,False,Di Luar Area Pantauan (>1000m dari Desa)
Ketungau Tengah,Tanjung Sari,"Kamis, 24 September 2026 12:33:00",NASA-SNPP,Medium,111.6076,0.72903,False,False,False,False,False,False,Di Luar Area Pantauan (>1000m dari Desa)
Muara Pawan,Ulak Medang,"Kamis, 24 September 2026 12:33:00",NASA-SNPP,Medium,110.26392,-1.5249,False,False,True,True,False,True,Di Luar Area Pantauan (>1000m dari Desa)
Nanga Tayap,Lembah Hijau Satu,"Kamis, 24 September 2026 12:33:00",NASA-SNPP,Medium,110.50111,-1.58238,False,False,False,False,False,False,Di Luar Area Pantauan (>1000m dari Desa)
Nanga Tayap,Sebadak Raya,"Kamis, 24 September 2026 12:33:00",NASA-SNPP,Medium,110.85385,-1.47646,False,False,True,False,False,True,Di Luar Area Pantauan (>1000m dari Desa)
Nanga Tayap,Pangkalan Teluk,"Kamis, 24 September 2026 12:33:00",NASA-SNPP,Medium,110.36426,-1.2907,False,False,False,False,False,False,Di Luar Area Pantauan (>1000m dari Desa)
Hulu Sungai,Krio Hulu,"Kamis, 24 September 2026 12:33:00",NASA-SNPP,Medium,110.86253,-0.7643,False,True,False,False,False,False,Prioritas 3 (Rendah)
Muara Pawan,Ulak Medang,"Kamis, 24 September 2026 12:33:00",NASA-SNPP,Medium,110.26935,-1.53027,False,False,True,True,False,True,Di Luar Area Pantauan (>1000m dari Desa)
Nanga Tayap,Lembah Hijau Satu,"Kamis, 24 September 2026 12:33:00",NASA-SNPP,Medium,110.50459,-1.57574,False,False,False,False,False,False,Di Luar Area Pantauan (>1000m dari Desa)
Nanga Tayap,Lembah Hijau Satu,"Kamis, 24 September 2026 12:33:00",NASA-SNPP,Medium,110.48705,-1.57839,False,False,False,False,False,False,Di Luar Area Pantauan (>1000m dari Desa)
Nanga Tayap,Nanga Tayap,"Kamis, 24 September 2026 12:33:00",NASA-SNPP,Medium,110.50973,-1.58107,False,False,False,False,False,False,Di Luar Area Pantauan (>1000m dari Desa)
Nanga Tayap,Pangkalan Teluk,"Kamis, 24 September 2026 12:33:00",NASA-SNPP,Medium,110.41911,-1.27006,False,False,False,False,False,False,Di Luar Area Pantauan (>1000m dari Desa)
Nanga Tayap,Lembah Hijau Satu,"Kamis, 24 September 2026 12:33:00",NASA-SNPP,Medium,110.49673,-1.58304,False,False,False,False,False,False,Di Luar Area Pantauan (>1000m dari Desa)
Hulu Sungai,Krio Hulu,"Kamis, 24 September 2026 12:33:00",NASA-SNPP,Medium,110.84028,-0.80911,False,False,False,False,False,False,Di Luar Area Pantauan (>1000m dari Desa)
Tumbang Titi,Nanga Kelampai,"Kamis, 24 September 2026 12:33:00",NASA-SNPP,Medium,110.47966,-1.91738,False,False,False,False,False,False,Di Luar Area Pantauan (>1000m dari Desa)
Pinoh Utara,Nanga Man,"Kamis, 24 September 2026 12:33:00",NASA-SNPP,Medium,111.89269,-0.30188,False,False,False,False,False,False,Di Luar Area Pantauan (>1000m dari Desa)
Hulu Sungai,Krio Hulu,"Kamis, 24 September 2026 12:33:00",NASA-SNPP,Medium,110.8586,-0.7649,False,True,False,False,False,False,Prioritas 3 (Rendah)
Hulu Sungai,Benua Krio,"Kamis, 24 September 2026 12:33:00",NASA-SNPP,Medium,110.69802,-1.08464,False,False,False,False,False,False,Di Luar Area Pantauan (>1000m dari Desa)
Ambalau,Lunjan Tingang,"Kamis, 24 September 2026 12:33:00",NASA-SNPP,Medium,112.71141,-0.20064,False,False,False,False,False,False,Di Luar Area Pantauan (>1000m dari Desa)
Serawai,Nanga Segulang,"Kamis, 24 September 2026 12:33:00",NASA-SNPP,Medium,112.45816,-0.42302,False,False,False,False,False,False,Di Luar Area Pantauan (>1000m dari Desa)
Serawai,Mensulung Bio,"Kamis, 24 September 2026 12:33:00",NASA-SNPP,Medium,112.56065,-0.17209,False,False,False,False,True,True,Di Luar Area Pantauan (>1000m dari Desa)
Muara Pawan,Ulak Medang,"Kamis, 24 September 2026 12:33:00",NASA-SNPP,Medium,110.25482,-1.52629,False,False,True,True,False,True,Di Luar Area Pantauan (>1000m dari Desa)
Sungai Melayu Rayak,Makmur Abadi,"Kamis, 24 September 2026 12:33:00",NASA-SNPP,Medium,110.32398,-1.68499,False,False,False,False,False,False,Di Luar Area Pantauan (>1000m dari Desa)
Ketungau Tengah,Bakti Senabung,"Kamis, 24 September 2026 12:33:00",NASA-SNPP,Medium,111.29885,0.528,False,False,False,False,False,False,Di Luar Area Pantauan (>1000m dari Desa)
Serawai,Nanga Jelundung,"Kamis, 24 September 2026 12:33:00",NASA-SNPP,Medium,112.55326,-0.47907,False,False,False,False,False,False,Di Luar Area Pantauan (>1000m dari Desa)
Matan Hilir Selatan,Sungai Besar,"Kamis, 24 September 2026 12:33:00",NASA-SNPP,Medium,110.24688,-1.86462,False,False,False,True,False,True,Di Luar Area Pantauan (>1000m dari Desa)
Tumbang Titi,Nanga Kelampai,"Kamis, 24 September 2026 15:05:00",NASA-MODIS,Medium,110.5641,-1.94608,False,False,False,False,False,False,Di Luar Area Pantauan (>1000m dari Desa)
Kayan Hilir,Lengkong Bindu,"Kamis, 24 September 2026 01:51:00",NASA-NOAA20,Medium,111.97558,-0.06642,False,False,False,False,False,False,Di Luar Area Pantauan (>1000m dari Desa)
Matan Hilir Utara,Kuala Tolak,"Kamis, 24 September 2026 01:53:00",NASA-NOAA20,Medium,110.1439,-1.4663,False,False,True,True,False,True,Di Luar Area Pantauan (>1000m dari Desa)
Matan Hilir Utara,Kuala Tolak,"Kamis, 24 September 2026 01:53:00",NASA-NOAA20,Medium,110.13262,-1.46477,False,False,False,True,False,True,Di Luar Area Pantauan (>1000m dari Desa)
Muara Pawan,Ulak Medang,"Kamis, 24 September 2026 01:53:00",NASA-NOAA20,Medium,110.22945,-1.51713,False,False,True,True,False,True,Di Luar Area Pantauan (>1000m dari Desa)
Muara Pawan,Ulak Medang,"Kamis, 24 September 2026 01:53:00",NASA-NOAA20,Medium,110.28134,-1.52509,False,False,True,True,False,True,Di Luar Area Pantauan (>1000m dari Desa)
Muara Pawan,Ulak Medang,"Kamis, 24 September 2026 01:53:00",NASA-NOAA20,Medium,110.26141,-1.52834,False,False,True,True,False,True,Di Luar Area Pantauan (>1000m dari Desa)
Kendawangan,Danau Buntar,"Kamis, 24 September 2026 01:53:00",NASA-NOAA20,Medium,110.96017,-2.78519,False,False,False,False,False,False,Di Luar Area Pantauan (>1000m dari Desa)
Kendawangan,Air Hitam Besar,"Kamis, 24 September 2026 01:53:00",NASA-NOAA20,Medium,110.76054,-2.81448,False,False,False,True,False,True,Di Luar Area Pantauan (>1000m dari Desa)
Nanga Tayap,Lembah Hijau Satu,"Kamis, 24 September 2026 01:53:00",NASA-NOAA20,Medium,110.48464,-1.58826,False,False,True,False,False,True,Di Luar Area Pantauan (>1000m dari Desa)
Kendawangan,Pembedilan,"Kamis, 24 September 2026 01:53:00",NASA-NOAA20,Medium,110.43567,-2.88054,False,False,False,False,True,True,Di Luar Area Pantauan (>1000m dari Desa)
Matan Hilir Selatan,Sungai Besar,"Kamis, 24 September 2026 01:53:00",NASA-NOAA20,Medium,110.24435,-1.85835,False,False,True,True,False,True,Di Luar Area Pantauan (>1000m dari Desa)
Matan Hilir Selatan,Sungai Nanjung,"Kamis, 24 September 2026 01:53:00",NASA-NOAA20,Medium,110.17835,-2.13098,False,False,True,True,False,True,Di Luar Area Pantauan (>1000m dari Desa)
Hulu Sungai,Batu Lapis,"Kamis, 24 September 2026 01:53:00",NASA-NOAA20,Medium,110.76071,-1.34028,False,False,True,False,False,True,Di Luar Area Pantauan (>1000m dari Desa)
Matan Hilir Utara,Kuala Tolak,"Kamis, 24 September 2026 01:53:00",NASA-NOAA20,Medium,110.14761,-1.47315,False,False,True,True,False,True,Di Luar Area Pantauan (>1000m dari Desa)
Hulu Sungai,Batu Lapis,"Kamis, 24 September 2026 01:53:00",NASA-NOAA20,Medium,110.76175,-1.33396,False,False,False,False,False,False,Di Luar Area Pantauan (>1000m dari Desa)
Matan Hilir Utara,Kuala Tolak,"Kamis, 24 September 2026 01:53:00",NASA-NOAA20,Medium,110.14298,-1.47241,False,False,True,True,False,True,Di Luar Area Pantauan (>1000m dari Desa)
Kendawangan,Seriam,"Kamis, 24 September 2026 01:53:00",NASA-NOAA20,Medium,110.44363,-2.48892,False,False,False,False,False,False,Di Luar Area Pantauan (>1000m dari Desa)
Matan Hilir Utara,Kuala Tolak,"Kamis, 24 September 2026 01:53:00",NASA-NOAA20,Medium,110.14542,-1.47295,False,False,True,True,False,True,Di Luar Area Pantauan (>1000m dari Desa)
Muara Pawan,Ulak Medang,"Kamis, 24 September 2026 01:53:00",NASA-NOAA20,Medium,110.2804,-1.53126,False,False,True,True,False,True,Di Luar Area Pantauan (>1000m dari Desa)
Muara Pawan,Ulak Medang,"Kamis, 24 September 2026 01:53:00",NASA-NOAA20,Medium,110.26614,-1.52907,False,False,True,True,False,True,Di Luar Area Pantauan (>1000m dari Desa)
Muara Pawan,Ulak Medang,"Kamis, 24 September 2026 01:53:00",NASA-NOAA20,Medium,110.26994,-1.53596,False,False,True,True,False,True,Di Luar Area Pantauan (>1000m dari Desa)
Muara Pawan,Ulak Medang,"Kamis, 24 September 2026 01:53:00",NASA-NOAA20,Medium,110.26521,-1.53523,False,False,True,True,False,True,Di Luar Area Pantauan (>1000m dari Desa)
Nanga Tayap,Lembah Hijau Satu,"Kamis, 24 September 2026 01:53:00",NASA-NOAA20,Medium,110.4906,-1.58278,False,False,False,False,False,False,Di Luar Area Pantauan (>1000m dari Desa)
Kendawangan,Danau Buntar,"Kamis, 24 September 2026 01:53:00",NASA-NOAA20,Medium,110.96037,-2.78449,False,False,False,False,False,False,Di Luar Area Pantauan (>1000m dari Desa)
Nanga Tayap,Nanga Tayap,"Kamis, 24 September 2026 01:53:00",NASA-NOAA20,Medium,110.5054,-1.58507,False,False,False,False,False,False,Di Luar Area Pantauan (>1000m dari Desa)
Nanga Tayap,Lembah Hijau Satu,"Kamis, 24 September 2026 01:53:00",NASA-NOAA20,Medium,110.47976,-1.5875,False,False,True,False,False,True,Di Luar Area Pantauan (>1000m dari Desa)
Kendawangan,Air Hitam Besar,"Kamis, 24 September 2026 01:53:00",NASA-NOAA20,Medium,110.75614,-2.80719,False,False,False,True,False,True,Di Luar Area Pantauan (>1000m dari Desa)
Matan Hilir Utara,Tanjung Baik Budi,"Kamis, 24 September 2026 01:53:00",NASA-NOAA20,Medium,110.178,-1.5406,False,False,True,True,False,True,Di Luar Area Pantauan (>1000m dari Desa)
Kendawangan,Pembedilan,"Kamis, 24 September 2026 01:53:00",NASA-NOAA20,Medium,110.38088,-2.8825,False,False,False,False,True,True,Di Luar Area Pantauan (>1000m dari Desa)
Matan Hilir Utara,Tanjung Baik Budi,"Kamis, 24 September 2026 01:53:00",NASA-NOAA20,Medium,110.18263,-1.54132,False,False,True,True,False,True,Di Luar Area Pantauan (>1000m dari Desa)
Kendawangan,Pembedilan,"Kamis, 24 September 2026 01:53:00",NASA-NOAA20,Medium,110.43264,-2.88391,False,False,False,False,True,True,Di Luar Area Pantauan (>1000m dari Desa)
Nanga Tayap,Siantau Raya,"Kamis, 24 September 2026 01:53:00",NASA-NOAA20,Medium,110.47202,-1.60346,False,False,True,False,False,True,Di Luar Area Pantauan (>1000m dari Desa)
Matan Hilir Utara,Kuala Tolak,"Kamis, 24 September 2026 01:53:00",NASA-NOAA20,Medium,110.13713,-1.46545,False,False,False,True,False,True,Di Luar Area Pantauan (>1000m dari Desa)
Matan Hilir Utara,Kuala Tolak,"Kamis, 24 September 2026 01:53:00",NASA-NOAA20,Medium,110.17065,-1.49557,False,False,False,True,False,True,Di Luar Area Pantauan (>1000m dari Desa)
Nanga Tayap,Sungai Kelik,"Kamis, 24 September 2026 01:53:00",NASA-NOAA20,Medium,110.30717,-1.54803,False,False,True,True,False,True,Di Luar Area Pantauan (>1000m dari Desa)
Matan Hilir Utara,Kuala Tolak,"Kamis, 24 September 2026 01:53:00",NASA-NOAA20,Medium,110.13475,-1.46485,False,False,False,True,False,True,Di Luar Area Pantauan (>1000m dari Desa)
Hulu Sungai,Batu Lapis,"Kamis, 24 September 2026 01:53:00",NASA-NOAA20,Medium,110.75949,-1.33112,False,False,False,False,False,False,Di Luar Area Pantauan (>1000m dari Desa)
Matan Hilir Utara,Kuala Tolak,"Kamis, 24 September 2026 01:53:00",NASA-NOAA20,Medium,110.13834,-1.47168,False,False,False,True,False,True,Di Luar Area Pantauan (>1000m dari Desa)
Hulu Sungai,Batu Lapis,"Kamis, 24 September 2026 01:53:00",NASA-NOAA20,Medium,110.76355,-1.32774,False,False,False,False,False,False,Di Luar Area Pantauan (>1000m dari Desa)
Pulau Maya,Kemboja,"Kamis, 24 September 2026 01:53:00",NASA-NOAA20,Medium,109.7338,-1.14496,False,False,False,False,False,False,Di Luar Area Pantauan (>1000m dari Desa)
Nanga Tayap,Lembah Hijau Satu,"Kamis, 24 September 2026 01:53:00",NASA-NOAA20,Medium,110.50141,-1.57805,False,False,False,False,False,False,Di Luar Area Pantauan (>1000m dari Desa)
Matan Hilir Utara,Tanjung Baik Budi,"Kamis, 24 September 2026 01:53:00",NASA-NOAA20,Medium,110.18823,-1.53591,False,False,True,True,False,True,Di Luar Area Pantauan (>1000m dari Desa)
Nanga Tayap,Lembah Hijau Satu,"Kamis, 24 September 2026 01:53:00",NASA-NOAA20,Medium,110.49655,-1.5773,False,False,False,False,False,False,Di Luar Area Pantauan (>1000m dari Desa)
Nanga Tayap,Sungai Kelik,"Kamis, 24 September 2026 01:53:00",NASA-NOAA20,Medium,110.30624,-1.55421,False,False,True,True,False,True,Di Luar Area Pantauan (>1000m dari Desa)
Nanga Tayap,Nanga Tayap,"Kamis, 24 September 2026 01:53:00",NASA-NOAA20,Medium,110.50638,-1.57882,False,False,False,False,False,False,Di Luar Area Pantauan (>1000m dari Desa)
Nanga Tayap,Lembah Hijau Satu,"Kamis, 24 September 2026 01:53:00",NASA-NOAA20,Medium,110.48567,-1.58202,False,False,False,False,False,False,Di Luar Area Pantauan (>1000m dari Desa)
Nanga Tayap,Lembah Hijau Dua,"Kamis, 24 September 2026 01:53:00",NASA-NOAA20,Medium,110.46809,-1.59848,False,False,True,False,False,True,Di Luar Area Pantauan (>1000m dari Desa)
Kendawangan,Pembedilan,"Kamis, 24 September 2026 01:53:00",NASA-NOAA20,Medium,110.39292,-2.87138,False,False,False,False,True,True,Di Luar Area Pantauan (>1000m dari Desa)
Matan Hilir Utara,Tanjung Baik Budi,"Kamis, 24 September 2026 01:53:00",NASA-NOAA20,Medium,110.1771,-1.54673,False,False,True,True,False,True,Di Luar Area Pantauan (>1000m dari Desa)
Nanga Tayap,Lembah Hijau Satu,"Kamis, 24 September 2026 01:53:00",NASA-NOAA20,Medium,110.49947,-1.59056,False,False,False,False,False,False,Di Luar Area Pantauan (>1000m dari Desa)
Matan Hilir Selatan,Sungai Nanjung,"Kamis, 24 September 2026 01:53:00",NASA-NOAA20,Medium,110.18316,-2.13174,False,False,True,True,False,True,Di Luar Area Pantauan (>1000m dari Desa)
Matan Hilir Selatan,Sungai Nanjung,"Kamis, 24 September 2026 01:53:00",NASA-NOAA20,Medium,110.18408,-2.12556,False,False,True,True,False,True,Di Luar Area Pantauan (>1000m dari Desa)
Matan Hilir Selatan,Sungai Nanjung,"Kamis, 24 September 2026 01:53:00",NASA-NOAA20,Medium,110.2057,-2.14664,False,False,True,True,False,True,Di Luar Area Pantauan (>1000m dari Desa)
Matan Hilir Selatan,Pesaguan Kanan,"Kamis, 24 September 2026 01:53:00",NASA-NOAA20,Medium,110.20397,-2.02738,False,False,False,True,False,True,Di Luar Area Pantauan (>1000m dari Desa)
Hulu Sungai,Batu Lapis,"Kamis, 24 September 2026 01:53:00",NASA-NOAA20,Medium,110.75826,-1.33742,False,False,False,False,False,False,Di Luar Area Pantauan (>1000m dari Desa)
Kendawangan,Sungai Jelayan,"Kamis, 24 September 2026 01:53:00",NASA-NOAA20,Medium,110.43465,-2.25835,False,False,False,False,False,False,Di Luar Area Pantauan (>1000m dari Desa)
Matan Hilir Selatan,Sungai Nanjung,"Kamis, 24 September 2026 01:53:00",NASA-NOAA20,Medium,110.18842,-2.13137,False,False,True,True,False,True,Di Luar Area Pantauan (>1000m dari Desa)
Matan Hilir Selatan,Sungai Nanjung,"Kamis, 24 September 2026 01:53:00",NASA-NOAA20,Medium,110.17881,-2.12993,False,False,True,True,False,True,Di Luar Area Pantauan (>1000m dari Desa)
Kendawangan,Air Hitam Besar,"Kamis, 24 September 2026 01:53:00",NASA-NOAA20,Medium,110.76453,-2.81522,False,False,False,True,False,True,Di Luar Area Pantauan (>1000m dari Desa)
Nanga Tayap,Siantau Raya,"Kamis, 24 September 2026 01:53:00",NASA-NOAA20,Medium,110.46706,-1.60272,False,False,True,False,False,True,Di Luar Area Pantauan (>1000m dari Desa)
Nanga Tayap,Lembah Hijau Dua,"Kamis, 24 September 2026 01:53:00",NASA-NOAA20,Medium,110.49854,-1.59682,False,False,True,False,False,True,Di Luar Area Pantauan (>1000m dari Desa)
Nanga Tayap,Lembah Hijau Dua,"Kamis, 24 September 2026 01:53:00",NASA-NOAA20,Medium,110.49355,-1.59605,False,False,True,False,False,True,Di Luar Area Pantauan (>1000m dari Desa)
Nanga Tayap,Lembah Hijau Dua,"Kamis, 24 September 2026 01:53:00",NASA-NOAA20,Medium,110.47303,-1.59925,False,False,True,False,False,True,Di Luar Area Pantauan (>1000m dari Desa)
Nanga Tayap,Lembah Hijau Satu,"Kamis, 24 September 2026 01:53:00",NASA-NOAA20,Medium,110.48956,-1.58902,False,False,True,False,False,True,Di Luar Area Pantauan (>1000m dari Desa)
Kendawangan,Natai Kuini,"Kamis, 24 September 2026 01:53:00",NASA-NOAA20,Medium,110.75959,-2.82095,False,False,False,True,False,True,Di Luar Area Pantauan (>1000m dari Desa)
Nanga Tayap,Lembah Hijau Satu,"Kamis, 24 September 2026 01:53:00",NASA-NOAA20,Medium,110.49449,-1.58979,False,False,False,False,False,False,Di Luar Area Pantauan (>1000m dari Desa)
Kendawangan,Sungai Jelayan,"Kamis, 24 September 2026 01:53:00",NASA-NOAA20,Medium,110.43201,-2.25515,False,False,False,False,False,False,Di Luar Area Pantauan (>1000m dari Desa)
Muara Pawan,Ulak Medang,"Kamis, 24 September 2026 01:53:00",NASA-NOAA20,Medium,110.27563,-1.53053,False,False,True,True,False,True,Di Luar Area Pantauan (>1000m dari Desa)
Nanga Tayap,Siantau Raya,"Kamis, 24 September 2026 01:53:00",NASA-NOAA20,Medium,110.47214,-1.60551,False,False,False,False,False,False,Di Luar Area Pantauan (>1000m dari Desa)
Kendawangan,Pembedilan,"Kamis, 24 September 2026 01:53:00",NASA-NOAA20,Medium,110.39079,-2.86757,False,False,False,False,True,True,Di Luar Area Pantauan (>1000m dari Desa)
Matan Hilir Selatan,Sungai Besar,"Kamis, 24 September 2026 01:53:00",NASA-NOAA20,Medium,110.23849,-1.86378,False,False,True,True,False,True,Di Luar Area Pantauan (>1000m dari Desa)
Kendawangan,Sungai Jelayan,"Kamis, 24 September 2026 01:53:00",NASA-NOAA20,Medium,110.46127,-2.11107,False,False,False,False,False,False,Di Luar Area Pantauan (>1000m dari Desa)
Muara Pawan,Ulak Medang,"Kamis, 24 September 2026 01:53:00",NASA-NOAA20,Medium,110.24728,-1.52616,False,False,True,True,False,True,Di Luar Area Pantauan (>1000m dari Desa)
Muara Pawan,Ulak Medang,"Kamis, 24 September 2026 01:53:00",NASA-NOAA20,Medium,110.27087,-1.52979,False,False,True,True,False,True,Di Luar Area Pantauan (>1000m dari Desa)
Muara Pawan,Ulak Medang,"Kamis, 24 September 2026 01:53:00",NASA-NOAA20,Medium,110.23415,-1.51785,False,False,True,True,False,True,Di Luar Area Pantauan (>1000m dari Desa)
Matan Hilir Utara,Tanjung Baik Budi,"Kamis, 24 September 2026 01:53:00",NASA-NOAA20,Medium,110.16983,-1.55833,False,False,True,True,False,True,Di Luar Area Pantauan (>1000m dari Desa)
Kendawangan,Pembedilan,"Kamis, 24 September 2026 01:53:00",NASA-NOAA20,Medium,110.38599,-2.88328,False,False,False,False,True,True,Di Luar Area Pantauan (>1000m dari Desa)
Kendawangan,Pembedilan,"Kamis, 24 September 2026 01:53:00",NASA-NOAA20,Medium,110.38878,-2.86428,False,False,False,False,True,True,Di Luar Area Pantauan (>1000m dari Desa)
Kendawangan,Air Hitam Besar,"Kamis, 24 September 2026 01:53:00",NASA-NOAA20,Medium,110.75917,-2.81445,False,False,False,True,False,True,Di Luar Area Pantauan (>1000m dari Desa)
Matan Hilir Selatan,Sungai Nanjung,"Kamis, 24 September 2026 01:53:00",NASA-NOAA20,Medium,110.18887,-2.12631,False,False,False,True,False,True,Di Luar Area Pantauan (>1000m dari Desa)
Matan Hilir Selatan,Pesaguan Kanan,"Kamis, 24 September 2026 01:53:00",NASA-NOAA20,Medium,110.20697,-2.02862,False,False,False,True,False,True,Di Luar Area Pantauan (>1000m dari Desa)
Kendawangan,Sungai Jelayan,"Kamis, 24 September 2026 01:53:00",NASA-NOAA20,Medium,110.46716,-2.10553,False,False,False,False,False,False,Di Luar Area Pantauan (>1000m dari Desa)
Kendawangan,Pembedilan,"Kamis, 24 September 2026 01:53:00",NASA-NOAA20,Medium,110.38889,-2.88023,False,False,False,False,True,True,Di Luar Area Pantauan (>1000m dari Desa)
Sungai Melayu Rayak,Makmur Abadi,"Kamis, 24 September 2026 01:53:00",NASA-NOAA20,Medium,110.24057,-1.77625,False,False,False,True,False,True,Di Luar Area Pantauan (>1000m dari Desa)
Kendawangan,Pembedilan,"Kamis, 24 September 2026 01:53:00",NASA-NOAA20,Medium,110.38379,-2.87949,False,False,False,False,True,True,Di Luar Area Pantauan (>1000m dari Desa)
Sandai,Randau Jungkal,"Kamis, 24 September 2026 01:53:00",NASA-NOAA20,Medium,110.72,-1.17939,False,False,False,False,False,False,Di Luar Area Pantauan (>1000m dari Desa)
Sandai,Sandai,"Kamis, 24 September 2026 01:53:00",NASA-NOAA20,Medium,110.76112,-1.32489,False,False,False,False,False,False,Di Luar Area Pantauan (>1000m dari Desa)
Kendawangan,Sungai Jelayan,"Kamis, 24 September 2026 01:53:00",NASA-NOAA20,Medium,110.4622,-2.10477,False,False,False,False,False,False,Di Luar Area Pantauan (>1000m dari Desa)
Muara Pawan,Ulak Medang,"Kamis, 24 September 2026 01:53:00",NASA-NOAA20,Medium,110.27944,-1.53742,False,False,True,True,False,True,Di Luar Area Pantauan (>1000m dari Desa)
Kendawangan,Air Hitam Besar,"Kamis, 24 September 2026 01:53:00",NASA-NOAA20,Medium,110.68185,-2.65004,False,False,False,False,False,False,Di Luar Area Pantauan (>1000m dari Desa)
Matan Hilir Utara,Kuala Tolak,"Kamis, 24 September 2026 01:53:00",NASA-NOAA20,Medium,110.15278,-1.48658,False,False,False,True,False,True,Di Luar Area Pantauan (>1000m dari Desa)
Kendawangan,Airhitam Hulu,"Kamis, 24 September 2026 01:53:00",NASA-NOAA20,Medium,110.6349,-2.61548,False,False,True,False,False,True,Di Luar Area Pantauan (>1000m dari Desa)
Kendawangan,Sungai Jelayan,"Kamis, 24 September 2026 01:53:00",NASA-NOAA20,Medium,110.42468,-2.2568,False,False,False,False,False,False,Di Luar Area Pantauan (>1000m dari Desa)
Kendawangan,Mekar Utama,"Kamis, 24 September 2026 01:53:00",NASA-NOAA20,Medium,110.21989,-2.29357,False,False,False,False,False,False,Di Luar Area Pantauan (>1000m dari Desa)
Muara Pawan,Ulak Medang,"Kamis, 24 September 2026 01:53:00",NASA-NOAA20,Medium,110.25765,-1.52146,False,False,True,True,False,True,Di Luar Area Pantauan (>1000m dari Desa)
Muara Pawan,Ulak Medang,"Kamis, 24 September 2026 01:53:00",NASA-NOAA20,Medium,110.252,-1.52689,False,False,True,True,False,True,Di Luar Area Pantauan (>1000m dari Desa)
Matan Hilir Selatan,Sungai Nanjung,"Kamis, 24 September 2026 01:53:00",NASA-NOAA20,Medium,110.18362,-2.13065,False,False,True,True,False,True,Di Luar Area Pantauan (>1000m dari Desa)
Matan Hilir Utara,Tanjung Baik Budi,"Kamis, 24 September 2026 01:53:00",NASA-NOAA20,Medium,110.09996,-1.55344,False,False,True,True,False,True,Di Luar Area Pantauan (>1000m dari Desa)
Kendawangan,Air Hitam Besar,"Kamis, 24 September 2026 01:53:00",NASA-NOAA20,Medium,110.75381,-2.81367,False,False,False,True,False,True,Di Luar Area Pantauan (>1000m dari Desa)
Muara Pawan,Ulak Medang,"Kamis, 24 September 2026 01:53:00",NASA-NOAA20,Medium,110.22475,-1.51641,False,False,True,True,False,True,Di Luar Area Pantauan (>1000m dari Desa)
Kendawangan,Airhitam Hulu,"Kamis, 24 September 2026 01:53:00",NASA-NOAA20,Medium,110.60164,-2.62342,False,False,True,False,False,True,Di Luar Area Pantauan (>1000m dari Desa)
Muara Pawan,Ulak Medang,"Kamis, 24 September 2026 01:53:00",NASA-NOAA20,Medium,110.27469,-1.53669,False,False,True,True,False,True,Di Luar Area Pantauan (>1000m dari Desa)
Muara Pawan,Ulak Medang,"Kamis, 24 September 2026 01:53:00",NASA-NOAA20,Medium,110.25294,-1.52073,False,False,True,True,False,True,Di Luar Area Pantauan (>1000m dari Desa)
Muara Pawan,Ulak Medang,"Kamis, 24 September 2026 01:53:00",NASA-NOAA20,Medium,110.22102,-1.50955,False,False,True,True,False,True,Di Luar Area Pantauan (>1000m dari Desa)
Muara Pawan,Ulak Medang,"Kamis, 24 September 2026 01:53:00",NASA-NOAA20,Medium,110.26237,-1.52218,False,False,True,True,False,True,Di Luar Area Pantauan (>1000m dari Desa)
Kendawangan,Airhitam Hulu,"Kamis, 24 September 2026 01:53:00",NASA-NOAA20,Medium,110.59978,-2.62473,False,False,True,False,False,True,Di Luar Area Pantauan (>1000m dari Desa)
Kendawangan,Airhitam Hulu,"Kamis, 24 September 2026 01:53:00",NASA-NOAA20,Medium,110.63313,-2.61658,False,False,True,False,False,True,Di Luar Area Pantauan (>1000m dari Desa)
Muara Pawan,Ulak Medang,"Kamis, 24 September 2026 01:53:00",NASA-NOAA20,Medium,110.27659,-1.52436,False,False,True,True,False,True,Di Luar Area Pantauan (>1000m dari Desa)
Matan Hilir Utara,Kuala Tolak,"Kamis, 24 September 2026 01:53:00",NASA-NOAA20,Medium,110.14635,-1.46684,False,False,True,True,False,True,Di Luar Area Pantauan (>1000m dari Desa)
Matan Hilir Utara,Kuala Tolak,"Kamis, 24 September 2026 01:53:00",NASA-NOAA20,Medium,110.14077,-1.47225,False,False,False,True,False,True,Di Luar Area Pantauan (>1000m dari Desa)
Matan Hilir Utara,Kuala Tolak,"Kamis, 24 September 2026 01:53:00",NASA-NOAA20,Medium,110.14172,-1.46614,False,False,False,True,False,True,Di Luar Area Pantauan (>1000m dari Desa)
Muara Pawan,Ulak Medang,"Kamis, 24 September 2026 01:53:00",NASA-NOAA20,Medium,110.24258,-1.52544,False,False,True,True,False,True,Di Luar Area Pantauan (>1000m dari Desa)
Muara Pawan,Ulak Medang,"Kamis, 24 September 2026 01:53:00",NASA-NOAA20,Medium,110.2567,-1.52761,False,False,True,True,False,True,Di Luar Area Pantauan (>1000m dari Desa)
Nanga Tayap,Lembah Hijau Satu,"Kamis, 24 September 2026 01:53:00",NASA-NOAA20,Medium,110.48186,-1.57503,False,False,False,False,False,False,Di Luar Area Pantauan (>1000m dari Desa)
Nanga Tayap,Lembah Hijau Satu,"Kamis, 24 September 2026 01:53:00",NASA-NOAA20,Medium,110.49165,-1.57654,False,False,False,False,False,False,Di Luar Area Pantauan (>1000m dari Desa)
Pulau Maya,Kemboja,"Kamis, 24 September 2026 01:53:00",NASA-NOAA20,Medium,109.72949,-1.14429,False,False,False,False,False,False,Di Luar Area Pantauan (>1000m dari Desa)
Simpang Hilir,Matan Jaya,"Kamis, 24 September 2026 01:53:00",NASA-NOAA20,Medium,110.33998,-1.12025,False,False,True,False,True,True,Di Luar Area Pantauan (>1000m dari Desa)
Matan Hilir Utara,Kuala Tolak,"Kamis, 24 September 2026 01:53:00",NASA-NOAA20,Medium,110.13929,-1.46557,False,False,True,True,False,True,Di Luar Area Pantauan (>1000m dari Desa)
Kendawangan,Air Hitam Besar,"Kamis, 24 September 2026 01:53:00",NASA-NOAA20,Medium,110.7552,-2.81367,False,False,False,False,False,False,Di Luar Area Pantauan (>1000m dari Desa)
Nanga Tayap,Lembah Hijau Satu,"Kamis, 24 September 2026 01:53:00",NASA-NOAA20,Medium,110.48074,-1.58125,False,False,False,False,False,False,Di Luar Area Pantauan (>1000m dari Desa)
Nanga Tayap,Lembah Hijau Satu,"Kamis, 24 September 2026 01:53:00",NASA-NOAA20,Medium,110.50044,-1.58431,False,False,False,False,False,False,Di Luar Area Pantauan (>1000m dari Desa)
Nanga Tayap,Lembah Hijau Dua,"Kamis, 24 September 2026 01:53:00",NASA-NOAA20,Medium,110.47485,-1.58674,False,False,True,False,False,True,Di Luar Area Pantauan (>1000m dari Desa)
Simpang Dua,Kampar Sebomban,"Kamis, 24 September 2026 01:53:00",NASA-NOAA20,Medium,110.17404,-0.93184,False,False,False,False,False,False,Di Luar Area Pantauan (>1000m dari Desa)
Kendawangan,Sungai Jelayan,"Kamis, 24 September 2026 01:53:00",NASA-NOAA20,Medium,110.42703,-2.25441,False,False,False,False,False,False,Di Luar Area Pantauan (>1000m dari Desa)
Kendawangan,Sungai Jelayan,"Kamis, 24 September 2026 01:53:00",NASA-NOAA20,Medium,110.4306,-2.25128,False,False,False,False,False,False,Di Luar Area Pantauan (>1000m dari Desa)
Matan Hilir Selatan,Sungai Nanjung,"Kamis, 24 September 2026 01:53:00",NASA-NOAA20,Medium,110.18793,-2.13249,False,False,True,True,False,True,Di Luar Area Pantauan (>1000m dari Desa)
Nanga Tayap,Lembah Hijau Satu,"Kamis, 24 September 2026 01:53:00",NASA-NOAA20,Medium,110.48675,-1.57578,False,False,False,False,False,False,Di Luar Area Pantauan (>1000m dari Desa)
Matan Hilir Utara,Tanjung Baik Budi,"Kamis, 24 September 2026 01:53:00",NASA-NOAA20,Medium,110.17059,-1.55827,False,False,True,True,False,True,Di Luar Area Pantauan (>1000m dari Desa)
Nanga Tayap,Siantau Raya,"Kamis, 24 September 2026 01:53:00",NASA-NOAA20,Medium,110.46719,-1.60473,False,False,False,False,False,False,Di Luar Area Pantauan (>1000m dari Desa)
Kendawangan,Pembedilan,"Kamis, 24 September 2026 01:53:00",NASA-NOAA20,Medium,110.38464,-2.85718,False,False,False,False,True,True,Di Luar Area Pantauan (>1000m dari Desa)
Nanga Tayap,Lembah Hijau Satu,"Kamis, 24 September 2026 01:53:00",NASA-NOAA20,Medium,110.49553,-1.58354,False,False,False,False,False,False,Di Luar Area Pantauan (>1000m dari Desa)
Kendawangan,Air Hitam Besar,"Kamis, 24 September 2026 01:53:00",NASA-NOAA20,Medium,110.75079,-2.80639,False,False,False,True,False,True,Di Luar Area Pantauan (>1000m dari Desa)
Kendawangan,Pembedilan,"Kamis, 24 September 2026 12:53:00",NASA-NOAA20,Medium,110.39796,-2.86802,False,False,False,False,True,True,Di Luar Area Pantauan (>1000m dari Desa)
Kendawangan,Pembedilan,"Kamis, 24 September 2026 12:53:00",NASA-NOAA20,Medium,110.39947,-2.75539,False,False,False,False,True,True,Di Luar Area Pantauan (>1000m dari Desa)
Kendawangan,Natai Kuini,"Kamis, 24 September 2026 12:53:00",NASA-NOAA20,Medium,110.70341,-2.95358,False,False,False,False,False,False,Di Luar Area Pantauan (>1000m dari Desa)
Kendawangan,Pembedilan,"Kamis, 24 September 2026 12:53:00",NASA-NOAA20,Medium,110.3903,-2.88524,False,False,False,False,True,True,Di Luar Area Pantauan (>1000m dari Desa)
Kendawangan,Pembedilan,"Kamis, 24 September 2026 12:53:00",NASA-NOAA20,Medium,110.43066,-2.88309,False,False,False,False,True,True,Di Luar Area Pantauan (>1000m dari Desa)
Kendawangan,Pembedilan,"Kamis, 24 September 2026 12:53:00",NASA-NOAA20,Medium,110.39366,-2.88448,False,False,False,False,True,True,Di Luar Area Pantauan (>1000m dari Desa)
Kendawangan,Pembedilan,"Kamis, 24 September 2026 12:53:00",NASA-NOAA20,Medium,110.3692,-2.88042,False,False,False,False,True,True,Di Luar Area Pantauan (>1000m dari Desa)
Kendawangan,Pembedilan,"Kamis, 24 September 2026 12:53:00",NASA-NOAA20,Medium,110.38161,-2.82634,False,False,False,False,True,True,Di Luar Area Pantauan (>1000m dari Desa)
Kendawangan,Pembedilan,"Kamis, 24 September 2026 12:53:00",NASA-NOAA20,Medium,110.39008,-2.84915,False,False,False,False,True,True,Di Luar Area Pantauan (>1000m dari Desa)
Kendawangan,Pembedilan,"Kamis, 24 September 2026 12:53:00",NASA-NOAA20,Medium,110.39065,-2.85308,False,False,False,False,True,True,Di Luar Area Pantauan (>1000m dari Desa)
Kendawangan,Kendawangan Kanan,"Kamis, 24 September 2026 12:53:00",NASA-NOAA20,Medium,110.27886,-2.82545,False,False,False,True,True,True,Di Luar Area Pantauan (>1000m dari Desa)
Kendawangan,Pembedilan,"Kamis, 24 September 2026 12:53:00",NASA-NOAA20,Medium,110.3951,-2.76006,False,False,False,False,True,True,Di Luar Area Pantauan (>1000m dari Desa)
Kendawangan,Pembedilan,"Kamis, 24 September 2026 12:53:00",NASA-NOAA20,Medium,110.39239,-2.86485,False,False,False,False,True,True,Di Luar Area Pantauan (>1000m dari Desa)
Kendawangan,Pembedilan,"Kamis, 24 September 2026 12:53:00",NASA-NOAA20,Medium,110.43594,-2.85026,False,False,False,False,True,True,Di Luar Area Pantauan (>1000m dari Desa)
Kendawangan,Pembedilan,"Kamis, 24 September 2026 12:53:00",NASA-NOAA20,Medium,110.39182,-2.86093,False,False,False,False,True,True,Di Luar Area Pantauan (>1000m dari Desa)
Kendawangan,Kendawangan Kanan,"Kamis, 24 September 2026 12:53:00",NASA-NOAA20,Medium,110.28392,-2.8247,False,False,False,True,True,True,Di Luar Area Pantauan (>1000m dari Desa)
Kendawangan,Pembedilan,"Kamis, 24 September 2026 12:53:00",NASA-NOAA20,Medium,110.42949,-2.87526,False,False,False,False,True,True,Di Luar Area Pantauan (>1000m dari Desa)
Kendawangan,Pembedilan,"Kamis, 24 September 2026 12:53:00",NASA-NOAA20,Medium,110.43006,-2.87917,False,False,False,False,True,True,Di Luar Area Pantauan (>1000m dari Desa)
Kendawangan,Pembedilan,"Kamis, 24 September 2026 12:53:00",NASA-NOAA20,Medium,110.39088,-2.88917,False,False,False,False,True,True,Di Luar Area Pantauan (>1000m dari Desa)
Kendawangan,Kendawangan Kanan,"Kamis, 24 September 2026 12:53:00",NASA-NOAA20,Medium,110.29132,-2.78387,False,False,False,True,True,True,Di Luar Area Pantauan (>1000m dari Desa)
Kendawangan,Pembedilan,"Kamis, 24 September 2026 12:53:00",NASA-NOAA20,Medium,110.3244,-2.79897,False,False,False,False,True,True,Di Luar Area Pantauan (>1000m dari Desa)
Kendawangan,Pembedilan,"Kamis, 24 September 2026 12:53:00",NASA-NOAA20,Medium,110.43407,-2.8826,False,False,False,False,True,True,Di Luar Area Pantauan (>1000m dari Desa)
Kendawangan,Pembedilan,"Kamis, 24 September 2026 12:53:00",NASA-NOAA20,Medium,110.38924,-2.88913,False,False,False,False,True,True,Di Luar Area Pantauan (>1000m dari Desa)
Kendawangan,Pembedilan,"Kamis, 24 September 2026 12:53:00",NASA-NOAA20,Medium,110.43349,-2.87869,False,False,False,False,True,True,Di Luar Area Pantauan (>1000m dari Desa)
Kendawangan,Pembedilan,"Kamis, 24 September 2026 12:53:00",NASA-NOAA20,Medium,110.39567,-2.76398,False,False,False,False,True,True,Di Luar Area Pantauan (>1000m dari Desa)
Kendawangan,Pembedilan,"Kamis, 24 September 2026 12:53:00",NASA-NOAA20,Medium,110.31938,-2.79973,False,False,False,True,True,True,Di Luar Area Pantauan (>1000m dari Desa)
Kendawangan,Pembedilan,"Kamis, 24 September 2026 12:53:00",NASA-NOAA20,Medium,110.3851,-2.8499,False,False,False,False,True,True,Di Luar Area Pantauan (>1000m dari Desa)
Kendawangan,Seriam,"Kamis, 24 September 2026 12:53:00",NASA-NOAA20,Medium,110.39775,-2.74364,False,False,False,False,True,True,Di Luar Area Pantauan (>1000m dari Desa)
Kendawangan,Seriam,"Kamis, 24 September 2026 12:53:00",NASA-NOAA20,Medium,110.39889,-2.75147,False,False,False,False,True,True,Di Luar Area Pantauan (>1000m dari Desa)
Kendawangan,Kendawangan Kanan,"Kamis, 24 September 2026 12:53:00",NASA-NOAA20,Medium,110.2738,-2.82619,False,False,False,False,True,True,Di Luar Area Pantauan (>1000m dari Desa)
Kendawangan,Pembedilan,"Kamis, 24 September 2026 12:53:00",NASA-NOAA20,Medium,110.43098,-2.85101,False,False,False,False,True,True,Di Luar Area Pantauan (>1000m dari Desa)
Kendawangan,Kendawangan Kanan,"Kamis, 24 September 2026 12:53:00",NASA-NOAA20,Medium,110.29287,-2.81531,False,False,False,True,True,True,Di Luar Area Pantauan (>1000m dari Desa)
Kendawangan,Kendawangan Kanan,"Kamis, 24 September 2026 12:53:00",NASA-NOAA20,Medium,110.29346,-2.81926,False,False,False,True,True,True,Di Luar Area Pantauan (>1000m dari Desa)
Kendawangan,Kendawangan Kanan,"Kamis, 24 September 2026 12:53:00",NASA-NOAA20,Medium,110.28839,-2.82001,False,False,False,True,True,True,Di Luar Area Pantauan (>1000m dari Desa)
Kendawangan,Kendawangan Kanan,"Kamis, 24 September 2026 12:53:00",NASA-NOAA20,Medium,110.28899,-2.82396,False,False,False,True,True,True,Di Luar Area Pantauan (>1000m dari Desa)
Kendawangan,Pembedilan,"Kamis, 24 September 2026 12:53:00",NASA-NOAA20,Medium,110.4289,-2.87134,False,False,False,False,True,True,Di Luar Area Pantauan (>1000m dari Desa)
Kendawangan,Pembedilan,"Kamis, 24 September 2026 12:53:00",NASA-NOAA20,Medium,110.38425,-2.88986,False,False,False,False,True,True,Di Luar Area Pantauan (>1000m dari Desa)
Kendawangan,Pembedilan,"Kamis, 24 September 2026 12:53:00",NASA-NOAA20,Medium,110.38866,-2.8852,False,False,False,False,True,True,Di Luar Area Pantauan (>1000m dari Desa)
Kendawangan,Pembedilan,"Kamis, 24 September 2026 12:53:00",NASA-NOAA20,Medium,110.39738,-2.8641,False,False,False,False,True,True,Di Luar Area Pantauan (>1000m dari Desa)
Kendawangan,Pembedilan,"Kamis, 24 September 2026 12:53:00",NASA-NOAA20,Medium,110.39854,-2.87195,False,False,False,False,True,True,Di Luar Area Pantauan (>1000m dari Desa)
Kendawangan,Pembedilan,"Kamis, 24 September 2026 12:53:00",NASA-NOAA20,Medium,110.39124,-2.857,False,False,False,False,True,True,Di Luar Area Pantauan (>1000m dari Desa)
Kendawangan,Pembedilan,"Kamis, 24 September 2026 12:53:00",NASA-NOAA20,Medium,110.39528,-2.88448,False,False,False,False,True,True,Di Luar Area Pantauan (>1000m dari Desa)
Kendawangan,Pembedilan,"Kamis, 24 September 2026 12:53:00",NASA-NOAA20,Medium,110.42852,-2.87941,False,False,False,False,True,True,Di Luar Area Pantauan (>1000m dari Desa)
Kendawangan,Pembedilan,"Kamis, 24 September 2026 12:53:00",NASA-NOAA20,Medium,110.32137,-2.79904,False,False,False,True,True,True,Di Luar Area Pantauan (>1000m dari Desa)
Kendawangan,Pembedilan,"Kamis, 24 September 2026 12:53:00",NASA-NOAA20,Medium,110.38474,-2.88207,False,False,False,False,True,True,Di Luar Area Pantauan (>1000m dari Desa)
Kendawangan,Seriam,"Kamis, 24 September 2026 12:53:00",NASA-NOAA20,Medium,110.30717,-2.66523,False,False,False,False,True,True,Di Luar Area Pantauan (>1000m dari Desa)
Kendawangan,Seriam,"Kamis, 24 September 2026 12:53:00",NASA-NOAA20,Medium,110.40269,-2.74289,False,False,False,False,True,True,Di Luar Area Pantauan (>1000m dari Desa)
Kendawangan,Pembedilan,"Kamis, 24 September 2026 12:53:00",NASA-NOAA20,Medium,110.38589,-2.88993,False,False,False,False,True,True,Di Luar Area Pantauan (>1000m dari Desa)
Kendawangan,Pembedilan,"Kamis, 24 September 2026 12:53:00",NASA-NOAA20,Medium,110.43444,-2.8745,False,False,False,False,True,True,Di Luar Area Pantauan (>1000m dari Desa)
Kendawangan,Pembedilan,"Kamis, 24 September 2026 12:53:00",NASA-NOAA20,Medium,110.38567,-2.85382,False,False,False,False,True,True,Di Luar Area Pantauan (>1000m dari Desa)
Kendawangan,Pembedilan,"Kamis, 24 September 2026 12:53:00",NASA-NOAA20,Medium,110.36978,-2.88435,False,False,False,False,True,True,Di Luar Area Pantauan (>1000m dari Desa)
Kendawangan,Pembedilan,"Kamis, 24 September 2026 12:53:00",NASA-NOAA20,Medium,110.37478,-2.88359,False,False,False,False,True,True,Di Luar Area Pantauan (>1000m dari Desa)
Simpang Hilir,Matan Jaya,"Kamis, 24 September 2026 01:34:00",NASA-SNPP,Medium,110.34766,-1.24587,False,False,True,False,True,True,Di Luar Area Pantauan (>1000m dari Desa)
Simpang Hilir,Matan Jaya,"Kamis, 24 September 2026 01:34:00",NASA-SNPP,Medium,110.34254,-1.24505,False,False,True,False,True,True,Di Luar Area Pantauan (>1000m dari Desa)
Pulau Maya,Kemboja,"Kamis, 24 September 2026 01:34:00",NASA-SNPP,Medium,109.73396,-1.14884,False,False,False,False,False,False,Di Luar Area Pantauan (>1000m dari Desa)
Sukadana,Sedahan Jaya,"Kamis, 24 September 2026 01:34:00",NASA-SNPP,Medium,110.0458,-1.19684,False,False,True,False,True,True,Di Luar Area Pantauan (>1000m dari Desa)
Pulau Maya,Kemboja,"Kamis, 24 September 2026 01:34:00",NASA-SNPP,Medium,109.72926,-1.14811,False,False,False,False,False,False,Di Luar Area Pantauan (>1000m dari Desa)
Sandai,Sandai,"Kamis, 24 September 2026 01:34:00",NASA-SNPP,Medium,110.55912,-1.29635,False,False,False,False,False,False,Di Luar Area Pantauan (>1000m dari Desa)
Hulu Sungai,Batu Lapis,"Kamis, 24 September 2026 01:34:00",NASA-SNPP,Medium,110.76601,-1.32832,False,False,False,False,False,False,Di Luar Area Pantauan (>1000m dari Desa)
Nanga Tayap,Pangkalan Teluk,"Kamis, 24 September 2026 01:34:00",NASA-SNPP,Medium,110.37032,-1.29171,False,False,False,False,False,False,Di Luar Area Pantauan (>1000m dari Desa)
Nanga Tayap,Pangkalan Teluk,"Kamis, 24 September 2026 01:34:00",NASA-SNPP,Medium,110.36511,-1.29089,False,False,False,False,False,False,Di Luar Area Pantauan (>1000m dari Desa)
Pinoh Utara,Merah Arai,"Kamis, 24 September 2026 01:34:00",NASA-SNPP,Medium,111.90067,-0.28798,False,False,False,False,False,False,Di Luar Area Pantauan (>1000m dari Desa)
Sungai Laur,Kepari,"Kamis, 24 September 2026 01:34:00",NASA-SNPP,Medium,110.60757,-0.84362,False,False,False,False,False,False,Di Luar Area Pantauan (>1000m dari Desa)
Simpang Hilir,Lubuk Batu,"Kamis, 24 September 2026 01:34:00",NASA-SNPP,Medium,110.18333,-0.93891,False,False,False,False,False,False,Di Luar Area Pantauan (>1000m dari Desa)
Simpang Hilir,Lubuk Batu,"Kamis, 24 September 2026 01:34:00",NASA-SNPP,Medium,110.17344,-0.93736,False,False,True,False,False,True,Di Luar Area Pantauan (>1000m dari Desa)
Hulu Sungai,Benua Krio,"Kamis, 24 September 2026 01:34:00",NASA-SNPP,Medium,110.69669,-1.08531,False,False,False,False,False,False,Di Luar Area Pantauan (>1000m dari Desa)
Pulau Maya,Dusun Kecil,"Kamis, 24 September 2026 01:34:00",NASA-SNPP,Medium,109.57037,-1.02365,False,False,False,True,False,True,Di Luar Area Pantauan (>1000m dari Desa)
Simpang Hilir,Matan Jaya,"Kamis, 24 September 2026 01:34:00",NASA-SNPP,Medium,110.09177,-1.10832,False,False,True,True,True,True,Di Luar Area Pantauan (>1000m dari Desa)
Simpang Hilir,Matan Jaya,"Kamis, 24 September 2026 01:34:00",NASA-SNPP,Medium,110.09607,-1.113,False,False,True,True,True,True,Di Luar Area Pantauan (>1000m dari Desa)
Simpang Hilir,Matan Jaya,"Kamis, 24 September 2026 01:34:00",NASA-SNPP,Medium,110.14979,-1.12535,False,False,True,False,True,True,Di Luar Area Pantauan (>1000m dari Desa)
Simpang Hilir,Matan Jaya,"Kamis, 24 September 2026 01:34:00",NASA-SNPP,Medium,110.14483,-1.12458,False,False,True,False,True,True,Di Luar Area Pantauan (>1000m dari Desa)
Kendawangan,Bangkal Serai,"Kamis, 24 September 2026 01:34:00",NASA-SNPP,Medium,110.51347,-2.42146,False,False,False,False,False,False,Di Luar Area Pantauan (>1000m dari Desa)
Kendawangan,Seriam,"Kamis, 24 September 2026 01:34:00",NASA-SNPP,Medium,110.44765,-2.48578,False,False,False,False,False,False,Di Luar Area Pantauan (>1000m dari Desa)
Kendawangan,Seriam,"Kamis, 24 September 2026 01:34:00",NASA-SNPP,Medium,110.45126,-2.48634,False,False,False,False,False,False,Di Luar Area Pantauan (>1000m dari Desa)
Kendawangan,Air Hitam Besar,"Kamis, 24 September 2026 01:34:00",NASA-SNPP,Medium,110.6795,-2.72834,False,False,False,False,False,False,Di Luar Area Pantauan (>1000m dari Desa)
Kendawangan,Seriam,"Kamis, 24 September 2026 01:34:00",NASA-SNPP,Medium,110.3987,-2.73981,False,False,False,False,True,True,Di Luar Area Pantauan (>1000m dari Desa)
Kendawangan,Natai Kuini,"Kamis, 24 September 2026 01:34:00",NASA-SNPP,Medium,110.79768,-2.81957,False,False,False,True,True,True,Di Luar Area Pantauan (>1000m dari Desa)
Kendawangan,Pembedilan,"Kamis, 24 September 2026 01:34:00",NASA-SNPP,Medium,110.42197,-2.83411,False,False,False,False,True,True,Di Luar Area Pantauan (>1000m dari Desa)
Kendawangan,Kendawangan Kanan,"Kamis, 24 September 2026 01:34:00",NASA-SNPP,Medium,110.28476,-2.81693,False,False,False,True,True,True,Di Luar Area Pantauan (>1000m dari Desa)
Kendawangan,Pembedilan,"Kamis, 24 September 2026 01:34:00",NASA-SNPP,Medium,110.39101,-2.87024,False,False,False,False,True,True,Di Luar Area Pantauan (>1000m dari Desa)
Kendawangan,Pembedilan,"Kamis, 24 September 2026 01:34:00",NASA-SNPP,Medium,110.38487,-2.88608,False,False,False,False,True,True,Di Luar Area Pantauan (>1000m dari Desa)
Nanga Tayap,Pangkalan Teluk,"Kamis, 24 September 2026 01:34:00",NASA-SNPP,Medium,110.36845,-1.30369,False,False,False,False,False,False,Di Luar Area Pantauan (>1000m dari Desa)
Nanga Tayap,Betenung,"Kamis, 24 September 2026 01:34:00",NASA-SNPP,Medium,110.847,-1.56056,False,False,True,False,False,True,Di Luar Area Pantauan (>1000m dari Desa)
Nanga Tayap,Kayong Utara,"Kamis, 24 September 2026 01:34:00",NASA-SNPP,Medium,110.66558,-1.52419,False,False,False,False,False,False,Di Luar Area Pantauan (>1000m dari Desa)
Matan Hilir Utara,Kuala Tolak,"Kamis, 24 September 2026 01:34:00",NASA-SNPP,Medium,110.18159,-1.47393,False,False,False,True,False,True,Di Luar Area Pantauan (>1000m dari Desa)
Matan Hilir Utara,Kuala Tolak,"Kamis, 24 September 2026 01:34:00",NASA-SNPP,Medium,110.14639,-1.46845,False,False,True,True,False,True,Di Luar Area Pantauan (>1000m dari Desa)
Matan Hilir Utara,Kuala Tolak,"Kamis, 24 September 2026 01:34:00",NASA-SNPP,Medium,110.15456,-1.48187,False,False,True,True,False,True,Di Luar Area Pantauan (>1000m dari Desa)
Matan Hilir Utara,Kuala Tolak,"Kamis, 24 September 2026 01:34:00",NASA-SNPP,Medium,110.17289,-1.49691,False,False,False,True,False,True,Di Luar Area Pantauan (>1000m dari Desa)
Matan Hilir Utara,Kuala Tolak,"Kamis, 24 September 2026 01:34:00",NASA-SNPP,Medium,110.15334,-1.48978,False,False,False,True,False,True,Di Luar Area Pantauan (>1000m dari Desa)
Muara Pawan,Ulak Medang,"Kamis, 24 September 2026 01:34:00",NASA-SNPP,Medium,110.24051,-1.52793,False,False,True,True,False,True,Di Luar Area Pantauan (>1000m dari Desa)
Muara Pawan,Ulak Medang,"Kamis, 24 September 2026 01:34:00",NASA-SNPP,Medium,110.25067,-1.52954,False,False,True,True,False,True,Di Luar Area Pantauan (>1000m dari Desa)
Nanga Tayap,Lembah Hijau Satu,"Kamis, 24 September 2026 01:34:00",NASA-SNPP,Medium,110.48984,-1.57995,False,False,False,False,False,False,Di Luar Area Pantauan (>1000m dari Desa)
Nanga Tayap,Nanga Tayap,"Kamis, 24 September 2026 01:34:00",NASA-SNPP,Medium,110.511,-1.58333,False,False,False,False,False,False,Di Luar Area Pantauan (>1000m dari Desa)
Nanga Tayap,Lembah Hijau Satu,"Kamis, 24 September 2026 01:34:00",NASA-SNPP,Medium,110.49687,-1.58108,False,False,False,False,False,False,Di Luar Area Pantauan (>1000m dari Desa)
Nanga Tayap,Lembah Hijau Satu,"Kamis, 24 September 2026 01:34:00",NASA-SNPP,Medium,110.49293,-1.58496,False,False,False,False,False,False,Di Luar Area Pantauan (>1000m dari Desa)
Matan Hilir Utara,Tanjung Baik Budi,"Kamis, 24 September 2026 01:34:00",NASA-SNPP,Medium,110.1803,-1.53724,False,False,True,True,False,True,Di Luar Area Pantauan (>1000m dari Desa)
Nanga Tayap,Nanga Tayap,"Kamis, 24 September 2026 01:34:00",NASA-SNPP,Medium,110.50584,-1.59523,False,False,False,False,False,False,Di Luar Area Pantauan (>1000m dari Desa)
Nanga Tayap,Nanga Tayap,"Kamis, 24 September 2026 01:34:00",NASA-SNPP,Medium,110.50938,-1.59577,False,False,False,False,False,False,Di Luar Area Pantauan (>1000m dari Desa)
Matan Hilir Utara,Tanjung Baik Budi,"Kamis, 24 September 2026 01:34:00",NASA-SNPP,Medium,110.10066,-1.55333,False,False,True,True,False,True,Di Luar Area Pantauan (>1000m dari Desa)
Matan Hilir Utara,Tanjung Baik Budi,"Kamis, 24 September 2026 01:34:00",NASA-SNPP,Medium,110.10505,-1.55805,False,False,True,True,False,True,Di Luar Area Pantauan (>1000m dari Desa)
Nanga Tayap,Siantau Raya,"Kamis, 24 September 2026 01:34:00",NASA-SNPP,Medium,110.47981,-1.66997,False,False,False,False,False,False,Di Luar Area Pantauan (>1000m dari Desa)
Nanga Tayap,Siantau Raya,"Kamis, 24 September 2026 01:34:00",NASA-SNPP,Medium,110.4763,-1.66942,False,False,False,False,False,False,Di Luar Area Pantauan (>1000m dari Desa)
Nanga Tayap,Batu Mas,"Kamis, 24 September 2026 01:34:00",NASA-SNPP,Medium,110.54411,-1.67599,False,False,False,False,False,False,Di Luar Area Pantauan (>1000m dari Desa)
Pemahan,Muara Gerunggang,"Kamis, 24 September 2026 01:34:00",NASA-SNPP,Medium,110.54348,-1.68005,False,False,False,False,False,False,Di Luar Area Pantauan (>1000m dari Desa)
Pemahan,Muara Semayok,"Kamis, 24 September 2026 01:34:00",NASA-SNPP,Medium,110.54156,-1.69224,False,False,False,False,False,False,Di Luar Area Pantauan (>1000m dari Desa)
Jelai Hulu,Pasir Mayang,"Kamis, 24 September 2026 01:34:00",NASA-SNPP,Medium,110.82023,-1.81859,False,False,False,False,False,False,Di Luar Area Pantauan (>1000m dari Desa)
Matan Hilir Selatan,Pematang Gadung,"Kamis, 24 September 2026 01:34:00",NASA-SNPP,Medium,110.27692,-1.90374,False,False,True,True,False,True,Di Luar Area Pantauan (>1000m dari Desa)
Matan Hilir Selatan,Sungai Besar,"Kamis, 24 September 2026 01:34:00",NASA-SNPP,Medium,110.18729,-1.8981,False,False,True,True,False,True,Di Luar Area Pantauan (>1000m dari Desa)
Matan Hilir Selatan,Pematang Gadung,"Kamis, 24 September 2026 01:34:00",NASA-SNPP,Medium,110.27322,-1.97299,False,False,True,True,False,True,Di Luar Area Pantauan (>1000m dari Desa)
Kendawangan,Sungai Jelayan,"Kamis, 24 September 2026 01:34:00",NASA-SNPP,Medium,110.46412,-2.10725,False,False,False,False,False,False,Di Luar Area Pantauan (>1000m dari Desa)
Kendawangan,Sungai Jelayan,"Kamis, 24 September 2026 01:34:00",NASA-SNPP,Medium,110.47062,-2.11245,False,False,False,False,False,False,Di Luar Area Pantauan (>1000m dari Desa)
Kendawangan,Sungai Jelayan,"Kamis, 24 September 2026 01:34:00",NASA-SNPP,Medium,110.4635,-2.11132,False,False,False,False,False,False,Di Luar Area Pantauan (>1000m dari Desa)
Matan Hilir Selatan,Sungai Nanjung,"Kamis, 24 September 2026 01:34:00",NASA-SNPP,Medium,110.19485,-2.13128,False,False,True,True,False,True,Di Luar Area Pantauan (>1000m dari Desa)
Kendawangan,Sungai Jelayan,"Kamis, 24 September 2026 01:34:00",NASA-SNPP,Medium,110.43855,-2.25631,False,False,False,False,False,False,Di Luar Area Pantauan (>1000m dari Desa)
Kendawangan,Sungai Jelayan,"Kamis, 24 September 2026 01:34:00",NASA-SNPP,Medium,110.42365,-2.25819,False,False,False,False,False,False,Di Luar Area Pantauan (>1000m dari Desa)
Kendawangan,Mekar Utama,"Kamis, 24 September 2026 01:34:00",NASA-SNPP,Medium,110.2251,-2.28519,False,False,False,False,False,False,Di Luar Area Pantauan (>1000m dari Desa)
Hulu Sungai,Batu Lapis,"Kamis, 24 September 2026 01:34:00",NASA-SNPP,Medium,110.76419,-1.33645,False,False,True,False,False,True,Di Luar Area Pantauan (>1000m dari Desa)
Hulu Sungai,Batu Lapis,"Kamis, 24 September 2026 01:34:00",NASA-SNPP,Medium,110.76085,-1.33593,False,False,False,False,False,False,Di Luar Area Pantauan (>1000m dari Desa)
Hulu Sungai,Batu Lapis,"Kamis, 24 September 2026 01:34:00",NASA-SNPP,Medium,110.76026,-1.34004,False,False,True,False,False,True,Di Luar Area Pantauan (>1000m dari Desa)
Nanga Tayap,Sebadak Raya,"Kamis, 24 September 2026 01:34:00",NASA-SNPP,Medium,110.7598,-1.34417,False,False,True,False,False,True,Di Luar Area Pantauan (>1000m dari Desa)
Belimbing Hulu,Beloyang,"Kamis, 24 September 2026 01:34:00",NASA-SNPP,Medium,111.53735,-0.30689,False,False,False,False,False,False,Di Luar Area Pantauan (>1000m dari Desa)
Pinoh Utara,Merah Arai,"Kamis, 24 September 2026 01:34:00",NASA-SNPP,Medium,111.89999,-0.29234,False,False,False,False,False,False,Di Luar Area Pantauan (>1000m dari Desa)
Pinoh Utara,Merah Arai,"Kamis, 24 September 2026 01:34:00",NASA-SNPP,Medium,111.90482,-0.28865,False,False,False,False,False,False,Di Luar Area Pantauan (>1000m dari Desa)
Simpang Hilir,Rantau Panjang,"Kamis, 24 September 2026 01:34:00",NASA-SNPP,Medium,110.06721,-1.13658,False,False,True,True,True,True,Di Luar Area Pantauan (>1000m dari Desa)
Simpang Hilir,Matan Jaya,"Kamis, 24 September 2026 01:34:00",NASA-SNPP,Medium,110.33772,-1.11968,False,False,False,False,True,True,Di Luar Area Pantauan (>1000m dari Desa)
Nanga Tayap,Pangkalan Teluk,"Kamis, 24 September 2026 01:34:00",NASA-SNPP,Medium,110.34007,-1.31558,False,False,True,False,True,True,Di Luar Area Pantauan (>1000m dari Desa)
Pulau Maya,Dusun Kecil,"Kamis, 24 September 2026 01:34:00",NASA-SNPP,Medium,109.50455,-1.056,False,False,False,True,False,True,Di Luar Area Pantauan (>1000m dari Desa)
Batu Ampar,Tanjungharapan,"Kamis, 24 September 2026 01:34:00",NASA-SNPP,Medium,109.51938,-0.84612,True,False,True,True,True,True,Prioritas 1 (Tinggi)
Simpang Dua,Kampar Sebomban,"Kamis, 24 September 2026 01:34:00",NASA-SNPP,Medium,110.17406,-0.93343,False,False,False,False,False,False,Di Luar Area Pantauan (>1000m dari Desa)
Nanga Tayap,Mensubang,"Kamis, 24 September 2026 01:34:00",NASA-SNPP,Medium,110.44942,-1.35761,False,False,False,False,False,False,Di Luar Area Pantauan (>1000m dari Desa)
Nanga Tayap,Sepakat Jaya,"Kamis, 24 September 2026 01:34:00",NASA-SNPP,Medium,110.65607,-1.39851,False,False,True,False,False,True,Di Luar Area Pantauan (>1000m dari Desa)
Nanga Tayap,Sepakat Jaya,"Kamis, 24 September 2026 01:34:00",NASA-SNPP,Medium,110.65248,-1.39796,False,False,True,False,False,True,Di Luar Area Pantauan (>1000m dari Desa)
Sukadana,Sejahtera,"Kamis, 24 September 2026 01:34:00",NASA-SNPP,Medium,110.13294,-1.28278,False,False,True,False,True,True,Di Luar Area Pantauan (>1000m dari Desa)
Nanga Tayap,Pangkalan Teluk,"Kamis, 24 September 2026 01:34:00",NASA-SNPP,Medium,110.29425,-1.30833,False,False,True,False,True,True,Di Luar Area Pantauan (>1000m dari Desa)
Simpang Dua,Kamora,"Kamis, 24 September 2026 01:34:00",NASA-SNPP,Medium,110.26046,-0.93484,False,False,False,False,False,False,Di Luar Area Pantauan (>1000m dari Desa)
Simpang Hilir,Lubuk Batu,"Kamis, 24 September 2026 01:34:00",NASA-SNPP,Medium,110.13644,-0.9155,False,False,False,False,False,False,Di Luar Area Pantauan (>1000m dari Desa)
Simpang Dua,Kampar Sebomban,"Kamis, 24 September 2026 01:34:00",NASA-SNPP,Medium,110.16909,-0.93266,False,False,False,False,False,False,Di Luar Area Pantauan (>1000m dari Desa)
Matan Hilir Utara,Lamon Satong,"Kamis, 24 September 2026 01:34:00",NASA-SNPP,Medium,110.21108,-1.39931,False,False,False,True,False,True,Di Luar Area Pantauan (>1000m dari Desa)
Sandai,Sandai,"Kamis, 24 September 2026 01:34:00",NASA-SNPP,Medium,110.5634,-1.268,False,False,False,False,False,False,Di Luar Area Pantauan (>1000m dari Desa)
Hulu Sungai,Batu Lapis,"Kamis, 24 September 2026 01:34:00",NASA-SNPP,Medium,110.76335,-1.32371,False,False,False,False,False,False,Di Luar Area Pantauan (>1000m dari Desa)
Hulu Sungai,Batu Lapis,"Kamis, 24 September 2026 01:34:00",NASA-SNPP,Medium,110.76682,-1.32424,False,False,False,False,False,False,Di Luar Area Pantauan (>1000m dari Desa)
Pulau Maya,Kemboja,"Kamis, 24 September 2026 01:34:00",NASA-SNPP,Medium,109.73455,-1.145,False,False,False,False,False,False,Di Luar Area Pantauan (>1000m dari Desa)
Pulau Maya,Kemboja,"Kamis, 24 September 2026 01:34:00",NASA-SNPP,Medium,109.72865,-1.15194,False,False,False,False,False,False,Di Luar Area Pantauan (>1000m dari Desa)
Matan Hilir Utara,Kuala Tolak,"Kamis, 24 September 2026 01:34:00",NASA-SNPP,Medium,110.13701,-1.46294,False,False,False,True,False,True,Di Luar Area Pantauan (>1000m dari Desa)
Matan Hilir Utara,Kuala Tolak,"Kamis, 24 September 2026 01:34:00",NASA-SNPP,Medium,110.1364,-1.46689,False,False,False,True,False,True,Di Luar Area Pantauan (>1000m dari Desa)
Matan Hilir Utara,Kuala Tolak,"Kamis, 24 September 2026 01:34:00",NASA-SNPP,Medium,110.14579,-1.4724,False,False,True,True,False,True,Di Luar Area Pantauan (>1000m dari Desa)
Muara Pawan,Ulak Medang,"Kamis, 24 September 2026 01:34:00",NASA-SNPP,Medium,110.27678,-1.5296,False,False,True,True,False,True,Di Luar Area Pantauan (>1000m dari Desa)
Muara Pawan,Ulak Medang,"Kamis, 24 September 2026 01:34:00",NASA-SNPP,Medium,110.27165,-1.52879,False,False,True,True,False,True,Di Luar Area Pantauan (>1000m dari Desa)
Muara Pawan,Ulak Medang,"Kamis, 24 September 2026 01:34:00",NASA-SNPP,Medium,110.28189,-1.53041,False,False,True,True,False,True,Di Luar Area Pantauan (>1000m dari Desa)
Muara Pawan,Ulak Medang,"Kamis, 24 September 2026 01:34:00",NASA-SNPP,Medium,110.231,-1.52234,False,False,True,True,False,True,Di Luar Area Pantauan (>1000m dari Desa)
Muara Pawan,Ulak Medang,"Kamis, 24 September 2026 01:34:00",NASA-SNPP,Medium,110.23605,-1.52315,False,False,True,True,False,True,Di Luar Area Pantauan (>1000m dari Desa)
Muara Pawan,Ulak Medang,"Kamis, 24 September 2026 01:34:00",NASA-SNPP,Medium,110.24113,-1.52395,False,False,True,True,False,True,Di Luar Area Pantauan (>1000m dari Desa)
Muara Pawan,Ulak Medang,"Kamis, 24 September 2026 01:34:00",NASA-SNPP,Medium,110.24559,-1.52873,False,False,True,True,False,True,Di Luar Area Pantauan (>1000m dari Desa)
Muara Pawan,Ulak Medang,"Kamis, 24 September 2026 01:34:00",NASA-SNPP,Medium,110.27042,-1.53676,False,False,True,True,False,True,Di Luar Area Pantauan (>1000m dari Desa)
Muara Pawan,Ulak Medang,"Kamis, 24 September 2026 01:34:00",NASA-SNPP,Medium,110.27492,-1.54156,False,False,True,True,False,True,Di Luar Area Pantauan (>1000m dari Desa)
Muara Pawan,Ulak Medang,"Kamis, 24 September 2026 01:34:00",NASA-SNPP,Medium,110.27554,-1.53758,False,False,True,True,False,True,Di Luar Area Pantauan (>1000m dari Desa)
Muara Pawan,Ulak Medang,"Kamis, 24 September 2026 01:34:00",NASA-SNPP,Medium,110.28127,-1.5344,False,False,True,True,False,True,Di Luar Area Pantauan (>1000m dari Desa)
Muara Pawan,Ulak Medang,"Kamis, 24 September 2026 01:34:00",NASA-SNPP,Medium,110.25577,-1.53035,False,False,True,True,False,True,Di Luar Area Pantauan (>1000m dari Desa)
Nanga Tayap,Lembah Hijau Satu,"Kamis, 24 September 2026 01:34:00",NASA-SNPP,Medium,110.48762,-1.57131,False,False,False,False,False,False,Di Luar Area Pantauan (>1000m dari Desa)
Nanga Tayap,Lembah Hijau Satu,"Kamis, 24 September 2026 01:34:00",NASA-SNPP,Medium,110.4975,-1.57703,False,False,False,False,False,False,Di Luar Area Pantauan (>1000m dari Desa)
Muara Pawan,Ulak Medang,"Kamis, 24 September 2026 01:34:00",NASA-SNPP,Medium,110.28065,-1.53839,False,False,True,True,False,True,Di Luar Area Pantauan (>1000m dari Desa)
Muara Pawan,Ulak Medang,"Kamis, 24 September 2026 01:34:00",NASA-SNPP,Medium,110.27104,-1.53278,False,False,True,True,False,True,Di Luar Area Pantauan (>1000m dari Desa)
Muara Pawan,Ulak Medang,"Kamis, 24 September 2026 01:34:00",NASA-SNPP,Medium,110.26533,-1.53595,False,False,True,True,False,True,Di Luar Area Pantauan (>1000m dari Desa)
Nanga Tayap,Lembah Hijau Satu,"Kamis, 24 September 2026 01:34:00",NASA-SNPP,Medium,110.4927,-1.58456,False,False,False,False,False,False,Di Luar Area Pantauan (>1000m dari Desa)
Muara Pawan,Ulak Medang,"Kamis, 24 September 2026 01:34:00",NASA-SNPP,Medium,110.30446,-1.55446,False,False,True,True,False,True,Di Luar Area Pantauan (>1000m dari Desa)
Nanga Tayap,Lembah Hijau Satu,"Kamis, 24 September 2026 01:34:00",NASA-SNPP,Medium,110.49974,-1.58568,False,False,False,False,False,False,Di Luar Area Pantauan (>1000m dari Desa)
Nanga Tayap,Lembah Hijau Satu,"Kamis, 24 September 2026 01:34:00",NASA-SNPP,Medium,110.49334,-1.58051,False,False,False,False,False,False,Di Luar Area Pantauan (>1000m dari Desa)
Matan Hilir Utara,Tanjung Baik Budi,"Kamis, 24 September 2026 01:34:00",NASA-SNPP,Medium,110.19253,-1.53656,False,False,True,True,False,True,Di Luar Area Pantauan (>1000m dari Desa)
Nanga Tayap,Lembah Hijau Satu,"Kamis, 24 September 2026 01:34:00",NASA-SNPP,Medium,110.50326,-1.58624,False,False,False,False,False,False,Di Luar Area Pantauan (>1000m dari Desa)
Nanga Tayap,Lembah Hijau Satu,"Kamis, 24 September 2026 01:34:00",NASA-SNPP,Medium,110.4817,-1.58739,False,False,True,False,False,True,Di Luar Area Pantauan (>1000m dari Desa)
Nanga Tayap,Lembah Hijau Satu,"Kamis, 24 September 2026 01:34:00",NASA-SNPP,Medium,110.4782,-1.58686,False,False,True,False,False,True,Di Luar Area Pantauan (>1000m dari Desa)
Nanga Tayap,Lembah Hijau Dua,"Kamis, 24 September 2026 01:34:00",NASA-SNPP,Medium,110.46703,-1.58929,False,False,False,False,False,False,Di Luar Area Pantauan (>1000m dari Desa)
Nanga Tayap,Lembah Hijau Satu,"Kamis, 24 September 2026 01:34:00",NASA-SNPP,Medium,110.49934,-1.59009,False,False,False,False,False,False,Di Luar Area Pantauan (>1000m dari Desa)
Nanga Tayap,Lembah Hijau Satu,"Kamis, 24 September 2026 01:34:00",NASA-SNPP,Medium,110.48522,-1.58793,False,False,True,False,False,True,Di Luar Area Pantauan (>1000m dari Desa)
Nanga Tayap,Nanga Tayap,"Kamis, 24 September 2026 01:34:00",NASA-SNPP,Medium,110.51064,-1.58766,False,False,False,False,False,False,Di Luar Area Pantauan (>1000m dari Desa)
Nanga Tayap,Lembah Hijau Dua,"Kamis, 24 September 2026 01:34:00",NASA-SNPP,Medium,110.47468,-1.58632,False,False,True,False,False,True,Di Luar Area Pantauan (>1000m dari Desa)
Matan Hilir Utara,Tanjung Baik Budi,"Kamis, 24 September 2026 01:34:00",NASA-SNPP,Medium,110.17159,-1.56025,False,False,True,True,False,True,Di Luar Area Pantauan (>1000m dari Desa)
Matan Hilir Utara,Tanjung Baik Budi,"Kamis, 24 September 2026 01:34:00",NASA-SNPP,Medium,110.1722,-1.55629,False,False,True,True,False,True,Di Luar Area Pantauan (>1000m dari Desa)
Nanga Tayap,Lembah Hijau Dua,"Kamis, 24 September 2026 01:34:00",NASA-SNPP,Medium,110.46929,-1.59791,False,False,True,False,False,True,Di Luar Area Pantauan (>1000m dari Desa)
Nanga Tayap,Lembah Hijau Dua,"Kamis, 24 September 2026 01:34:00",NASA-SNPP,Medium,110.47634,-1.59899,False,False,False,False,False,False,Di Luar Area Pantauan (>1000m dari Desa)
Matan Hilir Utara,Tanjung Baik Budi,"Kamis, 24 September 2026 01:34:00",NASA-SNPP,Medium,110.17785,-1.5531,False,False,True,True,False,True,Di Luar Area Pantauan (>1000m dari Desa)
Matan Hilir Utara,Sungai Putri,"Kamis, 24 September 2026 01:34:00",NASA-SNPP,Medium,110.08447,-1.5589,False,False,True,True,False,True,Di Luar Area Pantauan (>1000m dari Desa)
Nanga Tayap,Siantau Raya,"Kamis, 24 September 2026 01:34:00",NASA-SNPP,Medium,110.47158,-1.60654,False,False,False,False,False,False,Di Luar Area Pantauan (>1000m dari Desa)
Nanga Tayap,Siantau Raya,"Kamis, 24 September 2026 01:34:00",NASA-SNPP,Medium,110.46516,-1.60141,False,False,True,False,False,True,Di Luar Area Pantauan (>1000m dari Desa)
Nanga Tayap,Siantau Raya,"Kamis, 24 September 2026 01:34:00",NASA-SNPP,Medium,110.47573,-1.60304,False,False,True,False,False,True,Di Luar Area Pantauan (>1000m dari Desa)
Tumbang Titi,Beringin Rayo,"Kamis, 24 September 2026 01:34:00",NASA-SNPP,Medium,110.79884,-1.70351,False,False,False,False,False,False,Di Luar Area Pantauan (>1000m dari Desa)
Tumbang Titi,Beringin Rayo,"Kamis, 24 September 2026 01:34:00",NASA-SNPP,Medium,110.80952,-1.73487,False,False,False,False,False,False,Di Luar Area Pantauan (>1000m dari Desa)
Jelai Hulu,Karang Dangin,"Kamis, 24 September 2026 01:34:00",NASA-SNPP,Medium,110.99146,-1.7724,False,False,True,False,False,True,Di Luar Area Pantauan (>1000m dari Desa)
Muara Pawan,Ulak Medang,"Kamis, 24 September 2026 01:34:00",NASA-SNPP,Medium,110.2933,-1.61587,False,False,True,True,False,True,Di Luar Area Pantauan (>1000m dari Desa)
Muara Pawan,Tanjung Pura,"Kamis, 24 September 2026 01:34:00",NASA-SNPP,Medium,110.15768,-1.67376,False,False,True,True,False,True,Di Luar Area Pantauan (>1000m dari Desa)
Muara Pawan,Tanjung Pura,"Kamis, 24 September 2026 01:34:00",NASA-SNPP,Medium,110.15261,-1.67297,False,False,True,True,False,True,Di Luar Area Pantauan (>1000m dari Desa)
Matan Hilir Utara,Kuala Tolak,"Kamis, 24 September 2026 01:34:00",NASA-SNPP,Medium,110.15079,-1.47318,False,False,True,True,False,True,Di Luar Area Pantauan (>1000m dari Desa)
Pinoh Utara,Nanga Man,"Kamis, 24 September 2026 01:34:00",NASA-SNPP,Medium,111.90045,-0.29313,False,False,False,False,False,False,Di Luar Area Pantauan (>1000m dari Desa)
Matan Hilir Utara,Kuala Tolak,"Kamis, 24 September 2026 01:34:00",NASA-SNPP,Medium,110.14956,-1.48108,False,False,True,True,False,True,Di Luar Area Pantauan (>1000m dari Desa)
Matan Hilir Selatan,Sungai Nanjung,"Kamis, 24 September 2026 01:34:00",NASA-SNPP,Medium,110.19034,-2.12649,False,False,False,True,False,True,Di Luar Area Pantauan (>1000m dari Desa)
Matan Hilir Selatan,Sungai Nanjung,"Kamis, 24 September 2026 01:34:00",NASA-SNPP,Medium,110.1955,-2.12729,False,False,False,True,False,True,Di Luar Area Pantauan (>1000m dari Desa)
Matan Hilir Selatan,Sungai Besar,"Kamis, 24 September 2026 01:34:00",NASA-SNPP,Medium,110.23449,-1.86447,False,False,True,True,False,True,Di Luar Area Pantauan (>1000m dari Desa)
Matan Hilir Selatan,Sungai Besar,"Kamis, 24 September 2026 01:34:00",NASA-SNPP,Medium,110.24548,-1.86204,False,False,True,True,False,True,Di Luar Area Pantauan (>1000m dari Desa)
Matan Hilir Selatan,Sungai Besar,"Kamis, 24 September 2026 01:34:00",NASA-SNPP,Medium,110.24482,-1.86604,False,False,True,True,False,True,Di Luar Area Pantauan (>1000m dari Desa)
Matan Hilir Selatan,Sungai Besar,"Kamis, 24 September 2026 01:34:00",NASA-SNPP,Medium,110.24648,-1.86515,False,False,False,True,False,True,Di Luar Area Pantauan (>1000m dari Desa)
Jelai Hulu,Semantun,"Kamis, 24 September 2026 01:34:00",NASA-SNPP,Medium,111.04463,-2.04333,False,False,False,False,False,False,Di Luar Area Pantauan (>1000m dari Desa)
Muara Pawan,Tanjung Pasar,"Kamis, 24 September 2026 01:34:00",NASA-SNPP,Medium,110.1329,-1.82268,False,False,False,False,False,False,Di Luar Area Pantauan (>1000m dari Desa)
Jelai Hulu,Pasir Mayang,"Kamis, 24 September 2026 01:34:00",NASA-SNPP,Medium,110.81718,-1.81386,False,False,False,False,False,False,Di Luar Area Pantauan (>1000m dari Desa)
Kendawangan,Sungai Jelayan,"Kamis, 24 September 2026 01:34:00",NASA-SNPP,Medium,110.43562,-2.25169,False,False,False,False,False,False,Di Luar Area Pantauan (>1000m dari Desa)
Kendawangan,Sungai Jelayan,"Kamis, 24 September 2026 01:34:00",NASA-SNPP,Medium,110.43498,-2.25576,False,False,False,False,False,False,Di Luar Area Pantauan (>1000m dari Desa)
Kendawangan,Seriam,"Kamis, 24 September 2026 01:34:00",NASA-SNPP,Medium,110.43785,-2.50101,False,False,False,False,False,False,Di Luar Area Pantauan (>1000m dari Desa)
Kendawangan,Seriam,"Kamis, 24 September 2026 01:34:00",NASA-SNPP,Medium,110.43427,-2.50045,False,False,False,False,False,False,Di Luar Area Pantauan (>1000m dari Desa)
Kendawangan,Seriam,"Kamis, 24 September 2026 01:34:00",NASA-SNPP,Medium,110.43361,-2.50453,False,False,False,False,False,False,Di Luar Area Pantauan (>1000m dari Desa)
Kendawangan,Bangkal Serai,"Kamis, 24 September 2026 01:34:00",NASA-SNPP,Medium,110.5577,-2.42417,False,False,False,False,False,False,Di Luar Area Pantauan (>1000m dari Desa)
Kendawangan,Seriam,"Kamis, 24 September 2026 01:34:00",NASA-SNPP,Medium,110.4372,-2.50509,False,False,False,False,False,False,Di Luar Area Pantauan (>1000m dari Desa)
Kendawangan,Airhitam Hulu,"Kamis, 24 September 2026 01:34:00",NASA-SNPP,Medium,110.63374,-2.62189,False,False,False,False,False,False,Di Luar Area Pantauan (>1000m dari Desa)
Kendawangan,Airhitam Hulu,"Kamis, 24 September 2026 01:34:00",NASA-SNPP,Medium,110.6027,-2.62559,False,False,True,False,False,True,Di Luar Area Pantauan (>1000m dari Desa)
Kendawangan,Airhitam Hulu,"Kamis, 24 September 2026 01:34:00",NASA-SNPP,Medium,110.63437,-2.61774,False,False,True,False,False,True,Di Luar Area Pantauan (>1000m dari Desa)
Kendawangan,Airhitam Hulu,"Kamis, 24 September 2026 01:34:00",NASA-SNPP,Medium,110.636,-2.68173,False,False,False,False,False,False,Di Luar Area Pantauan (>1000m dari Desa)
Kendawangan,Seriam,"Kamis, 24 September 2026 01:34:00",NASA-SNPP,Medium,110.38792,-2.6384,False,False,False,False,True,True,Di Luar Area Pantauan (>1000m dari Desa)
Kendawangan,Air Hitam Besar,"Kamis, 24 September 2026 01:34:00",NASA-SNPP,Medium,110.68157,-2.65907,False,False,False,False,False,False,Di Luar Area Pantauan (>1000m dari Desa)
Kendawangan,Air Hitam Besar,"Kamis, 24 September 2026 01:34:00",NASA-SNPP,Medium,110.65776,-2.68943,False,False,False,True,False,True,Di Luar Area Pantauan (>1000m dari Desa)
Kendawangan,Air Hitam Besar,"Kamis, 24 September 2026 01:34:00",NASA-SNPP,Medium,110.79446,-2.78892,False,False,True,True,True,True,Di Luar Area Pantauan (>1000m dari Desa)
Kendawangan,Air Hitam Besar,"Kamis, 24 September 2026 01:34:00",NASA-SNPP,Medium,110.74972,-2.80775,False,False,False,True,False,True,Di Luar Area Pantauan (>1000m dari Desa)
Kendawangan,Air Hitam Besar,"Kamis, 24 September 2026 01:34:00",NASA-SNPP,Medium,110.75417,-2.80412,False,False,False,True,False,True,Di Luar Area Pantauan (>1000m dari Desa)
Kendawangan,Kendawangan Kanan,"Kamis, 24 September 2026 01:34:00",NASA-SNPP,Medium,110.27508,-2.76137,False,False,False,True,True,True,Di Luar Area Pantauan (>1000m dari Desa)
Kendawangan,Kendawangan Kanan,"Kamis, 24 September 2026 01:34:00",NASA-SNPP,Medium,110.27863,-2.76191,False,False,False,True,True,True,Di Luar Area Pantauan (>1000m dari Desa)
Kendawangan,Pembedilan,"Kamis, 24 September 2026 01:34:00",NASA-SNPP,Medium,110.38565,-2.85686,False,False,False,False,True,True,Di Luar Area Pantauan (>1000m dari Desa)
Kendawangan,Pembedilan,"Kamis, 24 September 2026 01:34:00",NASA-SNPP,Medium,110.39227,-2.86204,False,False,False,False,True,True,Di Luar Area Pantauan (>1000m dari Desa)
Kendawangan,Air Hitam Besar,"Kamis, 24 September 2026 01:34:00",NASA-SNPP,Medium,110.69667,-2.63582,False,False,False,False,False,False,Di Luar Area Pantauan (>1000m dari Desa)
Kendawangan,Pembedilan,"Kamis, 24 September 2026 01:34:00",NASA-SNPP,Medium,110.39163,-2.86614,False,False,False,False,True,True,Di Luar Area Pantauan (>1000m dari Desa)
Kendawangan,Kendawangan Kanan,"Kamis, 24 September 2026 01:34:00",NASA-SNPP,Medium,110.28449,-2.77112,False,False,False,True,True,True,Di Luar Area Pantauan (>1000m dari Desa)
Kendawangan,Air Hitam Besar,"Kamis, 24 September 2026 01:34:00",NASA-SNPP,Medium,110.75354,-2.80832,False,False,False,True,False,True,Di Luar Area Pantauan (>1000m dari Desa)
Kendawangan,Air Hitam Besar,"Kamis, 24 September 2026 01:34:00",NASA-SNPP,Medium,110.76051,-2.81366,False,False,False,True,False,True,Di Luar Area Pantauan (>1000m dari Desa)
Kendawangan,Kendawangan Kanan,"Kamis, 24 September 2026 01:34:00",NASA-SNPP,Medium,110.28804,-2.77166,False,False,False,True,True,True,Di Luar Area Pantauan (>1000m dari Desa)
Kendawangan,Air Hitam Besar,"Kamis, 24 September 2026 01:34:00",NASA-SNPP,Medium,110.75735,-2.80889,False,False,False,False,False,False,Di Luar Area Pantauan (>1000m dari Desa)
Kendawangan,Pembedilan,"Kamis, 24 September 2026 01:34:00",NASA-SNPP,Medium,110.38799,-2.86237,False,False,False,False,True,True,Di Luar Area Pantauan (>1000m dari Desa)
Hulu Sungai,Beginci Darat,"Kamis, 24 September 2026 01:34:00",NASA-SNPP,Medium,111.04199,-1.04798,True,False,True,False,False,True,Prioritas 1 (Tinggi)
Batu Ampar,Batu Ampar,"Kamis, 24 September 2026 01:34:00",NASA-SNPP,Medium,109.5304,-0.80535,False,False,True,True,True,True,Di Luar Area Pantauan (>1000m dari Desa)
Batu Ampar,Medan Mas,"Kamis, 24 September 2026 01:34:00",NASA-SNPP,Medium,109.28667,-0.71621,False,False,False,True,False,True,Di Luar Area Pantauan (>1000m dari Desa)
Simpang Hilir,Lubuk Batu,"Kamis, 24 September 2026 01:34:00",NASA-SNPP,Medium,110.12109,-0.94919,False,False,False,False,False,False,Di Luar Area Pantauan (>1000m dari Desa)
Simpang Dua,Kampar Sebomban,"Kamis, 24 September 2026 01:34:00",NASA-SNPP,Medium,110.13437,-0.84304,False,False,True,True,False,True,Di Luar Area Pantauan (>1000m dari Desa)
Hulu Sungai,Benua Krio,"Kamis, 24 September 2026 01:34:00",NASA-SNPP,Medium,110.69376,-1.08069,False,False,False,False,False,False,Di Luar Area Pantauan (>1000m dari Desa)
Hulu Sungai,Cinta Manis,"Kamis, 24 September 2026 01:34:00",NASA-SNPP,Medium,110.83369,-1.10216,False,False,True,False,True,True,Di Luar Area Pantauan (>1000m dari Desa)
Simpang Hilir,Batu Barat,"Kamis, 24 September 2026 01:34:00",NASA-SNPP,Medium,110.12825,-0.85009,False,False,True,True,False,True,Di Luar Area Pantauan (>1000m dari Desa)
Simpang Hilir,Matan Jaya,"Kamis, 24 September 2026 01:34:00",NASA-SNPP,Medium,110.14048,-1.11988,False,False,True,True,True,True,Di Luar Area Pantauan (>1000m dari Desa)
Simpang Hilir,Rantau Panjang,"Kamis, 24 September 2026 01:34:00",NASA-SNPP,Medium,110.07521,-1.11778,False,False,True,False,True,True,Di Luar Area Pantauan (>1000m dari Desa)
Simpang Hilir,Matan Jaya,"Kamis, 24 September 2026 01:34:00",NASA-SNPP,Medium,110.34142,-1.11838,False,False,False,False,True,True,Di Luar Area Pantauan (>1000m dari Desa)
Simpang Hilir,Matan Jaya,"Kamis, 24 September 2026 01:34:00",NASA-SNPP,Medium,110.34081,-1.12236,False,False,False,False,True,True,Di Luar Area Pantauan (>1000m dari Desa)
Simpang Hilir,Penjalaan,"Kamis, 24 September 2026 01:34:00",NASA-SNPP,Medium,110.07031,-1.11702,False,False,True,False,False,True,Di Luar Area Pantauan (>1000m dari Desa)
Sandai,Randau Jungkal,"Kamis, 24 September 2026 01:34:00",NASA-SNPP,Medium,110.72207,-1.18116,False,False,False,False,False,False,Di Luar Area Pantauan (>1000m dari Desa)
Sungai Laur,Kepari,"Kamis, 24 September 2026 01:34:00",NASA-SNPP,Medium,110.64855,-0.87889,False,False,True,False,False,True,Di Luar Area Pantauan (>1000m dari Desa)
Pulau Maya,Dusun Kecil,"Kamis, 24 September 2026 01:34:00",NASA-SNPP,Medium,109.54795,-1.04732,False,False,True,True,False,True,Di Luar Area Pantauan (>1000m dari Desa)
Simpang Hilir,Matan Jaya,"Kamis, 24 September 2026 01:34:00",NASA-SNPP,Medium,110.13987,-1.12381,False,False,True,True,True,True,Di Luar Area Pantauan (>1000m dari Desa)
Pulau Maya,Dusun Kecil,"Kamis, 24 September 2026 01:34:00",NASA-SNPP,Medium,109.57437,-1.02815,False,False,False,True,False,True,Di Luar Area Pantauan (>1000m dari Desa)
Matan Hilir Utara,Lamon Satong,"Kamis, 24 September 2026 01:34:00",NASA-SNPP,Medium,110.20419,-1.4104,False,False,False,True,False,True,Di Luar Area Pantauan (>1000m dari Desa)
Nanga Tayap,Kayong Utara,"Kamis, 24 September 2026 01:34:00",NASA-SNPP,Medium,110.7096,-1.50319,False,False,True,False,False,True,Di Luar Area Pantauan (>1000m dari Desa)
Simpang Hilir,Matan Jaya,"Kamis, 24 September 2026 01:34:00",NASA-SNPP,Medium,110.1065,-1.1106,False,False,True,True,True,True,Di Luar Area Pantauan (>1000m dari Desa)
Simpang Hilir,Matan Jaya,"Kamis, 24 September 2026 01:34:00",NASA-SNPP,Medium,110.09667,-1.10908,False,False,True,True,True,True,Di Luar Area Pantauan (>1000m dari Desa)
Simpang Hilir,Matan Jaya,"Kamis, 24 September 2026 01:34:00",NASA-SNPP,Medium,110.14545,-1.12065,False,False,True,False,True,True,Di Luar Area Pantauan (>1000m dari Desa)
Simpang Hilir,Matan Jaya,"Kamis, 24 September 2026 01:34:00",NASA-SNPP,Medium,110.10159,-1.10984,False,False,True,True,True,True,Di Luar Area Pantauan (>1000m dari Desa)
Pulau Maya,Dusun Kecil,"Kamis, 24 September 2026 01:34:00",NASA-SNPP,Medium,109.57497,-1.02436,False,False,False,True,False,True,Di Luar Area Pantauan (>1000m dari Desa)
Simpang Hilir,Matan Jaya,"Kamis, 24 September 2026 01:34:00",NASA-SNPP,Medium,110.10712,-1.10668,False,False,True,True,True,True,Di Luar Area Pantauan (>1000m dari Desa)
Simpang Hilir,Matan Jaya,"Kamis, 24 September 2026 01:34:00",NASA-SNPP,Medium,110.14606,-1.11672,False,False,True,False,True,True,Di Luar Area Pantauan (>1000m dari Desa)
Simpang Hilir,Matan Jaya,"Kamis, 24 September 2026 01:34:00",NASA-SNPP,Medium,110.28388,-1.15427,False,False,True,False,True,True,Di Luar Area Pantauan (>1000m dari Desa)
Simpang Hilir,Rantau Panjang,"Kamis, 24 September 2026 01:34:00",NASA-SNPP,Medium,110.06844,-1.12875,False,False,True,True,True,True,Di Luar Area Pantauan (>1000m dari Desa)
Simpang Hilir,Rantau Panjang,"Kamis, 24 September 2026 01:34:00",NASA-SNPP,Medium,110.07461,-1.1217,False,False,True,False,True,True,Di Luar Area Pantauan (>1000m dari Desa)
Nanga Tayap,Pangkalan Teluk,"Kamis, 24 September 2026 01:34:00",NASA-SNPP,Medium,110.36321,-1.30287,False,False,True,False,False,True,Di Luar Area Pantauan (>1000m dari Desa)
Nanga Tayap,Lembah Hijau Satu,"Kamis, 24 September 2026 01:34:00",NASA-SNPP,Medium,110.50163,-1.57354,False,False,False,False,False,False,Di Luar Area Pantauan (>1000m dari Desa)
Muara Pawan,Ulak Medang,"Kamis, 24 September 2026 01:34:00",NASA-SNPP,Medium,110.26145,-1.52717,False,False,True,True,False,True,Di Luar Area Pantauan (>1000m dari Desa)
Nanga Tayap,Lembah Hijau Satu,"Kamis, 24 September 2026 01:34:00",NASA-SNPP,Medium,110.49111,-1.57187,False,False,False,False,False,False,Di Luar Area Pantauan (>1000m dari Desa)
Muara Pawan,Ulak Medang,"Kamis, 24 September 2026 01:34:00",NASA-SNPP,Medium,110.26717,-1.524,False,False,True,True,False,True,Di Luar Area Pantauan (>1000m dari Desa)
Muara Pawan,Ulak Medang,"Kamis, 24 September 2026 01:34:00",NASA-SNPP,Medium,110.25699,-1.52239,False,False,True,True,False,True,Di Luar Area Pantauan (>1000m dari Desa)
Muara Pawan,Ulak Medang,"Kamis, 24 September 2026 01:34:00",NASA-SNPP,Medium,110.25129,-1.52556,False,False,True,True,False,True,Di Luar Area Pantauan (>1000m dari Desa)
Muara Pawan,Ulak Medang,"Kamis, 24 September 2026 01:34:00",NASA-SNPP,Medium,110.26207,-1.52319,False,False,True,True,False,True,Di Luar Area Pantauan (>1000m dari Desa)
Muara Pawan,Ulak Medang,"Kamis, 24 September 2026 01:34:00",NASA-SNPP,Medium,110.22654,-1.51757,False,False,True,True,False,True,Di Luar Area Pantauan (>1000m dari Desa)
Muara Pawan,Ulak Medang,"Kamis, 24 September 2026 01:34:00",NASA-SNPP,Medium,110.26656,-1.52798,False,False,True,True,False,True,Di Luar Area Pantauan (>1000m dari Desa)
Muara Pawan,Ulak Medang,"Kamis, 24 September 2026 01:34:00",NASA-SNPP,Medium,110.2825,-1.52642,False,False,True,True,False,True,Di Luar Area Pantauan (>1000m dari Desa)
Muara Pawan,Ulak Medang,"Kamis, 24 September 2026 01:34:00",NASA-SNPP,Medium,110.23161,-1.51837,False,False,True,True,False,True,Di Luar Area Pantauan (>1000m dari Desa)
Muara Pawan,Ulak Medang,"Kamis, 24 September 2026 01:34:00",NASA-SNPP,Medium,110.28761,-1.52723,False,False,True,True,False,True,Di Luar Area Pantauan (>1000m dari Desa)
Nanga Tayap,Lembah Hijau Satu,"Kamis, 24 September 2026 01:34:00",NASA-SNPP,Medium,110.4828,-1.57883,False,False,False,False,False,False,Di Luar Area Pantauan (>1000m dari Desa)
Nanga Tayap,Lembah Hijau Satu,"Kamis, 24 September 2026 01:34:00",NASA-SNPP,Medium,110.50452,-1.57815,False,False,False,False,False,False,Di Luar Area Pantauan (>1000m dari Desa)
Nanga Tayap,Lembah Hijau Satu,"Kamis, 24 September 2026 01:34:00",NASA-SNPP,Medium,110.50101,-1.57759,False,False,False,False,False,False,Di Luar Area Pantauan (>1000m dari Desa)
Nanga Tayap,Nanga Tayap,"Kamis, 24 September 2026 01:34:00",NASA-SNPP,Medium,110.51164,-1.57928,False,False,False,False,False,False,Di Luar Area Pantauan (>1000m dari Desa)
Nanga Tayap,Nanga Tayap,"Kamis, 24 September 2026 01:34:00",NASA-SNPP,Medium,110.50807,-1.57871,False,False,False,False,False,False,Di Luar Area Pantauan (>1000m dari Desa)
Nanga Tayap,Lembah Hijau Satu,"Kamis, 24 September 2026 01:34:00",NASA-SNPP,Medium,110.48917,-1.58399,False,False,False,False,False,False,Di Luar Area Pantauan (>1000m dari Desa)
Nanga Tayap,Lembah Hijau Satu,"Kamis, 24 September 2026 01:34:00",NASA-SNPP,Medium,110.49358,-1.58092,False,False,False,False,False,False,Di Luar Area Pantauan (>1000m dari Desa)
Matan Hilir Utara,Tanjung Baik Budi,"Kamis, 24 September 2026 01:34:00",NASA-SNPP,Medium,110.18533,-1.53801,False,False,True,True,False,True,Di Luar Area Pantauan (>1000m dari Desa)
Muara Pawan,Ulak Medang,"Kamis, 24 September 2026 01:34:00",NASA-SNPP,Medium,110.30253,-1.55591,False,False,True,True,False,True,Di Luar Area Pantauan (>1000m dari Desa)
Nanga Tayap,Lembah Hijau Satu,"Kamis, 24 September 2026 01:34:00",NASA-SNPP,Medium,110.48939,-1.58442,False,False,False,False,False,False,Di Luar Area Pantauan (>1000m dari Desa)
Nanga Tayap,Lembah Hijau Satu,"Kamis, 24 September 2026 01:34:00",NASA-SNPP,Medium,110.49005,-1.58038,False,False,False,False,False,False,Di Luar Area Pantauan (>1000m dari Desa)
Nanga Tayap,Nanga Tayap,"Kamis, 24 September 2026 01:34:00",NASA-SNPP,Medium,110.50772,-1.58307,False,False,False,False,False,False,Di Luar Area Pantauan (>1000m dari Desa)
Matan Hilir Utara,Tanjung Baik Budi,"Kamis, 24 September 2026 01:34:00",NASA-SNPP,Medium,110.19162,-1.53085,False,False,True,True,False,True,Di Luar Area Pantauan (>1000m dari Desa)
Nanga Tayap,Lembah Hijau Satu,"Kamis, 24 September 2026 01:34:00",NASA-SNPP,Medium,110.48652,-1.57985,False,False,False,False,False,False,Di Luar Area Pantauan (>1000m dari Desa)
Matan Hilir Utara,Tanjung Baik Budi,"Kamis, 24 September 2026 01:34:00",NASA-SNPP,Medium,110.18626,-1.54368,False,False,True,True,False,True,Di Luar Area Pantauan (>1000m dari Desa)
Nanga Tayap,Lembah Hijau Satu,"Kamis, 24 September 2026 01:34:00",NASA-SNPP,Medium,110.48215,-1.58287,False,False,True,False,False,True,Di Luar Area Pantauan (>1000m dari Desa)
Nanga Tayap,Lembah Hijau Satu,"Kamis, 24 September 2026 01:34:00",NASA-SNPP,Medium,110.48567,-1.58343,False,False,True,False,False,True,Di Luar Area Pantauan (>1000m dari Desa)
Nanga Tayap,Nanga Tayap,"Kamis, 24 September 2026 01:34:00",NASA-SNPP,Medium,110.50645,-1.59117,False,False,False,False,False,False,Di Luar Area Pantauan (>1000m dari Desa)
Nanga Tayap,Lembah Hijau Satu,"Kamis, 24 September 2026 01:34:00",NASA-SNPP,Medium,110.48587,-1.58389,False,False,True,False,False,True,Di Luar Area Pantauan (>1000m dari Desa)
Nanga Tayap,Lembah Hijau Satu,"Kamis, 24 September 2026 01:34:00",NASA-SNPP,Medium,110.49517,-1.59359,False,False,False,False,False,False,Di Luar Area Pantauan (>1000m dari Desa)
Nanga Tayap,Lembah Hijau Dua,"Kamis, 24 September 2026 01:34:00",NASA-SNPP,Medium,110.48399,-1.59602,False,False,True,False,False,True,Di Luar Area Pantauan (>1000m dari Desa)
Nanga Tayap,Lembah Hijau Dua,"Kamis, 24 September 2026 01:34:00",NASA-SNPP,Medium,110.47695,-1.59495,False,False,False,False,False,False,Di Luar Area Pantauan (>1000m dari Desa)
Nanga Tayap,Lembah Hijau Dua,"Kamis, 24 September 2026 01:34:00",NASA-SNPP,Medium,110.4981,-1.59819,False,False,True,False,False,True,Di Luar Area Pantauan (>1000m dari Desa)
Nanga Tayap,Lembah Hijau Dua,"Kamis, 24 September 2026 01:34:00",NASA-SNPP,Medium,110.49042,-1.60115,False,False,True,False,False,True,Di Luar Area Pantauan (>1000m dari Desa)
Nanga Tayap,Lembah Hijau Dua,"Kamis, 24 September 2026 01:34:00",NASA-SNPP,Medium,110.4664,-1.59333,False,False,False,False,False,False,Di Luar Area Pantauan (>1000m dari Desa)
Nanga Tayap,Lembah Hijau Dua,"Kamis, 24 September 2026 01:34:00",NASA-SNPP,Medium,110.48047,-1.59548,False,False,True,False,False,True,Di Luar Area Pantauan (>1000m dari Desa)
Nanga Tayap,Lembah Hijau Dua,"Kamis, 24 September 2026 01:34:00",NASA-SNPP,Medium,110.49104,-1.5971,False,False,True,False,False,True,Di Luar Area Pantauan (>1000m dari Desa)
Nanga Tayap,Lembah Hijau Dua,"Kamis, 24 September 2026 01:34:00",NASA-SNPP,Medium,110.49456,-1.59764,False,False,True,False,False,True,Di Luar Area Pantauan (>1000m dari Desa)
Nanga Tayap,Lembah Hijau Dua,"Kamis, 24 September 2026 01:34:00",NASA-SNPP,Medium,110.4869,-1.60061,False,False,True,False,False,True,Di Luar Area Pantauan (>1000m dari Desa)
Nanga Tayap,Siantau Raya,"Kamis, 24 September 2026 01:34:00",NASA-SNPP,Medium,110.4722,-1.60249,False,False,True,False,False,True,Di Luar Area Pantauan (>1000m dari Desa)
Matan Hilir Utara,Sungai Putri,"Kamis, 24 September 2026 01:34:00",NASA-SNPP,Medium,110.10004,-1.55728,False,False,True,True,False,True,Di Luar Area Pantauan (>1000m dari Desa)
Nanga Tayap,Batu Mas,"Kamis, 24 September 2026 01:34:00",NASA-SNPP,Medium,110.64581,-1.63338,False,False,False,False,False,False,Di Luar Area Pantauan (>1000m dari Desa)
Matan Hilir Utara,Sungai Putri,"Kamis, 24 September 2026 01:34:00",NASA-SNPP,Medium,110.10322,-1.56989,False,False,True,True,False,True,Di Luar Area Pantauan (>1000m dari Desa)
Jelai Hulu,Pasir Mayang,"Kamis, 24 September 2026 01:34:00",NASA-SNPP,Medium,110.82384,-1.81915,False,False,True,False,False,True,Di Luar Area Pantauan (>1000m dari Desa)
Muara Pawan,Tanjung Pura,"Kamis, 24 September 2026 01:34:00",NASA-SNPP,Medium,110.16212,-1.67851,False,False,True,True,False,True,Di Luar Area Pantauan (>1000m dari Desa)
Nanga Tayap,Lembah Hijau Satu,"Kamis, 24 September 2026 01:34:00",NASA-SNPP,Medium,110.49873,-1.59414,False,False,False,False,False,False,Di Luar Area Pantauan (>1000m dari Desa)
Matan Hilir Selatan,Pesaguan Kanan,"Kamis, 24 September 2026 01:34:00",NASA-SNPP,Medium,110.2695,-2.03943,False,False,False,True,False,True,Di Luar Area Pantauan (>1000m dari Desa)
Sungai Melayu Rayak,Makmur Abadi,"Kamis, 24 September 2026 01:34:00",NASA-SNPP,Medium,110.24397,-1.77881,False,False,False,True,False,True,Di Luar Area Pantauan (>1000m dari Desa)
Matan Hilir Selatan,Sungai Pelang,"Kamis, 24 September 2026 01:34:00",NASA-SNPP,Medium,110.2666,-1.80276,False,False,False,True,False,True,Di Luar Area Pantauan (>1000m dari Desa)
Kendawangan,Sungai Jelayan,"Kamis, 24 September 2026 01:34:00",NASA-SNPP,Medium,110.46768,-2.10781,False,False,False,False,False,False,Di Luar Area Pantauan (>1000m dari Desa)
Matan Hilir Selatan,Sungai Besar,"Kamis, 24 September 2026 01:34:00",NASA-SNPP,Medium,110.24194,-1.86033,False,False,True,True,False,True,Di Luar Area Pantauan (>1000m dari Desa)
Kendawangan,Sungai Jelayan,"Kamis, 24 September 2026 01:34:00",NASA-SNPP,Medium,110.43436,-2.25984,False,False,False,False,False,False,Di Luar Area Pantauan (>1000m dari Desa)
Kendawangan,Sungai Jelayan,"Kamis, 24 September 2026 01:34:00",NASA-SNPP,Medium,110.42722,-2.25874,False,False,False,False,False,False,Di Luar Area Pantauan (>1000m dari Desa)
Kendawangan,Sungai Jelayan,"Kamis, 24 September 2026 01:34:00",NASA-SNPP,Medium,110.4314,-2.25521,False,False,False,False,False,False,Di Luar Area Pantauan (>1000m dari Desa)
Matan Hilir Selatan,Sungai Nanjung,"Kamis, 24 September 2026 01:34:00",NASA-SNPP,Medium,110.20332,-2.1449,False,False,True,True,False,True,Di Luar Area Pantauan (>1000m dari Desa)
Matan Hilir Selatan,Sungai Nanjung,"Kamis, 24 September 2026 01:34:00",NASA-SNPP,Medium,110.1982,-2.1441,False,False,True,True,False,True,Di Luar Area Pantauan (>1000m dari Desa)
Matan Hilir Selatan,Sungai Nanjung,"Kamis, 24 September 2026 01:34:00",NASA-SNPP,Medium,110.21301,-2.15052,False,False,True,True,False,True,Di Luar Area Pantauan (>1000m dari Desa)
Kendawangan,Sungai Jelayan,"Kamis, 24 September 2026 01:34:00",NASA-SNPP,Medium,110.43204,-2.25114,False,False,False,False,False,False,Di Luar Area Pantauan (>1000m dari Desa)
Matan Hilir Selatan,Pagar Mentimun,"Kamis, 24 September 2026 01:34:00",NASA-SNPP,Medium,110.17149,-2.20296,False,False,False,False,False,False,Di Luar Area Pantauan (>1000m dari Desa)
Kendawangan,Pangkalan Batu,"Kamis, 24 September 2026 01:34:00",NASA-SNPP,Medium,110.38705,-2.23593,False,False,False,False,False,False,Di Luar Area Pantauan (>1000m dari Desa)
Kendawangan,Sungai Jelayan,"Kamis, 24 September 2026 01:34:00",NASA-SNPP,Medium,110.43624,-2.24762,False,False,False,False,False,False,Di Luar Area Pantauan (>1000m dari Desa)
Kendawangan,Mekar Utama,"Kamis, 24 September 2026 01:34:00",NASA-SNPP,Medium,110.22425,-2.29384,False,False,False,False,False,False,Di Luar Area Pantauan (>1000m dari Desa)
Matan Hilir Selatan,Pagar Mentimun,"Kamis, 24 September 2026 01:34:00",NASA-SNPP,Medium,110.21125,-2.283,False,False,False,False,False,False,Di Luar Area Pantauan (>1000m dari Desa)
Matan Hilir Selatan,Pagar Mentimun,"Kamis, 24 September 2026 01:34:00",NASA-SNPP,Medium,110.2078,-2.28246,False,False,True,False,False,True,Di Luar Area Pantauan (>1000m dari Desa)
Kendawangan,Pembedilan,"Kamis, 24 September 2026 01:34:00",NASA-SNPP,Medium,110.39161,-2.86294,False,False,False,False,True,True,Di Luar Area Pantauan (>1000m dari Desa)
Kendawangan,Kendawangan Kanan,"Kamis, 24 September 2026 01:34:00",NASA-SNPP,Medium,110.27641,-2.82395,False,False,False,True,True,True,Di Luar Area Pantauan (>1000m dari Desa)
Kendawangan,Sungai Jelayan,"Kamis, 24 September 2026 01:34:00",NASA-SNPP,Medium,110.47124,-2.10838,False,False,False,False,False,False,Di Luar Area Pantauan (>1000m dari Desa)
Matan Hilir Selatan,Sungai Nanjung,"Kamis, 24 September 2026 01:34:00",NASA-SNPP,Medium,110.18395,-2.13368,False,False,True,True,False,True,Di Luar Area Pantauan (>1000m dari Desa)
Matan Hilir Selatan,Sungai Nanjung,"Kamis, 24 September 2026 01:34:00",NASA-SNPP,Medium,110.23394,-2.1579,False,False,True,True,False,True,Di Luar Area Pantauan (>1000m dari Desa)
Matan Hilir Selatan,Sungai Nanjung,"Kamis, 24 September 2026 01:34:00",NASA-SNPP,Medium,110.20786,-2.14971,False,False,True,True,False,True,Di Luar Area Pantauan (>1000m dari Desa)
Muara Pawan,Tanjung Pura,"Kamis, 24 September 2026 01:34:00",NASA-SNPP,Medium,110.14816,-1.66823,False,False,True,True,False,True,Di Luar Area Pantauan (>1000m dari Desa)
Tumbang Titi,Batu Beransak,"Kamis, 24 September 2026 01:34:00",NASA-SNPP,Medium,110.70882,-1.83061,False,False,False,False,False,False,Di Luar Area Pantauan (>1000m dari Desa)
Matan Hilir Selatan,Sungai Besar,"Kamis, 24 September 2026 01:34:00",NASA-SNPP,Medium,110.24131,-1.86433,False,False,True,True,False,True,Di Luar Area Pantauan (>1000m dari Desa)
Matan Hilir Selatan,Pematang Gadung,"Kamis, 24 September 2026 01:34:00",NASA-SNPP,Medium,110.32494,-1.96059,False,False,True,True,False,True,Di Luar Area Pantauan (>1000m dari Desa)
Kendawangan,Seriam,"Kamis, 24 September 2026 01:34:00",NASA-SNPP,Medium,110.44341,-2.48931,False,False,False,False,False,False,Di Luar Area Pantauan (>1000m dari Desa)
Matan Hilir Utara,Tanjung Baik Budi,"Kamis, 24 September 2026 01:34:00",NASA-SNPP,Medium,110.14884,-1.54053,False,False,True,True,False,True,Di Luar Area Pantauan (>1000m dari Desa)
Nanga Tayap,Lembah Hijau Satu,"Kamis, 24 September 2026 01:34:00",NASA-SNPP,Medium,110.50227,-1.59468,False,False,False,False,False,False,Di Luar Area Pantauan (>1000m dari Desa)
Matan Hilir Utara,Tanjung Baik Budi,"Kamis, 24 September 2026 01:34:00",NASA-SNPP,Medium,110.18749,-1.53575,False,False,True,True,False,True,Di Luar Area Pantauan (>1000m dari Desa)
Nanga Tayap,Lembah Hijau Satu,"Kamis, 24 September 2026 01:34:00",NASA-SNPP,Medium,110.49621,-1.58512,False,False,False,False,False,False,Di Luar Area Pantauan (>1000m dari Desa)
Matan Hilir Utara,Tanjung Baik Budi,"Kamis, 24 September 2026 01:34:00",NASA-SNPP,Medium,110.12876,-1.53745,False,False,True,True,False,True,Di Luar Area Pantauan (>1000m dari Desa)
Matan Hilir Utara,Tanjung Baik Budi,"Kamis, 24 September 2026 01:34:00",NASA-SNPP,Medium,110.12373,-1.53668,False,False,True,True,False,True,Di Luar Area Pantauan (>1000m dari Desa)
Nanga Tayap,Lembah Hijau Dua,"Kamis, 24 September 2026 01:34:00",NASA-SNPP,Medium,110.46351,-1.58875,False,False,False,False,False,False,Di Luar Area Pantauan (>1000m dari Desa)
Muara Pawan,Ulak Medang,"Kamis, 24 September 2026 01:34:00",NASA-SNPP,Medium,110.21703,-1.51199,False,False,True,True,False,True,Di Luar Area Pantauan (>1000m dari Desa)
Kendawangan,Air Hitam Besar,"Kamis, 24 September 2026 01:34:00",NASA-SNPP,Medium,110.75184,-2.81234,False,False,False,True,False,True,Di Luar Area Pantauan (>1000m dari Desa)
Kendawangan,Air Hitam Besar,"Kamis, 24 September 2026 01:34:00",NASA-SNPP,Medium,110.76327,-2.81414,False,False,False,True,False,True,Di Luar Area Pantauan (>1000m dari Desa)
Kendawangan,Kendawangan Kanan,"Kamis, 24 September 2026 01:34:00",NASA-SNPP,Medium,110.28831,-2.81748,False,False,False,True,True,True,Di Luar Area Pantauan (>1000m dari Desa)
Kendawangan,Kendawangan Kanan,"Kamis, 24 September 2026 01:34:00",NASA-SNPP,Medium,110.28769,-2.82155,False,False,False,True,True,True,Di Luar Area Pantauan (>1000m dari Desa)
Kendawangan,Kendawangan Kanan,"Kamis, 24 September 2026 01:34:00",NASA-SNPP,Medium,110.28413,-2.82099,False,False,False,True,True,True,Di Luar Area Pantauan (>1000m dari Desa)
Tumbang Titi,Beringin Rayo,"Kamis, 24 September 2026 01:34:00",NASA-SNPP,Medium,110.84447,-1.67245,False,False,True,False,False,True,Di Luar Area Pantauan (>1000m dari Desa)
Matan Hilir Utara,Tanjung Baik Budi,"Kamis, 24 September 2026 01:34:00",NASA-SNPP,Medium,110.13882,-1.539,False,False,True,True,False,True,Di Luar Area Pantauan (>1000m dari Desa)
Nanga Tayap,Sungai Kelik,"Kamis, 24 September 2026 01:34:00",NASA-SNPP,Medium,110.3096,-1.55528,False,False,False,True,False,True,Di Luar Area Pantauan (>1000m dari Desa)
Matan Hilir Utara,Sungai Putri,"Kamis, 24 September 2026 01:34:00",NASA-SNPP,Medium,110.10443,-1.562,False,False,True,True,False,True,Di Luar Area Pantauan (>1000m dari Desa)
Muara Pawan,Ulak Medang,"Kamis, 24 September 2026 01:34:00",NASA-SNPP,Medium,110.27869,-1.54002,False,False,True,True,False,True,Di Luar Area Pantauan (>1000m dari Desa)
Matan Hilir Utara,Tanjung Baik Budi,"Kamis, 24 September 2026 01:34:00",NASA-SNPP,Medium,110.19191,-1.54052,False,False,True,True,False,True,Di Luar Area Pantauan (>1000m dari Desa)
Muara Pawan,Ulak Medang,"Kamis, 24 September 2026 01:34:00",NASA-SNPP,Medium,110.26846,-1.53847,False,False,True,True,False,True,Di Luar Area Pantauan (>1000m dari Desa)
Matan Hilir Utara,Tanjung Baik Budi,"Kamis, 24 September 2026 01:34:00",NASA-SNPP,Medium,110.191,-1.53482,False,False,True,True,False,True,Di Luar Area Pantauan (>1000m dari Desa)
Muara Pawan,Ulak Medang,"Kamis, 24 September 2026 01:34:00",NASA-SNPP,Medium,110.27357,-1.53925,False,False,True,True,False,True,Di Luar Area Pantauan (>1000m dari Desa)
Matan Hilir Utara,Tanjung Baik Budi,"Kamis, 24 September 2026 01:34:00",NASA-SNPP,Medium,110.12601,-1.53401,False,False,True,True,False,True,Di Luar Area Pantauan (>1000m dari Desa)
Nanga Tayap,Nanga Tayap,"Kamis, 24 September 2026 01:34:00",NASA-SNPP,Medium,110.51036,-1.58738,False,False,False,False,False,False,Di Luar Area Pantauan (>1000m dari Desa)
Nanga Tayap,Lembah Hijau Dua,"Kamis, 24 September 2026 01:34:00",NASA-SNPP,Medium,110.48751,-1.59656,False,False,True,False,False,True,Di Luar Area Pantauan (>1000m dari Desa)
Matan Hilir Utara,Tanjung Baik Budi,"Kamis, 24 September 2026 01:34:00",NASA-SNPP,Medium,110.17846,-1.54913,False,False,True,True,False,True,Di Luar Area Pantauan (>1000m dari Desa)
Matan Hilir Utara,Tanjung Baik Budi,"Kamis, 24 September 2026 01:34:00",NASA-SNPP,Medium,110.1835,-1.54991,False,False,True,True,False,True,Di Luar Area Pantauan (>1000m dari Desa)
Matan Hilir Utara,Sungai Putri,"Kamis, 24 September 2026 01:34:00",NASA-SNPP,Medium,110.10382,-1.56594,False,False,True,True,False,True,Di Luar Area Pantauan (>1000m dari Desa)
Nanga Tayap,Lembah Hijau Satu,"Kamis, 24 September 2026 01:34:00",NASA-SNPP,Medium,110.48812,-1.59252,False,False,True,False,False,True,Di Luar Area Pantauan (>1000m dari Desa)
Nanga Tayap,Lembah Hijau Satu,"Kamis, 24 September 2026 01:34:00",NASA-SNPP,Medium,110.49165,-1.59305,False,False,True,False,False,True,Di Luar Area Pantauan (>1000m dari Desa)
Matan Hilir Utara,Sungai Putri,"Kamis, 24 September 2026 01:34:00",NASA-SNPP,Medium,110.09821,-1.56911,False,False,True,True,False,True,Di Luar Area Pantauan (>1000m dari Desa)
Muara Pawan,Ulak Medang,"Kamis, 24 September 2026 01:34:00",NASA-SNPP,Medium,110.28312,-1.52244,False,False,True,True,False,True,Di Luar Area Pantauan (>1000m dari Desa)
Muara Pawan,Ulak Medang,"Kamis, 24 September 2026 01:34:00",NASA-SNPP,Medium,110.23222,-1.51439,False,False,True,True,False,True,Di Luar Area Pantauan (>1000m dari Desa)
Muara Pawan,Ulak Medang,"Kamis, 24 September 2026 01:34:00",NASA-SNPP,Medium,110.22209,-1.51279,False,False,True,True,False,True,Di Luar Area Pantauan (>1000m dari Desa)
Matan Hilir Selatan,Kemuning Biutak,"Kamis, 24 September 2026 01:34:00",NASA-SNPP,Medium,110.41575,-1.87966,False,False,False,False,False,False,Di Luar Area Pantauan (>1000m dari Desa)
Nanga Tayap,Lembah Hijau Satu,"Kamis, 24 September 2026 01:34:00",NASA-SNPP,Medium,110.47757,-1.5909,False,False,True,False,False,True,Di Luar Area Pantauan (>1000m dari Desa)
Matan Hilir Utara,Tanjung Baik Budi,"Kamis, 24 September 2026 01:34:00",NASA-SNPP,Medium,110.18185,-1.53891,False,False,True,True,False,True,Di Luar Area Pantauan (>1000m dari Desa)
Matan Hilir Utara,Kuala Tolak,"Kamis, 24 September 2026 01:34:00",NASA-SNPP,Medium,110.18602,-1.47868,False,False,False,True,False,True,Di Luar Area Pantauan (>1000m dari Desa)
Nanga Tayap,Lembah Hijau Dua,"Kamis, 24 September 2026 01:34:00",NASA-SNPP,Medium,110.47405,-1.59036,False,False,True,False,False,True,Di Luar Area Pantauan (>1000m dari Desa)
Kendawangan,Air Hitam Besar,"Kamis, 24 September 2026 01:34:00",NASA-SNPP,Medium,110.68221,-2.65491,False,False,False,False,False,False,Di Luar Area Pantauan (>1000m dari Desa)
Matan Hilir Utara,Kuala Tolak,"Kamis, 24 September 2026 01:34:00",NASA-SNPP,Medium,110.13577,-1.47083,False,False,False,True,False,True,Di Luar Area Pantauan (>1000m dari Desa)
Nanga Tayap,Lembah Hijau Satu,"Kamis, 24 September 2026 01:34:00",NASA-SNPP,Medium,110.50515,-1.5741,False,False,False,False,False,False,Di Luar Area Pantauan (>1000m dari Desa)
Simpang Hilir,Matan Jaya,"Kamis, 24 September 2026 01:34:00",NASA-SNPP,Medium,110.11204,-1.10744,False,False,True,True,True,True,Di Luar Area Pantauan (>1000m dari Desa)
Muara Pawan,Ulak Medang,"Kamis, 24 September 2026 01:34:00",NASA-SNPP,Medium,110.22271,-1.50882,False,False,True,True,False,True,Di Luar Area Pantauan (>1000m dari Desa)
Pulau Maya,Dusun Kecil,"Kamis, 24 September 2026 01:34:00",NASA-SNPP,Medium,109.58017,-1.02128,False,False,True,False,False,True,Di Luar Area Pantauan (>1000m dari Desa)
Simpang Hilir,Matan Jaya,"Kamis, 24 September 2026 01:34:00",NASA-SNPP,Medium,110.34651,-1.11916,False,False,True,False,True,True,Di Luar Area Pantauan (>1000m dari Desa)
Kendawangan,Seriam,"Kamis, 24 September 2026 01:34:00",NASA-SNPP,Medium,110.44405,-2.48523,False,False,False,False,False,False,Di Luar Area Pantauan (>1000m dari Desa)
Kendawangan,Seriam,"Kamis, 24 September 2026 01:34:00",NASA-SNPP,Medium,110.44701,-2.48987,False,False,False,False,False,False,Di Luar Area Pantauan (>1000m dari Desa)
Kendawangan,Seriam,"Kamis, 24 September 2026 01:34:00",NASA-SNPP,Medium,110.43298,-2.50862,False,False,False,False,False,False,Di Luar Area Pantauan (>1000m dari Desa)
Kendawangan,Seriam,"Kamis, 24 September 2026 01:34:00",NASA-SNPP,Medium,110.43659,-2.50918,False,False,False,False,False,False,Di Luar Area Pantauan (>1000m dari Desa)
Matan Hilir Selatan,Sungai Besar,"Kamis, 24 September 2026 01:34:00",NASA-SNPP,Medium,110.24712,-1.86115,False,False,False,True,False,True,Di Luar Area Pantauan (>1000m dari Desa)
Nanga Tayap,Pangkalan Teluk,"Kamis, 24 September 2026 01:34:00",NASA-SNPP,Medium,110.36443,-1.29488,False,False,False,False,False,False,Di Luar Area Pantauan (>1000m dari Desa)
Pulau Maya,Dusun Kecil,"Kamis, 24 September 2026 01:34:00",NASA-SNPP,Medium,109.57556,-1.02057,False,False,False,True,False,True,Di Luar Area Pantauan (>1000m dari Desa)
Matan Hilir Selatan,Sungai Nanjung,"Kamis, 24 September 2026 01:34:00",NASA-SNPP,Medium,110.17593,-2.18567,False,False,False,False,False,False,Di Luar Area Pantauan (>1000m dari Desa)
Sungai Laur,Kepari,"Kamis, 24 September 2026 01:34:00",NASA-SNPP,Medium,110.63528,-0.91824,False,False,True,False,False,True,Di Luar Area Pantauan (>1000m dari Desa)
Kendawangan,Seriam,"Kamis, 24 September 2026 01:34:00",NASA-SNPP,Medium,110.43113,-2.52089,False,False,False,False,False,False,Di Luar Area Pantauan (>1000m dari Desa)
Simpang Hilir,Matan Jaya,"Kamis, 24 September 2026 01:34:00",NASA-SNPP,Medium,110.11265,-1.10352,False,False,True,True,True,True,Di Luar Area Pantauan (>1000m dari Desa)
Sungai Laur,Sempurna,"Kamis, 24 September 2026 01:34:00",NASA-SNPP,Medium,110.41816,-1.10796,False,False,True,False,True,True,Di Luar Area Pantauan (>1000m dari Desa)
Nanga Tayap,Betenung,"Kamis, 24 September 2026 01:34:00",NASA-SNPP,Medium,110.84258,-1.56412,False,False,True,False,False,True,Di Luar Area Pantauan (>1000m dari Desa)
Matan Hilir Utara,Kuala Tolak,"Kamis, 24 September 2026 01:34:00",NASA-SNPP,Medium,110.13766,-1.459,False,False,False,True,False,True,Di Luar Area Pantauan (>1000m dari Desa)
Nanga Tayap,Betenung,"Kamis, 24 September 2026 01:34:00",NASA-SNPP,Medium,110.84632,-1.5647,False,False,True,False,False,True,Di Luar Area Pantauan (>1000m dari Desa)
Kendawangan,Seriam,"Kamis, 24 September 2026 01:34:00",NASA-SNPP,Medium,110.44637,-2.49396,False,False,False,False,False,False,Di Luar Area Pantauan (>1000m dari Desa)
Manis Mata,Jambi,"Kamis, 24 September 2026 01:34:00",NASA-SNPP,Medium,111.03996,-2.66238,False,False,False,False,False,False,Di Luar Area Pantauan (>1000m dari Desa)
Kendawangan,Seriam,"Kamis, 24 September 2026 01:34:00",NASA-SNPP,Medium,110.43174,-2.5168,False,False,False,False,False,False,Di Luar Area Pantauan (>1000m dari Desa)
Matan Hilir Utara,Kuala Tolak,"Kamis, 24 September 2026 01:34:00",NASA-SNPP,Medium,110.15395,-1.48582,False,False,False,True,False,True,Di Luar Area Pantauan (>1000m dari Desa)
Nanga Tayap,Nanga Tayap,"Kamis, 24 September 2026 01:34:00",NASA-SNPP,Medium,110.51128,-1.58361,False,False,False,False,False,False,Di Luar Area Pantauan (>1000m dari Desa)
Kendawangan,Seriam,"Kamis, 24 September 2026 01:34:00",NASA-SNPP,Medium,110.44019,-2.50975,False,False,False,False,False,False,Di Luar Area Pantauan (>1000m dari Desa)
Matan Hilir Utara,Lamon Satong,"Kamis, 24 September 2026 01:34:00",NASA-SNPP,Medium,110.21172,-1.39535,False,False,False,True,False,True,Di Luar Area Pantauan (>1000m dari Desa)
Matan Hilir Utara,Lamon Satong,"Kamis, 24 September 2026 01:34:00",NASA-SNPP,Medium,110.19976,-1.40564,False,False,False,True,False,True,Di Luar Area Pantauan (>1000m dari Desa)
Jelai Hulu,Semantun,"Kamis, 24 September 2026 01:34:00",NASA-SNPP,Medium,111.04782,-2.04815,False,False,False,False,False,False,Di Luar Area Pantauan (>1000m dari Desa)
Kendawangan,Sungai Jelayan,"Kamis, 24 September 2026 01:34:00",NASA-SNPP,Medium,110.46706,-2.11189,False,False,False,False,False,False,Di Luar Area Pantauan (>1000m dari Desa)
Benua Kayong,Negeri Baru,"Kamis, 24 September 2026 01:34:00",NASA-SNPP,Medium,110.19242,-1.80758,False,False,False,True,False,True,Di Luar Area Pantauan (>1000m dari Desa)
Benua Kayong,Negeri Baru,"Kamis, 24 September 2026 01:34:00",NASA-SNPP,Medium,110.18613,-1.81476,False,False,False,True,False,True,Di Luar Area Pantauan (>1000m dari Desa)
Matan Hilir Selatan,Pagar Mentimun,"Kamis, 24 September 2026 01:34:00",NASA-SNPP,Medium,110.21185,-2.27899,False,False,False,False,False,False,Di Luar Area Pantauan (>1000m dari Desa)
Kendawangan,Mekar Utama,"Kamis, 24 September 2026 01:34:00",NASA-SNPP,Medium,110.22386,-2.29323,False,False,False,False,False,False,Di Luar Area Pantauan (>1000m dari Desa)
Nanga Tayap,Lembah Hijau Satu,"Kamis, 24 September 2026 01:34:00",NASA-SNPP,Medium,110.48108,-1.59144,False,False,True,False,False,True,Di Luar Area Pantauan (>1000m dari Desa)
Nanga Tayap,Lembah Hijau Satu,"Kamis, 24 September 2026 01:34:00",NASA-SNPP,Medium,110.47864,-1.58231,False,False,False,False,False,False,Di Luar Area Pantauan (>1000m dari Desa)
Matan Hilir Utara,Kuala Tolak,"Kamis, 24 September 2026 01:34:00",NASA-SNPP,Medium,110.142,-1.46372,False,False,True,True,False,True,Di Luar Area Pantauan (>1000m dari Desa)
Muara Pawan,Tanjung Pura,"Kamis, 24 September 2026 01:34:00",NASA-SNPP,Medium,110.15585,-1.68566,False,False,True,True,False,True,Di Luar Area Pantauan (>1000m dari Desa)
Jelai Hulu,Pasir Mayang,"Kamis, 24 September 2026 01:34:00",NASA-SNPP,Medium,110.77982,-1.78258,False,False,False,False,False,False,Di Luar Area Pantauan (>1000m dari Desa)
Muara Pawan,Tanjung Pura,"Kamis, 24 September 2026 01:34:00",NASA-SNPP,Medium,110.15522,-1.68962,False,False,True,True,False,True,Di Luar Area Pantauan (>1000m dari Desa)
Pinoh Utara,Nanga Man,"Kamis, 24 September 2026 01:34:00",NASA-SNPP,Medium,111.88723,-0.29555,False,False,False,False,False,False,Di Luar Area Pantauan (>1000m dari Desa)
Matan Hilir Selatan,Sungai Nanjung,"Kamis, 24 September 2026 01:34:00",NASA-SNPP,Medium,110.1897,-2.13048,False,False,True,True,False,True,Di Luar Area Pantauan (>1000m dari Desa)
Matan Hilir Utara,Kuala Tolak,"Kamis, 24 September 2026 01:34:00",NASA-SNPP,Medium,110.15518,-1.47791,False,False,True,True,False,True,Di Luar Area Pantauan (>1000m dari Desa)
Jelai Hulu,Pasir Mayang,"Kamis, 24 September 2026 01:34:00",NASA-SNPP,Medium,110.79459,-1.78911,False,False,False,False,False,False,Di Luar Area Pantauan (>1000m dari Desa)
Muara Pawan,Tanjung Pura,"Kamis, 24 September 2026 01:34:00",NASA-SNPP,Medium,110.14451,-1.69201,False,False,True,True,False,True,Di Luar Area Pantauan (>1000m dari Desa)
Sungai Melayu Rayak,Sungai Melayu,"Kamis, 24 September 2026 01:34:00",NASA-SNPP,Medium,110.31702,-1.7559,False,False,False,True,False,True,Di Luar Area Pantauan (>1000m dari Desa)
Kendawangan,Sungai Jelayan,"Kamis, 24 September 2026 01:34:00",NASA-SNPP,Medium,110.43981,-2.24817,False,False,False,False,False,False,Di Luar Area Pantauan (>1000m dari Desa)
Nanga Tayap,Nanga Tayap,"Kamis, 24 September 2026 01:34:00",NASA-SNPP,Medium,110.50523,-1.59928,False,False,False,False,False,False,Di Luar Area Pantauan (>1000m dari Desa)
Nanga Tayap,Lembah Hijau Dua,"Kamis, 24 September 2026 01:34:00",NASA-SNPP,Medium,110.50167,-1.59873,False,False,False,False,False,False,Di Luar Area Pantauan (>1000m dari Desa)
Matan Hilir Utara,Tanjung Baik Budi,"Kamis, 24 September 2026 01:34:00",NASA-SNPP,Medium,110.18977,-1.54275,False,False,True,True,False,True,Di Luar Area Pantauan (>1000m dari Desa)
Nanga Tayap,Lembah Hijau Satu,"Kamis, 24 September 2026 01:34:00",NASA-SNPP,Medium,110.47883,-1.58281,False,False,True,False,False,True,Di Luar Area Pantauan (>1000m dari Desa)
Nanga Tayap,Lembah Hijau Satu,"Kamis, 24 September 2026 01:34:00",NASA-SNPP,Medium,110.50389,-1.5822,False,False,False,False,False,False,Di Luar Area Pantauan (>1000m dari Desa)
Tayan Hilir,Tanjung Bunut,"Kamis, 24 September 2026 01:34:00",NASA-SNPP,Medium,110.1818,-0.11895,False,False,False,False,False,False,Di Luar Area Pantauan (>1000m dari Desa)
Belimbing Hulu,Kayu Bunga,"Kamis, 24 September 2026 01:34:00",NASA-SNPP,Medium,111.56437,-0.56169,False,False,True,False,False,True,Di Luar Area Pantauan (>1000m dari Desa)
Belimbing,Balai Lagas,"Kamis, 24 September 2026 01:34:00",NASA-SNPP,Medium,111.42577,-0.57733,False,False,False,False,False,False,Di Luar Area Pantauan (>1000m dari Desa)
Muara Pawan,Ulak Medang,"Kamis, 24 September 2026 01:34:00",NASA-SNPP,Medium,110.30508,-1.55046,False,False,False,True,False,True,Di Luar Area Pantauan (>1000m dari Desa)
Nanga Tayap,Nanga Tayap,"Kamis, 24 September 2026 01:34:00",NASA-SNPP,Medium,110.50743,-1.58276,False,False,False,False,False,False,Di Luar Area Pantauan (>1000m dari Desa)
Nanga Tayap,Sungai Kelik,"Kamis, 24 September 2026 01:34:00",NASA-SNPP,Medium,110.31022,-1.55128,False,False,False,True,False,True,Di Luar Area Pantauan (>1000m dari Desa)
Matan Hilir Selatan,Sungai Nanjung,"Kamis, 24 September 2026 01:34:00",NASA-SNPP,Medium,110.13091,-2.13767,False,False,False,True,False,True,Di Luar Area Pantauan (>1000m dari Desa)
Matan Hilir Selatan,Sungai Nanjung,"Kamis, 24 September 2026 01:34:00",NASA-SNPP,Medium,110.20847,-2.1457,False,False,True,True,False,True,Di Luar Area Pantauan (>1000m dari Desa)
Jelai Hulu,Pangkalan Paket,"Kamis, 24 September 2026 01:34:00",NASA-SNPP,Medium,110.67955,-2.00366,False,False,False,False,True,True,Di Luar Area Pantauan (>1000m dari Desa)
Matan Hilir Selatan,Sungai Pelang,"Kamis, 24 September 2026 01:34:00",NASA-SNPP,Medium,110.22262,-1.84908,False,False,True,True,False,True,Di Luar Area Pantauan (>1000m dari Desa)
Muara Pawan,Ulak Medang,"Kamis, 24 September 2026 01:34:00",NASA-SNPP,Medium,110.27615,-1.53359,False,False,True,True,False,True,Di Luar Area Pantauan (>1000m dari Desa)
Muara Pawan,Ulak Medang,"Kamis, 24 September 2026 01:34:00",NASA-SNPP,Medium,110.26594,-1.53197,False,False,True,True,False,True,Di Luar Area Pantauan (>1000m dari Desa)
Jelai Hulu,Semantun,"Kamis, 24 September 2026 01:34:00",NASA-SNPP,Medium,111.03168,-2.04997,False,False,False,False,False,False,Di Luar Area Pantauan (>1000m dari Desa)
Matan Hilir Selatan,Pesaguan Kanan,"Kamis, 24 September 2026 01:34:00",NASA-SNPP,Medium,110.20661,-2.02963,False,False,False,True,False,True,Di Luar Area Pantauan (>1000m dari Desa)
Tumbang Titi,Batu Beransak,"Kamis, 24 September 2026 01:34:00",NASA-SNPP,Medium,110.70905,-1.83319,False,False,False,False,False,False,Di Luar Area Pantauan (>1000m dari Desa)
Kepulauan Karimata,Betok Jaya,"Kamis, 24 September 2026 01:34:00",NASA-SNPP,Medium,108.92052,-1.56341,True,True,False,False,True,True,Prioritas 1 (Tinggi)
Muara Pawan,Tanjung Pura,"Kamis, 24 September 2026 01:34:00",NASA-SNPP,Medium,110.1431,-1.66745,False,False,False,True,False,True,Di Luar Area Pantauan (>1000m dari Desa)
Hulu Sungai,Batu Lapis,"Kamis, 24 September 2026 01:34:00",NASA-SNPP,Medium,110.76362,-1.34056,False,False,True,False,False,True,Di Luar Area Pantauan (>1000m dari Desa)
Hulu Sungai,Batu Lapis,"Kamis, 24 September 2026 01:34:00",NASA-SNPP,Medium,110.76249,-1.32777,False,False,False,False,False,False,Di Luar Area Pantauan (>1000m dari Desa)
Pulau Maya,Kemboja,"Kamis, 24 September 2026 01:34:00",NASA-SNPP,Medium,109.73171,-1.14675,False,False,False,False,False,False,Di Luar Area Pantauan (>1000m dari Desa)
Pulau Maya,Kemboja,"Kamis, 24 September 2026 01:34:00",NASA-SNPP,Medium,109.7364,-1.14751,False,False,False,False,False,False,Di Luar Area Pantauan (>1000m dari Desa)
Sukadana,Sedahan Jaya,"Kamis, 24 September 2026 01:34:00",NASA-SNPP,Medium,110.0477,-1.1976,False,False,True,False,True,True,Di Luar Area Pantauan (>1000m dari Desa)
Matan Hilir Utara,Kuala Tolak,"Kamis, 24 September 2026 01:34:00",NASA-SNPP,Medium,110.14894,-1.48504,False,False,False,True,False,True,Di Luar Area Pantauan (>1000m dari Desa)
Muara Pawan,Ulak Medang,"Kamis, 24 September 2026 01:34:00",NASA-SNPP,Medium,110.22716,-1.51359,False,False,True,True,False,True,Di Luar Area Pantauan (>1000m dari Desa)
Nanga Tayap,Nanga Tayap,"Kamis, 24 September 2026 01:34:00",NASA-SNPP,Medium,110.50872,-1.57467,False,False,False,False,False,False,Di Luar Area Pantauan (>1000m dari Desa)
Nanga Tayap,Kayong Utara,"Kamis, 24 September 2026 01:34:00",NASA-SNPP,Medium,110.70968,-1.499,False,False,True,False,False,True,Di Luar Area Pantauan (>1000m dari Desa)
Matan Hilir Utara,Tanjung Baik Budi,"Kamis, 24 September 2026 01:34:00",NASA-SNPP,Medium,110.14823,-1.54449,False,False,True,True,False,True,Di Luar Area Pantauan (>1000m dari Desa)
Nanga Tayap,Lembah Hijau Dua,"Kamis, 24 September 2026 01:34:00",NASA-SNPP,Medium,110.46992,-1.59387,False,False,True,False,False,True,Di Luar Area Pantauan (>1000m dari Desa)
Matan Hilir Utara,Tanjung Baik Budi,"Kamis, 24 September 2026 01:34:00",NASA-SNPP,Medium,110.1432,-1.54372,False,False,True,True,False,True,Di Luar Area Pantauan (>1000m dari Desa)
Matan Hilir Utara,Tanjung Baik Budi,"Kamis, 24 September 2026 01:34:00",NASA-SNPP,Medium,110.15327,-1.54526,False,False,True,True,False,True,Di Luar Area Pantauan (>1000m dari Desa)
Kendawangan,Pangkalan Batu,"Kamis, 24 September 2026 01:34:00",NASA-SNPP,Medium,110.34476,-2.13388,False,False,False,False,False,False,Di Luar Area Pantauan (>1000m dari Desa)
Matan Hilir Selatan,Sungai Nanjung,"Kamis, 24 September 2026 01:34:00",NASA-SNPP,Medium,110.18454,-2.12968,False,False,True,True,False,True,Di Luar Area Pantauan (>1000m dari Desa)
Matan Hilir Selatan,Sungai Nanjung,"Kamis, 24 September 2026 01:34:00",NASA-SNPP,Medium,110.20065,-2.12808,False,False,True,True,False,True,Di Luar Area Pantauan (>1000m dari Desa)
Matan Hilir Selatan,Sungai Besar,"Kamis, 24 September 2026 01:34:00",NASA-SNPP,Medium,110.23965,-1.86525,False,False,True,True,False,True,Di Luar Area Pantauan (>1000m dari Desa)
Kendawangan,Pembedilan,"Kamis, 24 September 2026 01:34:00",NASA-SNPP,Medium,110.38563,-2.85361,False,False,False,False,True,True,Di Luar Area Pantauan (>1000m dari Desa)
Kendawangan,Pembedilan,"Kamis, 24 September 2026 01:34:00",NASA-SNPP,Medium,110.38863,-2.85828,False,False,False,False,True,True,Di Luar Area Pantauan (>1000m dari Desa)
Jelai Hulu,Riam Danau Kanan,"Kamis, 24 September 2026 01:34:00",NASA-SNPP,Medium,110.86893,-1.96058,False,False,False,False,False,False,Di Luar Area Pantauan (>1000m dari Desa)
Matan Hilir Selatan,Sungai Besar,"Kamis, 24 September 2026 01:34:00",NASA-SNPP,Medium,110.2411,-1.89003,False,False,True,False,False,True,Di Luar Area Pantauan (>1000m dari Desa)
Kendawangan,Pembedilan,"Kamis, 24 September 2026 01:34:00",NASA-SNPP,Medium,110.385,-2.85771,False,False,False,False,True,True,Di Luar Area Pantauan (>1000m dari Desa)
Nanga Tayap,Lembah Hijau Satu,"Kamis, 24 September 2026 01:34:00",NASA-SNPP,Medium,110.4946,-1.57242,False,False,False,False,False,False,Di Luar Area Pantauan (>1000m dari Desa)
Muara Pawan,Ulak Medang,"Kamis, 24 September 2026 01:34:00",NASA-SNPP,Medium,110.2519,-1.52158,False,False,True,True,False,True,Di Luar Area Pantauan (>1000m dari Desa)
Muara Pawan,Ulak Medang,"Kamis, 24 September 2026 01:34:00",NASA-SNPP,Medium,110.24621,-1.52476,False,False,True,True,False,True,Di Luar Area Pantauan (>1000m dari Desa)
Muara Pawan,Ulak Medang,"Kamis, 24 September 2026 01:34:00",NASA-SNPP,Medium,110.23667,-1.51917,False,False,True,True,False,True,Di Luar Area Pantauan (>1000m dari Desa)
Kendawangan,Seriam,"Kamis, 24 September 2026 01:34:00",NASA-SNPP,Medium,110.4305,-2.52497,False,False,False,False,True,True,Di Luar Area Pantauan (>1000m dari Desa)
Kendawangan,Air Tarap,"Kamis, 24 September 2026 01:34:00",NASA-SNPP,Medium,110.76975,-2.5054,False,False,False,False,False,False,Di Luar Area Pantauan (>1000m dari Desa)
Kendawangan,Seriam,"Kamis, 24 September 2026 01:34:00",NASA-SNPP,Medium,110.45189,-2.48225,False,False,False,False,False,False,Di Luar Area Pantauan (>1000m dari Desa)
Matan Hilir Utara,Kuala Tolak,"Kamis, 24 September 2026 01:34:00",NASA-SNPP,Medium,110.14517,-1.47635,False,False,True,True,False,True,Di Luar Area Pantauan (>1000m dari Desa)
Kendawangan,Pembedilan,"Kamis, 24 September 2026 01:34:00",NASA-SNPP,Medium,110.38864,-2.8615,False,False,False,False,True,True,Di Luar Area Pantauan (>1000m dari Desa)
Kendawangan,Air Hitam Besar,"Kamis, 24 September 2026 01:34:00",NASA-SNPP,Medium,110.68414,-2.64242,False,False,False,False,False,False,Di Luar Area Pantauan (>1000m dari Desa)
Kendawangan,Airhitam Hulu,"Kamis, 24 September 2026 01:34:00",NASA-SNPP,Medium,110.63809,-2.61831,False,False,False,False,False,False,Di Luar Area Pantauan (>1000m dari Desa)
Nanga Tayap,Siantau Raya,"Kamis, 24 September 2026 01:34:00",NASA-SNPP,Medium,110.46868,-1.60195,False,False,True,False,False,True,Di Luar Area Pantauan (>1000m dari Desa)
Nanga Tayap,Cegolak,"Kamis, 24 September 2026 01:34:00",NASA-SNPP,Medium,110.71217,-1.63518,False,False,True,False,False,True,Di Luar Area Pantauan (>1000m dari Desa)
Tumbang Titi,Beringin Rayo,"Kamis, 24 September 2026 01:34:00",NASA-SNPP,Medium,110.80149,-1.70816,False,False,True,False,False,True,Di Luar Area Pantauan (>1000m dari Desa)
Nanga Tayap,Lembah Hijau Satu,"Kamis, 24 September 2026 01:34:00",NASA-SNPP,Medium,110.4846,-1.59198,False,False,True,False,False,True,Di Luar Area Pantauan (>1000m dari Desa)
Nanga Tayap,Lembah Hijau Satu,"Kamis, 24 September 2026 01:34:00",NASA-SNPP,Medium,110.49644,-1.5855,False,False,False,False,False,False,Di Luar Area Pantauan (>1000m dari Desa)
Nanga Tayap,Lembah Hijau Satu,"Kamis, 24 September 2026 01:34:00",NASA-SNPP,Medium,110.49998,-1.58604,False,False,False,False,False,False,Di Luar Area Pantauan (>1000m dari Desa)
Nanga Tayap,Lembah Hijau Satu,"Kamis, 24 September 2026 01:34:00",NASA-SNPP,Medium,110.50351,-1.58658,False,False,False,False,False,False,Di Luar Area Pantauan (>1000m dari Desa)
Nanga Tayap,Nanga Tayap,"Kamis, 24 September 2026 01:34:00",NASA-SNPP,Medium,110.50707,-1.58712,False,False,False,False,False,False,Di Luar Area Pantauan (>1000m dari Desa)
Nanga Tayap,Lembah Hijau Satu,"Kamis, 24 September 2026 01:34:00",NASA-SNPP,Medium,110.50414,-1.58253,False,False,False,False,False,False,Di Luar Area Pantauan (>1000m dari Desa)
Nanga Tayap,Lembah Hijau Satu,"Kamis, 24 September 2026 01:34:00",NASA-SNPP,Medium,110.50062,-1.58199,False,False,False,False,False,False,Di Luar Area Pantauan (>1000m dari Desa)
Nanga Tayap,Lembah Hijau Satu,"Kamis, 24 September 2026 01:34:00",NASA-SNPP,Medium,110.49711,-1.58146,False,False,False,False,False,False,Di Luar Area Pantauan (>1000m dari Desa)
Matan Hilir Utara,Tanjung Baik Budi,"Kamis, 24 September 2026 01:34:00",NASA-SNPP,Medium,110.18123,-1.54287,False,False,True,True,False,True,Di Luar Area Pantauan (>1000m dari Desa)
Nanga Tayap,Sungai Kelik,"Kamis, 24 September 2026 01:34:00",NASA-SNPP,Medium,110.3083,-1.5527,False,False,True,True,False,True,Di Luar Area Pantauan (>1000m dari Desa)
Nanga Tayap,Nanga Tayap,"Kamis, 24 September 2026 01:34:00",NASA-SNPP,Medium,110.50681,-1.58681,False,False,False,False,False,False,Di Luar Area Pantauan (>1000m dari Desa)
Matan Hilir Utara,Tanjung Baik Budi,"Kamis, 24 September 2026 01:34:00",NASA-SNPP,Medium,110.18687,-1.53972,False,False,True,True,False,True,Di Luar Area Pantauan (>1000m dari Desa)
Nanga Tayap,Lembah Hijau Satu,"Kamis, 24 September 2026 01:34:00",NASA-SNPP,Medium,110.48347,-1.57479,False,False,False,False,False,False,Di Luar Area Pantauan (>1000m dari Desa)
Nanga Tayap,Lembah Hijau Satu,"Kamis, 24 September 2026 01:34:00",NASA-SNPP,Medium,110.494,-1.57647,False,False,False,False,False,False,Di Luar Area Pantauan (>1000m dari Desa)
Nanga Tayap,Lembah Hijau Satu,"Kamis, 24 September 2026 01:34:00",NASA-SNPP,Medium,110.49048,-1.57591,False,False,False,False,False,False,Di Luar Area Pantauan (>1000m dari Desa)
Muara Pawan,Ulak Medang,"Kamis, 24 September 2026 01:34:00",NASA-SNPP,Medium,110.26982,-1.54075,False,False,True,True,False,True,Di Luar Area Pantauan (>1000m dari Desa)
Nanga Tayap,Lembah Hijau Satu,"Kamis, 24 September 2026 01:34:00",NASA-SNPP,Medium,110.48697,-1.57535,False,False,False,False,False,False,Di Luar Area Pantauan (>1000m dari Desa)
Muara Pawan,Ulak Medang,"Kamis, 24 September 2026 01:34:00",NASA-SNPP,Medium,110.28755,-1.61906,False,False,True,True,False,True,Di Luar Area Pantauan (>1000m dari Desa)
Kendawangan,Kendawangan Kanan,"Kamis, 24 September 2026 01:34:00",NASA-SNPP,Medium,110.27801,-2.76597,False,False,False,True,True,True,Di Luar Area Pantauan (>1000m dari Desa)
Nanga Tayap,Pangkalan Teluk,"Kamis, 24 September 2026 01:34:00",NASA-SNPP,Medium,110.35931,-1.29407,False,False,True,False,False,True,Di Luar Area Pantauan (>1000m dari Desa)
Kendawangan,Air Hitam Besar,"Kamis, 24 September 2026 01:34:00",NASA-SNPP,Medium,110.65835,-2.69104,False,False,False,True,False,True,Di Luar Area Pantauan (>1000m dari Desa)
Kendawangan,Seriam,"Kamis, 24 September 2026 01:34:00",NASA-SNPP,Medium,110.3293,-2.64143,False,False,False,False,True,True,Di Luar Area Pantauan (>1000m dari Desa)
Matan Hilir Utara,Lamon Satong,"Kamis, 24 September 2026 01:34:00",NASA-SNPP,Medium,110.19916,-1.4096,False,False,False,True,False,True,Di Luar Area Pantauan (>1000m dari Desa)
Matan Hilir Utara,Lamon Satong,"Kamis, 24 September 2026 01:34:00",NASA-SNPP,Medium,110.20603,-1.39851,False,False,False,True,False,True,Di Luar Area Pantauan (>1000m dari Desa)
Nanga Tayap,Kayong Utara,"Kamis, 24 September 2026 01:34:00",NASA-SNPP,Medium,110.66755,-1.51193,False,False,False,False,False,False,Di Luar Area Pantauan (>1000m dari Desa)
Nanga Tayap,Kayong Utara,"Kamis, 24 September 2026 01:34:00",NASA-SNPP,Medium,110.66685,-1.51601,False,False,False,False,False,False,Di Luar Area Pantauan (>1000m dari Desa)
Nanga Tayap,Betenung,"Kamis, 24 September 2026 01:34:00",NASA-SNPP,Medium,110.84323,-1.55998,False,False,True,False,False,True,Di Luar Area Pantauan (>1000m dari Desa)
Nanga Tayap,Betenung,"Kamis, 24 September 2026 01:34:00",NASA-SNPP,Medium,110.84941,-1.56941,False,False,True,False,False,True,Di Luar Area Pantauan (>1000m dari Desa)
Nanga Tayap,Betenung,"Kamis, 24 September 2026 01:34:00",NASA-SNPP,Medium,110.84565,-1.56883,False,False,True,False,False,True,Di Luar Area Pantauan (>1000m dari Desa)
Simpang Hilir,Matan Jaya,"Kamis, 24 September 2026 01:34:00",NASA-SNPP,Medium,110.34219,-1.12447,False,False,False,False,True,True,Di Luar Area Pantauan (>1000m dari Desa)
Sandai,Randau Jungkal,"Kamis, 24 September 2026 01:34:00",NASA-SNPP,Medium,110.72191,-1.18471,False,False,False,False,False,False,Di Luar Area Pantauan (>1000m dari Desa)
Simpang Hilir,Matan Jaya,"Kamis, 24 September 2026 01:34:00",NASA-SNPP,Medium,110.3428,-1.12049,False,False,False,False,True,True,Di Luar Area Pantauan (>1000m dari Desa)
Simpang Hilir,Matan Jaya,"Kamis, 24 September 2026 01:34:00",NASA-SNPP,Medium,110.34589,-1.12314,False,False,False,False,True,True,Di Luar Area Pantauan (>1000m dari Desa)
Simpang Hilir,Matan Jaya,"Kamis, 24 September 2026 01:34:00",NASA-SNPP,Medium,110.15041,-1.12142,False,False,True,False,True,True,Di Luar Area Pantauan (>1000m dari Desa)
Simpang Hilir,Matan Jaya,"Kamis, 24 September 2026 01:34:00",NASA-SNPP,Medium,110.15537,-1.12219,False,False,True,False,True,True,Di Luar Area Pantauan (>1000m dari Desa)
Simpang Hilir,Matan Jaya,"Kamis, 24 September 2026 01:34:00",NASA-SNPP,Medium,110.07584,-1.11387,False,False,True,False,True,True,Di Luar Area Pantauan (>1000m dari Desa)
Simpang Dua,Kampar Sebomban,"Kamis, 24 September 2026 01:34:00",NASA-SNPP,Medium,110.20065,-0.92551,False,False,True,False,False,True,Di Luar Area Pantauan (>1000m dari Desa)
Batu Ampar,Batu Ampar,"Kamis, 24 September 2026 01:34:00",NASA-SNPP,Medium,109.53098,-0.80158,False,False,True,True,True,True,Di Luar Area Pantauan (>1000m dari Desa)
Kendawangan,Bangkal Serai,"Kamis, 24 September 2026 01:34:00",NASA-SNPP,Medium,110.55405,-2.4236,False,False,False,False,False,False,Di Luar Area Pantauan (>1000m dari Desa)
Simpang Hilir,Lubuk Batu,"Kamis, 24 September 2026 01:34:00",NASA-SNPP,Medium,110.12904,-0.93039,False,False,False,False,False,False,Di Luar Area Pantauan (>1000m dari Desa)
Matan Hilir Selatan,Sungai Nanjung,"Kamis, 24 September 2026 01:34:00",NASA-SNPP,Medium,110.1794,-2.12888,False,False,True,True,False,True,Di Luar Area Pantauan (>1000m dari Desa)
Matan Hilir Selatan,Pagar Mentimun,"Kamis, 24 September 2026 01:34:00",NASA-SNPP,Medium,110.15808,-2.22137,False,False,True,False,False,True,Di Luar Area Pantauan (>1000m dari Desa)
Simpang Hilir,Padu Banjar,"Kamis, 24 September 2026 01:34:00",NASA-SNPP,Medium,109.82568,-0.99043,False,False,False,False,False,False,Di Luar Area Pantauan (>1000m dari Desa)
Simpang Hilir,Matan Jaya,"Kamis, 24 September 2026 01:34:00",NASA-SNPP,Medium,110.15601,-1.11826,False,False,True,False,True,True,Di Luar Area Pantauan (>1000m dari Desa)
Kendawangan,Sungai Jelayan,"Kamis, 24 September 2026 01:34:00",NASA-SNPP,Medium,110.42427,-2.25412,False,False,False,False,False,False,Di Luar Area Pantauan (>1000m dari Desa)
Kendawangan,Sungai Jelayan,"Kamis, 24 September 2026 01:34:00",NASA-SNPP,Medium,110.42784,-2.25467,False,False,False,False,False,False,Di Luar Area Pantauan (>1000m dari Desa)
Pinoh Utara,Merah Arai,"Kamis, 24 September 2026 01:34:00",NASA-SNPP,Medium,111.90414,-0.29301,False,False,False,False,False,False,Di Luar Area Pantauan (>1000m dari Desa)
Pinoh Utara,Nanga Man,"Kamis, 24 September 2026 01:34:00",NASA-SNPP,Medium,111.90277,-0.30173,False,False,False,False,False,False,Di Luar Area Pantauan (>1000m dari Desa)
Pinoh Utara,Nanga Man,"Kamis, 24 September 2026 01:34:00",NASA-SNPP,Medium,111.88682,-0.29468,False,False,False,False,False,False,Di Luar Area Pantauan (>1000m dari Desa)
Nanga Tayap,Lembah Hijau Satu,"Kamis, 24 September 2026 01:34:00",NASA-SNPP,Medium,110.48299,-1.57931,False,False,False,False,False,False,Di Luar Area Pantauan (>1000m dari Desa)
Matan Hilir Utara,Tanjung Baik Budi,"Kamis, 24 September 2026 01:34:00",NASA-SNPP,Medium,110.19039,-1.53878,False,False,True,True,False,True,Di Luar Area Pantauan (>1000m dari Desa)
Muara Pawan,Ulak Medang,"Kamis, 24 September 2026 01:34:00",NASA-SNPP,Medium,110.30315,-1.55192,False,False,True,True,False,True,Di Luar Area Pantauan (>1000m dari Desa)
Nanga Tayap,Lembah Hijau Satu,"Kamis, 24 September 2026 01:34:00",NASA-SNPP,Medium,110.48632,-1.57939,False,False,False,False,False,False,Di Luar Area Pantauan (>1000m dari Desa)
Matan Hilir Utara,Kuala Tolak,"Kamis, 24 September 2026 01:34:00",NASA-SNPP,Medium,110.147,-1.46449,False,False,True,True,False,True,Di Luar Area Pantauan (>1000m dari Desa)
Muara Pawan,Tanjung Pura,"Kamis, 24 September 2026 01:34:00",NASA-SNPP,Medium,110.16273,-1.67454,False,False,True,True,False,True,Di Luar Area Pantauan (>1000m dari Desa)
Kendawangan,Air Hitam Besar,"Kamis, 24 September 2026 01:34:00",NASA-SNPP,Medium,110.69016,-2.73424,False,False,False,False,False,False,Di Luar Area Pantauan (>1000m dari Desa)
Kendawangan,Pembedilan,"Kamis, 24 September 2026 01:34:00",NASA-SNPP,Medium,110.43701,-2.88559,False,False,False,False,True,True,Di Luar Area Pantauan (>1000m dari Desa)
Kendawangan,Pembedilan,"Kamis, 24 September 2026 01:34:00",NASA-SNPP,Medium,110.38912,-2.88253,False,False,False,False,True,True,Di Luar Area Pantauan (>1000m dari Desa)
Kendawangan,Air Hitam Besar,"Kamis, 24 September 2026 01:34:00",NASA-SNPP,Medium,110.80224,-2.73849,False,False,False,False,True,True,Di Luar Area Pantauan (>1000m dari Desa)
Kendawangan,Pembedilan,"Kamis, 24 September 2026 01:34:00",NASA-SNPP,Medium,110.3855,-2.88198,False,False,False,False,True,True,Di Luar Area Pantauan (>1000m dari Desa)
Kendawangan,Pembedilan,"Kamis, 24 September 2026 01:34:00",NASA-SNPP,Medium,110.43763,-2.88147,False,False,False,False,True,True,Di Luar Area Pantauan (>1000m dari Desa)
Kendawangan,Pembedilan,"Kamis, 24 September 2026 01:34:00",NASA-SNPP,Medium,110.43398,-2.88092,False,False,False,False,True,True,Di Luar Area Pantauan (>1000m dari Desa)
Kendawangan,Danau Buntar,"Kamis, 24 September 2026 01:34:00",NASA-SNPP,Medium,110.96203,-2.78453,False,False,False,False,False,False,Di Luar Area Pantauan (>1000m dari Desa)
Kendawangan,Air Hitam Besar,"Kamis, 24 September 2026 01:34:00",NASA-SNPP,Medium,110.75248,-2.80814,False,False,False,True,False,True,Di Luar Area Pantauan (>1000m dari Desa)
Kendawangan,Air Hitam Besar,"Kamis, 24 September 2026 01:34:00",NASA-SNPP,Medium,110.75629,-2.80874,False,False,False,False,False,False,Di Luar Area Pantauan (>1000m dari Desa)
Kendawangan,Air Hitam Besar,"Kamis, 24 September 2026 01:34:00",NASA-SNPP,Medium,110.76452,-2.80574,False,False,False,False,False,False,Di Luar Area Pantauan (>1000m dari Desa)
Kendawangan,Air Hitam Besar,"Kamis, 24 September 2026 01:34:00",NASA-SNPP,Medium,110.75312,-2.80395,False,False,False,True,False,True,Di Luar Area Pantauan (>1000m dari Desa)
Kendawangan,Air Hitam Besar,"Kamis, 24 September 2026 01:34:00",NASA-SNPP,Medium,110.75691,-2.80455,False,False,False,True,False,True,Di Luar Area Pantauan (>1000m dari Desa)
Nanga Tayap,Lembah Hijau Dua,"Kamis, 24 September 2026 01:34:00",NASA-SNPP,Medium,110.47282,-1.59845,False,False,True,False,False,True,Di Luar Area Pantauan (>1000m dari Desa)
Kendawangan,Natai Kuini,"Kamis, 24 September 2026 01:34:00",NASA-SNPP,Medium,110.79883,-2.81941,False,False,False,True,True,True,Di Luar Area Pantauan (>1000m dari Desa)
Kendawangan,Danau Buntar,"Kamis, 24 September 2026 01:34:00",NASA-SNPP,Medium,110.96925,-2.78999,False,False,False,False,False,False,Di Luar Area Pantauan (>1000m dari Desa)
Kendawangan,Danau Buntar,"Kamis, 24 September 2026 01:34:00",NASA-SNPP,Medium,110.96598,-2.78513,False,False,False,False,False,False,Di Luar Area Pantauan (>1000m dari Desa)
Matan Hilir Utara,Tanjung Baik Budi,"Kamis, 24 September 2026 01:34:00",NASA-SNPP,Medium,110.17282,-1.55232,False,False,True,True,False,True,Di Luar Area Pantauan (>1000m dari Desa)
Nanga Tayap,Siantau Raya,"Kamis, 24 September 2026 01:34:00",NASA-SNPP,Medium,110.46806,-1.606,False,False,False,False,False,False,Di Luar Area Pantauan (>1000m dari Desa)
Tumbang Titi,Beringin Rayo,"Kamis, 24 September 2026 01:34:00",NASA-SNPP,Medium,110.84769,-1.67295,False,False,True,False,False,True,Di Luar Area Pantauan (>1000m dari Desa)
Matan Hilir Utara,Tanjung Baik Budi,"Kamis, 24 September 2026 01:34:00",NASA-SNPP,Medium,110.10126,-1.54939,False,False,True,True,False,True,Di Luar Area Pantauan (>1000m dari Desa)
Nanga Tayap,Nanga Tayap,"Kamis, 24 September 2026 01:34:00",NASA-SNPP,Medium,110.51003,-1.59172,False,False,False,False,False,False,Di Luar Area Pantauan (>1000m dari Desa)
Nanga Tayap,Lembah Hijau Satu,"Kamis, 24 September 2026 01:34:00",NASA-SNPP,Medium,110.48235,-1.58335,False,False,True,False,False,True,Di Luar Area Pantauan (>1000m dari Desa)
Nanga Tayap,Lembah Hijau Satu,"Kamis, 24 September 2026 01:34:00",NASA-SNPP,Medium,110.4958,-1.58955,False,False,False,False,False,False,Di Luar Area Pantauan (>1000m dari Desa)
Matan Hilir Utara,Tanjung Baik Budi,"Kamis, 24 September 2026 01:34:00",NASA-SNPP,Medium,110.1841,-1.54594,False,False,True,True,False,True,Di Luar Area Pantauan (>1000m dari Desa)
Matan Hilir Utara,Tanjung Baik Budi,"Kamis, 24 September 2026 01:34:00",NASA-SNPP,Medium,110.17967,-1.5412,False,False,True,True,False,True,Di Luar Area Pantauan (>1000m dari Desa)
Nanga Tayap,Lembah Hijau Satu,"Kamis, 24 September 2026 01:34:00",NASA-SNPP,Medium,110.48874,-1.58847,False,False,True,False,False,True,Di Luar Area Pantauan (>1000m dari Desa)
Nanga Tayap,Lembah Hijau Satu,"Kamis, 24 September 2026 01:34:00",NASA-SNPP,Medium,110.5029,-1.59063,False,False,False,False,False,False,Di Luar Area Pantauan (>1000m dari Desa)
Matan Hilir Utara,Tanjung Baik Budi,"Kamis, 24 September 2026 01:34:00",NASA-SNPP,Medium,110.17906,-1.54517,False,False,True,True,False,True,Di Luar Area Pantauan (>1000m dari Desa)
Nanga Tayap,Lembah Hijau Satu,"Kamis, 24 September 2026 01:34:00",NASA-SNPP,Medium,110.49226,-1.58901,False,False,True,False,False,True,Di Luar Area Pantauan (>1000m dari Desa)
Nanga Tayap,Lembah Hijau Satu,"Kamis, 24 September 2026 01:34:00",NASA-SNPP,Medium,110.50038,-1.58164,False,False,False,False,False,False,Di Luar Area Pantauan (>1000m dari Desa)
Matan Hilir Utara,Tanjung Baik Budi,"Kamis, 24 September 2026 01:34:00",NASA-SNPP,Medium,110.19314,-1.53259,False,False,True,True,False,True,Di Luar Area Pantauan (>1000m dari Desa)
Matan Hilir Utara,Kuala Tolak,"Kamis, 24 September 2026 01:34:00",NASA-SNPP,Medium,110.14077,-1.47161,False,False,False,True,False,True,Di Luar Area Pantauan (>1000m dari Desa)
Matan Hilir Utara,Kuala Tolak,"Kamis, 24 September 2026 01:34:00",NASA-SNPP,Medium,110.14138,-1.46766,False,False,False,True,False,True,Di Luar Area Pantauan (>1000m dari Desa)
Matan Hilir Utara,Kuala Tolak,"Kamis, 24 September 2026 01:34:00",NASA-SNPP,Medium,110.18728,-1.47076,False,False,False,True,False,True,Di Luar Area Pantauan (>1000m dari Desa)
Nanga Tayap,Pangkalan Teluk,"Kamis, 24 September 2026 01:34:00",NASA-SNPP,Medium,110.35996,-1.29008,False,False,True,False,False,True,Di Luar Area Pantauan (>1000m dari Desa)
Pulau Maya,Dusun Kecil,"Kamis, 24 September 2026 01:34:00",NASA-SNPP,Medium,109.5658,-1.02294,False,False,False,True,False,True,Di Luar Area Pantauan (>1000m dari Desa)
Simpang Hilir,Matan Jaya,"Kamis, 24 September 2026 01:34:00",NASA-SNPP,Medium,110.34511,-1.25099,False,False,True,False,True,True,Di Luar Area Pantauan (>1000m dari Desa)
Simpang Hilir,Matan Jaya,"Kamis, 24 September 2026 01:34:00",NASA-SNPP,Medium,110.34572,-1.247,False,False,True,False,True,True,Di Luar Area Pantauan (>1000m dari Desa)
Nanga Tayap,Pangkalan Teluk,"Kamis, 24 September 2026 01:34:00",NASA-SNPP,Medium,110.35868,-1.29807,False,False,True,False,False,True,Di Luar Area Pantauan (>1000m dari Desa)
Nanga Tayap,Pangkalan Teluk,"Kamis, 24 September 2026 01:34:00",NASA-SNPP,Medium,110.36384,-1.29888,False,False,False,False,False,False,Di Luar Area Pantauan (>1000m dari Desa)
Hulu Sungai,Benua Krio,"Kamis, 24 September 2026 01:34:00",NASA-SNPP,Medium,110.69732,-1.08124,False,False,False,False,False,False,Di Luar Area Pantauan (>1000m dari Desa)
Simpang Hilir,Lubuk Batu,"Kamis, 24 September 2026 01:34:00",NASA-SNPP,Medium,110.16849,-0.93658,False,False,True,False,False,True,Di Luar Area Pantauan (>1000m dari Desa)
Batu Ampar,Medan Mas,"Kamis, 24 September 2026 01:34:00",NASA-SNPP,Medium,109.28172,-0.71923,False,False,False,True,True,True,Di Luar Area Pantauan (>1000m dari Desa)
Simpang Dua,Kampar Sebomban,"Kamis, 24 September 2026 01:34:00",NASA-SNPP,Medium,110.17901,-0.93421,False,False,True,False,False,True,Di Luar Area Pantauan (>1000m dari Desa)
Hulu Sungai,Beginci Darat,"Kamis, 24 September 2026 01:34:00",NASA-SNPP,Medium,111.04102,-1.05209,True,False,True,False,False,True,Prioritas 1 (Tinggi)
Pinoh Utara,Nanga Man,"Kamis, 24 September 2026 01:34:00",NASA-SNPP,Medium,111.88752,-0.29032,False,False,False,False,False,False,Di Luar Area Pantauan (>1000m dari Desa)
Nanga Tayap,Sebadak Raya,"Kamis, 24 September 2026 01:34:00",NASA-SNPP,Medium,110.76315,-1.34469,False,False,True,False,False,True,Di Luar Area Pantauan (>1000m dari Desa)
Hulu Sungai,Batu Lapis,"Kamis, 24 September 2026 01:34:00",NASA-SNPP,Medium,110.76955,-1.32887,False,False,False,False,False,False,Di Luar Area Pantauan (>1000m dari Desa)
Hulu Sungai,Batu Lapis,"Kamis, 24 September 2026 01:34:00",NASA-SNPP,Medium,110.76165,-1.33185,False,False,False,False,False,False,Di Luar Area Pantauan (>1000m dari Desa)
Nanga Tayap,Mensubang,"Kamis, 24 September 2026 01:34:00",NASA-SNPP,Medium,110.44611,-1.2871,False,False,False,False,False,False,Di Luar Area Pantauan (>1000m dari Desa)
Hulu Sungai,Batu Lapis,"Kamis, 24 September 2026 01:34:00",NASA-SNPP,Medium,110.76509,-1.33238,False,False,True,False,False,True,Di Luar Area Pantauan (>1000m dari Desa)
Nanga Tayap,Pangkalan Teluk,"Kamis, 24 September 2026 01:34:00",NASA-SNPP,Medium,110.3697,-1.2957,False,False,False,False,False,False,Di Luar Area Pantauan (>1000m dari Desa)
Kayan Hilir,Lengkong Bindu,"Kamis, 24 September 2026 01:34:00",NASA-SNPP,Medium,111.97863,-0.06702,False,False,False,False,False,False,Di Luar Area Pantauan (>1000m dari Desa)
Belimbing Hulu,Beloyang,"Kamis, 24 September 2026 01:34:00",NASA-SNPP,Medium,111.5403,-0.31172,False,False,False,False,False,False,Di Luar Area Pantauan (>1000m dari Desa)
Simpang Dua,Mekar Raya,"Kamis, 24 September 2026 01:34:00",NASA-SNPP,Medium,110.37081,-0.8805,False,False,True,False,True,True,Di Luar Area Pantauan (>1000m dari Desa)
Simpang Dua,Mekar Raya,"Kamis, 24 September 2026 01:34:00",NASA-SNPP,Medium,110.36658,-0.87983,False,False,True,False,True,True,Di Luar Area Pantauan (>1000m dari Desa)
Simpang Hilir,Batu Barat,"Kamis, 24 September 2026 01:34:00",NASA-SNPP,Medium,110.12885,-0.84617,False,False,True,True,False,True,Di Luar Area Pantauan (>1000m dari Desa)
Belimbing Hulu,Beloyang,"Kamis, 24 September 2026 01:34:00",NASA-SNPP,Medium,111.53654,-0.31112,False,False,False,False,False,False,Di Luar Area Pantauan (>1000m dari Desa)
Belimbing Hulu,Beloyang,"Kamis, 24 September 2026 01:34:00",NASA-SNPP,Medium,111.54124,-0.30751,False,False,False,False,False,False,Di Luar Area Pantauan (>1000m dari Desa)
Sukadana,Riam Berasap Jaya,"Kamis, 24 September 2026 01:34:00",NASA-SNPP,Medium,110.2158,-1.33512,False,False,True,False,True,True,Di Luar Area Pantauan (>1000m dari Desa)
Nanga Tayap,Mensubang,"Kamis, 24 September 2026 01:34:00",NASA-SNPP,Medium,110.44942,-1.35864,False,False,False,False,False,False,Di Luar Area Pantauan (>1000m dari Desa)
Hulu Sungai,Beginci Darat,"Kamis, 24 September 2026 01:34:00",NASA-SNPP,Medium,111.14321,-1.14528,True,False,True,False,False,True,Prioritas 1 (Tinggi)
Simpang Hilir,Lubuk Batu,"Kamis, 24 September 2026 01:34:00",NASA-SNPP,Medium,110.18395,-0.93499,False,False,False,False,False,False,Di Luar Area Pantauan (>1000m dari Desa)
Matan Hilir Selatan,Sungai Nanjung,"Kamis, 24 September 2026 01:34:00",NASA-SNPP,Medium,110.25192,-2.15661,False,False,True,True,True,True,Di Luar Area Pantauan (>1000m dari Desa)
Matan Hilir Selatan,Sungai Nanjung,"Kamis, 24 September 2026 01:34:00",NASA-SNPP,Medium,110.20129,-2.12409,False,False,False,False,False,False,Di Luar Area Pantauan (>1000m dari Desa)
Matan Hilir Selatan,Sungai Besar,"Kamis, 24 September 2026 01:34:00",NASA-SNPP,Medium,110.23615,-1.8635,False,False,True,True,False,True,Di Luar Area Pantauan (>1000m dari Desa)
Sungai Melayu Rayak,Sungai Melayu,"Kamis, 24 September 2026 01:34:00",NASA-SNPP,Medium,110.31763,-1.75189,False,False,False,True,False,True,Di Luar Area Pantauan (>1000m dari Desa)
Matan Hilir Utara,Kuala Tolak,"Kamis, 24 September 2026 01:34:00",NASA-SNPP,Medium,110.15018,-1.47713,False,False,True,True,False,True,Di Luar Area Pantauan (>1000m dari Desa)
Matan Hilir Utara,Lamon Satong,"Kamis, 24 September 2026 01:34:00",NASA-SNPP,Medium,110.15877,-1.4218,False,False,False,True,False,True,Di Luar Area Pantauan (>1000m dari Desa)
Matan Hilir Utara,Kuala Satong,"Kamis, 24 September 2026 01:34:00",NASA-SNPP,Medium,110.13818,-1.4227,False,False,False,True,False,True,Di Luar Area Pantauan (>1000m dari Desa)
Matan Hilir Utara,Lamon Satong,"Kamis, 24 September 2026 01:34:00",NASA-SNPP,Medium,110.15597,-1.42298,False,False,False,True,False,True,Di Luar Area Pantauan (>1000m dari Desa)
Matan Hilir Utara,Kuala Tolak,"Kamis, 24 September 2026 01:34:00",NASA-SNPP,Medium,110.14042,-1.42453,False,False,False,True,False,True,Di Luar Area Pantauan (>1000m dari Desa)
Kendawangan,Pembedilan,"Kamis, 24 September 2026 01:34:00",NASA-SNPP,Medium,110.39337,-2.87898,False,False,False,False,True,True,Di Luar Area Pantauan (>1000m dari Desa)
Kendawangan,Danau Buntar,"Kamis, 24 September 2026 01:34:00",NASA-SNPP,Medium,110.96462,-2.79363,False,False,True,False,False,True,Di Luar Area Pantauan (>1000m dari Desa)
Kendawangan,Air Hitam Besar,"Kamis, 24 September 2026 01:34:00",NASA-SNPP,Medium,110.75606,-2.81728,False,False,False,True,False,True,Di Luar Area Pantauan (>1000m dari Desa)
Kendawangan,Air Hitam Besar,"Kamis, 24 September 2026 01:34:00",NASA-SNPP,Medium,110.76434,-2.81423,False,False,False,True,False,True,Di Luar Area Pantauan (>1000m dari Desa)
Kendawangan,Natai Kuini,"Kamis, 24 September 2026 01:34:00",NASA-SNPP,Medium,110.76369,-2.81843,False,False,False,False,False,False,Di Luar Area Pantauan (>1000m dari Desa)
Kendawangan,Seriam,"Kamis, 24 September 2026 01:34:00",NASA-SNPP,Medium,110.4408,-2.50565,False,False,False,False,False,False,Di Luar Area Pantauan (>1000m dari Desa)
Kendawangan,Seriam,"Kamis, 24 September 2026 01:34:00",NASA-SNPP,Medium,110.43236,-2.51271,False,False,False,False,False,False,Di Luar Area Pantauan (>1000m dari Desa)
Kendawangan,Air Hitam Besar,"Kamis, 24 September 2026 01:34:00",NASA-SNPP,Medium,110.76498,-2.81003,False,False,False,True,False,True,Di Luar Area Pantauan (>1000m dari Desa)
Kendawangan,Danau Buntar,"Kamis, 24 September 2026 01:34:00",NASA-SNPP,Medium,110.96136,-2.78877,False,False,False,False,False,False,Di Luar Area Pantauan (>1000m dari Desa)
Kendawangan,Airhitam Hulu,"Kamis, 24 September 2026 01:34:00",NASA-SNPP,Medium,110.63873,-2.61416,False,False,False,False,False,False,Di Luar Area Pantauan (>1000m dari Desa)
Kendawangan,Airhitam Hulu,"Kamis, 24 September 2026 01:34:00",NASA-SNPP,Medium,110.60333,-2.62145,False,False,False,False,False,False,Di Luar Area Pantauan (>1000m dari Desa)
Kendawangan,Air Hitam Besar,"Kamis, 24 September 2026 01:34:00",NASA-SNPP,Medium,110.68285,-2.65074,False,False,False,False,False,False,Di Luar Area Pantauan (>1000m dari Desa)
Kendawangan,Kendawangan Kanan,"Kamis, 24 September 2026 01:34:00",NASA-SNPP,Medium,110.24867,-2.67067,False,False,False,True,True,True,Di Luar Area Pantauan (>1000m dari Desa)
Kendawangan,Air Hitam Besar,"Kamis, 24 September 2026 01:34:00",NASA-SNPP,Medium,110.74929,-2.7776,False,False,False,True,False,True,Di Luar Area Pantauan (>1000m dari Desa)
Kendawangan,Natai Kuini,"Kamis, 24 September 2026 01:34:00",NASA-SNPP,Medium,110.84386,-2.82685,False,False,False,False,True,True,Di Luar Area Pantauan (>1000m dari Desa)
Kendawangan,Air Hitam Besar,"Kamis, 24 September 2026 01:34:00",NASA-SNPP,Medium,110.75565,-2.81294,False,False,False,False,False,False,Di Luar Area Pantauan (>1000m dari Desa)
Kendawangan,Danau Buntar,"Kamis, 24 September 2026 01:34:00",NASA-SNPP,Medium,110.96531,-2.78938,False,False,False,False,False,False,Di Luar Area Pantauan (>1000m dari Desa)
Kendawangan,Air Hitam Besar,"Kamis, 24 September 2026 01:34:00",NASA-SNPP,Medium,110.65333,-2.69879,False,False,False,False,False,False,Di Luar Area Pantauan (>1000m dari Desa)
Kendawangan,Air Hitam Besar,"Kamis, 24 September 2026 01:34:00",NASA-SNPP,Medium,110.6835,-2.64658,False,False,False,False,False,False,Di Luar Area Pantauan (>1000m dari Desa)
Kendawangan,Seriam,"Kamis, 24 September 2026 01:34:00",NASA-SNPP,Medium,110.39931,-2.73572,False,False,False,False,True,True,Di Luar Area Pantauan (>1000m dari Desa)
Kendawangan,Air Hitam Besar,"Kamis, 24 September 2026 01:34:00",NASA-SNPP,Medium,110.75289,-2.81251,False,False,False,True,False,True,Di Luar Area Pantauan (>1000m dari Desa)
Kendawangan,Air Hitam Besar,"Kamis, 24 September 2026 01:34:00",NASA-SNPP,Medium,110.7567,-2.81308,False,False,False,False,False,False,Di Luar Area Pantauan (>1000m dari Desa)
Kendawangan,Air Hitam Besar,"Kamis, 24 September 2026 01:34:00",NASA-SNPP,Medium,110.76116,-2.80946,False,False,False,False,False,False,Di Luar Area Pantauan (>1000m dari Desa)
Kendawangan,Air Hitam Besar,"Kamis, 24 September 2026 01:34:00",NASA-SNPP,Medium,110.76389,-2.80994,False,False,False,True,False,True,Di Luar Area Pantauan (>1000m dari Desa)
Kendawangan,Kendawangan Kanan,"Kamis, 24 September 2026 01:34:00",NASA-SNPP,Medium,110.29248,-2.81397,False,False,False,True,True,True,Di Luar Area Pantauan (>1000m dari Desa)
Kendawangan,Kendawangan Kanan,"Kamis, 24 September 2026 01:34:00",NASA-SNPP,Medium,110.27445,-2.76543,False,False,False,True,True,True,Di Luar Area Pantauan (>1000m dari Desa)
Kendawangan,Pembedilan,"Kamis, 24 September 2026 01:34:00",NASA-SNPP,Medium,110.39463,-2.87078,False,False,False,False,True,True,Di Luar Area Pantauan (>1000m dari Desa)
Kendawangan,Airhitam Hulu,"Kamis, 24 September 2026 01:34:00",NASA-SNPP,Medium,110.64796,-2.62832,False,False,False,False,False,False,Di Luar Area Pantauan (>1000m dari Desa)
Kendawangan,Airhitam Hulu,"Kamis, 24 September 2026 01:34:00",NASA-SNPP,Medium,110.60947,-2.63088,False,False,False,False,False,False,Di Luar Area Pantauan (>1000m dari Desa)
Sandai,Sandai,"Kamis, 24 September 2026 01:34:00",NASA-SNPP,Medium,110.56313,-1.26812,False,False,False,False,False,False,Di Luar Area Pantauan (>1000m dari Desa)
Pinoh Utara,Merah Arai,"Kamis, 24 September 2026 01:34:00",NASA-SNPP,Medium,111.9053,-0.2894,False,False,False,False,False,False,Di Luar Area Pantauan (>1000m dari Desa)
Pinoh Utara,Nanga Man,"Kamis, 24 September 2026 01:34:00",NASA-SNPP,Medium,111.90323,-0.30249,False,False,False,False,False,False,Di Luar Area Pantauan (>1000m dari Desa)
Pinoh Utara,Nanga Man,"Kamis, 24 September 2026 01:34:00",NASA-SNPP,Medium,111.88795,-0.2912,False,False,False,False,False,False,Di Luar Area Pantauan (>1000m dari Desa)
Simpang Hilir,Matan Jaya,"Kamis, 24 September 2026 01:34:00",NASA-SNPP,Medium,110.10098,-1.11376,False,False,True,True,True,True,Di Luar Area Pantauan (>1000m dari Desa)
Batu Ampar,Tanjungharapan,"Kamis, 24 September 2026 01:34:00",NASA-SNPP,Medium,109.50861,-0.856,True,False,False,True,True,True,Prioritas 1 (Tinggi)
Hulu Sungai,Beginci Darat,"Kamis, 24 September 2026 01:34:00",NASA-SNPP,Medium,111.037,-1.05147,True,False,True,False,False,True,Prioritas 1 (Tinggi)
Sandai,Randau Jungkal,"Kamis, 24 September 2026 01:34:00",NASA-SNPP,Medium,110.72394,-1.16891,False,False,False,False,False,False,Di Luar Area Pantauan (>1000m dari Desa)
Hulu Sungai,Beginci Darat,"Kamis, 24 September 2026 01:34:00",NASA-SNPP,Medium,111.14317,-1.14526,True,False,True,False,False,True,Prioritas 1 (Tinggi)
Simpang Hilir,Matan Jaya,"Kamis, 24 September 2026 01:34:00",NASA-SNPP,Medium,110.33711,-1.12366,False,False,True,False,True,True,Di Luar Area Pantauan (>1000m dari Desa)
Simpang Hilir,Padu Banjar,"Kamis, 24 September 2026 01:34:00",NASA-SNPP,Medium,109.82509,-0.99428,False,False,False,False,False,False,Di Luar Area Pantauan (>1000m dari Desa)
Kendawangan,Air Hitam Besar,"Kamis, 24 September 2026 01:34:00",NASA-SNPP,Medium,110.66633,-2.73911,False,False,False,False,False,False,Di Luar Area Pantauan (>1000m dari Desa)
Kendawangan,Natai Kuini,"Kamis, 24 September 2026 01:34:00",NASA-SNPP,Medium,110.76305,-2.82263,False,False,False,False,False,False,Di Luar Area Pantauan (>1000m dari Desa)
Kendawangan,Pembedilan,"Kamis, 24 September 2026 01:34:00",NASA-SNPP,Medium,110.394,-2.87488,False,False,False,False,True,True,Di Luar Area Pantauan (>1000m dari Desa)
Kendawangan,Air Hitam Besar,"Kamis, 24 September 2026 01:34:00",NASA-SNPP,Medium,110.75945,-2.81354,False,False,False,False,False,False,Di Luar Area Pantauan (>1000m dari Desa)
Kendawangan,Natai Kuini,"Kamis, 24 September 2026 01:34:00",NASA-SNPP,Medium,110.84057,-2.82999,False,False,False,False,True,True,Di Luar Area Pantauan (>1000m dari Desa)
Kendawangan,Air Hitam Besar,"Kamis, 24 September 2026 01:34:00",NASA-SNPP,Medium,110.76009,-2.80934,False,False,False,False,False,False,Di Luar Area Pantauan (>1000m dari Desa)
Kendawangan,Natai Kuini,"Kamis, 24 September 2026 01:34:00",NASA-SNPP,Medium,110.76707,-2.81474,False,False,False,True,False,True,Di Luar Area Pantauan (>1000m dari Desa)
Kendawangan,Kendawangan Kanan,"Kamis, 24 September 2026 01:34:00",NASA-SNPP,Medium,110.29186,-2.81804,False,False,False,True,True,True,Di Luar Area Pantauan (>1000m dari Desa)
Kendawangan,Airhitam Hulu,"Kamis, 24 September 2026 01:34:00",NASA-SNPP,Medium,110.63653,-2.6835,False,False,False,False,False,False,Di Luar Area Pantauan (>1000m dari Desa)
Kendawangan,Pembedilan,"Kamis, 24 September 2026 12:33:00",NASA-SNPP,Medium,110.39809,-2.87271,False,False,False,False,True,True,Di Luar Area Pantauan (>1000m dari Desa)
Kendawangan,Pembedilan,"Kamis, 24 September 2026 12:33:00",NASA-SNPP,Medium,110.37096,-2.88298,False,False,False,False,True,True,Di Luar Area Pantauan (>1000m dari Desa)
Kendawangan,Pembedilan,"Kamis, 24 September 2026 12:33:00",NASA-SNPP,Medium,110.39636,-2.86043,False,False,False,False,True,True,Di Luar Area Pantauan (>1000m dari Desa)
Kendawangan,Air Hitam Besar,"Kamis, 24 September 2026 12:33:00",NASA-SNPP,Medium,110.75784,-2.80746,False,False,False,False,False,False,Di Luar Area Pantauan (>1000m dari Desa)
Kendawangan,Pembedilan,"Kamis, 24 September 2026 12:33:00",NASA-SNPP,Medium,110.38612,-2.85567,False,False,False,False,True,True,Di Luar Area Pantauan (>1000m dari Desa)
Kendawangan,Pembedilan,"Kamis, 24 September 2026 12:33:00",NASA-SNPP,Medium,110.38993,-2.84884,False,False,False,False,True,True,Di Luar Area Pantauan (>1000m dari Desa)
Kendawangan,Seriam,"Kamis, 24 September 2026 12:33:00",NASA-SNPP,Medium,110.33109,-2.63988,False,False,False,False,True,True,Di Luar Area Pantauan (>1000m dari Desa)
Marau,Suka Karya,"Kamis, 24 September 2026 12:33:00",NASA-SNPP,Medium,110.62301,-2.18978,False,False,False,False,False,False,Di Luar Area Pantauan (>1000m dari Desa)
Kendawangan,Sungai Jelayan,"Kamis, 24 September 2026 12:33:00",NASA-SNPP,Medium,110.47182,-2.11264,False,False,False,False,False,False,Di Luar Area Pantauan (>1000m dari Desa)
Kendawangan,Sungai Jelayan,"Kamis, 24 September 2026 12:33:00",NASA-SNPP,Medium,110.46192,-2.10794,False,False,False,False,False,False,Di Luar Area Pantauan (>1000m dari Desa)
Kendawangan,Pangkalan Batu,"Kamis, 24 September 2026 12:33:00",NASA-SNPP,Medium,110.33987,-2.12614,False,False,False,False,False,False,Di Luar Area Pantauan (>1000m dari Desa)
Kendawangan,Sungai Jelayan,"Kamis, 24 September 2026 12:33:00",NASA-SNPP,Medium,110.4673,-2.11331,False,False,False,False,False,False,Di Luar Area Pantauan (>1000m dari Desa)
Matan Hilir Selatan,Sungai Nanjung,"Kamis, 24 September 2026 12:33:00",NASA-SNPP,Medium,110.18432,-2.13045,False,False,True,True,False,True,Di Luar Area Pantauan (>1000m dari Desa)
Tumbang Titi,Nanga Kelampai,"Kamis, 24 September 2026 12:33:00",NASA-SNPP,Medium,110.55212,-1.94928,False,False,False,False,False,False,Di Luar Area Pantauan (>1000m dari Desa)
Matan Hilir Selatan,Sungai Besar,"Kamis, 24 September 2026 12:33:00",NASA-SNPP,Medium,110.16871,-1.88916,False,False,True,True,False,True,Di Luar Area Pantauan (>1000m dari Desa)
Muara Pawan,Ulak Medang,"Kamis, 24 September 2026 12:33:00",NASA-SNPP,Medium,110.25937,-1.52559,False,False,True,True,False,True,Di Luar Area Pantauan (>1000m dari Desa)
Nanga Tayap,Sebadak Raya,"Kamis, 24 September 2026 12:33:00",NASA-SNPP,Medium,110.85564,-1.47486,False,False,True,False,False,True,Di Luar Area Pantauan (>1000m dari Desa)
Nanga Tayap,Siantau Raya,"Kamis, 24 September 2026 12:33:00",NASA-SNPP,Medium,110.46863,-1.60569,False,False,True,False,False,True,Di Luar Area Pantauan (>1000m dari Desa)
Nanga Tayap,Betenung,"Kamis, 24 September 2026 12:33:00",NASA-SNPP,Medium,110.80399,-1.55439,False,False,True,False,False,True,Di Luar Area Pantauan (>1000m dari Desa)
Nanga Tayap,Lembah Hijau Satu,"Kamis, 24 September 2026 12:33:00",NASA-SNPP,Medium,110.50198,-1.58836,False,False,False,False,False,False,Di Luar Area Pantauan (>1000m dari Desa)
Nanga Tayap,Pangkalan Teluk,"Kamis, 24 September 2026 12:33:00",NASA-SNPP,Medium,110.41475,-1.27072,False,False,False,False,False,False,Di Luar Area Pantauan (>1000m dari Desa)
Sandai,Sandai,"Kamis, 24 September 2026 12:33:00",NASA-SNPP,Medium,110.56606,-1.27191,False,False,False,False,False,False,Di Luar Area Pantauan (>1000m dari Desa)
Hulu Sungai,Benua Krio,"Kamis, 24 September 2026 12:33:00",NASA-SNPP,Medium,110.69579,-1.08079,False,False,False,False,False,False,Di Luar Area Pantauan (>1000m dari Desa)
Hulu Sungai,Krio Hulu,"Kamis, 24 September 2026 12:33:00",NASA-SNPP,Medium,110.8442,-0.80849,False,False,False,False,False,False,Di Luar Area Pantauan (>1000m dari Desa)
Ella Hilir,Nanga Kempangai,"Kamis, 24 September 2026 12:33:00",NASA-SNPP,Medium,112.0827,-0.59914,False,False,False,False,False,False,Di Luar Area Pantauan (>1000m dari Desa)
Hulu Sungai,Krio Hulu,"Kamis, 24 September 2026 12:33:00",NASA-SNPP,Medium,110.86828,-0.77522,False,False,True,False,False,True,Di Luar Area Pantauan (>1000m dari Desa)
Hulu Sungai,Krio Hulu,"Kamis, 24 September 2026 12:33:00",NASA-SNPP,Medium,110.86903,-0.78101,False,False,False,False,False,False,Di Luar Area Pantauan (>1000m dari Desa)
Hulu Sungai,Sunge Bengaras,"Kamis, 24 September 2026 12:33:00",NASA-SNPP,Medium,110.78459,-0.79403,False,False,True,False,False,True,Di Luar Area Pantauan (>1000m dari Desa)
Ambalau,Nanga Kemangai,"Kamis, 24 September 2026 12:33:00",NASA-SNPP,Medium,112.72555,-0.24394,False,False,False,False,False,False,Di Luar Area Pantauan (>1000m dari Desa)
Serawai,Nanga Jelundung,"Kamis, 24 September 2026 12:33:00",NASA-SNPP,Medium,112.55418,-0.47639,False,False,False,False,False,False,Di Luar Area Pantauan (>1000m dari Desa)
Pinoh Utara,Nanga Man,"Kamis, 24 September 2026 12:33:00",NASA-SNPP,Medium,111.8894,-0.30239,False,False,False,False,False,False,Di Luar Area Pantauan (>1000m dari Desa)
Ambalau,Nanga Kesange,"Kamis, 24 September 2026 12:33:00",NASA-SNPP,Medium,112.82355,-0.2752,False,False,False,False,False,False,Di Luar Area Pantauan (>1000m dari Desa)
Ambalau,Buntut Pimpin,"Kamis, 24 September 2026 12:33:00",NASA-SNPP,Medium,112.81315,-0.006,False,False,False,False,False,False,Di Luar Area Pantauan (>1000m dari Desa)
Kayan Hulu,Nangkak Lestari,"Kamis, 24 September 2026 12:33:00",NASA-SNPP,Medium,112.21423,-0.08059,False,False,False,False,False,False,Di Luar Area Pantauan (>1000m dari Desa)
Meliau,Balai Tinggi,"Kamis, 24 September 2026 12:33:00",NASA-SNPP,Medium,110.18452,-0.2175,False,False,False,False,False,False,Di Luar Area Pantauan (>1000m dari Desa)
Ella Hilir,Bemban Permai,"Kamis, 24 September 2026 12:33:00",NASA-SNPP,Medium,112.0108,-0.55199,False,False,False,False,False,False,Di Luar Area Pantauan (>1000m dari Desa)
Meliau,Kuala Rosan,"Kamis, 24 September 2026 12:33:00",NASA-SNPP,Medium,110.53365,-0.21152,False,False,False,False,False,False,Di Luar Area Pantauan (>1000m dari Desa)
Kayan Hulu,Nanga Laar,"Kamis, 24 September 2026 12:33:00",NASA-SNPP,Medium,112.31439,-0.00111,False,False,False,False,False,False,Di Luar Area Pantauan (>1000m dari Desa)
Sepauk,Nanga Libau,"Kamis, 24 September 2026 12:33:00",NASA-SNPP,Medium,111.12754,-0.13527,False,False,False,False,False,False,Di Luar Area Pantauan (>1000m dari Desa)
Simpang Hulu,Kenanga,"Kamis, 24 September 2026 12:33:00",NASA-SNPP,Medium,110.49001,-0.66611,False,False,False,False,False,False,Di Luar Area Pantauan (>1000m dari Desa)
Tayan Hulu,Binjai,"Kamis, 24 September 2026 12:33:00",NASA-SNPP,Medium,110.34191,0.26914,False,False,False,False,False,False,Di Luar Area Pantauan (>1000m dari Desa)
Tayan Hulu,Binjai,"Kamis, 24 September 2026 12:33:00",NASA-SNPP,Medium,110.34308,0.26797,False,False,False,False,False,False,Di Luar Area Pantauan (>1000m dari Desa)
Badau,Seriang,"Kamis, 24 September 2026 12:33:00",NASA-SNPP,Medium,112.04587,0.9486,False,False,False,False,True,True,Di Luar Area Pantauan (>1000m dari Desa)
Kendawangan,Pembedilan,"Kamis, 24 September 2026 12:33:00",NASA-SNPP,Medium,110.43235,-2.88017,False,False,False,False,True,True,Di Luar Area Pantauan (>1000m dari Desa)
Kendawangan,Pembedilan,"Kamis, 24 September 2026 12:33:00",NASA-SNPP,Medium,110.39046,-2.88637,False,False,False,False,True,True,Di Luar Area Pantauan (>1000m dari Desa)
Muara Pawan,Tanjung Pura,"Kamis, 24 September 2026 12:33:00",NASA-SNPP,Medium,110.18349,-1.7122,False,False,True,True,False,True,Di Luar Area Pantauan (>1000m dari Desa)
Kendawangan,Seriam,"Kamis, 24 September 2026 12:33:00",NASA-SNPP,Medium,110.32973,-2.63918,False,False,False,False,True,True,Di Luar Area Pantauan (>1000m dari Desa)
Kendawangan,Kendawangan Kanan,"Kamis, 24 September 2026 12:33:00",NASA-SNPP,Medium,110.29147,-2.82053,False,False,False,True,True,True,Di Luar Area Pantauan (>1000m dari Desa)
Kendawangan,Air Hitam Besar,"Kamis, 24 September 2026 12:33:00",NASA-SNPP,Medium,110.74902,-2.80875,False,False,False,True,False,True,Di Luar Area Pantauan (>1000m dari Desa)
Kendawangan,Air Hitam Besar,"Kamis, 24 September 2026 12:33:00",NASA-SNPP,Medium,110.75174,-2.79612,False,False,False,True,False,True,Di Luar Area Pantauan (>1000m dari Desa)
Kendawangan,Air Hitam Besar,"Kamis, 24 September 2026 12:33:00",NASA-SNPP,Medium,110.75257,-2.80211,False,False,False,True,False,True,Di Luar Area Pantauan (>1000m dari Desa)
Muara Pawan,Ulak Medang,"Kamis, 24 September 2026 12:33:00",NASA-SNPP,Medium,110.23022,-1.51761,False,False,True,True,False,True,Di Luar Area Pantauan (>1000m dari Desa)
Muara Pawan,Ulak Medang,"Kamis, 24 September 2026 12:33:00",NASA-SNPP,Medium,110.28288,-1.5282,False,False,True,True,False,True,Di Luar Area Pantauan (>1000m dari Desa)
Kendawangan,Natai Kuini,"Kamis, 24 September 2026 12:33:00",NASA-SNPP,Medium,110.80054,-2.8256,False,False,False,False,True,True,Di Luar Area Pantauan (>1000m dari Desa)
Kendawangan,Natai Kuini,"Kamis, 24 September 2026 12:33:00",NASA-SNPP,Medium,110.71843,-2.97041,False,False,False,False,False,False,Di Luar Area Pantauan (>1000m dari Desa)
Menukung,Langau Leban Satu,"Kamis, 24 September 2026 12:33:00",NASA-SNPP,Medium,112.28439,-0.44449,False,False,False,False,False,False,Di Luar Area Pantauan (>1000m dari Desa)
Nanga Mahap,Lembah Beringin,"Kamis, 24 September 2026 12:33:00",NASA-SNPP,Medium,110.78535,-0.68694,False,False,False,False,False,False,Di Luar Area Pantauan (>1000m dari Desa)
Kendawangan,Bangkal Serai,"Kamis, 24 September 2026 12:33:00",NASA-SNPP,Medium,110.45514,-2.46442,False,False,False,False,True,True,Di Luar Area Pantauan (>1000m dari Desa)
Kendawangan,Sungai Jelayan,"Kamis, 24 September 2026 12:33:00",NASA-SNPP,Medium,110.47172,-2.24319,False,False,False,False,False,False,Di Luar Area Pantauan (>1000m dari Desa)
Kendawangan,Natai Kuini,"Kamis, 24 September 2026 12:33:00",NASA-SNPP,Medium,110.86293,-2.79811,False,False,False,False,True,True,Di Luar Area Pantauan (>1000m dari Desa)
Hulu Sungai,Krio Hulu,"Kamis, 24 September 2026 12:33:00",NASA-SNPP,Medium,110.87954,-0.76759,False,True,False,False,False,False,Prioritas 3 (Rendah)
Ketungau Tengah,Swadaya,"Kamis, 24 September 2026 12:33:00",NASA-SNPP,Medium,111.54453,0.73012,False,False,False,False,False,False,Di Luar Area Pantauan (>1000m dari Desa)
Ketungau Tengah,Mungguk Lawang,"Kamis, 24 September 2026 12:33:00",NASA-SNPP,Medium,111.7168,0.66618,False,False,False,False,False,False,Di Luar Area Pantauan (>1000m dari Desa)
Ketungau Tengah,Radin Jaya,"Kamis, 24 September 2026 12:33:00",NASA-SNPP,Medium,111.54002,0.79737,False,False,False,False,False,False,Di Luar Area Pantauan (>1000m dari Desa)
Ketungau Tengah,Swadaya,"Kamis, 24 September 2026 12:33:00",NASA-SNPP,Medium,111.54164,0.7866,False,False,False,False,False,False,Di Luar Area Pantauan (>1000m dari Desa)
Nanga Tayap,Lembah Hijau Satu,"Kamis, 24 September 2026 12:33:00",NASA-SNPP,Medium,110.4914,-1.57773,False,False,False,False,False,False,Di Luar Area Pantauan (>1000m dari Desa)
Matan Hilir Selatan,Sungai Nanjung,"Kamis, 24 September 2026 12:33:00",NASA-SNPP,Medium,110.19073,-2.1297,False,False,True,True,False,True,Di Luar Area Pantauan (>1000m dari Desa)
Kendawangan,Air Hitam Besar,"Kamis, 24 September 2026 12:33:00",NASA-SNPP,Medium,110.75867,-2.81346,False,False,False,False,False,False,Di Luar Area Pantauan (>1000m dari Desa)
Kendawangan,Pembedilan,"Kamis, 24 September 2026 12:33:00",NASA-SNPP,Medium,110.32195,-2.79709,False,False,False,False,True,True,Di Luar Area Pantauan (>1000m dari Desa)
Kendawangan,Pembedilan,"Kamis, 24 September 2026 12:33:00",NASA-SNPP,Medium,110.39765,-2.7608,False,False,False,False,True,True,Di Luar Area Pantauan (>1000m dari Desa)
Kendawangan,Seriam,"Kamis, 24 September 2026 12:33:00",NASA-SNPP,Medium,110.39971,-2.74173,False,False,False,False,True,True,Di Luar Area Pantauan (>1000m dari Desa)
Kendawangan,Pembedilan,"Kamis, 24 September 2026 12:33:00",NASA-SNPP,Medium,110.39723,-2.86657,False,False,False,False,True,True,Di Luar Area Pantauan (>1000m dari Desa)
Kendawangan,Seriam,"Kamis, 24 September 2026 12:33:00",NASA-SNPP,Medium,110.4378,-2.50433,False,False,False,False,False,False,Di Luar Area Pantauan (>1000m dari Desa)
Kendawangan,Sungai Jelayan,"Kamis, 24 September 2026 12:33:00",NASA-SNPP,Medium,110.43636,-2.25471,False,False,False,False,False,False,Di Luar Area Pantauan (>1000m dari Desa)
Kendawangan,Pembedilan,"Kamis, 24 September 2026 12:33:00",NASA-SNPP,Medium,110.39677,-2.75467,False,False,False,False,True,True,Di Luar Area Pantauan (>1000m dari Desa)
Kendawangan,Kendawangan Kanan,"Kamis, 24 September 2026 12:33:00",NASA-SNPP,Medium,110.28984,-2.81929,False,False,False,True,True,True,Di Luar Area Pantauan (>1000m dari Desa)
Kendawangan,Pembedilan,"Kamis, 24 September 2026 12:33:00",NASA-SNPP,Medium,110.38581,-2.88706,False,False,False,False,True,True,Di Luar Area Pantauan (>1000m dari Desa)
Kendawangan,Air Hitam Besar,"Kamis, 24 September 2026 12:33:00",NASA-SNPP,Medium,110.75342,-2.80811,False,False,False,True,False,True,Di Luar Area Pantauan (>1000m dari Desa)
Jelai Hulu,Semantun,"Kamis, 24 September 2026 12:33:00",NASA-SNPP,Medium,111.04142,-1.96206,False,False,True,False,False,True,Di Luar Area Pantauan (>1000m dari Desa)
Tumbang Titi,Nanga Kelampai,"Kamis, 24 September 2026 12:33:00",NASA-SNPP,Medium,110.5498,-1.95137,False,False,False,False,False,False,Di Luar Area Pantauan (>1000m dari Desa)
Tumbang Titi,Nanga Kelampai,"Kamis, 24 September 2026 12:33:00",NASA-SNPP,Medium,110.54767,-1.94997,False,False,False,False,False,False,Di Luar Area Pantauan (>1000m dari Desa)
Muara Pawan,Tanjung Pasar,"Kamis, 24 September 2026 12:33:00",NASA-SNPP,Medium,110.13241,-1.82027,False,False,False,False,False,False,Di Luar Area Pantauan (>1000m dari Desa)
Muara Pawan,Tanjung Pura,"Kamis, 24 September 2026 12:33:00",NASA-SNPP,Medium,110.19267,-1.71083,False,False,True,True,False,True,Di Luar Area Pantauan (>1000m dari Desa)
Nanga Tayap,Batu Mas,"Kamis, 24 September 2026 12:33:00",NASA-SNPP,Medium,110.54497,-1.67641,False,False,False,False,False,False,Di Luar Area Pantauan (>1000m dari Desa)
Kendawangan,Kendawangan Kanan,"Kamis, 24 September 2026 15:05:00",NASA-MODIS,Medium,110.28186,-2.82752,False,False,False,True,True,True,Di Luar Area Pantauan (>1000m dari Desa)
Belitang Hulu,Terduk Dampak,"Kamis, 24 September 2026 15:05:00",NASA-MODIS,Medium,111.14911,0.60352,False,False,False,False,False,False,Di Luar Area Pantauan (>1000m dari Desa)
Belitang Hulu,Seburuk Satu,"Kamis, 24 September 2026 15:05:00",NASA-MODIS,Medium,111.06242,0.59044,False,False,False,False,False,False,Di Luar Area Pantauan (>1000m dari Desa)
Matan Hilir Selatan,Sungai Nanjung,"Kamis, 24 September 2026 08:32:00",NASA-MODIS,Medium,110.20892,-2.14852,False,False,True,True,False,True,Di Luar Area Pantauan (>1000m dari Desa)
Muara Pawan,Ulak Medang,"Kamis, 24 September 2026 02:47:00",NASA-MODIS,Medium,110.28863,-1.5297,False,False,True,True,False,True,Di Luar Area Pantauan (>1000m dari Desa)
Kendawangan,Pembedilan,"Kamis, 24 September 2026 15:05:00",NASA-MODIS,Medium,110.39016,-2.84919,False,False,False,False,True,True,Di Luar Area Pantauan (>1000m dari Desa)
Tayan Hilir,Beginjan,"Kamis, 24 September 2026 15:05:00",NASA-MODIS,Medium,110.23087,-0.01495,False,False,False,False,False,False,Di Luar Area Pantauan (>1000m dari Desa)
Kendawangan,Selimantan Jaya,"Kamis, 24 September 2026 08:32:00",NASA-MODIS,Medium,110.54971,-2.21798,False,False,False,False,False,False,Di Luar Area Pantauan (>1000m dari Desa)
Kendawangan,Danau Buntar,"Kamis, 24 September 2026 15:05:00",NASA-MODIS,Medium,110.98888,-2.77466,False,False,False,False,False,False,Di Luar Area Pantauan (>1000m dari Desa)
Belitang Hulu,Sebetung,"Kamis, 24 September 2026 15:05:00",NASA-MODIS,Medium,111.06278,0.55724,False,False,False,False,False,False,Di Luar Area Pantauan (>1000m dari Desa)
Simpang Dua,Kampar Sebomban,"Kamis, 24 September 2026 15:05:00",NASA-MODIS,Medium,110.20541,-0.70769,False,False,False,False,False,False,Di Luar Area Pantauan (>1000m dari Desa)
Belitang Hulu,Sungaiantu Hulu,"Kamis, 24 September 2026 15:05:00",NASA-MODIS,Medium,111.11013,0.67961,False,False,False,False,False,False,Di Luar Area Pantauan (>1000m dari Desa)
Nanga Tayap,Nanga Tayap,"Kamis, 24 September 2026 02:47:00",NASA-MODIS,Medium,110.51225,-1.57953,False,False,False,False,False,False,Di Luar Area Pantauan (>1000m dari Desa)
Belitang Hulu,Seburuk Satu,"Kamis, 24 September 2026 15:05:00",NASA-MODIS,High,111.05954,0.60989,False,False,False,False,False,False,Di Luar Area Pantauan (>1000m dari Desa)
Mukok,Engkode,"Kamis, 24 September 2026 15:05:00",NASA-MODIS,High,110.75837,0.17491,False,False,False,False,False,False,Di Luar Area Pantauan (>1000m dari Desa)
Kendawangan,Seriam,"Kamis, 24 September 2026 15:05:00",NASA-MODIS,High,110.3948,-2.62663,False,False,False,False,True,True,Di Luar Area Pantauan (>1000m dari Desa)
Muara Pawan,Ulak Medang,"Kamis, 24 September 2026 02:47:00",NASA-MODIS,High,110.26064,-1.52522,False,False,True,True,False,True,Di Luar Area Pantauan (>1000m dari Desa)
Matan Hilir Selatan,Sungai Nanjung,"Kamis, 24 September 2026 08:32:00",NASA-MODIS,High,110.18566,-2.13472,False,False,True,True,False,True,Di Luar Area Pantauan (>1000m dari Desa)
Kendawangan,Seriam,"Kamis, 24 September 2026 15:05:00",NASA-MODIS,High,110.38124,-2.62862,False,False,False,False,True,True,Di Luar Area Pantauan (>1000m dari Desa)
Belitang Hulu,Seburuk Satu,"Kamis, 24 September 2026 15:05:00",NASA-MODIS,High,111.06099,0.60016,False,False,False,False,False,False,Di Luar Area Pantauan (>1000m dari Desa)
Kendawangan,Pembedilan,"Kamis, 24 September 2026 15:05:00",NASA-MODIS,High,110.39328,-2.8708,False,False,False,False,True,True,Di Luar Area Pantauan (>1000m dari Desa)
Pinoh Utara,Merah Arai,"Kamis, 24 September 2026 01:34:00",NASA-SNPP,High,111.90113,-0.28876,False,False,False,False,False,False,Di Luar Area Pantauan (>1000m dari Desa)
Tumbang Titi,Nanga Kelampai,"Kamis, 24 September 2026 12:33:00",NASA-SNPP,High,110.48406,-1.91672,False,False,False,False,False,False,Di Luar Area Pantauan (>1000m dari Desa)
Kendawangan,Sungai Jelayan,"Kamis, 24 September 2026 12:33:00",NASA-SNPP,High,110.47544,-2.10593,False,False,False,False,False,False,Di Luar Area Pantauan (>1000m dari Desa)
Muara Pawan,Ulak Medang,"Kamis, 24 September 2026 02:47:00",NASA-MODIS,High,110.26785,-1.52734,False,False,True,True,False,True,Di Luar Area Pantauan (>1000m dari Desa)
Kendawangan,Pangkalan Batu,"Kamis, 24 September 2026 12:33:00",NASA-SNPP,High,110.3353,-2.12682,False,False,False,False,False,False,Di Luar Area Pantauan (>1000m dari Desa)
Kendawangan,Bangkal Serai,"Kamis, 24 September 2026 12:33:00",NASA-SNPP,High,110.62125,-2.55847,False,False,False,False,False,False,Di Luar Area Pantauan (>1000m dari Desa)
Kendawangan,Pembedilan,"Kamis, 24 September 2026 12:33:00",NASA-SNPP,High,110.43145,-2.87405,False,False,False,False,True,True,Di Luar Area Pantauan (>1000m dari Desa)
Kendawangan,Air Hitam Besar,"Kamis, 24 September 2026 12:33:00",NASA-SNPP,High,110.75614,-2.79548,False,False,False,False,False,False,Di Luar Area Pantauan (>1000m dari Desa)
Matan Hilir Utara,Tanjung Baik Budi,"Kamis, 24 September 2026 01:34:00",NASA-SNPP,High,110.18472,-1.54198,False,False,True,True,False,True,Di Luar Area Pantauan (>1000m dari Desa)
Kendawangan,Bangkal Serai,"Kamis, 24 September 2026 12:33:00",NASA-SNPP,High,110.62053,-2.55982,False,False,False,False,False,False,Di Luar Area Pantauan (>1000m dari Desa)
Kendawangan,Sungai Jelayan,"Kamis, 24 September 2026 12:33:00",NASA-SNPP,High,110.4628,-2.11399,False,False,False,False,False,False,Di Luar Area Pantauan (>1000m dari Desa)
Muara Pawan,Ulak Medang,"Kamis, 24 September 2026 01:34:00",NASA-SNPP,High,110.25637,-1.52637,False,False,True,True,False,True,Di Luar Area Pantauan (>1000m dari Desa)
Kendawangan,Pembedilan,"Kamis, 24 September 2026 12:33:00",NASA-SNPP,High,110.39167,-2.86112,False,False,False,False,True,True,Di Luar Area Pantauan (>1000m dari Desa)
Ketungau Hilir,Tanjung Baung,"Kamis, 24 September 2026 12:55:00",NASA-NOAA20,High,111.65501,0.3317,False,False,False,False,False,False,Di Luar Area Pantauan (>1000m dari Desa)
Kendawangan,Natai Kuini,"Kamis, 24 September 2026 15:05:00",NASA-MODIS,High,110.71255,-2.97047,False,False,False,False,False,False,Di Luar Area Pantauan (>1000m dari Desa)
Belitang Hulu,Seburuk Satu,"Kamis, 24 September 2026 15:05:00",NASA-MODIS,High,111.00933,0.53941,False,False,False,False,False,False,Di Luar Area Pantauan (>1000m dari Desa)
Nanga Tayap,Lembah Hijau Satu,"Kamis, 24 September 2026 02:47:00",NASA-MODIS,High,110.50491,-1.5793,False,False,False,False,False,False,Di Luar Area Pantauan (>1000m dari Desa)
Nanga Tayap,Betenung,"Kamis, 24 September 2026 15:05:00",NASA-MODIS,High,110.80352,-1.56284,False,False,False,False,False,False,Di Luar Area Pantauan (>1000m dari Desa)
