Kecamatan,Desa,Waktu,Satelit,Confidence,Longitude,Latitude,in_desa,in_buffer,is_hutan,is_gambut,is_kk,in_kawasan,Prioritas_Satgas
Kendawangan,Kendawangan Kanan,"Senin, 05 Oktober 2026 15:28:00",NASA-MODIS,Low,110.26802,-2.82349,False,False,False,False,True,True,Di Luar Area Pantauan (>1000m dari Desa)
Kendawangan,Natai Kuini,"Senin, 05 Oktober 2026 19:46:00",NASA-MODIS,Low,110.7288,-2.85285,False,False,False,False,False,False,Di Luar Area Pantauan (>1000m dari Desa)
Kendawangan,Pembedilan,"Senin, 05 Oktober 2026 15:28:00",NASA-MODIS,Low,110.43601,-2.75277,False,False,False,False,True,True,Di Luar Area Pantauan (>1000m dari Desa)
Kendawangan,Natai Kuini,"Senin, 05 Oktober 2026 19:46:00",NASA-MODIS,Low,110.69303,-2.89306,False,False,False,False,False,False,Di Luar Area Pantauan (>1000m dari Desa)
Sandai,Pendamaran Indah,"Senin, 05 Oktober 2026 14:07:00",NASA-SNPP,Low,110.60378,-1.08824,False,False,False,False,False,False,Di Luar Area Pantauan (>1000m dari Desa)
Sungai Laur,Bayun Sari,"Senin, 05 Oktober 2026 12:27:00",NASA-SNPP,Low,110.43858,-1.05346,False,False,False,False,False,False,Di Luar Area Pantauan (>1000m dari Desa)
Kendawangan,Natai Kuini,"Senin, 05 Oktober 2026 12:46:00",NASA-NOAA20,Low,110.86878,-2.8269,False,False,False,False,True,True,Di Luar Area Pantauan (>1000m dari Desa)
Kendawangan,Natai Kuini,"Senin, 05 Oktober 2026 12:46:00",NASA-NOAA20,Low,110.86363,-2.81904,False,False,False,False,True,True,Di Luar Area Pantauan (>1000m dari Desa)
Sandai,Pendamaran Indah,"Senin, 05 Oktober 2026 14:07:00",NASA-SNPP,Low,110.60264,-1.08133,False,False,False,False,False,False,Di Luar Area Pantauan (>1000m dari Desa)
Kendawangan,Natai Kuini,"Senin, 05 Oktober 2026 12:46:00",NASA-NOAA20,Low,110.72422,-2.97432,False,False,False,False,False,False,Di Luar Area Pantauan (>1000m dari Desa)
Kendawangan,Natai Kuini,"Senin, 05 Oktober 2026 12:46:00",NASA-NOAA20,Low,110.68797,-2.92291,False,False,False,False,False,False,Di Luar Area Pantauan (>1000m dari Desa)
Kendawangan,Natai Kuini,"Senin, 05 Oktober 2026 12:46:00",NASA-NOAA20,Low,110.80791,-2.84918,False,False,False,False,False,False,Di Luar Area Pantauan (>1000m dari Desa)
Kendawangan,Natai Kuini,"Senin, 05 Oktober 2026 12:46:00",NASA-NOAA20,Low,110.8532,-2.82927,False,False,False,False,True,True,Di Luar Area Pantauan (>1000m dari Desa)
Manis Mata,Suka Ramai,"Senin, 05 Oktober 2026 12:46:00",NASA-NOAA20,Low,111.09906,-2.71542,False,False,False,False,False,False,Di Luar Area Pantauan (>1000m dari Desa)
Kendawangan,Natai Kuini,"Senin, 05 Oktober 2026 12:46:00",NASA-NOAA20,Low,110.85973,-2.81964,False,False,False,False,True,True,Di Luar Area Pantauan (>1000m dari Desa)
Kendawangan,Pembedilan,"Senin, 05 Oktober 2026 12:46:00",NASA-NOAA20,Low,110.39379,-2.76421,False,False,False,False,True,True,Di Luar Area Pantauan (>1000m dari Desa)
Kendawangan,Air Hitam Besar,"Senin, 05 Oktober 2026 14:07:00",NASA-SNPP,Low,110.72886,-2.79642,False,False,False,False,False,False,Di Luar Area Pantauan (>1000m dari Desa)
Kendawangan,Natai Kuini,"Senin, 05 Oktober 2026 12:46:00",NASA-NOAA20,Low,110.68948,-2.90517,False,False,False,False,False,False,Di Luar Area Pantauan (>1000m dari Desa)
Sandai,Pendamaran Indah,"Senin, 05 Oktober 2026 12:27:00",NASA-SNPP,Low,110.63824,-1.03716,False,False,False,False,True,True,Di Luar Area Pantauan (>1000m dari Desa)
Kendawangan,Air Tarap,"Senin, 05 Oktober 2026 12:27:00",NASA-SNPP,Low,110.87173,-2.54348,False,False,False,False,False,False,Di Luar Area Pantauan (>1000m dari Desa)
Kendawangan,Natai Kuini,"Senin, 05 Oktober 2026 12:46:00",NASA-NOAA20,Low,110.70493,-2.89852,False,False,False,False,False,False,Di Luar Area Pantauan (>1000m dari Desa)
Jelai Hulu,Sidahari,"Senin, 05 Oktober 2026 15:28:00",NASA-MODIS,Low,110.73051,-1.95065,False,False,False,False,False,False,Di Luar Area Pantauan (>1000m dari Desa)
Kendawangan,Air Hitam Besar,"Selasa, 06 Oktober 2026 03:49:00",NASA-MODIS,Low,110.71913,-2.8414,False,False,False,False,False,False,Di Luar Area Pantauan (>1000m dari Desa)
Tumbang Titi,Batu Tajam,"Senin, 05 Oktober 2026 15:28:00",NASA-MODIS,Low,110.57076,-1.81772,False,False,False,False,False,False,Di Luar Area Pantauan (>1000m dari Desa)
Manis Mata,Suka Ramai,"Senin, 05 Oktober 2026 15:28:00",NASA-MODIS,Low,111.10722,-2.76321,False,False,False,False,False,False,Di Luar Area Pantauan (>1000m dari Desa)
Kendawangan,Air Hitam Besar,"Selasa, 06 Oktober 2026 03:49:00",NASA-MODIS,Low,110.71313,-2.78797,False,False,False,False,False,False,Di Luar Area Pantauan (>1000m dari Desa)
Kendawangan,Natai Kuini,"Senin, 05 Oktober 2026 19:46:00",NASA-MODIS,Medium,110.68846,-2.90013,False,False,False,False,False,False,Di Luar Area Pantauan (>1000m dari Desa)
Ngabang,Amboyo Inti,"Senin, 05 Oktober 2026 15:30:00",NASA-MODIS,Medium,109.91415,0.39613,False,False,False,False,False,False,Di Luar Area Pantauan (>1000m dari Desa)
Kendawangan,Air Hitam Besar,"Senin, 05 Oktober 2026 19:46:00",NASA-MODIS,Medium,110.69865,-2.80121,False,False,False,True,False,True,Di Luar Area Pantauan (>1000m dari Desa)
Kendawangan,Air Hitam Besar,"Selasa, 06 Oktober 2026 03:49:00",NASA-MODIS,Medium,110.72681,-2.83864,False,False,False,True,False,True,Di Luar Area Pantauan (>1000m dari Desa)
Kendawangan,Natai Kuini,"Senin, 05 Oktober 2026 15:28:00",NASA-MODIS,Medium,110.83458,-2.80378,False,False,False,True,True,True,Di Luar Area Pantauan (>1000m dari Desa)
Kendawangan,Danau Buntar,"Senin, 05 Oktober 2026 19:46:00",NASA-MODIS,Medium,110.87398,-2.54511,False,False,False,False,False,False,Di Luar Area Pantauan (>1000m dari Desa)
Matan Hilir Utara,Sungai Putri,"Senin, 05 Oktober 2026 15:28:00",NASA-MODIS,Medium,110.08663,-1.55646,False,False,True,True,False,True,Di Luar Area Pantauan (>1000m dari Desa)
Tempunak,Nanga Tempunak,"Senin, 05 Oktober 2026 15:30:00",NASA-MODIS,Medium,111.38446,0.0688,False,False,False,False,False,False,Di Luar Area Pantauan (>1000m dari Desa)
Matan Hilir Utara,Sungai Putri,"Senin, 05 Oktober 2026 15:28:00",NASA-MODIS,Medium,110.08797,-1.56544,False,False,True,True,False,True,Di Luar Area Pantauan (>1000m dari Desa)
Matan Hilir Selatan,Sungai Nanjung,"Senin, 05 Oktober 2026 15:28:00",NASA-MODIS,Medium,110.17922,-2.14329,False,False,True,False,False,True,Di Luar Area Pantauan (>1000m dari Desa)
Kendawangan,Pembedilan,"Senin, 05 Oktober 2026 19:46:00",NASA-MODIS,Medium,110.4795,-2.80903,False,False,False,False,True,True,Di Luar Area Pantauan (>1000m dari Desa)
Kendawangan,Danau Buntar,"Senin, 05 Oktober 2026 15:28:00",NASA-MODIS,Medium,110.98518,-2.81909,False,False,False,False,False,False,Di Luar Area Pantauan (>1000m dari Desa)
Kendawangan,Kedondong,"Senin, 05 Oktober 2026 15:28:00",NASA-MODIS,Medium,110.29925,-2.27369,False,False,False,False,False,False,Di Luar Area Pantauan (>1000m dari Desa)
Manis Mata,Seguling,"Senin, 05 Oktober 2026 19:46:00",NASA-MODIS,Medium,111.09782,-2.65773,False,False,True,True,False,True,Di Luar Area Pantauan (>1000m dari Desa)
Muara Pawan,Ulak Medang,"Senin, 05 Oktober 2026 19:49:00",NASA-MODIS,Medium,110.29876,-1.55379,False,False,True,True,False,True,Di Luar Area Pantauan (>1000m dari Desa)
Kendawangan,Natai Kuini,"Senin, 05 Oktober 2026 15:28:00",NASA-MODIS,Medium,110.8204,-2.86157,False,False,False,False,False,False,Di Luar Area Pantauan (>1000m dari Desa)
Matan Hilir Utara,Tanjung Baik Budi,"Senin, 05 Oktober 2026 15:28:00",NASA-MODIS,Medium,110.11288,-1.54344,False,False,True,True,False,True,Di Luar Area Pantauan (>1000m dari Desa)
Kendawangan,Air Hitam Besar,"Senin, 05 Oktober 2026 19:46:00",NASA-MODIS,Medium,110.74429,-2.79528,False,False,False,True,False,True,Di Luar Area Pantauan (>1000m dari Desa)
Kendawangan,Seriam,"Senin, 05 Oktober 2026 15:28:00",NASA-MODIS,Medium,110.33162,-2.66606,False,False,False,False,True,True,Di Luar Area Pantauan (>1000m dari Desa)
Kendawangan,Pembedilan,"Senin, 05 Oktober 2026 15:28:00",NASA-MODIS,Medium,110.43468,-2.74376,False,False,False,False,True,True,Di Luar Area Pantauan (>1000m dari Desa)
Matan Hilir Utara,Lamon Satong,"Senin, 05 Oktober 2026 15:28:00",NASA-MODIS,Medium,110.27065,-1.43644,False,False,False,False,False,False,Di Luar Area Pantauan (>1000m dari Desa)
Kendawangan,Pembedilan,"Senin, 05 Oktober 2026 15:28:00",NASA-MODIS,Medium,110.4493,-2.77841,False,False,False,False,True,True,Di Luar Area Pantauan (>1000m dari Desa)
Kendawangan,Air Hitam Besar,"Senin, 05 Oktober 2026 15:28:00",NASA-MODIS,Medium,110.73911,-2.81797,False,False,False,True,False,True,Di Luar Area Pantauan (>1000m dari Desa)
Kendawangan,Natai Kuini,"Selasa, 06 Oktober 2026 03:49:00",NASA-MODIS,Medium,110.82884,-2.85351,False,False,False,False,True,True,Di Luar Area Pantauan (>1000m dari Desa)
Sepauk,Sekubang,"Senin, 05 Oktober 2026 15:28:00",NASA-MODIS,Medium,111.11456,-0.21973,False,False,False,False,False,False,Di Luar Area Pantauan (>1000m dari Desa)
Tumbang Titi,Beringin Rayo,"Senin, 05 Oktober 2026 19:49:00",NASA-MODIS,Medium,110.78407,-1.76126,False,False,True,False,False,True,Di Luar Area Pantauan (>1000m dari Desa)
Tumbang Titi,Sepauhan Raya,"Senin, 05 Oktober 2026 15:28:00",NASA-MODIS,Medium,110.68046,-1.9488,False,False,False,False,True,True,Di Luar Area Pantauan (>1000m dari Desa)
Marau,Batu Payung Dua,"Senin, 05 Oktober 2026 15:28:00",NASA-MODIS,Medium,110.49341,-2.06046,False,False,False,False,False,False,Di Luar Area Pantauan (>1000m dari Desa)
Kendawangan,Natai Kuini,"Senin, 05 Oktober 2026 15:28:00",NASA-MODIS,Medium,110.74418,-2.87303,False,False,False,True,False,True,Di Luar Area Pantauan (>1000m dari Desa)
Kendawangan,Natai Kuini,"Senin, 05 Oktober 2026 15:28:00",NASA-MODIS,Medium,110.82497,-2.8052,False,False,False,True,True,True,Di Luar Area Pantauan (>1000m dari Desa)
Kendawangan,Air Hitam Besar,"Senin, 05 Oktober 2026 19:46:00",NASA-MODIS,Medium,110.71764,-2.81838,False,False,False,False,False,False,Di Luar Area Pantauan (>1000m dari Desa)
Kendawangan,Pembedilan,"Senin, 05 Oktober 2026 15:28:00",NASA-MODIS,Medium,110.49741,-2.80775,False,False,False,False,True,True,Di Luar Area Pantauan (>1000m dari Desa)
Kendawangan,Airhitam Hulu,"Senin, 05 Oktober 2026 15:28:00",NASA-MODIS,Medium,110.67966,-2.63264,False,False,False,False,False,False,Di Luar Area Pantauan (>1000m dari Desa)
Kendawangan,Air Tarap,"Senin, 05 Oktober 2026 19:46:00",NASA-MODIS,Medium,110.87215,-2.5317,False,False,False,False,False,False,Di Luar Area Pantauan (>1000m dari Desa)
Toba,Teraju,"Senin, 05 Oktober 2026 15:30:00",NASA-MODIS,Medium,110.13377,-0.20976,False,False,False,False,False,False,Di Luar Area Pantauan (>1000m dari Desa)
Hulu Sungai,Lubuk Kakap,"Senin, 05 Oktober 2026 15:28:00",NASA-MODIS,Medium,111.13651,-1.28062,False,False,True,False,False,True,Di Luar Area Pantauan (>1000m dari Desa)
Toba,Kampung Baru,"Senin, 05 Oktober 2026 15:30:00",NASA-MODIS,Medium,110.03842,-0.2146,False,False,False,True,False,True,Di Luar Area Pantauan (>1000m dari Desa)
Manis Mata,Seguling,"Senin, 05 Oktober 2026 15:28:00",NASA-MODIS,Medium,111.1562,-2.65466,False,False,False,False,False,False,Di Luar Area Pantauan (>1000m dari Desa)
Hulu Sungai,Cinta Manis,"Senin, 05 Oktober 2026 15:28:00",NASA-MODIS,Medium,110.76906,-1.17871,False,False,False,False,False,False,Di Luar Area Pantauan (>1000m dari Desa)
Kendawangan,Sungai Jelayan,"Senin, 05 Oktober 2026 15:28:00",NASA-MODIS,Medium,110.46272,-2.13817,False,False,False,False,False,False,Di Luar Area Pantauan (>1000m dari Desa)
Simpang Dua,Mekar Raya,"Senin, 05 Oktober 2026 15:28:00",NASA-MODIS,Medium,110.30964,-0.84852,False,False,False,False,False,False,Di Luar Area Pantauan (>1000m dari Desa)
Nanga Tayap,Batu Mas,"Senin, 05 Oktober 2026 19:49:00",NASA-MODIS,Medium,110.64836,-1.64718,False,False,True,False,False,True,Di Luar Area Pantauan (>1000m dari Desa)
Toba,Bagan Asam,"Senin, 05 Oktober 2026 15:30:00",NASA-MODIS,Medium,110.08398,-0.26347,False,False,False,False,False,False,Di Luar Area Pantauan (>1000m dari Desa)
Simpang Hilir,Matan Jaya,"Senin, 05 Oktober 2026 15:28:00",NASA-MODIS,Medium,110.26779,-1.00241,False,False,False,False,False,False,Di Luar Area Pantauan (>1000m dari Desa)
Jelai Hulu,Pasir Mayang,"Senin, 05 Oktober 2026 15:28:00",NASA-MODIS,Medium,110.80319,-1.88435,False,False,False,False,False,False,Di Luar Area Pantauan (>1000m dari Desa)
Kendawangan,Air Hitam Besar,"Senin, 05 Oktober 2026 15:28:00",NASA-MODIS,Medium,110.71875,-2.81168,False,False,False,False,False,False,Di Luar Area Pantauan (>1000m dari Desa)
Nanga Tayap,Betenung,"Senin, 05 Oktober 2026 15:28:00",NASA-MODIS,Medium,110.88114,-1.58681,False,False,False,False,False,False,Di Luar Area Pantauan (>1000m dari Desa)
Nanga Tayap,Cegolak,"Senin, 05 Oktober 2026 15:28:00",NASA-MODIS,Medium,110.73516,-1.61793,False,False,True,False,False,True,Di Luar Area Pantauan (>1000m dari Desa)
Jelai Hulu,Pasir Mayang,"Senin, 05 Oktober 2026 15:28:00",NASA-MODIS,Medium,110.80641,-1.81104,False,False,False,False,False,False,Di Luar Area Pantauan (>1000m dari Desa)
Kendawangan,Natai Kuini,"Selasa, 06 Oktober 2026 03:49:00",NASA-MODIS,Medium,110.82126,-2.85552,False,False,False,False,False,False,Di Luar Area Pantauan (>1000m dari Desa)
Belimbing,Nusa Kenyikap,"Senin, 05 Oktober 2026 19:49:00",NASA-MODIS,Medium,111.64738,-0.43677,False,False,False,False,False,False,Di Luar Area Pantauan (>1000m dari Desa)
Kendawangan,Pembedilan,"Senin, 05 Oktober 2026 15:28:00",NASA-MODIS,Medium,110.28954,-2.86638,False,False,False,True,True,True,Di Luar Area Pantauan (>1000m dari Desa)
Sungai Laur,Bayun Sari,"Senin, 05 Oktober 2026 15:28:00",NASA-MODIS,Medium,110.43043,-1.05289,False,False,True,False,False,True,Di Luar Area Pantauan (>1000m dari Desa)
Manis Mata,Seguling,"Senin, 05 Oktober 2026 19:46:00",NASA-MODIS,Medium,111.11405,-2.65815,False,False,True,True,False,True,Di Luar Area Pantauan (>1000m dari Desa)
Kendawangan,Air Hitam Besar,"Senin, 05 Oktober 2026 15:28:00",NASA-MODIS,Medium,110.75539,-2.7969,False,False,False,False,False,False,Di Luar Area Pantauan (>1000m dari Desa)
Balai,Semoncol,"Senin, 05 Oktober 2026 15:30:00",NASA-MODIS,Medium,110.00496,0.10378,False,False,False,False,True,True,Di Luar Area Pantauan (>1000m dari Desa)
Tumbang Titi,Titi Baru,"Senin, 05 Oktober 2026 15:28:00",NASA-MODIS,Medium,110.56529,-1.87298,False,False,False,False,False,False,Di Luar Area Pantauan (>1000m dari Desa)
Mukok,Tri Mulya,"Senin, 05 Oktober 2026 15:30:00",NASA-MODIS,Medium,110.79829,0.19551,False,False,False,False,False,False,Di Luar Area Pantauan (>1000m dari Desa)
Kendawangan,Pembedilan,"Senin, 05 Oktober 2026 15:28:00",NASA-MODIS,Medium,110.49046,-2.79998,False,False,False,False,True,True,Di Luar Area Pantauan (>1000m dari Desa)
Kendawangan,Air Hitam Besar,"Senin, 05 Oktober 2026 15:28:00",NASA-MODIS,Medium,110.79353,-2.7912,False,False,True,True,True,True,Di Luar Area Pantauan (>1000m dari Desa)
Kendawangan,Natai Kuini,"Senin, 05 Oktober 2026 15:28:00",NASA-MODIS,Medium,110.74281,-2.86392,False,False,False,True,False,True,Di Luar Area Pantauan (>1000m dari Desa)
Matan Hilir Utara,Kuala Tolak,"Senin, 05 Oktober 2026 15:28:00",NASA-MODIS,Medium,110.10891,-1.51649,False,False,True,False,False,True,Di Luar Area Pantauan (>1000m dari Desa)
Kendawangan,Pembedilan,"Senin, 05 Oktober 2026 15:28:00",NASA-MODIS,Medium,110.46959,-2.81193,False,False,False,False,True,True,Di Luar Area Pantauan (>1000m dari Desa)
Muara Pawan,Ulak Medang,"Senin, 05 Oktober 2026 15:28:00",NASA-MODIS,Medium,110.3015,-1.56126,False,False,True,True,False,True,Di Luar Area Pantauan (>1000m dari Desa)
Kendawangan,Danau Buntar,"Senin, 05 Oktober 2026 15:28:00",NASA-MODIS,Medium,110.87693,-2.54912,False,False,False,False,False,False,Di Luar Area Pantauan (>1000m dari Desa)
Tumbang Titi,Serengkah Kanan,"Senin, 05 Oktober 2026 15:28:00",NASA-MODIS,Medium,110.76959,-1.76934,False,False,False,False,False,False,Di Luar Area Pantauan (>1000m dari Desa)
Kendawangan,Pembedilan,"Senin, 05 Oktober 2026 15:28:00",NASA-MODIS,Medium,110.48118,-2.80134,False,False,False,False,True,True,Di Luar Area Pantauan (>1000m dari Desa)
Kayan Hilir,Bukit Segaloh,"Senin, 05 Oktober 2026 15:28:00",NASA-MODIS,Medium,111.83907,-0.07917,False,False,False,False,False,False,Di Luar Area Pantauan (>1000m dari Desa)
Nanga Tayap,Tanjung Medan,"Senin, 05 Oktober 2026 15:28:00",NASA-MODIS,Medium,110.40373,-1.42624,False,False,False,False,False,False,Di Luar Area Pantauan (>1000m dari Desa)
Sungai Laur,Sinar Kuri,"Senin, 05 Oktober 2026 15:28:00",NASA-MODIS,Medium,110.42506,-0.92456,False,False,False,False,False,False,Di Luar Area Pantauan (>1000m dari Desa)
Nanga Tayap,Betenung,"Senin, 05 Oktober 2026 15:28:00",NASA-MODIS,Medium,110.85517,-1.61912,False,False,True,False,False,True,Di Luar Area Pantauan (>1000m dari Desa)
Dedai,Baras,"Senin, 05 Oktober 2026 15:30:00",NASA-MODIS,Medium,111.78353,0.01447,False,False,False,False,False,False,Di Luar Area Pantauan (>1000m dari Desa)
Kendawangan,Seriam,"Senin, 05 Oktober 2026 19:46:00",NASA-MODIS,Medium,110.26527,-2.58351,False,False,False,False,True,True,Di Luar Area Pantauan (>1000m dari Desa)
Belimbing,Upit,"Senin, 05 Oktober 2026 15:28:00",NASA-MODIS,Medium,111.4437,-0.4248,False,False,False,False,False,False,Di Luar Area Pantauan (>1000m dari Desa)
Kendawangan,Natai Kuini,"Senin, 05 Oktober 2026 19:46:00",NASA-MODIS,Medium,110.81917,-2.84069,False,False,False,True,True,True,Di Luar Area Pantauan (>1000m dari Desa)
Kendawangan,Seriam,"Senin, 05 Oktober 2026 19:46:00",NASA-MODIS,Medium,110.25952,-2.57926,False,False,False,False,True,True,Di Luar Area Pantauan (>1000m dari Desa)
Hulu Sungai,Lubuk Kakap,"Senin, 05 Oktober 2026 15:28:00",NASA-MODIS,Medium,111.14675,-1.2791,False,False,True,False,False,True,Di Luar Area Pantauan (>1000m dari Desa)
Kendawangan,Natai Kuini,"Senin, 05 Oktober 2026 15:28:00",NASA-MODIS,Medium,110.69955,-2.89833,False,False,False,False,False,False,Di Luar Area Pantauan (>1000m dari Desa)
Tumbang Titi,Suka Damai,"Senin, 05 Oktober 2026 15:28:00",NASA-MODIS,Medium,110.6584,-1.81408,False,False,False,False,False,False,Di Luar Area Pantauan (>1000m dari Desa)
Tumbang Titi,Aur Gading,"Senin, 05 Oktober 2026 15:28:00",NASA-MODIS,Medium,110.60083,-1.8226,False,False,False,False,False,False,Di Luar Area Pantauan (>1000m dari Desa)
Tumbang Titi,Batu Tajam,"Senin, 05 Oktober 2026 15:28:00",NASA-MODIS,Medium,110.56122,-1.81914,False,False,False,False,False,False,Di Luar Area Pantauan (>1000m dari Desa)
Simpang Hilir,Lubuk Batu,"Selasa, 06 Oktober 2026 01:11:00",NASA-SNPP,Medium,110.11349,-0.93534,False,False,False,False,False,False,Di Luar Area Pantauan (>1000m dari Desa)
Kendawangan,Pembedilan,"Senin, 05 Oktober 2026 15:28:00",NASA-MODIS,Medium,110.30383,-2.8368,False,False,False,True,True,True,Di Luar Area Pantauan (>1000m dari Desa)
Kendawangan,Airhitam Hulu,"Senin, 05 Oktober 2026 15:28:00",NASA-MODIS,Medium,110.68915,-2.63123,False,False,False,False,False,False,Di Luar Area Pantauan (>1000m dari Desa)
Sandai,Pendamaran Indah,"Senin, 05 Oktober 2026 15:28:00",NASA-MODIS,Medium,110.63254,-1.04097,False,False,False,False,False,False,Di Luar Area Pantauan (>1000m dari Desa)
Kayan Hilir,Ipoh Emang,"Senin, 05 Oktober 2026 15:28:00",NASA-MODIS,Medium,111.83308,-0.03881,False,False,False,False,False,False,Di Luar Area Pantauan (>1000m dari Desa)
Kendawangan,Natai Kuini,"Senin, 05 Oktober 2026 15:28:00",NASA-MODIS,Medium,110.72559,-2.85721,False,False,False,True,False,True,Di Luar Area Pantauan (>1000m dari Desa)
Kendawangan,Natai Kuini,"Selasa, 06 Oktober 2026 01:11:00",NASA-SNPP,Medium,110.81942,-2.85307,False,False,False,False,False,False,Di Luar Area Pantauan (>1000m dari Desa)
Kendawangan,Pembedilan,"Selasa, 06 Oktober 2026 01:11:00",NASA-SNPP,Medium,110.48853,-2.80051,False,False,False,False,True,True,Di Luar Area Pantauan (>1000m dari Desa)
Kendawangan,Pembedilan,"Selasa, 06 Oktober 2026 01:11:00",NASA-SNPP,Medium,110.48499,-2.79995,False,False,False,False,True,True,Di Luar Area Pantauan (>1000m dari Desa)
Kendawangan,Pembedilan,"Selasa, 06 Oktober 2026 01:11:00",NASA-SNPP,Medium,110.48144,-2.79938,False,False,False,False,True,True,Di Luar Area Pantauan (>1000m dari Desa)
Kendawangan,Natai Kuini,"Selasa, 06 Oktober 2026 01:11:00",NASA-SNPP,Medium,110.80648,-2.84415,False,False,False,False,False,False,Di Luar Area Pantauan (>1000m dari Desa)
Kendawangan,Natai Kuini,"Selasa, 06 Oktober 2026 01:11:00",NASA-SNPP,Medium,110.80299,-2.8436,False,False,False,False,False,False,Di Luar Area Pantauan (>1000m dari Desa)
Kendawangan,Natai Kuini,"Selasa, 06 Oktober 2026 01:11:00",NASA-SNPP,Medium,110.80246,-2.84694,False,False,False,False,False,False,Di Luar Area Pantauan (>1000m dari Desa)
Kendawangan,Natai Kuini,"Selasa, 06 Oktober 2026 01:11:00",NASA-SNPP,Medium,110.79948,-2.84304,False,False,False,False,False,False,Di Luar Area Pantauan (>1000m dari Desa)
Kendawangan,Natai Kuini,"Selasa, 06 Oktober 2026 01:11:00",NASA-SNPP,Medium,110.79598,-2.84249,False,False,False,False,False,False,Di Luar Area Pantauan (>1000m dari Desa)
Kendawangan,Natai Kuini,"Selasa, 06 Oktober 2026 01:11:00",NASA-SNPP,Medium,110.81295,-2.84861,False,False,False,False,False,False,Di Luar Area Pantauan (>1000m dari Desa)
Kendawangan,Natai Kuini,"Selasa, 06 Oktober 2026 01:11:00",NASA-SNPP,Medium,110.80001,-2.8397,False,False,False,False,False,False,Di Luar Area Pantauan (>1000m dari Desa)
Kendawangan,Pembedilan,"Selasa, 06 Oktober 2026 01:11:00",NASA-SNPP,Medium,110.44093,-2.77914,False,False,False,False,True,True,Di Luar Area Pantauan (>1000m dari Desa)
Kendawangan,Natai Kuini,"Selasa, 06 Oktober 2026 01:11:00",NASA-SNPP,Medium,110.82853,-2.8408,False,False,False,False,True,True,Di Luar Area Pantauan (>1000m dari Desa)
Kendawangan,Natai Kuini,"Selasa, 06 Oktober 2026 01:11:00",NASA-SNPP,Medium,110.83202,-2.84136,False,False,False,False,True,True,Di Luar Area Pantauan (>1000m dari Desa)
Kendawangan,Pembedilan,"Selasa, 06 Oktober 2026 01:11:00",NASA-SNPP,Medium,110.4445,-2.7797,False,False,False,False,True,True,Di Luar Area Pantauan (>1000m dari Desa)
Kendawangan,Natai Kuini,"Selasa, 06 Oktober 2026 01:11:00",NASA-SNPP,Medium,110.79651,-2.83914,False,False,False,False,False,False,Di Luar Area Pantauan (>1000m dari Desa)
Kendawangan,Pembedilan,"Selasa, 06 Oktober 2026 01:11:00",NASA-SNPP,Medium,110.48197,-2.79602,False,False,False,False,True,True,Di Luar Area Pantauan (>1000m dari Desa)
Kendawangan,Air Hitam Besar,"Selasa, 06 Oktober 2026 01:11:00",NASA-SNPP,Medium,110.71399,-2.81572,False,False,False,False,False,False,Di Luar Area Pantauan (>1000m dari Desa)
Kendawangan,Air Hitam Besar,"Selasa, 06 Oktober 2026 01:11:00",NASA-SNPP,Medium,110.71751,-2.81627,False,False,False,False,False,False,Di Luar Area Pantauan (>1000m dari Desa)
Kendawangan,Natai Kuini,"Selasa, 06 Oktober 2026 01:11:00",NASA-SNPP,Medium,110.83256,-2.83801,False,False,False,False,True,True,Di Luar Area Pantauan (>1000m dari Desa)
Kendawangan,Natai Kuini,"Selasa, 06 Oktober 2026 01:11:00",NASA-SNPP,Medium,110.79546,-2.84583,False,False,False,False,False,False,Di Luar Area Pantauan (>1000m dari Desa)
Kendawangan,Air Hitam Besar,"Selasa, 06 Oktober 2026 01:11:00",NASA-SNPP,Medium,110.71101,-2.81181,False,False,False,False,False,False,Di Luar Area Pantauan (>1000m dari Desa)
Kendawangan,Natai Kuini,"Selasa, 06 Oktober 2026 01:11:00",NASA-SNPP,Medium,110.82589,-2.85752,False,False,False,False,False,False,Di Luar Area Pantauan (>1000m dari Desa)
Kendawangan,Natai Kuini,"Selasa, 06 Oktober 2026 01:11:00",NASA-SNPP,Medium,110.7944,-2.85252,False,False,False,False,False,False,Di Luar Area Pantauan (>1000m dari Desa)
Kendawangan,Pembedilan,"Selasa, 06 Oktober 2026 01:11:00",NASA-SNPP,Medium,110.48445,-2.80331,False,False,False,False,True,True,Di Luar Area Pantauan (>1000m dari Desa)
Kendawangan,Natai Kuini,"Selasa, 06 Oktober 2026 01:11:00",NASA-SNPP,Medium,110.8119,-2.8553,False,False,False,False,False,False,Di Luar Area Pantauan (>1000m dari Desa)
Kendawangan,Air Hitam Besar,"Selasa, 06 Oktober 2026 01:11:00",NASA-SNPP,Medium,110.73121,-2.79785,False,False,False,True,False,True,Di Luar Area Pantauan (>1000m dari Desa)
Kendawangan,Air Hitam Besar,"Selasa, 06 Oktober 2026 01:11:00",NASA-SNPP,Medium,110.71717,-2.79561,False,False,False,False,False,False,Di Luar Area Pantauan (>1000m dari Desa)
Kendawangan,Air Hitam Besar,"Selasa, 06 Oktober 2026 01:11:00",NASA-SNPP,Medium,110.71014,-2.79449,False,False,False,False,False,False,Di Luar Area Pantauan (>1000m dari Desa)
Kendawangan,Air Hitam Besar,"Selasa, 06 Oktober 2026 01:11:00",NASA-SNPP,Medium,110.73823,-2.79897,False,False,False,False,False,False,Di Luar Area Pantauan (>1000m dari Desa)
Kendawangan,Air Hitam Besar,"Selasa, 06 Oktober 2026 01:11:00",NASA-SNPP,Medium,110.72068,-2.79617,False,False,False,False,False,False,Di Luar Area Pantauan (>1000m dari Desa)
Kendawangan,Air Hitam Besar,"Selasa, 06 Oktober 2026 01:11:00",NASA-SNPP,Medium,110.73068,-2.8012,False,False,False,False,False,False,Di Luar Area Pantauan (>1000m dari Desa)
Kendawangan,Air Hitam Besar,"Selasa, 06 Oktober 2026 01:11:00",NASA-SNPP,Medium,110.73876,-2.79562,False,False,False,True,False,True,Di Luar Area Pantauan (>1000m dari Desa)
Kendawangan,Air Hitam Besar,"Selasa, 06 Oktober 2026 01:11:00",NASA-SNPP,Medium,110.71067,-2.79114,False,False,False,False,False,False,Di Luar Area Pantauan (>1000m dari Desa)
Kendawangan,Air Hitam Besar,"Selasa, 06 Oktober 2026 01:11:00",NASA-SNPP,Medium,110.74577,-2.79674,False,False,False,True,False,True,Di Luar Area Pantauan (>1000m dari Desa)
Kendawangan,Air Hitam Besar,"Selasa, 06 Oktober 2026 01:11:00",NASA-SNPP,Medium,110.73174,-2.7945,False,False,False,True,False,True,Di Luar Area Pantauan (>1000m dari Desa)
Kendawangan,Air Hitam Besar,"Selasa, 06 Oktober 2026 01:11:00",NASA-SNPP,Medium,110.71418,-2.7917,False,False,False,False,False,False,Di Luar Area Pantauan (>1000m dari Desa)
Kendawangan,Natai Kuini,"Selasa, 06 Oktober 2026 01:11:00",NASA-SNPP,Medium,110.8039,-2.7923,False,False,False,True,True,True,Di Luar Area Pantauan (>1000m dari Desa)
Kendawangan,Natai Kuini,"Selasa, 06 Oktober 2026 01:11:00",NASA-SNPP,Medium,110.80039,-2.79174,False,False,False,True,True,True,Di Luar Area Pantauan (>1000m dari Desa)
Kendawangan,Seriam,"Selasa, 06 Oktober 2026 01:11:00",NASA-SNPP,Medium,110.37932,-2.70705,False,False,False,False,True,True,Di Luar Area Pantauan (>1000m dari Desa)
Kendawangan,Seriam,"Selasa, 06 Oktober 2026 01:11:00",NASA-SNPP,Medium,110.32648,-2.64554,False,False,False,False,True,True,Di Luar Area Pantauan (>1000m dari Desa)
Kendawangan,Seriam,"Selasa, 06 Oktober 2026 01:11:00",NASA-SNPP,Medium,110.3306,-2.64273,False,False,False,False,True,True,Di Luar Area Pantauan (>1000m dari Desa)
Manis Mata,Jambi,"Selasa, 06 Oktober 2026 01:11:00",NASA-SNPP,Medium,110.96821,-2.70321,False,False,False,False,False,False,Di Luar Area Pantauan (>1000m dari Desa)
Manis Mata,Seguling,"Selasa, 06 Oktober 2026 01:11:00",NASA-SNPP,Medium,111.11296,-2.66612,False,False,False,True,False,True,Di Luar Area Pantauan (>1000m dari Desa)
Manis Mata,Seguling,"Selasa, 06 Oktober 2026 01:11:00",NASA-SNPP,Medium,111.11348,-2.66279,False,False,False,True,False,True,Di Luar Area Pantauan (>1000m dari Desa)
Kendawangan,Airhitam Hulu,"Selasa, 06 Oktober 2026 01:11:00",NASA-SNPP,Medium,110.68481,-2.63243,False,False,False,False,False,False,Di Luar Area Pantauan (>1000m dari Desa)
Kendawangan,Air Tarap,"Selasa, 06 Oktober 2026 01:11:00",NASA-SNPP,Medium,110.86053,-2.54492,False,False,False,False,False,False,Di Luar Area Pantauan (>1000m dari Desa)
Kendawangan,Air Tarap,"Selasa, 06 Oktober 2026 01:11:00",NASA-SNPP,Medium,110.87611,-2.53711,False,False,False,False,False,False,Di Luar Area Pantauan (>1000m dari Desa)
Matan Hilir Selatan,Pesaguan Kanan,"Selasa, 06 Oktober 2026 01:11:00",NASA-SNPP,Medium,110.29109,-2.04644,False,False,True,True,False,True,Di Luar Area Pantauan (>1000m dari Desa)
Matan Hilir Selatan,Pagar Mentimun,"Selasa, 06 Oktober 2026 01:11:00",NASA-SNPP,Medium,110.16623,-2.25357,False,False,True,True,False,True,Di Luar Area Pantauan (>1000m dari Desa)
Kendawangan,Pangkalan Batu,"Selasa, 06 Oktober 2026 01:11:00",NASA-SNPP,Medium,110.38468,-2.27475,False,False,False,False,False,False,Di Luar Area Pantauan (>1000m dari Desa)
Matan Hilir Selatan,Sungai Nanjung,"Selasa, 06 Oktober 2026 01:11:00",NASA-SNPP,Medium,110.19886,-2.13976,False,False,True,True,False,True,Di Luar Area Pantauan (>1000m dari Desa)
Benua Kayong,Negeri Baru,"Selasa, 06 Oktober 2026 01:11:00",NASA-SNPP,Medium,110.18208,-1.81585,False,False,False,True,False,True,Di Luar Area Pantauan (>1000m dari Desa)
Benua Kayong,Negeri Baru,"Selasa, 06 Oktober 2026 01:11:00",NASA-SNPP,Medium,110.18573,-1.81644,False,False,False,True,False,True,Di Luar Area Pantauan (>1000m dari Desa)
Matan Hilir Selatan,Sungai Nanjung,"Selasa, 06 Oktober 2026 01:11:00",NASA-SNPP,Medium,110.19214,-2.13519,False,False,True,True,False,True,Di Luar Area Pantauan (>1000m dari Desa)
Matan Hilir Selatan,Sungai Nanjung,"Selasa, 06 Oktober 2026 01:11:00",NASA-SNPP,Medium,110.18434,-2.13743,False,False,True,False,False,True,Di Luar Area Pantauan (>1000m dari Desa)
Jelai Hulu,Rangga Intan,"Selasa, 06 Oktober 2026 01:11:00",NASA-SNPP,Medium,110.78394,-1.89001,False,False,False,False,False,False,Di Luar Area Pantauan (>1000m dari Desa)
Marau,Randai,"Selasa, 06 Oktober 2026 01:11:00",NASA-SNPP,Medium,110.45448,-2.06229,False,False,False,False,False,False,Di Luar Area Pantauan (>1000m dari Desa)
Tumbang Titi,Mahawa,"Selasa, 06 Oktober 2026 01:11:00",NASA-SNPP,Medium,110.68141,-1.94424,False,False,True,False,True,True,Di Luar Area Pantauan (>1000m dari Desa)
Tumbang Titi,Mahawa,"Selasa, 06 Oktober 2026 01:11:00",NASA-SNPP,Medium,110.68188,-1.94087,False,False,False,False,True,True,Di Luar Area Pantauan (>1000m dari Desa)
Jelai Hulu,Semantun,"Selasa, 06 Oktober 2026 01:11:00",NASA-SNPP,Medium,111.06028,-1.96338,False,False,True,False,False,True,Di Luar Area Pantauan (>1000m dari Desa)
Nanga Tayap,Batu Mas,"Selasa, 06 Oktober 2026 01:11:00",NASA-SNPP,Medium,110.6265,-1.68796,False,False,False,False,False,False,Di Luar Area Pantauan (>1000m dari Desa)
Tumbang Titi,Titi Baru,"Selasa, 06 Oktober 2026 01:11:00",NASA-SNPP,Medium,110.61266,-1.87112,False,False,False,False,False,False,Di Luar Area Pantauan (>1000m dari Desa)
Tumbang Titi,Serengkah Kanan,"Selasa, 06 Oktober 2026 01:11:00",NASA-SNPP,Medium,110.77424,-1.76666,False,False,True,False,False,True,Di Luar Area Pantauan (>1000m dari Desa)
Nanga Tayap,Batu Mas,"Selasa, 06 Oktober 2026 01:11:00",NASA-SNPP,Medium,110.66075,-1.65404,False,False,True,False,False,True,Di Luar Area Pantauan (>1000m dari Desa)
Nanga Tayap,Batu Mas,"Selasa, 06 Oktober 2026 01:11:00",NASA-SNPP,Medium,110.65366,-1.65292,False,False,True,False,False,True,Di Luar Area Pantauan (>1000m dari Desa)
Matan Hilir Utara,Sungai Putri,"Selasa, 06 Oktober 2026 01:11:00",NASA-SNPP,Medium,110.1073,-1.56669,False,False,True,True,False,True,Di Luar Area Pantauan (>1000m dari Desa)
Nanga Tayap,Batu Mas,"Selasa, 06 Oktober 2026 01:11:00",NASA-SNPP,Medium,110.6572,-1.65348,False,False,True,False,False,True,Di Luar Area Pantauan (>1000m dari Desa)
Matan Hilir Utara,Tanjung Baik Budi,"Selasa, 06 Oktober 2026 01:11:00",NASA-SNPP,Medium,110.09582,-1.5438,False,False,True,True,False,True,Di Luar Area Pantauan (>1000m dari Desa)
Nanga Tayap,Batu Mas,"Selasa, 06 Oktober 2026 01:11:00",NASA-SNPP,Medium,110.65311,-1.65629,False,False,True,False,False,True,Di Luar Area Pantauan (>1000m dari Desa)
Nanga Tayap,Batu Mas,"Selasa, 06 Oktober 2026 01:11:00",NASA-SNPP,Medium,110.65667,-1.65685,False,False,True,False,False,True,Di Luar Area Pantauan (>1000m dari Desa)
Muara Pawan,Ulak Medang,"Selasa, 06 Oktober 2026 01:11:00",NASA-SNPP,Medium,110.29475,-1.54389,False,False,True,True,False,True,Di Luar Area Pantauan (>1000m dari Desa)
Muara Pawan,Ulak Medang,"Selasa, 06 Oktober 2026 01:11:00",NASA-SNPP,Medium,110.25577,-1.53069,False,False,True,True,False,True,Di Luar Area Pantauan (>1000m dari Desa)
Muara Pawan,Ulak Medang,"Selasa, 06 Oktober 2026 01:11:00",NASA-SNPP,Medium,110.29421,-1.5473,False,False,True,True,False,True,Di Luar Area Pantauan (>1000m dari Desa)
Nanga Tayap,Cegolak,"Selasa, 06 Oktober 2026 01:11:00",NASA-SNPP,Medium,110.73273,-1.61367,False,False,True,False,False,True,Di Luar Area Pantauan (>1000m dari Desa)
Nanga Tayap,Betenung,"Selasa, 06 Oktober 2026 01:11:00",NASA-SNPP,Medium,110.86733,-1.61102,False,False,True,False,False,True,Di Luar Area Pantauan (>1000m dari Desa)
Nanga Tayap,Betenung,"Selasa, 06 Oktober 2026 01:11:00",NASA-SNPP,Medium,110.86245,-1.62056,False,False,True,False,False,True,Di Luar Area Pantauan (>1000m dari Desa)
Nanga Tayap,Betenung,"Selasa, 06 Oktober 2026 01:11:00",NASA-SNPP,Medium,110.85973,-1.61325,False,False,False,False,False,False,Di Luar Area Pantauan (>1000m dari Desa)
Nanga Tayap,Batu Mas,"Selasa, 06 Oktober 2026 01:11:00",NASA-SNPP,Medium,110.62704,-1.68459,False,False,False,False,False,False,Di Luar Area Pantauan (>1000m dari Desa)
Nanga Tayap,Betenung,"Selasa, 06 Oktober 2026 01:11:00",NASA-SNPP,Medium,110.8593,-1.61662,False,False,True,False,False,True,Di Luar Area Pantauan (>1000m dari Desa)
Nanga Tayap,Betenung,"Selasa, 06 Oktober 2026 01:11:00",NASA-SNPP,Medium,110.86288,-1.61719,False,False,True,False,False,True,Di Luar Area Pantauan (>1000m dari Desa)
Nanga Tayap,Cegolak,"Selasa, 06 Oktober 2026 01:11:00",NASA-SNPP,Medium,110.74089,-1.60807,False,False,True,False,False,True,Di Luar Area Pantauan (>1000m dari Desa)
Muara Pawan,Ulak Medang,"Selasa, 06 Oktober 2026 01:11:00",NASA-SNPP,Medium,110.26671,-1.53243,False,False,True,True,False,True,Di Luar Area Pantauan (>1000m dari Desa)
Nanga Tayap,Cegolak,"Selasa, 06 Oktober 2026 01:11:00",NASA-SNPP,Medium,110.74138,-1.6047,False,False,True,False,False,True,Di Luar Area Pantauan (>1000m dari Desa)
Nanga Tayap,Betenung,"Selasa, 06 Oktober 2026 01:11:00",NASA-SNPP,Medium,110.80807,-1.54865,False,False,True,False,False,True,Di Luar Area Pantauan (>1000m dari Desa)
Nanga Tayap,Betenung,"Selasa, 06 Oktober 2026 01:11:00",NASA-SNPP,Medium,110.80455,-1.54809,False,False,True,False,False,True,Di Luar Area Pantauan (>1000m dari Desa)
Matan Hilir Utara,Kuala Tolak,"Selasa, 06 Oktober 2026 01:11:00",NASA-SNPP,Medium,110.14344,-1.48116,False,False,False,True,False,True,Di Luar Area Pantauan (>1000m dari Desa)
Muara Pawan,Ulak Medang,"Selasa, 06 Oktober 2026 01:11:00",NASA-SNPP,Medium,110.29676,-1.55469,False,False,True,True,False,True,Di Luar Area Pantauan (>1000m dari Desa)
Muara Pawan,Ulak Medang,"Selasa, 06 Oktober 2026 01:11:00",NASA-SNPP,Medium,110.29367,-1.5507,False,False,True,True,False,True,Di Luar Area Pantauan (>1000m dari Desa)
Matan Hilir Utara,Lamon Satong,"Selasa, 06 Oktober 2026 01:11:00",NASA-SNPP,Medium,110.27647,-1.41898,False,False,True,False,False,True,Di Luar Area Pantauan (>1000m dari Desa)
Matan Hilir Utara,Lamon Satong,"Selasa, 06 Oktober 2026 01:11:00",NASA-SNPP,Medium,110.27593,-1.42239,False,False,True,False,False,True,Di Luar Area Pantauan (>1000m dari Desa)
Muara Pawan,Ulak Medang,"Selasa, 06 Oktober 2026 01:11:00",NASA-SNPP,Medium,110.29986,-1.55867,False,False,True,True,False,True,Di Luar Area Pantauan (>1000m dari Desa)
Matan Hilir Utara,Sungai Putri,"Selasa, 06 Oktober 2026 01:11:00",NASA-SNPP,Medium,110.08995,-1.55693,False,False,True,True,False,True,Di Luar Area Pantauan (>1000m dari Desa)
Muara Pawan,Ulak Medang,"Selasa, 06 Oktober 2026 01:11:00",NASA-SNPP,Medium,110.29932,-1.56208,False,False,True,True,False,True,Di Luar Area Pantauan (>1000m dari Desa)
Matan Hilir Utara,Kuala Tolak,"Selasa, 06 Oktober 2026 01:11:00",NASA-SNPP,Medium,110.11973,-1.48789,False,False,True,True,False,True,Di Luar Area Pantauan (>1000m dari Desa)
Nanga Tayap,Cegolak,"Selasa, 06 Oktober 2026 01:11:00",NASA-SNPP,Medium,110.73635,-1.61425,False,False,True,False,False,True,Di Luar Area Pantauan (>1000m dari Desa)
Muara Pawan,Ulak Medang,"Selasa, 06 Oktober 2026 01:11:00",NASA-SNPP,Medium,110.25996,-1.52786,False,False,True,True,False,True,Di Luar Area Pantauan (>1000m dari Desa)
Muara Pawan,Ulak Medang,"Selasa, 06 Oktober 2026 01:11:00",NASA-SNPP,Medium,110.23076,-1.52319,False,False,True,True,False,True,Di Luar Area Pantauan (>1000m dari Desa)
Muara Pawan,Ulak Medang,"Selasa, 06 Oktober 2026 01:11:00",NASA-SNPP,Medium,110.2636,-1.52844,False,False,True,True,False,True,Di Luar Area Pantauan (>1000m dari Desa)
Matan Hilir Utara,Kuala Tolak,"Selasa, 06 Oktober 2026 01:11:00",NASA-SNPP,Medium,110.14645,-1.50972,False,False,True,False,False,True,Di Luar Area Pantauan (>1000m dari Desa)
Nanga Tayap,Betenung,"Selasa, 06 Oktober 2026 01:11:00",NASA-SNPP,Medium,110.80744,-1.552,False,False,True,False,False,True,Di Luar Area Pantauan (>1000m dari Desa)
Nanga Tayap,Betenung,"Selasa, 06 Oktober 2026 01:11:00",NASA-SNPP,Medium,110.80392,-1.55144,False,False,True,False,False,True,Di Luar Area Pantauan (>1000m dari Desa)
Nanga Tayap,Betenung,"Selasa, 06 Oktober 2026 01:11:00",NASA-SNPP,Medium,110.88242,-1.58108,False,False,False,False,False,False,Di Luar Area Pantauan (>1000m dari Desa)
Matan Hilir Utara,Kuala Tolak,"Selasa, 06 Oktober 2026 01:11:00",NASA-SNPP,Medium,110.14766,-1.47833,False,False,True,True,False,True,Di Luar Area Pantauan (>1000m dari Desa)
Matan Hilir Utara,Lamon Satong,"Selasa, 06 Oktober 2026 01:11:00",NASA-SNPP,Medium,110.26669,-1.41043,False,False,True,False,False,True,Di Luar Area Pantauan (>1000m dari Desa)
Nanga Tayap,Pangkalan Teluk,"Selasa, 06 Oktober 2026 01:11:00",NASA-SNPP,Medium,110.30177,-1.30753,False,False,True,False,True,True,Di Luar Area Pantauan (>1000m dari Desa)
Nanga Tayap,Pangkalan Teluk,"Selasa, 06 Oktober 2026 01:11:00",NASA-SNPP,Medium,110.33876,-1.30996,False,False,True,False,True,True,Di Luar Area Pantauan (>1000m dari Desa)
Nanga Tayap,Pangkalan Teluk,"Selasa, 06 Oktober 2026 01:11:00",NASA-SNPP,Medium,110.29502,-1.30296,False,False,True,False,True,True,Di Luar Area Pantauan (>1000m dari Desa)
Nanga Tayap,Pangkalan Teluk,"Selasa, 06 Oktober 2026 01:11:00",NASA-SNPP,Medium,110.35125,-1.30148,False,False,True,False,True,True,Di Luar Area Pantauan (>1000m dari Desa)
Hulu Sungai,Riam Dadap,"Selasa, 06 Oktober 2026 01:11:00",NASA-SNPP,Medium,110.80106,-1.19847,False,False,False,False,False,False,Di Luar Area Pantauan (>1000m dari Desa)
Hulu Sungai,Riam Dadap,"Selasa, 06 Oktober 2026 01:11:00",NASA-SNPP,Medium,110.80514,-1.19567,False,False,False,False,False,False,Di Luar Area Pantauan (>1000m dari Desa)
Hulu Sungai,Riam Dadap,"Selasa, 06 Oktober 2026 01:11:00",NASA-SNPP,Medium,110.80462,-1.19904,False,False,False,False,False,False,Di Luar Area Pantauan (>1000m dari Desa)
Jelai Hulu,Pasir Mayang,"Selasa, 06 Oktober 2026 01:11:00",NASA-SNPP,Medium,110.81136,-1.80832,False,False,False,False,False,False,Di Luar Area Pantauan (>1000m dari Desa)
Matan Hilir Selatan,Sungai Nanjung,"Selasa, 06 Oktober 2026 01:11:00",NASA-SNPP,Medium,110.19523,-2.13918,False,False,True,True,False,True,Di Luar Area Pantauan (>1000m dari Desa)
Matan Hilir Selatan,Sungai Nanjung,"Selasa, 06 Oktober 2026 01:11:00",NASA-SNPP,Medium,110.18797,-2.13801,False,False,True,True,False,True,Di Luar Area Pantauan (>1000m dari Desa)
Simpang Hilir,Lubuk Batu,"Selasa, 06 Oktober 2026 01:11:00",NASA-SNPP,Medium,110.11187,-0.94566,False,False,False,False,False,False,Di Luar Area Pantauan (>1000m dari Desa)
Simpang Hilir,Lubuk Batu,"Selasa, 06 Oktober 2026 01:11:00",NASA-SNPP,Medium,110.1087,-0.94162,False,False,False,False,False,False,Di Luar Area Pantauan (>1000m dari Desa)
Simpang Hilir,Lubuk Batu,"Selasa, 06 Oktober 2026 01:11:00",NASA-SNPP,Medium,110.11929,-0.94685,False,False,False,False,False,False,Di Luar Area Pantauan (>1000m dari Desa)
Simpang Hilir,Lubuk Batu,"Selasa, 06 Oktober 2026 01:11:00",NASA-SNPP,Medium,110.11774,-0.93249,False,False,False,False,False,False,Di Luar Area Pantauan (>1000m dari Desa)
Simpang Hilir,Lubuk Batu,"Selasa, 06 Oktober 2026 01:11:00",NASA-SNPP,Medium,110.12145,-0.93309,False,False,False,False,False,False,Di Luar Area Pantauan (>1000m dari Desa)
Simpang Hilir,Lubuk Batu,"Selasa, 06 Oktober 2026 01:11:00",NASA-SNPP,Medium,110.12888,-0.93428,False,False,False,False,False,False,Di Luar Area Pantauan (>1000m dari Desa)
Simpang Dua,Batu Daya,"Selasa, 06 Oktober 2026 01:11:00",NASA-SNPP,Medium,110.39625,-0.93865,False,False,False,False,True,True,Di Luar Area Pantauan (>1000m dari Desa)
Simpang Hilir,Lubuk Batu,"Selasa, 06 Oktober 2026 01:11:00",NASA-SNPP,Medium,110.11241,-0.94222,False,False,False,False,False,False,Di Luar Area Pantauan (>1000m dari Desa)
Kendawangan,Natai Kuini,"Selasa, 06 Oktober 2026 03:49:00",NASA-MODIS,Medium,110.80508,-2.83543,False,False,False,True,True,True,Di Luar Area Pantauan (>1000m dari Desa)
Kendawangan,Natai Kuini,"Senin, 05 Oktober 2026 12:46:00",NASA-NOAA20,Medium,110.70506,-2.95536,False,False,False,False,False,False,Di Luar Area Pantauan (>1000m dari Desa)
Kendawangan,Natai Kuini,"Senin, 05 Oktober 2026 12:46:00",NASA-NOAA20,Medium,110.71633,-2.89247,False,False,False,True,False,True,Di Luar Area Pantauan (>1000m dari Desa)
Kendawangan,Natai Kuini,"Senin, 05 Oktober 2026 12:46:00",NASA-NOAA20,Medium,110.69627,-2.89542,False,False,False,False,False,False,Di Luar Area Pantauan (>1000m dari Desa)
Manis Mata,Suka Ramai,"Senin, 05 Oktober 2026 12:46:00",NASA-NOAA20,Medium,110.99371,-2.81647,False,False,False,False,False,False,Di Luar Area Pantauan (>1000m dari Desa)
Kendawangan,Natai Kuini,"Senin, 05 Oktober 2026 12:46:00",NASA-NOAA20,Medium,110.87331,-2.83053,False,False,False,False,True,True,Di Luar Area Pantauan (>1000m dari Desa)
Kendawangan,Pembedilan,"Senin, 05 Oktober 2026 12:46:00",NASA-NOAA20,Medium,110.36295,-2.82772,False,False,False,False,True,True,Di Luar Area Pantauan (>1000m dari Desa)
Manis Mata,Suka Ramai,"Senin, 05 Oktober 2026 12:46:00",NASA-NOAA20,Medium,111.09345,-2.7035,False,False,False,False,False,False,Di Luar Area Pantauan (>1000m dari Desa)
Manis Mata,Seguling,"Senin, 05 Oktober 2026 12:46:00",NASA-NOAA20,Medium,111.08877,-2.6682,False,False,False,False,False,False,Di Luar Area Pantauan (>1000m dari Desa)
Manis Mata,Seguling,"Senin, 05 Oktober 2026 12:46:00",NASA-NOAA20,Medium,111.09195,-2.66348,False,False,False,True,False,True,Di Luar Area Pantauan (>1000m dari Desa)
Manis Mata,Suka Ramai,"Senin, 05 Oktober 2026 12:46:00",NASA-NOAA20,Medium,110.99374,-2.81735,False,False,False,False,False,False,Di Luar Area Pantauan (>1000m dari Desa)
Kendawangan,Natai Kuini,"Senin, 05 Oktober 2026 12:46:00",NASA-NOAA20,Medium,110.8649,-2.82749,False,False,False,False,True,True,Di Luar Area Pantauan (>1000m dari Desa)
Kendawangan,Natai Kuini,"Senin, 05 Oktober 2026 12:46:00",NASA-NOAA20,Medium,110.74645,-2.87497,False,False,False,True,False,True,Di Luar Area Pantauan (>1000m dari Desa)
Kendawangan,Natai Kuini,"Senin, 05 Oktober 2026 12:46:00",NASA-NOAA20,Medium,110.75043,-2.87438,False,False,False,True,False,True,Di Luar Area Pantauan (>1000m dari Desa)
Kendawangan,Natai Kuini,"Senin, 05 Oktober 2026 12:46:00",NASA-NOAA20,Medium,110.69841,-2.88199,False,False,False,True,False,True,Di Luar Area Pantauan (>1000m dari Desa)
Kendawangan,Natai Kuini,"Senin, 05 Oktober 2026 12:46:00",NASA-NOAA20,Medium,110.6969,-2.8997,False,False,False,False,False,False,Di Luar Area Pantauan (>1000m dari Desa)
Manis Mata,Suka Ramai,"Senin, 05 Oktober 2026 12:46:00",NASA-NOAA20,Medium,111.12061,-2.6761,False,False,False,True,False,True,Di Luar Area Pantauan (>1000m dari Desa)
Manis Mata,Seguling,"Senin, 05 Oktober 2026 12:46:00",NASA-NOAA20,Medium,111.10188,-2.67895,False,False,False,False,False,False,Di Luar Area Pantauan (>1000m dari Desa)
Manis Mata,Jambi,"Senin, 05 Oktober 2026 12:46:00",NASA-NOAA20,Medium,111.09122,-2.68481,False,False,False,False,False,False,Di Luar Area Pantauan (>1000m dari Desa)
Manis Mata,Jambi,"Senin, 05 Oktober 2026 12:46:00",NASA-NOAA20,Medium,111.08746,-2.68539,False,False,False,False,False,False,Di Luar Area Pantauan (>1000m dari Desa)
Kendawangan,Natai Kuini,"Senin, 05 Oktober 2026 12:46:00",NASA-NOAA20,Medium,110.86426,-2.82327,False,False,False,False,True,True,Di Luar Area Pantauan (>1000m dari Desa)
Manis Mata,Suka Ramai,"Senin, 05 Oktober 2026 12:46:00",NASA-NOAA20,Medium,111.12849,-2.70686,False,False,False,False,False,False,Di Luar Area Pantauan (>1000m dari Desa)
Manis Mata,Suka Ramai,"Senin, 05 Oktober 2026 12:46:00",NASA-NOAA20,Medium,111.13973,-2.70521,False,False,False,False,False,False,Di Luar Area Pantauan (>1000m dari Desa)
Kendawangan,Kendawangan Kanan,"Senin, 05 Oktober 2026 12:46:00",NASA-NOAA20,Medium,110.27665,-2.83136,False,False,False,False,True,True,Di Luar Area Pantauan (>1000m dari Desa)
Kendawangan,Pembedilan,"Senin, 05 Oktober 2026 12:46:00",NASA-NOAA20,Medium,110.49517,-2.82606,False,False,False,False,True,True,Di Luar Area Pantauan (>1000m dari Desa)
Manis Mata,Suka Ramai,"Senin, 05 Oktober 2026 12:46:00",NASA-NOAA20,Medium,111.10895,-2.7564,False,False,False,False,False,False,Di Luar Area Pantauan (>1000m dari Desa)
Manis Mata,Suka Ramai,"Senin, 05 Oktober 2026 12:46:00",NASA-NOAA20,Medium,111.10519,-2.75696,False,False,False,False,False,False,Di Luar Area Pantauan (>1000m dari Desa)
Kendawangan,Seriam,"Senin, 05 Oktober 2026 12:46:00",NASA-NOAA20,Medium,110.3305,-2.64801,False,False,False,False,True,True,Di Luar Area Pantauan (>1000m dari Desa)
Manis Mata,Suka Ramai,"Senin, 05 Oktober 2026 12:46:00",NASA-NOAA20,Medium,111.12437,-2.67553,False,False,False,True,False,True,Di Luar Area Pantauan (>1000m dari Desa)
Kendawangan,Natai Kuini,"Senin, 05 Oktober 2026 12:46:00",NASA-NOAA20,Medium,110.70193,-2.93395,False,False,False,False,False,False,Di Luar Area Pantauan (>1000m dari Desa)
Kendawangan,Natai Kuini,"Senin, 05 Oktober 2026 12:46:00",NASA-NOAA20,Medium,110.74183,-2.87128,False,False,False,True,False,True,Di Luar Area Pantauan (>1000m dari Desa)
Manis Mata,Seguling,"Senin, 05 Oktober 2026 12:46:00",NASA-NOAA20,Medium,111.08817,-2.66405,False,False,False,True,False,True,Di Luar Area Pantauan (>1000m dari Desa)
Manis Mata,Seguling,"Senin, 05 Oktober 2026 12:46:00",NASA-NOAA20,Medium,111.09631,-2.66706,False,False,False,True,False,True,Di Luar Area Pantauan (>1000m dari Desa)
Manis Mata,Seguling,"Senin, 05 Oktober 2026 12:46:00",NASA-NOAA20,Medium,111.09254,-2.66763,False,False,False,True,False,True,Di Luar Area Pantauan (>1000m dari Desa)
Kendawangan,Natai Kuini,"Senin, 05 Oktober 2026 12:46:00",NASA-NOAA20,Medium,110.86037,-2.82386,False,False,False,False,True,True,Di Luar Area Pantauan (>1000m dari Desa)
Kendawangan,Danau Buntar,"Senin, 05 Oktober 2026 12:46:00",NASA-NOAA20,Medium,110.98541,-2.81345,False,False,False,False,False,False,Di Luar Area Pantauan (>1000m dari Desa)
Kendawangan,Natai Kuini,"Senin, 05 Oktober 2026 12:46:00",NASA-NOAA20,Medium,110.68394,-2.92351,False,False,False,False,False,False,Di Luar Area Pantauan (>1000m dari Desa)
Kendawangan,Natai Kuini,"Senin, 05 Oktober 2026 12:46:00",NASA-NOAA20,Medium,110.724,-2.97319,False,False,False,False,False,False,Di Luar Area Pantauan (>1000m dari Desa)
Manis Mata,Suka Ramai,"Senin, 05 Oktober 2026 12:46:00",NASA-NOAA20,Medium,111.09558,-2.6884,False,False,False,False,False,False,Di Luar Area Pantauan (>1000m dari Desa)
Kendawangan,Natai Kuini,"Senin, 05 Oktober 2026 12:46:00",NASA-NOAA20,Medium,110.70245,-2.8814,False,False,False,True,False,True,Di Luar Area Pantauan (>1000m dari Desa)
Kendawangan,Natai Kuini,"Senin, 05 Oktober 2026 12:46:00",NASA-NOAA20,Medium,110.70895,-2.89793,False,False,False,False,False,False,Di Luar Area Pantauan (>1000m dari Desa)
Kendawangan,Natai Kuini,"Senin, 05 Oktober 2026 12:46:00",NASA-NOAA20,Medium,110.70093,-2.89911,False,False,False,False,False,False,Di Luar Area Pantauan (>1000m dari Desa)
Manis Mata,Suka Ramai,"Senin, 05 Oktober 2026 12:46:00",NASA-NOAA20,Medium,111.14597,-2.69584,False,False,False,False,False,False,Di Luar Area Pantauan (>1000m dari Desa)
Kendawangan,Kendawangan Kanan,"Senin, 05 Oktober 2026 12:46:00",NASA-NOAA20,Medium,110.26807,-2.83261,False,False,False,False,True,True,Di Luar Area Pantauan (>1000m dari Desa)
Manis Mata,Suka Ramai,"Senin, 05 Oktober 2026 12:46:00",NASA-NOAA20,Medium,111.13345,-2.7146,False,False,False,False,False,False,Di Luar Area Pantauan (>1000m dari Desa)
Kendawangan,Natai Kuini,"Senin, 05 Oktober 2026 12:46:00",NASA-NOAA20,Medium,110.72435,-2.89129,False,False,False,True,False,True,Di Luar Area Pantauan (>1000m dari Desa)
Kendawangan,Natai Kuini,"Senin, 05 Oktober 2026 12:46:00",NASA-NOAA20,Medium,110.72034,-2.89188,False,False,False,True,False,True,Di Luar Area Pantauan (>1000m dari Desa)
Kendawangan,Air Hitam Besar,"Selasa, 06 Oktober 2026 01:28:00",NASA-NOAA20,Medium,110.70712,-2.7944,False,False,False,False,False,False,Di Luar Area Pantauan (>1000m dari Desa)
Kendawangan,Natai Kuini,"Selasa, 06 Oktober 2026 01:28:00",NASA-NOAA20,Medium,110.74525,-2.86086,False,False,False,True,False,True,Di Luar Area Pantauan (>1000m dari Desa)
Silat Hilir,Sentabai,"Selasa, 06 Oktober 2026 01:28:00",NASA-NOAA20,Medium,111.77787,0.52552,False,False,True,True,False,True,Di Luar Area Pantauan (>1000m dari Desa)
Matan Hilir Utara,Lamon Satong,"Selasa, 06 Oktober 2026 01:28:00",NASA-NOAA20,Medium,110.27459,-1.42069,False,False,True,False,False,True,Di Luar Area Pantauan (>1000m dari Desa)
Nanga Tayap,Betenung,"Selasa, 06 Oktober 2026 01:28:00",NASA-NOAA20,Medium,110.80152,-1.54946,False,False,True,False,False,True,Di Luar Area Pantauan (>1000m dari Desa)
Matan Hilir Utara,Lamon Satong,"Selasa, 06 Oktober 2026 01:28:00",NASA-NOAA20,Medium,110.27105,-1.42014,False,False,True,False,False,True,Di Luar Area Pantauan (>1000m dari Desa)
Matan Hilir Utara,Lamon Satong,"Selasa, 06 Oktober 2026 01:28:00",NASA-NOAA20,Medium,110.27155,-1.41612,False,False,False,False,False,False,Di Luar Area Pantauan (>1000m dari Desa)
Matan Hilir Utara,Lamon Satong,"Selasa, 06 Oktober 2026 01:28:00",NASA-NOAA20,Medium,110.26508,-1.41101,False,False,True,False,False,True,Di Luar Area Pantauan (>1000m dari Desa)
Matan Hilir Utara,Lamon Satong,"Selasa, 06 Oktober 2026 01:28:00",NASA-NOAA20,Medium,110.27341,-1.42872,False,False,True,False,False,True,Di Luar Area Pantauan (>1000m dari Desa)
Matan Hilir Utara,Kuala Tolak,"Selasa, 06 Oktober 2026 01:28:00",NASA-NOAA20,Medium,110.14491,-1.4804,False,False,False,True,False,True,Di Luar Area Pantauan (>1000m dari Desa)
Nanga Tayap,Betenung,"Selasa, 06 Oktober 2026 01:28:00",NASA-NOAA20,Medium,110.86662,-1.60817,False,False,False,False,False,False,Di Luar Area Pantauan (>1000m dari Desa)
Matan Hilir Utara,Kuala Tolak,"Selasa, 06 Oktober 2026 01:28:00",NASA-NOAA20,Medium,110.15675,-1.49445,False,False,False,True,False,True,Di Luar Area Pantauan (>1000m dari Desa)
Nanga Tayap,Betenung,"Selasa, 06 Oktober 2026 01:28:00",NASA-NOAA20,Medium,110.86081,-1.61584,False,False,True,False,False,True,Di Luar Area Pantauan (>1000m dari Desa)
Nanga Tayap,Betenung,"Selasa, 06 Oktober 2026 01:28:00",NASA-NOAA20,Medium,110.80532,-1.55006,False,False,True,False,False,True,Di Luar Area Pantauan (>1000m dari Desa)
Matan Hilir Utara,Kuala Tolak,"Selasa, 06 Oktober 2026 01:28:00",NASA-NOAA20,Medium,110.1441,-1.5088,False,False,True,False,False,True,Di Luar Area Pantauan (>1000m dari Desa)
Nanga Tayap,Betenung,"Selasa, 06 Oktober 2026 01:28:00",NASA-NOAA20,Medium,110.85957,-1.61993,False,False,True,False,False,True,Di Luar Area Pantauan (>1000m dari Desa)
Muara Pawan,Ulak Medang,"Selasa, 06 Oktober 2026 01:28:00",NASA-NOAA20,Medium,110.25781,-1.52649,False,False,True,True,False,True,Di Luar Area Pantauan (>1000m dari Desa)
Matan Hilir Utara,Kuala Tolak,"Selasa, 06 Oktober 2026 01:28:00",NASA-NOAA20,Medium,110.13937,-1.42406,False,False,False,True,False,True,Di Luar Area Pantauan (>1000m dari Desa)
Nanga Tayap,Betenung,"Selasa, 06 Oktober 2026 01:28:00",NASA-NOAA20,Medium,110.88294,-1.57951,False,False,False,False,False,False,Di Luar Area Pantauan (>1000m dari Desa)
Muara Pawan,Ulak Medang,"Selasa, 06 Oktober 2026 01:28:00",NASA-NOAA20,Medium,110.29434,-1.54452,False,False,True,True,False,True,Di Luar Area Pantauan (>1000m dari Desa)
Muara Pawan,Ulak Medang,"Selasa, 06 Oktober 2026 01:28:00",NASA-NOAA20,Medium,110.30135,-1.54562,False,False,True,True,False,True,Di Luar Area Pantauan (>1000m dari Desa)
Matan Hilir Utara,Sungai Putri,"Selasa, 06 Oktober 2026 01:28:00",NASA-NOAA20,Medium,110.08878,-1.55553,False,False,True,True,False,True,Di Luar Area Pantauan (>1000m dari Desa)
Nanga Tayap,Batu Mas,"Selasa, 06 Oktober 2026 01:28:00",NASA-NOAA20,Medium,110.65696,-1.65433,False,False,True,False,False,True,Di Luar Area Pantauan (>1000m dari Desa)
Nanga Tayap,Batu Mas,"Selasa, 06 Oktober 2026 01:28:00",NASA-NOAA20,Medium,110.65322,-1.65376,False,False,True,False,False,True,Di Luar Area Pantauan (>1000m dari Desa)
Nanga Tayap,Batu Mas,"Selasa, 06 Oktober 2026 01:28:00",NASA-NOAA20,Medium,110.65315,-1.65125,False,False,True,False,False,True,Di Luar Area Pantauan (>1000m dari Desa)
Matan Hilir Utara,Sungai Putri,"Selasa, 06 Oktober 2026 01:28:00",NASA-NOAA20,Medium,110.08524,-1.55653,False,False,True,True,False,True,Di Luar Area Pantauan (>1000m dari Desa)
Muara Pawan,Ulak Medang,"Selasa, 06 Oktober 2026 01:28:00",NASA-NOAA20,Medium,110.28841,-1.56007,False,False,True,True,False,True,Di Luar Area Pantauan (>1000m dari Desa)
Muara Pawan,Ulak Medang,"Selasa, 06 Oktober 2026 01:28:00",NASA-NOAA20,Medium,110.29662,-1.55312,False,False,True,True,False,True,Di Luar Area Pantauan (>1000m dari Desa)
Muara Pawan,Ulak Medang,"Selasa, 06 Oktober 2026 01:28:00",NASA-NOAA20,Medium,110.28902,-1.55605,False,False,True,True,False,True,Di Luar Area Pantauan (>1000m dari Desa)
Nanga Tayap,Cegolak,"Selasa, 06 Oktober 2026 01:28:00",NASA-NOAA20,Medium,110.74364,-1.60619,False,False,True,False,False,True,Di Luar Area Pantauan (>1000m dari Desa)
Nanga Tayap,Betenung,"Selasa, 06 Oktober 2026 01:28:00",NASA-NOAA20,Medium,110.86557,-1.6123,False,False,True,False,False,True,Di Luar Area Pantauan (>1000m dari Desa)
Muara Pawan,Ulak Medang,"Selasa, 06 Oktober 2026 01:28:00",NASA-NOAA20,Medium,110.29602,-1.55715,False,False,True,True,False,True,Di Luar Area Pantauan (>1000m dari Desa)
Tumbang Titi,Beringin Rayo,"Selasa, 06 Oktober 2026 01:28:00",NASA-NOAA20,Medium,110.76009,-1.7509,False,False,False,False,False,False,Di Luar Area Pantauan (>1000m dari Desa)
Muara Pawan,Ulak Medang,"Selasa, 06 Oktober 2026 01:28:00",NASA-NOAA20,Medium,110.29373,-1.54855,False,False,True,True,False,True,Di Luar Area Pantauan (>1000m dari Desa)
Muara Pawan,Ulak Medang,"Selasa, 06 Oktober 2026 01:28:00",NASA-NOAA20,Medium,110.30075,-1.54965,False,False,True,True,False,True,Di Luar Area Pantauan (>1000m dari Desa)
Muara Pawan,Ulak Medang,"Selasa, 06 Oktober 2026 01:28:00",NASA-NOAA20,Medium,110.29252,-1.5566,False,False,True,True,False,True,Di Luar Area Pantauan (>1000m dari Desa)
Muara Pawan,Ulak Medang,"Selasa, 06 Oktober 2026 01:28:00",NASA-NOAA20,Medium,110.29724,-1.5491,False,False,True,True,False,True,Di Luar Area Pantauan (>1000m dari Desa)
Jelai Hulu,Pasir Mayang,"Selasa, 06 Oktober 2026 01:28:00",NASA-NOAA20,Medium,110.78845,-1.79962,False,False,False,False,False,False,Di Luar Area Pantauan (>1000m dari Desa)
Tumbang Titi,Titi Baru,"Selasa, 06 Oktober 2026 01:28:00",NASA-NOAA20,Medium,110.60937,-1.87179,False,False,False,False,False,False,Di Luar Area Pantauan (>1000m dari Desa)
Nanga Tayap,Batu Mas,"Selasa, 06 Oktober 2026 01:28:00",NASA-NOAA20,Medium,110.62569,-1.6833,False,False,False,False,False,False,Di Luar Area Pantauan (>1000m dari Desa)
Matan Hilir Selatan,Sungai Nanjung,"Selasa, 06 Oktober 2026 01:28:00",NASA-NOAA20,Medium,110.19639,-2.13764,False,False,True,True,False,True,Di Luar Area Pantauan (>1000m dari Desa)
Matan Hilir Selatan,Sungai Nanjung,"Selasa, 06 Oktober 2026 01:28:00",NASA-NOAA20,Medium,110.18584,-2.13603,False,False,True,False,False,True,Di Luar Area Pantauan (>1000m dari Desa)
Matan Hilir Selatan,Sungai Nanjung,"Selasa, 06 Oktober 2026 01:28:00",NASA-NOAA20,Medium,110.18936,-2.13657,False,False,True,True,False,True,Di Luar Area Pantauan (>1000m dari Desa)
Jelai Hulu,Teluk Runjai,"Selasa, 06 Oktober 2026 01:28:00",NASA-NOAA20,Medium,110.7578,-1.97982,False,False,False,False,False,False,Di Luar Area Pantauan (>1000m dari Desa)
Marau,Suka Karya,"Selasa, 06 Oktober 2026 01:28:00",NASA-NOAA20,Medium,110.75291,-2.15266,False,False,False,False,False,False,Di Luar Area Pantauan (>1000m dari Desa)
Kendawangan,Air Tarap,"Selasa, 06 Oktober 2026 01:28:00",NASA-NOAA20,Medium,110.85809,-2.54114,False,False,False,False,False,False,Di Luar Area Pantauan (>1000m dari Desa)
Kendawangan,Air Tarap,"Selasa, 06 Oktober 2026 01:28:00",NASA-NOAA20,Medium,110.87449,-2.53938,False,False,False,False,False,False,Di Luar Area Pantauan (>1000m dari Desa)
Matan Hilir Selatan,Pagar Mentimun,"Selasa, 06 Oktober 2026 01:28:00",NASA-NOAA20,Medium,110.16437,-2.25321,False,False,True,True,False,True,Di Luar Area Pantauan (>1000m dari Desa)
Manis Mata,Seguling,"Selasa, 06 Oktober 2026 01:28:00",NASA-NOAA20,Medium,111.10155,-2.65648,False,False,True,True,False,True,Di Luar Area Pantauan (>1000m dari Desa)
Manis Mata,Seguling,"Selasa, 06 Oktober 2026 01:28:00",NASA-NOAA20,Medium,111.11317,-2.66271,False,False,False,True,False,True,Di Luar Area Pantauan (>1000m dari Desa)
Kendawangan,Pangkalan Batu,"Selasa, 06 Oktober 2026 01:28:00",NASA-NOAA20,Medium,110.38145,-2.2697,False,False,False,False,False,False,Di Luar Area Pantauan (>1000m dari Desa)
Air Upas,Gahang,"Selasa, 06 Oktober 2026 01:28:00",NASA-NOAA20,Medium,110.75635,-2.3437,False,False,False,False,False,False,Di Luar Area Pantauan (>1000m dari Desa)
Kendawangan,Air Tarap,"Selasa, 06 Oktober 2026 01:28:00",NASA-NOAA20,Medium,110.87514,-2.53513,False,False,False,False,False,False,Di Luar Area Pantauan (>1000m dari Desa)
Kendawangan,Air Hitam Besar,"Selasa, 06 Oktober 2026 01:28:00",NASA-NOAA20,Medium,110.80074,-2.78273,False,False,True,True,True,True,Di Luar Area Pantauan (>1000m dari Desa)
Kendawangan,Natai Kuini,"Selasa, 06 Oktober 2026 01:28:00",NASA-NOAA20,Medium,110.79945,-2.79121,False,False,False,True,True,True,Di Luar Area Pantauan (>1000m dari Desa)
Kendawangan,Air Hitam Besar,"Selasa, 06 Oktober 2026 01:28:00",NASA-NOAA20,Medium,110.7116,-2.79077,False,False,False,False,False,False,Di Luar Area Pantauan (>1000m dari Desa)
Kendawangan,Air Hitam Besar,"Selasa, 06 Oktober 2026 01:28:00",NASA-NOAA20,Medium,110.74724,-2.79191,False,False,False,True,False,True,Di Luar Area Pantauan (>1000m dari Desa)
Kendawangan,Air Hitam Besar,"Selasa, 06 Oktober 2026 01:28:00",NASA-NOAA20,Medium,110.73879,-2.79494,False,False,False,True,False,True,Di Luar Area Pantauan (>1000m dari Desa)
Kendawangan,Air Tarap,"Selasa, 06 Oktober 2026 01:28:00",NASA-NOAA20,Medium,110.8791,-2.53575,False,False,False,False,False,False,Di Luar Area Pantauan (>1000m dari Desa)
Kendawangan,Air Tarap,"Selasa, 06 Oktober 2026 01:28:00",NASA-NOAA20,Medium,110.8601,-2.54092,False,False,False,False,False,False,Di Luar Area Pantauan (>1000m dari Desa)
Kendawangan,Air Tarap,"Selasa, 06 Oktober 2026 01:28:00",NASA-NOAA20,Medium,110.76717,-2.50958,False,False,False,False,False,False,Di Luar Area Pantauan (>1000m dari Desa)
Kendawangan,Air Tarap,"Selasa, 06 Oktober 2026 01:28:00",NASA-NOAA20,Medium,110.86205,-2.54176,False,False,False,False,False,False,Di Luar Area Pantauan (>1000m dari Desa)
Kendawangan,Danau Buntar,"Selasa, 06 Oktober 2026 01:28:00",NASA-NOAA20,Medium,110.87845,-2.54,False,False,False,False,False,False,Di Luar Area Pantauan (>1000m dari Desa)
Kendawangan,Air Hitam Besar,"Selasa, 06 Oktober 2026 01:28:00",NASA-NOAA20,Medium,110.70649,-2.79861,False,False,False,False,False,False,Di Luar Area Pantauan (>1000m dari Desa)
Kendawangan,Air Hitam Besar,"Selasa, 06 Oktober 2026 01:28:00",NASA-NOAA20,Medium,110.72134,-2.80521,False,False,False,False,False,False,Di Luar Area Pantauan (>1000m dari Desa)
Kendawangan,Air Hitam Besar,"Selasa, 06 Oktober 2026 01:28:00",NASA-NOAA20,Medium,110.72522,-2.80581,False,False,False,False,False,False,Di Luar Area Pantauan (>1000m dari Desa)
Kendawangan,Air Hitam Besar,"Selasa, 06 Oktober 2026 01:28:00",NASA-NOAA20,Medium,110.72784,-2.81485,False,False,False,False,False,False,Di Luar Area Pantauan (>1000m dari Desa)
Kendawangan,Air Hitam Besar,"Selasa, 06 Oktober 2026 01:28:00",NASA-NOAA20,Medium,110.72394,-2.81425,False,False,False,False,False,False,Di Luar Area Pantauan (>1000m dari Desa)
Kendawangan,Air Hitam Besar,"Selasa, 06 Oktober 2026 01:28:00",NASA-NOAA20,Medium,110.72005,-2.81365,False,False,False,False,False,False,Di Luar Area Pantauan (>1000m dari Desa)
Matan Hilir Selatan,Sungai Nanjung,"Selasa, 06 Oktober 2026 01:28:00",NASA-NOAA20,Medium,110.18996,-2.13253,False,False,True,True,False,True,Di Luar Area Pantauan (>1000m dari Desa)
Matan Hilir Selatan,Sungai Nanjung,"Selasa, 06 Oktober 2026 01:28:00",NASA-NOAA20,Medium,110.18291,-2.13146,False,False,True,True,False,True,Di Luar Area Pantauan (>1000m dari Desa)
Kendawangan,Pembedilan,"Selasa, 06 Oktober 2026 01:28:00",NASA-NOAA20,Medium,110.47217,-2.80074,False,False,False,False,True,True,Di Luar Area Pantauan (>1000m dari Desa)
Kendawangan,Natai Kuini,"Selasa, 06 Oktober 2026 01:28:00",NASA-NOAA20,Medium,110.8142,-2.85429,False,False,False,False,False,False,Di Luar Area Pantauan (>1000m dari Desa)
Kendawangan,Natai Kuini,"Selasa, 06 Oktober 2026 01:28:00",NASA-NOAA20,Medium,110.81024,-2.85368,False,False,False,False,False,False,Di Luar Area Pantauan (>1000m dari Desa)
Kendawangan,Natai Kuini,"Selasa, 06 Oktober 2026 01:28:00",NASA-NOAA20,Medium,110.82606,-2.85615,False,False,False,False,True,True,Di Luar Area Pantauan (>1000m dari Desa)
Kendawangan,Natai Kuini,"Selasa, 06 Oktober 2026 01:28:00",NASA-NOAA20,Medium,110.80237,-2.85244,False,False,False,False,False,False,Di Luar Area Pantauan (>1000m dari Desa)
Kendawangan,Air Hitam Besar,"Selasa, 06 Oktober 2026 01:28:00",NASA-NOAA20,Medium,110.73099,-2.79374,False,False,False,True,False,True,Di Luar Area Pantauan (>1000m dari Desa)
Kendawangan,Air Hitam Besar,"Selasa, 06 Oktober 2026 01:28:00",NASA-NOAA20,Medium,110.73488,-2.79434,False,False,False,True,False,True,Di Luar Area Pantauan (>1000m dari Desa)
Kendawangan,Air Hitam Besar,"Selasa, 06 Oktober 2026 01:28:00",NASA-NOAA20,Medium,110.74273,-2.79554,False,False,False,True,False,True,Di Luar Area Pantauan (>1000m dari Desa)
Kendawangan,Air Hitam Besar,"Selasa, 06 Oktober 2026 01:28:00",NASA-NOAA20,Medium,110.71874,-2.79618,False,False,False,False,False,False,Di Luar Area Pantauan (>1000m dari Desa)
Kendawangan,Air Hitam Besar,"Selasa, 06 Oktober 2026 01:28:00",NASA-NOAA20,Medium,110.72261,-2.79678,False,False,False,False,False,False,Di Luar Area Pantauan (>1000m dari Desa)
Kendawangan,Air Hitam Besar,"Selasa, 06 Oktober 2026 01:28:00",NASA-NOAA20,Medium,110.75052,-2.79674,False,False,False,True,False,True,Di Luar Area Pantauan (>1000m dari Desa)
Kendawangan,Air Hitam Besar,"Selasa, 06 Oktober 2026 01:28:00",NASA-NOAA20,Medium,110.72647,-2.79737,False,False,False,False,False,False,Di Luar Area Pantauan (>1000m dari Desa)
Kendawangan,Air Hitam Besar,"Selasa, 06 Oktober 2026 01:28:00",NASA-NOAA20,Medium,110.71098,-2.79499,False,False,False,False,False,False,Di Luar Area Pantauan (>1000m dari Desa)
Kendawangan,Air Hitam Besar,"Selasa, 06 Oktober 2026 01:28:00",NASA-NOAA20,Medium,110.73425,-2.79856,False,False,False,True,False,True,Di Luar Area Pantauan (>1000m dari Desa)
Kendawangan,Air Hitam Besar,"Selasa, 06 Oktober 2026 01:28:00",NASA-NOAA20,Medium,110.733,-2.80701,False,False,False,False,False,False,Di Luar Area Pantauan (>1000m dari Desa)
Kendawangan,Air Hitam Besar,"Selasa, 06 Oktober 2026 01:28:00",NASA-NOAA20,Medium,110.71485,-2.79558,False,False,False,False,False,False,Di Luar Area Pantauan (>1000m dari Desa)
Kendawangan,Air Hitam Besar,"Selasa, 06 Oktober 2026 01:28:00",NASA-NOAA20,Medium,110.72847,-2.81063,False,False,False,False,False,False,Di Luar Area Pantauan (>1000m dari Desa)
Kendawangan,Air Hitam Besar,"Selasa, 06 Oktober 2026 01:28:00",NASA-NOAA20,Medium,110.71682,-2.80883,False,False,False,False,False,False,Di Luar Area Pantauan (>1000m dari Desa)
Kendawangan,Air Hitam Besar,"Selasa, 06 Oktober 2026 01:28:00",NASA-NOAA20,Medium,110.7123,-2.81245,False,False,False,False,False,False,Di Luar Area Pantauan (>1000m dari Desa)
Kendawangan,Air Hitam Besar,"Selasa, 06 Oktober 2026 01:28:00",NASA-NOAA20,Medium,110.73173,-2.81546,False,False,False,True,False,True,Di Luar Area Pantauan (>1000m dari Desa)
Kendawangan,Air Hitam Besar,"Selasa, 06 Oktober 2026 01:28:00",NASA-NOAA20,Medium,110.70843,-2.81185,False,False,False,True,False,True,Di Luar Area Pantauan (>1000m dari Desa)
Kendawangan,Natai Kuini,"Selasa, 06 Oktober 2026 01:28:00",NASA-NOAA20,Medium,110.81211,-2.84093,False,False,False,False,True,True,Di Luar Area Pantauan (>1000m dari Desa)
Kendawangan,Natai Kuini,"Selasa, 06 Oktober 2026 01:28:00",NASA-NOAA20,Medium,110.83247,-2.83974,False,False,False,False,True,True,Di Luar Area Pantauan (>1000m dari Desa)
Kendawangan,Natai Kuini,"Selasa, 06 Oktober 2026 01:28:00",NASA-NOAA20,Medium,110.80424,-2.8397,False,False,False,False,False,False,Di Luar Area Pantauan (>1000m dari Desa)
Kendawangan,Natai Kuini,"Selasa, 06 Oktober 2026 01:28:00",NASA-NOAA20,Medium,110.83186,-2.844,False,False,False,False,True,True,Di Luar Area Pantauan (>1000m dari Desa)
Kendawangan,Pembedilan,"Selasa, 06 Oktober 2026 01:28:00",NASA-NOAA20,Medium,110.44109,-2.77892,False,False,False,False,True,True,Di Luar Area Pantauan (>1000m dari Desa)
Kendawangan,Natai Kuini,"Selasa, 06 Oktober 2026 01:28:00",NASA-NOAA20,Medium,110.80817,-2.84031,False,False,False,False,False,False,Di Luar Area Pantauan (>1000m dari Desa)
Kendawangan,Natai Kuini,"Selasa, 06 Oktober 2026 01:28:00",NASA-NOAA20,Medium,110.79967,-2.84333,False,False,False,False,False,False,Di Luar Area Pantauan (>1000m dari Desa)
Kendawangan,Natai Kuini,"Selasa, 06 Oktober 2026 01:28:00",NASA-NOAA20,Medium,110.81482,-2.85004,False,False,False,False,False,False,Di Luar Area Pantauan (>1000m dari Desa)
Kendawangan,Natai Kuini,"Selasa, 06 Oktober 2026 01:28:00",NASA-NOAA20,Medium,110.79508,-2.84696,False,False,False,False,False,False,Di Luar Area Pantauan (>1000m dari Desa)
Kendawangan,Natai Kuini,"Selasa, 06 Oktober 2026 01:28:00",NASA-NOAA20,Medium,110.80299,-2.8482,False,False,False,False,False,False,Di Luar Area Pantauan (>1000m dari Desa)
Kendawangan,Air Hitam Besar,"Selasa, 06 Oktober 2026 01:28:00",NASA-NOAA20,Medium,110.73691,-2.80761,False,False,False,False,False,False,Di Luar Area Pantauan (>1000m dari Desa)
Kendawangan,Air Hitam Besar,"Selasa, 06 Oktober 2026 01:28:00",NASA-NOAA20,Medium,110.71035,-2.79921,False,False,False,False,False,False,Di Luar Area Pantauan (>1000m dari Desa)
Manis Mata,Seguling,"Selasa, 06 Oktober 2026 01:28:00",NASA-NOAA20,Medium,111.10499,-2.66143,False,False,False,True,False,True,Di Luar Area Pantauan (>1000m dari Desa)
Manis Mata,Seguling,"Selasa, 06 Oktober 2026 01:28:00",NASA-NOAA20,Medium,111.10971,-2.65775,False,False,False,True,False,True,Di Luar Area Pantauan (>1000m dari Desa)
Kendawangan,Natai Kuini,"Selasa, 06 Oktober 2026 01:28:00",NASA-NOAA20,Medium,110.82992,-2.8605,False,False,False,False,False,False,Di Luar Area Pantauan (>1000m dari Desa)
Kendawangan,Natai Kuini,"Selasa, 06 Oktober 2026 01:28:00",NASA-NOAA20,Medium,110.82595,-2.85991,False,False,False,False,False,False,Di Luar Area Pantauan (>1000m dari Desa)
Kendawangan,Natai Kuini,"Selasa, 06 Oktober 2026 01:28:00",NASA-NOAA20,Medium,110.81407,-2.85814,False,False,False,False,False,False,Di Luar Area Pantauan (>1000m dari Desa)
Kendawangan,Natai Kuini,"Selasa, 06 Oktober 2026 01:28:00",NASA-NOAA20,Medium,110.81013,-2.85755,False,False,False,False,False,False,Di Luar Area Pantauan (>1000m dari Desa)
Kendawangan,Natai Kuini,"Selasa, 06 Oktober 2026 01:28:00",NASA-NOAA20,Medium,110.69984,-2.89719,False,False,False,False,False,False,Di Luar Area Pantauan (>1000m dari Desa)
Kendawangan,Natai Kuini,"Selasa, 06 Oktober 2026 01:28:00",NASA-NOAA20,Medium,110.75244,-2.86627,False,False,False,True,False,True,Di Luar Area Pantauan (>1000m dari Desa)
Kendawangan,Natai Kuini,"Selasa, 06 Oktober 2026 01:28:00",NASA-NOAA20,Medium,110.72507,-2.86215,False,False,False,True,False,True,Di Luar Area Pantauan (>1000m dari Desa)
Kendawangan,Natai Kuini,"Selasa, 06 Oktober 2026 01:28:00",NASA-NOAA20,Medium,110.72897,-2.86274,False,False,False,True,False,True,Di Luar Area Pantauan (>1000m dari Desa)
Matan Hilir Selatan,Sungai Nanjung,"Selasa, 06 Oktober 2026 01:28:00",NASA-NOAA20,Medium,110.18232,-2.13549,False,False,True,False,False,True,Di Luar Area Pantauan (>1000m dari Desa)
Kendawangan,Kedondong,"Selasa, 06 Oktober 2026 01:28:00",NASA-NOAA20,Medium,110.30006,-2.26982,False,False,False,False,False,False,Di Luar Area Pantauan (>1000m dari Desa)
Matan Hilir Selatan,Pesaguan Kanan,"Selasa, 06 Oktober 2026 01:28:00",NASA-NOAA20,Medium,110.18122,-2.05171,False,False,False,True,False,True,Di Luar Area Pantauan (>1000m dari Desa)
Matan Hilir Selatan,Sungai Nanjung,"Selasa, 06 Oktober 2026 01:28:00",NASA-NOAA20,Medium,110.18644,-2.132,False,False,True,True,False,True,Di Luar Area Pantauan (>1000m dari Desa)
Kendawangan,Airhitam Hulu,"Selasa, 06 Oktober 2026 01:28:00",NASA-NOAA20,Medium,110.68357,-2.63124,False,False,False,False,False,False,Di Luar Area Pantauan (>1000m dari Desa)
Kendawangan,Airhitam Hulu,"Selasa, 06 Oktober 2026 01:28:00",NASA-NOAA20,Medium,110.68794,-2.62674,False,False,False,False,False,False,Di Luar Area Pantauan (>1000m dari Desa)
Kendawangan,Natai Kuini,"Selasa, 06 Oktober 2026 01:28:00",NASA-NOAA20,Medium,110.7374,-2.85969,False,False,False,True,False,True,Di Luar Area Pantauan (>1000m dari Desa)
Kendawangan,Natai Kuini,"Selasa, 06 Oktober 2026 01:28:00",NASA-NOAA20,Medium,110.72181,-2.85734,False,False,False,True,False,True,Di Luar Area Pantauan (>1000m dari Desa)
Kendawangan,Air Hitam Besar,"Selasa, 06 Oktober 2026 01:28:00",NASA-NOAA20,Medium,110.71529,-2.84773,False,False,False,False,False,False,Di Luar Area Pantauan (>1000m dari Desa)
Kendawangan,Pembedilan,"Selasa, 06 Oktober 2026 01:28:00",NASA-NOAA20,Medium,110.47836,-2.8102,False,False,False,False,True,True,Di Luar Area Pantauan (>1000m dari Desa)
Kendawangan,Natai Kuini,"Selasa, 06 Oktober 2026 01:28:00",NASA-NOAA20,Medium,110.72665,-2.84924,False,False,False,True,False,True,Di Luar Area Pantauan (>1000m dari Desa)
Kendawangan,Air Hitam Besar,"Selasa, 06 Oktober 2026 01:28:00",NASA-NOAA20,Medium,110.72276,-2.84863,False,False,False,False,False,False,Di Luar Area Pantauan (>1000m dari Desa)
Kendawangan,Pembedilan,"Selasa, 06 Oktober 2026 01:28:00",NASA-NOAA20,Medium,110.479,-2.80605,False,False,False,False,True,True,Di Luar Area Pantauan (>1000m dari Desa)
Kendawangan,Air Hitam Besar,"Selasa, 06 Oktober 2026 01:28:00",NASA-NOAA20,Medium,110.71561,-2.84318,False,False,False,False,False,False,Di Luar Area Pantauan (>1000m dari Desa)
Kendawangan,Air Hitam Besar,"Selasa, 06 Oktober 2026 01:28:00",NASA-NOAA20,Medium,110.7195,-2.84379,False,False,False,False,False,False,Di Luar Area Pantauan (>1000m dari Desa)
Kendawangan,Air Hitam Besar,"Selasa, 06 Oktober 2026 01:28:00",NASA-NOAA20,Medium,110.69588,-2.8707,False,False,False,True,False,True,Di Luar Area Pantauan (>1000m dari Desa)
Kendawangan,Air Hitam Besar,"Selasa, 06 Oktober 2026 01:28:00",NASA-NOAA20,Medium,110.69462,-2.87914,False,False,False,True,False,True,Di Luar Area Pantauan (>1000m dari Desa)
Kendawangan,Natai Kuini,"Selasa, 06 Oktober 2026 01:28:00",NASA-NOAA20,Medium,110.72116,-2.86157,False,False,False,True,False,True,Di Luar Area Pantauan (>1000m dari Desa)
Kendawangan,Natai Kuini,"Selasa, 06 Oktober 2026 01:28:00",NASA-NOAA20,Medium,110.70762,-2.89838,False,False,False,False,False,False,Di Luar Area Pantauan (>1000m dari Desa)
Kendawangan,Natai Kuini,"Selasa, 06 Oktober 2026 01:28:00",NASA-NOAA20,Medium,110.69206,-2.896,False,False,False,False,False,False,Di Luar Area Pantauan (>1000m dari Desa)
Kendawangan,Natai Kuini,"Selasa, 06 Oktober 2026 01:28:00",NASA-NOAA20,Medium,110.69849,-2.87973,False,False,False,True,False,True,Di Luar Area Pantauan (>1000m dari Desa)
Kendawangan,Natai Kuini,"Selasa, 06 Oktober 2026 01:28:00",NASA-NOAA20,Medium,110.72633,-2.8537,False,False,False,False,False,False,Di Luar Area Pantauan (>1000m dari Desa)
Kendawangan,Natai Kuini,"Selasa, 06 Oktober 2026 01:28:00",NASA-NOAA20,Medium,110.73677,-2.86391,False,False,False,True,False,True,Di Luar Area Pantauan (>1000m dari Desa)
Kendawangan,Natai Kuini,"Selasa, 06 Oktober 2026 01:28:00",NASA-NOAA20,Medium,110.74461,-2.86509,False,False,False,True,False,True,Di Luar Area Pantauan (>1000m dari Desa)
Kendawangan,Natai Kuini,"Selasa, 06 Oktober 2026 01:28:00",NASA-NOAA20,Medium,110.74069,-2.8645,False,False,False,True,False,True,Di Luar Area Pantauan (>1000m dari Desa)
Kendawangan,Natai Kuini,"Selasa, 06 Oktober 2026 01:28:00",NASA-NOAA20,Medium,110.74853,-2.86568,False,False,False,True,False,True,Di Luar Area Pantauan (>1000m dari Desa)
Kendawangan,Natai Kuini,"Selasa, 06 Oktober 2026 01:28:00",NASA-NOAA20,Medium,110.69595,-2.8966,False,False,False,False,False,False,Di Luar Area Pantauan (>1000m dari Desa)
Kendawangan,Pembedilan,"Selasa, 06 Oktober 2026 01:28:00",NASA-NOAA20,Medium,110.30684,-2.84116,False,False,False,True,True,True,Di Luar Area Pantauan (>1000m dari Desa)
Kendawangan,Natai Kuini,"Selasa, 06 Oktober 2026 01:28:00",NASA-NOAA20,Medium,110.70373,-2.89779,False,False,False,False,False,False,Di Luar Area Pantauan (>1000m dari Desa)
Kendawangan,Natai Kuini,"Selasa, 06 Oktober 2026 01:28:00",NASA-NOAA20,Medium,110.6992,-2.90141,False,False,False,False,False,False,Di Luar Area Pantauan (>1000m dari Desa)
Kendawangan,Natai Kuini,"Selasa, 06 Oktober 2026 01:28:00",NASA-NOAA20,Medium,110.69531,-2.90081,False,False,False,False,False,False,Di Luar Area Pantauan (>1000m dari Desa)
Kendawangan,Airhitam Hulu,"Selasa, 06 Oktober 2026 01:28:00",NASA-NOAA20,Medium,110.68732,-2.63094,False,False,False,False,False,False,Di Luar Area Pantauan (>1000m dari Desa)
Kendawangan,Natai Kuini,"Selasa, 06 Oktober 2026 01:28:00",NASA-NOAA20,Medium,110.7335,-2.8591,False,False,False,True,False,True,Di Luar Area Pantauan (>1000m dari Desa)
Manis Mata,Seguling,"Selasa, 06 Oktober 2026 01:28:00",NASA-NOAA20,Medium,111.10909,-2.66207,False,False,False,True,False,True,Di Luar Area Pantauan (>1000m dari Desa)
Kendawangan,Natai Kuini,"Selasa, 06 Oktober 2026 01:28:00",NASA-NOAA20,Medium,110.92174,-2.78795,False,False,True,True,False,True,Di Luar Area Pantauan (>1000m dari Desa)
Manis Mata,Seguling,"Selasa, 06 Oktober 2026 01:28:00",NASA-NOAA20,Medium,111.10565,-2.65712,False,False,False,True,False,True,Di Luar Area Pantauan (>1000m dari Desa)
Kendawangan,Airhitam Hulu,"Selasa, 06 Oktober 2026 01:28:00",NASA-NOAA20,Medium,110.68806,-2.62762,False,False,False,False,False,False,Di Luar Area Pantauan (>1000m dari Desa)
Kendawangan,Airhitam Hulu,"Selasa, 06 Oktober 2026 01:28:00",NASA-NOAA20,Medium,110.68743,-2.63182,False,False,False,False,False,False,Di Luar Area Pantauan (>1000m dari Desa)
Kendawangan,Natai Kuini,"Selasa, 06 Oktober 2026 01:28:00",NASA-NOAA20,Medium,110.81877,-2.85066,False,False,False,False,True,True,Di Luar Area Pantauan (>1000m dari Desa)
Manis Mata,Jambi,"Selasa, 06 Oktober 2026 01:28:00",NASA-NOAA20,Medium,110.96628,-2.7043,False,False,False,False,False,False,Di Luar Area Pantauan (>1000m dari Desa)
Kendawangan,Airhitam Hulu,"Selasa, 06 Oktober 2026 01:28:00",NASA-NOAA20,Medium,110.68347,-2.63034,False,False,False,False,False,False,Di Luar Area Pantauan (>1000m dari Desa)
Kendawangan,Air Hitam Besar,"Selasa, 06 Oktober 2026 01:28:00",NASA-NOAA20,Medium,110.80205,-2.77425,False,False,False,False,True,True,Di Luar Area Pantauan (>1000m dari Desa)
Kendawangan,Air Hitam Besar,"Selasa, 06 Oktober 2026 01:28:00",NASA-NOAA20,Medium,110.80138,-2.77849,False,False,False,True,True,True,Di Luar Area Pantauan (>1000m dari Desa)
Kendawangan,Natai Kuini,"Selasa, 06 Oktober 2026 01:28:00",NASA-NOAA20,Medium,110.80406,-2.78757,False,False,False,True,True,True,Di Luar Area Pantauan (>1000m dari Desa)
Kendawangan,Airhitam Hulu,"Selasa, 06 Oktober 2026 01:28:00",NASA-NOAA20,Medium,110.6842,-2.62704,False,False,False,False,False,False,Di Luar Area Pantauan (>1000m dari Desa)
Tumbang Titi,Titi Baru,"Selasa, 06 Oktober 2026 01:28:00",NASA-NOAA20,Medium,110.61305,-1.87235,False,False,False,False,False,False,Di Luar Area Pantauan (>1000m dari Desa)
Kendawangan,Seriam,"Selasa, 06 Oktober 2026 01:28:00",NASA-NOAA20,Medium,110.38006,-2.7062,False,False,False,False,True,True,Di Luar Area Pantauan (>1000m dari Desa)
Kendawangan,Air Hitam Besar,"Selasa, 06 Oktober 2026 01:28:00",NASA-NOAA20,Medium,110.80534,-2.77909,False,False,False,True,True,True,Di Luar Area Pantauan (>1000m dari Desa)
Kendawangan,Air Hitam Besar,"Selasa, 06 Oktober 2026 01:28:00",NASA-NOAA20,Medium,110.73362,-2.80279,False,False,False,False,False,False,Di Luar Area Pantauan (>1000m dari Desa)
Kendawangan,Air Hitam Besar,"Selasa, 06 Oktober 2026 01:28:00",NASA-NOAA20,Medium,110.72972,-2.80219,False,False,False,False,False,False,Di Luar Area Pantauan (>1000m dari Desa)
Kendawangan,Air Hitam Besar,"Selasa, 06 Oktober 2026 01:28:00",NASA-NOAA20,Medium,110.71617,-2.81305,False,False,False,False,False,False,Di Luar Area Pantauan (>1000m dari Desa)
Kendawangan,Air Hitam Besar,"Selasa, 06 Oktober 2026 01:28:00",NASA-NOAA20,Medium,110.70773,-2.79018,False,False,False,False,False,False,Di Luar Area Pantauan (>1000m dari Desa)
Kendawangan,Air Hitam Besar,"Selasa, 06 Oktober 2026 01:28:00",NASA-NOAA20,Medium,110.72585,-2.80159,False,False,False,False,False,False,Di Luar Area Pantauan (>1000m dari Desa)
Kendawangan,Air Hitam Besar,"Selasa, 06 Oktober 2026 01:28:00",NASA-NOAA20,Medium,110.74664,-2.79614,False,False,False,True,False,True,Di Luar Area Pantauan (>1000m dari Desa)
Kendawangan,Air Hitam Besar,"Selasa, 06 Oktober 2026 01:28:00",NASA-NOAA20,Medium,110.75115,-2.79251,False,False,False,True,False,True,Di Luar Area Pantauan (>1000m dari Desa)
Kendawangan,Natai Kuini,"Selasa, 06 Oktober 2026 01:28:00",NASA-NOAA20,Medium,110.79828,-2.85579,False,False,False,False,False,False,Di Luar Area Pantauan (>1000m dari Desa)
Kendawangan,Seriam,"Selasa, 06 Oktober 2026 01:28:00",NASA-NOAA20,Medium,110.32883,-2.64495,False,False,False,False,True,True,Di Luar Area Pantauan (>1000m dari Desa)
Kendawangan,Danau Buntar,"Selasa, 06 Oktober 2026 01:28:00",NASA-NOAA20,Medium,110.94318,-2.77522,False,False,False,True,False,True,Di Luar Area Pantauan (>1000m dari Desa)
Kendawangan,Seriam,"Selasa, 06 Oktober 2026 01:28:00",NASA-NOAA20,Medium,110.3252,-2.64439,False,False,False,False,True,True,Di Luar Area Pantauan (>1000m dari Desa)
Kendawangan,Air Hitam Besar,"Selasa, 06 Oktober 2026 01:28:00",NASA-NOAA20,Medium,110.72712,-2.79315,False,False,False,False,False,False,Di Luar Area Pantauan (>1000m dari Desa)
Kendawangan,Air Hitam Besar,"Selasa, 06 Oktober 2026 01:28:00",NASA-NOAA20,Medium,110.72199,-2.801,False,False,False,False,False,False,Di Luar Area Pantauan (>1000m dari Desa)
Kendawangan,Air Hitam Besar,"Selasa, 06 Oktober 2026 01:28:00",NASA-NOAA20,Medium,110.73753,-2.80339,False,False,False,False,False,False,Di Luar Area Pantauan (>1000m dari Desa)
Kendawangan,Air Hitam Besar,"Selasa, 06 Oktober 2026 01:28:00",NASA-NOAA20,Medium,110.71811,-2.8004,False,False,False,False,False,False,Di Luar Area Pantauan (>1000m dari Desa)
Kendawangan,Air Hitam Besar,"Selasa, 06 Oktober 2026 01:28:00",NASA-NOAA20,Medium,110.8047,-2.78333,False,False,False,True,True,True,Di Luar Area Pantauan (>1000m dari Desa)
Matan Hilir Selatan,Pesaguan Kanan,"Selasa, 06 Oktober 2026 01:28:00",NASA-NOAA20,Medium,110.29082,-2.04373,False,False,True,True,False,True,Di Luar Area Pantauan (>1000m dari Desa)
Muara Pawan,Ulak Medang,"Selasa, 06 Oktober 2026 01:28:00",NASA-NOAA20,Medium,110.28492,-1.55952,False,False,True,True,False,True,Di Luar Area Pantauan (>1000m dari Desa)
Jelai Hulu,Pasir Mayang,"Selasa, 06 Oktober 2026 01:28:00",NASA-NOAA20,Medium,110.81032,-1.80724,False,False,False,False,False,False,Di Luar Area Pantauan (>1000m dari Desa)
Benua Kayong,Negeri Baru,"Selasa, 06 Oktober 2026 01:28:00",NASA-NOAA20,Medium,110.18133,-1.81469,False,False,False,True,False,True,Di Luar Area Pantauan (>1000m dari Desa)
Muara Pawan,Ulak Medang,"Selasa, 06 Oktober 2026 01:28:00",NASA-NOAA20,Medium,110.29952,-1.5577,False,False,True,True,False,True,Di Luar Area Pantauan (>1000m dari Desa)
Nanga Tayap,Betenung,"Selasa, 06 Oktober 2026 01:28:00",NASA-NOAA20,Medium,110.86311,-1.62048,False,False,True,False,False,True,Di Luar Area Pantauan (>1000m dari Desa)
Muara Pawan,Ulak Medang,"Selasa, 06 Oktober 2026 01:28:00",NASA-NOAA20,Medium,110.25373,-1.52996,False,False,True,True,False,True,Di Luar Area Pantauan (>1000m dari Desa)
Matan Hilir Utara,Sungai Putri,"Selasa, 06 Oktober 2026 01:28:00",NASA-NOAA20,Medium,110.09032,-1.55734,False,False,True,True,False,True,Di Luar Area Pantauan (>1000m dari Desa)
Matan Hilir Utara,Lamon Satong,"Selasa, 06 Oktober 2026 01:28:00",NASA-NOAA20,Medium,110.27399,-1.42471,False,False,True,False,False,True,Di Luar Area Pantauan (>1000m dari Desa)
Matan Hilir Utara,Kuala Tolak,"Selasa, 06 Oktober 2026 01:28:00",NASA-NOAA20,Medium,110.13428,-1.42326,False,False,False,True,False,True,Di Luar Area Pantauan (>1000m dari Desa)
Matan Hilir Utara,Lamon Satong,"Selasa, 06 Oktober 2026 01:28:00",NASA-NOAA20,Medium,110.27517,-1.41668,False,False,False,False,False,False,Di Luar Area Pantauan (>1000m dari Desa)
Simpang Hilir,Lubuk Batu,"Selasa, 06 Oktober 2026 01:28:00",NASA-NOAA20,Medium,110.10754,-0.94115,False,False,False,False,False,False,Di Luar Area Pantauan (>1000m dari Desa)
Simpang Hilir,Lubuk Batu,"Selasa, 06 Oktober 2026 01:28:00",NASA-NOAA20,Medium,110.11378,-0.93405,False,False,False,False,False,False,Di Luar Area Pantauan (>1000m dari Desa)
Simpang Hilir,Lubuk Batu,"Selasa, 06 Oktober 2026 01:28:00",NASA-NOAA20,Medium,110.12444,-0.93166,False,False,False,False,False,False,Di Luar Area Pantauan (>1000m dari Desa)
Kendawangan,Natai Kuini,"Selasa, 06 Oktober 2026 01:28:00",NASA-NOAA20,Medium,110.75571,-2.87109,False,False,False,True,False,True,Di Luar Area Pantauan (>1000m dari Desa)
Kendawangan,Natai Kuini,"Selasa, 06 Oktober 2026 01:28:00",NASA-NOAA20,Medium,110.72571,-2.85793,False,False,False,True,False,True,Di Luar Area Pantauan (>1000m dari Desa)
Kendawangan,Natai Kuini,"Selasa, 06 Oktober 2026 01:28:00",NASA-NOAA20,Medium,110.79903,-2.84758,False,False,False,False,False,False,Di Luar Area Pantauan (>1000m dari Desa)
Kendawangan,Natai Kuini,"Selasa, 06 Oktober 2026 01:28:00",NASA-NOAA20,Medium,110.81148,-2.84517,False,False,False,False,False,False,Di Luar Area Pantauan (>1000m dari Desa)
Kendawangan,Air Hitam Besar,"Selasa, 06 Oktober 2026 01:28:00",NASA-NOAA20,Medium,110.7198,-2.84409,False,False,False,False,False,False,Di Luar Area Pantauan (>1000m dari Desa)
Kendawangan,Natai Kuini,"Selasa, 06 Oktober 2026 01:28:00",NASA-NOAA20,Medium,110.72696,-2.84948,False,False,False,True,False,True,Di Luar Area Pantauan (>1000m dari Desa)
Kendawangan,Air Hitam Besar,"Selasa, 06 Oktober 2026 01:28:00",NASA-NOAA20,Medium,110.72307,-2.8489,False,False,False,False,False,False,Di Luar Area Pantauan (>1000m dari Desa)
Kendawangan,Natai Kuini,"Selasa, 06 Oktober 2026 01:28:00",NASA-NOAA20,Medium,110.80618,-2.85696,False,False,False,False,False,False,Di Luar Area Pantauan (>1000m dari Desa)
Kendawangan,Air Hitam Besar,"Selasa, 06 Oktober 2026 01:28:00",NASA-NOAA20,Medium,110.71825,-2.85224,False,False,False,False,False,False,Di Luar Area Pantauan (>1000m dari Desa)
Kendawangan,Air Hitam Besar,"Selasa, 06 Oktober 2026 01:28:00",NASA-NOAA20,Medium,110.71592,-2.84351,False,False,False,False,False,False,Di Luar Area Pantauan (>1000m dari Desa)
Kendawangan,Pembedilan,"Selasa, 06 Oktober 2026 01:28:00",NASA-NOAA20,Medium,110.47877,-2.80811,False,False,False,False,True,True,Di Luar Area Pantauan (>1000m dari Desa)
Kendawangan,Natai Kuini,"Selasa, 06 Oktober 2026 01:28:00",NASA-NOAA20,Medium,110.80222,-2.85637,False,False,False,False,False,False,Di Luar Area Pantauan (>1000m dari Desa)
Kendawangan,Natai Kuini,"Selasa, 06 Oktober 2026 01:28:00",NASA-NOAA20,Medium,110.72604,-2.85346,False,False,False,False,False,False,Di Luar Area Pantauan (>1000m dari Desa)
Kendawangan,Natai Kuini,"Selasa, 06 Oktober 2026 01:28:00",NASA-NOAA20,Medium,110.72214,-2.85285,False,False,False,False,False,False,Di Luar Area Pantauan (>1000m dari Desa)
Kendawangan,Natai Kuini,"Selasa, 06 Oktober 2026 01:28:00",NASA-NOAA20,Medium,110.79778,-2.85607,False,False,False,False,False,False,Di Luar Area Pantauan (>1000m dari Desa)
Kendawangan,Natai Kuini,"Selasa, 06 Oktober 2026 01:28:00",NASA-NOAA20,Medium,110.81356,-2.85854,False,False,False,False,False,False,Di Luar Area Pantauan (>1000m dari Desa)
Kendawangan,Air Hitam Besar,"Selasa, 06 Oktober 2026 01:28:00",NASA-NOAA20,Medium,110.71423,-2.7998,False,False,False,False,False,False,Di Luar Area Pantauan (>1000m dari Desa)
Kendawangan,Air Hitam Besar,"Selasa, 06 Oktober 2026 01:28:00",NASA-NOAA20,Medium,110.71748,-2.80462,False,False,False,False,False,False,Di Luar Area Pantauan (>1000m dari Desa)
Kendawangan,Air Hitam Besar,"Selasa, 06 Oktober 2026 01:28:00",NASA-NOAA20,Medium,110.72909,-2.80641,False,False,False,False,False,False,Di Luar Area Pantauan (>1000m dari Desa)
Kendawangan,Air Hitam Besar,"Selasa, 06 Oktober 2026 01:28:00",NASA-NOAA20,Medium,110.71555,-2.81727,False,False,False,False,False,False,Di Luar Area Pantauan (>1000m dari Desa)
Kendawangan,Air Hitam Besar,"Selasa, 06 Oktober 2026 01:28:00",NASA-NOAA20,Medium,110.72458,-2.81003,False,False,False,False,False,False,Di Luar Area Pantauan (>1000m dari Desa)
Kendawangan,Air Hitam Besar,"Selasa, 06 Oktober 2026 01:28:00",NASA-NOAA20,Medium,110.73237,-2.81123,False,False,False,False,False,False,Di Luar Area Pantauan (>1000m dari Desa)
Kendawangan,Natai Kuini,"Selasa, 06 Oktober 2026 01:28:00",NASA-NOAA20,Medium,110.80029,-2.83909,False,False,False,False,False,False,Di Luar Area Pantauan (>1000m dari Desa)
Kendawangan,Pembedilan,"Selasa, 06 Oktober 2026 01:28:00",NASA-NOAA20,Medium,110.47279,-2.79659,False,False,False,False,True,True,Di Luar Area Pantauan (>1000m dari Desa)
Kendawangan,Pembedilan,"Selasa, 06 Oktober 2026 01:28:00",NASA-NOAA20,Medium,110.47652,-2.79717,False,False,False,False,True,True,Di Luar Area Pantauan (>1000m dari Desa)
Kendawangan,Pembedilan,"Selasa, 06 Oktober 2026 01:28:00",NASA-NOAA20,Medium,110.48025,-2.79775,False,False,False,False,True,True,Di Luar Area Pantauan (>1000m dari Desa)
Kendawangan,Natai Kuini,"Selasa, 06 Oktober 2026 01:28:00",NASA-NOAA20,Medium,110.80362,-2.84395,False,False,False,False,False,False,Di Luar Area Pantauan (>1000m dari Desa)
Kendawangan,Air Hitam Besar,"Selasa, 06 Oktober 2026 01:28:00",NASA-NOAA20,Medium,110.60514,-2.79158,False,False,False,False,False,False,Di Luar Area Pantauan (>1000m dari Desa)
Kendawangan,Natai Kuini,"Selasa, 06 Oktober 2026 01:28:00",NASA-NOAA20,Medium,110.79572,-2.84272,False,False,False,False,False,False,Di Luar Area Pantauan (>1000m dari Desa)
Kendawangan,Natai Kuini,"Selasa, 06 Oktober 2026 01:28:00",NASA-NOAA20,Medium,110.80755,-2.84456,False,False,False,False,False,False,Di Luar Area Pantauan (>1000m dari Desa)
Kendawangan,Natai Kuini,"Selasa, 06 Oktober 2026 01:28:00",NASA-NOAA20,Medium,110.8221,-2.85553,False,False,False,False,False,False,Di Luar Area Pantauan (>1000m dari Desa)
Kendawangan,Natai Kuini,"Selasa, 06 Oktober 2026 01:28:00",NASA-NOAA20,Medium,110.83,-2.85677,False,False,False,False,True,True,Di Luar Area Pantauan (>1000m dari Desa)
Kendawangan,Natai Kuini,"Selasa, 06 Oktober 2026 01:28:00",NASA-NOAA20,Medium,110.80567,-2.8573,False,False,False,False,False,False,Di Luar Area Pantauan (>1000m dari Desa)
Kendawangan,Natai Kuini,"Selasa, 06 Oktober 2026 01:28:00",NASA-NOAA20,Medium,110.80173,-2.85669,False,False,False,False,False,False,Di Luar Area Pantauan (>1000m dari Desa)
Kendawangan,Natai Kuini,"Selasa, 06 Oktober 2026 01:28:00",NASA-NOAA20,Medium,110.81815,-2.85491,False,False,False,False,False,False,Di Luar Area Pantauan (>1000m dari Desa)
Kendawangan,Natai Kuini,"Selasa, 06 Oktober 2026 01:28:00",NASA-NOAA20,Medium,110.79446,-2.8512,False,False,False,False,False,False,Di Luar Area Pantauan (>1000m dari Desa)
Kendawangan,Pembedilan,"Selasa, 06 Oktober 2026 01:28:00",NASA-NOAA20,Medium,110.47964,-2.80191,False,False,False,False,True,True,Di Luar Area Pantauan (>1000m dari Desa)
Kendawangan,Natai Kuini,"Selasa, 06 Oktober 2026 01:28:00",NASA-NOAA20,Medium,110.72244,-2.85312,False,False,False,False,False,False,Di Luar Area Pantauan (>1000m dari Desa)
Kendawangan,Air Hitam Besar,"Selasa, 06 Oktober 2026 01:28:00",NASA-NOAA20,Medium,110.71854,-2.85254,False,False,False,False,False,False,Di Luar Area Pantauan (>1000m dari Desa)
Kendawangan,Natai Kuini,"Selasa, 06 Oktober 2026 01:28:00",NASA-NOAA20,Medium,110.7179,-2.85676,False,False,False,True,False,True,Di Luar Area Pantauan (>1000m dari Desa)
Kendawangan,Natai Kuini,"Selasa, 06 Oktober 2026 01:28:00",NASA-NOAA20,Medium,110.73287,-2.86333,False,False,False,True,False,True,Di Luar Area Pantauan (>1000m dari Desa)
Kendawangan,Natai Kuini,"Selasa, 06 Oktober 2026 01:28:00",NASA-NOAA20,Medium,110.74789,-2.86991,False,False,False,True,False,True,Di Luar Area Pantauan (>1000m dari Desa)
Kendawangan,Natai Kuini,"Selasa, 06 Oktober 2026 01:28:00",NASA-NOAA20,Medium,110.7518,-2.8705,False,False,False,True,False,True,Di Luar Area Pantauan (>1000m dari Desa)
Kendawangan,Natai Kuini,"Selasa, 06 Oktober 2026 01:28:00",NASA-NOAA20,Medium,110.74005,-2.86873,False,False,False,True,False,True,Di Luar Area Pantauan (>1000m dari Desa)
Kendawangan,Natai Kuini,"Selasa, 06 Oktober 2026 01:28:00",NASA-NOAA20,Medium,110.69143,-2.90022,False,False,False,False,False,False,Di Luar Area Pantauan (>1000m dari Desa)
Kendawangan,Pembedilan,"Selasa, 06 Oktober 2026 01:28:00",NASA-NOAA20,Medium,110.30321,-2.8406,False,False,False,True,True,True,Di Luar Area Pantauan (>1000m dari Desa)
Kendawangan,Natai Kuini,"Selasa, 06 Oktober 2026 01:28:00",NASA-NOAA20,Medium,110.80962,-2.85792,False,False,False,False,False,False,Di Luar Area Pantauan (>1000m dari Desa)
Kendawangan,Air Hitam Besar,"Selasa, 06 Oktober 2026 01:28:00",NASA-NOAA20,Medium,110.71498,-2.8474,False,False,False,False,False,False,Di Luar Area Pantauan (>1000m dari Desa)
Kendawangan,Air Hitam Besar,"Selasa, 06 Oktober 2026 01:28:00",NASA-NOAA20,Medium,110.73817,-2.79916,False,False,False,False,False,False,Di Luar Area Pantauan (>1000m dari Desa)
Kendawangan,Air Hitam Besar,"Selasa, 06 Oktober 2026 01:28:00",NASA-NOAA20,Medium,110.73628,-2.81184,False,False,False,True,False,True,Di Luar Area Pantauan (>1000m dari Desa)
Kendawangan,Pembedilan,"Selasa, 06 Oktober 2026 01:28:00",NASA-NOAA20,Medium,110.3075,-2.83706,False,False,False,True,True,True,Di Luar Area Pantauan (>1000m dari Desa)
Kendawangan,Natai Kuini,"Selasa, 06 Oktober 2026 01:28:00",NASA-NOAA20,Medium,110.74133,-2.86027,False,False,False,True,False,True,Di Luar Area Pantauan (>1000m dari Desa)
Kendawangan,Natai Kuini,"Selasa, 06 Oktober 2026 01:28:00",NASA-NOAA20,Medium,110.82668,-2.85189,False,False,False,False,True,True,Di Luar Area Pantauan (>1000m dari Desa)
Kendawangan,Natai Kuini,"Selasa, 06 Oktober 2026 01:28:00",NASA-NOAA20,Medium,110.82273,-2.85128,False,False,False,False,True,True,Di Luar Area Pantauan (>1000m dari Desa)
Kendawangan,Pembedilan,"Selasa, 06 Oktober 2026 01:28:00",NASA-NOAA20,Medium,110.4759,-2.80132,False,False,False,False,True,True,Di Luar Area Pantauan (>1000m dari Desa)
Kendawangan,Natai Kuini,"Selasa, 06 Oktober 2026 01:28:00",NASA-NOAA20,Medium,110.79841,-2.85182,False,False,False,False,False,False,Di Luar Area Pantauan (>1000m dari Desa)
Kendawangan,Natai Kuini,"Selasa, 06 Oktober 2026 01:28:00",NASA-NOAA20,Medium,110.81087,-2.84942,False,False,False,False,False,False,Di Luar Area Pantauan (>1000m dari Desa)
Kendawangan,Natai Kuini,"Selasa, 06 Oktober 2026 01:28:00",NASA-NOAA20,Medium,110.82455,-2.83851,False,False,False,False,True,True,Di Luar Area Pantauan (>1000m dari Desa)
Kendawangan,Air Hitam Besar,"Selasa, 06 Oktober 2026 01:28:00",NASA-NOAA20,Medium,110.71942,-2.81787,False,False,False,False,False,False,Di Luar Area Pantauan (>1000m dari Desa)
Kendawangan,Air Hitam Besar,"Selasa, 06 Oktober 2026 01:28:00",NASA-NOAA20,Medium,110.7207,-2.80943,False,False,False,False,False,False,Di Luar Area Pantauan (>1000m dari Desa)
Kendawangan,Natai Kuini,"Senin, 05 Oktober 2026 12:27:00",NASA-SNPP,Medium,110.70162,-2.89902,False,False,False,False,False,False,Di Luar Area Pantauan (>1000m dari Desa)
Kendawangan,Natai Kuini,"Senin, 05 Oktober 2026 12:27:00",NASA-SNPP,Medium,110.69887,-2.87901,False,False,False,True,False,True,Di Luar Area Pantauan (>1000m dari Desa)
Kendawangan,Natai Kuini,"Senin, 05 Oktober 2026 12:27:00",NASA-SNPP,Medium,110.81793,-2.85471,False,False,False,False,False,False,Di Luar Area Pantauan (>1000m dari Desa)
Kendawangan,Natai Kuini,"Senin, 05 Oktober 2026 12:27:00",NASA-SNPP,Medium,110.80004,-2.85058,False,False,False,False,False,False,Di Luar Area Pantauan (>1000m dari Desa)
Kendawangan,Natai Kuini,"Senin, 05 Oktober 2026 12:27:00",NASA-SNPP,Medium,110.74299,-2.85894,False,False,False,True,False,True,Di Luar Area Pantauan (>1000m dari Desa)
Kendawangan,Air Hitam Besar,"Senin, 05 Oktober 2026 12:27:00",NASA-SNPP,Medium,110.72943,-2.80321,False,False,False,False,False,False,Di Luar Area Pantauan (>1000m dari Desa)
Manis Mata,Suka Ramai,"Senin, 05 Oktober 2026 12:27:00",NASA-SNPP,Medium,111.13486,-2.71592,False,False,False,False,False,False,Di Luar Area Pantauan (>1000m dari Desa)
Kendawangan,Pembedilan,"Senin, 05 Oktober 2026 12:27:00",NASA-SNPP,Medium,110.45437,-2.77281,False,False,False,False,True,True,Di Luar Area Pantauan (>1000m dari Desa)
Kendawangan,Pembedilan,"Senin, 05 Oktober 2026 12:27:00",NASA-SNPP,Medium,110.43882,-2.73627,False,False,False,False,True,True,Di Luar Area Pantauan (>1000m dari Desa)
Kendawangan,Pembedilan,"Senin, 05 Oktober 2026 12:27:00",NASA-SNPP,Medium,110.43654,-2.7341,False,False,False,False,True,True,Di Luar Area Pantauan (>1000m dari Desa)
Kendawangan,Pembedilan,"Senin, 05 Oktober 2026 12:27:00",NASA-SNPP,Medium,110.43054,-2.735,False,False,False,False,True,True,Di Luar Area Pantauan (>1000m dari Desa)
Kendawangan,Air Hitam Besar,"Senin, 05 Oktober 2026 12:27:00",NASA-SNPP,Medium,110.73514,-2.80235,False,False,False,False,False,False,Di Luar Area Pantauan (>1000m dari Desa)
Kendawangan,Natai Kuini,"Senin, 05 Oktober 2026 12:27:00",NASA-SNPP,Medium,110.80395,-2.83649,False,False,False,False,False,False,Di Luar Area Pantauan (>1000m dari Desa)
Kendawangan,Natai Kuini,"Senin, 05 Oktober 2026 12:27:00",NASA-SNPP,Medium,110.87145,-2.82665,False,False,False,False,True,True,Di Luar Area Pantauan (>1000m dari Desa)
Kendawangan,Natai Kuini,"Senin, 05 Oktober 2026 12:27:00",NASA-SNPP,Medium,110.74961,-2.86475,False,False,False,True,False,True,Di Luar Area Pantauan (>1000m dari Desa)
Sungai Melayu Rayak,Sungai Melayu,"Senin, 05 Oktober 2026 12:27:00",NASA-SNPP,Medium,110.34631,-1.81334,False,False,False,False,False,False,Di Luar Area Pantauan (>1000m dari Desa)
Jelai Hulu,Pasir Mayang,"Senin, 05 Oktober 2026 12:27:00",NASA-SNPP,Medium,110.78913,-1.8214,False,False,False,False,False,False,Di Luar Area Pantauan (>1000m dari Desa)
Sandai,Demit,"Senin, 05 Oktober 2026 12:27:00",NASA-SNPP,Medium,110.65424,-1.18654,False,False,False,False,False,False,Di Luar Area Pantauan (>1000m dari Desa)
Sandai,Randau Jungkal,"Senin, 05 Oktober 2026 12:27:00",NASA-SNPP,Medium,110.69314,-1.14728,False,False,False,False,False,False,Di Luar Area Pantauan (>1000m dari Desa)
Sandai,Randau Jungkal,"Senin, 05 Oktober 2026 12:27:00",NASA-SNPP,Medium,110.71018,-1.15135,False,False,False,False,False,False,Di Luar Area Pantauan (>1000m dari Desa)
Kendawangan,Seriam,"Senin, 05 Oktober 2026 12:27:00",NASA-SNPP,Medium,110.4296,-2.72823,False,False,False,False,True,True,Di Luar Area Pantauan (>1000m dari Desa)
Tanah Pinoh,Loka Jaya,"Senin, 05 Oktober 2026 12:27:00",NASA-SNPP,Medium,111.52261,-0.80404,False,False,False,False,False,False,Di Luar Area Pantauan (>1000m dari Desa)
Tanah Pinoh Barat,Durian Jaya,"Senin, 05 Oktober 2026 12:27:00",NASA-SNPP,Medium,111.46178,-0.81373,False,False,False,False,False,False,Di Luar Area Pantauan (>1000m dari Desa)
Nanga Pinoh,Tebing Karangan,"Senin, 05 Oktober 2026 12:27:00",NASA-SNPP,Medium,111.91386,-0.35446,False,False,False,False,False,False,Di Luar Area Pantauan (>1000m dari Desa)
Sandai,Petai Patah,"Senin, 05 Oktober 2026 12:27:00",NASA-SNPP,Medium,110.63379,-1.14433,False,False,False,False,False,False,Di Luar Area Pantauan (>1000m dari Desa)
Sandai,Pendamaran Indah,"Senin, 05 Oktober 2026 12:27:00",NASA-SNPP,Medium,110.64066,-1.03648,False,False,False,False,True,True,Di Luar Area Pantauan (>1000m dari Desa)
Sandai,Randau Jungkal,"Senin, 05 Oktober 2026 12:27:00",NASA-SNPP,Medium,110.71251,-1.15188,False,False,False,False,False,False,Di Luar Area Pantauan (>1000m dari Desa)
Hulu Sungai,Sunge Bengaras,"Senin, 05 Oktober 2026 12:27:00",NASA-SNPP,Medium,110.77254,-0.79153,False,False,True,False,False,True,Di Luar Area Pantauan (>1000m dari Desa)
Hulu Sungai,Sunge Bengaras,"Senin, 05 Oktober 2026 12:27:00",NASA-SNPP,Medium,110.78855,-0.77484,False,False,False,False,False,False,Di Luar Area Pantauan (>1000m dari Desa)
Hulu Sungai,Sunge Bengaras,"Senin, 05 Oktober 2026 12:27:00",NASA-SNPP,Medium,110.78613,-0.77631,False,False,False,False,False,False,Di Luar Area Pantauan (>1000m dari Desa)
Hulu Sungai,Sunge Bengaras,"Senin, 05 Oktober 2026 12:27:00",NASA-SNPP,Medium,110.77494,-0.79016,False,False,True,False,False,True,Di Luar Area Pantauan (>1000m dari Desa)
Hulu Sungai,Krio Hulu,"Senin, 05 Oktober 2026 12:27:00",NASA-SNPP,Medium,110.8362,-0.82789,False,False,False,False,False,False,Di Luar Area Pantauan (>1000m dari Desa)
Sungai Laur,Selangkut Raya,"Senin, 05 Oktober 2026 12:27:00",NASA-SNPP,Medium,110.55645,-0.73116,False,False,False,False,False,False,Di Luar Area Pantauan (>1000m dari Desa)
Tanah Pinoh Barat,Durian Jaya,"Senin, 05 Oktober 2026 12:27:00",NASA-SNPP,Medium,111.46304,-0.81198,False,False,False,False,False,False,Di Luar Area Pantauan (>1000m dari Desa)
Nanga Mahap,Karang Betung,"Senin, 05 Oktober 2026 12:27:00",NASA-SNPP,Medium,110.89214,-0.59413,True,False,False,False,False,False,Prioritas 2 (Sedang)
Sungai Laur,Bayun Sari,"Senin, 05 Oktober 2026 12:27:00",NASA-SNPP,Medium,110.43295,-1.0543,False,False,False,False,False,False,Di Luar Area Pantauan (>1000m dari Desa)
Sandai,Merimbang Jaya,"Senin, 05 Oktober 2026 12:27:00",NASA-SNPP,Medium,110.57654,-1.09973,False,False,False,False,False,False,Di Luar Area Pantauan (>1000m dari Desa)
Sandai,Pendamaran Indah,"Senin, 05 Oktober 2026 12:27:00",NASA-SNPP,Medium,110.63502,-1.03733,False,False,False,False,False,False,Di Luar Area Pantauan (>1000m dari Desa)
Sandai,Petai Patah,"Senin, 05 Oktober 2026 12:27:00",NASA-SNPP,Medium,110.63916,-1.14348,False,False,False,False,False,False,Di Luar Area Pantauan (>1000m dari Desa)
Sandai,Randau Jungkal,"Senin, 05 Oktober 2026 12:27:00",NASA-SNPP,Medium,110.69555,-1.14791,False,False,False,False,False,False,Di Luar Area Pantauan (>1000m dari Desa)
Sandai,Petai Patah,"Senin, 05 Oktober 2026 12:27:00",NASA-SNPP,Medium,110.63658,-1.14248,False,False,False,False,False,False,Di Luar Area Pantauan (>1000m dari Desa)
Hulu Sungai,Senduruhan,"Senin, 05 Oktober 2026 12:27:00",NASA-SNPP,Medium,110.77221,-0.97632,False,False,False,False,False,False,Di Luar Area Pantauan (>1000m dari Desa)
Kendawangan,Air Tarap,"Senin, 05 Oktober 2026 12:27:00",NASA-SNPP,Medium,110.85961,-2.53858,False,False,False,False,False,False,Di Luar Area Pantauan (>1000m dari Desa)
Hulu Sungai,Senduruhan,"Senin, 05 Oktober 2026 12:27:00",NASA-SNPP,Medium,110.77312,-0.98279,False,False,False,False,False,False,Di Luar Area Pantauan (>1000m dari Desa)
Hulu Sungai,Senduruhan,"Senin, 05 Oktober 2026 12:27:00",NASA-SNPP,Medium,110.76778,-0.98362,False,False,False,False,False,False,Di Luar Area Pantauan (>1000m dari Desa)
Nanga Mahap,Karang Betung,"Senin, 05 Oktober 2026 12:27:00",NASA-SNPP,Medium,110.88879,-0.59251,True,False,False,False,False,False,Prioritas 2 (Sedang)
Sandai,Pendamaran Indah,"Senin, 05 Oktober 2026 12:27:00",NASA-SNPP,Medium,110.63288,-1.03801,False,False,False,False,False,False,Di Luar Area Pantauan (>1000m dari Desa)
Kendawangan,Seriam,"Senin, 05 Oktober 2026 12:27:00",NASA-SNPP,Medium,110.42587,-2.73121,False,False,False,False,True,True,Di Luar Area Pantauan (>1000m dari Desa)
Kendawangan,Pembedilan,"Senin, 05 Oktober 2026 12:27:00",NASA-SNPP,Medium,110.43282,-2.73712,False,False,False,False,True,True,Di Luar Area Pantauan (>1000m dari Desa)
Kendawangan,Seriam,"Senin, 05 Oktober 2026 12:27:00",NASA-SNPP,Medium,110.43185,-2.73036,False,False,False,False,True,True,Di Luar Area Pantauan (>1000m dari Desa)
Kendawangan,Pembedilan,"Senin, 05 Oktober 2026 12:27:00",NASA-SNPP,Medium,110.43846,-2.74761,False,False,False,False,True,True,Di Luar Area Pantauan (>1000m dari Desa)
Kendawangan,Pembedilan,"Senin, 05 Oktober 2026 12:27:00",NASA-SNPP,Medium,110.43748,-2.74086,False,False,False,False,True,True,Di Luar Area Pantauan (>1000m dari Desa)
Kendawangan,Air Hitam Besar,"Senin, 05 Oktober 2026 12:27:00",NASA-SNPP,Medium,110.80241,-2.78551,False,False,False,True,True,True,Di Luar Area Pantauan (>1000m dari Desa)
Kendawangan,Airhitam Hulu,"Senin, 05 Oktober 2026 12:27:00",NASA-SNPP,Medium,110.48166,-2.64283,False,False,False,False,True,True,Di Luar Area Pantauan (>1000m dari Desa)
Kendawangan,Pembedilan,"Senin, 05 Oktober 2026 12:27:00",NASA-SNPP,Medium,110.43981,-2.74302,False,False,False,False,True,True,Di Luar Area Pantauan (>1000m dari Desa)
Kendawangan,Natai Kuini,"Senin, 05 Oktober 2026 12:27:00",NASA-SNPP,Medium,110.80965,-2.83566,False,False,False,False,True,True,Di Luar Area Pantauan (>1000m dari Desa)
Kendawangan,Natai Kuini,"Senin, 05 Oktober 2026 12:27:00",NASA-SNPP,Medium,110.7439,-2.86559,False,False,False,True,False,True,Di Luar Area Pantauan (>1000m dari Desa)
Kendawangan,Air Tarap,"Senin, 05 Oktober 2026 12:27:00",NASA-SNPP,Medium,110.86615,-2.54432,False,False,False,False,False,False,Di Luar Area Pantauan (>1000m dari Desa)
Kendawangan,Air Hitam Besar,"Senin, 05 Oktober 2026 12:27:00",NASA-SNPP,Medium,110.7236,-2.80408,False,False,False,False,False,False,Di Luar Area Pantauan (>1000m dari Desa)
Kendawangan,Pembedilan,"Senin, 05 Oktober 2026 12:27:00",NASA-SNPP,Medium,110.48735,-2.8188,False,False,False,False,True,True,Di Luar Area Pantauan (>1000m dari Desa)
Kendawangan,Air Hitam Besar,"Senin, 05 Oktober 2026 12:27:00",NASA-SNPP,Medium,110.72267,-2.79743,False,False,False,False,False,False,Di Luar Area Pantauan (>1000m dari Desa)
Kendawangan,Natai Kuini,"Senin, 05 Oktober 2026 12:27:00",NASA-SNPP,Medium,110.8333,-2.80113,False,False,False,True,True,True,Di Luar Area Pantauan (>1000m dari Desa)
Kendawangan,Air Hitam Besar,"Senin, 05 Oktober 2026 12:27:00",NASA-SNPP,Medium,110.72852,-2.79656,False,False,False,False,False,False,Di Luar Area Pantauan (>1000m dari Desa)
Kendawangan,Natai Kuini,"Senin, 05 Oktober 2026 12:27:00",NASA-SNPP,Medium,110.92295,-2.78761,False,False,True,True,False,True,Di Luar Area Pantauan (>1000m dari Desa)
Kendawangan,Natai Kuini,"Senin, 05 Oktober 2026 12:27:00",NASA-SNPP,Medium,110.86493,-2.82329,False,False,False,False,True,True,Di Luar Area Pantauan (>1000m dari Desa)
Kendawangan,Natai Kuini,"Senin, 05 Oktober 2026 12:27:00",NASA-SNPP,Medium,110.81627,-2.84145,False,False,False,True,True,True,Di Luar Area Pantauan (>1000m dari Desa)
Kendawangan,Natai Kuini,"Senin, 05 Oktober 2026 12:27:00",NASA-SNPP,Medium,110.86592,-2.82746,False,False,False,False,True,True,Di Luar Area Pantauan (>1000m dari Desa)
Kendawangan,Natai Kuini,"Senin, 05 Oktober 2026 12:27:00",NASA-SNPP,Medium,110.8066,-2.85638,False,False,False,False,False,False,Di Luar Area Pantauan (>1000m dari Desa)
Kendawangan,Natai Kuini,"Senin, 05 Oktober 2026 12:27:00",NASA-SNPP,Medium,110.80304,-2.78933,False,False,False,True,True,True,Di Luar Area Pantauan (>1000m dari Desa)
Kendawangan,Air Hitam Besar,"Senin, 05 Oktober 2026 12:27:00",NASA-SNPP,Medium,110.73471,-2.79908,False,False,False,False,False,False,Di Luar Area Pantauan (>1000m dari Desa)
Kendawangan,Air Hitam Besar,"Senin, 05 Oktober 2026 12:27:00",NASA-SNPP,Medium,110.72314,-2.80073,False,False,False,False,False,False,Di Luar Area Pantauan (>1000m dari Desa)
Kendawangan,Air Hitam Besar,"Senin, 05 Oktober 2026 12:27:00",NASA-SNPP,Medium,110.72898,-2.7999,False,False,False,False,False,False,Di Luar Area Pantauan (>1000m dari Desa)
Kendawangan,Natai Kuini,"Senin, 05 Oktober 2026 12:27:00",NASA-SNPP,Medium,110.92387,-2.79219,False,False,True,True,False,True,Di Luar Area Pantauan (>1000m dari Desa)
Kendawangan,Natai Kuini,"Senin, 05 Oktober 2026 12:27:00",NASA-SNPP,Medium,110.83417,-2.80511,False,False,False,True,True,True,Di Luar Area Pantauan (>1000m dari Desa)
Kendawangan,Natai Kuini,"Senin, 05 Oktober 2026 12:27:00",NASA-SNPP,Medium,110.82861,-2.80591,False,False,False,True,True,True,Di Luar Area Pantauan (>1000m dari Desa)
Kendawangan,Natai Kuini,"Senin, 05 Oktober 2026 12:27:00",NASA-SNPP,Medium,110.86493,-2.82087,False,False,False,False,True,True,Di Luar Area Pantauan (>1000m dari Desa)
Kendawangan,Natai Kuini,"Senin, 05 Oktober 2026 12:27:00",NASA-SNPP,Medium,110.80482,-2.84312,False,False,False,False,False,False,Di Luar Area Pantauan (>1000m dari Desa)
Kendawangan,Natai Kuini,"Senin, 05 Oktober 2026 12:27:00",NASA-SNPP,Medium,110.82767,-2.83978,False,False,False,False,True,True,Di Luar Area Pantauan (>1000m dari Desa)
Kendawangan,Natai Kuini,"Senin, 05 Oktober 2026 12:27:00",NASA-SNPP,Medium,110.75626,-2.87056,False,False,False,True,False,True,Di Luar Area Pantauan (>1000m dari Desa)
Kendawangan,Natai Kuini,"Senin, 05 Oktober 2026 12:27:00",NASA-SNPP,Medium,110.75146,-2.87805,False,False,False,True,False,True,Di Luar Area Pantauan (>1000m dari Desa)
Kendawangan,Natai Kuini,"Senin, 05 Oktober 2026 12:27:00",NASA-SNPP,Medium,110.8057,-2.84975,False,False,False,False,False,False,Di Luar Area Pantauan (>1000m dari Desa)
Kendawangan,Natai Kuini,"Senin, 05 Oktober 2026 14:07:00",NASA-SNPP,Medium,110.81811,-2.85189,False,False,False,False,False,False,Di Luar Area Pantauan (>1000m dari Desa)
Kendawangan,Natai Kuini,"Senin, 05 Oktober 2026 14:07:00",NASA-SNPP,Medium,110.75043,-2.86347,False,False,False,True,False,True,Di Luar Area Pantauan (>1000m dari Desa)
Kendawangan,Natai Kuini,"Senin, 05 Oktober 2026 14:07:00",NASA-SNPP,Medium,110.75264,-2.87708,False,False,False,True,False,True,Di Luar Area Pantauan (>1000m dari Desa)
Kendawangan,Natai Kuini,"Senin, 05 Oktober 2026 14:07:00",NASA-SNPP,Medium,110.74429,-2.86452,False,False,False,True,False,True,Di Luar Area Pantauan (>1000m dari Desa)
Kendawangan,Natai Kuini,"Senin, 05 Oktober 2026 14:07:00",NASA-SNPP,Medium,110.75764,-2.86923,False,False,False,True,False,True,Di Luar Area Pantauan (>1000m dari Desa)
Kendawangan,Natai Kuini,"Senin, 05 Oktober 2026 14:07:00",NASA-SNPP,Medium,110.75153,-2.87028,False,False,False,True,False,True,Di Luar Area Pantauan (>1000m dari Desa)
Kendawangan,Air Hitam Besar,"Senin, 05 Oktober 2026 14:07:00",NASA-SNPP,Medium,110.73433,-2.80328,False,False,False,False,False,False,Di Luar Area Pantauan (>1000m dari Desa)
Kendawangan,Air Hitam Besar,"Senin, 05 Oktober 2026 14:07:00",NASA-SNPP,Medium,110.7282,-2.80435,False,False,False,False,False,False,Di Luar Area Pantauan (>1000m dari Desa)
Kendawangan,Air Hitam Besar,"Senin, 05 Oktober 2026 14:07:00",NASA-SNPP,Medium,110.72713,-2.79754,False,False,False,False,False,False,Di Luar Area Pantauan (>1000m dari Desa)
Kendawangan,Air Hitam Besar,"Senin, 05 Oktober 2026 14:07:00",NASA-SNPP,Medium,110.73116,-2.81002,False,False,False,False,False,False,Di Luar Area Pantauan (>1000m dari Desa)
Kendawangan,Natai Kuini,"Senin, 05 Oktober 2026 14:07:00",NASA-SNPP,Medium,110.83096,-2.80032,False,False,False,True,True,True,Di Luar Area Pantauan (>1000m dari Desa)
Kendawangan,Natai Kuini,"Senin, 05 Oktober 2026 14:07:00",NASA-SNPP,Medium,110.80396,-2.79079,False,False,False,True,True,True,Di Luar Area Pantauan (>1000m dari Desa)
Kendawangan,Air Hitam Besar,"Senin, 05 Oktober 2026 14:07:00",NASA-SNPP,Medium,110.72935,-2.81114,False,False,False,False,False,False,Di Luar Area Pantauan (>1000m dari Desa)
Kendawangan,Natai Kuini,"Senin, 05 Oktober 2026 14:07:00",NASA-SNPP,Medium,110.8046,-2.84718,False,False,False,False,False,False,Di Luar Area Pantauan (>1000m dari Desa)
Kendawangan,Air Hitam Besar,"Senin, 05 Oktober 2026 14:07:00",NASA-SNPP,Medium,110.80282,-2.78396,False,False,False,True,True,True,Di Luar Area Pantauan (>1000m dari Desa)
Kendawangan,Air Hitam Besar,"Senin, 05 Oktober 2026 14:07:00",NASA-SNPP,Medium,110.73,-2.80322,False,False,False,False,False,False,Di Luar Area Pantauan (>1000m dari Desa)
Kendawangan,Natai Kuini,"Senin, 05 Oktober 2026 14:07:00",NASA-SNPP,Medium,110.69398,-2.901,False,False,False,False,False,False,Di Luar Area Pantauan (>1000m dari Desa)
Kendawangan,Pembedilan,"Senin, 05 Oktober 2026 14:07:00",NASA-SNPP,Medium,110.47874,-2.81098,False,False,False,False,True,True,Di Luar Area Pantauan (>1000m dari Desa)
Kendawangan,Pembedilan,"Senin, 05 Oktober 2026 14:07:00",NASA-SNPP,Medium,110.4698,-2.79184,False,False,False,False,True,True,Di Luar Area Pantauan (>1000m dari Desa)
Kendawangan,Pembedilan,"Senin, 05 Oktober 2026 14:07:00",NASA-SNPP,Medium,110.30965,-2.83288,False,False,False,True,True,True,Di Luar Area Pantauan (>1000m dari Desa)
Kendawangan,Pembedilan,"Senin, 05 Oktober 2026 14:07:00",NASA-SNPP,Medium,110.49148,-2.81571,False,False,False,False,True,True,Di Luar Area Pantauan (>1000m dari Desa)
Kendawangan,Pembedilan,"Senin, 05 Oktober 2026 14:07:00",NASA-SNPP,Medium,110.48563,-2.8167,False,False,False,False,True,True,Di Luar Area Pantauan (>1000m dari Desa)
Kendawangan,Pembedilan,"Senin, 05 Oktober 2026 14:07:00",NASA-SNPP,Medium,110.44181,-2.7453,False,False,False,False,True,True,Di Luar Area Pantauan (>1000m dari Desa)
Kendawangan,Air Hitam Besar,"Senin, 05 Oktober 2026 14:07:00",NASA-SNPP,Medium,110.72398,-2.80423,False,False,False,False,False,False,Di Luar Area Pantauan (>1000m dari Desa)
Kendawangan,Air Hitam Besar,"Senin, 05 Oktober 2026 14:07:00",NASA-SNPP,Medium,110.72287,-2.79743,False,False,False,False,False,False,Di Luar Area Pantauan (>1000m dari Desa)
Kendawangan,Natai Kuini,"Senin, 05 Oktober 2026 14:07:00",NASA-SNPP,Medium,110.80957,-2.83931,False,False,False,False,True,True,Di Luar Area Pantauan (>1000m dari Desa)
Kendawangan,Air Tarap,"Senin, 05 Oktober 2026 14:07:00",NASA-SNPP,Medium,110.85814,-2.54873,False,False,False,False,False,False,Di Luar Area Pantauan (>1000m dari Desa)
Manis Mata,Jambi,"Senin, 05 Oktober 2026 14:07:00",NASA-SNPP,Medium,111.08439,-2.68046,False,False,False,False,False,False,Di Luar Area Pantauan (>1000m dari Desa)
Kendawangan,Pembedilan,"Senin, 05 Oktober 2026 14:07:00",NASA-SNPP,Medium,110.43112,-2.73657,False,False,False,False,True,True,Di Luar Area Pantauan (>1000m dari Desa)
Kendawangan,Pembedilan,"Senin, 05 Oktober 2026 14:07:00",NASA-SNPP,Medium,110.43694,-2.73556,False,False,False,False,True,True,Di Luar Area Pantauan (>1000m dari Desa)
Kendawangan,Pembedilan,"Senin, 05 Oktober 2026 14:07:00",NASA-SNPP,Medium,110.43898,-2.74896,False,False,False,False,True,True,Di Luar Area Pantauan (>1000m dari Desa)
Kendawangan,Pembedilan,"Senin, 05 Oktober 2026 14:07:00",NASA-SNPP,Medium,110.43618,-2.77009,False,False,False,False,True,True,Di Luar Area Pantauan (>1000m dari Desa)
Kendawangan,Seriam,"Senin, 05 Oktober 2026 14:07:00",NASA-SNPP,Medium,110.33189,-2.66473,False,False,False,False,True,True,Di Luar Area Pantauan (>1000m dari Desa)
Kendawangan,Air Tarap,"Senin, 05 Oktober 2026 14:07:00",NASA-SNPP,Medium,110.86446,-2.54766,False,False,False,False,False,False,Di Luar Area Pantauan (>1000m dari Desa)
Kendawangan,Air Tarap,"Senin, 05 Oktober 2026 14:07:00",NASA-SNPP,Medium,110.87069,-2.54661,False,False,False,False,False,False,Di Luar Area Pantauan (>1000m dari Desa)
Kendawangan,Air Tarap,"Senin, 05 Oktober 2026 14:07:00",NASA-SNPP,Medium,110.85704,-2.54185,False,False,False,False,False,False,Di Luar Area Pantauan (>1000m dari Desa)
Jelai Hulu,Tanggerang,"Senin, 05 Oktober 2026 14:07:00",NASA-SNPP,Medium,110.77713,-2.02549,False,False,False,False,False,False,Di Luar Area Pantauan (>1000m dari Desa)
Matan Hilir Utara,Lamon Satong,"Senin, 05 Oktober 2026 14:07:00",NASA-SNPP,Medium,110.27426,-1.41807,False,False,True,False,False,True,Di Luar Area Pantauan (>1000m dari Desa)
Tumbang Titi,Natai Panjang,"Senin, 05 Oktober 2026 14:07:00",NASA-SNPP,Medium,110.64122,-1.80142,False,False,False,False,False,False,Di Luar Area Pantauan (>1000m dari Desa)
Tumbang Titi,Tanjung Beulang,"Senin, 05 Oktober 2026 14:07:00",NASA-SNPP,Medium,110.70969,-1.7613,False,False,False,False,False,False,Di Luar Area Pantauan (>1000m dari Desa)
Matan Hilir Utara,Lamon Satong,"Senin, 05 Oktober 2026 14:07:00",NASA-SNPP,Medium,110.27023,-1.41706,False,False,True,False,False,True,Di Luar Area Pantauan (>1000m dari Desa)
Sandai,Pendamaran Indah,"Senin, 05 Oktober 2026 14:07:00",NASA-SNPP,Medium,110.63443,-1.03339,False,False,False,False,False,False,Di Luar Area Pantauan (>1000m dari Desa)
Sandai,Merimbang Jaya,"Senin, 05 Oktober 2026 14:07:00",NASA-SNPP,Medium,110.59615,-1.08239,False,False,False,False,False,False,Di Luar Area Pantauan (>1000m dari Desa)
Hulu Sungai,Senduruhan,"Senin, 05 Oktober 2026 14:07:00",NASA-SNPP,Medium,110.77172,-0.89716,False,False,False,False,False,False,Di Luar Area Pantauan (>1000m dari Desa)
Sandai,Pendamaran Indah,"Senin, 05 Oktober 2026 14:07:00",NASA-SNPP,Medium,110.61659,-1.08614,False,False,False,False,False,False,Di Luar Area Pantauan (>1000m dari Desa)
Sungai Laur,Bayun Sari,"Senin, 05 Oktober 2026 14:07:00",NASA-SNPP,Medium,110.43661,-1.05235,False,False,False,False,False,False,Di Luar Area Pantauan (>1000m dari Desa)
Sungai Laur,Bayun Sari,"Senin, 05 Oktober 2026 14:07:00",NASA-SNPP,Medium,110.43439,-1.05208,False,False,False,False,False,False,Di Luar Area Pantauan (>1000m dari Desa)
Hulu Sungai,Senduruhan,"Senin, 05 Oktober 2026 14:07:00",NASA-SNPP,Medium,110.77842,-0.89604,False,False,False,False,False,False,Di Luar Area Pantauan (>1000m dari Desa)
Hulu Sungai,Sunge Bengaras,"Senin, 05 Oktober 2026 14:07:00",NASA-SNPP,Medium,110.77905,-0.84097,False,False,True,False,False,True,Di Luar Area Pantauan (>1000m dari Desa)
Sandai,Demit,"Senin, 05 Oktober 2026 14:07:00",NASA-SNPP,Medium,110.63425,-1.17443,False,False,False,False,False,False,Di Luar Area Pantauan (>1000m dari Desa)
Sandai,Demit,"Senin, 05 Oktober 2026 14:07:00",NASA-SNPP,Medium,110.6407,-1.17337,False,False,False,False,False,False,Di Luar Area Pantauan (>1000m dari Desa)
Sandai,Demit,"Senin, 05 Oktober 2026 14:07:00",NASA-SNPP,Medium,110.64181,-1.1803,False,False,False,False,False,False,Di Luar Area Pantauan (>1000m dari Desa)
Nanga Tayap,Simpang Tiga Sembelangaan,"Senin, 05 Oktober 2026 14:07:00",NASA-SNPP,Medium,110.39872,-1.41816,False,False,False,False,False,False,Di Luar Area Pantauan (>1000m dari Desa)
Nanga Tayap,Simpang Tiga Sembelangaan,"Senin, 05 Oktober 2026 14:07:00",NASA-SNPP,Medium,110.39532,-1.41788,False,False,False,False,False,False,Di Luar Area Pantauan (>1000m dari Desa)
Sandai,Pendamaran Indah,"Senin, 05 Oktober 2026 14:07:00",NASA-SNPP,Medium,110.63258,-1.03439,False,False,False,False,False,False,Di Luar Area Pantauan (>1000m dari Desa)
Hulu Sungai,Krio Hulu,"Senin, 05 Oktober 2026 14:07:00",NASA-SNPP,Medium,110.83898,-0.82393,False,False,False,False,False,False,Di Luar Area Pantauan (>1000m dari Desa)
Hulu Sungai,Senduruhan,"Senin, 05 Oktober 2026 14:07:00",NASA-SNPP,Medium,110.77448,-0.89925,False,False,True,False,False,True,Di Luar Area Pantauan (>1000m dari Desa)
Sungai Laur,Sinar Kuri,"Senin, 05 Oktober 2026 14:07:00",NASA-SNPP,Medium,110.4222,-0.92049,False,False,False,False,False,False,Di Luar Area Pantauan (>1000m dari Desa)
Nanga Tayap,Betenung,"Senin, 05 Oktober 2026 14:07:00",NASA-SNPP,Medium,110.80134,-1.54833,False,False,True,False,False,True,Di Luar Area Pantauan (>1000m dari Desa)
Nanga Tayap,Betenung,"Senin, 05 Oktober 2026 14:07:00",NASA-SNPP,Medium,110.80483,-1.54949,False,False,True,False,False,True,Di Luar Area Pantauan (>1000m dari Desa)
Muara Pawan,Tanjung Pura,"Senin, 05 Oktober 2026 14:07:00",NASA-SNPP,Medium,110.22959,-1.67208,False,False,True,True,False,True,Di Luar Area Pantauan (>1000m dari Desa)
Tumbang Titi,Jelayan,"Senin, 05 Oktober 2026 14:07:00",NASA-SNPP,Medium,110.63821,-1.80167,False,False,False,False,False,False,Di Luar Area Pantauan (>1000m dari Desa)
Tumbang Titi,Tumbang Titi,"Senin, 05 Oktober 2026 14:07:00",NASA-SNPP,Medium,110.63461,-1.81637,False,False,False,False,False,False,Di Luar Area Pantauan (>1000m dari Desa)
Kendawangan,Natai Kuini,"Senin, 05 Oktober 2026 14:07:00",NASA-SNPP,Medium,110.70004,-2.89998,False,False,False,False,False,False,Di Luar Area Pantauan (>1000m dari Desa)
Kendawangan,Air Hitam Besar,"Senin, 05 Oktober 2026 14:07:00",NASA-SNPP,Medium,110.73319,-2.79648,False,False,False,True,False,True,Di Luar Area Pantauan (>1000m dari Desa)
Kendawangan,Air Hitam Besar,"Senin, 05 Oktober 2026 14:07:00",NASA-SNPP,Medium,110.73614,-2.80219,False,False,False,False,False,False,Di Luar Area Pantauan (>1000m dari Desa)
Kendawangan,Pembedilan,"Senin, 05 Oktober 2026 14:07:00",NASA-SNPP,Medium,110.45179,-2.77115,False,False,False,False,True,True,Di Luar Area Pantauan (>1000m dari Desa)
Manis Mata,Jambi,"Senin, 05 Oktober 2026 14:07:00",NASA-SNPP,Medium,111.08055,-2.68709,False,False,False,False,False,False,Di Luar Area Pantauan (>1000m dari Desa)
Kendawangan,Pembedilan,"Senin, 05 Oktober 2026 14:07:00",NASA-SNPP,Medium,110.43897,-2.7664,False,False,False,False,True,True,Di Luar Area Pantauan (>1000m dari Desa)
Kendawangan,Natai Kuini,"Senin, 05 Oktober 2026 14:07:00",NASA-SNPP,Medium,110.69289,-2.89422,False,False,False,False,False,False,Di Luar Area Pantauan (>1000m dari Desa)
Kendawangan,Pembedilan,"Senin, 05 Oktober 2026 14:07:00",NASA-SNPP,Medium,110.4349,-2.73958,False,False,False,False,True,True,Di Luar Area Pantauan (>1000m dari Desa)
Kendawangan,Seriam,"Senin, 05 Oktober 2026 14:07:00",NASA-SNPP,Medium,110.42796,-2.73387,False,False,False,False,True,True,Di Luar Area Pantauan (>1000m dari Desa)
Sekayam,Melenggang,"Selasa, 06 Oktober 2026 01:09:00",NASA-SNPP,Medium,110.7081,0.79964,False,False,False,False,False,False,Di Luar Area Pantauan (>1000m dari Desa)
Kelam Permai,Sungai Lais,"Selasa, 06 Oktober 2026 01:09:00",NASA-SNPP,Medium,111.69562,0.15477,False,False,False,False,False,False,Di Luar Area Pantauan (>1000m dari Desa)
Sintang,Teluk Kelansam,"Selasa, 06 Oktober 2026 01:09:00",NASA-SNPP,Medium,111.39554,0.15554,False,False,False,True,False,True,Di Luar Area Pantauan (>1000m dari Desa)
Semitau,Sekedau,"Selasa, 06 Oktober 2026 01:09:00",NASA-SNPP,Medium,111.77912,0.52765,False,False,False,True,False,True,Di Luar Area Pantauan (>1000m dari Desa)
Silat Hilir,Sentabai,"Selasa, 06 Oktober 2026 01:09:00",NASA-SNPP,Medium,111.77859,0.52432,False,False,True,True,False,True,Di Luar Area Pantauan (>1000m dari Desa)
Sayan,Karangan Purun,"Selasa, 06 Oktober 2026 01:09:00",NASA-SNPP,Medium,111.67181,-0.65653,False,False,False,False,False,False,Di Luar Area Pantauan (>1000m dari Desa)
Sayan,Karangan Purun,"Selasa, 06 Oktober 2026 01:09:00",NASA-SNPP,Medium,111.6713,-0.65986,False,False,False,False,False,False,Di Luar Area Pantauan (>1000m dari Desa)
Hulu Sungai,Sunge Bengaras,"Selasa, 06 Oktober 2026 01:09:00",NASA-SNPP,Medium,110.81086,-0.7394,False,False,True,False,False,True,Di Luar Area Pantauan (>1000m dari Desa)
Hulu Sungai,Sunge Bengaras,"Selasa, 06 Oktober 2026 01:09:00",NASA-SNPP,Medium,110.81033,-0.74278,False,False,False,False,False,False,Di Luar Area Pantauan (>1000m dari Desa)
Simpang Hilir,Lubuk Batu,"Selasa, 06 Oktober 2026 01:11:00",NASA-SNPP,Medium,110.12518,-0.93369,False,False,False,False,False,False,Di Luar Area Pantauan (>1000m dari Desa)
Simpang Hilir,Lubuk Batu,"Selasa, 06 Oktober 2026 01:11:00",NASA-SNPP,Medium,110.12301,-0.94744,False,False,False,False,False,False,Di Luar Area Pantauan (>1000m dari Desa)
Simpang Hilir,Lubuk Batu,"Selasa, 06 Oktober 2026 01:11:00",NASA-SNPP,Medium,110.12572,-0.93025,False,False,False,False,False,False,Di Luar Area Pantauan (>1000m dari Desa)
Simpang Hilir,Lubuk Batu,"Selasa, 06 Oktober 2026 01:11:00",NASA-SNPP,Medium,110.11559,-0.94625,False,False,False,False,False,False,Di Luar Area Pantauan (>1000m dari Desa)
Hulu Sungai,Cinta Manis,"Selasa, 06 Oktober 2026 01:11:00",NASA-SNPP,Medium,110.82161,-1.13515,False,False,True,False,True,True,Di Luar Area Pantauan (>1000m dari Desa)
Nanga Tayap,Pangkalan Teluk,"Selasa, 06 Oktober 2026 01:11:00",NASA-SNPP,Medium,110.33788,-1.34124,False,False,True,False,True,True,Di Luar Area Pantauan (>1000m dari Desa)
Nanga Tayap,Pangkalan Teluk,"Selasa, 06 Oktober 2026 01:11:00",NASA-SNPP,Medium,110.33512,-1.30938,False,False,True,False,True,True,Di Luar Area Pantauan (>1000m dari Desa)
Nanga Tayap,Pangkalan Teluk,"Selasa, 06 Oktober 2026 01:11:00",NASA-SNPP,Medium,110.3424,-1.31054,False,False,True,False,True,True,Di Luar Area Pantauan (>1000m dari Desa)
Nanga Tayap,Sepakat Jaya,"Selasa, 06 Oktober 2026 01:11:00",NASA-SNPP,Medium,110.69043,-1.46436,False,False,True,False,False,True,Di Luar Area Pantauan (>1000m dari Desa)
Nanga Tayap,Simpang Tiga Sembelangaan,"Selasa, 06 Oktober 2026 01:11:00",NASA-SNPP,Medium,110.39954,-1.41774,False,False,False,False,False,False,Di Luar Area Pantauan (>1000m dari Desa)
Matan Hilir Utara,Kuala Tolak,"Selasa, 06 Oktober 2026 01:11:00",NASA-SNPP,Medium,110.14022,-1.4253,False,False,False,True,False,True,Di Luar Area Pantauan (>1000m dari Desa)
Matan Hilir Utara,Kuala Tolak,"Selasa, 06 Oktober 2026 01:11:00",NASA-SNPP,Medium,110.13653,-1.42471,False,False,False,True,False,True,Di Luar Area Pantauan (>1000m dari Desa)
Matan Hilir Utara,Lamon Satong,"Selasa, 06 Oktober 2026 01:11:00",NASA-SNPP,Medium,110.27229,-1.42181,False,False,True,False,False,True,Di Luar Area Pantauan (>1000m dari Desa)
Matan Hilir Utara,Lamon Satong,"Selasa, 06 Oktober 2026 01:11:00",NASA-SNPP,Medium,110.27483,-1.42921,False,False,True,False,False,True,Di Luar Area Pantauan (>1000m dari Desa)
Matan Hilir Utara,Kuala Tolak,"Selasa, 06 Oktober 2026 01:11:00",NASA-SNPP,Medium,110.14712,-1.48175,False,False,False,True,False,True,Di Luar Area Pantauan (>1000m dari Desa)
Matan Hilir Utara,Kuala Tolak,"Selasa, 06 Oktober 2026 01:11:00",NASA-SNPP,Medium,110.15134,-1.47892,False,False,True,True,False,True,Di Luar Area Pantauan (>1000m dari Desa)
Nanga Tayap,Simpang Tiga Sembelangaan,"Selasa, 06 Oktober 2026 01:11:00",NASA-SNPP,Medium,110.39538,-1.42056,False,False,False,False,False,False,Di Luar Area Pantauan (>1000m dari Desa)
Nanga Tayap,Betenung,"Selasa, 06 Oktober 2026 01:11:00",NASA-SNPP,Medium,110.86597,-1.62113,False,False,True,False,False,True,Di Luar Area Pantauan (>1000m dari Desa)
Muara Pawan,Ulak Medang,"Selasa, 06 Oktober 2026 01:11:00",NASA-SNPP,Medium,110.25631,-1.52728,False,False,True,True,False,True,Di Luar Area Pantauan (>1000m dari Desa)
Muara Pawan,Ulak Medang,"Selasa, 06 Oktober 2026 01:11:00",NASA-SNPP,Medium,110.29892,-1.54107,False,False,True,True,False,True,Di Luar Area Pantauan (>1000m dari Desa)
Muara Pawan,Ulak Medang,"Selasa, 06 Oktober 2026 01:11:00",NASA-SNPP,Medium,110.30148,-1.54846,False,False,True,True,False,True,Di Luar Area Pantauan (>1000m dari Desa)
Muara Pawan,Ulak Medang,"Selasa, 06 Oktober 2026 01:11:00",NASA-SNPP,Medium,110.29784,-1.54788,False,False,True,True,False,True,Di Luar Area Pantauan (>1000m dari Desa)
Nanga Tayap,Cegolak,"Selasa, 06 Oktober 2026 01:11:00",NASA-SNPP,Medium,110.74438,-1.60863,False,False,True,False,False,True,Di Luar Area Pantauan (>1000m dari Desa)
Muara Pawan,Ulak Medang,"Selasa, 06 Oktober 2026 01:11:00",NASA-SNPP,Medium,110.25212,-1.5301,False,False,True,True,False,True,Di Luar Area Pantauan (>1000m dari Desa)
Nanga Tayap,Cegolak,"Selasa, 06 Oktober 2026 01:11:00",NASA-SNPP,Medium,110.74038,-1.61144,False,False,True,False,False,True,Di Luar Area Pantauan (>1000m dari Desa)
Muara Pawan,Ulak Medang,"Selasa, 06 Oktober 2026 01:11:00",NASA-SNPP,Medium,110.30202,-1.54505,False,False,True,True,False,True,Di Luar Area Pantauan (>1000m dari Desa)
Muara Pawan,Ulak Medang,"Selasa, 06 Oktober 2026 01:11:00",NASA-SNPP,Medium,110.29731,-1.55128,False,False,True,True,False,True,Di Luar Area Pantauan (>1000m dari Desa)
Matan Hilir Utara,Lamon Satong,"Selasa, 06 Oktober 2026 01:11:00",NASA-SNPP,Medium,110.27285,-1.41841,False,False,True,False,False,True,Di Luar Area Pantauan (>1000m dari Desa)
Muara Pawan,Ulak Medang,"Selasa, 06 Oktober 2026 01:11:00",NASA-SNPP,Medium,110.3004,-1.55527,False,False,True,True,False,True,Di Luar Area Pantauan (>1000m dari Desa)
Muara Pawan,Ulak Medang,"Selasa, 06 Oktober 2026 01:11:00",NASA-SNPP,Medium,110.29623,-1.55809,False,False,True,True,False,True,Di Luar Area Pantauan (>1000m dari Desa)
Muara Pawan,Ulak Medang,"Selasa, 06 Oktober 2026 01:11:00",NASA-SNPP,Medium,110.29259,-1.55751,False,False,True,True,False,True,Di Luar Area Pantauan (>1000m dari Desa)
Muara Pawan,Ulak Medang,"Selasa, 06 Oktober 2026 01:11:00",NASA-SNPP,Medium,110.30349,-1.55925,False,False,True,True,False,True,Di Luar Area Pantauan (>1000m dari Desa)
Muara Pawan,Ulak Medang,"Selasa, 06 Oktober 2026 01:11:00",NASA-SNPP,Medium,110.28894,-1.55694,False,False,True,True,False,True,Di Luar Area Pantauan (>1000m dari Desa)
Muara Pawan,Ulak Medang,"Selasa, 06 Oktober 2026 01:11:00",NASA-SNPP,Medium,110.30511,-1.54903,False,False,False,True,False,True,Di Luar Area Pantauan (>1000m dari Desa)
Muara Pawan,Ulak Medang,"Selasa, 06 Oktober 2026 01:11:00",NASA-SNPP,Medium,110.30093,-1.55186,False,False,True,True,False,True,Di Luar Area Pantauan (>1000m dari Desa)
Nanga Tayap,Betenung,"Selasa, 06 Oktober 2026 01:11:00",NASA-SNPP,Medium,110.80868,-1.5453,False,False,True,False,False,True,Di Luar Area Pantauan (>1000m dari Desa)
Nanga Tayap,Pateh Benteng,"Selasa, 06 Oktober 2026 01:11:00",NASA-SNPP,Medium,110.56741,-1.64276,False,False,False,False,False,False,Di Luar Area Pantauan (>1000m dari Desa)
Matan Hilir Utara,Sungai Putri,"Selasa, 06 Oktober 2026 01:11:00",NASA-SNPP,Medium,110.10676,-1.57012,False,False,True,True,False,True,Di Luar Area Pantauan (>1000m dari Desa)
Nanga Tayap,Batu Mas,"Selasa, 06 Oktober 2026 01:11:00",NASA-SNPP,Medium,110.62295,-1.66318,False,False,False,False,False,False,Di Luar Area Pantauan (>1000m dari Desa)
Nanga Tayap,Batu Mas,"Selasa, 06 Oktober 2026 01:11:00",NASA-SNPP,Medium,110.66022,-1.65742,False,False,True,False,False,True,Di Luar Area Pantauan (>1000m dari Desa)
Nanga Tayap,Batu Mas,"Selasa, 06 Oktober 2026 01:11:00",NASA-SNPP,Medium,110.65661,-1.65821,False,False,True,False,False,True,Di Luar Area Pantauan (>1000m dari Desa)
Nanga Tayap,Batu Mas,"Selasa, 06 Oktober 2026 01:11:00",NASA-SNPP,Medium,110.66016,-1.65878,False,False,True,False,False,True,Di Luar Area Pantauan (>1000m dari Desa)
Nanga Tayap,Betenung,"Selasa, 06 Oktober 2026 01:11:00",NASA-SNPP,Medium,110.8709,-1.61159,False,False,False,False,False,False,Di Luar Area Pantauan (>1000m dari Desa)
Tumbang Titi,Serengkah Kanan,"Selasa, 06 Oktober 2026 01:11:00",NASA-SNPP,Medium,110.77473,-1.7633,False,False,True,False,False,True,Di Luar Area Pantauan (>1000m dari Desa)
Tumbang Titi,Serengkah Kanan,"Selasa, 06 Oktober 2026 01:11:00",NASA-SNPP,Medium,110.77776,-1.76722,False,False,True,False,False,True,Di Luar Area Pantauan (>1000m dari Desa)
Nanga Tayap,Sungai Kelik,"Selasa, 06 Oktober 2026 01:11:00",NASA-SNPP,Medium,110.30564,-1.54563,False,False,True,True,False,True,Di Luar Area Pantauan (>1000m dari Desa)
Muara Pawan,Ulak Medang,"Selasa, 06 Oktober 2026 01:11:00",NASA-SNPP,Medium,110.29205,-1.56092,False,False,True,True,False,True,Di Luar Area Pantauan (>1000m dari Desa)
Nanga Tayap,Cegolak,"Selasa, 06 Oktober 2026 01:11:00",NASA-SNPP,Medium,110.73686,-1.61088,False,False,True,False,False,True,Di Luar Area Pantauan (>1000m dari Desa)
Muara Pawan,Ulak Medang,"Selasa, 06 Oktober 2026 01:11:00",NASA-SNPP,Medium,110.29839,-1.54447,False,False,True,True,False,True,Di Luar Area Pantauan (>1000m dari Desa)
Nanga Tayap,Cegolak,"Selasa, 06 Oktober 2026 01:11:00",NASA-SNPP,Medium,110.73326,-1.61031,False,False,True,False,False,True,Di Luar Area Pantauan (>1000m dari Desa)
Jelai Hulu,Pasir Mayang,"Selasa, 06 Oktober 2026 01:11:00",NASA-SNPP,Medium,110.77077,-1.79149,False,False,False,False,False,False,Di Luar Area Pantauan (>1000m dari Desa)
Muara Pawan,Ulak Medang,"Selasa, 06 Oktober 2026 01:11:00",NASA-SNPP,Medium,110.28477,-1.55976,False,False,True,True,False,True,Di Luar Area Pantauan (>1000m dari Desa)
Muara Pawan,Ulak Medang,"Selasa, 06 Oktober 2026 01:11:00",NASA-SNPP,Medium,110.28423,-1.56317,False,False,True,True,False,True,Di Luar Area Pantauan (>1000m dari Desa)
Muara Pawan,Ulak Medang,"Selasa, 06 Oktober 2026 01:11:00",NASA-SNPP,Medium,110.28841,-1.56034,False,False,True,True,False,True,Di Luar Area Pantauan (>1000m dari Desa)
Nanga Tayap,Batu Mas,"Selasa, 06 Oktober 2026 01:11:00",NASA-SNPP,Medium,110.64957,-1.65573,False,False,True,False,False,True,Di Luar Area Pantauan (>1000m dari Desa)
Nanga Tayap,Batu Mas,"Selasa, 06 Oktober 2026 01:11:00",NASA-SNPP,Medium,110.65305,-1.65764,False,False,True,False,False,True,Di Luar Area Pantauan (>1000m dari Desa)
Matan Hilir Utara,Sungai Putri,"Selasa, 06 Oktober 2026 01:11:00",NASA-SNPP,Medium,110.1072,-1.56979,False,False,True,True,False,True,Di Luar Area Pantauan (>1000m dari Desa)
Nanga Tayap,Batu Mas,"Selasa, 06 Oktober 2026 01:11:00",NASA-SNPP,Medium,110.6495,-1.65707,False,False,True,False,False,True,Di Luar Area Pantauan (>1000m dari Desa)
Tumbang Titi,Beringin Rayo,"Selasa, 06 Oktober 2026 01:11:00",NASA-SNPP,Medium,110.76217,-1.75097,False,False,True,False,False,True,Di Luar Area Pantauan (>1000m dari Desa)
Jelai Hulu,Pasir Mayang,"Selasa, 06 Oktober 2026 01:11:00",NASA-SNPP,Medium,110.7912,-1.7982,False,False,False,False,False,False,Di Luar Area Pantauan (>1000m dari Desa)
Marau,Suka Karya,"Selasa, 06 Oktober 2026 01:11:00",NASA-SNPP,Medium,110.75344,-2.15158,False,False,False,False,False,False,Di Luar Area Pantauan (>1000m dari Desa)
Marau,Suka Karya,"Selasa, 06 Oktober 2026 01:11:00",NASA-SNPP,Medium,110.75396,-2.14822,False,False,False,False,False,False,Di Luar Area Pantauan (>1000m dari Desa)
Tumbang Titi,Titi Baru,"Selasa, 06 Oktober 2026 01:11:00",NASA-SNPP,Medium,110.61212,-1.87449,False,False,False,False,False,False,Di Luar Area Pantauan (>1000m dari Desa)
Matan Hilir Selatan,Sungai Nanjung,"Selasa, 06 Oktober 2026 01:11:00",NASA-SNPP,Medium,110.19469,-2.14258,False,False,True,True,False,True,Di Luar Area Pantauan (>1000m dari Desa)
Jelai Hulu,Semantun,"Selasa, 06 Oktober 2026 01:11:00",NASA-SNPP,Medium,111.05969,-1.96671,False,False,True,False,False,True,Di Luar Area Pantauan (>1000m dari Desa)
Manis Mata,Silat,"Selasa, 06 Oktober 2026 01:11:00",NASA-SNPP,Medium,110.96665,-2.28342,False,False,False,False,False,False,Di Luar Area Pantauan (>1000m dari Desa)
Matan Hilir Selatan,Sungai Nanjung,"Selasa, 06 Oktober 2026 01:11:00",NASA-SNPP,Medium,110.27634,-2.16614,False,False,True,True,True,True,Di Luar Area Pantauan (>1000m dari Desa)
Kendawangan,Kedondong,"Selasa, 06 Oktober 2026 01:11:00",NASA-SNPP,Medium,110.30049,-2.27165,False,False,False,False,False,False,Di Luar Area Pantauan (>1000m dari Desa)
Matan Hilir Selatan,Pagar Mentimun,"Selasa, 06 Oktober 2026 01:11:00",NASA-SNPP,Medium,110.16206,-2.25639,False,False,True,True,False,True,Di Luar Area Pantauan (>1000m dari Desa)
Kendawangan,Pangkalan Batu,"Selasa, 06 Oktober 2026 01:11:00",NASA-SNPP,Medium,110.38163,-2.27079,False,False,False,False,False,False,Di Luar Area Pantauan (>1000m dari Desa)
Kendawangan,Pangkalan Batu,"Selasa, 06 Oktober 2026 01:11:00",NASA-SNPP,Medium,110.38522,-2.27137,False,False,False,False,False,False,Di Luar Area Pantauan (>1000m dari Desa)
Jelai Hulu,Teluk Runjai,"Selasa, 06 Oktober 2026 01:11:00",NASA-SNPP,Medium,110.75887,-1.98066,False,False,False,False,False,False,Di Luar Area Pantauan (>1000m dari Desa)
Marau,Randai,"Selasa, 06 Oktober 2026 01:11:00",NASA-SNPP,Medium,110.45094,-2.06172,False,False,False,False,False,False,Di Luar Area Pantauan (>1000m dari Desa)
Matan Hilir Selatan,Sungai Nanjung,"Selasa, 06 Oktober 2026 01:11:00",NASA-SNPP,Medium,110.18125,-2.13344,False,False,True,True,False,True,Di Luar Area Pantauan (>1000m dari Desa)
Kendawangan,Air Tarap,"Selasa, 06 Oktober 2026 01:11:00",NASA-SNPP,Medium,110.86753,-2.54603,False,False,False,False,False,False,Di Luar Area Pantauan (>1000m dari Desa)
Kendawangan,Air Tarap,"Selasa, 06 Oktober 2026 01:11:00",NASA-SNPP,Medium,110.85703,-2.54437,False,False,False,False,False,False,Di Luar Area Pantauan (>1000m dari Desa)
Matan Hilir Selatan,Sungai Nanjung,"Selasa, 06 Oktober 2026 01:11:00",NASA-SNPP,Medium,110.18488,-2.13402,False,False,True,True,False,True,Di Luar Area Pantauan (>1000m dari Desa)
Kendawangan,Air Hitam Besar,"Selasa, 06 Oktober 2026 01:11:00",NASA-SNPP,Medium,110.68833,-2.63299,False,False,True,False,False,True,Di Luar Area Pantauan (>1000m dari Desa)
Manis Mata,Seguling,"Selasa, 06 Oktober 2026 01:11:00",NASA-SNPP,Medium,111.10306,-2.66113,False,False,True,True,False,True,Di Luar Area Pantauan (>1000m dari Desa)
Manis Mata,Seguling,"Selasa, 06 Oktober 2026 01:11:00",NASA-SNPP,Medium,111.10654,-2.66168,False,False,False,True,False,True,Di Luar Area Pantauan (>1000m dari Desa)
Manis Mata,Seguling,"Selasa, 06 Oktober 2026 01:11:00",NASA-SNPP,Medium,111.10358,-2.6578,False,False,False,True,False,True,Di Luar Area Pantauan (>1000m dari Desa)
Manis Mata,Seguling,"Selasa, 06 Oktober 2026 01:11:00",NASA-SNPP,Medium,111.10601,-2.66502,False,False,False,True,False,True,Di Luar Area Pantauan (>1000m dari Desa)
Kendawangan,Danau Buntar,"Selasa, 06 Oktober 2026 01:11:00",NASA-SNPP,Medium,110.94614,-2.775,False,False,False,False,False,False,Di Luar Area Pantauan (>1000m dari Desa)
Kendawangan,Seriam,"Selasa, 06 Oktober 2026 01:11:00",NASA-SNPP,Medium,110.29765,-2.66522,False,False,False,False,True,True,Di Luar Area Pantauan (>1000m dari Desa)
Kendawangan,Air Hitam Besar,"Selasa, 06 Oktober 2026 01:11:00",NASA-SNPP,Medium,110.73016,-2.80455,False,False,False,False,False,False,Di Luar Area Pantauan (>1000m dari Desa)
Kendawangan,Air Hitam Besar,"Selasa, 06 Oktober 2026 01:11:00",NASA-SNPP,Medium,110.70609,-2.79728,False,False,False,False,False,False,Di Luar Area Pantauan (>1000m dari Desa)
Kendawangan,Air Hitam Besar,"Selasa, 06 Oktober 2026 01:11:00",NASA-SNPP,Medium,110.73207,-2.81516,False,False,False,True,False,True,Di Luar Area Pantauan (>1000m dari Desa)
Kendawangan,Air Hitam Besar,"Selasa, 06 Oktober 2026 01:11:00",NASA-SNPP,Medium,110.80256,-2.77837,False,False,False,True,True,True,Di Luar Area Pantauan (>1000m dari Desa)
Air Upas,Gahang,"Selasa, 06 Oktober 2026 01:11:00",NASA-SNPP,Medium,110.75576,-2.3446,False,False,False,False,False,False,Di Luar Area Pantauan (>1000m dari Desa)
Kendawangan,Natai Kuini,"Selasa, 06 Oktober 2026 01:11:00",NASA-SNPP,Medium,110.92289,-2.78733,False,False,True,True,False,True,Di Luar Area Pantauan (>1000m dari Desa)
Kendawangan,Seriam,"Selasa, 06 Oktober 2026 01:11:00",NASA-SNPP,Medium,110.37987,-2.70368,False,False,False,False,True,True,Di Luar Area Pantauan (>1000m dari Desa)
Kendawangan,Air Hitam Besar,"Selasa, 06 Oktober 2026 01:11:00",NASA-SNPP,Medium,110.80203,-2.78171,False,False,False,True,True,True,Di Luar Area Pantauan (>1000m dari Desa)
Kendawangan,Air Hitam Besar,"Selasa, 06 Oktober 2026 01:11:00",NASA-SNPP,Medium,110.80145,-2.78505,False,False,True,True,True,True,Di Luar Area Pantauan (>1000m dari Desa)
Kendawangan,Air Hitam Besar,"Selasa, 06 Oktober 2026 01:11:00",NASA-SNPP,Medium,110.80495,-2.78561,False,False,False,True,True,True,Di Luar Area Pantauan (>1000m dari Desa)
Kendawangan,Air Hitam Besar,"Selasa, 06 Oktober 2026 01:11:00",NASA-SNPP,Medium,110.79848,-2.78114,False,False,True,True,True,True,Di Luar Area Pantauan (>1000m dari Desa)
Kendawangan,Air Hitam Besar,"Selasa, 06 Oktober 2026 01:11:00",NASA-SNPP,Medium,110.73929,-2.79228,False,False,False,True,False,True,Di Luar Area Pantauan (>1000m dari Desa)
Kendawangan,Natai Kuini,"Selasa, 06 Oktober 2026 01:11:00",NASA-SNPP,Medium,110.94552,-2.82518,False,False,False,True,False,True,Di Luar Area Pantauan (>1000m dari Desa)
Kendawangan,Air Hitam Besar,"Selasa, 06 Oktober 2026 01:11:00",NASA-SNPP,Medium,110.7428,-2.79283,False,False,False,True,False,True,Di Luar Area Pantauan (>1000m dari Desa)
Kendawangan,Air Hitam Besar,"Selasa, 06 Oktober 2026 01:11:00",NASA-SNPP,Medium,110.72611,-2.80734,False,False,False,False,False,False,Di Luar Area Pantauan (>1000m dari Desa)
Kendawangan,Air Hitam Besar,"Selasa, 06 Oktober 2026 01:11:00",NASA-SNPP,Medium,110.61246,-2.79611,False,False,False,False,False,False,Di Luar Area Pantauan (>1000m dari Desa)
Kendawangan,Air Hitam Besar,"Selasa, 06 Oktober 2026 01:11:00",NASA-SNPP,Medium,110.71259,-2.80175,False,False,False,False,False,False,Di Luar Area Pantauan (>1000m dari Desa)
Kendawangan,Air Hitam Besar,"Selasa, 06 Oktober 2026 01:11:00",NASA-SNPP,Medium,110.70908,-2.80119,False,False,False,False,False,False,Di Luar Area Pantauan (>1000m dari Desa)
Kendawangan,Air Hitam Besar,"Selasa, 06 Oktober 2026 01:11:00",NASA-SNPP,Medium,110.73366,-2.80511,False,False,False,False,False,False,Di Luar Area Pantauan (>1000m dari Desa)
Kendawangan,Natai Kuini,"Selasa, 06 Oktober 2026 01:11:00",NASA-SNPP,Medium,110.80846,-2.78617,False,False,False,True,True,True,Di Luar Area Pantauan (>1000m dari Desa)
Kendawangan,Air Hitam Besar,"Selasa, 06 Oktober 2026 01:11:00",NASA-SNPP,Medium,110.72015,-2.79952,False,False,False,False,False,False,Di Luar Area Pantauan (>1000m dari Desa)
Kendawangan,Pembedilan,"Selasa, 06 Oktober 2026 01:11:00",NASA-SNPP,Medium,110.43862,-2.74768,False,False,False,False,True,True,Di Luar Area Pantauan (>1000m dari Desa)
Kendawangan,Air Hitam Besar,"Selasa, 06 Oktober 2026 01:11:00",NASA-SNPP,Medium,110.72963,-2.8079,False,False,False,False,False,False,Di Luar Area Pantauan (>1000m dari Desa)
Kendawangan,Air Hitam Besar,"Selasa, 06 Oktober 2026 01:11:00",NASA-SNPP,Medium,110.73313,-2.80846,False,False,False,False,False,False,Di Luar Area Pantauan (>1000m dari Desa)
Kendawangan,Air Hitam Besar,"Selasa, 06 Oktober 2026 01:11:00",NASA-SNPP,Medium,110.73663,-2.80902,False,False,False,True,False,True,Di Luar Area Pantauan (>1000m dari Desa)
Kendawangan,Air Hitam Besar,"Selasa, 06 Oktober 2026 01:11:00",NASA-SNPP,Medium,110.7291,-2.81125,False,False,False,False,False,False,Di Luar Area Pantauan (>1000m dari Desa)
Kendawangan,Air Hitam Besar,"Selasa, 06 Oktober 2026 01:11:00",NASA-SNPP,Medium,110.73611,-2.81237,False,False,False,True,False,True,Di Luar Area Pantauan (>1000m dari Desa)
Kendawangan,Air Hitam Besar,"Selasa, 06 Oktober 2026 01:11:00",NASA-SNPP,Medium,110.7326,-2.81181,False,False,False,False,False,False,Di Luar Area Pantauan (>1000m dari Desa)
Kendawangan,Air Hitam Besar,"Selasa, 06 Oktober 2026 01:11:00",NASA-SNPP,Medium,110.60594,-2.79163,False,False,False,False,False,False,Di Luar Area Pantauan (>1000m dari Desa)
Kendawangan,Air Hitam Besar,"Selasa, 06 Oktober 2026 01:11:00",NASA-SNPP,Medium,110.71856,-2.80957,False,False,False,False,False,False,Di Luar Area Pantauan (>1000m dari Desa)
Kendawangan,Air Hitam Besar,"Selasa, 06 Oktober 2026 01:11:00",NASA-SNPP,Medium,110.71803,-2.81292,False,False,False,False,False,False,Di Luar Area Pantauan (>1000m dari Desa)
Kendawangan,Air Hitam Besar,"Selasa, 06 Oktober 2026 01:11:00",NASA-SNPP,Medium,110.72559,-2.81069,False,False,False,False,False,False,Di Luar Area Pantauan (>1000m dari Desa)
Kendawangan,Air Hitam Besar,"Selasa, 06 Oktober 2026 01:11:00",NASA-SNPP,Medium,110.71452,-2.81237,False,False,False,False,False,False,Di Luar Area Pantauan (>1000m dari Desa)
Kendawangan,Air Hitam Besar,"Selasa, 06 Oktober 2026 01:11:00",NASA-SNPP,Medium,110.72207,-2.81013,False,False,False,False,False,False,Di Luar Area Pantauan (>1000m dari Desa)
Kendawangan,Air Hitam Besar,"Selasa, 06 Oktober 2026 01:11:00",NASA-SNPP,Medium,110.72155,-2.81348,False,False,False,False,False,False,Di Luar Area Pantauan (>1000m dari Desa)
Matan Hilir Selatan,Pagar Mentimun,"Selasa, 06 Oktober 2026 01:11:00",NASA-SNPP,Medium,110.1772,-2.32508,False,False,False,False,False,False,Di Luar Area Pantauan (>1000m dari Desa)
Kendawangan,Natai Kuini,"Selasa, 06 Oktober 2026 01:11:00",NASA-SNPP,Medium,110.8315,-2.8447,False,False,False,False,True,True,Di Luar Area Pantauan (>1000m dari Desa)
Kendawangan,Natai Kuini,"Selasa, 06 Oktober 2026 01:11:00",NASA-SNPP,Medium,110.835,-2.84526,False,False,False,False,True,True,Di Luar Area Pantauan (>1000m dari Desa)
Kendawangan,Natai Kuini,"Selasa, 06 Oktober 2026 01:11:00",NASA-SNPP,Medium,110.81644,-2.84917,False,False,False,False,False,False,Di Luar Area Pantauan (>1000m dari Desa)
Kendawangan,Natai Kuini,"Selasa, 06 Oktober 2026 01:11:00",NASA-SNPP,Medium,110.83044,-2.85139,False,False,False,False,True,True,Di Luar Area Pantauan (>1000m dari Desa)
Kendawangan,Pembedilan,"Selasa, 06 Oktober 2026 01:11:00",NASA-SNPP,Medium,110.4809,-2.80275,False,False,False,False,True,True,Di Luar Area Pantauan (>1000m dari Desa)
Kendawangan,Air Hitam Besar,"Selasa, 06 Oktober 2026 01:11:00",NASA-SNPP,Medium,110.72102,-2.81683,False,False,False,False,False,False,Di Luar Area Pantauan (>1000m dari Desa)
Kendawangan,Natai Kuini,"Selasa, 06 Oktober 2026 01:11:00",NASA-SNPP,Medium,110.82906,-2.83746,False,False,False,False,True,True,Di Luar Area Pantauan (>1000m dari Desa)
Kendawangan,Air Hitam Besar,"Selasa, 06 Oktober 2026 01:11:00",NASA-SNPP,Medium,110.71048,-2.81516,False,False,False,True,False,True,Di Luar Area Pantauan (>1000m dari Desa)
Kendawangan,Natai Kuini,"Selasa, 06 Oktober 2026 01:11:00",NASA-SNPP,Medium,110.80351,-2.84025,False,False,False,False,False,False,Di Luar Area Pantauan (>1000m dari Desa)
Kendawangan,Natai Kuini,"Selasa, 06 Oktober 2026 01:11:00",NASA-SNPP,Medium,110.80701,-2.84081,False,False,False,False,False,False,Di Luar Area Pantauan (>1000m dari Desa)
Kendawangan,Pembedilan,"Selasa, 06 Oktober 2026 01:11:00",NASA-SNPP,Medium,110.44041,-2.7825,False,False,False,False,True,True,Di Luar Area Pantauan (>1000m dari Desa)
Kendawangan,Natai Kuini,"Selasa, 06 Oktober 2026 01:11:00",NASA-SNPP,Medium,110.82503,-2.84025,False,False,False,False,True,True,Di Luar Area Pantauan (>1000m dari Desa)
Kendawangan,Natai Kuini,"Selasa, 06 Oktober 2026 01:11:00",NASA-SNPP,Medium,110.80997,-2.84471,False,False,False,False,False,False,Di Luar Area Pantauan (>1000m dari Desa)
Kendawangan,Natai Kuini,"Selasa, 06 Oktober 2026 01:11:00",NASA-SNPP,Medium,110.79895,-2.84639,False,False,False,False,False,False,Di Luar Area Pantauan (>1000m dari Desa)
Kendawangan,Natai Kuini,"Selasa, 06 Oktober 2026 01:11:00",NASA-SNPP,Medium,110.81348,-2.84527,False,False,False,False,True,True,Di Luar Area Pantauan (>1000m dari Desa)
Kendawangan,Natai Kuini,"Selasa, 06 Oktober 2026 01:11:00",NASA-SNPP,Medium,110.79248,-2.84193,False,False,False,False,False,False,Di Luar Area Pantauan (>1000m dari Desa)
Kendawangan,Natai Kuini,"Selasa, 06 Oktober 2026 01:11:00",NASA-SNPP,Medium,110.80543,-2.85084,False,False,False,False,False,False,Di Luar Area Pantauan (>1000m dari Desa)
Kendawangan,Natai Kuini,"Selasa, 06 Oktober 2026 01:11:00",NASA-SNPP,Medium,110.81592,-2.85251,False,False,False,False,False,False,Di Luar Area Pantauan (>1000m dari Desa)
Kendawangan,Pembedilan,"Selasa, 06 Oktober 2026 01:11:00",NASA-SNPP,Medium,110.4738,-2.80162,False,False,False,False,True,True,Di Luar Area Pantauan (>1000m dari Desa)
Kendawangan,Natai Kuini,"Selasa, 06 Oktober 2026 01:11:00",NASA-SNPP,Medium,110.7979,-2.85308,False,False,False,False,False,False,Di Luar Area Pantauan (>1000m dari Desa)
Kendawangan,Natai Kuini,"Selasa, 06 Oktober 2026 01:11:00",NASA-SNPP,Medium,110.79842,-2.84973,False,False,False,False,False,False,Di Luar Area Pantauan (>1000m dari Desa)
Kendawangan,Natai Kuini,"Selasa, 06 Oktober 2026 01:11:00",NASA-SNPP,Medium,110.72458,-2.8636,False,False,False,True,False,True,Di Luar Area Pantauan (>1000m dari Desa)
Kendawangan,Natai Kuini,"Selasa, 06 Oktober 2026 01:11:00",NASA-SNPP,Medium,110.74672,-2.85868,False,False,False,True,False,True,Di Luar Area Pantauan (>1000m dari Desa)
Kendawangan,Natai Kuini,"Selasa, 06 Oktober 2026 01:11:00",NASA-SNPP,Medium,110.74913,-2.86754,False,False,False,True,False,True,Di Luar Area Pantauan (>1000m dari Desa)
Kendawangan,Pembedilan,"Selasa, 06 Oktober 2026 01:11:00",NASA-SNPP,Medium,110.48747,-2.80724,False,False,False,False,True,True,Di Luar Area Pantauan (>1000m dari Desa)
Kendawangan,Pembedilan,"Selasa, 06 Oktober 2026 01:11:00",NASA-SNPP,Medium,110.48392,-2.80668,False,False,False,False,True,True,Di Luar Area Pantauan (>1000m dari Desa)
Kendawangan,Natai Kuini,"Selasa, 06 Oktober 2026 01:11:00",NASA-SNPP,Medium,110.80087,-2.85698,False,False,False,False,False,False,Di Luar Area Pantauan (>1000m dari Desa)
Kendawangan,Natai Kuini,"Selasa, 06 Oktober 2026 01:11:00",NASA-SNPP,Medium,110.8224,-2.85697,False,False,False,False,False,False,Di Luar Area Pantauan (>1000m dari Desa)
Kendawangan,Natai Kuini,"Selasa, 06 Oktober 2026 01:11:00",NASA-SNPP,Medium,110.79737,-2.85642,False,False,False,False,False,False,Di Luar Area Pantauan (>1000m dari Desa)
Kendawangan,Natai Kuini,"Selasa, 06 Oktober 2026 01:11:00",NASA-SNPP,Medium,110.82887,-2.86142,False,False,False,False,False,False,Di Luar Area Pantauan (>1000m dari Desa)
Kendawangan,Natai Kuini,"Selasa, 06 Oktober 2026 01:11:00",NASA-SNPP,Medium,110.81137,-2.85865,False,False,False,False,False,False,Di Luar Area Pantauan (>1000m dari Desa)
Kendawangan,Air Hitam Besar,"Selasa, 06 Oktober 2026 01:11:00",NASA-SNPP,Medium,110.7203,-2.84419,False,False,False,False,False,False,Di Luar Area Pantauan (>1000m dari Desa)
Kendawangan,Air Hitam Besar,"Selasa, 06 Oktober 2026 01:11:00",NASA-SNPP,Medium,110.71679,-2.84363,False,False,False,False,False,False,Di Luar Area Pantauan (>1000m dari Desa)
Kendawangan,Natai Kuini,"Selasa, 06 Oktober 2026 01:11:00",NASA-SNPP,Medium,110.7187,-2.85424,False,False,False,False,False,False,Di Luar Area Pantauan (>1000m dari Desa)
Kendawangan,Pembedilan,"Selasa, 06 Oktober 2026 01:11:00",NASA-SNPP,Medium,110.47984,-2.80948,False,False,False,False,True,True,Di Luar Area Pantauan (>1000m dari Desa)
Kendawangan,Air Hitam Besar,"Selasa, 06 Oktober 2026 01:11:00",NASA-SNPP,Medium,110.71572,-2.85033,False,False,False,False,False,False,Di Luar Area Pantauan (>1000m dari Desa)
Kendawangan,Air Hitam Besar,"Selasa, 06 Oktober 2026 01:11:00",NASA-SNPP,Medium,110.71923,-2.85089,False,False,False,False,False,False,Di Luar Area Pantauan (>1000m dari Desa)
Kendawangan,Natai Kuini,"Selasa, 06 Oktober 2026 01:11:00",NASA-SNPP,Medium,110.72625,-2.852,False,False,False,False,False,False,Di Luar Area Pantauan (>1000m dari Desa)
Kendawangan,Pembedilan,"Selasa, 06 Oktober 2026 01:11:00",NASA-SNPP,Medium,110.47628,-2.80892,False,False,False,False,True,True,Di Luar Area Pantauan (>1000m dari Desa)
Kendawangan,Natai Kuini,"Selasa, 06 Oktober 2026 01:11:00",NASA-SNPP,Medium,110.72168,-2.85814,False,False,False,True,False,True,Di Luar Area Pantauan (>1000m dari Desa)
Kendawangan,Natai Kuini,"Selasa, 06 Oktober 2026 01:11:00",NASA-SNPP,Medium,110.7252,-2.8587,False,False,False,True,False,True,Di Luar Area Pantauan (>1000m dari Desa)
Kendawangan,Natai Kuini,"Selasa, 06 Oktober 2026 01:11:00",NASA-SNPP,Medium,110.74615,-2.86363,False,False,False,True,False,True,Di Luar Area Pantauan (>1000m dari Desa)
Kendawangan,Natai Kuini,"Selasa, 06 Oktober 2026 01:11:00",NASA-SNPP,Medium,110.74965,-2.86419,False,False,False,True,False,True,Di Luar Area Pantauan (>1000m dari Desa)
Kendawangan,Natai Kuini,"Selasa, 06 Oktober 2026 01:11:00",NASA-SNPP,Medium,110.73511,-2.86529,False,False,False,True,False,True,Di Luar Area Pantauan (>1000m dari Desa)
Kendawangan,Natai Kuini,"Selasa, 06 Oktober 2026 01:11:00",NASA-SNPP,Medium,110.74212,-2.86641,False,False,False,True,False,True,Di Luar Area Pantauan (>1000m dari Desa)
Kendawangan,Natai Kuini,"Selasa, 06 Oktober 2026 01:11:00",NASA-SNPP,Medium,110.73159,-2.86473,False,False,False,True,False,True,Di Luar Area Pantauan (>1000m dari Desa)
Kendawangan,Natai Kuini,"Selasa, 06 Oktober 2026 01:11:00",NASA-SNPP,Medium,110.72809,-2.86416,False,False,False,True,False,True,Di Luar Area Pantauan (>1000m dari Desa)
Kendawangan,Natai Kuini,"Selasa, 06 Oktober 2026 01:11:00",NASA-SNPP,Medium,110.75263,-2.8681,False,False,False,True,False,True,Di Luar Area Pantauan (>1000m dari Desa)
Kendawangan,Natai Kuini,"Selasa, 06 Oktober 2026 01:11:00",NASA-SNPP,Medium,110.74158,-2.86976,False,False,False,True,False,True,Di Luar Area Pantauan (>1000m dari Desa)
Kendawangan,Natai Kuini,"Selasa, 06 Oktober 2026 01:11:00",NASA-SNPP,Medium,110.7486,-2.87088,False,False,False,True,False,True,Di Luar Area Pantauan (>1000m dari Desa)
Kendawangan,Natai Kuini,"Selasa, 06 Oktober 2026 01:11:00",NASA-SNPP,Medium,110.70848,-2.87476,False,False,False,True,False,True,Di Luar Area Pantauan (>1000m dari Desa)
Kendawangan,Air Hitam Besar,"Selasa, 06 Oktober 2026 01:11:00",NASA-SNPP,Medium,110.69794,-2.87308,False,False,False,True,False,True,Di Luar Area Pantauan (>1000m dari Desa)
Kendawangan,Natai Kuini,"Selasa, 06 Oktober 2026 01:11:00",NASA-SNPP,Medium,110.69424,-2.89653,False,False,False,False,False,False,Di Luar Area Pantauan (>1000m dari Desa)
Kendawangan,Natai Kuini,"Selasa, 06 Oktober 2026 01:11:00",NASA-SNPP,Medium,110.69775,-2.89709,False,False,False,False,False,False,Di Luar Area Pantauan (>1000m dari Desa)
Kendawangan,Natai Kuini,"Selasa, 06 Oktober 2026 01:11:00",NASA-SNPP,Medium,110.69073,-2.89597,False,False,False,False,False,False,Di Luar Area Pantauan (>1000m dari Desa)
Kendawangan,Pembedilan,"Selasa, 06 Oktober 2026 01:11:00",NASA-SNPP,Medium,110.30711,-2.84157,False,False,False,True,True,True,Di Luar Area Pantauan (>1000m dari Desa)
Kendawangan,Pembedilan,"Selasa, 06 Oktober 2026 01:11:00",NASA-SNPP,Medium,110.30353,-2.841,False,False,False,True,True,True,Di Luar Area Pantauan (>1000m dari Desa)
Kendawangan,Natai Kuini,"Selasa, 06 Oktober 2026 01:11:00",NASA-SNPP,Medium,110.7193,-2.89709,False,False,False,True,False,True,Di Luar Area Pantauan (>1000m dari Desa)
Kendawangan,Natai Kuini,"Selasa, 06 Oktober 2026 01:11:00",NASA-SNPP,Medium,110.72631,-2.89821,False,False,False,False,False,False,Di Luar Area Pantauan (>1000m dari Desa)
Kendawangan,Natai Kuini,"Selasa, 06 Oktober 2026 01:11:00",NASA-SNPP,Medium,110.75158,-2.87479,False,False,False,True,False,True,Di Luar Area Pantauan (>1000m dari Desa)
Kendawangan,Air Hitam Besar,"Selasa, 06 Oktober 2026 01:11:00",NASA-SNPP,Medium,110.69847,-2.86972,False,False,False,True,False,True,Di Luar Area Pantauan (>1000m dari Desa)
Kendawangan,Pembedilan,"Selasa, 06 Oktober 2026 01:11:00",NASA-SNPP,Medium,110.30764,-2.83819,False,False,False,True,True,True,Di Luar Area Pantauan (>1000m dari Desa)
Kendawangan,Natai Kuini,"Selasa, 06 Oktober 2026 01:11:00",NASA-SNPP,Medium,110.70828,-2.89877,False,False,False,False,False,False,Di Luar Area Pantauan (>1000m dari Desa)
Kendawangan,Natai Kuini,"Selasa, 06 Oktober 2026 01:11:00",NASA-SNPP,Medium,110.70122,-2.89764,False,False,False,False,False,False,Di Luar Area Pantauan (>1000m dari Desa)
Kendawangan,Natai Kuini,"Selasa, 06 Oktober 2026 01:11:00",NASA-SNPP,Medium,110.69722,-2.90044,False,False,False,False,False,False,Di Luar Area Pantauan (>1000m dari Desa)
Kendawangan,Natai Kuini,"Selasa, 06 Oktober 2026 01:11:00",NASA-SNPP,Medium,110.69371,-2.89988,False,False,False,False,False,False,Di Luar Area Pantauan (>1000m dari Desa)
Kendawangan,Air Tarap,"Selasa, 06 Oktober 2026 01:11:00",NASA-SNPP,Medium,110.86105,-2.54158,False,False,False,False,False,False,Di Luar Area Pantauan (>1000m dari Desa)
Kendawangan,Danau Buntar,"Selasa, 06 Oktober 2026 01:11:00",NASA-SNPP,Medium,110.87908,-2.54101,False,False,False,False,False,False,Di Luar Area Pantauan (>1000m dari Desa)
Kendawangan,Seriam,"Selasa, 06 Oktober 2026 01:11:00",NASA-SNPP,Medium,110.29819,-2.66184,False,False,False,False,True,True,Di Luar Area Pantauan (>1000m dari Desa)
Kendawangan,Airhitam Hulu,"Selasa, 06 Oktober 2026 01:11:00",NASA-SNPP,Medium,110.6894,-2.62628,False,False,False,False,False,False,Di Luar Area Pantauan (>1000m dari Desa)
Manis Mata,Seguling,"Selasa, 06 Oktober 2026 01:11:00",NASA-SNPP,Medium,111.10949,-2.66557,False,False,False,True,False,True,Di Luar Area Pantauan (>1000m dari Desa)
Manis Mata,Seguling,"Selasa, 06 Oktober 2026 01:11:00",NASA-SNPP,Medium,111.10758,-2.65501,False,False,False,True,False,True,Di Luar Area Pantauan (>1000m dari Desa)
Manis Mata,Jambi,"Selasa, 06 Oktober 2026 01:11:00",NASA-SNPP,Medium,110.96769,-2.70655,False,False,False,False,False,False,Di Luar Area Pantauan (>1000m dari Desa)
Manis Mata,Seguling,"Selasa, 06 Oktober 2026 01:11:00",NASA-SNPP,Medium,111.11053,-2.6589,False,False,False,True,False,True,Di Luar Area Pantauan (>1000m dari Desa)
Kendawangan,Natai Kuini,"Selasa, 06 Oktober 2026 01:11:00",NASA-SNPP,Medium,110.814,-2.84192,False,False,False,False,True,True,Di Luar Area Pantauan (>1000m dari Desa)
Kendawangan,Natai Kuini,"Selasa, 06 Oktober 2026 01:11:00",NASA-SNPP,Medium,110.81051,-2.84137,False,False,False,False,True,True,Di Luar Area Pantauan (>1000m dari Desa)
Kendawangan,Seriam,"Selasa, 06 Oktober 2026 01:11:00",NASA-SNPP,Medium,110.32702,-2.64216,False,False,False,False,True,True,Di Luar Area Pantauan (>1000m dari Desa)
Kendawangan,Air Hitam Besar,"Selasa, 06 Oktober 2026 01:11:00",NASA-SNPP,Medium,110.74629,-2.79339,False,False,False,True,False,True,Di Luar Area Pantauan (>1000m dari Desa)
Kendawangan,Natai Kuini,"Selasa, 06 Oktober 2026 01:11:00",NASA-SNPP,Medium,110.92236,-2.79067,False,False,True,True,False,True,Di Luar Area Pantauan (>1000m dari Desa)
Kendawangan,Air Hitam Besar,"Selasa, 06 Oktober 2026 01:11:00",NASA-SNPP,Medium,110.79795,-2.78449,False,False,True,True,True,True,Di Luar Area Pantauan (>1000m dari Desa)
Kendawangan,Air Hitam Besar,"Selasa, 06 Oktober 2026 01:11:00",NASA-SNPP,Medium,110.71664,-2.79896,False,False,False,False,False,False,Di Luar Area Pantauan (>1000m dari Desa)
Kendawangan,Air Hitam Besar,"Selasa, 06 Oktober 2026 01:11:00",NASA-SNPP,Medium,110.72856,-2.8146,False,False,False,False,False,False,Di Luar Area Pantauan (>1000m dari Desa)
Kendawangan,Air Hitam Besar,"Selasa, 06 Oktober 2026 01:11:00",NASA-SNPP,Medium,110.74927,-2.7973,False,False,False,True,False,True,Di Luar Area Pantauan (>1000m dari Desa)
Kendawangan,Air Hitam Besar,"Selasa, 06 Oktober 2026 01:11:00",NASA-SNPP,Medium,110.74226,-2.79618,False,False,False,True,False,True,Di Luar Area Pantauan (>1000m dari Desa)
Kendawangan,Air Hitam Besar,"Selasa, 06 Oktober 2026 01:11:00",NASA-SNPP,Medium,110.72505,-2.81404,False,False,False,False,False,False,Di Luar Area Pantauan (>1000m dari Desa)
Kendawangan,Air Hitam Besar,"Selasa, 06 Oktober 2026 01:11:00",NASA-SNPP,Medium,110.72418,-2.79673,False,False,False,False,False,False,Di Luar Area Pantauan (>1000m dari Desa)
Kendawangan,Natai Kuini,"Selasa, 06 Oktober 2026 01:11:00",NASA-SNPP,Medium,110.83553,-2.84191,False,False,False,False,True,True,Di Luar Area Pantauan (>1000m dari Desa)
Kendawangan,Pembedilan,"Selasa, 06 Oktober 2026 01:11:00",NASA-SNPP,Medium,110.47735,-2.80219,False,False,False,False,True,True,Di Luar Area Pantauan (>1000m dari Desa)
Kendawangan,Pembedilan,"Selasa, 06 Oktober 2026 01:11:00",NASA-SNPP,Medium,110.47788,-2.79882,False,False,False,False,True,True,Di Luar Area Pantauan (>1000m dari Desa)
Kendawangan,Natai Kuini,"Selasa, 06 Oktober 2026 01:11:00",NASA-SNPP,Medium,110.81242,-2.85196,False,False,False,False,False,False,Di Luar Area Pantauan (>1000m dari Desa)
Kendawangan,Natai Kuini,"Selasa, 06 Oktober 2026 01:11:00",NASA-SNPP,Medium,110.82292,-2.85362,False,False,False,False,True,True,Di Luar Area Pantauan (>1000m dari Desa)
Kendawangan,Pembedilan,"Selasa, 06 Oktober 2026 01:11:00",NASA-SNPP,Medium,110.48036,-2.80612,False,False,False,False,True,True,Di Luar Area Pantauan (>1000m dari Desa)
Kendawangan,Natai Kuini,"Selasa, 06 Oktober 2026 01:11:00",NASA-SNPP,Medium,110.82642,-2.85418,False,False,False,False,True,True,Di Luar Area Pantauan (>1000m dari Desa)
Kendawangan,Air Hitam Besar,"Selasa, 06 Oktober 2026 01:11:00",NASA-SNPP,Medium,110.71976,-2.84754,False,False,False,False,False,False,Di Luar Area Pantauan (>1000m dari Desa)
Kendawangan,Air Hitam Besar,"Selasa, 06 Oktober 2026 01:11:00",NASA-SNPP,Medium,110.71625,-2.84698,False,False,False,False,False,False,Di Luar Area Pantauan (>1000m dari Desa)
Kendawangan,Pembedilan,"Selasa, 06 Oktober 2026 01:11:00",NASA-SNPP,Medium,110.47433,-2.79826,False,False,False,False,True,True,Di Luar Area Pantauan (>1000m dari Desa)
Kendawangan,Natai Kuini,"Selasa, 06 Oktober 2026 01:11:00",NASA-SNPP,Medium,110.72865,-2.85925,False,False,False,True,False,True,Di Luar Area Pantauan (>1000m dari Desa)
Kendawangan,Natai Kuini,"Selasa, 06 Oktober 2026 01:11:00",NASA-SNPP,Medium,110.74509,-2.87032,False,False,False,True,False,True,Di Luar Area Pantauan (>1000m dari Desa)
Kendawangan,Natai Kuini,"Selasa, 06 Oktober 2026 01:11:00",NASA-SNPP,Medium,110.7497,-2.86259,False,False,False,True,False,True,Di Luar Area Pantauan (>1000m dari Desa)
Kendawangan,Natai Kuini,"Selasa, 06 Oktober 2026 01:11:00",NASA-SNPP,Medium,110.73917,-2.86092,False,False,False,True,False,True,Di Luar Area Pantauan (>1000m dari Desa)
Kendawangan,Natai Kuini,"Selasa, 06 Oktober 2026 01:11:00",NASA-SNPP,Medium,110.72861,-2.86082,False,False,False,True,False,True,Di Luar Area Pantauan (>1000m dari Desa)
Kendawangan,Natai Kuini,"Selasa, 06 Oktober 2026 01:11:00",NASA-SNPP,Medium,110.69635,-2.88313,False,False,False,True,False,True,Di Luar Area Pantauan (>1000m dari Desa)
Kendawangan,Natai Kuini,"Selasa, 06 Oktober 2026 01:11:00",NASA-SNPP,Medium,110.7004,-2.88034,False,False,False,True,False,True,Di Luar Area Pantauan (>1000m dari Desa)
Kendawangan,Natai Kuini,"Selasa, 06 Oktober 2026 01:11:00",NASA-SNPP,Medium,110.7216,-2.85969,False,False,False,True,False,True,Di Luar Area Pantauan (>1000m dari Desa)
Kendawangan,Natai Kuini,"Selasa, 06 Oktober 2026 01:11:00",NASA-SNPP,Medium,110.72511,-2.86025,False,False,False,True,False,True,Di Luar Area Pantauan (>1000m dari Desa)
Kendawangan,Natai Kuini,"Selasa, 06 Oktober 2026 01:11:00",NASA-SNPP,Medium,110.73212,-2.86138,False,False,False,True,False,True,Di Luar Area Pantauan (>1000m dari Desa)
Kendawangan,Natai Kuini,"Selasa, 06 Oktober 2026 01:11:00",NASA-SNPP,Medium,110.73914,-2.8625,False,False,False,True,False,True,Di Luar Area Pantauan (>1000m dari Desa)
Kendawangan,Natai Kuini,"Selasa, 06 Oktober 2026 01:11:00",NASA-SNPP,Medium,110.74562,-2.86697,False,False,False,True,False,True,Di Luar Area Pantauan (>1000m dari Desa)
Kendawangan,Natai Kuini,"Selasa, 06 Oktober 2026 01:11:00",NASA-SNPP,Medium,110.73861,-2.86585,False,False,False,True,False,True,Di Luar Area Pantauan (>1000m dari Desa)
Kendawangan,Natai Kuini,"Selasa, 06 Oktober 2026 01:11:00",NASA-SNPP,Medium,110.75613,-2.86866,False,False,False,True,False,True,Di Luar Area Pantauan (>1000m dari Desa)
Kendawangan,Natai Kuini,"Selasa, 06 Oktober 2026 01:11:00",NASA-SNPP,Medium,110.72108,-2.86304,False,False,False,True,False,True,Di Luar Area Pantauan (>1000m dari Desa)
Kendawangan,Natai Kuini,"Selasa, 06 Oktober 2026 01:11:00",NASA-SNPP,Medium,110.75211,-2.87145,False,False,False,True,False,True,Di Luar Area Pantauan (>1000m dari Desa)
Kendawangan,Natai Kuini,"Selasa, 06 Oktober 2026 01:11:00",NASA-SNPP,Medium,110.72221,-2.8548,False,False,False,False,False,False,Di Luar Area Pantauan (>1000m dari Desa)
Kendawangan,Natai Kuini,"Selasa, 06 Oktober 2026 01:11:00",NASA-SNPP,Medium,110.74321,-2.85813,False,False,False,True,False,True,Di Luar Area Pantauan (>1000m dari Desa)
Kendawangan,Natai Kuini,"Selasa, 06 Oktober 2026 01:11:00",NASA-SNPP,Medium,110.72572,-2.85535,False,False,False,False,False,False,Di Luar Area Pantauan (>1000m dari Desa)
Kendawangan,Natai Kuini,"Selasa, 06 Oktober 2026 01:11:00",NASA-SNPP,Medium,110.73567,-2.86036,False,False,False,True,False,True,Di Luar Area Pantauan (>1000m dari Desa)
Kendawangan,Natai Kuini,"Selasa, 06 Oktober 2026 01:11:00",NASA-SNPP,Medium,110.74619,-2.86203,False,False,False,True,False,True,Di Luar Area Pantauan (>1000m dari Desa)
Kendawangan,Natai Kuini,"Selasa, 06 Oktober 2026 01:11:00",NASA-SNPP,Medium,110.80787,-2.85809,False,False,False,False,False,False,Di Luar Area Pantauan (>1000m dari Desa)
Kendawangan,Natai Kuini,"Selasa, 06 Oktober 2026 01:11:00",NASA-SNPP,Medium,110.82939,-2.85808,False,False,False,False,True,True,Di Luar Area Pantauan (>1000m dari Desa)
Kendawangan,Natai Kuini,"Selasa, 06 Oktober 2026 01:11:00",NASA-SNPP,Medium,110.83289,-2.85863,False,False,False,False,True,True,Di Luar Area Pantauan (>1000m dari Desa)
Kendawangan,Air Hitam Besar,"Selasa, 06 Oktober 2026 01:11:00",NASA-SNPP,Medium,110.72327,-2.8481,False,False,False,False,False,False,Di Luar Area Pantauan (>1000m dari Desa)
Kendawangan,Natai Kuini,"Selasa, 06 Oktober 2026 01:11:00",NASA-SNPP,Medium,110.79492,-2.84918,False,False,False,False,False,False,Di Luar Area Pantauan (>1000m dari Desa)
Kendawangan,Natai Kuini,"Selasa, 06 Oktober 2026 01:11:00",NASA-SNPP,Medium,110.82992,-2.85473,False,False,False,False,True,True,Di Luar Area Pantauan (>1000m dari Desa)
Kendawangan,Air Hitam Besar,"Selasa, 06 Oktober 2026 01:11:00",NASA-SNPP,Medium,110.71366,-2.79505,False,False,False,False,False,False,Di Luar Area Pantauan (>1000m dari Desa)
Kendawangan,Air Hitam Besar,"Selasa, 06 Oktober 2026 01:11:00",NASA-SNPP,Medium,110.71313,-2.7984,False,False,False,False,False,False,Di Luar Area Pantauan (>1000m dari Desa)
Kendawangan,Air Hitam Besar,"Selasa, 06 Oktober 2026 01:11:00",NASA-SNPP,Medium,110.7277,-2.79729,False,False,False,False,False,False,Di Luar Area Pantauan (>1000m dari Desa)
Kendawangan,Air Hitam Besar,"Selasa, 06 Oktober 2026 01:11:00",NASA-SNPP,Medium,110.70961,-2.79784,False,False,False,False,False,False,Di Luar Area Pantauan (>1000m dari Desa)
Kendawangan,Air Hitam Besar,"Selasa, 06 Oktober 2026 01:11:00",NASA-SNPP,Medium,110.73419,-2.80176,False,False,False,False,False,False,Di Luar Area Pantauan (>1000m dari Desa)
Kendawangan,Air Hitam Besar,"Selasa, 06 Oktober 2026 01:11:00",NASA-SNPP,Medium,110.73472,-2.79841,False,False,False,True,False,True,Di Luar Area Pantauan (>1000m dari Desa)
Kendawangan,Air Hitam Besar,"Selasa, 06 Oktober 2026 01:11:00",NASA-SNPP,Medium,110.72313,-2.80343,False,False,False,False,False,False,Di Luar Area Pantauan (>1000m dari Desa)
Kendawangan,Pembedilan,"Selasa, 06 Oktober 2026 01:11:00",NASA-SNPP,Medium,110.43506,-2.74711,False,False,False,False,True,True,Di Luar Area Pantauan (>1000m dari Desa)
Kendawangan,Natai Kuini,"Selasa, 06 Oktober 2026 01:11:00",NASA-SNPP,Medium,110.945,-2.82852,False,False,False,True,False,True,Di Luar Area Pantauan (>1000m dari Desa)
Kendawangan,Air Hitam Besar,"Selasa, 06 Oktober 2026 01:11:00",NASA-SNPP,Medium,110.71505,-2.80901,False,False,False,False,False,False,Di Luar Area Pantauan (>1000m dari Desa)
Kendawangan,Air Hitam Besar,"Selasa, 06 Oktober 2026 01:11:00",NASA-SNPP,Medium,110.7226,-2.80678,False,False,False,False,False,False,Di Luar Area Pantauan (>1000m dari Desa)
Kendawangan,Air Hitam Besar,"Selasa, 06 Oktober 2026 01:11:00",NASA-SNPP,Medium,110.71909,-2.80622,False,False,False,False,False,False,Di Luar Area Pantauan (>1000m dari Desa)
Kendawangan,Seriam,"Selasa, 06 Oktober 2026 01:11:00",NASA-SNPP,Medium,110.33044,-2.66696,False,False,False,False,True,True,Di Luar Area Pantauan (>1000m dari Desa)
Kendawangan,Air Hitam Besar,"Selasa, 06 Oktober 2026 01:11:00",NASA-SNPP,Medium,110.72665,-2.80399,False,False,False,False,False,False,Di Luar Area Pantauan (>1000m dari Desa)
Kendawangan,Air Hitam Besar,"Selasa, 06 Oktober 2026 01:11:00",NASA-SNPP,Medium,110.80553,-2.78227,False,False,False,True,True,True,Di Luar Area Pantauan (>1000m dari Desa)
Kendawangan,Air Hitam Besar,"Selasa, 06 Oktober 2026 01:11:00",NASA-SNPP,Medium,110.7498,-2.79395,False,False,False,True,False,True,Di Luar Area Pantauan (>1000m dari Desa)
Kendawangan,Seriam,"Selasa, 06 Oktober 2026 01:11:00",NASA-SNPP,Medium,110.33007,-2.64611,False,False,False,False,True,True,Di Luar Area Pantauan (>1000m dari Desa)
Kendawangan,Airhitam Hulu,"Selasa, 06 Oktober 2026 01:11:00",NASA-SNPP,Medium,110.68588,-2.62572,False,False,False,False,False,False,Di Luar Area Pantauan (>1000m dari Desa)
Manis Mata,Seguling,"Selasa, 06 Oktober 2026 01:11:00",NASA-SNPP,Medium,111.10706,-2.65835,False,False,False,True,False,True,Di Luar Area Pantauan (>1000m dari Desa)
Kendawangan,Airhitam Hulu,"Selasa, 06 Oktober 2026 01:11:00",NASA-SNPP,Medium,110.68535,-2.62908,False,False,False,False,False,False,Di Luar Area Pantauan (>1000m dari Desa)
Manis Mata,Seguling,"Selasa, 06 Oktober 2026 01:11:00",NASA-SNPP,Medium,111.11001,-2.66223,False,False,False,True,False,True,Di Luar Area Pantauan (>1000m dari Desa)
Kendawangan,Airhitam Hulu,"Selasa, 06 Oktober 2026 01:11:00",NASA-SNPP,Medium,110.68887,-2.62963,False,False,False,False,False,False,Di Luar Area Pantauan (>1000m dari Desa)
Kendawangan,Danau Buntar,"Selasa, 06 Oktober 2026 01:11:00",NASA-SNPP,Medium,110.8796,-2.53766,False,False,False,False,False,False,Di Luar Area Pantauan (>1000m dari Desa)
Kendawangan,Air Tarap,"Selasa, 06 Oktober 2026 01:11:00",NASA-SNPP,Medium,110.87558,-2.54045,False,False,False,False,False,False,Di Luar Area Pantauan (>1000m dari Desa)
Kendawangan,Natai Kuini,"Selasa, 06 Oktober 2026 01:11:00",NASA-SNPP,Medium,110.70473,-2.8982,False,False,False,False,False,False,Di Luar Area Pantauan (>1000m dari Desa)
Kendawangan,Pembedilan,"Selasa, 06 Oktober 2026 01:11:00",NASA-SNPP,Medium,110.31123,-2.83876,False,False,False,True,True,True,Di Luar Area Pantauan (>1000m dari Desa)
Kendawangan,Natai Kuini,"Selasa, 06 Oktober 2026 01:11:00",NASA-SNPP,Medium,110.69689,-2.87978,False,False,False,True,False,True,Di Luar Area Pantauan (>1000m dari Desa)
Kendawangan,Natai Kuini,"Selasa, 06 Oktober 2026 01:11:00",NASA-SNPP,Medium,110.75561,-2.87201,False,False,False,True,False,True,Di Luar Area Pantauan (>1000m dari Desa)
Kendawangan,Natai Kuini,"Selasa, 06 Oktober 2026 01:11:00",NASA-SNPP,Medium,110.73808,-2.8692,False,False,False,True,False,True,Di Luar Area Pantauan (>1000m dari Desa)
Kendawangan,Natai Kuini,"Selasa, 06 Oktober 2026 01:11:00",NASA-SNPP,Medium,110.68909,-2.90601,False,False,False,False,False,False,Di Luar Area Pantauan (>1000m dari Desa)
Kendawangan,Pembedilan,"Selasa, 06 Oktober 2026 01:11:00",NASA-SNPP,Medium,110.30658,-2.84495,False,False,False,True,True,True,Di Luar Area Pantauan (>1000m dari Desa)
Kendawangan,Natai Kuini,"Selasa, 06 Oktober 2026 01:11:00",NASA-SNPP,Medium,110.69019,-2.89932,False,False,False,False,False,False,Di Luar Area Pantauan (>1000m dari Desa)
Kendawangan,Natai Kuini,"Selasa, 06 Oktober 2026 01:11:00",NASA-SNPP,Medium,110.70069,-2.90099,False,False,False,False,False,False,Di Luar Area Pantauan (>1000m dari Desa)
Kendawangan,Natai Kuini,"Selasa, 06 Oktober 2026 01:11:00",NASA-SNPP,Medium,110.74265,-2.86306,False,False,False,True,False,True,Di Luar Area Pantauan (>1000m dari Desa)
Kendawangan,Natai Kuini,"Selasa, 06 Oktober 2026 01:11:00",NASA-SNPP,Medium,110.73971,-2.85757,False,False,False,True,False,True,Di Luar Area Pantauan (>1000m dari Desa)
Kendawangan,Natai Kuini,"Selasa, 06 Oktober 2026 01:11:00",NASA-SNPP,Medium,110.73563,-2.86194,False,False,False,True,False,True,Di Luar Area Pantauan (>1000m dari Desa)
Kendawangan,Natai Kuini,"Selasa, 06 Oktober 2026 01:11:00",NASA-SNPP,Medium,110.74268,-2.86148,False,False,False,True,False,True,Di Luar Area Pantauan (>1000m dari Desa)
Kendawangan,Natai Kuini,"Selasa, 06 Oktober 2026 01:11:00",NASA-SNPP,Medium,110.81889,-2.85641,False,False,False,False,False,False,Di Luar Area Pantauan (>1000m dari Desa)
Kendawangan,Natai Kuini,"Selasa, 06 Oktober 2026 01:11:00",NASA-SNPP,Medium,110.80437,-2.85754,False,False,False,False,False,False,Di Luar Area Pantauan (>1000m dari Desa)
Kendawangan,Air Tarap,"Senin, 05 Oktober 2026 15:28:00",NASA-MODIS,Medium,110.88533,-2.4726,False,False,False,False,False,False,Di Luar Area Pantauan (>1000m dari Desa)
Kendawangan,Pembedilan,"Senin, 05 Oktober 2026 15:28:00",NASA-MODIS,Medium,110.31297,-2.83543,False,False,False,False,True,True,Di Luar Area Pantauan (>1000m dari Desa)
Sungai Tebelian,Bonet Lama,"Senin, 05 Oktober 2026 15:28:00",NASA-MODIS,Medium,111.50188,-0.21163,False,False,False,False,False,False,Di Luar Area Pantauan (>1000m dari Desa)
Matan Hilir Utara,Lamon Satong,"Senin, 05 Oktober 2026 15:28:00",NASA-MODIS,Medium,110.27729,-1.41697,False,False,True,False,False,True,Di Luar Area Pantauan (>1000m dari Desa)
Tumbang Titi,Batu Beransak,"Senin, 05 Oktober 2026 15:28:00",NASA-MODIS,Medium,110.6997,-1.82674,False,False,False,False,False,False,Di Luar Area Pantauan (>1000m dari Desa)
Hulu Sungai,Riam Dadap,"Senin, 05 Oktober 2026 15:28:00",NASA-MODIS,Medium,110.7993,-1.20082,False,False,False,False,False,False,Di Luar Area Pantauan (>1000m dari Desa)
Muara Pawan,Ulak Medang,"Senin, 05 Oktober 2026 15:28:00",NASA-MODIS,Medium,110.29216,-1.56265,False,False,True,True,False,True,Di Luar Area Pantauan (>1000m dari Desa)
Dedai,Kumpang,"Senin, 05 Oktober 2026 15:28:00",NASA-MODIS,Medium,111.7729,-0.03755,False,False,False,False,False,False,Di Luar Area Pantauan (>1000m dari Desa)
Tumbang Titi,Serengkah Kanan,"Senin, 05 Oktober 2026 15:28:00",NASA-MODIS,Medium,110.77951,-1.76785,False,False,True,False,False,True,Di Luar Area Pantauan (>1000m dari Desa)
Kendawangan,Sungai Jelayan,"Senin, 05 Oktober 2026 15:28:00",NASA-MODIS,Medium,110.44632,-2.06735,False,False,False,False,False,False,Di Luar Area Pantauan (>1000m dari Desa)
Manis Mata,Suka Ramai,"Senin, 05 Oktober 2026 15:28:00",NASA-MODIS,Medium,111.10583,-2.75392,False,False,False,False,False,False,Di Luar Area Pantauan (>1000m dari Desa)
Simpang Dua,Kampar Sebomban,"Senin, 05 Oktober 2026 15:28:00",NASA-MODIS,Medium,110.30003,-0.84993,False,False,False,False,False,False,Di Luar Area Pantauan (>1000m dari Desa)
Dedai,Empaci,"Senin, 05 Oktober 2026 15:30:00",NASA-MODIS,Medium,111.73088,0.04772,False,False,False,False,False,False,Di Luar Area Pantauan (>1000m dari Desa)
Kendawangan,Natai Kuini,"Senin, 05 Oktober 2026 15:28:00",NASA-MODIS,Medium,110.82089,-2.84321,False,False,False,False,True,True,Di Luar Area Pantauan (>1000m dari Desa)
Sandai,Petai Patah,"Senin, 05 Oktober 2026 15:28:00",NASA-MODIS,Medium,110.62928,-1.18033,False,False,False,False,False,False,Di Luar Area Pantauan (>1000m dari Desa)
Kendawangan,Natai Kuini,"Senin, 05 Oktober 2026 15:28:00",NASA-MODIS,Medium,110.75504,-2.88072,False,False,False,False,False,False,Di Luar Area Pantauan (>1000m dari Desa)
Kendawangan,Natai Kuini,"Senin, 05 Oktober 2026 15:28:00",NASA-MODIS,Medium,110.83047,-2.8418,False,False,False,False,True,True,Di Luar Area Pantauan (>1000m dari Desa)
Kendawangan,Air Tarap,"Senin, 05 Oktober 2026 15:28:00",NASA-MODIS,Medium,110.85756,-2.55197,False,False,False,False,False,False,Di Luar Area Pantauan (>1000m dari Desa)
Kendawangan,Seriam,"Senin, 05 Oktober 2026 15:28:00",NASA-MODIS,Medium,110.33295,-2.67503,False,False,False,False,True,True,Di Luar Area Pantauan (>1000m dari Desa)
Kendawangan,Natai Kuini,"Senin, 05 Oktober 2026 15:28:00",NASA-MODIS,Medium,110.92129,-2.79088,False,False,True,True,False,True,Di Luar Area Pantauan (>1000m dari Desa)
Tumbang Titi,Batu Tajam,"Senin, 05 Oktober 2026 15:28:00",NASA-MODIS,Medium,110.59122,-1.82402,False,False,False,False,False,False,Di Luar Area Pantauan (>1000m dari Desa)
Tumbang Titi,Batu Beransak,"Senin, 05 Oktober 2026 15:28:00",NASA-MODIS,Medium,110.70921,-1.82534,False,False,False,False,False,False,Di Luar Area Pantauan (>1000m dari Desa)
Nanga Tayap,Batu Mas,"Senin, 05 Oktober 2026 15:28:00",NASA-MODIS,Medium,110.65223,-1.65835,False,False,True,False,False,True,Di Luar Area Pantauan (>1000m dari Desa)
Ngabang,Penyaho Dangku,"Senin, 05 Oktober 2026 15:30:00",NASA-MODIS,Medium,109.78465,0.45961,False,False,False,False,False,False,Di Luar Area Pantauan (>1000m dari Desa)
Kendawangan,Air Tarap,"Senin, 05 Oktober 2026 15:28:00",NASA-MODIS,Medium,110.85619,-2.54278,False,False,False,False,False,False,Di Luar Area Pantauan (>1000m dari Desa)
Pinoh Utara,Merpak,"Senin, 05 Oktober 2026 15:28:00",NASA-MODIS,Medium,111.94315,-0.20698,False,False,False,False,False,False,Di Luar Area Pantauan (>1000m dari Desa)
Sepauk,Sinar Harapan,"Senin, 05 Oktober 2026 15:30:00",NASA-MODIS,Medium,111.15435,0.04448,False,False,False,False,False,False,Di Luar Area Pantauan (>1000m dari Desa)
Belimbing,Upit,"Senin, 05 Oktober 2026 15:28:00",NASA-MODIS,Medium,111.42551,-0.3776,False,False,False,False,False,False,Di Luar Area Pantauan (>1000m dari Desa)
Tumbang Titi,Batu Tajam,"Senin, 05 Oktober 2026 15:28:00",NASA-MODIS,Medium,110.58167,-1.82544,False,False,False,False,False,False,Di Luar Area Pantauan (>1000m dari Desa)
Matan Hilir Utara,Lamon Satong,"Senin, 05 Oktober 2026 19:49:00",NASA-MODIS,Medium,110.27545,-1.42328,False,False,True,False,False,True,Di Luar Area Pantauan (>1000m dari Desa)
Nanga Tayap,Cegolak,"Senin, 05 Oktober 2026 15:28:00",NASA-MODIS,Medium,110.73389,-1.60869,False,False,True,False,False,True,Di Luar Area Pantauan (>1000m dari Desa)
Muara Pawan,Tanjung Pura,"Senin, 05 Oktober 2026 15:28:00",NASA-MODIS,Medium,110.22971,-1.67426,False,False,True,True,False,True,Di Luar Area Pantauan (>1000m dari Desa)
Sandai,Pendamaran Indah,"Senin, 05 Oktober 2026 15:28:00",NASA-MODIS,Medium,110.59228,-1.03758,False,False,False,False,False,False,Di Luar Area Pantauan (>1000m dari Desa)
Tumbang Titi,Batu Beransak,"Senin, 05 Oktober 2026 15:28:00",NASA-MODIS,Medium,110.71871,-1.82394,False,False,False,False,False,False,Di Luar Area Pantauan (>1000m dari Desa)
Sepauk,Sepulut,"Senin, 05 Oktober 2026 15:30:00",NASA-MODIS,Medium,111.19371,0.00095,False,False,False,False,False,False,Di Luar Area Pantauan (>1000m dari Desa)
Kendawangan,Pembedilan,"Senin, 05 Oktober 2026 15:28:00",NASA-MODIS,Medium,110.48947,-2.81816,False,False,False,False,True,True,Di Luar Area Pantauan (>1000m dari Desa)
Matan Hilir Selatan,Sungai Nanjung,"Senin, 05 Oktober 2026 15:28:00",NASA-MODIS,Medium,110.18839,-2.14193,False,False,True,True,False,True,Di Luar Area Pantauan (>1000m dari Desa)
Nanga Tayap,Betenung,"Senin, 05 Oktober 2026 15:28:00",NASA-MODIS,Medium,110.86485,-1.6177,False,False,True,False,False,True,Di Luar Area Pantauan (>1000m dari Desa)
Belimbing,Nusa Kenyikap,"Senin, 05 Oktober 2026 15:28:00",NASA-MODIS,High,111.64485,-0.43633,False,False,False,False,False,False,Di Luar Area Pantauan (>1000m dari Desa)
Muara Pawan,Tanjung Pura,"Senin, 05 Oktober 2026 15:28:00",NASA-MODIS,High,110.22043,-1.67563,False,False,True,True,False,True,Di Luar Area Pantauan (>1000m dari Desa)
Pemahan,Kerta Baru,"Senin, 05 Oktober 2026 15:28:00",NASA-MODIS,High,110.63143,-1.74376,False,False,False,False,False,False,Di Luar Area Pantauan (>1000m dari Desa)
Matan Hilir Utara,Lamon Satong,"Senin, 05 Oktober 2026 19:49:00",NASA-MODIS,High,110.26829,-1.41731,False,False,True,False,False,True,Di Luar Area Pantauan (>1000m dari Desa)
Nanga Tayap,Betenung,"Senin, 05 Oktober 2026 15:28:00",NASA-MODIS,High,110.80877,-1.55182,False,False,True,False,False,True,Di Luar Area Pantauan (>1000m dari Desa)
Simpang Dua,Gema,"Senin, 05 Oktober 2026 15:28:00",NASA-MODIS,High,110.41544,-0.92598,False,False,False,False,True,True,Di Luar Area Pantauan (>1000m dari Desa)
Kendawangan,Pembedilan,"Senin, 05 Oktober 2026 15:28:00",NASA-MODIS,High,110.48019,-2.81956,False,False,False,False,True,True,Di Luar Area Pantauan (>1000m dari Desa)
Belimbing,Nusa Kenyikap,"Senin, 05 Oktober 2026 15:28:00",NASA-MODIS,High,111.63339,-0.43805,False,False,False,False,False,False,Di Luar Area Pantauan (>1000m dari Desa)
Nanga Tayap,Betenung,"Senin, 05 Oktober 2026 15:28:00",NASA-MODIS,High,110.79904,-1.55325,False,False,True,False,False,True,Di Luar Area Pantauan (>1000m dari Desa)
Kendawangan,Air Hitam Besar,"Senin, 05 Oktober 2026 19:46:00",NASA-MODIS,High,110.71401,-2.79107,False,False,False,False,False,False,Di Luar Area Pantauan (>1000m dari Desa)
Kendawangan,Air Hitam Besar,"Senin, 05 Oktober 2026 15:28:00",NASA-MODIS,High,110.73774,-2.80885,False,False,False,True,False,True,Di Luar Area Pantauan (>1000m dari Desa)
Nanga Tayap,Cegolak,"Senin, 05 Oktober 2026 15:28:00",NASA-MODIS,High,110.74366,-1.60723,False,False,True,False,False,True,Di Luar Area Pantauan (>1000m dari Desa)
Matan Hilir Utara,Lamon Satong,"Senin, 05 Oktober 2026 15:28:00",NASA-MODIS,High,110.26788,-1.41836,False,False,False,False,False,False,Di Luar Area Pantauan (>1000m dari Desa)
Tumbang Titi,Batu Beransak,"Senin, 05 Oktober 2026 15:28:00",NASA-MODIS,High,110.69421,-1.78999,False,False,False,False,False,False,Di Luar Area Pantauan (>1000m dari Desa)
Belitang Hulu,Ijuk,"Senin, 05 Oktober 2026 15:30:00",NASA-MODIS,High,111.09584,0.34603,False,False,False,False,False,False,Di Luar Area Pantauan (>1000m dari Desa)
Sandai,Demit,"Senin, 05 Oktober 2026 15:28:00",NASA-MODIS,High,110.63903,-1.17889,False,False,False,False,False,False,Di Luar Area Pantauan (>1000m dari Desa)
Kendawangan,Natai Kuini,"Senin, 05 Oktober 2026 19:46:00",NASA-MODIS,High,110.82087,-2.85425,False,False,False,False,False,False,Di Luar Area Pantauan (>1000m dari Desa)
Kendawangan,Natai Kuini,"Senin, 05 Oktober 2026 15:28:00",NASA-MODIS,High,110.8031,-2.78976,False,False,False,True,True,True,Di Luar Area Pantauan (>1000m dari Desa)
Kendawangan,Seriam,"Senin, 05 Oktober 2026 14:07:00",NASA-SNPP,High,110.32861,-2.64475,False,False,False,False,True,True,Di Luar Area Pantauan (>1000m dari Desa)
Kendawangan,Air Hitam Besar,"Senin, 05 Oktober 2026 19:46:00",NASA-MODIS,High,110.72335,-2.81189,False,False,False,False,False,False,Di Luar Area Pantauan (>1000m dari Desa)
Sandai,Demit,"Senin, 05 Oktober 2026 12:27:00",NASA-SNPP,High,110.65963,-1.18571,False,False,False,False,False,False,Di Luar Area Pantauan (>1000m dari Desa)
Kendawangan,Natai Kuini,"Selasa, 06 Oktober 2026 01:11:00",NASA-SNPP,High,110.81539,-2.85586,False,False,False,False,False,False,Di Luar Area Pantauan (>1000m dari Desa)
Kendawangan,Air Tarap,"Senin, 05 Oktober 2026 14:07:00",NASA-SNPP,High,110.86341,-2.54077,False,False,False,False,False,False,Di Luar Area Pantauan (>1000m dari Desa)
Hulu Sungai,Senduruhan,"Senin, 05 Oktober 2026 12:27:00",NASA-SNPP,High,110.76694,-0.97714,False,False,False,False,False,False,Di Luar Area Pantauan (>1000m dari Desa)
Kendawangan,Air Tarap,"Senin, 05 Oktober 2026 14:07:00",NASA-SNPP,High,110.86965,-2.53971,False,False,False,False,False,False,Di Luar Area Pantauan (>1000m dari Desa)
Kendawangan,Natai Kuini,"Selasa, 06 Oktober 2026 01:11:00",NASA-SNPP,High,110.8014,-2.85363,False,False,False,False,False,False,Di Luar Area Pantauan (>1000m dari Desa)
Kendawangan,Natai Kuini,"Senin, 05 Oktober 2026 14:07:00",NASA-SNPP,High,110.80576,-2.854,False,False,False,False,False,False,Di Luar Area Pantauan (>1000m dari Desa)
Kendawangan,Pembedilan,"Senin, 05 Oktober 2026 14:07:00",NASA-SNPP,High,110.48456,-2.80999,False,False,False,False,True,True,Di Luar Area Pantauan (>1000m dari Desa)
Kendawangan,Natai Kuini,"Senin, 05 Oktober 2026 14:07:00",NASA-SNPP,High,110.81191,-2.85295,False,False,False,False,False,False,Di Luar Area Pantauan (>1000m dari Desa)
Kendawangan,Pembedilan,"Senin, 05 Oktober 2026 14:07:00",NASA-SNPP,High,110.31067,-2.83952,False,False,False,True,True,True,Di Luar Area Pantauan (>1000m dari Desa)
Matan Hilir Selatan,Sungai Nanjung,"Selasa, 06 Oktober 2026 01:11:00",NASA-SNPP,High,110.18851,-2.13461,False,False,True,True,False,True,Di Luar Area Pantauan (>1000m dari Desa)
Kendawangan,Air Hitam Besar,"Selasa, 06 Oktober 2026 01:11:00",NASA-SNPP,High,110.72717,-2.80064,False,False,False,False,False,False,Di Luar Area Pantauan (>1000m dari Desa)
Kendawangan,Natai Kuini,"Selasa, 06 Oktober 2026 01:11:00",NASA-SNPP,High,110.80595,-2.8475,False,False,False,False,False,False,Di Luar Area Pantauan (>1000m dari Desa)
Kendawangan,Natai Kuini,"Selasa, 06 Oktober 2026 01:28:00",NASA-NOAA20,High,110.80692,-2.84881,False,False,False,False,False,False,Di Luar Area Pantauan (>1000m dari Desa)
Muara Pawan,Ulak Medang,"Selasa, 06 Oktober 2026 01:28:00",NASA-NOAA20,High,110.29785,-1.54507,False,False,True,True,False,True,Di Luar Area Pantauan (>1000m dari Desa)
Kendawangan,Natai Kuini,"Senin, 05 Oktober 2026 12:27:00",NASA-SNPP,High,110.75053,-2.8714,False,False,False,True,False,True,Di Luar Area Pantauan (>1000m dari Desa)
Kendawangan,Natai Kuini,"Senin, 05 Oktober 2026 12:27:00",NASA-SNPP,High,110.69586,-2.89988,False,False,False,False,False,False,Di Luar Area Pantauan (>1000m dari Desa)
Kendawangan,Natai Kuini,"Selasa, 06 Oktober 2026 01:11:00",NASA-SNPP,High,110.80945,-2.84806,False,False,False,False,False,False,Di Luar Area Pantauan (>1000m dari Desa)
Kendawangan,Natai Kuini,"Senin, 05 Oktober 2026 15:28:00",NASA-MODIS,High,110.69011,-2.89974,False,False,False,False,False,False,Di Luar Area Pantauan (>1000m dari Desa)
Kendawangan,Natai Kuini,"Senin, 05 Oktober 2026 12:27:00",NASA-SNPP,High,110.81142,-2.84891,False,False,False,False,False,False,Di Luar Area Pantauan (>1000m dari Desa)
Kendawangan,Natai Kuini,"Senin, 05 Oktober 2026 12:27:00",NASA-SNPP,High,110.81056,-2.84228,False,False,False,False,True,True,Di Luar Area Pantauan (>1000m dari Desa)
Kendawangan,Pembedilan,"Senin, 05 Oktober 2026 12:27:00",NASA-SNPP,High,110.49334,-2.81791,False,False,False,False,True,True,Di Luar Area Pantauan (>1000m dari Desa)
Kendawangan,Natai Kuini,"Selasa, 06 Oktober 2026 01:28:00",NASA-NOAA20,High,110.8063,-2.85306,False,False,False,False,False,False,Di Luar Area Pantauan (>1000m dari Desa)
Kendawangan,Air Tarap,"Senin, 05 Oktober 2026 12:27:00",NASA-SNPP,High,110.87076,-2.53692,False,False,False,False,False,False,Di Luar Area Pantauan (>1000m dari Desa)
Kendawangan,Natai Kuini,"Selasa, 06 Oktober 2026 01:11:00",NASA-SNPP,High,110.80489,-2.85419,False,False,False,False,False,False,Di Luar Area Pantauan (>1000m dari Desa)
Kendawangan,Air Hitam Besar,"Selasa, 06 Oktober 2026 01:28:00",NASA-NOAA20,High,110.71917,-2.84831,False,False,False,False,False,False,Di Luar Area Pantauan (>1000m dari Desa)
Kendawangan,Seriam,"Senin, 05 Oktober 2026 14:07:00",NASA-SNPP,High,110.32758,-2.63808,False,False,False,False,True,True,Di Luar Area Pantauan (>1000m dari Desa)
Sandai,Pendamaran Indah,"Senin, 05 Oktober 2026 15:28:00",NASA-MODIS,High,110.60193,-1.03613,False,False,False,False,False,False,Di Luar Area Pantauan (>1000m dari Desa)
Kendawangan,Natai Kuini,"Selasa, 06 Oktober 2026 01:11:00",NASA-SNPP,High,110.80892,-2.8514,False,False,False,False,False,False,Di Luar Area Pantauan (>1000m dari Desa)
Kendawangan,Natai Kuini,"Selasa, 06 Oktober 2026 01:11:00",NASA-SNPP,High,110.72274,-2.85145,False,False,False,False,False,False,Di Luar Area Pantauan (>1000m dari Desa)
Kendawangan,Natai Kuini,"Senin, 05 Oktober 2026 12:27:00",NASA-SNPP,High,110.81227,-2.85554,False,False,False,False,False,False,Di Luar Area Pantauan (>1000m dari Desa)
Kendawangan,Natai Kuini,"Senin, 05 Oktober 2026 12:46:00",NASA-NOAA20,High,110.80852,-2.85342,False,False,False,False,False,False,Di Luar Area Pantauan (>1000m dari Desa)
Kendawangan,Air Hitam Besar,"Selasa, 06 Oktober 2026 01:28:00",NASA-NOAA20,High,110.73035,-2.79796,False,False,False,True,False,True,Di Luar Area Pantauan (>1000m dari Desa)
Kendawangan,Pembedilan,"Senin, 05 Oktober 2026 12:27:00",NASA-SNPP,High,110.48643,-2.81204,False,False,False,False,True,True,Di Luar Area Pantauan (>1000m dari Desa)
Kendawangan,Air Hitam Besar,"Selasa, 06 Oktober 2026 01:11:00",NASA-SNPP,High,110.72366,-2.80008,False,False,False,False,False,False,Di Luar Area Pantauan (>1000m dari Desa)
Kendawangan,Natai Kuini,"Senin, 05 Oktober 2026 14:07:00",NASA-SNPP,High,110.8107,-2.84614,False,False,False,False,False,False,Di Luar Area Pantauan (>1000m dari Desa)
Kendawangan,Natai Kuini,"Selasa, 06 Oktober 2026 01:11:00",NASA-SNPP,High,110.8084,-2.85475,False,False,False,False,False,False,Di Luar Area Pantauan (>1000m dari Desa)
Kendawangan,Air Hitam Besar,"Selasa, 06 Oktober 2026 01:28:00",NASA-NOAA20,High,110.71888,-2.84801,False,False,False,False,False,False,Di Luar Area Pantauan (>1000m dari Desa)
Kendawangan,Air Tarap,"Senin, 05 Oktober 2026 15:28:00",NASA-MODIS,High,110.87556,-2.53992,False,False,False,False,False,False,Di Luar Area Pantauan (>1000m dari Desa)
Simpang Dua,Batu Daya,"Senin, 05 Oktober 2026 15:28:00",NASA-MODIS,High,110.36235,-0.98829,False,False,False,False,False,False,Di Luar Area Pantauan (>1000m dari Desa)
Kendawangan,Air Hitam Besar,"Senin, 05 Oktober 2026 15:28:00",NASA-MODIS,High,110.72961,-2.81938,False,False,False,True,False,True,Di Luar Area Pantauan (>1000m dari Desa)
Dedai,Terusan,"Senin, 05 Oktober 2026 15:30:00",NASA-MODIS,High,111.71925,0.04597,False,False,False,False,False,False,Di Luar Area Pantauan (>1000m dari Desa)
Ngabang,Penyaho Dangku,"Senin, 05 Oktober 2026 15:30:00",NASA-MODIS,High,109.786,0.45059,False,False,False,False,False,False,Di Luar Area Pantauan (>1000m dari Desa)
Kendawangan,Air Hitam Besar,"Selasa, 06 Oktober 2026 03:49:00",NASA-MODIS,High,110.73822,-2.79172,False,False,False,True,False,True,Di Luar Area Pantauan (>1000m dari Desa)
Kendawangan,Air Tarap,"Senin, 05 Oktober 2026 15:28:00",NASA-MODIS,High,110.86587,-2.54135,False,False,False,False,False,False,Di Luar Area Pantauan (>1000m dari Desa)
Matan Hilir Utara,Lamon Satong,"Senin, 05 Oktober 2026 15:28:00",NASA-MODIS,High,110.26929,-1.4274,False,False,True,False,False,True,Di Luar Area Pantauan (>1000m dari Desa)
Matan Hilir Utara,Lamon Satong,"Senin, 05 Oktober 2026 15:28:00",NASA-MODIS,High,110.27866,-1.42602,False,False,False,False,False,False,Di Luar Area Pantauan (>1000m dari Desa)
Kendawangan,Air Tarap,"Senin, 05 Oktober 2026 15:28:00",NASA-MODIS,High,110.86723,-2.55054,False,False,False,False,False,False,Di Luar Area Pantauan (>1000m dari Desa)
Kendawangan,Air Hitam Besar,"Senin, 05 Oktober 2026 19:46:00",NASA-MODIS,High,110.73859,-2.80158,False,False,False,False,False,False,Di Luar Area Pantauan (>1000m dari Desa)
Kendawangan,Natai Kuini,"Senin, 05 Oktober 2026 15:28:00",NASA-MODIS,High,110.75368,-2.8716,False,False,False,True,False,True,Di Luar Area Pantauan (>1000m dari Desa)
Kendawangan,Natai Kuini,"Senin, 05 Oktober 2026 15:28:00",NASA-MODIS,High,110.81085,-2.86301,False,False,False,False,False,False,Di Luar Area Pantauan (>1000m dari Desa)
Kendawangan,Air Hitam Besar,"Selasa, 06 Oktober 2026 03:49:00",NASA-MODIS,High,110.73275,-2.79593,False,False,False,True,False,True,Di Luar Area Pantauan (>1000m dari Desa)
Kendawangan,Air Hitam Besar,"Senin, 05 Oktober 2026 15:28:00",NASA-MODIS,High,110.7174,-2.80258,False,False,False,False,False,False,Di Luar Area Pantauan (>1000m dari Desa)
Kendawangan,Pembedilan,"Senin, 05 Oktober 2026 15:28:00",NASA-MODIS,High,110.47886,-2.81054,False,False,False,False,True,True,Di Luar Area Pantauan (>1000m dari Desa)
Kendawangan,Air Hitam Besar,"Senin, 05 Oktober 2026 15:28:00",NASA-MODIS,High,110.72823,-2.81027,False,False,False,False,False,False,Di Luar Area Pantauan (>1000m dari Desa)
Simpang Dua,Batu Daya,"Senin, 05 Oktober 2026 15:28:00",NASA-MODIS,High,110.37186,-0.98687,False,False,False,False,False,False,Di Luar Area Pantauan (>1000m dari Desa)
Kendawangan,Air Hitam Besar,"Senin, 05 Oktober 2026 19:46:00",NASA-MODIS,High,110.71582,-2.80473,False,False,False,False,False,False,Di Luar Area Pantauan (>1000m dari Desa)
Kendawangan,Natai Kuini,"Senin, 05 Oktober 2026 15:28:00",NASA-MODIS,High,110.80948,-2.85387,False,False,False,False,False,False,Di Luar Area Pantauan (>1000m dari Desa)
Kendawangan,Natai Kuini,"Selasa, 06 Oktober 2026 03:49:00",NASA-MODIS,High,110.80315,-2.84977,False,False,False,False,False,False,Di Luar Area Pantauan (>1000m dari Desa)
Kendawangan,Natai Kuini,"Senin, 05 Oktober 2026 19:46:00",NASA-MODIS,High,110.79844,-2.8573,False,False,False,False,False,False,Di Luar Area Pantauan (>1000m dari Desa)
Kendawangan,Natai Kuini,"Senin, 05 Oktober 2026 19:46:00",NASA-MODIS,High,110.79671,-2.84371,False,False,False,False,False,False,Di Luar Area Pantauan (>1000m dari Desa)
Tempunak,Gurung Mali,"Senin, 05 Oktober 2026 19:49:00",NASA-MODIS,High,111.28709,-0.30353,False,False,False,False,False,False,Di Luar Area Pantauan (>1000m dari Desa)
Kendawangan,Air Hitam Besar,"Senin, 05 Oktober 2026 19:46:00",NASA-MODIS,High,110.7215,-2.79824,False,False,False,False,False,False,Di Luar Area Pantauan (>1000m dari Desa)
Kendawangan,Pembedilan,"Senin, 05 Oktober 2026 15:28:00",NASA-MODIS,High,110.48813,-2.80915,False,False,False,False,True,True,Di Luar Area Pantauan (>1000m dari Desa)
Kendawangan,Air Hitam Besar,"Senin, 05 Oktober 2026 15:28:00",NASA-MODIS,High,110.72686,-2.80116,False,False,False,False,False,False,Di Luar Area Pantauan (>1000m dari Desa)
