Kecamatan,Desa,Waktu,Satelit,Confidence,Longitude,Latitude,in_desa,in_buffer,is_hutan,is_gambut,is_kk,in_kawasan,Prioritas_Satgas
Kendawangan,Danau Buntar,"Minggu, 20 September 2026 19:51:00",NASA-MODIS,Low,110.96814,-2.77998,False,False,False,False,False,False,Di Luar Area Pantauan (>1000m dari Desa)
Muara Pawan,Ulak Medang,"Minggu, 20 September 2026 19:51:00",NASA-MODIS,Low,110.28338,-1.64307,False,False,False,True,False,True,Di Luar Area Pantauan (>1000m dari Desa)
Matan Hilir Utara,Kuala Tolak,"Minggu, 20 September 2026 19:51:00",NASA-MODIS,Low,110.14027,-1.4663,False,False,False,True,False,True,Di Luar Area Pantauan (>1000m dari Desa)
Matan Hilir Selatan,Sungai Nanjung,"Minggu, 20 September 2026 19:51:00",NASA-MODIS,Low,110.28524,-2.17905,False,False,True,True,True,True,Di Luar Area Pantauan (>1000m dari Desa)
Matan Hilir Utara,Tanjung Baik Budi,"Minggu, 20 September 2026 19:51:00",NASA-MODIS,Low,110.11279,-1.53474,False,False,True,True,False,True,Di Luar Area Pantauan (>1000m dari Desa)
Ella Hilir,Nanga Nyuruh,"Minggu, 20 September 2026 19:51:00",NASA-MODIS,Low,112.1053,-0.56128,False,False,False,False,True,True,Di Luar Area Pantauan (>1000m dari Desa)
Nanga Tayap,Betenung,"Minggu, 20 September 2026 19:51:00",NASA-MODIS,Low,110.80526,-1.5725,False,False,False,False,False,False,Di Luar Area Pantauan (>1000m dari Desa)
Matan Hilir Selatan,Sungai Nanjung,"Minggu, 20 September 2026 19:51:00",NASA-MODIS,Low,110.17796,-2.19378,False,False,False,False,False,False,Di Luar Area Pantauan (>1000m dari Desa)
Manis Mata,Suka Ramai,"Minggu, 20 September 2026 19:51:00",NASA-MODIS,Low,110.98724,-2.77745,False,False,False,False,False,False,Di Luar Area Pantauan (>1000m dari Desa)
Ella Hilir,Nanga Kempangai,"Minggu, 20 September 2026 19:51:00",NASA-MODIS,Low,112.09068,-0.56333,False,False,False,False,True,True,Di Luar Area Pantauan (>1000m dari Desa)
Nanga Tayap,Lembah Hijau Dua,"Minggu, 20 September 2026 19:51:00",NASA-MODIS,Low,110.44364,-1.59437,False,False,False,False,False,False,Di Luar Area Pantauan (>1000m dari Desa)
Kendawangan,Kendawangan Kanan,"Senin, 21 September 2026 08:13:00",NASA-MODIS,Low,110.27551,-2.784,False,False,False,False,True,True,Di Luar Area Pantauan (>1000m dari Desa)
Muara Pawan,Ulak Medang,"Minggu, 20 September 2026 19:51:00",NASA-MODIS,Low,110.26414,-1.5408,False,False,True,True,False,True,Di Luar Area Pantauan (>1000m dari Desa)
Matan Hilir Selatan,Sungai Nanjung,"Minggu, 20 September 2026 19:51:00",NASA-MODIS,Medium,110.15624,-2.19676,False,False,False,False,False,False,Di Luar Area Pantauan (>1000m dari Desa)
Kendawangan,Pembedilan,"Senin, 21 September 2026 08:13:00",NASA-MODIS,Medium,110.4399,-2.86384,False,False,False,False,True,True,Di Luar Area Pantauan (>1000m dari Desa)
Matan Hilir Selatan,Pagar Mentimun,"Minggu, 20 September 2026 19:51:00",NASA-MODIS,Medium,110.17978,-2.20712,False,False,False,False,False,False,Di Luar Area Pantauan (>1000m dari Desa)
Kendawangan,Pembedilan,"Minggu, 20 September 2026 19:51:00",NASA-MODIS,Medium,110.38702,-2.77914,False,False,False,False,True,True,Di Luar Area Pantauan (>1000m dari Desa)
Matan Hilir Selatan,Sungai Nanjung,"Minggu, 20 September 2026 19:51:00",NASA-MODIS,Medium,110.26031,-2.15549,False,False,False,False,True,True,Di Luar Area Pantauan (>1000m dari Desa)
Matan Hilir Utara,Lamon Satong,"Minggu, 20 September 2026 19:51:00",NASA-MODIS,Medium,110.15414,-1.41059,False,False,False,False,False,False,Di Luar Area Pantauan (>1000m dari Desa)
Matan Hilir Utara,Tanjung Baik Budi,"Minggu, 20 September 2026 19:51:00",NASA-MODIS,Medium,110.18012,-1.55244,False,False,True,True,False,True,Di Luar Area Pantauan (>1000m dari Desa)
Matan Hilir Selatan,Sungai Besar,"Minggu, 20 September 2026 19:51:00",NASA-MODIS,Medium,110.26655,-1.8532,False,False,True,True,False,True,Di Luar Area Pantauan (>1000m dari Desa)
Kendawangan,Air Hitam Besar,"Minggu, 20 September 2026 19:51:00",NASA-MODIS,Medium,110.69884,-2.64573,False,False,False,False,False,False,Di Luar Area Pantauan (>1000m dari Desa)
Jelai Hulu,Semantun,"Minggu, 20 September 2026 19:51:00",NASA-MODIS,Medium,111.05347,-1.96925,False,False,True,False,False,True,Di Luar Area Pantauan (>1000m dari Desa)
Kendawangan,Seriam,"Minggu, 20 September 2026 19:51:00",NASA-MODIS,Medium,110.4379,-2.49772,False,False,False,False,False,False,Di Luar Area Pantauan (>1000m dari Desa)
Matan Hilir Utara,Kuala Tolak,"Minggu, 20 September 2026 19:51:00",NASA-MODIS,Medium,110.103,-1.51203,False,False,False,False,False,False,Di Luar Area Pantauan (>1000m dari Desa)
Kendawangan,Natai Kuini,"Minggu, 20 September 2026 19:51:00",NASA-MODIS,Medium,110.77489,-2.81871,False,False,False,True,False,True,Di Luar Area Pantauan (>1000m dari Desa)
Nanga Tayap,Sungai Kelik,"Minggu, 20 September 2026 19:51:00",NASA-MODIS,Medium,110.31073,-1.57424,False,False,True,True,False,True,Di Luar Area Pantauan (>1000m dari Desa)
Nanga Tayap,Siantau Raya,"Minggu, 20 September 2026 19:51:00",NASA-MODIS,Medium,110.46543,-1.60452,False,False,False,False,False,False,Di Luar Area Pantauan (>1000m dari Desa)
Matan Hilir Utara,Kuala Tolak,"Senin, 21 September 2026 08:11:00",NASA-MODIS,Medium,110.15795,-1.47527,False,False,True,True,False,True,Di Luar Area Pantauan (>1000m dari Desa)
Pulau Maya,Dusun Besar,"Minggu, 20 September 2026 19:51:00",NASA-MODIS,Medium,109.44106,-1.22583,False,False,False,False,False,False,Di Luar Area Pantauan (>1000m dari Desa)
Pulau Maya,Dusun Besar,"Minggu, 20 September 2026 19:51:00",NASA-MODIS,Medium,109.44449,-1.20315,False,False,False,False,False,False,Di Luar Area Pantauan (>1000m dari Desa)
Kendawangan,Kendawangan Kanan,"Minggu, 20 September 2026 19:51:00",NASA-MODIS,Medium,110.27927,-2.79355,False,False,False,True,True,True,Di Luar Area Pantauan (>1000m dari Desa)
Ella Hilir,Kerangan Kora,"Minggu, 20 September 2026 19:51:00",NASA-MODIS,Medium,112.03363,-0.64047,False,False,False,False,True,True,Di Luar Area Pantauan (>1000m dari Desa)
Nanga Tayap,Lembah Hijau Dua,"Minggu, 20 September 2026 19:51:00",NASA-MODIS,Medium,110.44184,-1.58145,False,False,False,False,False,False,Di Luar Area Pantauan (>1000m dari Desa)
Kendawangan,Airhitam Hulu,"Minggu, 20 September 2026 19:51:00",NASA-MODIS,Medium,110.65011,-2.69121,False,False,False,False,False,False,Di Luar Area Pantauan (>1000m dari Desa)
Matan Hilir Utara,Lamon Satong,"Minggu, 20 September 2026 19:51:00",NASA-MODIS,Medium,110.23672,-1.29636,False,False,True,False,True,True,Di Luar Area Pantauan (>1000m dari Desa)
Simpang Dua,Kampar Sebomban,"Minggu, 20 September 2026 19:51:00",NASA-MODIS,Medium,110.15951,-0.82231,False,False,True,True,False,True,Di Luar Area Pantauan (>1000m dari Desa)
Ella Hilir,Perembang Nyuruh,"Minggu, 20 September 2026 19:51:00",NASA-MODIS,Medium,112.1507,-0.56612,False,False,False,False,False,False,Di Luar Area Pantauan (>1000m dari Desa)
Matan Hilir Selatan,Sungai Besar,"Minggu, 20 September 2026 19:51:00",NASA-MODIS,Medium,110.16398,-1.89394,False,False,True,True,False,True,Di Luar Area Pantauan (>1000m dari Desa)
Nanga Tayap,Sungai Kelik,"Minggu, 20 September 2026 19:51:00",NASA-MODIS,Medium,110.31593,-1.572,False,False,True,True,False,True,Di Luar Area Pantauan (>1000m dari Desa)
Pulau Maya,Dusun Kecil,"Minggu, 20 September 2026 19:51:00",NASA-MODIS,Medium,109.56933,-1.02441,False,False,False,True,False,True,Di Luar Area Pantauan (>1000m dari Desa)
Matan Hilir Selatan,Sungai Pelang,"Minggu, 20 September 2026 19:51:00",NASA-MODIS,Medium,110.16209,-1.88066,False,False,True,True,False,True,Di Luar Area Pantauan (>1000m dari Desa)
Kendawangan,Seriam,"Minggu, 20 September 2026 19:51:00",NASA-MODIS,Medium,110.3648,-2.66351,False,False,False,False,True,True,Di Luar Area Pantauan (>1000m dari Desa)
Muara Pawan,Mayak,"Minggu, 20 September 2026 19:51:00",NASA-MODIS,Medium,110.17049,-1.70995,False,False,False,False,False,False,Di Luar Area Pantauan (>1000m dari Desa)
Matan Hilir Utara,Lamon Satong,"Minggu, 20 September 2026 19:51:00",NASA-MODIS,Medium,110.25618,-1.29361,False,False,True,False,True,True,Di Luar Area Pantauan (>1000m dari Desa)
Nanga Tayap,Betenung,"Minggu, 20 September 2026 19:51:00",NASA-MODIS,Medium,110.79856,-1.57115,False,False,False,False,False,False,Di Luar Area Pantauan (>1000m dari Desa)
Matan Hilir Utara,Kuala Tolak,"Senin, 21 September 2026 08:11:00",NASA-MODIS,Medium,110.15547,-1.49324,False,False,False,True,False,True,Di Luar Area Pantauan (>1000m dari Desa)
Kendawangan,Airhitam Hulu,"Minggu, 20 September 2026 19:51:00",NASA-MODIS,Medium,110.67702,-2.63552,False,False,False,False,False,False,Di Luar Area Pantauan (>1000m dari Desa)
Sungai Melayu Rayak,Sungai Melayu,"Minggu, 20 September 2026 19:51:00",NASA-MODIS,Medium,110.28584,-1.83724,False,False,True,False,False,True,Di Luar Area Pantauan (>1000m dari Desa)
Tempunak,Jaya Mentari,"Minggu, 20 September 2026 19:51:00",NASA-MODIS,Medium,111.2889,-0.32837,False,False,False,False,False,False,Di Luar Area Pantauan (>1000m dari Desa)
Sekadau Hilir,Sungai Kunyit,"Minggu, 20 September 2026 19:51:00",NASA-MODIS,Medium,110.82017,0.07919,False,False,False,False,False,False,Di Luar Area Pantauan (>1000m dari Desa)
Matan Hilir Selatan,Sungai Pelang,"Minggu, 20 September 2026 19:51:00",NASA-MODIS,Medium,110.23772,-1.84611,False,False,True,True,False,True,Di Luar Area Pantauan (>1000m dari Desa)
Matan Hilir Selatan,Sungai Nanjung,"Minggu, 20 September 2026 19:51:00",NASA-MODIS,Medium,110.16888,-2.12706,False,False,False,True,False,True,Di Luar Area Pantauan (>1000m dari Desa)
Nanga Tayap,Pangkalan Teluk,"Minggu, 20 September 2026 19:51:00",NASA-MODIS,Medium,110.3661,-1.30379,False,False,True,False,False,True,Di Luar Area Pantauan (>1000m dari Desa)
Simpang Hilir,Matan Jaya,"Minggu, 20 September 2026 19:51:00",NASA-MODIS,Medium,110.1386,-1.11128,False,False,True,True,True,True,Di Luar Area Pantauan (>1000m dari Desa)
Sungai Laur,Sinar Kuri,"Minggu, 20 September 2026 19:51:00",NASA-MODIS,Medium,110.47203,-0.92289,False,False,False,False,False,False,Di Luar Area Pantauan (>1000m dari Desa)
Matan Hilir Selatan,Sungai Besar,"Minggu, 20 September 2026 19:51:00",NASA-MODIS,Medium,110.26051,-1.85633,False,False,True,True,False,True,Di Luar Area Pantauan (>1000m dari Desa)
Nanga Tayap,Pangkalan Teluk,"Minggu, 20 September 2026 19:51:00",NASA-MODIS,Medium,110.44902,-1.42344,False,False,False,False,False,False,Di Luar Area Pantauan (>1000m dari Desa)
Muara Pawan,Ulak Medang,"Minggu, 20 September 2026 19:51:00",NASA-MODIS,Medium,110.26875,-1.64312,False,False,True,True,False,True,Di Luar Area Pantauan (>1000m dari Desa)
Kendawangan,Mekar Utama,"Minggu, 20 September 2026 19:51:00",NASA-MODIS,Medium,110.21822,-2.27989,False,False,True,False,False,True,Di Luar Area Pantauan (>1000m dari Desa)
Matan Hilir Selatan,Pematang Gadung,"Minggu, 20 September 2026 19:51:00",NASA-MODIS,Medium,110.31043,-1.97898,False,False,True,True,False,True,Di Luar Area Pantauan (>1000m dari Desa)
Nanga Tayap,Tanjung Medan,"Minggu, 20 September 2026 19:51:00",NASA-MODIS,Medium,110.42892,-1.42623,False,False,False,False,False,False,Di Luar Area Pantauan (>1000m dari Desa)
Matan Hilir Utara,Lamon Satong,"Minggu, 20 September 2026 19:51:00",NASA-MODIS,Medium,110.21733,-1.40211,False,False,False,True,False,True,Di Luar Area Pantauan (>1000m dari Desa)
Kendawangan,Seriam,"Minggu, 20 September 2026 19:51:00",NASA-MODIS,Medium,110.44148,-2.52398,False,False,False,False,True,True,Di Luar Area Pantauan (>1000m dari Desa)
Simpang Dua,Kampar Sebomban,"Minggu, 20 September 2026 19:51:00",NASA-MODIS,Medium,110.18516,-0.92212,False,False,False,False,False,False,Di Luar Area Pantauan (>1000m dari Desa)
Simpang Hilir,Lubuk Batu,"Minggu, 20 September 2026 19:51:00",NASA-MODIS,Medium,110.12653,-0.95663,False,False,False,False,False,False,Di Luar Area Pantauan (>1000m dari Desa)
Kendawangan,Seriam,"Minggu, 20 September 2026 19:51:00",NASA-MODIS,Medium,110.3666,-2.67676,False,False,False,False,True,True,Di Luar Area Pantauan (>1000m dari Desa)
Kendawangan,Sungai Jelayan,"Minggu, 20 September 2026 19:51:00",NASA-MODIS,Medium,110.47099,-2.24523,False,False,False,False,False,False,Di Luar Area Pantauan (>1000m dari Desa)
Jelai Hulu,Limpang,"Senin, 21 September 2026 08:11:00",NASA-MODIS,Medium,110.84557,-1.84181,False,False,True,False,False,True,Di Luar Area Pantauan (>1000m dari Desa)
Sayan,Madya Raya,"Minggu, 20 September 2026 19:51:00",NASA-MODIS,Medium,111.64684,-0.87789,False,False,False,False,True,True,Di Luar Area Pantauan (>1000m dari Desa)
Matan Hilir Selatan,Pagar Mentimun,"Minggu, 20 September 2026 19:51:00",NASA-MODIS,Medium,110.20303,-2.29188,False,False,True,False,False,True,Di Luar Area Pantauan (>1000m dari Desa)
Matan Hilir Utara,Lamon Satong,"Minggu, 20 September 2026 19:51:00",NASA-MODIS,Medium,110.19647,-1.40491,False,False,False,False,False,False,Di Luar Area Pantauan (>1000m dari Desa)
Menukung,Nanga Siyai,"Minggu, 20 September 2026 19:51:00",NASA-MODIS,Medium,112.15813,-0.47296,False,False,False,False,False,False,Di Luar Area Pantauan (>1000m dari Desa)
Nanga Tayap,Betenung,"Minggu, 20 September 2026 19:51:00",NASA-MODIS,Medium,110.81741,-1.56852,False,False,True,False,False,True,Di Luar Area Pantauan (>1000m dari Desa)
Tempunak,Sungai Buluh,"Minggu, 20 September 2026 19:51:00",NASA-MODIS,Medium,111.27438,-0.2626,False,False,False,False,False,False,Di Luar Area Pantauan (>1000m dari Desa)
Simpang Dua,Semandang Kanan,"Minggu, 20 September 2026 19:51:00",NASA-MODIS,Medium,110.34499,-0.71755,False,False,False,False,False,False,Di Luar Area Pantauan (>1000m dari Desa)
Kayan Hulu,Nanga Masau,"Minggu, 20 September 2026 19:51:00",NASA-MODIS,Medium,112.30667,-0.20162,False,False,False,False,True,True,Di Luar Area Pantauan (>1000m dari Desa)
Nanga Tayap,Batu Mas,"Minggu, 20 September 2026 19:51:00",NASA-MODIS,Medium,110.63746,-1.63347,False,False,False,False,False,False,Di Luar Area Pantauan (>1000m dari Desa)
Marau,Rangkung,"Minggu, 20 September 2026 19:51:00",NASA-MODIS,Medium,110.50845,-2.21362,False,False,False,False,False,False,Di Luar Area Pantauan (>1000m dari Desa)
Sandai,Sandai,"Minggu, 20 September 2026 19:51:00",NASA-MODIS,Medium,110.56487,-1.27682,False,False,False,False,False,False,Di Luar Area Pantauan (>1000m dari Desa)
Ketungau Hilir,Air Nyuruk,"Minggu, 20 September 2026 19:53:00",NASA-MODIS,Medium,111.55408,0.55633,False,False,True,False,False,True,Di Luar Area Pantauan (>1000m dari Desa)
Sungai Laur,Teluk Mutiara,"Minggu, 20 September 2026 19:51:00",NASA-MODIS,Medium,110.49136,-0.92025,False,False,False,False,False,False,Di Luar Area Pantauan (>1000m dari Desa)
Kendawangan,Natai Kuini,"Senin, 21 September 2026 13:29:00",NASA-SNPP,Medium,110.85886,-2.82212,False,False,False,False,True,True,Di Luar Area Pantauan (>1000m dari Desa)
Matan Hilir Utara,Tanjung Baik Budi,"Senin, 21 September 2026 00:49:00",NASA-SNPP,Medium,110.15656,-1.54855,False,False,False,True,False,True,Di Luar Area Pantauan (>1000m dari Desa)
Nanga Tayap,Sungai Kelik,"Senin, 21 September 2026 00:49:00",NASA-SNPP,Medium,110.31208,-1.57311,False,False,True,True,False,True,Di Luar Area Pantauan (>1000m dari Desa)
Matan Hilir Utara,Sungai Putri,"Senin, 21 September 2026 00:49:00",NASA-SNPP,Medium,110.0972,-1.56451,False,False,True,True,False,True,Di Luar Area Pantauan (>1000m dari Desa)
Matan Hilir Utara,Tanjung Baik Budi,"Senin, 21 September 2026 00:49:00",NASA-SNPP,Medium,110.16572,-1.55748,False,False,True,True,False,True,Di Luar Area Pantauan (>1000m dari Desa)
Nanga Tayap,Sungai Kelik,"Senin, 21 September 2026 00:49:00",NASA-SNPP,Medium,110.30859,-1.57657,False,False,False,True,False,True,Di Luar Area Pantauan (>1000m dari Desa)
Matan Hilir Utara,Tanjung Baik Budi,"Senin, 21 September 2026 00:49:00",NASA-SNPP,Medium,110.1708,-1.55375,False,False,True,True,False,True,Di Luar Area Pantauan (>1000m dari Desa)
Matan Hilir Utara,Sungai Putri,"Senin, 21 September 2026 00:49:00",NASA-SNPP,Medium,110.09648,-1.56898,False,False,True,True,False,True,Di Luar Area Pantauan (>1000m dari Desa)
Tumbang Titi,Beringin Rayo,"Senin, 21 September 2026 00:49:00",NASA-SNPP,Medium,110.83247,-1.68935,False,False,True,False,False,True,Di Luar Area Pantauan (>1000m dari Desa)
Matan Hilir Utara,Tanjung Baik Budi,"Senin, 21 September 2026 00:49:00",NASA-SNPP,Medium,110.10467,-1.53577,False,False,True,True,False,True,Di Luar Area Pantauan (>1000m dari Desa)
Matan Hilir Utara,Tanjung Baik Budi,"Senin, 21 September 2026 00:49:00",NASA-SNPP,Medium,110.16136,-1.55676,False,False,True,True,False,True,Di Luar Area Pantauan (>1000m dari Desa)
Matan Hilir Utara,Tanjung Baik Budi,"Senin, 21 September 2026 00:49:00",NASA-SNPP,Medium,110.09866,-1.55557,False,False,True,True,False,True,Di Luar Area Pantauan (>1000m dari Desa)
Nanga Tayap,Lembah Hijau Dua,"Senin, 21 September 2026 00:49:00",NASA-SNPP,Medium,110.49351,-1.59731,False,False,True,False,False,True,Di Luar Area Pantauan (>1000m dari Desa)
Matan Hilir Utara,Tanjung Baik Budi,"Senin, 21 September 2026 00:49:00",NASA-SNPP,Medium,110.15772,-1.55158,False,False,False,True,False,True,Di Luar Area Pantauan (>1000m dari Desa)
Matan Hilir Utara,Tanjung Baik Budi,"Senin, 21 September 2026 00:49:00",NASA-SNPP,Medium,110.10157,-1.53769,False,False,True,True,False,True,Di Luar Area Pantauan (>1000m dari Desa)
Kendawangan,Bangkal Serai,"Senin, 21 September 2026 00:49:00",NASA-SNPP,Medium,110.52953,-2.48945,False,False,False,False,False,False,Di Luar Area Pantauan (>1000m dari Desa)
Matan Hilir Selatan,Pagar Mentimun,"Senin, 21 September 2026 00:49:00",NASA-SNPP,Medium,110.1974,-2.26391,False,False,False,False,False,False,Di Luar Area Pantauan (>1000m dari Desa)
Nanga Tayap,Betenung,"Senin, 21 September 2026 00:49:00",NASA-SNPP,Medium,110.80278,-1.56325,False,False,True,False,False,True,Di Luar Area Pantauan (>1000m dari Desa)
Muara Pawan,Ulak Medang,"Senin, 21 September 2026 00:49:00",NASA-SNPP,Medium,110.24933,-1.52687,False,False,True,True,False,True,Di Luar Area Pantauan (>1000m dari Desa)
Nanga Tayap,Betenung,"Senin, 21 September 2026 00:49:00",NASA-SNPP,Medium,110.83907,-1.56485,False,False,True,False,False,True,Di Luar Area Pantauan (>1000m dari Desa)
Muara Pawan,Ulak Medang,"Senin, 21 September 2026 00:49:00",NASA-SNPP,Medium,110.27015,-1.53475,False,False,True,True,False,True,Di Luar Area Pantauan (>1000m dari Desa)
Muara Pawan,Mayak,"Senin, 21 September 2026 00:49:00",NASA-SNPP,Medium,110.16396,-1.7195,False,False,True,True,False,True,Di Luar Area Pantauan (>1000m dari Desa)
Matan Hilir Utara,Tanjung Baik Budi,"Senin, 21 September 2026 00:49:00",NASA-SNPP,Medium,110.17548,-1.54241,False,False,True,True,False,True,Di Luar Area Pantauan (>1000m dari Desa)
Muara Pawan,Ulak Medang,"Senin, 21 September 2026 00:49:00",NASA-SNPP,Medium,110.27444,-1.53544,False,False,True,True,False,True,Di Luar Area Pantauan (>1000m dari Desa)
Nanga Tayap,Betenung,"Senin, 21 September 2026 00:49:00",NASA-SNPP,Medium,110.83974,-1.56059,False,False,True,False,False,True,Di Luar Area Pantauan (>1000m dari Desa)
Matan Hilir Utara,Kuala Tolak,"Senin, 21 September 2026 00:49:00",NASA-SNPP,Medium,110.10823,-1.5134,False,False,False,False,False,False,Di Luar Area Pantauan (>1000m dari Desa)
Matan Hilir Utara,Tanjung Baik Budi,"Senin, 21 September 2026 00:49:00",NASA-SNPP,Medium,110.14931,-1.53826,False,False,True,True,False,True,Di Luar Area Pantauan (>1000m dari Desa)
Matan Hilir Utara,Tanjung Baik Budi,"Senin, 21 September 2026 00:49:00",NASA-SNPP,Medium,110.18062,-1.53866,False,False,True,True,False,True,Di Luar Area Pantauan (>1000m dari Desa)
Matan Hilir Utara,Kuala Tolak,"Senin, 21 September 2026 00:49:00",NASA-SNPP,Medium,110.1595,-1.47586,False,False,True,True,False,True,Di Luar Area Pantauan (>1000m dari Desa)
Muara Pawan,Ulak Medang,"Senin, 21 September 2026 00:49:00",NASA-SNPP,Medium,110.2766,-1.52218,False,False,True,True,False,True,Di Luar Area Pantauan (>1000m dari Desa)
Muara Pawan,Ulak Medang,"Senin, 21 September 2026 00:49:00",NASA-SNPP,Medium,110.25436,-1.52314,False,False,True,True,False,True,Di Luar Area Pantauan (>1000m dari Desa)
Muara Pawan,Ulak Medang,"Senin, 21 September 2026 00:49:00",NASA-SNPP,Medium,110.27588,-1.5266,False,False,True,True,False,True,Di Luar Area Pantauan (>1000m dari Desa)
Matan Hilir Utara,Tanjung Baik Budi,"Senin, 21 September 2026 00:49:00",NASA-SNPP,Medium,110.158,-1.53964,False,False,True,True,False,True,Di Luar Area Pantauan (>1000m dari Desa)
Matan Hilir Utara,Tanjung Baik Budi,"Senin, 21 September 2026 00:49:00",NASA-SNPP,Medium,110.06693,-1.516,False,False,False,True,False,True,Di Luar Area Pantauan (>1000m dari Desa)
Nanga Tayap,Lembah Hijau Satu,"Senin, 21 September 2026 00:49:00",NASA-SNPP,Medium,110.48318,-1.58228,False,False,True,False,False,True,Di Luar Area Pantauan (>1000m dari Desa)
Nanga Tayap,Lembah Hijau Dua,"Senin, 21 September 2026 00:49:00",NASA-SNPP,Medium,110.46445,-1.59271,False,False,True,False,False,True,Di Luar Area Pantauan (>1000m dari Desa)
Nanga Tayap,Lembah Hijau Dua,"Senin, 21 September 2026 00:49:00",NASA-SNPP,Medium,110.45196,-1.59073,False,False,False,False,False,False,Di Luar Area Pantauan (>1000m dari Desa)
Matan Hilir Utara,Tanjung Baik Budi,"Senin, 21 September 2026 00:49:00",NASA-SNPP,Medium,110.09732,-1.55296,False,False,True,True,False,True,Di Luar Area Pantauan (>1000m dari Desa)
Nanga Tayap,Lembah Hijau Dua,"Senin, 21 September 2026 00:49:00",NASA-SNPP,Medium,110.48936,-1.59665,False,False,True,False,False,True,Di Luar Area Pantauan (>1000m dari Desa)
Matan Hilir Utara,Tanjung Baik Budi,"Senin, 21 September 2026 00:49:00",NASA-SNPP,Medium,110.10024,-1.53507,False,False,True,True,False,True,Di Luar Area Pantauan (>1000m dari Desa)
Nanga Tayap,Lembah Hijau Dua,"Senin, 21 September 2026 00:49:00",NASA-SNPP,Medium,110.48032,-1.59969,False,False,True,False,False,True,Di Luar Area Pantauan (>1000m dari Desa)
Matan Hilir Utara,Tanjung Baik Budi,"Senin, 21 September 2026 00:49:00",NASA-SNPP,Medium,110.17402,-1.55131,False,False,True,True,False,True,Di Luar Area Pantauan (>1000m dari Desa)
Nanga Tayap,Lembah Hijau Dua,"Senin, 21 September 2026 00:49:00",NASA-SNPP,Medium,110.48862,-1.601,False,False,True,False,False,True,Di Luar Area Pantauan (>1000m dari Desa)
Muara Pawan,Ulak Medang,"Senin, 21 September 2026 00:49:00",NASA-SNPP,Medium,110.30503,-1.56296,False,False,True,True,False,True,Di Luar Area Pantauan (>1000m dari Desa)
Nanga Tayap,Betenung,"Senin, 21 September 2026 00:49:00",NASA-SNPP,Medium,110.81458,-1.56519,False,False,True,False,False,True,Di Luar Area Pantauan (>1000m dari Desa)
Matan Hilir Utara,Kuala Tolak,"Senin, 21 September 2026 00:49:00",NASA-SNPP,Medium,110.15075,-1.47443,False,False,True,True,False,True,Di Luar Area Pantauan (>1000m dari Desa)
Muara Pawan,Ulak Medang,"Senin, 21 September 2026 00:49:00",NASA-SNPP,Medium,110.27158,-1.52591,False,False,True,True,False,True,Di Luar Area Pantauan (>1000m dari Desa)
Matan Hilir Utara,Kuala Satong,"Senin, 21 September 2026 00:49:00",NASA-SNPP,Medium,110.12242,-1.41754,False,False,False,True,False,True,Di Luar Area Pantauan (>1000m dari Desa)
Matan Hilir Utara,Lamon Satong,"Senin, 21 September 2026 00:49:00",NASA-SNPP,Medium,110.20582,-1.40342,False,False,False,True,False,True,Di Luar Area Pantauan (>1000m dari Desa)
Matan Hilir Utara,Lamon Satong,"Senin, 21 September 2026 00:49:00",NASA-SNPP,Medium,110.21525,-1.40038,False,False,False,True,False,True,Di Luar Area Pantauan (>1000m dari Desa)
Matan Hilir Utara,Lamon Satong,"Senin, 21 September 2026 00:49:00",NASA-SNPP,Medium,110.21089,-1.39967,False,False,False,True,False,True,Di Luar Area Pantauan (>1000m dari Desa)
Nanga Tayap,Betenung,"Senin, 21 September 2026 00:49:00",NASA-SNPP,Medium,110.84293,-1.56262,False,False,True,False,False,True,Di Luar Area Pantauan (>1000m dari Desa)
Hulu Sungai,Batu Lapis,"Senin, 21 September 2026 00:49:00",NASA-SNPP,Medium,110.77332,-1.33838,False,False,False,False,False,False,Di Luar Area Pantauan (>1000m dari Desa)
Matan Hilir Selatan,Sungai Pelang,"Senin, 21 September 2026 00:49:00",NASA-SNPP,Medium,110.20665,-1.848,False,False,True,True,False,True,Di Luar Area Pantauan (>1000m dari Desa)
Matan Hilir Utara,Kuala Tolak,"Senin, 21 September 2026 00:49:00",NASA-SNPP,Medium,110.18199,-1.47496,False,False,False,True,False,True,Di Luar Area Pantauan (>1000m dari Desa)
Matan Hilir Utara,Kuala Tolak,"Senin, 21 September 2026 00:49:00",NASA-SNPP,Medium,110.14635,-1.47371,False,False,True,True,False,True,Di Luar Area Pantauan (>1000m dari Desa)
Nanga Tayap,Betenung,"Senin, 21 September 2026 00:49:00",NASA-SNPP,Medium,110.83743,-1.59946,False,False,False,False,False,False,Di Luar Area Pantauan (>1000m dari Desa)
Matan Hilir Utara,Kuala Tolak,"Senin, 21 September 2026 00:49:00",NASA-SNPP,Medium,110.14707,-1.46925,False,False,True,True,False,True,Di Luar Area Pantauan (>1000m dari Desa)
Nanga Tayap,Betenung,"Senin, 21 September 2026 00:49:00",NASA-SNPP,Medium,110.81387,-1.56944,False,False,True,False,False,True,Di Luar Area Pantauan (>1000m dari Desa)
Muara Pawan,Ulak Medang,"Senin, 21 September 2026 00:49:00",NASA-SNPP,Medium,110.24644,-1.51732,False,False,True,True,False,True,Di Luar Area Pantauan (>1000m dari Desa)
Muara Pawan,Ulak Medang,"Senin, 21 September 2026 00:49:00",NASA-SNPP,Medium,110.21685,-1.508,False,False,True,True,False,True,Di Luar Area Pantauan (>1000m dari Desa)
Matan Hilir Utara,Kuala Tolak,"Senin, 21 September 2026 00:49:00",NASA-SNPP,Medium,110.15734,-1.48924,False,False,False,True,False,True,Di Luar Area Pantauan (>1000m dari Desa)
Matan Hilir Utara,Lamon Satong,"Senin, 21 September 2026 00:49:00",NASA-SNPP,Medium,110.21018,-1.40412,False,False,False,True,False,True,Di Luar Area Pantauan (>1000m dari Desa)
Hulu Sungai,Batu Lapis,"Senin, 21 September 2026 00:49:00",NASA-SNPP,Medium,110.77201,-1.33601,False,False,False,False,False,False,Di Luar Area Pantauan (>1000m dari Desa)
Muara Pawan,Ulak Medang,"Senin, 21 September 2026 00:49:00",NASA-SNPP,Medium,110.28088,-1.52287,False,False,True,True,False,True,Di Luar Area Pantauan (>1000m dari Desa)
Muara Pawan,Ulak Medang,"Senin, 21 September 2026 00:49:00",NASA-SNPP,Medium,110.26009,-1.51498,False,False,True,True,False,True,Di Luar Area Pantauan (>1000m dari Desa)
Muara Pawan,Ulak Medang,"Senin, 21 September 2026 00:49:00",NASA-SNPP,Medium,110.24284,-1.51219,False,False,True,True,False,True,Di Luar Area Pantauan (>1000m dari Desa)
Nanga Tayap,Simpang Tiga Sembelangaan,"Senin, 21 September 2026 00:49:00",NASA-SNPP,Medium,110.33397,-1.415,False,False,True,False,True,True,Di Luar Area Pantauan (>1000m dari Desa)
Kendawangan,Pembedilan,"Senin, 21 September 2026 13:29:00",NASA-SNPP,Medium,110.42609,-2.7971,False,False,False,False,True,True,Di Luar Area Pantauan (>1000m dari Desa)
Kendawangan,Air Hitam Besar,"Senin, 21 September 2026 13:29:00",NASA-SNPP,Medium,110.67049,-2.7213,False,False,False,False,False,False,Di Luar Area Pantauan (>1000m dari Desa)
Matan Hilir Selatan,Pagar Mentimun,"Senin, 21 September 2026 13:29:00",NASA-SNPP,Medium,110.19518,-2.26265,False,False,False,False,False,False,Di Luar Area Pantauan (>1000m dari Desa)
Kendawangan,Pembedilan,"Senin, 21 September 2026 13:29:00",NASA-SNPP,Medium,110.37941,-2.771,False,False,False,False,True,True,Di Luar Area Pantauan (>1000m dari Desa)
Kendawangan,Danau Buntar,"Senin, 21 September 2026 13:29:00",NASA-SNPP,Medium,110.96704,-2.78978,False,False,False,False,False,False,Di Luar Area Pantauan (>1000m dari Desa)
Kendawangan,Natai Kuini,"Senin, 21 September 2026 13:29:00",NASA-SNPP,Medium,110.76927,-2.82107,False,False,False,False,False,False,Di Luar Area Pantauan (>1000m dari Desa)
Kendawangan,Natai Kuini,"Senin, 21 September 2026 13:29:00",NASA-SNPP,Medium,110.78664,-2.81832,False,False,False,False,False,False,Di Luar Area Pantauan (>1000m dari Desa)
Kendawangan,Danau Buntar,"Senin, 21 September 2026 13:29:00",NASA-SNPP,Medium,110.96258,-2.79049,False,False,True,False,False,True,Di Luar Area Pantauan (>1000m dari Desa)
Kendawangan,Natai Kuini,"Senin, 21 September 2026 13:29:00",NASA-SNPP,Medium,110.79099,-2.81764,False,False,False,True,False,True,Di Luar Area Pantauan (>1000m dari Desa)
Kendawangan,Pembedilan,"Senin, 21 September 2026 13:29:00",NASA-SNPP,Medium,110.43636,-2.86618,False,False,False,False,True,True,Di Luar Area Pantauan (>1000m dari Desa)
Kendawangan,Pembedilan,"Senin, 21 September 2026 13:29:00",NASA-SNPP,Medium,110.44191,-2.84671,False,False,False,False,True,True,Di Luar Area Pantauan (>1000m dari Desa)
Kendawangan,Pembedilan,"Senin, 21 September 2026 13:29:00",NASA-SNPP,Medium,110.44135,-2.84308,False,False,False,False,True,True,Di Luar Area Pantauan (>1000m dari Desa)
Kendawangan,Pembedilan,"Senin, 21 September 2026 13:29:00",NASA-SNPP,Medium,110.43661,-2.84012,False,False,False,False,True,True,Di Luar Area Pantauan (>1000m dari Desa)
Kendawangan,Pembedilan,"Senin, 21 September 2026 13:29:00",NASA-SNPP,Medium,110.43243,-2.84079,False,False,False,False,True,True,Di Luar Area Pantauan (>1000m dari Desa)
Kendawangan,Pembedilan,"Senin, 21 September 2026 13:29:00",NASA-SNPP,Medium,110.43716,-2.84375,False,False,False,False,True,True,Di Luar Area Pantauan (>1000m dari Desa)
Kendawangan,Pembedilan,"Senin, 21 September 2026 13:29:00",NASA-SNPP,Medium,110.38197,-2.84512,False,False,False,False,True,True,Di Luar Area Pantauan (>1000m dari Desa)
Kendawangan,Kendawangan Kanan,"Senin, 21 September 2026 13:29:00",NASA-SNPP,Medium,110.28465,-2.81545,False,False,False,True,True,True,Di Luar Area Pantauan (>1000m dari Desa)
Kendawangan,Kendawangan Kanan,"Senin, 21 September 2026 13:29:00",NASA-SNPP,Medium,110.29176,-2.80696,False,False,False,False,True,True,Di Luar Area Pantauan (>1000m dari Desa)
Kendawangan,Kendawangan Kanan,"Senin, 21 September 2026 13:29:00",NASA-SNPP,Medium,110.28764,-2.8076,False,False,False,True,True,True,Di Luar Area Pantauan (>1000m dari Desa)
Kendawangan,Kendawangan Kanan,"Senin, 21 September 2026 13:29:00",NASA-SNPP,Medium,110.2841,-2.81185,False,False,False,True,True,True,Di Luar Area Pantauan (>1000m dari Desa)
Kendawangan,Pembedilan,"Senin, 21 September 2026 13:29:00",NASA-SNPP,Medium,110.32774,-2.79394,False,False,False,False,True,True,Di Luar Area Pantauan (>1000m dari Desa)
Kendawangan,Kendawangan Kanan,"Senin, 21 September 2026 13:29:00",NASA-SNPP,Medium,110.29065,-2.79975,False,False,False,False,True,True,Di Luar Area Pantauan (>1000m dari Desa)
Kendawangan,Pembedilan,"Senin, 21 September 2026 13:29:00",NASA-SNPP,Medium,110.38412,-2.77397,False,False,False,False,True,True,Di Luar Area Pantauan (>1000m dari Desa)
Kendawangan,Kendawangan Kanan,"Senin, 21 September 2026 13:29:00",NASA-SNPP,Medium,110.2849,-2.78958,False,False,False,True,True,True,Di Luar Area Pantauan (>1000m dari Desa)
Kendawangan,Pembedilan,"Senin, 21 September 2026 13:29:00",NASA-SNPP,Medium,110.37469,-2.76804,False,False,False,False,True,True,Di Luar Area Pantauan (>1000m dari Desa)
Kendawangan,Pembedilan,"Senin, 21 September 2026 13:29:00",NASA-SNPP,Medium,110.36998,-2.76507,False,False,False,False,True,True,Di Luar Area Pantauan (>1000m dari Desa)
Kendawangan,Air Hitam Besar,"Senin, 21 September 2026 13:29:00",NASA-SNPP,Medium,110.66994,-2.71761,False,False,True,False,False,True,Di Luar Area Pantauan (>1000m dari Desa)
Kendawangan,Pembedilan,"Senin, 21 September 2026 13:29:00",NASA-SNPP,Medium,110.58381,-2.7275,False,False,False,False,False,False,Di Luar Area Pantauan (>1000m dari Desa)
Kendawangan,Pembedilan,"Senin, 21 September 2026 13:29:00",NASA-SNPP,Medium,110.38605,-2.75882,False,False,False,False,True,True,Di Luar Area Pantauan (>1000m dari Desa)
Kendawangan,Pembedilan,"Senin, 21 September 2026 13:29:00",NASA-SNPP,Medium,110.57954,-2.72818,False,False,False,False,False,False,Di Luar Area Pantauan (>1000m dari Desa)
Kendawangan,Natai Kuini,"Senin, 21 September 2026 13:29:00",NASA-SNPP,Medium,110.682,-2.91389,False,False,False,False,False,False,Di Luar Area Pantauan (>1000m dari Desa)
Kendawangan,Natai Kuini,"Senin, 21 September 2026 13:29:00",NASA-SNPP,Medium,110.85943,-2.82583,False,False,False,False,True,True,Di Luar Area Pantauan (>1000m dari Desa)
Kendawangan,Natai Kuini,"Senin, 21 September 2026 13:29:00",NASA-SNPP,Medium,110.8556,-2.83024,False,False,False,False,True,True,Di Luar Area Pantauan (>1000m dari Desa)
Kendawangan,Danau Buntar,"Senin, 21 September 2026 13:29:00",NASA-SNPP,Medium,110.96819,-2.79726,False,False,False,False,False,False,Di Luar Area Pantauan (>1000m dari Desa)
Nanga Tayap,Sepakat Jaya,"Minggu, 20 September 2026 19:51:00",NASA-MODIS,Medium,110.66298,-1.38085,False,False,True,False,False,True,Di Luar Area Pantauan (>1000m dari Desa)
Kendawangan,Sungai Jelayan,"Senin, 21 September 2026 01:11:00",NASA-NOAA20,Medium,110.42374,-2.11707,False,False,False,False,False,False,Di Luar Area Pantauan (>1000m dari Desa)
Manis Mata,Kemuning,"Senin, 21 September 2026 01:11:00",NASA-NOAA20,Medium,110.91589,-2.20468,False,False,False,False,False,False,Di Luar Area Pantauan (>1000m dari Desa)
Matan Hilir Selatan,Sungai Nanjung,"Senin, 21 September 2026 01:11:00",NASA-NOAA20,Medium,110.23781,-2.13182,False,False,False,False,False,False,Di Luar Area Pantauan (>1000m dari Desa)
Matan Hilir Selatan,Sungai Nanjung,"Senin, 21 September 2026 01:11:00",NASA-NOAA20,Medium,110.18911,-2.12751,False,False,False,True,False,True,Di Luar Area Pantauan (>1000m dari Desa)
Matan Hilir Selatan,Sungai Nanjung,"Senin, 21 September 2026 01:11:00",NASA-NOAA20,Medium,110.1788,-2.12588,False,False,True,True,False,True,Di Luar Area Pantauan (>1000m dari Desa)
Matan Hilir Selatan,Sungai Nanjung,"Senin, 21 September 2026 01:11:00",NASA-NOAA20,Medium,110.18568,-2.12697,False,False,True,True,False,True,Di Luar Area Pantauan (>1000m dari Desa)
Matan Hilir Selatan,Sungai Nanjung,"Senin, 21 September 2026 01:11:00",NASA-NOAA20,Medium,110.23729,-2.13513,False,False,False,False,False,False,Di Luar Area Pantauan (>1000m dari Desa)
Matan Hilir Selatan,Sungai Nanjung,"Senin, 21 September 2026 01:11:00",NASA-NOAA20,Medium,110.19308,-2.12475,False,False,False,False,False,False,Di Luar Area Pantauan (>1000m dari Desa)
Matan Hilir Selatan,Sungai Nanjung,"Senin, 21 September 2026 01:11:00",NASA-NOAA20,Medium,110.17484,-2.12864,False,False,True,True,False,True,Di Luar Area Pantauan (>1000m dari Desa)
Matan Hilir Selatan,Sungai Nanjung,"Senin, 21 September 2026 01:11:00",NASA-NOAA20,Medium,110.17828,-2.12919,False,False,True,True,False,True,Di Luar Area Pantauan (>1000m dari Desa)
Matan Hilir Selatan,Sungai Nanjung,"Senin, 21 September 2026 01:11:00",NASA-NOAA20,Medium,110.18172,-2.12973,False,False,True,True,False,True,Di Luar Area Pantauan (>1000m dari Desa)
Matan Hilir Selatan,Sungai Nanjung,"Senin, 21 September 2026 01:11:00",NASA-NOAA20,Medium,110.23866,-2.14891,False,False,True,True,False,True,Di Luar Area Pantauan (>1000m dari Desa)
Matan Hilir Selatan,Sungai Nanjung,"Senin, 21 September 2026 01:11:00",NASA-NOAA20,Medium,110.20028,-2.14623,False,False,False,True,False,True,Di Luar Area Pantauan (>1000m dari Desa)
Matan Hilir Selatan,Sungai Nanjung,"Senin, 21 September 2026 01:11:00",NASA-NOAA20,Medium,110.23814,-2.15222,False,False,True,True,False,True,Di Luar Area Pantauan (>1000m dari Desa)
Matan Hilir Selatan,Sungai Nanjung,"Senin, 21 September 2026 01:11:00",NASA-NOAA20,Medium,110.1281,-2.1348,False,False,False,True,False,True,Di Luar Area Pantauan (>1000m dari Desa)
Matan Hilir Selatan,Sungai Nanjung,"Senin, 21 September 2026 01:11:00",NASA-NOAA20,Medium,110.19685,-2.14568,False,False,True,True,False,True,Di Luar Area Pantauan (>1000m dari Desa)
Matan Hilir Selatan,Sungai Nanjung,"Senin, 21 September 2026 01:11:00",NASA-NOAA20,Medium,110.20372,-2.14677,False,False,True,True,False,True,Di Luar Area Pantauan (>1000m dari Desa)
Matan Hilir Selatan,Sungai Nanjung,"Senin, 21 September 2026 01:11:00",NASA-NOAA20,Medium,110.21748,-2.14895,False,False,True,True,False,True,Di Luar Area Pantauan (>1000m dari Desa)
Matan Hilir Selatan,Sungai Nanjung,"Senin, 21 September 2026 01:11:00",NASA-NOAA20,Medium,110.24846,-2.15385,False,False,True,True,False,True,Di Luar Area Pantauan (>1000m dari Desa)
Matan Hilir Selatan,Sungai Nanjung,"Senin, 21 September 2026 01:11:00",NASA-NOAA20,Medium,110.22092,-2.14949,False,False,True,True,False,True,Di Luar Area Pantauan (>1000m dari Desa)
Matan Hilir Selatan,Sungai Nanjung,"Senin, 21 September 2026 01:11:00",NASA-NOAA20,Medium,110.2347,-2.15167,False,False,True,True,False,True,Di Luar Area Pantauan (>1000m dari Desa)
Matan Hilir Selatan,Sungai Nanjung,"Senin, 21 September 2026 01:11:00",NASA-NOAA20,Medium,110.24503,-2.15331,False,False,True,True,False,True,Di Luar Area Pantauan (>1000m dari Desa)
Matan Hilir Selatan,Sungai Nanjung,"Senin, 21 September 2026 01:11:00",NASA-NOAA20,Medium,110.21009,-2.15117,False,False,True,True,False,True,Di Luar Area Pantauan (>1000m dari Desa)
Matan Hilir Selatan,Sungai Nanjung,"Senin, 21 September 2026 01:11:00",NASA-NOAA20,Medium,110.2445,-2.15661,False,False,True,True,False,True,Di Luar Area Pantauan (>1000m dari Desa)
Matan Hilir Selatan,Sungai Nanjung,"Senin, 21 September 2026 01:11:00",NASA-NOAA20,Medium,110.24794,-2.15716,False,False,True,True,False,True,Di Luar Area Pantauan (>1000m dari Desa)
Matan Hilir Selatan,Sungai Nanjung,"Senin, 21 September 2026 01:11:00",NASA-NOAA20,Medium,110.2032,-2.15008,False,False,False,True,False,True,Di Luar Area Pantauan (>1000m dari Desa)
Matan Hilir Selatan,Sungai Nanjung,"Senin, 21 September 2026 01:11:00",NASA-NOAA20,Medium,110.20664,-2.15062,False,False,True,True,False,True,Di Luar Area Pantauan (>1000m dari Desa)
Matan Hilir Selatan,Sungai Nanjung,"Senin, 21 September 2026 01:11:00",NASA-NOAA20,Medium,110.21696,-2.15226,False,False,True,True,False,True,Di Luar Area Pantauan (>1000m dari Desa)
Matan Hilir Selatan,Sungai Nanjung,"Senin, 21 September 2026 01:11:00",NASA-NOAA20,Medium,110.22041,-2.1528,False,False,True,True,False,True,Di Luar Area Pantauan (>1000m dari Desa)
Matan Hilir Selatan,Sungai Nanjung,"Senin, 21 September 2026 01:11:00",NASA-NOAA20,Medium,110.25483,-2.15825,False,False,True,True,True,True,Di Luar Area Pantauan (>1000m dari Desa)
Matan Hilir Selatan,Sungai Nanjung,"Senin, 21 September 2026 01:11:00",NASA-NOAA20,Medium,110.24743,-2.16047,False,False,True,True,False,True,Di Luar Area Pantauan (>1000m dari Desa)
Matan Hilir Selatan,Sungai Nanjung,"Senin, 21 September 2026 01:11:00",NASA-NOAA20,Medium,110.26119,-2.16265,False,False,True,True,True,True,Di Luar Area Pantauan (>1000m dari Desa)
Matan Hilir Selatan,Sungai Nanjung,"Senin, 21 September 2026 01:11:00",NASA-NOAA20,Medium,110.26807,-2.16374,False,False,True,True,True,True,Di Luar Area Pantauan (>1000m dari Desa)
Matan Hilir Selatan,Sungai Nanjung,"Senin, 21 September 2026 01:11:00",NASA-NOAA20,Medium,110.27152,-2.16428,False,False,True,True,True,True,Di Luar Area Pantauan (>1000m dari Desa)
Matan Hilir Selatan,Sungai Nanjung,"Senin, 21 September 2026 01:11:00",NASA-NOAA20,Medium,110.20612,-2.15393,False,False,False,True,False,True,Di Luar Area Pantauan (>1000m dari Desa)
Matan Hilir Selatan,Sungai Nanjung,"Senin, 21 September 2026 01:11:00",NASA-NOAA20,Medium,110.23314,-2.1616,False,False,True,True,False,True,Di Luar Area Pantauan (>1000m dari Desa)
Matan Hilir Selatan,Sungai Nanjung,"Senin, 21 September 2026 01:11:00",NASA-NOAA20,Medium,110.271,-2.16759,False,False,True,True,True,True,Di Luar Area Pantauan (>1000m dari Desa)
Matan Hilir Selatan,Sungai Nanjung,"Senin, 21 September 2026 01:11:00",NASA-NOAA20,Medium,110.2297,-2.16105,False,False,True,True,False,True,Di Luar Area Pantauan (>1000m dari Desa)
Matan Hilir Selatan,Sungai Nanjung,"Senin, 21 September 2026 01:11:00",NASA-NOAA20,Medium,110.25035,-2.16432,False,False,True,True,True,True,Di Luar Area Pantauan (>1000m dari Desa)
Matan Hilir Selatan,Sungai Nanjung,"Senin, 21 September 2026 01:11:00",NASA-NOAA20,Medium,110.23262,-2.16491,False,False,True,True,False,True,Di Luar Area Pantauan (>1000m dari Desa)
Matan Hilir Selatan,Sungai Nanjung,"Senin, 21 September 2026 01:11:00",NASA-NOAA20,Medium,110.22919,-2.16436,False,False,True,True,False,True,Di Luar Area Pantauan (>1000m dari Desa)
Marau,Rangkung,"Senin, 21 September 2026 01:11:00",NASA-NOAA20,Medium,110.52936,-2.21189,False,False,False,False,False,False,Di Luar Area Pantauan (>1000m dari Desa)
Matan Hilir Selatan,Sungai Nanjung,"Senin, 21 September 2026 01:11:00",NASA-NOAA20,Medium,110.27686,-2.1753,False,False,True,True,True,True,Di Luar Area Pantauan (>1000m dari Desa)
Matan Hilir Selatan,Sungai Nanjung,"Senin, 21 September 2026 01:11:00",NASA-NOAA20,Medium,110.2803,-2.17585,False,False,True,True,True,True,Di Luar Area Pantauan (>1000m dari Desa)
Kendawangan,Selimantan Jaya,"Senin, 21 September 2026 01:11:00",NASA-NOAA20,Medium,110.52885,-2.21521,False,False,False,False,False,False,Di Luar Area Pantauan (>1000m dari Desa)
Matan Hilir Selatan,Sungai Nanjung,"Senin, 21 September 2026 01:11:00",NASA-NOAA20,Medium,110.22523,-2.16712,False,False,True,True,False,True,Di Luar Area Pantauan (>1000m dari Desa)
Matan Hilir Selatan,Sungai Nanjung,"Senin, 21 September 2026 01:11:00",NASA-NOAA20,Medium,110.27341,-2.17476,False,False,True,True,True,True,Di Luar Area Pantauan (>1000m dari Desa)
Marau,Rangkung,"Senin, 21 September 2026 01:11:00",NASA-NOAA20,Medium,110.52192,-2.21411,False,False,False,False,False,False,Di Luar Area Pantauan (>1000m dari Desa)
Marau,Rangkung,"Senin, 21 September 2026 01:11:00",NASA-NOAA20,Medium,110.52538,-2.21466,False,False,False,False,False,False,Di Luar Area Pantauan (>1000m dari Desa)
Kendawangan,Selimantan Jaya,"Senin, 21 September 2026 01:11:00",NASA-NOAA20,Medium,110.52833,-2.21853,False,False,False,False,False,False,Di Luar Area Pantauan (>1000m dari Desa)
Matan Hilir Selatan,Sungai Nanjung,"Senin, 21 September 2026 01:11:00",NASA-NOAA20,Medium,110.27979,-2.17916,False,False,True,True,True,True,Di Luar Area Pantauan (>1000m dari Desa)
Manis Mata,Suak Burung,"Senin, 21 September 2026 01:11:00",NASA-NOAA20,Medium,111.05531,-2.30546,False,False,False,False,False,False,Di Luar Area Pantauan (>1000m dari Desa)
Matan Hilir Selatan,Sungai Nanjung,"Senin, 21 September 2026 01:11:00",NASA-NOAA20,Medium,110.21353,-2.15171,False,False,True,True,False,True,Di Luar Area Pantauan (>1000m dari Desa)
Matan Hilir Selatan,Sungai Nanjung,"Senin, 21 September 2026 01:11:00",NASA-NOAA20,Medium,110.24124,-2.13236,False,False,False,False,False,False,Di Luar Area Pantauan (>1000m dari Desa)
Matan Hilir Selatan,Sungai Nanjung,"Senin, 21 September 2026 01:11:00",NASA-NOAA20,Medium,110.24072,-2.13567,False,False,False,False,False,False,Di Luar Area Pantauan (>1000m dari Desa)
Matan Hilir Selatan,Sungai Nanjung,"Senin, 21 September 2026 01:11:00",NASA-NOAA20,Medium,110.23832,-2.12851,False,False,False,False,False,False,Di Luar Area Pantauan (>1000m dari Desa)
Matan Hilir Selatan,Sungai Nanjung,"Senin, 21 September 2026 01:11:00",NASA-NOAA20,Medium,110.1862,-2.12366,False,False,True,True,False,True,Di Luar Area Pantauan (>1000m dari Desa)
Kendawangan,Pangkalan Batu,"Senin, 21 September 2026 01:11:00",NASA-NOAA20,Medium,110.37853,-2.15746,False,False,False,False,False,False,Di Luar Area Pantauan (>1000m dari Desa)
Matan Hilir Selatan,Sungai Nanjung,"Senin, 21 September 2026 01:11:00",NASA-NOAA20,Medium,110.23676,-2.13844,False,False,False,False,False,False,Di Luar Area Pantauan (>1000m dari Desa)
Matan Hilir Selatan,Sungai Nanjung,"Senin, 21 September 2026 01:11:00",NASA-NOAA20,Medium,110.24158,-2.15276,False,False,True,True,False,True,Di Luar Area Pantauan (>1000m dari Desa)
Manis Mata,Silat,"Senin, 21 September 2026 01:11:00",NASA-NOAA20,Medium,111.02065,-2.27254,False,False,False,False,False,False,Di Luar Area Pantauan (>1000m dari Desa)
Matan Hilir Selatan,Sungai Nanjung,"Senin, 21 September 2026 01:11:00",NASA-NOAA20,Medium,110.2421,-2.14945,False,False,True,True,False,True,Di Luar Area Pantauan (>1000m dari Desa)
Matan Hilir Selatan,Sungai Nanjung,"Senin, 21 September 2026 01:11:00",NASA-NOAA20,Medium,110.24898,-2.15054,False,False,False,True,False,True,Di Luar Area Pantauan (>1000m dari Desa)
Matan Hilir Selatan,Sungai Nanjung,"Senin, 21 September 2026 01:11:00",NASA-NOAA20,Medium,110.24554,-2.15,False,False,True,True,False,True,Di Luar Area Pantauan (>1000m dari Desa)
Matan Hilir Selatan,Sungai Nanjung,"Senin, 21 September 2026 01:11:00",NASA-NOAA20,Medium,110.25191,-2.1544,False,False,False,True,True,True,Di Luar Area Pantauan (>1000m dari Desa)
Matan Hilir Selatan,Sungai Nanjung,"Senin, 21 September 2026 01:11:00",NASA-NOAA20,Medium,110.13101,-2.13865,False,False,False,True,False,True,Di Luar Area Pantauan (>1000m dari Desa)
Matan Hilir Selatan,Sungai Nanjung,"Senin, 21 September 2026 01:11:00",NASA-NOAA20,Medium,110.22282,-2.15996,False,False,True,True,False,True,Di Luar Area Pantauan (>1000m dari Desa)
Matan Hilir Selatan,Sungai Nanjung,"Senin, 21 September 2026 01:11:00",NASA-NOAA20,Medium,110.19633,-2.14899,False,False,True,True,False,True,Di Luar Area Pantauan (>1000m dari Desa)
Matan Hilir Selatan,Sungai Nanjung,"Senin, 21 September 2026 01:11:00",NASA-NOAA20,Medium,110.26171,-2.15934,False,False,True,True,True,True,Di Luar Area Pantauan (>1000m dari Desa)
Matan Hilir Selatan,Sungai Nanjung,"Senin, 21 September 2026 01:11:00",NASA-NOAA20,Medium,110.25827,-2.15879,False,False,False,False,True,True,Di Luar Area Pantauan (>1000m dari Desa)
Matan Hilir Selatan,Sungai Nanjung,"Senin, 21 September 2026 01:11:00",NASA-NOAA20,Medium,110.18894,-2.15121,False,False,True,True,False,True,Di Luar Area Pantauan (>1000m dari Desa)
Matan Hilir Selatan,Sungai Nanjung,"Senin, 21 September 2026 01:11:00",NASA-NOAA20,Medium,110.23108,-2.17483,False,False,True,True,False,True,Di Luar Area Pantauan (>1000m dari Desa)
Marau,Rangkung,"Senin, 21 September 2026 01:11:00",NASA-NOAA20,Medium,110.52486,-2.21798,False,False,False,False,False,False,Di Luar Area Pantauan (>1000m dari Desa)
Matan Hilir Selatan,Pesaguan Kanan,"Senin, 21 September 2026 01:11:00",NASA-NOAA20,Medium,110.18314,-2.07572,False,False,True,True,False,True,Di Luar Area Pantauan (>1000m dari Desa)
Matan Hilir Selatan,Sungai Nanjung,"Senin, 21 September 2026 01:11:00",NASA-NOAA20,Medium,110.12758,-2.13811,False,False,False,True,False,True,Di Luar Area Pantauan (>1000m dari Desa)
Matan Hilir Selatan,Sungai Nanjung,"Senin, 21 September 2026 01:11:00",NASA-NOAA20,Medium,110.12315,-2.18843,False,False,False,False,False,False,Di Luar Area Pantauan (>1000m dari Desa)
Matan Hilir Selatan,Sungai Nanjung,"Senin, 21 September 2026 01:11:00",NASA-NOAA20,Medium,110.11971,-2.18789,False,False,False,False,False,False,Di Luar Area Pantauan (>1000m dari Desa)
Matan Hilir Selatan,Sungai Nanjung,"Senin, 21 September 2026 01:11:00",NASA-NOAA20,Medium,110.12658,-2.18897,False,False,False,False,False,False,Di Luar Area Pantauan (>1000m dari Desa)
Matan Hilir Selatan,Pagar Mentimun,"Senin, 21 September 2026 01:11:00",NASA-NOAA20,Medium,110.1668,-2.2021,False,False,False,False,False,False,Di Luar Area Pantauan (>1000m dari Desa)
Matan Hilir Selatan,Pagar Mentimun,"Senin, 21 September 2026 01:11:00",NASA-NOAA20,Medium,110.17368,-2.20319,False,False,False,False,False,False,Di Luar Area Pantauan (>1000m dari Desa)
Matan Hilir Selatan,Pagar Mentimun,"Senin, 21 September 2026 01:11:00",NASA-NOAA20,Medium,110.17024,-2.20265,False,False,False,False,False,False,Di Luar Area Pantauan (>1000m dari Desa)
Matan Hilir Selatan,Pagar Mentimun,"Senin, 21 September 2026 01:11:00",NASA-NOAA20,Medium,110.18933,-2.21583,False,False,False,False,False,False,Di Luar Area Pantauan (>1000m dari Desa)
Matan Hilir Selatan,Pagar Mentimun,"Senin, 21 September 2026 01:11:00",NASA-NOAA20,Medium,110.16576,-2.20872,False,False,False,False,False,False,Di Luar Area Pantauan (>1000m dari Desa)
Matan Hilir Selatan,Pagar Mentimun,"Senin, 21 September 2026 01:11:00",NASA-NOAA20,Medium,110.16473,-2.21534,False,False,True,False,False,True,Di Luar Area Pantauan (>1000m dari Desa)
Manis Mata,Suak Burung,"Senin, 21 September 2026 01:11:00",NASA-NOAA20,Medium,111.0079,-2.35512,False,False,False,False,False,False,Di Luar Area Pantauan (>1000m dari Desa)
Matan Hilir Selatan,Pagar Mentimun,"Senin, 21 September 2026 01:11:00",NASA-NOAA20,Medium,110.16662,-2.2258,False,False,True,False,False,True,Di Luar Area Pantauan (>1000m dari Desa)
Matan Hilir Selatan,Pagar Mentimun,"Senin, 21 September 2026 01:11:00",NASA-NOAA20,Medium,110.16319,-2.22526,False,False,True,False,False,True,Di Luar Area Pantauan (>1000m dari Desa)
Matan Hilir Selatan,Pagar Mentimun,"Senin, 21 September 2026 01:11:00",NASA-NOAA20,Medium,110.16611,-2.22911,False,False,True,False,False,True,Di Luar Area Pantauan (>1000m dari Desa)
Matan Hilir Selatan,Pagar Mentimun,"Senin, 21 September 2026 01:11:00",NASA-NOAA20,Medium,110.15029,-2.24017,False,False,True,False,False,True,Di Luar Area Pantauan (>1000m dari Desa)
Matan Hilir Selatan,Pagar Mentimun,"Senin, 21 September 2026 01:11:00",NASA-NOAA20,Medium,110.14977,-2.24347,False,False,True,False,False,True,Di Luar Area Pantauan (>1000m dari Desa)
Matan Hilir Selatan,Pagar Mentimun,"Senin, 21 September 2026 01:11:00",NASA-NOAA20,Medium,110.15269,-2.24733,False,False,False,False,False,False,Di Luar Area Pantauan (>1000m dari Desa)
Matan Hilir Selatan,Pagar Mentimun,"Senin, 21 September 2026 01:11:00",NASA-NOAA20,Medium,110.19982,-2.26156,False,False,False,False,False,False,Di Luar Area Pantauan (>1000m dari Desa)
Matan Hilir Selatan,Pagar Mentimun,"Senin, 21 September 2026 01:11:00",NASA-NOAA20,Medium,110.19637,-2.26102,False,False,False,False,False,False,Di Luar Area Pantauan (>1000m dari Desa)
Matan Hilir Selatan,Sungai Nanjung,"Senin, 21 September 2026 01:11:00",NASA-NOAA20,Medium,110.17845,-2.17328,False,False,False,False,False,False,Di Luar Area Pantauan (>1000m dari Desa)
Matan Hilir Selatan,Sungai Nanjung,"Senin, 21 September 2026 01:11:00",NASA-NOAA20,Medium,110.12366,-2.18512,False,False,False,False,False,False,Di Luar Area Pantauan (>1000m dari Desa)
Matan Hilir Selatan,Sungai Nanjung,"Senin, 21 September 2026 01:11:00",NASA-NOAA20,Medium,110.28744,-2.19741,False,False,False,False,True,True,Di Luar Area Pantauan (>1000m dari Desa)
Matan Hilir Selatan,Pagar Mentimun,"Senin, 21 September 2026 01:11:00",NASA-NOAA20,Medium,110.16972,-2.20596,False,False,False,False,False,False,Di Luar Area Pantauan (>1000m dari Desa)
Matan Hilir Selatan,Pagar Mentimun,"Senin, 21 September 2026 01:11:00",NASA-NOAA20,Medium,110.14926,-2.24678,False,False,False,False,False,False,Di Luar Area Pantauan (>1000m dari Desa)
Matan Hilir Selatan,Sungai Nanjung,"Senin, 21 September 2026 01:11:00",NASA-NOAA20,Medium,110.12607,-2.19228,False,False,False,False,False,False,Di Luar Area Pantauan (>1000m dari Desa)
Matan Hilir Selatan,Sungai Nanjung,"Senin, 21 September 2026 01:11:00",NASA-NOAA20,Medium,110.16732,-2.1988,False,False,False,False,False,False,Di Luar Area Pantauan (>1000m dari Desa)
Matan Hilir Selatan,Pagar Mentimun,"Senin, 21 September 2026 01:11:00",NASA-NOAA20,Medium,110.15735,-2.21756,False,False,True,False,False,True,Di Luar Area Pantauan (>1000m dari Desa)
Matan Hilir Selatan,Pagar Mentimun,"Senin, 21 September 2026 01:11:00",NASA-NOAA20,Medium,110.17316,-2.2065,False,False,False,False,False,False,Di Luar Area Pantauan (>1000m dari Desa)
Manis Mata,Suak Burung,"Senin, 21 September 2026 01:11:00",NASA-NOAA20,Medium,111.01144,-2.35567,False,False,False,False,False,False,Di Luar Area Pantauan (>1000m dari Desa)
Matan Hilir Selatan,Pagar Mentimun,"Senin, 21 September 2026 01:11:00",NASA-NOAA20,Medium,110.16026,-2.22141,False,False,True,False,False,True,Di Luar Area Pantauan (>1000m dari Desa)
Matan Hilir Selatan,Pagar Mentimun,"Senin, 21 September 2026 01:11:00",NASA-NOAA20,Medium,110.10578,-2.2094,False,False,False,False,False,False,Di Luar Area Pantauan (>1000m dari Desa)
Manis Mata,Ratu Elok,"Senin, 21 September 2026 01:11:00",NASA-NOAA20,Medium,111.03822,-2.53602,False,False,False,False,False,False,Di Luar Area Pantauan (>1000m dari Desa)
Kendawangan,Seriam,"Senin, 21 September 2026 01:11:00",NASA-NOAA20,Medium,110.45152,-2.48483,False,False,False,False,False,False,Di Luar Area Pantauan (>1000m dari Desa)
Kendawangan,Seriam,"Senin, 21 September 2026 01:11:00",NASA-NOAA20,Medium,110.4446,-2.48374,False,False,False,False,False,False,Di Luar Area Pantauan (>1000m dari Desa)
Kendawangan,Seriam,"Senin, 21 September 2026 01:11:00",NASA-NOAA20,Medium,110.44806,-2.48429,False,False,False,False,False,False,Di Luar Area Pantauan (>1000m dari Desa)
Kendawangan,Seriam,"Senin, 21 September 2026 01:11:00",NASA-NOAA20,Medium,110.44651,-2.49424,False,False,False,False,False,False,Di Luar Area Pantauan (>1000m dari Desa)
Kendawangan,Bangkal Serai,"Senin, 21 September 2026 01:11:00",NASA-NOAA20,Medium,110.52517,-2.51346,False,False,False,False,False,False,Di Luar Area Pantauan (>1000m dari Desa)
Kendawangan,Air Tarap,"Senin, 21 September 2026 01:11:00",NASA-NOAA20,Medium,110.74452,-2.54809,False,False,False,False,False,False,Di Luar Area Pantauan (>1000m dari Desa)
Kendawangan,Seriam,"Senin, 21 September 2026 01:11:00",NASA-NOAA20,Medium,110.43699,-2.50973,False,False,False,False,False,False,Di Luar Area Pantauan (>1000m dari Desa)
Kendawangan,Seriam,"Senin, 21 September 2026 01:11:00",NASA-NOAA20,Medium,110.43353,-2.50918,False,False,False,False,False,False,Di Luar Area Pantauan (>1000m dari Desa)
Kendawangan,Seriam,"Senin, 21 September 2026 01:11:00",NASA-NOAA20,Medium,110.44045,-2.51028,False,False,False,False,False,False,Di Luar Area Pantauan (>1000m dari Desa)
Kendawangan,Seriam,"Senin, 21 September 2026 01:11:00",NASA-NOAA20,Medium,110.43596,-2.51637,False,False,False,False,True,True,Di Luar Area Pantauan (>1000m dari Desa)
Kendawangan,Seriam,"Senin, 21 September 2026 01:11:00",NASA-NOAA20,Medium,110.4325,-2.51582,False,False,False,False,False,False,Di Luar Area Pantauan (>1000m dari Desa)
Kendawangan,Air Hitam Besar,"Senin, 21 September 2026 01:11:00",NASA-NOAA20,Medium,110.74906,-2.67809,False,False,False,False,False,False,Di Luar Area Pantauan (>1000m dari Desa)
Kendawangan,Air Hitam Besar,"Senin, 21 September 2026 01:11:00",NASA-NOAA20,Medium,110.65563,-2.70369,False,False,False,False,False,False,Di Luar Area Pantauan (>1000m dari Desa)
Kendawangan,Airhitam Hulu,"Senin, 21 September 2026 01:11:00",NASA-NOAA20,Medium,110.62778,-2.69931,False,False,False,False,False,False,Di Luar Area Pantauan (>1000m dari Desa)
Kendawangan,Seriam,"Senin, 21 September 2026 01:11:00",NASA-NOAA20,Medium,110.37965,-2.6705,False,False,False,False,True,True,Di Luar Area Pantauan (>1000m dari Desa)
Kendawangan,Seriam,"Senin, 21 September 2026 01:11:00",NASA-NOAA20,Medium,110.36581,-2.66832,False,False,False,False,True,True,Di Luar Area Pantauan (>1000m dari Desa)
Kendawangan,Seriam,"Senin, 21 September 2026 01:11:00",NASA-NOAA20,Medium,110.38311,-2.67104,False,False,False,False,True,True,Di Luar Area Pantauan (>1000m dari Desa)
Kendawangan,Seriam,"Senin, 21 September 2026 01:11:00",NASA-NOAA20,Medium,110.36235,-2.66777,False,False,False,False,True,True,Di Luar Area Pantauan (>1000m dari Desa)
Kendawangan,Seriam,"Senin, 21 September 2026 01:11:00",NASA-NOAA20,Medium,110.35889,-2.66723,False,False,False,False,True,True,Di Luar Area Pantauan (>1000m dari Desa)
Kendawangan,Air Hitam Besar,"Senin, 21 September 2026 01:11:00",NASA-NOAA20,Medium,110.67502,-2.71697,False,False,False,False,False,False,Di Luar Area Pantauan (>1000m dari Desa)
Manis Mata,Suka Ramai,"Senin, 21 September 2026 01:11:00",NASA-NOAA20,Medium,110.99749,-2.77442,False,False,False,False,False,False,Di Luar Area Pantauan (>1000m dari Desa)
Kendawangan,Seriam,"Senin, 21 September 2026 01:11:00",NASA-NOAA20,Medium,110.36478,-2.67495,False,False,False,False,True,True,Di Luar Area Pantauan (>1000m dari Desa)
Kendawangan,Seriam,"Senin, 21 September 2026 01:11:00",NASA-NOAA20,Medium,110.36823,-2.6755,False,False,False,False,True,True,Di Luar Area Pantauan (>1000m dari Desa)
Kendawangan,Danau Buntar,"Senin, 21 September 2026 01:11:00",NASA-NOAA20,Medium,110.96052,-2.77893,False,False,False,False,False,False,Di Luar Area Pantauan (>1000m dari Desa)
Kendawangan,Air Hitam Besar,"Senin, 21 September 2026 01:11:00",NASA-NOAA20,Medium,110.66498,-2.73586,False,False,False,False,False,False,Di Luar Area Pantauan (>1000m dari Desa)
Kendawangan,Danau Buntar,"Senin, 21 September 2026 01:11:00",NASA-NOAA20,Medium,110.95647,-2.78172,False,False,False,False,False,False,Di Luar Area Pantauan (>1000m dari Desa)
Kendawangan,Danau Buntar,"Senin, 21 September 2026 01:11:00",NASA-NOAA20,Medium,110.95292,-2.78116,False,False,False,False,False,False,Di Luar Area Pantauan (>1000m dari Desa)
Kendawangan,Danau Buntar,"Senin, 21 September 2026 01:11:00",NASA-NOAA20,Medium,110.96301,-2.78618,False,False,False,False,False,False,Di Luar Area Pantauan (>1000m dari Desa)
Kendawangan,Danau Buntar,"Senin, 21 September 2026 01:11:00",NASA-NOAA20,Medium,110.97363,-2.78785,False,False,False,False,False,False,Di Luar Area Pantauan (>1000m dari Desa)
Kendawangan,Danau Buntar,"Senin, 21 September 2026 01:11:00",NASA-NOAA20,Medium,110.96603,-2.79009,False,False,False,False,False,False,Di Luar Area Pantauan (>1000m dari Desa)
Kendawangan,Danau Buntar,"Senin, 21 September 2026 01:11:00",NASA-NOAA20,Medium,110.96249,-2.78953,False,False,False,False,False,False,Di Luar Area Pantauan (>1000m dari Desa)
Kendawangan,Danau Buntar,"Senin, 21 September 2026 01:11:00",NASA-NOAA20,Medium,110.97311,-2.79121,False,False,False,False,False,False,Di Luar Area Pantauan (>1000m dari Desa)
Kendawangan,Danau Buntar,"Senin, 21 September 2026 01:11:00",NASA-NOAA20,Medium,110.96957,-2.79065,False,False,False,False,False,False,Di Luar Area Pantauan (>1000m dari Desa)
Kendawangan,Danau Buntar,"Senin, 21 September 2026 01:11:00",NASA-NOAA20,Medium,110.95895,-2.78898,False,False,True,False,False,True,Di Luar Area Pantauan (>1000m dari Desa)
Kendawangan,Danau Buntar,"Senin, 21 September 2026 01:11:00",NASA-NOAA20,Medium,110.96144,-2.79624,False,False,True,False,False,True,Di Luar Area Pantauan (>1000m dari Desa)
Kendawangan,Danau Buntar,"Senin, 21 September 2026 01:11:00",NASA-NOAA20,Medium,110.95791,-2.79568,False,False,True,False,False,True,Di Luar Area Pantauan (>1000m dari Desa)
Kendawangan,Danau Buntar,"Senin, 21 September 2026 01:11:00",NASA-NOAA20,Medium,110.96499,-2.79679,False,False,True,False,False,True,Di Luar Area Pantauan (>1000m dari Desa)
Kendawangan,Danau Buntar,"Senin, 21 September 2026 01:11:00",NASA-NOAA20,Medium,110.96853,-2.79735,False,False,False,False,False,False,Di Luar Area Pantauan (>1000m dari Desa)
Kendawangan,Seriam,"Senin, 21 September 2026 01:11:00",NASA-NOAA20,Medium,110.43838,-2.52355,False,False,False,False,True,True,Di Luar Area Pantauan (>1000m dari Desa)
Kendawangan,Airhitam Hulu,"Senin, 21 September 2026 01:11:00",NASA-NOAA20,Medium,110.62535,-2.66876,False,False,False,False,False,False,Di Luar Area Pantauan (>1000m dari Desa)
Kendawangan,Airhitam Hulu,"Senin, 21 September 2026 01:11:00",NASA-NOAA20,Medium,110.62484,-2.67209,False,False,False,False,False,False,Di Luar Area Pantauan (>1000m dari Desa)
Kendawangan,Seriam,"Senin, 21 September 2026 01:11:00",NASA-NOAA20,Medium,110.32258,-2.6276,False,False,False,False,True,True,Di Luar Area Pantauan (>1000m dari Desa)
Kendawangan,Air Hitam Besar,"Senin, 21 September 2026 01:11:00",NASA-NOAA20,Medium,110.65823,-2.68704,False,False,False,False,False,False,Di Luar Area Pantauan (>1000m dari Desa)
Manis Mata,Suka Ramai,"Senin, 21 September 2026 01:11:00",NASA-NOAA20,Medium,111.04421,-2.75424,False,False,False,False,False,False,Di Luar Area Pantauan (>1000m dari Desa)
Kendawangan,Bangkal Serai,"Senin, 21 September 2026 01:11:00",NASA-NOAA20,Medium,110.46402,-2.54121,False,False,False,False,True,True,Di Luar Area Pantauan (>1000m dari Desa)
Kendawangan,Danau Buntar,"Senin, 21 September 2026 01:11:00",NASA-NOAA20,Medium,110.92609,-2.62723,False,False,False,False,False,False,Di Luar Area Pantauan (>1000m dari Desa)
Kendawangan,Seriam,"Senin, 21 September 2026 01:11:00",NASA-NOAA20,Medium,110.44566,-2.56549,False,False,False,False,True,True,Di Luar Area Pantauan (>1000m dari Desa)
Kendawangan,Seriam,"Senin, 21 September 2026 01:11:00",NASA-NOAA20,Medium,110.43873,-2.5644,False,False,False,False,True,True,Di Luar Area Pantauan (>1000m dari Desa)
Kendawangan,Bangkal Serai,"Senin, 21 September 2026 01:11:00",NASA-NOAA20,Medium,110.47028,-2.58978,False,False,False,False,True,True,Di Luar Area Pantauan (>1000m dari Desa)
Kendawangan,Bangkal Serai,"Senin, 21 September 2026 01:11:00",NASA-NOAA20,Medium,110.47375,-2.59032,False,False,False,False,True,True,Di Luar Area Pantauan (>1000m dari Desa)
Kendawangan,Airhitam Hulu,"Senin, 21 September 2026 01:11:00",NASA-NOAA20,Medium,110.6256,-2.62106,False,False,False,False,False,False,Di Luar Area Pantauan (>1000m dari Desa)
Kendawangan,Air Hitam Besar,"Senin, 21 September 2026 01:11:00",NASA-NOAA20,Medium,110.68733,-2.63761,False,False,False,False,False,False,Di Luar Area Pantauan (>1000m dari Desa)
Kendawangan,Air Hitam Besar,"Senin, 21 September 2026 01:11:00",NASA-NOAA20,Medium,110.68384,-2.63706,False,False,False,False,False,False,Di Luar Area Pantauan (>1000m dari Desa)
Matan Hilir Selatan,Sungai Nanjung,"Senin, 21 September 2026 01:11:00",NASA-NOAA20,Medium,110.18964,-2.1242,False,False,False,True,False,True,Di Luar Area Pantauan (>1000m dari Desa)
Kendawangan,Pangkalan Batu,"Senin, 21 September 2026 01:11:00",NASA-NOAA20,Medium,110.37801,-2.16077,False,False,False,False,False,False,Di Luar Area Pantauan (>1000m dari Desa)
Kendawangan,Airhitam Hulu,"Senin, 21 September 2026 01:11:00",NASA-NOAA20,Medium,110.62403,-2.63104,False,False,False,False,False,False,Di Luar Area Pantauan (>1000m dari Desa)
Kendawangan,Air Hitam Besar,"Senin, 21 September 2026 01:11:00",NASA-NOAA20,Medium,110.68578,-2.64761,False,False,False,False,False,False,Di Luar Area Pantauan (>1000m dari Desa)
Matan Hilir Selatan,Sungai Nanjung,"Senin, 21 September 2026 01:11:00",NASA-NOAA20,Medium,110.18499,-2.15397,False,False,True,True,False,True,Di Luar Area Pantauan (>1000m dari Desa)
Kendawangan,Mekar Utama,"Senin, 21 September 2026 01:11:00",NASA-NOAA20,Medium,110.22029,-2.28854,False,False,False,False,False,False,Di Luar Area Pantauan (>1000m dari Desa)
Kendawangan,Mekar Utama,"Senin, 21 September 2026 01:11:00",NASA-NOAA20,Medium,110.22279,-2.29262,False,False,False,False,False,False,Di Luar Area Pantauan (>1000m dari Desa)
Kendawangan,Mekar Utama,"Senin, 21 September 2026 01:11:00",NASA-NOAA20,Medium,110.21935,-2.29208,False,False,False,False,False,False,Di Luar Area Pantauan (>1000m dari Desa)
Kendawangan,Mekar Utama,"Senin, 21 September 2026 01:11:00",NASA-NOAA20,Medium,110.22623,-2.29317,False,False,False,False,False,False,Di Luar Area Pantauan (>1000m dari Desa)
Kendawangan,Mekar Utama,"Senin, 21 September 2026 01:11:00",NASA-NOAA20,Medium,110.22227,-2.29593,False,False,False,False,False,False,Di Luar Area Pantauan (>1000m dari Desa)
Kendawangan,Mekar Utama,"Senin, 21 September 2026 01:11:00",NASA-NOAA20,Medium,110.23312,-2.29425,False,False,False,False,False,False,Di Luar Area Pantauan (>1000m dari Desa)
Kendawangan,Mekar Utama,"Senin, 21 September 2026 01:11:00",NASA-NOAA20,Medium,110.22572,-2.29647,False,False,False,False,False,False,Di Luar Area Pantauan (>1000m dari Desa)
Kendawangan,Air Hitam Besar,"Senin, 21 September 2026 01:11:00",NASA-NOAA20,Medium,110.67776,-2.65317,False,False,False,False,False,False,Di Luar Area Pantauan (>1000m dari Desa)
Kendawangan,Air Hitam Besar,"Senin, 21 September 2026 01:11:00",NASA-NOAA20,Medium,110.68073,-2.65705,False,False,False,False,False,False,Di Luar Area Pantauan (>1000m dari Desa)
Kendawangan,Mekar Utama,"Senin, 21 September 2026 01:11:00",NASA-NOAA20,Medium,110.20798,-2.29707,False,False,True,False,False,True,Di Luar Area Pantauan (>1000m dari Desa)
Kendawangan,Mekar Utama,"Senin, 21 September 2026 01:11:00",NASA-NOAA20,Medium,110.21487,-2.29815,False,False,True,False,False,True,Di Luar Area Pantauan (>1000m dari Desa)
Kendawangan,Mekar Utama,"Senin, 21 September 2026 01:11:00",NASA-NOAA20,Medium,110.21435,-2.30146,False,False,True,False,False,True,Di Luar Area Pantauan (>1000m dari Desa)
Kendawangan,Banjar Sari,"Senin, 21 September 2026 01:11:00",NASA-NOAA20,Medium,110.35912,-2.32429,False,False,False,False,False,False,Di Luar Area Pantauan (>1000m dari Desa)
Pinoh Utara,Manding,"Senin, 21 September 2026 01:11:00",NASA-NOAA20,Medium,111.80518,-0.2829,False,False,False,False,False,False,Di Luar Area Pantauan (>1000m dari Desa)
Pinoh Utara,Manding,"Senin, 21 September 2026 01:11:00",NASA-NOAA20,Medium,111.80161,-0.28234,False,False,True,False,False,True,Di Luar Area Pantauan (>1000m dari Desa)
Pinoh Utara,Melawi Kiri Hilir,"Senin, 21 September 2026 01:11:00",NASA-NOAA20,Medium,111.73765,-0.29297,False,False,False,True,False,True,Di Luar Area Pantauan (>1000m dari Desa)
Pinoh Utara,Melawi Kiri Hilir,"Senin, 21 September 2026 01:11:00",NASA-NOAA20,Medium,111.73712,-0.29634,False,False,False,False,False,False,Di Luar Area Pantauan (>1000m dari Desa)
Pinoh Utara,Manding,"Senin, 21 September 2026 01:11:00",NASA-NOAA20,Medium,111.78152,-0.31717,False,False,False,False,False,False,Di Luar Area Pantauan (>1000m dari Desa)
Tempunak,Sungai Buluh,"Senin, 21 September 2026 01:11:00",NASA-NOAA20,Medium,111.26455,-0.26599,False,False,True,False,False,True,Di Luar Area Pantauan (>1000m dari Desa)
Tempunak,Sungai Buluh,"Senin, 21 September 2026 01:11:00",NASA-NOAA20,Medium,111.27252,-0.26043,False,False,False,False,False,False,Di Luar Area Pantauan (>1000m dari Desa)
Belimbing,Upit,"Senin, 21 September 2026 01:11:00",NASA-NOAA20,Medium,111.46336,-0.37215,False,False,False,False,False,False,Di Luar Area Pantauan (>1000m dari Desa)
Ella Hilir,Nyanggau,"Senin, 21 September 2026 01:11:00",NASA-NOAA20,Medium,112.13081,-0.5267,False,False,False,False,False,False,Di Luar Area Pantauan (>1000m dari Desa)
Ella Hilir,Nanga Nyuruh,"Senin, 21 September 2026 01:11:00",NASA-NOAA20,Medium,112.12715,-0.52612,False,False,False,False,False,False,Di Luar Area Pantauan (>1000m dari Desa)
Ella Hilir,Nyanggau,"Senin, 21 September 2026 01:11:00",NASA-NOAA20,Medium,112.13175,-0.52707,False,False,False,False,False,False,Di Luar Area Pantauan (>1000m dari Desa)
Ella Hilir,Nyanggau,"Senin, 21 September 2026 01:11:00",NASA-NOAA20,Medium,112.12811,-0.5265,False,False,False,False,False,False,Di Luar Area Pantauan (>1000m dari Desa)
Ella Hilir,Nyanggau,"Senin, 21 September 2026 01:11:00",NASA-NOAA20,Medium,112.13123,-0.53048,False,False,False,False,False,False,Di Luar Area Pantauan (>1000m dari Desa)
Ella Hilir,Nyanggau,"Senin, 21 September 2026 01:11:00",NASA-NOAA20,Medium,112.13486,-0.53105,False,False,False,False,False,False,Di Luar Area Pantauan (>1000m dari Desa)
Ella Hilir,Nyanggau,"Senin, 21 September 2026 01:11:00",NASA-NOAA20,Medium,112.1385,-0.53162,False,False,False,False,False,False,Di Luar Area Pantauan (>1000m dari Desa)
Ella Hilir,Nanga Nyuruh,"Senin, 21 September 2026 01:11:00",NASA-NOAA20,Medium,112.03089,-0.52526,False,False,False,False,True,True,Di Luar Area Pantauan (>1000m dari Desa)
Ella Hilir,Perembang Nyuruh,"Senin, 21 September 2026 01:11:00",NASA-NOAA20,Medium,112.155,-0.56918,False,False,False,False,False,False,Di Luar Area Pantauan (>1000m dari Desa)
Ella Hilir,Perembang Nyuruh,"Senin, 21 September 2026 01:11:00",NASA-NOAA20,Medium,112.13831,-0.58055,False,False,False,False,False,False,Di Luar Area Pantauan (>1000m dari Desa)
Ella Hilir,Perembang Nyuruh,"Senin, 21 September 2026 01:11:00",NASA-NOAA20,Medium,112.14204,-0.58113,False,False,False,False,False,False,Di Luar Area Pantauan (>1000m dari Desa)
Pinoh Selatan,Nanga Pintas,"Senin, 21 September 2026 01:11:00",NASA-NOAA20,Medium,111.78814,-0.53562,False,False,False,False,False,False,Di Luar Area Pantauan (>1000m dari Desa)
Ella Hilir,Perembang Nyuruh,"Senin, 21 September 2026 01:11:00",NASA-NOAA20,Medium,112.14147,-0.58454,False,False,False,False,False,False,Di Luar Area Pantauan (>1000m dari Desa)
Pinoh Selatan,Nyanggai,"Senin, 21 September 2026 01:11:00",NASA-NOAA20,Medium,111.81079,-0.55651,False,False,True,False,False,True,Di Luar Area Pantauan (>1000m dari Desa)
Belimbing Hulu,Nanga Raya,"Senin, 21 September 2026 01:11:00",NASA-NOAA20,Medium,111.44214,-0.57934,False,False,True,False,False,True,Di Luar Area Pantauan (>1000m dari Desa)
Sayan,Landau Sandak,"Senin, 21 September 2026 01:11:00",NASA-NOAA20,Medium,111.69122,-0.82917,False,False,False,False,False,False,Di Luar Area Pantauan (>1000m dari Desa)
Simpang Dua,Kampar Sebomban,"Senin, 21 September 2026 01:11:00",NASA-NOAA20,Medium,110.12832,-0.84024,False,False,True,True,False,True,Di Luar Area Pantauan (>1000m dari Desa)
Simpang Dua,Kampar Sebomban,"Senin, 21 September 2026 01:11:00",NASA-NOAA20,Medium,110.13174,-0.84079,False,False,True,True,False,True,Di Luar Area Pantauan (>1000m dari Desa)
Ella Hilir,Nanga Nyuruh,"Senin, 21 September 2026 01:11:00",NASA-NOAA20,Medium,112.08571,-0.55828,False,False,False,False,True,True,Di Luar Area Pantauan (>1000m dari Desa)
Pinoh Selatan,Pelinggang,"Senin, 21 September 2026 01:11:00",NASA-NOAA20,Medium,111.81031,-0.41323,False,False,False,False,False,False,Di Luar Area Pantauan (>1000m dari Desa)
Belimbing,Upit,"Senin, 21 September 2026 01:11:00",NASA-NOAA20,Medium,111.45984,-0.37159,False,False,False,False,False,False,Di Luar Area Pantauan (>1000m dari Desa)
Nanga Pinoh,Nanga Kayan,"Senin, 21 September 2026 01:11:00",NASA-NOAA20,Medium,111.63226,-0.21931,False,False,False,False,False,False,Di Luar Area Pantauan (>1000m dari Desa)
Pinoh Utara,Tengkajau,"Senin, 21 September 2026 01:11:00",NASA-NOAA20,Medium,111.73541,-0.23575,False,False,False,False,False,False,Di Luar Area Pantauan (>1000m dari Desa)
Pinoh Utara,Tengkajau,"Senin, 21 September 2026 01:11:00",NASA-NOAA20,Medium,111.73845,-0.23968,False,False,False,False,False,False,Di Luar Area Pantauan (>1000m dari Desa)
Nanga Pinoh,Tanjung Sari,"Senin, 21 September 2026 01:11:00",NASA-NOAA20,Medium,111.70563,-0.40359,False,False,False,False,False,False,Di Luar Area Pantauan (>1000m dari Desa)
Belimbing,Belonsat,"Senin, 21 September 2026 01:11:00",NASA-NOAA20,Medium,111.46793,-0.36601,False,False,False,False,False,False,Di Luar Area Pantauan (>1000m dari Desa)
Belimbing,Upit,"Senin, 21 September 2026 01:11:00",NASA-NOAA20,Medium,111.46035,-0.36824,False,False,False,False,False,False,Di Luar Area Pantauan (>1000m dari Desa)
Ella Hilir,Nyanggau,"Senin, 21 September 2026 01:11:00",NASA-NOAA20,Medium,112.12757,-0.52991,False,False,False,False,False,False,Di Luar Area Pantauan (>1000m dari Desa)
Ella Hilir,Bemban Permai,"Senin, 21 September 2026 01:11:00",NASA-NOAA20,Medium,112.02606,-0.53147,False,False,False,False,True,True,Di Luar Area Pantauan (>1000m dari Desa)
Ella Hilir,Nanga Nyuruh,"Senin, 21 September 2026 01:11:00",NASA-NOAA20,Medium,112.03267,-0.53599,False,False,False,False,True,True,Di Luar Area Pantauan (>1000m dari Desa)
Ella Hilir,Bemban Permai,"Senin, 21 September 2026 01:11:00",NASA-NOAA20,Medium,112.02838,-0.5388,False,False,True,False,True,True,Di Luar Area Pantauan (>1000m dari Desa)
Ella Hilir,Nanga Nyuruh,"Senin, 21 September 2026 01:11:00",NASA-NOAA20,Medium,112.10195,-0.55035,False,False,False,False,True,True,Di Luar Area Pantauan (>1000m dari Desa)
Ella Hilir,Bemban Permai,"Senin, 21 September 2026 01:11:00",NASA-NOAA20,Medium,112.02899,-0.53541,False,False,False,False,True,True,Di Luar Area Pantauan (>1000m dari Desa)
Ella Hilir,Nanga Nyuruh,"Senin, 21 September 2026 01:11:00",NASA-NOAA20,Medium,112.03329,-0.5326,False,False,False,False,True,True,Di Luar Area Pantauan (>1000m dari Desa)
Ella Hilir,Kahiya,"Senin, 21 September 2026 01:11:00",NASA-NOAA20,Medium,111.97688,-0.60725,False,False,False,False,True,True,Di Luar Area Pantauan (>1000m dari Desa)
Tanah Pinoh Barat,Ulak Muid,"Senin, 21 September 2026 01:11:00",NASA-NOAA20,Medium,111.53979,-0.65179,False,False,True,False,False,True,Di Luar Area Pantauan (>1000m dari Desa)
Tanah Pinoh Barat,Ulak Muid,"Senin, 21 September 2026 01:11:00",NASA-NOAA20,Medium,111.53574,-0.65459,False,False,False,False,False,False,Di Luar Area Pantauan (>1000m dari Desa)
Nanga Mahap,Karang Betung,"Senin, 21 September 2026 01:11:00",NASA-NOAA20,Medium,110.84171,-0.6032,True,False,True,False,False,True,Prioritas 1 (Tinggi)
Nanga Mahap,Lembah Beringin,"Senin, 21 September 2026 01:11:00",NASA-NOAA20,Medium,110.78699,-0.61491,False,False,True,False,True,True,Di Luar Area Pantauan (>1000m dari Desa)
Sokan,Tanjung Mahung,"Senin, 21 September 2026 01:11:00",NASA-NOAA20,Medium,111.46714,-1.00431,False,False,False,False,False,False,Di Luar Area Pantauan (>1000m dari Desa)
Simpang Hilir,Batu Barat,"Senin, 21 September 2026 01:11:00",NASA-NOAA20,Medium,110.13071,-0.8474,False,False,True,True,False,True,Di Luar Area Pantauan (>1000m dari Desa)
Belimbing,Upit,"Senin, 21 September 2026 01:11:00",NASA-NOAA20,Medium,111.46387,-0.3688,False,False,False,False,False,False,Di Luar Area Pantauan (>1000m dari Desa)
Pinoh Utara,Tengkajau,"Senin, 21 September 2026 01:11:00",NASA-NOAA20,Medium,111.73898,-0.23631,False,False,False,False,False,False,Di Luar Area Pantauan (>1000m dari Desa)
Tempunak,Pagal Baru,"Senin, 21 September 2026 01:11:00",NASA-NOAA20,Medium,111.39895,-0.11716,False,False,False,True,False,True,Di Luar Area Pantauan (>1000m dari Desa)
Sungai Laur,Kepari,"Senin, 21 September 2026 01:11:00",NASA-NOAA20,Medium,110.65369,-0.87935,False,False,True,False,False,True,Di Luar Area Pantauan (>1000m dari Desa)
Kayan Hilir,Natai Tebedak,"Senin, 21 September 2026 01:11:00",NASA-NOAA20,Medium,111.77605,-0.16283,False,False,False,False,False,False,Di Luar Area Pantauan (>1000m dari Desa)
Ella Hilir,Nanga Nyuruh,"Senin, 21 September 2026 01:11:00",NASA-NOAA20,Medium,112.10033,-0.56058,False,False,False,False,True,True,Di Luar Area Pantauan (>1000m dari Desa)
Sekadau Hilir,Sungai Kunyit,"Senin, 21 September 2026 01:11:00",NASA-NOAA20,Medium,110.82161,0.07609,False,False,False,False,False,False,Di Luar Area Pantauan (>1000m dari Desa)
Kayan Hulu,Nanga Masau,"Senin, 21 September 2026 01:11:00",NASA-NOAA20,Medium,112.31471,-0.1948,False,False,False,False,True,True,Di Luar Area Pantauan (>1000m dari Desa)
Hulu Sungai,Kenyabur,"Senin, 21 September 2026 01:11:00",NASA-NOAA20,Medium,111.0553,-1.03435,True,True,True,False,False,True,Prioritas 1 (Tinggi)
Simpang Hilir,Batu Barat,"Senin, 21 September 2026 01:11:00",NASA-NOAA20,Medium,110.13123,-0.84409,False,False,True,True,False,True,Di Luar Area Pantauan (>1000m dari Desa)
Ella Hilir,Nanga Nyuruh,"Senin, 21 September 2026 01:11:00",NASA-NOAA20,Medium,112.09666,-0.56,False,False,False,False,True,True,Di Luar Area Pantauan (>1000m dari Desa)
Hulu Sungai,Beginci Darat,"Senin, 21 September 2026 01:11:00",NASA-NOAA20,Medium,111.03519,-1.04823,True,True,True,False,False,True,Prioritas 1 (Tinggi)
Simpang Dua,Kampar Sebomban,"Senin, 21 September 2026 01:11:00",NASA-NOAA20,Medium,110.20016,-0.91962,False,False,True,False,False,True,Di Luar Area Pantauan (>1000m dari Desa)
Simpang Hilir,Lubuk Batu,"Senin, 21 September 2026 01:11:00",NASA-NOAA20,Medium,110.13,-0.91867,False,False,False,False,False,False,Di Luar Area Pantauan (>1000m dari Desa)
Simpang Hilir,Lubuk Batu,"Senin, 21 September 2026 01:11:00",NASA-NOAA20,Medium,110.12553,-0.92474,False,False,False,False,False,False,Di Luar Area Pantauan (>1000m dari Desa)
Simpang Hilir,Lubuk Batu,"Senin, 21 September 2026 01:11:00",NASA-NOAA20,Medium,110.12605,-0.92143,False,False,False,False,False,False,Di Luar Area Pantauan (>1000m dari Desa)
Simpang Hilir,Lubuk Batu,"Senin, 21 September 2026 01:11:00",NASA-NOAA20,Medium,110.12897,-0.92528,False,False,False,False,False,False,Di Luar Area Pantauan (>1000m dari Desa)
Simpang Hilir,Lubuk Batu,"Senin, 21 September 2026 01:11:00",NASA-NOAA20,Medium,110.12949,-0.92198,False,False,False,False,False,False,Di Luar Area Pantauan (>1000m dari Desa)
Simpang Hilir,Lubuk Batu,"Senin, 21 September 2026 01:11:00",NASA-NOAA20,Medium,110.11164,-0.94625,False,False,False,False,False,False,Di Luar Area Pantauan (>1000m dari Desa)
Simpang Hilir,Lubuk Batu,"Senin, 21 September 2026 01:11:00",NASA-NOAA20,Medium,110.11112,-0.94955,False,False,False,False,False,False,Di Luar Area Pantauan (>1000m dari Desa)
Nanga Tayap,Pangkalan Teluk,"Senin, 21 September 2026 01:11:00",NASA-NOAA20,Medium,110.44068,-1.38238,False,False,False,False,False,False,Di Luar Area Pantauan (>1000m dari Desa)
Hulu Sungai,Cinta Manis,"Senin, 21 September 2026 01:11:00",NASA-NOAA20,Medium,110.83449,-1.10153,False,False,True,False,True,True,Di Luar Area Pantauan (>1000m dari Desa)
Sandai,Randau Jungkal,"Senin, 21 September 2026 01:11:00",NASA-NOAA20,Medium,110.71094,-1.16697,False,False,False,False,False,False,Di Luar Area Pantauan (>1000m dari Desa)
Simpang Hilir,Matan Jaya,"Senin, 21 September 2026 01:11:00",NASA-NOAA20,Medium,110.10287,-1.1115,False,False,True,True,True,True,Di Luar Area Pantauan (>1000m dari Desa)
Muara Pawan,Ulak Medang,"Senin, 21 September 2026 01:11:00",NASA-NOAA20,Medium,110.25284,-1.52248,False,False,True,True,False,True,Di Luar Area Pantauan (>1000m dari Desa)
Tanah Pinoh Barat,Ulak Muid,"Senin, 21 September 2026 01:11:00",NASA-NOAA20,Medium,111.53629,-0.65124,False,False,False,False,False,False,Di Luar Area Pantauan (>1000m dari Desa)
Ella Hilir,Nanga Nyuruh,"Senin, 21 September 2026 01:11:00",NASA-NOAA20,Medium,112.03026,-0.52864,False,False,False,False,True,True,Di Luar Area Pantauan (>1000m dari Desa)
Ella Hilir,Bemban Permai,"Senin, 21 September 2026 01:11:00",NASA-NOAA20,Medium,112.02671,-0.52808,False,False,False,False,True,True,Di Luar Area Pantauan (>1000m dari Desa)
Ella Hilir,Nanga Nyuruh,"Senin, 21 September 2026 01:11:00",NASA-NOAA20,Medium,112.02795,-0.52131,False,False,False,False,True,True,Di Luar Area Pantauan (>1000m dari Desa)
Ella Hilir,Bemban Permai,"Senin, 21 September 2026 01:11:00",NASA-NOAA20,Medium,112.0273,-0.52469,False,False,False,False,True,True,Di Luar Area Pantauan (>1000m dari Desa)
Belimbing,Upit,"Senin, 21 September 2026 01:11:00",NASA-NOAA20,Medium,111.46439,-0.36545,False,False,False,False,False,False,Di Luar Area Pantauan (>1000m dari Desa)
Tanah Pinoh,Pelita Kenaya,"Senin, 21 September 2026 01:11:00",NASA-NOAA20,Medium,111.64034,-0.87293,False,False,False,False,False,False,Di Luar Area Pantauan (>1000m dari Desa)
Ella Hilir,Nanga Nyuruh,"Senin, 21 September 2026 01:11:00",NASA-NOAA20,Medium,112.03388,-0.52921,False,False,False,False,True,True,Di Luar Area Pantauan (>1000m dari Desa)
Ella Hilir,Bemban Permai,"Senin, 21 September 2026 01:11:00",NASA-NOAA20,Medium,112.02964,-0.53203,False,False,False,False,True,True,Di Luar Area Pantauan (>1000m dari Desa)
Ella Hilir,Nanga Nyuruh,"Senin, 21 September 2026 01:11:00",NASA-NOAA20,Medium,112.10457,-0.55775,False,False,False,False,True,True,Di Luar Area Pantauan (>1000m dari Desa)
Hulu Sungai,Krio Hulu,"Senin, 21 September 2026 01:11:00",NASA-NOAA20,Medium,110.89731,-0.99585,False,False,True,False,True,True,Di Luar Area Pantauan (>1000m dari Desa)
Simpang Hilir,Lubuk Batu,"Senin, 21 September 2026 01:11:00",NASA-NOAA20,Medium,110.10821,-0.9457,False,False,False,False,False,False,Di Luar Area Pantauan (>1000m dari Desa)
Simpang Hilir,Lubuk Batu,"Senin, 21 September 2026 01:11:00",NASA-NOAA20,Medium,110.11455,-0.95009,False,False,False,False,False,False,Di Luar Area Pantauan (>1000m dari Desa)
Hulu Sungai,Cinta Manis,"Senin, 21 September 2026 01:11:00",NASA-NOAA20,Medium,110.83797,-1.10208,False,False,True,False,True,True,Di Luar Area Pantauan (>1000m dari Desa)
Nanga Tayap,Pangkalan Teluk,"Senin, 21 September 2026 01:11:00",NASA-NOAA20,Medium,110.36734,-1.26215,False,False,False,False,False,False,Di Luar Area Pantauan (>1000m dari Desa)
Sukadana,Sejahtera,"Senin, 21 September 2026 01:11:00",NASA-NOAA20,Medium,110.04087,-1.2579,False,False,True,True,True,True,Di Luar Area Pantauan (>1000m dari Desa)
Nanga Tayap,Pangkalan Teluk,"Senin, 21 September 2026 01:11:00",NASA-NOAA20,Medium,110.44704,-1.38678,False,False,False,False,False,False,Di Luar Area Pantauan (>1000m dari Desa)
Nanga Tayap,Pangkalan Teluk,"Senin, 21 September 2026 01:11:00",NASA-NOAA20,Medium,110.44756,-1.38347,False,False,False,False,False,False,Di Luar Area Pantauan (>1000m dari Desa)
Nanga Tayap,Pangkalan Teluk,"Senin, 21 September 2026 01:11:00",NASA-NOAA20,Medium,110.45049,-1.38732,False,False,False,False,False,False,Di Luar Area Pantauan (>1000m dari Desa)
Nanga Tayap,Sebadak Raya,"Senin, 21 September 2026 01:11:00",NASA-NOAA20,Medium,110.67461,-1.42272,False,False,False,False,False,False,Di Luar Area Pantauan (>1000m dari Desa)
Matan Hilir Utara,Lamon Satong,"Senin, 21 September 2026 01:11:00",NASA-NOAA20,Medium,110.20561,-1.3994,False,False,False,True,False,True,Di Luar Area Pantauan (>1000m dari Desa)
Matan Hilir Utara,Lamon Satong,"Senin, 21 September 2026 01:11:00",NASA-NOAA20,Medium,110.21247,-1.40049,False,False,False,True,False,True,Di Luar Area Pantauan (>1000m dari Desa)
Ella Hilir,Nanga Nyuruh,"Senin, 21 September 2026 01:11:00",NASA-NOAA20,Medium,112.08604,-0.55484,False,False,False,False,True,True,Di Luar Area Pantauan (>1000m dari Desa)
Sayan,Bora,"Senin, 21 September 2026 01:11:00",NASA-NOAA20,Medium,111.8101,-0.65481,False,False,True,False,False,True,Di Luar Area Pantauan (>1000m dari Desa)
Ella Hilir,Nanga Nyuruh,"Senin, 21 September 2026 01:11:00",NASA-NOAA20,Medium,112.09022,-0.552,False,False,False,False,True,True,Di Luar Area Pantauan (>1000m dari Desa)
Ella Hilir,Perembang Nyuruh,"Senin, 21 September 2026 01:11:00",NASA-NOAA20,Medium,112.15549,-0.56577,False,False,False,False,False,False,Di Luar Area Pantauan (>1000m dari Desa)
Ella Hilir,Kerangan Kora,"Senin, 21 September 2026 01:11:00",NASA-NOAA20,Medium,112.03855,-0.64565,False,False,False,False,False,False,Di Luar Area Pantauan (>1000m dari Desa)
Tanah Pinoh Barat,Ulak Muid,"Senin, 21 September 2026 01:11:00",NASA-NOAA20,Medium,111.53997,-0.64983,False,False,False,False,False,False,Di Luar Area Pantauan (>1000m dari Desa)
Hulu Sungai,Kenyabur,"Senin, 21 September 2026 01:11:00",NASA-NOAA20,Medium,110.93887,-0.6628,True,True,True,False,False,True,Prioritas 1 (Tinggi)
Sayan,Madya Raya,"Senin, 21 September 2026 01:11:00",NASA-NOAA20,Medium,111.64395,-0.8735,False,False,False,False,True,True,Di Luar Area Pantauan (>1000m dari Desa)
Ella Hilir,Nanga Nyuruh,"Senin, 21 September 2026 01:11:00",NASA-NOAA20,Medium,112.09393,-0.55259,False,False,False,False,True,True,Di Luar Area Pantauan (>1000m dari Desa)
Ella Hilir,Nanga Nyuruh,"Senin, 21 September 2026 01:11:00",NASA-NOAA20,Medium,112.08973,-0.55542,False,False,False,False,True,True,Di Luar Area Pantauan (>1000m dari Desa)
Ella Hilir,Nanga Nyuruh,"Senin, 21 September 2026 01:11:00",NASA-NOAA20,Medium,112.10085,-0.55717,False,False,False,False,True,True,Di Luar Area Pantauan (>1000m dari Desa)
Sayan,Madya Raya,"Senin, 21 September 2026 01:11:00",NASA-NOAA20,Medium,111.64807,-0.8707,False,False,False,False,False,False,Di Luar Area Pantauan (>1000m dari Desa)
Tempunak,Pekulai Bersatu,"Senin, 21 September 2026 01:11:00",NASA-NOAA20,Medium,111.36509,-0.33264,False,False,False,False,False,False,Di Luar Area Pantauan (>1000m dari Desa)
Pinoh Selatan,Pelinggang,"Senin, 21 September 2026 01:11:00",NASA-NOAA20,Medium,111.80771,-0.4059,False,False,False,False,False,False,Di Luar Area Pantauan (>1000m dari Desa)
Tempunak,Benua Kencana,"Senin, 21 September 2026 01:11:00",NASA-NOAA20,Medium,111.36455,-0.33598,False,False,False,False,False,False,Di Luar Area Pantauan (>1000m dari Desa)
Pinoh Selatan,Pelinggang,"Senin, 21 September 2026 01:11:00",NASA-NOAA20,Medium,111.80668,-0.41265,False,False,False,False,False,False,Di Luar Area Pantauan (>1000m dari Desa)
Pinoh Selatan,Pelinggang,"Senin, 21 September 2026 01:11:00",NASA-NOAA20,Medium,111.80719,-0.40927,False,False,False,False,False,False,Di Luar Area Pantauan (>1000m dari Desa)
Pinoh Selatan,Pelinggang,"Senin, 21 September 2026 01:11:00",NASA-NOAA20,Medium,111.80616,-0.41603,False,False,True,False,False,True,Di Luar Area Pantauan (>1000m dari Desa)
Belimbing Hulu,Nanga Tikan,"Senin, 21 September 2026 01:11:00",NASA-NOAA20,Medium,111.60567,-0.46199,False,False,True,False,False,True,Di Luar Area Pantauan (>1000m dari Desa)
Ella Hilir,Bemban Permai,"Senin, 21 September 2026 01:11:00",NASA-NOAA20,Medium,112.02547,-0.53486,False,False,False,False,True,True,Di Luar Area Pantauan (>1000m dari Desa)
Ella Hilir,Nanga Nyuruh,"Senin, 21 September 2026 01:11:00",NASA-NOAA20,Medium,112.1025,-0.54695,False,False,False,False,True,True,Di Luar Area Pantauan (>1000m dari Desa)
Nanga Tayap,Sebadak Raya,"Senin, 21 September 2026 01:11:00",NASA-NOAA20,Medium,110.78991,-1.47834,False,False,True,False,False,True,Di Luar Area Pantauan (>1000m dari Desa)
Nanga Tayap,Sepakat Jaya,"Senin, 21 September 2026 01:11:00",NASA-NOAA20,Medium,110.69067,-1.45584,False,False,True,False,False,True,Di Luar Area Pantauan (>1000m dari Desa)
Nanga Tayap,Sepakat Jaya,"Senin, 21 September 2026 01:11:00",NASA-NOAA20,Medium,110.68667,-1.45861,False,False,True,False,False,True,Di Luar Area Pantauan (>1000m dari Desa)
Nanga Tayap,Sepakat Jaya,"Senin, 21 September 2026 01:11:00",NASA-NOAA20,Medium,110.6872,-1.4553,False,False,True,False,False,True,Di Luar Area Pantauan (>1000m dari Desa)
Matan Hilir Utara,Lamon Satong,"Senin, 21 September 2026 01:11:00",NASA-NOAA20,Medium,110.20509,-1.40271,False,False,False,True,False,True,Di Luar Area Pantauan (>1000m dari Desa)
Nanga Tayap,Simpang Tiga Sembelangaan,"Senin, 21 September 2026 01:11:00",NASA-NOAA20,Medium,110.3076,-1.42233,False,False,False,False,True,True,Di Luar Area Pantauan (>1000m dari Desa)
Matan Hilir Utara,Lamon Satong,"Senin, 21 September 2026 01:11:00",NASA-NOAA20,Medium,110.20853,-1.40325,False,False,False,True,False,True,Di Luar Area Pantauan (>1000m dari Desa)
Matan Hilir Utara,Kuala Satong,"Senin, 21 September 2026 01:11:00",NASA-NOAA20,Medium,110.13478,-1.4225,False,False,False,True,False,True,Di Luar Area Pantauan (>1000m dari Desa)
Matan Hilir Utara,Kuala Satong,"Senin, 21 September 2026 01:11:00",NASA-NOAA20,Medium,110.12106,-1.42033,False,False,False,True,False,True,Di Luar Area Pantauan (>1000m dari Desa)
Matan Hilir Utara,Kuala Satong,"Senin, 21 September 2026 01:11:00",NASA-NOAA20,Medium,110.12157,-1.41702,False,False,False,True,False,True,Di Luar Area Pantauan (>1000m dari Desa)
Matan Hilir Utara,Kuala Satong,"Senin, 21 September 2026 01:11:00",NASA-NOAA20,Medium,110.12792,-1.42141,False,False,False,True,False,True,Di Luar Area Pantauan (>1000m dari Desa)
Matan Hilir Utara,Kuala Tolak,"Senin, 21 September 2026 01:11:00",NASA-NOAA20,Medium,110.13821,-1.42304,False,False,False,True,False,True,Di Luar Area Pantauan (>1000m dari Desa)
Nanga Tayap,Betenung,"Senin, 21 September 2026 01:11:00",NASA-NOAA20,Medium,110.80814,-1.56622,False,False,True,False,False,True,Di Luar Area Pantauan (>1000m dari Desa)
Nanga Tayap,Simpang Tiga Sembelangaan,"Senin, 21 September 2026 01:11:00",NASA-NOAA20,Medium,110.35571,-1.49471,False,False,True,False,True,True,Di Luar Area Pantauan (>1000m dari Desa)
Nanga Tayap,Betenung,"Senin, 21 September 2026 01:11:00",NASA-NOAA20,Medium,110.77833,-1.5513,False,False,True,False,False,True,Di Luar Area Pantauan (>1000m dari Desa)
Nanga Tayap,Betenung,"Senin, 21 September 2026 01:11:00",NASA-NOAA20,Medium,110.84094,-1.56118,False,False,True,False,False,True,Di Luar Area Pantauan (>1000m dari Desa)
Nanga Tayap,Betenung,"Senin, 21 September 2026 01:11:00",NASA-NOAA20,Medium,110.84442,-1.56173,False,False,True,False,False,True,Di Luar Area Pantauan (>1000m dari Desa)
Nanga Tayap,Betenung,"Senin, 21 September 2026 01:11:00",NASA-NOAA20,Medium,110.80466,-1.56567,False,False,False,False,False,False,Di Luar Area Pantauan (>1000m dari Desa)
Nanga Tayap,Simpang Tiga Sembelangaan,"Senin, 21 September 2026 01:11:00",NASA-NOAA20,Medium,110.35916,-1.49526,False,False,False,False,True,True,Di Luar Area Pantauan (>1000m dari Desa)
Nanga Tayap,Betenung,"Senin, 21 September 2026 01:11:00",NASA-NOAA20,Medium,110.80762,-1.56954,False,False,True,False,False,True,Di Luar Area Pantauan (>1000m dari Desa)
Nanga Tayap,Betenung,"Senin, 21 September 2026 01:11:00",NASA-NOAA20,Medium,110.80415,-1.56899,False,False,True,False,False,True,Di Luar Area Pantauan (>1000m dari Desa)
Matan Hilir Utara,Kuala Tolak,"Senin, 21 September 2026 01:11:00",NASA-NOAA20,Medium,110.14523,-1.46818,False,False,True,True,False,True,Di Luar Area Pantauan (>1000m dari Desa)
Nanga Tayap,Betenung,"Senin, 21 September 2026 01:11:00",NASA-NOAA20,Medium,110.81109,-1.57009,False,False,False,False,False,False,Di Luar Area Pantauan (>1000m dari Desa)
Matan Hilir Utara,Kuala Tolak,"Senin, 21 September 2026 01:11:00",NASA-NOAA20,Medium,110.14866,-1.46873,False,False,True,True,False,True,Di Luar Area Pantauan (>1000m dari Desa)
Matan Hilir Utara,Kuala Tolak,"Senin, 21 September 2026 01:11:00",NASA-NOAA20,Medium,110.14815,-1.47203,False,False,True,True,False,True,Di Luar Area Pantauan (>1000m dari Desa)
Matan Hilir Utara,Kuala Tolak,"Senin, 21 September 2026 01:11:00",NASA-NOAA20,Medium,110.15741,-1.48027,False,False,True,True,False,True,Di Luar Area Pantauan (>1000m dari Desa)
Nanga Tayap,Betenung,"Senin, 21 September 2026 01:11:00",NASA-NOAA20,Medium,110.83873,-1.59831,False,False,False,False,False,False,Di Luar Area Pantauan (>1000m dari Desa)
Matan Hilir Utara,Kuala Tolak,"Senin, 21 September 2026 01:11:00",NASA-NOAA20,Medium,110.15689,-1.48358,False,False,True,True,False,True,Di Luar Area Pantauan (>1000m dari Desa)
Muara Pawan,Ulak Medang,"Senin, 21 September 2026 01:11:00",NASA-NOAA20,Medium,110.2161,-1.50989,False,False,True,True,False,True,Di Luar Area Pantauan (>1000m dari Desa)
Muara Pawan,Ulak Medang,"Senin, 21 September 2026 01:11:00",NASA-NOAA20,Medium,110.26126,-1.51365,False,False,True,True,False,True,Di Luar Area Pantauan (>1000m dari Desa)
Muara Pawan,Ulak Medang,"Senin, 21 September 2026 01:11:00",NASA-NOAA20,Medium,110.26469,-1.5142,False,False,False,True,False,True,Di Luar Area Pantauan (>1000m dari Desa)
Muara Pawan,Ulak Medang,"Senin, 21 September 2026 01:11:00",NASA-NOAA20,Medium,110.28532,-1.51746,False,False,True,True,False,True,Di Luar Area Pantauan (>1000m dari Desa)
Muara Pawan,Ulak Medang,"Senin, 21 September 2026 01:11:00",NASA-NOAA20,Medium,110.22984,-1.51206,False,False,True,True,False,True,Di Luar Area Pantauan (>1000m dari Desa)
Muara Pawan,Ulak Medang,"Senin, 21 September 2026 01:11:00",NASA-NOAA20,Medium,110.23327,-1.51261,False,False,True,True,False,True,Di Luar Area Pantauan (>1000m dari Desa)
Muara Pawan,Ulak Medang,"Senin, 21 September 2026 01:11:00",NASA-NOAA20,Medium,110.25731,-1.51641,False,False,True,True,False,True,Di Luar Area Pantauan (>1000m dari Desa)
Muara Pawan,Ulak Medang,"Senin, 21 September 2026 01:11:00",NASA-NOAA20,Medium,110.27106,-1.51859,False,False,True,True,False,True,Di Luar Area Pantauan (>1000m dari Desa)
Muara Pawan,Ulak Medang,"Senin, 21 September 2026 01:11:00",NASA-NOAA20,Medium,110.26074,-1.51696,False,False,True,True,False,True,Di Luar Area Pantauan (>1000m dari Desa)
Muara Pawan,Ulak Medang,"Senin, 21 September 2026 01:11:00",NASA-NOAA20,Medium,110.2848,-1.52077,False,False,True,True,False,True,Di Luar Area Pantauan (>1000m dari Desa)
Muara Pawan,Ulak Medang,"Senin, 21 September 2026 01:11:00",NASA-NOAA20,Medium,110.21558,-1.51319,False,False,True,True,False,True,Di Luar Area Pantauan (>1000m dari Desa)
Muara Pawan,Ulak Medang,"Senin, 21 September 2026 01:11:00",NASA-NOAA20,Medium,110.26023,-1.52026,False,False,True,True,False,True,Di Luar Area Pantauan (>1000m dari Desa)
Muara Pawan,Ulak Medang,"Senin, 21 September 2026 01:11:00",NASA-NOAA20,Medium,110.27397,-1.52244,False,False,True,True,False,True,Di Luar Area Pantauan (>1000m dari Desa)
Muara Pawan,Ulak Medang,"Senin, 21 September 2026 01:11:00",NASA-NOAA20,Medium,110.27054,-1.5219,False,False,True,True,False,True,Di Luar Area Pantauan (>1000m dari Desa)
Muara Pawan,Ulak Medang,"Senin, 21 September 2026 01:11:00",NASA-NOAA20,Medium,110.25679,-1.51972,False,False,True,True,False,True,Di Luar Area Pantauan (>1000m dari Desa)
Muara Pawan,Ulak Medang,"Senin, 21 September 2026 01:11:00",NASA-NOAA20,Medium,110.23962,-1.517,False,False,True,True,False,True,Di Luar Area Pantauan (>1000m dari Desa)
Muara Pawan,Ulak Medang,"Senin, 21 September 2026 01:11:00",NASA-NOAA20,Medium,110.23618,-1.51646,False,False,True,True,False,True,Di Luar Area Pantauan (>1000m dari Desa)
Muara Pawan,Ulak Medang,"Senin, 21 September 2026 01:11:00",NASA-NOAA20,Medium,110.28085,-1.52353,False,False,True,True,False,True,Di Luar Area Pantauan (>1000m dari Desa)
Matan Hilir Utara,Lamon Satong,"Senin, 21 September 2026 01:11:00",NASA-NOAA20,Medium,110.2082,-1.51541,False,False,True,True,False,True,Di Luar Area Pantauan (>1000m dari Desa)
Muara Pawan,Ulak Medang,"Senin, 21 September 2026 01:11:00",NASA-NOAA20,Medium,110.25627,-1.52303,False,False,True,True,False,True,Di Luar Area Pantauan (>1000m dari Desa)
Muara Pawan,Ulak Medang,"Senin, 21 September 2026 01:11:00",NASA-NOAA20,Medium,110.26658,-1.52466,False,False,True,True,False,True,Di Luar Area Pantauan (>1000m dari Desa)
Muara Pawan,Ulak Medang,"Senin, 21 September 2026 01:11:00",NASA-NOAA20,Medium,110.23911,-1.52031,False,False,True,True,False,True,Di Luar Area Pantauan (>1000m dari Desa)
Muara Pawan,Ulak Medang,"Senin, 21 September 2026 01:11:00",NASA-NOAA20,Medium,110.23567,-1.51976,False,False,True,True,False,True,Di Luar Area Pantauan (>1000m dari Desa)
Muara Pawan,Ulak Medang,"Senin, 21 September 2026 01:11:00",NASA-NOAA20,Medium,110.2494,-1.52194,False,False,True,True,False,True,Di Luar Area Pantauan (>1000m dari Desa)
Muara Pawan,Ulak Medang,"Senin, 21 September 2026 01:11:00",NASA-NOAA20,Medium,110.24254,-1.52085,False,False,True,True,False,True,Di Luar Area Pantauan (>1000m dari Desa)
Muara Pawan,Ulak Medang,"Senin, 21 September 2026 01:11:00",NASA-NOAA20,Medium,110.2695,-1.52851,False,False,True,True,False,True,Di Luar Area Pantauan (>1000m dari Desa)
Muara Pawan,Ulak Medang,"Senin, 21 September 2026 01:11:00",NASA-NOAA20,Medium,110.27002,-1.5252,False,False,True,True,False,True,Di Luar Area Pantauan (>1000m dari Desa)
Muara Pawan,Ulak Medang,"Senin, 21 September 2026 01:11:00",NASA-NOAA20,Medium,110.25971,-1.52357,False,False,True,True,False,True,Di Luar Area Pantauan (>1000m dari Desa)
Muara Pawan,Ulak Medang,"Senin, 21 September 2026 01:11:00",NASA-NOAA20,Medium,110.24203,-1.52416,False,False,True,True,False,True,Di Luar Area Pantauan (>1000m dari Desa)
Muara Pawan,Ulak Medang,"Senin, 21 September 2026 01:11:00",NASA-NOAA20,Medium,110.24889,-1.52524,False,False,True,True,False,True,Di Luar Area Pantauan (>1000m dari Desa)
Muara Pawan,Ulak Medang,"Senin, 21 September 2026 01:11:00",NASA-NOAA20,Medium,110.25233,-1.52579,False,False,True,True,False,True,Di Luar Area Pantauan (>1000m dari Desa)
Muara Pawan,Ulak Medang,"Senin, 21 September 2026 01:11:00",NASA-NOAA20,Medium,110.24545,-1.5247,False,False,True,True,False,True,Di Luar Area Pantauan (>1000m dari Desa)
Matan Hilir Utara,Kuala Tolak,"Senin, 21 September 2026 01:11:00",NASA-NOAA20,Medium,110.16649,-1.5122,False,False,False,True,False,True,Di Luar Area Pantauan (>1000m dari Desa)
Matan Hilir Utara,Lamon Satong,"Senin, 21 September 2026 01:11:00",NASA-NOAA20,Medium,110.20425,-1.51818,False,False,True,True,False,True,Di Luar Area Pantauan (>1000m dari Desa)
Matan Hilir Utara,Lamon Satong,"Senin, 21 September 2026 01:11:00",NASA-NOAA20,Medium,110.20769,-1.51872,False,False,True,True,False,True,Di Luar Area Pantauan (>1000m dari Desa)
Muara Pawan,Ulak Medang,"Senin, 21 September 2026 01:11:00",NASA-NOAA20,Medium,110.26607,-1.52797,False,False,True,True,False,True,Di Luar Area Pantauan (>1000m dari Desa)
Muara Pawan,Ulak Medang,"Senin, 21 September 2026 01:11:00",NASA-NOAA20,Medium,110.27981,-1.53014,False,False,True,True,False,True,Di Luar Area Pantauan (>1000m dari Desa)
Muara Pawan,Ulak Medang,"Senin, 21 September 2026 01:11:00",NASA-NOAA20,Medium,110.27242,-1.53236,False,False,True,True,False,True,Di Luar Area Pantauan (>1000m dari Desa)
Matan Hilir Utara,Kuala Tolak,"Senin, 21 September 2026 01:11:00",NASA-NOAA20,Medium,110.16597,-1.5155,False,False,False,True,False,True,Di Luar Area Pantauan (>1000m dari Desa)
Muara Pawan,Ulak Medang,"Senin, 21 September 2026 01:11:00",NASA-NOAA20,Medium,110.2793,-1.53345,False,False,True,True,False,True,Di Luar Area Pantauan (>1000m dari Desa)
Muara Pawan,Ulak Medang,"Senin, 21 September 2026 01:11:00",NASA-NOAA20,Medium,110.26555,-1.53127,False,False,True,True,False,True,Di Luar Area Pantauan (>1000m dari Desa)
Muara Pawan,Ulak Medang,"Senin, 21 September 2026 01:11:00",NASA-NOAA20,Medium,110.27586,-1.53291,False,False,True,True,False,True,Di Luar Area Pantauan (>1000m dari Desa)
Muara Pawan,Ulak Medang,"Senin, 21 September 2026 01:11:00",NASA-NOAA20,Medium,110.26898,-1.53182,False,False,True,True,False,True,Di Luar Area Pantauan (>1000m dari Desa)
Muara Pawan,Ulak Medang,"Senin, 21 September 2026 01:11:00",NASA-NOAA20,Medium,110.26212,-1.53073,False,False,True,True,False,True,Di Luar Area Pantauan (>1000m dari Desa)
Muara Pawan,Ulak Medang,"Senin, 21 September 2026 01:11:00",NASA-NOAA20,Medium,110.25129,-1.5324,False,False,True,True,False,True,Di Luar Area Pantauan (>1000m dari Desa)
Muara Pawan,Ulak Medang,"Senin, 21 September 2026 01:11:00",NASA-NOAA20,Medium,110.27191,-1.53567,False,False,True,True,False,True,Di Luar Area Pantauan (>1000m dari Desa)
Muara Pawan,Ulak Medang,"Senin, 21 September 2026 01:11:00",NASA-NOAA20,Medium,110.27534,-1.53621,False,False,True,True,False,True,Di Luar Area Pantauan (>1000m dari Desa)
Muara Pawan,Ulak Medang,"Senin, 21 September 2026 01:11:00",NASA-NOAA20,Medium,110.27878,-1.53676,False,False,True,True,False,True,Di Luar Area Pantauan (>1000m dari Desa)
Muara Pawan,Ulak Medang,"Senin, 21 September 2026 01:11:00",NASA-NOAA20,Medium,110.26504,-1.53458,False,False,True,True,False,True,Di Luar Area Pantauan (>1000m dari Desa)
Muara Pawan,Ulak Medang,"Senin, 21 September 2026 01:11:00",NASA-NOAA20,Medium,110.26847,-1.53512,False,False,True,True,False,True,Di Luar Area Pantauan (>1000m dari Desa)
Muara Pawan,Ulak Medang,"Senin, 21 September 2026 01:11:00",NASA-NOAA20,Medium,110.2616,-1.53403,False,False,True,True,False,True,Di Luar Area Pantauan (>1000m dari Desa)
Muara Pawan,Ulak Medang,"Senin, 21 September 2026 01:11:00",NASA-NOAA20,Medium,110.25816,-1.53349,False,False,True,True,False,True,Di Luar Area Pantauan (>1000m dari Desa)
Muara Pawan,Ulak Medang,"Senin, 21 September 2026 01:11:00",NASA-NOAA20,Medium,110.26096,-1.53754,False,False,True,True,False,True,Di Luar Area Pantauan (>1000m dari Desa)
Matan Hilir Utara,Kuala Tolak,"Senin, 21 September 2026 01:11:00",NASA-NOAA20,Medium,110.10303,-1.51256,False,False,False,False,False,False,Di Luar Area Pantauan (>1000m dari Desa)
Matan Hilir Utara,Kuala Tolak,"Senin, 21 September 2026 01:11:00",NASA-NOAA20,Medium,110.11675,-1.51474,False,False,True,False,False,True,Di Luar Area Pantauan (>1000m dari Desa)
Matan Hilir Utara,Kuala Tolak,"Senin, 21 September 2026 01:11:00",NASA-NOAA20,Medium,110.10646,-1.51311,False,False,False,False,False,False,Di Luar Area Pantauan (>1000m dari Desa)
Matan Hilir Utara,Kuala Tolak,"Senin, 21 September 2026 01:11:00",NASA-NOAA20,Medium,110.12019,-1.51528,False,False,True,False,False,True,Di Luar Area Pantauan (>1000m dari Desa)
Matan Hilir Utara,Tanjung Baik Budi,"Senin, 21 September 2026 01:11:00",NASA-NOAA20,Medium,110.19518,-1.53053,False,False,True,True,False,True,Di Luar Area Pantauan (>1000m dari Desa)
Muara Pawan,Ulak Medang,"Senin, 21 September 2026 01:11:00",NASA-NOAA20,Medium,110.27469,-1.53971,False,False,True,True,False,True,Di Luar Area Pantauan (>1000m dari Desa)
Muara Pawan,Ulak Medang,"Senin, 21 September 2026 01:11:00",NASA-NOAA20,Medium,110.27813,-1.54025,False,False,True,True,False,True,Di Luar Area Pantauan (>1000m dari Desa)
Matan Hilir Utara,Tanjung Baik Budi,"Senin, 21 September 2026 01:11:00",NASA-NOAA20,Medium,110.19175,-1.52999,False,False,True,True,False,True,Di Luar Area Pantauan (>1000m dari Desa)
Muara Pawan,Ulak Medang,"Senin, 21 September 2026 01:11:00",NASA-NOAA20,Medium,110.27419,-1.54302,False,False,True,True,False,True,Di Luar Area Pantauan (>1000m dari Desa)
Matan Hilir Utara,Kuala Tolak,"Senin, 21 September 2026 01:11:00",NASA-NOAA20,Medium,110.10595,-1.51641,False,False,True,False,False,True,Di Luar Area Pantauan (>1000m dari Desa)
Matan Hilir Utara,Kuala Tolak,"Senin, 21 September 2026 01:11:00",NASA-NOAA20,Medium,110.11967,-1.51858,False,False,True,False,False,True,Di Luar Area Pantauan (>1000m dari Desa)
Muara Pawan,Ulak Medang,"Senin, 21 September 2026 01:11:00",NASA-NOAA20,Medium,110.2673,-1.54193,False,False,True,True,False,True,Di Luar Area Pantauan (>1000m dari Desa)
Muara Pawan,Ulak Medang,"Senin, 21 September 2026 01:11:00",NASA-NOAA20,Medium,110.27074,-1.54247,False,False,True,True,False,True,Di Luar Area Pantauan (>1000m dari Desa)
Nanga Tayap,Tanjung Medan,"Senin, 21 September 2026 01:11:00",NASA-NOAA20,Medium,110.44085,-1.42649,False,False,False,False,False,False,Di Luar Area Pantauan (>1000m dari Desa)
Nanga Tayap,Simpang Tiga Sembelangaan,"Senin, 21 September 2026 01:11:00",NASA-NOAA20,Medium,110.33316,-1.4162,False,False,True,False,True,True,Di Luar Area Pantauan (>1000m dari Desa)
Matan Hilir Utara,Lamon Satong,"Senin, 21 September 2026 01:11:00",NASA-NOAA20,Medium,110.20904,-1.39994,False,False,False,True,False,True,Di Luar Area Pantauan (>1000m dari Desa)
Nanga Tayap,Simpang Tiga Sembelangaan,"Senin, 21 September 2026 01:11:00",NASA-NOAA20,Medium,110.31979,-1.43442,False,False,False,False,True,True,Di Luar Area Pantauan (>1000m dari Desa)
Nanga Tayap,Simpang Tiga Sembelangaan,"Senin, 21 September 2026 01:11:00",NASA-NOAA20,Medium,110.33113,-1.42944,False,False,True,False,True,True,Di Luar Area Pantauan (>1000m dari Desa)
Nanga Tayap,Simpang Tiga Sembelangaan,"Senin, 21 September 2026 01:11:00",NASA-NOAA20,Medium,110.32771,-1.4289,False,False,True,False,True,True,Di Luar Area Pantauan (>1000m dari Desa)
Nanga Tayap,Nanga Tayap,"Senin, 21 September 2026 01:11:00",NASA-NOAA20,Medium,110.63528,-1.49135,False,False,True,False,False,True,Di Luar Area Pantauan (>1000m dari Desa)
Matan Hilir Utara,Kuala Satong,"Senin, 21 September 2026 01:11:00",NASA-NOAA20,Medium,110.12895,-1.4148,False,False,False,True,False,True,Di Luar Area Pantauan (>1000m dari Desa)
Nanga Tayap,Nanga Tayap,"Senin, 21 September 2026 01:11:00",NASA-NOAA20,Medium,110.63476,-1.49467,False,False,False,False,False,False,Di Luar Area Pantauan (>1000m dari Desa)
Matan Hilir Utara,Kuala Tolak,"Senin, 21 September 2026 01:11:00",NASA-NOAA20,Medium,110.15449,-1.47642,False,False,True,True,False,True,Di Luar Area Pantauan (>1000m dari Desa)
Muara Pawan,Ulak Medang,"Senin, 21 September 2026 01:11:00",NASA-NOAA20,Medium,110.22296,-1.51098,False,False,True,True,False,True,Di Luar Area Pantauan (>1000m dari Desa)
Matan Hilir Utara,Kuala Tolak,"Senin, 21 September 2026 01:11:00",NASA-NOAA20,Medium,110.15585,-1.49019,False,False,False,True,False,True,Di Luar Area Pantauan (>1000m dari Desa)
Muara Pawan,Ulak Medang,"Senin, 21 September 2026 01:11:00",NASA-NOAA20,Medium,110.27792,-1.51968,False,False,True,True,False,True,Di Luar Area Pantauan (>1000m dari Desa)
Nanga Tayap,Betenung,"Senin, 21 September 2026 01:11:00",NASA-NOAA20,Medium,110.82851,-1.549,False,False,True,False,False,True,Di Luar Area Pantauan (>1000m dari Desa)
Nanga Tayap,Betenung,"Senin, 21 September 2026 01:11:00",NASA-NOAA20,Medium,110.83474,-1.60108,False,False,False,False,False,False,Di Luar Area Pantauan (>1000m dari Desa)
Muara Pawan,Ulak Medang,"Senin, 21 September 2026 01:11:00",NASA-NOAA20,Medium,110.22005,-1.50713,False,False,True,True,False,True,Di Luar Area Pantauan (>1000m dari Desa)
Muara Pawan,Ulak Medang,"Senin, 21 September 2026 01:11:00",NASA-NOAA20,Medium,110.28136,-1.52022,False,False,True,True,False,True,Di Luar Area Pantauan (>1000m dari Desa)
Nanga Tayap,Betenung,"Senin, 21 September 2026 01:11:00",NASA-NOAA20,Medium,110.84042,-1.56451,False,False,True,False,False,True,Di Luar Area Pantauan (>1000m dari Desa)
Nanga Tayap,Betenung,"Senin, 21 September 2026 01:11:00",NASA-NOAA20,Medium,110.80518,-1.56235,False,False,False,False,False,False,Di Luar Area Pantauan (>1000m dari Desa)
Nanga Tayap,Betenung,"Senin, 21 September 2026 01:11:00",NASA-NOAA20,Medium,110.80865,-1.5629,False,False,True,False,False,True,Di Luar Area Pantauan (>1000m dari Desa)
Nanga Tayap,Betenung,"Senin, 21 September 2026 01:11:00",NASA-NOAA20,Medium,110.81212,-1.56344,False,False,True,False,False,True,Di Luar Area Pantauan (>1000m dari Desa)
Nanga Tayap,Simpang Tiga Sembelangaan,"Senin, 21 September 2026 01:11:00",NASA-NOAA20,Medium,110.35276,-1.49086,False,False,True,False,True,True,Di Luar Area Pantauan (>1000m dari Desa)
Nanga Tayap,Simpang Tiga Sembelangaan,"Senin, 21 September 2026 01:11:00",NASA-NOAA20,Medium,110.34932,-1.49031,False,False,True,False,True,True,Di Luar Area Pantauan (>1000m dari Desa)
Muara Pawan,Ulak Medang,"Senin, 21 September 2026 01:11:00",NASA-NOAA20,Medium,110.2264,-1.51152,False,False,True,True,False,True,Di Luar Area Pantauan (>1000m dari Desa)
Muara Pawan,Ulak Medang,"Senin, 21 September 2026 01:11:00",NASA-NOAA20,Medium,110.28428,-1.52407,False,False,True,True,False,True,Di Luar Area Pantauan (>1000m dari Desa)
Muara Pawan,Ulak Medang,"Senin, 21 September 2026 01:11:00",NASA-NOAA20,Medium,110.26263,-1.52742,False,False,True,True,False,True,Di Luar Area Pantauan (>1000m dari Desa)
Muara Pawan,Ulak Medang,"Senin, 21 September 2026 01:11:00",NASA-NOAA20,Medium,110.26315,-1.52411,False,False,True,True,False,True,Di Luar Area Pantauan (>1000m dari Desa)
Muara Pawan,Ulak Medang,"Senin, 21 September 2026 01:11:00",NASA-NOAA20,Medium,110.27294,-1.52905,False,False,True,True,False,True,Di Luar Area Pantauan (>1000m dari Desa)
Muara Pawan,Ulak Medang,"Senin, 21 September 2026 01:11:00",NASA-NOAA20,Medium,110.28033,-1.52684,False,False,True,True,False,True,Di Luar Area Pantauan (>1000m dari Desa)
Muara Pawan,Ulak Medang,"Senin, 21 September 2026 01:11:00",NASA-NOAA20,Medium,110.25576,-1.52633,False,False,True,True,False,True,Di Luar Area Pantauan (>1000m dari Desa)
Muara Pawan,Ulak Medang,"Senin, 21 September 2026 01:11:00",NASA-NOAA20,Medium,110.27346,-1.52575,False,False,True,True,False,True,Di Luar Area Pantauan (>1000m dari Desa)
Muara Pawan,Ulak Medang,"Senin, 21 September 2026 01:11:00",NASA-NOAA20,Medium,110.27689,-1.52629,False,False,True,True,False,True,Di Luar Area Pantauan (>1000m dari Desa)
Matan Hilir Utara,Kuala Tolak,"Senin, 21 September 2026 01:11:00",NASA-NOAA20,Medium,110.16306,-1.51165,False,False,False,True,False,True,Di Luar Area Pantauan (>1000m dari Desa)
Matan Hilir Utara,Lamon Satong,"Senin, 21 September 2026 01:11:00",NASA-NOAA20,Medium,110.19635,-1.5237,False,False,True,True,False,True,Di Luar Area Pantauan (>1000m dari Desa)
Muara Pawan,Ulak Medang,"Senin, 21 September 2026 01:11:00",NASA-NOAA20,Medium,110.26782,-1.53862,False,False,True,True,False,True,Di Luar Area Pantauan (>1000m dari Desa)
Muara Pawan,Ulak Medang,"Senin, 21 September 2026 01:11:00",NASA-NOAA20,Medium,110.27637,-1.5296,False,False,True,True,False,True,Di Luar Area Pantauan (>1000m dari Desa)
Muara Pawan,Ulak Medang,"Senin, 21 September 2026 01:11:00",NASA-NOAA20,Medium,110.25867,-1.53018,False,False,True,True,False,True,Di Luar Area Pantauan (>1000m dari Desa)
Muara Pawan,Ulak Medang,"Senin, 21 September 2026 01:11:00",NASA-NOAA20,Medium,110.25472,-1.53295,False,False,True,True,False,True,Di Luar Area Pantauan (>1000m dari Desa)
Matan Hilir Utara,Tanjung Baik Budi,"Senin, 21 September 2026 01:11:00",NASA-NOAA20,Medium,110.13185,-1.53067,False,False,True,True,False,True,Di Luar Area Pantauan (>1000m dari Desa)
Nanga Tayap,Lembah Hijau Satu,"Senin, 21 September 2026 01:11:00",NASA-NOAA20,Medium,110.48598,-1.58662,False,False,True,False,False,True,Di Luar Area Pantauan (>1000m dari Desa)
Matan Hilir Utara,Tanjung Baik Budi,"Senin, 21 September 2026 01:11:00",NASA-NOAA20,Medium,110.13134,-1.53398,False,False,True,True,False,True,Di Luar Area Pantauan (>1000m dari Desa)
Nanga Tayap,Sungai Kelik,"Senin, 21 September 2026 01:11:00",NASA-NOAA20,Medium,110.30993,-1.56222,False,False,True,True,False,True,Di Luar Area Pantauan (>1000m dari Desa)
Nanga Tayap,Lembah Hijau Satu,"Senin, 21 September 2026 01:11:00",NASA-NOAA20,Medium,110.48891,-1.59048,False,False,True,False,False,True,Di Luar Area Pantauan (>1000m dari Desa)
Nanga Tayap,Lembah Hijau Satu,"Senin, 21 September 2026 01:11:00",NASA-NOAA20,Medium,110.48943,-1.58717,False,False,True,False,False,True,Di Luar Area Pantauan (>1000m dari Desa)
Matan Hilir Utara,Tanjung Baik Budi,"Senin, 21 September 2026 01:11:00",NASA-NOAA20,Medium,110.12791,-1.53344,False,False,True,True,False,True,Di Luar Area Pantauan (>1000m dari Desa)
Matan Hilir Utara,Tanjung Baik Budi,"Senin, 21 September 2026 01:11:00",NASA-NOAA20,Medium,110.15194,-1.53724,False,False,True,True,False,True,Di Luar Area Pantauan (>1000m dari Desa)
Matan Hilir Utara,Tanjung Baik Budi,"Senin, 21 September 2026 01:11:00",NASA-NOAA20,Medium,110.17596,-1.54104,False,False,True,True,False,True,Di Luar Area Pantauan (>1000m dari Desa)
Nanga Tayap,Lembah Hijau Dua,"Senin, 21 September 2026 01:11:00",NASA-NOAA20,Medium,110.47168,-1.58776,False,False,False,False,False,False,Di Luar Area Pantauan (>1000m dari Desa)
Simpang Hilir,Lubuk Batu,"Senin, 21 September 2026 01:11:00",NASA-NOAA20,Medium,110.12502,-0.92805,False,False,False,False,False,False,Di Luar Area Pantauan (>1000m dari Desa)
Matan Hilir Utara,Tanjung Baik Budi,"Senin, 21 September 2026 01:11:00",NASA-NOAA20,Medium,110.17252,-1.5405,False,False,False,True,False,True,Di Luar Area Pantauan (>1000m dari Desa)
Matan Hilir Utara,Tanjung Baik Budi,"Senin, 21 September 2026 01:11:00",NASA-NOAA20,Medium,110.15828,-1.54163,False,False,True,True,False,True,Di Luar Area Pantauan (>1000m dari Desa)
Matan Hilir Utara,Tanjung Baik Budi,"Senin, 21 September 2026 01:11:00",NASA-NOAA20,Medium,110.15142,-1.54054,False,False,True,True,False,True,Di Luar Area Pantauan (>1000m dari Desa)
Nanga Tayap,Cegolak,"Senin, 21 September 2026 01:11:00",NASA-NOAA20,Medium,110.71349,-1.62588,False,False,True,False,False,True,Di Luar Area Pantauan (>1000m dari Desa)
Matan Hilir Utara,Tanjung Baik Budi,"Senin, 21 September 2026 01:11:00",NASA-NOAA20,Medium,110.14112,-1.53891,False,False,True,True,False,True,Di Luar Area Pantauan (>1000m dari Desa)
Matan Hilir Utara,Tanjung Baik Budi,"Senin, 21 September 2026 01:11:00",NASA-NOAA20,Medium,110.14799,-1.54,False,False,True,True,False,True,Di Luar Area Pantauan (>1000m dari Desa)
Nanga Tayap,Lembah Hijau Dua,"Senin, 21 September 2026 01:11:00",NASA-NOAA20,Medium,110.46426,-1.58998,False,False,False,False,False,False,Di Luar Area Pantauan (>1000m dari Desa)
Matan Hilir Utara,Tanjung Baik Budi,"Senin, 21 September 2026 01:11:00",NASA-NOAA20,Medium,110.10628,-1.53679,False,False,True,True,False,True,Di Luar Area Pantauan (>1000m dari Desa)
Matan Hilir Utara,Tanjung Baik Budi,"Senin, 21 September 2026 01:11:00",NASA-NOAA20,Medium,110.10284,-1.53624,False,False,True,True,False,True,Di Luar Area Pantauan (>1000m dari Desa)
Matan Hilir Utara,Tanjung Baik Budi,"Senin, 21 September 2026 01:11:00",NASA-NOAA20,Medium,110.09941,-1.5357,False,False,True,True,False,True,Di Luar Area Pantauan (>1000m dari Desa)
Matan Hilir Utara,Tanjung Baik Budi,"Senin, 21 September 2026 01:11:00",NASA-NOAA20,Medium,110.10971,-1.53733,False,False,True,True,False,True,Di Luar Area Pantauan (>1000m dari Desa)
Nanga Tayap,Lembah Hijau Dua,"Senin, 21 September 2026 01:11:00",NASA-NOAA20,Medium,110.48788,-1.5971,False,False,True,False,False,True,Di Luar Area Pantauan (>1000m dari Desa)
Matan Hilir Utara,Tanjung Baik Budi,"Senin, 21 September 2026 01:11:00",NASA-NOAA20,Medium,110.15434,-1.54439,False,False,True,True,False,True,Di Luar Area Pantauan (>1000m dari Desa)
Nanga Tayap,Lembah Hijau Dua,"Senin, 21 September 2026 01:11:00",NASA-NOAA20,Medium,110.44997,-1.59112,False,False,False,False,False,False,Di Luar Area Pantauan (>1000m dari Desa)
Nanga Tayap,Lembah Hijau Dua,"Senin, 21 September 2026 01:11:00",NASA-NOAA20,Medium,110.45341,-1.59166,False,False,False,False,False,False,Di Luar Area Pantauan (>1000m dari Desa)
Nanga Tayap,Lembah Hijau Dua,"Senin, 21 September 2026 01:11:00",NASA-NOAA20,Medium,110.49133,-1.59764,False,False,True,False,False,True,Di Luar Area Pantauan (>1000m dari Desa)
Nanga Tayap,Pateh Benteng,"Senin, 21 September 2026 01:11:00",NASA-NOAA20,Medium,110.66747,-1.62543,False,False,True,False,False,True,Di Luar Area Pantauan (>1000m dari Desa)
Nanga Tayap,Lembah Hijau Dua,"Senin, 21 September 2026 01:11:00",NASA-NOAA20,Medium,110.49477,-1.59819,False,False,True,False,False,True,Di Luar Area Pantauan (>1000m dari Desa)
Nanga Tayap,Lembah Hijau Dua,"Senin, 21 September 2026 01:11:00",NASA-NOAA20,Medium,110.44946,-1.59443,False,False,False,False,False,False,Di Luar Area Pantauan (>1000m dari Desa)
Nanga Tayap,Lembah Hijau Dua,"Senin, 21 September 2026 01:11:00",NASA-NOAA20,Medium,110.48737,-1.60041,False,False,True,False,False,True,Di Luar Area Pantauan (>1000m dari Desa)
Matan Hilir Utara,Tanjung Baik Budi,"Senin, 21 September 2026 01:11:00",NASA-NOAA20,Medium,110.1636,-1.55263,False,False,True,True,False,True,Di Luar Area Pantauan (>1000m dari Desa)
Nanga Tayap,Lembah Hijau Dua,"Senin, 21 September 2026 01:11:00",NASA-NOAA20,Medium,110.49081,-1.60096,False,False,False,False,False,False,Di Luar Area Pantauan (>1000m dari Desa)
Matan Hilir Utara,Tanjung Baik Budi,"Senin, 21 September 2026 01:11:00",NASA-NOAA20,Medium,110.16016,-1.55209,False,False,False,True,False,True,Di Luar Area Pantauan (>1000m dari Desa)
Matan Hilir Utara,Tanjung Baik Budi,"Senin, 21 September 2026 01:11:00",NASA-NOAA20,Medium,110.16702,-1.55317,False,False,True,True,False,True,Di Luar Area Pantauan (>1000m dari Desa)
Nanga Tayap,Siantau Raya,"Senin, 21 September 2026 01:11:00",NASA-NOAA20,Medium,110.48341,-1.60318,False,False,False,False,False,False,Di Luar Area Pantauan (>1000m dari Desa)
Nanga Tayap,Pateh Benteng,"Senin, 21 September 2026 01:11:00",NASA-NOAA20,Medium,110.64913,-1.62933,False,False,True,False,False,True,Di Luar Area Pantauan (>1000m dari Desa)
Matan Hilir Utara,Tanjung Baik Budi,"Senin, 21 September 2026 01:11:00",NASA-NOAA20,Medium,110.17046,-1.55372,False,False,True,True,False,True,Di Luar Area Pantauan (>1000m dari Desa)
Nanga Tayap,Batu Mas,"Senin, 21 September 2026 01:11:00",NASA-NOAA20,Medium,110.65154,-1.63651,False,False,True,False,False,True,Di Luar Area Pantauan (>1000m dari Desa)
Matan Hilir Utara,Tanjung Baik Budi,"Senin, 21 September 2026 01:11:00",NASA-NOAA20,Medium,110.09391,-1.54838,False,False,True,True,False,True,Di Luar Area Pantauan (>1000m dari Desa)
Matan Hilir Utara,Tanjung Baik Budi,"Senin, 21 September 2026 01:11:00",NASA-NOAA20,Medium,110.16599,-1.55979,False,False,True,True,False,True,Di Luar Area Pantauan (>1000m dari Desa)
Matan Hilir Utara,Tanjung Baik Budi,"Senin, 21 September 2026 01:11:00",NASA-NOAA20,Medium,110.16943,-1.56033,False,False,True,True,False,True,Di Luar Area Pantauan (>1000m dari Desa)
Matan Hilir Utara,Sungai Putri,"Senin, 21 September 2026 01:11:00",NASA-NOAA20,Medium,110.09924,-1.55938,False,False,True,True,False,True,Di Luar Area Pantauan (>1000m dari Desa)
Matan Hilir Utara,Sungai Putri,"Senin, 21 September 2026 01:11:00",NASA-NOAA20,Medium,110.09769,-1.5693,False,False,True,True,False,True,Di Luar Area Pantauan (>1000m dari Desa)
Muara Pawan,Ulak Medang,"Senin, 21 September 2026 01:11:00",NASA-NOAA20,Medium,110.3027,-1.60852,False,False,True,True,False,True,Di Luar Area Pantauan (>1000m dari Desa)
Muara Pawan,Ulak Medang,"Senin, 21 September 2026 01:11:00",NASA-NOAA20,Medium,110.27795,-1.63171,False,False,False,True,False,True,Di Luar Area Pantauan (>1000m dari Desa)
Jelai Hulu,Karang Dangin,"Senin, 21 September 2026 01:11:00",NASA-NOAA20,Medium,110.97626,-1.76916,False,False,True,False,False,True,Di Luar Area Pantauan (>1000m dari Desa)
Muara Pawan,Tanjung Pura,"Senin, 21 September 2026 01:11:00",NASA-NOAA20,Medium,110.23746,-1.66296,False,False,True,True,False,True,Di Luar Area Pantauan (>1000m dari Desa)
Muara Pawan,Tempurukan,"Senin, 21 September 2026 01:11:00",NASA-NOAA20,Medium,110.09665,-1.64069,False,False,True,True,False,True,Di Luar Area Pantauan (>1000m dari Desa)
Muara Pawan,Tanjung Pura,"Senin, 21 September 2026 01:11:00",NASA-NOAA20,Medium,110.23402,-1.66242,False,False,False,False,False,False,Di Luar Area Pantauan (>1000m dari Desa)
Nanga Tayap,Lembah Hijau Satu,"Senin, 21 September 2026 01:11:00",NASA-NOAA20,Medium,110.4865,-1.58331,False,False,True,False,False,True,Di Luar Area Pantauan (>1000m dari Desa)
Matan Hilir Utara,Tanjung Baik Budi,"Senin, 21 September 2026 01:11:00",NASA-NOAA20,Medium,110.19072,-1.5366,False,False,True,True,False,True,Di Luar Area Pantauan (>1000m dari Desa)
Matan Hilir Utara,Tanjung Baik Budi,"Senin, 21 September 2026 01:11:00",NASA-NOAA20,Medium,110.18385,-1.53551,False,False,True,True,False,True,Di Luar Area Pantauan (>1000m dari Desa)
Matan Hilir Utara,Tanjung Baik Budi,"Senin, 21 September 2026 01:11:00",NASA-NOAA20,Medium,110.18043,-1.53497,False,False,True,True,False,True,Di Luar Area Pantauan (>1000m dari Desa)
Nanga Tayap,Lembah Hijau Satu,"Senin, 21 September 2026 01:11:00",NASA-NOAA20,Medium,110.47961,-1.58222,False,False,True,False,False,True,Di Luar Area Pantauan (>1000m dari Desa)
Matan Hilir Utara,Tanjung Baik Budi,"Senin, 21 September 2026 01:11:00",NASA-NOAA20,Medium,110.06715,-1.51705,False,False,False,True,False,True,Di Luar Area Pantauan (>1000m dari Desa)
Nanga Tayap,Lembah Hijau Satu,"Senin, 21 September 2026 01:11:00",NASA-NOAA20,Medium,110.48306,-1.58277,False,False,True,False,False,True,Di Luar Area Pantauan (>1000m dari Desa)
Matan Hilir Utara,Tanjung Baik Budi,"Senin, 21 September 2026 01:11:00",NASA-NOAA20,Medium,110.18333,-1.53882,False,False,True,True,False,True,Di Luar Area Pantauan (>1000m dari Desa)
Nanga Tayap,Lembah Hijau Satu,"Senin, 21 September 2026 01:11:00",NASA-NOAA20,Medium,110.48254,-1.58608,False,False,True,False,False,True,Di Luar Area Pantauan (>1000m dari Desa)
Nanga Tayap,Lembah Hijau Satu,"Senin, 21 September 2026 01:11:00",NASA-NOAA20,Medium,110.47565,-1.58499,False,False,False,False,False,False,Di Luar Area Pantauan (>1000m dari Desa)
Matan Hilir Utara,Tanjung Baik Budi,"Senin, 21 September 2026 01:11:00",NASA-NOAA20,Medium,110.18677,-1.53936,False,False,True,True,False,True,Di Luar Area Pantauan (>1000m dari Desa)
Nanga Tayap,Lembah Hijau Satu,"Senin, 21 September 2026 01:11:00",NASA-NOAA20,Medium,110.47513,-1.5883,False,False,False,False,False,False,Di Luar Area Pantauan (>1000m dari Desa)
Nanga Tayap,Lembah Hijau Satu,"Senin, 21 September 2026 01:11:00",NASA-NOAA20,Medium,110.47858,-1.58885,False,False,True,False,False,True,Di Luar Area Pantauan (>1000m dari Desa)
Nanga Tayap,Lembah Hijau Satu,"Senin, 21 September 2026 01:11:00",NASA-NOAA20,Medium,110.48202,-1.58939,False,False,True,False,False,True,Di Luar Area Pantauan (>1000m dari Desa)
Matan Hilir Utara,Tanjung Baik Budi,"Senin, 21 September 2026 01:11:00",NASA-NOAA20,Medium,110.14164,-1.53561,False,False,True,True,False,True,Di Luar Area Pantauan (>1000m dari Desa)
Matan Hilir Utara,Tanjung Baik Budi,"Senin, 21 September 2026 01:11:00",NASA-NOAA20,Medium,110.14507,-1.53615,False,False,True,True,False,True,Di Luar Area Pantauan (>1000m dari Desa)
Matan Hilir Utara,Tanjung Baik Budi,"Senin, 21 September 2026 01:11:00",NASA-NOAA20,Medium,110.14851,-1.53669,False,False,True,True,False,True,Di Luar Area Pantauan (>1000m dari Desa)
Matan Hilir Utara,Tanjung Baik Budi,"Senin, 21 September 2026 01:11:00",NASA-NOAA20,Medium,110.15537,-1.53778,False,False,True,True,False,True,Di Luar Area Pantauan (>1000m dari Desa)
Matan Hilir Utara,Tanjung Baik Budi,"Senin, 21 September 2026 01:11:00",NASA-NOAA20,Medium,110.15879,-1.53832,False,False,True,True,False,True,Di Luar Area Pantauan (>1000m dari Desa)
Nanga Tayap,Sungai Kelik,"Senin, 21 September 2026 01:11:00",NASA-NOAA20,Medium,110.31337,-1.56276,False,False,False,True,False,True,Di Luar Area Pantauan (>1000m dari Desa)
Nanga Tayap,Lembah Hijau Dua,"Senin, 21 September 2026 01:11:00",NASA-NOAA20,Medium,110.47754,-1.59547,False,False,False,False,False,False,Di Luar Area Pantauan (>1000m dari Desa)
Nanga Tayap,Lembah Hijau Dua,"Senin, 21 September 2026 01:11:00",NASA-NOAA20,Medium,110.48099,-1.59601,False,False,True,False,False,True,Di Luar Area Pantauan (>1000m dari Desa)
Nanga Tayap,Lembah Hijau Dua,"Senin, 21 September 2026 01:11:00",NASA-NOAA20,Medium,110.46771,-1.59053,False,False,False,False,False,False,Di Luar Area Pantauan (>1000m dari Desa)
Matan Hilir Utara,Tanjung Baik Budi,"Senin, 21 September 2026 01:11:00",NASA-NOAA20,Medium,110.17544,-1.54434,False,False,True,True,False,True,Di Luar Area Pantauan (>1000m dari Desa)
Nanga Tayap,Lembah Hijau Dua,"Senin, 21 September 2026 01:11:00",NASA-NOAA20,Medium,110.47117,-1.59107,False,False,True,False,False,True,Di Luar Area Pantauan (>1000m dari Desa)
Nanga Tayap,Lembah Hijau Satu,"Senin, 21 September 2026 01:11:00",NASA-NOAA20,Medium,110.47806,-1.59216,False,False,True,False,False,True,Di Luar Area Pantauan (>1000m dari Desa)
Nanga Tayap,Lembah Hijau Dua,"Senin, 21 September 2026 01:11:00",NASA-NOAA20,Medium,110.47461,-1.59161,False,False,True,False,False,True,Di Luar Area Pantauan (>1000m dari Desa)
Nanga Tayap,Lembah Hijau Satu,"Senin, 21 September 2026 01:11:00",NASA-NOAA20,Medium,110.48151,-1.5927,False,False,True,False,False,True,Di Luar Area Pantauan (>1000m dari Desa)
Matan Hilir Utara,Tanjung Baik Budi,"Senin, 21 September 2026 01:11:00",NASA-NOAA20,Medium,110.17201,-1.5438,False,False,False,True,False,True,Di Luar Area Pantauan (>1000m dari Desa)
Nanga Tayap,Lembah Hijau Dua,"Senin, 21 September 2026 01:11:00",NASA-NOAA20,Medium,110.46375,-1.59329,False,False,True,False,False,True,Di Luar Area Pantauan (>1000m dari Desa)
Matan Hilir Utara,Tanjung Baik Budi,"Senin, 21 September 2026 01:11:00",NASA-NOAA20,Medium,110.17149,-1.54711,False,False,True,True,False,True,Di Luar Area Pantauan (>1000m dari Desa)
Matan Hilir Utara,Tanjung Baik Budi,"Senin, 21 September 2026 01:11:00",NASA-NOAA20,Medium,110.17493,-1.54765,False,False,True,True,False,True,Di Luar Area Pantauan (>1000m dari Desa)
Nanga Tayap,Lembah Hijau Dua,"Senin, 21 September 2026 01:11:00",NASA-NOAA20,Medium,110.46719,-1.59384,False,False,False,False,False,False,Di Luar Area Pantauan (>1000m dari Desa)
Matan Hilir Utara,Tanjung Baik Budi,"Senin, 21 September 2026 01:11:00",NASA-NOAA20,Medium,110.16411,-1.54933,False,False,True,True,False,True,Di Luar Area Pantauan (>1000m dari Desa)
Matan Hilir Utara,Tanjung Baik Budi,"Senin, 21 September 2026 01:11:00",NASA-NOAA20,Medium,110.16068,-1.54878,False,False,False,True,False,True,Di Luar Area Pantauan (>1000m dari Desa)
Matan Hilir Utara,Tanjung Baik Budi,"Senin, 21 September 2026 01:11:00",NASA-NOAA20,Medium,110.17097,-1.55041,False,False,True,True,False,True,Di Luar Area Pantauan (>1000m dari Desa)
Nanga Tayap,Lembah Hijau Dua,"Senin, 21 September 2026 01:11:00",NASA-NOAA20,Medium,110.46323,-1.5966,False,False,True,False,False,True,Di Luar Area Pantauan (>1000m dari Desa)
Nanga Tayap,Sungai Kelik,"Senin, 21 September 2026 01:11:00",NASA-NOAA20,Medium,110.31182,-1.57268,False,False,True,True,False,True,Di Luar Area Pantauan (>1000m dari Desa)
Matan Hilir Utara,Tanjung Baik Budi,"Senin, 21 September 2026 01:11:00",NASA-NOAA20,Medium,110.17441,-1.55096,False,False,True,True,False,True,Di Luar Area Pantauan (>1000m dari Desa)
Nanga Tayap,Lembah Hijau Dua,"Senin, 21 September 2026 01:11:00",NASA-NOAA20,Medium,110.4529,-1.59497,False,False,False,False,False,False,Di Luar Area Pantauan (>1000m dari Desa)
Nanga Tayap,Siantau Raya,"Senin, 21 September 2026 01:11:00",NASA-NOAA20,Medium,110.45222,-1.622,False,False,False,False,False,False,Di Luar Area Pantauan (>1000m dari Desa)
Matan Hilir Utara,Tanjung Baik Budi,"Senin, 21 September 2026 01:11:00",NASA-NOAA20,Medium,110.09787,-1.54562,False,False,True,True,False,True,Di Luar Area Pantauan (>1000m dari Desa)
Nanga Tayap,Batu Mas,"Senin, 21 September 2026 01:11:00",NASA-NOAA20,Medium,110.65207,-1.6332,False,False,True,False,False,True,Di Luar Area Pantauan (>1000m dari Desa)
Nanga Tayap,Lembah Hijau Dua,"Senin, 21 September 2026 01:11:00",NASA-NOAA20,Medium,110.45583,-1.59883,False,False,False,False,False,False,Di Luar Area Pantauan (>1000m dari Desa)
Nanga Tayap,Lembah Hijau Dua,"Senin, 21 September 2026 01:11:00",NASA-NOAA20,Medium,110.46616,-1.60046,False,False,True,False,False,True,Di Luar Area Pantauan (>1000m dari Desa)
Matan Hilir Utara,Tanjung Baik Budi,"Senin, 21 September 2026 01:11:00",NASA-NOAA20,Medium,110.16308,-1.55594,False,False,True,True,False,True,Di Luar Area Pantauan (>1000m dari Desa)
Nanga Tayap,Batu Mas,"Senin, 21 September 2026 01:11:00",NASA-NOAA20,Medium,110.65553,-1.63374,False,False,True,False,False,True,Di Luar Area Pantauan (>1000m dari Desa)
Matan Hilir Utara,Tanjung Baik Budi,"Senin, 21 September 2026 01:11:00",NASA-NOAA20,Medium,110.15965,-1.55539,False,False,True,True,False,True,Di Luar Area Pantauan (>1000m dari Desa)
Matan Hilir Utara,Tanjung Baik Budi,"Senin, 21 September 2026 01:11:00",NASA-NOAA20,Medium,110.1013,-1.54616,False,False,True,True,False,True,Di Luar Area Pantauan (>1000m dari Desa)
Nanga Tayap,Cegolak,"Senin, 21 September 2026 01:11:00",NASA-NOAA20,Medium,110.69257,-1.64639,False,False,False,False,False,False,Di Luar Area Pantauan (>1000m dari Desa)
Matan Hilir Utara,Tanjung Baik Budi,"Senin, 21 September 2026 01:11:00",NASA-NOAA20,Medium,110.09975,-1.55608,False,False,True,True,False,True,Di Luar Area Pantauan (>1000m dari Desa)
Nanga Tayap,Sungai Kelik,"Senin, 21 September 2026 01:11:00",NASA-NOAA20,Medium,110.30563,-1.61237,False,False,True,True,False,True,Di Luar Area Pantauan (>1000m dari Desa)
Nanga Tayap,Cegolak,"Senin, 21 September 2026 01:11:00",NASA-NOAA20,Medium,110.69579,-1.6707,False,False,True,False,True,True,Di Luar Area Pantauan (>1000m dari Desa)
Nanga Tayap,Cegolak,"Senin, 21 September 2026 01:11:00",NASA-NOAA20,Medium,110.6992,-1.67124,False,False,True,False,True,True,Di Luar Area Pantauan (>1000m dari Desa)
Muara Pawan,Ulak Medang,"Senin, 21 September 2026 01:11:00",NASA-NOAA20,Medium,110.27588,-1.64494,False,False,False,True,False,True,Di Luar Area Pantauan (>1000m dari Desa)
Muara Pawan,Ulak Medang,"Senin, 21 September 2026 01:11:00",NASA-NOAA20,Medium,110.27932,-1.64549,False,False,False,True,False,True,Di Luar Area Pantauan (>1000m dari Desa)
Muara Pawan,Ulak Medang,"Senin, 21 September 2026 01:11:00",NASA-NOAA20,Medium,110.269,-1.64385,False,False,True,True,False,True,Di Luar Area Pantauan (>1000m dari Desa)
Muara Pawan,Ulak Medang,"Senin, 21 September 2026 01:11:00",NASA-NOAA20,Medium,110.25722,-1.64914,False,False,True,True,False,True,Di Luar Area Pantauan (>1000m dari Desa)
Muara Pawan,Ulak Medang,"Senin, 21 September 2026 01:11:00",NASA-NOAA20,Medium,110.26065,-1.64969,False,False,False,True,False,True,Di Luar Area Pantauan (>1000m dari Desa)
Hulu Sungai,Krio Hulu,"Senin, 21 September 2026 01:11:00",NASA-NOAA20,Medium,110.90034,-0.99972,False,False,True,False,False,True,Di Luar Area Pantauan (>1000m dari Desa)
Hulu Sungai,Kenyabur,"Senin, 21 September 2026 01:11:00",NASA-NOAA20,Medium,111.05877,-1.0349,True,True,True,False,False,True,Prioritas 1 (Tinggi)
Sungai Melayu Rayak,Makmur Abadi,"Senin, 21 September 2026 01:11:00",NASA-NOAA20,Medium,110.26872,-1.68824,False,False,False,False,False,False,Di Luar Area Pantauan (>1000m dari Desa)
Muara Pawan,Tanjung Pura,"Senin, 21 September 2026 01:11:00",NASA-NOAA20,Medium,110.15141,-1.67307,False,False,True,True,False,True,Di Luar Area Pantauan (>1000m dari Desa)
Muara Pawan,Tanjung Pura,"Senin, 21 September 2026 01:11:00",NASA-NOAA20,Medium,110.21666,-1.68339,False,False,True,True,False,True,Di Luar Area Pantauan (>1000m dari Desa)
Muara Pawan,Tanjung Pura,"Senin, 21 September 2026 01:11:00",NASA-NOAA20,Medium,110.14455,-1.67198,False,False,False,False,False,False,Di Luar Area Pantauan (>1000m dari Desa)
Muara Pawan,Tanjung Pura,"Senin, 21 September 2026 01:11:00",NASA-NOAA20,Medium,110.14797,-1.67253,False,False,True,True,False,True,Di Luar Area Pantauan (>1000m dari Desa)
Sungai Melayu Rayak,Makmur Abadi,"Senin, 21 September 2026 01:11:00",NASA-NOAA20,Medium,110.27165,-1.69209,False,False,False,False,False,False,Di Luar Area Pantauan (>1000m dari Desa)
Jelai Hulu,Pasir Mayang,"Senin, 21 September 2026 01:11:00",NASA-NOAA20,Medium,110.79257,-1.77778,False,False,False,False,False,False,Di Luar Area Pantauan (>1000m dari Desa)
Sungai Melayu Rayak,Makmur Abadi,"Senin, 21 September 2026 01:11:00",NASA-NOAA20,Medium,110.27061,-1.6987,False,False,True,True,False,True,Di Luar Area Pantauan (>1000m dari Desa)
Muara Pawan,Tanjung Pura,"Senin, 21 September 2026 01:11:00",NASA-NOAA20,Medium,110.21219,-1.68946,False,False,True,True,False,True,Di Luar Area Pantauan (>1000m dari Desa)
Muara Pawan,Tanjung Pura,"Senin, 21 September 2026 01:11:00",NASA-NOAA20,Medium,110.22937,-1.69218,False,False,True,True,False,True,Di Luar Area Pantauan (>1000m dari Desa)
Muara Pawan,Tanjung Pura,"Senin, 21 September 2026 01:11:00",NASA-NOAA20,Medium,110.2328,-1.69272,False,False,False,True,False,True,Di Luar Area Pantauan (>1000m dari Desa)
Sungai Melayu Rayak,Makmur Abadi,"Senin, 21 September 2026 01:11:00",NASA-NOAA20,Medium,110.27009,-1.70201,False,False,True,True,False,True,Di Luar Area Pantauan (>1000m dari Desa)
Muara Pawan,Tanjung Pura,"Senin, 21 September 2026 01:11:00",NASA-NOAA20,Medium,110.21167,-1.69277,False,False,True,True,False,True,Di Luar Area Pantauan (>1000m dari Desa)
Sungai Melayu Rayak,Makmur Abadi,"Senin, 21 September 2026 01:11:00",NASA-NOAA20,Medium,110.25291,-1.69929,False,False,False,True,False,True,Di Luar Area Pantauan (>1000m dari Desa)
Sungai Melayu Rayak,Makmur Abadi,"Senin, 21 September 2026 01:11:00",NASA-NOAA20,Medium,110.25635,-1.69984,False,False,False,False,False,False,Di Luar Area Pantauan (>1000m dari Desa)
Sungai Melayu Rayak,Makmur Abadi,"Senin, 21 September 2026 01:11:00",NASA-NOAA20,Medium,110.25582,-1.70314,False,False,True,True,False,True,Di Luar Area Pantauan (>1000m dari Desa)
Sungai Melayu Rayak,Makmur Abadi,"Senin, 21 September 2026 01:11:00",NASA-NOAA20,Medium,110.26957,-1.70532,False,False,True,True,False,True,Di Luar Area Pantauan (>1000m dari Desa)
Sungai Melayu Rayak,Makmur Abadi,"Senin, 21 September 2026 01:11:00",NASA-NOAA20,Medium,110.26562,-1.70808,False,False,True,True,False,True,Di Luar Area Pantauan (>1000m dari Desa)
Sungai Melayu Rayak,Makmur Abadi,"Senin, 21 September 2026 01:11:00",NASA-NOAA20,Medium,110.26511,-1.71139,False,False,True,True,False,True,Di Luar Area Pantauan (>1000m dari Desa)
Jelai Hulu,Karang Dangin,"Senin, 21 September 2026 01:11:00",NASA-NOAA20,Medium,110.96395,-1.82531,False,False,True,False,False,True,Di Luar Area Pantauan (>1000m dari Desa)
Muara Pawan,Tanjung Pura,"Senin, 21 September 2026 01:11:00",NASA-NOAA20,Medium,110.13354,-1.69734,False,False,True,True,False,True,Di Luar Area Pantauan (>1000m dari Desa)
Sungai Melayu Rayak,Makmur Abadi,"Senin, 21 September 2026 01:11:00",NASA-NOAA20,Medium,110.234,-1.73019,False,False,True,True,False,True,Di Luar Area Pantauan (>1000m dari Desa)
Jelai Hulu,Limpang,"Senin, 21 September 2026 01:11:00",NASA-NOAA20,Medium,110.84391,-1.83702,False,False,True,False,False,True,Di Luar Area Pantauan (>1000m dari Desa)
Tumbang Titi,Petebang Jaya,"Senin, 21 September 2026 01:11:00",NASA-NOAA20,Medium,110.74488,-1.83121,False,False,True,False,False,True,Di Luar Area Pantauan (>1000m dari Desa)
Sungai Melayu Rayak,Makmur Abadi,"Senin, 21 September 2026 01:11:00",NASA-NOAA20,Medium,110.22901,-1.73956,False,False,True,True,False,True,Di Luar Area Pantauan (>1000m dari Desa)
Sungai Melayu Rayak,Makmur Abadi,"Senin, 21 September 2026 01:11:00",NASA-NOAA20,Medium,110.23245,-1.74011,False,False,True,True,False,True,Di Luar Area Pantauan (>1000m dari Desa)
Sungai Melayu Rayak,Makmur Abadi,"Senin, 21 September 2026 01:11:00",NASA-NOAA20,Medium,110.2263,-1.75628,False,False,False,True,False,True,Di Luar Area Pantauan (>1000m dari Desa)
Sungai Melayu Rayak,Makmur Abadi,"Senin, 21 September 2026 01:11:00",NASA-NOAA20,Medium,110.22973,-1.75683,False,False,False,True,False,True,Di Luar Area Pantauan (>1000m dari Desa)
Kepulauan Karimata,Betok Jaya,"Senin, 21 September 2026 01:11:00",NASA-NOAA20,Medium,108.92966,-1.55365,True,True,True,False,True,True,Prioritas 1 (Tinggi)
Sungai Melayu Rayak,Sungai Melayu,"Senin, 21 September 2026 01:11:00",NASA-NOAA20,Medium,110.37213,-1.79287,False,False,False,False,False,False,Di Luar Area Pantauan (>1000m dari Desa)
Sungai Melayu Rayak,Makmur Abadi,"Senin, 21 September 2026 01:11:00",NASA-NOAA20,Medium,110.24141,-1.77223,False,False,False,True,False,True,Di Luar Area Pantauan (>1000m dari Desa)
Matan Hilir Selatan,Pematang Gadung,"Senin, 21 September 2026 01:11:00",NASA-NOAA20,Medium,110.21435,-1.92422,False,False,True,True,False,True,Di Luar Area Pantauan (>1000m dari Desa)
Muara Pawan,Tanjung Pura,"Senin, 21 September 2026 01:11:00",NASA-NOAA20,Medium,110.22438,-1.70156,False,False,False,True,False,True,Di Luar Area Pantauan (>1000m dari Desa)
Muara Pawan,Tanjung Pura,"Senin, 21 September 2026 01:11:00",NASA-NOAA20,Medium,110.21562,-1.69,False,False,True,True,False,True,Di Luar Area Pantauan (>1000m dari Desa)
Muara Pawan,Tanjung Pura,"Senin, 21 September 2026 01:11:00",NASA-NOAA20,Medium,110.15433,-1.67692,False,False,True,True,False,True,Di Luar Area Pantauan (>1000m dari Desa)
Muara Pawan,Tanjung Pura,"Senin, 21 September 2026 01:11:00",NASA-NOAA20,Medium,110.22559,-1.67125,False,False,True,True,False,True,Di Luar Area Pantauan (>1000m dari Desa)
Muara Pawan,Tanjung Pura,"Senin, 21 September 2026 01:11:00",NASA-NOAA20,Medium,110.15776,-1.67746,False,False,True,True,False,True,Di Luar Area Pantauan (>1000m dari Desa)
Sungai Melayu Rayak,Makmur Abadi,"Senin, 21 September 2026 01:11:00",NASA-NOAA20,Medium,110.27113,-1.6954,False,False,True,True,False,True,Di Luar Area Pantauan (>1000m dari Desa)
Sungai Melayu Rayak,Makmur Abadi,"Senin, 21 September 2026 01:11:00",NASA-NOAA20,Medium,110.26426,-1.69431,False,False,False,True,False,True,Di Luar Area Pantauan (>1000m dari Desa)
Muara Pawan,Tanjung Pura,"Senin, 21 September 2026 01:11:00",NASA-NOAA20,Medium,110.21614,-1.6867,False,False,True,True,False,True,Di Luar Area Pantauan (>1000m dari Desa)
Jelai Hulu,Pasir Mayang,"Senin, 21 September 2026 01:11:00",NASA-NOAA20,Medium,110.79208,-1.7811,False,False,False,False,False,False,Di Luar Area Pantauan (>1000m dari Desa)
Muara Pawan,Tanjung Pura,"Senin, 21 September 2026 01:11:00",NASA-NOAA20,Medium,110.21803,-1.69716,False,False,True,True,False,True,Di Luar Area Pantauan (>1000m dari Desa)
Jelai Hulu,Pasir Mayang,"Senin, 21 September 2026 01:11:00",NASA-NOAA20,Medium,110.78857,-1.78055,False,False,True,False,False,True,Di Luar Area Pantauan (>1000m dari Desa)
Sungai Melayu Rayak,Makmur Abadi,"Senin, 21 September 2026 01:11:00",NASA-NOAA20,Medium,110.26717,-1.69816,False,False,True,True,False,True,Di Luar Area Pantauan (>1000m dari Desa)
Jelai Hulu,Pasir Mayang,"Senin, 21 September 2026 01:11:00",NASA-NOAA20,Medium,110.78506,-1.78,False,False,True,False,False,True,Di Luar Area Pantauan (>1000m dari Desa)
Sungai Melayu Rayak,Makmur Abadi,"Senin, 21 September 2026 01:11:00",NASA-NOAA20,Medium,110.26218,-1.70754,False,False,True,True,False,True,Di Luar Area Pantauan (>1000m dari Desa)
Muara Pawan,Tanjung Pura,"Senin, 21 September 2026 01:11:00",NASA-NOAA20,Medium,110.21992,-1.70763,False,False,False,True,False,True,Di Luar Area Pantauan (>1000m dari Desa)
Muara Pawan,Mayak,"Senin, 21 September 2026 01:11:00",NASA-NOAA20,Medium,110.16582,-1.716,False,False,True,True,False,True,Di Luar Area Pantauan (>1000m dari Desa)
Tumbang Titi,Petebang Jaya,"Senin, 21 September 2026 01:11:00",NASA-NOAA20,Medium,110.74748,-1.83842,False,False,False,False,False,False,Di Luar Area Pantauan (>1000m dari Desa)
Sungai Melayu Rayak,Makmur Abadi,"Senin, 21 September 2026 01:11:00",NASA-NOAA20,Medium,110.22849,-1.74287,False,False,True,True,False,True,Di Luar Area Pantauan (>1000m dari Desa)
Muara Pawan,Sungai Awan Kiri,"Senin, 21 September 2026 01:11:00",NASA-NOAA20,Medium,110.05627,-1.71898,False,False,False,True,False,True,Di Luar Area Pantauan (>1000m dari Desa)
Sungai Melayu Rayak,Makmur Abadi,"Senin, 21 September 2026 01:11:00",NASA-NOAA20,Medium,110.22798,-1.74618,False,False,True,True,False,True,Di Luar Area Pantauan (>1000m dari Desa)
Sungai Melayu Rayak,Makmur Abadi,"Senin, 21 September 2026 01:11:00",NASA-NOAA20,Medium,110.24588,-1.76616,False,False,False,True,False,True,Di Luar Area Pantauan (>1000m dari Desa)
Benua Kayong,Negeri Baru,"Senin, 21 September 2026 01:11:00",NASA-NOAA20,Medium,110.23248,-1.78437,False,False,False,True,False,True,Di Luar Area Pantauan (>1000m dari Desa)
Kendawangan,Mekar Utama,"Senin, 21 September 2026 01:11:00",NASA-NOAA20,Medium,110.22477,-2.28247,False,False,False,False,False,False,Di Luar Area Pantauan (>1000m dari Desa)
Kendawangan,Mekar Utama,"Senin, 21 September 2026 01:11:00",NASA-NOAA20,Medium,110.22425,-2.28578,False,False,False,False,False,False,Di Luar Area Pantauan (>1000m dari Desa)
Simpang Hilir,Lubuk Batu,"Senin, 21 September 2026 01:11:00",NASA-NOAA20,Medium,110.10769,-0.94901,False,False,False,False,False,False,Di Luar Area Pantauan (>1000m dari Desa)
Jelai Hulu,Pangkalan Suka,"Senin, 21 September 2026 01:11:00",NASA-NOAA20,Medium,110.94259,-1.91689,False,False,False,False,False,False,Di Luar Area Pantauan (>1000m dari Desa)
Jelai Hulu,Karang Dangin,"Senin, 21 September 2026 01:11:00",NASA-NOAA20,Medium,110.90063,-1.91027,False,False,False,False,False,False,Di Luar Area Pantauan (>1000m dari Desa)
Matan Hilir Selatan,Sungai Pelang,"Senin, 21 September 2026 01:11:00",NASA-NOAA20,Medium,110.25636,-1.81187,False,False,False,True,False,True,Di Luar Area Pantauan (>1000m dari Desa)
Jelai Hulu,Karang Dangin,"Senin, 21 September 2026 01:11:00",NASA-NOAA20,Medium,110.90115,-1.90694,False,False,False,False,False,False,Di Luar Area Pantauan (>1000m dari Desa)
Jelai Hulu,Karang Dangin,"Senin, 21 September 2026 01:11:00",NASA-NOAA20,Medium,110.89765,-1.90638,False,False,False,False,False,False,Di Luar Area Pantauan (>1000m dari Desa)
Benua Kayong,Negeri Baru,"Senin, 21 September 2026 01:11:00",NASA-NOAA20,Medium,110.16496,-1.81096,False,False,False,False,False,False,Di Luar Area Pantauan (>1000m dari Desa)
Sungai Melayu Rayak,Sungai Melayu,"Senin, 21 September 2026 01:11:00",NASA-NOAA20,Medium,110.28867,-1.83054,False,False,False,False,False,False,Di Luar Area Pantauan (>1000m dari Desa)
Sungai Melayu Rayak,Sungai Melayu,"Senin, 21 September 2026 01:11:00",NASA-NOAA20,Medium,110.28815,-1.83385,False,False,False,False,False,False,Di Luar Area Pantauan (>1000m dari Desa)
Benua Kayong,Negeri Baru,"Senin, 21 September 2026 01:11:00",NASA-NOAA20,Medium,110.18507,-1.81753,False,False,False,True,False,True,Di Luar Area Pantauan (>1000m dari Desa)
Jelai Hulu,Air Dua,"Senin, 21 September 2026 01:11:00",NASA-NOAA20,Medium,110.8157,-1.92756,False,False,False,False,False,False,Di Luar Area Pantauan (>1000m dari Desa)
Jelai Hulu,Semantun,"Senin, 21 September 2026 01:11:00",NASA-NOAA20,Medium,111.03954,-1.963,False,False,True,False,False,True,Di Luar Area Pantauan (>1000m dari Desa)
Jelai Hulu,Semantun,"Senin, 21 September 2026 01:11:00",NASA-NOAA20,Medium,111.08085,-1.9764,False,False,True,False,False,True,Di Luar Area Pantauan (>1000m dari Desa)
Jelai Hulu,Kesuma Jaya,"Senin, 21 September 2026 01:11:00",NASA-NOAA20,Medium,110.85654,-1.94085,False,False,False,False,False,False,Di Luar Area Pantauan (>1000m dari Desa)
Matan Hilir Selatan,Sungai Pelang,"Senin, 21 September 2026 01:11:00",NASA-NOAA20,Medium,110.20497,-1.84779,False,False,True,True,False,True,Di Luar Area Pantauan (>1000m dari Desa)
Matan Hilir Selatan,Sungai Pelang,"Senin, 21 September 2026 01:11:00",NASA-NOAA20,Medium,110.22215,-1.85051,False,False,True,True,False,True,Di Luar Area Pantauan (>1000m dari Desa)
Matan Hilir Selatan,Sungai Pelang,"Senin, 21 September 2026 01:11:00",NASA-NOAA20,Medium,110.22902,-1.8516,False,False,True,True,False,True,Di Luar Area Pantauan (>1000m dari Desa)
Matan Hilir Selatan,Sungai Besar,"Senin, 21 September 2026 01:11:00",NASA-NOAA20,Medium,110.24621,-1.85432,False,False,False,True,False,True,Di Luar Area Pantauan (>1000m dari Desa)
Matan Hilir Selatan,Sungai Besar,"Senin, 21 September 2026 01:11:00",NASA-NOAA20,Medium,110.25308,-1.85541,False,False,True,True,False,True,Di Luar Area Pantauan (>1000m dari Desa)
Matan Hilir Selatan,Sungai Besar,"Senin, 21 September 2026 01:11:00",NASA-NOAA20,Medium,110.25652,-1.85596,False,False,True,True,False,True,Di Luar Area Pantauan (>1000m dari Desa)
Matan Hilir Selatan,Sungai Besar,"Senin, 21 September 2026 01:11:00",NASA-NOAA20,Medium,110.25996,-1.8565,False,False,True,True,False,True,Di Luar Area Pantauan (>1000m dari Desa)
Matan Hilir Selatan,Sungai Besar,"Senin, 21 September 2026 01:11:00",NASA-NOAA20,Medium,110.2634,-1.85705,False,False,True,True,False,True,Di Luar Area Pantauan (>1000m dari Desa)
Matan Hilir Selatan,Sungai Besar,"Senin, 21 September 2026 01:11:00",NASA-NOAA20,Medium,110.22812,-1.85862,False,False,True,True,False,True,Di Luar Area Pantauan (>1000m dari Desa)
Matan Hilir Selatan,Sungai Besar,"Senin, 21 September 2026 01:11:00",NASA-NOAA20,Medium,110.22468,-1.85807,False,False,True,True,False,True,Di Luar Area Pantauan (>1000m dari Desa)
Matan Hilir Selatan,Sungai Besar,"Senin, 21 September 2026 01:11:00",NASA-NOAA20,Medium,110.23104,-1.86247,False,False,True,True,False,True,Di Luar Area Pantauan (>1000m dari Desa)
Matan Hilir Selatan,Sungai Besar,"Senin, 21 September 2026 01:11:00",NASA-NOAA20,Medium,110.23,-1.86908,False,False,True,True,False,True,Di Luar Area Pantauan (>1000m dari Desa)
Matan Hilir Selatan,Sungai Besar,"Senin, 21 September 2026 01:11:00",NASA-NOAA20,Medium,110.25752,-1.87343,False,False,True,True,False,True,Di Luar Area Pantauan (>1000m dari Desa)
Matan Hilir Selatan,Sungai Besar,"Senin, 21 September 2026 01:11:00",NASA-NOAA20,Medium,110.21917,-1.87076,False,False,True,True,False,True,Di Luar Area Pantauan (>1000m dari Desa)
Matan Hilir Selatan,Sungai Besar,"Senin, 21 September 2026 01:11:00",NASA-NOAA20,Medium,110.25013,-1.87565,False,False,True,True,False,True,Di Luar Area Pantauan (>1000m dari Desa)
Matan Hilir Selatan,Sungai Besar,"Senin, 21 September 2026 01:11:00",NASA-NOAA20,Medium,110.16746,-1.8863,False,False,True,True,False,True,Di Luar Area Pantauan (>1000m dari Desa)
Matan Hilir Selatan,Sungai Pelang,"Senin, 21 September 2026 01:11:00",NASA-NOAA20,Medium,110.16901,-1.87638,False,False,True,True,False,True,Di Luar Area Pantauan (>1000m dari Desa)
Jelai Hulu,Semantun,"Senin, 21 September 2026 01:11:00",NASA-NOAA20,Medium,111.02937,-2.00856,False,False,False,False,False,False,Di Luar Area Pantauan (>1000m dari Desa)
Jelai Hulu,Semantun,"Senin, 21 September 2026 01:11:00",NASA-NOAA20,Medium,111.03288,-2.00911,False,False,False,False,False,False,Di Luar Area Pantauan (>1000m dari Desa)
Jelai Hulu,Semantun,"Senin, 21 September 2026 01:11:00",NASA-NOAA20,Medium,111.08003,-2.03023,False,False,True,False,False,True,Di Luar Area Pantauan (>1000m dari Desa)
Matan Hilir Selatan,Sungai Besar,"Senin, 21 September 2026 01:11:00",NASA-NOAA20,Medium,110.18755,-1.89287,False,False,True,True,False,True,Di Luar Area Pantauan (>1000m dari Desa)
Matan Hilir Selatan,Sungai Pelang,"Senin, 21 September 2026 01:11:00",NASA-NOAA20,Medium,110.19467,-1.84616,False,False,False,True,False,True,Di Luar Area Pantauan (>1000m dari Desa)
Matan Hilir Selatan,Sungai Besar,"Senin, 21 September 2026 01:11:00",NASA-NOAA20,Medium,110.23933,-1.85324,False,False,True,True,False,True,Di Luar Area Pantauan (>1000m dari Desa)
Matan Hilir Selatan,Sungai Besar,"Senin, 21 September 2026 01:11:00",NASA-NOAA20,Medium,110.24277,-1.85378,False,False,False,True,False,True,Di Luar Area Pantauan (>1000m dari Desa)
Kepulauan Karimata,Betok Jaya,"Senin, 21 September 2026 01:11:00",NASA-NOAA20,Medium,108.87801,-1.58314,True,False,True,False,True,True,Prioritas 1 (Tinggi)
Benua Kayong,Negeri Baru,"Senin, 21 September 2026 01:11:00",NASA-NOAA20,Medium,110.20962,-1.81803,False,False,False,True,False,True,Di Luar Area Pantauan (>1000m dari Desa)
Matan Hilir Selatan,Sungai Pelang,"Senin, 21 September 2026 01:11:00",NASA-NOAA20,Medium,110.21871,-1.84997,False,False,True,True,False,True,Di Luar Area Pantauan (>1000m dari Desa)
Matan Hilir Selatan,Sungai Pelang,"Senin, 21 September 2026 01:11:00",NASA-NOAA20,Medium,110.19227,-1.83901,False,False,False,True,False,True,Di Luar Area Pantauan (>1000m dari Desa)
Matan Hilir Selatan,Sungai Pelang,"Senin, 21 September 2026 01:11:00",NASA-NOAA20,Medium,110.19569,-1.83955,False,False,False,True,False,True,Di Luar Area Pantauan (>1000m dari Desa)
Matan Hilir Selatan,Sungai Pelang,"Senin, 21 September 2026 01:11:00",NASA-NOAA20,Medium,110.22318,-1.8439,False,False,True,True,False,True,Di Luar Area Pantauan (>1000m dari Desa)
Matan Hilir Selatan,Sungai Besar,"Senin, 21 September 2026 01:11:00",NASA-NOAA20,Medium,110.25412,-1.8488,False,False,True,True,False,True,Di Luar Area Pantauan (>1000m dari Desa)
Matan Hilir Selatan,Sungai Besar,"Senin, 21 September 2026 01:11:00",NASA-NOAA20,Medium,110.24673,-1.85102,False,False,True,True,False,True,Di Luar Area Pantauan (>1000m dari Desa)
Matan Hilir Selatan,Sungai Besar,"Senin, 21 September 2026 01:11:00",NASA-NOAA20,Medium,110.2536,-1.85211,False,False,True,True,False,True,Di Luar Area Pantauan (>1000m dari Desa)
Matan Hilir Selatan,Sungai Pelang,"Senin, 21 September 2026 01:11:00",NASA-NOAA20,Medium,110.22559,-1.85106,False,False,True,True,False,True,Di Luar Area Pantauan (>1000m dari Desa)
Matan Hilir Selatan,Sungai Besar,"Senin, 21 September 2026 01:11:00",NASA-NOAA20,Medium,110.26976,-1.86145,False,False,True,True,False,True,Di Luar Area Pantauan (>1000m dari Desa)
Matan Hilir Selatan,Sungai Besar,"Senin, 21 September 2026 01:11:00",NASA-NOAA20,Medium,110.22657,-1.86854,False,False,True,True,False,True,Di Luar Area Pantauan (>1000m dari Desa)
Matan Hilir Selatan,Sungai Besar,"Senin, 21 September 2026 01:11:00",NASA-NOAA20,Medium,110.23052,-1.86577,False,False,True,True,False,True,Di Luar Area Pantauan (>1000m dari Desa)
Matan Hilir Selatan,Sungai Besar,"Senin, 21 September 2026 01:11:00",NASA-NOAA20,Medium,110.24187,-1.86079,False,False,True,True,False,True,Di Luar Area Pantauan (>1000m dari Desa)
Matan Hilir Selatan,Sungai Besar,"Senin, 21 September 2026 01:11:00",NASA-NOAA20,Medium,110.23882,-1.85654,False,False,True,True,False,True,Di Luar Area Pantauan (>1000m dari Desa)
Matan Hilir Selatan,Sungai Pelang,"Senin, 21 September 2026 01:11:00",NASA-NOAA20,Medium,110.22163,-1.85382,False,False,True,True,False,True,Di Luar Area Pantauan (>1000m dari Desa)
Matan Hilir Selatan,Sungai Besar,"Senin, 21 September 2026 01:11:00",NASA-NOAA20,Medium,110.2285,-1.85491,False,False,True,True,False,True,Di Luar Area Pantauan (>1000m dari Desa)
Matan Hilir Selatan,Sungai Besar,"Senin, 21 September 2026 01:11:00",NASA-NOAA20,Medium,110.22507,-1.85436,False,False,True,True,False,True,Di Luar Area Pantauan (>1000m dari Desa)
Matan Hilir Selatan,Sungai Besar,"Senin, 21 September 2026 01:11:00",NASA-NOAA20,Medium,110.2457,-1.85763,False,False,False,True,False,True,Di Luar Area Pantauan (>1000m dari Desa)
Matan Hilir Selatan,Sungai Besar,"Senin, 21 September 2026 01:11:00",NASA-NOAA20,Medium,110.24225,-1.85709,False,False,True,True,False,True,Di Luar Area Pantauan (>1000m dari Desa)
Matan Hilir Selatan,Sungai Besar,"Senin, 21 September 2026 01:11:00",NASA-NOAA20,Medium,110.22708,-1.86523,False,False,True,True,False,True,Di Luar Area Pantauan (>1000m dari Desa)
Benua Kayong,Negeri Baru,"Senin, 21 September 2026 01:11:00",NASA-NOAA20,Medium,110.11369,-1.84731,False,False,False,False,False,False,Di Luar Area Pantauan (>1000m dari Desa)
Matan Hilir Selatan,Sungai Besar,"Senin, 21 September 2026 01:11:00",NASA-NOAA20,Medium,110.23448,-1.86301,False,False,True,True,False,True,Di Luar Area Pantauan (>1000m dari Desa)
Matan Hilir Selatan,Sungai Besar,"Senin, 21 September 2026 01:11:00",NASA-NOAA20,Medium,110.23792,-1.86355,False,False,True,True,False,True,Di Luar Area Pantauan (>1000m dari Desa)
Matan Hilir Selatan,Sungai Besar,"Senin, 21 September 2026 01:11:00",NASA-NOAA20,Medium,110.21677,-1.8636,False,False,True,True,False,True,Di Luar Area Pantauan (>1000m dari Desa)
Matan Hilir Selatan,Sungai Besar,"Senin, 21 September 2026 01:11:00",NASA-NOAA20,Medium,110.22073,-1.86084,False,False,True,True,False,True,Di Luar Area Pantauan (>1000m dari Desa)
Matan Hilir Selatan,Sungai Besar,"Senin, 21 September 2026 01:11:00",NASA-NOAA20,Medium,110.2276,-1.86192,False,False,True,True,False,True,Di Luar Area Pantauan (>1000m dari Desa)
Benua Kayong,Negeri Baru,"Senin, 21 September 2026 01:11:00",NASA-NOAA20,Medium,110.11025,-1.84677,False,False,False,False,False,False,Di Luar Area Pantauan (>1000m dari Desa)
Matan Hilir Selatan,Sungai Besar,"Senin, 21 September 2026 01:11:00",NASA-NOAA20,Medium,110.21574,-1.87022,False,False,True,True,False,True,Di Luar Area Pantauan (>1000m dari Desa)
Matan Hilir Selatan,Sungai Besar,"Senin, 21 September 2026 01:11:00",NASA-NOAA20,Medium,110.24961,-1.87896,False,False,True,True,False,True,Di Luar Area Pantauan (>1000m dari Desa)
Jelai Hulu,Air Dua,"Senin, 21 September 2026 01:11:00",NASA-NOAA20,Medium,110.80582,-1.97002,False,False,False,False,False,False,Di Luar Area Pantauan (>1000m dari Desa)
Matan Hilir Selatan,Sungai Besar,"Senin, 21 September 2026 01:11:00",NASA-NOAA20,Medium,110.21814,-1.87737,False,False,True,True,False,True,Di Luar Area Pantauan (>1000m dari Desa)
Matan Hilir Selatan,Sungai Besar,"Senin, 21 September 2026 01:11:00",NASA-NOAA20,Medium,110.24909,-1.88226,False,False,True,True,False,True,Di Luar Area Pantauan (>1000m dari Desa)
Jelai Hulu,Air Dua,"Senin, 21 September 2026 01:11:00",NASA-NOAA20,Medium,110.8093,-1.97056,False,False,False,False,False,False,Di Luar Area Pantauan (>1000m dari Desa)
Matan Hilir Selatan,Sungai Besar,"Senin, 21 September 2026 01:11:00",NASA-NOAA20,Medium,110.17587,-1.87747,False,False,True,True,False,True,Di Luar Area Pantauan (>1000m dari Desa)
Matan Hilir Selatan,Sungai Besar,"Senin, 21 September 2026 01:11:00",NASA-NOAA20,Medium,110.21316,-1.88675,False,False,True,True,False,True,Di Luar Area Pantauan (>1000m dari Desa)
Matan Hilir Selatan,Sungai Besar,"Senin, 21 September 2026 01:11:00",NASA-NOAA20,Medium,110.21659,-1.8873,False,False,True,True,False,True,Di Luar Area Pantauan (>1000m dari Desa)
Matan Hilir Selatan,Pematang Gadung,"Senin, 21 September 2026 01:11:00",NASA-NOAA20,Medium,110.26819,-1.89545,False,False,True,True,False,True,Di Luar Area Pantauan (>1000m dari Desa)
Matan Hilir Selatan,Pematang Gadung,"Senin, 21 September 2026 01:11:00",NASA-NOAA20,Medium,110.2613,-1.89436,False,False,True,True,False,True,Di Luar Area Pantauan (>1000m dari Desa)
Matan Hilir Selatan,Pematang Gadung,"Senin, 21 September 2026 01:11:00",NASA-NOAA20,Medium,110.29226,-1.89925,False,False,False,True,False,True,Di Luar Area Pantauan (>1000m dari Desa)
Matan Hilir Selatan,Sungai Besar,"Senin, 21 September 2026 01:11:00",NASA-NOAA20,Medium,110.2092,-1.88952,False,False,True,True,False,True,Di Luar Area Pantauan (>1000m dari Desa)
Matan Hilir Selatan,Sungai Besar,"Senin, 21 September 2026 01:11:00",NASA-NOAA20,Medium,110.21264,-1.89006,False,False,True,True,False,True,Di Luar Area Pantauan (>1000m dari Desa)
Matan Hilir Selatan,Sungai Besar,"Senin, 21 September 2026 01:11:00",NASA-NOAA20,Medium,110.21607,-1.8906,False,False,True,True,False,True,Di Luar Area Pantauan (>1000m dari Desa)
Matan Hilir Selatan,Pematang Gadung,"Senin, 21 September 2026 01:11:00",NASA-NOAA20,Medium,110.26079,-1.89767,False,False,True,True,False,True,Di Luar Area Pantauan (>1000m dari Desa)
Matan Hilir Selatan,Sungai Besar,"Senin, 21 September 2026 01:11:00",NASA-NOAA20,Medium,110.16986,-1.89346,False,False,True,True,False,True,Di Luar Area Pantauan (>1000m dari Desa)
Matan Hilir Selatan,Sungai Besar,"Senin, 21 September 2026 01:11:00",NASA-NOAA20,Medium,110.20475,-1.89559,False,False,True,True,False,True,Di Luar Area Pantauan (>1000m dari Desa)
Matan Hilir Selatan,Sungai Besar,"Senin, 21 September 2026 01:11:00",NASA-NOAA20,Medium,110.1635,-1.88907,False,False,True,True,False,True,Di Luar Area Pantauan (>1000m dari Desa)
Matan Hilir Selatan,Sungai Besar,"Senin, 21 September 2026 01:11:00",NASA-NOAA20,Medium,110.19099,-1.89342,False,False,True,True,False,True,Di Luar Area Pantauan (>1000m dari Desa)
Tumbang Titi,Nanga Kelampai,"Senin, 21 September 2026 01:11:00",NASA-NOAA20,Medium,110.5592,-1.95498,False,False,False,False,False,False,Di Luar Area Pantauan (>1000m dari Desa)
Jelai Hulu,Semantun,"Senin, 21 September 2026 01:11:00",NASA-NOAA20,Medium,111.04367,-2.05534,False,False,False,False,False,False,Di Luar Area Pantauan (>1000m dari Desa)
Matan Hilir Selatan,Sungai Besar,"Senin, 21 September 2026 01:11:00",NASA-NOAA20,Medium,110.20766,-1.89944,False,False,True,True,False,True,Di Luar Area Pantauan (>1000m dari Desa)
Jelai Hulu,Semantun,"Senin, 21 September 2026 01:11:00",NASA-NOAA20,Medium,111.0442,-2.052,False,False,False,False,False,False,Di Luar Area Pantauan (>1000m dari Desa)
Hulu Sungai,Beginci Darat,"Senin, 21 September 2026 01:11:00",NASA-NOAA20,Medium,111.02371,-1.34869,True,False,True,False,False,True,Prioritas 1 (Tinggi)
Nanga Tayap,Pangkalan Teluk,"Senin, 21 September 2026 01:11:00",NASA-NOAA20,Medium,110.36062,-1.30514,False,False,True,False,True,True,Di Luar Area Pantauan (>1000m dari Desa)
Kendawangan,Mekar Utama,"Senin, 21 September 2026 01:11:00",NASA-NOAA20,Medium,110.21091,-2.30092,False,False,True,False,False,True,Di Luar Area Pantauan (>1000m dari Desa)
Kendawangan,Banjar Sari,"Senin, 21 September 2026 01:11:00",NASA-NOAA20,Medium,110.45087,-2.34893,False,False,False,False,False,False,Di Luar Area Pantauan (>1000m dari Desa)
Matan Hilir Selatan,Sungai Besar,"Senin, 21 September 2026 01:11:00",NASA-NOAA20,Medium,110.21349,-1.90714,False,False,True,False,False,True,Di Luar Area Pantauan (>1000m dari Desa)
Matan Hilir Selatan,Sungai Besar,"Senin, 21 September 2026 01:11:00",NASA-NOAA20,Medium,110.16195,-1.89899,False,False,True,True,False,True,Di Luar Area Pantauan (>1000m dari Desa)
Matan Hilir Selatan,Pematang Gadung,"Senin, 21 September 2026 01:11:00",NASA-NOAA20,Medium,110.2099,-1.9303,False,False,True,True,False,True,Di Luar Area Pantauan (>1000m dari Desa)
Matan Hilir Selatan,Pematang Gadung,"Senin, 21 September 2026 01:11:00",NASA-NOAA20,Medium,110.22363,-1.93247,False,False,True,True,False,True,Di Luar Area Pantauan (>1000m dari Desa)
Matan Hilir Selatan,Pematang Gadung,"Senin, 21 September 2026 01:11:00",NASA-NOAA20,Medium,110.27178,-1.94009,False,False,True,True,False,True,Di Luar Area Pantauan (>1000m dari Desa)
Matan Hilir Selatan,Pematang Gadung,"Senin, 21 September 2026 01:11:00",NASA-NOAA20,Medium,110.20938,-1.9336,False,False,True,True,False,True,Di Luar Area Pantauan (>1000m dari Desa)
Matan Hilir Selatan,Pematang Gadung,"Senin, 21 September 2026 01:11:00",NASA-NOAA20,Medium,110.22449,-1.94955,False,False,True,True,False,True,Di Luar Area Pantauan (>1000m dari Desa)
Matan Hilir Selatan,Pematang Gadung,"Senin, 21 September 2026 01:11:00",NASA-NOAA20,Medium,110.2142,-1.94792,False,False,True,True,False,True,Di Luar Area Pantauan (>1000m dari Desa)
Matan Hilir Selatan,Pematang Gadung,"Senin, 21 September 2026 01:11:00",NASA-NOAA20,Medium,110.31738,-1.96426,False,False,True,True,False,True,Di Luar Area Pantauan (>1000m dari Desa)
Matan Hilir Selatan,Pematang Gadung,"Senin, 21 September 2026 01:11:00",NASA-NOAA20,Medium,110.21368,-1.95123,False,False,True,True,False,True,Di Luar Area Pantauan (>1000m dari Desa)
Matan Hilir Selatan,Pematang Gadung,"Senin, 21 September 2026 01:11:00",NASA-NOAA20,Medium,110.31342,-1.96703,False,False,True,True,False,True,Di Luar Area Pantauan (>1000m dari Desa)
Jelai Hulu,Semantun,"Senin, 21 September 2026 01:11:00",NASA-NOAA20,Medium,111.03947,-2.08209,False,False,False,False,False,False,Di Luar Area Pantauan (>1000m dari Desa)
Matan Hilir Selatan,Pematang Gadung,"Senin, 21 September 2026 01:11:00",NASA-NOAA20,Medium,110.21316,-1.95454,False,False,True,True,False,True,Di Luar Area Pantauan (>1000m dari Desa)
Matan Hilir Selatan,Pematang Gadung,"Senin, 21 September 2026 01:11:00",NASA-NOAA20,Medium,110.21265,-1.95785,False,False,True,True,False,True,Di Luar Area Pantauan (>1000m dari Desa)
Matan Hilir Selatan,Pematang Gadung,"Senin, 21 September 2026 01:11:00",NASA-NOAA20,Medium,110.23537,-1.99211,False,False,True,True,False,True,Di Luar Area Pantauan (>1000m dari Desa)
Matan Hilir Selatan,Pesaguan Kanan,"Senin, 21 September 2026 01:11:00",NASA-NOAA20,Medium,110.3443,-2.03985,False,False,True,True,False,True,Di Luar Area Pantauan (>1000m dari Desa)
Matan Hilir Selatan,Pesaguan Kanan,"Senin, 21 September 2026 01:11:00",NASA-NOAA20,Medium,110.16782,-2.01872,False,False,False,False,False,False,Di Luar Area Pantauan (>1000m dari Desa)
Matan Hilir Selatan,Pesaguan Kanan,"Senin, 21 September 2026 01:11:00",NASA-NOAA20,Medium,110.2345,-2.04283,False,False,True,True,False,True,Di Luar Area Pantauan (>1000m dari Desa)
Matan Hilir Selatan,Pesaguan Kanan,"Senin, 21 September 2026 01:11:00",NASA-NOAA20,Medium,110.24139,-2.04392,False,False,True,True,False,True,Di Luar Area Pantauan (>1000m dari Desa)
Matan Hilir Selatan,Pesaguan Kanan,"Senin, 21 September 2026 01:11:00",NASA-NOAA20,Medium,110.17867,-2.0818,False,False,True,True,False,True,Di Luar Area Pantauan (>1000m dari Desa)
Matan Hilir Selatan,Pesaguan Kanan,"Senin, 21 September 2026 01:11:00",NASA-NOAA20,Medium,110.38258,-2.06626,False,False,False,False,False,False,Di Luar Area Pantauan (>1000m dari Desa)
Matan Hilir Selatan,Pesaguan Kanan,"Senin, 21 September 2026 01:11:00",NASA-NOAA20,Medium,110.18897,-2.08342,False,False,False,True,False,True,Di Luar Area Pantauan (>1000m dari Desa)
Matan Hilir Selatan,Pesaguan Kanan,"Senin, 21 September 2026 01:11:00",NASA-NOAA20,Medium,110.1745,-2.0435,False,False,False,True,False,True,Di Luar Area Pantauan (>1000m dari Desa)
Matan Hilir Selatan,Pesaguan Kanan,"Senin, 21 September 2026 01:11:00",NASA-NOAA20,Medium,110.18034,-2.0512,False,False,False,True,False,True,Di Luar Area Pantauan (>1000m dari Desa)
Muara Pawan,Ulak Medang,"Senin, 21 September 2026 01:11:00",NASA-NOAA20,Medium,110.26762,-1.51805,False,False,True,True,False,True,Di Luar Area Pantauan (>1000m dari Desa)
Muara Pawan,Ulak Medang,"Senin, 21 September 2026 01:11:00",NASA-NOAA20,Medium,110.26418,-1.5175,False,False,True,True,False,True,Di Luar Area Pantauan (>1000m dari Desa)
Matan Hilir Utara,Lamon Satong,"Senin, 21 September 2026 01:11:00",NASA-NOAA20,Medium,110.21163,-1.51596,False,False,True,True,False,True,Di Luar Area Pantauan (>1000m dari Desa)
Matan Hilir Selatan,Pematang Gadung,"Senin, 21 September 2026 01:11:00",NASA-NOAA20,Medium,110.24134,-1.93188,False,False,True,True,False,True,Di Luar Area Pantauan (>1000m dari Desa)
Matan Hilir Selatan,Pematang Gadung,"Senin, 21 September 2026 01:11:00",NASA-NOAA20,Medium,110.20749,-1.92314,False,False,False,True,False,True,Di Luar Area Pantauan (>1000m dari Desa)
Matan Hilir Selatan,Pematang Gadung,"Senin, 21 September 2026 01:11:00",NASA-NOAA20,Medium,110.22758,-1.9297,False,False,True,True,False,True,Di Luar Area Pantauan (>1000m dari Desa)
Matan Hilir Selatan,Sungai Besar,"Senin, 21 September 2026 01:11:00",NASA-NOAA20,Medium,110.21057,-1.90329,False,False,True,False,False,True,Di Luar Area Pantauan (>1000m dari Desa)
Jelai Hulu,Semantun,"Senin, 21 September 2026 01:11:00",NASA-NOAA20,Medium,111.04068,-2.05144,False,False,False,False,False,False,Di Luar Area Pantauan (>1000m dari Desa)
Jelai Hulu,Semantun,"Senin, 21 September 2026 01:11:00",NASA-NOAA20,Medium,111.04015,-2.05479,False,False,False,False,False,False,Di Luar Area Pantauan (>1000m dari Desa)
Jelai Hulu,Semantun,"Senin, 21 September 2026 01:11:00",NASA-NOAA20,Medium,111.03596,-2.08153,False,False,False,False,False,False,Di Luar Area Pantauan (>1000m dari Desa)
Matan Hilir Selatan,Pesaguan Kanan,"Senin, 21 September 2026 01:11:00",NASA-NOAA20,Medium,110.34879,-2.03377,False,False,True,True,False,True,Di Luar Area Pantauan (>1000m dari Desa)
Matan Hilir Selatan,Pematang Gadung,"Senin, 21 September 2026 01:11:00",NASA-NOAA20,Medium,110.3203,-1.96812,False,False,True,True,False,True,Di Luar Area Pantauan (>1000m dari Desa)
Matan Hilir Selatan,Pematang Gadung,"Senin, 21 September 2026 01:11:00",NASA-NOAA20,Medium,110.27682,-1.97493,False,False,True,True,False,True,Di Luar Area Pantauan (>1000m dari Desa)
Matan Hilir Selatan,Pematang Gadung,"Senin, 21 September 2026 01:11:00",NASA-NOAA20,Medium,110.27401,-1.97096,False,False,True,True,False,True,Di Luar Area Pantauan (>1000m dari Desa)
Matan Hilir Selatan,Pematang Gadung,"Senin, 21 September 2026 01:11:00",NASA-NOAA20,Medium,110.21556,-1.9617,False,False,True,True,False,True,Di Luar Area Pantauan (>1000m dari Desa)
Matan Hilir Selatan,Pematang Gadung,"Senin, 21 September 2026 01:11:00",NASA-NOAA20,Medium,110.22244,-1.96279,False,False,True,True,False,True,Di Luar Area Pantauan (>1000m dari Desa)
Matan Hilir Selatan,Pematang Gadung,"Senin, 21 September 2026 01:11:00",NASA-NOAA20,Medium,110.22076,-1.97286,False,False,True,True,False,True,Di Luar Area Pantauan (>1000m dari Desa)
Matan Hilir Selatan,Pesaguan Kanan,"Senin, 21 September 2026 01:11:00",NASA-NOAA20,Medium,110.21302,-2.02248,False,False,False,True,False,True,Di Luar Area Pantauan (>1000m dari Desa)
Matan Hilir Selatan,Pematang Gadung,"Senin, 21 September 2026 01:11:00",NASA-NOAA20,Medium,110.17882,-1.99334,False,False,False,True,False,True,Di Luar Area Pantauan (>1000m dari Desa)
Matan Hilir Selatan,Pesaguan Kanan,"Senin, 21 September 2026 01:11:00",NASA-NOAA20,Medium,110.2051,-2.02801,False,False,False,True,False,True,Di Luar Area Pantauan (>1000m dari Desa)
Matan Hilir Selatan,Pesaguan Kanan,"Senin, 21 September 2026 01:11:00",NASA-NOAA20,Medium,110.31245,-2.01785,False,False,False,False,False,False,Di Luar Area Pantauan (>1000m dari Desa)
Matan Hilir Selatan,Pematang Gadung,"Senin, 21 September 2026 01:11:00",NASA-NOAA20,Medium,110.16404,-1.99779,False,False,False,False,False,False,Di Luar Area Pantauan (>1000m dari Desa)
Matan Hilir Selatan,Pematang Gadung,"Senin, 21 September 2026 01:11:00",NASA-NOAA20,Medium,110.16747,-1.99833,False,False,False,True,False,True,Di Luar Area Pantauan (>1000m dari Desa)
Matan Hilir Selatan,Pesaguan Kanan,"Senin, 21 September 2026 01:11:00",NASA-NOAA20,Medium,110.3493,-2.03046,False,False,True,True,False,True,Di Luar Area Pantauan (>1000m dari Desa)
Matan Hilir Selatan,Pesaguan Kanan,"Senin, 21 September 2026 01:11:00",NASA-NOAA20,Medium,110.17554,-2.03688,False,False,False,True,False,True,Di Luar Area Pantauan (>1000m dari Desa)
Nanga Tayap,Betenung,"Senin, 21 September 2026 01:11:00",NASA-NOAA20,Medium,110.80118,-1.56512,False,False,True,False,False,True,Di Luar Area Pantauan (>1000m dari Desa)
Manis Mata,Ratu Elok,"Senin, 21 September 2026 01:11:00",NASA-NOAA20,Medium,111.05467,-2.49529,False,False,False,False,False,False,Di Luar Area Pantauan (>1000m dari Desa)
Matan Hilir Selatan,Sungai Nanjung,"Senin, 21 September 2026 01:11:00",NASA-NOAA20,Medium,110.2316,-2.17152,False,False,True,True,False,True,Di Luar Area Pantauan (>1000m dari Desa)
Matan Hilir Selatan,Sungai Nanjung,"Senin, 21 September 2026 01:11:00",NASA-NOAA20,Medium,110.27634,-2.17861,False,False,True,True,True,True,Di Luar Area Pantauan (>1000m dari Desa)
Matan Hilir Selatan,Sungai Nanjung,"Senin, 21 September 2026 01:11:00",NASA-NOAA20,Medium,110.19582,-2.1523,False,False,True,True,False,True,Di Luar Area Pantauan (>1000m dari Desa)
Matan Hilir Selatan,Sungai Nanjung,"Senin, 21 September 2026 01:11:00",NASA-NOAA20,Medium,110.27737,-2.17199,False,False,True,True,True,True,Di Luar Area Pantauan (>1000m dari Desa)
Marau,Rangkung,"Senin, 21 September 2026 01:11:00",NASA-NOAA20,Medium,110.5259,-2.21134,False,False,False,False,False,False,Di Luar Area Pantauan (>1000m dari Desa)
Matan Hilir Selatan,Sungai Nanjung,"Senin, 21 September 2026 01:11:00",NASA-NOAA20,Medium,110.23606,-2.16545,False,False,True,True,False,True,Di Luar Area Pantauan (>1000m dari Desa)
Marau,Rangkung,"Senin, 21 September 2026 01:11:00",NASA-NOAA20,Medium,110.52245,-2.2108,False,False,False,False,False,False,Di Luar Area Pantauan (>1000m dari Desa)
Kendawangan,Seriam,"Senin, 21 September 2026 01:11:00",NASA-NOAA20,Medium,110.44702,-2.49092,False,False,False,False,False,False,Di Luar Area Pantauan (>1000m dari Desa)
Kendawangan,Seriam,"Senin, 21 September 2026 01:11:00",NASA-NOAA20,Medium,110.43941,-2.51691,False,False,False,False,True,True,Di Luar Area Pantauan (>1000m dari Desa)
Manis Mata,Sungai Buluh,"Senin, 21 September 2026 01:11:00",NASA-NOAA20,Medium,111.07211,-2.55162,False,False,False,False,False,False,Di Luar Area Pantauan (>1000m dari Desa)
Singkup,Pantai Ketikal,"Senin, 21 September 2026 01:11:00",NASA-NOAA20,Medium,110.72486,-2.49038,False,False,False,False,False,False,Di Luar Area Pantauan (>1000m dari Desa)
Kendawangan,Bangkal Serai,"Senin, 21 September 2026 01:11:00",NASA-NOAA20,Medium,110.52932,-2.4869,False,False,False,False,False,False,Di Luar Area Pantauan (>1000m dari Desa)
Kendawangan,Seriam,"Senin, 21 September 2026 01:11:00",NASA-NOAA20,Medium,110.44357,-2.49037,False,False,False,False,False,False,Di Luar Area Pantauan (>1000m dari Desa)
Kendawangan,Seriam,"Senin, 21 September 2026 01:11:00",NASA-NOAA20,Medium,110.43404,-2.50587,False,False,False,False,False,False,Di Luar Area Pantauan (>1000m dari Desa)
Kendawangan,Seriam,"Senin, 21 September 2026 01:11:00",NASA-NOAA20,Medium,110.44097,-2.50696,False,False,False,False,False,False,Di Luar Area Pantauan (>1000m dari Desa)
Kendawangan,Seriam,"Senin, 21 September 2026 01:11:00",NASA-NOAA20,Medium,110.43301,-2.5125,False,False,False,False,False,False,Di Luar Area Pantauan (>1000m dari Desa)
Kendawangan,Seriam,"Senin, 21 September 2026 01:11:00",NASA-NOAA20,Medium,110.43648,-2.51305,False,False,False,False,False,False,Di Luar Area Pantauan (>1000m dari Desa)
Kendawangan,Seriam,"Senin, 21 September 2026 01:11:00",NASA-NOAA20,Medium,110.43994,-2.5136,False,False,False,False,True,True,Di Luar Area Pantauan (>1000m dari Desa)
Kendawangan,Seriam,"Senin, 21 September 2026 01:11:00",NASA-NOAA20,Medium,110.43007,-2.50864,False,False,False,False,False,False,Di Luar Area Pantauan (>1000m dari Desa)
Kendawangan,Bangkal Serai,"Senin, 21 September 2026 01:11:00",NASA-NOAA20,Medium,110.62825,-2.56042,False,False,False,False,False,False,Di Luar Area Pantauan (>1000m dari Desa)
Kendawangan,Air Hitam Besar,"Senin, 21 September 2026 01:11:00",NASA-NOAA20,Medium,110.67982,-2.63984,False,False,False,False,False,False,Di Luar Area Pantauan (>1000m dari Desa)
Kendawangan,Air Hitam Besar,"Senin, 21 September 2026 01:11:00",NASA-NOAA20,Medium,110.6903,-2.6415,False,False,False,False,False,False,Di Luar Area Pantauan (>1000m dari Desa)
Kendawangan,Seriam,"Senin, 21 September 2026 01:11:00",NASA-NOAA20,Medium,110.4422,-2.56495,False,False,False,False,True,True,Di Luar Area Pantauan (>1000m dari Desa)
Kendawangan,Danau Buntar,"Senin, 21 September 2026 01:11:00",NASA-NOAA20,Medium,110.92256,-2.62668,False,False,True,False,False,True,Di Luar Area Pantauan (>1000m dari Desa)
Kendawangan,Seriam,"Senin, 21 September 2026 01:11:00",NASA-NOAA20,Medium,110.37135,-2.6556,False,False,False,False,True,True,Di Luar Area Pantauan (>1000m dari Desa)
Kendawangan,Air Hitam Besar,"Senin, 21 September 2026 01:11:00",NASA-NOAA20,Medium,110.65667,-2.69703,False,False,False,True,False,True,Di Luar Area Pantauan (>1000m dari Desa)
Kendawangan,Seriam,"Senin, 21 September 2026 01:11:00",NASA-NOAA20,Medium,110.32342,-2.64466,False,False,False,False,True,True,Di Luar Area Pantauan (>1000m dari Desa)
Kendawangan,Air Hitam Besar,"Senin, 21 September 2026 01:11:00",NASA-NOAA20,Medium,110.73001,-2.68533,False,False,False,False,False,False,Di Luar Area Pantauan (>1000m dari Desa)
Kendawangan,Air Hitam Besar,"Senin, 21 September 2026 01:11:00",NASA-NOAA20,Medium,110.65719,-2.6937,False,False,False,True,False,True,Di Luar Area Pantauan (>1000m dari Desa)
Kendawangan,Air Hitam Besar,"Senin, 21 September 2026 01:11:00",NASA-NOAA20,Medium,110.65422,-2.68982,False,False,False,False,False,False,Di Luar Area Pantauan (>1000m dari Desa)
Kendawangan,Danau Buntar,"Senin, 21 September 2026 01:11:00",NASA-NOAA20,Medium,110.92309,-2.62333,False,False,True,False,False,True,Di Luar Area Pantauan (>1000m dari Desa)
Kendawangan,Seriam,"Senin, 21 September 2026 01:11:00",NASA-NOAA20,Medium,110.44514,-2.56881,False,False,False,False,True,True,Di Luar Area Pantauan (>1000m dari Desa)
Kendawangan,Air Hitam Besar,"Senin, 21 September 2026 01:11:00",NASA-NOAA20,Medium,110.68681,-2.64095,False,False,False,False,False,False,Di Luar Area Pantauan (>1000m dari Desa)
Kendawangan,Air Hitam Besar,"Senin, 21 September 2026 01:11:00",NASA-NOAA20,Medium,110.69379,-2.64205,False,False,False,False,False,False,Di Luar Area Pantauan (>1000m dari Desa)
Kendawangan,Air Hitam Besar,"Senin, 21 September 2026 01:11:00",NASA-NOAA20,Medium,110.68474,-2.65427,False,False,False,False,False,False,Di Luar Area Pantauan (>1000m dari Desa)
Kendawangan,Air Hitam Besar,"Senin, 21 September 2026 01:11:00",NASA-NOAA20,Medium,110.68332,-2.64039,False,False,False,False,False,False,Di Luar Area Pantauan (>1000m dari Desa)
Kendawangan,Airhitam Hulu,"Senin, 21 September 2026 01:11:00",NASA-NOAA20,Medium,110.62908,-2.62161,False,False,True,False,False,True,Di Luar Area Pantauan (>1000m dari Desa)
Kendawangan,Air Hitam Besar,"Senin, 21 September 2026 01:11:00",NASA-NOAA20,Medium,110.68526,-2.65094,False,False,False,False,False,False,Di Luar Area Pantauan (>1000m dari Desa)
Kendawangan,Air Hitam Besar,"Senin, 21 September 2026 01:11:00",NASA-NOAA20,Medium,110.68629,-2.64428,False,False,False,False,False,False,Di Luar Area Pantauan (>1000m dari Desa)
Kendawangan,Air Hitam Besar,"Senin, 21 September 2026 01:11:00",NASA-NOAA20,Medium,110.68229,-2.64706,False,False,False,False,False,False,Di Luar Area Pantauan (>1000m dari Desa)
Kendawangan,Airhitam Hulu,"Senin, 21 September 2026 01:11:00",NASA-NOAA20,Medium,110.60549,-2.6588,False,False,False,False,False,False,Di Luar Area Pantauan (>1000m dari Desa)
Kendawangan,Airhitam Hulu,"Senin, 21 September 2026 01:11:00",NASA-NOAA20,Medium,110.61246,-2.6599,False,False,False,False,False,False,Di Luar Area Pantauan (>1000m dari Desa)
Kendawangan,Airhitam Hulu,"Senin, 21 September 2026 01:11:00",NASA-NOAA20,Medium,110.60445,-2.66545,False,False,False,False,False,False,Di Luar Area Pantauan (>1000m dari Desa)
Kendawangan,Danau Buntar,"Senin, 21 September 2026 01:11:00",NASA-NOAA20,Medium,110.96655,-2.78674,False,False,False,False,False,False,Di Luar Area Pantauan (>1000m dari Desa)
Kendawangan,Danau Buntar,"Senin, 21 September 2026 01:11:00",NASA-NOAA20,Medium,110.96355,-2.78283,False,False,False,False,False,False,Di Luar Area Pantauan (>1000m dari Desa)
Kendawangan,Danau Buntar,"Senin, 21 September 2026 01:11:00",NASA-NOAA20,Medium,110.95948,-2.78563,False,False,False,False,False,False,Di Luar Area Pantauan (>1000m dari Desa)
Kendawangan,Danau Buntar,"Senin, 21 September 2026 01:11:00",NASA-NOAA20,Medium,110.96697,-2.80741,False,False,True,False,False,True,Di Luar Area Pantauan (>1000m dari Desa)
Kendawangan,Air Hitam Besar,"Senin, 21 September 2026 01:11:00",NASA-NOAA20,Medium,110.7482,-2.77631,False,False,False,True,False,True,Di Luar Area Pantauan (>1000m dari Desa)
Kendawangan,Natai Kuini,"Senin, 21 September 2026 01:11:00",NASA-NOAA20,Medium,110.96239,-2.81355,False,False,True,False,False,True,Di Luar Area Pantauan (>1000m dari Desa)
Kendawangan,Air Hitam Besar,"Senin, 21 September 2026 01:11:00",NASA-NOAA20,Medium,110.74417,-2.77909,False,False,False,True,False,True,Di Luar Area Pantauan (>1000m dari Desa)
Kendawangan,Air Hitam Besar,"Senin, 21 September 2026 01:11:00",NASA-NOAA20,Medium,110.75066,-2.78354,False,False,False,True,False,True,Di Luar Area Pantauan (>1000m dari Desa)
Kendawangan,Danau Buntar,"Senin, 21 September 2026 01:11:00",NASA-NOAA20,Medium,110.97218,-2.77389,False,False,False,False,False,False,Di Luar Area Pantauan (>1000m dari Desa)
Kendawangan,Air Hitam Besar,"Senin, 21 September 2026 01:11:00",NASA-NOAA20,Medium,110.69341,-2.73693,False,False,False,False,False,False,Di Luar Area Pantauan (>1000m dari Desa)
Kendawangan,Danau Buntar,"Senin, 21 September 2026 01:11:00",NASA-NOAA20,Medium,110.96,-2.78228,False,False,False,False,False,False,Di Luar Area Pantauan (>1000m dari Desa)
Kendawangan,Danau Buntar,"Senin, 21 September 2026 01:11:00",NASA-NOAA20,Medium,110.96197,-2.79289,False,False,True,False,False,True,Di Luar Area Pantauan (>1000m dari Desa)
Kendawangan,Danau Buntar,"Senin, 21 September 2026 01:11:00",NASA-NOAA20,Medium,110.96551,-2.79344,False,False,True,False,False,True,Di Luar Area Pantauan (>1000m dari Desa)
Kendawangan,Danau Buntar,"Senin, 21 September 2026 01:11:00",NASA-NOAA20,Medium,110.95843,-2.79233,False,False,True,False,False,True,Di Luar Area Pantauan (>1000m dari Desa)
Kendawangan,Danau Buntar,"Senin, 21 September 2026 01:11:00",NASA-NOAA20,Medium,110.96801,-2.8007,False,False,True,False,False,True,Di Luar Area Pantauan (>1000m dari Desa)
Kendawangan,Danau Buntar,"Senin, 21 September 2026 01:11:00",NASA-NOAA20,Medium,110.96748,-2.80405,False,False,True,False,False,True,Di Luar Area Pantauan (>1000m dari Desa)
Kendawangan,Danau Buntar,"Senin, 21 September 2026 01:11:00",NASA-NOAA20,Medium,110.97166,-2.77724,False,False,False,False,False,False,Di Luar Area Pantauan (>1000m dari Desa)
Kendawangan,Air Hitam Besar,"Senin, 21 September 2026 01:11:00",NASA-NOAA20,Medium,110.69392,-2.73359,False,False,False,False,False,False,Di Luar Area Pantauan (>1000m dari Desa)
Kendawangan,Air Hitam Besar,"Senin, 21 September 2026 01:11:00",NASA-NOAA20,Medium,110.76737,-2.81287,False,False,False,True,False,True,Di Luar Area Pantauan (>1000m dari Desa)
Kendawangan,Air Hitam Besar,"Senin, 21 September 2026 01:11:00",NASA-NOAA20,Medium,110.76807,-2.81023,False,False,False,True,False,True,Di Luar Area Pantauan (>1000m dari Desa)
Kendawangan,Natai Kuini,"Senin, 21 September 2026 01:11:00",NASA-NOAA20,Medium,110.85879,-2.82716,False,False,False,False,True,True,Di Luar Area Pantauan (>1000m dari Desa)
Kendawangan,Natai Kuini,"Senin, 21 September 2026 01:11:00",NASA-NOAA20,Medium,110.8447,-2.82496,False,False,False,False,True,True,Di Luar Area Pantauan (>1000m dari Desa)
Matan Hilir Selatan,Sungai Nanjung,"Senin, 21 September 2026 01:11:00",NASA-NOAA20,Medium,110.17815,-2.19712,False,False,False,False,False,False,Di Luar Area Pantauan (>1000m dari Desa)
Matan Hilir Selatan,Pagar Mentimun,"Senin, 21 September 2026 01:11:00",NASA-NOAA20,Medium,110.17077,-2.19934,False,False,False,False,False,False,Di Luar Area Pantauan (>1000m dari Desa)
Matan Hilir Selatan,Pagar Mentimun,"Senin, 21 September 2026 01:11:00",NASA-NOAA20,Medium,110.18108,-2.20097,False,False,False,False,False,False,Di Luar Area Pantauan (>1000m dari Desa)
Matan Hilir Selatan,Pagar Mentimun,"Senin, 21 September 2026 01:11:00",NASA-NOAA20,Medium,110.17419,-2.19988,False,False,False,False,False,False,Di Luar Area Pantauan (>1000m dari Desa)
Kendawangan,Pangkalan Batu,"Senin, 21 September 2026 01:11:00",NASA-NOAA20,Medium,110.39765,-2.23854,False,False,False,False,False,False,Di Luar Area Pantauan (>1000m dari Desa)
Kendawangan,Pembedilan,"Senin, 21 September 2026 01:11:00",NASA-NOAA20,Medium,110.44302,-2.85391,False,False,False,False,True,True,Di Luar Area Pantauan (>1000m dari Desa)
Kendawangan,Mekar Utama,"Senin, 21 September 2026 01:11:00",NASA-NOAA20,Medium,110.24078,-2.2477,False,False,False,False,False,False,Di Luar Area Pantauan (>1000m dari Desa)
Matan Hilir Selatan,Pagar Mentimun,"Senin, 21 September 2026 01:11:00",NASA-NOAA20,Medium,110.19586,-2.26433,False,False,False,False,False,False,Di Luar Area Pantauan (>1000m dari Desa)
Matan Hilir Selatan,Pagar Mentimun,"Senin, 21 September 2026 01:11:00",NASA-NOAA20,Medium,110.25437,-2.20576,False,False,True,True,True,True,Di Luar Area Pantauan (>1000m dari Desa)
Matan Hilir Selatan,Pagar Mentimun,"Senin, 21 September 2026 01:11:00",NASA-NOAA20,Medium,110.1637,-2.22195,False,False,True,False,False,True,Di Luar Area Pantauan (>1000m dari Desa)
Matan Hilir Selatan,Sungai Nanjung,"Senin, 21 September 2026 01:11:00",NASA-NOAA20,Medium,110.26859,-2.16043,False,False,True,True,True,True,Di Luar Area Pantauan (>1000m dari Desa)
Matan Hilir Selatan,Sungai Nanjung,"Senin, 21 September 2026 01:11:00",NASA-NOAA20,Medium,110.22334,-2.15665,False,False,True,True,False,True,Di Luar Area Pantauan (>1000m dari Desa)
Matan Hilir Selatan,Sungai Nanjung,"Senin, 21 September 2026 01:11:00",NASA-NOAA20,Medium,110.23022,-2.15774,False,False,True,True,False,True,Di Luar Area Pantauan (>1000m dari Desa)
Matan Hilir Selatan,Sungai Nanjung,"Senin, 21 September 2026 01:11:00",NASA-NOAA20,Medium,110.18842,-2.15452,False,False,True,True,False,True,Di Luar Area Pantauan (>1000m dari Desa)
Matan Hilir Selatan,Sungai Nanjung,"Senin, 21 September 2026 01:11:00",NASA-NOAA20,Medium,110.20561,-2.15724,False,False,False,True,False,True,Di Luar Area Pantauan (>1000m dari Desa)
Matan Hilir Selatan,Sungai Nanjung,"Senin, 21 September 2026 01:11:00",NASA-NOAA20,Medium,110.18188,-2.17382,False,False,False,False,False,False,Di Luar Area Pantauan (>1000m dari Desa)
Kendawangan,Mekar Utama,"Senin, 21 September 2026 01:11:00",NASA-NOAA20,Medium,110.22373,-2.28909,False,False,False,False,False,False,Di Luar Area Pantauan (>1000m dari Desa)
Manis Mata,Suak Burung,"Senin, 21 September 2026 01:11:00",NASA-NOAA20,Medium,111.00739,-2.35846,False,False,False,False,False,False,Di Luar Area Pantauan (>1000m dari Desa)
Matan Hilir Selatan,Sungai Nanjung,"Senin, 21 September 2026 01:11:00",NASA-NOAA20,Medium,110.18155,-2.15343,False,False,True,True,False,True,Di Luar Area Pantauan (>1000m dari Desa)
Kendawangan,Pangkalan Batu,"Senin, 21 September 2026 01:11:00",NASA-NOAA20,Medium,110.37457,-2.16023,False,False,False,False,False,False,Di Luar Area Pantauan (>1000m dari Desa)
Kendawangan,Mekar Utama,"Senin, 21 September 2026 01:11:00",NASA-NOAA20,Medium,110.21143,-2.29761,False,False,True,False,False,True,Di Luar Area Pantauan (>1000m dari Desa)
Nanga Tayap,Simpang Tiga Sembelangaan,"Senin, 21 September 2026 01:11:00",NASA-NOAA20,Medium,110.32719,-1.43221,False,False,True,False,True,True,Di Luar Area Pantauan (>1000m dari Desa)
Nanga Tayap,Simpang Tiga Sembelangaan,"Senin, 21 September 2026 01:11:00",NASA-NOAA20,Medium,110.35866,-1.49857,False,False,False,False,True,True,Di Luar Area Pantauan (>1000m dari Desa)
Matan Hilir Utara,Lamon Satong,"Senin, 21 September 2026 01:11:00",NASA-NOAA20,Medium,110.20406,-1.40932,False,False,False,True,False,True,Di Luar Area Pantauan (>1000m dari Desa)
Nanga Tayap,Nanga Tayap,"Senin, 21 September 2026 01:11:00",NASA-NOAA20,Medium,110.64359,-1.48577,False,False,False,False,False,False,Di Luar Area Pantauan (>1000m dari Desa)
Nanga Tayap,Simpang Tiga Sembelangaan,"Senin, 21 September 2026 01:11:00",NASA-NOAA20,Medium,110.32375,-1.43166,False,False,True,False,True,True,Di Luar Area Pantauan (>1000m dari Desa)
Nanga Tayap,Betenung,"Senin, 21 September 2026 01:11:00",NASA-NOAA20,Medium,110.81161,-1.56677,False,False,True,False,False,True,Di Luar Area Pantauan (>1000m dari Desa)
Nanga Tayap,Betenung,"Senin, 21 September 2026 01:11:00",NASA-NOAA20,Medium,110.89959,-1.54998,False,False,True,False,False,True,Di Luar Area Pantauan (>1000m dari Desa)
Nanga Tayap,Simpang Tiga Sembelangaan,"Senin, 21 September 2026 01:11:00",NASA-NOAA20,Medium,110.33711,-1.41344,False,False,True,False,True,True,Di Luar Area Pantauan (>1000m dari Desa)
Nanga Tayap,Simpang Tiga Sembelangaan,"Senin, 21 September 2026 01:11:00",NASA-NOAA20,Medium,110.32973,-1.41566,False,False,True,False,True,True,Di Luar Area Pantauan (>1000m dari Desa)
Nanga Tayap,Simpang Tiga Sembelangaan,"Senin, 21 September 2026 01:11:00",NASA-NOAA20,Medium,110.3366,-1.41675,False,False,True,False,True,True,Di Luar Area Pantauan (>1000m dari Desa)
Nanga Tayap,Betenung,"Senin, 21 September 2026 01:11:00",NASA-NOAA20,Medium,110.78278,-1.56902,False,False,True,False,False,True,Di Luar Area Pantauan (>1000m dari Desa)
Matan Hilir Utara,Kuala Tolak,"Senin, 21 September 2026 01:11:00",NASA-NOAA20,Medium,110.15157,-1.47257,False,False,True,True,False,True,Di Luar Area Pantauan (>1000m dari Desa)
Matan Hilir Utara,Kuala Tolak,"Senin, 21 September 2026 01:11:00",NASA-NOAA20,Medium,110.15501,-1.47312,False,False,True,True,False,True,Di Luar Area Pantauan (>1000m dari Desa)
Nanga Tayap,Betenung,"Senin, 21 September 2026 01:11:00",NASA-NOAA20,Medium,110.83527,-1.59776,False,False,True,False,False,True,Di Luar Area Pantauan (>1000m dari Desa)
Muara Pawan,Ulak Medang,"Senin, 21 September 2026 01:11:00",NASA-NOAA20,Medium,110.22348,-1.50767,False,False,True,True,False,True,Di Luar Area Pantauan (>1000m dari Desa)
Muara Pawan,Ulak Medang,"Senin, 21 September 2026 01:11:00",NASA-NOAA20,Medium,110.2774,-1.52299,False,False,True,True,False,True,Di Luar Area Pantauan (>1000m dari Desa)
Nanga Tayap,Betenung,"Senin, 21 September 2026 01:11:00",NASA-NOAA20,Medium,110.83694,-1.56396,False,False,True,False,False,True,Di Luar Area Pantauan (>1000m dari Desa)
Nanga Tayap,Kayong Hulu,"Senin, 21 September 2026 01:11:00",NASA-NOAA20,Medium,110.65965,-1.53937,False,False,False,False,False,False,Di Luar Area Pantauan (>1000m dari Desa)
Matan Hilir Utara,Tanjung Baik Budi,"Senin, 21 September 2026 01:11:00",NASA-NOAA20,Medium,110.17699,-1.53443,False,False,True,True,False,True,Di Luar Area Pantauan (>1000m dari Desa)
Matan Hilir Utara,Tanjung Baik Budi,"Senin, 21 September 2026 01:11:00",NASA-NOAA20,Medium,110.16754,-1.54987,False,False,True,True,False,True,Di Luar Area Pantauan (>1000m dari Desa)
Nanga Tayap,Lembah Hijau Dua,"Senin, 21 September 2026 01:11:00",NASA-NOAA20,Medium,110.48392,-1.59987,False,False,False,False,False,False,Di Luar Area Pantauan (>1000m dari Desa)
Matan Hilir Utara,Sungai Putri,"Senin, 21 September 2026 01:11:00",NASA-NOAA20,Medium,110.0982,-1.56599,False,False,True,True,False,True,Di Luar Area Pantauan (>1000m dari Desa)
Matan Hilir Utara,Tanjung Baik Budi,"Senin, 21 September 2026 01:11:00",NASA-NOAA20,Medium,110.15725,-1.54824,False,False,False,True,False,True,Di Luar Area Pantauan (>1000m dari Desa)
Nanga Tayap,Lembah Hijau Dua,"Senin, 21 September 2026 01:11:00",NASA-NOAA20,Medium,110.48048,-1.59932,False,False,True,False,False,True,Di Luar Area Pantauan (>1000m dari Desa)
Nanga Tayap,Lembah Hijau Dua,"Senin, 21 September 2026 01:11:00",NASA-NOAA20,Medium,110.46668,-1.59715,False,False,True,False,False,True,Di Luar Area Pantauan (>1000m dari Desa)
Nanga Tayap,Sungai Kelik,"Senin, 21 September 2026 01:11:00",NASA-NOAA20,Medium,110.31525,-1.57323,False,False,True,True,False,True,Di Luar Area Pantauan (>1000m dari Desa)
Nanga Tayap,Cegolak,"Senin, 21 September 2026 01:11:00",NASA-NOAA20,Medium,110.69633,-1.66739,False,False,True,False,True,True,Di Luar Area Pantauan (>1000m dari Desa)
Nanga Tayap,Pateh Benteng,"Senin, 21 September 2026 01:11:00",NASA-NOAA20,Medium,110.65259,-1.62988,False,False,True,False,False,True,Di Luar Area Pantauan (>1000m dari Desa)
Nanga Tayap,Siantau Raya,"Senin, 21 September 2026 01:11:00",NASA-NOAA20,Medium,110.48685,-1.60372,False,False,False,False,False,False,Di Luar Area Pantauan (>1000m dari Desa)
Nanga Tayap,Lembah Hijau Satu,"Senin, 21 September 2026 01:11:00",NASA-NOAA20,Medium,110.48495,-1.59325,False,False,True,False,False,True,Di Luar Area Pantauan (>1000m dari Desa)
Nanga Tayap,Lembah Hijau Satu,"Senin, 21 September 2026 01:11:00",NASA-NOAA20,Medium,110.4884,-1.59379,False,False,True,False,False,True,Di Luar Area Pantauan (>1000m dari Desa)
Nanga Tayap,Lembah Hijau Dua,"Senin, 21 September 2026 01:11:00",NASA-NOAA20,Medium,110.48444,-1.59656,False,False,True,False,False,True,Di Luar Area Pantauan (>1000m dari Desa)
Matan Hilir Utara,Tanjung Baik Budi,"Senin, 21 September 2026 01:11:00",NASA-NOAA20,Medium,110.17991,-1.53828,False,False,True,True,False,True,Di Luar Area Pantauan (>1000m dari Desa)
Nanga Tayap,Lembah Hijau Satu,"Senin, 21 September 2026 01:11:00",NASA-NOAA20,Medium,110.47909,-1.58553,False,False,True,False,False,True,Di Luar Area Pantauan (>1000m dari Desa)
Nanga Tayap,Lembah Hijau Satu,"Senin, 21 September 2026 01:11:00",NASA-NOAA20,Medium,110.49236,-1.59102,False,False,True,False,False,True,Di Luar Area Pantauan (>1000m dari Desa)
Matan Hilir Utara,Tanjung Baik Budi,"Senin, 21 September 2026 01:11:00",NASA-NOAA20,Medium,110.09735,-1.54892,False,False,True,True,False,True,Di Luar Area Pantauan (>1000m dari Desa)
Nanga Tayap,Lembah Hijau Satu,"Senin, 21 September 2026 01:11:00",NASA-NOAA20,Medium,110.48547,-1.58993,False,False,True,False,False,True,Di Luar Area Pantauan (>1000m dari Desa)
Nanga Tayap,Cegolak,"Senin, 21 September 2026 01:11:00",NASA-NOAA20,Medium,110.67889,-1.62043,False,False,True,False,False,True,Di Luar Area Pantauan (>1000m dari Desa)
Matan Hilir Utara,Tanjung Baik Budi,"Senin, 21 September 2026 01:11:00",NASA-NOAA20,Medium,110.17286,-1.56087,False,False,True,True,False,True,Di Luar Area Pantauan (>1000m dari Desa)
Nanga Tayap,Batu Mas,"Senin, 21 September 2026 01:11:00",NASA-NOAA20,Medium,110.655,-1.63706,False,False,True,False,False,True,Di Luar Area Pantauan (>1000m dari Desa)
Nanga Tayap,Cegolak,"Senin, 21 September 2026 01:11:00",NASA-NOAA20,Medium,110.68962,-1.64252,False,False,True,False,False,True,Di Luar Area Pantauan (>1000m dari Desa)
Matan Hilir Utara,Tanjung Baik Budi,"Senin, 21 September 2026 01:11:00",NASA-NOAA20,Medium,110.09683,-1.55223,False,False,True,True,False,True,Di Luar Area Pantauan (>1000m dari Desa)
Nanga Tayap,Cegolak,"Senin, 21 September 2026 01:11:00",NASA-NOAA20,Medium,110.7173,-1.64689,False,False,True,False,False,True,Di Luar Area Pantauan (>1000m dari Desa)
Nanga Tayap,Cegolak,"Senin, 21 September 2026 01:11:00",NASA-NOAA20,Medium,110.69308,-1.64307,False,False,False,False,False,False,Di Luar Area Pantauan (>1000m dari Desa)
Nanga Tayap,Cegolak,"Senin, 21 September 2026 01:11:00",NASA-NOAA20,Medium,110.68911,-1.64584,False,False,False,False,False,False,Di Luar Area Pantauan (>1000m dari Desa)
Matan Hilir Utara,Tanjung Baik Budi,"Senin, 21 September 2026 01:11:00",NASA-NOAA20,Medium,110.10027,-1.55277,False,False,True,True,False,True,Di Luar Area Pantauan (>1000m dari Desa)
Nanga Tayap,Cegolak,"Senin, 21 September 2026 01:11:00",NASA-NOAA20,Medium,110.68565,-1.6453,False,False,False,False,False,False,Di Luar Area Pantauan (>1000m dari Desa)
Sungai Melayu Rayak,Makmur Abadi,"Senin, 21 September 2026 01:11:00",NASA-NOAA20,Medium,110.26821,-1.69155,False,False,False,False,False,False,Di Luar Area Pantauan (>1000m dari Desa)
Muara Pawan,Tanjung Pura,"Senin, 21 September 2026 01:11:00",NASA-NOAA20,Medium,110.13029,-1.67312,False,False,True,True,False,True,Di Luar Area Pantauan (>1000m dari Desa)
Muara Pawan,Tempurukan,"Senin, 21 September 2026 01:11:00",NASA-NOAA20,Medium,110.09614,-1.644,False,False,True,True,False,True,Di Luar Area Pantauan (>1000m dari Desa)
Muara Pawan,Tanjung Pura,"Senin, 21 September 2026 01:11:00",NASA-NOAA20,Medium,110.13373,-1.67366,False,False,True,True,False,True,Di Luar Area Pantauan (>1000m dari Desa)
Muara Pawan,Tanjung Pura,"Senin, 21 September 2026 01:11:00",NASA-NOAA20,Medium,110.12686,-1.67257,False,False,True,True,False,True,Di Luar Area Pantauan (>1000m dari Desa)
Muara Pawan,Tanjung Pura,"Senin, 21 September 2026 01:11:00",NASA-NOAA20,Medium,110.16463,-1.67855,False,False,True,True,False,True,Di Luar Area Pantauan (>1000m dari Desa)
Muara Pawan,Tanjung Pura,"Senin, 21 September 2026 01:11:00",NASA-NOAA20,Medium,110.1612,-1.67801,False,False,True,True,False,True,Di Luar Area Pantauan (>1000m dari Desa)
Jelai Hulu,Pasir Mayang,"Senin, 21 September 2026 01:11:00",NASA-NOAA20,Medium,110.80922,-1.78381,False,False,True,False,False,True,Di Luar Area Pantauan (>1000m dari Desa)
Sungai Melayu Rayak,Makmur Abadi,"Senin, 21 September 2026 01:11:00",NASA-NOAA20,Medium,110.2524,-1.7026,False,False,False,True,False,True,Di Luar Area Pantauan (>1000m dari Desa)
Sungai Melayu Rayak,Makmur Abadi,"Senin, 21 September 2026 01:11:00",NASA-NOAA20,Medium,110.2627,-1.70423,False,False,True,True,False,True,Di Luar Area Pantauan (>1000m dari Desa)
Sungai Melayu Rayak,Makmur Abadi,"Senin, 21 September 2026 01:11:00",NASA-NOAA20,Medium,110.22609,-1.73571,False,False,True,True,False,True,Di Luar Area Pantauan (>1000m dari Desa)
Sungai Melayu Rayak,Makmur Abadi,"Senin, 21 September 2026 01:11:00",NASA-NOAA20,Medium,110.22953,-1.73626,False,False,True,True,False,True,Di Luar Area Pantauan (>1000m dari Desa)
Sungai Melayu Rayak,Makmur Abadi,"Senin, 21 September 2026 01:11:00",NASA-NOAA20,Medium,110.24089,-1.77553,False,False,False,True,False,True,Di Luar Area Pantauan (>1000m dari Desa)
Benua Kayong,Negeri Baru,"Senin, 21 September 2026 01:11:00",NASA-NOAA20,Medium,110.21014,-1.81472,False,False,False,True,False,True,Di Luar Area Pantauan (>1000m dari Desa)
Jelai Hulu,Semantun,"Senin, 21 September 2026 01:11:00",NASA-NOAA20,Medium,111.04109,-1.97695,False,False,True,False,False,True,Di Luar Area Pantauan (>1000m dari Desa)
Matan Hilir Selatan,Sungai Pelang,"Senin, 21 September 2026 01:11:00",NASA-NOAA20,Medium,110.22266,-1.84721,False,False,True,True,False,True,Di Luar Area Pantauan (>1000m dari Desa)
Matan Hilir Selatan,Sungai Besar,"Senin, 21 September 2026 01:11:00",NASA-NOAA20,Medium,110.26048,-1.8532,False,False,True,True,False,True,Di Luar Area Pantauan (>1000m dari Desa)
Matan Hilir Selatan,Sungai Besar,"Senin, 21 September 2026 01:11:00",NASA-NOAA20,Medium,110.25705,-1.85265,False,False,True,True,False,True,Di Luar Area Pantauan (>1000m dari Desa)
Matan Hilir Selatan,Sungai Besar,"Senin, 21 September 2026 01:11:00",NASA-NOAA20,Medium,110.16298,-1.89237,False,False,True,True,False,True,Di Luar Area Pantauan (>1000m dari Desa)
Matan Hilir Selatan,Sungai Besar,"Senin, 21 September 2026 01:11:00",NASA-NOAA20,Medium,110.19048,-1.89672,False,False,True,True,False,True,Di Luar Area Pantauan (>1000m dari Desa)
Matan Hilir Selatan,Pematang Gadung,"Senin, 21 September 2026 01:11:00",NASA-NOAA20,Medium,110.21091,-1.92368,False,False,True,True,False,True,Di Luar Area Pantauan (>1000m dari Desa)
Matan Hilir Selatan,Sungai Besar,"Senin, 21 September 2026 01:11:00",NASA-NOAA20,Medium,110.21471,-1.87683,False,False,True,True,False,True,Di Luar Area Pantauan (>1000m dari Desa)
Matan Hilir Selatan,Sungai Besar,"Senin, 21 September 2026 01:11:00",NASA-NOAA20,Medium,110.24462,-1.88834,False,False,True,False,False,True,Di Luar Area Pantauan (>1000m dari Desa)
Matan Hilir Selatan,Sungai Besar,"Senin, 21 September 2026 01:11:00",NASA-NOAA20,Medium,110.24805,-1.88888,False,False,True,False,False,True,Di Luar Area Pantauan (>1000m dari Desa)
Matan Hilir Selatan,Pematang Gadung,"Senin, 21 September 2026 01:11:00",NASA-NOAA20,Medium,110.2687,-1.89214,False,False,True,True,False,True,Di Luar Area Pantauan (>1000m dari Desa)
Matan Hilir Selatan,Pematang Gadung,"Senin, 21 September 2026 01:11:00",NASA-NOAA20,Medium,110.26182,-1.89105,False,False,True,True,False,True,Di Luar Area Pantauan (>1000m dari Desa)
Jelai Hulu,Semantun,"Senin, 21 September 2026 01:11:00",NASA-NOAA20,Medium,111.08161,-2.02019,False,False,True,False,False,True,Di Luar Area Pantauan (>1000m dari Desa)
Matan Hilir Selatan,Sungai Besar,"Senin, 21 September 2026 01:11:00",NASA-NOAA20,Medium,110.18309,-1.89894,False,False,True,True,False,True,Di Luar Area Pantauan (>1000m dari Desa)
Marau,Batu Payung Dua,"Senin, 21 September 2026 01:11:00",NASA-NOAA20,Medium,110.58602,-2.01021,False,False,True,False,True,True,Di Luar Area Pantauan (>1000m dari Desa)
Matan Hilir Selatan,Pematang Gadung,"Senin, 21 September 2026 01:11:00",NASA-NOAA20,Medium,110.3129,-1.97034,False,False,True,True,False,True,Di Luar Area Pantauan (>1000m dari Desa)
Jelai Hulu,Semantun,"Senin, 21 September 2026 01:11:00",NASA-NOAA20,Medium,111.045,-2.06926,False,False,False,False,False,False,Di Luar Area Pantauan (>1000m dari Desa)
Matan Hilir Selatan,Pematang Gadung,"Senin, 21 September 2026 01:11:00",NASA-NOAA20,Medium,110.23928,-1.94511,False,False,True,True,False,True,Di Luar Area Pantauan (>1000m dari Desa)
Jelai Hulu,Semantun,"Senin, 21 September 2026 01:11:00",NASA-NOAA20,Medium,111.0304,-2.07037,False,False,False,False,False,False,Di Luar Area Pantauan (>1000m dari Desa)
Matan Hilir Selatan,Pematang Gadung,"Senin, 21 September 2026 01:11:00",NASA-NOAA20,Medium,110.32478,-1.96204,False,False,True,True,False,True,Di Luar Area Pantauan (>1000m dari Desa)
Jelai Hulu,Semantun,"Senin, 21 September 2026 01:11:00",NASA-NOAA20,Medium,111.02991,-2.07372,False,False,False,False,False,False,Di Luar Area Pantauan (>1000m dari Desa)
Jelai Hulu,Semantun,"Senin, 21 September 2026 01:11:00",NASA-NOAA20,Medium,111.0334,-2.07427,False,False,False,False,False,False,Di Luar Area Pantauan (>1000m dari Desa)
Matan Hilir Selatan,Pematang Gadung,"Senin, 21 September 2026 01:11:00",NASA-NOAA20,Medium,110.27746,-1.9715,False,False,True,True,False,True,Di Luar Area Pantauan (>1000m dari Desa)
Kendawangan,Bangkal Serai,"Senin, 21 September 2026 01:11:00",NASA-NOAA20,Medium,110.52016,-2.42787,False,False,False,False,False,False,Di Luar Area Pantauan (>1000m dari Desa)
Kendawangan,Bangkal Serai,"Senin, 21 September 2026 01:11:00",NASA-NOAA20,Medium,110.51965,-2.43119,False,False,False,False,False,False,Di Luar Area Pantauan (>1000m dari Desa)
Kendawangan,Bangkal Serai,"Senin, 21 September 2026 01:11:00",NASA-NOAA20,Medium,110.5288,-2.49022,False,False,False,False,False,False,Di Luar Area Pantauan (>1000m dari Desa)
Manis Mata,Ratu Elok,"Senin, 21 September 2026 01:11:00",NASA-NOAA20,Medium,111.03468,-2.53547,False,False,False,False,False,False,Di Luar Area Pantauan (>1000m dari Desa)
Kendawangan,Seriam,"Senin, 21 September 2026 01:11:00",NASA-NOAA20,Medium,110.43544,-2.51968,False,False,False,False,True,True,Di Luar Area Pantauan (>1000m dari Desa)
Kendawangan,Bangkal Serai,"Senin, 21 September 2026 01:11:00",NASA-NOAA20,Medium,110.50819,-2.53119,False,False,False,False,True,True,Di Luar Area Pantauan (>1000m dari Desa)
Kendawangan,Seriam,"Senin, 21 September 2026 01:11:00",NASA-NOAA20,Medium,110.43492,-2.523,False,False,False,False,True,True,Di Luar Area Pantauan (>1000m dari Desa)
Kendawangan,Airhitam Hulu,"Senin, 21 September 2026 01:11:00",NASA-NOAA20,Medium,110.62856,-2.62494,False,False,False,False,False,False,Di Luar Area Pantauan (>1000m dari Desa)
Kendawangan,Air Hitam Besar,"Senin, 21 September 2026 01:11:00",NASA-NOAA20,Medium,110.68125,-2.65372,False,False,False,False,False,False,Di Luar Area Pantauan (>1000m dari Desa)
Kendawangan,Air Hitam Besar,"Senin, 21 September 2026 01:11:00",NASA-NOAA20,Medium,110.68281,-2.64373,False,False,False,False,False,False,Di Luar Area Pantauan (>1000m dari Desa)
Manis Mata,Jambi,"Senin, 21 September 2026 01:11:00",NASA-NOAA20,Medium,110.96459,-2.70531,False,False,False,False,False,False,Di Luar Area Pantauan (>1000m dari Desa)
Kendawangan,Air Hitam Besar,"Senin, 21 September 2026 01:11:00",NASA-NOAA20,Medium,110.67828,-2.64984,False,False,False,False,False,False,Di Luar Area Pantauan (>1000m dari Desa)
Kendawangan,Airhitam Hulu,"Senin, 21 September 2026 01:11:00",NASA-NOAA20,Medium,110.62055,-2.63049,False,False,True,False,False,True,Di Luar Area Pantauan (>1000m dari Desa)
Kendawangan,Bangkal Serai,"Senin, 21 September 2026 01:11:00",NASA-NOAA20,Medium,110.46056,-2.54066,False,False,False,False,True,True,Di Luar Area Pantauan (>1000m dari Desa)
Matan Hilir Selatan,Pesaguan Kanan,"Senin, 21 September 2026 01:11:00",NASA-NOAA20,Medium,110.29697,-2.04932,False,False,True,True,False,True,Di Luar Area Pantauan (>1000m dari Desa)
Matan Hilir Selatan,Pesaguan Kanan,"Senin, 21 September 2026 01:11:00",NASA-NOAA20,Medium,110.24191,-2.04061,False,False,True,True,False,True,Di Luar Area Pantauan (>1000m dari Desa)
Matan Hilir Selatan,Pesaguan Kanan,"Senin, 21 September 2026 01:11:00",NASA-NOAA20,Medium,110.23502,-2.03952,False,False,False,True,False,True,Di Luar Area Pantauan (>1000m dari Desa)
Muara Pawan,Tanjung Pura,"Senin, 21 September 2026 01:11:00",NASA-NOAA20,Medium,110.13716,-1.6742,False,False,True,True,False,True,Di Luar Area Pantauan (>1000m dari Desa)
Muara Pawan,Tanjung Pura,"Senin, 21 September 2026 01:11:00",NASA-NOAA20,Medium,110.15089,-1.67638,False,False,True,True,False,True,Di Luar Area Pantauan (>1000m dari Desa)
Muara Pawan,Tanjung Pura,"Senin, 21 September 2026 01:11:00",NASA-NOAA20,Medium,110.22834,-1.69879,False,False,False,True,False,True,Di Luar Area Pantauan (>1000m dari Desa)
Kepulauan Karimata,Betok Jaya,"Senin, 21 September 2026 01:11:00",NASA-NOAA20,Medium,108.92567,-1.55644,True,True,True,False,True,True,Prioritas 1 (Tinggi)
Muara Pawan,Sungai Awan Kiri,"Senin, 21 September 2026 01:11:00",NASA-NOAA20,Medium,110.03481,-1.69865,False,False,False,False,False,False,Di Luar Area Pantauan (>1000m dari Desa)
Jelai Hulu,Karang Dangin,"Senin, 21 September 2026 01:11:00",NASA-NOAA20,Medium,110.95941,-1.83143,False,False,True,False,False,True,Di Luar Area Pantauan (>1000m dari Desa)
Muara Pawan,Mayak,"Senin, 21 September 2026 01:11:00",NASA-NOAA20,Medium,110.16634,-1.7127,False,False,True,True,False,True,Di Luar Area Pantauan (>1000m dari Desa)
Matan Hilir Selatan,Sungai Besar,"Senin, 21 September 2026 01:11:00",NASA-NOAA20,Medium,110.24617,-1.87841,False,False,True,True,False,True,Di Luar Area Pantauan (>1000m dari Desa)
Matan Hilir Selatan,Sungai Besar,"Senin, 21 September 2026 01:11:00",NASA-NOAA20,Medium,110.20834,-1.87244,False,False,True,True,False,True,Di Luar Area Pantauan (>1000m dari Desa)
Matan Hilir Selatan,Sungai Besar,"Senin, 21 September 2026 01:11:00",NASA-NOAA20,Medium,110.21625,-1.86691,False,False,True,True,False,True,Di Luar Area Pantauan (>1000m dari Desa)
Matan Hilir Selatan,Sungai Besar,"Senin, 21 September 2026 01:11:00",NASA-NOAA20,Medium,110.21522,-1.87352,False,False,True,True,False,True,Di Luar Area Pantauan (>1000m dari Desa)
Matan Hilir Selatan,Sungai Pelang,"Senin, 21 September 2026 01:11:00",NASA-NOAA20,Medium,110.17056,-1.86646,False,False,True,True,False,True,Di Luar Area Pantauan (>1000m dari Desa)
Matan Hilir Selatan,Sungai Besar,"Senin, 21 September 2026 01:11:00",NASA-NOAA20,Medium,110.26289,-1.86036,False,False,True,True,False,True,Di Luar Area Pantauan (>1000m dari Desa)
Matan Hilir Selatan,Sungai Pelang,"Senin, 21 September 2026 01:11:00",NASA-NOAA20,Medium,110.19519,-1.84286,False,False,False,True,False,True,Di Luar Area Pantauan (>1000m dari Desa)
Matan Hilir Selatan,Sungai Besar,"Senin, 21 September 2026 01:11:00",NASA-NOAA20,Medium,110.1836,-1.89564,False,False,True,True,False,True,Di Luar Area Pantauan (>1000m dari Desa)
Matan Hilir Selatan,Pematang Gadung,"Senin, 21 September 2026 01:11:00",NASA-NOAA20,Medium,110.27059,-1.90261,False,False,True,True,False,True,Di Luar Area Pantauan (>1000m dari Desa)
Matan Hilir Selatan,Pematang Gadung,"Senin, 21 September 2026 01:11:00",NASA-NOAA20,Medium,110.31634,-1.97088,False,False,True,True,False,True,Di Luar Area Pantauan (>1000m dari Desa)
Matan Hilir Selatan,Pematang Gadung,"Senin, 21 September 2026 01:11:00",NASA-NOAA20,Medium,110.22311,-1.93578,False,False,True,True,False,True,Di Luar Area Pantauan (>1000m dari Desa)
Matan Hilir Selatan,Pematang Gadung,"Senin, 21 September 2026 01:11:00",NASA-NOAA20,Medium,110.27126,-1.9434,False,False,True,True,False,True,Di Luar Area Pantauan (>1000m dari Desa)
Jelai Hulu,Semantun,"Senin, 21 September 2026 01:11:00",NASA-NOAA20,Medium,111.03094,-2.06703,False,False,False,False,False,False,Di Luar Area Pantauan (>1000m dari Desa)
Matan Hilir Utara,Tanjung Baik Budi,"Senin, 21 September 2026 01:11:00",NASA-NOAA20,Medium,110.14455,-1.53946,False,False,True,True,False,True,Di Luar Area Pantauan (>1000m dari Desa)
Nanga Tayap,Pateh Benteng,"Senin, 21 September 2026 01:11:00",NASA-NOAA20,Medium,110.65604,-1.63043,False,False,True,False,False,True,Di Luar Area Pantauan (>1000m dari Desa)
Nanga Tayap,Siantau Raya,"Senin, 21 September 2026 01:11:00",NASA-NOAA20,Medium,110.48289,-1.60649,False,False,False,False,False,False,Di Luar Area Pantauan (>1000m dari Desa)
Matan Hilir Utara,Tanjung Baik Budi,"Senin, 21 September 2026 01:11:00",NASA-NOAA20,Medium,110.11022,-1.53402,False,False,True,True,False,True,Di Luar Area Pantauan (>1000m dari Desa)
Matan Hilir Utara,Tanjung Baik Budi,"Senin, 21 September 2026 01:11:00",NASA-NOAA20,Medium,110.13769,-1.53837,False,False,True,True,False,True,Di Luar Area Pantauan (>1000m dari Desa)
Nanga Tayap,Cegolak,"Senin, 21 September 2026 01:11:00",NASA-NOAA20,Medium,110.67837,-1.62375,False,False,True,False,False,True,Di Luar Area Pantauan (>1000m dari Desa)
Nanga Tayap,Lembah Hijau Dua,"Senin, 21 September 2026 01:11:00",NASA-NOAA20,Medium,110.47065,-1.59438,False,False,True,False,False,True,Di Luar Area Pantauan (>1000m dari Desa)
Matan Hilir Utara,Tanjung Baik Budi,"Senin, 21 September 2026 01:11:00",NASA-NOAA20,Medium,110.16651,-1.55648,False,False,True,True,False,True,Di Luar Area Pantauan (>1000m dari Desa)
Nanga Tayap,Batu Mas,"Senin, 21 September 2026 01:11:00",NASA-NOAA20,Medium,110.64861,-1.63265,False,False,False,False,False,False,Di Luar Area Pantauan (>1000m dari Desa)
Muara Pawan,Tanjung Pura,"Senin, 21 September 2026 01:11:00",NASA-NOAA20,Medium,110.22611,-1.66795,False,False,True,True,False,True,Di Luar Area Pantauan (>1000m dari Desa)
Muara Pawan,Tanjung Pura,"Senin, 21 September 2026 01:11:00",NASA-NOAA20,Medium,110.21648,-1.70708,False,False,False,False,False,False,Di Luar Area Pantauan (>1000m dari Desa)
Kendawangan,Seriam,"Senin, 21 September 2026 01:11:00",NASA-NOAA20,Medium,110.451,-2.48815,False,False,False,False,False,False,Di Luar Area Pantauan (>1000m dari Desa)
Kendawangan,Seriam,"Senin, 21 September 2026 01:11:00",NASA-NOAA20,Medium,110.44754,-2.4876,False,False,False,False,False,False,Di Luar Area Pantauan (>1000m dari Desa)
Kendawangan,Bangkal Serai,"Senin, 21 September 2026 01:11:00",NASA-NOAA20,Medium,110.52829,-2.49354,False,False,False,False,False,False,Di Luar Area Pantauan (>1000m dari Desa)
Kendawangan,Airhitam Hulu,"Senin, 21 September 2026 01:11:00",NASA-NOAA20,Medium,110.60897,-2.65935,False,False,False,False,False,False,Di Luar Area Pantauan (>1000m dari Desa)
Kendawangan,Seriam,"Senin, 21 September 2026 01:11:00",NASA-NOAA20,Medium,110.32551,-2.63147,False,False,False,False,True,True,Di Luar Area Pantauan (>1000m dari Desa)
Kendawangan,Seriam,"Senin, 21 September 2026 01:11:00",NASA-NOAA20,Medium,110.3186,-2.63037,False,False,False,False,True,True,Di Luar Area Pantauan (>1000m dari Desa)
Kendawangan,Air Hitam Besar,"Senin, 21 September 2026 01:11:00",NASA-NOAA20,Medium,110.65369,-2.69315,False,False,False,False,False,False,Di Luar Area Pantauan (>1000m dari Desa)
Manis Mata,Suka Ramai,"Senin, 21 September 2026 01:11:00",NASA-NOAA20,Medium,111.04776,-2.75479,False,False,False,False,False,False,Di Luar Area Pantauan (>1000m dari Desa)
Kendawangan,Air Hitam Besar,"Senin, 21 September 2026 01:11:00",NASA-NOAA20,Medium,110.65615,-2.70036,False,False,False,False,False,False,Di Luar Area Pantauan (>1000m dari Desa)
Kendawangan,Seriam,"Senin, 21 September 2026 01:11:00",NASA-NOAA20,Medium,110.32205,-2.63092,False,False,False,False,True,True,Di Luar Area Pantauan (>1000m dari Desa)
Kendawangan,Danau Buntar,"Senin, 21 September 2026 01:11:00",NASA-NOAA20,Medium,110.96906,-2.794,False,False,False,False,False,False,Di Luar Area Pantauan (>1000m dari Desa)
Kendawangan,Seriam,"Senin, 21 September 2026 01:11:00",NASA-NOAA20,Medium,110.4389,-2.52023,False,False,False,False,True,True,Di Luar Area Pantauan (>1000m dari Desa)
Matan Hilir Selatan,Sungai Besar,"Senin, 21 September 2026 01:11:00",NASA-NOAA20,Medium,110.20199,-1.86804,False,False,False,True,False,True,Di Luar Area Pantauan (>1000m dari Desa)
Matan Hilir Selatan,Sungai Besar,"Senin, 21 September 2026 01:11:00",NASA-NOAA20,Medium,110.20817,-1.89613,False,False,True,True,False,True,Di Luar Area Pantauan (>1000m dari Desa)
Matan Hilir Selatan,Sungai Besar,"Senin, 21 September 2026 01:11:00",NASA-NOAA20,Medium,110.16006,-1.88852,False,False,True,True,False,True,Di Luar Area Pantauan (>1000m dari Desa)
Matan Hilir Selatan,Sungai Besar,"Senin, 21 September 2026 01:11:00",NASA-NOAA20,Medium,110.18412,-1.89233,False,False,True,True,False,True,Di Luar Area Pantauan (>1000m dari Desa)
Matan Hilir Selatan,Sungai Besar,"Senin, 21 September 2026 01:11:00",NASA-NOAA20,Medium,110.16694,-1.88961,False,False,True,True,False,True,Di Luar Area Pantauan (>1000m dari Desa)
Kendawangan,Banjar Sari,"Senin, 21 September 2026 01:11:00",NASA-NOAA20,Medium,110.4474,-2.34839,False,False,False,False,False,False,Di Luar Area Pantauan (>1000m dari Desa)
Matan Hilir Selatan,Pematang Gadung,"Senin, 21 September 2026 01:11:00",NASA-NOAA20,Medium,110.26027,-1.90098,False,False,True,True,False,True,Di Luar Area Pantauan (>1000m dari Desa)
Matan Hilir Selatan,Pematang Gadung,"Senin, 21 September 2026 01:11:00",NASA-NOAA20,Medium,110.26371,-1.90152,False,False,True,True,False,True,Di Luar Area Pantauan (>1000m dari Desa)
Matan Hilir Selatan,Sungai Besar,"Senin, 21 September 2026 01:11:00",NASA-NOAA20,Medium,110.22106,-1.88123,False,False,True,True,False,True,Di Luar Area Pantauan (>1000m dari Desa)
Matan Hilir Selatan,Sungai Besar,"Senin, 21 September 2026 01:11:00",NASA-NOAA20,Medium,110.25016,-1.85156,False,False,True,True,False,True,Di Luar Area Pantauan (>1000m dari Desa)
Matan Hilir Selatan,Sungai Besar,"Senin, 21 September 2026 01:11:00",NASA-NOAA20,Medium,110.22021,-1.86415,False,False,True,True,False,True,Di Luar Area Pantauan (>1000m dari Desa)
Matan Hilir Selatan,Sungai Besar,"Senin, 21 September 2026 01:11:00",NASA-NOAA20,Medium,110.23843,-1.86025,False,False,True,True,False,True,Di Luar Area Pantauan (>1000m dari Desa)
Matan Hilir Selatan,Sungai Besar,"Senin, 21 September 2026 01:11:00",NASA-NOAA20,Medium,110.21969,-1.86745,False,False,True,True,False,True,Di Luar Area Pantauan (>1000m dari Desa)
Benua Kayong,Negeri Baru,"Senin, 21 September 2026 01:11:00",NASA-NOAA20,Medium,110.23591,-1.78491,False,False,False,True,False,True,Di Luar Area Pantauan (>1000m dari Desa)
Kendawangan,Seriam,"Senin, 21 September 2026 01:11:00",NASA-NOAA20,Medium,110.25974,-2.64481,False,False,False,False,True,True,Di Luar Area Pantauan (>1000m dari Desa)
Kendawangan,Seriam,"Senin, 21 September 2026 01:11:00",NASA-NOAA20,Medium,110.38017,-2.66718,False,False,False,False,True,True,Di Luar Area Pantauan (>1000m dari Desa)
Kendawangan,Seriam,"Senin, 21 September 2026 01:11:00",NASA-NOAA20,Medium,110.35941,-2.66391,False,False,False,False,True,True,Di Luar Area Pantauan (>1000m dari Desa)
Kendawangan,Seriam,"Senin, 21 September 2026 01:11:00",NASA-NOAA20,Medium,110.3767,-2.66664,False,False,False,False,True,True,Di Luar Area Pantauan (>1000m dari Desa)
Kendawangan,Seriam,"Senin, 21 September 2026 01:11:00",NASA-NOAA20,Medium,110.36287,-2.66446,False,False,False,False,True,True,Di Luar Area Pantauan (>1000m dari Desa)
Kepulauan Karimata,Betok Jaya,"Senin, 21 September 2026 01:11:00",NASA-NOAA20,Medium,108.92613,-1.55308,True,True,True,False,True,True,Prioritas 1 (Tinggi)
Muara Pawan,Tanjung Pura,"Senin, 21 September 2026 01:11:00",NASA-NOAA20,Medium,110.20721,-1.69884,False,False,True,True,False,True,Di Luar Area Pantauan (>1000m dari Desa)
Sungai Melayu Rayak,Makmur Abadi,"Senin, 21 September 2026 01:11:00",NASA-NOAA20,Medium,110.25874,-1.70699,False,False,True,True,False,True,Di Luar Area Pantauan (>1000m dari Desa)
Matan Hilir Utara,Tanjung Baik Budi,"Senin, 21 September 2026 01:11:00",NASA-NOAA20,Medium,110.18781,-1.53275,False,False,True,True,False,True,Di Luar Area Pantauan (>1000m dari Desa)
Matan Hilir Utara,Tanjung Baik Budi,"Senin, 21 September 2026 01:11:00",NASA-NOAA20,Medium,110.18728,-1.53606,False,False,True,True,False,True,Di Luar Area Pantauan (>1000m dari Desa)
Nanga Tayap,Cegolak,"Senin, 21 September 2026 01:11:00",NASA-NOAA20,Medium,110.69136,-1.60879,False,False,True,False,False,True,Di Luar Area Pantauan (>1000m dari Desa)
Matan Hilir Utara,Tanjung Baik Budi,"Senin, 21 September 2026 01:11:00",NASA-NOAA20,Medium,110.17751,-1.53112,False,False,True,True,False,True,Di Luar Area Pantauan (>1000m dari Desa)
Matan Hilir Utara,Tanjung Baik Budi,"Senin, 21 September 2026 01:11:00",NASA-NOAA20,Medium,110.19124,-1.53329,False,False,True,True,False,True,Di Luar Area Pantauan (>1000m dari Desa)
Matan Hilir Utara,Tanjung Baik Budi,"Senin, 21 September 2026 01:11:00",NASA-NOAA20,Medium,110.18094,-1.53166,False,False,True,True,False,True,Di Luar Area Pantauan (>1000m dari Desa)
Matan Hilir Utara,Tanjung Baik Budi,"Senin, 21 September 2026 01:11:00",NASA-NOAA20,Medium,110.12447,-1.53289,False,False,True,True,False,True,Di Luar Area Pantauan (>1000m dari Desa)
Matan Hilir Utara,Tanjung Baik Budi,"Senin, 21 September 2026 01:11:00",NASA-NOAA20,Medium,110.13821,-1.53506,False,False,True,True,False,True,Di Luar Area Pantauan (>1000m dari Desa)
Nanga Tayap,Lembah Hijau Dua,"Senin, 21 September 2026 01:11:00",NASA-NOAA20,Medium,110.45049,-1.58781,False,False,False,False,False,False,Di Luar Area Pantauan (>1000m dari Desa)
Nanga Tayap,Lembah Hijau Dua,"Senin, 21 September 2026 01:11:00",NASA-NOAA20,Medium,110.45393,-1.58835,False,False,False,False,False,False,Di Luar Area Pantauan (>1000m dari Desa)
Nanga Tayap,Cegolak,"Senin, 21 September 2026 01:11:00",NASA-NOAA20,Medium,110.70604,-1.62811,False,False,False,False,False,False,Di Luar Area Pantauan (>1000m dari Desa)
Matan Hilir Utara,Tanjung Baik Budi,"Senin, 21 September 2026 01:11:00",NASA-NOAA20,Medium,110.15776,-1.54493,False,False,True,True,False,True,Di Luar Area Pantauan (>1000m dari Desa)
Nanga Tayap,Lembah Hijau Dua,"Senin, 21 September 2026 01:11:00",NASA-NOAA20,Medium,110.4741,-1.59492,False,False,False,False,False,False,Di Luar Area Pantauan (>1000m dari Desa)
Matan Hilir Utara,Tanjung Baik Budi,"Senin, 21 September 2026 01:11:00",NASA-NOAA20,Medium,110.10233,-1.53955,False,False,True,True,False,True,Di Luar Area Pantauan (>1000m dari Desa)
Nanga Tayap,Lembah Hijau Dua,"Senin, 21 September 2026 01:11:00",NASA-NOAA20,Medium,110.47013,-1.59769,False,False,True,False,False,True,Di Luar Area Pantauan (>1000m dari Desa)
Nanga Tayap,Siantau Raya,"Senin, 21 September 2026 01:11:00",NASA-NOAA20,Medium,110.47997,-1.60264,False,False,False,False,False,False,Di Luar Area Pantauan (>1000m dari Desa)
Matan Hilir Utara,Tanjung Baik Budi,"Senin, 21 September 2026 01:11:00",NASA-NOAA20,Medium,110.16994,-1.55702,False,False,True,True,False,True,Di Luar Area Pantauan (>1000m dari Desa)
Nanga Tayap,Cegolak,"Senin, 21 September 2026 01:11:00",NASA-NOAA20,Medium,110.6886,-1.64916,False,False,False,False,False,False,Di Luar Area Pantauan (>1000m dari Desa)
Matan Hilir Utara,Tanjung Baik Budi,"Senin, 21 September 2026 01:11:00",NASA-NOAA20,Medium,110.16839,-1.56694,False,False,True,True,False,True,Di Luar Area Pantauan (>1000m dari Desa)
Muara Pawan,Ulak Medang,"Senin, 21 September 2026 01:11:00",NASA-NOAA20,Medium,110.26556,-1.64331,False,False,True,True,False,True,Di Luar Area Pantauan (>1000m dari Desa)
Nanga Tayap,Nanga Tayap,"Senin, 21 September 2026 01:11:00",NASA-NOAA20,Medium,110.64065,-1.48191,False,False,True,False,False,True,Di Luar Area Pantauan (>1000m dari Desa)
Nanga Tayap,Simpang Tiga Sembelangaan,"Senin, 21 September 2026 01:11:00",NASA-NOAA20,Medium,110.3203,-1.43111,False,False,True,False,True,True,Di Luar Area Pantauan (>1000m dari Desa)
Nanga Tayap,Nanga Tayap,"Senin, 21 September 2026 01:11:00",NASA-NOAA20,Medium,110.6441,-1.48245,False,False,False,False,False,False,Di Luar Area Pantauan (>1000m dari Desa)
Nanga Tayap,Simpang Tiga Sembelangaan,"Senin, 21 September 2026 01:11:00",NASA-NOAA20,Medium,110.34378,-1.43821,False,False,True,False,True,True,Di Luar Area Pantauan (>1000m dari Desa)
Nanga Tayap,Betenung,"Senin, 21 September 2026 01:11:00",NASA-NOAA20,Medium,110.83102,-1.55621,False,False,True,False,False,True,Di Luar Area Pantauan (>1000m dari Desa)
Nanga Tayap,Betenung,"Senin, 21 September 2026 01:11:00",NASA-NOAA20,Medium,110.8382,-1.60163,False,False,False,False,False,False,Di Luar Area Pantauan (>1000m dari Desa)
Muara Pawan,Ulak Medang,"Senin, 21 September 2026 01:11:00",NASA-NOAA20,Medium,110.21954,-1.51043,False,False,True,True,False,True,Di Luar Area Pantauan (>1000m dari Desa)
Matan Hilir Utara,Lamon Satong,"Senin, 21 September 2026 01:11:00",NASA-NOAA20,Medium,110.21215,-1.51265,False,False,True,True,False,True,Di Luar Area Pantauan (>1000m dari Desa)
Muara Pawan,Ulak Medang,"Senin, 21 September 2026 01:11:00",NASA-NOAA20,Medium,110.23275,-1.51591,False,False,True,True,False,True,Di Luar Area Pantauan (>1000m dari Desa)
Matan Hilir Utara,Tanjung Baik Budi,"Senin, 21 September 2026 01:11:00",NASA-NOAA20,Medium,110.17648,-1.53773,False,False,True,True,False,True,Di Luar Area Pantauan (>1000m dari Desa)
Muara Pawan,Ulak Medang,"Senin, 21 September 2026 01:11:00",NASA-NOAA20,Medium,110.24151,-1.52746,False,False,True,True,False,True,Di Luar Area Pantauan (>1000m dari Desa)
Muara Pawan,Ulak Medang,"Senin, 21 September 2026 01:11:00",NASA-NOAA20,Medium,110.25181,-1.5291,False,False,True,True,False,True,Di Luar Area Pantauan (>1000m dari Desa)
Muara Pawan,Ulak Medang,"Senin, 21 September 2026 01:11:00",NASA-NOAA20,Medium,110.27126,-1.53917,False,False,True,True,False,True,Di Luar Area Pantauan (>1000m dari Desa)
Muara Pawan,Ulak Medang,"Senin, 21 September 2026 01:11:00",NASA-NOAA20,Medium,110.26439,-1.53808,False,False,True,True,False,True,Di Luar Area Pantauan (>1000m dari Desa)
Nanga Tayap,Sepakat Jaya,"Senin, 21 September 2026 01:11:00",NASA-NOAA20,Medium,110.66753,-1.44539,False,False,True,False,False,True,Di Luar Area Pantauan (>1000m dari Desa)
Nanga Tayap,Nanga Tayap,"Senin, 21 September 2026 01:11:00",NASA-NOAA20,Medium,110.64272,-1.48912,False,False,True,False,False,True,Di Luar Area Pantauan (>1000m dari Desa)
Kendawangan,Natai Kuini,"Senin, 21 September 2026 01:11:00",NASA-NOAA20,Medium,110.76685,-2.81621,False,False,False,True,False,True,Di Luar Area Pantauan (>1000m dari Desa)
Matan Hilir Selatan,Pesaguan Kanan,"Senin, 21 September 2026 00:49:00",NASA-SNPP,Medium,110.17978,-2.08171,False,False,True,True,False,True,Di Luar Area Pantauan (>1000m dari Desa)
Ella Hilir,Perembang Nyuruh,"Senin, 21 September 2026 00:49:00",NASA-SNPP,Medium,112.15198,-0.56876,False,False,False,False,False,False,Di Luar Area Pantauan (>1000m dari Desa)
Ella Hilir,Nanga Nyuruh,"Senin, 21 September 2026 00:49:00",NASA-SNPP,Medium,112.10606,-0.55753,False,False,False,False,True,True,Di Luar Area Pantauan (>1000m dari Desa)
Tempunak,Sungai Buluh,"Senin, 21 September 2026 00:49:00",NASA-SNPP,Medium,111.27238,-0.2593,False,False,False,False,False,False,Di Luar Area Pantauan (>1000m dari Desa)
Ella Hilir,Nanga Nyuruh,"Senin, 21 September 2026 00:49:00",NASA-SNPP,Medium,112.10116,-0.55676,False,False,False,False,True,True,Di Luar Area Pantauan (>1000m dari Desa)
Matan Hilir Selatan,Sungai Nanjung,"Senin, 21 September 2026 00:49:00",NASA-SNPP,Medium,110.23908,-2.13117,False,False,False,False,False,False,Di Luar Area Pantauan (>1000m dari Desa)
Matan Hilir Selatan,Sungai Nanjung,"Senin, 21 September 2026 00:49:00",NASA-SNPP,Medium,110.18762,-2.12722,False,False,True,True,False,True,Di Luar Area Pantauan (>1000m dari Desa)
Matan Hilir Selatan,Sungai Nanjung,"Senin, 21 September 2026 00:49:00",NASA-SNPP,Medium,110.23837,-2.13556,False,False,False,False,False,False,Di Luar Area Pantauan (>1000m dari Desa)
Matan Hilir Selatan,Sungai Nanjung,"Senin, 21 September 2026 00:49:00",NASA-SNPP,Medium,110.18336,-2.12652,False,False,True,True,False,True,Di Luar Area Pantauan (>1000m dari Desa)
Ella Hilir,Bemban Permai,"Senin, 21 September 2026 00:49:00",NASA-SNPP,Medium,112.02657,-0.5369,False,False,False,False,True,True,Di Luar Area Pantauan (>1000m dari Desa)
Matan Hilir Selatan,Sungai Besar,"Senin, 21 September 2026 00:49:00",NASA-SNPP,Medium,110.21737,-1.89047,False,False,True,True,False,True,Di Luar Area Pantauan (>1000m dari Desa)
Matan Hilir Selatan,Sungai Nanjung,"Senin, 21 September 2026 00:49:00",NASA-SNPP,Medium,110.20173,-2.1476,False,False,False,True,False,True,Di Luar Area Pantauan (>1000m dari Desa)
Matan Hilir Selatan,Sungai Besar,"Senin, 21 September 2026 00:49:00",NASA-SNPP,Medium,110.20515,-1.89639,False,False,True,True,False,True,Di Luar Area Pantauan (>1000m dari Desa)
Matan Hilir Selatan,Pesaguan Kanan,"Senin, 21 September 2026 00:49:00",NASA-SNPP,Medium,110.23453,-2.04084,False,False,True,True,False,True,Di Luar Area Pantauan (>1000m dari Desa)
Matan Hilir Selatan,Pesaguan Kanan,"Senin, 21 September 2026 00:49:00",NASA-SNPP,Medium,110.2062,-2.02717,False,False,False,True,False,True,Di Luar Area Pantauan (>1000m dari Desa)
Matan Hilir Selatan,Sungai Nanjung,"Senin, 21 September 2026 00:49:00",NASA-SNPP,Medium,110.23987,-2.15382,False,False,True,True,False,True,Di Luar Area Pantauan (>1000m dari Desa)
Matan Hilir Selatan,Sungai Nanjung,"Senin, 21 September 2026 00:49:00",NASA-SNPP,Medium,110.23566,-2.15313,False,False,True,True,False,True,Di Luar Area Pantauan (>1000m dari Desa)
Matan Hilir Selatan,Sungai Nanjung,"Senin, 21 September 2026 00:49:00",NASA-SNPP,Medium,110.24339,-2.15889,False,False,True,True,False,True,Di Luar Area Pantauan (>1000m dari Desa)
Matan Hilir Selatan,Sungai Nanjung,"Senin, 21 September 2026 00:49:00",NASA-SNPP,Medium,110.20954,-2.15339,False,False,True,True,False,True,Di Luar Area Pantauan (>1000m dari Desa)
Matan Hilir Selatan,Sungai Nanjung,"Senin, 21 September 2026 00:49:00",NASA-SNPP,Medium,110.26022,-2.16163,False,False,True,True,True,True,Di Luar Area Pantauan (>1000m dari Desa)
Matan Hilir Selatan,Sungai Nanjung,"Senin, 21 September 2026 00:49:00",NASA-SNPP,Medium,110.21381,-2.15408,False,False,True,True,False,True,Di Luar Area Pantauan (>1000m dari Desa)
Matan Hilir Selatan,Sungai Nanjung,"Senin, 21 September 2026 00:49:00",NASA-SNPP,Medium,110.12907,-2.13575,False,False,False,True,False,True,Di Luar Area Pantauan (>1000m dari Desa)
Matan Hilir Selatan,Sungai Nanjung,"Senin, 21 September 2026 00:49:00",NASA-SNPP,Medium,110.24258,-2.13625,False,False,False,False,False,False,Di Luar Area Pantauan (>1000m dari Desa)
Matan Hilir Selatan,Sungai Nanjung,"Senin, 21 September 2026 00:49:00",NASA-SNPP,Medium,110.24055,-2.14942,False,False,True,True,False,True,Di Luar Area Pantauan (>1000m dari Desa)
Matan Hilir Selatan,Sungai Nanjung,"Senin, 21 September 2026 00:49:00",NASA-SNPP,Medium,110.23634,-2.14874,False,False,True,True,False,True,Di Luar Area Pantauan (>1000m dari Desa)
Matan Hilir Selatan,Sungai Nanjung,"Senin, 21 September 2026 00:49:00",NASA-SNPP,Medium,110.20526,-2.15269,False,False,False,True,False,True,Di Luar Area Pantauan (>1000m dari Desa)
Matan Hilir Selatan,Sungai Besar,"Senin, 21 September 2026 00:49:00",NASA-SNPP,Medium,110.2144,-1.89339,False,False,True,True,False,True,Di Luar Area Pantauan (>1000m dari Desa)
Matan Hilir Selatan,Sungai Nanjung,"Senin, 21 September 2026 00:49:00",NASA-SNPP,Medium,110.23002,-2.16122,False,False,True,True,False,True,Di Luar Area Pantauan (>1000m dari Desa)
Matan Hilir Selatan,Sungai Nanjung,"Senin, 21 September 2026 00:49:00",NASA-SNPP,Medium,110.18752,-2.15432,False,False,True,True,False,True,Di Luar Area Pantauan (>1000m dari Desa)
Matan Hilir Selatan,Sungai Besar,"Senin, 21 September 2026 00:49:00",NASA-SNPP,Medium,110.21086,-1.88827,False,False,True,True,False,True,Di Luar Area Pantauan (>1000m dari Desa)
Marau,Rangkung,"Senin, 21 September 2026 00:49:00",NASA-SNPP,Medium,110.52644,-2.21374,False,False,False,False,False,False,Di Luar Area Pantauan (>1000m dari Desa)
Matan Hilir Selatan,Sungai Nanjung,"Senin, 21 September 2026 00:49:00",NASA-SNPP,Medium,110.27487,-2.17748,False,False,False,True,True,True,Di Luar Area Pantauan (>1000m dari Desa)
Matan Hilir Selatan,Sungai Nanjung,"Senin, 21 September 2026 00:49:00",NASA-SNPP,Medium,110.27908,-2.17816,False,False,True,True,True,True,Di Luar Area Pantauan (>1000m dari Desa)
Matan Hilir Selatan,Sungai Nanjung,"Senin, 21 September 2026 00:49:00",NASA-SNPP,Medium,110.19745,-2.1469,False,False,True,True,False,True,Di Luar Area Pantauan (>1000m dari Desa)
Matan Hilir Selatan,Sungai Besar,"Senin, 21 September 2026 00:49:00",NASA-SNPP,Medium,110.21513,-1.88898,False,False,True,True,False,True,Di Luar Area Pantauan (>1000m dari Desa)
Matan Hilir Selatan,Pesaguan Kanan,"Senin, 21 September 2026 00:49:00",NASA-SNPP,Medium,110.19548,-2.06613,False,False,True,True,False,True,Di Luar Area Pantauan (>1000m dari Desa)
Matan Hilir Selatan,Sungai Nanjung,"Senin, 21 September 2026 00:49:00",NASA-SNPP,Medium,110.24828,-2.15519,False,False,True,True,False,True,Di Luar Area Pantauan (>1000m dari Desa)
Matan Hilir Selatan,Sungai Nanjung,"Senin, 21 September 2026 00:49:00",NASA-SNPP,Medium,110.16756,-2.19631,False,False,False,False,False,False,Di Luar Area Pantauan (>1000m dari Desa)
Matan Hilir Selatan,Sungai Nanjung,"Senin, 21 September 2026 00:49:00",NASA-SNPP,Medium,110.12473,-2.18949,False,False,False,False,False,False,Di Luar Area Pantauan (>1000m dari Desa)
Matan Hilir Selatan,Sungai Nanjung,"Senin, 21 September 2026 00:49:00",NASA-SNPP,Medium,110.12041,-2.18881,False,False,False,False,False,False,Di Luar Area Pantauan (>1000m dari Desa)
Jelai Hulu,Semantun,"Senin, 21 September 2026 00:49:00",NASA-SNPP,Medium,111.03468,-2.05457,False,False,False,False,False,False,Di Luar Area Pantauan (>1000m dari Desa)
Matan Hilir Selatan,Pagar Mentimun,"Senin, 21 September 2026 00:49:00",NASA-SNPP,Medium,110.16614,-2.20512,False,False,False,False,False,False,Di Luar Area Pantauan (>1000m dari Desa)
Matan Hilir Selatan,Pagar Mentimun,"Senin, 21 September 2026 00:49:00",NASA-SNPP,Medium,110.17039,-2.2058,False,False,False,False,False,False,Di Luar Area Pantauan (>1000m dari Desa)
Matan Hilir Selatan,Pagar Mentimun,"Senin, 21 September 2026 00:49:00",NASA-SNPP,Medium,110.16542,-2.20953,False,False,False,False,False,False,Di Luar Area Pantauan (>1000m dari Desa)
Matan Hilir Selatan,Sungai Nanjung,"Senin, 21 September 2026 00:49:00",NASA-SNPP,Medium,110.12231,-2.18821,False,False,False,False,False,False,Di Luar Area Pantauan (>1000m dari Desa)
Kendawangan,Pangkalan Batu,"Senin, 21 September 2026 00:49:00",NASA-SNPP,Medium,110.38667,-2.23236,False,False,False,False,False,False,Di Luar Area Pantauan (>1000m dari Desa)
Matan Hilir Selatan,Pagar Mentimun,"Senin, 21 September 2026 00:49:00",NASA-SNPP,Medium,110.16718,-2.20928,False,False,False,False,False,False,Di Luar Area Pantauan (>1000m dari Desa)
Manis Mata,Suak Burung,"Senin, 21 September 2026 00:49:00",NASA-SNPP,Medium,111.00916,-2.35737,False,False,False,False,False,False,Di Luar Area Pantauan (>1000m dari Desa)
Matan Hilir Selatan,Pagar Mentimun,"Senin, 21 September 2026 00:49:00",NASA-SNPP,Medium,110.1608,-2.22179,False,False,True,False,False,True,Di Luar Area Pantauan (>1000m dari Desa)
Matan Hilir Selatan,Sungai Besar,"Senin, 21 September 2026 00:49:00",NASA-SNPP,Medium,110.25014,-1.87758,False,False,True,True,False,True,Di Luar Area Pantauan (>1000m dari Desa)
Jelai Hulu,Air Dua,"Senin, 21 September 2026 00:49:00",NASA-SNPP,Medium,110.80767,-1.97066,False,False,False,False,False,False,Di Luar Area Pantauan (>1000m dari Desa)
Matan Hilir Selatan,Sungai Besar,"Senin, 21 September 2026 00:49:00",NASA-SNPP,Medium,110.16222,-1.8893,False,False,True,True,False,True,Di Luar Area Pantauan (>1000m dari Desa)
Matan Hilir Selatan,Sungai Besar,"Senin, 21 September 2026 00:49:00",NASA-SNPP,Medium,110.17078,-1.87858,False,False,True,True,False,True,Di Luar Area Pantauan (>1000m dari Desa)
Matan Hilir Selatan,Sungai Nanjung,"Senin, 21 September 2026 00:49:00",NASA-SNPP,Medium,110.27979,-2.17379,False,False,True,True,True,True,Di Luar Area Pantauan (>1000m dari Desa)
Marau,Rangkung,"Senin, 21 September 2026 00:49:00",NASA-SNPP,Medium,110.52237,-2.21308,False,False,False,False,False,False,Di Luar Area Pantauan (>1000m dari Desa)
Kendawangan,Selimantan Jaya,"Senin, 21 September 2026 00:49:00",NASA-SNPP,Medium,110.53047,-2.21439,False,False,False,False,False,False,Di Luar Area Pantauan (>1000m dari Desa)
Kendawangan,Selimantan Jaya,"Senin, 21 September 2026 00:49:00",NASA-SNPP,Medium,110.52979,-2.21869,False,False,False,False,False,False,Di Luar Area Pantauan (>1000m dari Desa)
Kendawangan,Selimantan Jaya,"Senin, 21 September 2026 00:49:00",NASA-SNPP,Medium,110.52574,-2.21804,False,False,False,False,False,False,Di Luar Area Pantauan (>1000m dari Desa)
Kendawangan,Sungai Jelayan,"Senin, 21 September 2026 00:49:00",NASA-SNPP,Medium,110.47144,-2.24467,False,False,False,False,False,False,Di Luar Area Pantauan (>1000m dari Desa)
Kendawangan,Sungai Jelayan,"Senin, 21 September 2026 00:49:00",NASA-SNPP,Medium,110.47553,-2.24532,False,False,False,False,False,False,Di Luar Area Pantauan (>1000m dari Desa)
Matan Hilir Selatan,Pagar Mentimun,"Senin, 21 September 2026 00:49:00",NASA-SNPP,Medium,110.16433,-2.22689,False,False,True,False,False,True,Di Luar Area Pantauan (>1000m dari Desa)
Kendawangan,Bangkal Serai,"Senin, 21 September 2026 00:49:00",NASA-SNPP,Medium,110.53024,-2.48518,False,False,False,False,False,False,Di Luar Area Pantauan (>1000m dari Desa)
Kendawangan,Seriam,"Senin, 21 September 2026 00:49:00",NASA-SNPP,Medium,110.44379,-2.48407,False,False,False,False,False,False,Di Luar Area Pantauan (>1000m dari Desa)
Kendawangan,Seriam,"Senin, 21 September 2026 00:49:00",NASA-SNPP,Medium,110.44645,-2.49334,False,False,False,False,False,False,Di Luar Area Pantauan (>1000m dari Desa)
Kendawangan,Seriam,"Senin, 21 September 2026 00:49:00",NASA-SNPP,Medium,110.44451,-2.56535,False,False,False,False,True,True,Di Luar Area Pantauan (>1000m dari Desa)
Kendawangan,Bangkal Serai,"Senin, 21 September 2026 00:49:00",NASA-SNPP,Medium,110.47378,-2.58786,False,False,False,False,True,True,Di Luar Area Pantauan (>1000m dari Desa)
Kendawangan,Seriam,"Senin, 21 September 2026 00:49:00",NASA-SNPP,Medium,110.36543,-2.66737,False,False,False,False,True,True,Di Luar Area Pantauan (>1000m dari Desa)
Matan Hilir Selatan,Pesaguan Kanan,"Senin, 21 September 2026 00:49:00",NASA-SNPP,Medium,110.38123,-2.06476,False,False,False,False,False,False,Di Luar Area Pantauan (>1000m dari Desa)
Kendawangan,Air Tarap,"Senin, 21 September 2026 00:49:00",NASA-SNPP,Medium,110.74557,-2.54689,False,False,False,False,False,False,Di Luar Area Pantauan (>1000m dari Desa)
Kendawangan,Air Hitam Besar,"Senin, 21 September 2026 00:49:00",NASA-SNPP,Medium,110.6863,-2.64916,False,False,False,False,False,False,Di Luar Area Pantauan (>1000m dari Desa)
Kendawangan,Air Hitam Besar,"Senin, 21 September 2026 00:49:00",NASA-SNPP,Medium,110.67786,-2.65211,False,False,False,False,False,False,Di Luar Area Pantauan (>1000m dari Desa)
Kendawangan,Seriam,"Senin, 21 September 2026 00:49:00",NASA-SNPP,Medium,110.4342,-2.51784,False,False,False,False,True,True,Di Luar Area Pantauan (>1000m dari Desa)
Kendawangan,Seriam,"Senin, 21 September 2026 00:49:00",NASA-SNPP,Medium,110.43824,-2.5185,False,False,False,False,True,True,Di Luar Area Pantauan (>1000m dari Desa)
Kendawangan,Bangkal Serai,"Senin, 21 September 2026 00:49:00",NASA-SNPP,Medium,110.50666,-2.52963,False,False,False,False,True,True,Di Luar Area Pantauan (>1000m dari Desa)
Kendawangan,Bangkal Serai,"Senin, 21 September 2026 00:49:00",NASA-SNPP,Medium,110.46368,-2.54027,False,False,False,False,True,True,Di Luar Area Pantauan (>1000m dari Desa)
Kendawangan,Danau Buntar,"Senin, 21 September 2026 00:49:00",NASA-SNPP,Medium,110.92429,-2.62317,False,False,True,False,False,True,Di Luar Area Pantauan (>1000m dari Desa)
Kendawangan,Danau Buntar,"Senin, 21 September 2026 00:49:00",NASA-SNPP,Medium,110.92361,-2.62733,False,False,True,False,False,True,Di Luar Area Pantauan (>1000m dari Desa)
Kendawangan,Seriam,"Senin, 21 September 2026 00:49:00",NASA-SNPP,Medium,110.44334,-2.56346,False,False,False,False,True,True,Di Luar Area Pantauan (>1000m dari Desa)
Matan Hilir Selatan,Pagar Mentimun,"Senin, 21 September 2026 00:49:00",NASA-SNPP,Medium,110.14861,-2.24241,False,False,True,False,False,True,Di Luar Area Pantauan (>1000m dari Desa)
Matan Hilir Selatan,Pagar Mentimun,"Senin, 21 September 2026 00:49:00",NASA-SNPP,Medium,110.15218,-2.24752,False,False,True,False,False,True,Di Luar Area Pantauan (>1000m dari Desa)
Kendawangan,Mekar Utama,"Senin, 21 September 2026 00:49:00",NASA-SNPP,Medium,110.22406,-2.28624,False,False,False,False,False,False,Di Luar Area Pantauan (>1000m dari Desa)
Kendawangan,Mekar Utama,"Senin, 21 September 2026 00:49:00",NASA-SNPP,Medium,110.22334,-2.29062,False,False,False,False,False,False,Di Luar Area Pantauan (>1000m dari Desa)
Kendawangan,Mekar Utama,"Senin, 21 September 2026 00:49:00",NASA-SNPP,Medium,110.22263,-2.29501,False,False,False,False,False,False,Di Luar Area Pantauan (>1000m dari Desa)
Matan Hilir Selatan,Sungai Pelang,"Senin, 21 September 2026 00:49:00",NASA-SNPP,Medium,110.22384,-1.85076,False,False,True,True,False,True,Di Luar Area Pantauan (>1000m dari Desa)
Matan Hilir Selatan,Sungai Pelang,"Senin, 21 September 2026 00:49:00",NASA-SNPP,Medium,110.22811,-1.85145,False,False,True,True,False,True,Di Luar Area Pantauan (>1000m dari Desa)
Matan Hilir Selatan,Sungai Pelang,"Senin, 21 September 2026 00:49:00",NASA-SNPP,Medium,110.21956,-1.85007,False,False,True,True,False,True,Di Luar Area Pantauan (>1000m dari Desa)
Ella Hilir,Bemban Permai,"Senin, 21 September 2026 00:49:00",NASA-SNPP,Medium,112.02688,-0.53286,False,False,False,False,True,True,Di Luar Area Pantauan (>1000m dari Desa)
Ella Hilir,Nanga Nyuruh,"Senin, 21 September 2026 00:49:00",NASA-SNPP,Medium,112.10287,-0.54482,False,False,False,False,False,False,Di Luar Area Pantauan (>1000m dari Desa)
Ella Hilir,Nanga Nyuruh,"Senin, 21 September 2026 00:49:00",NASA-SNPP,Medium,112.03256,-0.52967,False,False,False,False,True,True,Di Luar Area Pantauan (>1000m dari Desa)
Ella Hilir,Nanga Nyuruh,"Senin, 21 September 2026 00:49:00",NASA-SNPP,Medium,112.0322,-0.5337,False,False,False,False,True,True,Di Luar Area Pantauan (>1000m dari Desa)
Ella Hilir,Nanga Nyuruh,"Senin, 21 September 2026 00:49:00",NASA-SNPP,Medium,112.09541,-0.55993,False,False,False,False,True,True,Di Luar Area Pantauan (>1000m dari Desa)
Ella Hilir,Perembang Nyuruh,"Senin, 21 September 2026 00:49:00",NASA-SNPP,Medium,112.14255,-0.58215,False,False,False,False,False,False,Di Luar Area Pantauan (>1000m dari Desa)
Pinoh Selatan,Nyanggai,"Senin, 21 September 2026 00:49:00",NASA-SNPP,Medium,111.81148,-0.55736,False,False,False,False,False,False,Di Luar Area Pantauan (>1000m dari Desa)
Ella Hilir,Nyanggau,"Senin, 21 September 2026 00:49:00",NASA-SNPP,Medium,112.12672,-0.52825,False,False,False,False,False,False,Di Luar Area Pantauan (>1000m dari Desa)
Belimbing,Nanga Entebah,"Senin, 21 September 2026 00:49:00",NASA-SNPP,Medium,111.36623,-0.41193,False,False,True,False,False,True,Di Luar Area Pantauan (>1000m dari Desa)
Ella Hilir,Kahiya,"Senin, 21 September 2026 00:49:00",NASA-SNPP,Medium,111.97623,-0.60844,False,False,False,False,True,True,Di Luar Area Pantauan (>1000m dari Desa)
Pinoh Utara,Tekelak,"Senin, 21 September 2026 00:49:00",NASA-SNPP,Medium,111.73806,-0.29622,False,False,False,False,False,False,Di Luar Area Pantauan (>1000m dari Desa)
Pinoh Selatan,Pelinggang,"Senin, 21 September 2026 00:49:00",NASA-SNPP,Medium,111.80756,-0.41571,False,False,False,False,False,False,Di Luar Area Pantauan (>1000m dari Desa)
Ella Hilir,Nyanggau,"Senin, 21 September 2026 00:49:00",NASA-SNPP,Medium,112.13631,-0.53383,False,False,False,False,False,False,Di Luar Area Pantauan (>1000m dari Desa)
Ella Hilir,Nanga Nyuruh,"Senin, 21 September 2026 00:49:00",NASA-SNPP,Medium,112.03297,-0.52565,False,False,False,False,True,True,Di Luar Area Pantauan (>1000m dari Desa)
Ella Hilir,Bemban Permai,"Senin, 21 September 2026 00:49:00",NASA-SNPP,Medium,112.02717,-0.52882,False,False,False,False,True,True,Di Luar Area Pantauan (>1000m dari Desa)
Belimbing,Nanga Entebah,"Senin, 21 September 2026 00:49:00",NASA-SNPP,Medium,111.37007,-0.41253,False,False,True,False,False,True,Di Luar Area Pantauan (>1000m dari Desa)
Belimbing,Upit,"Senin, 21 September 2026 00:49:00",NASA-SNPP,Medium,111.4653,-0.36804,False,False,False,False,False,False,Di Luar Area Pantauan (>1000m dari Desa)
Nanga Pinoh,Tanjung Sari,"Senin, 21 September 2026 00:49:00",NASA-SNPP,Medium,111.70616,-0.40415,False,False,False,False,False,False,Di Luar Area Pantauan (>1000m dari Desa)
Ella Hilir,Nanga Nyuruh,"Senin, 21 September 2026 00:49:00",NASA-SNPP,Medium,112.09132,-0.55522,False,False,False,False,True,True,Di Luar Area Pantauan (>1000m dari Desa)
Ella Hilir,Perembang Nyuruh,"Senin, 21 September 2026 00:49:00",NASA-SNPP,Medium,112.15274,-0.56482,False,False,False,False,False,False,Di Luar Area Pantauan (>1000m dari Desa)
Ella Hilir,Nanga Nyuruh,"Senin, 21 September 2026 00:49:00",NASA-SNPP,Medium,112.08632,-0.55443,False,False,False,False,True,True,Di Luar Area Pantauan (>1000m dari Desa)
Ella Hilir,Nanga Nyuruh,"Senin, 21 September 2026 00:49:00",NASA-SNPP,Medium,112.10232,-0.5488,False,False,False,False,True,True,Di Luar Area Pantauan (>1000m dari Desa)
Ella Hilir,Nanga Nyuruh,"Senin, 21 September 2026 00:49:00",NASA-SNPP,Medium,112.08517,-0.55833,False,False,False,False,True,True,Di Luar Area Pantauan (>1000m dari Desa)
Sayan,Landau Sandak,"Senin, 21 September 2026 00:49:00",NASA-SNPP,Medium,111.69131,-0.82891,False,False,False,False,False,False,Di Luar Area Pantauan (>1000m dari Desa)
Sayan,Madya Raya,"Senin, 21 September 2026 00:49:00",NASA-SNPP,Medium,111.6442,-0.87491,False,False,False,False,True,True,Di Luar Area Pantauan (>1000m dari Desa)
Kayan Hulu,Nanga Masau,"Senin, 21 September 2026 00:49:00",NASA-SNPP,Medium,112.31831,-0.19462,False,False,False,False,True,True,Di Luar Area Pantauan (>1000m dari Desa)
Pinoh Utara,Tengkajau,"Senin, 21 September 2026 00:49:00",NASA-SNPP,Medium,111.73742,-0.23404,False,False,False,False,False,False,Di Luar Area Pantauan (>1000m dari Desa)
Kayan Hulu,Nanga Masau,"Senin, 21 September 2026 00:49:00",NASA-SNPP,Medium,112.31805,-0.19862,False,False,False,False,True,True,Di Luar Area Pantauan (>1000m dari Desa)
Sekadau Hilir,Sungai Kunyit,"Senin, 21 September 2026 00:49:00",NASA-SNPP,Medium,110.82034,0.07389,False,False,False,False,False,False,Di Luar Area Pantauan (>1000m dari Desa)
Pinoh Utara,Melawi Kiri Hilir,"Senin, 21 September 2026 00:49:00",NASA-SNPP,Medium,111.73914,-0.2929,False,False,False,True,False,True,Di Luar Area Pantauan (>1000m dari Desa)
Pinoh Utara,Manding,"Senin, 21 September 2026 00:49:00",NASA-SNPP,Medium,111.80264,-0.28611,False,False,True,False,False,True,Di Luar Area Pantauan (>1000m dari Desa)
Pinoh Utara,Tekelak,"Senin, 21 September 2026 00:49:00",NASA-SNPP,Medium,111.73849,-0.29699,False,False,False,False,False,False,Di Luar Area Pantauan (>1000m dari Desa)
Pinoh Utara,Tengkajau,"Senin, 21 September 2026 00:49:00",NASA-SNPP,Medium,111.73677,-0.23812,False,False,False,False,False,False,Di Luar Area Pantauan (>1000m dari Desa)
Pinoh Utara,Manding,"Senin, 21 September 2026 00:49:00",NASA-SNPP,Medium,111.80328,-0.28205,False,False,True,False,False,True,Di Luar Area Pantauan (>1000m dari Desa)
Matan Hilir Utara,Lamon Satong,"Senin, 21 September 2026 00:49:00",NASA-SNPP,Medium,110.24825,-1.28864,False,False,True,False,True,True,Di Luar Area Pantauan (>1000m dari Desa)
Matan Hilir Utara,Lamon Satong,"Senin, 21 September 2026 00:49:00",NASA-SNPP,Medium,110.25269,-1.28935,False,False,True,False,True,True,Di Luar Area Pantauan (>1000m dari Desa)
Matan Hilir Utara,Lamon Satong,"Senin, 21 September 2026 00:49:00",NASA-SNPP,Medium,110.24823,-1.32511,False,False,True,False,True,True,Di Luar Area Pantauan (>1000m dari Desa)
Sungai Melayu Rayak,Makmur Abadi,"Senin, 21 September 2026 00:49:00",NASA-SNPP,Medium,110.22722,-1.73879,False,False,True,True,False,True,Di Luar Area Pantauan (>1000m dari Desa)
Sungai Melayu Rayak,Makmur Abadi,"Senin, 21 September 2026 00:49:00",NASA-SNPP,Medium,110.23152,-1.73948,False,False,True,True,False,True,Di Luar Area Pantauan (>1000m dari Desa)
Tempunak,Benua Kencana,"Senin, 21 September 2026 00:49:00",NASA-SNPP,Medium,111.36561,-0.33426,False,False,False,False,False,False,Di Luar Area Pantauan (>1000m dari Desa)
Pinoh Selatan,Pelinggang,"Senin, 21 September 2026 00:49:00",NASA-SNPP,Medium,111.80897,-0.40761,False,False,False,False,False,False,Di Luar Area Pantauan (>1000m dari Desa)
Ella Hilir,Nyanggau,"Senin, 21 September 2026 00:49:00",NASA-SNPP,Medium,112.13187,-0.52906,False,False,False,False,False,False,Di Luar Area Pantauan (>1000m dari Desa)
Matan Hilir Utara,Lamon Satong,"Senin, 21 September 2026 00:49:00",NASA-SNPP,Medium,110.20655,-1.39897,False,False,False,True,False,True,Di Luar Area Pantauan (>1000m dari Desa)
Ella Hilir,Nanga Nyuruh,"Senin, 21 September 2026 00:49:00",NASA-SNPP,Medium,112.03185,-0.53773,False,False,False,False,True,True,Di Luar Area Pantauan (>1000m dari Desa)
Pinoh Selatan,Pelinggang,"Senin, 21 September 2026 00:49:00",NASA-SNPP,Medium,111.80827,-0.41166,False,False,False,False,False,False,Di Luar Area Pantauan (>1000m dari Desa)
Pinoh Selatan,Pelinggang,"Senin, 21 September 2026 00:49:00",NASA-SNPP,Medium,111.80803,-0.41536,False,False,False,False,False,False,Di Luar Area Pantauan (>1000m dari Desa)
Belimbing,Upit,"Senin, 21 September 2026 00:49:00",NASA-SNPP,Medium,111.46471,-0.36674,False,False,False,False,False,False,Di Luar Area Pantauan (>1000m dari Desa)
Nanga Tayap,Simpang Tiga Sembelangaan,"Senin, 21 September 2026 00:49:00",NASA-SNPP,Medium,110.35699,-1.49454,False,False,False,False,True,True,Di Luar Area Pantauan (>1000m dari Desa)
Nanga Tayap,Betenung,"Senin, 21 September 2026 00:49:00",NASA-SNPP,Medium,110.80206,-1.56751,False,False,True,False,False,True,Di Luar Area Pantauan (>1000m dari Desa)
Nanga Tayap,Betenung,"Senin, 21 September 2026 00:49:00",NASA-SNPP,Medium,110.80993,-1.5688,False,False,True,False,False,True,Di Luar Area Pantauan (>1000m dari Desa)
Muara Pawan,Ulak Medang,"Senin, 21 September 2026 00:49:00",NASA-SNPP,Medium,110.25146,-1.51359,False,False,True,True,False,True,Di Luar Area Pantauan (>1000m dari Desa)
Muara Pawan,Ulak Medang,"Senin, 21 September 2026 00:49:00",NASA-SNPP,Medium,110.28517,-1.52357,False,False,True,True,False,True,Di Luar Area Pantauan (>1000m dari Desa)
Matan Hilir Utara,Lamon Satong,"Senin, 21 September 2026 00:49:00",NASA-SNPP,Medium,110.20671,-1.51548,False,False,True,True,False,True,Di Luar Area Pantauan (>1000m dari Desa)
Muara Pawan,Ulak Medang,"Senin, 21 September 2026 00:49:00",NASA-SNPP,Medium,110.2486,-1.5313,False,False,True,True,False,True,Di Luar Area Pantauan (>1000m dari Desa)
Muara Pawan,Ulak Medang,"Senin, 21 September 2026 00:49:00",NASA-SNPP,Medium,110.25076,-1.51802,False,False,True,True,False,True,Di Luar Area Pantauan (>1000m dari Desa)
Muara Pawan,Ulak Medang,"Senin, 21 September 2026 00:49:00",NASA-SNPP,Medium,110.25939,-1.51941,False,False,True,True,False,True,Di Luar Area Pantauan (>1000m dari Desa)
Muara Pawan,Ulak Medang,"Senin, 21 September 2026 00:49:00",NASA-SNPP,Medium,110.2378,-1.51593,False,False,True,True,False,True,Di Luar Area Pantauan (>1000m dari Desa)
Muara Pawan,Ulak Medang,"Senin, 21 September 2026 00:49:00",NASA-SNPP,Medium,110.23708,-1.52036,False,False,True,True,False,True,Di Luar Area Pantauan (>1000m dari Desa)
Muara Pawan,Ulak Medang,"Senin, 21 September 2026 00:49:00",NASA-SNPP,Medium,110.24141,-1.52106,False,False,True,True,False,True,Di Luar Area Pantauan (>1000m dari Desa)
Muara Pawan,Ulak Medang,"Senin, 21 September 2026 00:49:00",NASA-SNPP,Medium,110.24574,-1.52175,False,False,True,True,False,True,Di Luar Area Pantauan (>1000m dari Desa)
Muara Pawan,Ulak Medang,"Senin, 21 September 2026 00:49:00",NASA-SNPP,Medium,110.25005,-1.52245,False,False,True,True,False,True,Di Luar Area Pantauan (>1000m dari Desa)
Muara Pawan,Ulak Medang,"Senin, 21 September 2026 00:49:00",NASA-SNPP,Medium,110.23276,-1.51967,False,False,True,True,False,True,Di Luar Area Pantauan (>1000m dari Desa)
Matan Hilir Utara,Kuala Tolak,"Senin, 21 September 2026 00:49:00",NASA-SNPP,Medium,110.11703,-1.51481,False,False,True,False,False,True,Di Luar Area Pantauan (>1000m dari Desa)
Matan Hilir Utara,Tanjung Baik Budi,"Senin, 21 September 2026 00:49:00",NASA-SNPP,Medium,110.17692,-1.53351,False,False,True,True,False,True,Di Luar Area Pantauan (>1000m dari Desa)
Nanga Tayap,Lembah Hijau Satu,"Senin, 21 September 2026 00:49:00",NASA-SNPP,Medium,110.49422,-1.59296,False,False,False,False,False,False,Di Luar Area Pantauan (>1000m dari Desa)
Nanga Tayap,Sungai Kelik,"Senin, 21 September 2026 00:49:00",NASA-SNPP,Medium,110.31355,-1.56431,False,False,True,True,False,True,Di Luar Area Pantauan (>1000m dari Desa)
Matan Hilir Utara,Tanjung Baik Budi,"Senin, 21 September 2026 00:49:00",NASA-SNPP,Medium,110.15729,-1.5441,False,False,True,True,False,True,Di Luar Area Pantauan (>1000m dari Desa)
Nanga Tayap,Lembah Hijau Satu,"Senin, 21 September 2026 00:49:00",NASA-SNPP,Medium,110.47763,-1.59033,False,False,True,False,False,True,Di Luar Area Pantauan (>1000m dari Desa)
Nanga Tayap,Lembah Hijau Dua,"Senin, 21 September 2026 00:49:00",NASA-SNPP,Medium,110.47347,-1.58967,False,False,True,False,False,True,Di Luar Area Pantauan (>1000m dari Desa)
Matan Hilir Utara,Tanjung Baik Budi,"Senin, 21 September 2026 00:49:00",NASA-SNPP,Medium,110.14051,-1.53687,False,False,True,True,False,True,Di Luar Area Pantauan (>1000m dari Desa)
Nanga Tayap,Lembah Hijau Dua,"Senin, 21 September 2026 00:49:00",NASA-SNPP,Medium,110.46931,-1.58901,False,False,False,False,False,False,Di Luar Area Pantauan (>1000m dari Desa)
Nanga Tayap,Lembah Hijau Dua,"Senin, 21 September 2026 00:49:00",NASA-SNPP,Medium,110.46516,-1.58835,False,False,False,False,False,False,Di Luar Area Pantauan (>1000m dari Desa)
Matan Hilir Utara,Tanjung Baik Budi,"Senin, 21 September 2026 00:49:00",NASA-SNPP,Medium,110.14419,-1.54202,False,False,True,True,False,True,Di Luar Area Pantauan (>1000m dari Desa)
Nanga Tayap,Sungai Kelik,"Senin, 21 September 2026 00:49:00",NASA-SNPP,Medium,110.3093,-1.56363,False,False,True,True,False,True,Di Luar Area Pantauan (>1000m dari Desa)
Nanga Tayap,Lembah Hijau Satu,"Senin, 21 September 2026 00:49:00",NASA-SNPP,Medium,110.48179,-1.59099,False,False,True,False,False,True,Di Luar Area Pantauan (>1000m dari Desa)
Nanga Tayap,Lembah Hijau Satu,"Senin, 21 September 2026 00:49:00",NASA-SNPP,Medium,110.48593,-1.59165,False,False,True,False,False,True,Di Luar Area Pantauan (>1000m dari Desa)
Nanga Tayap,Lembah Hijau Satu,"Senin, 21 September 2026 00:49:00",NASA-SNPP,Medium,110.49008,-1.59231,False,False,True,False,False,True,Di Luar Area Pantauan (>1000m dari Desa)
Muara Pawan,Ulak Medang,"Senin, 21 September 2026 00:49:00",NASA-SNPP,Medium,110.30431,-1.56736,False,False,True,True,False,True,Di Luar Area Pantauan (>1000m dari Desa)
Matan Hilir Utara,Tanjung Baik Budi,"Senin, 21 September 2026 00:49:00",NASA-SNPP,Medium,110.13612,-1.53617,False,False,True,True,False,True,Di Luar Area Pantauan (>1000m dari Desa)
Matan Hilir Utara,Kuala Tolak,"Senin, 21 September 2026 00:49:00",NASA-SNPP,Medium,110.15878,-1.48032,False,False,True,True,False,True,Di Luar Area Pantauan (>1000m dari Desa)
Nanga Tayap,Simpang Tiga Sembelangaan,"Senin, 21 September 2026 00:49:00",NASA-SNPP,Medium,110.33823,-1.41569,False,False,True,False,True,True,Di Luar Area Pantauan (>1000m dari Desa)
Nanga Tayap,Nanga Tayap,"Senin, 21 September 2026 00:49:00",NASA-SNPP,Medium,110.64196,-1.48246,False,False,False,False,False,False,Di Luar Area Pantauan (>1000m dari Desa)
Nanga Tayap,Nanga Tayap,"Senin, 21 September 2026 00:49:00",NASA-SNPP,Medium,110.6358,-1.49475,False,False,False,False,False,False,Di Luar Area Pantauan (>1000m dari Desa)
Nanga Tayap,Betenung,"Senin, 21 September 2026 00:49:00",NASA-SNPP,Medium,110.83905,-1.56202,False,False,True,False,False,True,Di Luar Area Pantauan (>1000m dari Desa)
Nanga Tayap,Betenung,"Senin, 21 September 2026 00:49:00",NASA-SNPP,Medium,110.80747,-1.55965,False,False,True,False,False,True,Di Luar Area Pantauan (>1000m dari Desa)
Nanga Tayap,Betenung,"Senin, 21 September 2026 00:49:00",NASA-SNPP,Medium,110.84361,-1.56123,False,False,True,False,False,True,Di Luar Area Pantauan (>1000m dari Desa)
Nanga Tayap,Betenung,"Senin, 21 September 2026 00:49:00",NASA-SNPP,Medium,110.81143,-1.5603,False,False,True,False,False,True,Di Luar Area Pantauan (>1000m dari Desa)
Nanga Tayap,Betenung,"Senin, 21 September 2026 00:49:00",NASA-SNPP,Medium,110.81065,-1.56454,False,False,True,False,False,True,Di Luar Area Pantauan (>1000m dari Desa)
Nanga Tayap,Betenung,"Senin, 21 September 2026 00:49:00",NASA-SNPP,Medium,110.80599,-1.56815,False,False,True,False,False,True,Di Luar Area Pantauan (>1000m dari Desa)
Muara Pawan,Ulak Medang,"Senin, 21 September 2026 00:49:00",NASA-SNPP,Medium,110.25509,-1.51871,False,False,True,True,False,True,Di Luar Area Pantauan (>1000m dari Desa)
Muara Pawan,Ulak Medang,"Senin, 21 September 2026 00:49:00",NASA-SNPP,Medium,110.28945,-1.52425,False,False,True,True,False,True,Di Luar Area Pantauan (>1000m dari Desa)
Matan Hilir Utara,Kuala Tolak,"Senin, 21 September 2026 00:49:00",NASA-SNPP,Medium,110.14781,-1.46479,False,False,True,True,False,True,Di Luar Area Pantauan (>1000m dari Desa)
Matan Hilir Utara,Kuala Tolak,"Senin, 21 September 2026 00:49:00",NASA-SNPP,Medium,110.15514,-1.47515,False,False,True,True,False,True,Di Luar Area Pantauan (>1000m dari Desa)
Muara Pawan,Ulak Medang,"Senin, 21 September 2026 00:49:00",NASA-SNPP,Medium,110.27515,-1.53102,False,False,True,True,False,True,Di Luar Area Pantauan (>1000m dari Desa)
Muara Pawan,Ulak Medang,"Senin, 21 September 2026 00:49:00",NASA-SNPP,Medium,110.27087,-1.53033,False,False,True,True,False,True,Di Luar Area Pantauan (>1000m dari Desa)
Muara Pawan,Ulak Medang,"Senin, 21 September 2026 00:49:00",NASA-SNPP,Medium,110.24501,-1.52618,False,False,True,True,False,True,Di Luar Area Pantauan (>1000m dari Desa)
Muara Pawan,Ulak Medang,"Senin, 21 September 2026 00:49:00",NASA-SNPP,Medium,110.27872,-1.53613,False,False,True,True,False,True,Di Luar Area Pantauan (>1000m dari Desa)
Nanga Tayap,Lembah Hijau Satu,"Senin, 21 September 2026 00:49:00",NASA-SNPP,Medium,110.50186,-1.57187,False,False,False,False,False,False,Di Luar Area Pantauan (>1000m dari Desa)
Matan Hilir Utara,Tanjung Baik Budi,"Senin, 21 September 2026 00:49:00",NASA-SNPP,Medium,110.17622,-1.53796,False,False,True,True,False,True,Di Luar Area Pantauan (>1000m dari Desa)
Matan Hilir Utara,Tanjung Baik Budi,"Senin, 21 September 2026 00:49:00",NASA-SNPP,Medium,110.18134,-1.53421,False,False,True,True,False,True,Di Luar Area Pantauan (>1000m dari Desa)
Matan Hilir Utara,Tanjung Baik Budi,"Senin, 21 September 2026 00:49:00",NASA-SNPP,Medium,110.19006,-1.5356,False,False,True,True,False,True,Di Luar Area Pantauan (>1000m dari Desa)
Matan Hilir Utara,Tanjung Baik Budi,"Senin, 21 September 2026 00:49:00",NASA-SNPP,Medium,110.1857,-1.53491,False,False,True,True,False,True,Di Luar Area Pantauan (>1000m dari Desa)
Nanga Tayap,Lembah Hijau Satu,"Senin, 21 September 2026 00:49:00",NASA-SNPP,Medium,110.47904,-1.58162,False,False,False,False,False,False,Di Luar Area Pantauan (>1000m dari Desa)
Matan Hilir Utara,Tanjung Baik Budi,"Senin, 21 September 2026 00:49:00",NASA-SNPP,Medium,110.19515,-1.53186,False,False,True,True,False,True,Di Luar Area Pantauan (>1000m dari Desa)
Matan Hilir Utara,Kuala Tolak,"Senin, 21 September 2026 00:49:00",NASA-SNPP,Medium,110.10382,-1.51269,False,False,False,False,False,False,Di Luar Area Pantauan (>1000m dari Desa)
Sandai,Sandai,"Senin, 21 September 2026 00:49:00",NASA-SNPP,Medium,110.5631,-1.27658,False,False,False,False,False,False,Di Luar Area Pantauan (>1000m dari Desa)
Sayan,Madya Raya,"Senin, 21 September 2026 00:49:00",NASA-SNPP,Medium,111.64075,-0.87436,False,False,False,False,True,True,Di Luar Area Pantauan (>1000m dari Desa)
Sayan,Madya Raya,"Senin, 21 September 2026 00:49:00",NASA-SNPP,Medium,111.64838,-0.8714,False,False,False,False,False,False,Di Luar Area Pantauan (>1000m dari Desa)
Nanga Tayap,Lembah Hijau Dua,"Senin, 21 September 2026 00:49:00",NASA-SNPP,Medium,110.45126,-1.5951,False,False,False,False,False,False,Di Luar Area Pantauan (>1000m dari Desa)
Nanga Tayap,Lembah Hijau Dua,"Senin, 21 September 2026 00:49:00",NASA-SNPP,Medium,110.48448,-1.60035,False,False,False,False,False,False,Di Luar Area Pantauan (>1000m dari Desa)
Nanga Tayap,Lembah Hijau Dua,"Senin, 21 September 2026 00:49:00",NASA-SNPP,Medium,110.49277,-1.60166,False,False,False,False,False,False,Di Luar Area Pantauan (>1000m dari Desa)
Nanga Tayap,Lembah Hijau Dua,"Senin, 21 September 2026 00:49:00",NASA-SNPP,Medium,110.46788,-1.59772,False,False,True,False,False,True,Di Luar Area Pantauan (>1000m dari Desa)
Matan Hilir Utara,Tanjung Baik Budi,"Senin, 21 September 2026 00:49:00",NASA-SNPP,Medium,110.15845,-1.54713,False,False,False,True,False,True,Di Luar Area Pantauan (>1000m dari Desa)
Matan Hilir Utara,Tanjung Baik Budi,"Senin, 21 September 2026 00:49:00",NASA-SNPP,Medium,110.17588,-1.55003,False,False,True,True,False,True,Di Luar Area Pantauan (>1000m dari Desa)
Muara Pawan,Ulak Medang,"Senin, 21 September 2026 00:49:00",NASA-SNPP,Medium,110.30362,-1.58027,False,False,True,True,False,True,Di Luar Area Pantauan (>1000m dari Desa)
Muara Pawan,Tanjung Pura,"Senin, 21 September 2026 00:49:00",NASA-SNPP,Medium,110.15744,-1.6774,False,False,True,True,False,True,Di Luar Area Pantauan (>1000m dari Desa)
Sungai Melayu Rayak,Makmur Abadi,"Senin, 21 September 2026 00:49:00",NASA-SNPP,Medium,110.2729,-1.70092,False,False,True,True,False,True,Di Luar Area Pantauan (>1000m dari Desa)
Muara Pawan,Ulak Medang,"Senin, 21 September 2026 00:49:00",NASA-SNPP,Medium,110.29501,-1.57042,False,False,True,True,False,True,Di Luar Area Pantauan (>1000m dari Desa)
Matan Hilir Utara,Tanjung Baik Budi,"Senin, 21 September 2026 00:49:00",NASA-SNPP,Medium,110.17033,-1.54616,False,False,False,True,False,True,Di Luar Area Pantauan (>1000m dari Desa)
Nanga Tayap,Lembah Hijau Dua,"Senin, 21 September 2026 00:49:00",NASA-SNPP,Medium,110.48521,-1.596,False,False,True,False,False,True,Di Luar Area Pantauan (>1000m dari Desa)
Nanga Tayap,Lembah Hijau Dua,"Senin, 21 September 2026 00:49:00",NASA-SNPP,Medium,110.48106,-1.59534,False,False,True,False,False,True,Di Luar Area Pantauan (>1000m dari Desa)
Nanga Tayap,Lembah Hijau Dua,"Senin, 21 September 2026 00:49:00",NASA-SNPP,Medium,110.47691,-1.59468,False,False,False,False,False,False,Di Luar Area Pantauan (>1000m dari Desa)
Matan Hilir Utara,Tanjung Baik Budi,"Senin, 21 September 2026 00:49:00",NASA-SNPP,Medium,110.16091,-1.54924,False,False,False,True,False,True,Di Luar Area Pantauan (>1000m dari Desa)
Nanga Tayap,Sungai Kelik,"Senin, 21 September 2026 00:49:00",NASA-SNPP,Medium,110.31134,-1.57752,False,False,False,False,False,False,Di Luar Area Pantauan (>1000m dari Desa)
Matan Hilir Utara,Tanjung Baik Budi,"Senin, 21 September 2026 00:49:00",NASA-SNPP,Medium,110.16018,-1.55369,False,False,False,True,False,True,Di Luar Area Pantauan (>1000m dari Desa)
Matan Hilir Utara,Tanjung Baik Budi,"Senin, 21 September 2026 00:49:00",NASA-SNPP,Medium,110.16643,-1.55303,False,False,True,True,False,True,Di Luar Area Pantauan (>1000m dari Desa)
Nanga Tayap,Lembah Hijau Dua,"Senin, 21 September 2026 00:49:00",NASA-SNPP,Medium,110.48135,-1.60069,False,False,False,False,False,False,Di Luar Area Pantauan (>1000m dari Desa)
Nanga Tayap,Lembah Hijau Dua,"Senin, 21 September 2026 00:49:00",NASA-SNPP,Medium,110.4855,-1.60138,False,False,False,False,False,False,Di Luar Area Pantauan (>1000m dari Desa)
Nanga Tayap,Siantau Raya,"Senin, 21 September 2026 00:49:00",NASA-SNPP,Medium,110.48476,-1.60573,False,False,False,False,False,False,Di Luar Area Pantauan (>1000m dari Desa)
Tumbang Titi,Beringin Rayo,"Senin, 21 September 2026 00:49:00",NASA-SNPP,Medium,110.81384,-1.70374,False,False,True,False,False,True,Di Luar Area Pantauan (>1000m dari Desa)
Nanga Tayap,Sungai Kelik,"Senin, 21 September 2026 00:49:00",NASA-SNPP,Medium,110.33527,-1.62611,False,False,False,False,False,False,Di Luar Area Pantauan (>1000m dari Desa)
Nanga Tayap,Sungai Kelik,"Senin, 21 September 2026 00:49:00",NASA-SNPP,Medium,110.33601,-1.62172,False,False,False,False,False,False,Di Luar Area Pantauan (>1000m dari Desa)
Nanga Tayap,Sungai Kelik,"Senin, 21 September 2026 00:49:00",NASA-SNPP,Medium,110.33951,-1.62679,False,False,False,False,False,False,Di Luar Area Pantauan (>1000m dari Desa)
Sungai Melayu Rayak,Makmur Abadi,"Senin, 21 September 2026 00:49:00",NASA-SNPP,Medium,110.26998,-1.69139,False,False,False,False,False,False,Di Luar Area Pantauan (>1000m dari Desa)
Jelai Hulu,Pasir Mayang,"Senin, 21 September 2026 00:49:00",NASA-SNPP,Medium,110.79372,-1.78198,False,False,False,False,False,False,Di Luar Area Pantauan (>1000m dari Desa)
Muara Pawan,Tanjung Pura,"Senin, 21 September 2026 00:49:00",NASA-SNPP,Medium,110.15311,-1.67668,False,False,True,True,False,True,Di Luar Area Pantauan (>1000m dari Desa)
Muara Pawan,Tanjung Pura,"Senin, 21 September 2026 00:49:00",NASA-SNPP,Medium,110.13644,-1.69679,False,False,True,True,False,True,Di Luar Area Pantauan (>1000m dari Desa)
Belimbing,Upit,"Senin, 21 September 2026 00:49:00",NASA-SNPP,Medium,111.46164,-0.36745,False,False,False,False,False,False,Di Luar Area Pantauan (>1000m dari Desa)
Nanga Pinoh,Tanjung Sari,"Senin, 21 September 2026 00:49:00",NASA-SNPP,Medium,111.70689,-0.40307,False,False,False,False,False,False,Di Luar Area Pantauan (>1000m dari Desa)
Belimbing,Upit,"Senin, 21 September 2026 00:49:00",NASA-SNPP,Medium,111.4609,-0.37158,False,False,False,False,False,False,Di Luar Area Pantauan (>1000m dari Desa)
Ella Hilir,Perembang Nyuruh,"Senin, 21 September 2026 00:49:00",NASA-SNPP,Medium,112.13759,-0.58135,False,False,False,False,False,False,Di Luar Area Pantauan (>1000m dari Desa)
Ella Hilir,Perembang Nyuruh,"Senin, 21 September 2026 00:49:00",NASA-SNPP,Medium,112.13922,-0.583,False,False,False,False,False,False,Di Luar Area Pantauan (>1000m dari Desa)
Pinoh Selatan,Pelinggang,"Senin, 21 September 2026 00:49:00",NASA-SNPP,Medium,111.8055,-0.40707,False,False,False,False,False,False,Di Luar Area Pantauan (>1000m dari Desa)
Tempunak,Sungai Buluh,"Senin, 21 September 2026 00:49:00",NASA-SNPP,Medium,111.27184,-0.26353,False,False,False,False,False,False,Di Luar Area Pantauan (>1000m dari Desa)
Pinoh Utara,Tengkajau,"Senin, 21 September 2026 00:49:00",NASA-SNPP,Medium,111.74036,-0.23869,False,False,False,False,False,False,Di Luar Area Pantauan (>1000m dari Desa)
Benua Kayong,Negeri Baru,"Senin, 21 September 2026 00:49:00",NASA-SNPP,Medium,110.23714,-1.78568,False,False,False,True,False,True,Di Luar Area Pantauan (>1000m dari Desa)
Simpang Hilir,Matan Jaya,"Senin, 21 September 2026 00:49:00",NASA-SNPP,Medium,110.34757,-1.24246,False,False,True,False,True,True,Di Luar Area Pantauan (>1000m dari Desa)
Kayan Hilir,Natai Tebedak,"Senin, 21 September 2026 00:49:00",NASA-SNPP,Medium,111.77785,-0.16204,False,False,False,False,False,False,Di Luar Area Pantauan (>1000m dari Desa)
Matan Hilir Selatan,Sungai Pelang,"Senin, 21 September 2026 00:49:00",NASA-SNPP,Medium,110.19447,-1.8415,False,False,False,True,False,True,Di Luar Area Pantauan (>1000m dari Desa)
Matan Hilir Selatan,Sungai Pelang,"Senin, 21 September 2026 00:49:00",NASA-SNPP,Medium,110.22458,-1.84635,False,False,True,True,False,True,Di Luar Area Pantauan (>1000m dari Desa)
Benua Kayong,Negeri Baru,"Senin, 21 September 2026 00:49:00",NASA-SNPP,Medium,110.16432,-1.80935,False,False,False,False,False,False,Di Luar Area Pantauan (>1000m dari Desa)
Jelai Hulu,Limpang,"Senin, 21 September 2026 00:49:00",NASA-SNPP,Medium,110.84601,-1.83832,False,False,True,False,False,True,Di Luar Area Pantauan (>1000m dari Desa)
Muara Pawan,Mayak,"Senin, 21 September 2026 00:49:00",NASA-SNPP,Medium,110.16468,-1.71506,False,False,True,True,False,True,Di Luar Area Pantauan (>1000m dari Desa)
Benua Kayong,Negeri Baru,"Senin, 21 September 2026 00:49:00",NASA-SNPP,Medium,110.2346,-1.78457,False,False,False,True,False,True,Di Luar Area Pantauan (>1000m dari Desa)
Jelai Hulu,Karang Dangin,"Senin, 21 September 2026 00:49:00",NASA-SNPP,Medium,110.90143,-1.90784,False,False,False,False,False,False,Di Luar Area Pantauan (>1000m dari Desa)
Jelai Hulu,Karang Dangin,"Senin, 21 September 2026 00:49:00",NASA-SNPP,Medium,110.89764,-1.90722,False,False,False,False,False,False,Di Luar Area Pantauan (>1000m dari Desa)
Benua Kayong,Negeri Baru,"Senin, 21 September 2026 00:49:00",NASA-SNPP,Medium,110.18516,-1.81729,False,False,False,True,False,True,Di Luar Area Pantauan (>1000m dari Desa)
Benua Kayong,Negeri Baru,"Senin, 21 September 2026 00:49:00",NASA-SNPP,Medium,110.11369,-1.84674,False,False,False,False,False,False,Di Luar Area Pantauan (>1000m dari Desa)
Matan Hilir Selatan,Sungai Besar,"Senin, 21 September 2026 00:49:00",NASA-SNPP,Medium,110.22171,-1.864,False,False,True,True,False,True,Di Luar Area Pantauan (>1000m dari Desa)
Matan Hilir Selatan,Sungai Pelang,"Senin, 21 September 2026 00:49:00",NASA-SNPP,Medium,110.20019,-1.86056,False,False,False,True,False,True,Di Luar Area Pantauan (>1000m dari Desa)
Matan Hilir Selatan,Sungai Besar,"Senin, 21 September 2026 00:49:00",NASA-SNPP,Medium,110.23026,-1.86537,False,False,True,True,False,True,Di Luar Area Pantauan (>1000m dari Desa)
Simpang Hilir,Lubuk Batu,"Senin, 21 September 2026 00:49:00",NASA-SNPP,Medium,110.10941,-0.93878,False,False,False,False,False,False,Di Luar Area Pantauan (>1000m dari Desa)
Kendawangan,Mekar Utama,"Senin, 21 September 2026 00:49:00",NASA-SNPP,Medium,110.22684,-2.29568,False,False,False,False,False,False,Di Luar Area Pantauan (>1000m dari Desa)
Matan Hilir Selatan,Sungai Besar,"Senin, 21 September 2026 00:49:00",NASA-SNPP,Medium,110.16505,-1.88676,False,False,True,True,False,True,Di Luar Area Pantauan (>1000m dari Desa)
Matan Hilir Selatan,Sungai Besar,"Senin, 21 September 2026 00:49:00",NASA-SNPP,Medium,110.16654,-1.89001,False,False,True,True,False,True,Di Luar Area Pantauan (>1000m dari Desa)
Matan Hilir Selatan,Sungai Besar,"Senin, 21 September 2026 00:49:00",NASA-SNPP,Medium,110.18801,-1.89356,False,False,True,True,False,True,Di Luar Area Pantauan (>1000m dari Desa)
Ella Hilir,Bemban Permai,"Senin, 21 September 2026 00:49:00",NASA-SNPP,Medium,112.02746,-0.52478,False,False,False,False,True,True,Di Luar Area Pantauan (>1000m dari Desa)
Matan Hilir Selatan,Sungai Besar,"Senin, 21 September 2026 00:49:00",NASA-SNPP,Medium,110.22739,-1.85586,False,False,True,True,False,True,Di Luar Area Pantauan (>1000m dari Desa)
Benua Kayong,Negeri Baru,"Senin, 21 September 2026 00:49:00",NASA-SNPP,Medium,110.10935,-1.84604,False,False,False,False,False,False,Di Luar Area Pantauan (>1000m dari Desa)
Jelai Hulu,Semantun,"Senin, 21 September 2026 00:49:00",NASA-SNPP,Medium,111.08472,-2.00188,False,False,True,False,False,True,Di Luar Area Pantauan (>1000m dari Desa)
Matan Hilir Selatan,Pematang Gadung,"Senin, 21 September 2026 00:49:00",NASA-SNPP,Medium,110.29217,-1.89725,False,False,False,True,False,True,Di Luar Area Pantauan (>1000m dari Desa)
Matan Hilir Selatan,Sungai Besar,"Senin, 21 September 2026 00:49:00",NASA-SNPP,Medium,110.2094,-1.8971,False,False,True,True,False,True,Di Luar Area Pantauan (>1000m dari Desa)
Matan Hilir Selatan,Pematang Gadung,"Senin, 21 September 2026 00:49:00",NASA-SNPP,Medium,110.21364,-1.92497,False,False,True,True,False,True,Di Luar Area Pantauan (>1000m dari Desa)
Jelai Hulu,Semantun,"Senin, 21 September 2026 00:49:00",NASA-SNPP,Medium,111.03838,-2.08079,False,False,False,False,False,False,Di Luar Area Pantauan (>1000m dari Desa)
Jelai Hulu,Semantun,"Senin, 21 September 2026 00:49:00",NASA-SNPP,Medium,111.04285,-2.07725,False,False,True,False,False,True,Di Luar Area Pantauan (>1000m dari Desa)
Jelai Hulu,Semantun,"Senin, 21 September 2026 00:49:00",NASA-SNPP,Medium,111.04805,-2.06956,False,False,False,False,False,False,Di Luar Area Pantauan (>1000m dari Desa)
Kendawangan,Mekar Utama,"Senin, 21 September 2026 00:49:00",NASA-SNPP,Medium,110.21844,-2.29433,False,False,False,False,False,False,Di Luar Area Pantauan (>1000m dari Desa)
Kendawangan,Banjar Sari,"Senin, 21 September 2026 00:49:00",NASA-SNPP,Medium,110.44743,-2.34881,False,False,False,False,False,False,Di Luar Area Pantauan (>1000m dari Desa)
Kendawangan,Banjar Sari,"Senin, 21 September 2026 00:49:00",NASA-SNPP,Medium,110.45152,-2.34946,False,False,False,False,False,False,Di Luar Area Pantauan (>1000m dari Desa)
Kendawangan,Mekar Utama,"Senin, 21 September 2026 00:49:00",NASA-SNPP,Medium,110.22479,-2.28186,False,False,False,False,False,False,Di Luar Area Pantauan (>1000m dari Desa)
Kendawangan,Mekar Utama,"Senin, 21 September 2026 00:49:00",NASA-SNPP,Medium,110.21914,-2.28994,False,False,True,False,False,True,Di Luar Area Pantauan (>1000m dari Desa)
Matan Hilir Selatan,Sungai Nanjung,"Senin, 21 September 2026 00:49:00",NASA-SNPP,Medium,110.24476,-2.15011,False,False,True,True,False,True,Di Luar Area Pantauan (>1000m dari Desa)
Matan Hilir Selatan,Sungai Nanjung,"Senin, 21 September 2026 00:49:00",NASA-SNPP,Medium,110.25315,-2.15148,False,False,False,False,False,False,Di Luar Area Pantauan (>1000m dari Desa)
Matan Hilir Selatan,Sungai Nanjung,"Senin, 21 September 2026 00:49:00",NASA-SNPP,Medium,110.2476,-2.15958,False,False,True,True,False,True,Di Luar Area Pantauan (>1000m dari Desa)
Matan Hilir Selatan,Sungai Nanjung,"Senin, 21 September 2026 00:49:00",NASA-SNPP,Medium,110.24409,-2.15451,False,False,True,True,False,True,Di Luar Area Pantauan (>1000m dari Desa)
Matan Hilir Selatan,Sungai Nanjung,"Senin, 21 September 2026 00:49:00",NASA-SNPP,Medium,110.17912,-2.12582,False,False,True,True,False,True,Di Luar Area Pantauan (>1000m dari Desa)
Kendawangan,Pangkalan Batu,"Senin, 21 September 2026 00:49:00",NASA-SNPP,Medium,110.37615,-2.15819,False,False,False,False,False,False,Di Luar Area Pantauan (>1000m dari Desa)
Matan Hilir Selatan,Sungai Nanjung,"Senin, 21 September 2026 00:49:00",NASA-SNPP,Medium,110.12834,-2.14017,False,False,False,True,False,True,Di Luar Area Pantauan (>1000m dari Desa)
Matan Hilir Selatan,Sungai Nanjung,"Senin, 21 September 2026 00:49:00",NASA-SNPP,Medium,110.25247,-2.15587,False,False,True,True,True,True,Di Luar Area Pantauan (>1000m dari Desa)
Matan Hilir Selatan,Sungai Nanjung,"Senin, 21 September 2026 00:49:00",NASA-SNPP,Medium,110.26863,-2.163,False,False,True,True,True,True,Di Luar Area Pantauan (>1000m dari Desa)
Matan Hilir Selatan,Sungai Nanjung,"Senin, 21 September 2026 00:49:00",NASA-SNPP,Medium,110.25668,-2.15656,False,False,False,False,True,True,Di Luar Area Pantauan (>1000m dari Desa)
Kendawangan,Bangkal Serai,"Senin, 21 September 2026 00:49:00",NASA-SNPP,Medium,110.51821,-2.43238,False,False,False,False,False,False,Di Luar Area Pantauan (>1000m dari Desa)
Manis Mata,Ratu Elok,"Senin, 21 September 2026 00:49:00",NASA-SNPP,Medium,111.03776,-2.53767,False,False,False,False,False,False,Di Luar Area Pantauan (>1000m dari Desa)
Manis Mata,Sungai Buluh,"Senin, 21 September 2026 00:49:00",NASA-SNPP,Medium,111.07323,-2.55182,False,False,False,False,False,False,Di Luar Area Pantauan (>1000m dari Desa)
Kendawangan,Seriam,"Senin, 21 September 2026 00:49:00",NASA-SNPP,Medium,110.44039,-2.5056,False,False,False,False,False,False,Di Luar Area Pantauan (>1000m dari Desa)
Marau,Rangkung,"Senin, 21 September 2026 00:49:00",NASA-SNPP,Medium,110.52712,-2.20944,False,False,False,False,False,False,Di Luar Area Pantauan (>1000m dari Desa)
Kendawangan,Banjar Sari,"Senin, 21 September 2026 00:49:00",NASA-SNPP,Medium,110.44885,-2.35037,False,False,False,False,False,False,Di Luar Area Pantauan (>1000m dari Desa)
Matan Hilir Selatan,Sungai Nanjung,"Senin, 21 September 2026 00:49:00",NASA-SNPP,Medium,110.23424,-2.16191,False,False,True,True,False,True,Di Luar Area Pantauan (>1000m dari Desa)
Matan Hilir Selatan,Pematang Gadung,"Senin, 21 September 2026 00:49:00",NASA-SNPP,Medium,110.1671,-1.99809,False,False,False,True,False,True,Di Luar Area Pantauan (>1000m dari Desa)
Kendawangan,Air Hitam Besar,"Senin, 21 September 2026 00:49:00",NASA-SNPP,Medium,110.68311,-2.6443,False,False,False,False,False,False,Di Luar Area Pantauan (>1000m dari Desa)
Kendawangan,Air Hitam Besar,"Senin, 21 September 2026 00:49:00",NASA-SNPP,Medium,110.68699,-2.64494,False,False,False,False,False,False,Di Luar Area Pantauan (>1000m dari Desa)
Kendawangan,Air Hitam Besar,"Senin, 21 September 2026 00:49:00",NASA-SNPP,Medium,110.68243,-2.64852,False,False,False,False,False,False,Di Luar Area Pantauan (>1000m dari Desa)
Kendawangan,Air Hitam Besar,"Senin, 21 September 2026 00:49:00",NASA-SNPP,Medium,110.68106,-2.65697,False,False,False,False,False,False,Di Luar Area Pantauan (>1000m dari Desa)
Kendawangan,Airhitam Hulu,"Senin, 21 September 2026 00:49:00",NASA-SNPP,Medium,110.60881,-2.65823,False,False,False,False,False,False,Di Luar Area Pantauan (>1000m dari Desa)
Kendawangan,Seriam,"Senin, 21 September 2026 00:49:00",NASA-SNPP,Medium,110.44669,-2.5684,False,False,False,False,True,True,Di Luar Area Pantauan (>1000m dari Desa)
Kendawangan,Seriam,"Senin, 21 September 2026 00:49:00",NASA-SNPP,Medium,110.43931,-2.56282,False,False,False,False,True,True,Di Luar Area Pantauan (>1000m dari Desa)
Kendawangan,Seriam,"Senin, 21 September 2026 00:49:00",NASA-SNPP,Medium,110.44266,-2.56776,False,False,False,False,True,True,Di Luar Area Pantauan (>1000m dari Desa)
Matan Hilir Selatan,Pagar Mentimun,"Senin, 21 September 2026 00:49:00",NASA-SNPP,Medium,110.1679,-2.20487,False,False,False,False,False,False,Di Luar Area Pantauan (>1000m dari Desa)
Matan Hilir Selatan,Pematang Gadung,"Senin, 21 September 2026 00:49:00",NASA-SNPP,Medium,110.31786,-1.97792,False,False,True,True,False,True,Di Luar Area Pantauan (>1000m dari Desa)
Matan Hilir Selatan,Pematang Gadung,"Senin, 21 September 2026 00:49:00",NASA-SNPP,Medium,110.27589,-1.97117,False,False,True,True,False,True,Di Luar Area Pantauan (>1000m dari Desa)
Manis Mata,Suka Ramai,"Senin, 21 September 2026 00:49:00",NASA-SNPP,Medium,110.99632,-2.77425,False,False,False,False,False,False,Di Luar Area Pantauan (>1000m dari Desa)
Kendawangan,Danau Buntar,"Senin, 21 September 2026 00:49:00",NASA-SNPP,Medium,110.96175,-2.777,False,False,False,False,False,False,Di Luar Area Pantauan (>1000m dari Desa)
Matan Hilir Selatan,Sungai Besar,"Senin, 21 September 2026 00:49:00",NASA-SNPP,Medium,110.23949,-1.86232,False,False,True,True,False,True,Di Luar Area Pantauan (>1000m dari Desa)
Kendawangan,Danau Buntar,"Senin, 21 September 2026 00:49:00",NASA-SNPP,Medium,110.9678,-2.78649,False,False,False,False,False,False,Di Luar Area Pantauan (>1000m dari Desa)
Kendawangan,Danau Buntar,"Senin, 21 September 2026 00:49:00",NASA-SNPP,Medium,110.97519,-2.78771,False,False,False,False,False,False,Di Luar Area Pantauan (>1000m dari Desa)
Kendawangan,Danau Buntar,"Senin, 21 September 2026 00:49:00",NASA-SNPP,Medium,110.97452,-2.79185,False,False,False,False,False,False,Di Luar Area Pantauan (>1000m dari Desa)
Kendawangan,Danau Buntar,"Senin, 21 September 2026 00:49:00",NASA-SNPP,Medium,110.97016,-2.79537,False,False,False,False,False,False,Di Luar Area Pantauan (>1000m dari Desa)
Kendawangan,Danau Buntar,"Senin, 21 September 2026 00:49:00",NASA-SNPP,Medium,110.95978,-2.78942,False,False,True,False,False,True,Di Luar Area Pantauan (>1000m dari Desa)
Kendawangan,Danau Buntar,"Senin, 21 September 2026 00:49:00",NASA-SNPP,Medium,110.97082,-2.79124,False,False,False,False,False,False,Di Luar Area Pantauan (>1000m dari Desa)
Kendawangan,Danau Buntar,"Senin, 21 September 2026 00:49:00",NASA-SNPP,Medium,110.96715,-2.79063,False,False,False,False,False,False,Di Luar Area Pantauan (>1000m dari Desa)
Kendawangan,Danau Buntar,"Senin, 21 September 2026 00:49:00",NASA-SNPP,Medium,110.95913,-2.79356,False,False,True,False,False,True,Di Luar Area Pantauan (>1000m dari Desa)
Kendawangan,Danau Buntar,"Senin, 21 September 2026 00:49:00",NASA-SNPP,Medium,110.96281,-2.79416,False,False,True,False,False,True,Di Luar Area Pantauan (>1000m dari Desa)
Kendawangan,Danau Buntar,"Senin, 21 September 2026 00:49:00",NASA-SNPP,Medium,110.9695,-2.79951,False,False,False,False,False,False,Di Luar Area Pantauan (>1000m dari Desa)
Kendawangan,Air Hitam Besar,"Senin, 21 September 2026 00:49:00",NASA-SNPP,Medium,110.74948,-2.77626,False,False,False,True,False,True,Di Luar Area Pantauan (>1000m dari Desa)
Kendawangan,Airhitam Hulu,"Senin, 21 September 2026 00:49:00",NASA-SNPP,Medium,110.62627,-2.67412,False,False,False,False,False,False,Di Luar Area Pantauan (>1000m dari Desa)
Manis Mata,Suka Ramai,"Senin, 21 September 2026 00:49:00",NASA-SNPP,Medium,111.04804,-2.75494,False,False,False,False,False,False,Di Luar Area Pantauan (>1000m dari Desa)
Kendawangan,Air Hitam Besar,"Senin, 21 September 2026 00:49:00",NASA-SNPP,Medium,110.654,-2.70031,False,False,False,False,False,False,Di Luar Area Pantauan (>1000m dari Desa)
Kendawangan,Seriam,"Senin, 21 September 2026 00:49:00",NASA-SNPP,Medium,110.36239,-2.6686,False,False,False,False,True,True,Di Luar Area Pantauan (>1000m dari Desa)
Manis Mata,Suka Ramai,"Senin, 21 September 2026 00:49:00",NASA-SNPP,Medium,111.00002,-2.77487,False,False,False,False,False,False,Di Luar Area Pantauan (>1000m dari Desa)
Kendawangan,Danau Buntar,"Senin, 21 September 2026 00:49:00",NASA-SNPP,Medium,110.97352,-2.7747,False,False,False,False,False,False,Di Luar Area Pantauan (>1000m dari Desa)
Kendawangan,Danau Buntar,"Senin, 21 September 2026 00:49:00",NASA-SNPP,Medium,110.9537,-2.77991,False,False,False,False,False,False,Di Luar Area Pantauan (>1000m dari Desa)
Matan Hilir Selatan,Pematang Gadung,"Senin, 21 September 2026 00:49:00",NASA-SNPP,Medium,110.29037,-1.8975,False,False,False,True,False,True,Di Luar Area Pantauan (>1000m dari Desa)
Matan Hilir Selatan,Sungai Besar,"Senin, 21 September 2026 00:49:00",NASA-SNPP,Medium,110.21671,-1.86773,False,False,True,True,False,True,Di Luar Area Pantauan (>1000m dari Desa)
Matan Hilir Selatan,Sungai Besar,"Senin, 21 September 2026 00:49:00",NASA-SNPP,Medium,110.2131,-1.8898,False,False,True,True,False,True,Di Luar Area Pantauan (>1000m dari Desa)
Matan Hilir Selatan,Sungai Besar,"Senin, 21 September 2026 00:49:00",NASA-SNPP,Medium,110.21382,-1.88539,False,False,True,True,False,True,Di Luar Area Pantauan (>1000m dari Desa)
Matan Hilir Selatan,Sungai Nanjung,"Senin, 21 September 2026 00:49:00",NASA-SNPP,Medium,110.18327,-2.15363,False,False,True,True,False,True,Di Luar Area Pantauan (>1000m dari Desa)
Kendawangan,Air Hitam Besar,"Senin, 21 September 2026 00:49:00",NASA-SNPP,Medium,110.76686,-2.81352,False,False,False,True,False,True,Di Luar Area Pantauan (>1000m dari Desa)
Kendawangan,Natai Kuini,"Senin, 21 September 2026 00:49:00",NASA-SNPP,Medium,110.85769,-2.82815,False,False,False,False,True,True,Di Luar Area Pantauan (>1000m dari Desa)
Matan Hilir Selatan,Sungai Nanjung,"Senin, 21 September 2026 00:49:00",NASA-SNPP,Medium,110.2756,-2.17311,False,False,True,True,True,True,Di Luar Area Pantauan (>1000m dari Desa)
Matan Hilir Selatan,Sungai Nanjung,"Senin, 21 September 2026 00:49:00",NASA-SNPP,Medium,110.18042,-2.17125,False,False,False,False,False,False,Di Luar Area Pantauan (>1000m dari Desa)
Marau,Rangkung,"Senin, 21 September 2026 00:49:00",NASA-SNPP,Medium,110.52307,-2.20878,False,False,False,False,False,False,Di Luar Area Pantauan (>1000m dari Desa)
Kendawangan,Sungai Jelayan,"Senin, 21 September 2026 00:49:00",NASA-SNPP,Medium,110.47244,-2.24667,False,False,False,False,False,False,Di Luar Area Pantauan (>1000m dari Desa)
Kendawangan,Pangkalan Batu,"Senin, 21 September 2026 00:49:00",NASA-SNPP,Medium,110.39075,-2.23304,False,False,False,False,False,False,Di Luar Area Pantauan (>1000m dari Desa)
Kendawangan,Natai Kuini,"Senin, 21 September 2026 00:49:00",NASA-SNPP,Medium,110.84264,-2.82573,False,False,False,False,True,True,Di Luar Area Pantauan (>1000m dari Desa)
Kendawangan,Air Hitam Besar,"Senin, 21 September 2026 00:49:00",NASA-SNPP,Medium,110.76756,-2.80933,False,False,False,True,False,True,Di Luar Area Pantauan (>1000m dari Desa)
Kendawangan,Danau Buntar,"Senin, 21 September 2026 00:49:00",NASA-SNPP,Medium,110.96649,-2.79477,False,False,True,False,False,True,Di Luar Area Pantauan (>1000m dari Desa)
Kendawangan,Danau Buntar,"Senin, 21 September 2026 00:49:00",NASA-SNPP,Medium,110.96583,-2.7989,False,False,True,False,False,True,Di Luar Area Pantauan (>1000m dari Desa)
Kendawangan,Seriam,"Senin, 21 September 2026 00:49:00",NASA-SNPP,Medium,110.35903,-2.66361,False,False,False,False,True,True,Di Luar Area Pantauan (>1000m dari Desa)
Kendawangan,Danau Buntar,"Senin, 21 September 2026 00:49:00",NASA-SNPP,Medium,110.96478,-2.78175,False,False,False,False,False,False,Di Luar Area Pantauan (>1000m dari Desa)
Kendawangan,Danau Buntar,"Senin, 21 September 2026 00:49:00",NASA-SNPP,Medium,110.96107,-2.78113,False,False,False,False,False,False,Di Luar Area Pantauan (>1000m dari Desa)
Kendawangan,Danau Buntar,"Senin, 21 September 2026 00:49:00",NASA-SNPP,Medium,110.96042,-2.78527,False,False,False,False,False,False,Di Luar Area Pantauan (>1000m dari Desa)
Kendawangan,Seriam,"Senin, 21 September 2026 00:49:00",NASA-SNPP,Medium,110.3631,-2.66429,False,False,False,False,True,True,Di Luar Area Pantauan (>1000m dari Desa)
Kendawangan,Airhitam Hulu,"Senin, 21 September 2026 00:49:00",NASA-SNPP,Medium,110.62236,-2.67349,False,False,False,False,False,False,Di Luar Area Pantauan (>1000m dari Desa)
Kendawangan,Seriam,"Senin, 21 September 2026 00:49:00",NASA-SNPP,Medium,110.36209,-2.66241,False,False,False,False,True,True,Di Luar Area Pantauan (>1000m dari Desa)
Kendawangan,Seriam,"Senin, 21 September 2026 00:49:00",NASA-SNPP,Medium,110.32551,-2.62992,False,False,False,False,True,True,Di Luar Area Pantauan (>1000m dari Desa)
Kendawangan,Air Hitam Besar,"Senin, 21 September 2026 00:49:00",NASA-SNPP,Medium,110.6554,-2.69185,False,False,False,True,False,True,Di Luar Area Pantauan (>1000m dari Desa)
Kendawangan,Air Hitam Besar,"Senin, 21 September 2026 00:49:00",NASA-SNPP,Medium,110.65471,-2.69608,False,False,False,False,False,False,Di Luar Area Pantauan (>1000m dari Desa)
Kendawangan,Airhitam Hulu,"Senin, 21 September 2026 00:49:00",NASA-SNPP,Medium,110.63068,-2.62262,False,False,False,False,False,False,Di Luar Area Pantauan (>1000m dari Desa)
Kendawangan,Seriam,"Senin, 21 September 2026 00:49:00",NASA-SNPP,Medium,110.44372,-2.51056,False,False,False,False,True,True,Di Luar Area Pantauan (>1000m dari Desa)
Kendawangan,Airhitam Hulu,"Senin, 21 September 2026 00:49:00",NASA-SNPP,Medium,110.62678,-2.62198,False,False,True,False,False,True,Di Luar Area Pantauan (>1000m dari Desa)
Matan Hilir Selatan,Pagar Mentimun,"Senin, 21 September 2026 00:49:00",NASA-SNPP,Medium,110.17536,-2.20207,False,False,False,False,False,False,Di Luar Area Pantauan (>1000m dari Desa)
Kendawangan,Pangkalan Batu,"Senin, 21 September 2026 00:49:00",NASA-SNPP,Medium,110.38471,-2.23532,False,False,False,False,False,False,Di Luar Area Pantauan (>1000m dari Desa)
Matan Hilir Selatan,Pagar Mentimun,"Senin, 21 September 2026 00:49:00",NASA-SNPP,Medium,110.17711,-2.20189,False,False,False,False,False,False,Di Luar Area Pantauan (>1000m dari Desa)
Matan Hilir Selatan,Pagar Mentimun,"Senin, 21 September 2026 00:49:00",NASA-SNPP,Medium,110.17965,-2.20275,False,False,False,False,False,False,Di Luar Area Pantauan (>1000m dari Desa)
Kendawangan,Pangkalan Batu,"Senin, 21 September 2026 00:49:00",NASA-SNPP,Medium,110.38882,-2.23597,False,False,False,False,False,False,Di Luar Area Pantauan (>1000m dari Desa)
Matan Hilir Selatan,Pagar Mentimun,"Senin, 21 September 2026 00:49:00",NASA-SNPP,Medium,110.16861,-2.20047,False,False,False,False,False,False,Di Luar Area Pantauan (>1000m dari Desa)
Kendawangan,Air Hitam Besar,"Senin, 21 September 2026 00:49:00",NASA-SNPP,Medium,110.69156,-2.64136,False,False,False,False,False,False,Di Luar Area Pantauan (>1000m dari Desa)
Kendawangan,Seriam,"Senin, 21 September 2026 00:49:00",NASA-SNPP,Medium,110.43089,-2.51288,False,False,False,False,False,False,Di Luar Area Pantauan (>1000m dari Desa)
Kendawangan,Seriam,"Senin, 21 September 2026 00:49:00",NASA-SNPP,Medium,110.43753,-2.5228,False,False,False,False,True,True,Di Luar Area Pantauan (>1000m dari Desa)
Kendawangan,Seriam,"Senin, 21 September 2026 00:49:00",NASA-SNPP,Medium,110.4323,-2.50427,False,False,False,False,False,False,Di Luar Area Pantauan (>1000m dari Desa)
Kendawangan,Seriam,"Senin, 21 September 2026 00:49:00",NASA-SNPP,Medium,110.43635,-2.50493,False,False,False,False,False,False,Di Luar Area Pantauan (>1000m dari Desa)
Kendawangan,Banjar Sari,"Senin, 21 September 2026 00:49:00",NASA-SNPP,Medium,110.24745,-2.47399,False,False,False,False,False,False,Di Luar Area Pantauan (>1000m dari Desa)
Kendawangan,Seriam,"Senin, 21 September 2026 00:49:00",NASA-SNPP,Medium,110.43159,-2.50858,False,False,False,False,False,False,Di Luar Area Pantauan (>1000m dari Desa)
Kendawangan,Seriam,"Senin, 21 September 2026 00:49:00",NASA-SNPP,Medium,110.45187,-2.4854,False,False,False,False,False,False,Di Luar Area Pantauan (>1000m dari Desa)
Sungai Melayu Rayak,Makmur Abadi,"Senin, 21 September 2026 00:49:00",NASA-SNPP,Medium,110.22863,-1.75715,False,False,False,True,False,True,Di Luar Area Pantauan (>1000m dari Desa)
Tumbang Titi,Petebang Jaya,"Senin, 21 September 2026 00:49:00",NASA-SNPP,Medium,110.74937,-1.83589,False,False,False,False,False,False,Di Luar Area Pantauan (>1000m dari Desa)
Tumbang Titi,Petebang Jaya,"Senin, 21 September 2026 00:49:00",NASA-SNPP,Medium,110.74834,-1.8401,False,False,False,False,False,False,Di Luar Area Pantauan (>1000m dari Desa)
Sungai Melayu Rayak,Makmur Abadi,"Senin, 21 September 2026 00:49:00",NASA-SNPP,Medium,110.23932,-1.77245,False,False,False,True,False,True,Di Luar Area Pantauan (>1000m dari Desa)
Matan Hilir Selatan,Pagar Mentimun,"Senin, 21 September 2026 00:49:00",NASA-SNPP,Medium,110.1711,-2.20139,False,False,False,False,False,False,Di Luar Area Pantauan (>1000m dari Desa)
Matan Hilir Selatan,Pagar Mentimun,"Senin, 21 September 2026 00:49:00",NASA-SNPP,Medium,110.16685,-2.20072,False,False,False,False,False,False,Di Luar Area Pantauan (>1000m dari Desa)
Kendawangan,Pangkalan Batu,"Senin, 21 September 2026 00:49:00",NASA-SNPP,Medium,110.38593,-2.23669,False,False,False,False,False,False,Di Luar Area Pantauan (>1000m dari Desa)
Muara Pawan,Tanjung Pura,"Senin, 21 September 2026 00:49:00",NASA-SNPP,Medium,110.21294,-1.69107,False,False,True,True,False,True,Di Luar Area Pantauan (>1000m dari Desa)
Tumbang Titi,Beringin Rayo,"Senin, 21 September 2026 00:49:00",NASA-SNPP,Medium,110.79459,-1.74425,False,False,False,False,False,False,Di Luar Area Pantauan (>1000m dari Desa)
Tumbang Titi,Beringin Rayo,"Senin, 21 September 2026 00:49:00",NASA-SNPP,Medium,110.83054,-1.69774,False,False,False,False,False,False,Di Luar Area Pantauan (>1000m dari Desa)
Matan Hilir Utara,Tanjung Baik Budi,"Senin, 21 September 2026 00:49:00",NASA-SNPP,Medium,110.10908,-1.53647,False,False,True,True,False,True,Di Luar Area Pantauan (>1000m dari Desa)
Matan Hilir Utara,Sungai Putri,"Senin, 21 September 2026 00:49:00",NASA-SNPP,Medium,110.09793,-1.56004,False,False,True,True,False,True,Di Luar Area Pantauan (>1000m dari Desa)
Nanga Tayap,Lembah Hijau Dua,"Senin, 21 September 2026 00:49:00",NASA-SNPP,Medium,110.46861,-1.59337,False,False,False,False,False,False,Di Luar Area Pantauan (>1000m dari Desa)
Matan Hilir Utara,Tanjung Baik Budi,"Senin, 21 September 2026 00:49:00",NASA-SNPP,Medium,110.10598,-1.53842,False,False,True,True,False,True,Di Luar Area Pantauan (>1000m dari Desa)
Nanga Tayap,Lembah Hijau Dua,"Senin, 21 September 2026 00:49:00",NASA-SNPP,Medium,110.46894,-1.59864,False,False,True,False,False,True,Di Luar Area Pantauan (>1000m dari Desa)
Matan Hilir Utara,Tanjung Baik Budi,"Senin, 21 September 2026 00:49:00",NASA-SNPP,Medium,110.1715,-1.5493,False,False,True,True,False,True,Di Luar Area Pantauan (>1000m dari Desa)
Nanga Tayap,Sungai Kelik,"Senin, 21 September 2026 00:49:00",NASA-SNPP,Medium,110.31356,-1.57287,False,False,True,True,False,True,Di Luar Area Pantauan (>1000m dari Desa)
Muara Pawan,Ulak Medang,"Senin, 21 September 2026 00:49:00",NASA-SNPP,Medium,110.29226,-1.56934,False,False,True,True,False,True,Di Luar Area Pantauan (>1000m dari Desa)
Nanga Tayap,Siantau Raya,"Senin, 21 September 2026 00:49:00",NASA-SNPP,Medium,110.48965,-1.60207,False,False,False,False,False,False,Di Luar Area Pantauan (>1000m dari Desa)
Nanga Tayap,Siantau Raya,"Senin, 21 September 2026 00:49:00",NASA-SNPP,Medium,110.48063,-1.60504,False,False,False,False,False,False,Di Luar Area Pantauan (>1000m dari Desa)
Matan Hilir Utara,Tanjung Baik Budi,"Senin, 21 September 2026 00:49:00",NASA-SNPP,Medium,110.16206,-1.5523,False,False,True,True,False,True,Di Luar Area Pantauan (>1000m dari Desa)
Muara Pawan,Ulak Medang,"Senin, 21 September 2026 00:49:00",NASA-SNPP,Medium,110.30211,-1.58058,False,False,True,True,False,True,Di Luar Area Pantauan (>1000m dari Desa)
Matan Hilir Utara,Tanjung Baik Budi,"Senin, 21 September 2026 00:49:00",NASA-SNPP,Medium,110.09807,-1.54849,False,False,True,True,False,True,Di Luar Area Pantauan (>1000m dari Desa)
Matan Hilir Utara,Tanjung Baik Budi,"Senin, 21 September 2026 00:49:00",NASA-SNPP,Medium,110.16384,-1.55883,False,False,True,True,False,True,Di Luar Area Pantauan (>1000m dari Desa)
Matan Hilir Utara,Tanjung Baik Budi,"Senin, 21 September 2026 00:49:00",NASA-SNPP,Medium,110.16821,-1.55952,False,False,True,True,False,True,Di Luar Area Pantauan (>1000m dari Desa)
Matan Hilir Utara,Tanjung Baik Budi,"Senin, 21 September 2026 00:49:00",NASA-SNPP,Medium,110.15366,-1.53895,False,False,True,True,False,True,Di Luar Area Pantauan (>1000m dari Desa)
Matan Hilir Utara,Tanjung Baik Budi,"Senin, 21 September 2026 00:49:00",NASA-SNPP,Medium,110.18498,-1.53936,False,False,True,True,False,True,Di Luar Area Pantauan (>1000m dari Desa)
Nanga Tayap,Lembah Hijau Satu,"Senin, 21 September 2026 00:49:00",NASA-SNPP,Medium,110.47835,-1.58598,False,False,True,False,False,True,Di Luar Area Pantauan (>1000m dari Desa)
Nanga Tayap,Lembah Hijau Satu,"Senin, 21 September 2026 00:49:00",NASA-SNPP,Medium,110.48249,-1.58664,False,False,True,False,False,True,Di Luar Area Pantauan (>1000m dari Desa)
Matan Hilir Utara,Tanjung Baik Budi,"Senin, 21 September 2026 00:49:00",NASA-SNPP,Medium,110.14492,-1.53757,False,False,True,True,False,True,Di Luar Area Pantauan (>1000m dari Desa)
Nanga Tayap,Lembah Hijau Satu,"Senin, 21 September 2026 00:49:00",NASA-SNPP,Medium,110.48667,-1.5873,False,False,True,False,False,True,Di Luar Area Pantauan (>1000m dari Desa)
Nanga Tayap,Lembah Hijau Satu,"Senin, 21 September 2026 00:49:00",NASA-SNPP,Medium,110.4908,-1.58796,False,False,True,False,False,True,Di Luar Area Pantauan (>1000m dari Desa)
Kendawangan,Seriam,"Senin, 21 September 2026 00:49:00",NASA-SNPP,Medium,110.43967,-2.50989,False,False,False,False,False,False,Di Luar Area Pantauan (>1000m dari Desa)
Kendawangan,Seriam,"Senin, 21 September 2026 00:49:00",NASA-SNPP,Medium,110.43563,-2.50924,False,False,False,False,False,False,Di Luar Area Pantauan (>1000m dari Desa)
Kendawangan,Seriam,"Senin, 21 September 2026 00:49:00",NASA-SNPP,Medium,110.43894,-2.51419,False,False,False,False,True,True,Di Luar Area Pantauan (>1000m dari Desa)
Kendawangan,Seriam,"Senin, 21 September 2026 00:49:00",NASA-SNPP,Medium,110.3793,-2.667,False,False,False,False,True,True,Di Luar Area Pantauan (>1000m dari Desa)
Kendawangan,Seriam,"Senin, 21 September 2026 00:49:00",NASA-SNPP,Medium,110.44051,-2.56468,False,False,False,False,True,True,Di Luar Area Pantauan (>1000m dari Desa)
Muara Pawan,Ulak Medang,"Senin, 21 September 2026 00:49:00",NASA-SNPP,Medium,110.26657,-1.52964,False,False,True,True,False,True,Di Luar Area Pantauan (>1000m dari Desa)
Matan Hilir Utara,Tanjung Baik Budi,"Senin, 21 September 2026 00:49:00",NASA-SNPP,Medium,110.19079,-1.53116,False,False,True,True,False,True,Di Luar Area Pantauan (>1000m dari Desa)
Nanga Tayap,Betenung,"Senin, 21 September 2026 00:49:00",NASA-SNPP,Medium,110.8067,-1.5639,False,False,True,False,False,True,Di Luar Area Pantauan (>1000m dari Desa)
Matan Hilir Utara,Kuala Tolak,"Senin, 21 September 2026 00:49:00",NASA-SNPP,Medium,110.16668,-1.51361,False,False,False,True,False,True,Di Luar Area Pantauan (>1000m dari Desa)
Muara Pawan,Ulak Medang,"Senin, 21 September 2026 00:49:00",NASA-SNPP,Medium,110.27943,-1.53171,False,False,True,True,False,True,Di Luar Area Pantauan (>1000m dari Desa)
Matan Hilir Utara,Kuala Tolak,"Senin, 21 September 2026 00:49:00",NASA-SNPP,Medium,110.13487,-1.42411,False,False,False,True,False,True,Di Luar Area Pantauan (>1000m dari Desa)
Matan Hilir Utara,Kuala Tolak,"Senin, 21 September 2026 00:49:00",NASA-SNPP,Medium,110.13929,-1.42481,False,False,False,True,False,True,Di Luar Area Pantauan (>1000m dari Desa)
Matan Hilir Utara,Kuala Satong,"Senin, 21 September 2026 00:49:00",NASA-SNPP,Medium,110.13046,-1.42341,False,False,False,False,False,False,Di Luar Area Pantauan (>1000m dari Desa)
Nanga Tayap,Nanga Tayap,"Senin, 21 September 2026 00:49:00",NASA-SNPP,Medium,110.63653,-1.49044,False,False,False,False,False,False,Di Luar Area Pantauan (>1000m dari Desa)
Matan Hilir Utara,Kuala Satong,"Senin, 21 September 2026 00:49:00",NASA-SNPP,Medium,110.12164,-1.42201,False,False,False,False,False,False,Di Luar Area Pantauan (>1000m dari Desa)
Nanga Tayap,Nanga Tayap,"Senin, 21 September 2026 00:49:00",NASA-SNPP,Medium,110.64526,-1.48742,False,False,False,False,False,False,Di Luar Area Pantauan (>1000m dari Desa)
Matan Hilir Utara,Lamon Satong,"Senin, 21 September 2026 00:49:00",NASA-SNPP,Medium,110.16418,-1.41045,False,False,False,False,False,False,Di Luar Area Pantauan (>1000m dari Desa)
Nanga Tayap,Nanga Tayap,"Senin, 21 September 2026 00:49:00",NASA-SNPP,Medium,110.64599,-1.48311,False,False,False,False,False,False,Di Luar Area Pantauan (>1000m dari Desa)
Matan Hilir Utara,Lamon Satong,"Senin, 21 September 2026 00:49:00",NASA-SNPP,Medium,110.20075,-1.40717,False,False,False,True,False,True,Di Luar Area Pantauan (>1000m dari Desa)
Muara Pawan,Ulak Medang,"Senin, 21 September 2026 00:49:00",NASA-SNPP,Medium,110.22048,-1.51314,False,False,True,True,False,True,Di Luar Area Pantauan (>1000m dari Desa)
Matan Hilir Utara,Lamon Satong,"Senin, 21 September 2026 00:49:00",NASA-SNPP,Medium,110.2118,-1.51174,False,False,True,True,False,True,Di Luar Area Pantauan (>1000m dari Desa)
Matan Hilir Utara,Lamon Satong,"Senin, 21 September 2026 00:49:00",NASA-SNPP,Medium,110.2116,-1.39522,False,False,False,True,False,True,Di Luar Area Pantauan (>1000m dari Desa)
Muara Pawan,Ulak Medang,"Senin, 21 September 2026 00:49:00",NASA-SNPP,Medium,110.22119,-1.5087,False,False,True,True,False,True,Di Luar Area Pantauan (>1000m dari Desa)
Muara Pawan,Ulak Medang,"Senin, 21 September 2026 00:49:00",NASA-SNPP,Medium,110.22552,-1.5094,False,False,True,True,False,True,Di Luar Area Pantauan (>1000m dari Desa)
Muara Pawan,Ulak Medang,"Senin, 21 September 2026 00:49:00",NASA-SNPP,Medium,110.23347,-1.51523,False,False,True,True,False,True,Di Luar Area Pantauan (>1000m dari Desa)
Muara Pawan,Ulak Medang,"Senin, 21 September 2026 00:49:00",NASA-SNPP,Medium,110.21615,-1.51244,False,False,True,True,False,True,Di Luar Area Pantauan (>1000m dari Desa)
Matan Hilir Selatan,Sungai Nanjung,"Senin, 21 September 2026 00:49:00",NASA-SNPP,Medium,110.12592,-2.19335,False,False,False,False,False,False,Di Luar Area Pantauan (>1000m dari Desa)
Matan Hilir Selatan,Pagar Mentimun,"Senin, 21 September 2026 00:49:00",NASA-SNPP,Medium,110.17285,-2.20118,False,False,False,False,False,False,Di Luar Area Pantauan (>1000m dari Desa)
Kendawangan,Pangkalan Batu,"Senin, 21 September 2026 00:49:00",NASA-SNPP,Medium,110.39003,-2.23737,False,False,False,False,False,False,Di Luar Area Pantauan (>1000m dari Desa)
Matan Hilir Utara,Lamon Satong,"Senin, 21 September 2026 00:49:00",NASA-SNPP,Medium,110.2468,-1.29296,False,False,True,False,True,True,Di Luar Area Pantauan (>1000m dari Desa)
Hulu Sungai,Batu Lapis,"Senin, 21 September 2026 00:49:00",NASA-SNPP,Medium,110.77583,-1.33661,False,False,False,False,False,False,Di Luar Area Pantauan (>1000m dari Desa)
Sandai,Sandai,"Senin, 21 September 2026 00:49:00",NASA-SNPP,Medium,110.55892,-1.27592,False,False,False,False,False,False,Di Luar Area Pantauan (>1000m dari Desa)
Sandai,Sandai,"Senin, 21 September 2026 00:49:00",NASA-SNPP,Medium,110.55946,-1.27154,False,False,False,False,False,False,Di Luar Area Pantauan (>1000m dari Desa)
Kendawangan,Air Hitam Besar,"Senin, 21 September 2026 00:49:00",NASA-SNPP,Medium,110.68836,-2.63649,False,False,False,False,False,False,Di Luar Area Pantauan (>1000m dari Desa)
Matan Hilir Selatan,Pagar Mentimun,"Senin, 21 September 2026 00:49:00",NASA-SNPP,Medium,110.17464,-2.20647,False,False,False,False,False,False,Di Luar Area Pantauan (>1000m dari Desa)
Matan Hilir Selatan,Pagar Mentimun,"Senin, 21 September 2026 00:49:00",NASA-SNPP,Medium,110.17213,-2.20558,False,False,False,False,False,False,Di Luar Area Pantauan (>1000m dari Desa)
Matan Hilir Selatan,Pesaguan Kanan,"Senin, 21 September 2026 00:49:00",NASA-SNPP,Medium,110.17274,-2.04435,False,False,False,True,False,True,Di Luar Area Pantauan (>1000m dari Desa)
Kendawangan,Seriam,"Senin, 21 September 2026 00:49:00",NASA-SNPP,Medium,110.44386,-2.56966,False,False,False,False,True,True,Di Luar Area Pantauan (>1000m dari Desa)
Kendawangan,Air Hitam Besar,"Senin, 21 September 2026 00:49:00",NASA-SNPP,Medium,110.68766,-2.64071,False,False,False,False,False,False,Di Luar Area Pantauan (>1000m dari Desa)
Kendawangan,Air Hitam Besar,"Senin, 21 September 2026 00:49:00",NASA-SNPP,Medium,110.67992,-2.63944,False,False,False,False,False,False,Di Luar Area Pantauan (>1000m dari Desa)
Kendawangan,Seriam,"Senin, 21 September 2026 00:49:00",NASA-SNPP,Medium,110.43349,-2.52214,False,False,False,False,True,True,Di Luar Area Pantauan (>1000m dari Desa)
Kendawangan,Air Hitam Besar,"Senin, 21 September 2026 00:49:00",NASA-SNPP,Medium,110.69087,-2.64558,False,False,False,False,False,False,Di Luar Area Pantauan (>1000m dari Desa)
Kendawangan,Air Hitam Besar,"Senin, 21 September 2026 00:49:00",NASA-SNPP,Medium,110.7492,-2.67674,False,False,False,False,False,False,Di Luar Area Pantauan (>1000m dari Desa)
Jelai Hulu,Air Dua,"Senin, 21 September 2026 00:49:00",NASA-SNPP,Medium,110.81847,-1.92896,False,False,False,False,False,False,Di Luar Area Pantauan (>1000m dari Desa)
Muara Pawan,Ulak Medang,"Senin, 21 September 2026 00:49:00",NASA-SNPP,Medium,110.26729,-1.52522,False,False,True,True,False,True,Di Luar Area Pantauan (>1000m dari Desa)
Matan Hilir Utara,Lamon Satong,"Senin, 21 September 2026 00:49:00",NASA-SNPP,Medium,110.21108,-1.51618,False,False,True,True,False,True,Di Luar Area Pantauan (>1000m dari Desa)
Matan Hilir Utara,Tanjung Baik Budi,"Senin, 21 September 2026 00:49:00",NASA-SNPP,Medium,110.16454,-1.55438,False,False,True,True,False,True,Di Luar Area Pantauan (>1000m dari Desa)
Nanga Tayap,Siantau Raya,"Senin, 21 September 2026 00:49:00",NASA-SNPP,Medium,110.48373,-1.60469,False,False,False,False,False,False,Di Luar Area Pantauan (>1000m dari Desa)
Matan Hilir Utara,Tanjung Baik Budi,"Senin, 21 September 2026 00:49:00",NASA-SNPP,Medium,110.16894,-1.55507,False,False,True,True,False,True,Di Luar Area Pantauan (>1000m dari Desa)
Matan Hilir Utara,Tanjung Baik Budi,"Senin, 21 September 2026 00:49:00",NASA-SNPP,Medium,110.17474,-1.54686,False,False,True,True,False,True,Di Luar Area Pantauan (>1000m dari Desa)
Jelai Hulu,Semantun,"Senin, 21 September 2026 00:49:00",NASA-SNPP,Medium,111.04195,-2.08137,False,False,True,False,False,True,Di Luar Area Pantauan (>1000m dari Desa)
Matan Hilir Selatan,Sungai Besar,"Senin, 21 September 2026 00:49:00",NASA-SNPP,Medium,110.22311,-1.85517,False,False,True,True,False,True,Di Luar Area Pantauan (>1000m dari Desa)
Matan Hilir Selatan,Sungai Besar,"Senin, 21 September 2026 00:49:00",NASA-SNPP,Medium,110.21223,-1.90662,False,False,True,False,False,True,Di Luar Area Pantauan (>1000m dari Desa)
Kendawangan,Seriam,"Senin, 21 September 2026 00:49:00",NASA-SNPP,Medium,110.45117,-2.4897,False,False,False,False,True,True,Di Luar Area Pantauan (>1000m dari Desa)
Kendawangan,Airhitam Hulu,"Senin, 21 September 2026 00:49:00",NASA-SNPP,Medium,110.62696,-2.66988,False,False,False,False,False,False,Di Luar Area Pantauan (>1000m dari Desa)
Kendawangan,Danau Buntar,"Senin, 21 September 2026 00:49:00",NASA-SNPP,Medium,110.95739,-2.78052,False,False,False,False,False,False,Di Luar Area Pantauan (>1000m dari Desa)
Kendawangan,Air Hitam Besar,"Senin, 21 September 2026 00:49:00",NASA-SNPP,Medium,110.69275,-2.7367,False,False,False,False,False,False,Di Luar Area Pantauan (>1000m dari Desa)
Kendawangan,Danau Buntar,"Senin, 21 September 2026 00:49:00",NASA-SNPP,Medium,110.9641,-2.78588,False,False,False,False,False,False,Di Luar Area Pantauan (>1000m dari Desa)
Kendawangan,Seriam,"Senin, 21 September 2026 00:49:00",NASA-SNPP,Medium,110.36137,-2.66672,False,False,False,False,True,True,Di Luar Area Pantauan (>1000m dari Desa)
Kendawangan,Seriam,"Senin, 21 September 2026 00:49:00",NASA-SNPP,Medium,110.36645,-2.66928,False,False,False,False,True,True,Di Luar Area Pantauan (>1000m dari Desa)
Kendawangan,Air Hitam Besar,"Senin, 21 September 2026 00:49:00",NASA-SNPP,Medium,110.65607,-2.68762,False,False,False,False,False,False,Di Luar Area Pantauan (>1000m dari Desa)
Manis Mata,Suka Ramai,"Senin, 21 September 2026 00:49:00",NASA-SNPP,Medium,110.99613,-2.77203,False,False,False,False,False,False,Di Luar Area Pantauan (>1000m dari Desa)
Kendawangan,Seriam,"Senin, 21 September 2026 00:49:00",NASA-SNPP,Medium,110.38168,-2.66996,False,False,False,False,True,True,Di Luar Area Pantauan (>1000m dari Desa)
Kendawangan,Seriam,"Senin, 21 September 2026 00:49:00",NASA-SNPP,Medium,110.44713,-2.48903,False,False,False,False,False,False,Di Luar Area Pantauan (>1000m dari Desa)
Kendawangan,Bangkal Serai,"Senin, 21 September 2026 00:49:00",NASA-SNPP,Medium,110.52884,-2.49373,False,False,False,False,False,False,Di Luar Area Pantauan (>1000m dari Desa)
Tumbang Titi,Petebang Jaya,"Senin, 21 September 2026 00:49:00",NASA-SNPP,Medium,110.7457,-1.8353,False,False,False,False,False,False,Di Luar Area Pantauan (>1000m dari Desa)
Jelai Hulu,Pangkalan Suka,"Senin, 21 September 2026 00:49:00",NASA-SNPP,Medium,110.94304,-1.91898,False,False,False,False,False,False,Di Luar Area Pantauan (>1000m dari Desa)
Jelai Hulu,Pangkalan Suka,"Senin, 21 September 2026 00:49:00",NASA-SNPP,Medium,110.94373,-1.91478,False,False,False,False,False,False,Di Luar Area Pantauan (>1000m dari Desa)
Kendawangan,Seriam,"Senin, 21 September 2026 00:49:00",NASA-SNPP,Medium,110.36574,-2.67359,False,False,False,False,True,True,Di Luar Area Pantauan (>1000m dari Desa)
Kendawangan,Air Hitam Besar,"Senin, 21 September 2026 00:49:00",NASA-SNPP,Medium,110.68174,-2.65275,False,False,False,False,False,False,Di Luar Area Pantauan (>1000m dari Desa)
Kendawangan,Seriam,"Senin, 21 September 2026 00:49:00",NASA-SNPP,Medium,110.32143,-2.62926,False,False,False,False,True,True,Di Luar Area Pantauan (>1000m dari Desa)
Jelai Hulu,Semantun,"Senin, 21 September 2026 00:49:00",NASA-SNPP,Medium,111.03165,-2.07544,False,False,False,False,False,False,Di Luar Area Pantauan (>1000m dari Desa)
Matan Hilir Selatan,Sungai Besar,"Senin, 21 September 2026 00:49:00",NASA-SNPP,Medium,110.20882,-1.88912,False,False,True,True,False,True,Di Luar Area Pantauan (>1000m dari Desa)
Kendawangan,Air Hitam Besar,"Senin, 21 September 2026 00:49:00",NASA-SNPP,Medium,110.6838,-2.64008,False,False,False,False,False,False,Di Luar Area Pantauan (>1000m dari Desa)
Kendawangan,Air Hitam Besar,"Senin, 21 September 2026 00:49:00",NASA-SNPP,Medium,110.68562,-2.65338,False,False,False,False,False,False,Di Luar Area Pantauan (>1000m dari Desa)
Sungai Melayu Rayak,Makmur Abadi,"Senin, 21 September 2026 00:49:00",NASA-SNPP,Medium,110.26501,-1.6951,False,False,False,True,False,True,Di Luar Area Pantauan (>1000m dari Desa)
Jelai Hulu,Pasir Mayang,"Senin, 21 September 2026 00:49:00",NASA-SNPP,Medium,110.79002,-1.78137,False,False,False,False,False,False,Di Luar Area Pantauan (>1000m dari Desa)
Muara Pawan,Tanjung Pura,"Senin, 21 September 2026 00:49:00",NASA-SNPP,Medium,110.13573,-1.67382,False,False,True,True,False,True,Di Luar Area Pantauan (>1000m dari Desa)
Muara Pawan,Tanjung Pura,"Senin, 21 September 2026 00:49:00",NASA-SNPP,Medium,110.12698,-1.67238,False,False,True,True,False,True,Di Luar Area Pantauan (>1000m dari Desa)
Muara Pawan,Tanjung Pura,"Senin, 21 September 2026 00:49:00",NASA-SNPP,Medium,110.13135,-1.6731,False,False,True,True,False,True,Di Luar Area Pantauan (>1000m dari Desa)
Sungai Melayu Rayak,Makmur Abadi,"Senin, 21 September 2026 00:49:00",NASA-SNPP,Medium,110.26863,-1.70022,False,False,True,True,False,True,Di Luar Area Pantauan (>1000m dari Desa)
Benua Kayong,Negeri Baru,"Senin, 21 September 2026 00:49:00",NASA-SNPP,Medium,110.23282,-1.785,False,False,False,True,False,True,Di Luar Area Pantauan (>1000m dari Desa)
Muara Pawan,Tanjung Pura,"Senin, 21 September 2026 00:49:00",NASA-SNPP,Medium,110.14523,-1.67082,False,False,False,True,False,True,Di Luar Area Pantauan (>1000m dari Desa)
Jelai Hulu,Pasir Mayang,"Senin, 21 September 2026 00:49:00",NASA-SNPP,Medium,110.7863,-1.78076,False,False,True,False,False,True,Di Luar Area Pantauan (>1000m dari Desa)
Muara Pawan,Tanjung Pura,"Senin, 21 September 2026 00:49:00",NASA-SNPP,Medium,110.12261,-1.67167,False,False,True,True,False,True,Di Luar Area Pantauan (>1000m dari Desa)
Muara Pawan,Tanjung Pura,"Senin, 21 September 2026 00:49:00",NASA-SNPP,Medium,110.16178,-1.67811,False,False,True,True,False,True,Di Luar Area Pantauan (>1000m dari Desa)
Kendawangan,Pembedilan,"Senin, 21 September 2026 00:49:00",NASA-SNPP,Medium,110.37704,-2.86707,False,False,False,False,True,True,Di Luar Area Pantauan (>1000m dari Desa)
Kendawangan,Danau Buntar,"Senin, 21 September 2026 00:49:00",NASA-SNPP,Medium,110.96345,-2.79002,False,False,False,False,False,False,Di Luar Area Pantauan (>1000m dari Desa)
Matan Hilir Utara,Tanjung Baik Budi,"Senin, 21 September 2026 00:49:00",NASA-SNPP,Medium,110.16964,-1.55062,False,False,True,True,False,True,Di Luar Area Pantauan (>1000m dari Desa)
Nanga Tayap,Lembah Hijau Dua,"Senin, 21 September 2026 00:49:00",NASA-SNPP,Medium,110.47276,-1.59403,False,False,False,False,False,False,Di Luar Area Pantauan (>1000m dari Desa)
Kendawangan,Bangkal Serai,"Minggu, 20 September 2026 19:51:00",NASA-MODIS,Medium,110.52081,-2.48658,False,False,False,False,True,True,Di Luar Area Pantauan (>1000m dari Desa)
Simpang Dua,Kampar Sebomban,"Minggu, 20 September 2026 19:51:00",NASA-MODIS,Medium,110.21458,-0.8796,False,False,False,False,False,False,Di Luar Area Pantauan (>1000m dari Desa)
Nanga Pinoh,Nusa Pandau,"Minggu, 20 September 2026 19:51:00",NASA-MODIS,Medium,111.93671,-0.40104,False,False,False,False,False,False,Di Luar Area Pantauan (>1000m dari Desa)
Nanga Tayap,Lembah Hijau Satu,"Minggu, 20 September 2026 19:51:00",NASA-MODIS,Medium,110.50368,-1.58612,False,False,False,False,False,False,Di Luar Area Pantauan (>1000m dari Desa)
Ella Hilir,Nanga Nyuruh,"Minggu, 20 September 2026 19:51:00",NASA-MODIS,Medium,112.12959,-0.52409,False,False,False,False,False,False,Di Luar Area Pantauan (>1000m dari Desa)
Simpang Hilir,Batu Barat,"Minggu, 20 September 2026 19:51:00",NASA-MODIS,Medium,110.03085,-0.93182,False,False,True,True,False,True,Di Luar Area Pantauan (>1000m dari Desa)
Matan Hilir Utara,Lamon Satong,"Minggu, 20 September 2026 19:51:00",NASA-MODIS,Medium,110.24296,-1.29386,False,False,True,False,True,True,Di Luar Area Pantauan (>1000m dari Desa)
Ella Hilir,Bemban Permai,"Minggu, 20 September 2026 19:51:00",NASA-MODIS,Medium,112.03177,-0.54892,False,False,True,False,True,True,Di Luar Area Pantauan (>1000m dari Desa)
Simpang Hilir,Lubuk Batu,"Minggu, 20 September 2026 19:51:00",NASA-MODIS,Medium,110.10558,-0.95946,False,False,False,False,False,False,Di Luar Area Pantauan (>1000m dari Desa)
Matan Hilir Selatan,Sungai Nanjung,"Minggu, 20 September 2026 19:51:00",NASA-MODIS,Medium,110.12523,-2.1328,False,False,False,False,False,False,Di Luar Area Pantauan (>1000m dari Desa)
Matan Hilir Selatan,Pematang Gadung,"Minggu, 20 September 2026 19:51:00",NASA-MODIS,Medium,110.16158,-1.9993,False,False,False,False,False,False,Di Luar Area Pantauan (>1000m dari Desa)
Simpang Hilir,Matan Jaya,"Minggu, 20 September 2026 19:51:00",NASA-MODIS,Medium,110.13253,-1.11433,False,False,True,True,True,True,Di Luar Area Pantauan (>1000m dari Desa)
Nanga Pinoh,Nusa Pandau,"Minggu, 20 September 2026 19:51:00",NASA-MODIS,Medium,111.93515,-0.38985,False,False,False,False,False,False,Di Luar Area Pantauan (>1000m dari Desa)
Simpang Dua,Kampar Sebomban,"Minggu, 20 September 2026 19:51:00",NASA-MODIS,Medium,110.14571,-0.83579,False,False,True,True,False,True,Di Luar Area Pantauan (>1000m dari Desa)
Sungai Melayu Rayak,Makmur Abadi,"Minggu, 20 September 2026 19:51:00",NASA-MODIS,Medium,110.27589,-1.69562,False,False,False,False,False,False,Di Luar Area Pantauan (>1000m dari Desa)
Matan Hilir Utara,Lamon Satong,"Senin, 21 September 2026 08:11:00",NASA-MODIS,Medium,110.21202,-1.39999,False,False,False,True,False,True,Di Luar Area Pantauan (>1000m dari Desa)
Ella Hilir,Nanga Nyuruh,"Minggu, 20 September 2026 19:51:00",NASA-MODIS,Medium,112.10384,-0.5502,False,False,False,False,True,True,Di Luar Area Pantauan (>1000m dari Desa)
Simpang Hilir,Lubuk Batu,"Minggu, 20 September 2026 19:51:00",NASA-MODIS,Medium,110.12476,-0.94351,False,False,False,False,False,False,Di Luar Area Pantauan (>1000m dari Desa)
Sayan,Nanga Raku,"Minggu, 20 September 2026 19:51:00",NASA-MODIS,Medium,111.76943,-0.76904,False,False,False,False,False,False,Di Luar Area Pantauan (>1000m dari Desa)
Sandai,Pendamaran Indah,"Minggu, 20 September 2026 19:51:00",NASA-MODIS,Medium,110.62815,-1.01893,False,False,False,False,False,False,Di Luar Area Pantauan (>1000m dari Desa)
Sungai Melayu Rayak,Makmur Abadi,"Minggu, 20 September 2026 19:51:00",NASA-MODIS,Medium,110.25493,-1.69847,False,False,False,False,False,False,Di Luar Area Pantauan (>1000m dari Desa)
Kayan Hulu,Nanga Masau,"Minggu, 20 September 2026 19:51:00",NASA-MODIS,High,112.32098,-0.19967,False,False,False,False,True,True,Di Luar Area Pantauan (>1000m dari Desa)
Nanga Tayap,Pangkalan Teluk,"Minggu, 20 September 2026 19:51:00",NASA-MODIS,High,110.38629,-1.30105,False,False,False,False,False,False,Di Luar Area Pantauan (>1000m dari Desa)
Kendawangan,Bangkal Serai,"Minggu, 20 September 2026 19:51:00",NASA-MODIS,High,110.4569,-2.48183,False,False,False,False,True,True,Di Luar Area Pantauan (>1000m dari Desa)
Simpang Hilir,Batu Barat,"Minggu, 20 September 2026 19:51:00",NASA-MODIS,High,110.14424,-0.86443,False,False,True,True,False,True,Di Luar Area Pantauan (>1000m dari Desa)
Tumbang Titi,Nanga Kelampai,"Minggu, 20 September 2026 19:51:00",NASA-MODIS,High,110.55829,-1.95824,False,False,False,False,False,False,Di Luar Area Pantauan (>1000m dari Desa)
Simpang Hilir,Lubuk Batu,"Minggu, 20 September 2026 19:51:00",NASA-MODIS,High,110.11484,-0.92007,False,False,False,False,False,False,Di Luar Area Pantauan (>1000m dari Desa)
Simpang Hilir,Lubuk Batu,"Minggu, 20 September 2026 19:51:00",NASA-MODIS,High,110.09576,-0.93613,False,False,False,False,False,False,Di Luar Area Pantauan (>1000m dari Desa)
Simpang Hilir,Matan Jaya,"Minggu, 20 September 2026 19:51:00",NASA-MODIS,High,110.08853,-1.10708,False,False,True,False,True,True,Di Luar Area Pantauan (>1000m dari Desa)
Simpang Hilir,Lubuk Batu,"Minggu, 20 September 2026 19:51:00",NASA-MODIS,High,110.12291,-0.93039,False,False,False,False,False,False,Di Luar Area Pantauan (>1000m dari Desa)
Ella Hilir,Nanga Nyuruh,"Minggu, 20 September 2026 19:51:00",NASA-MODIS,High,112.04551,-0.54701,False,False,False,False,True,True,Di Luar Area Pantauan (>1000m dari Desa)
Simpang Hilir,Lubuk Batu,"Minggu, 20 September 2026 19:51:00",NASA-MODIS,High,110.13567,-0.91715,False,False,False,False,False,False,Di Luar Area Pantauan (>1000m dari Desa)
Nanga Tayap,Pateh Benteng,"Minggu, 20 September 2026 19:51:00",NASA-MODIS,High,110.65699,-1.63083,False,False,True,False,False,True,Di Luar Area Pantauan (>1000m dari Desa)
Nanga Tayap,Betenung,"Senin, 21 September 2026 08:11:00",NASA-MODIS,High,110.81179,-1.56907,False,False,True,False,False,True,Di Luar Area Pantauan (>1000m dari Desa)
Nanga Tayap,Sepakat Jaya,"Minggu, 20 September 2026 19:51:00",NASA-MODIS,High,110.64389,-1.38348,False,False,False,False,False,False,Di Luar Area Pantauan (>1000m dari Desa)
Sayan,Nanga Raku,"Minggu, 20 September 2026 19:51:00",NASA-MODIS,High,111.75363,-0.77123,False,False,False,False,False,False,Di Luar Area Pantauan (>1000m dari Desa)
Matan Hilir Selatan,Sungai Nanjung,"Minggu, 20 September 2026 19:51:00",NASA-MODIS,High,110.19048,-2.12422,False,False,False,True,False,True,Di Luar Area Pantauan (>1000m dari Desa)
Matan Hilir Selatan,Sungai Nanjung,"Minggu, 20 September 2026 19:51:00",NASA-MODIS,High,110.18568,-2.12839,False,False,True,True,False,True,Di Luar Area Pantauan (>1000m dari Desa)
Matan Hilir Utara,Kuala Tolak,"Senin, 21 September 2026 08:11:00",NASA-MODIS,High,110.15005,-1.46497,False,False,True,True,False,True,Di Luar Area Pantauan (>1000m dari Desa)
Simpang Hilir,Matan Jaya,"Minggu, 20 September 2026 19:51:00",NASA-MODIS,High,110.10971,-1.10412,False,False,True,True,True,True,Di Luar Area Pantauan (>1000m dari Desa)
Kendawangan,Natai Kuini,"Senin, 21 September 2026 13:29:00",NASA-SNPP,High,110.85999,-2.82955,False,False,False,False,True,True,Di Luar Area Pantauan (>1000m dari Desa)
Matan Hilir Utara,Tanjung Baik Budi,"Senin, 21 September 2026 01:11:00",NASA-NOAA20,High,110.15485,-1.54109,False,False,True,True,False,True,Di Luar Area Pantauan (>1000m dari Desa)
Matan Hilir Selatan,Sungai Besar,"Minggu, 20 September 2026 19:51:00",NASA-MODIS,High,110.20676,-1.88814,False,False,True,True,False,True,Di Luar Area Pantauan (>1000m dari Desa)
Sandai,Sandai,"Minggu, 20 September 2026 19:51:00",NASA-MODIS,High,110.55428,-1.25146,False,False,False,False,False,False,Di Luar Area Pantauan (>1000m dari Desa)
Kendawangan,Pembedilan,"Senin, 21 September 2026 13:29:00",NASA-SNPP,High,110.44108,-2.86915,False,False,False,False,True,True,Di Luar Area Pantauan (>1000m dari Desa)
Muara Pawan,Ulak Medang,"Senin, 21 September 2026 00:49:00",NASA-SNPP,High,110.28015,-1.52729,False,False,True,True,False,True,Di Luar Area Pantauan (>1000m dari Desa)
Kendawangan,Seriam,"Senin, 21 September 2026 00:49:00",NASA-SNPP,High,110.44783,-2.48473,False,False,False,False,False,False,Di Luar Area Pantauan (>1000m dari Desa)
Kendawangan,Seriam,"Senin, 21 September 2026 00:49:00",NASA-SNPP,High,110.43491,-2.51354,False,False,False,False,False,False,Di Luar Area Pantauan (>1000m dari Desa)
Matan Hilir Selatan,Sungai Nanjung,"Senin, 21 September 2026 01:11:00",NASA-NOAA20,High,110.18224,-2.12642,False,False,True,True,False,True,Di Luar Area Pantauan (>1000m dari Desa)
Kendawangan,Seriam,"Senin, 21 September 2026 01:11:00",NASA-NOAA20,High,110.43751,-2.50641,False,False,False,False,False,False,Di Luar Area Pantauan (>1000m dari Desa)
Simpang Hilir,Lubuk Batu,"Minggu, 20 September 2026 19:51:00",NASA-MODIS,High,110.10196,-0.93317,False,False,False,False,False,False,Di Luar Area Pantauan (>1000m dari Desa)
Kendawangan,Seriam,"Minggu, 20 September 2026 19:51:00",NASA-MODIS,High,110.43603,-2.48461,False,False,False,False,False,False,Di Luar Area Pantauan (>1000m dari Desa)
Sungai Melayu Rayak,Sungai Melayu,"Minggu, 20 September 2026 19:51:00",NASA-MODIS,High,110.37648,-1.7735,False,False,False,False,False,False,Di Luar Area Pantauan (>1000m dari Desa)
Sandai,Sandai,"Minggu, 20 September 2026 19:51:00",NASA-MODIS,High,110.53493,-1.2542,False,False,False,False,False,False,Di Luar Area Pantauan (>1000m dari Desa)
Matan Hilir Selatan,Sungai Besar,"Minggu, 20 September 2026 19:51:00",NASA-MODIS,High,110.23948,-1.85931,False,False,True,True,False,True,Di Luar Area Pantauan (>1000m dari Desa)
Simpang Dua,Kampar Sebomban,"Minggu, 20 September 2026 19:51:00",NASA-MODIS,High,110.14929,-0.86194,False,False,True,True,False,True,Di Luar Area Pantauan (>1000m dari Desa)
Nanga Tayap,Mensubang,"Minggu, 20 September 2026 19:51:00",NASA-MODIS,High,110.44787,-1.30579,False,False,False,False,False,False,Di Luar Area Pantauan (>1000m dari Desa)
Pulau Maya,Dusun Besar,"Minggu, 20 September 2026 19:51:00",NASA-MODIS,High,109.44645,-1.21709,False,False,False,False,False,False,Di Luar Area Pantauan (>1000m dari Desa)
Jelai Hulu,Semantun,"Minggu, 20 September 2026 19:51:00",NASA-MODIS,High,111.03503,-1.97177,False,False,True,False,False,True,Di Luar Area Pantauan (>1000m dari Desa)
Matan Hilir Selatan,Sungai Besar,"Minggu, 20 September 2026 19:51:00",NASA-MODIS,High,110.24548,-1.85601,False,False,False,True,False,True,Di Luar Area Pantauan (>1000m dari Desa)
Matan Hilir Selatan,Pagar Mentimun,"Minggu, 20 September 2026 19:51:00",NASA-MODIS,High,110.1641,-2.20561,False,False,False,False,False,False,Di Luar Area Pantauan (>1000m dari Desa)
Simpang Dua,Kampar Sebomban,"Minggu, 20 September 2026 19:51:00",NASA-MODIS,High,110.20578,-0.91937,False,False,False,False,False,False,Di Luar Area Pantauan (>1000m dari Desa)
Kendawangan,Mekar Utama,"Minggu, 20 September 2026 19:51:00",NASA-MODIS,High,110.22469,-2.28907,False,False,False,False,False,False,Di Luar Area Pantauan (>1000m dari Desa)
Kendawangan,Mekar Utama,"Minggu, 20 September 2026 19:51:00",NASA-MODIS,High,110.21999,-2.29321,False,False,False,False,False,False,Di Luar Area Pantauan (>1000m dari Desa)
Ella Hilir,Nanga Nyuruh,"Minggu, 20 September 2026 19:51:00",NASA-MODIS,High,112.0901,-0.55212,False,False,False,False,True,True,Di Luar Area Pantauan (>1000m dari Desa)
Simpang Hilir,Batu Barat,"Minggu, 20 September 2026 19:51:00",NASA-MODIS,High,110.12176,-0.8543,False,False,True,True,False,True,Di Luar Area Pantauan (>1000m dari Desa)
Kendawangan,Seriam,"Minggu, 20 September 2026 19:51:00",NASA-MODIS,High,110.43972,-2.51085,False,False,False,False,False,False,Di Luar Area Pantauan (>1000m dari Desa)
Simpang Dua,Semandang Kanan,"Minggu, 20 September 2026 19:51:00",NASA-MODIS,High,110.35128,-0.71699,False,False,False,False,False,False,Di Luar Area Pantauan (>1000m dari Desa)
Simpang Hilir,Lubuk Batu,"Minggu, 20 September 2026 19:51:00",NASA-MODIS,High,110.1167,-0.93318,False,False,False,False,False,False,Di Luar Area Pantauan (>1000m dari Desa)
Nanga Tayap,Lembah Hijau Dua,"Minggu, 20 September 2026 19:51:00",NASA-MODIS,High,110.46375,-1.59161,False,False,False,False,False,False,Di Luar Area Pantauan (>1000m dari Desa)
Simpang Dua,Semandang Kanan,"Minggu, 20 September 2026 19:51:00",NASA-MODIS,High,110.36473,-0.71476,False,False,False,False,False,False,Di Luar Area Pantauan (>1000m dari Desa)
Simpang Dua,Kampar Sebomban,"Minggu, 20 September 2026 19:51:00",NASA-MODIS,High,110.14247,-0.85135,False,False,True,True,False,True,Di Luar Area Pantauan (>1000m dari Desa)
Simpang Dua,Kampar Sebomban,"Minggu, 20 September 2026 19:51:00",NASA-MODIS,High,110.14751,-0.84886,False,False,False,True,False,True,Di Luar Area Pantauan (>1000m dari Desa)
Simpang Hilir,Batu Barat,"Minggu, 20 September 2026 19:51:00",NASA-MODIS,High,110.12677,-0.85164,False,False,True,True,False,True,Di Luar Area Pantauan (>1000m dari Desa)
Simpang Hilir,Batu Barat,"Minggu, 20 September 2026 19:51:00",NASA-MODIS,High,110.11995,-0.8412,False,False,True,True,False,True,Di Luar Area Pantauan (>1000m dari Desa)
Marau,Rangkung,"Minggu, 20 September 2026 19:51:00",NASA-MODIS,High,110.52888,-2.21086,False,False,False,False,False,False,Di Luar Area Pantauan (>1000m dari Desa)
Matan Hilir Utara,Tanjung Baik Budi,"Minggu, 20 September 2026 19:51:00",NASA-MODIS,High,110.15894,-1.55538,False,False,True,True,False,True,Di Luar Area Pantauan (>1000m dari Desa)
Simpang Hilir,Batu Barat,"Minggu, 20 September 2026 19:51:00",NASA-MODIS,High,110.12492,-0.83855,False,False,True,True,False,True,Di Luar Area Pantauan (>1000m dari Desa)
Matan Hilir Selatan,Sungai Nanjung,"Minggu, 20 September 2026 19:51:00",NASA-MODIS,High,110.23903,-2.15836,False,False,True,True,False,True,Di Luar Area Pantauan (>1000m dari Desa)
Simpang Hilir,Lubuk Batu,"Minggu, 20 September 2026 19:51:00",NASA-MODIS,High,110.11852,-0.9463,False,False,False,False,False,False,Di Luar Area Pantauan (>1000m dari Desa)
Simpang Dua,Semandang Kanan,"Minggu, 20 September 2026 19:51:00",NASA-MODIS,High,110.37108,-0.71435,False,False,False,False,False,False,Di Luar Area Pantauan (>1000m dari Desa)
Ella Hilir,Bemban Permai,"Minggu, 20 September 2026 19:51:00",NASA-MODIS,High,112.02718,-0.52687,False,False,False,False,True,True,Di Luar Area Pantauan (>1000m dari Desa)
Matan Hilir Selatan,Sungai Pelang,"Minggu, 20 September 2026 19:51:00",NASA-MODIS,High,110.22255,-1.84561,False,False,True,True,False,True,Di Luar Area Pantauan (>1000m dari Desa)
Matan Hilir Selatan,Sungai Pelang,"Minggu, 20 September 2026 19:51:00",NASA-MODIS,High,110.21653,-1.84908,False,False,True,True,False,True,Di Luar Area Pantauan (>1000m dari Desa)
Nanga Tayap,Mensubang,"Minggu, 20 September 2026 19:51:00",NASA-MODIS,High,110.44611,-1.29293,False,False,False,False,False,False,Di Luar Area Pantauan (>1000m dari Desa)
Pulau Maya,Dusun Besar,"Minggu, 20 September 2026 19:51:00",NASA-MODIS,High,109.43914,-1.21189,False,False,False,False,False,False,Di Luar Area Pantauan (>1000m dari Desa)
Ella Hilir,Bemban Permai,"Minggu, 20 September 2026 19:51:00",NASA-MODIS,High,112.02982,-0.53785,False,False,False,False,True,True,Di Luar Area Pantauan (>1000m dari Desa)
Matan Hilir Utara,Tanjung Baik Budi,"Minggu, 20 September 2026 19:51:00",NASA-MODIS,High,110.15711,-1.54216,False,False,True,True,False,True,Di Luar Area Pantauan (>1000m dari Desa)
Muara Pawan,Ulak Medang,"Minggu, 20 September 2026 19:51:00",NASA-MODIS,High,110.2831,-1.52484,False,False,True,True,False,True,Di Luar Area Pantauan (>1000m dari Desa)
Matan Hilir Utara,Tanjung Baik Budi,"Minggu, 20 September 2026 19:51:00",NASA-MODIS,High,110.17832,-1.53925,False,False,True,True,False,True,Di Luar Area Pantauan (>1000m dari Desa)
Nanga Tayap,Lembah Hijau Satu,"Minggu, 20 September 2026 19:51:00",NASA-MODIS,High,110.48378,-1.58885,False,False,True,False,False,True,Di Luar Area Pantauan (>1000m dari Desa)
Simpang Dua,Kampar Sebomban,"Minggu, 20 September 2026 19:51:00",NASA-MODIS,High,110.14068,-0.83828,False,False,True,True,False,True,Di Luar Area Pantauan (>1000m dari Desa)
Simpang Hilir,Lubuk Batu,"Minggu, 20 September 2026 19:51:00",NASA-MODIS,High,110.10381,-0.94631,False,False,False,False,False,False,Di Luar Area Pantauan (>1000m dari Desa)
Matan Hilir Selatan,Sungai Besar,"Minggu, 20 September 2026 19:51:00",NASA-MODIS,High,110.22437,-1.85883,False,False,True,True,False,True,Di Luar Area Pantauan (>1000m dari Desa)
Muara Pawan,Ulak Medang,"Minggu, 20 September 2026 19:51:00",NASA-MODIS,High,110.26236,-1.52769,False,False,True,True,False,True,Di Luar Area Pantauan (>1000m dari Desa)
Simpang Dua,Kampar Sebomban,"Minggu, 20 September 2026 19:51:00",NASA-MODIS,High,110.19949,-0.9215,False,False,False,False,False,False,Di Luar Area Pantauan (>1000m dari Desa)
Sandai,Sandai,"Minggu, 20 September 2026 19:51:00",NASA-MODIS,High,110.5415,-1.25403,False,False,False,False,False,False,Di Luar Area Pantauan (>1000m dari Desa)
Kendawangan,Seriam,"Minggu, 20 September 2026 19:51:00",NASA-MODIS,High,110.41875,-2.51369,False,False,False,False,False,False,Di Luar Area Pantauan (>1000m dari Desa)
Kendawangan,Air Hitam Besar,"Minggu, 20 September 2026 19:51:00",NASA-MODIS,High,110.67874,-2.64843,False,False,False,False,False,False,Di Luar Area Pantauan (>1000m dari Desa)
Simpang Hilir,Lubuk Batu,"Minggu, 20 September 2026 19:51:00",NASA-MODIS,High,110.09757,-0.94928,False,False,False,False,False,False,Di Luar Area Pantauan (>1000m dari Desa)
Nanga Tayap,Siantau Raya,"Minggu, 20 September 2026 19:51:00",NASA-MODIS,High,110.48547,-1.60174,False,False,False,False,False,False,Di Luar Area Pantauan (>1000m dari Desa)
