Kecamatan,Desa,Waktu,Satelit,Confidence,Longitude,Latitude,in_desa,in_buffer,is_hutan,is_gambut,is_kk,in_kawasan,Prioritas_Satgas
Nanga Tayap,Betenung,"Rabu, 09 September 2026 15:24:00",NASA-MODIS,Low,110.73112,-1.54622,False,False,False,False,False,False,Di Luar Area Pantauan (>1000m dari Desa)
Matan Hilir Selatan,Pagar Mentimun,"Rabu, 09 September 2026 15:24:00",NASA-MODIS,Low,110.10771,-2.2104,False,False,False,False,False,False,Di Luar Area Pantauan (>1000m dari Desa)
Seberuang,Beluis Harum,"Rabu, 09 September 2026 15:24:00",NASA-MODIS,Low,112.00066,0.39267,False,False,False,False,False,False,Di Luar Area Pantauan (>1000m dari Desa)
Belitang Hulu,Ijuk,"Rabu, 09 September 2026 15:24:00",NASA-MODIS,Low,111.16778,0.41324,False,False,False,False,False,False,Di Luar Area Pantauan (>1000m dari Desa)
Marau,Batu Payung Dua,"Rabu, 09 September 2026 15:24:00",NASA-MODIS,Low,110.57755,-2.04062,False,False,False,False,True,True,Di Luar Area Pantauan (>1000m dari Desa)
Batu Ampar,Tanjungharapan,"Rabu, 09 September 2026 15:24:00",NASA-MODIS,Low,109.51254,-0.83125,True,False,True,True,True,True,Prioritas 4 (Waspada)
Ella Hilir,Nanga Nyuruh,"Rabu, 09 September 2026 15:24:00",NASA-MODIS,Low,112.10902,-0.53409,False,False,False,False,False,False,Di Luar Area Pantauan (>1000m dari Desa)
Kendawangan,Pangkalan Batu,"Rabu, 09 September 2026 15:24:00",NASA-MODIS,Low,110.3702,-2.11719,False,False,False,False,False,False,Di Luar Area Pantauan (>1000m dari Desa)
Nanga Mahap,Karang Betung,"Rabu, 09 September 2026 13:57:00",NASA-SNPP,Low,110.87651,-0.64735,True,False,False,False,False,False,Prioritas 4 (Waspada)
Mukok,Kedukul,"Rabu, 09 September 2026 13:57:00",NASA-SNPP,Low,110.83724,0.09598,False,False,False,False,False,False,Di Luar Area Pantauan (>1000m dari Desa)
Mukok,Kedukul,"Rabu, 09 September 2026 13:57:00",NASA-SNPP,Low,110.83683,0.10199,False,False,False,False,False,False,Di Luar Area Pantauan (>1000m dari Desa)
Mempawah Hilir,Sengkubang,"Rabu, 09 September 2026 13:57:00",NASA-SNPP,Low,109.02544,0.44646,False,False,False,True,False,True,Di Luar Area Pantauan (>1000m dari Desa)
Nanga Tayap,Betenung,"Rabu, 09 September 2026 13:57:00",NASA-SNPP,Low,110.72807,-1.54318,False,False,False,False,False,False,Di Luar Area Pantauan (>1000m dari Desa)
Simpang Dua,Kampar Sebomban,"Rabu, 09 September 2026 13:57:00",NASA-SNPP,Low,110.16321,-0.82765,False,False,True,False,False,True,Di Luar Area Pantauan (>1000m dari Desa)
Sekadau Hilir,Seberang Kapuas,"Rabu, 09 September 2026 13:57:00",NASA-SNPP,Low,110.82993,0.08877,False,False,False,False,False,False,Di Luar Area Pantauan (>1000m dari Desa)
Simpang Hulu,Kenanga,"Rabu, 09 September 2026 13:57:00",NASA-SNPP,Low,110.55202,-0.66446,False,False,False,False,False,False,Di Luar Area Pantauan (>1000m dari Desa)
Sandai,Pendamaran Indah,"Rabu, 09 September 2026 13:57:00",NASA-SNPP,Low,110.62974,-1.03768,False,False,False,False,False,False,Di Luar Area Pantauan (>1000m dari Desa)
Sekadau Hilir,Seberang Kapuas,"Rabu, 09 September 2026 13:57:00",NASA-SNPP,Low,110.83019,0.09194,False,False,False,False,False,False,Di Luar Area Pantauan (>1000m dari Desa)
Bonti,Bahta,"Rabu, 09 September 2026 13:57:00",NASA-SNPP,Low,110.65584,0.34109,False,False,False,False,False,False,Di Luar Area Pantauan (>1000m dari Desa)
Nanga Taman,Nanga Koman,"Rabu, 09 September 2026 13:57:00",NASA-SNPP,Low,110.71394,-0.32525,False,False,False,False,False,False,Di Luar Area Pantauan (>1000m dari Desa)
Belitang Hilir,Semadu,"Rabu, 09 September 2026 13:57:00",NASA-SNPP,Low,110.95171,0.41864,False,False,False,False,False,False,Di Luar Area Pantauan (>1000m dari Desa)
Nanga Tayap,Betenung,"Rabu, 09 September 2026 13:57:00",NASA-SNPP,Low,110.72877,-1.54406,False,False,False,False,False,False,Di Luar Area Pantauan (>1000m dari Desa)
Pulau Maya,Dusun Besar,"Rabu, 09 September 2026 13:57:00",NASA-SNPP,Low,109.47153,-1.09761,False,False,False,False,False,False,Di Luar Area Pantauan (>1000m dari Desa)
Belitang Hilir,Semadu,"Rabu, 09 September 2026 13:57:00",NASA-SNPP,Low,110.95158,0.42077,False,False,False,False,False,False,Di Luar Area Pantauan (>1000m dari Desa)
Pulau Maya,Dusun Besar,"Rabu, 09 September 2026 13:57:00",NASA-SNPP,Low,109.47272,-1.09367,False,False,False,False,False,False,Di Luar Area Pantauan (>1000m dari Desa)
Manis Mata,Seguling,"Rabu, 09 September 2026 13:54:00",NASA-SNPP,Low,111.08674,-2.56473,False,False,False,False,False,False,Di Luar Area Pantauan (>1000m dari Desa)
Kendawangan,Airhitam Hulu,"Rabu, 09 September 2026 13:54:00",NASA-SNPP,Low,110.50431,-2.64662,False,False,False,False,True,True,Di Luar Area Pantauan (>1000m dari Desa)
Manis Mata,Seguling,"Rabu, 09 September 2026 13:54:00",NASA-SNPP,Low,111.09158,-2.56986,False,False,False,False,False,False,Di Luar Area Pantauan (>1000m dari Desa)
Kendawangan,Airhitam Hulu,"Rabu, 09 September 2026 13:54:00",NASA-SNPP,Low,110.50492,-2.64531,False,False,False,False,True,True,Di Luar Area Pantauan (>1000m dari Desa)
Kendawangan,Airhitam Hulu,"Rabu, 09 September 2026 13:54:00",NASA-SNPP,Low,110.49978,-2.64164,False,False,False,False,True,True,Di Luar Area Pantauan (>1000m dari Desa)
Nanga Tayap,Betenung,"Rabu, 09 September 2026 12:33:00",NASA-NOAA20,Low,110.73034,-1.54625,False,False,False,False,False,False,Di Luar Area Pantauan (>1000m dari Desa)
Simpang Hilir,Matan Jaya,"Rabu, 09 September 2026 12:33:00",NASA-NOAA20,Low,110.14022,-1.09425,False,False,False,True,True,True,Di Luar Area Pantauan (>1000m dari Desa)
Simpang Hilir,Matan Jaya,"Rabu, 09 September 2026 12:33:00",NASA-NOAA20,Low,110.15028,-1.09271,False,False,False,False,True,True,Di Luar Area Pantauan (>1000m dari Desa)
Muara Pawan,Tanjung Pura,"Rabu, 09 September 2026 15:24:00",NASA-MODIS,Low,110.11953,-1.69278,False,False,True,True,False,True,Di Luar Area Pantauan (>1000m dari Desa)
Matan Hilir Selatan,Sungai Besar,"Rabu, 09 September 2026 12:33:00",NASA-NOAA20,Low,110.20969,-1.87873,False,False,True,True,False,True,Di Luar Area Pantauan (>1000m dari Desa)
Sungai Raya,Kalibandung,"Rabu, 09 September 2026 12:33:00",NASA-NOAA20,Low,109.6498,-0.33403,False,False,False,True,False,True,Di Luar Area Pantauan (>1000m dari Desa)
Ketungau Hilir,Air Nyuruk,"Rabu, 09 September 2026 15:24:00",NASA-MODIS,Low,111.54391,0.57075,False,False,False,False,False,False,Di Luar Area Pantauan (>1000m dari Desa)
Simpang Hilir,Matan Jaya,"Rabu, 09 September 2026 12:33:00",NASA-NOAA20,Low,110.14358,-1.09374,False,False,False,True,True,True,Di Luar Area Pantauan (>1000m dari Desa)
Simpang Hilir,Lubuk Batu,"Rabu, 09 September 2026 12:33:00",NASA-NOAA20,Low,110.09592,-0.96057,False,False,False,False,False,False,Di Luar Area Pantauan (>1000m dari Desa)
Sungai Raya,Kalibandung,"Rabu, 09 September 2026 12:33:00",NASA-NOAA20,Low,109.67113,-0.33067,False,False,False,True,False,True,Di Luar Area Pantauan (>1000m dari Desa)
Sekadau Hilir,Seberang Kapuas,"Rabu, 09 September 2026 12:33:00",NASA-NOAA20,Low,110.90392,0.05789,False,False,False,False,False,False,Di Luar Area Pantauan (>1000m dari Desa)
Matan Hilir Selatan,Sungai Besar,"Rabu, 09 September 2026 12:33:00",NASA-NOAA20,Low,110.21047,-1.88414,False,False,True,True,False,True,Di Luar Area Pantauan (>1000m dari Desa)
Matan Hilir Selatan,Sungai Besar,"Rabu, 09 September 2026 12:33:00",NASA-NOAA20,Low,110.20543,-1.87385,False,False,True,True,False,True,Di Luar Area Pantauan (>1000m dari Desa)
Simpang Hulu,Kualan Hilir,"Rabu, 09 September 2026 12:33:00",NASA-NOAA20,Low,110.22844,-0.62411,False,False,False,False,False,False,Di Luar Area Pantauan (>1000m dari Desa)
Nanga Tayap,Simpang Tiga Sembelangaan,"Rabu, 09 September 2026 12:33:00",NASA-NOAA20,Low,110.39008,-1.46369,False,False,False,False,False,False,Di Luar Area Pantauan (>1000m dari Desa)
Matan Hilir Selatan,Sungai Besar,"Rabu, 09 September 2026 12:33:00",NASA-NOAA20,Low,110.2011,-1.86898,False,False,False,True,False,True,Di Luar Area Pantauan (>1000m dari Desa)
Matan Hilir Selatan,Sungai Besar,"Rabu, 09 September 2026 12:33:00",NASA-NOAA20,Low,110.20123,-1.87116,False,False,False,True,False,True,Di Luar Area Pantauan (>1000m dari Desa)
Matan Hilir Selatan,Sungai Besar,"Rabu, 09 September 2026 12:33:00",NASA-NOAA20,Low,110.20559,-1.87606,False,False,True,True,False,True,Di Luar Area Pantauan (>1000m dari Desa)
Sekadau Hilir,Seraras,"Rabu, 09 September 2026 13:57:00",NASA-SNPP,Low,110.97289,0.11507,False,False,False,False,False,False,Di Luar Area Pantauan (>1000m dari Desa)
Matan Hilir Selatan,Pagar Mentimun,"Rabu, 09 September 2026 15:24:00",NASA-MODIS,Low,110.15558,-2.24205,False,False,False,False,False,False,Di Luar Area Pantauan (>1000m dari Desa)
Matan Hilir Selatan,Pesaguan Kanan,"Rabu, 09 September 2026 15:24:00",NASA-MODIS,Low,110.34983,-2.01928,False,False,False,True,False,True,Di Luar Area Pantauan (>1000m dari Desa)
Muara Pawan,Ulak Medang,"Rabu, 09 September 2026 15:24:00",NASA-MODIS,Medium,110.26695,-1.52264,False,False,True,True,False,True,Di Luar Area Pantauan (>1000m dari Desa)
Muara Pawan,Tempurukan,"Rabu, 09 September 2026 15:24:00",NASA-MODIS,Medium,110.08994,-1.67901,False,False,True,True,False,True,Di Luar Area Pantauan (>1000m dari Desa)
Matan Hilir Utara,Sungai Putri,"Rabu, 09 September 2026 15:24:00",NASA-MODIS,Medium,110.08035,-1.59645,False,False,True,True,False,True,Di Luar Area Pantauan (>1000m dari Desa)
Simpang Dua,Semandang Kanan,"Rabu, 09 September 2026 15:24:00",NASA-MODIS,Medium,110.39695,-0.76451,False,False,False,False,False,False,Di Luar Area Pantauan (>1000m dari Desa)
Kendawangan,Kedondong,"Rabu, 09 September 2026 15:24:00",NASA-MODIS,Medium,110.2878,-2.20426,False,False,False,False,False,False,Di Luar Area Pantauan (>1000m dari Desa)
Muara Pawan,Ulak Medang,"Rabu, 09 September 2026 15:24:00",NASA-MODIS,Medium,110.27838,-1.64187,False,False,False,True,False,True,Di Luar Area Pantauan (>1000m dari Desa)
Sekadau Hulu,Sunsong,"Rabu, 09 September 2026 15:24:00",NASA-MODIS,Medium,111.02617,-0.34688,False,False,False,False,False,False,Di Luar Area Pantauan (>1000m dari Desa)
Nanga Taman,Sungailawak,"Rabu, 09 September 2026 15:24:00",NASA-MODIS,Medium,110.74847,-0.25999,False,False,False,False,False,False,Di Luar Area Pantauan (>1000m dari Desa)
Manis Mata,Seguling,"Rabu, 09 September 2026 15:24:00",NASA-MODIS,Medium,111.08094,-2.63099,False,False,False,False,False,False,Di Luar Area Pantauan (>1000m dari Desa)
Kelam Permai,Gemba Raya,"Rabu, 09 September 2026 15:24:00",NASA-MODIS,Medium,111.78613,0.13588,False,False,False,False,False,False,Di Luar Area Pantauan (>1000m dari Desa)
Hulu Sungai,Kenyabur,"Rabu, 09 September 2026 15:24:00",NASA-MODIS,Medium,110.9118,-0.67969,True,False,False,False,False,False,Prioritas 2 (Sedang)
Serawai,Buntut Ponte,"Rabu, 09 September 2026 15:24:00",NASA-MODIS,Medium,112.53556,-0.38838,False,False,False,False,False,False,Di Luar Area Pantauan (>1000m dari Desa)
Teluk Pakedai,Kuala Karang,"Rabu, 09 September 2026 15:24:00",NASA-MODIS,Medium,109.12517,-0.47934,True,True,False,False,True,True,Prioritas 1 (Tinggi)
Batu Ampar,Batu Ampar,"Rabu, 09 September 2026 15:24:00",NASA-MODIS,Medium,109.54449,-0.78744,False,False,True,True,True,True,Di Luar Area Pantauan (>1000m dari Desa)
Kendawangan,Airhitam Hulu,"Rabu, 09 September 2026 15:24:00",NASA-MODIS,Medium,110.50532,-2.65174,False,False,False,False,True,True,Di Luar Area Pantauan (>1000m dari Desa)
Simpang Dua,Semandang Kanan,"Rabu, 09 September 2026 15:24:00",NASA-MODIS,Medium,110.38902,-0.7749,False,False,False,False,False,False,Di Luar Area Pantauan (>1000m dari Desa)
Pulau Maya,Dusun Kecil,"Rabu, 09 September 2026 15:24:00",NASA-MODIS,Medium,109.52267,-1.0595,False,False,False,True,False,True,Di Luar Area Pantauan (>1000m dari Desa)
Pulau Maya,Satai Lestari,"Rabu, 09 September 2026 15:24:00",NASA-MODIS,Medium,109.66978,-1.10264,False,False,True,True,True,True,Di Luar Area Pantauan (>1000m dari Desa)
Nanga Tayap,Batu Mas,"Rabu, 09 September 2026 15:24:00",NASA-MODIS,Medium,110.65952,-1.69524,False,False,True,False,False,True,Di Luar Area Pantauan (>1000m dari Desa)
Batu Ampar,Batu Ampar,"Rabu, 09 September 2026 15:24:00",NASA-MODIS,Medium,109.65758,-0.91963,False,False,True,False,False,True,Di Luar Area Pantauan (>1000m dari Desa)
Nanga Mahap,Tembesuk,"Rabu, 09 September 2026 15:24:00",NASA-MODIS,Medium,110.78635,-0.52277,False,False,False,False,False,False,Di Luar Area Pantauan (>1000m dari Desa)
Manis Mata,Silat,"Rabu, 09 September 2026 15:24:00",NASA-MODIS,Medium,110.93772,-2.27358,False,False,False,False,False,False,Di Luar Area Pantauan (>1000m dari Desa)
Matan Hilir Selatan,Pesaguan Kanan,"Rabu, 09 September 2026 15:24:00",NASA-MODIS,Medium,110.32259,-2.02333,False,False,False,True,False,True,Di Luar Area Pantauan (>1000m dari Desa)
Muara Pawan,Ulak Medang,"Rabu, 09 September 2026 15:24:00",NASA-MODIS,Medium,110.26929,-1.64323,False,False,True,True,False,True,Di Luar Area Pantauan (>1000m dari Desa)
Belitang Hulu,Balai Sepuak,"Rabu, 09 September 2026 15:24:00",NASA-MODIS,Medium,111.21177,0.51142,False,False,False,False,False,False,Di Luar Area Pantauan (>1000m dari Desa)
Manis Mata,Air Dekakah,"Rabu, 09 September 2026 15:24:00",NASA-MODIS,Medium,110.95905,-2.30755,False,False,False,False,False,False,Di Luar Area Pantauan (>1000m dari Desa)
Sekadau Hulu,Sungaisambang,"Rabu, 09 September 2026 15:24:00",NASA-MODIS,Medium,110.95846,-0.14733,False,False,False,False,False,False,Di Luar Area Pantauan (>1000m dari Desa)
Singkup,Suka Mulya,"Rabu, 09 September 2026 15:24:00",NASA-MODIS,Medium,110.64526,-2.32665,False,False,False,False,False,False,Di Luar Area Pantauan (>1000m dari Desa)
Kendawangan,Airhitam Hulu,"Rabu, 09 September 2026 15:24:00",NASA-MODIS,Medium,110.51442,-2.65039,False,False,False,False,True,True,Di Luar Area Pantauan (>1000m dari Desa)
Sungai Ambawang,Teluk Bakung,"Rabu, 09 September 2026 15:24:00",NASA-MODIS,Medium,109.68243,-0.02782,False,False,False,True,False,True,Di Luar Area Pantauan (>1000m dari Desa)
Batu Ampar,Teluknibung,"Rabu, 09 September 2026 15:24:00",NASA-MODIS,Medium,109.51184,-0.8102,False,False,False,True,True,True,Di Luar Area Pantauan (>1000m dari Desa)
Kendawangan,Kedondong,"Rabu, 09 September 2026 15:24:00",NASA-MODIS,Medium,110.33246,-2.28032,False,False,False,False,False,False,Di Luar Area Pantauan (>1000m dari Desa)
Matan Hilir Utara,Lamon Satong,"Rabu, 09 September 2026 15:24:00",NASA-MODIS,Medium,110.19298,-1.52439,False,False,True,True,False,True,Di Luar Area Pantauan (>1000m dari Desa)
Sungai Ambawang,Teluk Bakung,"Rabu, 09 September 2026 15:24:00",NASA-MODIS,Medium,109.75288,-0.00842,False,False,False,True,False,True,Di Luar Area Pantauan (>1000m dari Desa)
Pulau Maya,Dusun Kecil,"Rabu, 09 September 2026 15:24:00",NASA-MODIS,Medium,109.56898,-1.00775,False,False,True,False,False,True,Di Luar Area Pantauan (>1000m dari Desa)
Sukadana,Sejahtera,"Rabu, 09 September 2026 15:24:00",NASA-MODIS,Medium,110.03473,-1.26982,False,False,False,False,True,True,Di Luar Area Pantauan (>1000m dari Desa)
Simpang Hulu,Sekucing Labai,"Rabu, 09 September 2026 15:24:00",NASA-MODIS,Medium,110.11282,-0.50083,False,False,False,False,False,False,Di Luar Area Pantauan (>1000m dari Desa)
Muara Pawan,Ulak Medang,"Rabu, 09 September 2026 15:24:00",NASA-MODIS,Medium,110.23702,-1.50879,False,False,True,True,False,True,Di Luar Area Pantauan (>1000m dari Desa)
Muara Pawan,Ulak Medang,"Rabu, 09 September 2026 15:24:00",NASA-MODIS,Medium,110.25653,-1.51504,False,False,True,True,False,True,Di Luar Area Pantauan (>1000m dari Desa)
Manis Mata,Jambi,"Rabu, 09 September 2026 15:24:00",NASA-MODIS,Medium,111.06998,-2.68872,False,False,False,False,False,False,Di Luar Area Pantauan (>1000m dari Desa)
Matan Hilir Selatan,Sungai Besar,"Rabu, 09 September 2026 15:24:00",NASA-MODIS,Medium,110.21652,-1.89057,False,False,True,True,False,True,Di Luar Area Pantauan (>1000m dari Desa)
Tanah Pinoh Barat,Ulak Muid,"Rabu, 09 September 2026 15:24:00",NASA-MODIS,Medium,111.52171,-0.68173,False,False,False,False,False,False,Di Luar Area Pantauan (>1000m dari Desa)
Serawai,Karya Jaya,"Rabu, 09 September 2026 15:24:00",NASA-MODIS,Medium,112.69691,-0.25447,False,False,False,False,False,False,Di Luar Area Pantauan (>1000m dari Desa)
Sekadau Hilir,Seraras,"Rabu, 09 September 2026 15:24:00",NASA-MODIS,Medium,111.00771,0.13086,False,False,False,False,False,False,Di Luar Area Pantauan (>1000m dari Desa)
Ketungau Tengah,Mungguk Lawang,"Rabu, 09 September 2026 15:24:00",NASA-MODIS,Medium,111.70534,0.6677,False,False,False,False,True,True,Di Luar Area Pantauan (>1000m dari Desa)
Matan Hilir Selatan,Pesaguan Kanan,"Rabu, 09 September 2026 15:24:00",NASA-MODIS,Medium,110.15846,-2.01814,False,False,False,False,False,False,Di Luar Area Pantauan (>1000m dari Desa)
Manis Mata,Suka Ramai,"Rabu, 09 September 2026 15:24:00",NASA-MODIS,Medium,111.09998,-2.71988,False,False,False,False,False,False,Di Luar Area Pantauan (>1000m dari Desa)
Ketungau Tengah,Sumber Sari,"Rabu, 09 September 2026 15:24:00",NASA-MODIS,Medium,111.37634,0.74426,False,False,False,False,False,False,Di Luar Area Pantauan (>1000m dari Desa)
Kendawangan,Banjar Sari,"Rabu, 09 September 2026 15:24:00",NASA-MODIS,Medium,110.23135,-2.50753,False,False,False,False,False,False,Di Luar Area Pantauan (>1000m dari Desa)
Marau,Batu Payung Dua,"Rabu, 09 September 2026 15:24:00",NASA-MODIS,Medium,110.56464,-2.01493,False,False,True,False,True,True,Di Luar Area Pantauan (>1000m dari Desa)
Kendawangan,Seriam,"Rabu, 09 September 2026 15:24:00",NASA-MODIS,Medium,110.35664,-2.56381,False,False,False,False,True,True,Di Luar Area Pantauan (>1000m dari Desa)
Ketungau Hilir,Air Nyuruk,"Rabu, 09 September 2026 15:24:00",NASA-MODIS,Medium,111.55499,0.5724,False,False,False,False,False,False,Di Luar Area Pantauan (>1000m dari Desa)
Nanga Tayap,Batu Mas,"Rabu, 09 September 2026 15:24:00",NASA-MODIS,Medium,110.65015,-1.69664,False,False,True,False,False,True,Di Luar Area Pantauan (>1000m dari Desa)
Belitang Hulu,Bukitrambat,"Rabu, 09 September 2026 15:24:00",NASA-MODIS,Medium,111.21694,0.5759,False,False,False,False,False,False,Di Luar Area Pantauan (>1000m dari Desa)
Sungai Raya,Kalibandung,"Rabu, 09 September 2026 15:24:00",NASA-MODIS,Medium,109.6633,-0.32658,False,False,False,True,False,True,Di Luar Area Pantauan (>1000m dari Desa)
Sekayam,Sangai Tekam,"Rabu, 09 September 2026 15:24:00",NASA-MODIS,Medium,110.69909,0.86941,False,False,False,False,False,False,Di Luar Area Pantauan (>1000m dari Desa)
Sungai Ambawang,Teluk Bakung,"Rabu, 09 September 2026 15:24:00",NASA-MODIS,Medium,109.77725,0.01333,False,False,False,True,False,True,Di Luar Area Pantauan (>1000m dari Desa)
Kendawangan,Pangkalan Batu,"Rabu, 09 September 2026 15:24:00",NASA-MODIS,Medium,110.40553,-2.16676,False,False,False,False,False,False,Di Luar Area Pantauan (>1000m dari Desa)
Sekadau Hilir,Semabi,"Rabu, 09 September 2026 15:24:00",NASA-MODIS,Medium,110.89993,0.09564,False,False,False,False,False,False,Di Luar Area Pantauan (>1000m dari Desa)
Matan Hilir Selatan,Kemuning Biutak,"Rabu, 09 September 2026 15:24:00",NASA-MODIS,Medium,110.4203,-2.05455,False,False,False,False,False,False,Di Luar Area Pantauan (>1000m dari Desa)
Sukadana,Sejahtera,"Rabu, 09 September 2026 15:24:00",NASA-MODIS,Medium,110.05275,-1.26717,False,False,True,True,True,True,Di Luar Area Pantauan (>1000m dari Desa)
Sungai Raya,Muara Baru,"Rabu, 09 September 2026 15:24:00",NASA-MODIS,Medium,109.8187,-0.1836,False,False,True,True,True,True,Di Luar Area Pantauan (>1000m dari Desa)
Meliau,Kuala Rosan,"Rabu, 09 September 2026 15:24:00",NASA-MODIS,Medium,110.48893,-0.23263,False,False,False,False,False,False,Di Luar Area Pantauan (>1000m dari Desa)
Bonti,Bahta,"Rabu, 09 September 2026 15:24:00",NASA-MODIS,Medium,110.63252,0.34324,False,False,False,False,False,False,Di Luar Area Pantauan (>1000m dari Desa)
Kendawangan,Pembedilan,"Rabu, 09 September 2026 15:24:00",NASA-MODIS,Medium,110.29533,-2.89492,False,False,False,False,True,True,Di Luar Area Pantauan (>1000m dari Desa)
Manis Mata,Seguling,"Rabu, 09 September 2026 15:24:00",NASA-MODIS,Medium,111.0923,-2.62045,False,False,False,True,False,True,Di Luar Area Pantauan (>1000m dari Desa)
Batu Ampar,Nipah Panjang,"Rabu, 09 September 2026 15:24:00",NASA-MODIS,Medium,109.42234,-0.75155,False,False,False,False,True,True,Di Luar Area Pantauan (>1000m dari Desa)
Matan Hilir Utara,Lamon Satong,"Rabu, 09 September 2026 08:34:00",NASA-MODIS,Medium,110.18233,-1.51954,False,False,False,False,False,False,Di Luar Area Pantauan (>1000m dari Desa)
Kendawangan,Pangkalan Batu,"Rabu, 09 September 2026 15:24:00",NASA-MODIS,Medium,110.35069,-2.11097,False,False,False,False,False,False,Di Luar Area Pantauan (>1000m dari Desa)
Jangkang,Sape,"Rabu, 09 September 2026 15:24:00",NASA-MODIS,Medium,110.89687,0.33473,False,False,False,False,False,False,Di Luar Area Pantauan (>1000m dari Desa)
Ketungau Hulu,Muakan Petinggi,"Rabu, 09 September 2026 15:24:00",NASA-MODIS,Medium,110.95631,0.87806,False,False,False,False,False,False,Di Luar Area Pantauan (>1000m dari Desa)
Sekadau Hilir,Landau Kodah,"Rabu, 09 September 2026 15:24:00",NASA-MODIS,Medium,110.88551,0.14841,False,False,False,False,False,False,Di Luar Area Pantauan (>1000m dari Desa)
Simpang Dua,Kampar Sebomban,"Rabu, 09 September 2026 15:24:00",NASA-MODIS,Medium,110.22309,-0.82674,False,False,True,False,False,True,Di Luar Area Pantauan (>1000m dari Desa)
Ketungau Hilir,Air Nyuruk,"Rabu, 09 September 2026 15:24:00",NASA-MODIS,Medium,111.53276,0.56908,False,False,False,False,False,False,Di Luar Area Pantauan (>1000m dari Desa)
Simpang Hulu,Kualan Hilir,"Rabu, 09 September 2026 15:24:00",NASA-MODIS,Medium,110.17318,-0.61248,False,False,False,False,False,False,Di Luar Area Pantauan (>1000m dari Desa)
Belitang Hulu,Batuk Mulau,"Rabu, 09 September 2026 15:24:00",NASA-MODIS,Medium,111.10603,0.50543,False,False,False,False,False,False,Di Luar Area Pantauan (>1000m dari Desa)
Tanah Pinoh,Bina Jaya,"Rabu, 09 September 2026 15:24:00",NASA-MODIS,Medium,111.59788,-0.78322,False,False,False,False,False,False,Di Luar Area Pantauan (>1000m dari Desa)
Kendawangan,Airhitam Hulu,"Rabu, 09 September 2026 15:24:00",NASA-MODIS,Medium,110.52487,-2.65797,False,False,False,False,True,True,Di Luar Area Pantauan (>1000m dari Desa)
Manis Mata,Seguling,"Rabu, 09 September 2026 15:24:00",NASA-MODIS,Medium,111.0659,-2.6613,False,False,False,False,False,False,Di Luar Area Pantauan (>1000m dari Desa)
Matan Hilir Selatan,Pagar Mentimun,"Rabu, 09 September 2026 15:24:00",NASA-MODIS,Medium,110.23639,-2.23007,False,False,False,True,True,True,Di Luar Area Pantauan (>1000m dari Desa)
Belimbing Hulu,Nanga Tikan,"Rabu, 09 September 2026 15:24:00",NASA-MODIS,Medium,111.59485,-0.45672,False,False,False,False,False,False,Di Luar Area Pantauan (>1000m dari Desa)
Mempawah Hilir,Malikian,"Rabu, 09 September 2026 15:24:00",NASA-MODIS,Medium,109.01353,0.4643,False,False,True,True,False,True,Di Luar Area Pantauan (>1000m dari Desa)
Belitang Hilir,Menawai Tekam,"Rabu, 09 September 2026 15:24:00",NASA-MODIS,Medium,110.93137,0.28507,False,False,False,True,False,True,Di Luar Area Pantauan (>1000m dari Desa)
Ketungau Tengah,Panggi Ruguk,"Rabu, 09 September 2026 15:24:00",NASA-MODIS,Medium,111.33097,0.61232,False,False,False,False,False,False,Di Luar Area Pantauan (>1000m dari Desa)
Muara Pawan,Ulak Medang,"Rabu, 09 September 2026 15:24:00",NASA-MODIS,Medium,110.28882,-1.64945,False,False,False,True,False,True,Di Luar Area Pantauan (>1000m dari Desa)
Sungai Ambawang,Pasak Piang,"Rabu, 09 September 2026 15:24:00",NASA-MODIS,Medium,109.61431,-0.13988,False,False,False,True,False,True,Di Luar Area Pantauan (>1000m dari Desa)
Matan Hilir Selatan,Pagar Mentimun,"Rabu, 09 September 2026 15:24:00",NASA-MODIS,Medium,110.24538,-2.22874,False,False,True,True,True,True,Di Luar Area Pantauan (>1000m dari Desa)
Manis Mata,Seguling,"Rabu, 09 September 2026 15:24:00",NASA-MODIS,Medium,111.08681,-2.58383,False,False,False,False,False,False,Di Luar Area Pantauan (>1000m dari Desa)
Kendawangan,Kendawangan Kiri,"Rabu, 09 September 2026 15:24:00",NASA-MODIS,Medium,110.22239,-2.50886,False,False,False,False,False,False,Di Luar Area Pantauan (>1000m dari Desa)
Ketungau Tengah,Panggi Ruguk,"Rabu, 09 September 2026 15:24:00",NASA-MODIS,Medium,111.34173,0.61391,False,False,False,False,False,False,Di Luar Area Pantauan (>1000m dari Desa)
Pulau Maya,Dusun Kecil,"Rabu, 09 September 2026 15:24:00",NASA-MODIS,Medium,109.5778,-1.00644,False,False,False,False,False,False,Di Luar Area Pantauan (>1000m dari Desa)
Belitang Hulu,Sungaitapah,"Rabu, 09 September 2026 15:24:00",NASA-MODIS,Medium,111.05439,0.49774,False,False,False,False,False,False,Di Luar Area Pantauan (>1000m dari Desa)
Belitang Hulu,Bukitrambat,"Rabu, 09 September 2026 15:24:00",NASA-MODIS,Medium,111.20642,0.57435,False,False,False,False,False,False,Di Luar Area Pantauan (>1000m dari Desa)
Kendawangan,Kedondong,"Rabu, 09 September 2026 15:24:00",NASA-MODIS,Medium,110.32354,-2.28165,False,False,False,False,False,False,Di Luar Area Pantauan (>1000m dari Desa)
Kendawangan,Mekar Utama,"Rabu, 09 September 2026 15:24:00",NASA-MODIS,Medium,110.23267,-2.26694,False,False,False,False,False,False,Di Luar Area Pantauan (>1000m dari Desa)
Sekadau Hilir,Seraras,"Rabu, 09 September 2026 15:24:00",NASA-MODIS,Medium,111.01788,0.13238,False,False,False,False,False,False,Di Luar Area Pantauan (>1000m dari Desa)
Sungai Raya,Kalibandung,"Rabu, 09 September 2026 15:24:00",NASA-MODIS,Medium,109.62769,-0.33179,False,False,False,True,False,True,Di Luar Area Pantauan (>1000m dari Desa)
Sungai Laur,Kepari,"Rabu, 09 September 2026 15:24:00",NASA-MODIS,Medium,110.63891,-0.88584,False,False,True,False,False,True,Di Luar Area Pantauan (>1000m dari Desa)
Jangkang,Sape,"Rabu, 09 September 2026 15:24:00",NASA-MODIS,Medium,110.83537,0.33527,False,False,False,False,False,False,Di Luar Area Pantauan (>1000m dari Desa)
Sekayam,Melenggang,"Rabu, 09 September 2026 15:24:00",NASA-MODIS,Medium,110.86141,0.75645,False,False,False,False,False,False,Di Luar Area Pantauan (>1000m dari Desa)
Belitang Hulu,Mengaret,"Rabu, 09 September 2026 15:24:00",NASA-MODIS,Medium,111.24161,0.62851,False,False,False,False,False,False,Di Luar Area Pantauan (>1000m dari Desa)
Ketungau Hilir,Nanga Merkak,"Rabu, 09 September 2026 15:24:00",NASA-MODIS,Medium,111.49051,0.55282,False,False,False,False,False,False,Di Luar Area Pantauan (>1000m dari Desa)
Simpang Hilir,Matan Jaya,"Rabu, 09 September 2026 15:24:00",NASA-MODIS,Medium,110.14469,-1.09621,False,False,False,True,True,True,Di Luar Area Pantauan (>1000m dari Desa)
Tempunak,Riam Batu,"Rabu, 09 September 2026 15:24:00",NASA-MODIS,Medium,111.30962,-0.38803,False,False,False,False,True,True,Di Luar Area Pantauan (>1000m dari Desa)
Ketungau Tengah,Margahayu,"Rabu, 09 September 2026 15:24:00",NASA-MODIS,Medium,111.4388,0.77313,False,False,False,False,False,False,Di Luar Area Pantauan (>1000m dari Desa)
Ketungau Tengah,Sumber Sari,"Rabu, 09 September 2026 15:24:00",NASA-MODIS,Medium,111.37569,0.72045,False,False,False,False,False,False,Di Luar Area Pantauan (>1000m dari Desa)
Sepauk,Nanga Pari,"Rabu, 09 September 2026 15:24:00",NASA-MODIS,Medium,111.16756,-0.41891,True,False,False,False,False,False,Prioritas 2 (Sedang)
Simpang Dua,Gema,"Rabu, 09 September 2026 15:24:00",NASA-MODIS,Medium,110.40372,-0.92059,False,False,True,False,True,True,Di Luar Area Pantauan (>1000m dari Desa)
Ketungau Hulu,Sepiluk,"Rabu, 09 September 2026 15:24:00",NASA-MODIS,Medium,110.93668,0.73877,False,False,False,False,False,False,Di Luar Area Pantauan (>1000m dari Desa)
Jelai Hulu,Semantun,"Rabu, 09 September 2026 15:24:00",NASA-MODIS,Medium,111.061,-2.08872,False,False,False,False,False,False,Di Luar Area Pantauan (>1000m dari Desa)
Batu Ampar,Teluknibung,"Rabu, 09 September 2026 15:24:00",NASA-MODIS,Medium,109.52133,-0.82995,False,True,True,True,True,True,Prioritas 3 (Rendah)
Simpang Hulu,Sekucing Kualan,"Rabu, 09 September 2026 13:57:00",NASA-SNPP,Medium,110.07856,-0.62183,False,False,False,False,False,False,Di Luar Area Pantauan (>1000m dari Desa)
Singkup,Pantai Ketikal,"Rabu, 09 September 2026 15:24:00",NASA-MODIS,Medium,110.74528,-2.44965,False,False,False,False,False,False,Di Luar Area Pantauan (>1000m dari Desa)
Tayan Hilir,Melugai,"Rabu, 09 September 2026 15:24:00",NASA-MODIS,Medium,110.14497,0.04918,False,False,False,False,False,False,Di Luar Area Pantauan (>1000m dari Desa)
Kendawangan,Pangkalan Batu,"Rabu, 09 September 2026 15:24:00",NASA-MODIS,Medium,110.3964,-2.1681,False,False,False,False,False,False,Di Luar Area Pantauan (>1000m dari Desa)
Kendawangan,Air Hitam Besar,"Rabu, 09 September 2026 13:54:00",NASA-SNPP,Medium,110.74327,-2.72685,False,False,True,False,False,True,Di Luar Area Pantauan (>1000m dari Desa)
Kendawangan,Airhitam Hulu,"Rabu, 09 September 2026 13:54:00",NASA-SNPP,Medium,110.52344,-2.64925,False,False,False,False,True,True,Di Luar Area Pantauan (>1000m dari Desa)
Kendawangan,Pembedilan,"Rabu, 09 September 2026 13:54:00",NASA-SNPP,Medium,110.30807,-2.9603,False,False,False,False,True,True,Di Luar Area Pantauan (>1000m dari Desa)
Kendawangan,Airhitam Hulu,"Rabu, 09 September 2026 13:54:00",NASA-SNPP,Medium,110.6171,-2.68391,False,False,False,False,False,False,Di Luar Area Pantauan (>1000m dari Desa)
Kendawangan,Airhitam Hulu,"Rabu, 09 September 2026 13:54:00",NASA-SNPP,Medium,110.51219,-2.64408,False,False,False,False,True,True,Di Luar Area Pantauan (>1000m dari Desa)
Kendawangan,Airhitam Hulu,"Rabu, 09 September 2026 13:54:00",NASA-SNPP,Medium,110.50855,-2.6447,False,False,False,False,True,True,Di Luar Area Pantauan (>1000m dari Desa)
Manis Mata,Jambi,"Rabu, 09 September 2026 13:54:00",NASA-SNPP,Medium,111.06248,-2.66359,False,False,False,False,False,False,Di Luar Area Pantauan (>1000m dari Desa)
Manis Mata,Suka Ramai,"Rabu, 09 September 2026 13:54:00",NASA-SNPP,Medium,111.1046,-2.72178,False,False,False,False,False,False,Di Luar Area Pantauan (>1000m dari Desa)
Kendawangan,Airhitam Hulu,"Rabu, 09 September 2026 13:54:00",NASA-SNPP,Medium,110.51524,-2.64486,False,False,False,False,True,True,Di Luar Area Pantauan (>1000m dari Desa)
Kendawangan,Airhitam Hulu,"Rabu, 09 September 2026 13:54:00",NASA-SNPP,Medium,110.61442,-2.6671,False,False,False,False,False,False,Di Luar Area Pantauan (>1000m dari Desa)
Manis Mata,Seguling,"Rabu, 09 September 2026 13:54:00",NASA-SNPP,Medium,111.08849,-2.57632,False,False,False,False,False,False,Di Luar Area Pantauan (>1000m dari Desa)
Kendawangan,Air Hitam Besar,"Rabu, 09 September 2026 13:54:00",NASA-SNPP,Medium,110.74518,-2.72887,False,False,False,False,False,False,Di Luar Area Pantauan (>1000m dari Desa)
Kendawangan,Airhitam Hulu,"Rabu, 09 September 2026 13:54:00",NASA-SNPP,Medium,110.50707,-2.64046,False,False,False,False,True,True,Di Luar Area Pantauan (>1000m dari Desa)
Kendawangan,Air Hitam Besar,"Rabu, 09 September 2026 13:54:00",NASA-SNPP,Medium,110.7545,-2.7389,False,False,False,False,False,False,Di Luar Area Pantauan (>1000m dari Desa)
Tumbang Titi,Segar Wangi,"Rabu, 09 September 2026 13:57:00",NASA-SNPP,Medium,110.54127,-1.87819,False,False,False,False,False,False,Di Luar Area Pantauan (>1000m dari Desa)
Muara Pawan,Tanjung Pasar,"Rabu, 09 September 2026 13:57:00",NASA-SNPP,Medium,110.01381,-1.83068,False,False,False,False,False,False,Di Luar Area Pantauan (>1000m dari Desa)
Muara Pawan,Ulak Medang,"Rabu, 09 September 2026 13:57:00",NASA-SNPP,Medium,110.29308,-1.64476,False,False,False,True,False,True,Di Luar Area Pantauan (>1000m dari Desa)
Muara Pawan,Ulak Medang,"Rabu, 09 September 2026 13:57:00",NASA-SNPP,Medium,110.28572,-1.64596,False,False,False,True,False,True,Di Luar Area Pantauan (>1000m dari Desa)
Muara Pawan,Tanjung Pura,"Rabu, 09 September 2026 13:57:00",NASA-SNPP,Medium,110.19164,-1.7124,False,False,True,True,False,True,Di Luar Area Pantauan (>1000m dari Desa)
Muara Pawan,Ulak Medang,"Rabu, 09 September 2026 13:57:00",NASA-SNPP,Medium,110.27384,-1.64219,False,False,False,True,False,True,Di Luar Area Pantauan (>1000m dari Desa)
Muara Pawan,Ulak Medang,"Rabu, 09 September 2026 13:57:00",NASA-SNPP,Medium,110.28854,-1.63978,False,False,False,True,False,True,Di Luar Area Pantauan (>1000m dari Desa)
Nanga Tayap,Kayung Tuhe,"Rabu, 09 September 2026 13:57:00",NASA-SNPP,Medium,110.72483,-1.54471,False,False,False,False,False,False,Di Luar Area Pantauan (>1000m dari Desa)
Muara Pawan,Ulak Medang,"Rabu, 09 September 2026 13:57:00",NASA-SNPP,Medium,110.25079,-1.51212,False,False,True,True,False,True,Di Luar Area Pantauan (>1000m dari Desa)
Matan Hilir Utara,Tanjung Baik Budi,"Rabu, 09 September 2026 13:57:00",NASA-SNPP,Medium,110.17809,-1.52358,False,False,False,True,False,True,Di Luar Area Pantauan (>1000m dari Desa)
Matan Hilir Utara,Lamon Satong,"Rabu, 09 September 2026 13:57:00",NASA-SNPP,Medium,110.18531,-1.52244,False,False,False,True,False,True,Di Luar Area Pantauan (>1000m dari Desa)
Matan Hilir Utara,Kuala Tolak,"Rabu, 09 September 2026 13:57:00",NASA-SNPP,Medium,110.18089,-1.51745,False,False,False,False,False,False,Di Luar Area Pantauan (>1000m dari Desa)
Muara Pawan,Ulak Medang,"Rabu, 09 September 2026 13:57:00",NASA-SNPP,Medium,110.24713,-1.5127,False,False,True,True,False,True,Di Luar Area Pantauan (>1000m dari Desa)
Pulau Maya,Dusun Besar,"Rabu, 09 September 2026 13:57:00",NASA-SNPP,Medium,109.47074,-1.09228,False,False,False,False,False,False,Di Luar Area Pantauan (>1000m dari Desa)
Pulau Maya,Dusun Besar,"Rabu, 09 September 2026 13:57:00",NASA-SNPP,Medium,109.46965,-1.09415,False,False,False,False,False,False,Di Luar Area Pantauan (>1000m dari Desa)
Simpang Dua,Kampar Sebomban,"Rabu, 09 September 2026 13:57:00",NASA-SNPP,Medium,110.18842,-0.90719,False,False,False,False,False,False,Di Luar Area Pantauan (>1000m dari Desa)
Simpang Hilir,Sungaimata-Mata,"Rabu, 09 September 2026 13:57:00",NASA-SNPP,Medium,109.93663,-0.96479,False,False,True,True,False,True,Di Luar Area Pantauan (>1000m dari Desa)
Simpang Hilir,Sungaimata-Mata,"Rabu, 09 September 2026 13:57:00",NASA-SNPP,Medium,109.94269,-0.98074,False,False,True,True,False,True,Di Luar Area Pantauan (>1000m dari Desa)
Sungai Laur,Merabu Jaya,"Rabu, 09 September 2026 13:57:00",NASA-SNPP,Medium,110.6438,-0.64986,False,False,False,False,False,False,Di Luar Area Pantauan (>1000m dari Desa)
Sungai Laur,Harapan Baru,"Rabu, 09 September 2026 13:57:00",NASA-SNPP,Medium,110.52589,-0.70394,False,False,False,False,False,False,Di Luar Area Pantauan (>1000m dari Desa)
Nanga Taman,Nanga Koman,"Rabu, 09 September 2026 13:57:00",NASA-SNPP,Medium,110.70984,-0.3259,False,False,False,False,False,False,Di Luar Area Pantauan (>1000m dari Desa)
Nanga Taman,Nanga Koman,"Rabu, 09 September 2026 13:57:00",NASA-SNPP,Medium,110.71082,-0.33174,False,False,False,False,False,False,Di Luar Area Pantauan (>1000m dari Desa)
Sekadau Hilir,Seberang Kapuas,"Rabu, 09 September 2026 13:57:00",NASA-SNPP,Medium,110.90959,0.0926,False,False,False,False,False,False,Di Luar Area Pantauan (>1000m dari Desa)
Sekadau Hilir,Seberang Kapuas,"Rabu, 09 September 2026 13:57:00",NASA-SNPP,Medium,110.88034,0.08179,False,False,False,False,False,False,Di Luar Area Pantauan (>1000m dari Desa)
Mukok,Sungai Mawang,"Rabu, 09 September 2026 13:57:00",NASA-SNPP,Medium,110.83608,0.13834,False,False,False,False,False,False,Di Luar Area Pantauan (>1000m dari Desa)
Sungai Ambawang,Teluk Bakung,"Rabu, 09 September 2026 13:57:00",NASA-SNPP,Medium,109.74381,-0.01685,False,False,True,True,False,True,Di Luar Area Pantauan (>1000m dari Desa)
Belitang Hilir,Menawai Tekam,"Rabu, 09 September 2026 13:57:00",NASA-SNPP,Medium,110.93533,0.28715,False,False,False,True,False,True,Di Luar Area Pantauan (>1000m dari Desa)
Kapuas,Entakai,"Rabu, 09 September 2026 13:57:00",NASA-SNPP,Medium,110.67569,0.25598,False,False,False,False,False,False,Di Luar Area Pantauan (>1000m dari Desa)
Sengah Temila,Aur Sampuk,"Rabu, 09 September 2026 13:57:00",NASA-SNPP,Medium,109.61955,0.31207,False,False,False,False,False,False,Di Luar Area Pantauan (>1000m dari Desa)
Sengah Temila,Aur Sampuk,"Rabu, 09 September 2026 13:57:00",NASA-SNPP,Medium,109.62105,0.30667,False,False,False,False,False,False,Di Luar Area Pantauan (>1000m dari Desa)
Belitang Hulu,Seburuk Satu,"Rabu, 09 September 2026 13:57:00",NASA-SNPP,Medium,110.99612,0.54585,False,False,False,False,False,False,Di Luar Area Pantauan (>1000m dari Desa)
Ketungau Hulu,Sepiluk,"Rabu, 09 September 2026 13:57:00",NASA-SNPP,Medium,110.90476,0.76922,False,False,False,False,False,False,Di Luar Area Pantauan (>1000m dari Desa)
Mempawah Hilir,Sengkubang,"Rabu, 09 September 2026 13:57:00",NASA-SNPP,Medium,109.01817,0.45077,False,False,True,True,False,True,Di Luar Area Pantauan (>1000m dari Desa)
Manis Mata,Suak Burung,"Rabu, 09 September 2026 13:57:00",NASA-SNPP,Medium,111.04402,-2.31647,False,False,False,False,False,False,Di Luar Area Pantauan (>1000m dari Desa)
Manis Mata,Suak Burung,"Rabu, 09 September 2026 13:57:00",NASA-SNPP,Medium,111.04314,-2.31067,False,False,False,False,False,False,Di Luar Area Pantauan (>1000m dari Desa)
Simpang Dua,Kampar Sebomban,"Rabu, 09 September 2026 13:57:00",NASA-SNPP,Medium,110.18386,-0.90219,False,False,False,False,False,False,Di Luar Area Pantauan (>1000m dari Desa)
Simpang Hulu,Balai Pinang Hulu,"Rabu, 09 September 2026 13:57:00",NASA-SNPP,Medium,110.37348,-0.63316,False,False,False,False,False,False,Di Luar Area Pantauan (>1000m dari Desa)
Muara Pawan,Mayak,"Rabu, 09 September 2026 13:57:00",NASA-SNPP,Medium,110.18604,-1.7473,False,False,False,True,False,True,Di Luar Area Pantauan (>1000m dari Desa)
Muara Pawan,Ulak Medang,"Rabu, 09 September 2026 13:57:00",NASA-SNPP,Medium,110.28939,-1.64536,False,False,False,True,False,True,Di Luar Area Pantauan (>1000m dari Desa)
Nanga Tayap,Kayung Tuhe,"Rabu, 09 September 2026 13:57:00",NASA-SNPP,Medium,110.72409,-1.54381,False,False,False,False,False,False,Di Luar Area Pantauan (>1000m dari Desa)
Muara Pawan,Ulak Medang,"Rabu, 09 September 2026 13:57:00",NASA-SNPP,Medium,110.26996,-1.51482,False,False,False,True,False,True,Di Luar Area Pantauan (>1000m dari Desa)
Muara Pawan,Ulak Medang,"Rabu, 09 September 2026 13:57:00",NASA-SNPP,Medium,110.2811,-1.51307,False,False,False,False,False,False,Di Luar Area Pantauan (>1000m dari Desa)
Matan Hilir Utara,Kuala Tolak,"Rabu, 09 September 2026 13:57:00",NASA-SNPP,Medium,110.17726,-1.51803,False,False,False,False,False,False,Di Luar Area Pantauan (>1000m dari Desa)
Matan Hilir Utara,Kuala Tolak,"Rabu, 09 September 2026 13:57:00",NASA-SNPP,Medium,110.1468,-1.4661,False,False,True,True,False,True,Di Luar Area Pantauan (>1000m dari Desa)
Matan Hilir Utara,Kuala Tolak,"Rabu, 09 September 2026 13:57:00",NASA-SNPP,Medium,110.12592,-1.49782,False,False,True,True,False,True,Di Luar Area Pantauan (>1000m dari Desa)
Matan Hilir Utara,Kuala Tolak,"Rabu, 09 September 2026 13:57:00",NASA-SNPP,Medium,110.11491,-1.4486,False,False,False,False,False,False,Di Luar Area Pantauan (>1000m dari Desa)
Matan Hilir Utara,Kuala Tolak,"Rabu, 09 September 2026 13:57:00",NASA-SNPP,Medium,110.10576,-1.46142,False,False,False,False,False,False,Di Luar Area Pantauan (>1000m dari Desa)
Matan Hilir Utara,Kuala Tolak,"Rabu, 09 September 2026 13:57:00",NASA-SNPP,Medium,110.10387,-1.47305,False,False,False,False,False,False,Di Luar Area Pantauan (>1000m dari Desa)
Matan Hilir Utara,Kuala Tolak,"Rabu, 09 September 2026 13:57:00",NASA-SNPP,Medium,110.10658,-1.46695,False,False,False,False,False,False,Di Luar Area Pantauan (>1000m dari Desa)
Simpang Hulu,Sekucing Labai,"Rabu, 09 September 2026 13:57:00",NASA-SNPP,Medium,110.32201,-0.42357,False,False,False,False,False,False,Di Luar Area Pantauan (>1000m dari Desa)
Belitang Hilir,Tapang Pulau,"Rabu, 09 September 2026 13:57:00",NASA-SNPP,Medium,111.12175,0.23918,False,False,False,False,False,False,Di Luar Area Pantauan (>1000m dari Desa)
Batu Ampar,Nipah Panjang,"Rabu, 09 September 2026 13:57:00",NASA-SNPP,Medium,109.41599,-0.74924,False,False,True,False,True,True,Di Luar Area Pantauan (>1000m dari Desa)
Sandai,Pendamaran Indah,"Rabu, 09 September 2026 13:57:00",NASA-SNPP,Medium,110.63388,-1.037,False,False,False,False,False,False,Di Luar Area Pantauan (>1000m dari Desa)
Nanga Mahap,Karang Betung,"Rabu, 09 September 2026 13:57:00",NASA-SNPP,Medium,110.87749,-0.65322,True,False,False,False,False,False,Prioritas 2 (Sedang)
Simpang Dua,Semandang Kanan,"Rabu, 09 September 2026 13:57:00",NASA-SNPP,Medium,110.39815,-0.77263,False,False,False,False,False,False,Di Luar Area Pantauan (>1000m dari Desa)
Simpang Dua,Semandang Kanan,"Rabu, 09 September 2026 13:57:00",NASA-SNPP,Medium,110.39359,-0.76753,False,False,False,False,False,False,Di Luar Area Pantauan (>1000m dari Desa)
Ella Hilir,Nanga Nyuruh,"Rabu, 09 September 2026 13:57:00",NASA-SNPP,Medium,112.10136,-0.49788,False,False,False,False,False,False,Di Luar Area Pantauan (>1000m dari Desa)
Simpang Hulu,Balai Pinang Hulu,"Rabu, 09 September 2026 13:57:00",NASA-SNPP,Medium,110.3704,-0.62921,False,False,False,False,False,False,Di Luar Area Pantauan (>1000m dari Desa)
Batu Ampar,Teluknibung,"Rabu, 09 September 2026 13:57:00",NASA-SNPP,Medium,109.52125,-0.82281,False,True,True,True,True,True,Prioritas 3 (Rendah)
Simpang Hulu,Kenanga,"Rabu, 09 September 2026 13:57:00",NASA-SNPP,Medium,110.55122,-0.65869,False,False,False,False,False,False,Di Luar Area Pantauan (>1000m dari Desa)
Muara Pawan,Ulak Medang,"Rabu, 09 September 2026 13:57:00",NASA-SNPP,Medium,110.27818,-1.51925,False,False,True,True,False,True,Di Luar Area Pantauan (>1000m dari Desa)
Sandai,Pendamaran Indah,"Rabu, 09 September 2026 13:57:00",NASA-SNPP,Medium,110.62857,-1.03755,False,False,False,False,False,False,Di Luar Area Pantauan (>1000m dari Desa)
Sungai Laur,Sungai Daka,"Rabu, 09 September 2026 13:57:00",NASA-SNPP,Medium,110.4863,-1.00128,False,False,False,False,False,False,Di Luar Area Pantauan (>1000m dari Desa)
Muara Pawan,Ulak Medang,"Rabu, 09 September 2026 13:57:00",NASA-SNPP,Medium,110.27448,-1.51983,False,False,True,True,False,True,Di Luar Area Pantauan (>1000m dari Desa)
Belitang Hilir,Semadu,"Rabu, 09 September 2026 13:57:00",NASA-SNPP,Medium,110.94728,0.41793,False,False,False,False,False,False,Di Luar Area Pantauan (>1000m dari Desa)
Belitang Hilir,Menawai Tekam,"Rabu, 09 September 2026 13:57:00",NASA-SNPP,Medium,110.95133,0.31844,False,False,False,False,False,False,Di Luar Area Pantauan (>1000m dari Desa)
Bonti,Bahta,"Rabu, 09 September 2026 13:57:00",NASA-SNPP,Medium,110.65166,0.34043,False,False,False,False,False,False,Di Luar Area Pantauan (>1000m dari Desa)
Kapuas,Entakai,"Rabu, 09 September 2026 13:57:00",NASA-SNPP,Medium,110.67647,0.25992,False,False,False,False,False,False,Di Luar Area Pantauan (>1000m dari Desa)
Sekayam,Melenggang,"Rabu, 09 September 2026 13:57:00",NASA-SNPP,Medium,110.74339,0.81427,False,False,False,False,False,False,Di Luar Area Pantauan (>1000m dari Desa)
Mempawah Hilir,Sengkubang,"Rabu, 09 September 2026 13:57:00",NASA-SNPP,Medium,109.0222,0.44597,False,False,True,True,False,True,Di Luar Area Pantauan (>1000m dari Desa)
Sekadau Hilir,Seberang Kapuas,"Rabu, 09 September 2026 13:57:00",NASA-SNPP,Medium,110.82605,0.09127,False,False,False,False,False,False,Di Luar Area Pantauan (>1000m dari Desa)
Matan Hilir Utara,Kuala Tolak,"Rabu, 09 September 2026 13:57:00",NASA-SNPP,Medium,110.17876,-1.51638,False,False,False,True,False,True,Di Luar Area Pantauan (>1000m dari Desa)
Matan Hilir Utara,Kuala Tolak,"Rabu, 09 September 2026 13:57:00",NASA-SNPP,Medium,110.12952,-1.49724,False,False,True,True,False,True,Di Luar Area Pantauan (>1000m dari Desa)
Ella Hilir,Nanga Nyuruh,"Rabu, 09 September 2026 13:57:00",NASA-SNPP,Medium,112.10667,-0.53618,False,False,False,False,False,False,Di Luar Area Pantauan (>1000m dari Desa)
Matan Hilir Utara,Kuala Tolak,"Rabu, 09 September 2026 13:57:00",NASA-SNPP,Medium,110.12506,-1.49229,False,False,True,True,False,True,Di Luar Area Pantauan (>1000m dari Desa)
Muara Pawan,Ulak Medang,"Rabu, 09 September 2026 13:57:00",NASA-SNPP,Medium,110.28204,-1.64656,False,False,False,True,False,True,Di Luar Area Pantauan (>1000m dari Desa)
Matan Hilir Utara,Kuala Tolak,"Rabu, 09 September 2026 13:57:00",NASA-SNPP,Medium,110.12148,-1.49286,False,False,True,True,False,True,Di Luar Area Pantauan (>1000m dari Desa)
Matan Hilir Utara,Sungai Putri,"Rabu, 09 September 2026 13:57:00",NASA-SNPP,Medium,110.0851,-1.5545,False,False,True,True,False,True,Di Luar Area Pantauan (>1000m dari Desa)
Muara Pawan,Ulak Medang,"Rabu, 09 September 2026 13:57:00",NASA-SNPP,Medium,110.24482,-1.51115,False,False,True,True,False,True,Di Luar Area Pantauan (>1000m dari Desa)
Muara Pawan,Ulak Medang,"Rabu, 09 September 2026 13:57:00",NASA-SNPP,Medium,110.24848,-1.51054,False,False,True,True,False,True,Di Luar Area Pantauan (>1000m dari Desa)
Muara Pawan,Ulak Medang,"Rabu, 09 September 2026 13:57:00",NASA-SNPP,Medium,110.28558,-1.51809,False,False,True,True,False,True,Di Luar Area Pantauan (>1000m dari Desa)
Mukok,Kedukul,"Rabu, 09 September 2026 13:57:00",NASA-SNPP,Medium,110.82906,0.09471,False,False,False,False,False,False,Di Luar Area Pantauan (>1000m dari Desa)
Simpang Dua,Kampar Sebomban,"Rabu, 09 September 2026 13:57:00",NASA-SNPP,Medium,110.22467,-0.82935,False,False,False,False,False,False,Di Luar Area Pantauan (>1000m dari Desa)
Ella Hilir,Nanga Nyuruh,"Rabu, 09 September 2026 13:57:00",NASA-SNPP,Medium,112.10954,-0.5292,False,False,False,False,False,False,Di Luar Area Pantauan (>1000m dari Desa)
Belitang Hilir,Semadu,"Rabu, 09 September 2026 13:57:00",NASA-SNPP,Medium,111.07015,0.28188,False,False,False,False,False,False,Di Luar Area Pantauan (>1000m dari Desa)
Sekadau Hilir,Seberang Kapuas,"Rabu, 09 September 2026 13:57:00",NASA-SNPP,Medium,110.90858,0.09481,False,False,False,False,False,False,Di Luar Area Pantauan (>1000m dari Desa)
Ella Hilir,Nanga Nyuruh,"Rabu, 09 September 2026 13:57:00",NASA-SNPP,Medium,112.1011,-0.53054,False,False,False,False,False,False,Di Luar Area Pantauan (>1000m dari Desa)
Sekadau Hilir,Seraras,"Rabu, 09 September 2026 13:57:00",NASA-SNPP,Medium,110.9711,0.12283,False,False,False,False,False,False,Di Luar Area Pantauan (>1000m dari Desa)
Batu Ampar,Tanjungberingin,"Rabu, 09 September 2026 13:57:00",NASA-SNPP,Medium,109.92719,-0.51619,False,False,True,False,False,True,Di Luar Area Pantauan (>1000m dari Desa)
Simpang Hulu,Balai Pinang Hulu,"Rabu, 09 September 2026 13:57:00",NASA-SNPP,Medium,110.36953,-0.63377,False,False,False,False,False,False,Di Luar Area Pantauan (>1000m dari Desa)
Batu Ampar,Nipah Panjang,"Rabu, 09 September 2026 13:57:00",NASA-SNPP,Medium,109.42017,-0.75404,False,False,False,False,True,True,Di Luar Area Pantauan (>1000m dari Desa)
Batu Ampar,Nipah Panjang,"Rabu, 09 September 2026 13:57:00",NASA-SNPP,Medium,109.41682,-0.75457,False,False,False,False,True,True,Di Luar Area Pantauan (>1000m dari Desa)
Simpang Hulu,Sekucing Kualan,"Rabu, 09 September 2026 13:57:00",NASA-SNPP,Medium,110.07681,-0.61067,False,False,False,False,False,False,Di Luar Area Pantauan (>1000m dari Desa)
Ella Hilir,Nanga Nyuruh,"Rabu, 09 September 2026 13:57:00",NASA-SNPP,Medium,112.09574,-0.49226,False,False,False,False,False,False,Di Luar Area Pantauan (>1000m dari Desa)
Nanga Mahap,Tamang,"Rabu, 09 September 2026 13:57:00",NASA-SNPP,Medium,110.68655,-0.41799,False,False,False,False,False,False,Di Luar Area Pantauan (>1000m dari Desa)
Simpang Hulu,Semandang Hulu,"Rabu, 09 September 2026 13:57:00",NASA-SNPP,Medium,110.49091,-0.59137,False,False,False,False,False,False,Di Luar Area Pantauan (>1000m dari Desa)
Belitang Hilir,Semadu,"Rabu, 09 September 2026 13:57:00",NASA-SNPP,Medium,110.94809,0.4141,False,False,False,False,False,False,Di Luar Area Pantauan (>1000m dari Desa)
Jangkang,Terati,"Rabu, 09 September 2026 13:57:00",NASA-SNPP,Medium,110.76331,0.34595,False,False,False,False,False,False,Di Luar Area Pantauan (>1000m dari Desa)
Ketungau Tengah,Begelang Jaya,"Rabu, 09 September 2026 13:57:00",NASA-SNPP,Medium,111.28987,0.61611,False,False,False,False,False,False,Di Luar Area Pantauan (>1000m dari Desa)
Belitang Hilir,Semadu,"Rabu, 09 September 2026 13:57:00",NASA-SNPP,Medium,110.94712,0.42009,False,False,False,False,False,False,Di Luar Area Pantauan (>1000m dari Desa)
Belitang Hilir,Tapang Pulau,"Rabu, 09 September 2026 13:57:00",NASA-SNPP,Medium,111.12312,0.23439,False,False,False,False,False,False,Di Luar Area Pantauan (>1000m dari Desa)
Sungai Ambawang,Teluk Bakung,"Rabu, 09 September 2026 13:57:00",NASA-SNPP,Medium,109.75287,-0.00412,False,False,False,True,False,True,Di Luar Area Pantauan (>1000m dari Desa)
Sungai Ambawang,Teluk Bakung,"Rabu, 09 September 2026 13:57:00",NASA-SNPP,Medium,109.68361,-0.00391,False,False,False,True,False,True,Di Luar Area Pantauan (>1000m dari Desa)
Belitang Hilir,Menawai Tekam,"Rabu, 09 September 2026 13:57:00",NASA-SNPP,Medium,110.93096,0.28648,False,False,False,True,False,True,Di Luar Area Pantauan (>1000m dari Desa)
Sandai,Pendamaran Indah,"Rabu, 09 September 2026 13:57:00",NASA-SNPP,Medium,110.63281,-1.03689,False,False,False,False,False,False,Di Luar Area Pantauan (>1000m dari Desa)
Batu Ampar,Nipah Panjang,"Rabu, 09 September 2026 13:57:00",NASA-SNPP,Medium,109.41933,-0.74871,False,False,False,False,True,True,Di Luar Area Pantauan (>1000m dari Desa)
Matan Hilir Utara,Kuala Tolak,"Rabu, 09 September 2026 13:57:00",NASA-SNPP,Medium,110.1432,-1.46668,False,False,True,True,False,True,Di Luar Area Pantauan (>1000m dari Desa)
Belitang Hulu,Terduk Dampak,"Rabu, 09 September 2026 13:57:00",NASA-SNPP,Medium,111.19968,0.61465,False,False,False,False,False,False,Di Luar Area Pantauan (>1000m dari Desa)
Sekadau Hilir,Seraras,"Rabu, 09 September 2026 13:57:00",NASA-SNPP,Medium,110.97375,0.10908,False,False,False,False,False,False,Di Luar Area Pantauan (>1000m dari Desa)
Ketungau Hilir,Batu Ampar,"Rabu, 09 September 2026 13:57:00",NASA-SNPP,Medium,111.65016,0.53702,False,False,False,False,False,False,Di Luar Area Pantauan (>1000m dari Desa)
Ketungau Tengah,Landau Temiang,"Rabu, 09 September 2026 13:57:00",NASA-SNPP,Medium,111.68058,0.75425,False,False,False,False,True,True,Di Luar Area Pantauan (>1000m dari Desa)
Mempawah Timur,Antibar,"Rabu, 09 September 2026 13:57:00",NASA-SNPP,Medium,109.03677,0.38481,False,False,False,True,False,True,Di Luar Area Pantauan (>1000m dari Desa)
Ketungau Tengah,Landau Temiang,"Rabu, 09 September 2026 13:57:00",NASA-SNPP,Medium,111.67564,0.75346,False,False,False,False,True,True,Di Luar Area Pantauan (>1000m dari Desa)
Ketungau Tengah,Wirayuda,"Rabu, 09 September 2026 13:57:00",NASA-SNPP,Medium,111.45855,0.68048,False,False,False,False,False,False,Di Luar Area Pantauan (>1000m dari Desa)
Ketungau Tengah,Begelang Jaya,"Rabu, 09 September 2026 13:57:00",NASA-SNPP,Medium,111.28904,0.62228,False,False,False,False,False,False,Di Luar Area Pantauan (>1000m dari Desa)
Muara Pawan,Ulak Medang,"Rabu, 09 September 2026 13:57:00",NASA-SNPP,Medium,110.26628,-1.5154,False,False,False,True,False,True,Di Luar Area Pantauan (>1000m dari Desa)
Muara Pawan,Ulak Medang,"Rabu, 09 September 2026 13:57:00",NASA-SNPP,Medium,110.27078,-1.52041,False,False,True,True,False,True,Di Luar Area Pantauan (>1000m dari Desa)
Simpang Hulu,Kualan Hilir,"Rabu, 09 September 2026 13:57:00",NASA-SNPP,Medium,110.22746,-0.62121,False,False,False,False,False,False,Di Luar Area Pantauan (>1000m dari Desa)
Belimbing,Sepan Tonak,"Rabu, 09 September 2026 13:57:00",NASA-SNPP,Medium,111.60796,-0.22026,False,False,False,True,False,True,Di Luar Area Pantauan (>1000m dari Desa)
Muara Pawan,Ulak Medang,"Rabu, 09 September 2026 13:57:00",NASA-SNPP,Medium,110.28188,-1.51867,False,False,True,True,False,True,Di Luar Area Pantauan (>1000m dari Desa)
Simpang Dua,Semandang Kanan,"Rabu, 09 September 2026 13:57:00",NASA-SNPP,Medium,110.39728,-0.76693,False,False,False,False,False,False,Di Luar Area Pantauan (>1000m dari Desa)
Simpang Dua,Kampar Sebomban,"Rabu, 09 September 2026 13:57:00",NASA-SNPP,Medium,110.18755,-0.90159,False,False,False,False,False,False,Di Luar Area Pantauan (>1000m dari Desa)
Simpang Hulu,Balai Pinang Hulu,"Rabu, 09 September 2026 13:57:00",NASA-SNPP,Medium,110.37121,-0.63491,False,False,False,False,False,False,Di Luar Area Pantauan (>1000m dari Desa)
Belitang Hilir,Menawai Tekam,"Rabu, 09 September 2026 13:57:00",NASA-SNPP,Medium,111.01405,0.29155,False,False,False,False,False,False,Di Luar Area Pantauan (>1000m dari Desa)
Ella Hilir,Nanga Nyuruh,"Rabu, 09 September 2026 13:57:00",NASA-SNPP,Medium,112.09927,-0.48968,False,False,False,False,False,False,Di Luar Area Pantauan (>1000m dari Desa)
Simpang Hulu,Kualan Hilir,"Rabu, 09 September 2026 13:57:00",NASA-SNPP,Medium,110.26974,-0.56815,False,False,False,False,False,False,Di Luar Area Pantauan (>1000m dari Desa)
Ella Hilir,Nanga Nyuruh,"Rabu, 09 September 2026 13:57:00",NASA-SNPP,Medium,112.10435,-0.49087,False,False,False,False,False,False,Di Luar Area Pantauan (>1000m dari Desa)
Ella Hilir,Nanga Nyuruh,"Rabu, 09 September 2026 13:57:00",NASA-SNPP,Medium,112.10003,-0.49156,False,False,False,False,False,False,Di Luar Area Pantauan (>1000m dari Desa)
Mukok,Kedukul,"Rabu, 09 September 2026 13:57:00",NASA-SNPP,Medium,110.83259,0.10133,False,False,False,False,False,False,Di Luar Area Pantauan (>1000m dari Desa)
Simpang Hulu,Sekucing Labai,"Rabu, 09 September 2026 13:57:00",NASA-SNPP,Medium,110.32057,-0.42229,False,False,False,False,False,False,Di Luar Area Pantauan (>1000m dari Desa)
Simpang Dua,Kampar Sebomban,"Rabu, 09 September 2026 13:57:00",NASA-SNPP,Medium,110.15949,-0.82824,False,False,True,False,False,True,Di Luar Area Pantauan (>1000m dari Desa)
Matan Hilir Utara,Kuala Tolak,"Rabu, 09 September 2026 13:57:00",NASA-SNPP,Medium,110.11296,-1.46025,False,False,False,False,False,False,Di Luar Area Pantauan (>1000m dari Desa)
Muara Pawan,Ulak Medang,"Rabu, 09 September 2026 13:57:00",NASA-SNPP,Medium,110.27209,-1.51808,False,False,True,True,False,True,Di Luar Area Pantauan (>1000m dari Desa)
Matan Hilir Utara,Tanjung Baik Budi,"Rabu, 09 September 2026 13:57:00",NASA-SNPP,Medium,110.18756,-1.5263,False,False,True,True,False,True,Di Luar Area Pantauan (>1000m dari Desa)
Matan Hilir Utara,Lamon Satong,"Rabu, 09 September 2026 13:57:00",NASA-SNPP,Medium,110.18318,-1.52134,False,False,False,True,False,True,Di Luar Area Pantauan (>1000m dari Desa)
Nanga Tayap,Sepakat Jaya,"Rabu, 09 September 2026 13:57:00",NASA-SNPP,Medium,110.65517,-1.41899,False,False,False,False,False,False,Di Luar Area Pantauan (>1000m dari Desa)
Muara Pawan,Ulak Medang,"Rabu, 09 September 2026 13:57:00",NASA-SNPP,Medium,110.27577,-1.51747,False,False,False,True,False,True,Di Luar Area Pantauan (>1000m dari Desa)
Muara Pawan,Ulak Medang,"Rabu, 09 September 2026 13:57:00",NASA-SNPP,Medium,110.27946,-1.51687,False,False,True,True,False,True,Di Luar Area Pantauan (>1000m dari Desa)
Nanga Tayap,Kayung Tuhe,"Rabu, 09 September 2026 13:57:00",NASA-SNPP,Medium,110.72501,-1.54955,False,False,False,False,False,False,Di Luar Area Pantauan (>1000m dari Desa)
Menyuke,Mamek,"Rabu, 09 September 2026 13:57:00",NASA-SNPP,Medium,109.67748,0.55136,False,False,False,False,False,False,Di Luar Area Pantauan (>1000m dari Desa)
Jangkang,Semirau,"Rabu, 09 September 2026 13:57:00",NASA-SNPP,Medium,110.92417,0.45341,False,False,False,False,False,False,Di Luar Area Pantauan (>1000m dari Desa)
Sekadau Hilir,Semabi,"Rabu, 09 September 2026 13:57:00",NASA-SNPP,Medium,110.87929,0.08421,False,False,False,False,False,False,Di Luar Area Pantauan (>1000m dari Desa)
Ella Hilir,Nanga Nyuruh,"Rabu, 09 September 2026 13:57:00",NASA-SNPP,Medium,112.10345,-0.48903,False,False,False,False,False,False,Di Luar Area Pantauan (>1000m dari Desa)
Simpang Dua,Kampar Sebomban,"Rabu, 09 September 2026 13:57:00",NASA-SNPP,Medium,110.18473,-0.90779,False,False,False,False,False,False,Di Luar Area Pantauan (>1000m dari Desa)
Simpang Hilir,Sungaimata-Mata,"Rabu, 09 September 2026 13:57:00",NASA-SNPP,Medium,109.94185,-0.97524,False,False,True,True,False,True,Di Luar Area Pantauan (>1000m dari Desa)
Simpang Hilir,Sungaimata-Mata,"Rabu, 09 September 2026 13:57:00",NASA-SNPP,Medium,109.94017,-0.96422,False,False,True,True,False,True,Di Luar Area Pantauan (>1000m dari Desa)
Mempawah Hilir,Malikian,"Rabu, 09 September 2026 13:57:00",NASA-SNPP,Medium,109.08239,0.48776,False,False,False,True,False,True,Di Luar Area Pantauan (>1000m dari Desa)
Muara Pawan,Ulak Medang,"Rabu, 09 September 2026 13:57:00",NASA-SNPP,Medium,110.29221,-1.63918,False,False,False,True,False,True,Di Luar Area Pantauan (>1000m dari Desa)
Mempawah Hilir,Sengkubang,"Rabu, 09 September 2026 13:57:00",NASA-SNPP,Medium,109.02464,0.45176,False,False,True,True,False,True,Di Luar Area Pantauan (>1000m dari Desa)
Belitang Hilir,Menawai Tekam,"Rabu, 09 September 2026 13:57:00",NASA-SNPP,Medium,110.95572,0.31915,False,False,False,False,False,False,Di Luar Area Pantauan (>1000m dari Desa)
Belitang Hulu,Seburuk Satu,"Rabu, 09 September 2026 13:57:00",NASA-SNPP,Medium,110.99683,0.54499,False,False,False,False,False,False,Di Luar Area Pantauan (>1000m dari Desa)
Jangkang,Semirau,"Rabu, 09 September 2026 13:57:00",NASA-SNPP,Medium,110.91977,0.45273,False,False,False,False,False,False,Di Luar Area Pantauan (>1000m dari Desa)
Belitang Hilir,Menawai Tekam,"Rabu, 09 September 2026 13:57:00",NASA-SNPP,Medium,110.93293,0.29094,False,False,False,False,False,False,Di Luar Area Pantauan (>1000m dari Desa)
Mukok,Sungai Mawang,"Rabu, 09 September 2026 13:57:00",NASA-SNPP,Medium,110.84035,0.13901,False,False,False,False,False,False,Di Luar Area Pantauan (>1000m dari Desa)
Sungai Ambawang,Teluk Bakung,"Rabu, 09 September 2026 13:57:00",NASA-SNPP,Medium,109.74303,-0.01133,False,False,False,True,False,True,Di Luar Area Pantauan (>1000m dari Desa)
Sungai Ambawang,Teluk Bakung,"Rabu, 09 September 2026 13:57:00",NASA-SNPP,Medium,109.73316,-0.01855,False,False,False,True,False,True,Di Luar Area Pantauan (>1000m dari Desa)
Simpang Hulu,Sekucing Kualan,"Rabu, 09 September 2026 13:57:00",NASA-SNPP,Medium,110.0822,-0.62125,False,False,True,False,False,True,Di Luar Area Pantauan (>1000m dari Desa)
Kendawangan,Natai Kuini,"Rabu, 09 September 2026 12:33:00",NASA-NOAA20,Medium,110.71461,-2.93326,False,False,False,False,False,False,Di Luar Area Pantauan (>1000m dari Desa)
Kendawangan,Natai Kuini,"Rabu, 09 September 2026 12:33:00",NASA-NOAA20,Medium,110.71309,-2.92262,False,False,False,False,False,False,Di Luar Area Pantauan (>1000m dari Desa)
Kendawangan,Airhitam Hulu,"Rabu, 09 September 2026 12:33:00",NASA-NOAA20,Medium,110.64795,-2.71233,False,False,False,False,False,False,Di Luar Area Pantauan (>1000m dari Desa)
Kendawangan,Airhitam Hulu,"Rabu, 09 September 2026 12:33:00",NASA-NOAA20,Medium,110.64461,-2.71282,False,False,False,False,False,False,Di Luar Area Pantauan (>1000m dari Desa)
Seberuang,Ranyai,"Rabu, 09 September 2026 12:33:00",NASA-NOAA20,Medium,111.97073,0.35912,False,False,False,False,False,False,Di Luar Area Pantauan (>1000m dari Desa)
Kendawangan,Airhitam Hulu,"Rabu, 09 September 2026 12:33:00",NASA-NOAA20,Medium,110.61782,-2.68017,False,False,False,False,False,False,Di Luar Area Pantauan (>1000m dari Desa)
Kendawangan,Airhitam Hulu,"Rabu, 09 September 2026 12:33:00",NASA-NOAA20,Medium,110.61629,-2.66951,False,False,False,False,False,False,Di Luar Area Pantauan (>1000m dari Desa)
Kendawangan,Airhitam Hulu,"Rabu, 09 September 2026 12:33:00",NASA-NOAA20,Medium,110.60812,-2.65985,False,False,False,False,False,False,Di Luar Area Pantauan (>1000m dari Desa)
Kendawangan,Airhitam Hulu,"Rabu, 09 September 2026 12:33:00",NASA-NOAA20,Medium,110.61478,-2.65885,False,False,False,False,False,False,Di Luar Area Pantauan (>1000m dari Desa)
Kendawangan,Airhitam Hulu,"Rabu, 09 September 2026 12:33:00",NASA-NOAA20,Medium,110.61147,-2.65935,False,False,False,False,False,False,Di Luar Area Pantauan (>1000m dari Desa)
Kendawangan,Airhitam Hulu,"Rabu, 09 September 2026 12:33:00",NASA-NOAA20,Medium,110.60737,-2.65452,False,False,False,False,False,False,Di Luar Area Pantauan (>1000m dari Desa)
Kendawangan,Airhitam Hulu,"Rabu, 09 September 2026 12:33:00",NASA-NOAA20,Medium,110.51054,-2.64714,False,False,False,False,True,True,Di Luar Area Pantauan (>1000m dari Desa)
Kendawangan,Airhitam Hulu,"Rabu, 09 September 2026 12:33:00",NASA-NOAA20,Medium,110.51732,-2.64612,False,False,False,False,True,True,Di Luar Area Pantauan (>1000m dari Desa)
Manis Mata,Sengkuang Merabong,"Rabu, 09 September 2026 12:33:00",NASA-NOAA20,Medium,110.97698,-2.19763,False,False,False,False,False,False,Di Luar Area Pantauan (>1000m dari Desa)
Matan Hilir Selatan,Pagar Mentimun,"Rabu, 09 September 2026 12:33:00",NASA-NOAA20,Medium,110.17262,-2.24095,False,False,False,False,False,False,Di Luar Area Pantauan (>1000m dari Desa)
Matan Hilir Selatan,Sungai Nanjung,"Rabu, 09 September 2026 12:33:00",NASA-NOAA20,Medium,110.25622,-2.1936,False,False,True,True,True,True,Di Luar Area Pantauan (>1000m dari Desa)
Matan Hilir Selatan,Kemuning Biutak,"Rabu, 09 September 2026 12:33:00",NASA-NOAA20,Medium,110.42345,-2.05305,False,False,False,False,False,False,Di Luar Area Pantauan (>1000m dari Desa)
Marau,Batu Payung Dua,"Rabu, 09 September 2026 12:33:00",NASA-NOAA20,Medium,110.56778,-2.01665,False,False,False,False,True,True,Di Luar Area Pantauan (>1000m dari Desa)
Matan Hilir Selatan,Sungai Besar,"Rabu, 09 September 2026 12:33:00",NASA-NOAA20,Medium,110.20211,-1.87656,False,False,True,True,False,True,Di Luar Area Pantauan (>1000m dari Desa)
Matan Hilir Selatan,Sungai Besar,"Rabu, 09 September 2026 12:33:00",NASA-NOAA20,Medium,110.21391,-1.88361,False,False,True,True,False,True,Di Luar Area Pantauan (>1000m dari Desa)
Matan Hilir Selatan,Sungai Besar,"Rabu, 09 September 2026 12:33:00",NASA-NOAA20,Medium,110.20703,-1.88467,False,False,True,True,False,True,Di Luar Area Pantauan (>1000m dari Desa)
Matan Hilir Selatan,Sungai Besar,"Rabu, 09 September 2026 12:33:00",NASA-NOAA20,Medium,110.19759,-1.86951,False,False,True,True,False,True,Di Luar Area Pantauan (>1000m dari Desa)
Matan Hilir Selatan,Sungai Besar,"Rabu, 09 September 2026 12:33:00",NASA-NOAA20,Medium,110.20457,-1.86844,False,False,False,True,False,True,Di Luar Area Pantauan (>1000m dari Desa)
Matan Hilir Selatan,Sungai Besar,"Rabu, 09 September 2026 12:33:00",NASA-NOAA20,Medium,110.20026,-1.86357,False,False,False,True,False,True,Di Luar Area Pantauan (>1000m dari Desa)
Matan Hilir Selatan,Sungai Besar,"Rabu, 09 September 2026 12:33:00",NASA-NOAA20,Medium,110.19413,-1.87005,False,False,True,True,False,True,Di Luar Area Pantauan (>1000m dari Desa)
Muara Pawan,Tanjung Pasar,"Rabu, 09 September 2026 12:33:00",NASA-NOAA20,Medium,110.01283,-1.83058,False,False,False,False,False,False,Di Luar Area Pantauan (>1000m dari Desa)
Muara Pawan,Tanjung Pura,"Rabu, 09 September 2026 12:33:00",NASA-NOAA20,Medium,110.19518,-1.71301,False,False,False,False,False,False,Di Luar Area Pantauan (>1000m dari Desa)
Muara Pawan,Mayak,"Rabu, 09 September 2026 12:33:00",NASA-NOAA20,Medium,110.18618,-1.74754,False,False,False,True,False,True,Di Luar Area Pantauan (>1000m dari Desa)
Muara Pawan,Tempurukan,"Rabu, 09 September 2026 12:33:00",NASA-NOAA20,Medium,110.08746,-1.67913,False,False,True,True,False,True,Di Luar Area Pantauan (>1000m dari Desa)
Muara Pawan,Tempurukan,"Rabu, 09 September 2026 12:33:00",NASA-NOAA20,Medium,110.07148,-1.69261,False,False,False,False,False,False,Di Luar Area Pantauan (>1000m dari Desa)
Muara Pawan,Tempurukan,"Rabu, 09 September 2026 12:33:00",NASA-NOAA20,Medium,110.06374,-1.69782,False,False,True,True,False,True,Di Luar Area Pantauan (>1000m dari Desa)
Muara Pawan,Tempurukan,"Rabu, 09 September 2026 12:33:00",NASA-NOAA20,Medium,110.07074,-1.69674,False,False,True,True,False,True,Di Luar Area Pantauan (>1000m dari Desa)
Muara Pawan,Tempurukan,"Rabu, 09 September 2026 12:33:00",NASA-NOAA20,Medium,110.08307,-1.67421,False,False,False,True,False,True,Di Luar Area Pantauan (>1000m dari Desa)
Muara Pawan,Tempurukan,"Rabu, 09 September 2026 12:33:00",NASA-NOAA20,Medium,110.0795,-1.67473,False,False,False,True,False,True,Di Luar Area Pantauan (>1000m dari Desa)
Muara Pawan,Ulak Medang,"Rabu, 09 September 2026 12:33:00",NASA-NOAA20,Medium,110.28415,-1.64159,False,False,False,True,False,True,Di Luar Area Pantauan (>1000m dari Desa)
Muara Pawan,Ulak Medang,"Rabu, 09 September 2026 12:33:00",NASA-NOAA20,Medium,110.29089,-1.64055,False,False,False,True,False,True,Di Luar Area Pantauan (>1000m dari Desa)
Muara Pawan,Tempurukan,"Rabu, 09 September 2026 12:33:00",NASA-NOAA20,Medium,110.08147,-1.6728,False,False,False,True,False,True,Di Luar Area Pantauan (>1000m dari Desa)
Muara Pawan,Tempurukan,"Rabu, 09 September 2026 12:33:00",NASA-NOAA20,Medium,110.07793,-1.67334,False,False,False,False,False,False,Di Luar Area Pantauan (>1000m dari Desa)
Muara Pawan,Tempurukan,"Rabu, 09 September 2026 12:33:00",NASA-NOAA20,Medium,110.05834,-1.63736,False,False,False,False,False,False,Di Luar Area Pantauan (>1000m dari Desa)
Matan Hilir Utara,Sungai Putri,"Rabu, 09 September 2026 12:33:00",NASA-NOAA20,Medium,110.07443,-1.55564,False,False,True,True,False,True,Di Luar Area Pantauan (>1000m dari Desa)
Muara Pawan,Ulak Medang,"Rabu, 09 September 2026 12:33:00",NASA-NOAA20,Medium,110.27673,-1.52458,False,False,True,True,False,True,Di Luar Area Pantauan (>1000m dari Desa)
Matan Hilir Utara,Sungai Putri,"Rabu, 09 September 2026 12:33:00",NASA-NOAA20,Medium,110.0709,-1.55618,False,False,False,True,False,True,Di Luar Area Pantauan (>1000m dari Desa)
Muara Pawan,Ulak Medang,"Rabu, 09 September 2026 12:33:00",NASA-NOAA20,Medium,110.27594,-1.51922,False,False,False,True,False,True,Di Luar Area Pantauan (>1000m dari Desa)
Matan Hilir Utara,Tanjung Baik Budi,"Rabu, 09 September 2026 12:33:00",NASA-NOAA20,Medium,110.17896,-1.52304,False,False,False,True,False,True,Di Luar Area Pantauan (>1000m dari Desa)
Muara Pawan,Ulak Medang,"Rabu, 09 September 2026 12:33:00",NASA-NOAA20,Medium,110.25063,-1.51212,False,False,True,True,False,True,Di Luar Area Pantauan (>1000m dari Desa)
Nanga Tayap,Simpang Tiga Sembelangaan,"Rabu, 09 September 2026 12:33:00",NASA-NOAA20,Medium,110.39339,-1.46319,False,False,False,False,False,False,Di Luar Area Pantauan (>1000m dari Desa)
Matan Hilir Utara,Kuala Tolak,"Rabu, 09 September 2026 12:33:00",NASA-NOAA20,Medium,110.17348,-1.48526,False,False,True,True,False,True,Di Luar Area Pantauan (>1000m dari Desa)
Matan Hilir Utara,Kuala Tolak,"Rabu, 09 September 2026 12:33:00",NASA-NOAA20,Medium,110.13407,-1.48011,False,False,False,True,False,True,Di Luar Area Pantauan (>1000m dari Desa)
Matan Hilir Utara,Kuala Tolak,"Rabu, 09 September 2026 12:33:00",NASA-NOAA20,Medium,110.12631,-1.47573,False,False,False,True,False,True,Di Luar Area Pantauan (>1000m dari Desa)
Matan Hilir Utara,Kuala Tolak,"Rabu, 09 September 2026 12:33:00",NASA-NOAA20,Medium,110.12975,-1.47522,False,False,False,True,False,True,Di Luar Area Pantauan (>1000m dari Desa)
Matan Hilir Utara,Kuala Tolak,"Rabu, 09 September 2026 12:33:00",NASA-NOAA20,Medium,110.11339,-1.46105,False,False,False,False,False,False,Di Luar Area Pantauan (>1000m dari Desa)
Matan Hilir Utara,Kuala Tolak,"Rabu, 09 September 2026 12:33:00",NASA-NOAA20,Medium,110.10734,-1.46529,False,False,False,False,False,False,Di Luar Area Pantauan (>1000m dari Desa)
Matan Hilir Utara,Kuala Tolak,"Rabu, 09 September 2026 12:33:00",NASA-NOAA20,Medium,110.10734,-1.46748,False,False,False,False,False,False,Di Luar Area Pantauan (>1000m dari Desa)
Matan Hilir Utara,Kuala Tolak,"Rabu, 09 September 2026 12:33:00",NASA-NOAA20,Medium,110.11339,-1.45881,False,False,False,False,False,False,Di Luar Area Pantauan (>1000m dari Desa)
Matan Hilir Utara,Kuala Tolak,"Rabu, 09 September 2026 12:33:00",NASA-NOAA20,Medium,110.15001,-1.42001,False,False,False,True,False,True,Di Luar Area Pantauan (>1000m dari Desa)
Matan Hilir Utara,Lamon Satong,"Rabu, 09 September 2026 12:33:00",NASA-NOAA20,Medium,110.18943,-1.3535,False,False,False,False,False,False,Di Luar Area Pantauan (>1000m dari Desa)
Hulu Sungai,Beginci Darat,"Rabu, 09 September 2026 12:33:00",NASA-NOAA20,Medium,110.98469,-1.20584,True,False,True,False,True,True,Prioritas 1 (Tinggi)
Sukadana,Sejahtera,"Rabu, 09 September 2026 12:33:00",NASA-NOAA20,Medium,110.05264,-1.26678,False,False,True,True,True,True,Di Luar Area Pantauan (>1000m dari Desa)
Hulu Sungai,Krio Hulu,"Rabu, 09 September 2026 12:33:00",NASA-NOAA20,Medium,110.83448,-0.92506,False,False,True,False,False,True,Di Luar Area Pantauan (>1000m dari Desa)
Simpang Hilir,Batu Barat,"Rabu, 09 September 2026 12:33:00",NASA-NOAA20,Medium,110.04567,-0.97368,False,False,False,True,False,True,Di Luar Area Pantauan (>1000m dari Desa)
Sungai Laur,Kepari,"Rabu, 09 September 2026 12:33:00",NASA-NOAA20,Medium,110.64632,-0.88259,False,False,True,False,False,True,Di Luar Area Pantauan (>1000m dari Desa)
Pulau Maya,Dusun Kecil,"Rabu, 09 September 2026 12:33:00",NASA-NOAA20,Medium,109.57596,-0.99926,False,False,False,False,False,False,Di Luar Area Pantauan (>1000m dari Desa)
Simpang Dua,Kampar Sebomban,"Rabu, 09 September 2026 12:33:00",NASA-NOAA20,Medium,110.1848,-0.90888,False,False,False,False,False,False,Di Luar Area Pantauan (>1000m dari Desa)
Simpang Hilir,Batu Barat,"Rabu, 09 September 2026 12:33:00",NASA-NOAA20,Medium,110.14224,-0.85737,False,False,True,True,False,True,Di Luar Area Pantauan (>1000m dari Desa)
Simpang Dua,Kampar Sebomban,"Rabu, 09 September 2026 12:33:00",NASA-NOAA20,Medium,110.19878,-0.87057,False,False,False,False,False,False,Di Luar Area Pantauan (>1000m dari Desa)
Pulau Maya,Dusun Kecil,"Rabu, 09 September 2026 12:33:00",NASA-NOAA20,Medium,109.57613,-1.00053,False,False,False,False,False,False,Di Luar Area Pantauan (>1000m dari Desa)
Simpang Dua,Kampar Sebomban,"Rabu, 09 September 2026 12:33:00",NASA-NOAA20,Medium,110.1456,-0.85686,False,False,False,True,False,True,Di Luar Area Pantauan (>1000m dari Desa)
Simpang Dua,Kampar Sebomban,"Rabu, 09 September 2026 12:33:00",NASA-NOAA20,Medium,110.27412,-0.7406,False,False,False,False,False,False,Di Luar Area Pantauan (>1000m dari Desa)
Serawai,Nanga Tangoi,"Rabu, 09 September 2026 12:33:00",NASA-NOAA20,Medium,112.70078,-0.30122,False,False,False,False,False,False,Di Luar Area Pantauan (>1000m dari Desa)
Batu Ampar,Batu Ampar,"Rabu, 09 September 2026 12:33:00",NASA-NOAA20,Medium,109.55215,-0.78411,False,False,False,True,True,True,Di Luar Area Pantauan (>1000m dari Desa)
Serawai,Sabhang Landan,"Rabu, 09 September 2026 12:33:00",NASA-NOAA20,Medium,112.67587,-0.22316,False,False,False,False,False,False,Di Luar Area Pantauan (>1000m dari Desa)
Serawai,Sabhang Landan,"Rabu, 09 September 2026 12:33:00",NASA-NOAA20,Medium,112.68378,-0.21287,False,False,True,False,False,True,Di Luar Area Pantauan (>1000m dari Desa)
Serawai,Begori,"Rabu, 09 September 2026 12:33:00",NASA-NOAA20,Medium,112.50653,-0.24869,False,False,False,False,False,False,Di Luar Area Pantauan (>1000m dari Desa)
Sungai Raya,Kalibandung,"Rabu, 09 September 2026 12:33:00",NASA-NOAA20,Medium,109.67031,-0.32519,False,False,False,True,False,True,Di Luar Area Pantauan (>1000m dari Desa)
Kapuas,Penyelimau,"Rabu, 09 September 2026 12:33:00",NASA-NOAA20,Medium,110.54967,-0.15572,False,False,False,False,False,False,Di Luar Area Pantauan (>1000m dari Desa)
Kapuas,Penyelimau,"Rabu, 09 September 2026 12:33:00",NASA-NOAA20,Medium,110.5504,-0.16088,False,False,False,False,False,False,Di Luar Area Pantauan (>1000m dari Desa)
Kendawangan,Airhitam Hulu,"Rabu, 09 September 2026 12:33:00",NASA-NOAA20,Medium,110.62038,-2.67434,False,False,False,False,False,False,Di Luar Area Pantauan (>1000m dari Desa)
Manis Mata,Sengkuang Merabong,"Rabu, 09 September 2026 12:33:00",NASA-NOAA20,Medium,110.97612,-2.19576,False,False,False,False,False,False,Di Luar Area Pantauan (>1000m dari Desa)
Menukung,Sampak,"Rabu, 09 September 2026 12:33:00",NASA-NOAA20,Medium,112.2336,-0.50076,False,False,False,False,False,False,Di Luar Area Pantauan (>1000m dari Desa)
Simpang Dua,Semandang Kanan,"Rabu, 09 September 2026 12:33:00",NASA-NOAA20,Medium,110.40276,-0.7747,False,False,False,False,False,False,Di Luar Area Pantauan (>1000m dari Desa)
Menukung,Sampak,"Rabu, 09 September 2026 12:33:00",NASA-NOAA20,Medium,112.23283,-0.49616,False,False,False,False,False,False,Di Luar Area Pantauan (>1000m dari Desa)
Simpang Dua,Semandang Kanan,"Rabu, 09 September 2026 12:33:00",NASA-NOAA20,Medium,110.40245,-0.77463,False,False,False,False,False,False,Di Luar Area Pantauan (>1000m dari Desa)
Simpang Dua,Semandang Kanan,"Rabu, 09 September 2026 12:33:00",NASA-NOAA20,Medium,110.39845,-0.76988,False,False,False,False,False,False,Di Luar Area Pantauan (>1000m dari Desa)
Simpang Dua,Semandang Kanan,"Rabu, 09 September 2026 12:33:00",NASA-NOAA20,Medium,110.39915,-0.77515,False,False,False,False,False,False,Di Luar Area Pantauan (>1000m dari Desa)
Ella Hilir,Nyanggau,"Rabu, 09 September 2026 12:33:00",NASA-NOAA20,Medium,112.12116,-0.48563,False,False,False,False,False,False,Di Luar Area Pantauan (>1000m dari Desa)
Sungai Laur,Merabu Jaya,"Rabu, 09 September 2026 12:33:00",NASA-NOAA20,Medium,110.66574,-0.69107,False,False,False,False,False,False,Di Luar Area Pantauan (>1000m dari Desa)
Nanga Mahap,Karang Betung,"Rabu, 09 September 2026 12:33:00",NASA-NOAA20,Medium,110.93172,-0.61904,True,False,False,False,False,False,Prioritas 2 (Sedang)
Simpang Hulu,Semandang Kiri,"Rabu, 09 September 2026 12:33:00",NASA-NOAA20,Medium,110.41246,-0.67113,False,False,False,False,False,False,Di Luar Area Pantauan (>1000m dari Desa)
Nanga Mahap,Karang Betung,"Rabu, 09 September 2026 12:33:00",NASA-NOAA20,Medium,110.88502,-0.60165,True,False,False,False,False,False,Prioritas 2 (Sedang)
Simpang Hulu,Semandang Kiri,"Rabu, 09 September 2026 12:33:00",NASA-NOAA20,Medium,110.38696,-0.63749,False,False,False,False,False,False,Di Luar Area Pantauan (>1000m dari Desa)
Serawai,Sawang Senghiang,"Rabu, 09 September 2026 12:33:00",NASA-NOAA20,Medium,112.66996,-0.24681,False,False,False,False,False,False,Di Luar Area Pantauan (>1000m dari Desa)
Simpang Hulu,Kualan Hilir,"Rabu, 09 September 2026 12:33:00",NASA-NOAA20,Medium,110.23093,-0.61831,False,False,False,False,False,False,Di Luar Area Pantauan (>1000m dari Desa)
Simpang Hulu,Kualan Hilir,"Rabu, 09 September 2026 12:33:00",NASA-NOAA20,Medium,110.22768,-0.6188,False,False,False,False,False,False,Di Luar Area Pantauan (>1000m dari Desa)
Serawai,Sabhang Landan,"Rabu, 09 September 2026 12:33:00",NASA-NOAA20,Medium,112.68271,-0.24032,False,False,False,False,False,False,Di Luar Area Pantauan (>1000m dari Desa)
Simpang Hulu,Sekucing Kualan,"Rabu, 09 September 2026 12:33:00",NASA-NOAA20,Medium,110.08228,-0.62449,False,False,True,False,False,True,Di Luar Area Pantauan (>1000m dari Desa)
Serawai,Sabhang Landan,"Rabu, 09 September 2026 12:33:00",NASA-NOAA20,Medium,112.66817,-0.23342,False,False,False,False,False,False,Di Luar Area Pantauan (>1000m dari Desa)
Serawai,Sabhang Landan,"Rabu, 09 September 2026 12:33:00",NASA-NOAA20,Medium,112.68093,-0.22694,False,False,False,False,False,False,Di Luar Area Pantauan (>1000m dari Desa)
Sungai Raya,Kalibandung,"Rabu, 09 September 2026 12:33:00",NASA-NOAA20,Medium,109.63553,-0.33627,False,False,False,True,False,True,Di Luar Area Pantauan (>1000m dari Desa)
Sungai Raya,Kalibandung,"Rabu, 09 September 2026 12:33:00",NASA-NOAA20,Medium,109.6391,-0.33571,False,False,False,True,False,True,Di Luar Area Pantauan (>1000m dari Desa)
Sungai Raya,Kalibandung,"Rabu, 09 September 2026 12:33:00",NASA-NOAA20,Medium,109.64623,-0.33459,False,False,False,True,False,True,Di Luar Area Pantauan (>1000m dari Desa)
Sungai Raya,Kalibandung,"Rabu, 09 September 2026 12:33:00",NASA-NOAA20,Medium,109.64267,-0.33515,False,False,False,True,False,True,Di Luar Area Pantauan (>1000m dari Desa)
Matan Hilir Selatan,Sungai Besar,"Rabu, 09 September 2026 12:33:00",NASA-NOAA20,Medium,110.20625,-1.87926,False,False,True,True,False,True,Di Luar Area Pantauan (>1000m dari Desa)
Simpang Dua,Kampar Sebomban,"Rabu, 09 September 2026 12:33:00",NASA-NOAA20,Medium,110.1877,-0.91051,False,False,False,False,False,False,Di Luar Area Pantauan (>1000m dari Desa)
Ella Hilir,Nanga Nyuruh,"Rabu, 09 September 2026 12:33:00",NASA-NOAA20,Medium,112.12548,-0.52172,False,False,False,False,False,False,Di Luar Area Pantauan (>1000m dari Desa)
Ella Hilir,Nanga Nyuruh,"Rabu, 09 September 2026 12:33:00",NASA-NOAA20,Medium,112.10094,-0.53016,False,False,False,False,False,False,Di Luar Area Pantauan (>1000m dari Desa)
Batu Ampar,Batu Ampar,"Rabu, 09 September 2026 12:33:00",NASA-NOAA20,Medium,109.55584,-0.78354,False,False,False,True,True,True,Di Luar Area Pantauan (>1000m dari Desa)
Serawai,Begori,"Rabu, 09 September 2026 12:33:00",NASA-NOAA20,Medium,112.50287,-0.2471,False,False,False,False,False,False,Di Luar Area Pantauan (>1000m dari Desa)
Nanga Taman,Nanga Koman,"Rabu, 09 September 2026 12:33:00",NASA-NOAA20,Medium,110.75136,-0.32927,False,False,False,False,False,False,Di Luar Area Pantauan (>1000m dari Desa)
Simpang Dua,Semandang Kanan,"Rabu, 09 September 2026 12:33:00",NASA-NOAA20,Medium,110.39872,-0.76993,False,False,False,False,False,False,Di Luar Area Pantauan (>1000m dari Desa)
Simpang Dua,Semandang Kanan,"Rabu, 09 September 2026 12:33:00",NASA-NOAA20,Medium,110.39944,-0.77519,False,False,False,False,False,False,Di Luar Area Pantauan (>1000m dari Desa)
Serawai,Tahai Permai,"Rabu, 09 September 2026 12:33:00",NASA-NOAA20,Medium,112.57674,-0.18956,False,False,False,False,True,True,Di Luar Area Pantauan (>1000m dari Desa)
Nanga Mahap,Karang Betung,"Rabu, 09 September 2026 12:33:00",NASA-NOAA20,Medium,110.86995,-0.64919,True,False,False,False,False,False,Prioritas 2 (Sedang)
Nanga Mahap,Karang Betung,"Rabu, 09 September 2026 12:33:00",NASA-NOAA20,Medium,110.88335,-0.60046,True,False,False,False,False,False,Prioritas 2 (Sedang)
Pinoh Utara,Merpak,"Rabu, 09 September 2026 12:33:00",NASA-NOAA20,Medium,111.97301,-0.24028,False,False,False,False,False,False,Di Luar Area Pantauan (>1000m dari Desa)
Simpang Dua,Kampar Sebomban,"Rabu, 09 September 2026 12:33:00",NASA-NOAA20,Medium,110.18693,-0.90517,False,False,False,False,False,False,Di Luar Area Pantauan (>1000m dari Desa)
Muara Pawan,Ulak Medang,"Rabu, 09 September 2026 12:33:00",NASA-NOAA20,Medium,110.27509,-1.51387,False,False,True,True,False,True,Di Luar Area Pantauan (>1000m dari Desa)
Simpang Dua,Kampar Sebomban,"Rabu, 09 September 2026 12:33:00",NASA-NOAA20,Medium,110.19028,-0.90465,False,False,False,False,False,False,Di Luar Area Pantauan (>1000m dari Desa)
Muara Pawan,Ulak Medang,"Rabu, 09 September 2026 12:33:00",NASA-NOAA20,Medium,110.28265,-1.51819,False,False,True,True,False,True,Di Luar Area Pantauan (>1000m dari Desa)
Muara Pawan,Ulak Medang,"Rabu, 09 September 2026 12:33:00",NASA-NOAA20,Medium,110.27257,-1.51973,False,False,True,True,False,True,Di Luar Area Pantauan (>1000m dari Desa)
Simpang Dua,Semandang Kanan,"Rabu, 09 September 2026 12:33:00",NASA-NOAA20,Medium,110.33816,-0.74696,False,False,False,False,False,False,Di Luar Area Pantauan (>1000m dari Desa)
Kapuas,Kelurahan Sungai Sengkuang,"Rabu, 09 September 2026 12:33:00",NASA-NOAA20,Medium,110.6554,0.21468,False,False,False,False,False,False,Di Luar Area Pantauan (>1000m dari Desa)
Belitang Hulu,Kumpang Ilong,"Rabu, 09 September 2026 12:33:00",NASA-NOAA20,Medium,111.07674,0.4341,False,False,False,False,False,False,Di Luar Area Pantauan (>1000m dari Desa)
Belitang Hilir,Kumpang Bis,"Rabu, 09 September 2026 12:33:00",NASA-NOAA20,Medium,111.0951,0.32403,False,False,False,False,False,False,Di Luar Area Pantauan (>1000m dari Desa)
Kapuas,Entakai,"Rabu, 09 September 2026 12:33:00",NASA-NOAA20,Medium,110.69928,0.24214,False,False,False,False,False,False,Di Luar Area Pantauan (>1000m dari Desa)
Kapuas,Entakai,"Rabu, 09 September 2026 12:33:00",NASA-NOAA20,Medium,110.6777,0.25287,False,False,False,False,False,False,Di Luar Area Pantauan (>1000m dari Desa)
Sungai Raya,Kalibandung,"Rabu, 09 September 2026 12:33:00",NASA-NOAA20,Medium,109.63821,-0.33023,False,False,False,True,False,True,Di Luar Area Pantauan (>1000m dari Desa)
Sekadau Hilir,Seberang Kapuas,"Rabu, 09 September 2026 12:33:00",NASA-NOAA20,Medium,110.90565,0.05828,False,False,False,False,False,False,Di Luar Area Pantauan (>1000m dari Desa)
Sungai Raya,Sungaiasam,"Rabu, 09 September 2026 12:33:00",NASA-NOAA20,Medium,109.49481,-0.26797,False,False,False,True,False,True,Di Luar Area Pantauan (>1000m dari Desa)
Badau,Badau,"Rabu, 09 September 2026 12:33:00",NASA-NOAA20,Medium,111.87399,1.03899,False,False,False,False,False,False,Di Luar Area Pantauan (>1000m dari Desa)
Belitang Hulu,Seburuk Satu,"Rabu, 09 September 2026 12:33:00",NASA-NOAA20,Medium,111.02678,0.55402,False,False,False,False,False,False,Di Luar Area Pantauan (>1000m dari Desa)
Teluk Keramat,Sengawang,"Rabu, 09 September 2026 12:33:00",NASA-NOAA20,Medium,109.14294,1.34257,False,False,False,True,False,True,Di Luar Area Pantauan (>1000m dari Desa)
Matan Hilir Selatan,Sungai Besar,"Rabu, 09 September 2026 12:33:00",NASA-NOAA20,Medium,110.19773,-1.87167,False,False,True,True,False,True,Di Luar Area Pantauan (>1000m dari Desa)
Matan Hilir Selatan,Sungai Besar,"Rabu, 09 September 2026 12:33:00",NASA-NOAA20,Medium,110.20641,-1.88147,False,False,True,True,False,True,Di Luar Area Pantauan (>1000m dari Desa)
Nanga Tayap,Simpang Tiga Sembelangaan,"Rabu, 09 September 2026 12:33:00",NASA-NOAA20,Medium,110.39084,-1.46901,False,False,False,False,False,False,Di Luar Area Pantauan (>1000m dari Desa)
Muara Pawan,Ulak Medang,"Rabu, 09 September 2026 12:33:00",NASA-NOAA20,Medium,110.27174,-1.51438,False,False,False,True,False,True,Di Luar Area Pantauan (>1000m dari Desa)
Sungai Raya,Kalibandung,"Rabu, 09 September 2026 12:33:00",NASA-NOAA20,Medium,109.65337,-0.33347,False,False,False,True,False,True,Di Luar Area Pantauan (>1000m dari Desa)
Kendawangan,Airhitam Hulu,"Rabu, 09 September 2026 12:33:00",NASA-NOAA20,Medium,110.61296,-2.67002,False,False,False,False,False,False,Di Luar Area Pantauan (>1000m dari Desa)
Kendawangan,Airhitam Hulu,"Rabu, 09 September 2026 12:33:00",NASA-NOAA20,Medium,110.52803,-2.67192,False,False,False,False,True,True,Di Luar Area Pantauan (>1000m dari Desa)
Kendawangan,Airhitam Hulu,"Rabu, 09 September 2026 12:33:00",NASA-NOAA20,Medium,110.61807,-2.65835,False,False,False,False,False,False,Di Luar Area Pantauan (>1000m dari Desa)
Matan Hilir Selatan,Sungai Besar,"Rabu, 09 September 2026 12:33:00",NASA-NOAA20,Medium,110.2133,-1.88046,False,False,True,True,False,True,Di Luar Area Pantauan (>1000m dari Desa)
Matan Hilir Selatan,Sungai Besar,"Rabu, 09 September 2026 12:33:00",NASA-NOAA20,Medium,110.21065,-1.88638,False,False,True,True,False,True,Di Luar Area Pantauan (>1000m dari Desa)
Kendawangan,Airhitam Hulu,"Rabu, 09 September 2026 12:33:00",NASA-NOAA20,Medium,110.51809,-2.65149,False,False,False,False,True,True,Di Luar Area Pantauan (>1000m dari Desa)
Matan Hilir Selatan,Sungai Besar,"Rabu, 09 September 2026 12:33:00",NASA-NOAA20,Medium,110.20986,-1.88096,False,False,True,True,False,True,Di Luar Area Pantauan (>1000m dari Desa)
Kendawangan,Airhitam Hulu,"Rabu, 09 September 2026 12:33:00",NASA-NOAA20,Medium,110.52724,-2.66656,False,False,False,False,True,True,Di Luar Area Pantauan (>1000m dari Desa)
Kendawangan,Airhitam Hulu,"Rabu, 09 September 2026 12:33:00",NASA-NOAA20,Medium,110.5239,-2.66706,False,False,False,False,True,True,Di Luar Area Pantauan (>1000m dari Desa)
Kendawangan,Airhitam Hulu,"Rabu, 09 September 2026 12:33:00",NASA-NOAA20,Medium,110.5189,-2.65685,False,False,False,False,True,True,Di Luar Area Pantauan (>1000m dari Desa)
Kendawangan,Airhitam Hulu,"Rabu, 09 September 2026 12:33:00",NASA-NOAA20,Medium,110.6372,-2.70846,False,False,False,False,False,False,Di Luar Area Pantauan (>1000m dari Desa)
Matan Hilir Selatan,Sungai Nanjung,"Rabu, 09 September 2026 12:33:00",NASA-NOAA20,Medium,110.20935,-2.11745,False,False,False,True,False,True,Di Luar Area Pantauan (>1000m dari Desa)
Matan Hilir Selatan,Pesaguan Kanan,"Rabu, 09 September 2026 12:33:00",NASA-NOAA20,Medium,110.32626,-2.02588,False,False,False,True,False,True,Di Luar Area Pantauan (>1000m dari Desa)
Kendawangan,Air Hitam Besar,"Rabu, 09 September 2026 12:33:00",NASA-NOAA20,Medium,110.75042,-2.74586,False,False,False,False,False,False,Di Luar Area Pantauan (>1000m dari Desa)
Kendawangan,Kendawangan Kanan,"Rabu, 09 September 2026 12:33:00",NASA-NOAA20,Medium,110.26172,-2.74672,False,False,False,False,True,True,Di Luar Area Pantauan (>1000m dari Desa)
Matan Hilir Selatan,Pesaguan Kanan,"Rabu, 09 September 2026 12:33:00",NASA-NOAA20,Medium,110.32285,-2.02639,False,False,False,True,False,True,Di Luar Area Pantauan (>1000m dari Desa)
Matan Hilir Selatan,Pesaguan Kanan,"Rabu, 09 September 2026 12:33:00",NASA-NOAA20,Medium,110.1893,-2.05199,False,False,False,True,False,True,Di Luar Area Pantauan (>1000m dari Desa)
Matan Hilir Selatan,Sungai Besar,"Rabu, 09 September 2026 12:33:00",NASA-NOAA20,Medium,110.19678,-1.8641,False,False,True,True,False,True,Di Luar Area Pantauan (>1000m dari Desa)
Simpang Hilir,Matan Jaya,"Rabu, 09 September 2026 12:33:00",NASA-NOAA20,Medium,110.14691,-1.09323,False,False,False,False,True,True,Di Luar Area Pantauan (>1000m dari Desa)
Hulu Sungai,Krio Hulu,"Rabu, 09 September 2026 12:33:00",NASA-NOAA20,Medium,110.83871,-0.92966,False,False,True,False,False,True,Di Luar Area Pantauan (>1000m dari Desa)
Simpang Hilir,Batu Barat,"Rabu, 09 September 2026 12:33:00",NASA-NOAA20,Medium,110.04224,-0.9742,False,False,False,True,False,True,Di Luar Area Pantauan (>1000m dari Desa)
Simpang Hilir,Lubuk Batu,"Rabu, 09 September 2026 12:33:00",NASA-NOAA20,Medium,110.09251,-0.96108,False,False,False,False,False,False,Di Luar Area Pantauan (>1000m dari Desa)
Simpang Hilir,Lubuk Batu,"Rabu, 09 September 2026 12:33:00",NASA-NOAA20,Medium,110.09173,-0.9557,False,False,False,False,False,False,Di Luar Area Pantauan (>1000m dari Desa)
Muara Pawan,Tanjung Pura,"Rabu, 09 September 2026 12:33:00",NASA-NOAA20,Medium,110.21833,-1.70402,False,False,False,False,False,False,Di Luar Area Pantauan (>1000m dari Desa)
Muara Pawan,Ulak Medang,"Rabu, 09 September 2026 12:33:00",NASA-NOAA20,Medium,110.28946,-1.64399,False,False,False,True,False,True,Di Luar Area Pantauan (>1000m dari Desa)
Muara Pawan,Tanjung Pura,"Rabu, 09 September 2026 12:33:00",NASA-NOAA20,Medium,110.18835,-1.71404,False,False,True,True,False,True,Di Luar Area Pantauan (>1000m dari Desa)
Muara Pawan,Tempurukan,"Rabu, 09 September 2026 12:33:00",NASA-NOAA20,Medium,110.07233,-1.69805,False,False,True,True,False,True,Di Luar Area Pantauan (>1000m dari Desa)
Nanga Tayap,Betenung,"Rabu, 09 September 2026 12:33:00",NASA-NOAA20,Medium,110.81562,-1.56497,False,False,True,False,False,True,Di Luar Area Pantauan (>1000m dari Desa)
Muara Pawan,Tempurukan,"Rabu, 09 September 2026 12:33:00",NASA-NOAA20,Medium,110.05753,-1.63191,False,False,False,False,False,False,Di Luar Area Pantauan (>1000m dari Desa)
Matan Hilir Utara,Sungai Putri,"Rabu, 09 September 2026 12:33:00",NASA-NOAA20,Medium,110.05766,-1.56378,False,False,False,False,False,False,Di Luar Area Pantauan (>1000m dari Desa)
Muara Pawan,Ulak Medang,"Rabu, 09 September 2026 12:33:00",NASA-NOAA20,Medium,110.28829,-1.64644,False,False,False,True,False,True,Di Luar Area Pantauan (>1000m dari Desa)
Kendawangan,Airhitam Hulu,"Rabu, 09 September 2026 12:33:00",NASA-NOAA20,Medium,110.61771,-2.66776,False,False,False,False,False,False,Di Luar Area Pantauan (>1000m dari Desa)
Matan Hilir Selatan,Sungai Nanjung,"Rabu, 09 September 2026 12:33:00",NASA-NOAA20,Medium,110.25523,-2.19548,False,False,True,True,True,True,Di Luar Area Pantauan (>1000m dari Desa)
Kendawangan,Pangkalan Batu,"Rabu, 09 September 2026 12:33:00",NASA-NOAA20,Medium,110.3673,-2.11611,False,False,False,False,False,False,Di Luar Area Pantauan (>1000m dari Desa)
Manis Mata,Suka Ramai,"Rabu, 09 September 2026 12:33:00",NASA-NOAA20,Medium,110.99141,-2.82214,False,False,True,False,False,True,Di Luar Area Pantauan (>1000m dari Desa)
Matan Hilir Selatan,Pesaguan Kanan,"Rabu, 09 September 2026 12:33:00",NASA-NOAA20,Medium,110.34586,-2.01744,False,False,False,True,False,True,Di Luar Area Pantauan (>1000m dari Desa)
Simpang Hulu,Sekucing Kualan,"Rabu, 09 September 2026 12:33:00",NASA-NOAA20,Medium,110.0802,-0.62138,False,False,True,False,False,True,Di Luar Area Pantauan (>1000m dari Desa)
Ella Hilir,Nanga Nyuruh,"Rabu, 09 September 2026 12:33:00",NASA-NOAA20,Medium,112.12457,-0.5171,False,False,False,False,False,False,Di Luar Area Pantauan (>1000m dari Desa)
Serawai,Sabhang Landan,"Rabu, 09 September 2026 12:33:00",NASA-NOAA20,Medium,112.67645,-0.22762,False,False,False,False,False,False,Di Luar Area Pantauan (>1000m dari Desa)
Nanga Taman,Nanga Koman,"Rabu, 09 September 2026 12:33:00",NASA-NOAA20,Medium,110.75438,-0.32881,False,False,False,False,False,False,Di Luar Area Pantauan (>1000m dari Desa)
Kubu,Kubu,"Rabu, 09 September 2026 12:33:00",NASA-NOAA20,Medium,109.55241,-0.49586,False,False,True,True,False,True,Di Luar Area Pantauan (>1000m dari Desa)
Simpang Dua,Kampar Sebomban,"Rabu, 09 September 2026 12:33:00",NASA-NOAA20,Medium,110.16501,-0.82658,False,False,True,False,False,True,Di Luar Area Pantauan (>1000m dari Desa)
Simpang Dua,Kampar Sebomban,"Rabu, 09 September 2026 12:33:00",NASA-NOAA20,Medium,110.16169,-0.82708,False,False,True,False,False,True,Di Luar Area Pantauan (>1000m dari Desa)
Menukung,Belaban Ella,"Rabu, 09 September 2026 12:33:00",NASA-NOAA20,Medium,112.23466,-0.53359,False,False,False,False,False,False,Di Luar Area Pantauan (>1000m dari Desa)
Simpang Dua,Kampar Sebomban,"Rabu, 09 September 2026 12:33:00",NASA-NOAA20,Medium,110.22642,-0.82822,False,False,False,False,False,False,Di Luar Area Pantauan (>1000m dari Desa)
Serawai,Sabhang Landan,"Rabu, 09 September 2026 12:33:00",NASA-NOAA20,Medium,112.68478,-0.21371,False,False,False,False,False,False,Di Luar Area Pantauan (>1000m dari Desa)
Sekadau Hulu,Perongkan,"Rabu, 09 September 2026 12:33:00",NASA-NOAA20,Medium,110.87043,-0.10103,False,False,False,False,False,False,Di Luar Area Pantauan (>1000m dari Desa)
Sekadau Hilir,Seberang Kapuas,"Rabu, 09 September 2026 12:33:00",NASA-NOAA20,Medium,110.90105,0.05743,False,False,False,False,False,False,Di Luar Area Pantauan (>1000m dari Desa)
Belitang Hulu,Sungaitapah,"Rabu, 09 September 2026 12:33:00",NASA-NOAA20,Medium,110.98201,0.45969,False,False,False,False,False,False,Di Luar Area Pantauan (>1000m dari Desa)
Matan Hilir Selatan,Sungai Besar,"Rabu, 09 September 2026 12:33:00",NASA-NOAA20,Medium,110.20196,-1.87438,False,False,True,True,False,True,Di Luar Area Pantauan (>1000m dari Desa)
Simpang Hilir,Matan Jaya,"Rabu, 09 September 2026 12:33:00",NASA-NOAA20,Medium,110.15364,-1.09219,False,False,False,False,True,True,Di Luar Area Pantauan (>1000m dari Desa)
Hulu Sungai,Beginci Darat,"Rabu, 09 September 2026 12:33:00",NASA-NOAA20,Medium,110.98182,-1.20629,True,False,True,False,True,True,Prioritas 1 (Tinggi)
Jelai Hulu,Pangkalan Paket,"Rabu, 09 September 2026 12:33:00",NASA-NOAA20,Medium,110.70591,-1.96348,False,False,False,False,True,True,Di Luar Area Pantauan (>1000m dari Desa)
Simpang Hilir,Matan Jaya,"Rabu, 09 September 2026 12:33:00",NASA-NOAA20,Medium,110.14441,-1.0991,False,False,True,True,True,True,Di Luar Area Pantauan (>1000m dari Desa)
Simpang Hilir,Matan Jaya,"Rabu, 09 September 2026 12:33:00",NASA-NOAA20,Medium,110.14773,-1.09859,False,False,False,False,True,True,Di Luar Area Pantauan (>1000m dari Desa)
Kendawangan,Airhitam Hulu,"Rabu, 09 September 2026 12:33:00",NASA-NOAA20,Medium,110.62414,-2.6886,False,False,False,False,False,False,Di Luar Area Pantauan (>1000m dari Desa)
Kendawangan,Airhitam Hulu,"Rabu, 09 September 2026 12:33:00",NASA-NOAA20,Medium,110.61451,-2.68068,False,False,False,False,False,False,Di Luar Area Pantauan (>1000m dari Desa)
Kendawangan,Seriam,"Rabu, 09 September 2026 12:33:00",NASA-NOAA20,Medium,110.31315,-2.66537,False,False,False,False,True,True,Di Luar Area Pantauan (>1000m dari Desa)
Kendawangan,Pangkalan Batu,"Rabu, 09 September 2026 12:33:00",NASA-NOAA20,Medium,110.36806,-2.12149,False,False,False,False,False,False,Di Luar Area Pantauan (>1000m dari Desa)
Muara Pawan,Ulak Medang,"Rabu, 09 September 2026 12:33:00",NASA-NOAA20,Medium,110.29284,-1.6435,False,False,False,True,False,True,Di Luar Area Pantauan (>1000m dari Desa)
Simpang Hilir,Lubuk Batu,"Rabu, 09 September 2026 12:33:00",NASA-NOAA20,Medium,110.09515,-0.95518,False,False,False,False,False,False,Di Luar Area Pantauan (>1000m dari Desa)
Muara Pawan,Ulak Medang,"Rabu, 09 September 2026 12:33:00",NASA-NOAA20,Medium,110.28609,-1.64448,False,False,False,True,False,True,Di Luar Area Pantauan (>1000m dari Desa)
Matan Hilir Selatan,Sungai Pelang,"Rabu, 09 September 2026 12:33:00",NASA-NOAA20,Medium,110.1936,-1.84244,False,False,False,True,False,True,Di Luar Area Pantauan (>1000m dari Desa)
Muara Pawan,Tempurukan,"Rabu, 09 September 2026 12:33:00",NASA-NOAA20,Medium,110.08585,-1.67769,False,False,False,True,False,True,Di Luar Area Pantauan (>1000m dari Desa)
Nanga Tayap,Betenung,"Rabu, 09 September 2026 12:33:00",NASA-NOAA20,Medium,110.72714,-1.54673,False,False,False,False,False,False,Di Luar Area Pantauan (>1000m dari Desa)
Simpang Hilir,Batu Barat,"Rabu, 09 September 2026 12:33:00",NASA-NOAA20,Medium,110.04826,-0.96777,False,False,False,True,False,True,Di Luar Area Pantauan (>1000m dari Desa)
Muara Pawan,Ulak Medang,"Rabu, 09 September 2026 12:33:00",NASA-NOAA20,Medium,110.29166,-1.64591,False,False,False,True,False,True,Di Luar Area Pantauan (>1000m dari Desa)
Hulu Sungai,Senduruhan,"Rabu, 09 September 2026 12:33:00",NASA-NOAA20,Medium,110.83549,-0.93014,False,False,True,False,False,True,Di Luar Area Pantauan (>1000m dari Desa)
Hulu Sungai,Senduruhan,"Rabu, 09 September 2026 12:33:00",NASA-NOAA20,Medium,110.83417,-0.92724,False,False,False,False,False,False,Di Luar Area Pantauan (>1000m dari Desa)
Muara Pawan,Tanjung Pura,"Rabu, 09 September 2026 12:33:00",NASA-NOAA20,Medium,110.19176,-1.71353,False,False,True,False,False,True,Di Luar Area Pantauan (>1000m dari Desa)
Muara Pawan,Ulak Medang,"Rabu, 09 September 2026 12:33:00",NASA-NOAA20,Medium,110.28272,-1.64498,False,False,False,True,False,True,Di Luar Area Pantauan (>1000m dari Desa)
Kendawangan,Natai Kuini,"Rabu, 09 September 2026 12:33:00",NASA-NOAA20,Medium,110.71131,-2.93375,False,False,False,False,False,False,Di Luar Area Pantauan (>1000m dari Desa)
Kendawangan,Pangkalan Batu,"Rabu, 09 September 2026 12:33:00",NASA-NOAA20,Medium,110.39144,-2.13994,False,False,False,False,False,False,Di Luar Area Pantauan (>1000m dari Desa)
Kendawangan,Airhitam Hulu,"Rabu, 09 September 2026 12:33:00",NASA-NOAA20,Medium,110.61848,-2.67309,False,False,False,False,False,False,Di Luar Area Pantauan (>1000m dari Desa)
Kendawangan,Airhitam Hulu,"Rabu, 09 September 2026 12:33:00",NASA-NOAA20,Medium,110.6196,-2.66901,False,False,False,False,False,False,Di Luar Area Pantauan (>1000m dari Desa)
Ella Hilir,Nanga Nyuruh,"Rabu, 09 September 2026 12:33:00",NASA-NOAA20,Medium,112.10947,-0.49696,False,False,False,False,False,False,Di Luar Area Pantauan (>1000m dari Desa)
Ella Hilir,Nanga Nyuruh,"Rabu, 09 September 2026 12:33:00",NASA-NOAA20,Medium,112.10371,-0.4931,False,False,False,False,False,False,Di Luar Area Pantauan (>1000m dari Desa)
Nanga Mahap,Lembah Beringin,"Rabu, 09 September 2026 12:33:00",NASA-NOAA20,Medium,110.77744,-0.66862,False,False,False,False,False,False,Di Luar Area Pantauan (>1000m dari Desa)
Simpang Hulu,Semandang Hulu,"Rabu, 09 September 2026 12:33:00",NASA-NOAA20,Medium,110.49513,-0.6207,False,False,False,False,False,False,Di Luar Area Pantauan (>1000m dari Desa)
Simpang Hulu,Semandang Hulu,"Rabu, 09 September 2026 12:33:00",NASA-NOAA20,Medium,110.49201,-0.62118,False,False,False,False,False,False,Di Luar Area Pantauan (>1000m dari Desa)
Serawai,Sabhang Landan,"Rabu, 09 September 2026 12:33:00",NASA-NOAA20,Medium,112.68031,-0.22249,False,False,False,False,False,False,Di Luar Area Pantauan (>1000m dari Desa)
Sungai Raya,Kalibandung,"Rabu, 09 September 2026 12:33:00",NASA-NOAA20,Medium,109.63195,-0.33683,False,False,False,True,False,True,Di Luar Area Pantauan (>1000m dari Desa)
Sekadau Hilir,Seberang Kapuas,"Rabu, 09 September 2026 12:33:00",NASA-NOAA20,Medium,110.90278,0.05785,False,False,False,False,False,False,Di Luar Area Pantauan (>1000m dari Desa)
Belitang Hulu,Sungaitapah,"Rabu, 09 September 2026 12:33:00",NASA-NOAA20,Medium,110.98759,0.46055,False,False,False,False,False,False,Di Luar Area Pantauan (>1000m dari Desa)
Matan Hilir Selatan,Sungai Besar,"Rabu, 09 September 2026 12:33:00",NASA-NOAA20,Medium,110.20474,-1.87065,False,False,False,True,False,True,Di Luar Area Pantauan (>1000m dari Desa)
Muara Pawan,Ulak Medang,"Rabu, 09 September 2026 12:33:00",NASA-NOAA20,Medium,110.28752,-1.64107,False,False,False,True,False,True,Di Luar Area Pantauan (>1000m dari Desa)
Matan Hilir Utara,Kuala Tolak,"Rabu, 09 September 2026 12:33:00",NASA-NOAA20,Medium,110.14658,-1.42054,False,False,False,True,False,True,Di Luar Area Pantauan (>1000m dari Desa)
Kendawangan,Natai Kuini,"Rabu, 09 September 2026 12:33:00",NASA-NOAA20,Medium,110.69909,-2.91925,False,False,False,False,False,False,Di Luar Area Pantauan (>1000m dari Desa)
Kendawangan,Pembedilan,"Rabu, 09 September 2026 13:54:00",NASA-SNPP,Medium,110.29311,-2.88985,False,False,False,True,True,True,Di Luar Area Pantauan (>1000m dari Desa)
Kendawangan,Air Hitam Besar,"Rabu, 09 September 2026 13:54:00",NASA-SNPP,Medium,110.75154,-2.7452,False,False,False,False,False,False,Di Luar Area Pantauan (>1000m dari Desa)
Kendawangan,Air Hitam Besar,"Rabu, 09 September 2026 13:54:00",NASA-SNPP,Medium,110.74691,-2.74017,False,False,False,False,False,False,Di Luar Area Pantauan (>1000m dari Desa)
Kendawangan,Air Hitam Besar,"Rabu, 09 September 2026 13:54:00",NASA-SNPP,Medium,110.74313,-2.74081,False,False,False,False,False,False,Di Luar Area Pantauan (>1000m dari Desa)
Manis Mata,Jambi,"Rabu, 09 September 2026 13:54:00",NASA-SNPP,Medium,111.06158,-2.65782,False,False,False,False,False,False,Di Luar Area Pantauan (>1000m dari Desa)
Manis Mata,Jambi,"Rabu, 09 September 2026 13:54:00",NASA-SNPP,Medium,111.06121,-2.66386,False,False,False,False,False,False,Di Luar Area Pantauan (>1000m dari Desa)
Kendawangan,Air Hitam Besar,"Rabu, 09 September 2026 13:54:00",NASA-SNPP,Medium,110.73565,-2.72808,False,False,False,False,False,False,Di Luar Area Pantauan (>1000m dari Desa)
Kendawangan,Airhitam Hulu,"Rabu, 09 September 2026 13:54:00",NASA-SNPP,Medium,110.52744,-2.67011,False,False,False,False,True,True,Di Luar Area Pantauan (>1000m dari Desa)
Kendawangan,Airhitam Hulu,"Rabu, 09 September 2026 13:54:00",NASA-SNPP,Medium,110.60891,-2.65651,False,False,False,False,False,False,Di Luar Area Pantauan (>1000m dari Desa)
Kendawangan,Airhitam Hulu,"Rabu, 09 September 2026 13:54:00",NASA-SNPP,Medium,110.5229,-2.66515,False,False,False,False,True,True,Di Luar Area Pantauan (>1000m dari Desa)
Kendawangan,Airhitam Hulu,"Rabu, 09 September 2026 13:54:00",NASA-SNPP,Medium,110.52036,-2.64842,False,False,False,False,True,True,Di Luar Area Pantauan (>1000m dari Desa)
Kendawangan,Airhitam Hulu,"Rabu, 09 September 2026 13:54:00",NASA-SNPP,Medium,110.50793,-2.64603,False,False,False,False,True,True,Di Luar Area Pantauan (>1000m dari Desa)
Kendawangan,Airhitam Hulu,"Rabu, 09 September 2026 13:54:00",NASA-SNPP,Medium,110.51158,-2.64545,False,False,False,False,True,True,Di Luar Area Pantauan (>1000m dari Desa)
Kendawangan,Kendawangan Kiri,"Rabu, 09 September 2026 13:54:00",NASA-SNPP,Medium,110.07053,-2.72194,False,False,False,False,False,False,Di Luar Area Pantauan (>1000m dari Desa)
Kendawangan,Airhitam Hulu,"Rabu, 09 September 2026 13:54:00",NASA-SNPP,Medium,110.49529,-2.63666,False,False,False,False,True,True,Di Luar Area Pantauan (>1000m dari Desa)
Kendawangan,Airhitam Hulu,"Rabu, 09 September 2026 13:54:00",NASA-SNPP,Medium,110.51308,-2.64965,False,False,False,False,True,True,Di Luar Area Pantauan (>1000m dari Desa)
Kendawangan,Air Hitam Besar,"Rabu, 09 September 2026 13:54:00",NASA-SNPP,Medium,110.73756,-2.73015,False,False,False,False,False,False,Di Luar Area Pantauan (>1000m dari Desa)
Kendawangan,Air Hitam Besar,"Rabu, 09 September 2026 13:54:00",NASA-SNPP,Medium,110.73669,-2.7245,False,False,True,False,False,True,Di Luar Area Pantauan (>1000m dari Desa)
Kendawangan,Airhitam Hulu,"Rabu, 09 September 2026 13:54:00",NASA-SNPP,Medium,110.61263,-2.65589,False,False,False,False,False,False,Di Luar Area Pantauan (>1000m dari Desa)
Kendawangan,Airhitam Hulu,"Rabu, 09 September 2026 13:54:00",NASA-SNPP,Medium,110.51976,-2.64984,False,False,False,False,True,True,Di Luar Area Pantauan (>1000m dari Desa)
Kendawangan,Airhitam Hulu,"Rabu, 09 September 2026 13:54:00",NASA-SNPP,Medium,110.51613,-2.65043,False,False,False,False,True,True,Di Luar Area Pantauan (>1000m dari Desa)
Manis Mata,Suka Ramai,"Rabu, 09 September 2026 13:54:00",NASA-SNPP,Medium,111.09564,-2.71733,False,False,False,False,False,False,Di Luar Area Pantauan (>1000m dari Desa)
Kendawangan,Airhitam Hulu,"Rabu, 09 September 2026 13:54:00",NASA-SNPP,Medium,110.61815,-2.66648,False,False,False,False,False,False,Di Luar Area Pantauan (>1000m dari Desa)
Manis Mata,Sungai Buluh,"Rabu, 09 September 2026 13:54:00",NASA-SNPP,Medium,111.08016,-2.60147,False,False,False,False,False,False,Di Luar Area Pantauan (>1000m dari Desa)
Manis Mata,Jambi,"Rabu, 09 September 2026 13:54:00",NASA-SNPP,Medium,111.06028,-2.65809,False,False,False,False,False,False,Di Luar Area Pantauan (>1000m dari Desa)
Kendawangan,Air Hitam Besar,"Rabu, 09 September 2026 13:54:00",NASA-SNPP,Medium,110.74137,-2.72951,False,False,False,False,False,False,Di Luar Area Pantauan (>1000m dari Desa)
Manis Mata,Seguling,"Rabu, 09 September 2026 13:54:00",NASA-SNPP,Medium,111.08761,-2.57053,False,False,False,False,False,False,Di Luar Area Pantauan (>1000m dari Desa)
Kendawangan,Airhitam Hulu,"Rabu, 09 September 2026 13:54:00",NASA-SNPP,Medium,110.50771,-2.63912,False,False,False,False,True,True,Di Luar Area Pantauan (>1000m dari Desa)
Kendawangan,Airhitam Hulu,"Rabu, 09 September 2026 13:54:00",NASA-SNPP,Medium,110.50043,-2.64035,False,False,False,False,True,True,Di Luar Area Pantauan (>1000m dari Desa)
Kendawangan,Airhitam Hulu,"Rabu, 09 September 2026 13:54:00",NASA-SNPP,Medium,110.50129,-2.64592,False,False,False,False,True,True,Di Luar Area Pantauan (>1000m dari Desa)
Kendawangan,Airhitam Hulu,"Rabu, 09 September 2026 13:54:00",NASA-SNPP,Medium,110.51585,-2.64346,False,False,False,False,True,True,Di Luar Area Pantauan (>1000m dari Desa)
Manis Mata,Seguling,"Rabu, 09 September 2026 13:54:00",NASA-SNPP,Medium,111.08451,-2.57699,False,False,False,False,False,False,Di Luar Area Pantauan (>1000m dari Desa)
Manis Mata,Suka Ramai,"Rabu, 09 September 2026 13:54:00",NASA-SNPP,Medium,111.1449,-2.71513,False,False,False,False,False,False,Di Luar Area Pantauan (>1000m dari Desa)
Kendawangan,Pembedilan,"Rabu, 09 September 2026 13:54:00",NASA-SNPP,Medium,110.31071,-2.95426,False,False,False,False,True,True,Di Luar Area Pantauan (>1000m dari Desa)
Kendawangan,Pembedilan,"Rabu, 09 September 2026 13:54:00",NASA-SNPP,Medium,110.30458,-2.96088,False,False,False,False,True,True,Di Luar Area Pantauan (>1000m dari Desa)
Kendawangan,Pembedilan,"Rabu, 09 September 2026 13:54:00",NASA-SNPP,Medium,110.3072,-2.95484,False,False,False,False,True,True,Di Luar Area Pantauan (>1000m dari Desa)
Kendawangan,Pembedilan,"Rabu, 09 September 2026 13:54:00",NASA-SNPP,Medium,110.3037,-2.95541,False,False,False,False,True,True,Di Luar Area Pantauan (>1000m dari Desa)
Kendawangan,Pembedilan,"Rabu, 09 September 2026 13:54:00",NASA-SNPP,Medium,110.3002,-2.95599,False,False,False,False,True,True,Di Luar Area Pantauan (>1000m dari Desa)
Kendawangan,Pembedilan,"Rabu, 09 September 2026 13:54:00",NASA-SNPP,Medium,110.32561,-2.95742,False,False,False,False,True,True,Di Luar Area Pantauan (>1000m dari Desa)
Kendawangan,Pembedilan,"Rabu, 09 September 2026 13:54:00",NASA-SNPP,Medium,110.30629,-2.97181,False,False,False,False,True,True,Di Luar Area Pantauan (>1000m dari Desa)
Kendawangan,Airhitam Hulu,"Rabu, 09 September 2026 13:54:00",NASA-SNPP,Medium,110.49231,-2.63602,False,False,False,False,True,True,Di Luar Area Pantauan (>1000m dari Desa)
Kendawangan,Airhitam Hulu,"Rabu, 09 September 2026 13:54:00",NASA-SNPP,Medium,110.49595,-2.6354,False,False,False,False,True,True,Di Luar Area Pantauan (>1000m dari Desa)
Sungai Laur,Tanjung Beringin,"Rabu, 09 September 2026 15:24:00",NASA-MODIS,Medium,110.50021,-0.77623,False,False,False,False,False,False,Di Luar Area Pantauan (>1000m dari Desa)
Matan Hilir Utara,Sungai Putri,"Rabu, 09 September 2026 15:24:00",NASA-MODIS,Medium,110.06165,-1.57092,False,False,False,False,False,False,Di Luar Area Pantauan (>1000m dari Desa)
Sungai Laur,Kepari,"Rabu, 09 September 2026 15:24:00",NASA-MODIS,Medium,110.56719,-0.9243,False,False,False,False,False,False,Di Luar Area Pantauan (>1000m dari Desa)
Simpang Hulu,Botuh Bosi,"Rabu, 09 September 2026 15:24:00",NASA-MODIS,Medium,110.35286,-0.54926,False,False,False,False,False,False,Di Luar Area Pantauan (>1000m dari Desa)
Simpang Hulu,Kualan Hilir,"Rabu, 09 September 2026 15:24:00",NASA-MODIS,Medium,110.14629,-0.64414,False,False,True,False,False,True,Di Luar Area Pantauan (>1000m dari Desa)
Sukadana,Sejahtera,"Rabu, 09 September 2026 15:24:00",NASA-MODIS,Medium,110.04372,-1.26849,False,False,False,False,True,True,Di Luar Area Pantauan (>1000m dari Desa)
Simpang Hulu,Botuh Bosi,"Rabu, 09 September 2026 15:24:00",NASA-MODIS,Medium,110.34357,-0.55063,False,False,False,False,False,False,Di Luar Area Pantauan (>1000m dari Desa)
Mempawah Hilir,Sengkubang,"Rabu, 09 September 2026 15:24:00",NASA-MODIS,Medium,109.01612,0.44678,False,False,True,True,False,True,Di Luar Area Pantauan (>1000m dari Desa)
Sungai Ambawang,Teluk Bakung,"Rabu, 09 September 2026 15:24:00",NASA-MODIS,Medium,109.69442,-0.06476,False,False,True,True,False,True,Di Luar Area Pantauan (>1000m dari Desa)
Simpang Dua,Semandang Kanan,"Rabu, 09 September 2026 15:24:00",NASA-MODIS,Medium,110.33199,-0.77402,False,False,False,False,False,False,Di Luar Area Pantauan (>1000m dari Desa)
Sungai Laur,Tanjung Maju,"Rabu, 09 September 2026 15:24:00",NASA-MODIS,Medium,110.52162,-0.69983,False,False,False,False,False,False,Di Luar Area Pantauan (>1000m dari Desa)
Simpang Dua,Semandang Kanan,"Rabu, 09 September 2026 15:24:00",NASA-MODIS,Medium,110.36769,-0.75957,False,False,False,False,False,False,Di Luar Area Pantauan (>1000m dari Desa)
Sekayam,Melenggang,"Rabu, 09 September 2026 15:24:00",NASA-MODIS,Medium,110.74222,0.72913,False,False,False,False,False,False,Di Luar Area Pantauan (>1000m dari Desa)
Sekadau Hulu,Setawar,"Rabu, 09 September 2026 15:24:00",NASA-MODIS,Medium,111.00314,-0.10257,False,False,False,False,False,False,Di Luar Area Pantauan (>1000m dari Desa)
Muara Pawan,Ulak Medang,"Rabu, 09 September 2026 15:24:00",NASA-MODIS,Medium,110.28748,-1.64052,False,False,False,True,False,True,Di Luar Area Pantauan (>1000m dari Desa)
Pemahan,Muara Semayok,"Rabu, 09 September 2026 15:24:00",NASA-MODIS,Medium,110.54942,-1.72084,False,False,False,False,False,False,Di Luar Area Pantauan (>1000m dari Desa)
Sungai Laur,Harapan Baru,"Rabu, 09 September 2026 15:24:00",NASA-MODIS,Medium,110.53105,-0.69843,False,False,False,False,False,False,Di Luar Area Pantauan (>1000m dari Desa)
Nanga Taman,Sungailawak,"Rabu, 09 September 2026 15:24:00",NASA-MODIS,Medium,110.73872,-0.26141,False,False,False,False,False,False,Di Luar Area Pantauan (>1000m dari Desa)
Matan Hilir Selatan,Sungai Nanjung,"Rabu, 09 September 2026 15:24:00",NASA-MODIS,Medium,110.17541,-2.17328,False,False,False,True,False,True,Di Luar Area Pantauan (>1000m dari Desa)
Belitang Hulu,Sebetung,"Rabu, 09 September 2026 15:24:00",NASA-MODIS,Medium,111.07361,0.5355,False,False,False,False,False,False,Di Luar Area Pantauan (>1000m dari Desa)
Nanga Tayap,Simpang Tiga Sembelangaan,"Rabu, 09 September 2026 15:24:00",NASA-MODIS,Medium,110.38052,-1.46928,False,False,False,False,True,True,Di Luar Area Pantauan (>1000m dari Desa)
Ella Hilir,Nanga Nyuruh,"Rabu, 09 September 2026 15:24:00",NASA-MODIS,Medium,112.09226,-0.53694,False,False,False,False,True,True,Di Luar Area Pantauan (>1000m dari Desa)
Kendawangan,Air Hitam Besar,"Rabu, 09 September 2026 15:24:00",NASA-MODIS,Medium,110.77916,-2.74094,False,False,False,False,True,True,Di Luar Area Pantauan (>1000m dari Desa)
Manis Mata,Suak Burung,"Rabu, 09 September 2026 15:24:00",NASA-MODIS,Medium,111.03831,-2.31446,False,False,False,False,False,False,Di Luar Area Pantauan (>1000m dari Desa)
Nanga Tayap,Betenung,"Rabu, 09 September 2026 15:24:00",NASA-MODIS,Medium,110.76036,-1.56983,False,False,True,False,False,True,Di Luar Area Pantauan (>1000m dari Desa)
Simpang Hulu,Balai Pinang Hulu,"Rabu, 09 September 2026 15:24:00",NASA-MODIS,Medium,110.37715,-0.60973,False,False,False,False,False,False,Di Luar Area Pantauan (>1000m dari Desa)
Simpang Hulu,Balai Pinang,"Rabu, 09 September 2026 15:24:00",NASA-MODIS,Medium,110.39017,-0.54374,False,False,False,False,False,False,Di Luar Area Pantauan (>1000m dari Desa)
Belitang Hulu,Pakit Mulau,"Rabu, 09 September 2026 15:24:00",NASA-MODIS,Medium,111.21038,0.52098,False,False,False,False,False,False,Di Luar Area Pantauan (>1000m dari Desa)
Belitang Hilir,Menawai Tekam,"Rabu, 09 September 2026 15:24:00",NASA-MODIS,Medium,110.95149,0.31393,False,False,False,False,False,False,Di Luar Area Pantauan (>1000m dari Desa)
Kendawangan,Airhitam Hulu,"Rabu, 09 September 2026 15:24:00",NASA-MODIS,Medium,110.52618,-2.66692,False,False,False,False,True,True,Di Luar Area Pantauan (>1000m dari Desa)
Nanga Mahap,Landau Kumpai,"Rabu, 09 September 2026 15:24:00",NASA-MODIS,Medium,110.7332,-0.40929,False,False,False,False,False,False,Di Luar Area Pantauan (>1000m dari Desa)
Nanga Mahap,Landau Kumpai,"Rabu, 09 September 2026 15:24:00",NASA-MODIS,Medium,110.72339,-0.41074,False,False,False,False,False,False,Di Luar Area Pantauan (>1000m dari Desa)
Singkup,Pantai Ketikal,"Rabu, 09 September 2026 15:24:00",NASA-MODIS,Medium,110.75461,-2.44826,False,False,False,False,False,False,Di Luar Area Pantauan (>1000m dari Desa)
Matan Hilir Selatan,Pagar Mentimun,"Rabu, 09 September 2026 08:34:00",NASA-MODIS,Medium,110.18002,-2.24013,False,False,True,False,False,True,Di Luar Area Pantauan (>1000m dari Desa)
Muara Pawan,Mayak,"Rabu, 09 September 2026 15:24:00",NASA-MODIS,Medium,110.16084,-1.72302,False,False,True,True,False,True,Di Luar Area Pantauan (>1000m dari Desa)
Kendawangan,Airhitam Hulu,"Rabu, 09 September 2026 15:24:00",NASA-MODIS,Medium,110.61128,-2.67266,False,False,False,False,False,False,Di Luar Area Pantauan (>1000m dari Desa)
Matan Hilir Selatan,Pagar Mentimun,"Rabu, 09 September 2026 15:24:00",NASA-MODIS,Medium,110.1748,-2.24826,False,False,True,True,False,True,Di Luar Area Pantauan (>1000m dari Desa)
Batu Ampar,Nipah Panjang,"Rabu, 09 September 2026 15:24:00",NASA-MODIS,Medium,109.41356,-0.75285,False,False,True,True,True,True,Di Luar Area Pantauan (>1000m dari Desa)
Semitau,Entipan,"Rabu, 09 September 2026 15:24:00",NASA-MODIS,Medium,111.83833,0.71803,False,False,False,False,False,False,Di Luar Area Pantauan (>1000m dari Desa)
Muara Pawan,Tanjung Pura,"Rabu, 09 September 2026 15:24:00",NASA-MODIS,Medium,110.18793,-1.71905,False,False,False,False,False,False,Di Luar Area Pantauan (>1000m dari Desa)
Matan Hilir Utara,Tanjung Baik Budi,"Rabu, 09 September 2026 15:24:00",NASA-MODIS,Medium,110.14643,-1.52214,False,False,True,True,False,True,Di Luar Area Pantauan (>1000m dari Desa)
Ketungau Tengah,Mungguk Lawang,"Rabu, 09 September 2026 15:24:00",NASA-MODIS,Medium,111.71508,0.67927,False,False,False,False,True,True,Di Luar Area Pantauan (>1000m dari Desa)
Kendawangan,Air Hitam Besar,"Rabu, 09 September 2026 15:24:00",NASA-MODIS,Medium,110.7513,-2.74504,False,False,False,False,False,False,Di Luar Area Pantauan (>1000m dari Desa)
Matan Hilir Selatan,Pagar Mentimun,"Rabu, 09 September 2026 15:24:00",NASA-MODIS,Medium,110.16454,-2.24072,False,False,False,False,False,False,Di Luar Area Pantauan (>1000m dari Desa)
Muara Pawan,Tempurukan,"Rabu, 09 September 2026 15:24:00",NASA-MODIS,Medium,110.07069,-1.6728,False,False,False,True,False,True,Di Luar Area Pantauan (>1000m dari Desa)
Simpang Dua,Gema,"Rabu, 09 September 2026 15:24:00",NASA-MODIS,Medium,110.41316,-0.9192,False,False,False,False,True,True,Di Luar Area Pantauan (>1000m dari Desa)
Pulau Maya,Kemboja,"Rabu, 09 September 2026 15:24:00",NASA-MODIS,Medium,109.73569,-1.11995,False,False,False,True,False,True,Di Luar Area Pantauan (>1000m dari Desa)
Matan Hilir Utara,Kuala Tolak,"Rabu, 09 September 2026 15:24:00",NASA-MODIS,Medium,110.16826,-1.48251,False,False,True,True,False,True,Di Luar Area Pantauan (>1000m dari Desa)
Benua Kayong,Negeri Baru,"Rabu, 09 September 2026 15:24:00",NASA-MODIS,Medium,110.19665,-1.80045,False,False,False,True,False,True,Di Luar Area Pantauan (>1000m dari Desa)
Manis Mata,Suka Ramai,"Rabu, 09 September 2026 15:24:00",NASA-MODIS,Medium,111.10135,-2.72903,False,False,False,False,False,False,Di Luar Area Pantauan (>1000m dari Desa)
Matan Hilir Selatan,Sungai Besar,"Rabu, 09 September 2026 15:24:00",NASA-MODIS,Medium,110.19714,-1.88433,False,False,True,True,False,True,Di Luar Area Pantauan (>1000m dari Desa)
Belitang Hulu,Sungaitapah,"Rabu, 09 September 2026 15:24:00",NASA-MODIS,Medium,111.09566,0.50389,False,False,False,False,False,False,Di Luar Area Pantauan (>1000m dari Desa)
Sungai Raya,Pulaulimbung,"Rabu, 09 September 2026 15:24:00",NASA-MODIS,Medium,109.82771,-0.18228,False,False,True,True,True,True,Di Luar Area Pantauan (>1000m dari Desa)
Toba,Bagan Asam,"Rabu, 09 September 2026 15:24:00",NASA-MODIS,Medium,110.1276,-0.30468,False,False,False,False,False,False,Di Luar Area Pantauan (>1000m dari Desa)
Sengah Temila,Andeng,"Rabu, 09 September 2026 15:24:00",NASA-MODIS,High,109.56802,0.41679,False,False,False,False,False,False,Di Luar Area Pantauan (>1000m dari Desa)
Pemahan,Muara Semayok,"Rabu, 09 September 2026 15:24:00",NASA-MODIS,High,110.55872,-1.71946,False,False,False,False,False,False,Di Luar Area Pantauan (>1000m dari Desa)
Belitang Hulu,Kumpang Ilong,"Rabu, 09 September 2026 15:24:00",NASA-MODIS,High,111.07445,0.43295,False,False,False,False,False,False,Di Luar Area Pantauan (>1000m dari Desa)
Hulu Sungai,Cinta Manis,"Rabu, 09 September 2026 15:24:00",NASA-MODIS,High,110.83762,-1.11417,False,False,False,False,True,True,Di Luar Area Pantauan (>1000m dari Desa)
Belitang Hulu,Pakit Mulau,"Rabu, 09 September 2026 15:24:00",NASA-MODIS,High,111.17917,0.5411,False,False,False,False,False,False,Di Luar Area Pantauan (>1000m dari Desa)
Matan Hilir Selatan,Pagar Mentimun,"Rabu, 09 September 2026 08:34:00",NASA-MODIS,High,110.17384,-2.24239,False,False,False,False,False,False,Di Luar Area Pantauan (>1000m dari Desa)
Matan Hilir Utara,Sungai Putri,"Rabu, 09 September 2026 15:24:00",NASA-MODIS,High,110.07828,-1.55941,False,False,True,True,False,True,Di Luar Area Pantauan (>1000m dari Desa)
Matan Hilir Utara,Sungai Putri,"Rabu, 09 September 2026 15:24:00",NASA-MODIS,High,110.06931,-1.56073,False,False,False,True,False,True,Di Luar Area Pantauan (>1000m dari Desa)
Simpang Hulu,Balai Pinang Hulu,"Rabu, 09 September 2026 15:24:00",NASA-MODIS,High,110.40757,-0.59667,False,False,False,False,False,False,Di Luar Area Pantauan (>1000m dari Desa)
Tayan Hilir,Melugai,"Rabu, 09 September 2026 15:24:00",NASA-MODIS,High,110.15422,0.05054,False,False,False,False,False,False,Di Luar Area Pantauan (>1000m dari Desa)
Belitang Hulu,Sebetung,"Rabu, 09 September 2026 15:24:00",NASA-MODIS,High,111.08397,0.53701,False,False,False,False,False,False,Di Luar Area Pantauan (>1000m dari Desa)
Kendawangan,Air Hitam Besar,"Rabu, 09 September 2026 15:24:00",NASA-MODIS,High,110.78848,-2.73957,False,False,False,False,True,True,Di Luar Area Pantauan (>1000m dari Desa)
Sekayam,Melenggang,"Rabu, 09 September 2026 15:24:00",NASA-MODIS,High,110.75223,0.73061,False,False,False,False,False,False,Di Luar Area Pantauan (>1000m dari Desa)
Matan Hilir Selatan,Pesaguan Kanan,"Rabu, 09 September 2026 15:24:00",NASA-MODIS,High,110.31351,-2.02468,False,False,False,False,False,False,Di Luar Area Pantauan (>1000m dari Desa)
Matan Hilir Utara,Sungai Putri,"Rabu, 09 September 2026 15:24:00",NASA-MODIS,High,110.07137,-1.59778,False,False,False,True,False,True,Di Luar Area Pantauan (>1000m dari Desa)
Sekayam,Melenggang,"Rabu, 09 September 2026 15:24:00",NASA-MODIS,High,110.76222,0.7321,False,False,False,False,False,False,Di Luar Area Pantauan (>1000m dari Desa)
Semitau,Entipan,"Rabu, 09 September 2026 15:24:00",NASA-MODIS,High,111.84456,0.71851,False,False,False,False,False,False,Di Luar Area Pantauan (>1000m dari Desa)
Ella Hilir,Nanga Nyuruh,"Rabu, 09 September 2026 15:24:00",NASA-MODIS,High,112.10384,-0.53527,False,False,False,False,False,False,Di Luar Area Pantauan (>1000m dari Desa)
Manis Mata,Seguling,"Rabu, 09 September 2026 15:24:00",NASA-MODIS,High,111.09502,-2.57325,False,False,False,False,False,False,Di Luar Area Pantauan (>1000m dari Desa)
Matan Hilir Utara,Kuala Tolak,"Rabu, 09 September 2026 15:24:00",NASA-MODIS,High,110.17863,-1.49008,False,False,True,True,False,True,Di Luar Area Pantauan (>1000m dari Desa)
Belitang Hulu,Pakit Mulau,"Rabu, 09 September 2026 15:24:00",NASA-MODIS,High,111.18964,0.54261,False,False,False,False,False,False,Di Luar Area Pantauan (>1000m dari Desa)
Kendawangan,Airhitam Hulu,"Rabu, 09 September 2026 15:24:00",NASA-MODIS,High,110.61914,-2.66233,False,False,False,False,False,False,Di Luar Area Pantauan (>1000m dari Desa)
Kendawangan,Air Hitam Besar,"Rabu, 09 September 2026 15:24:00",NASA-MODIS,High,110.74203,-2.74641,False,False,False,True,False,True,Di Luar Area Pantauan (>1000m dari Desa)
Belitang Hulu,Sungaitapah,"Rabu, 09 September 2026 15:24:00",NASA-MODIS,High,111.10406,0.44693,False,False,False,False,False,False,Di Luar Area Pantauan (>1000m dari Desa)
Matan Hilir Selatan,Sungai Besar,"Rabu, 09 September 2026 15:24:00",NASA-MODIS,High,110.20485,-1.8741,False,False,True,True,False,True,Di Luar Area Pantauan (>1000m dari Desa)
Sungai Ambawang,Teluk Bakung,"Rabu, 09 September 2026 15:24:00",NASA-MODIS,High,109.72726,-0.02125,False,False,False,True,False,True,Di Luar Area Pantauan (>1000m dari Desa)
Matan Hilir Utara,Tanjung Baik Budi,"Rabu, 09 September 2026 15:24:00",NASA-MODIS,High,110.17489,-1.52705,False,False,False,True,False,True,Di Luar Area Pantauan (>1000m dari Desa)
Belitang Hulu,Sungaitapah,"Rabu, 09 September 2026 15:24:00",NASA-MODIS,High,111.06469,0.49927,False,False,False,False,False,False,Di Luar Area Pantauan (>1000m dari Desa)
Kendawangan,Airhitam Hulu,"Rabu, 09 September 2026 15:24:00",NASA-MODIS,High,110.49487,-2.64416,False,False,False,False,True,True,Di Luar Area Pantauan (>1000m dari Desa)
Muara Pawan,Tempurukan,"Rabu, 09 September 2026 15:24:00",NASA-MODIS,High,110.08098,-1.68034,False,False,False,True,False,True,Di Luar Area Pantauan (>1000m dari Desa)
Belitang Hilir,Menawai Tekam,"Rabu, 09 September 2026 15:24:00",NASA-MODIS,High,111.01389,0.28769,False,False,False,False,False,False,Di Luar Area Pantauan (>1000m dari Desa)
Sungai Laur,Harapan Baru,"Rabu, 09 September 2026 15:24:00",NASA-MODIS,High,110.5675,-0.68371,False,False,False,False,False,False,Di Luar Area Pantauan (>1000m dari Desa)
Semitau,Entipan,"Rabu, 09 September 2026 15:24:00",NASA-MODIS,High,111.84991,0.71977,False,False,False,False,False,False,Di Luar Area Pantauan (>1000m dari Desa)
Ambalau,Bukit Tinggi,"Rabu, 09 September 2026 15:24:00",NASA-MODIS,High,112.70963,-0.25262,False,False,False,False,False,False,Di Luar Area Pantauan (>1000m dari Desa)
Kendawangan,Pembedilan,"Rabu, 09 September 2026 15:24:00",NASA-MODIS,High,110.30251,-2.95972,False,False,False,False,True,True,Di Luar Area Pantauan (>1000m dari Desa)
Kendawangan,Airhitam Hulu,"Rabu, 09 September 2026 15:24:00",NASA-MODIS,High,110.50398,-2.6428,False,False,False,False,True,True,Di Luar Area Pantauan (>1000m dari Desa)
Kendawangan,Airhitam Hulu,"Rabu, 09 September 2026 15:24:00",NASA-MODIS,High,110.62048,-2.6713,False,False,False,False,False,False,Di Luar Area Pantauan (>1000m dari Desa)
Matan Hilir Selatan,Pagar Mentimun,"Rabu, 09 September 2026 15:24:00",NASA-MODIS,High,110.1735,-2.23939,False,False,False,False,False,False,Di Luar Area Pantauan (>1000m dari Desa)
Ketungau Tengah,Margahayu,"Rabu, 09 September 2026 15:24:00",NASA-MODIS,High,111.38435,0.76523,False,False,False,False,False,False,Di Luar Area Pantauan (>1000m dari Desa)
Matan Hilir Utara,Kuala Tolak,"Rabu, 09 September 2026 15:24:00",NASA-MODIS,High,110.16958,-1.49142,False,False,True,True,False,True,Di Luar Area Pantauan (>1000m dari Desa)
Matan Hilir Selatan,Sungai Besar,"Rabu, 09 September 2026 15:24:00",NASA-MODIS,High,110.20749,-1.8919,False,False,True,True,False,True,Di Luar Area Pantauan (>1000m dari Desa)
Simpang Dua,Semandang Kanan,"Rabu, 09 September 2026 15:24:00",NASA-MODIS,High,110.34122,-0.77267,False,False,False,False,False,False,Di Luar Area Pantauan (>1000m dari Desa)
Manis Mata,Seguling,"Rabu, 09 September 2026 15:24:00",NASA-MODIS,High,111.08408,-2.56552,False,False,False,False,False,False,Di Luar Area Pantauan (>1000m dari Desa)
Sungai Ambawang,Teluk Bakung,"Rabu, 09 September 2026 15:24:00",NASA-MODIS,High,109.73622,-0.01994,False,False,False,True,False,True,Di Luar Area Pantauan (>1000m dari Desa)
Simpang Dua,Semandang Kanan,"Rabu, 09 September 2026 15:24:00",NASA-MODIS,High,110.39828,-0.77355,False,False,False,False,False,False,Di Luar Area Pantauan (>1000m dari Desa)
Simpang Hulu,Semandang Kiri,"Rabu, 09 September 2026 12:33:00",NASA-NOAA20,High,110.41455,-0.67072,False,False,False,False,False,False,Di Luar Area Pantauan (>1000m dari Desa)
Matan Hilir Utara,Sungai Putri,"Rabu, 09 September 2026 15:24:00",NASA-MODIS,High,110.08728,-1.5581,False,False,True,True,False,True,Di Luar Area Pantauan (>1000m dari Desa)
Sungai Laur,Harapan Baru,"Rabu, 09 September 2026 15:24:00",NASA-MODIS,High,110.55804,-0.68512,False,False,False,False,False,False,Di Luar Area Pantauan (>1000m dari Desa)
Manis Mata,Suka Ramai,"Rabu, 09 September 2026 12:33:00",NASA-NOAA20,High,111.09923,-2.71969,False,False,False,False,False,False,Di Luar Area Pantauan (>1000m dari Desa)
Kendawangan,Airhitam Hulu,"Rabu, 09 September 2026 12:33:00",NASA-NOAA20,High,110.61671,-2.68424,False,False,False,False,False,False,Di Luar Area Pantauan (>1000m dari Desa)
Kendawangan,Airhitam Hulu,"Rabu, 09 September 2026 12:33:00",NASA-NOAA20,High,110.62824,-2.69345,False,False,False,False,False,False,Di Luar Area Pantauan (>1000m dari Desa)
Kendawangan,Airhitam Hulu,"Rabu, 09 September 2026 12:33:00",NASA-NOAA20,High,110.61438,-2.66824,False,False,False,False,False,False,Di Luar Area Pantauan (>1000m dari Desa)
Kendawangan,Airhitam Hulu,"Rabu, 09 September 2026 13:54:00",NASA-SNPP,High,110.51701,-2.656,False,False,False,False,True,True,Di Luar Area Pantauan (>1000m dari Desa)
Matan Hilir Utara,Tanjung Baik Budi,"Rabu, 09 September 2026 13:57:00",NASA-SNPP,High,110.18169,-1.52301,False,False,False,True,False,True,Di Luar Area Pantauan (>1000m dari Desa)
Manis Mata,Suka Ramai,"Rabu, 09 September 2026 12:33:00",NASA-NOAA20,High,111.10076,-2.72123,False,False,False,False,False,False,Di Luar Area Pantauan (>1000m dari Desa)
Kendawangan,Airhitam Hulu,"Rabu, 09 September 2026 13:54:00",NASA-SNPP,High,110.51395,-2.65522,False,False,False,False,True,True,Di Luar Area Pantauan (>1000m dari Desa)
Pulau Maya,Kemboja,"Rabu, 09 September 2026 13:57:00",NASA-SNPP,High,109.73629,-1.12089,False,False,False,True,False,True,Di Luar Area Pantauan (>1000m dari Desa)
Kendawangan,Airhitam Hulu,"Rabu, 09 September 2026 13:54:00",NASA-SNPP,High,110.52122,-2.654,False,False,False,False,True,True,Di Luar Area Pantauan (>1000m dari Desa)
Kendawangan,Airhitam Hulu,"Rabu, 09 September 2026 12:33:00",NASA-NOAA20,High,110.51395,-2.64663,False,False,False,False,True,True,Di Luar Area Pantauan (>1000m dari Desa)
Kendawangan,Airhitam Hulu,"Rabu, 09 September 2026 12:33:00",NASA-NOAA20,High,110.52071,-2.64562,False,False,False,False,True,True,Di Luar Area Pantauan (>1000m dari Desa)
Kendawangan,Airhitam Hulu,"Rabu, 09 September 2026 13:54:00",NASA-SNPP,High,110.52064,-2.65542,False,False,False,False,True,True,Di Luar Area Pantauan (>1000m dari Desa)
Kendawangan,Seriam,"Rabu, 09 September 2026 12:33:00",NASA-NOAA20,High,110.31284,-2.68765,False,False,False,False,True,True,Di Luar Area Pantauan (>1000m dari Desa)
Matan Hilir Selatan,Pagar Mentimun,"Rabu, 09 September 2026 12:33:00",NASA-NOAA20,High,110.16557,-2.24199,False,False,False,False,False,False,Di Luar Area Pantauan (>1000m dari Desa)
Matan Hilir Selatan,Sungai Nanjung,"Rabu, 09 September 2026 12:33:00",NASA-NOAA20,High,110.2587,-2.19498,False,False,True,True,True,True,Di Luar Area Pantauan (>1000m dari Desa)
Kendawangan,Natai Kuini,"Rabu, 09 September 2026 12:33:00",NASA-NOAA20,High,110.69654,-2.92506,False,False,False,False,False,False,Di Luar Area Pantauan (>1000m dari Desa)
Kendawangan,Airhitam Hulu,"Rabu, 09 September 2026 13:54:00",NASA-SNPP,High,110.50343,-2.64105,False,False,False,False,True,True,Di Luar Area Pantauan (>1000m dari Desa)
Kendawangan,Airhitam Hulu,"Rabu, 09 September 2026 12:33:00",NASA-NOAA20,High,110.52149,-2.65098,False,False,False,False,True,True,Di Luar Area Pantauan (>1000m dari Desa)
Kendawangan,Pangkalan Batu,"Rabu, 09 September 2026 12:33:00",NASA-NOAA20,High,110.39484,-2.13943,False,False,False,False,False,False,Di Luar Area Pantauan (>1000m dari Desa)
Simpang Hulu,Kualan Hilir,"Rabu, 09 September 2026 12:33:00",NASA-NOAA20,High,110.2317,-0.62361,False,False,False,False,False,False,Di Luar Area Pantauan (>1000m dari Desa)
Kendawangan,Pembedilan,"Rabu, 09 September 2026 13:54:00",NASA-SNPP,High,110.29666,-2.88925,False,False,False,True,True,True,Di Luar Area Pantauan (>1000m dari Desa)
Muara Pawan,Ulak Medang,"Rabu, 09 September 2026 12:33:00",NASA-NOAA20,High,110.27928,-1.51871,False,False,True,True,False,True,Di Luar Area Pantauan (>1000m dari Desa)
Simpang Hilir,Batu Barat,"Rabu, 09 September 2026 13:57:00",NASA-SNPP,High,110.14072,-0.85415,False,False,True,True,False,True,Di Luar Area Pantauan (>1000m dari Desa)
Kendawangan,Pembedilan,"Rabu, 09 September 2026 13:54:00",NASA-SNPP,High,110.29523,-2.88866,False,False,False,True,True,True,Di Luar Area Pantauan (>1000m dari Desa)
Manis Mata,Suka Ramai,"Rabu, 09 September 2026 13:54:00",NASA-SNPP,High,111.10551,-2.72757,False,False,False,False,False,False,Di Luar Area Pantauan (>1000m dari Desa)
Hulu Sungai,Krio Hulu,"Rabu, 09 September 2026 12:33:00",NASA-NOAA20,High,110.83733,-0.92675,False,False,True,False,False,True,Di Luar Area Pantauan (>1000m dari Desa)
Manis Mata,Batu Sedau,"Rabu, 09 September 2026 13:54:00",NASA-SNPP,High,111.06497,-2.39625,False,False,False,False,False,False,Di Luar Area Pantauan (>1000m dari Desa)
Simpang Hulu,Botuh Bosi,"Rabu, 09 September 2026 13:57:00",NASA-SNPP,High,110.34939,-0.54948,False,False,False,False,False,False,Di Luar Area Pantauan (>1000m dari Desa)
Matan Hilir Utara,Tanjung Baik Budi,"Rabu, 09 September 2026 12:33:00",NASA-NOAA20,High,110.18241,-1.52251,False,False,False,True,False,True,Di Luar Area Pantauan (>1000m dari Desa)
Matan Hilir Selatan,Pagar Mentimun,"Rabu, 09 September 2026 12:33:00",NASA-NOAA20,High,110.17615,-2.24043,False,False,False,False,False,False,Di Luar Area Pantauan (>1000m dari Desa)
Kendawangan,Airhitam Hulu,"Rabu, 09 September 2026 13:54:00",NASA-SNPP,High,110.51339,-2.65658,False,False,False,False,True,True,Di Luar Area Pantauan (>1000m dari Desa)
Kendawangan,Airhitam Hulu,"Rabu, 09 September 2026 13:54:00",NASA-SNPP,High,110.51759,-2.65461,False,False,False,False,True,True,Di Luar Area Pantauan (>1000m dari Desa)
Muara Pawan,Ulak Medang,"Rabu, 09 September 2026 13:57:00",NASA-SNPP,High,110.28316,-1.51626,False,False,True,True,False,True,Di Luar Area Pantauan (>1000m dari Desa)
Kendawangan,Airhitam Hulu,"Rabu, 09 September 2026 13:54:00",NASA-SNPP,High,110.50407,-2.63974,False,False,False,False,True,True,Di Luar Area Pantauan (>1000m dari Desa)
Simpang Dua,Kampar Sebomban,"Rabu, 09 September 2026 12:33:00",NASA-NOAA20,High,110.18357,-0.90569,False,False,False,False,False,False,Di Luar Area Pantauan (>1000m dari Desa)
Matan Hilir Utara,Tanjung Baik Budi,"Rabu, 09 September 2026 13:57:00",NASA-SNPP,High,110.1796,-1.52193,False,False,False,False,False,False,Di Luar Area Pantauan (>1000m dari Desa)
Kapuas,Kelurahan Sungai Sengkuang,"Rabu, 09 September 2026 13:57:00",NASA-SNPP,High,110.62672,0.18211,False,False,False,False,False,False,Di Luar Area Pantauan (>1000m dari Desa)
Matan Hilir Utara,Lamon Satong,"Rabu, 09 September 2026 12:33:00",NASA-NOAA20,High,110.18823,-1.35099,False,False,False,False,False,False,Di Luar Area Pantauan (>1000m dari Desa)
Hulu Sungai,Krio Hulu,"Rabu, 09 September 2026 12:33:00",NASA-NOAA20,High,110.83764,-0.92459,False,False,True,False,False,True,Di Luar Area Pantauan (>1000m dari Desa)
Muara Pawan,Ulak Medang,"Rabu, 09 September 2026 12:33:00",NASA-NOAA20,High,110.286,-1.51768,False,False,True,True,False,True,Di Luar Area Pantauan (>1000m dari Desa)
Simpang Dua,Kampar Sebomban,"Rabu, 09 September 2026 12:33:00",NASA-NOAA20,High,110.18816,-0.90838,False,False,False,False,False,False,Di Luar Area Pantauan (>1000m dari Desa)
Ella Hilir,Nanga Nyuruh,"Rabu, 09 September 2026 13:57:00",NASA-SNPP,High,112.10538,-0.52986,False,False,False,False,False,False,Di Luar Area Pantauan (>1000m dari Desa)
Kendawangan,Pembedilan,"Rabu, 09 September 2026 13:54:00",NASA-SNPP,High,110.30979,-2.97124,False,False,False,False,True,True,Di Luar Area Pantauan (>1000m dari Desa)
Simpang Hulu,Semandang Kiri,"Rabu, 09 September 2026 12:33:00",NASA-NOAA20,High,110.41563,-0.67065,False,False,False,False,False,False,Di Luar Area Pantauan (>1000m dari Desa)
Ella Hilir,Nanga Nyuruh,"Rabu, 09 September 2026 15:24:00",NASA-MODIS,High,112.09795,-0.53576,False,False,False,False,False,False,Di Luar Area Pantauan (>1000m dari Desa)
Sekayam,Melenggang,"Rabu, 09 September 2026 15:24:00",NASA-MODIS,High,110.73227,0.72765,False,False,False,False,False,False,Di Luar Area Pantauan (>1000m dari Desa)
Belitang Hilir,Menawai Tekam,"Rabu, 09 September 2026 15:24:00",NASA-MODIS,High,110.91122,0.28208,False,False,False,False,False,False,Di Luar Area Pantauan (>1000m dari Desa)
Matan Hilir Selatan,Sungai Besar,"Rabu, 09 September 2026 15:24:00",NASA-MODIS,High,110.21519,-1.88167,False,False,True,True,False,True,Di Luar Area Pantauan (>1000m dari Desa)
Simpang Hulu,Balai Pinang Hulu,"Rabu, 09 September 2026 15:24:00",NASA-MODIS,High,110.4169,-0.59531,False,False,False,False,False,False,Di Luar Area Pantauan (>1000m dari Desa)
Sungai Ambawang,Lingga,"Rabu, 09 September 2026 15:24:00",NASA-MODIS,High,109.64995,-0.13466,False,False,True,True,False,True,Di Luar Area Pantauan (>1000m dari Desa)
Kendawangan,Airhitam Hulu,"Rabu, 09 September 2026 15:24:00",NASA-MODIS,High,110.51575,-2.65933,False,False,False,False,True,True,Di Luar Area Pantauan (>1000m dari Desa)
Sungai Laur,Kepari,"Rabu, 09 September 2026 15:24:00",NASA-MODIS,High,110.55778,-0.92568,False,False,False,False,False,False,Di Luar Area Pantauan (>1000m dari Desa)
Simpang Dua,Kampar Sebomban,"Rabu, 09 September 2026 15:24:00",NASA-MODIS,High,110.1879,-0.90518,False,False,False,False,False,False,Di Luar Area Pantauan (>1000m dari Desa)
Simpang Dua,Batu Daya,"Rabu, 09 September 2026 15:24:00",NASA-MODIS,High,110.38044,-0.97894,False,False,False,False,False,False,Di Luar Area Pantauan (>1000m dari Desa)
Muara Pawan,Ulak Medang,"Rabu, 09 September 2026 15:24:00",NASA-MODIS,High,110.27606,-1.5213,False,False,False,True,False,True,Di Luar Area Pantauan (>1000m dari Desa)
Muara Pawan,Tempurukan,"Rabu, 09 September 2026 15:24:00",NASA-MODIS,High,110.07967,-1.67147,False,False,False,True,False,True,Di Luar Area Pantauan (>1000m dari Desa)
Ketungau Tengah,Margahayu,"Rabu, 09 September 2026 15:24:00",NASA-MODIS,High,111.42788,0.77155,False,False,False,False,False,False,Di Luar Area Pantauan (>1000m dari Desa)
Matan Hilir Selatan,Sungai Nanjung,"Rabu, 09 September 2026 15:24:00",NASA-MODIS,High,110.18439,-2.17195,False,False,False,False,False,False,Di Luar Area Pantauan (>1000m dari Desa)
Ketungau Tengah,Margahayu,"Rabu, 09 September 2026 15:24:00",NASA-MODIS,High,111.39524,0.76681,False,False,False,False,False,False,Di Luar Area Pantauan (>1000m dari Desa)
Belitang Hilir,Menawai Tekam,"Rabu, 09 September 2026 15:24:00",NASA-MODIS,High,110.9126,0.27271,False,False,False,False,False,False,Di Luar Area Pantauan (>1000m dari Desa)
Mukok,Sungai Mawang,"Rabu, 09 September 2026 15:24:00",NASA-MODIS,High,110.87553,0.14695,False,False,False,False,False,False,Di Luar Area Pantauan (>1000m dari Desa)
Matan Hilir Utara,Tanjung Baik Budi,"Rabu, 09 September 2026 15:24:00",NASA-MODIS,High,110.18392,-1.52572,False,False,True,True,False,True,Di Luar Area Pantauan (>1000m dari Desa)
Toba,Bagan Asam,"Rabu, 09 September 2026 15:24:00",NASA-MODIS,High,110.11845,-0.30603,False,False,False,False,False,False,Di Luar Area Pantauan (>1000m dari Desa)
Manis Mata,Seguling,"Rabu, 09 September 2026 15:24:00",NASA-MODIS,High,111.08544,-2.57468,False,False,False,False,False,False,Di Luar Area Pantauan (>1000m dari Desa)
Belitang Hilir,Menawai Tekam,"Rabu, 09 September 2026 15:24:00",NASA-MODIS,High,110.92267,0.2742,False,False,False,False,False,False,Di Luar Area Pantauan (>1000m dari Desa)
Matan Hilir Selatan,Sungai Besar,"Rabu, 09 September 2026 15:24:00",NASA-MODIS,High,110.20616,-1.883,False,False,True,True,False,True,Di Luar Area Pantauan (>1000m dari Desa)
Simpang Hulu,Sekucing Labai,"Rabu, 09 September 2026 15:24:00",NASA-MODIS,High,110.10364,-0.50219,False,False,True,False,False,True,Di Luar Area Pantauan (>1000m dari Desa)
Muara Pawan,Ulak Medang,"Rabu, 09 September 2026 15:24:00",NASA-MODIS,High,110.24743,-1.51638,False,False,True,True,False,True,Di Luar Area Pantauan (>1000m dari Desa)
