Kecamatan,Desa,Waktu,Satelit,Confidence,Longitude,Latitude,in_desa,in_buffer,is_hutan,is_gambut,is_kk,in_kawasan,Prioritas_Satgas
Matan Hilir Utara,Kuala Tolak,"Sabtu, 19 September 2026 20:53:00",NASA-MODIS,Low,110.12627,-1.51138,False,False,False,False,False,False,Di Luar Area Pantauan (>1000m dari Desa)
Kendawangan,Kendawangan Kanan,"Sabtu, 19 September 2026 15:11:00",NASA-MODIS,Low,110.24709,-2.70816,False,False,False,True,True,True,Di Luar Area Pantauan (>1000m dari Desa)
Matan Hilir Selatan,Sungai Nanjung,"Minggu, 20 September 2026 03:32:00",NASA-MODIS,Low,110.21961,-2.15141,False,False,True,True,False,True,Di Luar Area Pantauan (>1000m dari Desa)
Nanga Tayap,Lembah Hijau Dua,"Minggu, 20 September 2026 03:32:00",NASA-MODIS,Low,110.4497,-1.58051,False,False,False,False,False,False,Di Luar Area Pantauan (>1000m dari Desa)
Kendawangan,Bangkal Serai,"Sabtu, 19 September 2026 20:53:00",NASA-MODIS,Low,110.45516,-2.52975,False,False,False,False,True,True,Di Luar Area Pantauan (>1000m dari Desa)
Simpang Hilir,Lubuk Batu,"Sabtu, 19 September 2026 20:53:00",NASA-MODIS,Low,110.09113,-0.95238,False,False,False,False,False,False,Di Luar Area Pantauan (>1000m dari Desa)
Ella Hilir,Nanga Kempangai,"Sabtu, 19 September 2026 15:11:00",NASA-MODIS,Low,112.09132,-0.5736,False,False,False,False,True,True,Di Luar Area Pantauan (>1000m dari Desa)
Kendawangan,Mekar Utama,"Minggu, 20 September 2026 03:32:00",NASA-MODIS,Low,110.23203,-2.2975,False,False,False,False,False,False,Di Luar Area Pantauan (>1000m dari Desa)
Matan Hilir Utara,Tanjung Baik Budi,"Minggu, 20 September 2026 03:32:00",NASA-MODIS,Low,110.13255,-1.53475,False,False,True,True,False,True,Di Luar Area Pantauan (>1000m dari Desa)
Matan Hilir Selatan,Sungai Besar,"Minggu, 20 September 2026 03:32:00",NASA-MODIS,Low,110.23573,-1.85731,False,False,True,True,False,True,Di Luar Area Pantauan (>1000m dari Desa)
Sayan,Lingkar Indah,"Sabtu, 19 September 2026 20:53:00",NASA-MODIS,Low,111.66512,-0.73155,False,False,False,False,False,False,Di Luar Area Pantauan (>1000m dari Desa)
Kendawangan,Seriam,"Sabtu, 19 September 2026 15:11:00",NASA-MODIS,Low,110.30331,-2.76272,False,False,False,False,True,True,Di Luar Area Pantauan (>1000m dari Desa)
Kendawangan,Seriam,"Sabtu, 19 September 2026 14:07:00",NASA-SNPP,Low,110.37172,-2.74796,False,False,False,False,True,True,Di Luar Area Pantauan (>1000m dari Desa)
Nanga Mahap,Landau Apin,"Sabtu, 19 September 2026 14:07:00",NASA-SNPP,Low,110.68664,-0.57126,False,False,False,False,False,False,Di Luar Area Pantauan (>1000m dari Desa)
Manis Mata,Suka Ramai,"Sabtu, 19 September 2026 14:07:00",NASA-SNPP,Low,110.99342,-2.79625,False,False,False,False,False,False,Di Luar Area Pantauan (>1000m dari Desa)
Tayan Hilir,Sejotang,"Sabtu, 19 September 2026 14:07:00",NASA-SNPP,Low,110.05095,0.04495,False,False,False,False,False,False,Di Luar Area Pantauan (>1000m dari Desa)
Manis Mata,Suka Ramai,"Sabtu, 19 September 2026 14:07:00",NASA-SNPP,Low,110.99641,-2.78958,False,False,False,False,False,False,Di Luar Area Pantauan (>1000m dari Desa)
Sandai,Randau,"Sabtu, 19 September 2026 14:07:00",NASA-SNPP,Low,110.6499,-0.96568,False,False,True,False,False,True,Di Luar Area Pantauan (>1000m dari Desa)
Simpang Hilir,Matan Jaya,"Sabtu, 19 September 2026 14:07:00",NASA-SNPP,Low,110.41238,-1.25783,False,False,False,False,True,True,Di Luar Area Pantauan (>1000m dari Desa)
Kendawangan,Bangkal Serai,"Sabtu, 19 September 2026 14:07:00",NASA-SNPP,Low,110.51452,-2.489,False,False,False,False,True,True,Di Luar Area Pantauan (>1000m dari Desa)
Simpang Dua,Kampar Sebomban,"Sabtu, 19 September 2026 14:07:00",NASA-SNPP,Low,110.1751,-0.82302,False,False,True,False,False,True,Di Luar Area Pantauan (>1000m dari Desa)
Kendawangan,Seriam,"Sabtu, 19 September 2026 14:07:00",NASA-SNPP,Low,110.34399,-2.72517,False,False,False,False,True,True,Di Luar Area Pantauan (>1000m dari Desa)
Kendawangan,Seriam,"Sabtu, 19 September 2026 14:07:00",NASA-SNPP,Low,110.34757,-2.72836,False,False,False,False,True,True,Di Luar Area Pantauan (>1000m dari Desa)
Kendawangan,Bangkal Serai,"Sabtu, 19 September 2026 14:07:00",NASA-SNPP,Low,110.51517,-2.49759,False,False,False,False,True,True,Di Luar Area Pantauan (>1000m dari Desa)
Nanga Tayap,Lembah Hijau Dua,"Sabtu, 19 September 2026 15:11:00",NASA-MODIS,Low,110.45906,-1.59811,False,False,False,False,False,False,Di Luar Area Pantauan (>1000m dari Desa)
Pulau Maya,Dusun Besar,"Sabtu, 19 September 2026 15:11:00",NASA-MODIS,Low,109.44125,-1.23582,False,False,False,False,False,False,Di Luar Area Pantauan (>1000m dari Desa)
Ella Hilir,Nanga Nyuruh,"Sabtu, 19 September 2026 15:11:00",NASA-MODIS,Low,112.11549,-0.53957,False,False,False,False,False,False,Di Luar Area Pantauan (>1000m dari Desa)
Simpang Hilir,Penjalaan,"Minggu, 20 September 2026 03:32:00",NASA-MODIS,Low,110.07187,-1.11389,False,False,True,False,False,True,Di Luar Area Pantauan (>1000m dari Desa)
Matan Hilir Selatan,Sungai Besar,"Minggu, 20 September 2026 03:32:00",NASA-MODIS,Low,110.20111,-1.86219,False,False,False,True,False,True,Di Luar Area Pantauan (>1000m dari Desa)
Simpang Hilir,Matan Jaya,"Minggu, 20 September 2026 03:32:00",NASA-MODIS,Low,110.13712,-1.11384,False,False,True,True,True,True,Di Luar Area Pantauan (>1000m dari Desa)
Kendawangan,Air Hitam Besar,"Sabtu, 19 September 2026 15:11:00",NASA-MODIS,Low,110.81926,-2.76432,False,False,False,True,True,True,Di Luar Area Pantauan (>1000m dari Desa)
Manis Mata,Sungai Buluh,"Sabtu, 19 September 2026 15:11:00",NASA-MODIS,Low,111.06056,-2.54388,False,False,False,False,False,False,Di Luar Area Pantauan (>1000m dari Desa)
Matan Hilir Utara,Kuala Tolak,"Minggu, 20 September 2026 03:32:00",NASA-MODIS,Low,110.14928,-1.46522,False,False,True,True,False,True,Di Luar Area Pantauan (>1000m dari Desa)
Ella Hilir,Perembang Nyuruh,"Sabtu, 19 September 2026 15:11:00",NASA-MODIS,Low,112.14622,-0.58341,False,False,False,False,False,False,Di Luar Area Pantauan (>1000m dari Desa)
Kendawangan,Mekar Utama,"Minggu, 20 September 2026 03:32:00",NASA-MODIS,Low,110.23348,-2.28762,False,False,False,False,False,False,Di Luar Area Pantauan (>1000m dari Desa)
Kendawangan,Natai Kuini,"Sabtu, 19 September 2026 15:11:00",NASA-MODIS,Low,110.69391,-2.92946,False,False,False,False,False,False,Di Luar Area Pantauan (>1000m dari Desa)
Nanga Taman,Sungailawak,"Sabtu, 19 September 2026 15:11:00",NASA-MODIS,Low,110.73301,-0.23636,False,False,False,False,False,False,Di Luar Area Pantauan (>1000m dari Desa)
Ella Hilir,Nanga Kempangai,"Sabtu, 19 September 2026 15:11:00",NASA-MODIS,Low,112.08906,-0.61862,False,False,False,False,False,False,Di Luar Area Pantauan (>1000m dari Desa)
Nanga Tayap,Siantau Raya,"Sabtu, 19 September 2026 20:53:00",NASA-MODIS,Low,110.45631,-1.60031,False,False,False,False,False,False,Di Luar Area Pantauan (>1000m dari Desa)
Kendawangan,Bangkal Serai,"Sabtu, 19 September 2026 15:11:00",NASA-MODIS,Medium,110.50238,-2.52492,False,False,False,False,True,True,Di Luar Area Pantauan (>1000m dari Desa)
Nanga Tayap,Lembah Hijau Dua,"Minggu, 20 September 2026 03:32:00",NASA-MODIS,Medium,110.45293,-1.59173,False,False,False,False,False,False,Di Luar Area Pantauan (>1000m dari Desa)
Simpang Hilir,Lubuk Batu,"Minggu, 20 September 2026 03:32:00",NASA-MODIS,Medium,110.09829,-0.9429,False,False,False,False,False,False,Di Luar Area Pantauan (>1000m dari Desa)
Kendawangan,Seriam,"Minggu, 20 September 2026 03:32:00",NASA-MODIS,Medium,110.44509,-2.52328,False,False,False,False,True,True,Di Luar Area Pantauan (>1000m dari Desa)
Simpang Hilir,Batu Barat,"Minggu, 20 September 2026 03:32:00",NASA-MODIS,Medium,110.02313,-0.94132,False,False,True,True,False,True,Di Luar Area Pantauan (>1000m dari Desa)
Nanga Tayap,Lembah Hijau Satu,"Sabtu, 19 September 2026 15:11:00",NASA-MODIS,Medium,110.50571,-1.57228,False,False,False,False,False,False,Di Luar Area Pantauan (>1000m dari Desa)
Kendawangan,Natai Kuini,"Sabtu, 19 September 2026 15:11:00",NASA-MODIS,Medium,110.77331,-2.81661,False,False,False,True,False,True,Di Luar Area Pantauan (>1000m dari Desa)
Kendawangan,Pembedilan,"Sabtu, 19 September 2026 15:11:00",NASA-MODIS,Medium,110.40629,-2.81565,False,False,False,False,True,True,Di Luar Area Pantauan (>1000m dari Desa)
Simpang Hilir,Lubuk Batu,"Minggu, 20 September 2026 03:32:00",NASA-MODIS,Medium,110.10748,-0.95411,False,False,False,False,False,False,Di Luar Area Pantauan (>1000m dari Desa)
Tumbang Titi,Serengkah Kanan,"Sabtu, 19 September 2026 15:11:00",NASA-MODIS,Medium,110.71704,-1.77301,False,False,False,False,False,False,Di Luar Area Pantauan (>1000m dari Desa)
Simpang Hilir,Lubuk Batu,"Sabtu, 19 September 2026 20:53:00",NASA-MODIS,Medium,110.10871,-0.91893,False,False,False,False,False,False,Di Luar Area Pantauan (>1000m dari Desa)
Muara Pawan,Ulak Medang,"Minggu, 20 September 2026 03:32:00",NASA-MODIS,Medium,110.21989,-1.51553,False,False,True,True,False,True,Di Luar Area Pantauan (>1000m dari Desa)
Kendawangan,Bangkal Serai,"Sabtu, 19 September 2026 15:11:00",NASA-MODIS,Medium,110.47205,-2.52939,False,False,False,False,True,True,Di Luar Area Pantauan (>1000m dari Desa)
Nanga Tayap,Lembah Hijau Satu,"Sabtu, 19 September 2026 15:11:00",NASA-MODIS,Medium,110.49586,-1.57373,False,False,False,False,False,False,Di Luar Area Pantauan (>1000m dari Desa)
Muara Pawan,Ulak Medang,"Minggu, 20 September 2026 03:32:00",NASA-MODIS,Medium,110.23083,-1.51718,False,False,True,True,False,True,Di Luar Area Pantauan (>1000m dari Desa)
Ella Hilir,Kahiya,"Sabtu, 19 September 2026 15:11:00",NASA-MODIS,Medium,111.99064,-0.61521,False,False,False,False,True,True,Di Luar Area Pantauan (>1000m dari Desa)
Manis Mata,Suka Ramai,"Sabtu, 19 September 2026 15:11:00",NASA-MODIS,Medium,111.06454,-2.77433,False,False,True,False,False,True,Di Luar Area Pantauan (>1000m dari Desa)
Ella Hilir,Kerangan Kora,"Sabtu, 19 September 2026 15:11:00",NASA-MODIS,Medium,112.06663,-0.66908,False,False,False,False,True,True,Di Luar Area Pantauan (>1000m dari Desa)
Kendawangan,Bangkal Serai,"Sabtu, 19 September 2026 20:53:00",NASA-MODIS,Medium,110.4619,-2.57406,False,False,False,False,True,True,Di Luar Area Pantauan (>1000m dari Desa)
Jangkang,Ketori,"Sabtu, 19 September 2026 15:11:00",NASA-MODIS,Medium,110.99761,0.64376,False,False,False,False,False,False,Di Luar Area Pantauan (>1000m dari Desa)
Jelai Hulu,Semantun,"Sabtu, 19 September 2026 15:11:00",NASA-MODIS,Medium,111.08836,-1.99459,False,False,False,False,False,False,Di Luar Area Pantauan (>1000m dari Desa)
Kendawangan,Airhitam Hulu,"Sabtu, 19 September 2026 15:11:00",NASA-MODIS,Medium,110.62292,-2.63464,False,False,False,False,False,False,Di Luar Area Pantauan (>1000m dari Desa)
Muara Pawan,Mayak,"Sabtu, 19 September 2026 15:11:00",NASA-MODIS,Medium,110.15005,-1.70644,False,False,True,True,False,True,Di Luar Area Pantauan (>1000m dari Desa)
Kendawangan,Seriam,"Sabtu, 19 September 2026 15:11:00",NASA-MODIS,Medium,110.33473,-2.72457,False,False,False,False,True,True,Di Luar Area Pantauan (>1000m dari Desa)
Kendawangan,Air Hitam Besar,"Sabtu, 19 September 2026 15:11:00",NASA-MODIS,Medium,110.71922,-2.66818,False,False,False,False,False,False,Di Luar Area Pantauan (>1000m dari Desa)
Simpang Hilir,Lubuk Batu,"Minggu, 20 September 2026 03:32:00",NASA-MODIS,Medium,110.12513,-0.90764,False,False,False,False,False,False,Di Luar Area Pantauan (>1000m dari Desa)
Ketungau Hilir,Bukit Sidin Permai,"Sabtu, 19 September 2026 15:11:00",NASA-MODIS,Medium,111.51683,0.61806,False,False,False,False,False,False,Di Luar Area Pantauan (>1000m dari Desa)
Ketungau Tengah,Kayu Dujung,"Sabtu, 19 September 2026 15:11:00",NASA-MODIS,Medium,111.64361,0.76788,False,False,False,False,False,False,Di Luar Area Pantauan (>1000m dari Desa)
Nanga Tayap,Siantau Raya,"Sabtu, 19 September 2026 15:11:00",NASA-MODIS,Medium,110.48344,-1.65786,False,False,False,False,False,False,Di Luar Area Pantauan (>1000m dari Desa)
Muara Pawan,Mayak,"Sabtu, 19 September 2026 15:11:00",NASA-MODIS,Medium,110.16035,-1.70494,False,False,True,True,False,True,Di Luar Area Pantauan (>1000m dari Desa)
Muara Pawan,Ulak Medang,"Minggu, 20 September 2026 03:32:00",NASA-MODIS,Medium,110.23227,-1.50742,False,False,True,True,False,True,Di Luar Area Pantauan (>1000m dari Desa)
Kendawangan,Mekar Utama,"Sabtu, 19 September 2026 15:11:00",NASA-MODIS,Medium,110.24455,-2.24657,False,False,False,False,False,False,Di Luar Area Pantauan (>1000m dari Desa)
Muara Pawan,Ulak Medang,"Minggu, 20 September 2026 03:32:00",NASA-MODIS,Medium,110.28732,-1.51566,False,False,False,False,False,False,Di Luar Area Pantauan (>1000m dari Desa)
Simpang Hilir,Lubuk Batu,"Sabtu, 19 September 2026 20:53:00",NASA-MODIS,Medium,110.11291,-0.94849,False,False,False,False,False,False,Di Luar Area Pantauan (>1000m dari Desa)
Kendawangan,Kendawangan Kanan,"Sabtu, 19 September 2026 15:11:00",NASA-MODIS,Medium,110.28801,-2.80384,False,False,False,True,True,True,Di Luar Area Pantauan (>1000m dari Desa)
Matan Hilir Utara,Tanjung Baik Budi,"Minggu, 20 September 2026 03:32:00",NASA-MODIS,Medium,110.09725,-1.54937,False,False,True,True,False,True,Di Luar Area Pantauan (>1000m dari Desa)
Ella Hilir,Nanga Nyuruh,"Minggu, 20 September 2026 03:29:00",NASA-MODIS,Medium,112.05721,-0.52296,False,False,False,False,False,False,Di Luar Area Pantauan (>1000m dari Desa)
Matan Hilir Selatan,Pematang Gadung,"Sabtu, 19 September 2026 15:11:00",NASA-MODIS,Medium,110.33106,-1.95759,False,False,True,True,False,True,Di Luar Area Pantauan (>1000m dari Desa)
Ella Hilir,Nanga Nyuruh,"Sabtu, 19 September 2026 15:11:00",NASA-MODIS,Medium,112.09937,-0.55088,False,False,False,False,True,True,Di Luar Area Pantauan (>1000m dari Desa)
Kendawangan,Seriam,"Sabtu, 19 September 2026 15:11:00",NASA-MODIS,Medium,110.35404,-2.71205,False,False,False,False,True,True,Di Luar Area Pantauan (>1000m dari Desa)
Muara Pawan,Ulak Medang,"Sabtu, 19 September 2026 20:53:00",NASA-MODIS,Medium,110.23887,-1.52499,False,False,True,True,False,True,Di Luar Area Pantauan (>1000m dari Desa)
Simpang Hilir,Matan Jaya,"Sabtu, 19 September 2026 15:11:00",NASA-MODIS,Medium,110.39338,-1.24778,False,False,False,False,True,True,Di Luar Area Pantauan (>1000m dari Desa)
Matan Hilir Selatan,Pesaguan Kanan,"Sabtu, 19 September 2026 15:11:00",NASA-MODIS,Medium,110.33794,-2.00463,False,False,True,True,False,True,Di Luar Area Pantauan (>1000m dari Desa)
Manis Mata,Suka Ramai,"Sabtu, 19 September 2026 15:11:00",NASA-MODIS,Medium,111.07873,-2.71669,False,False,False,False,False,False,Di Luar Area Pantauan (>1000m dari Desa)
Kendawangan,Pembedilan,"Sabtu, 19 September 2026 15:11:00",NASA-MODIS,Medium,110.3235,-2.82784,False,False,False,False,True,True,Di Luar Area Pantauan (>1000m dari Desa)
Simpang Hilir,Lubuk Batu,"Minggu, 20 September 2026 03:32:00",NASA-MODIS,Medium,110.11948,-0.9461,False,False,False,False,False,False,Di Luar Area Pantauan (>1000m dari Desa)
Nanga Tayap,Lembah Hijau Dua,"Minggu, 20 September 2026 03:32:00",NASA-MODIS,Medium,110.47574,-1.59507,False,False,False,False,False,False,Di Luar Area Pantauan (>1000m dari Desa)
Kendawangan,Pembedilan,"Sabtu, 19 September 2026 15:11:00",NASA-MODIS,Medium,110.36703,-2.76329,False,False,False,False,True,True,Di Luar Area Pantauan (>1000m dari Desa)
Kendawangan,Danau Buntar,"Minggu, 20 September 2026 03:32:00",NASA-MODIS,Medium,110.96953,-2.79476,False,False,False,False,False,False,Di Luar Area Pantauan (>1000m dari Desa)
Ketungau Tengah,Panding Jaya,"Sabtu, 19 September 2026 15:11:00",NASA-MODIS,Medium,111.64595,0.73004,False,False,False,False,False,False,Di Luar Area Pantauan (>1000m dari Desa)
Kendawangan,Airhitam Hulu,"Sabtu, 19 September 2026 15:11:00",NASA-MODIS,Medium,110.51216,-2.62493,False,False,False,False,True,True,Di Luar Area Pantauan (>1000m dari Desa)
Sandai,Sandai,"Sabtu, 19 September 2026 15:11:00",NASA-MODIS,Medium,110.53152,-1.26261,False,False,False,False,False,False,Di Luar Area Pantauan (>1000m dari Desa)
Ketungau Hulu,Sebadak,"Sabtu, 19 September 2026 15:11:00",NASA-MODIS,Medium,111.09431,0.7589,False,False,False,False,False,False,Di Luar Area Pantauan (>1000m dari Desa)
Kendawangan,Airhitam Hulu,"Sabtu, 19 September 2026 15:11:00",NASA-MODIS,Medium,110.60565,-2.65621,False,False,True,False,False,True,Di Luar Area Pantauan (>1000m dari Desa)
Tumbang Titi,Tanjung Beulang,"Sabtu, 19 September 2026 15:11:00",NASA-MODIS,Medium,110.72972,-1.7242,False,False,False,False,False,False,Di Luar Area Pantauan (>1000m dari Desa)
Matan Hilir Selatan,Pagar Mentimun,"Minggu, 20 September 2026 03:32:00",NASA-MODIS,Medium,110.17175,-2.20701,False,False,False,False,False,False,Di Luar Area Pantauan (>1000m dari Desa)
Sandai,Pendamaran Indah,"Minggu, 20 September 2026 03:32:00",NASA-MODIS,Medium,110.63865,-1.01429,False,False,True,False,False,True,Di Luar Area Pantauan (>1000m dari Desa)
Matan Hilir Selatan,Pesaguan Kanan,"Minggu, 20 September 2026 03:32:00",NASA-MODIS,Medium,110.21833,-2.04935,False,False,True,True,False,True,Di Luar Area Pantauan (>1000m dari Desa)
Matan Hilir Selatan,Sungai Nanjung,"Minggu, 20 September 2026 03:32:00",NASA-MODIS,Medium,110.16204,-2.19555,False,False,False,False,False,False,Di Luar Area Pantauan (>1000m dari Desa)
Nanga Tayap,Lembah Hijau Dua,"Sabtu, 19 September 2026 20:53:00",NASA-MODIS,Medium,110.44583,-1.57167,False,False,False,False,False,False,Di Luar Area Pantauan (>1000m dari Desa)
Matan Hilir Utara,Lamon Satong,"Minggu, 20 September 2026 03:32:00",NASA-MODIS,Medium,110.20895,-1.51389,False,False,True,True,False,True,Di Luar Area Pantauan (>1000m dari Desa)
Hulu Sungai,Beginci Darat,"Sabtu, 19 September 2026 15:11:00",NASA-MODIS,Medium,111.06205,-1.32446,True,False,True,False,False,True,Prioritas 1 (Tinggi)
Kendawangan,Pangkalan Batu,"Sabtu, 19 September 2026 15:11:00",NASA-MODIS,Medium,110.40567,-2.20397,False,False,False,False,False,False,Di Luar Area Pantauan (>1000m dari Desa)
Kendawangan,Seriam,"Sabtu, 19 September 2026 20:53:00",NASA-MODIS,Medium,110.45298,-2.51497,False,False,False,False,True,True,Di Luar Area Pantauan (>1000m dari Desa)
Ketungau Hilir,Jentawang Hilir,"Sabtu, 19 September 2026 15:11:00",NASA-MODIS,Medium,111.69843,0.44202,False,False,True,False,False,True,Di Luar Area Pantauan (>1000m dari Desa)
Ella Hilir,Perembang Nyuruh,"Sabtu, 19 September 2026 15:11:00",NASA-MODIS,Medium,112.1423,-0.55719,False,False,False,False,False,False,Di Luar Area Pantauan (>1000m dari Desa)
Simpang Dua,Kampar Sebomban,"Minggu, 20 September 2026 03:32:00",NASA-MODIS,Medium,110.19952,-0.885,False,False,False,False,False,False,Di Luar Area Pantauan (>1000m dari Desa)
Kendawangan,Bangkal Serai,"Sabtu, 19 September 2026 20:53:00",NASA-MODIS,Medium,110.46727,-2.57385,False,False,False,False,True,True,Di Luar Area Pantauan (>1000m dari Desa)
Kendawangan,Seriam,"Sabtu, 19 September 2026 15:11:00",NASA-MODIS,Medium,110.34369,-2.71356,False,False,False,False,True,True,Di Luar Area Pantauan (>1000m dari Desa)
Ketungau Tengah,Mungguk Lawang,"Sabtu, 19 September 2026 15:11:00",NASA-MODIS,Medium,111.63083,0.63482,False,False,False,False,False,False,Di Luar Area Pantauan (>1000m dari Desa)
Belitang,Setuntung,"Sabtu, 19 September 2026 15:11:00",NASA-MODIS,Medium,111.21936,0.22281,False,False,False,False,False,False,Di Luar Area Pantauan (>1000m dari Desa)
Nanga Tayap,Tanjung Medan,"Minggu, 20 September 2026 03:32:00",NASA-MODIS,Medium,110.4544,-1.42757,False,False,False,False,False,False,Di Luar Area Pantauan (>1000m dari Desa)
Kendawangan,Pembedilan,"Sabtu, 19 September 2026 15:11:00",NASA-MODIS,Medium,110.43978,-2.85528,False,False,False,False,True,True,Di Luar Area Pantauan (>1000m dari Desa)
Simpang Dua,Kampar Sebomban,"Minggu, 20 September 2026 03:32:00",NASA-MODIS,Medium,110.18885,-0.88337,False,False,False,False,False,False,Di Luar Area Pantauan (>1000m dari Desa)
Nanga Tayap,Betenung,"Sabtu, 19 September 2026 20:53:00",NASA-MODIS,Medium,110.81532,-1.56082,False,False,True,False,False,True,Di Luar Area Pantauan (>1000m dari Desa)
Kendawangan,Bangkal Serai,"Sabtu, 19 September 2026 15:11:00",NASA-MODIS,Medium,110.63436,-2.54975,False,False,False,False,False,False,Di Luar Area Pantauan (>1000m dari Desa)
Hulu Sungai,Beginci Darat,"Sabtu, 19 September 2026 15:11:00",NASA-MODIS,Medium,111.02747,-1.348,True,False,True,False,False,True,Prioritas 1 (Tinggi)
Nanga Tayap,Sungai Kelik,"Sabtu, 19 September 2026 20:53:00",NASA-MODIS,Medium,110.4173,-1.57563,False,False,False,False,False,False,Di Luar Area Pantauan (>1000m dari Desa)
Simpang Hilir,Rantau Panjang,"Minggu, 20 September 2026 03:32:00",NASA-MODIS,Medium,110.07045,-1.1235,False,False,True,False,True,True,Di Luar Area Pantauan (>1000m dari Desa)
Belimbing Hulu,Nanga Tikan,"Sabtu, 19 September 2026 20:53:00",NASA-MODIS,Medium,111.61011,-0.45504,False,False,False,False,False,False,Di Luar Area Pantauan (>1000m dari Desa)
Simpang Hilir,Batu Barat,"Sabtu, 19 September 2026 20:53:00",NASA-MODIS,Medium,110.12743,-0.8558,False,False,True,True,False,True,Di Luar Area Pantauan (>1000m dari Desa)
Matan Hilir Utara,Kuala Satong,"Minggu, 20 September 2026 03:32:00",NASA-MODIS,Medium,110.12864,-1.41879,False,False,False,True,False,True,Di Luar Area Pantauan (>1000m dari Desa)
Kendawangan,Bangkal Serai,"Sabtu, 19 September 2026 15:11:00",NASA-MODIS,Medium,110.48505,-2.58093,False,False,False,False,True,True,Di Luar Area Pantauan (>1000m dari Desa)
Ella Hilir,Nyanggau,"Sabtu, 19 September 2026 15:11:00",NASA-MODIS,Medium,112.1329,-0.537,False,False,False,False,False,False,Di Luar Area Pantauan (>1000m dari Desa)
Belimbing Hulu,Kayu Bunga,"Sabtu, 19 September 2026 15:11:00",NASA-MODIS,Medium,111.617,-0.47625,False,False,False,False,False,False,Di Luar Area Pantauan (>1000m dari Desa)
Kendawangan,Sungai Jelayan,"Sabtu, 19 September 2026 15:11:00",NASA-MODIS,Medium,110.41596,-2.07534,False,False,False,False,False,False,Di Luar Area Pantauan (>1000m dari Desa)
Jelai Hulu,Kesuma Jaya,"Sabtu, 19 September 2026 15:11:00",NASA-MODIS,Medium,110.85167,-1.93784,False,False,False,False,False,False,Di Luar Area Pantauan (>1000m dari Desa)
Matan Hilir Selatan,Sungai Nanjung,"Sabtu, 19 September 2026 15:11:00",NASA-MODIS,Medium,110.25836,-2.16246,False,False,True,True,True,True,Di Luar Area Pantauan (>1000m dari Desa)
Kendawangan,Bangkal Serai,"Sabtu, 19 September 2026 15:11:00",NASA-MODIS,Medium,110.5229,-2.42901,False,False,False,False,False,False,Di Luar Area Pantauan (>1000m dari Desa)
Simpang Dua,Kampar Sebomban,"Sabtu, 19 September 2026 20:53:00",NASA-MODIS,Medium,110.15512,-0.85173,False,False,False,False,False,False,Di Luar Area Pantauan (>1000m dari Desa)
Tanah Pinoh Barat,Durian Jaya,"Sabtu, 19 September 2026 15:11:00",NASA-MODIS,Medium,111.41578,-0.85729,False,False,False,False,False,False,Di Luar Area Pantauan (>1000m dari Desa)
Kendawangan,Kendawangan Kanan,"Sabtu, 19 September 2026 15:11:00",NASA-MODIS,Medium,110.275,-2.7528,False,False,False,False,True,True,Di Luar Area Pantauan (>1000m dari Desa)
Nanga Tayap,Sepakat Jaya,"Sabtu, 19 September 2026 15:11:00",NASA-MODIS,Medium,110.6676,-1.42757,False,False,False,False,False,False,Di Luar Area Pantauan (>1000m dari Desa)
Matan Hilir Utara,Tanjung Baik Budi,"Minggu, 20 September 2026 03:32:00",NASA-MODIS,Medium,110.12862,-1.53154,False,False,True,True,False,True,Di Luar Area Pantauan (>1000m dari Desa)
Ella Hilir,Nanga Nyuruh,"Sabtu, 19 September 2026 15:11:00",NASA-MODIS,Medium,112.10806,-0.5496,False,False,False,False,False,False,Di Luar Area Pantauan (>1000m dari Desa)
Tumbang Titi,Beringin Rayo,"Sabtu, 19 September 2026 15:11:00",NASA-MODIS,Medium,110.79343,-1.75228,False,False,False,False,False,False,Di Luar Area Pantauan (>1000m dari Desa)
Ketungau Hilir,Bukit Sidin Permai,"Sabtu, 19 September 2026 15:11:00",NASA-MODIS,Medium,111.52953,0.593,False,False,False,False,False,False,Di Luar Area Pantauan (>1000m dari Desa)
Matan Hilir Utara,Lamon Satong,"Minggu, 20 September 2026 03:32:00",NASA-MODIS,Medium,110.2196,-1.40267,False,False,False,True,False,True,Di Luar Area Pantauan (>1000m dari Desa)
Matan Hilir Selatan,Sungai Besar,"Minggu, 20 September 2026 03:32:00",NASA-MODIS,Medium,110.24687,-1.85896,False,False,False,True,False,True,Di Luar Area Pantauan (>1000m dari Desa)
Belimbing Hulu,Kayu Bunga,"Sabtu, 19 September 2026 20:53:00",NASA-MODIS,Medium,111.60472,-0.46696,False,False,True,False,False,True,Di Luar Area Pantauan (>1000m dari Desa)
Belimbing Hulu,Kayu Bunga,"Sabtu, 19 September 2026 15:11:00",NASA-MODIS,Medium,111.6069,-0.46873,False,False,True,False,False,True,Di Luar Area Pantauan (>1000m dari Desa)
Tanah Pinoh Barat,Durian Jaya,"Sabtu, 19 September 2026 15:11:00",NASA-MODIS,Medium,111.42478,-0.85598,False,False,False,False,False,False,Di Luar Area Pantauan (>1000m dari Desa)
Simpang Hilir,Lubuk Batu,"Sabtu, 19 September 2026 20:53:00",NASA-MODIS,Medium,110.13622,-0.91502,False,False,False,False,False,False,Di Luar Area Pantauan (>1000m dari Desa)
Matan Hilir Utara,Kuala Tolak,"Sabtu, 19 September 2026 20:53:00",NASA-MODIS,Medium,110.12036,-1.51063,False,False,False,True,False,True,Di Luar Area Pantauan (>1000m dari Desa)
Simpang Hilir,Matan Jaya,"Sabtu, 19 September 2026 15:11:00",NASA-MODIS,Medium,110.41447,-1.25414,False,False,False,False,True,True,Di Luar Area Pantauan (>1000m dari Desa)
Kendawangan,Bangkal Serai,"Sabtu, 19 September 2026 15:11:00",NASA-MODIS,Medium,110.51283,-2.43049,False,False,False,False,False,False,Di Luar Area Pantauan (>1000m dari Desa)
Sungai Laur,Sepotong,"Sabtu, 19 September 2026 15:11:00",NASA-MODIS,Medium,110.50089,-0.85287,False,False,False,False,False,False,Di Luar Area Pantauan (>1000m dari Desa)
Kendawangan,Pangkalan Batu,"Sabtu, 19 September 2026 15:11:00",NASA-MODIS,Medium,110.39225,-2.25394,False,False,False,False,False,False,Di Luar Area Pantauan (>1000m dari Desa)
Nanga Tayap,Lembah Hijau Dua,"Minggu, 20 September 2026 03:32:00",NASA-MODIS,Medium,110.46432,-1.5934,False,False,True,False,False,True,Di Luar Area Pantauan (>1000m dari Desa)
Kendawangan,Pembedilan,"Sabtu, 19 September 2026 15:11:00",NASA-MODIS,Medium,110.37737,-2.76181,False,False,False,False,True,True,Di Luar Area Pantauan (>1000m dari Desa)
Nanga Tayap,Cegolak,"Sabtu, 19 September 2026 15:11:00",NASA-MODIS,Medium,110.69315,-1.65544,False,False,False,False,False,False,Di Luar Area Pantauan (>1000m dari Desa)
Ketungau Tengah,Tirta Karya,"Sabtu, 19 September 2026 15:11:00",NASA-MODIS,Medium,111.62207,0.63353,False,False,False,False,False,False,Di Luar Area Pantauan (>1000m dari Desa)
Belimbing Hulu,Nanga Raya,"Sabtu, 19 September 2026 15:11:00",NASA-MODIS,Medium,111.49043,-0.53996,False,False,False,False,False,False,Di Luar Area Pantauan (>1000m dari Desa)
Ella Hilir,Bemban Permai,"Sabtu, 19 September 2026 15:11:00",NASA-MODIS,Medium,112.01968,-0.55369,False,False,False,False,True,True,Di Luar Area Pantauan (>1000m dari Desa)
Singkup,Pantai Ketikal,"Sabtu, 19 September 2026 15:11:00",NASA-MODIS,Medium,110.73606,-2.55396,False,False,False,False,False,False,Di Luar Area Pantauan (>1000m dari Desa)
Jangkang,Ketori,"Sabtu, 19 September 2026 15:11:00",NASA-MODIS,Medium,111.00662,0.64508,False,False,False,False,False,False,Di Luar Area Pantauan (>1000m dari Desa)
Kendawangan,Natai Kuini,"Sabtu, 19 September 2026 15:11:00",NASA-MODIS,Medium,110.78316,-2.81518,False,False,False,True,False,True,Di Luar Area Pantauan (>1000m dari Desa)
Kendawangan,Seriam,"Sabtu, 19 September 2026 15:11:00",NASA-MODIS,Medium,110.36565,-2.75381,False,False,False,False,True,True,Di Luar Area Pantauan (>1000m dari Desa)
Kendawangan,Pembedilan,"Sabtu, 19 September 2026 15:11:00",NASA-MODIS,Medium,110.35506,-2.92575,False,False,False,False,True,True,Di Luar Area Pantauan (>1000m dari Desa)
Ketungau Hilir,Nanga Merkak,"Sabtu, 19 September 2026 15:11:00",NASA-MODIS,Medium,111.49929,0.53258,False,False,False,False,False,False,Di Luar Area Pantauan (>1000m dari Desa)
Silat Hilir,Rumbih,"Sabtu, 19 September 2026 15:11:00",NASA-MODIS,Medium,111.92656,0.22571,False,False,False,False,False,False,Di Luar Area Pantauan (>1000m dari Desa)
Matan Hilir Selatan,Sungai Nanjung,"Minggu, 20 September 2026 03:32:00",NASA-MODIS,Medium,110.17792,-2.12513,False,False,True,True,False,True,Di Luar Area Pantauan (>1000m dari Desa)
Nanga Taman,Sungailawak,"Sabtu, 19 September 2026 15:11:00",NASA-MODIS,Medium,110.75568,-0.26073,False,False,False,False,False,False,Di Luar Area Pantauan (>1000m dari Desa)
Sayan,Nanga Kompi,"Sabtu, 19 September 2026 15:11:00",NASA-MODIS,Medium,111.67934,-0.85477,False,False,False,False,False,False,Di Luar Area Pantauan (>1000m dari Desa)
Kendawangan,Seriam,"Sabtu, 19 September 2026 15:11:00",NASA-MODIS,Medium,110.35275,-2.49865,False,False,False,False,False,False,Di Luar Area Pantauan (>1000m dari Desa)
Belimbing,Upit,"Sabtu, 19 September 2026 15:11:00",NASA-MODIS,Medium,111.45306,-0.36964,False,False,False,False,False,False,Di Luar Area Pantauan (>1000m dari Desa)
Kendawangan,Danau Buntar,"Minggu, 20 September 2026 03:32:00",NASA-MODIS,Medium,110.95819,-2.78239,False,False,False,False,False,False,Di Luar Area Pantauan (>1000m dari Desa)
Simpang Hilir,Matan Jaya,"Minggu, 20 September 2026 03:32:00",NASA-MODIS,Medium,110.12784,-1.10259,False,False,True,True,True,True,Di Luar Area Pantauan (>1000m dari Desa)
Matan Hilir Selatan,Sungai Nanjung,"Minggu, 20 September 2026 03:32:00",NASA-MODIS,Medium,110.13025,-2.18089,False,False,False,False,False,False,Di Luar Area Pantauan (>1000m dari Desa)
Kendawangan,Bangkal Serai,"Minggu, 20 September 2026 03:32:00",NASA-MODIS,Medium,110.4613,-2.57712,False,False,False,False,True,True,Di Luar Area Pantauan (>1000m dari Desa)
Belitang Hulu,Sebetung,"Sabtu, 19 September 2026 15:11:00",NASA-MODIS,Medium,111.01239,0.69242,False,False,False,False,False,False,Di Luar Area Pantauan (>1000m dari Desa)
Empanang,Nanga Kantuk,"Sabtu, 19 September 2026 15:11:00",NASA-MODIS,Medium,111.70703,0.82197,False,False,False,False,False,False,Di Luar Area Pantauan (>1000m dari Desa)
Matan Hilir Selatan,Pagar Mentimun,"Sabtu, 19 September 2026 15:11:00",NASA-MODIS,Medium,110.2756,-2.20829,False,False,True,True,True,True,Di Luar Area Pantauan (>1000m dari Desa)
Belimbing,Langan,"Sabtu, 19 September 2026 15:11:00",NASA-MODIS,Medium,111.36998,-0.4467,False,False,False,False,False,False,Di Luar Area Pantauan (>1000m dari Desa)
Kendawangan,Sungai Jelayan,"Sabtu, 19 September 2026 15:11:00",NASA-MODIS,Medium,110.43142,-2.2386,False,False,False,False,False,False,Di Luar Area Pantauan (>1000m dari Desa)
Muara Pawan,Ulak Medang,"Minggu, 20 September 2026 03:32:00",NASA-MODIS,Medium,110.29565,-1.56864,False,False,True,True,False,True,Di Luar Area Pantauan (>1000m dari Desa)
Tumbang Titi,Serengkah Kanan,"Sabtu, 19 September 2026 15:11:00",NASA-MODIS,Medium,110.7267,-1.77157,False,False,False,False,False,False,Di Luar Area Pantauan (>1000m dari Desa)
Kendawangan,Air Hitam Besar,"Minggu, 20 September 2026 03:32:00",NASA-MODIS,Medium,110.77377,-2.80846,False,False,False,False,False,False,Di Luar Area Pantauan (>1000m dari Desa)
Kendawangan,Danau Buntar,"Sabtu, 19 September 2026 15:11:00",NASA-MODIS,Medium,110.9478,-2.7819,False,False,False,False,False,False,Di Luar Area Pantauan (>1000m dari Desa)
Matan Hilir Selatan,Sungai Besar,"Minggu, 20 September 2026 03:32:00",NASA-MODIS,Medium,110.18576,-1.88991,False,False,True,True,False,True,Di Luar Area Pantauan (>1000m dari Desa)
Ketungau Tengah,Panggi Agung,"Sabtu, 19 September 2026 15:11:00",NASA-MODIS,Medium,111.32275,0.58952,False,False,False,False,False,False,Di Luar Area Pantauan (>1000m dari Desa)
Simpang Hilir,Matan Jaya,"Sabtu, 19 September 2026 20:53:00",NASA-MODIS,Medium,110.09202,-1.10413,False,False,True,False,True,True,Di Luar Area Pantauan (>1000m dari Desa)
Matan Hilir Selatan,Pesaguan Kanan,"Sabtu, 19 September 2026 15:11:00",NASA-MODIS,Medium,110.35854,-2.0358,False,False,True,True,False,True,Di Luar Area Pantauan (>1000m dari Desa)
Kendawangan,Pembedilan,"Sabtu, 19 September 2026 15:11:00",NASA-MODIS,Medium,110.4295,-2.85676,False,False,False,False,True,True,Di Luar Area Pantauan (>1000m dari Desa)
Nanga Tayap,Lembah Hijau Dua,"Sabtu, 19 September 2026 15:11:00",NASA-MODIS,Medium,110.46896,-1.59665,False,False,True,False,False,True,Di Luar Area Pantauan (>1000m dari Desa)
Nanga Tayap,Cegolak,"Sabtu, 19 September 2026 15:11:00",NASA-MODIS,Medium,110.69601,-1.60808,False,False,True,False,False,True,Di Luar Area Pantauan (>1000m dari Desa)
Sepauk,Limau Bakti,"Sabtu, 19 September 2026 15:11:00",NASA-MODIS,Medium,111.06846,-0.29723,False,False,False,False,False,False,Di Luar Area Pantauan (>1000m dari Desa)
Nanga Tayap,Siantau Raya,"Sabtu, 19 September 2026 15:11:00",NASA-MODIS,Medium,110.51032,-1.63498,False,False,False,False,False,False,Di Luar Area Pantauan (>1000m dari Desa)
Tempunak,Mensiap Baru,"Sabtu, 19 September 2026 15:11:00",NASA-MODIS,Medium,111.34402,0.15823,False,False,False,False,False,False,Di Luar Area Pantauan (>1000m dari Desa)
Kendawangan,Seriam,"Sabtu, 19 September 2026 15:11:00",NASA-MODIS,Medium,110.36991,-2.74846,False,False,False,False,True,True,Di Luar Area Pantauan (>1000m dari Desa)
Tanah Pinoh,Bina Jaya,"Sabtu, 19 September 2026 15:11:00",NASA-MODIS,Medium,111.61124,-0.74481,False,False,False,False,False,False,Di Luar Area Pantauan (>1000m dari Desa)
Sayan,Nanga Sayan,"Sabtu, 19 September 2026 15:11:00",NASA-MODIS,Medium,111.66598,-0.66292,False,False,False,False,False,False,Di Luar Area Pantauan (>1000m dari Desa)
Kendawangan,Kendawangan Kanan,"Sabtu, 19 September 2026 15:11:00",NASA-MODIS,Medium,110.27614,-2.79582,False,False,False,True,True,True,Di Luar Area Pantauan (>1000m dari Desa)
Nanga Tayap,Cegolak,"Sabtu, 19 September 2026 15:11:00",NASA-MODIS,Medium,110.68768,-1.61868,False,False,False,False,False,False,Di Luar Area Pantauan (>1000m dari Desa)
Sekadau Hilir,Landau Kodah,"Sabtu, 19 September 2026 15:11:00",NASA-MODIS,Medium,110.9489,0.09137,False,False,False,False,False,False,Di Luar Area Pantauan (>1000m dari Desa)
Kendawangan,Natai Kuini,"Sabtu, 19 September 2026 15:11:00",NASA-MODIS,Medium,110.85458,-2.82368,False,False,False,False,True,True,Di Luar Area Pantauan (>1000m dari Desa)
Kendawangan,Pembedilan,"Sabtu, 19 September 2026 15:11:00",NASA-MODIS,Medium,110.39737,-2.82664,False,False,False,False,True,True,Di Luar Area Pantauan (>1000m dari Desa)
Matan Hilir Selatan,Sungai Nanjung,"Sabtu, 19 September 2026 20:53:00",NASA-MODIS,Medium,110.25603,-2.14602,False,False,False,False,False,False,Di Luar Area Pantauan (>1000m dari Desa)
Kendawangan,Air Hitam Besar,"Sabtu, 19 September 2026 15:11:00",NASA-MODIS,Medium,110.75177,-2.78377,False,False,False,True,False,True,Di Luar Area Pantauan (>1000m dari Desa)
Belimbing,Upit,"Minggu, 20 September 2026 03:29:00",NASA-MODIS,Medium,111.46149,-0.36744,False,False,False,False,False,False,Di Luar Area Pantauan (>1000m dari Desa)
Matan Hilir Utara,Kuala Tolak,"Minggu, 20 September 2026 03:32:00",NASA-MODIS,Medium,110.15871,-1.47654,False,False,True,True,False,True,Di Luar Area Pantauan (>1000m dari Desa)
Kendawangan,Kendawangan Kanan,"Sabtu, 19 September 2026 15:11:00",NASA-MODIS,Medium,110.27753,-2.80536,False,False,False,True,True,True,Di Luar Area Pantauan (>1000m dari Desa)
Sokan,Tanjung Mahung,"Sabtu, 19 September 2026 15:11:00",NASA-MODIS,Medium,111.4694,-0.99566,False,False,False,False,False,False,Di Luar Area Pantauan (>1000m dari Desa)
Kendawangan,Seriam,"Sabtu, 19 September 2026 15:11:00",NASA-MODIS,Medium,110.31373,-2.76123,False,False,False,False,True,True,Di Luar Area Pantauan (>1000m dari Desa)
Kendawangan,Bangkal Serai,"Sabtu, 19 September 2026 15:11:00",NASA-MODIS,Medium,110.46187,-2.53089,False,False,False,False,True,True,Di Luar Area Pantauan (>1000m dari Desa)
Silat Hilir,Rumbih,"Sabtu, 19 September 2026 15:11:00",NASA-MODIS,Medium,111.91785,0.22443,False,False,False,False,False,False,Di Luar Area Pantauan (>1000m dari Desa)
Ella Hilir,Nanga Kempangai,"Sabtu, 19 September 2026 15:11:00",NASA-MODIS,Medium,112.08646,-0.60112,False,False,False,False,False,False,Di Luar Area Pantauan (>1000m dari Desa)
Kendawangan,Bangkal Serai,"Sabtu, 19 September 2026 15:11:00",NASA-MODIS,Medium,110.4749,-2.5824,False,False,False,False,True,True,Di Luar Area Pantauan (>1000m dari Desa)
Jelai Hulu,Semantun,"Sabtu, 19 September 2026 20:53:00",NASA-MODIS,Medium,111.07201,-2.0111,False,False,True,False,False,True,Di Luar Area Pantauan (>1000m dari Desa)
Simpang Hilir,Lubuk Batu,"Minggu, 20 September 2026 03:32:00",NASA-MODIS,Medium,110.13291,-0.92846,False,False,False,False,False,False,Di Luar Area Pantauan (>1000m dari Desa)
Tumbang Titi,Tanjung Beulang,"Sabtu, 19 September 2026 15:11:00",NASA-MODIS,Medium,110.67996,-1.72208,False,False,False,False,False,False,Di Luar Area Pantauan (>1000m dari Desa)
Matan Hilir Selatan,Sungai Nanjung,"Sabtu, 19 September 2026 20:53:00",NASA-MODIS,Medium,110.13219,-2.18082,False,False,False,False,False,False,Di Luar Area Pantauan (>1000m dari Desa)
Simpang Dua,Kampar Sebomban,"Sabtu, 19 September 2026 20:53:00",NASA-MODIS,Medium,110.1485,-0.85206,False,False,False,True,False,True,Di Luar Area Pantauan (>1000m dari Desa)
Nanga Tayap,Cegolak,"Minggu, 20 September 2026 03:32:00",NASA-MODIS,Medium,110.69364,-1.6074,False,False,True,False,False,True,Di Luar Area Pantauan (>1000m dari Desa)
Hulu Sungai,Sunge Bengaras,"Sabtu, 19 September 2026 15:11:00",NASA-MODIS,Medium,110.81319,-0.70451,False,False,True,False,False,True,Di Luar Area Pantauan (>1000m dari Desa)
Kendawangan,Bangkal Serai,"Minggu, 20 September 2026 01:11:00",NASA-SNPP,Medium,110.45278,-2.53208,False,False,False,False,True,True,Di Luar Area Pantauan (>1000m dari Desa)
Kendawangan,Airhitam Hulu,"Sabtu, 19 September 2026 15:11:00",NASA-MODIS,Medium,110.60701,-2.66555,False,False,False,False,False,False,Di Luar Area Pantauan (>1000m dari Desa)
Manis Mata,Suak Burung,"Sabtu, 19 September 2026 15:11:00",NASA-MODIS,Medium,111.05344,-2.31361,False,False,False,False,False,False,Di Luar Area Pantauan (>1000m dari Desa)
Singkup,Pantai Ketikal,"Sabtu, 19 September 2026 15:11:00",NASA-MODIS,Medium,110.74454,-2.54326,False,False,False,False,False,False,Di Luar Area Pantauan (>1000m dari Desa)
Kendawangan,Airhitam Hulu,"Sabtu, 19 September 2026 15:11:00",NASA-MODIS,Medium,110.54124,-2.63682,False,False,False,False,False,False,Di Luar Area Pantauan (>1000m dari Desa)
Matan Hilir Selatan,Sungai Nanjung,"Minggu, 20 September 2026 01:11:00",NASA-SNPP,Medium,110.24442,-2.15354,False,False,True,True,False,True,Di Luar Area Pantauan (>1000m dari Desa)
Matan Hilir Selatan,Sungai Nanjung,"Minggu, 20 September 2026 01:11:00",NASA-SNPP,Medium,110.21815,-2.15629,False,False,True,True,False,True,Di Luar Area Pantauan (>1000m dari Desa)
Matan Hilir Selatan,Sungai Nanjung,"Minggu, 20 September 2026 01:11:00",NASA-SNPP,Medium,110.24696,-2.16089,False,False,True,True,False,True,Di Luar Area Pantauan (>1000m dari Desa)
Matan Hilir Selatan,Sungai Nanjung,"Minggu, 20 September 2026 01:11:00",NASA-SNPP,Medium,110.26187,-2.1598,False,False,True,True,True,True,Di Luar Area Pantauan (>1000m dari Desa)
Kendawangan,Mekar Utama,"Minggu, 20 September 2026 01:11:00",NASA-SNPP,Medium,110.22229,-2.2962,False,False,False,False,False,False,Di Luar Area Pantauan (>1000m dari Desa)
Kendawangan,Mekar Utama,"Minggu, 20 September 2026 01:11:00",NASA-SNPP,Medium,110.2151,-2.29506,False,False,True,False,False,True,Di Luar Area Pantauan (>1000m dari Desa)
Kendawangan,Mekar Utama,"Minggu, 20 September 2026 01:11:00",NASA-SNPP,Medium,110.2115,-2.29448,False,False,True,False,False,True,Di Luar Area Pantauan (>1000m dari Desa)
Matan Hilir Selatan,Sungai Nanjung,"Minggu, 20 September 2026 01:11:00",NASA-SNPP,Medium,110.1946,-2.11774,False,False,False,False,False,False,Di Luar Area Pantauan (>1000m dari Desa)
Matan Hilir Selatan,Sungai Nanjung,"Minggu, 20 September 2026 01:11:00",NASA-SNPP,Medium,110.18993,-2.12395,False,False,False,True,False,True,Di Luar Area Pantauan (>1000m dari Desa)
Matan Hilir Selatan,Sungai Nanjung,"Minggu, 20 September 2026 01:11:00",NASA-SNPP,Medium,110.1858,-2.12676,False,False,True,True,False,True,Di Luar Area Pantauan (>1000m dari Desa)
Kendawangan,Mekar Utama,"Minggu, 20 September 2026 01:11:00",NASA-SNPP,Medium,110.22282,-2.29281,False,False,False,False,False,False,Di Luar Area Pantauan (>1000m dari Desa)
Kendawangan,Mekar Utama,"Minggu, 20 September 2026 01:11:00",NASA-SNPP,Medium,110.21976,-2.28885,False,False,True,False,False,True,Di Luar Area Pantauan (>1000m dari Desa)
Kendawangan,Mekar Utama,"Minggu, 20 September 2026 01:11:00",NASA-SNPP,Medium,110.21564,-2.29167,False,False,True,False,False,True,Di Luar Area Pantauan (>1000m dari Desa)
Kendawangan,Mekar Utama,"Minggu, 20 September 2026 01:11:00",NASA-SNPP,Medium,110.22589,-2.29677,False,False,False,False,False,False,Di Luar Area Pantauan (>1000m dari Desa)
Kendawangan,Mekar Utama,"Minggu, 20 September 2026 01:11:00",NASA-SNPP,Medium,110.21923,-2.29224,False,False,False,False,False,False,Di Luar Area Pantauan (>1000m dari Desa)
Matan Hilir Selatan,Sungai Nanjung,"Minggu, 20 September 2026 01:11:00",NASA-SNPP,Medium,110.18269,-2.10134,False,False,False,True,False,True,Di Luar Area Pantauan (>1000m dari Desa)
Kendawangan,Mekar Utama,"Minggu, 20 September 2026 01:11:00",NASA-SNPP,Medium,110.2187,-2.29563,False,False,False,False,False,False,Di Luar Area Pantauan (>1000m dari Desa)
Kendawangan,Mekar Utama,"Minggu, 20 September 2026 01:11:00",NASA-SNPP,Medium,110.21097,-2.29787,False,False,True,False,False,True,Di Luar Area Pantauan (>1000m dari Desa)
Kendawangan,Bangkal Serai,"Minggu, 20 September 2026 01:11:00",NASA-SNPP,Medium,110.52089,-2.49126,False,False,False,False,True,True,Di Luar Area Pantauan (>1000m dari Desa)
Kendawangan,Bangkal Serai,"Minggu, 20 September 2026 01:11:00",NASA-SNPP,Medium,110.52283,-2.50191,False,False,False,False,False,False,Di Luar Area Pantauan (>1000m dari Desa)
Kendawangan,Banjar Sari,"Minggu, 20 September 2026 01:11:00",NASA-SNPP,Medium,110.25034,-2.47208,False,False,False,False,False,False,Di Luar Area Pantauan (>1000m dari Desa)
Kendawangan,Bangkal Serai,"Minggu, 20 September 2026 01:11:00",NASA-SNPP,Medium,110.51614,-2.52151,False,False,False,False,True,True,Di Luar Area Pantauan (>1000m dari Desa)
Kendawangan,Bangkal Serai,"Minggu, 20 September 2026 01:11:00",NASA-SNPP,Medium,110.51666,-2.51815,False,False,False,False,True,True,Di Luar Area Pantauan (>1000m dari Desa)
Kendawangan,Banjar Sari,"Minggu, 20 September 2026 01:11:00",NASA-SNPP,Medium,110.24981,-2.47546,False,False,False,False,False,False,Di Luar Area Pantauan (>1000m dari Desa)
Kendawangan,Banjar Sari,"Minggu, 20 September 2026 01:11:00",NASA-SNPP,Medium,110.2534,-2.47603,False,False,False,False,False,False,Di Luar Area Pantauan (>1000m dari Desa)
Kendawangan,Bangkal Serai,"Minggu, 20 September 2026 01:11:00",NASA-SNPP,Medium,110.45579,-2.536,False,False,False,False,True,True,Di Luar Area Pantauan (>1000m dari Desa)
Kendawangan,Seriam,"Minggu, 20 September 2026 01:11:00",NASA-SNPP,Medium,110.45224,-2.53544,False,False,False,False,True,True,Di Luar Area Pantauan (>1000m dari Desa)
Kendawangan,Seriam,"Minggu, 20 September 2026 01:11:00",NASA-SNPP,Medium,110.44869,-2.53488,False,False,False,False,True,True,Di Luar Area Pantauan (>1000m dari Desa)
Kendawangan,Airhitam Hulu,"Minggu, 20 September 2026 01:11:00",NASA-SNPP,Medium,110.62947,-2.62403,False,False,False,False,False,False,Di Luar Area Pantauan (>1000m dari Desa)
Kendawangan,Airhitam Hulu,"Minggu, 20 September 2026 01:11:00",NASA-SNPP,Medium,110.62086,-2.63296,False,False,True,False,False,True,Di Luar Area Pantauan (>1000m dari Desa)
Kendawangan,Danau Buntar,"Minggu, 20 September 2026 01:11:00",NASA-SNPP,Medium,110.90136,-2.58639,False,False,False,False,False,False,Di Luar Area Pantauan (>1000m dari Desa)
Kendawangan,Bangkal Serai,"Minggu, 20 September 2026 01:11:00",NASA-SNPP,Medium,110.47157,-2.52818,False,False,False,False,True,True,Di Luar Area Pantauan (>1000m dari Desa)
Kendawangan,Bangkal Serai,"Minggu, 20 September 2026 01:11:00",NASA-SNPP,Medium,110.46341,-2.53377,False,False,False,False,True,True,Di Luar Area Pantauan (>1000m dari Desa)
Kendawangan,Bangkal Serai,"Minggu, 20 September 2026 01:11:00",NASA-SNPP,Medium,110.62929,-2.56019,False,False,False,False,False,False,Di Luar Area Pantauan (>1000m dari Desa)
Kendawangan,Bangkal Serai,"Minggu, 20 September 2026 01:11:00",NASA-SNPP,Medium,110.4721,-2.52481,False,False,False,False,True,True,Di Luar Area Pantauan (>1000m dari Desa)
Kendawangan,Bangkal Serai,"Minggu, 20 September 2026 01:11:00",NASA-SNPP,Medium,110.6328,-2.56075,False,False,False,False,False,False,Di Luar Area Pantauan (>1000m dari Desa)
Kendawangan,Seriam,"Minggu, 20 September 2026 01:11:00",NASA-SNPP,Medium,110.44214,-2.53038,False,False,False,False,True,True,Di Luar Area Pantauan (>1000m dari Desa)
Kendawangan,Bangkal Serai,"Minggu, 20 September 2026 01:11:00",NASA-SNPP,Medium,110.451,-2.56628,False,False,False,False,True,True,Di Luar Area Pantauan (>1000m dari Desa)
Kendawangan,Bangkal Serai,"Minggu, 20 September 2026 01:11:00",NASA-SNPP,Medium,110.47013,-2.5831,False,False,False,False,True,True,Di Luar Area Pantauan (>1000m dari Desa)
Kendawangan,Bangkal Serai,"Minggu, 20 September 2026 01:11:00",NASA-SNPP,Medium,110.46305,-2.58198,False,False,False,False,True,True,Di Luar Area Pantauan (>1000m dari Desa)
Kendawangan,Airhitam Hulu,"Minggu, 20 September 2026 01:11:00",NASA-SNPP,Medium,110.62437,-2.63352,False,False,False,False,False,False,Di Luar Area Pantauan (>1000m dari Desa)
Matan Hilir Selatan,Pagar Mentimun,"Minggu, 20 September 2026 01:11:00",NASA-SNPP,Medium,110.16708,-2.22481,False,False,True,False,False,True,Di Luar Area Pantauan (>1000m dari Desa)
Manis Mata,Jambi,"Minggu, 20 September 2026 01:11:00",NASA-SNPP,Medium,110.96065,-2.7043,False,False,False,False,False,False,Di Luar Area Pantauan (>1000m dari Desa)
Kendawangan,Airhitam Hulu,"Minggu, 20 September 2026 01:11:00",NASA-SNPP,Medium,110.6096,-2.65865,False,False,False,False,False,False,Di Luar Area Pantauan (>1000m dari Desa)
Kendawangan,Air Hitam Besar,"Minggu, 20 September 2026 01:11:00",NASA-SNPP,Medium,110.72435,-2.68379,False,False,False,False,False,False,Di Luar Area Pantauan (>1000m dari Desa)
Kendawangan,Air Hitam Besar,"Minggu, 20 September 2026 01:11:00",NASA-SNPP,Medium,110.73135,-2.68491,False,False,False,False,False,False,Di Luar Area Pantauan (>1000m dari Desa)
Kendawangan,Airhitam Hulu,"Minggu, 20 September 2026 01:11:00",NASA-SNPP,Medium,110.62453,-2.67821,False,False,False,False,False,False,Di Luar Area Pantauan (>1000m dari Desa)
Manis Mata,Suka Ramai,"Minggu, 20 September 2026 01:11:00",NASA-SNPP,Medium,111.04515,-2.75531,False,False,False,False,False,False,Di Luar Area Pantauan (>1000m dari Desa)
Kendawangan,Kendawangan Kanan,"Minggu, 20 September 2026 01:11:00",NASA-SNPP,Medium,110.24505,-2.64207,False,False,False,True,True,True,Di Luar Area Pantauan (>1000m dari Desa)
Kendawangan,Airhitam Hulu,"Minggu, 20 September 2026 01:11:00",NASA-SNPP,Medium,110.62505,-2.67486,False,False,False,False,False,False,Di Luar Area Pantauan (>1000m dari Desa)
Kendawangan,Danau Buntar,"Minggu, 20 September 2026 01:11:00",NASA-SNPP,Medium,110.88264,-2.74661,False,False,False,False,False,False,Di Luar Area Pantauan (>1000m dari Desa)
Kendawangan,Air Hitam Besar,"Minggu, 20 September 2026 01:11:00",NASA-SNPP,Medium,110.69891,-2.73291,False,False,False,False,False,False,Di Luar Area Pantauan (>1000m dari Desa)
Kendawangan,Kendawangan Kanan,"Minggu, 20 September 2026 01:11:00",NASA-SNPP,Medium,110.23911,-2.65909,False,False,False,True,True,True,Di Luar Area Pantauan (>1000m dari Desa)
Kendawangan,Air Hitam Besar,"Minggu, 20 September 2026 01:11:00",NASA-SNPP,Medium,110.69536,-2.73234,False,False,False,False,False,False,Di Luar Area Pantauan (>1000m dari Desa)
Manis Mata,Jambi,"Minggu, 20 September 2026 01:11:00",NASA-SNPP,Medium,110.96412,-2.70486,False,False,False,False,False,False,Di Luar Area Pantauan (>1000m dari Desa)
Kendawangan,Air Hitam Besar,"Minggu, 20 September 2026 01:11:00",NASA-SNPP,Medium,110.72733,-2.6877,False,False,False,False,False,False,Di Luar Area Pantauan (>1000m dari Desa)
Manis Mata,Suka Ramai,"Minggu, 20 September 2026 01:11:00",NASA-SNPP,Medium,111.04568,-2.75198,False,False,False,False,False,False,Di Luar Area Pantauan (>1000m dari Desa)
Kendawangan,Air Hitam Besar,"Minggu, 20 September 2026 01:11:00",NASA-SNPP,Medium,110.65701,-2.70053,False,False,False,True,False,True,Di Luar Area Pantauan (>1000m dari Desa)
Kendawangan,Danau Buntar,"Minggu, 20 September 2026 01:11:00",NASA-SNPP,Medium,110.87725,-2.73549,False,False,False,False,False,False,Di Luar Area Pantauan (>1000m dari Desa)
Kendawangan,Air Hitam Besar,"Minggu, 20 September 2026 01:11:00",NASA-SNPP,Medium,110.65754,-2.69719,False,False,True,True,False,True,Di Luar Area Pantauan (>1000m dari Desa)
Kendawangan,Mekar Utama,"Minggu, 20 September 2026 01:11:00",NASA-SNPP,Medium,110.21457,-2.29844,False,False,True,False,False,True,Di Luar Area Pantauan (>1000m dari Desa)
Kendawangan,Mekar Utama,"Minggu, 20 September 2026 01:11:00",NASA-SNPP,Medium,110.21817,-2.29902,False,False,False,False,False,False,Di Luar Area Pantauan (>1000m dari Desa)
Kendawangan,Danau Buntar,"Minggu, 20 September 2026 01:11:00",NASA-SNPP,Medium,110.9559,-2.78084,False,False,False,False,False,False,Di Luar Area Pantauan (>1000m dari Desa)
Kendawangan,Danau Buntar,"Minggu, 20 September 2026 01:11:00",NASA-SNPP,Medium,110.96286,-2.78195,False,False,False,False,False,False,Di Luar Area Pantauan (>1000m dari Desa)
Kendawangan,Natai Kuini,"Minggu, 20 September 2026 01:11:00",NASA-SNPP,Medium,110.79637,-2.79645,False,False,False,True,True,True,Di Luar Area Pantauan (>1000m dari Desa)
Kendawangan,Seriam,"Minggu, 20 September 2026 01:11:00",NASA-SNPP,Medium,110.36304,-2.73082,False,False,False,False,True,True,Di Luar Area Pantauan (>1000m dari Desa)
Kendawangan,Natai Kuini,"Minggu, 20 September 2026 01:11:00",NASA-SNPP,Medium,110.78326,-2.81149,False,False,False,True,False,True,Di Luar Area Pantauan (>1000m dari Desa)
Kendawangan,Seriam,"Minggu, 20 September 2026 01:11:00",NASA-SNPP,Medium,110.37565,-2.74318,False,False,False,False,True,True,Di Luar Area Pantauan (>1000m dari Desa)
Kendawangan,Natai Kuini,"Minggu, 20 September 2026 01:11:00",NASA-SNPP,Medium,110.77628,-2.81038,False,False,False,False,False,False,Di Luar Area Pantauan (>1000m dari Desa)
Kendawangan,Danau Buntar,"Minggu, 20 September 2026 01:11:00",NASA-SNPP,Medium,110.96875,-2.78973,False,False,False,False,False,False,Di Luar Area Pantauan (>1000m dari Desa)
Kendawangan,Danau Buntar,"Minggu, 20 September 2026 01:11:00",NASA-SNPP,Medium,110.97518,-2.79417,False,False,False,False,False,False,Di Luar Area Pantauan (>1000m dari Desa)
Kendawangan,Danau Buntar,"Minggu, 20 September 2026 01:11:00",NASA-SNPP,Medium,110.96233,-2.78528,False,False,False,False,False,False,Di Luar Area Pantauan (>1000m dari Desa)
Manis Mata,Suka Ramai,"Minggu, 20 September 2026 01:11:00",NASA-SNPP,Medium,110.99602,-2.79749,False,False,False,False,False,False,Di Luar Area Pantauan (>1000m dari Desa)
Kendawangan,Danau Buntar,"Minggu, 20 September 2026 01:11:00",NASA-SNPP,Medium,110.97223,-2.79028,False,False,False,False,False,False,Di Luar Area Pantauan (>1000m dari Desa)
Kendawangan,Danau Buntar,"Minggu, 20 September 2026 01:11:00",NASA-SNPP,Medium,110.96823,-2.79306,False,False,False,False,False,False,Di Luar Area Pantauan (>1000m dari Desa)
Kendawangan,Danau Buntar,"Minggu, 20 September 2026 01:11:00",NASA-SNPP,Medium,110.96581,-2.78584,False,False,False,False,False,False,Di Luar Area Pantauan (>1000m dari Desa)
Kendawangan,Danau Buntar,"Minggu, 20 September 2026 01:11:00",NASA-SNPP,Medium,110.97623,-2.7875,False,False,False,False,False,False,Di Luar Area Pantauan (>1000m dari Desa)
Kendawangan,Danau Buntar,"Minggu, 20 September 2026 01:11:00",NASA-SNPP,Medium,110.96928,-2.78639,False,False,False,False,False,False,Di Luar Area Pantauan (>1000m dari Desa)
Kendawangan,Danau Buntar,"Minggu, 20 September 2026 01:11:00",NASA-SNPP,Medium,110.96528,-2.78917,False,False,False,False,False,False,Di Luar Area Pantauan (>1000m dari Desa)
Kendawangan,Danau Buntar,"Minggu, 20 September 2026 01:11:00",NASA-SNPP,Medium,110.96319,-2.8025,False,False,True,False,False,True,Di Luar Area Pantauan (>1000m dari Desa)
Kendawangan,Danau Buntar,"Minggu, 20 September 2026 01:11:00",NASA-SNPP,Medium,110.9677,-2.79639,False,False,False,False,False,False,Di Luar Area Pantauan (>1000m dari Desa)
Kendawangan,Danau Buntar,"Minggu, 20 September 2026 01:11:00",NASA-SNPP,Medium,110.96665,-2.80306,False,False,True,False,False,True,Di Luar Area Pantauan (>1000m dari Desa)
Kendawangan,Air Hitam Besar,"Minggu, 20 September 2026 01:11:00",NASA-SNPP,Medium,110.75498,-2.78643,False,False,False,True,False,True,Di Luar Area Pantauan (>1000m dari Desa)
Kendawangan,Seriam,"Minggu, 20 September 2026 01:11:00",NASA-SNPP,Medium,110.36658,-2.73139,False,False,False,False,True,True,Di Luar Area Pantauan (>1000m dari Desa)
Kendawangan,Natai Kuini,"Minggu, 20 September 2026 01:11:00",NASA-SNPP,Medium,110.96508,-2.81306,False,False,True,False,False,True,Di Luar Area Pantauan (>1000m dari Desa)
Kendawangan,Seriam,"Minggu, 20 September 2026 01:11:00",NASA-SNPP,Medium,110.36108,-2.72015,False,False,False,False,True,True,Di Luar Area Pantauan (>1000m dari Desa)
Kendawangan,Natai Kuini,"Minggu, 20 September 2026 01:11:00",NASA-SNPP,Medium,110.77575,-2.81372,False,False,False,False,False,False,Di Luar Area Pantauan (>1000m dari Desa)
Kendawangan,Air Hitam Besar,"Minggu, 20 September 2026 01:11:00",NASA-SNPP,Medium,110.74905,-2.77863,False,False,False,True,False,True,Di Luar Area Pantauan (>1000m dari Desa)
Kendawangan,Natai Kuini,"Minggu, 20 September 2026 01:11:00",NASA-SNPP,Medium,110.95761,-2.81528,False,False,False,False,False,False,Di Luar Area Pantauan (>1000m dari Desa)
Kendawangan,Seriam,"Minggu, 20 September 2026 01:11:00",NASA-SNPP,Medium,110.31145,-2.75715,False,False,False,False,True,True,Di Luar Area Pantauan (>1000m dari Desa)
Kendawangan,Pembedilan,"Minggu, 20 September 2026 01:11:00",NASA-SNPP,Medium,110.37362,-2.87202,False,False,False,False,True,True,Di Luar Area Pantauan (>1000m dari Desa)
Kendawangan,Pembedilan,"Minggu, 20 September 2026 01:11:00",NASA-SNPP,Medium,110.36954,-2.87482,False,False,False,False,True,True,Di Luar Area Pantauan (>1000m dari Desa)
Kendawangan,Danau Buntar,"Minggu, 20 September 2026 01:11:00",NASA-SNPP,Medium,110.95833,-2.78806,False,False,True,False,False,True,Di Luar Area Pantauan (>1000m dari Desa)
Kendawangan,Danau Buntar,"Minggu, 20 September 2026 01:11:00",NASA-SNPP,Medium,110.96024,-2.79862,False,False,True,False,False,True,Di Luar Area Pantauan (>1000m dari Desa)
Kendawangan,Danau Buntar,"Minggu, 20 September 2026 01:11:00",NASA-SNPP,Medium,110.95243,-2.78029,False,False,False,False,False,False,Di Luar Area Pantauan (>1000m dari Desa)
Manis Mata,Suka Ramai,"Minggu, 20 September 2026 01:11:00",NASA-SNPP,Medium,110.99654,-2.79416,False,False,False,False,False,False,Di Luar Area Pantauan (>1000m dari Desa)
Kendawangan,Air Hitam Besar,"Minggu, 20 September 2026 01:11:00",NASA-SNPP,Medium,110.71234,-2.73849,False,False,False,False,False,False,Di Luar Area Pantauan (>1000m dari Desa)
Kendawangan,Air Hitam Besar,"Minggu, 20 September 2026 01:11:00",NASA-SNPP,Medium,110.69483,-2.73569,False,False,False,False,False,False,Di Luar Area Pantauan (>1000m dari Desa)
Kendawangan,Air Hitam Besar,"Minggu, 20 September 2026 01:11:00",NASA-SNPP,Medium,110.71584,-2.73905,False,False,False,False,False,False,Di Luar Area Pantauan (>1000m dari Desa)
Kendawangan,Air Hitam Besar,"Minggu, 20 September 2026 01:11:00",NASA-SNPP,Medium,110.74957,-2.77529,False,False,False,True,False,True,Di Luar Area Pantauan (>1000m dari Desa)
Kendawangan,Danau Buntar,"Minggu, 20 September 2026 01:11:00",NASA-SNPP,Medium,110.96561,-2.80972,False,False,True,False,False,True,Di Luar Area Pantauan (>1000m dari Desa)
Kendawangan,Air Hitam Besar,"Minggu, 20 September 2026 01:11:00",NASA-SNPP,Medium,110.74554,-2.77808,False,False,False,True,False,True,Di Luar Area Pantauan (>1000m dari Desa)
Kendawangan,Air Hitam Besar,"Minggu, 20 September 2026 01:11:00",NASA-SNPP,Medium,110.74852,-2.78198,False,False,False,True,False,True,Di Luar Area Pantauan (>1000m dari Desa)
Kendawangan,Air Hitam Besar,"Minggu, 20 September 2026 01:11:00",NASA-SNPP,Medium,110.75149,-2.78588,False,False,False,True,False,True,Di Luar Area Pantauan (>1000m dari Desa)
Kendawangan,Natai Kuini,"Minggu, 20 September 2026 01:11:00",NASA-SNPP,Medium,110.77977,-2.81093,False,False,False,True,False,True,Di Luar Area Pantauan (>1000m dari Desa)
Kendawangan,Kendawangan Kanan,"Minggu, 20 September 2026 01:11:00",NASA-SNPP,Medium,110.28312,-2.79887,False,False,False,True,True,True,Di Luar Area Pantauan (>1000m dari Desa)
Matan Hilir Selatan,Pagar Mentimun,"Minggu, 20 September 2026 01:11:00",NASA-SNPP,Medium,110.16654,-2.2282,False,False,True,False,False,True,Di Luar Area Pantauan (>1000m dari Desa)
Matan Hilir Selatan,Sungai Besar,"Minggu, 20 September 2026 01:11:00",NASA-SNPP,Medium,110.18188,-1.89211,False,False,True,True,False,True,Di Luar Area Pantauan (>1000m dari Desa)
Jelai Hulu,Semantun,"Minggu, 20 September 2026 01:11:00",NASA-SNPP,Medium,111.08688,-1.99698,False,False,False,False,False,False,Di Luar Area Pantauan (>1000m dari Desa)
Matan Hilir Selatan,Sungai Besar,"Minggu, 20 September 2026 01:11:00",NASA-SNPP,Medium,110.24239,-1.85942,False,False,True,True,False,True,Di Luar Area Pantauan (>1000m dari Desa)
Muara Pawan,Tanjung Pura,"Minggu, 20 September 2026 01:11:00",NASA-SNPP,Medium,110.22621,-1.69999,False,False,False,True,False,True,Di Luar Area Pantauan (>1000m dari Desa)
Jelai Hulu,Pangkalan Suka,"Minggu, 20 September 2026 01:11:00",NASA-SNPP,Medium,110.97369,-1.92426,False,False,True,False,False,True,Di Luar Area Pantauan (>1000m dari Desa)
Matan Hilir Selatan,Pagar Mentimun,"Minggu, 20 September 2026 01:11:00",NASA-SNPP,Medium,110.21471,-2.27415,False,False,False,False,False,False,Di Luar Area Pantauan (>1000m dari Desa)
Jelai Hulu,Pangkalan Paket,"Minggu, 20 September 2026 01:11:00",NASA-SNPP,Medium,110.67154,-2.01549,False,False,False,False,True,True,Di Luar Area Pantauan (>1000m dari Desa)
Matan Hilir Selatan,Sungai Pelang,"Minggu, 20 September 2026 01:11:00",NASA-SNPP,Medium,110.24921,-1.83963,False,False,True,True,False,True,Di Luar Area Pantauan (>1000m dari Desa)
Matan Hilir Selatan,Sungai Besar,"Minggu, 20 September 2026 01:11:00",NASA-SNPP,Medium,110.25001,-1.8815,False,False,True,True,False,True,Di Luar Area Pantauan (>1000m dari Desa)
Matan Hilir Selatan,Sungai Pelang,"Minggu, 20 September 2026 01:11:00",NASA-SNPP,Medium,110.19588,-1.84854,False,False,False,True,False,True,Di Luar Area Pantauan (>1000m dari Desa)
Tumbang Titi,Pemuatan Jaya,"Minggu, 20 September 2026 01:11:00",NASA-SNPP,Medium,110.48419,-1.91167,False,False,False,False,False,False,Di Luar Area Pantauan (>1000m dari Desa)
Matan Hilir Selatan,Sungai Besar,"Minggu, 20 September 2026 01:11:00",NASA-SNPP,Medium,110.22217,-1.87013,False,False,True,True,False,True,Di Luar Area Pantauan (>1000m dari Desa)
Matan Hilir Selatan,Sungai Besar,"Minggu, 20 September 2026 01:11:00",NASA-SNPP,Medium,110.21441,-1.87239,False,False,True,True,False,True,Di Luar Area Pantauan (>1000m dari Desa)
Matan Hilir Selatan,Sungai Besar,"Minggu, 20 September 2026 01:11:00",NASA-SNPP,Medium,110.21695,-1.87975,False,False,True,True,False,True,Di Luar Area Pantauan (>1000m dari Desa)
Jelai Hulu,Tanggerang,"Minggu, 20 September 2026 01:11:00",NASA-SNPP,Medium,110.69973,-2.01998,False,False,False,False,False,False,Di Luar Area Pantauan (>1000m dari Desa)
Matan Hilir Selatan,Pematang Gadung,"Minggu, 20 September 2026 01:11:00",NASA-SNPP,Medium,110.25911,-1.94278,False,False,True,True,False,True,Di Luar Area Pantauan (>1000m dari Desa)
Jelai Hulu,Semantun,"Minggu, 20 September 2026 01:11:00",NASA-SNPP,Medium,111.03131,-2.05566,False,False,False,False,False,False,Di Luar Area Pantauan (>1000m dari Desa)
Matan Hilir Selatan,Pematang Gadung,"Minggu, 20 September 2026 01:11:00",NASA-SNPP,Medium,110.27045,-1.94112,False,False,True,True,False,True,Di Luar Area Pantauan (>1000m dari Desa)
Jelai Hulu,Semantun,"Minggu, 20 September 2026 01:11:00",NASA-SNPP,Medium,111.03028,-2.06234,False,False,False,False,False,False,Di Luar Area Pantauan (>1000m dari Desa)
Jelai Hulu,Pangkalan Paket,"Minggu, 20 September 2026 01:11:00",NASA-SNPP,Medium,110.66527,-2.01105,False,False,True,False,True,True,Di Luar Area Pantauan (>1000m dari Desa)
Matan Hilir Selatan,Pesaguan Kanan,"Minggu, 20 September 2026 01:11:00",NASA-SNPP,Medium,110.34826,-2.03394,False,False,True,True,False,True,Di Luar Area Pantauan (>1000m dari Desa)
Matan Hilir Selatan,Pematang Gadung,"Minggu, 20 September 2026 01:11:00",NASA-SNPP,Medium,110.27698,-1.96996,False,False,True,True,False,True,Di Luar Area Pantauan (>1000m dari Desa)
Marau,Belaban,"Minggu, 20 September 2026 01:11:00",NASA-SNPP,Medium,110.63198,-2.10698,False,False,False,False,False,False,Di Luar Area Pantauan (>1000m dari Desa)
Matan Hilir Selatan,Pesaguan Kanan,"Minggu, 20 September 2026 01:11:00",NASA-SNPP,Medium,110.21187,-2.05726,False,False,False,True,False,True,Di Luar Area Pantauan (>1000m dari Desa)
Matan Hilir Selatan,Pesaguan Kanan,"Minggu, 20 September 2026 01:11:00",NASA-SNPP,Medium,110.30119,-2.09926,False,False,True,True,False,True,Di Luar Area Pantauan (>1000m dari Desa)
Matan Hilir Selatan,Sungai Nanjung,"Minggu, 20 September 2026 01:11:00",NASA-SNPP,Medium,110.2367,-2.15578,False,False,True,True,False,True,Di Luar Area Pantauan (>1000m dari Desa)
Matan Hilir Selatan,Sungai Nanjung,"Minggu, 20 September 2026 01:11:00",NASA-SNPP,Medium,110.24029,-2.15635,False,False,True,True,False,True,Di Luar Area Pantauan (>1000m dari Desa)
Matan Hilir Selatan,Sungai Nanjung,"Minggu, 20 September 2026 01:11:00",NASA-SNPP,Medium,110.24136,-2.14957,False,False,True,True,False,True,Di Luar Area Pantauan (>1000m dari Desa)
Matan Hilir Selatan,Sungai Nanjung,"Minggu, 20 September 2026 01:11:00",NASA-SNPP,Medium,110.20731,-2.15456,False,False,True,True,False,True,Di Luar Area Pantauan (>1000m dari Desa)
Matan Hilir Selatan,Sungai Nanjung,"Minggu, 20 September 2026 01:11:00",NASA-SNPP,Medium,110.27213,-2.16491,False,False,True,True,True,True,Di Luar Area Pantauan (>1000m dari Desa)
Matan Hilir Selatan,Sungai Nanjung,"Minggu, 20 September 2026 01:11:00",NASA-SNPP,Medium,110.23923,-2.16313,False,False,True,True,False,True,Di Luar Area Pantauan (>1000m dari Desa)
Matan Hilir Selatan,Sungai Nanjung,"Minggu, 20 September 2026 01:11:00",NASA-SNPP,Medium,110.23617,-2.15916,False,False,True,True,False,True,Di Luar Area Pantauan (>1000m dari Desa)
Matan Hilir Selatan,Sungai Nanjung,"Minggu, 20 September 2026 01:11:00",NASA-SNPP,Medium,110.23563,-2.16255,False,False,True,True,False,True,Di Luar Area Pantauan (>1000m dari Desa)
Matan Hilir Selatan,Sungai Nanjung,"Minggu, 20 September 2026 01:11:00",NASA-SNPP,Medium,110.23257,-2.15859,False,False,True,True,False,True,Di Luar Area Pantauan (>1000m dari Desa)
Matan Hilir Selatan,Sungai Nanjung,"Minggu, 20 September 2026 01:11:00",NASA-SNPP,Medium,110.24336,-2.16031,False,False,True,True,False,True,Di Luar Area Pantauan (>1000m dari Desa)
Matan Hilir Selatan,Sungai Nanjung,"Minggu, 20 September 2026 01:11:00",NASA-SNPP,Medium,110.22122,-2.16025,False,False,True,True,False,True,Di Luar Area Pantauan (>1000m dari Desa)
Matan Hilir Selatan,Sungai Nanjung,"Minggu, 20 September 2026 01:11:00",NASA-SNPP,Medium,110.25002,-2.16485,False,False,True,True,True,True,Di Luar Area Pantauan (>1000m dari Desa)
Matan Hilir Selatan,Sungai Nanjung,"Minggu, 20 September 2026 01:11:00",NASA-SNPP,Medium,110.21508,-2.15232,False,False,True,True,False,True,Di Luar Area Pantauan (>1000m dari Desa)
Matan Hilir Selatan,Sungai Nanjung,"Minggu, 20 September 2026 01:11:00",NASA-SNPP,Medium,110.21922,-2.14951,False,False,True,True,False,True,Di Luar Area Pantauan (>1000m dari Desa)
Matan Hilir Selatan,Sungai Nanjung,"Minggu, 20 September 2026 01:11:00",NASA-SNPP,Medium,110.12025,-2.18944,False,False,False,False,False,False,Di Luar Area Pantauan (>1000m dari Desa)
Matan Hilir Selatan,Sungai Nanjung,"Minggu, 20 September 2026 01:11:00",NASA-SNPP,Medium,110.12697,-2.19399,False,False,False,False,False,False,Di Luar Area Pantauan (>1000m dari Desa)
Matan Hilir Selatan,Pagar Mentimun,"Minggu, 20 September 2026 01:11:00",NASA-SNPP,Medium,110.16986,-2.20425,False,False,False,False,False,False,Di Luar Area Pantauan (>1000m dari Desa)
Matan Hilir Selatan,Pagar Mentimun,"Minggu, 20 September 2026 01:11:00",NASA-SNPP,Medium,110.17039,-2.20086,False,False,False,False,False,False,Di Luar Area Pantauan (>1000m dari Desa)
Matan Hilir Selatan,Sungai Nanjung,"Minggu, 20 September 2026 01:11:00",NASA-SNPP,Medium,110.27717,-2.17959,False,False,True,True,True,True,Di Luar Area Pantauan (>1000m dari Desa)
Marau,Karya Baru,"Minggu, 20 September 2026 01:11:00",NASA-SNPP,Medium,110.69199,-2.27313,False,False,False,False,False,False,Di Luar Area Pantauan (>1000m dari Desa)
Matan Hilir Selatan,Sungai Nanjung,"Minggu, 20 September 2026 01:11:00",NASA-SNPP,Medium,110.1275,-2.19059,False,False,False,False,False,False,Di Luar Area Pantauan (>1000m dari Desa)
Matan Hilir Selatan,Sungai Nanjung,"Minggu, 20 September 2026 01:11:00",NASA-SNPP,Medium,110.18272,-2.12279,False,False,False,True,False,True,Di Luar Area Pantauan (>1000m dari Desa)
Matan Hilir Selatan,Sungai Nanjung,"Minggu, 20 September 2026 01:11:00",NASA-SNPP,Medium,110.2332,-2.13089,False,False,False,False,False,False,Di Luar Area Pantauan (>1000m dari Desa)
Matan Hilir Selatan,Sungai Nanjung,"Minggu, 20 September 2026 01:11:00",NASA-SNPP,Medium,110.18632,-2.12337,False,False,True,True,False,True,Di Luar Area Pantauan (>1000m dari Desa)
Matan Hilir Selatan,Pesaguan Kanan,"Minggu, 20 September 2026 01:11:00",NASA-SNPP,Medium,110.31303,-2.0942,False,False,False,True,False,True,Di Luar Area Pantauan (>1000m dari Desa)
Kendawangan,Air Tarap,"Minggu, 20 September 2026 01:11:00",NASA-SNPP,Medium,110.74335,-2.54406,False,False,False,False,False,False,Di Luar Area Pantauan (>1000m dari Desa)
Kendawangan,Seriam,"Minggu, 20 September 2026 01:11:00",NASA-SNPP,Medium,110.44849,-2.49,False,False,False,False,False,False,Di Luar Area Pantauan (>1000m dari Desa)
Kendawangan,Banjar Sari,"Minggu, 20 September 2026 01:11:00",NASA-SNPP,Medium,110.24676,-2.47151,False,False,False,False,False,False,Di Luar Area Pantauan (>1000m dari Desa)
Kendawangan,Banjar Sari,"Minggu, 20 September 2026 01:11:00",NASA-SNPP,Medium,110.24317,-2.47093,False,False,False,True,False,True,Di Luar Area Pantauan (>1000m dari Desa)
Kendawangan,Bangkal Serai,"Minggu, 20 September 2026 01:11:00",NASA-SNPP,Medium,110.45631,-2.53264,False,False,False,False,True,True,Di Luar Area Pantauan (>1000m dari Desa)
Kendawangan,Seriam,"Minggu, 20 September 2026 01:11:00",NASA-SNPP,Medium,110.44515,-2.53431,False,False,False,False,True,True,Di Luar Area Pantauan (>1000m dari Desa)
Kendawangan,Seriam,"Minggu, 20 September 2026 01:11:00",NASA-SNPP,Medium,110.44976,-2.52815,False,False,False,False,True,True,Di Luar Area Pantauan (>1000m dari Desa)
Kendawangan,Seriam,"Minggu, 20 September 2026 01:11:00",NASA-SNPP,Medium,110.44621,-2.52758,False,False,False,False,True,True,Di Luar Area Pantauan (>1000m dari Desa)
Kendawangan,Bangkal Serai,"Minggu, 20 September 2026 01:11:00",NASA-SNPP,Medium,110.46659,-2.58254,False,False,False,False,True,True,Di Luar Area Pantauan (>1000m dari Desa)
Kendawangan,Bangkal Serai,"Minggu, 20 September 2026 01:11:00",NASA-SNPP,Medium,110.45809,-2.5674,False,False,False,False,True,True,Di Luar Area Pantauan (>1000m dari Desa)
Kendawangan,Bangkal Serai,"Minggu, 20 September 2026 01:11:00",NASA-SNPP,Medium,110.46584,-2.58403,False,False,False,False,True,True,Di Luar Area Pantauan (>1000m dari Desa)
Kendawangan,Danau Buntar,"Minggu, 20 September 2026 01:11:00",NASA-SNPP,Medium,110.87968,-2.74272,False,False,True,True,False,True,Di Luar Area Pantauan (>1000m dari Desa)
Kendawangan,Airhitam Hulu,"Minggu, 20 September 2026 01:11:00",NASA-SNPP,Medium,110.60609,-2.65809,False,False,False,False,False,False,Di Luar Area Pantauan (>1000m dari Desa)
Kendawangan,Airhitam Hulu,"Minggu, 20 September 2026 01:11:00",NASA-SNPP,Medium,110.61312,-2.65921,False,False,False,False,False,False,Di Luar Area Pantauan (>1000m dari Desa)
Kendawangan,Air Hitam Besar,"Minggu, 20 September 2026 01:11:00",NASA-SNPP,Medium,110.72786,-2.68435,False,False,False,False,False,False,Di Luar Area Pantauan (>1000m dari Desa)
Kendawangan,Danau Buntar,"Minggu, 20 September 2026 01:11:00",NASA-SNPP,Medium,110.95885,-2.78473,False,False,False,False,False,False,Di Luar Area Pantauan (>1000m dari Desa)
Manis Mata,Suka Ramai,"Minggu, 20 September 2026 01:11:00",NASA-SNPP,Medium,111.04862,-2.75586,False,False,False,False,False,False,Di Luar Area Pantauan (>1000m dari Desa)
Kendawangan,Seriam,"Minggu, 20 September 2026 01:11:00",NASA-SNPP,Medium,110.28704,-2.74982,False,False,False,False,True,True,Di Luar Area Pantauan (>1000m dari Desa)
Kendawangan,Seriam,"Minggu, 20 September 2026 01:11:00",NASA-SNPP,Medium,110.45029,-2.52478,False,False,False,False,True,True,Di Luar Area Pantauan (>1000m dari Desa)
Kendawangan,Seriam,"Minggu, 20 September 2026 01:11:00",NASA-SNPP,Medium,110.44267,-2.52702,False,False,False,False,True,True,Di Luar Area Pantauan (>1000m dari Desa)
Kendawangan,Bangkal Serai,"Minggu, 20 September 2026 01:11:00",NASA-SNPP,Medium,110.46163,-2.56797,False,False,False,False,True,True,Di Luar Area Pantauan (>1000m dari Desa)
Kendawangan,Bangkal Serai,"Minggu, 20 September 2026 01:11:00",NASA-SNPP,Medium,110.45402,-2.57021,False,False,False,False,True,True,Di Luar Area Pantauan (>1000m dari Desa)
Kendawangan,Bangkal Serai,"Minggu, 20 September 2026 01:11:00",NASA-SNPP,Medium,110.45454,-2.56684,False,False,False,False,True,True,Di Luar Area Pantauan (>1000m dari Desa)
Kendawangan,Bangkal Serai,"Minggu, 20 September 2026 01:11:00",NASA-SNPP,Medium,110.4611,-2.57133,False,False,False,False,True,True,Di Luar Area Pantauan (>1000m dari Desa)
Kendawangan,Air Hitam Besar,"Minggu, 20 September 2026 01:11:00",NASA-SNPP,Medium,110.69593,-2.72901,False,False,False,False,False,False,Di Luar Area Pantauan (>1000m dari Desa)
Kendawangan,Danau Buntar,"Minggu, 20 September 2026 01:11:00",NASA-SNPP,Medium,110.88317,-2.74327,False,False,False,False,False,False,Di Luar Area Pantauan (>1000m dari Desa)
Kendawangan,Danau Buntar,"Minggu, 20 September 2026 01:11:00",NASA-SNPP,Medium,110.97571,-2.79083,False,False,False,False,False,False,Di Luar Area Pantauan (>1000m dari Desa)
Kendawangan,Airhitam Hulu,"Minggu, 20 September 2026 01:11:00",NASA-SNPP,Medium,110.62838,-2.69943,False,False,False,False,False,False,Di Luar Area Pantauan (>1000m dari Desa)
Kendawangan,Danau Buntar,"Minggu, 20 September 2026 01:11:00",NASA-SNPP,Medium,110.88074,-2.73605,False,False,False,False,False,False,Di Luar Area Pantauan (>1000m dari Desa)
Matan Hilir Selatan,Sungai Pelang,"Minggu, 20 September 2026 01:11:00",NASA-SNPP,Medium,110.19695,-1.84175,False,False,False,True,False,True,Di Luar Area Pantauan (>1000m dari Desa)
Matan Hilir Selatan,Sungai Besar,"Minggu, 20 September 2026 01:11:00",NASA-SNPP,Medium,110.2476,-1.84981,False,False,True,True,False,True,Di Luar Area Pantauan (>1000m dari Desa)
Matan Hilir Selatan,Sungai Besar,"Minggu, 20 September 2026 01:11:00",NASA-SNPP,Medium,110.24345,-1.85263,False,False,True,True,False,True,Di Luar Area Pantauan (>1000m dari Desa)
Kendawangan,Danau Buntar,"Minggu, 20 September 2026 01:11:00",NASA-SNPP,Medium,110.97118,-2.79695,False,False,False,False,False,False,Di Luar Area Pantauan (>1000m dari Desa)
Matan Hilir Selatan,Sungai Nanjung,"Minggu, 20 September 2026 01:11:00",NASA-SNPP,Medium,110.24548,-2.14676,False,False,False,True,False,True,Di Luar Area Pantauan (>1000m dari Desa)
Matan Hilir Selatan,Pagar Mentimun,"Minggu, 20 September 2026 01:11:00",NASA-SNPP,Medium,110.174,-2.20143,False,False,False,False,False,False,Di Luar Area Pantauan (>1000m dari Desa)
Matan Hilir Selatan,Sungai Nanjung,"Minggu, 20 September 2026 01:11:00",NASA-SNPP,Medium,110.12388,-2.19001,False,False,False,False,False,False,Di Luar Area Pantauan (>1000m dari Desa)
Kendawangan,Natai Kuini,"Minggu, 20 September 2026 01:11:00",NASA-SNPP,Medium,110.77924,-2.81427,False,False,False,True,False,True,Di Luar Area Pantauan (>1000m dari Desa)
Kendawangan,Air Hitam Besar,"Minggu, 20 September 2026 01:11:00",NASA-SNPP,Medium,110.75201,-2.78253,False,False,False,True,False,True,Di Luar Area Pantauan (>1000m dari Desa)
Kendawangan,Kendawangan Kanan,"Minggu, 20 September 2026 01:11:00",NASA-SNPP,Medium,110.28597,-2.75657,False,False,False,False,True,True,Di Luar Area Pantauan (>1000m dari Desa)
Kendawangan,Pembedilan,"Minggu, 20 September 2026 01:11:00",NASA-SNPP,Medium,110.37415,-2.86865,False,False,False,False,True,True,Di Luar Area Pantauan (>1000m dari Desa)
Kendawangan,Seriam,"Minggu, 20 September 2026 01:11:00",NASA-SNPP,Medium,110.36055,-2.72352,False,False,False,False,True,True,Di Luar Area Pantauan (>1000m dari Desa)
Kendawangan,Danau Buntar,"Minggu, 20 September 2026 01:11:00",NASA-SNPP,Medium,110.96075,-2.79528,False,False,True,False,False,True,Di Luar Area Pantauan (>1000m dari Desa)
Matan Hilir Selatan,Sungai Besar,"Minggu, 20 September 2026 01:11:00",NASA-SNPP,Medium,110.21173,-1.88937,False,False,True,True,False,True,Di Luar Area Pantauan (>1000m dari Desa)
Kendawangan,Air Hitam Besar,"Minggu, 20 September 2026 01:11:00",NASA-SNPP,Medium,110.82553,-2.77029,False,False,False,True,True,True,Di Luar Area Pantauan (>1000m dari Desa)
Manis Mata,Suka Ramai,"Minggu, 20 September 2026 01:11:00",NASA-SNPP,Medium,110.99306,-2.7936,False,False,False,False,False,False,Di Luar Area Pantauan (>1000m dari Desa)
Kendawangan,Danau Buntar,"Minggu, 20 September 2026 01:11:00",NASA-SNPP,Medium,110.9717,-2.79361,False,False,False,False,False,False,Di Luar Area Pantauan (>1000m dari Desa)
Kendawangan,Danau Buntar,"Minggu, 20 September 2026 01:11:00",NASA-SNPP,Medium,110.96181,-2.78862,False,False,False,False,False,False,Di Luar Area Pantauan (>1000m dari Desa)
Kendawangan,Danau Buntar,"Minggu, 20 September 2026 01:11:00",NASA-SNPP,Medium,110.96423,-2.79584,False,False,True,False,False,True,Di Luar Area Pantauan (>1000m dari Desa)
Kendawangan,Danau Buntar,"Minggu, 20 September 2026 01:11:00",NASA-SNPP,Medium,110.96613,-2.80639,False,False,True,False,False,True,Di Luar Area Pantauan (>1000m dari Desa)
Kendawangan,Natai Kuini,"Minggu, 20 September 2026 01:11:00",NASA-SNPP,Medium,110.78379,-2.80815,False,False,False,True,False,True,Di Luar Area Pantauan (>1000m dari Desa)
Kendawangan,Seriam,"Minggu, 20 September 2026 01:11:00",NASA-SNPP,Medium,110.28954,-2.75713,False,False,False,False,True,True,Di Luar Area Pantauan (>1000m dari Desa)
Kendawangan,Danau Buntar,"Minggu, 20 September 2026 01:11:00",NASA-SNPP,Medium,110.96371,-2.79917,False,False,True,False,False,True,Di Luar Area Pantauan (>1000m dari Desa)
Manis Mata,Suka Ramai,"Minggu, 20 September 2026 01:11:00",NASA-SNPP,Medium,110.99221,-2.77639,False,False,False,False,False,False,Di Luar Area Pantauan (>1000m dari Desa)
Kendawangan,Air Hitam Besar,"Minggu, 20 September 2026 01:11:00",NASA-SNPP,Medium,110.69838,-2.73626,False,False,False,False,False,False,Di Luar Area Pantauan (>1000m dari Desa)
Kendawangan,Mekar Utama,"Minggu, 20 September 2026 01:11:00",NASA-SNPP,Medium,110.22643,-2.29338,False,False,False,False,False,False,Di Luar Area Pantauan (>1000m dari Desa)
Kendawangan,Kendawangan Kanan,"Minggu, 20 September 2026 01:11:00",NASA-SNPP,Medium,110.28667,-2.79944,False,False,False,True,True,True,Di Luar Area Pantauan (>1000m dari Desa)
Kendawangan,Natai Kuini,"Minggu, 20 September 2026 01:11:00",NASA-SNPP,Medium,110.77226,-2.81316,False,False,False,False,False,False,Di Luar Area Pantauan (>1000m dari Desa)
Manis Mata,Sungai Buluh,"Minggu, 20 September 2026 01:11:00",NASA-SNPP,Medium,111.08122,-2.55132,False,False,False,False,False,False,Di Luar Area Pantauan (>1000m dari Desa)
Kendawangan,Seriam,"Minggu, 20 September 2026 01:11:00",NASA-SNPP,Medium,110.44902,-2.48663,False,False,False,False,False,False,Di Luar Area Pantauan (>1000m dari Desa)
Kendawangan,Bangkal Serai,"Minggu, 20 September 2026 01:11:00",NASA-SNPP,Medium,110.51983,-2.49799,False,False,False,False,True,True,Di Luar Area Pantauan (>1000m dari Desa)
Matan Hilir Selatan,Pagar Mentimun,"Minggu, 20 September 2026 01:11:00",NASA-SNPP,Medium,110.16932,-2.20765,False,False,False,False,False,False,Di Luar Area Pantauan (>1000m dari Desa)
Matan Hilir Selatan,Pagar Mentimun,"Minggu, 20 September 2026 01:11:00",NASA-SNPP,Medium,110.1657,-2.20708,False,False,False,False,False,False,Di Luar Area Pantauan (>1000m dari Desa)
Matan Hilir Selatan,Pagar Mentimun,"Minggu, 20 September 2026 01:11:00",NASA-SNPP,Medium,110.25493,-2.20382,False,False,True,True,True,True,Di Luar Area Pantauan (>1000m dari Desa)
Matan Hilir Selatan,Pagar Mentimun,"Minggu, 20 September 2026 01:11:00",NASA-SNPP,Medium,110.25852,-2.20439,False,False,True,True,True,True,Di Luar Area Pantauan (>1000m dari Desa)
Matan Hilir Selatan,Sungai Nanjung,"Minggu, 20 September 2026 01:11:00",NASA-SNPP,Medium,110.16731,-2.19689,False,False,False,False,False,False,Di Luar Area Pantauan (>1000m dari Desa)
Matan Hilir Selatan,Pesaguan Kanan,"Minggu, 20 September 2026 01:11:00",NASA-SNPP,Medium,110.35291,-2.02776,False,False,True,True,False,True,Di Luar Area Pantauan (>1000m dari Desa)
Matan Hilir Selatan,Pesaguan Kanan,"Minggu, 20 September 2026 01:11:00",NASA-SNPP,Medium,110.36151,-2.043,False,False,True,True,False,True,Di Luar Area Pantauan (>1000m dari Desa)
Jelai Hulu,Pangkalan Paket,"Minggu, 20 September 2026 01:11:00",NASA-SNPP,Medium,110.66868,-2.01159,False,False,True,False,True,True,Di Luar Area Pantauan (>1000m dari Desa)
Matan Hilir Selatan,Sungai Besar,"Minggu, 20 September 2026 01:11:00",NASA-SNPP,Medium,110.21963,-1.86277,False,False,True,True,False,True,Di Luar Area Pantauan (>1000m dari Desa)
Kendawangan,Airhitam Hulu,"Minggu, 20 September 2026 01:11:00",NASA-SNPP,Medium,110.51711,-2.62669,False,False,False,False,True,True,Di Luar Area Pantauan (>1000m dari Desa)
Kendawangan,Bangkal Serai,"Minggu, 20 September 2026 01:11:00",NASA-SNPP,Medium,110.47119,-2.57637,False,False,False,False,True,True,Di Luar Area Pantauan (>1000m dari Desa)
Kendawangan,Danau Buntar,"Sabtu, 19 September 2026 20:53:00",NASA-MODIS,Medium,110.95723,-2.79102,False,False,True,False,False,True,Di Luar Area Pantauan (>1000m dari Desa)
Muara Pawan,Ulak Medang,"Minggu, 20 September 2026 03:32:00",NASA-MODIS,Medium,110.28446,-1.53527,False,False,True,True,False,True,Di Luar Area Pantauan (>1000m dari Desa)
Nanga Tayap,Siantau Raya,"Minggu, 20 September 2026 01:28:00",NASA-NOAA20,Medium,110.46273,-1.60264,False,False,False,False,False,False,Di Luar Area Pantauan (>1000m dari Desa)
Nanga Tayap,Sungai Kelik,"Minggu, 20 September 2026 01:28:00",NASA-NOAA20,Medium,110.41959,-1.59591,False,False,False,False,False,False,Di Luar Area Pantauan (>1000m dari Desa)
Nanga Tayap,Lembah Hijau Dua,"Minggu, 20 September 2026 01:28:00",NASA-NOAA20,Medium,110.44953,-1.59224,False,False,False,False,False,False,Di Luar Area Pantauan (>1000m dari Desa)
Pinoh Selatan,Pelinggang,"Minggu, 20 September 2026 01:28:00",NASA-NOAA20,Medium,111.80454,-0.41099,False,False,False,False,False,False,Di Luar Area Pantauan (>1000m dari Desa)
Sekadau Hilir,Sungai Kunyit,"Minggu, 20 September 2026 01:28:00",NASA-NOAA20,Medium,110.81942,0.07796,False,False,False,False,False,False,Di Luar Area Pantauan (>1000m dari Desa)
Ella Hilir,Nanga Nyuruh,"Minggu, 20 September 2026 01:28:00",NASA-NOAA20,Medium,112.10052,-0.54295,False,False,False,False,True,True,Di Luar Area Pantauan (>1000m dari Desa)
Sungai Raya,Pulaulimbung,"Minggu, 20 September 2026 01:28:00",NASA-NOAA20,Medium,109.83058,-0.18752,False,False,True,True,True,True,Di Luar Area Pantauan (>1000m dari Desa)
Ella Hilir,Nanga Nyuruh,"Minggu, 20 September 2026 01:28:00",NASA-NOAA20,Medium,112.03407,-0.52801,False,False,False,False,True,True,Di Luar Area Pantauan (>1000m dari Desa)
Sungai Raya,Muara Baru,"Minggu, 20 September 2026 01:28:00",NASA-NOAA20,Medium,109.82112,-0.18603,False,False,True,True,True,True,Di Luar Area Pantauan (>1000m dari Desa)
Belimbing,Nusa Kenyikap,"Minggu, 20 September 2026 01:28:00",NASA-NOAA20,Medium,111.61353,-0.46245,False,False,False,False,False,False,Di Luar Area Pantauan (>1000m dari Desa)
Sungai Raya,Muara Baru,"Minggu, 20 September 2026 01:28:00",NASA-NOAA20,Medium,109.82172,-0.1822,False,False,True,True,True,True,Di Luar Area Pantauan (>1000m dari Desa)
Ella Hilir,Nanga Nyuruh,"Minggu, 20 September 2026 01:28:00",NASA-NOAA20,Medium,112.03852,-0.52871,False,False,False,False,True,True,Di Luar Area Pantauan (>1000m dari Desa)
Simpang Dua,Kampar Sebomban,"Minggu, 20 September 2026 01:28:00",NASA-NOAA20,Medium,110.26908,-0.80607,False,False,False,False,False,False,Di Luar Area Pantauan (>1000m dari Desa)
Sungai Laur,Sepotong,"Minggu, 20 September 2026 01:28:00",NASA-NOAA20,Medium,110.5017,-0.84248,False,False,False,False,False,False,Di Luar Area Pantauan (>1000m dari Desa)
Sungai Laur,Sepotong,"Minggu, 20 September 2026 01:28:00",NASA-NOAA20,Medium,110.50523,-0.84303,False,False,False,False,False,False,Di Luar Area Pantauan (>1000m dari Desa)
Simpang Dua,Kampar Sebomban,"Minggu, 20 September 2026 01:28:00",NASA-NOAA20,Medium,110.13845,-0.83815,False,False,True,True,False,True,Di Luar Area Pantauan (>1000m dari Desa)
Simpang Dua,Gema,"Minggu, 20 September 2026 01:28:00",NASA-NOAA20,Medium,110.37215,-0.87555,False,False,True,False,True,True,Di Luar Area Pantauan (>1000m dari Desa)
Simpang Dua,Kampar Sebomban,"Minggu, 20 September 2026 01:28:00",NASA-NOAA20,Medium,110.14608,-0.85556,False,False,False,True,False,True,Di Luar Area Pantauan (>1000m dari Desa)
Simpang Dua,Kampar Sebomban,"Minggu, 20 September 2026 01:28:00",NASA-NOAA20,Medium,110.13707,-0.83725,False,False,True,True,False,True,Di Luar Area Pantauan (>1000m dari Desa)
Simpang Dua,Kampar Sebomban,"Minggu, 20 September 2026 01:28:00",NASA-NOAA20,Medium,110.13644,-0.8412,False,False,True,True,False,True,Di Luar Area Pantauan (>1000m dari Desa)
Simpang Hilir,Batu Barat,"Minggu, 20 September 2026 01:28:00",NASA-NOAA20,Medium,110.13019,-0.84832,False,False,True,True,False,True,Di Luar Area Pantauan (>1000m dari Desa)
Simpang Hilir,Batu Barat,"Minggu, 20 September 2026 01:28:00",NASA-NOAA20,Medium,110.13461,-0.85304,False,False,True,True,False,True,Di Luar Area Pantauan (>1000m dari Desa)
Simpang Dua,Kampar Sebomban,"Minggu, 20 September 2026 01:28:00",NASA-NOAA20,Medium,110.14975,-0.85537,False,False,False,True,False,True,Di Luar Area Pantauan (>1000m dari Desa)
Simpang Dua,Kampar Sebomban,"Minggu, 20 September 2026 01:28:00",NASA-NOAA20,Medium,110.14914,-0.85932,False,False,True,True,False,True,Di Luar Area Pantauan (>1000m dari Desa)
Simpang Dua,Kampar Sebomban,"Minggu, 20 September 2026 01:28:00",NASA-NOAA20,Medium,110.15421,-0.8601,False,False,True,True,False,True,Di Luar Area Pantauan (>1000m dari Desa)
Simpang Dua,Kampar Sebomban,"Minggu, 20 September 2026 01:28:00",NASA-NOAA20,Medium,110.15359,-0.86405,False,False,True,True,False,True,Di Luar Area Pantauan (>1000m dari Desa)
Simpang Dua,Kampar Sebomban,"Minggu, 20 September 2026 01:28:00",NASA-NOAA20,Medium,110.22412,-0.879,False,False,False,False,False,False,Di Luar Area Pantauan (>1000m dari Desa)
Simpang Hilir,Batu Barat,"Minggu, 20 September 2026 01:28:00",NASA-NOAA20,Medium,110.14853,-0.86327,False,False,True,True,False,True,Di Luar Area Pantauan (>1000m dari Desa)
Simpang Dua,Kampar Sebomban,"Minggu, 20 September 2026 01:28:00",NASA-NOAA20,Medium,110.1917,-0.88617,False,False,True,False,False,True,Di Luar Area Pantauan (>1000m dari Desa)
Simpang Dua,Kampar Sebomban,"Minggu, 20 September 2026 01:28:00",NASA-NOAA20,Medium,110.19047,-0.89409,False,False,False,False,False,False,Di Luar Area Pantauan (>1000m dari Desa)
Simpang Hilir,Batu Barat,"Minggu, 20 September 2026 01:28:00",NASA-NOAA20,Medium,110.09034,-0.90671,False,False,False,True,False,True,Di Luar Area Pantauan (>1000m dari Desa)
Simpang Hilir,Batu Barat,"Minggu, 20 September 2026 01:28:00",NASA-NOAA20,Medium,110.09538,-0.90751,False,False,True,True,False,True,Di Luar Area Pantauan (>1000m dari Desa)
Simpang Hilir,Lubuk Batu,"Minggu, 20 September 2026 01:28:00",NASA-NOAA20,Medium,110.12492,-0.91622,False,False,False,False,False,False,Di Luar Area Pantauan (>1000m dari Desa)
Simpang Hilir,Lubuk Batu,"Minggu, 20 September 2026 01:28:00",NASA-NOAA20,Medium,110.12994,-0.91701,False,False,False,False,False,False,Di Luar Area Pantauan (>1000m dari Desa)
Simpang Hilir,Batu Barat,"Minggu, 20 September 2026 01:28:00",NASA-NOAA20,Medium,110.01937,-0.90354,False,False,True,False,False,True,Di Luar Area Pantauan (>1000m dari Desa)
Simpang Hilir,Lubuk Batu,"Minggu, 20 September 2026 01:28:00",NASA-NOAA20,Medium,110.1243,-0.92016,False,False,False,False,False,False,Di Luar Area Pantauan (>1000m dari Desa)
Simpang Hilir,Lubuk Batu,"Minggu, 20 September 2026 01:28:00",NASA-NOAA20,Medium,110.12871,-0.9249,False,False,False,False,False,False,Di Luar Area Pantauan (>1000m dari Desa)
Simpang Hilir,Lubuk Batu,"Minggu, 20 September 2026 01:28:00",NASA-NOAA20,Medium,110.11241,-0.9304,False,False,False,False,False,False,Di Luar Area Pantauan (>1000m dari Desa)
Simpang Hilir,Lubuk Batu,"Minggu, 20 September 2026 01:28:00",NASA-NOAA20,Medium,110.11742,-0.9312,False,False,False,False,False,False,Di Luar Area Pantauan (>1000m dari Desa)
Simpang Hilir,Lubuk Batu,"Minggu, 20 September 2026 01:28:00",NASA-NOAA20,Medium,110.11804,-0.92726,False,False,False,False,False,False,Di Luar Area Pantauan (>1000m dari Desa)
Simpang Hilir,Lubuk Batu,"Minggu, 20 September 2026 01:28:00",NASA-NOAA20,Medium,110.10677,-0.93355,False,False,False,False,False,False,Di Luar Area Pantauan (>1000m dari Desa)
Simpang Hilir,Lubuk Batu,"Minggu, 20 September 2026 01:28:00",NASA-NOAA20,Medium,110.11179,-0.93435,False,False,False,False,False,False,Di Luar Area Pantauan (>1000m dari Desa)
Sandai,Pendamaran Indah,"Minggu, 20 September 2026 01:28:00",NASA-NOAA20,Medium,110.62915,-1.01682,False,False,False,False,False,False,Di Luar Area Pantauan (>1000m dari Desa)
Simpang Hilir,Lubuk Batu,"Minggu, 20 September 2026 01:28:00",NASA-NOAA20,Medium,110.10616,-0.93749,False,False,False,False,False,False,Di Luar Area Pantauan (>1000m dari Desa)
Simpang Hilir,Lubuk Batu,"Minggu, 20 September 2026 01:28:00",NASA-NOAA20,Medium,110.09754,-0.94743,False,False,False,False,False,False,Di Luar Area Pantauan (>1000m dari Desa)
Simpang Hilir,Batu Barat,"Minggu, 20 September 2026 01:28:00",NASA-NOAA20,Medium,110.03059,-0.92944,False,False,True,True,False,True,Di Luar Area Pantauan (>1000m dari Desa)
Simpang Hilir,Batu Barat,"Minggu, 20 September 2026 01:28:00",NASA-NOAA20,Medium,110.01333,-0.94275,False,False,True,True,False,True,Di Luar Area Pantauan (>1000m dari Desa)
Simpang Hilir,Lubuk Batu,"Minggu, 20 September 2026 01:28:00",NASA-NOAA20,Medium,110.1076,-0.94897,False,False,False,False,False,False,Di Luar Area Pantauan (>1000m dari Desa)
Simpang Hilir,Batu Barat,"Minggu, 20 September 2026 01:28:00",NASA-NOAA20,Medium,110.02998,-0.93337,False,False,True,True,False,True,Di Luar Area Pantauan (>1000m dari Desa)
Simpang Hilir,Batu Barat,"Minggu, 20 September 2026 01:28:00",NASA-NOAA20,Medium,110.02502,-0.93257,False,False,True,True,False,True,Di Luar Area Pantauan (>1000m dari Desa)
Simpang Hilir,Lubuk Batu,"Minggu, 20 September 2026 01:28:00",NASA-NOAA20,Medium,110.10434,-0.94932,False,False,False,False,False,False,Di Luar Area Pantauan (>1000m dari Desa)
Simpang Hilir,Lubuk Batu,"Minggu, 20 September 2026 01:28:00",NASA-NOAA20,Medium,110.09932,-0.94852,False,False,False,False,False,False,Di Luar Area Pantauan (>1000m dari Desa)
Simpang Hilir,Lubuk Batu,"Minggu, 20 September 2026 01:28:00",NASA-NOAA20,Medium,110.11377,-0.95488,False,False,False,False,False,False,Di Luar Area Pantauan (>1000m dari Desa)
Simpang Hilir,Batu Barat,"Minggu, 20 September 2026 01:28:00",NASA-NOAA20,Medium,110.00403,-0.93724,False,False,True,False,False,True,Di Luar Area Pantauan (>1000m dari Desa)
Simpang Hilir,Batu Barat,"Minggu, 20 September 2026 01:28:00",NASA-NOAA20,Medium,110.00897,-0.93803,False,False,True,True,False,True,Di Luar Area Pantauan (>1000m dari Desa)
Simpang Hilir,Batu Barat,"Minggu, 20 September 2026 01:28:00",NASA-NOAA20,Medium,110.01827,-0.94355,False,False,True,True,False,True,Di Luar Area Pantauan (>1000m dari Desa)
Simpang Hilir,Batu Barat,"Minggu, 20 September 2026 01:28:00",NASA-NOAA20,Medium,110.00838,-0.94196,False,False,True,False,False,True,Di Luar Area Pantauan (>1000m dari Desa)
Simpang Hilir,Lubuk Batu,"Minggu, 20 September 2026 01:28:00",NASA-NOAA20,Medium,110.09872,-0.95246,False,False,False,False,False,False,Di Luar Area Pantauan (>1000m dari Desa)
Simpang Hilir,Lubuk Batu,"Minggu, 20 September 2026 01:28:00",NASA-NOAA20,Medium,110.10875,-0.95407,False,False,False,False,False,False,Di Luar Area Pantauan (>1000m dari Desa)
Ella Hilir,Nanga Nyuruh,"Minggu, 20 September 2026 01:28:00",NASA-NOAA20,Medium,112.04043,-0.54272,False,False,False,False,True,True,Di Luar Area Pantauan (>1000m dari Desa)
Kubu,Mengkalang,"Minggu, 20 September 2026 01:28:00",NASA-NOAA20,Medium,109.19495,-0.47759,True,True,False,False,False,False,Prioritas 2 (Sedang)
Kubu,Mengkalang,"Minggu, 20 September 2026 01:28:00",NASA-NOAA20,Medium,109.19667,-0.47624,True,True,False,False,False,False,Prioritas 2 (Sedang)
Hulu Sungai,Sunge Bengaras,"Minggu, 20 September 2026 01:28:00",NASA-NOAA20,Medium,110.82142,-0.80548,False,False,True,False,False,True,Di Luar Area Pantauan (>1000m dari Desa)
Simpang Hilir,Batu Barat,"Minggu, 20 September 2026 01:28:00",NASA-NOAA20,Medium,110.1322,-0.84524,False,False,True,True,False,True,Di Luar Area Pantauan (>1000m dari Desa)
Simpang Hilir,Batu Barat,"Minggu, 20 September 2026 01:28:00",NASA-NOAA20,Medium,110.1316,-0.84918,False,False,True,True,False,True,Di Luar Area Pantauan (>1000m dari Desa)
Simpang Dua,Kampar Sebomban,"Minggu, 20 September 2026 01:28:00",NASA-NOAA20,Medium,110.20267,-0.91631,False,False,False,False,False,False,Di Luar Area Pantauan (>1000m dari Desa)
Simpang Hilir,Lubuk Batu,"Minggu, 20 September 2026 01:28:00",NASA-NOAA20,Medium,110.13058,-0.91306,False,False,False,False,False,False,Di Luar Area Pantauan (>1000m dari Desa)
Simpang Dua,Kampar Sebomban,"Minggu, 20 September 2026 01:28:00",NASA-NOAA20,Medium,110.19108,-0.89013,False,False,False,False,False,False,Di Luar Area Pantauan (>1000m dari Desa)
Simpang Hilir,Lubuk Batu,"Minggu, 20 September 2026 01:28:00",NASA-NOAA20,Medium,110.10494,-0.94538,False,False,False,False,False,False,Di Luar Area Pantauan (>1000m dari Desa)
Simpang Hilir,Batu Barat,"Minggu, 20 September 2026 01:28:00",NASA-NOAA20,Medium,110.08974,-0.91065,False,False,True,True,False,True,Di Luar Area Pantauan (>1000m dari Desa)
Simpang Hilir,Lubuk Batu,"Minggu, 20 September 2026 01:28:00",NASA-NOAA20,Medium,110.12933,-0.92096,False,False,False,False,False,False,Di Luar Area Pantauan (>1000m dari Desa)
Simpang Hilir,Lubuk Batu,"Minggu, 20 September 2026 01:28:00",NASA-NOAA20,Medium,110.11437,-0.95093,False,False,False,False,False,False,Di Luar Area Pantauan (>1000m dari Desa)
Simpang Hilir,Batu Barat,"Minggu, 20 September 2026 01:28:00",NASA-NOAA20,Medium,110.02382,-0.94042,False,False,True,True,False,True,Di Luar Area Pantauan (>1000m dari Desa)
Simpang Hilir,Batu Barat,"Minggu, 20 September 2026 01:28:00",NASA-NOAA20,Medium,110.04992,-0.93656,False,False,True,False,False,True,Di Luar Area Pantauan (>1000m dari Desa)
Simpang Hilir,Lubuk Batu,"Minggu, 20 September 2026 01:28:00",NASA-NOAA20,Medium,110.10935,-0.95013,False,False,False,False,False,False,Di Luar Area Pantauan (>1000m dari Desa)
Hulu Sungai,Sunge Bengaras,"Minggu, 20 September 2026 01:28:00",NASA-NOAA20,Medium,110.81062,-0.70382,False,False,True,False,False,True,Di Luar Area Pantauan (>1000m dari Desa)
Simpang Hilir,Batu Barat,"Minggu, 20 September 2026 01:28:00",NASA-NOAA20,Medium,110.00702,-0.93757,False,False,True,False,False,True,Di Luar Area Pantauan (>1000m dari Desa)
Simpang Hilir,Batu Barat,"Minggu, 20 September 2026 01:28:00",NASA-NOAA20,Medium,110.0219,-0.93986,False,False,True,True,False,True,Di Luar Area Pantauan (>1000m dari Desa)
Simpang Hilir,Batu Barat,"Minggu, 20 September 2026 01:28:00",NASA-NOAA20,Medium,110.02687,-0.94062,False,False,True,True,False,True,Di Luar Area Pantauan (>1000m dari Desa)
Simpang Hilir,Lubuk Batu,"Minggu, 20 September 2026 01:28:00",NASA-NOAA20,Medium,110.10197,-0.95214,False,False,False,False,False,False,Di Luar Area Pantauan (>1000m dari Desa)
Simpang Hilir,Lubuk Batu,"Minggu, 20 September 2026 01:28:00",NASA-NOAA20,Medium,110.09695,-0.95137,False,False,False,False,False,False,Di Luar Area Pantauan (>1000m dari Desa)
Simpang Hilir,Batu Barat,"Minggu, 20 September 2026 01:28:00",NASA-NOAA20,Medium,110.0207,-0.94771,False,False,True,True,False,True,Di Luar Area Pantauan (>1000m dari Desa)
Simpang Hilir,Batu Barat,"Minggu, 20 September 2026 01:28:00",NASA-NOAA20,Medium,110.02943,-0.95709,False,False,True,True,False,True,Di Luar Area Pantauan (>1000m dari Desa)
Simpang Hilir,Batu Barat,"Minggu, 20 September 2026 01:28:00",NASA-NOAA20,Medium,110.02883,-0.96102,False,False,True,True,False,True,Di Luar Area Pantauan (>1000m dari Desa)
Simpang Hilir,Sungaimata-Mata,"Minggu, 20 September 2026 01:28:00",NASA-NOAA20,Medium,109.9786,-0.95725,False,False,True,True,False,True,Di Luar Area Pantauan (>1000m dari Desa)
Simpang Hilir,Sungaimata-Mata,"Minggu, 20 September 2026 01:28:00",NASA-NOAA20,Medium,109.98354,-0.95802,False,False,True,True,False,True,Di Luar Area Pantauan (>1000m dari Desa)
Simpang Hilir,Sungaimata-Mata,"Minggu, 20 September 2026 01:28:00",NASA-NOAA20,Medium,109.94778,-0.96047,False,False,True,True,False,True,Di Luar Area Pantauan (>1000m dari Desa)
Simpang Hilir,Sungaimata-Mata,"Minggu, 20 September 2026 01:28:00",NASA-NOAA20,Medium,109.98729,-0.96662,False,False,True,True,False,True,Di Luar Area Pantauan (>1000m dari Desa)
Simpang Hilir,Matan Jaya,"Minggu, 20 September 2026 01:28:00",NASA-NOAA20,Medium,110.11741,-1.10338,False,False,True,True,True,True,Di Luar Area Pantauan (>1000m dari Desa)
Simpang Hilir,Nipah Kuning,"Minggu, 20 September 2026 01:28:00",NASA-NOAA20,Medium,109.94376,-1.06829,False,False,True,True,False,True,Di Luar Area Pantauan (>1000m dari Desa)
Simpang Hilir,Matan Jaya,"Minggu, 20 September 2026 01:28:00",NASA-NOAA20,Medium,110.11298,-1.09864,False,False,True,True,True,True,Di Luar Area Pantauan (>1000m dari Desa)
Simpang Hilir,Matan Jaya,"Minggu, 20 September 2026 01:28:00",NASA-NOAA20,Medium,110.13647,-1.11447,False,False,True,True,True,True,Di Luar Area Pantauan (>1000m dari Desa)
Simpang Hilir,Penjalaan,"Minggu, 20 September 2026 01:28:00",NASA-NOAA20,Medium,110.06468,-1.11132,False,False,False,False,False,False,Di Luar Area Pantauan (>1000m dari Desa)
Simpang Hilir,Matan Jaya,"Minggu, 20 September 2026 01:28:00",NASA-NOAA20,Medium,110.27572,-1.14854,False,False,True,False,True,True,Di Luar Area Pantauan (>1000m dari Desa)
Simpang Hilir,Penjalaan,"Minggu, 20 September 2026 01:28:00",NASA-NOAA20,Medium,110.06907,-1.11605,False,False,True,False,False,True,Di Luar Area Pantauan (>1000m dari Desa)
Simpang Hilir,Rantau Panjang,"Minggu, 20 September 2026 01:28:00",NASA-NOAA20,Medium,110.06782,-1.12393,False,False,True,False,True,True,Di Luar Area Pantauan (>1000m dari Desa)
Simpang Hilir,Rantau Panjang,"Minggu, 20 September 2026 01:28:00",NASA-NOAA20,Medium,110.06719,-1.12788,False,False,True,True,True,True,Di Luar Area Pantauan (>1000m dari Desa)
Simpang Hilir,Penjalaan,"Minggu, 20 September 2026 01:28:00",NASA-NOAA20,Medium,110.06216,-1.12708,False,False,True,True,False,True,Di Luar Area Pantauan (>1000m dari Desa)
Simpang Hilir,Rantau Panjang,"Minggu, 20 September 2026 01:28:00",NASA-NOAA20,Medium,110.06657,-1.13182,False,False,True,True,True,True,Di Luar Area Pantauan (>1000m dari Desa)
Sandai,Sandai,"Minggu, 20 September 2026 01:28:00",NASA-NOAA20,Medium,110.53803,-1.2478,False,False,False,False,False,False,Di Luar Area Pantauan (>1000m dari Desa)
Sandai,Sandai,"Minggu, 20 September 2026 01:28:00",NASA-NOAA20,Medium,110.53455,-1.24727,False,False,False,False,False,False,Di Luar Area Pantauan (>1000m dari Desa)
Sukadana,Sedahan Jaya,"Minggu, 20 September 2026 01:28:00",NASA-NOAA20,Medium,110.05247,-1.17722,False,False,True,True,True,True,Di Luar Area Pantauan (>1000m dari Desa)
Sukadana,Sedahan Jaya,"Minggu, 20 September 2026 01:28:00",NASA-NOAA20,Medium,110.0575,-1.17799,False,False,True,True,True,True,Di Luar Area Pantauan (>1000m dari Desa)
Pulau Maya,Dusun Besar,"Minggu, 20 September 2026 01:28:00",NASA-NOAA20,Medium,109.49058,-1.12942,False,False,False,True,False,True,Di Luar Area Pantauan (>1000m dari Desa)
Sandai,Sandai,"Minggu, 20 September 2026 01:28:00",NASA-NOAA20,Medium,110.51741,-1.26547,False,False,False,False,False,False,Di Luar Area Pantauan (>1000m dari Desa)
Simpang Hilir,Matan Jaya,"Minggu, 20 September 2026 01:28:00",NASA-NOAA20,Medium,110.35055,-1.23962,False,False,True,False,True,True,Di Luar Area Pantauan (>1000m dari Desa)
Sandai,Sandai,"Minggu, 20 September 2026 01:28:00",NASA-NOAA20,Medium,110.51677,-1.26954,False,False,False,False,False,False,Di Luar Area Pantauan (>1000m dari Desa)
Hulu Sungai,Batu Lapis,"Minggu, 20 September 2026 01:28:00",NASA-NOAA20,Medium,110.7777,-1.34396,False,False,False,False,False,False,Di Luar Area Pantauan (>1000m dari Desa)
Sandai,Penjawaan,"Minggu, 20 September 2026 01:28:00",NASA-NOAA20,Medium,110.45751,-1.29773,False,False,False,False,False,False,Di Luar Area Pantauan (>1000m dari Desa)
Pulau Maya,Dusun Besar,"Minggu, 20 September 2026 01:28:00",NASA-NOAA20,Medium,109.50334,-1.13923,False,False,False,True,True,True,Di Luar Area Pantauan (>1000m dari Desa)
Nanga Tayap,Pangkalan Teluk,"Minggu, 20 September 2026 01:28:00",NASA-NOAA20,Medium,110.37254,-1.32659,False,False,False,False,True,True,Di Luar Area Pantauan (>1000m dari Desa)
Nanga Tayap,Mensubang,"Minggu, 20 September 2026 01:28:00",NASA-NOAA20,Medium,110.39182,-1.32955,False,False,True,False,True,True,Di Luar Area Pantauan (>1000m dari Desa)
Pulau Maya,Dusun Besar,"Minggu, 20 September 2026 01:28:00",NASA-NOAA20,Medium,109.43436,-1.22912,False,False,False,False,False,False,Di Luar Area Pantauan (>1000m dari Desa)
Pulau Maya,Dusun Besar,"Minggu, 20 September 2026 01:28:00",NASA-NOAA20,Medium,109.43901,-1.22985,False,False,False,False,False,False,Di Luar Area Pantauan (>1000m dari Desa)
Nanga Tayap,Sepakat Jaya,"Minggu, 20 September 2026 01:28:00",NASA-NOAA20,Medium,110.66753,-1.42233,False,False,False,False,False,False,Di Luar Area Pantauan (>1000m dari Desa)
Ella Hilir,Nanga Nyuruh,"Minggu, 20 September 2026 01:28:00",NASA-NOAA20,Medium,112.03571,-0.51913,False,False,False,False,True,True,Di Luar Area Pantauan (>1000m dari Desa)
Belimbing Hulu,Piawas,"Minggu, 20 September 2026 01:28:00",NASA-NOAA20,Medium,111.50939,-0.4374,False,False,False,False,True,True,Di Luar Area Pantauan (>1000m dari Desa)
Sungai Raya,Pulaulimbung,"Minggu, 20 September 2026 01:28:00",NASA-NOAA20,Medium,109.83532,-0.18826,False,False,True,True,True,True,Di Luar Area Pantauan (>1000m dari Desa)
Sungai Raya,Pulaulimbung,"Minggu, 20 September 2026 01:28:00",NASA-NOAA20,Medium,109.82999,-0.19136,False,False,False,True,False,True,Di Luar Area Pantauan (>1000m dari Desa)
Ella Hilir,Nanga Nyuruh,"Minggu, 20 September 2026 01:28:00",NASA-NOAA20,Medium,112.04424,-0.52502,False,False,False,False,True,True,Di Luar Area Pantauan (>1000m dari Desa)
Ella Hilir,Nanga Nyuruh,"Minggu, 20 September 2026 01:28:00",NASA-NOAA20,Medium,112.03487,-0.52357,False,False,False,False,True,True,Di Luar Area Pantauan (>1000m dari Desa)
Belimbing,Nusa Kenyikap,"Minggu, 20 September 2026 01:28:00",NASA-NOAA20,Medium,111.63459,-0.4613,False,False,True,False,False,True,Di Luar Area Pantauan (>1000m dari Desa)
Belimbing,Nusa Kenyikap,"Minggu, 20 September 2026 01:28:00",NASA-NOAA20,Medium,111.62646,-0.46003,False,False,False,False,False,False,Di Luar Area Pantauan (>1000m dari Desa)
Simpang Dua,Kampar Sebomban,"Minggu, 20 September 2026 01:28:00",NASA-NOAA20,Medium,110.20206,-0.92028,False,False,True,False,False,True,Di Luar Area Pantauan (>1000m dari Desa)
Sandai,Petai Patah,"Minggu, 20 September 2026 01:28:00",NASA-NOAA20,Medium,110.58508,-1.18459,False,False,False,False,False,False,Di Luar Area Pantauan (>1000m dari Desa)
Simpang Hilir,Matan Jaya,"Minggu, 20 September 2026 01:28:00",NASA-NOAA20,Medium,110.15174,-1.11686,False,False,True,False,True,True,Di Luar Area Pantauan (>1000m dari Desa)
Pulau Maya,Dusun Besar,"Minggu, 20 September 2026 01:28:00",NASA-NOAA20,Medium,109.48593,-1.12869,False,False,False,True,False,True,Di Luar Area Pantauan (>1000m dari Desa)
Simpang Hilir,Matan Jaya,"Minggu, 20 September 2026 01:28:00",NASA-NOAA20,Medium,110.12817,-1.10101,False,False,True,True,True,True,Di Luar Area Pantauan (>1000m dari Desa)
Simpang Hilir,Matan Jaya,"Minggu, 20 September 2026 01:28:00",NASA-NOAA20,Medium,110.12755,-1.10496,False,False,True,True,True,True,Di Luar Area Pantauan (>1000m dari Desa)
Pulau Maya,Dusun Kecil,"Minggu, 20 September 2026 01:28:00",NASA-NOAA20,Medium,109.52719,-1.062,False,False,True,True,False,True,Di Luar Area Pantauan (>1000m dari Desa)
Matan Hilir Utara,Lamon Satong,"Minggu, 20 September 2026 01:28:00",NASA-NOAA20,Medium,110.25117,-1.32439,False,False,False,False,True,True,Di Luar Area Pantauan (>1000m dari Desa)
Ella Hilir,Nanga Nyuruh,"Minggu, 20 September 2026 01:28:00",NASA-NOAA20,Medium,112.03917,-0.52424,False,False,False,False,True,True,Di Luar Area Pantauan (>1000m dari Desa)
Sungai Raya,Pulaulimbung,"Minggu, 20 September 2026 01:28:00",NASA-NOAA20,Medium,109.83472,-0.1921,False,False,False,True,False,True,Di Luar Area Pantauan (>1000m dari Desa)
Ella Hilir,Nanga Nyuruh,"Minggu, 20 September 2026 01:28:00",NASA-NOAA20,Medium,112.049,-0.52576,False,False,False,False,True,True,Di Luar Area Pantauan (>1000m dari Desa)
Nanga Tayap,Pangkalan Teluk,"Minggu, 20 September 2026 01:28:00",NASA-NOAA20,Medium,110.33595,-1.37459,False,False,True,False,True,True,Di Luar Area Pantauan (>1000m dari Desa)
Pulau Maya,Dusun Besar,"Minggu, 20 September 2026 01:28:00",NASA-NOAA20,Medium,109.43377,-1.23292,False,False,True,False,False,True,Di Luar Area Pantauan (>1000m dari Desa)
Nanga Tayap,Simpang Tiga Sembelangaan,"Minggu, 20 September 2026 01:28:00",NASA-NOAA20,Medium,110.33496,-1.37856,False,False,True,False,True,True,Di Luar Area Pantauan (>1000m dari Desa)
Sungai Raya,Muara Baru,"Minggu, 20 September 2026 01:28:00",NASA-NOAA20,Medium,109.82585,-0.18678,False,False,True,True,True,True,Di Luar Area Pantauan (>1000m dari Desa)
Simpang Hilir,Lubuk Batu,"Minggu, 20 September 2026 01:28:00",NASA-NOAA20,Medium,110.12306,-0.92805,False,False,False,False,False,False,Di Luar Area Pantauan (>1000m dari Desa)
Simpang Hilir,Batu Barat,"Minggu, 20 September 2026 01:28:00",NASA-NOAA20,Medium,110.02566,-0.94847,False,False,True,True,False,True,Di Luar Area Pantauan (>1000m dari Desa)
Nanga Tayap,Siantau Raya,"Minggu, 20 September 2026 01:28:00",NASA-NOAA20,Medium,110.45552,-1.60151,False,False,True,False,False,True,Di Luar Area Pantauan (>1000m dari Desa)
Menukung,Belaban Ella,"Minggu, 20 September 2026 01:28:00",NASA-NOAA20,Medium,112.20278,-0.52936,False,False,False,False,False,False,Di Luar Area Pantauan (>1000m dari Desa)
Ella Hilir,Nanga Nyuruh,"Minggu, 20 September 2026 01:28:00",NASA-NOAA20,Medium,112.04002,-0.5198,False,False,False,False,True,True,Di Luar Area Pantauan (>1000m dari Desa)
Menukung,Belaban Ella,"Minggu, 20 September 2026 01:28:00",NASA-NOAA20,Medium,112.20393,-0.53134,False,False,False,False,False,False,Di Luar Area Pantauan (>1000m dari Desa)
Ella Hilir,Nanga Nyuruh,"Minggu, 20 September 2026 01:28:00",NASA-NOAA20,Medium,112.04487,-0.52055,False,False,False,False,True,True,Di Luar Area Pantauan (>1000m dari Desa)
Ella Hilir,Nanga Nyuruh,"Minggu, 20 September 2026 01:28:00",NASA-NOAA20,Medium,112.04957,-0.52128,False,False,False,False,True,True,Di Luar Area Pantauan (>1000m dari Desa)
Ella Hilir,Nanga Nyuruh,"Minggu, 20 September 2026 01:28:00",NASA-NOAA20,Medium,112.04669,-0.53912,False,False,False,False,True,True,Di Luar Area Pantauan (>1000m dari Desa)
Nanga Tayap,Pangkalan Teluk,"Minggu, 20 September 2026 01:28:00",NASA-NOAA20,Medium,110.44858,-1.42552,False,False,False,False,False,False,Di Luar Area Pantauan (>1000m dari Desa)
Nanga Tayap,Tanjung Medan,"Minggu, 20 September 2026 01:28:00",NASA-NOAA20,Medium,110.44796,-1.42959,False,False,False,False,False,False,Di Luar Area Pantauan (>1000m dari Desa)
Matan Hilir Utara,Lamon Satong,"Minggu, 20 September 2026 01:28:00",NASA-NOAA20,Medium,110.21626,-1.39847,False,False,False,False,False,False,Di Luar Area Pantauan (>1000m dari Desa)
Matan Hilir Utara,Lamon Satong,"Minggu, 20 September 2026 01:28:00",NASA-NOAA20,Medium,110.20872,-1.40141,False,False,False,True,False,True,Di Luar Area Pantauan (>1000m dari Desa)
Matan Hilir Utara,Lamon Satong,"Minggu, 20 September 2026 01:28:00",NASA-NOAA20,Medium,110.21217,-1.40194,False,False,False,True,False,True,Di Luar Area Pantauan (>1000m dari Desa)
Nanga Tayap,Simpang Tiga Sembelangaan,"Minggu, 20 September 2026 01:28:00",NASA-NOAA20,Medium,110.33646,-1.4209,False,False,True,False,True,True,Di Luar Area Pantauan (>1000m dari Desa)
Matan Hilir Utara,Lamon Satong,"Minggu, 20 September 2026 01:28:00",NASA-NOAA20,Medium,110.16691,-1.39911,False,False,False,False,False,False,Di Luar Area Pantauan (>1000m dari Desa)
Nanga Tayap,Simpang Tiga Sembelangaan,"Minggu, 20 September 2026 01:28:00",NASA-NOAA20,Medium,110.3243,-1.43554,False,False,True,False,True,True,Di Luar Area Pantauan (>1000m dari Desa)
Matan Hilir Utara,Kuala Satong,"Minggu, 20 September 2026 01:28:00",NASA-NOAA20,Medium,110.12069,-1.42053,False,False,False,False,False,False,Di Luar Area Pantauan (>1000m dari Desa)
Nanga Tayap,Sepakat Jaya,"Minggu, 20 September 2026 01:28:00",NASA-NOAA20,Medium,110.46309,-1.4735,False,False,True,False,True,True,Di Luar Area Pantauan (>1000m dari Desa)
Matan Hilir Utara,Kuala Satong,"Minggu, 20 September 2026 01:28:00",NASA-NOAA20,Medium,110.12839,-1.42172,False,False,False,True,False,True,Di Luar Area Pantauan (>1000m dari Desa)
Matan Hilir Utara,Kuala Tolak,"Minggu, 20 September 2026 01:28:00",NASA-NOAA20,Medium,110.13862,-1.42331,False,False,False,True,False,True,Di Luar Area Pantauan (>1000m dari Desa)
Nanga Tayap,Betenung,"Minggu, 20 September 2026 01:28:00",NASA-NOAA20,Medium,110.83569,-1.56095,False,False,True,False,False,True,Di Luar Area Pantauan (>1000m dari Desa)
Nanga Tayap,Betenung,"Minggu, 20 September 2026 01:28:00",NASA-NOAA20,Medium,110.83506,-1.56513,False,False,True,False,False,True,Di Luar Area Pantauan (>1000m dari Desa)
Nanga Tayap,Betenung,"Minggu, 20 September 2026 01:28:00",NASA-NOAA20,Medium,110.83954,-1.56156,False,False,True,False,False,True,Di Luar Area Pantauan (>1000m dari Desa)
Matan Hilir Utara,Kuala Tolak,"Minggu, 20 September 2026 01:28:00",NASA-NOAA20,Medium,110.14893,-1.46979,False,False,True,True,False,True,Di Luar Area Pantauan (>1000m dari Desa)
Matan Hilir Utara,Kuala Tolak,"Minggu, 20 September 2026 01:28:00",NASA-NOAA20,Medium,110.14954,-1.46581,False,False,True,True,False,True,Di Luar Area Pantauan (>1000m dari Desa)
Matan Hilir Utara,Kuala Tolak,"Minggu, 20 September 2026 01:28:00",NASA-NOAA20,Medium,110.18331,-1.47522,False,False,False,True,False,True,Di Luar Area Pantauan (>1000m dari Desa)
Matan Hilir Utara,Kuala Tolak,"Minggu, 20 September 2026 01:28:00",NASA-NOAA20,Medium,110.15173,-1.47432,False,False,True,True,False,True,Di Luar Area Pantauan (>1000m dari Desa)
Matan Hilir Utara,Kuala Tolak,"Minggu, 20 September 2026 01:28:00",NASA-NOAA20,Medium,110.15515,-1.47486,False,False,True,True,False,True,Di Luar Area Pantauan (>1000m dari Desa)
Matan Hilir Utara,Kuala Tolak,"Minggu, 20 September 2026 01:28:00",NASA-NOAA20,Medium,110.15797,-1.47939,False,False,True,True,False,True,Di Luar Area Pantauan (>1000m dari Desa)
Muara Pawan,Ulak Medang,"Minggu, 20 September 2026 01:28:00",NASA-NOAA20,Medium,110.22449,-1.50634,False,False,True,True,False,True,Di Luar Area Pantauan (>1000m dari Desa)
Muara Pawan,Ulak Medang,"Minggu, 20 September 2026 01:28:00",NASA-NOAA20,Medium,110.22386,-1.51035,False,False,True,True,False,True,Di Luar Area Pantauan (>1000m dari Desa)
Muara Pawan,Ulak Medang,"Minggu, 20 September 2026 01:28:00",NASA-NOAA20,Medium,110.22733,-1.5109,False,False,True,True,False,True,Di Luar Area Pantauan (>1000m dari Desa)
Muara Pawan,Ulak Medang,"Minggu, 20 September 2026 01:28:00",NASA-NOAA20,Medium,110.28645,-1.52034,False,False,True,True,False,True,Di Luar Area Pantauan (>1000m dari Desa)
Muara Pawan,Ulak Medang,"Minggu, 20 September 2026 01:28:00",NASA-NOAA20,Medium,110.22031,-1.50739,False,False,True,True,False,True,Di Luar Area Pantauan (>1000m dari Desa)
Muara Pawan,Ulak Medang,"Minggu, 20 September 2026 01:28:00",NASA-NOAA20,Medium,110.23428,-1.51201,False,False,True,True,False,True,Di Luar Area Pantauan (>1000m dari Desa)
Muara Pawan,Ulak Medang,"Minggu, 20 September 2026 01:28:00",NASA-NOAA20,Medium,110.22379,-1.50792,False,False,True,True,False,True,Di Luar Area Pantauan (>1000m dari Desa)
Muara Pawan,Ulak Medang,"Minggu, 20 September 2026 01:28:00",NASA-NOAA20,Medium,110.22725,-1.50845,False,False,True,True,False,True,Di Luar Area Pantauan (>1000m dari Desa)
Muara Pawan,Ulak Medang,"Minggu, 20 September 2026 01:28:00",NASA-NOAA20,Medium,110.21622,-1.51087,False,False,True,True,False,True,Di Luar Area Pantauan (>1000m dari Desa)
Muara Pawan,Ulak Medang,"Minggu, 20 September 2026 01:28:00",NASA-NOAA20,Medium,110.21968,-1.5114,False,False,True,True,False,True,Di Luar Area Pantauan (>1000m dari Desa)
Muara Pawan,Ulak Medang,"Minggu, 20 September 2026 01:28:00",NASA-NOAA20,Medium,110.23705,-1.51405,False,False,True,True,False,True,Di Luar Area Pantauan (>1000m dari Desa)
Muara Pawan,Ulak Medang,"Minggu, 20 September 2026 01:28:00",NASA-NOAA20,Medium,110.28588,-1.52148,False,False,True,True,False,True,Di Luar Area Pantauan (>1000m dari Desa)
Matan Hilir Utara,Lamon Satong,"Minggu, 20 September 2026 01:28:00",NASA-NOAA20,Medium,110.21213,-1.51435,False,False,True,True,False,True,Di Luar Area Pantauan (>1000m dari Desa)
Muara Pawan,Ulak Medang,"Minggu, 20 September 2026 01:28:00",NASA-NOAA20,Medium,110.23296,-1.51753,False,False,True,True,False,True,Di Luar Area Pantauan (>1000m dari Desa)
Muara Pawan,Ulak Medang,"Minggu, 20 September 2026 01:28:00",NASA-NOAA20,Medium,110.23643,-1.51806,False,False,True,True,False,True,Di Luar Area Pantauan (>1000m dari Desa)
Muara Pawan,Ulak Medang,"Minggu, 20 September 2026 01:28:00",NASA-NOAA20,Medium,110.25382,-1.52071,False,False,True,True,False,True,Di Luar Area Pantauan (>1000m dari Desa)
Muara Pawan,Ulak Medang,"Minggu, 20 September 2026 01:28:00",NASA-NOAA20,Medium,110.25731,-1.52124,False,False,True,True,False,True,Di Luar Area Pantauan (>1000m dari Desa)
Muara Pawan,Ulak Medang,"Minggu, 20 September 2026 01:28:00",NASA-NOAA20,Medium,110.25034,-1.52018,False,False,True,True,False,True,Di Luar Area Pantauan (>1000m dari Desa)
Muara Pawan,Ulak Medang,"Minggu, 20 September 2026 01:28:00",NASA-NOAA20,Medium,110.27126,-1.52337,False,False,True,True,False,True,Di Luar Area Pantauan (>1000m dari Desa)
Muara Pawan,Ulak Medang,"Minggu, 20 September 2026 01:28:00",NASA-NOAA20,Medium,110.28526,-1.52551,False,False,True,True,False,True,Di Luar Area Pantauan (>1000m dari Desa)
Muara Pawan,Ulak Medang,"Minggu, 20 September 2026 01:28:00",NASA-NOAA20,Medium,110.24276,-1.52313,False,False,True,True,False,True,Di Luar Area Pantauan (>1000m dari Desa)
Muara Pawan,Ulak Medang,"Minggu, 20 September 2026 01:28:00",NASA-NOAA20,Medium,110.24624,-1.52366,False,False,True,True,False,True,Di Luar Area Pantauan (>1000m dari Desa)
Muara Pawan,Ulak Medang,"Minggu, 20 September 2026 01:28:00",NASA-NOAA20,Medium,110.24972,-1.5242,False,False,True,True,False,True,Di Luar Area Pantauan (>1000m dari Desa)
Muara Pawan,Ulak Medang,"Minggu, 20 September 2026 01:28:00",NASA-NOAA20,Medium,110.2532,-1.52473,False,False,True,True,False,True,Di Luar Area Pantauan (>1000m dari Desa)
Matan Hilir Utara,Kuala Tolak,"Minggu, 20 September 2026 01:28:00",NASA-NOAA20,Medium,110.11738,-1.5121,False,False,False,True,False,True,Di Luar Area Pantauan (>1000m dari Desa)
Nanga Tayap,Lembah Hijau Satu,"Minggu, 20 September 2026 01:28:00",NASA-NOAA20,Medium,110.50089,-1.57093,False,False,False,False,False,False,Di Luar Area Pantauan (>1000m dari Desa)
Nanga Tayap,Lembah Hijau Satu,"Minggu, 20 September 2026 01:28:00",NASA-NOAA20,Medium,110.50451,-1.57148,False,False,False,False,False,False,Di Luar Area Pantauan (>1000m dari Desa)
Matan Hilir Utara,Kuala Tolak,"Minggu, 20 September 2026 01:28:00",NASA-NOAA20,Medium,110.11677,-1.51608,False,False,False,False,False,False,Di Luar Area Pantauan (>1000m dari Desa)
Matan Hilir Utara,Tanjung Baik Budi,"Minggu, 20 September 2026 01:28:00",NASA-NOAA20,Medium,110.13203,-1.53067,False,False,True,True,False,True,Di Luar Area Pantauan (>1000m dari Desa)
Matan Hilir Utara,Tanjung Baik Budi,"Minggu, 20 September 2026 01:28:00",NASA-NOAA20,Medium,110.12859,-1.53014,False,False,True,True,False,True,Di Luar Area Pantauan (>1000m dari Desa)
Matan Hilir Utara,Tanjung Baik Budi,"Minggu, 20 September 2026 01:28:00",NASA-NOAA20,Medium,110.17334,-1.53706,False,False,False,True,False,True,Di Luar Area Pantauan (>1000m dari Desa)
Nanga Tayap,Lembah Hijau Dua,"Minggu, 20 September 2026 01:28:00",NASA-NOAA20,Medium,110.43702,-1.5778,False,False,False,False,False,False,Di Luar Area Pantauan (>1000m dari Desa)
Nanga Tayap,Sungai Kelik,"Minggu, 20 September 2026 01:28:00",NASA-NOAA20,Medium,110.42923,-1.58076,False,False,False,False,False,False,Di Luar Area Pantauan (>1000m dari Desa)
Nanga Tayap,Lembah Hijau Dua,"Minggu, 20 September 2026 01:28:00",NASA-NOAA20,Medium,110.43281,-1.58131,False,False,False,False,False,False,Di Luar Area Pantauan (>1000m dari Desa)
Matan Hilir Utara,Tanjung Baik Budi,"Minggu, 20 September 2026 01:28:00",NASA-NOAA20,Medium,110.13486,-1.53519,False,False,True,True,False,True,Di Luar Area Pantauan (>1000m dari Desa)
Nanga Tayap,Lembah Hijau Dua,"Minggu, 20 September 2026 01:28:00",NASA-NOAA20,Medium,110.43639,-1.58187,False,False,False,False,False,False,Di Luar Area Pantauan (>1000m dari Desa)
Simpang Hilir,Batu Barat,"Minggu, 20 September 2026 01:28:00",NASA-NOAA20,Medium,110.02563,-0.92865,False,False,True,True,False,True,Di Luar Area Pantauan (>1000m dari Desa)
Simpang Hilir,Batu Barat,"Minggu, 20 September 2026 01:28:00",NASA-NOAA20,Medium,110.02442,-0.9365,False,False,True,True,False,True,Di Luar Area Pantauan (>1000m dari Desa)
Simpang Hilir,Batu Barat,"Minggu, 20 September 2026 01:28:00",NASA-NOAA20,Medium,110.131,-0.85313,False,False,True,True,False,True,Di Luar Area Pantauan (>1000m dari Desa)
Sungai Laur,Teluk Mutiara,"Minggu, 20 September 2026 01:28:00",NASA-NOAA20,Medium,110.48313,-0.91901,False,False,False,False,False,False,Di Luar Area Pantauan (>1000m dari Desa)
Sandai,Randau,"Minggu, 20 September 2026 01:28:00",NASA-NOAA20,Medium,110.64795,-0.96536,False,False,False,False,False,False,Di Luar Area Pantauan (>1000m dari Desa)
Sandai,Randau,"Minggu, 20 September 2026 01:28:00",NASA-NOAA20,Medium,110.64369,-0.96889,False,False,False,False,False,False,Di Luar Area Pantauan (>1000m dari Desa)
Simpang Hilir,Lubuk Batu,"Minggu, 20 September 2026 01:28:00",NASA-NOAA20,Medium,110.12368,-0.92411,False,False,False,False,False,False,Di Luar Area Pantauan (>1000m dari Desa)
Nanga Tayap,Simpang Tiga Sembelangaan,"Minggu, 20 September 2026 01:28:00",NASA-NOAA20,Medium,110.30869,-1.39092,False,False,True,False,True,True,Di Luar Area Pantauan (>1000m dari Desa)
Matan Hilir Utara,Lamon Satong,"Minggu, 20 September 2026 01:28:00",NASA-NOAA20,Medium,110.16629,-1.4031,False,False,False,False,False,False,Di Luar Area Pantauan (>1000m dari Desa)
Matan Hilir Utara,Lamon Satong,"Minggu, 20 September 2026 01:28:00",NASA-NOAA20,Medium,110.21158,-1.40012,False,False,False,True,False,True,Di Luar Area Pantauan (>1000m dari Desa)
Matan Hilir Utara,Lamon Satong,"Minggu, 20 September 2026 01:28:00",NASA-NOAA20,Medium,110.2122,-1.39613,False,False,False,True,False,True,Di Luar Area Pantauan (>1000m dari Desa)
Matan Hilir Utara,Lamon Satong,"Minggu, 20 September 2026 01:28:00",NASA-NOAA20,Medium,110.16904,-1.4076,False,False,False,False,False,False,Di Luar Area Pantauan (>1000m dari Desa)
Nanga Tayap,Simpang Tiga Sembelangaan,"Minggu, 20 September 2026 01:28:00",NASA-NOAA20,Medium,110.31442,-1.4299,False,False,False,False,True,True,Di Luar Area Pantauan (>1000m dari Desa)
Matan Hilir Utara,Kuala Satong,"Minggu, 20 September 2026 01:28:00",NASA-NOAA20,Medium,110.12128,-1.41655,False,False,False,True,False,True,Di Luar Area Pantauan (>1000m dari Desa)
Matan Hilir Utara,Kuala Tolak,"Minggu, 20 September 2026 01:28:00",NASA-NOAA20,Medium,110.13121,-1.42624,False,False,False,False,False,False,Di Luar Area Pantauan (>1000m dari Desa)
Matan Hilir Utara,Kuala Tolak,"Minggu, 20 September 2026 01:28:00",NASA-NOAA20,Medium,110.15859,-1.4754,False,False,True,True,False,True,Di Luar Area Pantauan (>1000m dari Desa)
Matan Hilir Utara,Kuala Tolak,"Minggu, 20 September 2026 01:28:00",NASA-NOAA20,Medium,110.14832,-1.47378,False,False,True,True,False,True,Di Luar Area Pantauan (>1000m dari Desa)
Matan Hilir Utara,Kuala Tolak,"Minggu, 20 September 2026 01:28:00",NASA-NOAA20,Medium,110.15675,-1.48737,False,False,True,True,False,True,Di Luar Area Pantauan (>1000m dari Desa)
Matan Hilir Utara,Kuala Tolak,"Minggu, 20 September 2026 01:28:00",NASA-NOAA20,Medium,110.15736,-1.48338,False,False,True,True,False,True,Di Luar Area Pantauan (>1000m dari Desa)
Muara Pawan,Ulak Medang,"Minggu, 20 September 2026 01:28:00",NASA-NOAA20,Medium,110.27765,-1.52847,False,False,True,True,False,True,Di Luar Area Pantauan (>1000m dari Desa)
Muara Pawan,Ulak Medang,"Minggu, 20 September 2026 01:28:00",NASA-NOAA20,Medium,110.27415,-1.52793,False,False,True,True,False,True,Di Luar Area Pantauan (>1000m dari Desa)
Matan Hilir Utara,Lamon Satong,"Minggu, 20 September 2026 01:28:00",NASA-NOAA20,Medium,110.20461,-1.5173,False,False,True,True,False,True,Di Luar Area Pantauan (>1000m dari Desa)
Nanga Tayap,Lembah Hijau Satu,"Minggu, 20 September 2026 01:28:00",NASA-NOAA20,Medium,110.49135,-1.56111,False,False,False,False,False,False,Di Luar Area Pantauan (>1000m dari Desa)
Muara Pawan,Ulak Medang,"Minggu, 20 September 2026 01:28:00",NASA-NOAA20,Medium,110.27703,-1.53249,False,False,True,True,False,True,Di Luar Area Pantauan (>1000m dari Desa)
Matan Hilir Utara,Tanjung Baik Budi,"Minggu, 20 September 2026 01:28:00",NASA-NOAA20,Medium,110.17737,-1.53359,False,False,True,True,False,True,Di Luar Area Pantauan (>1000m dari Desa)
Nanga Tayap,Lembah Hijau Satu,"Minggu, 20 September 2026 01:28:00",NASA-NOAA20,Medium,110.48712,-1.56464,False,False,False,False,False,False,Di Luar Area Pantauan (>1000m dari Desa)
Matan Hilir Utara,Kuala Tolak,"Minggu, 20 September 2026 01:28:00",NASA-NOAA20,Medium,110.11395,-1.51158,False,False,False,True,False,True,Di Luar Area Pantauan (>1000m dari Desa)
Matan Hilir Utara,Tanjung Baik Budi,"Minggu, 20 September 2026 01:28:00",NASA-NOAA20,Medium,110.19237,-1.52771,False,False,True,True,False,True,Di Luar Area Pantauan (>1000m dari Desa)
Matan Hilir Utara,Tanjung Baik Budi,"Minggu, 20 September 2026 01:28:00",NASA-NOAA20,Medium,110.19176,-1.53171,False,False,True,True,False,True,Di Luar Area Pantauan (>1000m dari Desa)
Matan Hilir Utara,Tanjung Baik Budi,"Minggu, 20 September 2026 01:28:00",NASA-NOAA20,Medium,110.1883,-1.53118,False,False,True,True,False,True,Di Luar Area Pantauan (>1000m dari Desa)
Nanga Tayap,Cegolak,"Minggu, 20 September 2026 01:28:00",NASA-NOAA20,Medium,110.69046,-1.60843,False,False,True,False,False,True,Di Luar Area Pantauan (>1000m dari Desa)
Matan Hilir Utara,Kuala Tolak,"Minggu, 20 September 2026 01:28:00",NASA-NOAA20,Medium,110.11615,-1.52006,False,False,True,False,False,True,Di Luar Area Pantauan (>1000m dari Desa)
Matan Hilir Utara,Tanjung Baik Budi,"Minggu, 20 September 2026 01:28:00",NASA-NOAA20,Medium,110.12517,-1.52961,False,False,True,True,False,True,Di Luar Area Pantauan (>1000m dari Desa)
Matan Hilir Utara,Tanjung Baik Budi,"Minggu, 20 September 2026 01:28:00",NASA-NOAA20,Medium,110.1389,-1.53174,False,False,True,True,False,True,Di Luar Area Pantauan (>1000m dari Desa)
Matan Hilir Utara,Tanjung Baik Budi,"Minggu, 20 September 2026 01:28:00",NASA-NOAA20,Medium,110.17676,-1.53759,False,False,True,True,False,True,Di Luar Area Pantauan (>1000m dari Desa)
Matan Hilir Utara,Tanjung Baik Budi,"Minggu, 20 September 2026 01:28:00",NASA-NOAA20,Medium,110.14856,-1.53731,False,False,True,True,False,True,Di Luar Area Pantauan (>1000m dari Desa)
Matan Hilir Utara,Tanjung Baik Budi,"Minggu, 20 September 2026 01:28:00",NASA-NOAA20,Medium,110.15201,-1.53785,False,False,True,True,False,True,Di Luar Area Pantauan (>1000m dari Desa)
Matan Hilir Utara,Tanjung Baik Budi,"Minggu, 20 September 2026 01:28:00",NASA-NOAA20,Medium,110.15546,-1.53838,False,False,True,True,False,True,Di Luar Area Pantauan (>1000m dari Desa)
Matan Hilir Utara,Tanjung Baik Budi,"Minggu, 20 September 2026 01:28:00",NASA-NOAA20,Medium,110.17613,-1.54159,False,False,True,True,False,True,Di Luar Area Pantauan (>1000m dari Desa)
Nanga Tayap,Sungai Kelik,"Minggu, 20 September 2026 01:28:00",NASA-NOAA20,Medium,110.42565,-1.58021,False,False,False,False,False,False,Di Luar Area Pantauan (>1000m dari Desa)
Nanga Tayap,Lembah Hijau Dua,"Minggu, 20 September 2026 01:28:00",NASA-NOAA20,Medium,110.44296,-1.58705,False,False,False,False,False,False,Di Luar Area Pantauan (>1000m dari Desa)
Matan Hilir Utara,Tanjung Baik Budi,"Minggu, 20 September 2026 01:28:00",NASA-NOAA20,Medium,110.1721,-1.54505,False,False,True,True,False,True,Di Luar Area Pantauan (>1000m dari Desa)
Matan Hilir Utara,Tanjung Baik Budi,"Minggu, 20 September 2026 01:28:00",NASA-NOAA20,Medium,110.1583,-1.54291,False,False,True,True,False,True,Di Luar Area Pantauan (>1000m dari Desa)
Nanga Tayap,Lembah Hijau Dua,"Minggu, 20 September 2026 01:28:00",NASA-NOAA20,Medium,110.46819,-1.59096,False,False,False,False,False,False,Di Luar Area Pantauan (>1000m dari Desa)
Nanga Tayap,Sungai Kelik,"Minggu, 20 September 2026 01:28:00",NASA-NOAA20,Medium,110.42501,-1.58427,False,False,False,False,False,False,Di Luar Area Pantauan (>1000m dari Desa)
Nanga Tayap,Lembah Hijau Dua,"Minggu, 20 September 2026 01:28:00",NASA-NOAA20,Medium,110.43935,-1.58649,False,False,False,False,False,False,Di Luar Area Pantauan (>1000m dari Desa)
Matan Hilir Utara,Tanjung Baik Budi,"Minggu, 20 September 2026 01:28:00",NASA-NOAA20,Medium,110.17553,-1.54558,False,False,True,True,False,True,Di Luar Area Pantauan (>1000m dari Desa)
Muara Pawan,Ulak Medang,"Minggu, 20 September 2026 01:28:00",NASA-NOAA20,Medium,110.30432,-1.56556,False,False,True,True,False,True,Di Luar Area Pantauan (>1000m dari Desa)
Nanga Tayap,Lembah Hijau Dua,"Minggu, 20 September 2026 01:28:00",NASA-NOAA20,Medium,110.44656,-1.58761,False,False,False,False,False,False,Di Luar Area Pantauan (>1000m dari Desa)
Nanga Tayap,Lembah Hijau Dua,"Minggu, 20 September 2026 01:28:00",NASA-NOAA20,Medium,110.45016,-1.58817,False,False,False,False,False,False,Di Luar Area Pantauan (>1000m dari Desa)
Ella Hilir,Nanga Nyuruh,"Minggu, 20 September 2026 01:28:00",NASA-NOAA20,Medium,112.04539,-0.54349,False,False,False,False,True,True,Di Luar Area Pantauan (>1000m dari Desa)
Ella Hilir,Perembang Nyuruh,"Minggu, 20 September 2026 01:28:00",NASA-NOAA20,Medium,112.15115,-0.56007,False,False,False,False,False,False,Di Luar Area Pantauan (>1000m dari Desa)
Ella Hilir,Perembang Nyuruh,"Minggu, 20 September 2026 01:28:00",NASA-NOAA20,Medium,112.14712,-0.55944,False,False,False,False,False,False,Di Luar Area Pantauan (>1000m dari Desa)
Ella Hilir,Bemban Permai,"Minggu, 20 September 2026 01:28:00",NASA-NOAA20,Medium,112.0144,-0.57059,False,False,False,False,False,False,Di Luar Area Pantauan (>1000m dari Desa)
Ella Hilir,Bemban Permai,"Minggu, 20 September 2026 01:28:00",NASA-NOAA20,Medium,112.02188,-0.58092,False,False,False,False,False,False,Di Luar Area Pantauan (>1000m dari Desa)
Belimbing Hulu,Nanga Raya,"Minggu, 20 September 2026 01:28:00",NASA-NOAA20,Medium,111.44924,-0.56678,False,False,False,False,False,False,Di Luar Area Pantauan (>1000m dari Desa)
Sungai Raya,Kalibandung,"Minggu, 20 September 2026 01:28:00",NASA-NOAA20,Medium,109.62385,-0.30613,False,False,False,True,False,True,Di Luar Area Pantauan (>1000m dari Desa)
Terentang,Betuah,"Minggu, 20 September 2026 01:28:00",NASA-NOAA20,Medium,109.942,-0.48538,False,False,True,True,False,True,Di Luar Area Pantauan (>1000m dari Desa)
Terentang,Betuah,"Minggu, 20 September 2026 01:28:00",NASA-NOAA20,Medium,109.94462,-0.48679,False,False,True,True,False,True,Di Luar Area Pantauan (>1000m dari Desa)
Nanga Mahap,Tembaga,"Minggu, 20 September 2026 01:28:00",NASA-NOAA20,Medium,110.61657,-0.61481,False,False,True,False,False,True,Di Luar Area Pantauan (>1000m dari Desa)
Simpang Hulu,Kenanga,"Minggu, 20 September 2026 01:28:00",NASA-NOAA20,Medium,110.61173,-0.62237,False,False,True,False,False,True,Di Luar Area Pantauan (>1000m dari Desa)
Nanga Mahap,Tembaga,"Minggu, 20 September 2026 01:28:00",NASA-NOAA20,Medium,110.6153,-0.62292,False,False,False,False,False,False,Di Luar Area Pantauan (>1000m dari Desa)
Nanga Mahap,Tembaga,"Minggu, 20 September 2026 01:28:00",NASA-NOAA20,Medium,110.61471,-0.62699,False,False,True,False,False,True,Di Luar Area Pantauan (>1000m dari Desa)
Hulu Sungai,Krio Hulu,"Minggu, 20 September 2026 01:28:00",NASA-NOAA20,Medium,110.84411,-0.88331,False,False,True,False,False,True,Di Luar Area Pantauan (>1000m dari Desa)
Simpang Dua,Kampar Sebomban,"Minggu, 20 September 2026 01:28:00",NASA-NOAA20,Medium,110.17237,-0.81927,False,False,True,False,False,True,Di Luar Area Pantauan (>1000m dari Desa)
Simpang Dua,Kampar Sebomban,"Minggu, 20 September 2026 01:28:00",NASA-NOAA20,Medium,110.16672,-0.82242,False,False,True,False,False,True,Di Luar Area Pantauan (>1000m dari Desa)
Simpang Dua,Kampar Sebomban,"Minggu, 20 September 2026 01:28:00",NASA-NOAA20,Medium,110.17177,-0.82323,False,False,True,False,False,True,Di Luar Area Pantauan (>1000m dari Desa)
Simpang Dua,Kampar Sebomban,"Minggu, 20 September 2026 01:28:00",NASA-NOAA20,Medium,110.17117,-0.82718,False,False,True,False,False,True,Di Luar Area Pantauan (>1000m dari Desa)
Simpang Dua,Kampar Sebomban,"Minggu, 20 September 2026 01:28:00",NASA-NOAA20,Medium,110.15539,-0.82872,False,False,True,True,False,True,Di Luar Area Pantauan (>1000m dari Desa)
Simpang Dua,Gema,"Minggu, 20 September 2026 01:28:00",NASA-NOAA20,Medium,110.3743,-0.86769,False,False,False,False,True,True,Di Luar Area Pantauan (>1000m dari Desa)
Simpang Hilir,Batu Barat,"Minggu, 20 September 2026 01:28:00",NASA-NOAA20,Medium,110.13662,-0.84999,False,False,True,True,False,True,Di Luar Area Pantauan (>1000m dari Desa)
Simpang Dua,Kampar Sebomban,"Minggu, 20 September 2026 01:28:00",NASA-NOAA20,Medium,110.15115,-0.85637,False,False,False,True,False,True,Di Luar Area Pantauan (>1000m dari Desa)
Simpang Hilir,Batu Barat,"Minggu, 20 September 2026 01:28:00",NASA-NOAA20,Medium,110.13602,-0.85394,False,False,True,True,False,True,Di Luar Area Pantauan (>1000m dari Desa)
Simpang Hilir,Batu Barat,"Minggu, 20 September 2026 01:28:00",NASA-NOAA20,Medium,110.13522,-0.84909,False,False,True,True,False,True,Di Luar Area Pantauan (>1000m dari Desa)
Simpang Hilir,Batu Barat,"Minggu, 20 September 2026 01:28:00",NASA-NOAA20,Medium,110.12958,-0.85227,False,False,True,True,False,True,Di Luar Area Pantauan (>1000m dari Desa)
Simpang Hilir,Batu Barat,"Minggu, 20 September 2026 01:28:00",NASA-NOAA20,Medium,110.14368,-0.89489,False,False,False,True,False,True,Di Luar Area Pantauan (>1000m dari Desa)
Simpang Hilir,Lubuk Batu,"Minggu, 20 September 2026 01:28:00",NASA-NOAA20,Medium,110.1312,-0.90912,False,False,False,False,False,False,Di Luar Area Pantauan (>1000m dari Desa)
Simpang Hilir,Lubuk Batu,"Minggu, 20 September 2026 01:28:00",NASA-NOAA20,Medium,110.10555,-0.94143,False,False,False,False,False,False,Di Luar Area Pantauan (>1000m dari Desa)
Nanga Tayap,Lembah Hijau Dua,"Minggu, 20 September 2026 01:28:00",NASA-NOAA20,Medium,110.45674,-1.59336,False,False,False,False,False,False,Di Luar Area Pantauan (>1000m dari Desa)
Nanga Tayap,Lembah Hijau Dua,"Minggu, 20 September 2026 01:28:00",NASA-NOAA20,Medium,110.46035,-1.59392,False,False,False,False,False,False,Di Luar Area Pantauan (>1000m dari Desa)
Nanga Tayap,Lembah Hijau Dua,"Minggu, 20 September 2026 01:28:00",NASA-NOAA20,Medium,110.46395,-1.59448,False,False,True,False,False,True,Di Luar Area Pantauan (>1000m dari Desa)
Matan Hilir Utara,Tanjung Baik Budi,"Minggu, 20 September 2026 01:28:00",NASA-NOAA20,Medium,110.16398,-1.55197,False,False,True,True,False,True,Di Luar Area Pantauan (>1000m dari Desa)
Nanga Tayap,Lembah Hijau Dua,"Minggu, 20 September 2026 01:28:00",NASA-NOAA20,Medium,110.44891,-1.59631,False,False,False,False,False,False,Di Luar Area Pantauan (>1000m dari Desa)
Matan Hilir Utara,Tanjung Baik Budi,"Minggu, 20 September 2026 01:28:00",NASA-NOAA20,Medium,110.16741,-1.55251,False,False,True,True,False,True,Di Luar Area Pantauan (>1000m dari Desa)
Nanga Tayap,Lembah Hijau Dua,"Minggu, 20 September 2026 01:28:00",NASA-NOAA20,Medium,110.46333,-1.59856,False,False,True,False,False,True,Di Luar Area Pantauan (>1000m dari Desa)
Ella Hilir,Bemban Permai,"Minggu, 20 September 2026 01:28:00",NASA-NOAA20,Medium,112.01905,-0.57133,False,False,False,False,False,False,Di Luar Area Pantauan (>1000m dari Desa)
Matan Hilir Utara,Tanjung Baik Budi,"Minggu, 20 September 2026 01:28:00",NASA-NOAA20,Medium,110.09751,-1.54977,False,False,True,True,False,True,Di Luar Area Pantauan (>1000m dari Desa)
Matan Hilir Utara,Tanjung Baik Budi,"Minggu, 20 September 2026 01:28:00",NASA-NOAA20,Medium,110.09692,-1.55375,False,False,True,True,False,True,Di Luar Area Pantauan (>1000m dari Desa)
Nanga Tayap,Siantau Raya,"Minggu, 20 September 2026 01:28:00",NASA-NOAA20,Medium,110.43984,-1.60741,False,False,True,False,False,True,Di Luar Area Pantauan (>1000m dari Desa)
Nanga Tayap,Siantau Raya,"Minggu, 20 September 2026 01:28:00",NASA-NOAA20,Medium,110.44344,-1.60797,False,False,True,False,False,True,Di Luar Area Pantauan (>1000m dari Desa)
Nanga Tayap,Sungai Kelik,"Minggu, 20 September 2026 01:28:00",NASA-NOAA20,Medium,110.33122,-1.60283,False,False,False,False,False,False,Di Luar Area Pantauan (>1000m dari Desa)
Matan Hilir Utara,Sungai Putri,"Minggu, 20 September 2026 01:28:00",NASA-NOAA20,Medium,110.09509,-1.56568,False,False,True,True,False,True,Di Luar Area Pantauan (>1000m dari Desa)
Matan Hilir Utara,Sungai Putri,"Minggu, 20 September 2026 01:28:00",NASA-NOAA20,Medium,110.09447,-1.56966,False,False,True,True,False,True,Di Luar Area Pantauan (>1000m dari Desa)
Muara Pawan,Ulak Medang,"Minggu, 20 September 2026 01:28:00",NASA-NOAA20,Medium,110.30106,-1.61048,False,False,True,True,False,True,Di Luar Area Pantauan (>1000m dari Desa)
Tumbang Titi,Beringin Rayo,"Minggu, 20 September 2026 01:28:00",NASA-NOAA20,Medium,110.83086,-1.6942,False,False,False,False,False,False,Di Luar Area Pantauan (>1000m dari Desa)
Tumbang Titi,Beringin Rayo,"Minggu, 20 September 2026 01:28:00",NASA-NOAA20,Medium,110.82723,-1.69363,False,False,False,False,False,False,Di Luar Area Pantauan (>1000m dari Desa)
Muara Pawan,Ulak Medang,"Minggu, 20 September 2026 01:28:00",NASA-NOAA20,Medium,110.29631,-1.618,False,False,True,True,False,True,Di Luar Area Pantauan (>1000m dari Desa)
Muara Pawan,Ulak Medang,"Minggu, 20 September 2026 01:28:00",NASA-NOAA20,Medium,110.28867,-1.62091,False,False,True,True,False,True,Di Luar Area Pantauan (>1000m dari Desa)
Muara Pawan,Ulak Medang,"Minggu, 20 September 2026 01:28:00",NASA-NOAA20,Medium,110.29219,-1.62147,False,False,True,True,False,True,Di Luar Area Pantauan (>1000m dari Desa)
Muara Pawan,Ulak Medang,"Minggu, 20 September 2026 01:28:00",NASA-NOAA20,Medium,110.27693,-1.6273,False,False,True,True,False,True,Di Luar Area Pantauan (>1000m dari Desa)
Nanga Tayap,Siantau Raya,"Minggu, 20 September 2026 01:28:00",NASA-NOAA20,Medium,110.48447,-1.65556,False,False,False,False,False,False,Di Luar Area Pantauan (>1000m dari Desa)
Muara Pawan,Ulak Medang,"Minggu, 20 September 2026 01:28:00",NASA-NOAA20,Medium,110.27691,-1.62819,False,False,True,True,False,True,Di Luar Area Pantauan (>1000m dari Desa)
Tumbang Titi,Beringin Rayo,"Minggu, 20 September 2026 01:28:00",NASA-NOAA20,Medium,110.76641,-1.74091,False,False,False,False,False,False,Di Luar Area Pantauan (>1000m dari Desa)
Nanga Tayap,Lembah Hijau Dua,"Minggu, 20 September 2026 01:28:00",NASA-NOAA20,Medium,110.45314,-1.5928,False,False,False,False,False,False,Di Luar Area Pantauan (>1000m dari Desa)
Matan Hilir Utara,Tanjung Baik Budi,"Minggu, 20 September 2026 01:28:00",NASA-NOAA20,Medium,110.17149,-1.54905,False,False,True,True,False,True,Di Luar Area Pantauan (>1000m dari Desa)
Matan Hilir Utara,Tanjung Baik Budi,"Minggu, 20 September 2026 01:28:00",NASA-NOAA20,Medium,110.16805,-1.54851,False,False,False,True,False,True,Di Luar Area Pantauan (>1000m dari Desa)
Muara Pawan,Ulak Medang,"Minggu, 20 September 2026 01:28:00",NASA-NOAA20,Medium,110.29317,-1.56796,False,False,True,True,False,True,Di Luar Area Pantauan (>1000m dari Desa)
Matan Hilir Utara,Tanjung Baik Budi,"Minggu, 20 September 2026 01:28:00",NASA-NOAA20,Medium,110.15768,-1.5469,False,False,False,True,False,True,Di Luar Area Pantauan (>1000m dari Desa)
Matan Hilir Utara,Tanjung Baik Budi,"Minggu, 20 September 2026 01:28:00",NASA-NOAA20,Medium,110.1646,-1.54798,False,False,False,False,False,False,Di Luar Area Pantauan (>1000m dari Desa)
Muara Pawan,Ulak Medang,"Minggu, 20 September 2026 01:28:00",NASA-NOAA20,Medium,110.30371,-1.5696,False,False,True,True,False,True,Di Luar Area Pantauan (>1000m dari Desa)
Nanga Tayap,Siantau Raya,"Minggu, 20 September 2026 01:28:00",NASA-NOAA20,Medium,110.44829,-1.60039,False,False,False,False,False,False,Di Luar Area Pantauan (>1000m dari Desa)
Nanga Tayap,Sungai Kelik,"Minggu, 20 September 2026 01:28:00",NASA-NOAA20,Medium,110.42316,-1.59647,False,False,False,False,False,False,Di Luar Area Pantauan (>1000m dari Desa)
Nanga Tayap,Lembah Hijau Dua,"Minggu, 20 September 2026 01:28:00",NASA-NOAA20,Medium,110.44468,-1.59982,False,False,False,False,False,False,Di Luar Area Pantauan (>1000m dari Desa)
Nanga Tayap,Lembah Hijau Dua,"Minggu, 20 September 2026 01:28:00",NASA-NOAA20,Medium,110.46695,-1.59912,False,False,True,False,False,True,Di Luar Area Pantauan (>1000m dari Desa)
Nanga Tayap,Lembah Hijau Dua,"Minggu, 20 September 2026 01:28:00",NASA-NOAA20,Medium,110.45612,-1.59744,False,False,False,False,False,False,Di Luar Area Pantauan (>1000m dari Desa)
Muara Pawan,Ulak Medang,"Minggu, 20 September 2026 01:28:00",NASA-NOAA20,Medium,110.29571,-1.62203,False,False,True,True,False,True,Di Luar Area Pantauan (>1000m dari Desa)
Muara Pawan,Tanjung Pura,"Minggu, 20 September 2026 01:28:00",NASA-NOAA20,Medium,110.13079,-1.67543,False,False,True,True,False,True,Di Luar Area Pantauan (>1000m dari Desa)
Muara Pawan,Tanjung Pura,"Minggu, 20 September 2026 01:28:00",NASA-NOAA20,Medium,110.13423,-1.67597,False,False,True,True,False,True,Di Luar Area Pantauan (>1000m dari Desa)
Muara Pawan,Tanjung Pura,"Minggu, 20 September 2026 01:28:00",NASA-NOAA20,Medium,110.15492,-1.67922,False,False,True,True,False,True,Di Luar Area Pantauan (>1000m dari Desa)
Muara Pawan,Tanjung Pura,"Minggu, 20 September 2026 01:28:00",NASA-NOAA20,Medium,110.15838,-1.67976,False,False,True,True,False,True,Di Luar Area Pantauan (>1000m dari Desa)
Muara Pawan,Tanjung Pura,"Minggu, 20 September 2026 01:28:00",NASA-NOAA20,Medium,110.22789,-1.69066,False,False,True,True,False,True,Di Luar Area Pantauan (>1000m dari Desa)
Sungai Melayu Rayak,Makmur Abadi,"Minggu, 20 September 2026 01:28:00",NASA-NOAA20,Medium,110.2699,-1.69725,False,False,True,True,False,True,Di Luar Area Pantauan (>1000m dari Desa)
Jelai Hulu,Pasir Mayang,"Minggu, 20 September 2026 01:28:00",NASA-NOAA20,Medium,110.78726,-1.77832,False,False,True,False,False,True,Di Luar Area Pantauan (>1000m dari Desa)
Muara Pawan,Tanjung Pura,"Minggu, 20 September 2026 01:28:00",NASA-NOAA20,Medium,110.21849,-1.70565,False,False,False,False,False,False,Di Luar Area Pantauan (>1000m dari Desa)
Jelai Hulu,Limpang,"Minggu, 20 September 2026 01:28:00",NASA-NOAA20,Medium,110.84256,-1.83083,False,False,False,False,False,False,Di Luar Area Pantauan (>1000m dari Desa)
Sungai Melayu Rayak,Sungai Melayu,"Minggu, 20 September 2026 01:28:00",NASA-NOAA20,Medium,110.38187,-1.79406,False,False,False,False,False,False,Di Luar Area Pantauan (>1000m dari Desa)
Jelai Hulu,Pangkalan Suka,"Minggu, 20 September 2026 01:28:00",NASA-NOAA20,Medium,110.9708,-1.91967,False,False,True,False,False,True,Di Luar Area Pantauan (>1000m dari Desa)
Jelai Hulu,Pangkalan Suka,"Minggu, 20 September 2026 01:28:00",NASA-NOAA20,Medium,110.93339,-1.91382,False,False,False,False,False,False,Di Luar Area Pantauan (>1000m dari Desa)
Matan Hilir Selatan,Sungai Pelang,"Minggu, 20 September 2026 01:28:00",NASA-NOAA20,Medium,110.25559,-1.81169,False,False,False,True,False,True,Di Luar Area Pantauan (>1000m dari Desa)
Jelai Hulu,Pangkalan Suka,"Minggu, 20 September 2026 01:28:00",NASA-NOAA20,Medium,110.97337,-1.92441,False,False,True,False,False,True,Di Luar Area Pantauan (>1000m dari Desa)
Matan Hilir Selatan,Sungai Pelang,"Minggu, 20 September 2026 01:28:00",NASA-NOAA20,Medium,110.24776,-1.83937,False,False,True,True,False,True,Di Luar Area Pantauan (>1000m dari Desa)
Matan Hilir Selatan,Sungai Pelang,"Minggu, 20 September 2026 01:28:00",NASA-NOAA20,Medium,110.24777,-1.84015,False,False,True,True,False,True,Di Luar Area Pantauan (>1000m dari Desa)
Matan Hilir Selatan,Sungai Besar,"Minggu, 20 September 2026 01:28:00",NASA-NOAA20,Medium,110.24239,-1.85171,False,False,True,True,False,True,Di Luar Area Pantauan (>1000m dari Desa)
Matan Hilir Selatan,Sungai Besar,"Minggu, 20 September 2026 01:28:00",NASA-NOAA20,Medium,110.24593,-1.85225,False,False,False,True,False,True,Di Luar Area Pantauan (>1000m dari Desa)
Benua Kayong,Negeri Baru,"Minggu, 20 September 2026 01:28:00",NASA-NOAA20,Medium,110.11498,-1.84454,False,False,False,False,False,False,Di Luar Area Pantauan (>1000m dari Desa)
Matan Hilir Selatan,Sungai Besar,"Minggu, 20 September 2026 01:28:00",NASA-NOAA20,Medium,110.24114,-1.85978,False,False,True,True,False,True,Di Luar Area Pantauan (>1000m dari Desa)
Matan Hilir Selatan,Sungai Besar,"Minggu, 20 September 2026 01:28:00",NASA-NOAA20,Medium,110.23762,-1.85924,False,False,True,True,False,True,Di Luar Area Pantauan (>1000m dari Desa)
Benua Kayong,Negeri Baru,"Minggu, 20 September 2026 01:28:00",NASA-NOAA20,Medium,110.11845,-1.84507,False,False,False,False,False,False,Di Luar Area Pantauan (>1000m dari Desa)
Simpang Hilir,Sungaimata-Mata,"Minggu, 20 September 2026 01:28:00",NASA-NOAA20,Medium,109.96387,-0.98701,False,False,True,True,False,True,Di Luar Area Pantauan (>1000m dari Desa)
Sandai,Pendamaran Indah,"Minggu, 20 September 2026 01:28:00",NASA-NOAA20,Medium,110.62255,-1.08627,False,False,False,False,False,False,Di Luar Area Pantauan (>1000m dari Desa)
Simpang Hilir,Matan Jaya,"Minggu, 20 September 2026 01:28:00",NASA-NOAA20,Medium,110.14665,-1.11606,False,False,True,False,True,True,Di Luar Area Pantauan (>1000m dari Desa)
Simpang Hilir,Matan Jaya,"Minggu, 20 September 2026 01:28:00",NASA-NOAA20,Medium,110.09602,-1.10814,False,False,True,True,True,True,Di Luar Area Pantauan (>1000m dari Desa)
Sandai,Pendamaran Indah,"Minggu, 20 September 2026 01:28:00",NASA-NOAA20,Medium,110.62192,-1.09036,False,False,False,False,False,False,Di Luar Area Pantauan (>1000m dari Desa)
Muara Pawan,Tanjung Pura,"Minggu, 20 September 2026 01:28:00",NASA-NOAA20,Medium,110.22334,-1.67349,False,False,True,True,False,True,Di Luar Area Pantauan (>1000m dari Desa)
Muara Pawan,Tanjung Pura,"Minggu, 20 September 2026 01:28:00",NASA-NOAA20,Medium,110.1486,-1.67413,False,False,True,True,False,True,Di Luar Area Pantauan (>1000m dari Desa)
Sungai Melayu Rayak,Makmur Abadi,"Minggu, 20 September 2026 01:28:00",NASA-NOAA20,Medium,110.24293,-1.77669,False,False,False,True,False,True,Di Luar Area Pantauan (>1000m dari Desa)
Matan Hilir Selatan,Sungai Pelang,"Minggu, 20 September 2026 01:28:00",NASA-NOAA20,Medium,110.19392,-1.8402,False,False,False,True,False,True,Di Luar Area Pantauan (>1000m dari Desa)
Matan Hilir Selatan,Sungai Pelang,"Minggu, 20 September 2026 01:28:00",NASA-NOAA20,Medium,110.19741,-1.84073,False,False,False,True,False,True,Di Luar Area Pantauan (>1000m dari Desa)
Matan Hilir Selatan,Sungai Besar,"Minggu, 20 September 2026 01:28:00",NASA-NOAA20,Medium,110.24654,-1.84822,False,False,True,True,False,True,Di Luar Area Pantauan (>1000m dari Desa)
Matan Hilir Selatan,Sungai Besar,"Minggu, 20 September 2026 01:28:00",NASA-NOAA20,Medium,110.25006,-1.84875,False,False,True,True,False,True,Di Luar Area Pantauan (>1000m dari Desa)
Simpang Hilir,Matan Jaya,"Minggu, 20 September 2026 01:28:00",NASA-NOAA20,Medium,110.1067,-1.10576,False,False,True,True,True,True,Di Luar Area Pantauan (>1000m dari Desa)
Simpang Hilir,Rantau Panjang,"Minggu, 20 September 2026 01:28:00",NASA-NOAA20,Medium,110.05534,-1.13812,False,False,True,True,False,True,Di Luar Area Pantauan (>1000m dari Desa)
Simpang Hilir,Rantau Panjang,"Minggu, 20 September 2026 01:28:00",NASA-NOAA20,Medium,110.06095,-1.13497,False,False,True,True,False,True,Di Luar Area Pantauan (>1000m dari Desa)
Simpang Hilir,Rantau Panjang,"Minggu, 20 September 2026 01:28:00",NASA-NOAA20,Medium,110.06596,-1.13576,False,False,True,True,True,True,Di Luar Area Pantauan (>1000m dari Desa)
Simpang Hilir,Batu Barat,"Minggu, 20 September 2026 01:28:00",NASA-NOAA20,Medium,110.02322,-0.94435,False,False,True,True,False,True,Di Luar Area Pantauan (>1000m dari Desa)
Simpang Hilir,Lubuk Batu,"Minggu, 20 September 2026 01:28:00",NASA-NOAA20,Medium,110.10378,-0.94031,False,False,False,False,False,False,Di Luar Area Pantauan (>1000m dari Desa)
Simpang Hilir,Lubuk Batu,"Minggu, 20 September 2026 01:28:00",NASA-NOAA20,Medium,110.10317,-0.94425,False,False,False,False,False,False,Di Luar Area Pantauan (>1000m dari Desa)
Matan Hilir Selatan,Sungai Besar,"Minggu, 20 September 2026 01:28:00",NASA-NOAA20,Medium,110.24179,-1.85575,False,False,True,True,False,True,Di Luar Area Pantauan (>1000m dari Desa)
Simpang Hilir,Batu Barat,"Minggu, 20 September 2026 01:28:00",NASA-NOAA20,Medium,110.02808,-0.93277,False,False,True,True,False,True,Di Luar Area Pantauan (>1000m dari Desa)
Simpang Hilir,Batu Barat,"Minggu, 20 September 2026 01:28:00",NASA-NOAA20,Medium,110.04805,-0.93582,False,False,True,False,False,True,Di Luar Area Pantauan (>1000m dari Desa)
Simpang Hilir,Batu Barat,"Minggu, 20 September 2026 01:28:00",NASA-NOAA20,Medium,110.02747,-0.93669,False,False,True,True,False,True,Di Luar Area Pantauan (>1000m dari Desa)
Simpang Hilir,Lubuk Batu,"Minggu, 20 September 2026 01:28:00",NASA-NOAA20,Medium,110.10699,-0.95291,False,False,False,False,False,False,Di Luar Area Pantauan (>1000m dari Desa)
Simpang Hilir,Batu Barat,"Minggu, 20 September 2026 01:28:00",NASA-NOAA20,Medium,110.00644,-0.9415,False,False,True,False,False,True,Di Luar Area Pantauan (>1000m dari Desa)
Simpang Hilir,Batu Barat,"Minggu, 20 September 2026 01:28:00",NASA-NOAA20,Medium,110.01633,-0.94302,False,False,True,True,False,True,Di Luar Area Pantauan (>1000m dari Desa)
Simpang Hilir,Batu Barat,"Minggu, 20 September 2026 01:28:00",NASA-NOAA20,Medium,110.02129,-0.94378,False,False,True,True,False,True,Di Luar Area Pantauan (>1000m dari Desa)
Simpang Hilir,Batu Barat,"Minggu, 20 September 2026 01:28:00",NASA-NOAA20,Medium,110.03063,-0.94924,False,False,True,True,False,True,Di Luar Area Pantauan (>1000m dari Desa)
Simpang Hilir,Batu Barat,"Minggu, 20 September 2026 01:28:00",NASA-NOAA20,Medium,110.03003,-0.95316,False,False,True,True,False,True,Di Luar Area Pantauan (>1000m dari Desa)
Simpang Hilir,Batu Barat,"Minggu, 20 September 2026 01:28:00",NASA-NOAA20,Medium,110.02447,-0.95632,False,False,True,True,False,True,Di Luar Area Pantauan (>1000m dari Desa)
Simpang Hilir,Matan Jaya,"Minggu, 20 September 2026 01:28:00",NASA-NOAA20,Medium,110.14217,-1.1113,False,False,True,True,True,True,Di Luar Area Pantauan (>1000m dari Desa)
Simpang Hilir,Matan Jaya,"Minggu, 20 September 2026 01:28:00",NASA-NOAA20,Medium,110.12247,-1.10417,False,False,True,True,True,True,Di Luar Area Pantauan (>1000m dari Desa)
Simpang Hilir,Matan Jaya,"Minggu, 20 September 2026 01:28:00",NASA-NOAA20,Medium,110.10105,-1.10893,False,False,True,True,True,True,Di Luar Area Pantauan (>1000m dari Desa)
Simpang Hilir,Matan Jaya,"Minggu, 20 September 2026 01:28:00",NASA-NOAA20,Medium,110.14156,-1.11527,False,False,True,True,True,True,Di Luar Area Pantauan (>1000m dari Desa)
Simpang Hilir,Matan Jaya,"Minggu, 20 September 2026 01:28:00",NASA-NOAA20,Medium,110.09663,-1.10419,False,False,True,True,True,True,Di Luar Area Pantauan (>1000m dari Desa)
Simpang Hilir,Matan Jaya,"Minggu, 20 September 2026 01:28:00",NASA-NOAA20,Medium,110.13708,-1.11051,False,False,True,True,True,True,Di Luar Area Pantauan (>1000m dari Desa)
Simpang Hilir,Matan Jaya,"Minggu, 20 September 2026 01:28:00",NASA-NOAA20,Medium,110.09162,-1.10341,False,False,True,False,True,True,Di Luar Area Pantauan (>1000m dari Desa)
Simpang Hilir,Matan Jaya,"Minggu, 20 September 2026 01:28:00",NASA-NOAA20,Medium,110.10167,-1.10498,False,False,True,True,True,True,Di Luar Area Pantauan (>1000m dari Desa)
Simpang Hilir,Matan Jaya,"Minggu, 20 September 2026 01:28:00",NASA-NOAA20,Medium,110.132,-1.10971,False,False,True,True,True,True,Di Luar Area Pantauan (>1000m dari Desa)
Simpang Hilir,Matan Jaya,"Minggu, 20 September 2026 01:28:00",NASA-NOAA20,Medium,110.08726,-1.09868,False,False,False,False,True,True,Di Luar Area Pantauan (>1000m dari Desa)
Simpang Hilir,Matan Jaya,"Minggu, 20 September 2026 01:28:00",NASA-NOAA20,Medium,110.09223,-1.09946,False,False,True,False,True,True,Di Luar Area Pantauan (>1000m dari Desa)
Simpang Hilir,Matan Jaya,"Minggu, 20 September 2026 01:28:00",NASA-NOAA20,Medium,110.10732,-1.10181,False,False,True,True,True,True,Di Luar Area Pantauan (>1000m dari Desa)
Matan Hilir Selatan,Sungai Besar,"Minggu, 20 September 2026 01:28:00",NASA-NOAA20,Medium,110.24857,-1.88158,False,False,True,True,False,True,Di Luar Area Pantauan (>1000m dari Desa)
Matan Hilir Selatan,Sungai Besar,"Minggu, 20 September 2026 01:28:00",NASA-NOAA20,Medium,110.24797,-1.88562,False,False,True,True,False,True,Di Luar Area Pantauan (>1000m dari Desa)
Jelai Hulu,Semantun,"Minggu, 20 September 2026 01:28:00",NASA-NOAA20,Medium,111.08086,-2.01427,False,False,True,False,False,True,Di Luar Area Pantauan (>1000m dari Desa)
Simpang Hilir,Lubuk Batu,"Minggu, 20 September 2026 01:28:00",NASA-NOAA20,Medium,110.11201,-0.95368,False,False,False,False,False,False,Di Luar Area Pantauan (>1000m dari Desa)
Simpang Hilir,Batu Barat,"Minggu, 20 September 2026 01:28:00",NASA-NOAA20,Medium,110.02251,-0.93593,False,False,True,True,False,True,Di Luar Area Pantauan (>1000m dari Desa)
Simpang Hilir,Lubuk Batu,"Minggu, 20 September 2026 01:28:00",NASA-NOAA20,Medium,110.11263,-0.94974,False,False,False,False,False,False,Di Luar Area Pantauan (>1000m dari Desa)
Simpang Hilir,Lubuk Batu,"Minggu, 20 September 2026 01:28:00",NASA-NOAA20,Medium,110.10257,-0.9482,False,False,False,False,False,False,Di Luar Area Pantauan (>1000m dari Desa)
Simpang Hilir,Matan Jaya,"Minggu, 20 September 2026 01:28:00",NASA-NOAA20,Medium,110.13263,-1.10575,False,False,True,True,True,True,Di Luar Area Pantauan (>1000m dari Desa)
Simpang Hilir,Batu Barat,"Minggu, 20 September 2026 01:28:00",NASA-NOAA20,Medium,110.02869,-0.92884,False,False,True,True,False,True,Di Luar Area Pantauan (>1000m dari Desa)
Matan Hilir Selatan,Sungai Besar,"Minggu, 20 September 2026 01:28:00",NASA-NOAA20,Medium,110.1858,-1.89245,False,False,True,True,False,True,Di Luar Area Pantauan (>1000m dari Desa)
Matan Hilir Selatan,Sungai Besar,"Minggu, 20 September 2026 01:28:00",NASA-NOAA20,Medium,110.1893,-1.893,False,False,True,True,False,True,Di Luar Area Pantauan (>1000m dari Desa)
Matan Hilir Selatan,Sungai Besar,"Minggu, 20 September 2026 01:28:00",NASA-NOAA20,Medium,110.18642,-1.88843,False,False,True,True,False,True,Di Luar Area Pantauan (>1000m dari Desa)
Matan Hilir Selatan,Sungai Besar,"Minggu, 20 September 2026 01:28:00",NASA-NOAA20,Medium,110.18231,-1.89191,False,False,True,True,False,True,Di Luar Area Pantauan (>1000m dari Desa)
Matan Hilir Selatan,Sungai Besar,"Minggu, 20 September 2026 01:28:00",NASA-NOAA20,Medium,110.19054,-1.88496,False,False,True,True,False,True,Di Luar Area Pantauan (>1000m dari Desa)
Matan Hilir Selatan,Sungai Besar,"Minggu, 20 September 2026 01:28:00",NASA-NOAA20,Medium,110.18991,-1.88898,False,False,True,True,False,True,Di Luar Area Pantauan (>1000m dari Desa)
Tumbang Titi,Jungkal,"Minggu, 20 September 2026 01:28:00",NASA-NOAA20,Medium,110.42656,-1.93836,False,False,False,False,False,False,Di Luar Area Pantauan (>1000m dari Desa)
Matan Hilir Selatan,Sungai Pelang,"Minggu, 20 September 2026 01:28:00",NASA-NOAA20,Medium,110.11553,-1.91018,False,False,False,True,False,True,Di Luar Area Pantauan (>1000m dari Desa)
Jelai Hulu,Semantun,"Minggu, 20 September 2026 01:28:00",NASA-NOAA20,Medium,111.02998,-2.05444,False,False,False,False,False,False,Di Luar Area Pantauan (>1000m dari Desa)
Matan Hilir Selatan,Pematang Gadung,"Minggu, 20 September 2026 01:28:00",NASA-NOAA20,Medium,110.14223,-1.99405,False,False,False,False,False,False,Di Luar Area Pantauan (>1000m dari Desa)
Matan Hilir Selatan,Pesaguan Kanan,"Minggu, 20 September 2026 01:28:00",NASA-NOAA20,Medium,110.20838,-2.05463,False,False,False,True,False,True,Di Luar Area Pantauan (>1000m dari Desa)
Matan Hilir Selatan,Sungai Nanjung,"Minggu, 20 September 2026 01:28:00",NASA-NOAA20,Medium,110.18336,-2.10035,False,False,False,True,False,True,Di Luar Area Pantauan (>1000m dari Desa)
Kendawangan,Pangkalan Batu,"Minggu, 20 September 2026 01:28:00",NASA-NOAA20,Medium,110.35312,-2.13502,False,False,False,False,False,False,Di Luar Area Pantauan (>1000m dari Desa)
Matan Hilir Selatan,Sungai Nanjung,"Minggu, 20 September 2026 01:28:00",NASA-NOAA20,Medium,110.18311,-2.12509,False,False,True,True,False,True,Di Luar Area Pantauan (>1000m dari Desa)
Matan Hilir Selatan,Sungai Nanjung,"Minggu, 20 September 2026 01:28:00",NASA-NOAA20,Medium,110.18664,-2.12564,False,False,True,True,False,True,Di Luar Area Pantauan (>1000m dari Desa)
Matan Hilir Selatan,Sungai Nanjung,"Minggu, 20 September 2026 01:28:00",NASA-NOAA20,Medium,110.17959,-2.12454,False,False,True,True,False,True,Di Luar Area Pantauan (>1000m dari Desa)
Matan Hilir Selatan,Sungai Nanjung,"Minggu, 20 September 2026 01:28:00",NASA-NOAA20,Medium,110.22906,-2.13229,False,False,False,False,False,False,Di Luar Area Pantauan (>1000m dari Desa)
Matan Hilir Selatan,Sungai Nanjung,"Minggu, 20 September 2026 01:28:00",NASA-NOAA20,Medium,110.22169,-2.15599,False,False,True,True,False,True,Di Luar Area Pantauan (>1000m dari Desa)
Matan Hilir Selatan,Sungai Nanjung,"Minggu, 20 September 2026 01:28:00",NASA-NOAA20,Medium,110.2326,-2.13284,False,False,False,False,False,False,Di Luar Area Pantauan (>1000m dari Desa)
Matan Hilir Selatan,Sungai Nanjung,"Minggu, 20 September 2026 01:28:00",NASA-NOAA20,Medium,110.17545,-2.12801,False,False,True,True,False,True,Di Luar Area Pantauan (>1000m dari Desa)
Matan Hilir Selatan,Sungai Nanjung,"Minggu, 20 September 2026 01:28:00",NASA-NOAA20,Medium,110.2365,-2.15418,False,False,True,True,False,True,Di Luar Area Pantauan (>1000m dari Desa)
Matan Hilir Selatan,Sungai Nanjung,"Minggu, 20 September 2026 01:28:00",NASA-NOAA20,Medium,110.24069,-2.1507,False,False,True,True,False,True,Di Luar Area Pantauan (>1000m dari Desa)
Simpang Hilir,Matan Jaya,"Minggu, 20 September 2026 01:28:00",NASA-NOAA20,Medium,110.37952,-1.21521,False,False,True,False,True,True,Di Luar Area Pantauan (>1000m dari Desa)
Matan Hilir Selatan,Sungai Nanjung,"Minggu, 20 September 2026 01:28:00",NASA-NOAA20,Medium,110.23714,-2.15014,False,False,True,True,False,True,Di Luar Area Pantauan (>1000m dari Desa)
Matan Hilir Selatan,Sungai Nanjung,"Minggu, 20 September 2026 01:28:00",NASA-NOAA20,Medium,110.24781,-2.15182,False,False,True,True,False,True,Di Luar Area Pantauan (>1000m dari Desa)
Matan Hilir Selatan,Sungai Nanjung,"Minggu, 20 September 2026 01:28:00",NASA-NOAA20,Medium,110.2436,-2.15531,False,False,True,True,False,True,Di Luar Area Pantauan (>1000m dari Desa)
Matan Hilir Selatan,Sungai Nanjung,"Minggu, 20 September 2026 01:28:00",NASA-NOAA20,Medium,110.12754,-2.13695,False,False,False,True,False,True,Di Luar Area Pantauan (>1000m dari Desa)
Matan Hilir Selatan,Sungai Nanjung,"Minggu, 20 September 2026 01:28:00",NASA-NOAA20,Medium,110.24005,-2.15475,False,False,True,True,False,True,Di Luar Area Pantauan (>1000m dari Desa)
Matan Hilir Selatan,Sungai Nanjung,"Minggu, 20 September 2026 01:28:00",NASA-NOAA20,Medium,110.25787,-2.15756,False,False,False,False,True,True,Di Luar Area Pantauan (>1000m dari Desa)
Matan Hilir Selatan,Sungai Nanjung,"Minggu, 20 September 2026 01:28:00",NASA-NOAA20,Medium,110.23294,-2.15362,False,False,True,True,False,True,Di Luar Area Pantauan (>1000m dari Desa)
Sukadana,Sedahan Jaya,"Minggu, 20 September 2026 01:28:00",NASA-NOAA20,Medium,110.05186,-1.18116,False,False,True,True,True,True,Di Luar Area Pantauan (>1000m dari Desa)
Pulau Maya,Dusun Besar,"Minggu, 20 September 2026 01:28:00",NASA-NOAA20,Medium,109.4958,-1.12634,False,False,False,True,False,True,Di Luar Area Pantauan (>1000m dari Desa)
Sukadana,Sejahtera,"Minggu, 20 September 2026 01:28:00",NASA-NOAA20,Medium,110.0424,-1.2598,False,False,True,True,True,True,Di Luar Area Pantauan (>1000m dari Desa)
Nanga Tayap,Mensubang,"Minggu, 20 September 2026 01:28:00",NASA-NOAA20,Medium,110.39277,-1.31233,False,False,False,False,False,False,Di Luar Area Pantauan (>1000m dari Desa)
Nanga Tayap,Pangkalan Teluk,"Minggu, 20 September 2026 01:28:00",NASA-NOAA20,Medium,110.36509,-1.30792,False,False,False,False,True,True,Di Luar Area Pantauan (>1000m dari Desa)
Sandai,Istana,"Minggu, 20 September 2026 01:28:00",NASA-NOAA20,Medium,110.52179,-1.23697,False,False,False,False,False,False,Di Luar Area Pantauan (>1000m dari Desa)
Simpang Hilir,Matan Jaya,"Minggu, 20 September 2026 01:28:00",NASA-NOAA20,Medium,110.3613,-1.21654,False,False,True,False,True,True,Di Luar Area Pantauan (>1000m dari Desa)
Pulau Maya,Dusun Besar,"Minggu, 20 September 2026 01:28:00",NASA-NOAA20,Medium,109.50045,-1.12707,False,False,False,True,False,True,Di Luar Area Pantauan (>1000m dari Desa)
Pulau Maya,Dusun Besar,"Minggu, 20 September 2026 01:28:00",NASA-NOAA20,Medium,109.49522,-1.13015,False,False,False,True,False,True,Di Luar Area Pantauan (>1000m dari Desa)
Sukadana,Sedahan Jaya,"Minggu, 20 September 2026 01:28:00",NASA-NOAA20,Medium,110.04625,-1.18433,False,False,True,True,True,True,Di Luar Area Pantauan (>1000m dari Desa)
Sukadana,Sedahan Jaya,"Minggu, 20 September 2026 01:28:00",NASA-NOAA20,Medium,110.05125,-1.18511,False,False,True,True,True,True,Di Luar Area Pantauan (>1000m dari Desa)
Sukadana,Sedahan Jaya,"Minggu, 20 September 2026 01:28:00",NASA-NOAA20,Medium,110.04565,-1.18828,False,False,True,True,True,True,Di Luar Area Pantauan (>1000m dari Desa)
Simpang Hilir,Matan Jaya,"Minggu, 20 September 2026 01:28:00",NASA-NOAA20,Medium,110.35115,-1.23559,False,False,True,False,True,True,Di Luar Area Pantauan (>1000m dari Desa)
Simpang Hilir,Matan Jaya,"Minggu, 20 September 2026 01:28:00",NASA-NOAA20,Medium,110.34704,-1.23907,False,False,True,False,True,True,Di Luar Area Pantauan (>1000m dari Desa)
Sandai,Sandai,"Minggu, 20 September 2026 01:28:00",NASA-NOAA20,Medium,110.52519,-1.26251,False,False,False,False,False,False,Di Luar Area Pantauan (>1000m dari Desa)
Sukadana,Sedahan Jaya,"Minggu, 20 September 2026 01:28:00",NASA-NOAA20,Medium,110.04502,-1.19222,False,False,True,True,True,True,Di Luar Area Pantauan (>1000m dari Desa)
Pulau Maya,Dusun Besar,"Minggu, 20 September 2026 01:28:00",NASA-NOAA20,Medium,109.49928,-1.13469,False,False,False,True,False,True,Di Luar Area Pantauan (>1000m dari Desa)
Pulau Maya,Dusun Besar,"Minggu, 20 September 2026 01:28:00",NASA-NOAA20,Medium,109.50394,-1.13542,False,False,False,True,True,True,Di Luar Area Pantauan (>1000m dari Desa)
Pulau Maya,Dusun Besar,"Minggu, 20 September 2026 01:28:00",NASA-NOAA20,Medium,109.49463,-1.13396,False,False,False,True,False,True,Di Luar Area Pantauan (>1000m dari Desa)
Pulau Maya,Dusun Besar,"Minggu, 20 September 2026 01:28:00",NASA-NOAA20,Medium,109.49986,-1.13088,False,False,False,True,False,True,Di Luar Area Pantauan (>1000m dari Desa)
Pulau Maya,Dusun Besar,"Minggu, 20 September 2026 01:28:00",NASA-NOAA20,Medium,109.47665,-1.12723,False,False,False,False,False,False,Di Luar Area Pantauan (>1000m dari Desa)
Nanga Tayap,Pangkalan Teluk,"Minggu, 20 September 2026 01:28:00",NASA-NOAA20,Medium,110.34879,-1.29707,False,False,True,False,True,True,Di Luar Area Pantauan (>1000m dari Desa)
Nanga Tayap,Mensubang,"Minggu, 20 September 2026 01:28:00",NASA-NOAA20,Medium,110.39724,-1.30891,False,False,False,False,False,False,Di Luar Area Pantauan (>1000m dari Desa)
Nanga Tayap,Pangkalan Teluk,"Minggu, 20 September 2026 01:28:00",NASA-NOAA20,Medium,110.3615,-1.30735,False,False,False,False,True,True,Di Luar Area Pantauan (>1000m dari Desa)
Matan Hilir Utara,Lamon Satong,"Minggu, 20 September 2026 01:28:00",NASA-NOAA20,Medium,110.24727,-1.32788,False,False,True,False,True,True,Di Luar Area Pantauan (>1000m dari Desa)
Nanga Tayap,Pangkalan Teluk,"Minggu, 20 September 2026 01:28:00",NASA-NOAA20,Medium,110.31558,-1.34257,False,False,True,False,True,True,Di Luar Area Pantauan (>1000m dari Desa)
Nanga Tayap,Pangkalan Teluk,"Minggu, 20 September 2026 01:28:00",NASA-NOAA20,Medium,110.44302,-1.36645,False,False,False,False,False,False,Di Luar Area Pantauan (>1000m dari Desa)
Nanga Tayap,Pangkalan Teluk,"Minggu, 20 September 2026 01:28:00",NASA-NOAA20,Medium,110.44241,-1.37051,False,False,False,False,False,False,Di Luar Area Pantauan (>1000m dari Desa)
Matan Hilir Selatan,Sungai Nanjung,"Minggu, 20 September 2026 01:28:00",NASA-NOAA20,Medium,110.22878,-2.15711,False,False,True,True,False,True,Di Luar Area Pantauan (>1000m dari Desa)
Matan Hilir Selatan,Sungai Nanjung,"Minggu, 20 September 2026 01:28:00",NASA-NOAA20,Medium,110.23232,-2.15767,False,False,True,True,False,True,Di Luar Area Pantauan (>1000m dari Desa)
Matan Hilir Selatan,Sungai Nanjung,"Minggu, 20 September 2026 01:28:00",NASA-NOAA20,Medium,110.23943,-2.15879,False,False,True,True,False,True,Di Luar Area Pantauan (>1000m dari Desa)
Matan Hilir Selatan,Sungai Nanjung,"Minggu, 20 September 2026 01:28:00",NASA-NOAA20,Medium,110.22816,-2.16115,False,False,True,True,False,True,Di Luar Area Pantauan (>1000m dari Desa)
Matan Hilir Selatan,Sungai Nanjung,"Minggu, 20 September 2026 01:28:00",NASA-NOAA20,Medium,110.2317,-2.16172,False,False,True,True,False,True,Di Luar Area Pantauan (>1000m dari Desa)
Matan Hilir Selatan,Sungai Nanjung,"Minggu, 20 September 2026 01:28:00",NASA-NOAA20,Medium,110.24297,-2.15936,False,False,True,True,False,True,Di Luar Area Pantauan (>1000m dari Desa)
Manis Mata,Silat,"Minggu, 20 September 2026 01:28:00",NASA-NOAA20,Medium,110.95053,-2.27568,False,False,False,False,False,False,Di Luar Area Pantauan (>1000m dari Desa)
Matan Hilir Selatan,Sungai Nanjung,"Minggu, 20 September 2026 01:28:00",NASA-NOAA20,Medium,110.2462,-2.16035,False,False,True,True,False,True,Di Luar Area Pantauan (>1000m dari Desa)
Matan Hilir Selatan,Sungai Nanjung,"Minggu, 20 September 2026 01:28:00",NASA-NOAA20,Medium,110.2107,-2.15499,False,False,True,True,False,True,Di Luar Area Pantauan (>1000m dari Desa)
Matan Hilir Selatan,Sungai Nanjung,"Minggu, 20 September 2026 01:28:00",NASA-NOAA20,Medium,110.21777,-2.15606,False,False,True,True,False,True,Di Luar Area Pantauan (>1000m dari Desa)
Matan Hilir Selatan,Sungai Nanjung,"Minggu, 20 September 2026 01:28:00",NASA-NOAA20,Medium,110.22131,-2.15659,False,False,True,True,False,True,Di Luar Area Pantauan (>1000m dari Desa)
Manis Mata,Suak Burung,"Minggu, 20 September 2026 01:28:00",NASA-NOAA20,Medium,111.05254,-2.3079,False,False,False,False,False,False,Di Luar Area Pantauan (>1000m dari Desa)
Matan Hilir Selatan,Sungai Nanjung,"Minggu, 20 September 2026 01:28:00",NASA-NOAA20,Medium,110.13886,-2.17709,False,False,False,False,False,False,Di Luar Area Pantauan (>1000m dari Desa)
Matan Hilir Selatan,Sungai Nanjung,"Minggu, 20 September 2026 01:28:00",NASA-NOAA20,Medium,110.12364,-2.18299,False,False,False,False,False,False,Di Luar Area Pantauan (>1000m dari Desa)
Matan Hilir Selatan,Sungai Nanjung,"Minggu, 20 September 2026 01:28:00",NASA-NOAA20,Medium,110.12714,-2.18353,False,False,False,False,False,False,Di Luar Area Pantauan (>1000m dari Desa)
Matan Hilir Selatan,Pagar Mentimun,"Minggu, 20 September 2026 01:28:00",NASA-NOAA20,Medium,110.25423,-2.20307,False,False,True,True,True,True,Di Luar Area Pantauan (>1000m dari Desa)
Matan Hilir Selatan,Sungai Nanjung,"Minggu, 20 September 2026 01:28:00",NASA-NOAA20,Medium,110.12301,-2.18701,False,False,False,False,False,False,Di Luar Area Pantauan (>1000m dari Desa)
Matan Hilir Selatan,Sungai Nanjung,"Minggu, 20 September 2026 01:28:00",NASA-NOAA20,Medium,110.11951,-2.18647,False,False,False,False,False,False,Di Luar Area Pantauan (>1000m dari Desa)
Matan Hilir Selatan,Sungai Nanjung,"Minggu, 20 September 2026 01:28:00",NASA-NOAA20,Medium,110.16798,-2.19807,False,False,False,False,False,False,Di Luar Area Pantauan (>1000m dari Desa)
Matan Hilir Selatan,Pagar Mentimun,"Minggu, 20 September 2026 01:28:00",NASA-NOAA20,Medium,110.1709,-2.20265,False,False,False,False,False,False,Di Luar Area Pantauan (>1000m dari Desa)
Matan Hilir Selatan,Pagar Mentimun,"Minggu, 20 September 2026 01:28:00",NASA-NOAA20,Medium,110.16736,-2.2021,False,False,False,False,False,False,Di Luar Area Pantauan (>1000m dari Desa)
Matan Hilir Selatan,Sungai Nanjung,"Minggu, 20 September 2026 01:28:00",NASA-NOAA20,Medium,110.12527,-2.19559,False,False,False,False,False,False,Di Luar Area Pantauan (>1000m dari Desa)
Matan Hilir Selatan,Pagar Mentimun,"Minggu, 20 September 2026 01:28:00",NASA-NOAA20,Medium,110.17027,-2.20669,False,False,False,False,False,False,Di Luar Area Pantauan (>1000m dari Desa)
Matan Hilir Selatan,Pagar Mentimun,"Minggu, 20 September 2026 01:28:00",NASA-NOAA20,Medium,110.16673,-2.20614,False,False,False,False,False,False,Di Luar Area Pantauan (>1000m dari Desa)
Matan Hilir Selatan,Pagar Mentimun,"Minggu, 20 September 2026 01:28:00",NASA-NOAA20,Medium,110.17379,-2.20723,False,False,False,False,False,False,Di Luar Area Pantauan (>1000m dari Desa)
Kendawangan,Pangkalan Batu,"Minggu, 20 September 2026 01:28:00",NASA-NOAA20,Medium,110.37787,-2.23883,False,False,False,False,False,False,Di Luar Area Pantauan (>1000m dari Desa)
Kendawangan,Pangkalan Batu,"Minggu, 20 September 2026 01:28:00",NASA-NOAA20,Medium,110.38152,-2.23939,False,False,False,False,False,False,Di Luar Area Pantauan (>1000m dari Desa)
Matan Hilir Selatan,Pagar Mentimun,"Minggu, 20 September 2026 01:28:00",NASA-NOAA20,Medium,110.15004,-2.24482,False,False,False,False,False,False,Di Luar Area Pantauan (>1000m dari Desa)
Matan Hilir Selatan,Pagar Mentimun,"Minggu, 20 September 2026 01:28:00",NASA-NOAA20,Medium,110.15417,-2.24135,False,False,False,False,False,False,Di Luar Area Pantauan (>1000m dari Desa)
Matan Hilir Selatan,Pagar Mentimun,"Minggu, 20 September 2026 01:28:00",NASA-NOAA20,Medium,110.11025,-2.24786,False,False,False,False,False,False,Di Luar Area Pantauan (>1000m dari Desa)
Kendawangan,Mekar Utama,"Minggu, 20 September 2026 01:28:00",NASA-NOAA20,Medium,110.2105,-2.3003,False,False,True,False,False,True,Di Luar Area Pantauan (>1000m dari Desa)
Kendawangan,Mekar Utama,"Minggu, 20 September 2026 01:28:00",NASA-NOAA20,Medium,110.22011,-2.28517,False,False,True,False,False,True,Di Luar Area Pantauan (>1000m dari Desa)
Kendawangan,Mekar Utama,"Minggu, 20 September 2026 01:28:00",NASA-NOAA20,Medium,110.22368,-2.28571,False,False,False,False,False,False,Di Luar Area Pantauan (>1000m dari Desa)
Kendawangan,Mekar Utama,"Minggu, 20 September 2026 01:28:00",NASA-NOAA20,Medium,110.21111,-2.29624,False,False,True,False,False,True,Di Luar Area Pantauan (>1000m dari Desa)
Kendawangan,Mekar Utama,"Minggu, 20 September 2026 01:28:00",NASA-NOAA20,Medium,110.21467,-2.29678,False,False,True,False,False,True,Di Luar Area Pantauan (>1000m dari Desa)
Kendawangan,Mekar Utama,"Minggu, 20 September 2026 01:28:00",NASA-NOAA20,Medium,110.21405,-2.30084,False,False,True,False,False,True,Di Luar Area Pantauan (>1000m dari Desa)
Matan Hilir Selatan,Sungai Nanjung,"Minggu, 20 September 2026 01:28:00",NASA-NOAA20,Medium,110.21815,-2.15543,False,False,True,True,False,True,Di Luar Area Pantauan (>1000m dari Desa)
Kendawangan,Pangkalan Batu,"Minggu, 20 September 2026 01:28:00",NASA-NOAA20,Medium,110.40299,-2.19657,False,False,False,False,False,False,Di Luar Area Pantauan (>1000m dari Desa)
Matan Hilir Selatan,Sungai Nanjung,"Minggu, 20 September 2026 01:28:00",NASA-NOAA20,Medium,110.2111,-2.15431,False,False,True,True,False,True,Di Luar Area Pantauan (>1000m dari Desa)
Manis Mata,Silat,"Minggu, 20 September 2026 01:28:00",NASA-NOAA20,Medium,110.91881,-2.27457,False,False,False,False,False,False,Di Luar Area Pantauan (>1000m dari Desa)
Matan Hilir Selatan,Sungai Nanjung,"Minggu, 20 September 2026 01:28:00",NASA-NOAA20,Medium,110.24914,-2.16494,False,False,True,True,True,True,Di Luar Area Pantauan (>1000m dari Desa)
Matan Hilir Selatan,Sungai Nanjung,"Minggu, 20 September 2026 01:28:00",NASA-NOAA20,Medium,110.27706,-2.17332,False,False,True,True,True,True,Di Luar Area Pantauan (>1000m dari Desa)
Matan Hilir Selatan,Sungai Nanjung,"Minggu, 20 September 2026 01:28:00",NASA-NOAA20,Medium,110.12651,-2.18755,False,False,False,False,False,False,Di Luar Area Pantauan (>1000m dari Desa)
Matan Hilir Selatan,Sungai Nanjung,"Minggu, 20 September 2026 01:28:00",NASA-NOAA20,Medium,110.17151,-2.19862,False,False,False,False,False,False,Di Luar Area Pantauan (>1000m dari Desa)
Matan Hilir Selatan,Sungai Nanjung,"Minggu, 20 September 2026 01:28:00",NASA-NOAA20,Medium,110.12588,-2.19157,False,False,False,False,False,False,Di Luar Area Pantauan (>1000m dari Desa)
Matan Hilir Selatan,Pagar Mentimun,"Minggu, 20 September 2026 01:28:00",NASA-NOAA20,Medium,110.17855,-2.1997,False,False,False,False,False,False,Di Luar Area Pantauan (>1000m dari Desa)
Matan Hilir Utara,Kuala Tolak,"Minggu, 20 September 2026 01:28:00",NASA-NOAA20,Medium,110.17985,-1.47467,False,False,False,True,False,True,Di Luar Area Pantauan (>1000m dari Desa)
Matan Hilir Utara,Kuala Tolak,"Minggu, 20 September 2026 01:28:00",NASA-NOAA20,Medium,110.15614,-1.49136,False,False,False,True,False,True,Di Luar Area Pantauan (>1000m dari Desa)
Muara Pawan,Ulak Medang,"Minggu, 20 September 2026 01:28:00",NASA-NOAA20,Medium,110.22103,-1.50579,False,False,True,True,False,True,Di Luar Area Pantauan (>1000m dari Desa)
Kendawangan,Bangkal Serai,"Minggu, 20 September 2026 01:28:00",NASA-NOAA20,Medium,110.51945,-2.42616,False,False,False,False,False,False,Di Luar Area Pantauan (>1000m dari Desa)
Kendawangan,Bangkal Serai,"Minggu, 20 September 2026 01:28:00",NASA-NOAA20,Medium,110.51881,-2.4303,False,False,False,False,False,False,Di Luar Area Pantauan (>1000m dari Desa)
Matan Hilir Utara,Lamon Satong,"Minggu, 20 September 2026 01:28:00",NASA-NOAA20,Medium,110.21281,-1.39794,False,False,False,False,False,False,Di Luar Area Pantauan (>1000m dari Desa)
Matan Hilir Utara,Lamon Satong,"Minggu, 20 September 2026 01:28:00",NASA-NOAA20,Medium,110.20403,-1.40888,False,False,False,True,False,True,Di Luar Area Pantauan (>1000m dari Desa)
Nanga Tayap,Simpang Tiga Sembelangaan,"Minggu, 20 September 2026 01:28:00",NASA-NOAA20,Medium,110.3116,-1.42534,False,False,False,False,True,True,Di Luar Area Pantauan (>1000m dari Desa)
Matan Hilir Utara,Lamon Satong,"Minggu, 20 September 2026 01:28:00",NASA-NOAA20,Medium,110.21564,-1.39668,False,False,False,False,False,False,Di Luar Area Pantauan (>1000m dari Desa)
Matan Hilir Utara,Lamon Satong,"Minggu, 20 September 2026 01:28:00",NASA-NOAA20,Medium,110.20814,-1.39957,False,False,False,True,False,True,Di Luar Area Pantauan (>1000m dari Desa)
Matan Hilir Utara,Lamon Satong,"Minggu, 20 September 2026 01:28:00",NASA-NOAA20,Medium,110.21502,-1.40067,False,False,False,True,False,True,Di Luar Area Pantauan (>1000m dari Desa)
Nanga Tayap,Simpang Tiga Sembelangaan,"Minggu, 20 September 2026 01:28:00",NASA-NOAA20,Medium,110.33562,-1.41994,False,False,True,False,True,True,Di Luar Area Pantauan (>1000m dari Desa)
Matan Hilir Utara,Lamon Satong,"Minggu, 20 September 2026 01:28:00",NASA-NOAA20,Medium,110.20058,-1.40835,False,False,False,True,False,True,Di Luar Area Pantauan (>1000m dari Desa)
Matan Hilir Utara,Lamon Satong,"Minggu, 20 September 2026 01:28:00",NASA-NOAA20,Medium,110.19713,-1.40782,False,False,False,True,False,True,Di Luar Area Pantauan (>1000m dari Desa)
Muara Pawan,Ulak Medang,"Minggu, 20 September 2026 01:28:00",NASA-NOAA20,Medium,110.23357,-1.51352,False,False,True,True,False,True,Di Luar Area Pantauan (>1000m dari Desa)
Nanga Tayap,Lembah Hijau Satu,"Minggu, 20 September 2026 01:28:00",NASA-NOAA20,Medium,110.4865,-1.56872,False,False,False,False,False,False,Di Luar Area Pantauan (>1000m dari Desa)
Nanga Tayap,Cegolak,"Minggu, 20 September 2026 01:28:00",NASA-NOAA20,Medium,110.68982,-1.61256,False,False,True,False,False,True,Di Luar Area Pantauan (>1000m dari Desa)
Nanga Tayap,Lembah Hijau Dua,"Minggu, 20 September 2026 01:28:00",NASA-NOAA20,Medium,110.46458,-1.5904,False,False,False,False,False,False,Di Luar Area Pantauan (>1000m dari Desa)
Kendawangan,Bangkal Serai,"Minggu, 20 September 2026 01:28:00",NASA-NOAA20,Medium,110.52122,-2.49007,False,False,False,False,True,True,Di Luar Area Pantauan (>1000m dari Desa)
Matan Hilir Utara,Lamon Satong,"Minggu, 20 September 2026 01:28:00",NASA-NOAA20,Medium,110.20935,-1.39741,False,False,False,True,False,True,Di Luar Area Pantauan (>1000m dari Desa)
Nanga Tayap,Simpang Tiga Sembelangaan,"Minggu, 20 September 2026 01:28:00",NASA-NOAA20,Medium,110.30533,-1.39039,False,False,False,False,False,False,Di Luar Area Pantauan (>1000m dari Desa)
Kendawangan,Bangkal Serai,"Minggu, 20 September 2026 01:28:00",NASA-NOAA20,Medium,110.51994,-2.49837,False,False,False,False,True,True,Di Luar Area Pantauan (>1000m dari Desa)
Kendawangan,Seriam,"Minggu, 20 September 2026 01:28:00",NASA-NOAA20,Medium,110.45222,-2.51742,False,False,False,False,True,True,Di Luar Area Pantauan (>1000m dari Desa)
Kendawangan,Bangkal Serai,"Minggu, 20 September 2026 01:28:00",NASA-NOAA20,Medium,110.45592,-2.518,False,False,False,False,True,True,Di Luar Area Pantauan (>1000m dari Desa)
Kendawangan,Bangkal Serai,"Minggu, 20 September 2026 01:28:00",NASA-NOAA20,Medium,110.47008,-2.52447,False,False,False,False,True,True,Di Luar Area Pantauan (>1000m dari Desa)
Kendawangan,Seriam,"Minggu, 20 September 2026 01:28:00",NASA-NOAA20,Medium,110.45015,-2.51523,False,False,False,False,True,True,Di Luar Area Pantauan (>1000m dari Desa)
Kendawangan,Bangkal Serai,"Minggu, 20 September 2026 01:28:00",NASA-NOAA20,Medium,110.4668,-2.53042,False,False,False,False,True,True,Di Luar Area Pantauan (>1000m dari Desa)
Kendawangan,Seriam,"Minggu, 20 September 2026 01:28:00",NASA-NOAA20,Medium,110.45132,-2.53231,False,False,False,False,True,True,Di Luar Area Pantauan (>1000m dari Desa)
Kendawangan,Seriam,"Minggu, 20 September 2026 01:28:00",NASA-NOAA20,Medium,110.44392,-2.53119,False,False,False,False,True,True,Di Luar Area Pantauan (>1000m dari Desa)
Kendawangan,Seriam,"Minggu, 20 September 2026 01:28:00",NASA-NOAA20,Medium,110.44762,-2.53175,False,False,False,False,True,True,Di Luar Area Pantauan (>1000m dari Desa)
Kendawangan,Bangkal Serai,"Minggu, 20 September 2026 01:28:00",NASA-NOAA20,Medium,110.62839,-2.55905,False,False,False,False,False,False,Di Luar Area Pantauan (>1000m dari Desa)
Kendawangan,Bangkal Serai,"Minggu, 20 September 2026 01:28:00",NASA-NOAA20,Medium,110.45308,-2.57064,False,False,False,False,True,True,Di Luar Area Pantauan (>1000m dari Desa)
Kendawangan,Bangkal Serai,"Minggu, 20 September 2026 01:28:00",NASA-NOAA20,Medium,110.45683,-2.57122,False,False,False,False,True,True,Di Luar Area Pantauan (>1000m dari Desa)
Kendawangan,Bangkal Serai,"Minggu, 20 September 2026 01:28:00",NASA-NOAA20,Medium,110.46056,-2.57179,False,False,False,False,True,True,Di Luar Area Pantauan (>1000m dari Desa)
Kendawangan,Bangkal Serai,"Minggu, 20 September 2026 01:28:00",NASA-NOAA20,Medium,110.47175,-2.57351,False,False,False,False,True,True,Di Luar Area Pantauan (>1000m dari Desa)
Kendawangan,Bangkal Serai,"Minggu, 20 September 2026 01:28:00",NASA-NOAA20,Medium,110.46739,-2.57708,False,False,False,False,True,True,Di Luar Area Pantauan (>1000m dari Desa)
Manis Mata,Seguling,"Minggu, 20 September 2026 01:28:00",NASA-NOAA20,Medium,111.09707,-2.67388,False,False,False,True,False,True,Di Luar Area Pantauan (>1000m dari Desa)
Nanga Tayap,Sungai Kelik,"Minggu, 20 September 2026 01:28:00",NASA-NOAA20,Medium,110.42986,-1.5767,False,False,False,False,False,False,Di Luar Area Pantauan (>1000m dari Desa)
Kendawangan,Bangkal Serai,"Minggu, 20 September 2026 01:28:00",NASA-NOAA20,Medium,110.51301,-2.51851,False,False,False,False,True,True,Di Luar Area Pantauan (>1000m dari Desa)
Kendawangan,Seriam,"Minggu, 20 September 2026 01:28:00",NASA-NOAA20,Medium,110.44863,-2.49149,False,False,False,False,False,False,Di Luar Area Pantauan (>1000m dari Desa)
Kendawangan,Bangkal Serai,"Minggu, 20 September 2026 01:28:00",NASA-NOAA20,Medium,110.50925,-2.51792,False,False,False,False,True,True,Di Luar Area Pantauan (>1000m dari Desa)
Kendawangan,Seriam,"Minggu, 20 September 2026 01:28:00",NASA-NOAA20,Medium,110.4479,-2.52096,False,False,False,False,True,True,Di Luar Area Pantauan (>1000m dari Desa)
Kendawangan,Bangkal Serai,"Minggu, 20 September 2026 01:28:00",NASA-NOAA20,Medium,110.45386,-2.51579,False,False,False,False,True,True,Di Luar Area Pantauan (>1000m dari Desa)
Kendawangan,Bangkal Serai,"Minggu, 20 September 2026 01:28:00",NASA-NOAA20,Medium,110.4631,-2.52986,False,False,False,False,True,True,Di Luar Area Pantauan (>1000m dari Desa)
Kendawangan,Seriam,"Minggu, 20 September 2026 01:28:00",NASA-NOAA20,Medium,110.44826,-2.52762,False,False,False,False,True,True,Di Luar Area Pantauan (>1000m dari Desa)
Kendawangan,Bangkal Serai,"Minggu, 20 September 2026 01:28:00",NASA-NOAA20,Medium,110.47112,-2.52684,False,False,False,False,True,True,Di Luar Area Pantauan (>1000m dari Desa)
Kendawangan,Seriam,"Minggu, 20 September 2026 01:28:00",NASA-NOAA20,Medium,110.44519,-2.52293,False,False,False,False,True,True,Di Luar Area Pantauan (>1000m dari Desa)
Kendawangan,Seriam,"Minggu, 20 September 2026 01:28:00",NASA-NOAA20,Medium,110.44083,-2.5265,False,False,False,False,True,True,Di Luar Area Pantauan (>1000m dari Desa)
Kendawangan,Seriam,"Minggu, 20 September 2026 01:28:00",NASA-NOAA20,Medium,110.44454,-2.52706,False,False,False,False,True,True,Di Luar Area Pantauan (>1000m dari Desa)
Kendawangan,Bangkal Serai,"Minggu, 20 September 2026 01:28:00",NASA-NOAA20,Medium,110.45374,-2.56651,False,False,False,False,True,True,Di Luar Area Pantauan (>1000m dari Desa)
Kendawangan,Bangkal Serai,"Minggu, 20 September 2026 01:28:00",NASA-NOAA20,Medium,110.45746,-2.56708,False,False,False,False,True,True,Di Luar Area Pantauan (>1000m dari Desa)
Kendawangan,Bangkal Serai,"Minggu, 20 September 2026 01:28:00",NASA-NOAA20,Medium,110.4612,-2.56766,False,False,False,False,True,True,Di Luar Area Pantauan (>1000m dari Desa)
Kendawangan,Bangkal Serai,"Minggu, 20 September 2026 01:28:00",NASA-NOAA20,Medium,110.47239,-2.56938,False,False,False,False,True,True,Di Luar Area Pantauan (>1000m dari Desa)
Matan Hilir Utara,Tanjung Baik Budi,"Minggu, 20 September 2026 01:28:00",NASA-NOAA20,Medium,110.13547,-1.5312,False,False,True,True,False,True,Di Luar Area Pantauan (>1000m dari Desa)
Matan Hilir Utara,Tanjung Baik Budi,"Minggu, 20 September 2026 01:28:00",NASA-NOAA20,Medium,110.18769,-1.53518,False,False,True,True,False,True,Di Luar Area Pantauan (>1000m dari Desa)
Matan Hilir Utara,Tanjung Baik Budi,"Minggu, 20 September 2026 01:28:00",NASA-NOAA20,Medium,110.17398,-1.53307,False,False,False,True,False,True,Di Luar Area Pantauan (>1000m dari Desa)
Kendawangan,Bangkal Serai,"Minggu, 20 September 2026 01:28:00",NASA-NOAA20,Medium,110.4705,-2.58179,False,False,False,False,True,True,Di Luar Area Pantauan (>1000m dari Desa)
Kendawangan,Bangkal Serai,"Minggu, 20 September 2026 01:28:00",NASA-NOAA20,Medium,110.46675,-2.58122,False,False,False,False,True,True,Di Luar Area Pantauan (>1000m dari Desa)
Kendawangan,Bangkal Serai,"Minggu, 20 September 2026 01:28:00",NASA-NOAA20,Medium,110.46302,-2.58064,False,False,False,False,True,True,Di Luar Area Pantauan (>1000m dari Desa)
Nanga Tayap,Lembah Hijau Satu,"Minggu, 20 September 2026 01:28:00",NASA-NOAA20,Medium,110.49369,-1.56982,False,False,False,False,False,False,Di Luar Area Pantauan (>1000m dari Desa)
Nanga Tayap,Lembah Hijau Satu,"Minggu, 20 September 2026 01:28:00",NASA-NOAA20,Medium,110.49009,-1.56927,False,False,False,False,False,False,Di Luar Area Pantauan (>1000m dari Desa)
Nanga Tayap,Lembah Hijau Dua,"Minggu, 20 September 2026 01:28:00",NASA-NOAA20,Medium,110.44065,-1.57836,False,False,False,False,False,False,Di Luar Area Pantauan (>1000m dari Desa)
Nanga Tayap,Betenung,"Minggu, 20 September 2026 01:28:00",NASA-NOAA20,Medium,110.83887,-1.56573,False,False,True,False,False,True,Di Luar Area Pantauan (>1000m dari Desa)
Nanga Tayap,Simpang Tiga Sembelangaan,"Minggu, 20 September 2026 01:28:00",NASA-NOAA20,Medium,110.36139,-1.49503,False,False,True,False,True,True,Di Luar Area Pantauan (>1000m dari Desa)
Matan Hilir Utara,Kuala Tolak,"Minggu, 20 September 2026 01:28:00",NASA-NOAA20,Medium,110.12785,-1.47055,False,False,False,True,False,True,Di Luar Area Pantauan (>1000m dari Desa)
Muara Pawan,Ulak Medang,"Minggu, 20 September 2026 01:28:00",NASA-NOAA20,Medium,110.24339,-1.51912,False,False,True,True,False,True,Di Luar Area Pantauan (>1000m dari Desa)
Matan Hilir Utara,Kuala Tolak,"Minggu, 20 September 2026 01:28:00",NASA-NOAA20,Medium,110.17336,-1.4941,False,False,False,True,False,True,Di Luar Area Pantauan (>1000m dari Desa)
Muara Pawan,Ulak Medang,"Minggu, 20 September 2026 01:28:00",NASA-NOAA20,Medium,110.22041,-1.50979,False,False,True,True,False,True,Di Luar Area Pantauan (>1000m dari Desa)
Nanga Tayap,Betenung,"Minggu, 20 September 2026 01:28:00",NASA-NOAA20,Medium,110.82946,-1.60275,False,False,False,False,False,False,Di Luar Area Pantauan (>1000m dari Desa)
Muara Pawan,Ulak Medang,"Minggu, 20 September 2026 01:28:00",NASA-NOAA20,Medium,110.28238,-1.52095,False,False,True,True,False,True,Di Luar Area Pantauan (>1000m dari Desa)
Muara Pawan,Ulak Medang,"Minggu, 20 September 2026 01:28:00",NASA-NOAA20,Medium,110.28177,-1.52498,False,False,True,True,False,True,Di Luar Area Pantauan (>1000m dari Desa)
Muara Pawan,Ulak Medang,"Minggu, 20 September 2026 01:28:00",NASA-NOAA20,Medium,110.23991,-1.51859,False,False,True,True,False,True,Di Luar Area Pantauan (>1000m dari Desa)
Matan Hilir Utara,Lamon Satong,"Minggu, 20 September 2026 01:28:00",NASA-NOAA20,Medium,110.21276,-1.51034,False,False,True,True,False,True,Di Luar Area Pantauan (>1000m dari Desa)
Muara Pawan,Ulak Medang,"Minggu, 20 September 2026 01:28:00",NASA-NOAA20,Medium,110.26715,-1.52686,False,False,True,True,False,True,Di Luar Area Pantauan (>1000m dari Desa)
Muara Pawan,Ulak Medang,"Minggu, 20 September 2026 01:28:00",NASA-NOAA20,Medium,110.25669,-1.52526,False,False,True,True,False,True,Di Luar Area Pantauan (>1000m dari Desa)
Matan Hilir Utara,Kuala Tolak,"Minggu, 20 September 2026 01:28:00",NASA-NOAA20,Medium,110.12019,-1.51661,False,False,True,False,False,True,Di Luar Area Pantauan (>1000m dari Desa)
Matan Hilir Utara,Tanjung Baik Budi,"Minggu, 20 September 2026 01:28:00",NASA-NOAA20,Medium,110.17274,-1.54106,False,False,False,True,False,True,Di Luar Area Pantauan (>1000m dari Desa)
Matan Hilir Utara,Tanjung Baik Budi,"Minggu, 20 September 2026 01:28:00",NASA-NOAA20,Medium,110.15891,-1.53892,False,False,True,True,False,True,Di Luar Area Pantauan (>1000m dari Desa)
Muara Pawan,Ulak Medang,"Minggu, 20 September 2026 01:28:00",NASA-NOAA20,Medium,110.27002,-1.53142,False,False,True,True,False,True,Di Luar Area Pantauan (>1000m dari Desa)
Matan Hilir Utara,Tanjung Baik Budi,"Minggu, 20 September 2026 01:28:00",NASA-NOAA20,Medium,110.18079,-1.53412,False,False,True,True,False,True,Di Luar Area Pantauan (>1000m dari Desa)
Matan Hilir Utara,Tanjung Baik Budi,"Minggu, 20 September 2026 01:28:00",NASA-NOAA20,Medium,110.18424,-1.53465,False,False,True,True,False,True,Di Luar Area Pantauan (>1000m dari Desa)
Muara Pawan,Ulak Medang,"Minggu, 20 September 2026 01:28:00",NASA-NOAA20,Medium,110.28298,-1.51979,False,False,True,True,False,True,Di Luar Area Pantauan (>1000m dari Desa)
Muara Pawan,Ulak Medang,"Minggu, 20 September 2026 01:28:00",NASA-NOAA20,Medium,110.26018,-1.5258,False,False,True,True,False,True,Di Luar Area Pantauan (>1000m dari Desa)
Nanga Tayap,Lembah Hijau Satu,"Minggu, 20 September 2026 01:28:00",NASA-NOAA20,Medium,110.50154,-1.56685,False,False,False,False,False,False,Di Luar Area Pantauan (>1000m dari Desa)
Matan Hilir Utara,Tanjung Baik Budi,"Minggu, 20 September 2026 01:28:00",NASA-NOAA20,Medium,110.178,-1.52959,False,False,True,True,False,True,Di Luar Area Pantauan (>1000m dari Desa)
Matan Hilir Utara,Tanjung Baik Budi,"Minggu, 20 September 2026 01:28:00",NASA-NOAA20,Medium,110.17458,-1.52907,False,False,False,True,False,True,Di Luar Area Pantauan (>1000m dari Desa)
Nanga Tayap,Cegolak,"Minggu, 20 September 2026 01:28:00",NASA-NOAA20,Medium,110.68676,-1.60786,False,False,False,False,False,False,Di Luar Area Pantauan (>1000m dari Desa)
Nanga Tayap,Cegolak,"Minggu, 20 September 2026 01:28:00",NASA-NOAA20,Medium,110.69419,-1.609,False,False,True,False,False,True,Di Luar Area Pantauan (>1000m dari Desa)
Matan Hilir Utara,Lamon Satong,"Minggu, 20 September 2026 01:28:00",NASA-NOAA20,Medium,110.20868,-1.51382,False,False,True,True,False,True,Di Luar Area Pantauan (>1000m dari Desa)
Muara Pawan,Ulak Medang,"Minggu, 20 September 2026 01:28:00",NASA-NOAA20,Medium,110.21695,-1.50924,False,False,True,True,False,True,Di Luar Area Pantauan (>1000m dari Desa)
Muara Pawan,Ulak Medang,"Minggu, 20 September 2026 01:28:00",NASA-NOAA20,Medium,110.26428,-1.52231,False,False,True,True,False,True,Di Luar Area Pantauan (>1000m dari Desa)
Muara Pawan,Ulak Medang,"Minggu, 20 September 2026 01:28:00",NASA-NOAA20,Medium,110.2608,-1.52178,False,False,True,True,False,True,Di Luar Area Pantauan (>1000m dari Desa)
Muara Pawan,Ulak Medang,"Minggu, 20 September 2026 01:28:00",NASA-NOAA20,Medium,110.26778,-1.52284,False,False,True,True,False,True,Di Luar Area Pantauan (>1000m dari Desa)
Muara Pawan,Ulak Medang,"Minggu, 20 September 2026 01:28:00",NASA-NOAA20,Medium,110.27827,-1.52444,False,False,True,True,False,True,Di Luar Area Pantauan (>1000m dari Desa)
Kendawangan,Airhitam Hulu,"Minggu, 20 September 2026 01:28:00",NASA-NOAA20,Medium,110.62137,-2.63076,False,False,True,False,False,True,Di Luar Area Pantauan (>1000m dari Desa)
Manis Mata,Jambi,"Minggu, 20 September 2026 01:28:00",NASA-NOAA20,Medium,110.96403,-2.70457,False,False,False,False,False,False,Di Luar Area Pantauan (>1000m dari Desa)
Kendawangan,Air Hitam Besar,"Minggu, 20 September 2026 01:28:00",NASA-NOAA20,Medium,110.72427,-2.68167,False,False,False,False,False,False,Di Luar Area Pantauan (>1000m dari Desa)
Kendawangan,Air Hitam Besar,"Minggu, 20 September 2026 01:28:00",NASA-NOAA20,Medium,110.7275,-2.68647,False,False,False,False,False,False,Di Luar Area Pantauan (>1000m dari Desa)
Kendawangan,Airhitam Hulu,"Minggu, 20 September 2026 01:28:00",NASA-NOAA20,Medium,110.62276,-2.67495,False,False,False,False,False,False,Di Luar Area Pantauan (>1000m dari Desa)
Manis Mata,Suka Ramai,"Minggu, 20 September 2026 01:28:00",NASA-NOAA20,Medium,111.04404,-2.75182,False,False,False,False,False,False,Di Luar Area Pantauan (>1000m dari Desa)
Kendawangan,Air Hitam Besar,"Minggu, 20 September 2026 01:28:00",NASA-NOAA20,Medium,110.65411,-2.70117,False,False,False,False,False,False,Di Luar Area Pantauan (>1000m dari Desa)
Kendawangan,Danau Buntar,"Minggu, 20 September 2026 01:28:00",NASA-NOAA20,Medium,110.88045,-2.74008,False,False,True,True,False,True,Di Luar Area Pantauan (>1000m dari Desa)
Kendawangan,Kendawangan Kanan,"Minggu, 20 September 2026 01:28:00",NASA-NOAA20,Medium,110.23734,-2.65828,False,False,False,True,True,True,Di Luar Area Pantauan (>1000m dari Desa)
Kendawangan,Air Hitam Besar,"Minggu, 20 September 2026 01:28:00",NASA-NOAA20,Medium,110.69338,-2.72871,False,False,False,False,False,False,Di Luar Area Pantauan (>1000m dari Desa)
Kendawangan,Air Hitam Besar,"Minggu, 20 September 2026 01:28:00",NASA-NOAA20,Medium,110.69724,-2.72931,False,False,False,False,False,False,Di Luar Area Pantauan (>1000m dari Desa)
Kendawangan,Air Hitam Besar,"Minggu, 20 September 2026 01:28:00",NASA-NOAA20,Medium,110.74588,-2.77576,False,False,False,True,False,True,Di Luar Area Pantauan (>1000m dari Desa)
Kendawangan,Danau Buntar,"Minggu, 20 September 2026 01:28:00",NASA-NOAA20,Medium,110.96103,-2.77874,False,False,False,False,False,False,Di Luar Area Pantauan (>1000m dari Desa)
Kendawangan,Danau Buntar,"Minggu, 20 September 2026 01:28:00",NASA-NOAA20,Medium,110.95629,-2.7824,False,False,False,False,False,False,Di Luar Area Pantauan (>1000m dari Desa)
Kendawangan,Danau Buntar,"Minggu, 20 September 2026 01:28:00",NASA-NOAA20,Medium,110.96442,-2.78366,False,False,False,False,False,False,Di Luar Area Pantauan (>1000m dari Desa)
Kendawangan,Danau Buntar,"Minggu, 20 September 2026 01:28:00",NASA-NOAA20,Medium,110.95224,-2.78178,False,False,False,False,False,False,Di Luar Area Pantauan (>1000m dari Desa)
Kendawangan,Danau Buntar,"Minggu, 20 September 2026 01:28:00",NASA-NOAA20,Medium,110.9678,-2.78858,False,False,False,False,False,False,Di Luar Area Pantauan (>1000m dari Desa)
Kendawangan,Danau Buntar,"Minggu, 20 September 2026 01:28:00",NASA-NOAA20,Medium,110.97186,-2.78921,False,False,False,False,False,False,Di Luar Area Pantauan (>1000m dari Desa)
Manis Mata,Suka Ramai,"Minggu, 20 September 2026 01:28:00",NASA-NOAA20,Medium,110.99211,-2.79235,False,False,False,False,False,False,Di Luar Area Pantauan (>1000m dari Desa)
Kendawangan,Danau Buntar,"Minggu, 20 September 2026 01:28:00",NASA-NOAA20,Medium,110.95967,-2.78732,False,False,False,False,False,False,Di Luar Area Pantauan (>1000m dari Desa)
Kendawangan,Danau Buntar,"Minggu, 20 September 2026 01:28:00",NASA-NOAA20,Medium,110.96375,-2.78795,False,False,False,False,False,False,Di Luar Area Pantauan (>1000m dari Desa)
Kendawangan,Danau Buntar,"Minggu, 20 September 2026 01:28:00",NASA-NOAA20,Medium,110.97591,-2.78984,False,False,False,False,False,False,Di Luar Area Pantauan (>1000m dari Desa)
Kendawangan,Airhitam Hulu,"Minggu, 20 September 2026 01:28:00",NASA-NOAA20,Medium,110.62649,-2.62299,False,False,True,False,False,True,Di Luar Area Pantauan (>1000m dari Desa)
Kendawangan,Airhitam Hulu,"Minggu, 20 September 2026 01:28:00",NASA-NOAA20,Medium,110.60938,-2.66008,False,False,False,False,False,False,Di Luar Area Pantauan (>1000m dari Desa)
Manis Mata,Suka Ramai,"Minggu, 20 September 2026 01:28:00",NASA-NOAA20,Medium,111.0434,-2.75614,False,False,False,False,False,False,Di Luar Area Pantauan (>1000m dari Desa)
Kendawangan,Air Hitam Besar,"Minggu, 20 September 2026 01:28:00",NASA-NOAA20,Medium,110.65475,-2.69697,False,False,False,False,False,False,Di Luar Area Pantauan (>1000m dari Desa)
Kendawangan,Air Hitam Besar,"Minggu, 20 September 2026 01:28:00",NASA-NOAA20,Medium,110.69662,-2.73353,False,False,False,False,False,False,Di Luar Area Pantauan (>1000m dari Desa)
Kendawangan,Danau Buntar,"Minggu, 20 September 2026 01:28:00",NASA-NOAA20,Medium,110.95696,-2.77812,False,False,False,False,False,False,Di Luar Area Pantauan (>1000m dari Desa)
Kendawangan,Danau Buntar,"Minggu, 20 September 2026 01:28:00",NASA-NOAA20,Medium,110.95292,-2.77749,False,False,False,False,False,False,Di Luar Area Pantauan (>1000m dari Desa)
Kendawangan,Danau Buntar,"Minggu, 20 September 2026 01:28:00",NASA-NOAA20,Medium,110.96035,-2.78303,False,False,False,False,False,False,Di Luar Area Pantauan (>1000m dari Desa)
Manis Mata,Suka Ramai,"Minggu, 20 September 2026 01:28:00",NASA-NOAA20,Medium,110.99617,-2.79298,False,False,False,False,False,False,Di Luar Area Pantauan (>1000m dari Desa)
Kendawangan,Danau Buntar,"Minggu, 20 September 2026 01:28:00",NASA-NOAA20,Medium,110.96306,-2.79224,False,False,True,False,False,True,Di Luar Area Pantauan (>1000m dari Desa)
Kendawangan,Danau Buntar,"Minggu, 20 September 2026 01:28:00",NASA-NOAA20,Medium,110.959,-2.79161,False,False,True,False,False,True,Di Luar Area Pantauan (>1000m dari Desa)
Kendawangan,Danau Buntar,"Minggu, 20 September 2026 01:28:00",NASA-NOAA20,Medium,110.97121,-2.79351,False,False,False,False,False,False,Di Luar Area Pantauan (>1000m dari Desa)
Kendawangan,Danau Buntar,"Minggu, 20 September 2026 01:28:00",NASA-NOAA20,Medium,110.96712,-2.79287,False,False,False,False,False,False,Di Luar Area Pantauan (>1000m dari Desa)
Kendawangan,Danau Buntar,"Minggu, 20 September 2026 01:28:00",NASA-NOAA20,Medium,110.96239,-2.79653,False,False,True,False,False,True,Di Luar Area Pantauan (>1000m dari Desa)
Nanga Tayap,Lembah Hijau Dua,"Minggu, 20 September 2026 01:28:00",NASA-NOAA20,Medium,110.43344,-1.57725,False,False,False,False,False,False,Di Luar Area Pantauan (>1000m dari Desa)
Matan Hilir Utara,Tanjung Baik Budi,"Minggu, 20 September 2026 01:28:00",NASA-NOAA20,Medium,110.13829,-1.53572,False,False,True,True,False,True,Di Luar Area Pantauan (>1000m dari Desa)
Matan Hilir Utara,Sungai Putri,"Minggu, 20 September 2026 01:28:00",NASA-NOAA20,Medium,110.0957,-1.5617,False,False,True,True,False,True,Di Luar Area Pantauan (>1000m dari Desa)
Nanga Tayap,Lembah Hijau Dua,"Minggu, 20 September 2026 01:28:00",NASA-NOAA20,Medium,110.47118,-1.5956,False,False,True,False,False,True,Di Luar Area Pantauan (>1000m dari Desa)
Nanga Tayap,Lembah Hijau Dua,"Minggu, 20 September 2026 01:28:00",NASA-NOAA20,Medium,110.46758,-1.59504,False,False,True,False,False,True,Di Luar Area Pantauan (>1000m dari Desa)
Kendawangan,Seriam,"Minggu, 20 September 2026 01:28:00",NASA-NOAA20,Medium,110.35863,-2.71917,False,False,False,False,True,True,Di Luar Area Pantauan (>1000m dari Desa)
Kendawangan,Air Hitam Besar,"Minggu, 20 September 2026 01:28:00",NASA-NOAA20,Medium,110.74915,-2.78061,False,False,False,True,False,True,Di Luar Area Pantauan (>1000m dari Desa)
Kendawangan,Air Hitam Besar,"Minggu, 20 September 2026 01:28:00",NASA-NOAA20,Medium,110.74851,-2.78484,False,False,False,True,False,True,Di Luar Area Pantauan (>1000m dari Desa)
Kendawangan,Air Hitam Besar,"Minggu, 20 September 2026 01:28:00",NASA-NOAA20,Medium,110.75244,-2.78545,False,False,False,True,False,True,Di Luar Area Pantauan (>1000m dari Desa)
Kendawangan,Seriam,"Minggu, 20 September 2026 01:28:00",NASA-NOAA20,Medium,110.35932,-2.71776,False,False,False,False,True,True,Di Luar Area Pantauan (>1000m dari Desa)
Kendawangan,Air Hitam Besar,"Minggu, 20 September 2026 01:28:00",NASA-NOAA20,Medium,110.74685,-2.77566,False,False,False,True,False,True,Di Luar Area Pantauan (>1000m dari Desa)
Kendawangan,Seriam,"Minggu, 20 September 2026 01:28:00",NASA-NOAA20,Medium,110.36111,-2.73067,False,False,False,False,True,True,Di Luar Area Pantauan (>1000m dari Desa)
Kendawangan,Seriam,"Minggu, 20 September 2026 01:28:00",NASA-NOAA20,Medium,110.3648,-2.73122,False,False,False,False,True,True,Di Luar Area Pantauan (>1000m dari Desa)
Kendawangan,Natai Kuini,"Minggu, 20 September 2026 01:28:00",NASA-NOAA20,Medium,110.78232,-2.80698,False,False,False,True,False,True,Di Luar Area Pantauan (>1000m dari Desa)
Kendawangan,Natai Kuini,"Minggu, 20 September 2026 01:28:00",NASA-NOAA20,Medium,110.78625,-2.80758,False,False,True,True,False,True,Di Luar Area Pantauan (>1000m dari Desa)
Kendawangan,Natai Kuini,"Minggu, 20 September 2026 01:28:00",NASA-NOAA20,Medium,110.78167,-2.81123,False,False,False,True,False,True,Di Luar Area Pantauan (>1000m dari Desa)
Kendawangan,Natai Kuini,"Minggu, 20 September 2026 01:28:00",NASA-NOAA20,Medium,110.78562,-2.81182,False,False,False,True,False,True,Di Luar Area Pantauan (>1000m dari Desa)
Kendawangan,Pembedilan,"Minggu, 20 September 2026 01:28:00",NASA-NOAA20,Medium,110.37464,-2.86628,False,False,False,False,True,True,Di Luar Area Pantauan (>1000m dari Desa)
Kendawangan,Pembedilan,"Minggu, 20 September 2026 01:28:00",NASA-NOAA20,Medium,110.37401,-2.87041,False,False,False,False,True,True,Di Luar Area Pantauan (>1000m dari Desa)
Kendawangan,Pembedilan,"Minggu, 20 September 2026 01:28:00",NASA-NOAA20,Medium,110.36967,-2.87397,False,False,False,False,True,True,Di Luar Area Pantauan (>1000m dari Desa)
Kendawangan,Natai Kuini,"Minggu, 20 September 2026 01:28:00",NASA-NOAA20,Medium,110.77772,-2.81063,False,False,False,True,False,True,Di Luar Area Pantauan (>1000m dari Desa)
Kendawangan,Danau Buntar,"Minggu, 20 September 2026 01:28:00",NASA-NOAA20,Medium,110.96645,-2.79716,False,False,True,False,False,True,Di Luar Area Pantauan (>1000m dari Desa)
Kendawangan,Danau Buntar,"Minggu, 20 September 2026 01:28:00",NASA-NOAA20,Medium,110.96172,-2.80082,False,False,True,False,False,True,Di Luar Area Pantauan (>1000m dari Desa)
Kendawangan,Danau Buntar,"Minggu, 20 September 2026 01:28:00",NASA-NOAA20,Medium,110.9658,-2.80146,False,False,True,False,False,True,Di Luar Area Pantauan (>1000m dari Desa)
Kendawangan,Seriam,"Minggu, 20 September 2026 01:28:00",NASA-NOAA20,Medium,110.36787,-2.7359,False,False,False,False,True,True,Di Luar Area Pantauan (>1000m dari Desa)
Nanga Tayap,Lembah Hijau Dua,"Minggu, 20 September 2026 01:28:00",NASA-NOAA20,Medium,110.44592,-1.59168,False,False,False,False,False,False,Di Luar Area Pantauan (>1000m dari Desa)
Matan Hilir Utara,Sungai Putri,"Minggu, 20 September 2026 01:28:00",NASA-NOAA20,Medium,110.09631,-1.55773,False,False,True,True,False,True,Di Luar Area Pantauan (>1000m dari Desa)
Matan Hilir Utara,Tanjung Baik Budi,"Minggu, 20 September 2026 01:28:00",NASA-NOAA20,Medium,110.16052,-1.55144,False,False,False,True,False,True,Di Luar Area Pantauan (>1000m dari Desa)
Nanga Tayap,Lembah Hijau Dua,"Minggu, 20 September 2026 01:28:00",NASA-NOAA20,Medium,110.45972,-1.59799,False,False,False,False,False,False,Di Luar Area Pantauan (>1000m dari Desa)
Matan Hilir Utara,Tanjung Baik Budi,"Minggu, 20 September 2026 01:28:00",NASA-NOAA20,Medium,110.16335,-1.55597,False,False,True,True,False,True,Di Luar Area Pantauan (>1000m dari Desa)
Matan Hilir Utara,Tanjung Baik Budi,"Minggu, 20 September 2026 01:28:00",NASA-NOAA20,Medium,110.09812,-1.54579,False,False,True,True,False,True,Di Luar Area Pantauan (>1000m dari Desa)
Nanga Tayap,Cegolak,"Minggu, 20 September 2026 01:28:00",NASA-NOAA20,Medium,110.69207,-1.64683,False,False,False,False,False,False,Di Luar Area Pantauan (>1000m dari Desa)
Nanga Tayap,Cegolak,"Minggu, 20 September 2026 01:28:00",NASA-NOAA20,Medium,110.69576,-1.64741,False,False,False,False,False,False,Di Luar Area Pantauan (>1000m dari Desa)
Muara Pawan,Ulak Medang,"Minggu, 20 September 2026 01:28:00",NASA-NOAA20,Medium,110.29159,-1.6255,False,False,True,True,False,True,Di Luar Area Pantauan (>1000m dari Desa)
Tumbang Titi,Beringin Rayo,"Minggu, 20 September 2026 01:28:00",NASA-NOAA20,Medium,110.80051,-1.74617,False,False,True,False,False,True,Di Luar Area Pantauan (>1000m dari Desa)
Muara Pawan,Tanjung Pura,"Minggu, 20 September 2026 01:28:00",NASA-NOAA20,Medium,110.21329,-1.69249,False,False,True,True,False,True,Di Luar Area Pantauan (>1000m dari Desa)
Muara Pawan,Tanjung Pura,"Minggu, 20 September 2026 01:28:00",NASA-NOAA20,Medium,110.22727,-1.69468,False,False,False,True,False,True,Di Luar Area Pantauan (>1000m dari Desa)
Muara Pawan,Tanjung Pura,"Minggu, 20 September 2026 01:28:00",NASA-NOAA20,Medium,110.2098,-1.69194,False,False,True,True,False,True,Di Luar Area Pantauan (>1000m dari Desa)
Sungai Melayu Rayak,Makmur Abadi,"Minggu, 20 September 2026 01:28:00",NASA-NOAA20,Medium,110.24478,-1.7646,False,False,False,True,False,True,Di Luar Area Pantauan (>1000m dari Desa)
Muara Pawan,Tanjung Pura,"Minggu, 20 September 2026 01:28:00",NASA-NOAA20,Medium,110.22258,-1.70218,False,False,False,True,False,True,Di Luar Area Pantauan (>1000m dari Desa)
Muara Pawan,Tanjung Pura,"Minggu, 20 September 2026 01:28:00",NASA-NOAA20,Medium,110.17201,-1.70651,False,False,True,True,False,True,Di Luar Area Pantauan (>1000m dari Desa)
Benua Kayong,Negeri Baru,"Minggu, 20 September 2026 01:28:00",NASA-NOAA20,Medium,110.23471,-1.78366,False,False,False,True,False,True,Di Luar Area Pantauan (>1000m dari Desa)
Matan Hilir Selatan,Sungai Pelang,"Minggu, 20 September 2026 01:28:00",NASA-NOAA20,Medium,110.19803,-1.83671,False,False,False,True,False,True,Di Luar Area Pantauan (>1000m dari Desa)
Tumbang Titi,Nanga Kelampai,"Minggu, 20 September 2026 01:28:00",NASA-NOAA20,Medium,110.60902,-1.89912,False,False,False,False,False,False,Di Luar Area Pantauan (>1000m dari Desa)
Matan Hilir Selatan,Sungai Besar,"Minggu, 20 September 2026 01:28:00",NASA-NOAA20,Medium,110.23825,-1.85521,False,False,True,True,False,True,Di Luar Area Pantauan (>1000m dari Desa)
Matan Hilir Selatan,Sungai Pelang,"Minggu, 20 September 2026 01:28:00",NASA-NOAA20,Medium,110.19618,-1.84878,False,False,False,True,False,True,Di Luar Area Pantauan (>1000m dari Desa)
Benua Kayong,Negeri Baru,"Minggu, 20 September 2026 01:28:00",NASA-NOAA20,Medium,110.17541,-1.77443,False,False,False,False,False,False,Di Luar Area Pantauan (>1000m dari Desa)
Muara Pawan,Tanjung Pura,"Minggu, 20 September 2026 01:28:00",NASA-NOAA20,Medium,110.12736,-1.67489,False,False,True,True,False,True,Di Luar Area Pantauan (>1000m dari Desa)
Muara Pawan,Tanjung Pura,"Minggu, 20 September 2026 01:28:00",NASA-NOAA20,Medium,110.12392,-1.67435,False,False,True,True,False,True,Di Luar Area Pantauan (>1000m dari Desa)
Muara Pawan,Tanjung Pura,"Minggu, 20 September 2026 01:28:00",NASA-NOAA20,Medium,110.12048,-1.67381,False,False,True,True,False,True,Di Luar Area Pantauan (>1000m dari Desa)
Muara Pawan,Tanjung Pura,"Minggu, 20 September 2026 01:28:00",NASA-NOAA20,Medium,110.1136,-1.67273,False,False,True,True,False,True,Di Luar Area Pantauan (>1000m dari Desa)
Muara Pawan,Tanjung Pura,"Minggu, 20 September 2026 01:28:00",NASA-NOAA20,Medium,110.21799,-1.685,False,False,True,True,False,True,Di Luar Area Pantauan (>1000m dari Desa)
Muara Pawan,Tanjung Pura,"Minggu, 20 September 2026 01:28:00",NASA-NOAA20,Medium,110.15207,-1.67467,False,False,True,True,False,True,Di Luar Area Pantauan (>1000m dari Desa)
Nanga Tayap,Lembah Hijau Dua,"Minggu, 20 September 2026 01:28:00",NASA-NOAA20,Medium,110.45377,-1.58873,False,False,False,False,False,False,Di Luar Area Pantauan (>1000m dari Desa)
Nanga Tayap,Siantau Raya,"Minggu, 20 September 2026 01:28:00",NASA-NOAA20,Medium,110.48409,-1.65616,False,False,False,False,False,False,Di Luar Area Pantauan (>1000m dari Desa)
Muara Pawan,Ulak Medang,"Minggu, 20 September 2026 01:28:00",NASA-NOAA20,Medium,110.2951,-1.62606,False,False,True,True,False,True,Di Luar Area Pantauan (>1000m dari Desa)
Matan Hilir Selatan,Sungai Besar,"Minggu, 20 September 2026 01:28:00",NASA-NOAA20,Medium,110.2007,-1.86594,False,False,False,True,False,True,Di Luar Area Pantauan (>1000m dari Desa)
Muara Pawan,Ulak Medang,"Minggu, 20 September 2026 01:28:00",NASA-NOAA20,Medium,110.29668,-1.5685,False,False,True,True,False,True,Di Luar Area Pantauan (>1000m dari Desa)
Nanga Tayap,Cegolak,"Minggu, 20 September 2026 01:28:00",NASA-NOAA20,Medium,110.69143,-1.65097,False,False,False,False,False,False,Di Luar Area Pantauan (>1000m dari Desa)
Nanga Tayap,Lembah Hijau Dua,"Minggu, 20 September 2026 01:28:00",NASA-NOAA20,Medium,110.45251,-1.59687,False,False,False,False,False,False,Di Luar Area Pantauan (>1000m dari Desa)
Matan Hilir Utara,Tanjung Baik Budi,"Minggu, 20 September 2026 01:28:00",NASA-NOAA20,Medium,110.18018,-1.53812,False,False,True,True,False,True,Di Luar Area Pantauan (>1000m dari Desa)
Matan Hilir Utara,Tanjung Baik Budi,"Minggu, 20 September 2026 01:28:00",NASA-NOAA20,Medium,110.18362,-1.53865,False,False,True,True,False,True,Di Luar Area Pantauan (>1000m dari Desa)
Matan Hilir Utara,Tanjung Baik Budi,"Minggu, 20 September 2026 01:28:00",NASA-NOAA20,Medium,110.14171,-1.53625,False,False,True,True,False,True,Di Luar Area Pantauan (>1000m dari Desa)
Matan Hilir Utara,Tanjung Baik Budi,"Minggu, 20 September 2026 01:28:00",NASA-NOAA20,Medium,110.14513,-1.53678,False,False,True,True,False,True,Di Luar Area Pantauan (>1000m dari Desa)
Nanga Tayap,Lembah Hijau Dua,"Minggu, 20 September 2026 01:28:00",NASA-NOAA20,Medium,110.43999,-1.58243,False,False,False,False,False,False,Di Luar Area Pantauan (>1000m dari Desa)
Matan Hilir Utara,Tanjung Baik Budi,"Minggu, 20 September 2026 01:28:00",NASA-NOAA20,Medium,110.16114,-1.54744,False,False,True,True,False,True,Di Luar Area Pantauan (>1000m dari Desa)
Nanga Tayap,Siantau Raya,"Minggu, 20 September 2026 01:28:00",NASA-NOAA20,Medium,110.44097,-1.62426,False,False,False,False,False,False,Di Luar Area Pantauan (>1000m dari Desa)
Matan Hilir Selatan,Pesaguan Kanan,"Minggu, 20 September 2026 01:28:00",NASA-NOAA20,Medium,110.17513,-2.03627,False,False,False,True,False,True,Di Luar Area Pantauan (>1000m dari Desa)
Marau,Belaban,"Minggu, 20 September 2026 01:28:00",NASA-NOAA20,Medium,110.63158,-2.10849,False,False,False,False,False,False,Di Luar Area Pantauan (>1000m dari Desa)
Matan Hilir Selatan,Kemuning Biutak,"Minggu, 20 September 2026 01:28:00",NASA-NOAA20,Medium,110.35794,-1.95263,False,False,False,True,False,True,Di Luar Area Pantauan (>1000m dari Desa)
Matan Hilir Selatan,Sungai Besar,"Minggu, 20 September 2026 01:28:00",NASA-NOAA20,Medium,110.21528,-1.86406,False,False,True,True,False,True,Di Luar Area Pantauan (>1000m dari Desa)
Matan Hilir Selatan,Sungai Besar,"Minggu, 20 September 2026 01:28:00",NASA-NOAA20,Medium,110.2258,-1.86568,False,False,True,True,False,True,Di Luar Area Pantauan (>1000m dari Desa)
Matan Hilir Selatan,Sungai Besar,"Minggu, 20 September 2026 01:28:00",NASA-NOAA20,Medium,110.22167,-1.86917,False,False,True,True,False,True,Di Luar Area Pantauan (>1000m dari Desa)
Matan Hilir Selatan,Kemuning Biutak,"Minggu, 20 September 2026 01:28:00",NASA-NOAA20,Medium,110.33582,-1.9576,False,False,False,False,False,False,Di Luar Area Pantauan (>1000m dari Desa)
Matan Hilir Selatan,Kemuning Biutak,"Minggu, 20 September 2026 01:28:00",NASA-NOAA20,Medium,110.33517,-1.95735,False,False,False,False,False,False,Di Luar Area Pantauan (>1000m dari Desa)
Matan Hilir Selatan,Sungai Besar,"Minggu, 20 September 2026 01:28:00",NASA-NOAA20,Medium,110.20417,-1.86647,False,False,False,True,False,True,Di Luar Area Pantauan (>1000m dari Desa)
Matan Hilir Selatan,Sungai Besar,"Minggu, 20 September 2026 01:28:00",NASA-NOAA20,Medium,110.21465,-1.86809,False,False,True,True,False,True,Di Luar Area Pantauan (>1000m dari Desa)
Matan Hilir Selatan,Pematang Gadung,"Minggu, 20 September 2026 01:28:00",NASA-NOAA20,Medium,110.27167,-1.94313,False,False,True,True,False,True,Di Luar Area Pantauan (>1000m dari Desa)
Matan Hilir Selatan,Pesaguan Kanan,"Minggu, 20 September 2026 01:28:00",NASA-NOAA20,Medium,110.23555,-2.04169,False,False,True,True,False,True,Di Luar Area Pantauan (>1000m dari Desa)
Matan Hilir Selatan,Sungai Nanjung,"Minggu, 20 September 2026 01:28:00",NASA-NOAA20,Medium,110.23134,-2.16225,False,False,True,True,False,True,Di Luar Area Pantauan (>1000m dari Desa)
Matan Hilir Selatan,Sungai Nanjung,"Minggu, 20 September 2026 01:28:00",NASA-NOAA20,Medium,110.22778,-2.16171,False,False,True,True,False,True,Di Luar Area Pantauan (>1000m dari Desa)
Matan Hilir Selatan,Sungai Nanjung,"Minggu, 20 September 2026 01:28:00",NASA-NOAA20,Medium,110.23489,-2.16278,False,False,True,True,False,True,Di Luar Area Pantauan (>1000m dari Desa)
Matan Hilir Selatan,Sungai Nanjung,"Minggu, 20 September 2026 01:28:00",NASA-NOAA20,Medium,110.1224,-2.19103,False,False,False,False,False,False,Di Luar Area Pantauan (>1000m dari Desa)
Matan Hilir Selatan,Pagar Mentimun,"Minggu, 20 September 2026 01:28:00",NASA-NOAA20,Medium,110.16611,-2.21017,False,False,False,False,False,False,Di Luar Area Pantauan (>1000m dari Desa)
Kendawangan,Mekar Utama,"Minggu, 20 September 2026 01:28:00",NASA-NOAA20,Medium,110.21949,-2.28923,False,False,True,False,False,True,Di Luar Area Pantauan (>1000m dari Desa)
Kendawangan,Mekar Utama,"Minggu, 20 September 2026 01:28:00",NASA-NOAA20,Medium,110.22662,-2.29031,False,False,False,False,False,False,Di Luar Area Pantauan (>1000m dari Desa)
Kendawangan,Mekar Utama,"Minggu, 20 September 2026 01:28:00",NASA-NOAA20,Medium,110.21529,-2.29273,False,False,True,False,False,True,Di Luar Area Pantauan (>1000m dari Desa)
Kendawangan,Bangkal Serai,"Minggu, 20 September 2026 01:28:00",NASA-NOAA20,Medium,110.46365,-2.5765,False,False,False,False,True,True,Di Luar Area Pantauan (>1000m dari Desa)
Kendawangan,Seriam,"Minggu, 20 September 2026 01:28:00",NASA-NOAA20,Medium,110.34994,-2.49708,False,False,False,False,False,False,Di Luar Area Pantauan (>1000m dari Desa)
Kendawangan,Seriam,"Minggu, 20 September 2026 01:28:00",NASA-NOAA20,Medium,110.448,-2.49562,False,False,False,False,True,True,Di Luar Area Pantauan (>1000m dari Desa)
Kendawangan,Seriam,"Minggu, 20 September 2026 01:28:00",NASA-NOAA20,Medium,110.44889,-2.52349,False,False,False,False,True,True,Di Luar Area Pantauan (>1000m dari Desa)
Kendawangan,Banjar Sari,"Minggu, 20 September 2026 01:28:00",NASA-NOAA20,Medium,110.24258,-2.47183,False,False,False,True,False,True,Di Luar Area Pantauan (>1000m dari Desa)
Kendawangan,Banjar Sari,"Minggu, 20 September 2026 01:28:00",NASA-NOAA20,Medium,110.24619,-2.47239,False,False,False,True,False,True,Di Luar Area Pantauan (>1000m dari Desa)
Kendawangan,Banjar Sari,"Minggu, 20 September 2026 01:28:00",NASA-NOAA20,Medium,110.24978,-2.47296,False,False,False,False,False,False,Di Luar Area Pantauan (>1000m dari Desa)
Kendawangan,Bangkal Serai,"Minggu, 20 September 2026 01:28:00",NASA-NOAA20,Medium,110.46429,-2.57237,False,False,False,False,True,True,Di Luar Area Pantauan (>1000m dari Desa)
Kendawangan,Bangkal Serai,"Minggu, 20 September 2026 01:28:00",NASA-NOAA20,Medium,110.46803,-2.57294,False,False,False,False,True,True,Di Luar Area Pantauan (>1000m dari Desa)
Kendawangan,Airhitam Hulu,"Minggu, 20 September 2026 01:28:00",NASA-NOAA20,Medium,110.60558,-2.65951,False,False,False,False,False,False,Di Luar Area Pantauan (>1000m dari Desa)
Kendawangan,Air Hitam Besar,"Minggu, 20 September 2026 01:28:00",NASA-NOAA20,Medium,110.69274,-2.73293,False,False,False,False,False,False,Di Luar Area Pantauan (>1000m dari Desa)
Manis Mata,Suka Ramai,"Minggu, 20 September 2026 01:28:00",NASA-NOAA20,Medium,110.99001,-2.77882,False,False,False,False,False,False,Di Luar Area Pantauan (>1000m dari Desa)
Kendawangan,Seriam,"Minggu, 20 September 2026 01:28:00",NASA-NOAA20,Medium,110.28339,-2.74831,False,False,False,False,True,True,Di Luar Area Pantauan (>1000m dari Desa)
Kendawangan,Seriam,"Minggu, 20 September 2026 01:28:00",NASA-NOAA20,Medium,110.28703,-2.74887,False,False,False,False,True,True,Di Luar Area Pantauan (>1000m dari Desa)
Kendawangan,Danau Buntar,"Minggu, 20 September 2026 01:28:00",NASA-NOAA20,Medium,110.95833,-2.7959,False,False,True,False,False,True,Di Luar Area Pantauan (>1000m dari Desa)
Kendawangan,Natai Kuini,"Minggu, 20 September 2026 01:28:00",NASA-NOAA20,Medium,110.77377,-2.81003,False,False,False,False,False,False,Di Luar Area Pantauan (>1000m dari Desa)
Kendawangan,Air Hitam Besar,"Minggu, 20 September 2026 01:28:00",NASA-NOAA20,Medium,110.74949,-2.78471,False,False,False,True,False,True,Di Luar Area Pantauan (>1000m dari Desa)
Kendawangan,Air Hitam Besar,"Minggu, 20 September 2026 01:28:00",NASA-NOAA20,Medium,110.75342,-2.7853,False,False,False,True,False,True,Di Luar Area Pantauan (>1000m dari Desa)
Kendawangan,Natai Kuini,"Minggu, 20 September 2026 01:28:00",NASA-NOAA20,Medium,110.77312,-2.81427,False,False,False,False,False,False,Di Luar Area Pantauan (>1000m dari Desa)
Kendawangan,Natai Kuini,"Minggu, 20 September 2026 01:28:00",NASA-NOAA20,Medium,110.77708,-2.81487,False,False,False,True,False,True,Di Luar Area Pantauan (>1000m dari Desa)
Kendawangan,Kendawangan Kanan,"Minggu, 20 September 2026 01:28:00",NASA-NOAA20,Medium,110.2802,-2.79397,False,False,False,True,True,True,Di Luar Area Pantauan (>1000m dari Desa)
Kendawangan,Kendawangan Kanan,"Minggu, 20 September 2026 01:28:00",NASA-NOAA20,Medium,110.2832,-2.79864,False,False,False,True,True,True,Di Luar Area Pantauan (>1000m dari Desa)
Kendawangan,Pembedilan,"Minggu, 20 September 2026 01:28:00",NASA-NOAA20,Medium,110.3747,-2.84093,False,False,False,False,True,True,Di Luar Area Pantauan (>1000m dari Desa)
Kendawangan,Pembedilan,"Minggu, 20 September 2026 01:28:00",NASA-NOAA20,Medium,110.43746,-2.85461,False,False,False,False,True,True,Di Luar Area Pantauan (>1000m dari Desa)
Kendawangan,Pembedilan,"Minggu, 20 September 2026 01:28:00",NASA-NOAA20,Medium,110.37891,-2.76289,False,False,False,False,True,True,Di Luar Area Pantauan (>1000m dari Desa)
Kendawangan,Pembedilan,"Minggu, 20 September 2026 01:28:00",NASA-NOAA20,Medium,110.43684,-2.85876,False,False,False,False,True,True,Di Luar Area Pantauan (>1000m dari Desa)
Kendawangan,Mekar Utama,"Minggu, 20 September 2026 01:28:00",NASA-NOAA20,Medium,110.22306,-2.28977,False,False,False,False,False,False,Di Luar Area Pantauan (>1000m dari Desa)
Kendawangan,Mekar Utama,"Minggu, 20 September 2026 01:28:00",NASA-NOAA20,Medium,110.22243,-2.29382,False,False,False,False,False,False,Di Luar Area Pantauan (>1000m dari Desa)
Kendawangan,Mekar Utama,"Minggu, 20 September 2026 01:28:00",NASA-NOAA20,Medium,110.226,-2.29437,False,False,False,False,False,False,Di Luar Area Pantauan (>1000m dari Desa)
Kendawangan,Mekar Utama,"Minggu, 20 September 2026 01:28:00",NASA-NOAA20,Medium,110.21885,-2.29328,False,False,False,False,False,False,Di Luar Area Pantauan (>1000m dari Desa)
Kendawangan,Seriam,"Minggu, 20 September 2026 01:28:00",NASA-NOAA20,Medium,110.44928,-2.48737,False,False,False,False,False,False,Di Luar Area Pantauan (>1000m dari Desa)
Matan Hilir Selatan,Sungai Nanjung,"Minggu, 20 September 2026 01:28:00",NASA-NOAA20,Medium,110.24654,-2.15992,False,False,True,True,False,True,Di Luar Area Pantauan (>1000m dari Desa)
Matan Hilir Selatan,Sungai Nanjung,"Minggu, 20 September 2026 01:28:00",NASA-NOAA20,Medium,110.2076,-2.15375,False,False,True,True,False,True,Di Luar Area Pantauan (>1000m dari Desa)
Kendawangan,Sungai Jelayan,"Minggu, 20 September 2026 01:28:00",NASA-NOAA20,Medium,110.41461,-2.06998,False,False,False,False,False,False,Di Luar Area Pantauan (>1000m dari Desa)
Matan Hilir Selatan,Pesaguan Kanan,"Minggu, 20 September 2026 01:28:00",NASA-NOAA20,Medium,110.21192,-2.05517,False,False,False,True,False,True,Di Luar Area Pantauan (>1000m dari Desa)
Matan Hilir Selatan,Sungai Nanjung,"Minggu, 20 September 2026 01:28:00",NASA-NOAA20,Medium,110.22842,-2.15766,False,False,True,True,False,True,Di Luar Area Pantauan (>1000m dari Desa)
Matan Hilir Selatan,Sungai Nanjung,"Minggu, 20 September 2026 01:28:00",NASA-NOAA20,Medium,110.23196,-2.1582,False,False,True,True,False,True,Di Luar Area Pantauan (>1000m dari Desa)
Matan Hilir Selatan,Sungai Nanjung,"Minggu, 20 September 2026 01:28:00",NASA-NOAA20,Medium,110.23552,-2.15873,False,False,True,True,False,True,Di Luar Area Pantauan (>1000m dari Desa)
Matan Hilir Selatan,Sungai Nanjung,"Minggu, 20 September 2026 01:28:00",NASA-NOAA20,Medium,110.24263,-2.15981,False,False,True,True,False,True,Di Luar Area Pantauan (>1000m dari Desa)
Matan Hilir Selatan,Sungai Nanjung,"Minggu, 20 September 2026 01:28:00",NASA-NOAA20,Medium,110.23907,-2.15927,False,False,True,True,False,True,Di Luar Area Pantauan (>1000m dari Desa)
Matan Hilir Selatan,Sungai Nanjung,"Minggu, 20 September 2026 01:28:00",NASA-NOAA20,Medium,110.27644,-2.17738,False,False,True,True,True,True,Di Luar Area Pantauan (>1000m dari Desa)
Kendawangan,Pangkalan Batu,"Minggu, 20 September 2026 01:28:00",NASA-NOAA20,Medium,110.40662,-2.19712,False,False,False,False,False,False,Di Luar Area Pantauan (>1000m dari Desa)
Matan Hilir Selatan,Pagar Mentimun,"Minggu, 20 September 2026 01:28:00",NASA-NOAA20,Medium,110.11033,-2.2468,False,False,False,False,False,False,Di Luar Area Pantauan (>1000m dari Desa)
Kendawangan,Bangkal Serai,"Minggu, 20 September 2026 01:28:00",NASA-NOAA20,Medium,110.45505,-2.53287,False,False,False,False,True,True,Di Luar Area Pantauan (>1000m dari Desa)
Kendawangan,Bangkal Serai,"Minggu, 20 September 2026 01:28:00",NASA-NOAA20,Medium,110.45877,-2.53344,False,False,False,False,True,True,Di Luar Area Pantauan (>1000m dari Desa)
Kendawangan,Bangkal Serai,"Minggu, 20 September 2026 01:28:00",NASA-NOAA20,Medium,110.45757,-2.51634,False,False,False,False,True,True,Di Luar Area Pantauan (>1000m dari Desa)
Kendawangan,Danau Buntar,"Minggu, 20 September 2026 01:28:00",NASA-NOAA20,Medium,110.90326,-2.5874,False,False,False,False,False,False,Di Luar Area Pantauan (>1000m dari Desa)
Matan Hilir Selatan,Sungai Nanjung,"Minggu, 20 September 2026 01:28:00",NASA-NOAA20,Medium,110.16445,-2.19753,False,False,False,False,False,False,Di Luar Area Pantauan (>1000m dari Desa)
Matan Hilir Selatan,Pagar Mentimun,"Minggu, 20 September 2026 01:28:00",NASA-NOAA20,Medium,110.17441,-2.2032,False,False,False,False,False,False,Di Luar Area Pantauan (>1000m dari Desa)
Matan Hilir Selatan,Pagar Mentimun,"Minggu, 20 September 2026 01:28:00",NASA-NOAA20,Medium,110.16381,-2.20156,False,False,False,False,False,False,Di Luar Area Pantauan (>1000m dari Desa)
Kendawangan,Pangkalan Batu,"Minggu, 20 September 2026 01:28:00",NASA-NOAA20,Medium,110.38944,-2.23642,False,False,False,False,False,False,Di Luar Area Pantauan (>1000m dari Desa)
Matan Hilir Selatan,Pesaguan Kanan,"Minggu, 20 September 2026 01:28:00",NASA-NOAA20,Medium,110.19596,-2.06513,False,False,True,True,False,True,Di Luar Area Pantauan (>1000m dari Desa)
Manis Mata,Suka Ramai,"Sabtu, 19 September 2026 14:07:00",NASA-SNPP,Medium,110.99873,-2.78817,False,False,False,False,False,False,Di Luar Area Pantauan (>1000m dari Desa)
Kendawangan,Danau Buntar,"Sabtu, 19 September 2026 14:07:00",NASA-SNPP,Medium,110.973,-2.79269,False,False,False,False,False,False,Di Luar Area Pantauan (>1000m dari Desa)
Kendawangan,Danau Buntar,"Sabtu, 19 September 2026 14:07:00",NASA-SNPP,Medium,110.96545,-2.78689,False,False,False,False,False,False,Di Luar Area Pantauan (>1000m dari Desa)
Manis Mata,Suka Ramai,"Sabtu, 19 September 2026 14:07:00",NASA-SNPP,Medium,110.99757,-2.79652,False,False,False,False,False,False,Di Luar Area Pantauan (>1000m dari Desa)
Kendawangan,Danau Buntar,"Sabtu, 19 September 2026 14:07:00",NASA-SNPP,Medium,110.96397,-2.79506,False,False,True,False,False,True,Di Luar Area Pantauan (>1000m dari Desa)
Manis Mata,Suka Ramai,"Sabtu, 19 September 2026 14:07:00",NASA-SNPP,Medium,110.99529,-2.78263,False,False,False,False,False,False,Di Luar Area Pantauan (>1000m dari Desa)
Manis Mata,Suka Ramai,"Sabtu, 19 September 2026 14:07:00",NASA-SNPP,Medium,110.98886,-2.78371,False,False,False,False,False,False,Di Luar Area Pantauan (>1000m dari Desa)
Kendawangan,Pembedilan,"Sabtu, 19 September 2026 14:07:00",NASA-SNPP,Medium,110.40598,-2.82024,False,False,False,False,True,True,Di Luar Area Pantauan (>1000m dari Desa)
Kendawangan,Pembedilan,"Sabtu, 19 September 2026 14:07:00",NASA-SNPP,Medium,110.36387,-2.82064,False,False,False,False,True,True,Di Luar Area Pantauan (>1000m dari Desa)
Kendawangan,Pembedilan,"Sabtu, 19 September 2026 14:07:00",NASA-SNPP,Medium,110.39905,-2.81455,False,False,False,False,True,True,Di Luar Area Pantauan (>1000m dari Desa)
Kendawangan,Pembedilan,"Sabtu, 19 September 2026 14:07:00",NASA-SNPP,Medium,110.35007,-2.80927,False,False,False,False,True,True,Di Luar Area Pantauan (>1000m dari Desa)
Kendawangan,Pembedilan,"Sabtu, 19 September 2026 14:07:00",NASA-SNPP,Medium,110.35588,-2.80826,False,False,False,False,True,True,Di Luar Area Pantauan (>1000m dari Desa)
Kendawangan,Pembedilan,"Sabtu, 19 September 2026 14:07:00",NASA-SNPP,Medium,110.40036,-2.81204,False,False,False,False,True,True,Di Luar Area Pantauan (>1000m dari Desa)
Kendawangan,Pembedilan,"Sabtu, 19 September 2026 14:07:00",NASA-SNPP,Medium,110.36504,-2.81791,False,False,False,False,True,True,Di Luar Area Pantauan (>1000m dari Desa)
Kendawangan,Pembedilan,"Sabtu, 19 September 2026 14:07:00",NASA-SNPP,Medium,110.40146,-2.81874,False,False,False,False,True,True,Di Luar Area Pantauan (>1000m dari Desa)
Kendawangan,Pembedilan,"Sabtu, 19 September 2026 14:07:00",NASA-SNPP,Medium,110.42285,-2.8014,False,False,False,False,True,True,Di Luar Area Pantauan (>1000m dari Desa)
Kendawangan,Pembedilan,"Sabtu, 19 September 2026 14:07:00",NASA-SNPP,Medium,110.35813,-2.81218,False,False,False,False,True,True,Di Luar Area Pantauan (>1000m dari Desa)
Kendawangan,Pembedilan,"Sabtu, 19 September 2026 14:07:00",NASA-SNPP,Medium,110.3523,-2.81315,False,False,False,False,True,True,Di Luar Area Pantauan (>1000m dari Desa)
Kendawangan,Kendawangan Kanan,"Sabtu, 19 September 2026 14:07:00",NASA-SNPP,Medium,110.27724,-2.79145,False,False,False,True,True,True,Di Luar Area Pantauan (>1000m dari Desa)
Kendawangan,Seriam,"Sabtu, 19 September 2026 14:07:00",NASA-SNPP,Medium,110.31348,-2.75789,False,False,False,False,True,True,Di Luar Area Pantauan (>1000m dari Desa)
Kendawangan,Seriam,"Sabtu, 19 September 2026 14:07:00",NASA-SNPP,Medium,110.37765,-2.74695,False,False,False,False,True,True,Di Luar Area Pantauan (>1000m dari Desa)
Kendawangan,Seriam,"Sabtu, 19 September 2026 14:07:00",NASA-SNPP,Medium,110.28813,-2.7485,False,False,False,False,True,True,Di Luar Area Pantauan (>1000m dari Desa)
Kendawangan,Pembedilan,"Sabtu, 19 September 2026 14:07:00",NASA-SNPP,Medium,110.36256,-2.92395,False,False,False,False,True,True,Di Luar Area Pantauan (>1000m dari Desa)
Kendawangan,Pembedilan,"Sabtu, 19 September 2026 14:07:00",NASA-SNPP,Medium,110.36969,-2.81963,False,False,False,False,True,True,Di Luar Area Pantauan (>1000m dari Desa)
Kendawangan,Seriam,"Sabtu, 19 September 2026 14:07:00",NASA-SNPP,Medium,110.37281,-2.75466,False,False,False,False,True,True,Di Luar Area Pantauan (>1000m dari Desa)
Kendawangan,Air Hitam Besar,"Sabtu, 19 September 2026 14:07:00",NASA-SNPP,Medium,110.72825,-2.66548,False,False,False,False,False,False,Di Luar Area Pantauan (>1000m dari Desa)
Kendawangan,Seriam,"Sabtu, 19 September 2026 14:07:00",NASA-SNPP,Medium,110.3465,-2.72166,False,False,False,False,True,True,Di Luar Area Pantauan (>1000m dari Desa)
Kendawangan,Seriam,"Sabtu, 19 September 2026 14:07:00",NASA-SNPP,Medium,110.35131,-2.71398,False,False,False,False,True,True,Di Luar Area Pantauan (>1000m dari Desa)
Kendawangan,Bangkal Serai,"Sabtu, 19 September 2026 14:07:00",NASA-SNPP,Medium,110.46982,-2.52618,False,False,False,False,True,True,Di Luar Area Pantauan (>1000m dari Desa)
Kendawangan,Bangkal Serai,"Sabtu, 19 September 2026 14:07:00",NASA-SNPP,Medium,110.46877,-2.51941,False,False,False,False,True,True,Di Luar Area Pantauan (>1000m dari Desa)
Kendawangan,Bangkal Serai,"Sabtu, 19 September 2026 14:07:00",NASA-SNPP,Medium,110.51618,-2.50439,False,False,False,False,True,True,Di Luar Area Pantauan (>1000m dari Desa)
Singkup,Pantai Ketikal,"Sabtu, 19 September 2026 14:07:00",NASA-SNPP,Medium,110.73785,-2.54428,False,False,False,False,False,False,Di Luar Area Pantauan (>1000m dari Desa)
Kendawangan,Bangkal Serai,"Sabtu, 19 September 2026 14:07:00",NASA-SNPP,Medium,110.51117,-2.51221,False,False,False,False,True,True,Di Luar Area Pantauan (>1000m dari Desa)
Kendawangan,Mekar Utama,"Sabtu, 19 September 2026 14:07:00",NASA-SNPP,Medium,110.22375,-2.27674,False,False,False,False,False,False,Di Luar Area Pantauan (>1000m dari Desa)
Matan Hilir Selatan,Sungai Nanjung,"Sabtu, 19 September 2026 14:07:00",NASA-SNPP,Medium,110.12666,-2.18031,False,False,False,False,False,False,Di Luar Area Pantauan (>1000m dari Desa)
Matan Hilir Selatan,Sungai Pelang,"Sabtu, 19 September 2026 14:07:00",NASA-SNPP,Medium,110.17519,-1.86381,False,False,True,True,False,True,Di Luar Area Pantauan (>1000m dari Desa)
Matan Hilir Selatan,Sungai Besar,"Sabtu, 19 September 2026 14:07:00",NASA-SNPP,Medium,110.20258,-1.8632,False,False,False,True,False,True,Di Luar Area Pantauan (>1000m dari Desa)
Matan Hilir Selatan,Sungai Besar,"Sabtu, 19 September 2026 14:07:00",NASA-SNPP,Medium,110.16431,-1.89013,False,False,True,True,False,True,Di Luar Area Pantauan (>1000m dari Desa)
Sungai Melayu Rayak,Makmur Abadi,"Sabtu, 19 September 2026 14:07:00",NASA-SNPP,Medium,110.26996,-1.69803,False,False,True,True,False,True,Di Luar Area Pantauan (>1000m dari Desa)
Sungai Melayu Rayak,Makmur Abadi,"Sabtu, 19 September 2026 14:07:00",NASA-SNPP,Medium,110.23327,-1.73879,False,False,True,True,False,True,Di Luar Area Pantauan (>1000m dari Desa)
Muara Pawan,Tanjung Pura,"Sabtu, 19 September 2026 14:07:00",NASA-SNPP,Medium,110.23394,-1.66245,False,False,False,False,False,False,Di Luar Area Pantauan (>1000m dari Desa)
Nanga Tayap,Cegolak,"Sabtu, 19 September 2026 14:07:00",NASA-SNPP,Medium,110.68961,-1.61367,False,False,True,False,False,True,Di Luar Area Pantauan (>1000m dari Desa)
Nanga Tayap,Lembah Hijau Dua,"Sabtu, 19 September 2026 14:07:00",NASA-SNPP,Medium,110.46927,-1.6007,False,False,True,False,False,True,Di Luar Area Pantauan (>1000m dari Desa)
Nanga Tayap,Siantau Raya,"Sabtu, 19 September 2026 14:07:00",NASA-SNPP,Medium,110.46302,-1.60173,False,False,True,False,False,True,Di Luar Area Pantauan (>1000m dari Desa)
Nanga Tayap,Lembah Hijau Dua,"Sabtu, 19 September 2026 14:07:00",NASA-SNPP,Medium,110.44108,-1.58426,False,False,False,False,False,False,Di Luar Area Pantauan (>1000m dari Desa)
Nanga Tayap,Lembah Hijau Dua,"Sabtu, 19 September 2026 14:07:00",NASA-SNPP,Medium,110.43381,-1.57844,False,False,False,False,False,False,Di Luar Area Pantauan (>1000m dari Desa)
Nanga Tayap,Lembah Hijau Dua,"Sabtu, 19 September 2026 14:07:00",NASA-SNPP,Medium,110.44008,-1.5774,False,False,False,False,False,False,Di Luar Area Pantauan (>1000m dari Desa)
Sandai,Sandai,"Sabtu, 19 September 2026 14:07:00",NASA-SNPP,Medium,110.53816,-1.30002,False,False,False,False,False,False,Di Luar Area Pantauan (>1000m dari Desa)
Kendawangan,Airhitam Hulu,"Sabtu, 19 September 2026 14:07:00",NASA-SNPP,Medium,110.5442,-2.61927,False,False,False,False,False,False,Di Luar Area Pantauan (>1000m dari Desa)
Kendawangan,Airhitam Hulu,"Sabtu, 19 September 2026 14:07:00",NASA-SNPP,Medium,110.54315,-2.61248,False,False,False,False,False,False,Di Luar Area Pantauan (>1000m dari Desa)
Matan Hilir Selatan,Sungai Besar,"Sabtu, 19 September 2026 14:07:00",NASA-SNPP,Medium,110.19975,-1.8665,False,False,True,True,False,True,Di Luar Area Pantauan (>1000m dari Desa)
Matan Hilir Selatan,Sungai Nanjung,"Sabtu, 19 September 2026 14:07:00",NASA-SNPP,Medium,110.12191,-2.18794,False,False,False,False,False,False,Di Luar Area Pantauan (>1000m dari Desa)
Matan Hilir Selatan,Sungai Nanjung,"Sabtu, 19 September 2026 14:07:00",NASA-SNPP,Medium,110.12687,-2.19031,False,False,False,False,False,False,Di Luar Area Pantauan (>1000m dari Desa)
Matan Hilir Selatan,Sungai Besar,"Sabtu, 19 September 2026 14:07:00",NASA-SNPP,Medium,110.20557,-1.8655,False,False,True,True,False,True,Di Luar Area Pantauan (>1000m dari Desa)
Matan Hilir Selatan,Sungai Nanjung,"Sabtu, 19 September 2026 14:07:00",NASA-SNPP,Medium,110.18891,-2.12187,False,False,False,False,False,False,Di Luar Area Pantauan (>1000m dari Desa)
Matan Hilir Utara,Tanjung Baik Budi,"Sabtu, 19 September 2026 14:07:00",NASA-SNPP,Medium,110.16467,-1.55196,False,False,True,True,False,True,Di Luar Area Pantauan (>1000m dari Desa)
Matan Hilir Utara,Lamon Satong,"Sabtu, 19 September 2026 14:07:00",NASA-SNPP,Medium,110.16813,-1.39683,False,False,False,False,False,False,Di Luar Area Pantauan (>1000m dari Desa)
Pulau Maya,Dusun Besar,"Sabtu, 19 September 2026 14:07:00",NASA-SNPP,Medium,109.43639,-1.24582,False,False,False,False,False,False,Di Luar Area Pantauan (>1000m dari Desa)
Pulau Maya,Dusun Besar,"Sabtu, 19 September 2026 14:07:00",NASA-SNPP,Medium,109.43504,-1.24631,False,False,False,False,False,False,Di Luar Area Pantauan (>1000m dari Desa)
Sandai,Randau,"Sabtu, 19 September 2026 14:07:00",NASA-SNPP,Medium,110.64317,-0.96675,False,False,False,False,False,False,Di Luar Area Pantauan (>1000m dari Desa)
Pulau Maya,Dusun Besar,"Sabtu, 19 September 2026 14:07:00",NASA-SNPP,Medium,109.50533,-1.1281,False,False,True,True,True,True,Di Luar Area Pantauan (>1000m dari Desa)
Pulau Maya,Dusun Besar,"Sabtu, 19 September 2026 14:07:00",NASA-SNPP,Medium,109.50977,-1.14118,False,False,False,True,True,True,Di Luar Area Pantauan (>1000m dari Desa)
Simpang Hulu,Kenanga,"Sabtu, 19 September 2026 14:07:00",NASA-SNPP,Medium,110.52722,-0.67587,False,False,False,False,False,False,Di Luar Area Pantauan (>1000m dari Desa)
Nanga Mahap,Telukkebau,"Sabtu, 19 September 2026 14:07:00",NASA-SNPP,Medium,110.7176,-0.56169,False,False,False,False,False,False,Di Luar Area Pantauan (>1000m dari Desa)
Sekadau Hilir,Bokak Sebumbun,"Sabtu, 19 September 2026 14:07:00",NASA-SNPP,Medium,111.00155,0.00875,False,False,False,False,False,False,Di Luar Area Pantauan (>1000m dari Desa)
Sungai Ambawang,Pasak Piang,"Sabtu, 19 September 2026 14:07:00",NASA-SNPP,Medium,109.6162,-0.13019,False,False,True,True,False,True,Di Luar Area Pantauan (>1000m dari Desa)
Tayan Hilir,Sejotang,"Sabtu, 19 September 2026 14:07:00",NASA-SNPP,Medium,110.05701,0.04591,False,False,False,False,False,False,Di Luar Area Pantauan (>1000m dari Desa)
Nanga Mahap,Telukkebau,"Sabtu, 19 September 2026 14:07:00",NASA-SNPP,Medium,110.72329,-0.55357,False,False,False,False,False,False,Di Luar Area Pantauan (>1000m dari Desa)
Manis Mata,Suka Ramai,"Sabtu, 19 September 2026 14:07:00",NASA-SNPP,Medium,110.99113,-2.79761,False,False,False,False,False,False,Di Luar Area Pantauan (>1000m dari Desa)
Kendawangan,Pembedilan,"Sabtu, 19 September 2026 14:07:00",NASA-SNPP,Medium,110.35915,-2.92101,False,False,False,False,True,True,Di Luar Area Pantauan (>1000m dari Desa)
Kendawangan,Airhitam Hulu,"Sabtu, 19 September 2026 14:07:00",NASA-SNPP,Medium,110.54632,-2.63285,False,False,False,False,False,False,Di Luar Area Pantauan (>1000m dari Desa)
Kendawangan,Bangkal Serai,"Sabtu, 19 September 2026 14:07:00",NASA-SNPP,Medium,110.4608,-2.50687,False,False,False,False,True,True,Di Luar Area Pantauan (>1000m dari Desa)
Kendawangan,Bangkal Serai,"Sabtu, 19 September 2026 14:07:00",NASA-SNPP,Medium,110.51343,-2.48221,False,False,False,False,True,True,Di Luar Area Pantauan (>1000m dari Desa)
Sandai,Sandai,"Sabtu, 19 September 2026 14:07:00",NASA-SNPP,Medium,110.52895,-1.25987,False,False,False,False,False,False,Di Luar Area Pantauan (>1000m dari Desa)
Sandai,Sandai,"Sabtu, 19 September 2026 14:07:00",NASA-SNPP,Medium,110.53351,-1.29458,False,False,False,False,False,False,Di Luar Area Pantauan (>1000m dari Desa)
Matan Hilir Selatan,Pagar Mentimun,"Sabtu, 19 September 2026 14:07:00",NASA-SNPP,Medium,110.16542,-2.20128,False,False,False,False,False,False,Di Luar Area Pantauan (>1000m dari Desa)
Matan Hilir Selatan,Sungai Nanjung,"Sabtu, 19 September 2026 14:07:00",NASA-SNPP,Medium,110.12762,-2.18699,False,False,False,False,False,False,Di Luar Area Pantauan (>1000m dari Desa)
Matan Hilir Utara,Tanjung Baik Budi,"Sabtu, 19 September 2026 14:07:00",NASA-SNPP,Medium,110.18618,-1.5346,False,False,True,True,False,True,Di Luar Area Pantauan (>1000m dari Desa)
Matan Hilir Utara,Kuala Tolak,"Sabtu, 19 September 2026 14:07:00",NASA-SNPP,Medium,110.12484,-1.43165,False,False,False,False,False,False,Di Luar Area Pantauan (>1000m dari Desa)
Matan Hilir Utara,Sungai Putri,"Sabtu, 19 September 2026 14:07:00",NASA-SNPP,Medium,110.09821,-1.5652,False,False,True,True,False,True,Di Luar Area Pantauan (>1000m dari Desa)
Pulau Maya,Dusun Besar,"Sabtu, 19 September 2026 14:07:00",NASA-SNPP,Medium,109.49796,-1.1364,False,False,False,True,False,True,Di Luar Area Pantauan (>1000m dari Desa)
Hulu Sungai,Cinta Manis,"Sabtu, 19 September 2026 14:07:00",NASA-SNPP,Medium,110.83892,-1.1178,False,False,True,False,False,True,Di Luar Area Pantauan (>1000m dari Desa)
Sekadau Hilir,Bokak Sebumbun,"Sabtu, 19 September 2026 14:07:00",NASA-SNPP,Medium,111.00517,0.00788,False,False,False,False,False,False,Di Luar Area Pantauan (>1000m dari Desa)
Simpang Dua,Kampar Sebomban,"Sabtu, 19 September 2026 14:07:00",NASA-SNPP,Medium,110.1711,-0.81807,False,False,True,False,False,True,Di Luar Area Pantauan (>1000m dari Desa)
Pulau Maya,Dusun Besar,"Sabtu, 19 September 2026 14:07:00",NASA-SNPP,Medium,109.50435,-1.14205,False,False,False,True,True,True,Di Luar Area Pantauan (>1000m dari Desa)
Nanga Mahap,Landau Apin,"Sabtu, 19 September 2026 14:07:00",NASA-SNPP,Medium,110.69341,-0.57016,False,False,False,False,False,False,Di Luar Area Pantauan (>1000m dari Desa)
Sungai Ambawang,Pasak Piang,"Sabtu, 19 September 2026 14:07:00",NASA-SNPP,Medium,109.61053,-0.13109,False,False,False,True,False,True,Di Luar Area Pantauan (>1000m dari Desa)
Nanga Mahap,Telukkebau,"Sabtu, 19 September 2026 14:07:00",NASA-SNPP,Medium,110.71824,-0.55164,False,False,False,False,False,False,Di Luar Area Pantauan (>1000m dari Desa)
Sekadau Hilir,Tanjung,"Sabtu, 19 September 2026 14:07:00",NASA-SNPP,Medium,110.95454,0.03103,False,False,False,False,False,False,Di Luar Area Pantauan (>1000m dari Desa)
Sepauk,Sekujam Timbai,"Sabtu, 19 September 2026 14:07:00",NASA-SNPP,Medium,111.19545,-0.13439,False,False,False,False,False,False,Di Luar Area Pantauan (>1000m dari Desa)
Nanga Mahap,Landau Apin,"Sabtu, 19 September 2026 14:07:00",NASA-SNPP,Medium,110.6908,-0.56589,False,False,False,False,False,False,Di Luar Area Pantauan (>1000m dari Desa)
Simpang Dua,Kampar Sebomban,"Sabtu, 19 September 2026 14:07:00",NASA-SNPP,Medium,110.16901,-0.824,False,False,True,False,False,True,Di Luar Area Pantauan (>1000m dari Desa)
Kendawangan,Pembedilan,"Sabtu, 19 September 2026 14:07:00",NASA-SNPP,Medium,110.35674,-2.92492,False,False,False,False,True,True,Di Luar Area Pantauan (>1000m dari Desa)
Matan Hilir Selatan,Sungai Besar,"Sabtu, 19 September 2026 14:07:00",NASA-SNPP,Medium,110.1664,-1.88598,False,False,True,True,False,True,Di Luar Area Pantauan (>1000m dari Desa)
Nanga Tayap,Cegolak,"Sabtu, 19 September 2026 14:07:00",NASA-SNPP,Medium,110.69152,-1.6141,False,False,True,False,False,True,Di Luar Area Pantauan (>1000m dari Desa)
Nanga Tayap,Sungai Kelik,"Sabtu, 19 September 2026 14:07:00",NASA-SNPP,Medium,110.30921,-1.58515,False,False,False,True,False,True,Di Luar Area Pantauan (>1000m dari Desa)
Jelai Hulu,Pangkalan Paket,"Sabtu, 19 September 2026 14:07:00",NASA-SNPP,Medium,110.67588,-2.01808,False,False,False,False,False,False,Di Luar Area Pantauan (>1000m dari Desa)
Muara Pawan,Tanjung Pura,"Sabtu, 19 September 2026 14:07:00",NASA-SNPP,Medium,110.23462,-1.66,False,False,False,False,False,False,Di Luar Area Pantauan (>1000m dari Desa)
Kendawangan,Pembedilan,"Sabtu, 19 September 2026 14:07:00",NASA-SNPP,Medium,110.37395,-2.76136,False,False,False,False,True,True,Di Luar Area Pantauan (>1000m dari Desa)
Kendawangan,Seriam,"Sabtu, 19 September 2026 14:07:00",NASA-SNPP,Medium,110.34503,-2.73187,False,False,False,False,True,True,Di Luar Area Pantauan (>1000m dari Desa)
Kendawangan,Pembedilan,"Sabtu, 19 September 2026 14:07:00",NASA-SNPP,Medium,110.41184,-2.81923,False,False,False,False,True,True,Di Luar Area Pantauan (>1000m dari Desa)
Jelai Hulu,Pangkalan Paket,"Sabtu, 19 September 2026 14:07:00",NASA-SNPP,Medium,110.6702,-2.01908,False,False,False,False,True,True,Di Luar Area Pantauan (>1000m dari Desa)
Jelai Hulu,Pangkalan Paket,"Sabtu, 19 September 2026 14:07:00",NASA-SNPP,Medium,110.67731,-2.01792,False,False,False,False,False,False,Di Luar Area Pantauan (>1000m dari Desa)
Manis Mata,Suka Ramai,"Sabtu, 19 September 2026 14:07:00",NASA-SNPP,Medium,110.98128,-2.77786,False,False,False,False,False,False,Di Luar Area Pantauan (>1000m dari Desa)
Kendawangan,Pembedilan,"Sabtu, 19 September 2026 14:07:00",NASA-SNPP,Medium,110.35114,-2.81596,False,False,False,False,True,True,Di Luar Area Pantauan (>1000m dari Desa)
Manis Mata,Suka Ramai,"Sabtu, 19 September 2026 14:07:00",NASA-SNPP,Medium,110.98776,-2.77676,False,False,False,False,False,False,Di Luar Area Pantauan (>1000m dari Desa)
Kendawangan,Pembedilan,"Sabtu, 19 September 2026 14:07:00",NASA-SNPP,Medium,110.40734,-2.81777,False,False,False,False,True,True,Di Luar Area Pantauan (>1000m dari Desa)
Kendawangan,Danau Buntar,"Sabtu, 19 September 2026 14:07:00",NASA-SNPP,Medium,110.96645,-2.79384,False,False,False,False,False,False,Di Luar Area Pantauan (>1000m dari Desa)
Nanga Tayap,Simpang Tiga Sembelangaan,"Sabtu, 19 September 2026 14:07:00",NASA-SNPP,Medium,110.39861,-1.4359,False,False,False,False,False,False,Di Luar Area Pantauan (>1000m dari Desa)
Matan Hilir Utara,Lamon Satong,"Sabtu, 19 September 2026 14:07:00",NASA-SNPP,Medium,110.16897,-1.40362,False,False,False,False,False,False,Di Luar Area Pantauan (>1000m dari Desa)
Nanga Tayap,Siantau Raya,"Sabtu, 19 September 2026 14:07:00",NASA-SNPP,Medium,110.46811,-1.60164,False,False,True,False,False,True,Di Luar Area Pantauan (>1000m dari Desa)
Nanga Tayap,Siantau Raya,"Sabtu, 19 September 2026 14:07:00",NASA-SNPP,Medium,110.46191,-1.6027,False,False,False,False,False,False,Di Luar Area Pantauan (>1000m dari Desa)
Kendawangan,Seriam,"Sabtu, 19 September 2026 14:07:00",NASA-SNPP,Medium,110.34986,-2.72416,False,False,False,False,True,True,Di Luar Area Pantauan (>1000m dari Desa)
Muara Pawan,Ulak Medang,"Sabtu, 19 September 2026 14:07:00",NASA-SNPP,Medium,110.26389,-1.52186,False,False,True,True,False,True,Di Luar Area Pantauan (>1000m dari Desa)
Matan Hilir Utara,Tanjung Baik Budi,"Sabtu, 19 September 2026 14:07:00",NASA-SNPP,Medium,110.16914,-1.55315,False,False,True,True,False,True,Di Luar Area Pantauan (>1000m dari Desa)
Nanga Tayap,Pangkalan Teluk,"Sabtu, 19 September 2026 14:07:00",NASA-SNPP,Medium,110.4472,-1.37876,False,False,False,False,False,False,Di Luar Area Pantauan (>1000m dari Desa)
Sungai Laur,Sepotong,"Sabtu, 19 September 2026 14:07:00",NASA-SNPP,Medium,110.51472,-0.83919,False,False,False,False,False,False,Di Luar Area Pantauan (>1000m dari Desa)
Muara Pawan,Mayak,"Sabtu, 19 September 2026 14:07:00",NASA-SNPP,Medium,110.15647,-1.70719,False,False,True,True,False,True,Di Luar Area Pantauan (>1000m dari Desa)
Muara Pawan,Ulak Medang,"Sabtu, 19 September 2026 14:07:00",NASA-SNPP,Medium,110.25788,-1.52285,False,False,True,True,False,True,Di Luar Area Pantauan (>1000m dari Desa)
Matan Hilir Utara,Kuala Satong,"Sabtu, 19 September 2026 14:07:00",NASA-SNPP,Medium,110.12371,-1.42492,False,False,False,False,False,False,Di Luar Area Pantauan (>1000m dari Desa)
Sandai,Penjawaan,"Sabtu, 19 September 2026 14:07:00",NASA-SNPP,Medium,110.53449,-1.30151,False,False,False,False,False,False,Di Luar Area Pantauan (>1000m dari Desa)
Sungai Laur,Sempurna,"Sabtu, 19 September 2026 14:07:00",NASA-SNPP,Medium,110.41871,-1.25679,False,False,False,False,True,True,Di Luar Area Pantauan (>1000m dari Desa)
Kendawangan,Pembedilan,"Sabtu, 19 September 2026 14:07:00",NASA-SNPP,Medium,110.35697,-2.81495,False,False,False,False,True,True,Di Luar Area Pantauan (>1000m dari Desa)
Simpang Hulu,Kenanga,"Sabtu, 19 September 2026 14:07:00",NASA-SNPP,Medium,110.52772,-0.68109,False,False,False,False,False,False,Di Luar Area Pantauan (>1000m dari Desa)
Jelai Hulu,Pangkalan Paket,"Sabtu, 19 September 2026 14:07:00",NASA-SNPP,Medium,110.67339,-2.01143,False,False,True,False,True,True,Di Luar Area Pantauan (>1000m dari Desa)
Simpang Dua,Kampar Sebomban,"Sabtu, 19 September 2026 14:07:00",NASA-SNPP,Medium,110.17216,-0.82488,False,False,True,False,False,True,Di Luar Area Pantauan (>1000m dari Desa)
Kendawangan,Pembedilan,"Sabtu, 19 September 2026 14:07:00",NASA-SNPP,Medium,110.43591,-2.85652,False,False,False,False,True,True,Di Luar Area Pantauan (>1000m dari Desa)
Kendawangan,Air Hitam Besar,"Sabtu, 19 September 2026 14:07:00",NASA-SNPP,Medium,110.7234,-2.75132,False,False,False,False,False,False,Di Luar Area Pantauan (>1000m dari Desa)
Kendawangan,Danau Buntar,"Sabtu, 19 September 2026 14:07:00",NASA-SNPP,Medium,110.96297,-2.7881,False,False,False,False,False,False,Di Luar Area Pantauan (>1000m dari Desa)
Pulau Maya,Dusun Besar,"Sabtu, 19 September 2026 14:07:00",NASA-SNPP,Medium,109.5088,-1.13466,False,False,True,True,True,True,Di Luar Area Pantauan (>1000m dari Desa)
Pulau Maya,Dusun Besar,"Sabtu, 19 September 2026 14:07:00",NASA-SNPP,Medium,109.49154,-1.13075,False,False,False,True,False,True,Di Luar Area Pantauan (>1000m dari Desa)
Kendawangan,Danau Buntar,"Sabtu, 19 September 2026 14:07:00",NASA-SNPP,Medium,110.98276,-2.81239,False,False,False,False,False,False,Di Luar Area Pantauan (>1000m dari Desa)
Matan Hilir Selatan,Pagar Mentimun,"Sabtu, 19 September 2026 14:07:00",NASA-SNPP,Medium,110.17233,-2.207,False,False,False,False,False,False,Di Luar Area Pantauan (>1000m dari Desa)
Matan Hilir Selatan,Pagar Mentimun,"Sabtu, 19 September 2026 14:07:00",NASA-SNPP,Medium,110.17129,-2.20032,False,False,False,False,False,False,Di Luar Area Pantauan (>1000m dari Desa)
Matan Hilir Utara,Tanjung Baik Budi,"Sabtu, 19 September 2026 14:07:00",NASA-SNPP,Medium,110.16325,-1.55415,False,False,True,True,False,True,Di Luar Area Pantauan (>1000m dari Desa)
Matan Hilir Selatan,Pagar Mentimun,"Sabtu, 19 September 2026 14:07:00",NASA-SNPP,Medium,110.18188,-2.2014,False,False,False,False,False,False,Di Luar Area Pantauan (>1000m dari Desa)
Kendawangan,Airhitam Hulu,"Sabtu, 19 September 2026 14:07:00",NASA-SNPP,Medium,110.54031,-2.63387,False,False,False,False,False,False,Di Luar Area Pantauan (>1000m dari Desa)
Kendawangan,Seriam,"Sabtu, 19 September 2026 14:07:00",NASA-SNPP,Medium,110.35017,-2.70729,False,False,False,False,True,True,Di Luar Area Pantauan (>1000m dari Desa)
Kendawangan,Airhitam Hulu,"Sabtu, 19 September 2026 14:07:00",NASA-SNPP,Medium,110.60679,-2.6576,False,False,False,False,False,False,Di Luar Area Pantauan (>1000m dari Desa)
Singkup,Pantai Ketikal,"Sabtu, 19 September 2026 14:07:00",NASA-SNPP,Medium,110.74417,-2.54324,False,False,False,False,False,False,Di Luar Area Pantauan (>1000m dari Desa)
Kendawangan,Airhitam Hulu,"Sabtu, 19 September 2026 14:07:00",NASA-SNPP,Medium,110.62849,-2.67498,False,False,False,False,False,False,Di Luar Area Pantauan (>1000m dari Desa)
Kendawangan,Air Hitam Besar,"Sabtu, 19 September 2026 14:07:00",NASA-SNPP,Medium,110.73096,-2.66551,False,False,False,False,False,False,Di Luar Area Pantauan (>1000m dari Desa)
Kendawangan,Seriam,"Sabtu, 19 September 2026 14:07:00",NASA-SNPP,Medium,110.35467,-2.71645,False,False,False,False,True,True,Di Luar Area Pantauan (>1000m dari Desa)
Kendawangan,Airhitam Hulu,"Sabtu, 19 September 2026 14:07:00",NASA-SNPP,Medium,110.62237,-2.67599,False,False,False,False,False,False,Di Luar Area Pantauan (>1000m dari Desa)
Kendawangan,Seriam,"Sabtu, 19 September 2026 14:07:00",NASA-SNPP,Medium,110.35358,-2.70975,False,False,False,False,True,True,Di Luar Area Pantauan (>1000m dari Desa)
Kendawangan,Seriam,"Sabtu, 19 September 2026 14:07:00",NASA-SNPP,Medium,110.3509,-2.73087,False,False,False,False,True,True,Di Luar Area Pantauan (>1000m dari Desa)
Kendawangan,Kendawangan Kanan,"Sabtu, 19 September 2026 14:07:00",NASA-SNPP,Medium,110.28408,-2.79714,False,False,False,True,True,True,Di Luar Area Pantauan (>1000m dari Desa)
Kendawangan,Kendawangan Kanan,"Sabtu, 19 September 2026 14:07:00",NASA-SNPP,Medium,110.28508,-2.80382,False,False,False,True,True,True,Di Luar Area Pantauan (>1000m dari Desa)
Kendawangan,Danau Buntar,"Sabtu, 19 September 2026 14:07:00",NASA-SNPP,Medium,110.97058,-2.79394,False,False,False,False,False,False,Di Luar Area Pantauan (>1000m dari Desa)
Kendawangan,Pembedilan,"Sabtu, 19 September 2026 14:07:00",NASA-SNPP,Medium,110.40493,-2.81353,False,False,False,False,True,True,Di Luar Area Pantauan (>1000m dari Desa)
Kendawangan,Kendawangan Kanan,"Sabtu, 19 September 2026 14:07:00",NASA-SNPP,Medium,110.27831,-2.79811,False,False,False,True,True,True,Di Luar Area Pantauan (>1000m dari Desa)
Kendawangan,Kendawangan Kanan,"Sabtu, 19 September 2026 14:07:00",NASA-SNPP,Medium,110.28315,-2.80036,False,False,False,True,True,True,Di Luar Area Pantauan (>1000m dari Desa)
Kendawangan,Pembedilan,"Sabtu, 19 September 2026 14:07:00",NASA-SNPP,Medium,110.35116,-2.80647,False,False,False,False,True,True,Di Luar Area Pantauan (>1000m dari Desa)
Kendawangan,Air Hitam Besar,"Sabtu, 19 September 2026 14:07:00",NASA-SNPP,Medium,110.72553,-2.75089,False,False,False,False,False,False,Di Luar Area Pantauan (>1000m dari Desa)
Nanga Tayap,Pangkalan Teluk,"Minggu, 20 September 2026 01:09:00",NASA-SNPP,Medium,110.33453,-1.36077,False,False,True,False,True,True,Di Luar Area Pantauan (>1000m dari Desa)
Nanga Tayap,Lembah Hijau Dua,"Minggu, 20 September 2026 01:09:00",NASA-SNPP,Medium,110.44386,-1.5841,False,False,False,False,False,False,Di Luar Area Pantauan (>1000m dari Desa)
Sukadana,Sedahan Jaya,"Minggu, 20 September 2026 01:09:00",NASA-SNPP,Medium,110.05167,-1.17961,False,False,True,True,True,True,Di Luar Area Pantauan (>1000m dari Desa)
Nanga Tayap,Simpang Tiga Sembelangaan,"Minggu, 20 September 2026 01:09:00",NASA-SNPP,Medium,110.35955,-1.49083,False,False,True,False,True,True,Di Luar Area Pantauan (>1000m dari Desa)
Muara Pawan,Ulak Medang,"Minggu, 20 September 2026 01:09:00",NASA-SNPP,Medium,110.27811,-1.62762,False,False,True,True,False,True,Di Luar Area Pantauan (>1000m dari Desa)
Muara Pawan,Ulak Medang,"Minggu, 20 September 2026 01:09:00",NASA-SNPP,Medium,110.29362,-1.62314,False,False,True,True,False,True,Di Luar Area Pantauan (>1000m dari Desa)
Muara Pawan,Ulak Medang,"Minggu, 20 September 2026 01:09:00",NASA-SNPP,Medium,110.27757,-1.63102,False,False,True,True,False,True,Di Luar Area Pantauan (>1000m dari Desa)
Matan Hilir Utara,Tanjung Baik Budi,"Minggu, 20 September 2026 01:09:00",NASA-SNPP,Medium,110.17228,-1.54461,False,False,False,True,False,True,Di Luar Area Pantauan (>1000m dari Desa)
Matan Hilir Utara,Tanjung Baik Budi,"Minggu, 20 September 2026 01:09:00",NASA-SNPP,Medium,110.16134,-1.54288,False,False,True,True,False,True,Di Luar Area Pantauan (>1000m dari Desa)
Nanga Tayap,Siantau Raya,"Minggu, 20 September 2026 01:09:00",NASA-SNPP,Medium,110.42794,-1.61337,False,False,False,False,False,False,Di Luar Area Pantauan (>1000m dari Desa)
Matan Hilir Utara,Sungai Putri,"Minggu, 20 September 2026 01:09:00",NASA-SNPP,Medium,110.09434,-1.56329,False,False,True,True,False,True,Di Luar Area Pantauan (>1000m dari Desa)
Nanga Tayap,Lembah Hijau Dua,"Minggu, 20 September 2026 01:09:00",NASA-SNPP,Medium,110.44027,-1.58353,False,False,False,False,False,False,Di Luar Area Pantauan (>1000m dari Desa)
Matan Hilir Utara,Tanjung Baik Budi,"Minggu, 20 September 2026 01:09:00",NASA-SNPP,Medium,110.12901,-1.53427,False,False,True,True,False,True,Di Luar Area Pantauan (>1000m dari Desa)
Matan Hilir Utara,Tanjung Baik Budi,"Minggu, 20 September 2026 01:09:00",NASA-SNPP,Medium,110.1473,-1.53716,False,False,True,True,False,True,Di Luar Area Pantauan (>1000m dari Desa)
Matan Hilir Utara,Tanjung Baik Budi,"Minggu, 20 September 2026 01:09:00",NASA-SNPP,Medium,110.15459,-1.53831,False,False,True,True,False,True,Di Luar Area Pantauan (>1000m dari Desa)
Nanga Tayap,Lembah Hijau Dua,"Minggu, 20 September 2026 01:09:00",NASA-SNPP,Medium,110.45712,-1.59313,False,False,False,False,False,False,Di Luar Area Pantauan (>1000m dari Desa)
Matan Hilir Utara,Lamon Satong,"Minggu, 20 September 2026 01:09:00",NASA-SNPP,Medium,110.19791,-1.52422,False,False,True,True,False,True,Di Luar Area Pantauan (>1000m dari Desa)
Muara Pawan,Ulak Medang,"Minggu, 20 September 2026 01:09:00",NASA-SNPP,Medium,110.28773,-1.52108,False,False,False,True,False,True,Di Luar Area Pantauan (>1000m dari Desa)
Nanga Tayap,Betenung,"Minggu, 20 September 2026 01:09:00",NASA-SNPP,Medium,110.8393,-1.56772,False,False,True,False,False,True,Di Luar Area Pantauan (>1000m dari Desa)
Nanga Tayap,Betenung,"Minggu, 20 September 2026 01:09:00",NASA-SNPP,Medium,110.83632,-1.56381,False,False,True,False,False,True,Di Luar Area Pantauan (>1000m dari Desa)
Matan Hilir Utara,Kuala Tolak,"Minggu, 20 September 2026 01:09:00",NASA-SNPP,Medium,110.15076,-1.46776,False,False,True,True,False,True,Di Luar Area Pantauan (>1000m dari Desa)
Matan Hilir Utara,Kuala Tolak,"Minggu, 20 September 2026 01:09:00",NASA-SNPP,Medium,110.18774,-1.4702,False,False,False,True,False,True,Di Luar Area Pantauan (>1000m dari Desa)
Matan Hilir Utara,Kuala Tolak,"Minggu, 20 September 2026 01:09:00",NASA-SNPP,Medium,110.19654,-1.48559,False,False,False,False,False,False,Di Luar Area Pantauan (>1000m dari Desa)
Muara Pawan,Ulak Medang,"Minggu, 20 September 2026 01:09:00",NASA-SNPP,Medium,110.2266,-1.50785,False,False,True,True,False,True,Di Luar Area Pantauan (>1000m dari Desa)
Matan Hilir Utara,Kuala Tolak,"Minggu, 20 September 2026 01:09:00",NASA-SNPP,Medium,110.15388,-1.47176,False,False,True,True,False,True,Di Luar Area Pantauan (>1000m dari Desa)
Nanga Tayap,Pangkalan Teluk,"Minggu, 20 September 2026 01:09:00",NASA-SNPP,Medium,110.32901,-1.37746,False,False,True,False,True,True,Di Luar Area Pantauan (>1000m dari Desa)
Matan Hilir Utara,Kuala Tolak,"Minggu, 20 September 2026 01:09:00",NASA-SNPP,Medium,110.11718,-1.49039,False,False,True,True,False,True,Di Luar Area Pantauan (>1000m dari Desa)
Ngabang,Mu'un,"Minggu, 20 September 2026 01:09:00",NASA-SNPP,Medium,109.83377,0.57532,False,False,False,False,False,False,Di Luar Area Pantauan (>1000m dari Desa)
Belimbing,Nusa Kenyikap,"Minggu, 20 September 2026 01:09:00",NASA-SNPP,Medium,111.62708,-0.45856,False,False,False,False,False,False,Di Luar Area Pantauan (>1000m dari Desa)
Nanga Mahap,Lembah Beringin,"Minggu, 20 September 2026 01:09:00",NASA-SNPP,Medium,110.78539,-0.6603,False,False,True,False,False,True,Di Luar Area Pantauan (>1000m dari Desa)
Belimbing,Nusa Kenyikap,"Minggu, 20 September 2026 01:09:00",NASA-SNPP,Medium,111.62657,-0.46189,False,False,True,False,False,True,Di Luar Area Pantauan (>1000m dari Desa)
Ella Hilir,Nanga Nyuruh,"Minggu, 20 September 2026 01:09:00",NASA-SNPP,Medium,112.03696,-0.52696,False,False,False,False,True,True,Di Luar Area Pantauan (>1000m dari Desa)
Serawai,Muara Kota,"Minggu, 20 September 2026 01:09:00",NASA-SNPP,Medium,112.40889,-0.29782,False,False,False,False,False,False,Di Luar Area Pantauan (>1000m dari Desa)
Ella Hilir,Nanga Nyuruh,"Minggu, 20 September 2026 01:09:00",NASA-SNPP,Medium,112.03352,-0.52642,False,False,False,False,True,True,Di Luar Area Pantauan (>1000m dari Desa)
Ella Hilir,Nanga Nyuruh,"Minggu, 20 September 2026 01:09:00",NASA-SNPP,Medium,112.04041,-0.52751,False,False,False,False,True,True,Di Luar Area Pantauan (>1000m dari Desa)
Belimbing Hulu,Nanga Tikan,"Minggu, 20 September 2026 01:09:00",NASA-SNPP,Medium,111.61221,-0.46302,False,False,False,False,False,False,Di Luar Area Pantauan (>1000m dari Desa)
Menukung,Belaban Ella,"Minggu, 20 September 2026 01:09:00",NASA-SNPP,Medium,112.21105,-0.56478,False,False,False,False,True,True,Di Luar Area Pantauan (>1000m dari Desa)
Ella Hilir,Nanga Nyuruh,"Minggu, 20 September 2026 01:09:00",NASA-SNPP,Medium,112.04522,-0.54188,False,False,False,False,True,True,Di Luar Area Pantauan (>1000m dari Desa)
Ella Hilir,Nanga Nyuruh,"Minggu, 20 September 2026 01:09:00",NASA-SNPP,Medium,112.04125,-0.54466,False,False,False,False,True,True,Di Luar Area Pantauan (>1000m dari Desa)
Sungai Raya,Pulaulimbung,"Minggu, 20 September 2026 01:09:00",NASA-SNPP,Medium,109.83275,-0.1891,False,False,True,True,True,True,Di Luar Area Pantauan (>1000m dari Desa)
Ella Hilir,Nanga Nyuruh,"Minggu, 20 September 2026 01:09:00",NASA-SNPP,Medium,112.0447,-0.54521,False,False,False,False,True,True,Di Luar Area Pantauan (>1000m dari Desa)
Belimbing,Nusa Kenyikap,"Minggu, 20 September 2026 01:09:00",NASA-SNPP,Medium,111.62605,-0.46522,False,False,True,False,False,True,Di Luar Area Pantauan (>1000m dari Desa)
Pinoh Selatan,Nyanggai,"Minggu, 20 September 2026 01:09:00",NASA-SNPP,Medium,111.80924,-0.56146,False,False,False,False,False,False,Di Luar Area Pantauan (>1000m dari Desa)
Belimbing Hulu,Nanga Raya,"Minggu, 20 September 2026 01:09:00",NASA-SNPP,Medium,111.45015,-0.56932,False,False,False,False,False,False,Di Luar Area Pantauan (>1000m dari Desa)
Sungai Raya,Kalibandung,"Minggu, 20 September 2026 01:09:00",NASA-SNPP,Medium,109.66475,-0.33958,False,False,False,True,False,True,Di Luar Area Pantauan (>1000m dari Desa)
Sungai Raya,Kalibandung,"Minggu, 20 September 2026 01:09:00",NASA-SNPP,Medium,109.66531,-0.33607,False,False,False,True,False,True,Di Luar Area Pantauan (>1000m dari Desa)
Sungai Raya,Kalibandung,"Minggu, 20 September 2026 01:09:00",NASA-SNPP,Medium,109.62595,-0.30821,False,False,False,True,False,True,Di Luar Area Pantauan (>1000m dari Desa)
Hulu Sungai,Kenyabur,"Minggu, 20 September 2026 01:09:00",NASA-SNPP,Medium,110.88641,-0.69004,True,True,True,False,False,True,Prioritas 1 (Tinggi)
Hulu Sungai,Kenyabur,"Minggu, 20 September 2026 01:09:00",NASA-SNPP,Medium,110.88587,-0.6934,True,True,True,False,False,True,Prioritas 1 (Tinggi)
Hulu Sungai,Sunge Bengaras,"Minggu, 20 September 2026 01:09:00",NASA-SNPP,Medium,110.81648,-0.69088,False,False,True,False,False,True,Di Luar Area Pantauan (>1000m dari Desa)
Sungai Laur,Merabu Jaya,"Minggu, 20 September 2026 01:09:00",NASA-SNPP,Medium,110.6295,-0.67133,False,False,True,False,False,True,Di Luar Area Pantauan (>1000m dari Desa)
Hulu Sungai,Sunge Bengaras,"Minggu, 20 September 2026 01:09:00",NASA-SNPP,Medium,110.81082,-0.70378,False,False,True,False,False,True,Di Luar Area Pantauan (>1000m dari Desa)
Hulu Sungai,Sunge Bengaras,"Minggu, 20 September 2026 01:09:00",NASA-SNPP,Medium,110.824,-0.80701,False,False,False,False,False,False,Di Luar Area Pantauan (>1000m dari Desa)
Sungai Laur,Sepotong,"Minggu, 20 September 2026 01:09:00",NASA-SNPP,Medium,110.50345,-0.84261,False,False,False,False,False,False,Di Luar Area Pantauan (>1000m dari Desa)
Pinoh Selatan,Manggala,"Minggu, 20 September 2026 01:09:00",NASA-SNPP,Medium,111.80137,-0.41174,False,False,False,False,False,False,Di Luar Area Pantauan (>1000m dari Desa)
Ella Hilir,Nanga Nyuruh,"Minggu, 20 September 2026 01:09:00",NASA-SNPP,Medium,112.04834,-0.52196,False,False,False,False,True,True,Di Luar Area Pantauan (>1000m dari Desa)
Sekadau Hilir,Sungai Kunyit,"Minggu, 20 September 2026 01:09:00",NASA-SNPP,Medium,110.8222,0.07424,False,False,False,False,False,False,Di Luar Area Pantauan (>1000m dari Desa)
Ella Hilir,Perembang Nyuruh,"Minggu, 20 September 2026 01:09:00",NASA-SNPP,Medium,112.15196,-0.55879,False,False,False,False,False,False,Di Luar Area Pantauan (>1000m dari Desa)
Pinoh Selatan,Nyanggai,"Minggu, 20 September 2026 01:09:00",NASA-SNPP,Medium,111.80872,-0.56478,False,False,False,False,False,False,Di Luar Area Pantauan (>1000m dari Desa)
Ella Hilir,Bemban Permai,"Minggu, 20 September 2026 01:09:00",NASA-SNPP,Medium,112.0196,-0.57101,False,False,False,False,False,False,Di Luar Area Pantauan (>1000m dari Desa)
Pinoh Selatan,Nyanggai,"Minggu, 20 September 2026 01:09:00",NASA-SNPP,Medium,111.80632,-0.5576,False,False,False,False,False,False,Di Luar Area Pantauan (>1000m dari Desa)
Nanga Mahap,Karang Betung,"Minggu, 20 September 2026 01:09:00",NASA-SNPP,Medium,110.86988,-0.63229,True,False,False,False,False,False,Prioritas 2 (Sedang)
Nanga Mahap,Tembaga,"Minggu, 20 September 2026 01:09:00",NASA-SNPP,Medium,110.6171,-0.61289,False,False,False,False,False,False,Di Luar Area Pantauan (>1000m dari Desa)
Belimbing Hulu,Nanga Raya,"Minggu, 20 September 2026 01:09:00",NASA-SNPP,Medium,111.45066,-0.56599,False,False,False,False,False,False,Di Luar Area Pantauan (>1000m dari Desa)
Nanga Mahap,Tembaga,"Minggu, 20 September 2026 01:09:00",NASA-SNPP,Medium,110.61658,-0.61628,False,False,True,False,False,True,Di Luar Area Pantauan (>1000m dari Desa)
Nanga Mahap,Lembah Beringin,"Minggu, 20 September 2026 01:09:00",NASA-SNPP,Medium,110.78887,-0.61595,False,False,False,False,True,True,Di Luar Area Pantauan (>1000m dari Desa)
Nanga Mahap,Lembah Beringin,"Minggu, 20 September 2026 01:09:00",NASA-SNPP,Medium,110.78827,-0.61931,False,False,True,False,True,True,Di Luar Area Pantauan (>1000m dari Desa)
Ella Hilir,Perembang Nyuruh,"Minggu, 20 September 2026 01:09:00",NASA-SNPP,Medium,112.14593,-0.57485,False,False,False,False,False,False,Di Luar Area Pantauan (>1000m dari Desa)
Terentang,Betuah,"Minggu, 20 September 2026 01:09:00",NASA-SNPP,Medium,109.94432,-0.48497,False,False,True,True,False,True,Di Luar Area Pantauan (>1000m dari Desa)
Simpang Dua,Kampar Sebomban,"Minggu, 20 September 2026 01:09:00",NASA-SNPP,Medium,110.21012,-0.8104,False,False,False,False,False,False,Di Luar Area Pantauan (>1000m dari Desa)
Simpang Dua,Kampar Sebomban,"Minggu, 20 September 2026 01:09:00",NASA-SNPP,Medium,110.21058,-0.81016,False,False,False,False,False,False,Di Luar Area Pantauan (>1000m dari Desa)
Simpang Dua,Kampar Sebomban,"Minggu, 20 September 2026 01:09:00",NASA-SNPP,Medium,110.17112,-0.82138,False,False,True,False,False,True,Di Luar Area Pantauan (>1000m dari Desa)
Simpang Dua,Kampar Sebomban,"Minggu, 20 September 2026 01:09:00",NASA-SNPP,Medium,110.17481,-0.82197,False,False,True,False,False,True,Di Luar Area Pantauan (>1000m dari Desa)
Simpang Dua,Kampar Sebomban,"Minggu, 20 September 2026 01:09:00",NASA-SNPP,Medium,110.17059,-0.8248,False,False,True,False,False,True,Di Luar Area Pantauan (>1000m dari Desa)
Simpang Dua,Kampar Sebomban,"Minggu, 20 September 2026 01:09:00",NASA-SNPP,Medium,110.15478,-0.8293,False,False,True,True,False,True,Di Luar Area Pantauan (>1000m dari Desa)
Simpang Dua,Kampar Sebomban,"Minggu, 20 September 2026 01:09:00",NASA-SNPP,Medium,110.16745,-0.82079,False,False,True,False,False,True,Di Luar Area Pantauan (>1000m dari Desa)
Simpang Dua,Kampar Sebomban,"Minggu, 20 September 2026 01:09:00",NASA-SNPP,Medium,110.17426,-0.82539,False,False,True,False,False,True,Di Luar Area Pantauan (>1000m dari Desa)
Simpang Dua,Kampar Sebomban,"Minggu, 20 September 2026 01:09:00",NASA-SNPP,Medium,110.17741,-0.82941,False,False,True,False,False,True,Di Luar Area Pantauan (>1000m dari Desa)
Simpang Dua,Kampar Sebomban,"Minggu, 20 September 2026 01:09:00",NASA-SNPP,Medium,110.16691,-0.82421,False,False,True,False,False,True,Di Luar Area Pantauan (>1000m dari Desa)
Simpang Hilir,Batu Barat,"Minggu, 20 September 2026 01:09:00",NASA-SNPP,Medium,110.13309,-0.84693,False,False,True,True,False,True,Di Luar Area Pantauan (>1000m dari Desa)
Simpang Hilir,Batu Barat,"Minggu, 20 September 2026 01:09:00",NASA-SNPP,Medium,110.13256,-0.85036,False,False,True,True,False,True,Di Luar Area Pantauan (>1000m dari Desa)
Simpang Hilir,Batu Barat,"Minggu, 20 September 2026 01:09:00",NASA-SNPP,Medium,110.13625,-0.85094,False,False,True,True,False,True,Di Luar Area Pantauan (>1000m dari Desa)
Simpang Dua,Kampar Sebomban,"Minggu, 20 September 2026 01:09:00",NASA-SNPP,Medium,110.15045,-0.85672,False,False,False,True,False,True,Di Luar Area Pantauan (>1000m dari Desa)
Simpang Dua,Kampar Sebomban,"Minggu, 20 September 2026 01:09:00",NASA-SNPP,Medium,110.1536,-0.86073,False,False,True,True,False,True,Di Luar Area Pantauan (>1000m dari Desa)
Hulu Sungai,Senduruhan,"Minggu, 20 September 2026 01:09:00",NASA-SNPP,Medium,110.75718,-0.95657,False,False,True,False,False,True,Di Luar Area Pantauan (>1000m dari Desa)
Simpang Hilir,Batu Barat,"Minggu, 20 September 2026 01:09:00",NASA-SNPP,Medium,110.14938,-0.86357,False,False,True,True,False,True,Di Luar Area Pantauan (>1000m dari Desa)
Simpang Dua,Kampar Sebomban,"Minggu, 20 September 2026 01:09:00",NASA-SNPP,Medium,110.27061,-0.90729,False,False,True,False,False,True,Di Luar Area Pantauan (>1000m dari Desa)
Hulu Sungai,Beginci Darat,"Minggu, 20 September 2026 01:09:00",NASA-SNPP,Medium,111.05509,-1.03815,True,True,True,False,False,True,Prioritas 1 (Tinggi)
Simpang Dua,Kampar Sebomban,"Minggu, 20 September 2026 01:09:00",NASA-SNPP,Medium,110.20567,-0.91745,False,False,False,False,False,False,Di Luar Area Pantauan (>1000m dari Desa)
Simpang Dua,Kampar Sebomban,"Minggu, 20 September 2026 01:09:00",NASA-SNPP,Medium,110.20124,-0.91738,False,False,False,False,False,False,Di Luar Area Pantauan (>1000m dari Desa)
Simpang Dua,Kampar Sebomban,"Minggu, 20 September 2026 01:09:00",NASA-SNPP,Medium,110.202,-0.91686,False,False,False,False,False,False,Di Luar Area Pantauan (>1000m dari Desa)
Simpang Hilir,Lubuk Batu,"Minggu, 20 September 2026 01:09:00",NASA-SNPP,Medium,110.12521,-0.92559,False,False,False,False,False,False,Di Luar Area Pantauan (>1000m dari Desa)
Simpang Hilir,Batu Barat,"Minggu, 20 September 2026 01:09:00",NASA-SNPP,Medium,110.09414,-0.90654,False,False,True,True,False,True,Di Luar Area Pantauan (>1000m dari Desa)
Simpang Hilir,Lubuk Batu,"Minggu, 20 September 2026 01:09:00",NASA-SNPP,Medium,110.13103,-0.91247,False,False,False,False,False,False,Di Luar Area Pantauan (>1000m dari Desa)
Simpang Hilir,Batu Barat,"Minggu, 20 September 2026 01:09:00",NASA-SNPP,Medium,110.09359,-0.90997,False,False,True,True,False,True,Di Luar Area Pantauan (>1000m dari Desa)
Simpang Hilir,Batu Barat,"Minggu, 20 September 2026 01:09:00",NASA-SNPP,Medium,110.0189,-0.9015,False,False,False,False,False,False,Di Luar Area Pantauan (>1000m dari Desa)
Simpang Hilir,Lubuk Batu,"Minggu, 20 September 2026 01:09:00",NASA-SNPP,Medium,110.12997,-0.91933,False,False,False,False,False,False,Di Luar Area Pantauan (>1000m dari Desa)
Batu Ampar,Teluknibung,"Minggu, 20 September 2026 01:09:00",NASA-SNPP,Medium,109.52158,-0.82156,False,True,True,True,True,True,Prioritas 3 (Rendah)
Simpang Hilir,Lubuk Batu,"Minggu, 20 September 2026 01:09:00",NASA-SNPP,Medium,110.12259,-0.91814,False,False,False,False,False,False,Di Luar Area Pantauan (>1000m dari Desa)
Simpang Hilir,Batu Barat,"Minggu, 20 September 2026 01:09:00",NASA-SNPP,Medium,110.08457,-0.91908,False,False,True,True,False,True,Di Luar Area Pantauan (>1000m dari Desa)
Simpang Hilir,Lubuk Batu,"Minggu, 20 September 2026 01:09:00",NASA-SNPP,Medium,110.12098,-0.92843,False,False,False,False,False,False,Di Luar Area Pantauan (>1000m dari Desa)
Simpang Hilir,Lubuk Batu,"Minggu, 20 September 2026 01:09:00",NASA-SNPP,Medium,110.12468,-0.92902,False,False,False,False,False,False,Di Luar Area Pantauan (>1000m dari Desa)
Simpang Hilir,Batu Barat,"Minggu, 20 September 2026 01:09:00",NASA-SNPP,Medium,110.07663,-0.92133,False,False,True,True,False,True,Di Luar Area Pantauan (>1000m dari Desa)
Simpang Hilir,Lubuk Batu,"Minggu, 20 September 2026 01:09:00",NASA-SNPP,Medium,110.11729,-0.92784,False,False,False,False,False,False,Di Luar Area Pantauan (>1000m dari Desa)
Simpang Hilir,Batu Barat,"Minggu, 20 September 2026 01:09:00",NASA-SNPP,Medium,110.06499,-0.92299,False,False,True,True,False,True,Di Luar Area Pantauan (>1000m dari Desa)
Simpang Hilir,Lubuk Batu,"Minggu, 20 September 2026 01:09:00",NASA-SNPP,Medium,110.13473,-0.91306,False,False,False,False,False,False,Di Luar Area Pantauan (>1000m dari Desa)
Simpang Hilir,Lubuk Batu,"Minggu, 20 September 2026 01:09:00",NASA-SNPP,Medium,110.10721,-0.94381,False,False,False,False,False,False,Di Luar Area Pantauan (>1000m dari Desa)
Simpang Hilir,Batu Barat,"Minggu, 20 September 2026 01:09:00",NASA-SNPP,Medium,110.02464,-0.93769,False,False,True,True,False,True,Di Luar Area Pantauan (>1000m dari Desa)
Sandai,Pendamaran Indah,"Minggu, 20 September 2026 01:09:00",NASA-SNPP,Medium,110.63068,-1.02032,False,False,False,False,False,False,Di Luar Area Pantauan (>1000m dari Desa)
Simpang Hilir,Batu Barat,"Minggu, 20 September 2026 01:09:00",NASA-SNPP,Medium,110.05115,-0.93839,False,False,True,False,False,True,Di Luar Area Pantauan (>1000m dari Desa)
Simpang Hilir,Lubuk Batu,"Minggu, 20 September 2026 01:09:00",NASA-SNPP,Medium,110.10829,-0.93695,False,False,False,False,False,False,Di Luar Area Pantauan (>1000m dari Desa)
Simpang Hilir,Lubuk Batu,"Minggu, 20 September 2026 01:09:00",NASA-SNPP,Medium,110.10406,-0.93979,False,False,False,False,False,False,Di Luar Area Pantauan (>1000m dari Desa)
Simpang Hilir,Batu Barat,"Minggu, 20 September 2026 01:09:00",NASA-SNPP,Medium,110.02628,-0.92737,False,False,True,True,False,True,Di Luar Area Pantauan (>1000m dari Desa)
Simpang Hilir,Batu Barat,"Minggu, 20 September 2026 01:09:00",NASA-SNPP,Medium,110.03741,-0.92915,False,False,True,True,False,True,Di Luar Area Pantauan (>1000m dari Desa)
Simpang Hilir,Batu Barat,"Minggu, 20 September 2026 01:09:00",NASA-SNPP,Medium,110.00867,-0.9422,False,False,True,False,False,True,Di Luar Area Pantauan (>1000m dari Desa)
Simpang Hilir,Lubuk Batu,"Minggu, 20 September 2026 01:09:00",NASA-SNPP,Medium,110.10982,-0.95126,False,False,False,False,False,False,Di Luar Area Pantauan (>1000m dari Desa)
Simpang Hilir,Batu Barat,"Minggu, 20 September 2026 01:09:00",NASA-SNPP,Medium,110.0124,-0.9428,False,False,True,True,False,True,Di Luar Area Pantauan (>1000m dari Desa)
Simpang Hilir,Lubuk Batu,"Minggu, 20 September 2026 01:09:00",NASA-SNPP,Medium,110.10244,-0.95008,False,False,False,False,False,False,Di Luar Area Pantauan (>1000m dari Desa)
Simpang Hilir,Lubuk Batu,"Minggu, 20 September 2026 01:09:00",NASA-SNPP,Medium,110.10612,-0.95067,False,False,False,False,False,False,Di Luar Area Pantauan (>1000m dari Desa)
Simpang Hilir,Lubuk Batu,"Minggu, 20 September 2026 01:09:00",NASA-SNPP,Medium,110.11351,-0.95184,False,False,False,False,False,False,Di Luar Area Pantauan (>1000m dari Desa)
Simpang Hilir,Batu Barat,"Minggu, 20 September 2026 01:09:00",NASA-SNPP,Medium,110.01612,-0.94339,False,False,True,True,False,True,Di Luar Area Pantauan (>1000m dari Desa)
Pinoh Selatan,Nyanggai,"Minggu, 20 September 2026 01:09:00",NASA-SNPP,Medium,111.80977,-0.55814,False,False,False,False,False,False,Di Luar Area Pantauan (>1000m dari Desa)
Sungai Laur,Kepari,"Minggu, 20 September 2026 01:09:00",NASA-SNPP,Medium,110.60268,-0.8444,False,False,False,False,False,False,Di Luar Area Pantauan (>1000m dari Desa)
Hulu Sungai,Krio Hulu,"Minggu, 20 September 2026 01:09:00",NASA-SNPP,Medium,110.89848,-0.88776,False,False,True,False,False,True,Di Luar Area Pantauan (>1000m dari Desa)
Hulu Sungai,Krio Hulu,"Minggu, 20 September 2026 01:09:00",NASA-SNPP,Medium,110.89796,-0.89112,False,False,True,False,False,True,Di Luar Area Pantauan (>1000m dari Desa)
Hulu Sungai,Krio Hulu,"Minggu, 20 September 2026 01:09:00",NASA-SNPP,Medium,110.899,-0.8844,False,False,True,False,False,True,Di Luar Area Pantauan (>1000m dari Desa)
Simpang Dua,Kampar Sebomban,"Minggu, 20 September 2026 01:09:00",NASA-SNPP,Medium,110.21004,-0.81358,False,False,False,False,False,False,Di Luar Area Pantauan (>1000m dari Desa)
Simpang Dua,Semandang Kanan,"Minggu, 20 September 2026 01:09:00",NASA-SNPP,Medium,110.33469,-0.83361,False,False,False,False,False,False,Di Luar Area Pantauan (>1000m dari Desa)
Simpang Dua,Kampar Sebomban,"Minggu, 20 September 2026 01:09:00",NASA-SNPP,Medium,110.27045,-0.80937,False,False,False,False,False,False,Di Luar Area Pantauan (>1000m dari Desa)
Simpang Dua,Kampar Sebomban,"Minggu, 20 September 2026 01:09:00",NASA-SNPP,Medium,110.1368,-0.84751,False,False,True,True,False,True,Di Luar Area Pantauan (>1000m dari Desa)
Simpang Dua,Kampar Sebomban,"Minggu, 20 September 2026 01:09:00",NASA-SNPP,Medium,110.15424,-0.83273,False,False,True,False,False,True,Di Luar Area Pantauan (>1000m dari Desa)
Simpang Dua,Kampar Sebomban,"Minggu, 20 September 2026 01:09:00",NASA-SNPP,Medium,110.13787,-0.84066,False,False,True,True,False,True,Di Luar Area Pantauan (>1000m dari Desa)
Simpang Hilir,Batu Barat,"Minggu, 20 September 2026 01:09:00",NASA-SNPP,Medium,110.13201,-0.85378,False,False,True,True,False,True,Di Luar Area Pantauan (>1000m dari Desa)
Simpang Dua,Kampar Sebomban,"Minggu, 20 September 2026 01:09:00",NASA-SNPP,Medium,110.15414,-0.8573,False,False,True,True,False,True,Di Luar Area Pantauan (>1000m dari Desa)
Simpang Dua,Kampar Sebomban,"Minggu, 20 September 2026 01:09:00",NASA-SNPP,Medium,110.17004,-0.82823,False,False,True,False,False,True,Di Luar Area Pantauan (>1000m dari Desa)
Hulu Sungai,Krio Hulu,"Minggu, 20 September 2026 01:09:00",NASA-SNPP,Medium,110.89024,-0.96393,False,False,True,False,False,True,Di Luar Area Pantauan (>1000m dari Desa)
Simpang Dua,Kampar Sebomban,"Minggu, 20 September 2026 01:09:00",NASA-SNPP,Medium,110.14992,-0.86014,False,False,True,True,False,True,Di Luar Area Pantauan (>1000m dari Desa)
Simpang Dua,Kampar Sebomban,"Minggu, 20 September 2026 01:09:00",NASA-SNPP,Medium,110.19086,-0.88769,False,False,False,False,False,False,Di Luar Area Pantauan (>1000m dari Desa)
Simpang Dua,Kampar Sebomban,"Minggu, 20 September 2026 01:09:00",NASA-SNPP,Medium,110.19032,-0.89111,False,False,False,False,False,False,Di Luar Area Pantauan (>1000m dari Desa)
Simpang Dua,Kampar Sebomban,"Minggu, 20 September 2026 01:09:00",NASA-SNPP,Medium,110.19399,-0.89169,False,False,True,False,False,True,Di Luar Area Pantauan (>1000m dari Desa)
Simpang Hilir,Lubuk Batu,"Minggu, 20 September 2026 01:09:00",NASA-SNPP,Medium,110.1305,-0.9159,False,False,False,False,False,False,Di Luar Area Pantauan (>1000m dari Desa)
Simpang Hilir,Lubuk Batu,"Minggu, 20 September 2026 01:09:00",NASA-SNPP,Medium,110.12943,-0.92276,False,False,False,False,False,False,Di Luar Area Pantauan (>1000m dari Desa)
Simpang Hilir,Batu Barat,"Minggu, 20 September 2026 01:09:00",NASA-SNPP,Medium,110.02207,-0.90554,False,False,True,False,False,True,Di Luar Area Pantauan (>1000m dari Desa)
Simpang Hilir,Batu Barat,"Minggu, 20 September 2026 01:09:00",NASA-SNPP,Medium,110.0862,-0.90878,False,False,False,True,False,True,Di Luar Area Pantauan (>1000m dari Desa)
Simpang Hilir,Lubuk Batu,"Minggu, 20 September 2026 01:09:00",NASA-SNPP,Medium,110.12312,-0.91471,False,False,False,False,False,False,Di Luar Area Pantauan (>1000m dari Desa)
Simpang Dua,Kampar Sebomban,"Minggu, 20 September 2026 01:09:00",NASA-SNPP,Medium,110.15306,-0.86415,False,False,True,True,False,True,Di Luar Area Pantauan (>1000m dari Desa)
Simpang Hilir,Batu Barat,"Minggu, 20 September 2026 01:09:00",NASA-SNPP,Medium,110.1445,-0.89441,False,False,False,True,False,True,Di Luar Area Pantauan (>1000m dari Desa)
Sandai,Randau,"Minggu, 20 September 2026 01:09:00",NASA-SNPP,Medium,110.64604,-0.9666,False,False,True,False,False,True,Di Luar Area Pantauan (>1000m dari Desa)
Sungai Laur,Sinar Kuri,"Minggu, 20 September 2026 01:09:00",NASA-SNPP,Medium,110.48055,-0.9196,False,False,False,False,False,False,Di Luar Area Pantauan (>1000m dari Desa)
Batu Ampar,Teluknibung,"Minggu, 20 September 2026 01:09:00",NASA-SNPP,Medium,109.52214,-0.81805,False,False,True,True,True,True,Di Luar Area Pantauan (>1000m dari Desa)
Simpang Dua,Kampar Sebomban,"Minggu, 20 September 2026 01:09:00",NASA-SNPP,Medium,110.19347,-0.89511,False,False,False,False,False,False,Di Luar Area Pantauan (>1000m dari Desa)
Hulu Sungai,Beginci Darat,"Minggu, 20 September 2026 01:09:00",NASA-SNPP,Medium,111.03208,-1.04998,True,True,True,False,False,True,Prioritas 1 (Tinggi)
Simpang Dua,Kampar Sebomban,"Minggu, 20 September 2026 01:09:00",NASA-SNPP,Medium,110.20147,-0.92028,False,False,True,False,False,True,Di Luar Area Pantauan (>1000m dari Desa)
Simpang Hilir,Lubuk Batu,"Minggu, 20 September 2026 01:09:00",NASA-SNPP,Medium,110.13158,-0.90904,False,False,False,False,False,False,Di Luar Area Pantauan (>1000m dari Desa)
Simpang Hilir,Batu Barat,"Minggu, 20 September 2026 01:09:00",NASA-SNPP,Medium,110.09044,-0.90594,False,False,False,True,False,True,Di Luar Area Pantauan (>1000m dari Desa)
Simpang Hilir,Lubuk Batu,"Minggu, 20 September 2026 01:09:00",NASA-SNPP,Medium,110.12682,-0.91531,False,False,False,False,False,False,Di Luar Area Pantauan (>1000m dari Desa)
Simpang Hilir,Lubuk Batu,"Minggu, 20 September 2026 01:09:00",NASA-SNPP,Medium,110.09873,-0.94949,False,False,False,False,False,False,Di Luar Area Pantauan (>1000m dari Desa)
Simpang Hilir,Batu Barat,"Minggu, 20 September 2026 01:09:00",NASA-SNPP,Medium,110.0289,-0.93484,False,False,True,True,False,True,Di Luar Area Pantauan (>1000m dari Desa)
Simpang Hilir,Batu Barat,"Minggu, 20 September 2026 01:09:00",NASA-SNPP,Medium,110.03262,-0.93544,False,False,True,True,False,True,Di Luar Area Pantauan (>1000m dari Desa)
Simpang Hilir,Lubuk Batu,"Minggu, 20 September 2026 01:09:00",NASA-SNPP,Medium,110.12574,-0.92216,False,False,False,False,False,False,Di Luar Area Pantauan (>1000m dari Desa)
Simpang Hilir,Lubuk Batu,"Minggu, 20 September 2026 01:09:00",NASA-SNPP,Medium,110.12628,-0.91873,False,False,False,False,False,False,Di Luar Area Pantauan (>1000m dari Desa)
Simpang Hilir,Lubuk Batu,"Minggu, 20 September 2026 01:09:00",NASA-SNPP,Medium,110.12206,-0.92157,False,False,False,False,False,False,Di Luar Area Pantauan (>1000m dari Desa)
Simpang Hilir,Batu Barat,"Minggu, 20 September 2026 01:09:00",NASA-SNPP,Medium,110.07609,-0.92476,False,False,True,True,False,True,Di Luar Area Pantauan (>1000m dari Desa)
Simpang Hilir,Batu Barat,"Minggu, 20 September 2026 01:09:00",NASA-SNPP,Medium,110.08718,-0.92654,False,False,False,False,False,False,Di Luar Area Pantauan (>1000m dari Desa)
Simpang Hilir,Batu Barat,"Minggu, 20 September 2026 01:09:00",NASA-SNPP,Medium,110.08348,-0.92595,False,False,False,False,False,False,Di Luar Area Pantauan (>1000m dari Desa)
Simpang Hilir,Lubuk Batu,"Minggu, 20 September 2026 01:09:00",NASA-SNPP,Medium,110.12045,-0.93186,False,False,False,False,False,False,Di Luar Area Pantauan (>1000m dari Desa)
Simpang Hilir,Batu Barat,"Minggu, 20 September 2026 01:09:00",NASA-SNPP,Medium,110.07553,-0.9282,False,False,False,False,False,False,Di Luar Area Pantauan (>1000m dari Desa)
Simpang Dua,Kamora,"Minggu, 20 September 2026 01:09:00",NASA-SNPP,Medium,110.24424,-0.95866,False,False,True,False,False,True,Di Luar Area Pantauan (>1000m dari Desa)
Simpang Hilir,Lubuk Batu,"Minggu, 20 September 2026 01:09:00",NASA-SNPP,Medium,110.11252,-0.93411,False,False,False,False,False,False,Di Luar Area Pantauan (>1000m dari Desa)
Sandai,Pendamaran Indah,"Minggu, 20 September 2026 01:09:00",NASA-SNPP,Medium,110.63123,-1.01694,False,False,True,False,False,True,Di Luar Area Pantauan (>1000m dari Desa)
Simpang Hilir,Lubuk Batu,"Minggu, 20 September 2026 01:09:00",NASA-SNPP,Medium,110.11674,-0.93127,False,False,False,False,False,False,Di Luar Area Pantauan (>1000m dari Desa)
Simpang Hilir,Batu Barat,"Minggu, 20 September 2026 01:09:00",NASA-SNPP,Medium,110.01836,-0.90494,False,False,True,False,False,True,Di Luar Area Pantauan (>1000m dari Desa)
Simpang Hilir,Lubuk Batu,"Minggu, 20 September 2026 01:09:00",NASA-SNPP,Medium,110.10774,-0.94038,False,False,False,False,False,False,Di Luar Area Pantauan (>1000m dari Desa)
Simpang Hilir,Lubuk Batu,"Minggu, 20 September 2026 01:09:00",NASA-SNPP,Medium,110.10352,-0.94322,False,False,False,False,False,False,Di Luar Area Pantauan (>1000m dari Desa)
Simpang Hilir,Batu Barat,"Minggu, 20 September 2026 01:09:00",NASA-SNPP,Medium,110.02573,-0.93081,False,False,True,True,False,True,Di Luar Area Pantauan (>1000m dari Desa)
Simpang Hilir,Lubuk Batu,"Minggu, 20 September 2026 01:09:00",NASA-SNPP,Medium,110.11036,-0.94783,False,False,False,False,False,False,Di Luar Area Pantauan (>1000m dari Desa)
Simpang Hilir,Batu Barat,"Minggu, 20 September 2026 01:09:00",NASA-SNPP,Medium,110.04799,-0.93436,False,False,True,False,False,True,Di Luar Area Pantauan (>1000m dari Desa)
Simpang Hilir,Batu Barat,"Minggu, 20 September 2026 01:09:00",NASA-SNPP,Medium,110.02944,-0.9314,False,False,True,True,False,True,Di Luar Area Pantauan (>1000m dari Desa)
Simpang Hilir,Batu Barat,"Minggu, 20 September 2026 01:09:00",NASA-SNPP,Medium,110.0241,-0.94113,False,False,True,True,False,True,Di Luar Area Pantauan (>1000m dari Desa)
Simpang Hilir,Lubuk Batu,"Minggu, 20 September 2026 01:09:00",NASA-SNPP,Medium,110.0982,-0.95292,False,False,False,False,False,False,Di Luar Area Pantauan (>1000m dari Desa)
Simpang Hilir,Batu Barat,"Minggu, 20 September 2026 01:09:00",NASA-SNPP,Medium,110.02837,-0.93828,False,False,True,True,False,True,Di Luar Area Pantauan (>1000m dari Desa)
Simpang Hilir,Batu Barat,"Minggu, 20 September 2026 01:09:00",NASA-SNPP,Medium,110.00603,-0.93473,False,False,True,False,False,True,Di Luar Area Pantauan (>1000m dari Desa)
Simpang Hilir,Lubuk Batu,"Minggu, 20 September 2026 01:09:00",NASA-SNPP,Medium,110.10928,-0.95468,False,False,False,False,False,False,Di Luar Area Pantauan (>1000m dari Desa)
Simpang Hilir,Batu Barat,"Minggu, 20 September 2026 01:09:00",NASA-SNPP,Medium,110.02782,-0.94172,False,False,True,True,False,True,Di Luar Area Pantauan (>1000m dari Desa)
Simpang Hilir,Batu Barat,"Minggu, 20 September 2026 01:09:00",NASA-SNPP,Medium,110.02673,-0.9486,False,False,True,True,False,True,Di Luar Area Pantauan (>1000m dari Desa)
Simpang Hilir,Batu Barat,"Minggu, 20 September 2026 01:09:00",NASA-SNPP,Medium,110.01929,-0.94742,False,False,True,True,False,True,Di Luar Area Pantauan (>1000m dari Desa)
Belimbing,Upit,"Minggu, 20 September 2026 01:09:00",NASA-SNPP,Medium,111.45969,-0.37056,False,False,False,False,False,False,Di Luar Area Pantauan (>1000m dari Desa)
Ella Hilir,Nanga Nyuruh,"Minggu, 20 September 2026 01:09:00",NASA-SNPP,Medium,112.04092,-0.52419,False,False,False,False,True,True,Di Luar Area Pantauan (>1000m dari Desa)
Sungai Raya,Muara Baru,"Minggu, 20 September 2026 01:09:00",NASA-SNPP,Medium,109.81687,-0.19018,False,False,False,True,False,True,Di Luar Area Pantauan (>1000m dari Desa)
Simpang Hilir,Sungaimata-Mata,"Minggu, 20 September 2026 01:09:00",NASA-SNPP,Medium,109.99052,-0.9605,False,False,True,True,False,True,Di Luar Area Pantauan (>1000m dari Desa)
Simpang Hilir,Sungaimata-Mata,"Minggu, 20 September 2026 01:09:00",NASA-SNPP,Medium,109.98681,-0.95991,False,False,True,True,False,True,Di Luar Area Pantauan (>1000m dari Desa)
Simpang Hilir,Sungaimata-Mata,"Minggu, 20 September 2026 01:09:00",NASA-SNPP,Medium,109.98573,-0.9668,False,False,True,True,False,True,Di Luar Area Pantauan (>1000m dari Desa)
Simpang Hilir,Sungaimata-Mata,"Minggu, 20 September 2026 01:09:00",NASA-SNPP,Medium,109.98944,-0.96739,False,False,True,True,False,True,Di Luar Area Pantauan (>1000m dari Desa)
Simpang Hilir,Sungaimata-Mata,"Minggu, 20 September 2026 01:09:00",NASA-SNPP,Medium,109.96395,-0.98706,False,False,True,True,False,True,Di Luar Area Pantauan (>1000m dari Desa)
Simpang Hilir,Sungaimata-Mata,"Minggu, 20 September 2026 01:09:00",NASA-SNPP,Medium,109.96328,-0.98798,False,False,True,True,False,True,Di Luar Area Pantauan (>1000m dari Desa)
Sandai,Pendamaran Indah,"Minggu, 20 September 2026 01:09:00",NASA-SNPP,Medium,110.62309,-1.09303,False,False,False,False,False,False,Di Luar Area Pantauan (>1000m dari Desa)
Simpang Hilir,Sungaimata-Mata,"Minggu, 20 September 2026 01:09:00",NASA-SNPP,Medium,109.9634,-0.9905,False,False,True,True,False,True,Di Luar Area Pantauan (>1000m dari Desa)
Sandai,Pendamaran Indah,"Minggu, 20 September 2026 01:09:00",NASA-SNPP,Medium,110.62309,-1.09177,False,False,False,False,False,False,Di Luar Area Pantauan (>1000m dari Desa)
Hulu Sungai,Cinta Manis,"Minggu, 20 September 2026 01:09:00",NASA-SNPP,Medium,110.81375,-1.13047,False,False,True,False,True,True,Di Luar Area Pantauan (>1000m dari Desa)
Sandai,Randau Jungkal,"Minggu, 20 September 2026 01:09:00",NASA-SNPP,Medium,110.71676,-1.17017,False,False,False,False,False,False,Di Luar Area Pantauan (>1000m dari Desa)
Simpang Hilir,Nipah Kuning,"Minggu, 20 September 2026 01:09:00",NASA-SNPP,Medium,109.9472,-1.06916,False,False,True,True,False,True,Di Luar Area Pantauan (>1000m dari Desa)
Simpang Hilir,Nipah Kuning,"Minggu, 20 September 2026 01:09:00",NASA-SNPP,Medium,109.94347,-1.06857,False,False,True,True,False,True,Di Luar Area Pantauan (>1000m dari Desa)
Simpang Hilir,Matan Jaya,"Minggu, 20 September 2026 01:09:00",NASA-SNPP,Medium,110.10925,-1.1018,False,False,True,True,True,True,Di Luar Area Pantauan (>1000m dari Desa)
Simpang Hilir,Matan Jaya,"Minggu, 20 September 2026 01:09:00",NASA-SNPP,Medium,110.11716,-1.09953,False,False,True,True,True,True,Di Luar Area Pantauan (>1000m dari Desa)
Simpang Hilir,Matan Jaya,"Minggu, 20 September 2026 01:09:00",NASA-SNPP,Medium,110.12032,-1.10354,False,False,True,True,True,True,Di Luar Area Pantauan (>1000m dari Desa)
Simpang Hilir,Matan Jaya,"Minggu, 20 September 2026 01:09:00",NASA-SNPP,Medium,110.09711,-1.1069,False,False,True,True,True,True,Di Luar Area Pantauan (>1000m dari Desa)
Simpang Hilir,Matan Jaya,"Minggu, 20 September 2026 01:09:00",NASA-SNPP,Medium,110.10817,-1.10865,False,False,True,True,True,True,Di Luar Area Pantauan (>1000m dari Desa)
Simpang Hilir,Matan Jaya,"Minggu, 20 September 2026 01:09:00",NASA-SNPP,Medium,110.1413,-1.11387,False,False,True,True,True,True,Di Luar Area Pantauan (>1000m dari Desa)
Simpang Hilir,Matan Jaya,"Minggu, 20 September 2026 01:09:00",NASA-SNPP,Medium,110.10079,-1.10749,False,False,True,True,True,True,Di Luar Area Pantauan (>1000m dari Desa)
Simpang Hilir,Matan Jaya,"Minggu, 20 September 2026 01:09:00",NASA-SNPP,Medium,110.10448,-1.10807,False,False,True,True,True,True,Di Luar Area Pantauan (>1000m dari Desa)
Simpang Hilir,Matan Jaya,"Minggu, 20 September 2026 01:09:00",NASA-SNPP,Medium,110.09341,-1.10632,False,False,True,True,True,True,Di Luar Area Pantauan (>1000m dari Desa)
Simpang Hilir,Matan Jaya,"Minggu, 20 September 2026 01:09:00",NASA-SNPP,Medium,110.14076,-1.11729,False,False,True,True,True,True,Di Luar Area Pantauan (>1000m dari Desa)
Simpang Hilir,Rantau Panjang,"Minggu, 20 September 2026 01:09:00",NASA-SNPP,Medium,110.073,-1.11621,False,False,True,False,True,True,Di Luar Area Pantauan (>1000m dari Desa)
Simpang Hilir,Matan Jaya,"Minggu, 20 September 2026 01:09:00",NASA-SNPP,Medium,110.27816,-1.14921,False,False,True,False,True,True,Di Luar Area Pantauan (>1000m dari Desa)
Simpang Hilir,Penjalaan,"Minggu, 20 September 2026 01:09:00",NASA-SNPP,Medium,110.06877,-1.11905,False,False,True,False,False,True,Di Luar Area Pantauan (>1000m dari Desa)
Simpang Hilir,Matan Jaya,"Minggu, 20 September 2026 01:09:00",NASA-SNPP,Medium,110.28126,-1.1532,False,False,True,False,True,True,Di Luar Area Pantauan (>1000m dari Desa)
Simpang Hilir,Penjalaan,"Minggu, 20 September 2026 01:09:00",NASA-SNPP,Medium,110.06824,-1.12248,False,False,True,False,False,True,Di Luar Area Pantauan (>1000m dari Desa)
Pulau Maya,Dusun Kecil,"Minggu, 20 September 2026 01:09:00",NASA-SNPP,Medium,109.52822,-1.06429,False,False,True,True,False,True,Di Luar Area Pantauan (>1000m dari Desa)
Simpang Hilir,Matan Jaya,"Minggu, 20 September 2026 01:09:00",NASA-SNPP,Medium,110.37892,-1.21761,False,False,True,False,True,True,Di Luar Area Pantauan (>1000m dari Desa)
Sukadana,Sedahan Jaya,"Minggu, 20 September 2026 01:09:00",NASA-SNPP,Medium,110.05592,-1.17677,False,False,True,True,True,True,Di Luar Area Pantauan (>1000m dari Desa)
Simpang Hilir,Batu Barat,"Minggu, 20 September 2026 01:09:00",NASA-SNPP,Medium,110.02826,-0.96295,False,False,True,True,False,True,Di Luar Area Pantauan (>1000m dari Desa)
Simpang Hilir,Sungaimata-Mata,"Minggu, 20 September 2026 01:09:00",NASA-SNPP,Medium,109.94842,-0.96091,False,False,True,True,False,True,Di Luar Area Pantauan (>1000m dari Desa)
Sandai,Pendamaran Indah,"Minggu, 20 September 2026 01:09:00",NASA-SNPP,Medium,110.62362,-1.0884,False,False,False,False,False,False,Di Luar Area Pantauan (>1000m dari Desa)
Hulu Sungai,Riam Dadap,"Minggu, 20 September 2026 01:09:00",NASA-SNPP,Medium,110.82365,-1.1596,False,False,True,False,False,True,Di Luar Area Pantauan (>1000m dari Desa)
Simpang Hilir,Sungaimata-Mata,"Minggu, 20 September 2026 01:09:00",NASA-SNPP,Medium,109.97454,-0.96503,False,False,True,True,False,True,Di Luar Area Pantauan (>1000m dari Desa)
Simpang Hilir,Sungaimata-Mata,"Minggu, 20 September 2026 01:09:00",NASA-SNPP,Medium,109.98308,-0.95932,False,False,True,True,False,True,Di Luar Area Pantauan (>1000m dari Desa)
Pulau Maya,Dusun Kecil,"Minggu, 20 September 2026 01:09:00",NASA-SNPP,Medium,109.56896,-1.03137,False,False,False,True,False,True,Di Luar Area Pantauan (>1000m dari Desa)
Simpang Hilir,Batu Barat,"Minggu, 20 September 2026 01:09:00",NASA-SNPP,Medium,110.03307,-0.95666,False,False,True,True,False,True,Di Luar Area Pantauan (>1000m dari Desa)
Simpang Hilir,Sungaimata-Mata,"Minggu, 20 September 2026 01:09:00",NASA-SNPP,Medium,109.98044,-0.95184,False,False,True,True,False,True,Di Luar Area Pantauan (>1000m dari Desa)
Simpang Hilir,Batu Barat,"Minggu, 20 September 2026 01:09:00",NASA-SNPP,Medium,110.01984,-0.94398,False,False,True,True,False,True,Di Luar Area Pantauan (>1000m dari Desa)
Simpang Hilir,Batu Barat,"Minggu, 20 September 2026 01:09:00",NASA-SNPP,Medium,110.02936,-0.95607,False,False,True,True,False,True,Di Luar Area Pantauan (>1000m dari Desa)
Simpang Hilir,Batu Barat,"Minggu, 20 September 2026 01:09:00",NASA-SNPP,Medium,110.02564,-0.95548,False,False,True,True,False,True,Di Luar Area Pantauan (>1000m dari Desa)
Simpang Hilir,Sungaimata-Mata,"Minggu, 20 September 2026 01:09:00",NASA-SNPP,Medium,109.98626,-0.96335,False,False,True,True,False,True,Di Luar Area Pantauan (>1000m dari Desa)
Simpang Hilir,Matan Jaya,"Minggu, 20 September 2026 01:09:00",NASA-SNPP,Medium,110.08195,-1.05882,False,False,True,False,True,True,Di Luar Area Pantauan (>1000m dari Desa)
Pulau Maya,Dusun Kecil,"Minggu, 20 September 2026 01:09:00",NASA-SNPP,Medium,109.5761,-1.0361,False,False,False,True,False,True,Di Luar Area Pantauan (>1000m dari Desa)
Simpang Hilir,Matan Jaya,"Minggu, 20 September 2026 01:09:00",NASA-SNPP,Medium,110.1282,-1.10128,False,False,True,True,True,True,Di Luar Area Pantauan (>1000m dari Desa)
Simpang Hilir,Matan Jaya,"Minggu, 20 September 2026 01:09:00",NASA-SNPP,Medium,110.09078,-1.09888,False,False,False,False,True,True,Di Luar Area Pantauan (>1000m dari Desa)
Simpang Hilir,Matan Jaya,"Minggu, 20 September 2026 01:09:00",NASA-SNPP,Medium,110.11348,-1.09895,False,False,True,True,True,True,Di Luar Area Pantauan (>1000m dari Desa)
Simpang Hilir,Matan Jaya,"Minggu, 20 September 2026 01:09:00",NASA-SNPP,Medium,110.13449,-1.10929,False,False,True,True,True,True,Di Luar Area Pantauan (>1000m dari Desa)
Simpang Hilir,Matan Jaya,"Minggu, 20 September 2026 01:09:00",NASA-SNPP,Medium,110.09764,-1.10348,False,False,True,True,True,True,Di Luar Area Pantauan (>1000m dari Desa)
Pulau Maya,Dusun Kecil,"Minggu, 20 September 2026 01:09:00",NASA-SNPP,Medium,109.57416,-1.021,False,False,False,True,False,True,Di Luar Area Pantauan (>1000m dari Desa)
Simpang Hilir,Matan Jaya,"Minggu, 20 September 2026 01:09:00",NASA-SNPP,Medium,110.14864,-1.11503,False,False,True,False,True,True,Di Luar Area Pantauan (>1000m dari Desa)
Simpang Hilir,Matan Jaya,"Minggu, 20 September 2026 01:09:00",NASA-SNPP,Medium,110.14497,-1.11445,False,False,True,False,True,True,Di Luar Area Pantauan (>1000m dari Desa)
Sandai,Petai Patah,"Minggu, 20 September 2026 01:09:00",NASA-SNPP,Medium,110.58678,-1.18414,False,False,False,False,False,False,Di Luar Area Pantauan (>1000m dari Desa)
Simpang Hilir,Matan Jaya,"Minggu, 20 September 2026 01:09:00",NASA-SNPP,Medium,110.13763,-1.11329,False,False,True,True,True,True,Di Luar Area Pantauan (>1000m dari Desa)
Simpang Hilir,Matan Jaya,"Minggu, 20 September 2026 01:09:00",NASA-SNPP,Medium,110.10395,-1.11149,False,False,True,True,True,True,Di Luar Area Pantauan (>1000m dari Desa)
Simpang Hilir,Matan Jaya,"Minggu, 20 September 2026 01:09:00",NASA-SNPP,Medium,110.15232,-1.1156,False,False,True,False,True,True,Di Luar Area Pantauan (>1000m dari Desa)
Pulau Maya,Dusun Kecil,"Minggu, 20 September 2026 01:09:00",NASA-SNPP,Medium,109.56866,-1.03089,False,False,False,True,False,True,Di Luar Area Pantauan (>1000m dari Desa)
Pulau Maya,Dusun Kecil,"Minggu, 20 September 2026 01:09:00",NASA-SNPP,Medium,109.57251,-1.0315,False,False,False,True,False,True,Di Luar Area Pantauan (>1000m dari Desa)
Pulau Maya,Dusun Kecil,"Minggu, 20 September 2026 01:09:00",NASA-SNPP,Medium,109.57361,-1.0245,False,False,False,True,False,True,Di Luar Area Pantauan (>1000m dari Desa)
Simpang Hilir,Rantau Panjang,"Minggu, 20 September 2026 01:09:00",NASA-SNPP,Medium,110.0677,-1.12591,False,False,True,True,True,True,Di Luar Area Pantauan (>1000m dari Desa)
Pulau Maya,Dusun Kecil,"Minggu, 20 September 2026 01:09:00",NASA-SNPP,Medium,109.54694,-1.04575,False,False,True,True,False,True,Di Luar Area Pantauan (>1000m dari Desa)
Simpang Hilir,Rantau Panjang,"Minggu, 20 September 2026 01:09:00",NASA-SNPP,Medium,110.05391,-1.14128,False,False,True,False,False,True,Di Luar Area Pantauan (>1000m dari Desa)
Simpang Hilir,Rantau Panjang,"Minggu, 20 September 2026 01:09:00",NASA-SNPP,Medium,110.05761,-1.14188,False,False,True,False,False,True,Di Luar Area Pantauan (>1000m dari Desa)
Hulu Sungai,Beginci Darat,"Minggu, 20 September 2026 01:09:00",NASA-SNPP,Medium,111.06113,-1.31921,True,False,True,False,False,True,Prioritas 1 (Tinggi)
Ella Hilir,Nanga Nyuruh,"Minggu, 20 September 2026 01:09:00",NASA-SNPP,Medium,112.04782,-0.52528,False,False,False,False,True,True,Di Luar Area Pantauan (>1000m dari Desa)
Ella Hilir,Nanga Nyuruh,"Minggu, 20 September 2026 01:09:00",NASA-SNPP,Medium,112.03404,-0.52309,False,False,False,False,True,True,Di Luar Area Pantauan (>1000m dari Desa)
Belimbing,Sepan Tonak,"Minggu, 20 September 2026 01:09:00",NASA-SNPP,Medium,111.60833,-0.21851,False,False,False,True,False,True,Di Luar Area Pantauan (>1000m dari Desa)
Pinoh Selatan,Pelinggang,"Minggu, 20 September 2026 01:09:00",NASA-SNPP,Medium,111.80482,-0.41229,False,False,False,False,False,False,Di Luar Area Pantauan (>1000m dari Desa)
Ella Hilir,Nanga Nyuruh,"Minggu, 20 September 2026 01:09:00",NASA-SNPP,Medium,112.03748,-0.52364,False,False,False,False,True,True,Di Luar Area Pantauan (>1000m dari Desa)
Ella Hilir,Bemban Permai,"Minggu, 20 September 2026 01:09:00",NASA-SNPP,Medium,112.02148,-0.58152,False,False,False,False,False,False,Di Luar Area Pantauan (>1000m dari Desa)
Pinoh Selatan,Nanga Pintas,"Minggu, 20 September 2026 01:09:00",NASA-SNPP,Medium,111.78825,-0.53771,False,False,False,False,False,False,Di Luar Area Pantauan (>1000m dari Desa)
Ella Hilir,Bemban Permai,"Minggu, 20 September 2026 01:09:00",NASA-SNPP,Medium,112.022,-0.5782,False,False,False,False,False,False,Di Luar Area Pantauan (>1000m dari Desa)
Ella Hilir,Kahiya,"Minggu, 20 September 2026 01:09:00",NASA-SNPP,Medium,111.9755,-0.60486,False,False,False,False,True,True,Di Luar Area Pantauan (>1000m dari Desa)
Nanga Mahap,Tembaga,"Minggu, 20 September 2026 01:09:00",NASA-SNPP,Medium,110.61497,-0.62643,False,False,True,False,False,True,Di Luar Area Pantauan (>1000m dari Desa)
Ella Hilir,Bemban Permai,"Minggu, 20 September 2026 01:09:00",NASA-SNPP,Medium,112.02545,-0.57875,False,False,False,False,False,False,Di Luar Area Pantauan (>1000m dari Desa)
Tanah Pinoh Barat,Ulak Muid,"Minggu, 20 September 2026 01:09:00",NASA-SNPP,Medium,111.54022,-0.65117,False,False,True,False,False,True,Di Luar Area Pantauan (>1000m dari Desa)
Simpang Hulu,Sekucing Labai,"Minggu, 20 September 2026 01:09:00",NASA-SNPP,Medium,110.08568,-0.48983,False,False,False,False,False,False,Di Luar Area Pantauan (>1000m dari Desa)
Tanah Pinoh Barat,Ulak Muid,"Minggu, 20 September 2026 01:09:00",NASA-SNPP,Medium,111.5397,-0.6545,False,False,True,False,False,True,Di Luar Area Pantauan (>1000m dari Desa)
Nanga Mahap,Karang Betung,"Minggu, 20 September 2026 01:09:00",NASA-SNPP,Medium,110.86936,-0.63565,True,False,True,False,False,True,Prioritas 1 (Tinggi)
Nanga Mahap,Tembaga,"Minggu, 20 September 2026 01:09:00",NASA-SNPP,Medium,110.61551,-0.62304,False,False,False,False,False,False,Di Luar Area Pantauan (>1000m dari Desa)
Nanga Tayap,Pangkalan Teluk,"Minggu, 20 September 2026 01:09:00",NASA-SNPP,Medium,110.32951,-1.37406,False,False,True,False,True,True,Di Luar Area Pantauan (>1000m dari Desa)
Simpang Hilir,Batu Barat,"Minggu, 20 September 2026 01:09:00",NASA-SNPP,Medium,110.02355,-0.94457,False,False,True,True,False,True,Di Luar Area Pantauan (>1000m dari Desa)
Simpang Hilir,Batu Barat,"Minggu, 20 September 2026 01:09:00",NASA-SNPP,Medium,110.02882,-0.95951,False,False,True,True,False,True,Di Luar Area Pantauan (>1000m dari Desa)
Simpang Hilir,Sungaimata-Mata,"Minggu, 20 September 2026 01:09:00",NASA-SNPP,Medium,109.94045,-0.93843,False,False,True,True,False,True,Di Luar Area Pantauan (>1000m dari Desa)
Simpang Hilir,Batu Barat,"Minggu, 20 September 2026 01:09:00",NASA-SNPP,Medium,110.02301,-0.94801,False,False,True,True,False,True,Di Luar Area Pantauan (>1000m dari Desa)
Sayan,Lingkar Indah,"Minggu, 20 September 2026 01:09:00",NASA-SNPP,Medium,111.66544,-0.73486,False,False,False,False,False,False,Di Luar Area Pantauan (>1000m dari Desa)
Nanga Mahap,Tembaga,"Minggu, 20 September 2026 01:09:00",NASA-SNPP,Medium,110.61855,-0.627,False,False,True,False,False,True,Di Luar Area Pantauan (>1000m dari Desa)
Ella Hilir,Bemban Permai,"Minggu, 20 September 2026 01:09:00",NASA-SNPP,Medium,112.01908,-0.57433,False,False,False,False,False,False,Di Luar Area Pantauan (>1000m dari Desa)
Ella Hilir,Nanga Nyuruh,"Minggu, 20 September 2026 01:09:00",NASA-SNPP,Medium,112.04177,-0.54134,False,False,False,False,True,True,Di Luar Area Pantauan (>1000m dari Desa)
Belimbing Hulu,Piawas,"Minggu, 20 September 2026 01:09:00",NASA-SNPP,Medium,111.5098,-0.43657,False,False,False,False,True,True,Di Luar Area Pantauan (>1000m dari Desa)
Ella Hilir,Nanga Nyuruh,"Minggu, 20 September 2026 01:09:00",NASA-SNPP,Medium,112.038,-0.52032,False,False,False,False,True,True,Di Luar Area Pantauan (>1000m dari Desa)
Pinoh Selatan,Pelinggang,"Minggu, 20 September 2026 01:09:00",NASA-SNPP,Medium,111.80827,-0.41284,False,False,False,False,False,False,Di Luar Area Pantauan (>1000m dari Desa)
Sukadana,Sedahan Jaya,"Minggu, 20 September 2026 01:09:00",NASA-SNPP,Medium,110.05114,-1.18304,False,False,True,True,True,True,Di Luar Area Pantauan (>1000m dari Desa)
Simpang Hilir,Matan Jaya,"Minggu, 20 September 2026 01:09:00",NASA-SNPP,Medium,110.38856,-1.25044,False,False,True,False,True,True,Di Luar Area Pantauan (>1000m dari Desa)
Pulau Maya,Dusun Besar,"Minggu, 20 September 2026 01:09:00",NASA-SNPP,Medium,109.49835,-1.1278,False,False,False,True,False,True,Di Luar Area Pantauan (>1000m dari Desa)
Pulau Maya,Dusun Besar,"Minggu, 20 September 2026 01:09:00",NASA-SNPP,Medium,109.50222,-1.1284,False,False,False,True,False,True,Di Luar Area Pantauan (>1000m dari Desa)
Pulau Maya,Dusun Besar,"Minggu, 20 September 2026 01:09:00",NASA-SNPP,Medium,109.49447,-1.12719,False,False,False,True,False,True,Di Luar Area Pantauan (>1000m dari Desa)
Pulau Maya,Dusun Besar,"Minggu, 20 September 2026 01:09:00",NASA-SNPP,Medium,109.49465,-1.13141,False,False,False,True,False,True,Di Luar Area Pantauan (>1000m dari Desa)
Pulau Maya,Dusun Besar,"Minggu, 20 September 2026 01:09:00",NASA-SNPP,Medium,109.50239,-1.13266,False,False,False,True,False,True,Di Luar Area Pantauan (>1000m dari Desa)
Pulau Maya,Dusun Besar,"Minggu, 20 September 2026 01:09:00",NASA-SNPP,Medium,109.47916,-1.1289,False,False,False,True,False,True,Di Luar Area Pantauan (>1000m dari Desa)
Hulu Sungai,Batu Lapis,"Minggu, 20 September 2026 01:09:00",NASA-SNPP,Medium,110.77719,-1.34121,False,False,False,False,False,False,Di Luar Area Pantauan (>1000m dari Desa)
Simpang Hilir,Matan Jaya,"Minggu, 20 September 2026 01:09:00",NASA-SNPP,Medium,110.25835,-1.25451,False,False,True,False,True,True,Di Luar Area Pantauan (>1000m dari Desa)
Hulu Sungai,Batu Lapis,"Minggu, 20 September 2026 01:09:00",NASA-SNPP,Medium,110.77666,-1.34457,False,False,False,False,False,False,Di Luar Area Pantauan (>1000m dari Desa)
Hulu Sungai,Batu Lapis,"Minggu, 20 September 2026 01:09:00",NASA-SNPP,Medium,110.78021,-1.34513,False,False,True,False,False,True,Di Luar Area Pantauan (>1000m dari Desa)
Pulau Maya,Dusun Besar,"Minggu, 20 September 2026 01:09:00",NASA-SNPP,Medium,109.50515,-1.14029,False,False,False,True,True,True,Di Luar Area Pantauan (>1000m dari Desa)
Simpang Hilir,Matan Jaya,"Minggu, 20 September 2026 01:09:00",NASA-SNPP,Medium,110.24989,-1.26364,False,False,True,False,True,True,Di Luar Area Pantauan (>1000m dari Desa)
Sandai,Sandai,"Minggu, 20 September 2026 01:09:00",NASA-SNPP,Medium,110.51496,-1.26697,False,False,False,False,False,False,Di Luar Area Pantauan (>1000m dari Desa)
Sandai,Penjawaan,"Minggu, 20 September 2026 01:09:00",NASA-SNPP,Medium,110.45844,-1.30054,False,False,False,False,False,False,Di Luar Area Pantauan (>1000m dari Desa)
Hulu Sungai,Beginci Darat,"Minggu, 20 September 2026 01:09:00",NASA-SNPP,Medium,111.034,-1.40282,True,False,True,False,False,True,Prioritas 1 (Tinggi)
Nanga Tayap,Pangkalan Teluk,"Minggu, 20 September 2026 01:09:00",NASA-SNPP,Medium,110.34828,-1.29682,False,False,True,False,True,True,Di Luar Area Pantauan (>1000m dari Desa)
Nanga Tayap,Pangkalan Teluk,"Minggu, 20 September 2026 01:09:00",NASA-SNPP,Medium,110.3519,-1.2974,False,False,True,False,True,True,Di Luar Area Pantauan (>1000m dari Desa)
Sukadana,Sejahtera,"Minggu, 20 September 2026 01:09:00",NASA-SNPP,Medium,110.05933,-1.25412,False,False,True,True,True,True,Di Luar Area Pantauan (>1000m dari Desa)
Simpang Hilir,Matan Jaya,"Minggu, 20 September 2026 01:09:00",NASA-SNPP,Medium,110.25066,-1.28471,False,False,True,False,True,True,Di Luar Area Pantauan (>1000m dari Desa)
Nanga Tayap,Mensubang,"Minggu, 20 September 2026 01:09:00",NASA-SNPP,Medium,110.39831,-1.30829,False,False,False,False,False,False,Di Luar Area Pantauan (>1000m dari Desa)
Nanga Tayap,Pangkalan Teluk,"Minggu, 20 September 2026 01:09:00",NASA-SNPP,Medium,110.38758,-1.30658,False,False,False,False,False,False,Di Luar Area Pantauan (>1000m dari Desa)
Nanga Tayap,Mensubang,"Minggu, 20 September 2026 01:09:00",NASA-SNPP,Medium,110.39472,-1.30772,False,False,False,False,False,False,Di Luar Area Pantauan (>1000m dari Desa)
Nanga Tayap,Mensubang,"Minggu, 20 September 2026 01:09:00",NASA-SNPP,Medium,110.39423,-1.31112,False,False,False,False,False,False,Di Luar Area Pantauan (>1000m dari Desa)
Sukadana,Sejahtera,"Minggu, 20 September 2026 01:09:00",NASA-SNPP,Medium,110.05878,-1.25755,False,False,True,True,True,True,Di Luar Area Pantauan (>1000m dari Desa)
Nanga Tayap,Pangkalan Teluk,"Minggu, 20 September 2026 01:09:00",NASA-SNPP,Medium,110.36528,-1.30649,False,False,False,False,False,False,Di Luar Area Pantauan (>1000m dari Desa)
Nanga Tayap,Mensubang,"Minggu, 20 September 2026 01:09:00",NASA-SNPP,Medium,110.39785,-1.31169,False,False,False,False,False,False,Di Luar Area Pantauan (>1000m dari Desa)
Sukadana,Sejahtera,"Minggu, 20 September 2026 01:09:00",NASA-SNPP,Medium,110.0435,-1.25862,False,False,True,True,True,True,Di Luar Area Pantauan (>1000m dari Desa)
Nanga Tayap,Pangkalan Teluk,"Minggu, 20 September 2026 01:09:00",NASA-SNPP,Medium,110.36118,-1.30932,False,False,True,False,True,True,Di Luar Area Pantauan (>1000m dari Desa)
Sukadana,Sejahtera,"Minggu, 20 September 2026 01:09:00",NASA-SNPP,Medium,110.03983,-1.25804,False,False,True,True,True,True,Di Luar Area Pantauan (>1000m dari Desa)
Nanga Tayap,Pangkalan Teluk,"Minggu, 20 September 2026 01:09:00",NASA-SNPP,Medium,110.35258,-1.31839,False,False,True,False,True,True,Di Luar Area Pantauan (>1000m dari Desa)
Nanga Tayap,Pangkalan Teluk,"Minggu, 20 September 2026 01:09:00",NASA-SNPP,Medium,110.37356,-1.3252,False,False,False,False,True,True,Di Luar Area Pantauan (>1000m dari Desa)
Sukadana,Sejahtera,"Minggu, 20 September 2026 01:09:00",NASA-SNPP,Medium,110.09237,-1.28397,False,False,True,True,True,True,Di Luar Area Pantauan (>1000m dari Desa)
Sukadana,Sejahtera,"Minggu, 20 September 2026 01:09:00",NASA-SNPP,Medium,110.09605,-1.28456,False,False,True,True,True,True,Di Luar Area Pantauan (>1000m dari Desa)
Sukadana,Sejahtera,"Minggu, 20 September 2026 01:09:00",NASA-SNPP,Medium,110.12232,-1.28523,False,False,True,False,True,True,Di Luar Area Pantauan (>1000m dari Desa)
Matan Hilir Utara,Lamon Satong,"Minggu, 20 September 2026 01:09:00",NASA-SNPP,Medium,110.24648,-1.32942,False,False,True,False,True,True,Di Luar Area Pantauan (>1000m dari Desa)
Sukadana,Simpang Tiga,"Minggu, 20 September 2026 01:09:00",NASA-SNPP,Medium,110.09756,-1.29883,False,False,True,True,True,True,Di Luar Area Pantauan (>1000m dari Desa)
Sukadana,Riam Berasap Jaya,"Minggu, 20 September 2026 01:09:00",NASA-SNPP,Medium,110.17942,-1.31179,False,False,True,False,True,True,Di Luar Area Pantauan (>1000m dari Desa)
Matan Hilir Utara,Lamon Satong,"Minggu, 20 September 2026 01:09:00",NASA-SNPP,Medium,110.25128,-1.3232,False,False,False,False,True,True,Di Luar Area Pantauan (>1000m dari Desa)
Nanga Tayap,Pangkalan Teluk,"Minggu, 20 September 2026 01:09:00",NASA-SNPP,Medium,110.30776,-1.34261,False,False,True,False,True,True,Di Luar Area Pantauan (>1000m dari Desa)
Nanga Tayap,Pangkalan Teluk,"Minggu, 20 September 2026 01:09:00",NASA-SNPP,Medium,110.32078,-1.35511,False,False,True,False,True,True,Di Luar Area Pantauan (>1000m dari Desa)
Simpang Hilir,Matan Jaya,"Minggu, 20 September 2026 01:09:00",NASA-SNPP,Medium,110.36395,-1.2187,False,False,True,False,True,True,Di Luar Area Pantauan (>1000m dari Desa)
Pulau Maya,Dusun Besar,"Minggu, 20 September 2026 01:09:00",NASA-SNPP,Medium,109.50183,-1.13616,False,False,False,True,False,True,Di Luar Area Pantauan (>1000m dari Desa)
Pulau Maya,Dusun Besar,"Minggu, 20 September 2026 01:09:00",NASA-SNPP,Medium,109.49907,-1.12853,False,False,False,True,False,True,Di Luar Area Pantauan (>1000m dari Desa)
Pulau Maya,Dusun Besar,"Minggu, 20 September 2026 01:09:00",NASA-SNPP,Medium,109.49392,-1.13069,False,False,False,True,False,True,Di Luar Area Pantauan (>1000m dari Desa)
Pulau Maya,Dusun Besar,"Minggu, 20 September 2026 01:09:00",NASA-SNPP,Medium,109.49411,-1.13491,False,False,False,True,False,True,Di Luar Area Pantauan (>1000m dari Desa)
Pulau Maya,Kemboja,"Minggu, 20 September 2026 01:09:00",NASA-SNPP,Medium,109.71793,-1.13024,False,False,False,False,False,False,Di Luar Area Pantauan (>1000m dari Desa)
Sukadana,Sedahan Jaya,"Minggu, 20 September 2026 01:09:00",NASA-SNPP,Medium,110.0469,-1.18589,False,False,True,True,True,True,Di Luar Area Pantauan (>1000m dari Desa)
Sukadana,Sedahan Jaya,"Minggu, 20 September 2026 01:09:00",NASA-SNPP,Medium,110.04581,-1.19275,False,False,True,True,True,True,Di Luar Area Pantauan (>1000m dari Desa)
Simpang Hilir,Matan Jaya,"Minggu, 20 September 2026 01:09:00",NASA-SNPP,Medium,110.34934,-1.24076,False,False,True,False,True,True,Di Luar Area Pantauan (>1000m dari Desa)
Sandai,Sandai,"Minggu, 20 September 2026 01:09:00",NASA-SNPP,Medium,110.51855,-1.26754,False,False,False,False,False,False,Di Luar Area Pantauan (>1000m dari Desa)
Sandai,Sandai,"Minggu, 20 September 2026 01:09:00",NASA-SNPP,Medium,110.5155,-1.26359,False,False,False,False,False,False,Di Luar Area Pantauan (>1000m dari Desa)
Simpang Hilir,Matan Jaya,"Minggu, 20 September 2026 01:09:00",NASA-SNPP,Medium,110.35043,-1.23397,False,False,True,False,True,True,Di Luar Area Pantauan (>1000m dari Desa)
Sukadana,Sedahan Jaya,"Minggu, 20 September 2026 01:09:00",NASA-SNPP,Medium,110.04211,-1.19217,False,False,True,False,True,True,Di Luar Area Pantauan (>1000m dari Desa)
Sandai,Sandai,"Minggu, 20 September 2026 01:09:00",NASA-SNPP,Medium,110.55698,-1.28054,False,False,False,False,False,False,Di Luar Area Pantauan (>1000m dari Desa)
Simpang Hilir,Matan Jaya,"Minggu, 20 September 2026 01:09:00",NASA-SNPP,Medium,110.41273,-1.26122,False,False,False,False,True,True,Di Luar Area Pantauan (>1000m dari Desa)
Sandai,Sandai,"Minggu, 20 September 2026 01:09:00",NASA-SNPP,Medium,110.56057,-1.28111,False,False,False,False,False,False,Di Luar Area Pantauan (>1000m dari Desa)
Simpang Hilir,Matan Jaya,"Minggu, 20 September 2026 01:09:00",NASA-SNPP,Medium,110.40912,-1.26065,False,False,False,False,True,True,Di Luar Area Pantauan (>1000m dari Desa)
Sandai,Sandai,"Minggu, 20 September 2026 01:09:00",NASA-SNPP,Medium,110.55641,-1.28391,False,False,False,False,False,False,Di Luar Area Pantauan (>1000m dari Desa)
Pulau Maya,Dusun Besar,"Minggu, 20 September 2026 01:09:00",NASA-SNPP,Medium,109.49779,-1.1313,False,False,False,True,False,True,Di Luar Area Pantauan (>1000m dari Desa)
Pulau Maya,Dusun Besar,"Minggu, 20 September 2026 01:09:00",NASA-SNPP,Medium,109.4784,-1.12826,False,False,False,False,False,False,Di Luar Area Pantauan (>1000m dari Desa)
Pulau Maya,Dusun Besar,"Minggu, 20 September 2026 01:09:00",NASA-SNPP,Medium,109.49004,-1.13008,False,False,False,True,False,True,Di Luar Area Pantauan (>1000m dari Desa)
Pulau Maya,Dusun Besar,"Minggu, 20 September 2026 01:09:00",NASA-SNPP,Medium,109.50294,-1.12915,False,False,False,True,False,True,Di Luar Area Pantauan (>1000m dari Desa)
Hulu Sungai,Batu Lapis,"Minggu, 20 September 2026 01:09:00",NASA-SNPP,Medium,110.77769,-1.33785,False,False,False,False,False,False,Di Luar Area Pantauan (>1000m dari Desa)
Pulau Maya,Dusun Besar,"Minggu, 20 September 2026 01:09:00",NASA-SNPP,Medium,109.49797,-1.13553,False,False,False,True,False,True,Di Luar Area Pantauan (>1000m dari Desa)
Pulau Maya,Dusun Besar,"Minggu, 20 September 2026 01:09:00",NASA-SNPP,Medium,109.49078,-1.13078,False,False,False,True,False,True,Di Luar Area Pantauan (>1000m dari Desa)
Pulau Maya,Dusun Besar,"Minggu, 20 September 2026 01:09:00",NASA-SNPP,Medium,109.49852,-1.13203,False,False,False,True,False,True,Di Luar Area Pantauan (>1000m dari Desa)
Pulau Maya,Dusun Besar,"Minggu, 20 September 2026 01:09:00",NASA-SNPP,Medium,109.5057,-1.13678,False,False,False,True,True,True,Di Luar Area Pantauan (>1000m dari Desa)
Nanga Tayap,Pangkalan Teluk,"Minggu, 20 September 2026 01:09:00",NASA-SNPP,Medium,110.36168,-1.30592,False,False,False,False,True,True,Di Luar Area Pantauan (>1000m dari Desa)
Sukadana,Sejahtera,"Minggu, 20 September 2026 01:09:00",NASA-SNPP,Medium,110.06194,-1.26157,False,False,True,True,True,True,Di Luar Area Pantauan (>1000m dari Desa)
Sukadana,Sejahtera,"Minggu, 20 September 2026 01:09:00",NASA-SNPP,Medium,110.09551,-1.28798,False,False,True,True,True,True,Di Luar Area Pantauan (>1000m dari Desa)
Sukadana,Simpang Tiga,"Minggu, 20 September 2026 01:09:00",NASA-SNPP,Medium,110.14751,-1.29623,False,False,True,False,True,True,Di Luar Area Pantauan (>1000m dari Desa)
Nanga Tayap,Pangkalan Teluk,"Minggu, 20 September 2026 01:09:00",NASA-SNPP,Medium,110.29646,-1.31991,False,False,True,False,True,True,Di Luar Area Pantauan (>1000m dari Desa)
Sukadana,Simpang Tiga,"Minggu, 20 September 2026 01:09:00",NASA-SNPP,Medium,110.14677,-1.29962,False,False,True,False,True,True,Di Luar Area Pantauan (>1000m dari Desa)
Sukadana,Sejahtera,"Minggu, 20 September 2026 01:09:00",NASA-SNPP,Medium,110.09919,-1.28856,False,False,True,True,True,True,Di Luar Area Pantauan (>1000m dari Desa)
Nanga Tayap,Pangkalan Teluk,"Minggu, 20 September 2026 01:09:00",NASA-SNPP,Medium,110.35096,-1.32857,False,False,True,False,True,True,Di Luar Area Pantauan (>1000m dari Desa)
Sukadana,Riam Berasap Jaya,"Minggu, 20 September 2026 01:09:00",NASA-SNPP,Medium,110.17876,-1.31518,False,False,True,False,True,True,Di Luar Area Pantauan (>1000m dari Desa)
Sukadana,Simpang Tiga,"Minggu, 20 September 2026 01:09:00",NASA-SNPP,Medium,110.09702,-1.30225,False,False,True,True,True,True,Di Luar Area Pantauan (>1000m dari Desa)
Sukadana,Riam Berasap Jaya,"Minggu, 20 September 2026 01:09:00",NASA-SNPP,Medium,110.17495,-1.31458,False,False,True,False,True,True,Di Luar Area Pantauan (>1000m dari Desa)
Sukadana,Riam Berasap Jaya,"Minggu, 20 September 2026 01:09:00",NASA-SNPP,Medium,110.18233,-1.31575,False,False,True,False,True,True,Di Luar Area Pantauan (>1000m dari Desa)
Nanga Tayap,Pangkalan Teluk,"Minggu, 20 September 2026 01:09:00",NASA-SNPP,Medium,110.41238,-1.35917,False,False,False,False,True,True,Di Luar Area Pantauan (>1000m dari Desa)
Nanga Tayap,Pangkalan Teluk,"Minggu, 20 September 2026 01:09:00",NASA-SNPP,Medium,110.3183,-1.34775,False,False,True,False,True,True,Di Luar Area Pantauan (>1000m dari Desa)
Nanga Tayap,Pangkalan Teluk,"Minggu, 20 September 2026 01:09:00",NASA-SNPP,Medium,110.44418,-1.36768,False,False,False,False,False,False,Di Luar Area Pantauan (>1000m dari Desa)
Nanga Tayap,Pangkalan Teluk,"Minggu, 20 September 2026 01:09:00",NASA-SNPP,Medium,110.28489,-1.34596,False,False,True,False,False,True,Di Luar Area Pantauan (>1000m dari Desa)
Nanga Tayap,Pangkalan Teluk,"Minggu, 20 September 2026 01:09:00",NASA-SNPP,Medium,110.44365,-1.37106,False,False,False,False,False,False,Di Luar Area Pantauan (>1000m dari Desa)
Nanga Tayap,Pangkalan Teluk,"Minggu, 20 September 2026 01:09:00",NASA-SNPP,Medium,110.31776,-1.35115,False,False,True,False,True,True,Di Luar Area Pantauan (>1000m dari Desa)
Nanga Tayap,Pangkalan Teluk,"Minggu, 20 September 2026 01:09:00",NASA-SNPP,Medium,110.31882,-1.34436,False,False,True,False,True,True,Di Luar Area Pantauan (>1000m dari Desa)
Simpang Hilir,Lubuk Batu,"Minggu, 20 September 2026 01:09:00",NASA-SNPP,Medium,110.1289,-0.92618,False,False,False,False,False,False,Di Luar Area Pantauan (>1000m dari Desa)
Simpang Hilir,Batu Barat,"Minggu, 20 September 2026 01:09:00",NASA-SNPP,Medium,110.02525,-0.90958,False,False,True,False,False,True,Di Luar Area Pantauan (>1000m dari Desa)
Simpang Hilir,Batu Barat,"Minggu, 20 September 2026 01:09:00",NASA-SNPP,Medium,110.02471,-0.91302,False,False,True,False,False,True,Di Luar Area Pantauan (>1000m dari Desa)
Nanga Tayap,Tanjung Medan,"Minggu, 20 September 2026 01:09:00",NASA-SNPP,Medium,110.46606,-1.44452,False,False,True,False,True,True,Di Luar Area Pantauan (>1000m dari Desa)
Nanga Tayap,Pangkalan Teluk,"Minggu, 20 September 2026 01:09:00",NASA-SNPP,Medium,110.44977,-1.37897,False,False,False,False,False,False,Di Luar Area Pantauan (>1000m dari Desa)
Nanga Tayap,Pangkalan Teluk,"Minggu, 20 September 2026 01:09:00",NASA-SNPP,Medium,110.33359,-1.36758,False,False,True,False,True,True,Di Luar Area Pantauan (>1000m dari Desa)
Nanga Tayap,Pangkalan Teluk,"Minggu, 20 September 2026 01:09:00",NASA-SNPP,Medium,110.35886,-1.34722,False,False,True,False,True,True,Di Luar Area Pantauan (>1000m dari Desa)
Nanga Tayap,Mensubang,"Minggu, 20 September 2026 01:09:00",NASA-SNPP,Medium,110.40385,-1.34392,False,False,False,False,True,True,Di Luar Area Pantauan (>1000m dari Desa)
Hulu Sungai,Beginci Darat,"Minggu, 20 September 2026 01:09:00",NASA-SNPP,Medium,111.0244,-1.34764,True,False,True,False,False,True,Prioritas 1 (Tinggi)
Sandai,Sandai,"Minggu, 20 September 2026 01:09:00",NASA-SNPP,Medium,110.53973,-1.25011,False,False,False,False,False,False,Di Luar Area Pantauan (>1000m dari Desa)
Pulau Maya,Dusun Besar,"Minggu, 20 September 2026 01:09:00",NASA-SNPP,Medium,109.43537,-1.22986,False,False,False,False,False,False,Di Luar Area Pantauan (>1000m dari Desa)
Nanga Tayap,Sepakat Jaya,"Minggu, 20 September 2026 01:09:00",NASA-SNPP,Medium,110.66971,-1.42406,False,False,False,False,False,False,Di Luar Area Pantauan (>1000m dari Desa)
Nanga Tayap,Pangkalan Teluk,"Minggu, 20 September 2026 01:09:00",NASA-SNPP,Medium,110.32969,-1.37044,False,False,True,False,True,True,Di Luar Area Pantauan (>1000m dari Desa)
Nanga Tayap,Sepakat Jaya,"Minggu, 20 September 2026 01:09:00",NASA-SNPP,Medium,110.67323,-1.42462,False,False,True,False,False,True,Di Luar Area Pantauan (>1000m dari Desa)
Nanga Tayap,Sepakat Jaya,"Minggu, 20 September 2026 01:09:00",NASA-SNPP,Medium,110.66618,-1.4235,False,False,False,False,False,False,Di Luar Area Pantauan (>1000m dari Desa)
Pulau Maya,Dusun Besar,"Minggu, 20 September 2026 01:09:00",NASA-SNPP,Medium,109.43629,-1.23003,False,False,False,False,False,False,Di Luar Area Pantauan (>1000m dari Desa)
Pulau Maya,Dusun Besar,"Minggu, 20 September 2026 01:09:00",NASA-SNPP,Medium,109.43243,-1.22941,False,False,True,False,False,True,Di Luar Area Pantauan (>1000m dari Desa)
Nanga Tayap,Simpang Tiga Sembelangaan,"Minggu, 20 September 2026 01:09:00",NASA-SNPP,Medium,110.33554,-1.38198,False,False,True,False,True,True,Di Luar Area Pantauan (>1000m dari Desa)
Nanga Tayap,Tanjung Medan,"Minggu, 20 September 2026 01:09:00",NASA-SNPP,Medium,110.44561,-1.43086,False,False,False,False,False,False,Di Luar Area Pantauan (>1000m dari Desa)
Matan Hilir Utara,Lamon Satong,"Minggu, 20 September 2026 01:09:00",NASA-SNPP,Medium,110.2138,-1.39736,False,False,False,False,False,False,Di Luar Area Pantauan (>1000m dari Desa)
Nanga Tayap,Tanjung Medan,"Minggu, 20 September 2026 01:09:00",NASA-SNPP,Medium,110.44922,-1.43143,False,False,False,False,False,False,Di Luar Area Pantauan (>1000m dari Desa)
Matan Hilir Utara,Lamon Satong,"Minggu, 20 September 2026 01:09:00",NASA-SNPP,Medium,110.16472,-1.40003,False,False,False,False,False,False,Di Luar Area Pantauan (>1000m dari Desa)
Nanga Tayap,Simpang Tiga Sembelangaan,"Minggu, 20 September 2026 01:09:00",NASA-SNPP,Medium,110.32677,-1.43626,False,False,True,False,True,True,Di Luar Area Pantauan (>1000m dari Desa)
Nanga Tayap,Tanjung Medan,"Minggu, 20 September 2026 01:09:00",NASA-SNPP,Medium,110.44868,-1.45909,False,False,True,False,True,True,Di Luar Area Pantauan (>1000m dari Desa)
Nanga Tayap,Sepakat Jaya,"Minggu, 20 September 2026 01:09:00",NASA-SNPP,Medium,110.4623,-1.46818,False,False,True,False,True,True,Di Luar Area Pantauan (>1000m dari Desa)
Nanga Tayap,Nanga Tayap,"Minggu, 20 September 2026 01:09:00",NASA-SNPP,Medium,110.64534,-1.48686,False,False,False,False,False,False,Di Luar Area Pantauan (>1000m dari Desa)
Sungai Laur,Sepotong,"Minggu, 20 September 2026 01:09:00",NASA-SNPP,Medium,110.50706,-0.84318,False,False,False,False,False,False,Di Luar Area Pantauan (>1000m dari Desa)
Nanga Tayap,Kayong Utara,"Minggu, 20 September 2026 01:09:00",NASA-SNPP,Medium,110.69082,-1.52166,False,False,True,False,False,True,Di Luar Area Pantauan (>1000m dari Desa)
Nanga Tayap,Betenung,"Minggu, 20 September 2026 01:09:00",NASA-SNPP,Medium,110.78414,-1.55202,False,False,True,False,False,True,Di Luar Area Pantauan (>1000m dari Desa)
Nanga Tayap,Betenung,"Minggu, 20 September 2026 01:09:00",NASA-SNPP,Medium,110.77006,-1.54976,False,False,True,False,False,True,Di Luar Area Pantauan (>1000m dari Desa)
Nanga Tayap,Betenung,"Minggu, 20 September 2026 01:09:00",NASA-SNPP,Medium,110.82002,-1.5524,False,False,True,False,False,True,Di Luar Area Pantauan (>1000m dari Desa)
Nanga Tayap,Sebadak Raya,"Minggu, 20 September 2026 01:09:00",NASA-SNPP,Medium,110.88581,-1.45473,False,False,True,False,True,True,Di Luar Area Pantauan (>1000m dari Desa)
Hulu Sungai,Batu Lapis,"Minggu, 20 September 2026 01:09:00",NASA-SNPP,Medium,110.88628,-1.45138,False,False,True,False,True,True,Di Luar Area Pantauan (>1000m dari Desa)
Nanga Tayap,Sepakat Jaya,"Minggu, 20 September 2026 01:09:00",NASA-SNPP,Medium,110.66626,-1.42464,False,False,False,False,False,False,Di Luar Area Pantauan (>1000m dari Desa)
Pulau Maya,Dusun Besar,"Minggu, 20 September 2026 01:09:00",NASA-SNPP,Medium,109.43925,-1.23047,False,False,False,False,False,False,Di Luar Area Pantauan (>1000m dari Desa)
Nanga Tayap,Pangkalan Teluk,"Minggu, 20 September 2026 01:09:00",NASA-SNPP,Medium,110.33003,-1.37066,False,False,True,False,True,True,Di Luar Area Pantauan (>1000m dari Desa)
Nanga Tayap,Pangkalan Teluk,"Minggu, 20 September 2026 01:09:00",NASA-SNPP,Medium,110.33649,-1.37517,False,False,True,False,True,True,Di Luar Area Pantauan (>1000m dari Desa)
Nanga Tayap,Sepakat Jaya,"Minggu, 20 September 2026 01:09:00",NASA-SNPP,Medium,110.68333,-1.43082,False,False,False,False,False,False,Di Luar Area Pantauan (>1000m dari Desa)
Nanga Tayap,Simpang Tiga Sembelangaan,"Minggu, 20 September 2026 01:09:00",NASA-SNPP,Medium,110.33601,-1.37858,False,False,True,False,True,True,Di Luar Area Pantauan (>1000m dari Desa)
Nanga Tayap,Simpang Tiga Sembelangaan,"Minggu, 20 September 2026 01:09:00",NASA-SNPP,Medium,110.33955,-1.37914,False,False,True,False,True,True,Di Luar Area Pantauan (>1000m dari Desa)
Pulau Maya,Dusun Besar,"Minggu, 20 September 2026 01:09:00",NASA-SNPP,Medium,109.43573,-1.23354,False,False,False,False,False,False,Di Luar Area Pantauan (>1000m dari Desa)
Nanga Tayap,Sepakat Jaya,"Minggu, 20 September 2026 01:09:00",NASA-SNPP,Medium,110.69085,-1.45272,False,False,True,False,False,True,Di Luar Area Pantauan (>1000m dari Desa)
Nanga Tayap,Sepakat Jaya,"Minggu, 20 September 2026 01:09:00",NASA-SNPP,Medium,110.69036,-1.45609,False,False,True,False,False,True,Di Luar Area Pantauan (>1000m dari Desa)
Nanga Tayap,Pangkalan Teluk,"Minggu, 20 September 2026 01:09:00",NASA-SNPP,Medium,110.45027,-1.42466,False,False,False,False,False,False,Di Luar Area Pantauan (>1000m dari Desa)
Nanga Tayap,Sebadak Raya,"Minggu, 20 September 2026 01:09:00",NASA-SNPP,Medium,110.78789,-1.48198,False,False,True,False,False,True,Di Luar Area Pantauan (>1000m dari Desa)
Nanga Tayap,Sebadak Raya,"Minggu, 20 September 2026 01:09:00",NASA-SNPP,Medium,110.81612,-1.48648,False,False,True,False,False,True,Di Luar Area Pantauan (>1000m dari Desa)
Nanga Tayap,Simpang Tiga Sembelangaan,"Minggu, 20 September 2026 01:09:00",NASA-SNPP,Medium,110.32664,-1.41536,False,False,True,False,True,True,Di Luar Area Pantauan (>1000m dari Desa)
Nanga Tayap,Tanjung Medan,"Minggu, 20 September 2026 01:09:00",NASA-SNPP,Medium,110.44614,-1.42747,False,False,False,False,False,False,Di Luar Area Pantauan (>1000m dari Desa)
Nanga Tayap,Simpang Tiga Sembelangaan,"Minggu, 20 September 2026 01:09:00",NASA-SNPP,Medium,110.33747,-1.41709,False,False,True,False,True,True,Di Luar Area Pantauan (>1000m dari Desa)
Nanga Tayap,Simpang Tiga Sembelangaan,"Minggu, 20 September 2026 01:09:00",NASA-SNPP,Medium,110.33694,-1.42048,False,False,True,False,True,True,Di Luar Area Pantauan (>1000m dari Desa)
Matan Hilir Utara,Lamon Satong,"Minggu, 20 September 2026 01:09:00",NASA-SNPP,Medium,110.21326,-1.40077,False,False,False,True,False,True,Di Luar Area Pantauan (>1000m dari Desa)
Matan Hilir Utara,Lamon Satong,"Minggu, 20 September 2026 01:09:00",NASA-SNPP,Medium,110.20908,-1.4036,False,False,False,True,False,True,Di Luar Area Pantauan (>1000m dari Desa)
Nanga Tayap,Sepakat Jaya,"Minggu, 20 September 2026 01:09:00",NASA-SNPP,Medium,110.66943,-1.47344,False,False,False,False,False,False,Di Luar Area Pantauan (>1000m dari Desa)
Nanga Tayap,Simpang Tiga Sembelangaan,"Minggu, 20 September 2026 01:09:00",NASA-SNPP,Medium,110.31025,-1.42319,False,False,False,False,True,True,Di Luar Area Pantauan (>1000m dari Desa)
Matan Hilir Utara,Lamon Satong,"Minggu, 20 September 2026 01:09:00",NASA-SNPP,Medium,110.16837,-1.40061,False,False,False,False,False,False,Di Luar Area Pantauan (>1000m dari Desa)
Nanga Tayap,Simpang Tiga Sembelangaan,"Minggu, 20 September 2026 01:09:00",NASA-SNPP,Medium,110.31393,-1.42378,False,False,False,False,True,True,Di Luar Area Pantauan (>1000m dari Desa)
Matan Hilir Utara,Lamon Satong,"Minggu, 20 September 2026 01:09:00",NASA-SNPP,Medium,110.20436,-1.40983,False,False,False,True,False,True,Di Luar Area Pantauan (>1000m dari Desa)
Matan Hilir Utara,Lamon Satong,"Minggu, 20 September 2026 01:09:00",NASA-SNPP,Medium,110.19707,-1.40867,False,False,False,True,False,True,Di Luar Area Pantauan (>1000m dari Desa)
Nanga Tayap,Simpang Tiga Sembelangaan,"Minggu, 20 September 2026 01:09:00",NASA-SNPP,Medium,110.32731,-1.43287,False,False,True,False,True,True,Di Luar Area Pantauan (>1000m dari Desa)
Matan Hilir Utara,Lamon Satong,"Minggu, 20 September 2026 01:09:00",NASA-SNPP,Medium,110.17098,-1.40802,False,False,False,False,False,False,Di Luar Area Pantauan (>1000m dari Desa)
Matan Hilir Utara,Kuala Satong,"Minggu, 20 September 2026 01:09:00",NASA-SNPP,Medium,110.1207,-1.41754,False,False,False,True,False,True,Di Luar Area Pantauan (>1000m dari Desa)
Matan Hilir Utara,Kuala Satong,"Minggu, 20 September 2026 01:09:00",NASA-SNPP,Medium,110.12437,-1.41812,False,False,False,True,False,True,Di Luar Area Pantauan (>1000m dari Desa)
Matan Hilir Utara,Kuala Tolak,"Minggu, 20 September 2026 01:09:00",NASA-SNPP,Medium,110.1306,-1.42611,False,False,False,False,False,False,Di Luar Area Pantauan (>1000m dari Desa)
Matan Hilir Utara,Lamon Satong,"Minggu, 20 September 2026 01:09:00",NASA-SNPP,Medium,110.15733,-1.42334,False,False,False,True,False,True,Di Luar Area Pantauan (>1000m dari Desa)
Nanga Tayap,Betenung,"Minggu, 20 September 2026 01:09:00",NASA-SNPP,Medium,110.84035,-1.56101,False,False,True,False,False,True,Di Luar Area Pantauan (>1000m dari Desa)
Hulu Sungai,Senduruhan,"Minggu, 20 September 2026 01:09:00",NASA-SNPP,Medium,110.75422,-0.95264,False,False,True,False,False,True,Di Luar Area Pantauan (>1000m dari Desa)
Simpang Hilir,Batu Barat,"Minggu, 20 September 2026 01:09:00",NASA-SNPP,Medium,110.13571,-0.85437,False,False,True,True,False,True,Di Luar Area Pantauan (>1000m dari Desa)
Batu Ampar,Batu Ampar,"Minggu, 20 September 2026 01:09:00",NASA-SNPP,Medium,109.52769,-0.80094,False,False,True,True,True,True,Di Luar Area Pantauan (>1000m dari Desa)
Simpang Hilir,Batu Barat,"Minggu, 20 September 2026 01:09:00",NASA-SNPP,Medium,110.0899,-0.90938,False,False,True,True,False,True,Di Luar Area Pantauan (>1000m dari Desa)
Nanga Tayap,Simpang Tiga Sembelangaan,"Minggu, 20 September 2026 01:09:00",NASA-SNPP,Medium,110.36248,-1.49477,False,False,True,False,True,True,Di Luar Area Pantauan (>1000m dari Desa)
Matan Hilir Utara,Kuala Tolak,"Minggu, 20 September 2026 01:09:00",NASA-SNPP,Medium,110.15699,-1.47576,False,False,True,True,False,True,Di Luar Area Pantauan (>1000m dari Desa)
Matan Hilir Utara,Kuala Tolak,"Minggu, 20 September 2026 01:09:00",NASA-SNPP,Medium,110.12772,-1.47107,False,False,False,True,False,True,Di Luar Area Pantauan (>1000m dari Desa)
Matan Hilir Utara,Kuala Tolak,"Minggu, 20 September 2026 01:09:00",NASA-SNPP,Medium,110.15335,-1.47517,False,False,True,True,False,True,Di Luar Area Pantauan (>1000m dari Desa)
Matan Hilir Utara,Kuala Tolak,"Minggu, 20 September 2026 01:09:00",NASA-SNPP,Medium,110.1601,-1.47975,False,False,True,True,False,True,Di Luar Area Pantauan (>1000m dari Desa)
Matan Hilir Utara,Kuala Tolak,"Minggu, 20 September 2026 01:09:00",NASA-SNPP,Medium,110.14968,-1.47459,False,False,True,True,False,True,Di Luar Area Pantauan (>1000m dari Desa)
Matan Hilir Utara,Kuala Tolak,"Minggu, 20 September 2026 01:09:00",NASA-SNPP,Medium,110.15849,-1.48999,False,False,False,True,False,True,Di Luar Area Pantauan (>1000m dari Desa)
Nanga Tayap,Betenung,"Minggu, 20 September 2026 01:09:00",NASA-SNPP,Medium,110.82998,-1.60402,False,False,False,False,False,False,Di Luar Area Pantauan (>1000m dari Desa)
Nanga Tayap,Betenung,"Minggu, 20 September 2026 01:09:00",NASA-SNPP,Medium,110.8335,-1.60458,False,False,False,False,False,False,Di Luar Area Pantauan (>1000m dari Desa)
Muara Pawan,Ulak Medang,"Minggu, 20 September 2026 01:09:00",NASA-SNPP,Medium,110.21516,-1.50951,False,False,True,True,False,True,Di Luar Area Pantauan (>1000m dari Desa)
Muara Pawan,Ulak Medang,"Minggu, 20 September 2026 01:09:00",NASA-SNPP,Medium,110.22607,-1.51125,False,False,True,True,False,True,Di Luar Area Pantauan (>1000m dari Desa)
Matan Hilir Utara,Lamon Satong,"Minggu, 20 September 2026 01:09:00",NASA-SNPP,Medium,110.21098,-1.51234,False,False,True,True,False,True,Di Luar Area Pantauan (>1000m dari Desa)
Muara Pawan,Ulak Medang,"Minggu, 20 September 2026 01:09:00",NASA-SNPP,Medium,110.23643,-1.51639,False,False,True,True,False,True,Di Luar Area Pantauan (>1000m dari Desa)
Muara Pawan,Ulak Medang,"Minggu, 20 September 2026 01:09:00",NASA-SNPP,Medium,110.23279,-1.51581,False,False,True,True,False,True,Di Luar Area Pantauan (>1000m dari Desa)
Muara Pawan,Ulak Medang,"Minggu, 20 September 2026 01:09:00",NASA-SNPP,Medium,110.2691,-1.52159,False,False,True,True,False,True,Di Luar Area Pantauan (>1000m dari Desa)
Muara Pawan,Ulak Medang,"Minggu, 20 September 2026 01:09:00",NASA-SNPP,Medium,110.26546,-1.52102,False,False,True,True,False,True,Di Luar Area Pantauan (>1000m dari Desa)
Muara Pawan,Ulak Medang,"Minggu, 20 September 2026 01:09:00",NASA-SNPP,Medium,110.27995,-1.52333,False,False,True,True,False,True,Di Luar Area Pantauan (>1000m dari Desa)
Muara Pawan,Ulak Medang,"Minggu, 20 September 2026 01:09:00",NASA-SNPP,Medium,110.28358,-1.5239,False,False,True,True,False,True,Di Luar Area Pantauan (>1000m dari Desa)
Muara Pawan,Ulak Medang,"Minggu, 20 September 2026 01:09:00",NASA-SNPP,Medium,110.25822,-1.51986,False,False,True,True,False,True,Di Luar Area Pantauan (>1000m dari Desa)
Muara Pawan,Ulak Medang,"Minggu, 20 September 2026 01:09:00",NASA-SNPP,Medium,110.26184,-1.52044,False,False,True,True,False,True,Di Luar Area Pantauan (>1000m dari Desa)
Muara Pawan,Ulak Medang,"Minggu, 20 September 2026 01:09:00",NASA-SNPP,Medium,110.2468,-1.52153,False,False,True,True,False,True,Di Luar Area Pantauan (>1000m dari Desa)
Matan Hilir Utara,Lamon Satong,"Minggu, 20 September 2026 01:09:00",NASA-SNPP,Medium,110.2068,-1.51516,False,False,True,True,False,True,Di Luar Area Pantauan (>1000m dari Desa)
Muara Pawan,Ulak Medang,"Minggu, 20 September 2026 01:09:00",NASA-SNPP,Medium,110.24262,-1.52435,False,False,True,True,False,True,Di Luar Area Pantauan (>1000m dari Desa)
Muara Pawan,Ulak Medang,"Minggu, 20 September 2026 01:09:00",NASA-SNPP,Medium,110.26131,-1.52384,False,False,True,True,False,True,Di Luar Area Pantauan (>1000m dari Desa)
Muara Pawan,Ulak Medang,"Minggu, 20 September 2026 01:09:00",NASA-SNPP,Medium,110.26494,-1.52442,False,False,True,True,False,True,Di Luar Area Pantauan (>1000m dari Desa)
Muara Pawan,Ulak Medang,"Minggu, 20 September 2026 01:09:00",NASA-SNPP,Medium,110.26855,-1.52499,False,False,True,True,False,True,Di Luar Area Pantauan (>1000m dari Desa)
Matan Hilir Utara,Lamon Satong,"Minggu, 20 September 2026 01:09:00",NASA-SNPP,Medium,110.20263,-1.51799,False,False,True,True,False,True,Di Luar Area Pantauan (>1000m dari Desa)
Muara Pawan,Ulak Medang,"Minggu, 20 September 2026 01:09:00",NASA-SNPP,Medium,110.27164,-1.52897,False,False,True,True,False,True,Di Luar Area Pantauan (>1000m dari Desa)
Muara Pawan,Ulak Medang,"Minggu, 20 September 2026 01:09:00",NASA-SNPP,Medium,110.27888,-1.53012,False,False,True,True,False,True,Di Luar Area Pantauan (>1000m dari Desa)
Muara Pawan,Ulak Medang,"Minggu, 20 September 2026 01:09:00",NASA-SNPP,Medium,110.27834,-1.53352,False,False,True,True,False,True,Di Luar Area Pantauan (>1000m dari Desa)
Matan Hilir Utara,Kuala Tolak,"Minggu, 20 September 2026 01:09:00",NASA-SNPP,Medium,110.16928,-1.51618,False,False,False,True,False,True,Di Luar Area Pantauan (>1000m dari Desa)
Nanga Tayap,Lembah Hijau Satu,"Minggu, 20 September 2026 01:09:00",NASA-SNPP,Medium,110.4905,-1.56725,False,False,False,False,False,False,Di Luar Area Pantauan (>1000m dari Desa)
Nanga Tayap,Lembah Hijau Satu,"Minggu, 20 September 2026 01:09:00",NASA-SNPP,Medium,110.50124,-1.56895,False,False,False,False,False,False,Di Luar Area Pantauan (>1000m dari Desa)
Nanga Tayap,Lembah Hijau Satu,"Minggu, 20 September 2026 01:09:00",NASA-SNPP,Medium,110.50481,-1.56952,False,False,False,False,False,False,Di Luar Area Pantauan (>1000m dari Desa)
Nanga Tayap,Nanga Tayap,"Minggu, 20 September 2026 01:09:00",NASA-SNPP,Medium,110.50837,-1.57009,False,False,False,False,False,False,Di Luar Area Pantauan (>1000m dari Desa)
Nanga Tayap,Lembah Hijau Satu,"Minggu, 20 September 2026 01:09:00",NASA-SNPP,Medium,110.49355,-1.5712,False,False,False,False,False,False,Di Luar Area Pantauan (>1000m dari Desa)
Nanga Tayap,Lembah Hijau Satu,"Minggu, 20 September 2026 01:09:00",NASA-SNPP,Medium,110.50428,-1.5729,False,False,False,False,False,False,Di Luar Area Pantauan (>1000m dari Desa)
Nanga Tayap,Nanga Tayap,"Minggu, 20 September 2026 01:09:00",NASA-SNPP,Medium,110.50784,-1.57347,False,False,False,False,False,False,Di Luar Area Pantauan (>1000m dari Desa)
Nanga Tayap,Lembah Hijau Satu,"Minggu, 20 September 2026 01:09:00",NASA-SNPP,Medium,110.50071,-1.57233,False,False,False,False,False,False,Di Luar Area Pantauan (>1000m dari Desa)
Matan Hilir Utara,Kuala Tolak,"Minggu, 20 September 2026 01:09:00",NASA-SNPP,Medium,110.1134,-1.51429,False,False,False,False,False,False,Di Luar Area Pantauan (>1000m dari Desa)
Matan Hilir Utara,Tanjung Baik Budi,"Minggu, 20 September 2026 01:09:00",NASA-SNPP,Medium,110.19373,-1.52705,False,False,True,True,False,True,Di Luar Area Pantauan (>1000m dari Desa)
Matan Hilir Utara,Tanjung Baik Budi,"Minggu, 20 September 2026 01:09:00",NASA-SNPP,Medium,110.19321,-1.53046,False,False,True,True,False,True,Di Luar Area Pantauan (>1000m dari Desa)
Matan Hilir Utara,Kuala Tolak,"Minggu, 20 September 2026 01:09:00",NASA-SNPP,Medium,110.12019,-1.51887,False,False,True,False,False,True,Di Luar Area Pantauan (>1000m dari Desa)
Matan Hilir Utara,Kuala Tolak,"Minggu, 20 September 2026 01:09:00",NASA-SNPP,Medium,110.11652,-1.51829,False,False,True,False,False,True,Di Luar Area Pantauan (>1000m dari Desa)
Nanga Tayap,Cegolak,"Minggu, 20 September 2026 01:09:00",NASA-SNPP,Medium,110.69166,-1.60956,False,False,True,False,False,True,Di Luar Area Pantauan (>1000m dari Desa)
Matan Hilir Utara,Tanjung Baik Budi,"Minggu, 20 September 2026 01:09:00",NASA-SNPP,Medium,110.17444,-1.53097,False,False,False,True,False,True,Di Luar Area Pantauan (>1000m dari Desa)
Matan Hilir Utara,Tanjung Baik Budi,"Minggu, 20 September 2026 01:09:00",NASA-SNPP,Medium,110.18903,-1.53329,False,False,True,True,False,True,Di Luar Area Pantauan (>1000m dari Desa)
Matan Hilir Utara,Tanjung Baik Budi,"Minggu, 20 September 2026 01:09:00",NASA-SNPP,Medium,110.18121,-1.53554,False,False,True,True,False,True,Di Luar Area Pantauan (>1000m dari Desa)
Matan Hilir Utara,Tanjung Baik Budi,"Minggu, 20 September 2026 01:09:00",NASA-SNPP,Medium,110.17755,-1.53496,False,False,True,True,False,True,Di Luar Area Pantauan (>1000m dari Desa)
Matan Hilir Utara,Tanjung Baik Budi,"Minggu, 20 September 2026 01:09:00",NASA-SNPP,Medium,110.17389,-1.53438,False,False,False,True,False,True,Di Luar Area Pantauan (>1000m dari Desa)
Simpang Dua,Kampar Sebomban,"Minggu, 20 September 2026 01:09:00",NASA-SNPP,Medium,110.20514,-0.92087,False,False,False,False,False,False,Di Luar Area Pantauan (>1000m dari Desa)
Simpang Hilir,Lubuk Batu,"Minggu, 20 September 2026 01:09:00",NASA-SNPP,Medium,110.10937,-0.93009,False,False,False,False,False,False,Di Luar Area Pantauan (>1000m dari Desa)
Matan Hilir Utara,Tanjung Baik Budi,"Minggu, 20 September 2026 01:09:00",NASA-SNPP,Medium,110.13321,-1.53143,False,False,True,True,False,True,Di Luar Area Pantauan (>1000m dari Desa)
Matan Hilir Utara,Tanjung Baik Budi,"Minggu, 20 September 2026 01:09:00",NASA-SNPP,Medium,110.17336,-1.53779,False,False,False,True,False,True,Di Luar Area Pantauan (>1000m dari Desa)
Nanga Tayap,Sungai Kelik,"Minggu, 20 September 2026 01:09:00",NASA-SNPP,Medium,110.43005,-1.57844,False,False,False,False,False,False,Di Luar Area Pantauan (>1000m dari Desa)
Matan Hilir Utara,Tanjung Baik Budi,"Minggu, 20 September 2026 01:09:00",NASA-SNPP,Medium,110.17701,-1.53837,False,False,True,True,False,True,Di Luar Area Pantauan (>1000m dari Desa)
Nanga Tayap,Lembah Hijau Dua,"Minggu, 20 September 2026 01:09:00",NASA-SNPP,Medium,110.43363,-1.57901,False,False,False,False,False,False,Di Luar Area Pantauan (>1000m dari Desa)
Matan Hilir Utara,Tanjung Baik Budi,"Minggu, 20 September 2026 01:09:00",NASA-SNPP,Medium,110.13686,-1.53201,False,False,True,True,False,True,Di Luar Area Pantauan (>1000m dari Desa)
Matan Hilir Utara,Tanjung Baik Budi,"Minggu, 20 September 2026 01:09:00",NASA-SNPP,Medium,110.13631,-1.53542,False,False,True,True,False,True,Di Luar Area Pantauan (>1000m dari Desa)
Matan Hilir Utara,Tanjung Baik Budi,"Minggu, 20 September 2026 01:09:00",NASA-SNPP,Medium,110.17281,-1.5412,False,False,False,True,False,True,Di Luar Area Pantauan (>1000m dari Desa)
Nanga Tayap,Sungai Kelik,"Minggu, 20 September 2026 01:09:00",NASA-SNPP,Medium,110.42951,-1.58183,False,False,False,False,False,False,Di Luar Area Pantauan (>1000m dari Desa)
Matan Hilir Utara,Tanjung Baik Budi,"Minggu, 20 September 2026 01:09:00",NASA-SNPP,Medium,110.17648,-1.54178,False,False,True,True,False,True,Di Luar Area Pantauan (>1000m dari Desa)
Nanga Tayap,Betenung,"Minggu, 20 September 2026 01:09:00",NASA-SNPP,Medium,110.83983,-1.56437,False,False,True,False,False,True,Di Luar Area Pantauan (>1000m dari Desa)
Nanga Tayap,Kayong Hulu,"Minggu, 20 September 2026 01:09:00",NASA-SNPP,Medium,110.66333,-1.5361,False,False,False,False,False,False,Di Luar Area Pantauan (>1000m dari Desa)
Nanga Tayap,Simpang Tiga Sembelangaan,"Minggu, 20 September 2026 01:09:00",NASA-SNPP,Medium,110.34886,-1.48912,False,False,True,False,True,True,Di Luar Area Pantauan (>1000m dari Desa)
Nanga Tayap,Betenung,"Minggu, 20 September 2026 01:09:00",NASA-SNPP,Medium,110.84473,-1.57889,False,False,True,False,False,True,Di Luar Area Pantauan (>1000m dari Desa)
Matan Hilir Utara,Kuala Tolak,"Minggu, 20 September 2026 01:09:00",NASA-SNPP,Medium,110.18358,-1.47303,False,False,False,True,False,True,Di Luar Area Pantauan (>1000m dari Desa)
Matan Hilir Utara,Kuala Tolak,"Minggu, 20 September 2026 01:09:00",NASA-SNPP,Medium,110.16064,-1.47634,False,False,True,True,False,True,Di Luar Area Pantauan (>1000m dari Desa)
Matan Hilir Utara,Kuala Tolak,"Minggu, 20 September 2026 01:09:00",NASA-SNPP,Medium,110.15957,-1.48316,False,False,True,True,False,True,Di Luar Area Pantauan (>1000m dari Desa)
Nanga Tayap,Betenung,"Minggu, 20 September 2026 01:09:00",NASA-SNPP,Medium,110.8305,-1.60067,False,False,False,False,False,False,Di Luar Area Pantauan (>1000m dari Desa)
Nanga Tayap,Betenung,"Minggu, 20 September 2026 01:09:00",NASA-SNPP,Medium,110.83402,-1.60123,False,False,False,False,False,False,Di Luar Area Pantauan (>1000m dari Desa)
Muara Pawan,Ulak Medang,"Minggu, 20 September 2026 01:09:00",NASA-SNPP,Medium,110.22296,-1.50727,False,False,True,True,False,True,Di Luar Area Pantauan (>1000m dari Desa)
Muara Pawan,Ulak Medang,"Minggu, 20 September 2026 01:09:00",NASA-SNPP,Medium,110.2188,-1.51009,False,False,True,True,False,True,Di Luar Area Pantauan (>1000m dari Desa)
Muara Pawan,Ulak Medang,"Minggu, 20 September 2026 01:09:00",NASA-SNPP,Medium,110.28411,-1.52051,False,False,True,True,False,True,Di Luar Area Pantauan (>1000m dari Desa)
Muara Pawan,Ulak Medang,"Minggu, 20 September 2026 01:09:00",NASA-SNPP,Medium,110.2297,-1.51183,False,False,True,True,False,True,Di Luar Area Pantauan (>1000m dari Desa)
Muara Pawan,Ulak Medang,"Minggu, 20 September 2026 01:09:00",NASA-SNPP,Medium,110.23333,-1.51241,False,False,True,True,False,True,Di Luar Area Pantauan (>1000m dari Desa)
Matan Hilir Utara,Lamon Satong,"Minggu, 20 September 2026 01:09:00",NASA-SNPP,Medium,110.21045,-1.51574,False,False,True,True,False,True,Di Luar Area Pantauan (>1000m dari Desa)
Matan Hilir Utara,Lamon Satong,"Minggu, 20 September 2026 01:09:00",NASA-SNPP,Medium,110.20628,-1.51857,False,False,True,True,False,True,Di Luar Area Pantauan (>1000m dari Desa)
Matan Hilir Utara,Kuala Tolak,"Minggu, 20 September 2026 01:09:00",NASA-SNPP,Medium,110.10662,-1.50971,False,False,False,True,False,True,Di Luar Area Pantauan (>1000m dari Desa)
Matan Hilir Utara,Kuala Tolak,"Minggu, 20 September 2026 01:09:00",NASA-SNPP,Medium,110.11395,-1.51088,False,False,False,True,False,True,Di Luar Area Pantauan (>1000m dari Desa)
Muara Pawan,Ulak Medang,"Minggu, 20 September 2026 01:09:00",NASA-SNPP,Medium,110.2758,-1.52615,False,False,True,True,False,True,Di Luar Area Pantauan (>1000m dari Desa)
Muara Pawan,Ulak Medang,"Minggu, 20 September 2026 01:09:00",NASA-SNPP,Medium,110.27473,-1.53294,False,False,True,True,False,True,Di Luar Area Pantauan (>1000m dari Desa)
Muara Pawan,Ulak Medang,"Minggu, 20 September 2026 01:09:00",NASA-SNPP,Medium,110.23696,-1.51299,False,False,True,True,False,True,Di Luar Area Pantauan (>1000m dari Desa)
Muara Pawan,Ulak Medang,"Minggu, 20 September 2026 01:09:00",NASA-SNPP,Medium,110.26802,-1.52839,False,False,True,True,False,True,Di Luar Area Pantauan (>1000m dari Desa)
Nanga Tayap,Lembah Hijau Satu,"Minggu, 20 September 2026 01:09:00",NASA-SNPP,Medium,110.48693,-1.56668,False,False,False,False,False,False,Di Luar Area Pantauan (>1000m dari Desa)
Muara Pawan,Ulak Medang,"Minggu, 20 September 2026 01:09:00",NASA-SNPP,Medium,110.2872,-1.52448,False,False,True,True,False,True,Di Luar Area Pantauan (>1000m dari Desa)
Muara Pawan,Ulak Medang,"Minggu, 20 September 2026 01:09:00",NASA-SNPP,Medium,110.21462,-1.51292,False,False,True,True,False,True,Di Luar Area Pantauan (>1000m dari Desa)
Muara Pawan,Ulak Medang,"Minggu, 20 September 2026 01:09:00",NASA-SNPP,Medium,110.24625,-1.52493,False,False,True,True,False,True,Di Luar Area Pantauan (>1000m dari Desa)
Muara Pawan,Ulak Medang,"Minggu, 20 September 2026 01:09:00",NASA-SNPP,Medium,110.27218,-1.52557,False,False,True,True,False,True,Di Luar Area Pantauan (>1000m dari Desa)
Nanga Tayap,Lembah Hijau Satu,"Minggu, 20 September 2026 01:09:00",NASA-SNPP,Medium,110.49157,-1.56049,False,False,False,False,False,False,Di Luar Area Pantauan (>1000m dari Desa)
Nanga Tayap,Lembah Hijau Satu,"Minggu, 20 September 2026 01:09:00",NASA-SNPP,Medium,110.49515,-1.56106,False,False,False,False,False,False,Di Luar Area Pantauan (>1000m dari Desa)
Muara Pawan,Ulak Medang,"Minggu, 20 September 2026 01:09:00",NASA-SNPP,Medium,110.24006,-1.51697,False,False,True,True,False,True,Di Luar Area Pantauan (>1000m dari Desa)
Muara Pawan,Ulak Medang,"Minggu, 20 September 2026 01:09:00",NASA-SNPP,Medium,110.27527,-1.52954,False,False,True,True,False,True,Di Luar Area Pantauan (>1000m dari Desa)
Matan Hilir Utara,Kuala Tolak,"Minggu, 20 September 2026 01:09:00",NASA-SNPP,Medium,110.11706,-1.51487,False,False,True,False,False,True,Di Luar Area Pantauan (>1000m dari Desa)
Matan Hilir Utara,Kuala Tolak,"Minggu, 20 September 2026 01:09:00",NASA-SNPP,Medium,110.12072,-1.51545,False,False,True,False,False,True,Di Luar Area Pantauan (>1000m dari Desa)
Matan Hilir Utara,Tanjung Baik Budi,"Minggu, 20 September 2026 01:09:00",NASA-SNPP,Medium,110.19739,-1.52763,False,False,True,True,False,True,Di Luar Area Pantauan (>1000m dari Desa)
Matan Hilir Utara,Tanjung Baik Budi,"Minggu, 20 September 2026 01:09:00",NASA-SNPP,Medium,110.18539,-1.53271,False,False,True,True,False,True,Di Luar Area Pantauan (>1000m dari Desa)
Matan Hilir Utara,Tanjung Baik Budi,"Minggu, 20 September 2026 01:09:00",NASA-SNPP,Medium,110.18956,-1.52988,False,False,True,True,False,True,Di Luar Area Pantauan (>1000m dari Desa)
Matan Hilir Utara,Tanjung Baik Budi,"Minggu, 20 September 2026 01:09:00",NASA-SNPP,Medium,110.17863,-1.52814,False,False,True,True,False,True,Di Luar Area Pantauan (>1000m dari Desa)
Nanga Tayap,Cegolak,"Minggu, 20 September 2026 01:09:00",NASA-SNPP,Medium,110.68811,-1.60899,False,False,True,False,False,True,Di Luar Area Pantauan (>1000m dari Desa)
Matan Hilir Utara,Tanjung Baik Budi,"Minggu, 20 September 2026 01:09:00",NASA-SNPP,Medium,110.18174,-1.53213,False,False,True,True,False,True,Di Luar Area Pantauan (>1000m dari Desa)
Matan Hilir Utara,Tanjung Baik Budi,"Minggu, 20 September 2026 01:09:00",NASA-SNPP,Medium,110.19267,-1.53386,False,False,True,True,False,True,Di Luar Area Pantauan (>1000m dari Desa)
Nanga Tayap,Lembah Hijau Dua,"Minggu, 20 September 2026 01:09:00",NASA-SNPP,Medium,110.4408,-1.58015,False,False,False,False,False,False,Di Luar Area Pantauan (>1000m dari Desa)
Nanga Tayap,Cegolak,"Minggu, 20 September 2026 01:09:00",NASA-SNPP,Medium,110.70057,-1.6674,False,False,True,False,True,True,Di Luar Area Pantauan (>1000m dari Desa)
Nanga Tayap,Lembah Hijau Dua,"Minggu, 20 September 2026 01:09:00",NASA-SNPP,Medium,110.45354,-1.59256,False,False,False,False,False,False,Di Luar Area Pantauan (>1000m dari Desa)
Muara Pawan,Ulak Medang,"Minggu, 20 September 2026 01:09:00",NASA-SNPP,Medium,110.29307,-1.58111,False,False,True,True,False,True,Di Luar Area Pantauan (>1000m dari Desa)
Hulu Sungai,Kenyabur,"Minggu, 20 September 2026 01:09:00",NASA-SNPP,Medium,111.00011,-0.99857,True,False,True,False,False,True,Prioritas 1 (Tinggi)
Simpang Hilir,Lubuk Batu,"Minggu, 20 September 2026 01:09:00",NASA-SNPP,Medium,110.13526,-0.90963,False,False,False,False,False,False,Di Luar Area Pantauan (>1000m dari Desa)
Simpang Hilir,Lubuk Batu,"Minggu, 20 September 2026 01:09:00",NASA-SNPP,Medium,110.11306,-0.93068,False,False,False,False,False,False,Di Luar Area Pantauan (>1000m dari Desa)
Hulu Sungai,Krio Hulu,"Minggu, 20 September 2026 01:09:00",NASA-SNPP,Medium,110.89973,-0.99639,False,False,True,False,False,True,Di Luar Area Pantauan (>1000m dari Desa)
Simpang Hilir,Lubuk Batu,"Minggu, 20 September 2026 01:09:00",NASA-SNPP,Medium,110.10883,-0.93352,False,False,False,False,False,False,Di Luar Area Pantauan (>1000m dari Desa)
Simpang Hilir,Batu Barat,"Minggu, 20 September 2026 01:09:00",NASA-SNPP,Medium,110.06814,-0.92701,False,False,True,True,False,True,Di Luar Area Pantauan (>1000m dari Desa)
Simpang Hilir,Batu Barat,"Minggu, 20 September 2026 01:09:00",NASA-SNPP,Medium,110.02518,-0.93425,False,False,True,True,False,True,Di Luar Area Pantauan (>1000m dari Desa)
Simpang Hilir,Batu Barat,"Minggu, 20 September 2026 01:09:00",NASA-SNPP,Medium,110.0517,-0.93495,False,False,True,False,False,True,Di Luar Area Pantauan (>1000m dari Desa)
Simpang Hilir,Lubuk Batu,"Minggu, 20 September 2026 01:09:00",NASA-SNPP,Medium,110.10667,-0.94724,False,False,False,False,False,False,Di Luar Area Pantauan (>1000m dari Desa)
Nanga Tayap,Lembah Hijau Dua,"Minggu, 20 September 2026 01:09:00",NASA-SNPP,Medium,110.44691,-1.58805,False,False,False,False,False,False,Di Luar Area Pantauan (>1000m dari Desa)
Nanga Tayap,Lembah Hijau Dua,"Minggu, 20 September 2026 01:09:00",NASA-SNPP,Medium,110.44332,-1.58748,False,False,False,False,False,False,Di Luar Area Pantauan (>1000m dari Desa)
Nanga Tayap,Sungai Kelik,"Minggu, 20 September 2026 01:09:00",NASA-SNPP,Medium,110.3066,-1.56585,False,False,True,True,False,True,Di Luar Area Pantauan (>1000m dari Desa)
Matan Hilir Utara,Tanjung Baik Budi,"Minggu, 20 September 2026 01:09:00",NASA-SNPP,Medium,110.1577,-1.5423,False,False,True,True,False,True,Di Luar Area Pantauan (>1000m dari Desa)
Simpang Hilir,Lubuk Batu,"Minggu, 20 September 2026 01:09:00",NASA-SNPP,Medium,110.10297,-0.94665,False,False,False,False,False,False,Di Luar Area Pantauan (>1000m dari Desa)
Simpang Hilir,Batu Barat,"Minggu, 20 September 2026 01:09:00",NASA-SNPP,Medium,110.03687,-0.93259,False,False,True,True,False,True,Di Luar Area Pantauan (>1000m dari Desa)
Simpang Hilir,Batu Barat,"Minggu, 20 September 2026 01:09:00",NASA-SNPP,Medium,110.08142,-0.91506,False,False,True,True,False,True,Di Luar Area Pantauan (>1000m dari Desa)
Simpang Hilir,Batu Barat,"Minggu, 20 September 2026 01:09:00",NASA-SNPP,Medium,110.15253,-0.86758,False,False,True,True,False,True,Di Luar Area Pantauan (>1000m dari Desa)
Simpang Dua,Kampar Sebomban,"Minggu, 20 September 2026 01:09:00",NASA-SNPP,Medium,110.22605,-0.87924,False,False,False,False,False,False,Di Luar Area Pantauan (>1000m dari Desa)
Simpang Dua,Kamora,"Minggu, 20 September 2026 01:09:00",NASA-SNPP,Medium,110.26154,-0.94393,False,False,False,False,False,False,Di Luar Area Pantauan (>1000m dari Desa)
Simpang Dua,Kampar Sebomban,"Minggu, 20 September 2026 01:09:00",NASA-SNPP,Medium,110.20491,-0.91795,False,False,False,False,False,False,Di Luar Area Pantauan (>1000m dari Desa)
Nanga Tayap,Lembah Hijau Dua,"Minggu, 20 September 2026 01:09:00",NASA-SNPP,Medium,110.44637,-1.59143,False,False,False,False,False,False,Di Luar Area Pantauan (>1000m dari Desa)
Muara Pawan,Ulak Medang,"Minggu, 20 September 2026 01:09:00",NASA-SNPP,Medium,110.29468,-1.57092,False,False,True,True,False,True,Di Luar Area Pantauan (>1000m dari Desa)
Nanga Tayap,Lembah Hijau Dua,"Minggu, 20 September 2026 01:09:00",NASA-SNPP,Medium,110.46374,-1.59764,False,False,True,False,False,True,Di Luar Area Pantauan (>1000m dari Desa)
Nanga Tayap,Lembah Hijau Dua,"Minggu, 20 September 2026 01:09:00",NASA-SNPP,Medium,110.46016,-1.59707,False,False,False,False,False,False,Di Luar Area Pantauan (>1000m dari Desa)
Nanga Tayap,Sungai Kelik,"Minggu, 20 September 2026 01:09:00",NASA-SNPP,Medium,110.42379,-1.59479,False,False,False,False,False,False,Di Luar Area Pantauan (>1000m dari Desa)
Nanga Tayap,Siantau Raya,"Minggu, 20 September 2026 01:09:00",NASA-SNPP,Medium,110.46679,-1.60158,False,False,True,False,False,True,Di Luar Area Pantauan (>1000m dari Desa)
Nanga Tayap,Lembah Hijau Dua,"Minggu, 20 September 2026 01:09:00",NASA-SNPP,Medium,110.44889,-1.59876,False,False,False,False,False,False,Di Luar Area Pantauan (>1000m dari Desa)
Matan Hilir Utara,Tanjung Baik Budi,"Minggu, 20 September 2026 01:09:00",NASA-SNPP,Medium,110.09705,-1.54672,False,False,True,True,False,True,Di Luar Area Pantauan (>1000m dari Desa)
Matan Hilir Utara,Tanjung Baik Budi,"Minggu, 20 September 2026 01:09:00",NASA-SNPP,Medium,110.16284,-1.55709,False,False,True,True,False,True,Di Luar Area Pantauan (>1000m dari Desa)
Nanga Tayap,Sungai Kelik,"Minggu, 20 September 2026 01:09:00",NASA-SNPP,Medium,110.42326,-1.59817,False,False,False,False,False,False,Di Luar Area Pantauan (>1000m dari Desa)
Nanga Tayap,Cegolak,"Minggu, 20 September 2026 01:09:00",NASA-SNPP,Medium,110.69701,-1.64485,False,False,False,False,False,False,Di Luar Area Pantauan (>1000m dari Desa)
Matan Hilir Utara,Tanjung Baik Budi,"Minggu, 20 September 2026 01:09:00",NASA-SNPP,Medium,110.09961,-1.55363,False,False,True,True,False,True,Di Luar Area Pantauan (>1000m dari Desa)
Muara Pawan,Ulak Medang,"Minggu, 20 September 2026 01:09:00",NASA-SNPP,Medium,110.2923,-1.58464,False,False,True,True,False,True,Di Luar Area Pantauan (>1000m dari Desa)
Muara Pawan,Ulak Medang,"Minggu, 20 September 2026 01:09:00",NASA-SNPP,Medium,110.29176,-1.58803,False,False,True,True,False,True,Di Luar Area Pantauan (>1000m dari Desa)
Matan Hilir Utara,Sungai Putri,"Minggu, 20 September 2026 01:09:00",NASA-SNPP,Medium,110.09908,-1.55705,False,False,True,True,False,True,Di Luar Area Pantauan (>1000m dari Desa)
Nanga Tayap,Sungai Kelik,"Minggu, 20 September 2026 01:09:00",NASA-SNPP,Medium,110.30981,-1.59093,False,False,True,True,False,True,Di Luar Area Pantauan (>1000m dari Desa)
Nanga Tayap,Sungai Kelik,"Minggu, 20 September 2026 01:09:00",NASA-SNPP,Medium,110.32316,-1.60003,False,False,True,True,False,True,Di Luar Area Pantauan (>1000m dari Desa)
Nanga Tayap,Siantau Raya,"Minggu, 20 September 2026 01:09:00",NASA-SNPP,Medium,110.43153,-1.61395,False,False,False,False,False,False,Di Luar Area Pantauan (>1000m dari Desa)
Matan Hilir Utara,Sungai Putri,"Minggu, 20 September 2026 01:09:00",NASA-SNPP,Medium,110.09746,-1.56729,False,False,True,True,False,True,Di Luar Area Pantauan (>1000m dari Desa)
Nanga Tayap,Siantau Raya,"Minggu, 20 September 2026 01:09:00",NASA-SNPP,Medium,110.4412,-1.62243,False,False,False,False,False,False,Di Luar Area Pantauan (>1000m dari Desa)
Nanga Tayap,Sungai Kelik,"Minggu, 20 September 2026 01:09:00",NASA-SNPP,Medium,110.33342,-1.60516,False,False,False,False,False,False,Di Luar Area Pantauan (>1000m dari Desa)
Tumbang Titi,Beringin Rayo,"Minggu, 20 September 2026 01:09:00",NASA-SNPP,Medium,110.84216,-1.68659,False,False,True,False,False,True,Di Luar Area Pantauan (>1000m dari Desa)
Tumbang Titi,Beringin Rayo,"Minggu, 20 September 2026 01:09:00",NASA-SNPP,Medium,110.83028,-1.69155,False,False,True,False,False,True,Di Luar Area Pantauan (>1000m dari Desa)
Matan Hilir Utara,Sungai Putri,"Minggu, 20 September 2026 01:09:00",NASA-SNPP,Medium,110.0854,-1.57236,False,False,True,True,False,True,Di Luar Area Pantauan (>1000m dari Desa)
Matan Hilir Utara,Sungai Putri,"Minggu, 20 September 2026 01:09:00",NASA-SNPP,Medium,110.08173,-1.57178,False,False,True,True,False,True,Di Luar Area Pantauan (>1000m dari Desa)
Nanga Tayap,Lembah Hijau Dua,"Minggu, 20 September 2026 01:09:00",NASA-SNPP,Medium,110.46785,-1.59482,False,False,True,False,False,True,Di Luar Area Pantauan (>1000m dari Desa)
Matan Hilir Utara,Tanjung Baik Budi,"Minggu, 20 September 2026 01:09:00",NASA-SNPP,Medium,110.15824,-1.53889,False,False,True,True,False,True,Di Luar Area Pantauan (>1000m dari Desa)
Nanga Tayap,Lembah Hijau Dua,"Minggu, 20 September 2026 01:09:00",NASA-SNPP,Medium,110.46069,-1.59369,False,False,False,False,False,False,Di Luar Area Pantauan (>1000m dari Desa)
Nanga Tayap,Sungai Kelik,"Minggu, 20 September 2026 01:09:00",NASA-SNPP,Medium,110.30606,-1.56924,False,False,True,True,False,True,Di Luar Area Pantauan (>1000m dari Desa)
Nanga Tayap,Lembah Hijau Dua,"Minggu, 20 September 2026 01:09:00",NASA-SNPP,Medium,110.46427,-1.59426,False,False,True,False,False,True,Di Luar Area Pantauan (>1000m dari Desa)
Nanga Tayap,Lembah Hijau Dua,"Minggu, 20 September 2026 01:09:00",NASA-SNPP,Medium,110.46481,-1.59088,False,False,False,False,False,False,Di Luar Area Pantauan (>1000m dari Desa)
Matan Hilir Utara,Tanjung Baik Budi,"Minggu, 20 September 2026 01:09:00",NASA-SNPP,Medium,110.1608,-1.54629,False,False,True,True,False,True,Di Luar Area Pantauan (>1000m dari Desa)
Nanga Tayap,Lembah Hijau Dua,"Minggu, 20 September 2026 01:09:00",NASA-SNPP,Medium,110.47144,-1.59539,False,False,True,False,False,True,Di Luar Area Pantauan (>1000m dari Desa)
Nanga Tayap,Lembah Hijau Dua,"Minggu, 20 September 2026 01:09:00",NASA-SNPP,Medium,110.45406,-1.58918,False,False,False,False,False,False,Di Luar Area Pantauan (>1000m dari Desa)
Matan Hilir Utara,Tanjung Baik Budi,"Minggu, 20 September 2026 01:09:00",NASA-SNPP,Medium,110.15716,-1.54571,False,False,True,True,False,True,Di Luar Area Pantauan (>1000m dari Desa)
Matan Hilir Utara,Tanjung Baik Budi,"Minggu, 20 September 2026 01:09:00",NASA-SNPP,Medium,110.16809,-1.54744,False,False,False,True,False,True,Di Luar Area Pantauan (>1000m dari Desa)
Muara Pawan,Ulak Medang,"Minggu, 20 September 2026 01:09:00",NASA-SNPP,Medium,110.29884,-1.5681,False,False,True,True,False,True,Di Luar Area Pantauan (>1000m dari Desa)
Nanga Tayap,Lembah Hijau Dua,"Minggu, 20 September 2026 01:09:00",NASA-SNPP,Medium,110.46732,-1.5982,False,False,True,False,False,True,Di Luar Area Pantauan (>1000m dari Desa)
Nanga Tayap,Lembah Hijau Dua,"Minggu, 20 September 2026 01:09:00",NASA-SNPP,Medium,110.47089,-1.59877,False,False,True,False,False,True,Di Luar Area Pantauan (>1000m dari Desa)
Matan Hilir Utara,Tanjung Baik Budi,"Minggu, 20 September 2026 01:09:00",NASA-SNPP,Medium,110.16026,-1.5497,False,False,False,True,False,True,Di Luar Area Pantauan (>1000m dari Desa)
Nanga Tayap,Sungai Kelik,"Minggu, 20 September 2026 01:09:00",NASA-SNPP,Medium,110.31274,-1.57378,False,False,True,True,False,True,Di Luar Area Pantauan (>1000m dari Desa)
Muara Pawan,Ulak Medang,"Minggu, 20 September 2026 01:09:00",NASA-SNPP,Medium,110.3019,-1.57207,False,False,True,True,False,True,Di Luar Area Pantauan (>1000m dari Desa)
Nanga Tayap,Siantau Raya,"Minggu, 20 September 2026 01:09:00",NASA-SNPP,Medium,110.46321,-1.60102,False,False,True,False,False,True,Di Luar Area Pantauan (>1000m dari Desa)
Nanga Tayap,Siantau Raya,"Minggu, 20 September 2026 01:09:00",NASA-SNPP,Medium,110.46267,-1.6044,False,False,False,False,False,False,Di Luar Area Pantauan (>1000m dari Desa)
Nanga Tayap,Siantau Raya,"Minggu, 20 September 2026 01:09:00",NASA-SNPP,Medium,110.43975,-1.60833,False,False,True,False,False,True,Di Luar Area Pantauan (>1000m dari Desa)
Nanga Tayap,Siantau Raya,"Minggu, 20 September 2026 01:09:00",NASA-SNPP,Medium,110.45963,-1.60045,False,False,False,False,False,False,Di Luar Area Pantauan (>1000m dari Desa)
Nanga Tayap,Cegolak,"Minggu, 20 September 2026 01:09:00",NASA-SNPP,Medium,110.69645,-1.64607,False,False,False,False,False,False,Di Luar Area Pantauan (>1000m dari Desa)
Matan Hilir Utara,Tanjung Baik Budi,"Minggu, 20 September 2026 01:09:00",NASA-SNPP,Medium,110.0965,-1.54963,False,False,True,True,False,True,Di Luar Area Pantauan (>1000m dari Desa)
Muara Pawan,Ulak Medang,"Minggu, 20 September 2026 01:09:00",NASA-SNPP,Medium,110.29283,-1.58124,False,False,True,True,False,True,Di Luar Area Pantauan (>1000m dari Desa)
Nanga Tayap,Cegolak,"Minggu, 20 September 2026 01:09:00",NASA-SNPP,Medium,110.71775,-1.64949,False,False,True,False,True,True,Di Luar Area Pantauan (>1000m dari Desa)
Matan Hilir Utara,Tanjung Baik Budi,"Minggu, 20 September 2026 01:09:00",NASA-SNPP,Medium,110.09596,-1.55304,False,False,True,True,False,True,Di Luar Area Pantauan (>1000m dari Desa)
Nanga Tayap,Cegolak,"Minggu, 20 September 2026 01:09:00",NASA-SNPP,Medium,110.69238,-1.64886,False,False,False,False,False,False,Di Luar Area Pantauan (>1000m dari Desa)
Nanga Tayap,Cegolak,"Minggu, 20 September 2026 01:09:00",NASA-SNPP,Medium,110.72077,-1.65341,False,False,True,False,True,True,Di Luar Area Pantauan (>1000m dari Desa)
Nanga Tayap,Siantau Raya,"Minggu, 20 September 2026 01:09:00",NASA-SNPP,Medium,110.45461,-1.60725,False,False,False,False,False,False,Di Luar Area Pantauan (>1000m dari Desa)
Nanga Tayap,Cegolak,"Minggu, 20 September 2026 01:09:00",NASA-SNPP,Medium,110.69186,-1.65222,False,False,False,False,False,False,Di Luar Area Pantauan (>1000m dari Desa)
Nanga Tayap,Sungai Kelik,"Minggu, 20 September 2026 01:09:00",NASA-SNPP,Medium,110.31342,-1.59151,False,False,True,True,False,True,Di Luar Area Pantauan (>1000m dari Desa)
Muara Pawan,Ulak Medang,"Minggu, 20 September 2026 01:09:00",NASA-SNPP,Medium,110.29122,-1.59143,False,False,True,True,False,True,Di Luar Area Pantauan (>1000m dari Desa)
Matan Hilir Utara,Sungai Putri,"Minggu, 20 September 2026 01:09:00",NASA-SNPP,Medium,110.098,-1.56388,False,False,True,True,False,True,Di Luar Area Pantauan (>1000m dari Desa)
Nanga Tayap,Siantau Raya,"Minggu, 20 September 2026 01:09:00",NASA-SNPP,Medium,110.44479,-1.623,False,False,False,False,False,False,Di Luar Area Pantauan (>1000m dari Desa)
Matan Hilir Utara,Sungai Putri,"Minggu, 20 September 2026 01:09:00",NASA-SNPP,Medium,110.09326,-1.57012,False,False,True,True,False,True,Di Luar Area Pantauan (>1000m dari Desa)
Nanga Tayap,Cegolak,"Minggu, 20 September 2026 01:09:00",NASA-SNPP,Medium,110.69691,-1.66681,False,False,True,False,True,True,Di Luar Area Pantauan (>1000m dari Desa)
Simpang Hilir,Batu Barat,"Minggu, 20 September 2026 01:09:00",NASA-SNPP,Medium,110.00549,-0.93817,False,False,True,False,False,True,Di Luar Area Pantauan (>1000m dari Desa)
Simpang Hilir,Batu Barat,"Minggu, 20 September 2026 01:09:00",NASA-SNPP,Medium,110.00921,-0.93876,False,False,True,True,False,True,Di Luar Area Pantauan (>1000m dari Desa)
Simpang Hilir,Lubuk Batu,"Minggu, 20 September 2026 01:09:00",NASA-SNPP,Medium,110.11297,-0.95527,False,False,False,False,False,False,Di Luar Area Pantauan (>1000m dari Desa)
Simpang Hilir,Batu Barat,"Minggu, 20 September 2026 01:09:00",NASA-SNPP,Medium,110.03252,-0.9601,False,False,True,True,False,True,Di Luar Area Pantauan (>1000m dari Desa)
Simpang Hilir,Sungaimata-Mata,"Minggu, 20 September 2026 01:09:00",NASA-SNPP,Medium,109.9799,-0.95529,False,False,True,True,False,True,Di Luar Area Pantauan (>1000m dari Desa)
Simpang Hilir,Batu Barat,"Minggu, 20 September 2026 01:09:00",NASA-SNPP,Medium,110.02039,-0.94054,False,False,True,True,False,True,Di Luar Area Pantauan (>1000m dari Desa)
Sandai,Istana,"Minggu, 20 September 2026 01:09:00",NASA-SNPP,Medium,110.52333,-1.23711,False,False,False,False,False,False,Di Luar Area Pantauan (>1000m dari Desa)
Pulau Maya,Dusun Kecil,"Minggu, 20 September 2026 01:09:00",NASA-SNPP,Medium,109.57581,-1.0356,False,False,False,True,False,True,Di Luar Area Pantauan (>1000m dari Desa)
Muara Pawan,Ulak Medang,"Minggu, 20 September 2026 01:09:00",NASA-SNPP,Medium,110.29778,-1.62032,False,False,True,True,False,True,Di Luar Area Pantauan (>1000m dari Desa)
Nanga Tayap,Siantau Raya,"Minggu, 20 September 2026 01:09:00",NASA-SNPP,Medium,110.41649,-1.63928,False,False,False,False,False,False,Di Luar Area Pantauan (>1000m dari Desa)
Nanga Tayap,Batu Mas,"Minggu, 20 September 2026 01:09:00",NASA-SNPP,Medium,110.65284,-1.69423,False,False,True,False,False,True,Di Luar Area Pantauan (>1000m dari Desa)
Muara Pawan,Ulak Medang,"Minggu, 20 September 2026 01:09:00",NASA-SNPP,Medium,110.2931,-1.62653,False,False,True,True,False,True,Di Luar Area Pantauan (>1000m dari Desa)
Muara Pawan,Ulak Medang,"Minggu, 20 September 2026 01:09:00",NASA-SNPP,Medium,110.2967,-1.62711,False,False,True,True,False,True,Di Luar Area Pantauan (>1000m dari Desa)
Nanga Tayap,Sungai Kelik,"Minggu, 20 September 2026 01:09:00",NASA-SNPP,Medium,110.30967,-1.61526,False,False,False,True,False,True,Di Luar Area Pantauan (>1000m dari Desa)
Nanga Tayap,Siantau Raya,"Minggu, 20 September 2026 01:09:00",NASA-SNPP,Medium,110.48397,-1.65351,False,False,False,False,False,False,Di Luar Area Pantauan (>1000m dari Desa)
Matan Hilir Utara,Tanjung Baik Budi,"Minggu, 20 September 2026 01:09:00",NASA-SNPP,Medium,110.16756,-1.55085,False,False,True,True,False,True,Di Luar Area Pantauan (>1000m dari Desa)
Nanga Tayap,Lembah Hijau Dua,"Minggu, 20 September 2026 01:09:00",NASA-SNPP,Medium,110.453,-1.59594,False,False,False,False,False,False,Di Luar Area Pantauan (>1000m dari Desa)
Nanga Tayap,Siantau Raya,"Minggu, 20 September 2026 01:09:00",NASA-SNPP,Medium,110.44836,-1.60214,False,False,False,False,False,False,Di Luar Area Pantauan (>1000m dari Desa)
Nanga Tayap,Lembah Hijau Dua,"Minggu, 20 September 2026 01:09:00",NASA-SNPP,Medium,110.44942,-1.59537,False,False,False,False,False,False,Di Luar Area Pantauan (>1000m dari Desa)
Nanga Tayap,Siantau Raya,"Minggu, 20 September 2026 01:09:00",NASA-SNPP,Medium,110.42236,-1.60207,False,False,False,False,False,False,Di Luar Area Pantauan (>1000m dari Desa)
Matan Hilir Utara,Tanjung Baik Budi,"Minggu, 20 September 2026 01:09:00",NASA-SNPP,Medium,110.16392,-1.55027,False,False,True,True,False,True,Di Luar Area Pantauan (>1000m dari Desa)
Nanga Tayap,Cegolak,"Minggu, 20 September 2026 01:09:00",NASA-SNPP,Medium,110.69592,-1.64943,False,False,False,False,False,False,Di Luar Area Pantauan (>1000m dari Desa)
Nanga Tayap,Siantau Raya,"Minggu, 20 September 2026 01:09:00",NASA-SNPP,Medium,110.45496,-1.60665,False,False,False,False,False,False,Di Luar Area Pantauan (>1000m dari Desa)
Nanga Tayap,Lembah Hijau Dua,"Minggu, 20 September 2026 01:09:00",NASA-SNPP,Medium,110.46838,-1.59144,False,False,False,False,False,False,Di Luar Area Pantauan (>1000m dari Desa)
Nanga Tayap,Sungai Kelik,"Minggu, 20 September 2026 01:09:00",NASA-SNPP,Medium,110.31075,-1.56303,False,False,True,True,False,True,Di Luar Area Pantauan (>1000m dari Desa)
Nanga Tayap,Lembah Hijau Dua,"Minggu, 20 September 2026 01:09:00",NASA-SNPP,Medium,110.4331,-1.58239,False,False,False,False,False,False,Di Luar Area Pantauan (>1000m dari Desa)
Matan Hilir Utara,Kuala Tolak,"Minggu, 20 September 2026 01:09:00",NASA-SNPP,Medium,110.1176,-1.51146,False,False,False,True,False,True,Di Luar Area Pantauan (>1000m dari Desa)
Nanga Tayap,Betenung,"Minggu, 20 September 2026 01:09:00",NASA-SNPP,Medium,110.78064,-1.55146,False,False,True,False,False,True,Di Luar Area Pantauan (>1000m dari Desa)
Pulau Maya,Dusun Kecil,"Minggu, 20 September 2026 01:09:00",NASA-SNPP,Medium,109.57281,-1.03199,False,False,False,True,False,True,Di Luar Area Pantauan (>1000m dari Desa)
Simpang Hilir,Penjalaan,"Minggu, 20 September 2026 01:09:00",NASA-SNPP,Medium,110.06931,-1.11562,False,False,True,False,False,True,Di Luar Area Pantauan (>1000m dari Desa)
Simpang Hilir,Penjalaan,"Minggu, 20 September 2026 01:09:00",NASA-SNPP,Medium,110.06401,-1.12532,False,False,True,True,False,True,Di Luar Area Pantauan (>1000m dari Desa)
Simpang Hilir,Matan Jaya,"Minggu, 20 September 2026 01:09:00",NASA-SNPP,Medium,110.13188,-1.10186,False,False,True,True,True,True,Di Luar Area Pantauan (>1000m dari Desa)
Simpang Hilir,Matan Jaya,"Minggu, 20 September 2026 01:09:00",NASA-SNPP,Medium,110.10133,-1.10406,False,False,True,True,True,True,Di Luar Area Pantauan (>1000m dari Desa)
Simpang Hilir,Matan Jaya,"Minggu, 20 September 2026 01:09:00",NASA-SNPP,Medium,110.13816,-1.10987,False,False,True,True,True,True,Di Luar Area Pantauan (>1000m dari Desa)
Simpang Hilir,Penjalaan,"Minggu, 20 September 2026 01:09:00",NASA-SNPP,Medium,110.06561,-1.11502,False,False,True,False,False,True,Di Luar Area Pantauan (>1000m dari Desa)
Simpang Hilir,Rantau Panjang,"Minggu, 20 September 2026 01:09:00",NASA-SNPP,Medium,110.05446,-1.13785,False,False,True,True,False,True,Di Luar Area Pantauan (>1000m dari Desa)
Simpang Hilir,Batu Barat,"Minggu, 20 September 2026 01:09:00",NASA-SNPP,Medium,110.02618,-0.95204,False,False,True,True,False,True,Di Luar Area Pantauan (>1000m dari Desa)
Simpang Hilir,Batu Barat,"Minggu, 20 September 2026 01:09:00",NASA-SNPP,Medium,110.02989,-0.95263,False,False,True,True,False,True,Di Luar Area Pantauan (>1000m dari Desa)
Simpang Hilir,Batu Barat,"Minggu, 20 September 2026 01:09:00",NASA-SNPP,Medium,110.01557,-0.94683,False,False,True,False,False,True,Di Luar Area Pantauan (>1000m dari Desa)
Simpang Hilir,Penjalaan,"Minggu, 20 September 2026 01:09:00",NASA-SNPP,Medium,110.07331,-1.1137,False,False,True,False,False,True,Di Luar Area Pantauan (>1000m dari Desa)
Simpang Hilir,Penjalaan,"Minggu, 20 September 2026 01:09:00",NASA-SNPP,Medium,110.06961,-1.11312,False,False,True,False,False,True,Di Luar Area Pantauan (>1000m dari Desa)
Simpang Hilir,Batu Barat,"Minggu, 20 September 2026 01:09:00",NASA-SNPP,Medium,110.03045,-0.94919,False,False,True,True,False,True,Di Luar Area Pantauan (>1000m dari Desa)
Simpang Hilir,Matan Jaya,"Minggu, 20 September 2026 01:09:00",NASA-SNPP,Medium,110.30717,-1.17829,False,False,True,False,True,True,Di Luar Area Pantauan (>1000m dari Desa)
Simpang Hilir,Nipah Kuning,"Minggu, 20 September 2026 01:09:00",NASA-SNPP,Medium,109.94401,-1.06513,False,False,True,True,False,True,Di Luar Area Pantauan (>1000m dari Desa)
Simpang Hilir,Matan Jaya,"Minggu, 20 September 2026 01:09:00",NASA-SNPP,Medium,110.12399,-1.10412,False,False,True,True,True,True,Di Luar Area Pantauan (>1000m dari Desa)
Simpang Hilir,Matan Jaya,"Minggu, 20 September 2026 01:09:00",NASA-SNPP,Medium,110.13135,-1.10528,False,False,True,True,True,True,Di Luar Area Pantauan (>1000m dari Desa)
Simpang Hilir,Matan Jaya,"Minggu, 20 September 2026 01:09:00",NASA-SNPP,Medium,110.11295,-1.10238,False,False,True,True,True,True,Di Luar Area Pantauan (>1000m dari Desa)
Simpang Hilir,Matan Jaya,"Minggu, 20 September 2026 01:09:00",NASA-SNPP,Medium,110.12767,-1.1047,False,False,True,True,True,True,Di Luar Area Pantauan (>1000m dari Desa)
Simpang Hilir,Matan Jaya,"Minggu, 20 September 2026 01:09:00",NASA-SNPP,Medium,110.10503,-1.10464,False,False,True,True,True,True,Di Luar Area Pantauan (>1000m dari Desa)
Pulau Maya,Kemboja,"Minggu, 20 September 2026 01:09:00",NASA-SNPP,Medium,109.72944,-1.05729,False,False,False,True,True,True,Di Luar Area Pantauan (>1000m dari Desa)
Simpang Hilir,Penjalaan,"Minggu, 20 September 2026 01:09:00",NASA-SNPP,Medium,110.06347,-1.12875,False,False,True,True,False,True,Di Luar Area Pantauan (>1000m dari Desa)
Simpang Hilir,Rantau Panjang,"Minggu, 20 September 2026 01:09:00",NASA-SNPP,Medium,110.06609,-1.1362,False,False,True,True,True,True,Di Luar Area Pantauan (>1000m dari Desa)
Simpang Hilir,Rantau Panjang,"Minggu, 20 September 2026 01:09:00",NASA-SNPP,Medium,110.06239,-1.13561,False,False,True,True,False,True,Di Luar Area Pantauan (>1000m dari Desa)
Simpang Hilir,Matan Jaya,"Minggu, 20 September 2026 01:09:00",NASA-SNPP,Medium,110.1953,-1.1534,False,False,True,False,True,True,Di Luar Area Pantauan (>1000m dari Desa)
Simpang Hilir,Matan Jaya,"Minggu, 20 September 2026 01:09:00",NASA-SNPP,Medium,110.3108,-1.17887,False,False,True,False,True,True,Di Luar Area Pantauan (>1000m dari Desa)
Matan Hilir Utara,Kuala Satong,"Minggu, 20 September 2026 01:09:00",NASA-SNPP,Medium,110.12804,-1.4187,False,False,False,True,False,True,Di Luar Area Pantauan (>1000m dari Desa)
Matan Hilir Utara,Kuala Tolak,"Minggu, 20 September 2026 01:09:00",NASA-SNPP,Medium,110.14268,-1.42102,False,False,False,True,False,True,Di Luar Area Pantauan (>1000m dari Desa)
Matan Hilir Utara,Kuala Satong,"Minggu, 20 September 2026 01:09:00",NASA-SNPP,Medium,110.12749,-1.42212,False,False,False,True,False,True,Di Luar Area Pantauan (>1000m dari Desa)
Nanga Tayap,Simpang Tiga Sembelangaan,"Minggu, 20 September 2026 01:09:00",NASA-SNPP,Medium,110.31646,-1.43114,False,False,False,False,True,True,Di Luar Area Pantauan (>1000m dari Desa)
Sandai,Sandai,"Minggu, 20 September 2026 01:09:00",NASA-SNPP,Medium,110.55339,-1.27997,False,False,False,False,False,False,Di Luar Area Pantauan (>1000m dari Desa)
Sandai,Sandai,"Minggu, 20 September 2026 01:09:00",NASA-SNPP,Medium,110.53617,-1.24954,False,False,False,False,False,False,Di Luar Area Pantauan (>1000m dari Desa)
Sandai,Sandai,"Minggu, 20 September 2026 01:09:00",NASA-SNPP,Medium,110.54027,-1.24673,False,False,False,False,False,False,Di Luar Area Pantauan (>1000m dari Desa)
Sukadana,Sedahan Jaya,"Minggu, 20 September 2026 01:09:00",NASA-SNPP,Medium,110.05537,-1.1802,False,False,True,True,True,True,Di Luar Area Pantauan (>1000m dari Desa)
Simpang Hilir,Matan Jaya,"Minggu, 20 September 2026 01:09:00",NASA-SNPP,Medium,110.35926,-1.22492,False,False,True,False,True,True,Di Luar Area Pantauan (>1000m dari Desa)
Pulau Maya,Dusun Besar,"Minggu, 20 September 2026 01:09:00",NASA-SNPP,Medium,109.49133,-1.12727,False,False,False,True,False,True,Di Luar Area Pantauan (>1000m dari Desa)
Pulau Maya,Dusun Besar,"Minggu, 20 September 2026 01:09:00",NASA-SNPP,Medium,109.49521,-1.1279,False,False,False,True,False,True,Di Luar Area Pantauan (>1000m dari Desa)
Hulu Sungai,Beginci Darat,"Minggu, 20 September 2026 01:09:00",NASA-SNPP,Medium,111.03352,-1.40617,True,False,True,False,False,True,Prioritas 1 (Tinggi)
Nanga Tayap,Pangkalan Teluk,"Minggu, 20 September 2026 01:09:00",NASA-SNPP,Medium,110.35526,-1.34665,False,False,True,False,True,True,Di Luar Area Pantauan (>1000m dari Desa)
Nanga Tayap,Pangkalan Teluk,"Minggu, 20 September 2026 01:09:00",NASA-SNPP,Medium,110.31516,-1.34378,False,False,True,False,True,True,Di Luar Area Pantauan (>1000m dari Desa)
Nanga Tayap,Pangkalan Teluk,"Minggu, 20 September 2026 01:09:00",NASA-SNPP,Medium,110.44206,-1.38122,False,False,False,False,False,False,Di Luar Area Pantauan (>1000m dari Desa)
Nanga Tayap,Pangkalan Teluk,"Minggu, 20 September 2026 01:09:00",NASA-SNPP,Medium,110.3301,-1.36702,False,False,True,False,True,True,Di Luar Area Pantauan (>1000m dari Desa)
Nanga Tayap,Pangkalan Teluk,"Minggu, 20 September 2026 01:09:00",NASA-SNPP,Medium,110.33408,-1.36418,False,False,True,False,True,True,Di Luar Area Pantauan (>1000m dari Desa)
Nanga Tayap,Sepakat Jaya,"Minggu, 20 September 2026 01:09:00",NASA-SNPP,Medium,110.6763,-1.4297,False,False,True,False,False,True,Di Luar Area Pantauan (>1000m dari Desa)
Nanga Tayap,Tanjung Medan,"Minggu, 20 September 2026 01:09:00",NASA-SNPP,Medium,110.44974,-1.42805,False,False,False,False,False,False,Di Luar Area Pantauan (>1000m dari Desa)
Matan Hilir Utara,Kuala Satong,"Minggu, 20 September 2026 01:09:00",NASA-SNPP,Medium,110.13453,-1.37771,False,False,False,True,False,True,Di Luar Area Pantauan (>1000m dari Desa)
Nanga Tayap,Tanjung Medan,"Minggu, 20 September 2026 01:09:00",NASA-SNPP,Medium,110.46645,-1.44112,False,False,True,False,True,True,Di Luar Area Pantauan (>1000m dari Desa)
Nanga Tayap,Simpang Tiga Sembelangaan,"Minggu, 20 September 2026 01:09:00",NASA-SNPP,Medium,110.32316,-1.43569,False,False,True,False,True,True,Di Luar Area Pantauan (>1000m dari Desa)
Nanga Tayap,Sepakat Jaya,"Minggu, 20 September 2026 01:09:00",NASA-SNPP,Medium,110.46169,-1.47155,False,False,True,False,True,True,Di Luar Area Pantauan (>1000m dari Desa)
Matan Hilir Utara,Kuala Tolak,"Minggu, 20 September 2026 01:09:00",NASA-SNPP,Medium,110.13847,-1.42386,False,False,False,True,False,True,Di Luar Area Pantauan (>1000m dari Desa)
Matan Hilir Utara,Kuala Satong,"Minggu, 20 September 2026 01:09:00",NASA-SNPP,Medium,110.12382,-1.42154,False,False,False,False,False,False,Di Luar Area Pantauan (>1000m dari Desa)
Nanga Tayap,Sepakat Jaya,"Minggu, 20 September 2026 01:09:00",NASA-SNPP,Medium,110.46104,-1.47492,False,False,True,False,True,True,Di Luar Area Pantauan (>1000m dari Desa)
Matan Hilir Utara,Kuala Tolak,"Minggu, 20 September 2026 01:09:00",NASA-SNPP,Medium,110.17941,-1.47585,False,False,False,True,False,True,Di Luar Area Pantauan (>1000m dari Desa)
Matan Hilir Utara,Kuala Tolak,"Minggu, 20 September 2026 01:09:00",NASA-SNPP,Medium,110.15591,-1.48258,False,False,True,True,False,True,Di Luar Area Pantauan (>1000m dari Desa)
Muara Pawan,Ulak Medang,"Minggu, 20 September 2026 01:09:00",NASA-SNPP,Medium,110.21933,-1.50669,False,False,True,True,False,True,Di Luar Area Pantauan (>1000m dari Desa)
Nanga Tayap,Cegolak,"Minggu, 20 September 2026 01:09:00",NASA-SNPP,Medium,110.69112,-1.61292,False,False,True,False,False,True,Di Luar Area Pantauan (>1000m dari Desa)
Nanga Tayap,Lembah Hijau Dua,"Minggu, 20 September 2026 01:09:00",NASA-SNPP,Medium,110.43723,-1.57958,False,False,False,False,False,False,Di Luar Area Pantauan (>1000m dari Desa)
Matan Hilir Utara,Tanjung Baik Budi,"Minggu, 20 September 2026 01:09:00",NASA-SNPP,Medium,110.15148,-1.53432,False,False,True,True,False,True,Di Luar Area Pantauan (>1000m dari Desa)
Matan Hilir Utara,Tanjung Baik Budi,"Minggu, 20 September 2026 01:09:00",NASA-SNPP,Medium,110.18848,-1.53669,False,False,True,True,False,True,Di Luar Area Pantauan (>1000m dari Desa)
Matan Hilir Utara,Tanjung Baik Budi,"Minggu, 20 September 2026 01:09:00",NASA-SNPP,Medium,110.12955,-1.53085,False,False,True,True,False,True,Di Luar Area Pantauan (>1000m dari Desa)
Matan Hilir Utara,Tanjung Baik Budi,"Minggu, 20 September 2026 01:09:00",NASA-SNPP,Medium,110.1259,-1.53027,False,False,True,True,False,True,Di Luar Area Pantauan (>1000m dari Desa)
Matan Hilir Utara,Tanjung Baik Budi,"Minggu, 20 September 2026 01:09:00",NASA-SNPP,Medium,110.13998,-1.536,False,False,True,True,False,True,Di Luar Area Pantauan (>1000m dari Desa)
Nanga Tayap,Lembah Hijau Dua,"Minggu, 20 September 2026 01:09:00",NASA-SNPP,Medium,110.45049,-1.58861,False,False,False,False,False,False,Di Luar Area Pantauan (>1000m dari Desa)
Nanga Tayap,Lembah Hijau Dua,"Minggu, 20 September 2026 01:09:00",NASA-SNPP,Medium,110.47196,-1.59201,False,False,True,False,False,True,Di Luar Area Pantauan (>1000m dari Desa)
Matan Hilir Utara,Tanjung Baik Budi,"Minggu, 20 September 2026 01:09:00",NASA-SNPP,Medium,110.17175,-1.54801,False,False,True,True,False,True,Di Luar Area Pantauan (>1000m dari Desa)
Nanga Tayap,Siantau Raya,"Minggu, 20 September 2026 01:09:00",NASA-SNPP,Medium,110.41914,-1.60099,False,False,False,False,False,False,Di Luar Area Pantauan (>1000m dari Desa)
Muara Pawan,Ulak Medang,"Minggu, 20 September 2026 01:09:00",NASA-SNPP,Medium,110.29414,-1.57432,False,False,True,True,False,True,Di Luar Area Pantauan (>1000m dari Desa)
Nanga Tayap,Siantau Raya,"Minggu, 20 September 2026 01:09:00",NASA-SNPP,Medium,110.44334,-1.60891,False,False,True,False,False,True,Di Luar Area Pantauan (>1000m dari Desa)
Nanga Tayap,Lembah Hijau Dua,"Minggu, 20 September 2026 01:09:00",NASA-SNPP,Medium,110.45605,-1.59989,False,False,False,False,False,False,Di Luar Area Pantauan (>1000m dari Desa)
Nanga Tayap,Batu Mas,"Minggu, 20 September 2026 01:09:00",NASA-SNPP,Medium,110.6586,-1.63534,False,False,True,False,False,True,Di Luar Area Pantauan (>1000m dari Desa)
Matan Hilir Utara,Tanjung Baik Budi,"Minggu, 20 September 2026 01:09:00",NASA-SNPP,Medium,110.1007,-1.54729,False,False,True,True,False,True,Di Luar Area Pantauan (>1000m dari Desa)
Nanga Tayap,Cegolak,"Minggu, 20 September 2026 01:09:00",NASA-SNPP,Medium,110.6954,-1.65279,False,False,False,False,False,False,Di Luar Area Pantauan (>1000m dari Desa)
Nanga Tayap,Sungai Kelik,"Minggu, 20 September 2026 01:09:00",NASA-SNPP,Medium,110.31288,-1.59491,False,False,True,True,False,True,Di Luar Area Pantauan (>1000m dari Desa)
Matan Hilir Utara,Sungai Putri,"Minggu, 20 September 2026 01:09:00",NASA-SNPP,Medium,110.09854,-1.56046,False,False,True,True,False,True,Di Luar Area Pantauan (>1000m dari Desa)
Nanga Tayap,Siantau Raya,"Minggu, 20 September 2026 01:09:00",NASA-SNPP,Medium,110.4387,-1.6151,False,False,True,False,False,True,Di Luar Area Pantauan (>1000m dari Desa)
Tumbang Titi,Beringin Rayo,"Minggu, 20 September 2026 01:09:00",NASA-SNPP,Medium,110.82973,-1.6949,False,False,True,False,False,True,Di Luar Area Pantauan (>1000m dari Desa)
Nanga Tayap,Sungai Kelik,"Minggu, 20 September 2026 01:09:00",NASA-SNPP,Medium,110.31021,-1.61187,False,False,True,True,False,True,Di Luar Area Pantauan (>1000m dari Desa)
Muara Pawan,Ulak Medang,"Minggu, 20 September 2026 01:09:00",NASA-SNPP,Medium,110.29831,-1.61692,False,False,True,True,False,True,Di Luar Area Pantauan (>1000m dari Desa)
Muara Pawan,Ulak Medang,"Minggu, 20 September 2026 01:09:00",NASA-SNPP,Medium,110.29002,-1.62256,False,False,True,True,False,True,Di Luar Area Pantauan (>1000m dari Desa)
Simpang Hilir,Penjalaan,"Minggu, 20 September 2026 01:09:00",NASA-SNPP,Medium,110.06614,-1.11159,False,False,True,False,False,True,Di Luar Area Pantauan (>1000m dari Desa)
Simpang Hilir,Rantau Panjang,"Minggu, 20 September 2026 01:09:00",NASA-SNPP,Medium,110.06718,-1.12934,False,False,True,True,True,True,Di Luar Area Pantauan (>1000m dari Desa)
Simpang Hilir,Rantau Panjang,"Minggu, 20 September 2026 01:09:00",NASA-SNPP,Medium,110.06664,-1.13277,False,False,True,True,True,True,Di Luar Area Pantauan (>1000m dari Desa)
Simpang Hilir,Rantau Panjang,"Minggu, 20 September 2026 01:09:00",NASA-SNPP,Medium,110.05816,-1.13845,False,False,True,True,False,True,Di Luar Area Pantauan (>1000m dari Desa)
Sandai,Istana,"Minggu, 20 September 2026 01:09:00",NASA-SNPP,Medium,110.52029,-1.23316,False,False,False,False,False,False,Di Luar Area Pantauan (>1000m dari Desa)
Matan Hilir Utara,Lamon Satong,"Minggu, 20 September 2026 01:09:00",NASA-SNPP,Medium,110.20962,-1.40019,False,False,False,True,False,True,Di Luar Area Pantauan (>1000m dari Desa)
Sandai,Sandai,"Minggu, 20 September 2026 01:09:00",NASA-SNPP,Medium,110.52678,-1.26191,False,False,False,False,False,False,Di Luar Area Pantauan (>1000m dari Desa)
Sukadana,Sedahan Jaya,"Minggu, 20 September 2026 01:09:00",NASA-SNPP,Medium,110.05961,-1.17736,False,False,True,True,True,True,Di Luar Area Pantauan (>1000m dari Desa)
Pulau Maya,Dusun Besar,"Minggu, 20 September 2026 01:09:00",NASA-SNPP,Medium,109.48746,-1.12665,False,False,False,True,False,True,Di Luar Area Pantauan (>1000m dari Desa)
Pulau Maya,Dusun Besar,"Minggu, 20 September 2026 01:09:00",NASA-SNPP,Medium,109.50167,-1.13191,False,False,False,True,False,True,Di Luar Area Pantauan (>1000m dari Desa)
Nanga Tayap,Pangkalan Teluk,"Minggu, 20 September 2026 01:09:00",NASA-SNPP,Medium,110.44566,-1.38179,False,False,False,False,False,False,Di Luar Area Pantauan (>1000m dari Desa)
Nanga Tayap,Simpang Tiga Sembelangaan,"Minggu, 20 September 2026 01:09:00",NASA-SNPP,Medium,110.339,-1.40689,False,False,True,False,True,True,Di Luar Area Pantauan (>1000m dari Desa)
Nanga Tayap,Simpang Tiga Sembelangaan,"Minggu, 20 September 2026 01:09:00",NASA-SNPP,Medium,110.33542,-1.40632,False,False,True,False,True,True,Di Luar Area Pantauan (>1000m dari Desa)
Nanga Tayap,Simpang Tiga Sembelangaan,"Minggu, 20 September 2026 01:09:00",NASA-SNPP,Medium,110.31505,-1.41699,False,False,False,False,True,True,Di Luar Area Pantauan (>1000m dari Desa)
Muara Pawan,Ulak Medang,"Minggu, 20 September 2026 01:09:00",NASA-SNPP,Medium,110.25042,-1.52211,False,False,True,True,False,True,Di Luar Area Pantauan (>1000m dari Desa)
Muara Pawan,Ulak Medang,"Minggu, 20 September 2026 01:09:00",NASA-SNPP,Medium,110.25714,-1.52666,False,False,True,True,False,True,Di Luar Area Pantauan (>1000m dari Desa)
Muara Pawan,Ulak Medang,"Minggu, 20 September 2026 01:09:00",NASA-SNPP,Medium,110.25352,-1.52608,False,False,True,True,False,True,Di Luar Area Pantauan (>1000m dari Desa)
Matan Hilir Utara,Tanjung Baik Budi,"Minggu, 20 September 2026 01:09:00",NASA-SNPP,Medium,110.14052,-1.53259,False,False,True,True,False,True,Di Luar Area Pantauan (>1000m dari Desa)
Nanga Tayap,Cegolak,"Minggu, 20 September 2026 01:09:00",NASA-SNPP,Medium,110.68758,-1.61236,False,False,True,False,False,True,Di Luar Area Pantauan (>1000m dari Desa)
Nanga Tayap,Lembah Hijau Dua,"Minggu, 20 September 2026 01:09:00",NASA-SNPP,Medium,110.44996,-1.59199,False,False,False,False,False,False,Di Luar Area Pantauan (>1000m dari Desa)
Nanga Tayap,Sungai Kelik,"Minggu, 20 September 2026 01:09:00",NASA-SNPP,Medium,110.4254,-1.58464,False,False,False,False,False,False,Di Luar Area Pantauan (>1000m dari Desa)
Nanga Tayap,Lembah Hijau Dua,"Minggu, 20 September 2026 01:09:00",NASA-SNPP,Medium,110.43974,-1.58691,False,False,False,False,False,False,Di Luar Area Pantauan (>1000m dari Desa)
Matan Hilir Utara,Tanjung Baik Budi,"Minggu, 20 September 2026 01:09:00",NASA-SNPP,Medium,110.16338,-1.55368,False,False,True,True,False,True,Di Luar Area Pantauan (>1000m dari Desa)
Nanga Tayap,Lembah Hijau Dua,"Minggu, 20 September 2026 01:09:00",NASA-SNPP,Medium,110.45246,-1.59932,False,False,False,False,False,False,Di Luar Area Pantauan (>1000m dari Desa)
Nanga Tayap,Pateh Benteng,"Minggu, 20 September 2026 01:09:00",NASA-SNPP,Medium,110.66266,-1.63253,False,False,True,False,False,True,Di Luar Area Pantauan (>1000m dari Desa)
Hulu Sungai,Cinta Manis,"Minggu, 20 September 2026 01:09:00",NASA-SNPP,Medium,110.81728,-1.13104,False,False,False,False,True,True,Di Luar Area Pantauan (>1000m dari Desa)
Sandai,Randau Jungkal,"Minggu, 20 September 2026 01:09:00",NASA-SNPP,Medium,110.72869,-1.21,False,False,True,False,False,True,Di Luar Area Pantauan (>1000m dari Desa)
Simpang Hilir,Matan Jaya,"Minggu, 20 September 2026 01:09:00",NASA-SNPP,Medium,110.11662,-1.10296,False,False,True,True,True,True,Di Luar Area Pantauan (>1000m dari Desa)
Simpang Hilir,Matan Jaya,"Minggu, 20 September 2026 01:09:00",NASA-SNPP,Medium,110.10871,-1.10522,False,False,True,True,True,True,Di Luar Area Pantauan (>1000m dari Desa)
Simpang Hilir,Matan Jaya,"Minggu, 20 September 2026 01:09:00",NASA-SNPP,Medium,110.10556,-1.10121,False,False,True,True,True,True,Di Luar Area Pantauan (>1000m dari Desa)
Simpang Hilir,Penjalaan,"Minggu, 20 September 2026 01:09:00",NASA-SNPP,Medium,110.06592,-1.11254,False,False,True,False,False,True,Di Luar Area Pantauan (>1000m dari Desa)
Simpang Hilir,Matan Jaya,"Minggu, 20 September 2026 01:09:00",NASA-SNPP,Medium,110.14183,-1.11045,False,False,True,True,True,True,Di Luar Area Pantauan (>1000m dari Desa)
Simpang Hilir,Matan Jaya,"Minggu, 20 September 2026 01:09:00",NASA-SNPP,Medium,110.09395,-1.10289,False,False,True,True,True,True,Di Luar Area Pantauan (>1000m dari Desa)
Matan Hilir Utara,Tanjung Baik Budi,"Minggu, 20 September 2026 01:09:00",NASA-SNPP,Medium,110.1431,-1.53999,False,False,True,True,False,True,Di Luar Area Pantauan (>1000m dari Desa)
Matan Hilir Utara,Tanjung Baik Budi,"Minggu, 20 September 2026 01:09:00",NASA-SNPP,Medium,110.17593,-1.54518,False,False,True,True,False,True,Di Luar Area Pantauan (>1000m dari Desa)
Muara Pawan,Ulak Medang,"Minggu, 20 September 2026 01:09:00",NASA-SNPP,Medium,110.30299,-1.61071,False,False,True,True,False,True,Di Luar Area Pantauan (>1000m dari Desa)
Muara Pawan,Ulak Medang,"Minggu, 20 September 2026 01:09:00",NASA-SNPP,Medium,110.29724,-1.62371,False,False,True,True,False,True,Di Luar Area Pantauan (>1000m dari Desa)
Muara Pawan,Ulak Medang,"Minggu, 20 September 2026 01:09:00",NASA-SNPP,Medium,110.28947,-1.62595,False,False,True,True,False,True,Di Luar Area Pantauan (>1000m dari Desa)
Nanga Tayap,Lembah Hijau Dua,"Minggu, 20 September 2026 01:09:00",NASA-SNPP,Medium,110.45657,-1.59651,False,False,False,False,False,False,Di Luar Area Pantauan (>1000m dari Desa)
Nanga Tayap,Siantau Raya,"Minggu, 20 September 2026 01:09:00",NASA-SNPP,Medium,110.44477,-1.60157,False,False,False,False,False,False,Di Luar Area Pantauan (>1000m dari Desa)
Matan Hilir Utara,Tanjung Baik Budi,"Minggu, 20 September 2026 01:09:00",NASA-SNPP,Medium,110.1754,-1.54859,False,False,True,True,False,True,Di Luar Area Pantauan (>1000m dari Desa)
Matan Hilir Utara,Tanjung Baik Budi,"Minggu, 20 September 2026 01:09:00",NASA-SNPP,Medium,110.16702,-1.55426,False,False,True,True,False,True,Di Luar Area Pantauan (>1000m dari Desa)
Matan Hilir Utara,Tanjung Baik Budi,"Minggu, 20 September 2026 01:09:00",NASA-SNPP,Medium,110.0965,-1.55013,False,False,True,True,False,True,Di Luar Area Pantauan (>1000m dari Desa)
Nanga Tayap,Siantau Raya,"Minggu, 20 September 2026 01:09:00",NASA-SNPP,Medium,110.44424,-1.60495,False,False,False,False,False,False,Di Luar Area Pantauan (>1000m dari Desa)
Nanga Tayap,Siantau Raya,"Minggu, 20 September 2026 01:09:00",NASA-SNPP,Medium,110.42273,-1.60156,False,False,False,False,False,False,Di Luar Area Pantauan (>1000m dari Desa)
Nanga Tayap,Siantau Raya,"Minggu, 20 September 2026 01:09:00",NASA-SNPP,Medium,110.44028,-1.60495,False,False,False,False,False,False,Di Luar Area Pantauan (>1000m dari Desa)
Nanga Tayap,Siantau Raya,"Minggu, 20 September 2026 01:09:00",NASA-SNPP,Medium,110.44387,-1.60553,False,False,False,False,False,False,Di Luar Area Pantauan (>1000m dari Desa)
Muara Pawan,Ulak Medang,"Minggu, 20 September 2026 01:09:00",NASA-SNPP,Medium,110.24316,-1.52095,False,False,True,True,False,True,Di Luar Area Pantauan (>1000m dari Desa)
Nanga Tayap,Lembah Hijau Dua,"Minggu, 20 September 2026 01:09:00",NASA-SNPP,Medium,110.43775,-1.5762,False,False,False,False,False,False,Di Luar Area Pantauan (>1000m dari Desa)
Muara Pawan,Ulak Medang,"Minggu, 20 September 2026 01:09:00",NASA-SNPP,Medium,110.21826,-1.5135,False,False,True,True,False,True,Di Luar Area Pantauan (>1000m dari Desa)
Muara Pawan,Ulak Medang,"Minggu, 20 September 2026 01:09:00",NASA-SNPP,Medium,110.23952,-1.52037,False,False,True,True,False,True,Di Luar Area Pantauan (>1000m dari Desa)
Muara Pawan,Ulak Medang,"Minggu, 20 September 2026 01:09:00",NASA-SNPP,Medium,110.27111,-1.53237,False,False,True,True,False,True,Di Luar Area Pantauan (>1000m dari Desa)
Nanga Tayap,Sepakat Jaya,"Minggu, 20 September 2026 01:09:00",NASA-SNPP,Medium,110.66979,-1.42521,False,False,False,False,False,False,Di Luar Area Pantauan (>1000m dari Desa)
Nanga Tayap,Sepakat Jaya,"Minggu, 20 September 2026 01:09:00",NASA-SNPP,Medium,110.67331,-1.42577,False,False,True,False,False,True,Di Luar Area Pantauan (>1000m dari Desa)
Nanga Tayap,Sebadak Raya,"Minggu, 20 September 2026 01:09:00",NASA-SNPP,Medium,110.67681,-1.42633,False,False,False,False,False,False,Di Luar Area Pantauan (>1000m dari Desa)
Matan Hilir Utara,Lamon Satong,"Minggu, 20 September 2026 01:09:00",NASA-SNPP,Medium,110.20071,-1.40925,False,False,False,True,False,True,Di Luar Area Pantauan (>1000m dari Desa)
Nanga Tayap,Betenung,"Minggu, 20 September 2026 01:09:00",NASA-SNPP,Medium,110.827,-1.55351,False,False,True,False,False,True,Di Luar Area Pantauan (>1000m dari Desa)
Nanga Tayap,Simpang Tiga Sembelangaan,"Minggu, 20 September 2026 01:09:00",NASA-SNPP,Medium,110.3642,-1.50547,False,False,False,False,True,True,Di Luar Area Pantauan (>1000m dari Desa)
Matan Hilir Utara,Kuala Tolak,"Minggu, 20 September 2026 01:09:00",NASA-SNPP,Medium,110.18669,-1.47702,False,False,False,True,False,True,Di Luar Area Pantauan (>1000m dari Desa)
Sukadana,Sedahan Jaya,"Minggu, 20 September 2026 01:09:00",NASA-SNPP,Medium,110.0506,-1.18647,False,False,True,True,True,True,Di Luar Area Pantauan (>1000m dari Desa)
Simpang Hilir,Matan Jaya,"Minggu, 20 September 2026 01:09:00",NASA-SNPP,Medium,110.34988,-1.23736,False,False,True,False,True,True,Di Luar Area Pantauan (>1000m dari Desa)
Sukadana,Sedahan Jaya,"Minggu, 20 September 2026 01:09:00",NASA-SNPP,Medium,110.04635,-1.18932,False,False,True,True,True,True,Di Luar Area Pantauan (>1000m dari Desa)
Sukadana,Sejahtera,"Minggu, 20 September 2026 01:09:00",NASA-SNPP,Medium,110.06509,-1.26558,False,False,True,True,True,True,Di Luar Area Pantauan (>1000m dari Desa)
Nanga Tayap,Pangkalan Teluk,"Minggu, 20 September 2026 01:09:00",NASA-SNPP,Medium,110.29907,-1.3273,False,False,True,False,True,True,Di Luar Area Pantauan (>1000m dari Desa)
Sukadana,Sejahtera,"Minggu, 20 September 2026 01:09:00",NASA-SNPP,Medium,110.09075,-1.29424,False,False,True,True,True,True,Di Luar Area Pantauan (>1000m dari Desa)
Simpang Hilir,Matan Jaya,"Minggu, 20 September 2026 01:09:00",NASA-SNPP,Medium,110.15178,-1.11903,False,False,True,False,True,True,Di Luar Area Pantauan (>1000m dari Desa)
Simpang Hilir,Matan Jaya,"Minggu, 20 September 2026 01:09:00",NASA-SNPP,Medium,110.10025,-1.11091,False,False,True,True,True,True,Di Luar Area Pantauan (>1000m dari Desa)
Pulau Maya,Dusun Kecil,"Minggu, 20 September 2026 01:09:00",NASA-SNPP,Medium,109.57307,-1.028,False,False,False,True,False,True,Di Luar Area Pantauan (>1000m dari Desa)
Pulau Maya,Dusun Kecil,"Minggu, 20 September 2026 01:09:00",NASA-SNPP,Medium,109.56921,-1.02739,False,False,False,True,False,True,Di Luar Area Pantauan (>1000m dari Desa)
Simpang Hilir,Rantau Panjang,"Minggu, 20 September 2026 01:09:00",NASA-SNPP,Medium,110.04967,-1.14412,False,False,False,False,False,False,Di Luar Area Pantauan (>1000m dari Desa)
Hulu Sungai,Cinta Manis,"Minggu, 20 September 2026 01:09:00",NASA-SNPP,Medium,110.8372,-1.11865,False,False,False,False,True,True,Di Luar Area Pantauan (>1000m dari Desa)
Simpang Hilir,Sungaimata-Mata,"Minggu, 20 September 2026 01:09:00",NASA-SNPP,Medium,109.97935,-0.95873,False,False,True,True,False,True,Di Luar Area Pantauan (>1000m dari Desa)
Simpang Hilir,Matan Jaya,"Minggu, 20 September 2026 01:09:00",NASA-SNPP,Medium,110.10979,-1.09837,False,False,True,True,True,True,Di Luar Area Pantauan (>1000m dari Desa)
Simpang Hilir,Matan Jaya,"Minggu, 20 September 2026 01:09:00",NASA-SNPP,Medium,110.13081,-1.10871,False,False,True,True,True,True,Di Luar Area Pantauan (>1000m dari Desa)
Nanga Tayap,Siantau Raya,"Minggu, 20 September 2026 01:09:00",NASA-SNPP,Medium,110.48345,-1.65689,False,False,False,False,False,False,Di Luar Area Pantauan (>1000m dari Desa)
Matan Hilir Utara,Tanjung Baik Budi,"Minggu, 20 September 2026 01:09:00",NASA-SNPP,Medium,110.15095,-1.53774,False,False,True,True,False,True,Di Luar Area Pantauan (>1000m dari Desa)
Nanga Tayap,Sungai Kelik,"Minggu, 20 September 2026 01:09:00",NASA-SNPP,Medium,110.42592,-1.58126,False,False,False,False,False,False,Di Luar Area Pantauan (>1000m dari Desa)
Nanga Tayap,Lembah Hijau Dua,"Minggu, 20 September 2026 01:09:00",NASA-SNPP,Medium,110.43669,-1.58296,False,False,False,False,False,False,Di Luar Area Pantauan (>1000m dari Desa)
Muara Pawan,Ulak Medang,"Minggu, 20 September 2026 01:09:00",NASA-SNPP,Medium,110.24988,-1.52551,False,False,True,True,False,True,Di Luar Area Pantauan (>1000m dari Desa)
Matan Hilir Utara,Tanjung Baik Budi,"Minggu, 20 September 2026 01:09:00",NASA-SNPP,Medium,110.14365,-1.53658,False,False,True,True,False,True,Di Luar Area Pantauan (>1000m dari Desa)
Matan Hilir Utara,Kuala Tolak,"Minggu, 20 September 2026 01:09:00",NASA-SNPP,Medium,110.15022,-1.47117,False,False,True,True,False,True,Di Luar Area Pantauan (>1000m dari Desa)
Matan Hilir Utara,Kuala Tolak,"Minggu, 20 September 2026 01:09:00",NASA-SNPP,Medium,110.18304,-1.47644,False,False,False,True,False,True,Di Luar Area Pantauan (>1000m dari Desa)
Matan Hilir Selatan,Pematang Gadung,"Minggu, 20 September 2026 01:11:00",NASA-SNPP,Medium,110.31344,-1.97229,False,False,True,True,False,True,Di Luar Area Pantauan (>1000m dari Desa)
Matan Hilir Selatan,Pagar Mentimun,"Minggu, 20 September 2026 01:11:00",NASA-SNPP,Medium,110.17294,-2.20822,False,False,False,False,False,False,Di Luar Area Pantauan (>1000m dari Desa)
Matan Hilir Selatan,Sungai Besar,"Minggu, 20 September 2026 01:11:00",NASA-SNPP,Medium,110.24894,-1.88829,False,False,True,False,False,True,Di Luar Area Pantauan (>1000m dari Desa)
Matan Hilir Selatan,Sungai Besar,"Minggu, 20 September 2026 01:11:00",NASA-SNPP,Medium,110.24706,-1.85321,False,False,False,True,False,True,Di Luar Area Pantauan (>1000m dari Desa)
Matan Hilir Selatan,Sungai Besar,"Minggu, 20 September 2026 01:11:00",NASA-SNPP,Medium,110.18999,-1.88594,False,False,True,True,False,True,Di Luar Area Pantauan (>1000m dari Desa)
Matan Hilir Selatan,Sungai Pelang,"Minggu, 20 September 2026 01:11:00",NASA-SNPP,Medium,110.25282,-1.84021,False,False,True,True,False,True,Di Luar Area Pantauan (>1000m dari Desa)
Matan Hilir Selatan,Sungai Besar,"Minggu, 20 September 2026 01:11:00",NASA-SNPP,Medium,110.25883,-1.87247,False,False,True,True,False,True,Di Luar Area Pantauan (>1000m dari Desa)
Matan Hilir Selatan,Sungai Besar,"Minggu, 20 September 2026 01:11:00",NASA-SNPP,Medium,110.21494,-1.86899,False,False,True,True,False,True,Di Luar Area Pantauan (>1000m dari Desa)
Matan Hilir Selatan,Sungai Besar,"Minggu, 20 September 2026 01:11:00",NASA-SNPP,Medium,110.21856,-1.86956,False,False,True,True,False,True,Di Luar Area Pantauan (>1000m dari Desa)
Manis Mata,Ratu Elok,"Minggu, 20 September 2026 01:11:00",NASA-SNPP,Medium,111.06492,-2.54191,False,False,False,False,False,False,Di Luar Area Pantauan (>1000m dari Desa)
Kendawangan,Mekar Utama,"Minggu, 20 September 2026 01:11:00",NASA-SNPP,Medium,110.21403,-2.30183,False,False,True,False,False,True,Di Luar Area Pantauan (>1000m dari Desa)
Kendawangan,Mekar Utama,"Minggu, 20 September 2026 01:11:00",NASA-SNPP,Medium,110.21043,-2.30126,False,False,True,False,False,True,Di Luar Area Pantauan (>1000m dari Desa)
Kendawangan,Mekar Utama,"Minggu, 20 September 2026 01:11:00",NASA-SNPP,Medium,110.21763,-2.3024,False,False,False,False,False,False,Di Luar Area Pantauan (>1000m dari Desa)
Matan Hilir Selatan,Pagar Mentimun,"Minggu, 20 September 2026 01:11:00",NASA-SNPP,Medium,110.16922,-2.21123,False,False,False,False,False,False,Di Luar Area Pantauan (>1000m dari Desa)
Kendawangan,Danau Buntar,"Minggu, 20 September 2026 01:11:00",NASA-SNPP,Medium,110.88021,-2.73938,False,False,False,True,False,True,Di Luar Area Pantauan (>1000m dari Desa)
Kendawangan,Danau Buntar,"Minggu, 20 September 2026 01:11:00",NASA-SNPP,Medium,110.8837,-2.73994,False,False,False,False,False,False,Di Luar Area Pantauan (>1000m dari Desa)
Manis Mata,Suak Burung,"Minggu, 20 September 2026 01:11:00",NASA-SNPP,Medium,111.00826,-2.35951,False,False,False,False,False,False,Di Luar Area Pantauan (>1000m dari Desa)
Kendawangan,Air Hitam Besar,"Minggu, 20 September 2026 01:11:00",NASA-SNPP,Medium,110.65648,-2.70388,False,False,False,False,False,False,Di Luar Area Pantauan (>1000m dari Desa)
Matan Hilir Selatan,Pagar Mentimun,"Minggu, 20 September 2026 01:11:00",NASA-SNPP,Medium,110.1604,-2.22025,False,False,True,False,False,True,Di Luar Area Pantauan (>1000m dari Desa)
Manis Mata,Suka Ramai,"Minggu, 20 September 2026 01:11:00",NASA-SNPP,Medium,110.98528,-2.77528,False,False,False,False,False,False,Di Luar Area Pantauan (>1000m dari Desa)
Manis Mata,Suka Ramai,"Minggu, 20 September 2026 01:11:00",NASA-SNPP,Medium,110.99117,-2.78305,False,False,False,False,False,False,Di Luar Area Pantauan (>1000m dari Desa)
Kendawangan,Danau Buntar,"Minggu, 20 September 2026 01:11:00",NASA-SNPP,Medium,110.95991,-2.77806,False,False,False,False,False,False,Di Luar Area Pantauan (>1000m dari Desa)
Kendawangan,Danau Buntar,"Minggu, 20 September 2026 01:11:00",NASA-SNPP,Medium,110.97675,-2.78417,False,False,False,False,False,False,Di Luar Area Pantauan (>1000m dari Desa)
Kendawangan,Danau Buntar,"Minggu, 20 September 2026 01:11:00",NASA-SNPP,Medium,110.96128,-2.79195,False,False,True,False,False,True,Di Luar Area Pantauan (>1000m dari Desa)
Kendawangan,Danau Buntar,"Minggu, 20 September 2026 01:11:00",NASA-SNPP,Medium,110.96475,-2.79251,False,False,True,False,False,True,Di Luar Area Pantauan (>1000m dari Desa)
Kendawangan,Danau Buntar,"Minggu, 20 September 2026 01:11:00",NASA-SNPP,Medium,110.97066,-2.80028,False,False,False,False,False,False,Di Luar Area Pantauan (>1000m dari Desa)
Kendawangan,Danau Buntar,"Minggu, 20 September 2026 01:11:00",NASA-SNPP,Medium,110.96718,-2.79972,False,False,True,False,False,True,Di Luar Area Pantauan (>1000m dari Desa)
Kendawangan,Natai Kuini,"Minggu, 20 September 2026 01:11:00",NASA-SNPP,Medium,110.79288,-2.79589,False,False,False,True,True,True,Di Luar Area Pantauan (>1000m dari Desa)
Kendawangan,Seriam,"Minggu, 20 September 2026 01:11:00",NASA-SNPP,Medium,110.36961,-2.73532,False,False,False,False,True,True,Di Luar Area Pantauan (>1000m dari Desa)
Kendawangan,Seriam,"Minggu, 20 September 2026 01:11:00",NASA-SNPP,Medium,110.36607,-2.73475,False,False,False,False,True,True,Di Luar Area Pantauan (>1000m dari Desa)
Kendawangan,Seriam,"Minggu, 20 September 2026 01:11:00",NASA-SNPP,Medium,110.37209,-2.74262,False,False,False,False,True,True,Di Luar Area Pantauan (>1000m dari Desa)
Kendawangan,Air Hitam Besar,"Minggu, 20 September 2026 01:11:00",NASA-SNPP,Medium,110.77279,-2.80982,False,False,False,False,False,False,Di Luar Area Pantauan (>1000m dari Desa)
Kendawangan,Seriam,"Minggu, 20 September 2026 01:11:00",NASA-SNPP,Medium,110.28346,-2.74925,False,False,False,False,True,True,Di Luar Area Pantauan (>1000m dari Desa)
Kendawangan,Seriam,"Minggu, 20 September 2026 01:11:00",NASA-SNPP,Medium,110.284,-2.74588,False,False,False,False,True,True,Di Luar Area Pantauan (>1000m dari Desa)
Kendawangan,Kendawangan Kanan,"Minggu, 20 September 2026 01:11:00",NASA-SNPP,Medium,110.28008,-2.79492,False,False,False,True,True,True,Di Luar Area Pantauan (>1000m dari Desa)
Kendawangan,Pembedilan,"Minggu, 20 September 2026 01:11:00",NASA-SNPP,Medium,110.44109,-2.85862,False,False,False,False,True,True,Di Luar Area Pantauan (>1000m dari Desa)
Kendawangan,Pembedilan,"Minggu, 20 September 2026 01:11:00",NASA-SNPP,Medium,110.43755,-2.85806,False,False,False,False,True,True,Di Luar Area Pantauan (>1000m dari Desa)
Kendawangan,Pembedilan,"Minggu, 20 September 2026 01:11:00",NASA-SNPP,Medium,110.37486,-2.84117,False,False,False,False,True,True,Di Luar Area Pantauan (>1000m dari Desa)
Kendawangan,Pembedilan,"Minggu, 20 September 2026 01:11:00",NASA-SNPP,Medium,110.42888,-2.86701,False,False,False,False,True,True,Di Luar Area Pantauan (>1000m dari Desa)
Matan Hilir Selatan,Pagar Mentimun,"Minggu, 20 September 2026 01:11:00",NASA-SNPP,Medium,110.11106,-2.25065,False,False,False,False,False,False,Di Luar Area Pantauan (>1000m dari Desa)
Matan Hilir Selatan,Pagar Mentimun,"Minggu, 20 September 2026 01:11:00",NASA-SNPP,Medium,110.16561,-2.21065,False,False,False,False,False,False,Di Luar Area Pantauan (>1000m dari Desa)
Matan Hilir Selatan,Pagar Mentimun,"Minggu, 20 September 2026 01:11:00",NASA-SNPP,Medium,110.21524,-2.27076,False,False,False,False,False,False,Di Luar Area Pantauan (>1000m dari Desa)
Kendawangan,Mekar Utama,"Minggu, 20 September 2026 01:11:00",NASA-SNPP,Medium,110.22497,-2.27926,False,False,False,False,False,False,Di Luar Area Pantauan (>1000m dari Desa)
Kendawangan,Mekar Utama,"Minggu, 20 September 2026 01:11:00",NASA-SNPP,Medium,110.22389,-2.28604,False,False,False,False,False,False,Di Luar Area Pantauan (>1000m dari Desa)
Kendawangan,Mekar Utama,"Minggu, 20 September 2026 01:11:00",NASA-SNPP,Medium,110.22336,-2.28942,False,False,False,False,False,False,Di Luar Area Pantauan (>1000m dari Desa)
Kendawangan,Seriam,"Minggu, 20 September 2026 01:11:00",NASA-SNPP,Medium,110.45257,-2.4872,False,False,False,False,True,True,Di Luar Area Pantauan (>1000m dari Desa)
Kendawangan,Seriam,"Minggu, 20 September 2026 01:11:00",NASA-SNPP,Medium,110.44796,-2.49336,False,False,False,False,False,False,Di Luar Area Pantauan (>1000m dari Desa)
Matan Hilir Selatan,Pesaguan Kanan,"Minggu, 20 September 2026 01:11:00",NASA-SNPP,Medium,110.16969,-2.01919,False,False,False,True,False,True,Di Luar Area Pantauan (>1000m dari Desa)
Kendawangan,Pangkalan Batu,"Minggu, 20 September 2026 01:11:00",NASA-SNPP,Medium,110.38475,-2.2417,False,False,False,False,False,False,Di Luar Area Pantauan (>1000m dari Desa)
Kendawangan,Bangkal Serai,"Minggu, 20 September 2026 01:11:00",NASA-SNPP,Medium,110.5126,-2.52094,False,False,False,False,True,True,Di Luar Area Pantauan (>1000m dari Desa)
Kendawangan,Seriam,"Minggu, 20 September 2026 01:11:00",NASA-SNPP,Medium,110.35236,-2.49879,False,False,False,False,False,False,Di Luar Area Pantauan (>1000m dari Desa)
Kendawangan,Seriam,"Minggu, 20 September 2026 01:11:00",NASA-SNPP,Medium,110.45188,-2.51469,False,False,False,False,True,True,Di Luar Area Pantauan (>1000m dari Desa)
Kendawangan,Bangkal Serai,"Minggu, 20 September 2026 01:11:00",NASA-SNPP,Medium,110.45844,-2.51919,False,False,False,False,True,True,Di Luar Area Pantauan (>1000m dari Desa)
Kendawangan,Seriam,"Minggu, 20 September 2026 01:11:00",NASA-SNPP,Medium,110.45135,-2.51805,False,False,False,False,True,True,Di Luar Area Pantauan (>1000m dari Desa)
Kendawangan,Bangkal Serai,"Minggu, 20 September 2026 01:11:00",NASA-SNPP,Medium,110.4549,-2.51862,False,False,False,False,True,True,Di Luar Area Pantauan (>1000m dari Desa)
Kendawangan,Seriam,"Minggu, 20 September 2026 01:11:00",NASA-SNPP,Medium,110.44674,-2.52422,False,False,False,False,True,True,Di Luar Area Pantauan (>1000m dari Desa)
Kendawangan,Bangkal Serai,"Minggu, 20 September 2026 01:11:00",NASA-SNPP,Medium,110.46748,-2.53097,False,False,False,False,True,True,Di Luar Area Pantauan (>1000m dari Desa)
Kendawangan,Bangkal Serai,"Minggu, 20 September 2026 01:11:00",NASA-SNPP,Medium,110.45686,-2.52928,False,False,False,False,True,True,Di Luar Area Pantauan (>1000m dari Desa)
Kendawangan,Bangkal Serai,"Minggu, 20 September 2026 01:11:00",NASA-SNPP,Medium,110.45331,-2.52871,False,False,False,False,True,True,Di Luar Area Pantauan (>1000m dari Desa)
Kendawangan,Bangkal Serai,"Minggu, 20 September 2026 01:11:00",NASA-SNPP,Medium,110.46394,-2.53041,False,False,False,False,True,True,Di Luar Area Pantauan (>1000m dari Desa)
Kendawangan,Seriam,"Minggu, 20 September 2026 01:11:00",NASA-SNPP,Medium,110.44568,-2.53095,False,False,False,False,True,True,Di Luar Area Pantauan (>1000m dari Desa)
Kendawangan,Bangkal Serai,"Minggu, 20 September 2026 01:11:00",NASA-SNPP,Medium,110.45986,-2.53321,False,False,False,False,True,True,Di Luar Area Pantauan (>1000m dari Desa)
Kendawangan,Seriam,"Minggu, 20 September 2026 01:11:00",NASA-SNPP,Medium,110.44923,-2.53151,False,False,False,False,True,True,Di Luar Area Pantauan (>1000m dari Desa)
Kendawangan,Bangkal Serai,"Minggu, 20 September 2026 01:11:00",NASA-SNPP,Medium,110.45756,-2.57077,False,False,False,False,True,True,Di Luar Area Pantauan (>1000m dari Desa)
Kendawangan,Bangkal Serai,"Minggu, 20 September 2026 01:11:00",NASA-SNPP,Medium,110.46465,-2.57189,False,False,False,False,True,True,Di Luar Area Pantauan (>1000m dari Desa)
Kendawangan,Bangkal Serai,"Minggu, 20 September 2026 01:11:00",NASA-SNPP,Medium,110.47173,-2.57301,False,False,False,False,True,True,Di Luar Area Pantauan (>1000m dari Desa)
Kendawangan,Bangkal Serai,"Minggu, 20 September 2026 01:11:00",NASA-SNPP,Medium,110.46818,-2.57245,False,False,False,False,True,True,Di Luar Area Pantauan (>1000m dari Desa)
Kendawangan,Bangkal Serai,"Minggu, 20 September 2026 01:11:00",NASA-SNPP,Medium,110.46765,-2.57581,False,False,False,False,True,True,Di Luar Area Pantauan (>1000m dari Desa)
Kendawangan,Bangkal Serai,"Minggu, 20 September 2026 01:11:00",NASA-SNPP,Medium,110.46411,-2.57525,False,False,False,False,True,True,Di Luar Area Pantauan (>1000m dari Desa)
Kendawangan,Bangkal Serai,"Minggu, 20 September 2026 01:11:00",NASA-SNPP,Medium,110.46057,-2.57469,False,False,False,False,True,True,Di Luar Area Pantauan (>1000m dari Desa)
Kendawangan,Bangkal Serai,"Minggu, 20 September 2026 01:11:00",NASA-SNPP,Medium,110.46712,-2.57918,False,False,False,False,True,True,Di Luar Area Pantauan (>1000m dari Desa)
Kendawangan,Bangkal Serai,"Minggu, 20 September 2026 01:11:00",NASA-SNPP,Medium,110.47066,-2.57974,False,False,False,False,True,True,Di Luar Area Pantauan (>1000m dari Desa)
Kendawangan,Bangkal Serai,"Minggu, 20 September 2026 01:11:00",NASA-SNPP,Medium,110.46358,-2.57862,False,False,False,False,True,True,Di Luar Area Pantauan (>1000m dari Desa)
Kendawangan,Airhitam Hulu,"Minggu, 20 September 2026 01:11:00",NASA-SNPP,Medium,110.62139,-2.62961,False,False,True,False,False,True,Di Luar Area Pantauan (>1000m dari Desa)
Kendawangan,Danau Buntar,"Minggu, 20 September 2026 01:11:00",NASA-SNPP,Medium,110.95938,-2.7814,False,False,False,False,False,False,Di Luar Area Pantauan (>1000m dari Desa)
Muara Pawan,Tanjung Pura,"Minggu, 20 September 2026 01:11:00",NASA-SNPP,Medium,110.20326,-1.72769,False,False,False,False,False,False,Di Luar Area Pantauan (>1000m dari Desa)
Kendawangan,Bangkal Serai,"Minggu, 20 September 2026 01:11:00",NASA-SNPP,Medium,110.52269,-2.4317,False,False,False,False,False,False,Di Luar Area Pantauan (>1000m dari Desa)
Kendawangan,Air Hitam Besar,"Minggu, 20 September 2026 01:11:00",NASA-SNPP,Medium,110.72488,-2.68045,False,False,False,False,False,False,Di Luar Area Pantauan (>1000m dari Desa)
Kendawangan,Airhitam Hulu,"Minggu, 20 September 2026 01:11:00",NASA-SNPP,Medium,110.60555,-2.66144,False,False,False,False,False,False,Di Luar Area Pantauan (>1000m dari Desa)
Tumbang Titi,Beringin Rayo,"Minggu, 20 September 2026 01:11:00",NASA-SNPP,Medium,110.79968,-1.74852,False,False,True,False,False,True,Di Luar Area Pantauan (>1000m dari Desa)
Muara Pawan,Tanjung Pura,"Minggu, 20 September 2026 01:11:00",NASA-SNPP,Medium,110.22661,-1.67169,False,False,True,True,False,True,Di Luar Area Pantauan (>1000m dari Desa)
Tumbang Titi,Beringin Rayo,"Minggu, 20 September 2026 01:11:00",NASA-SNPP,Medium,110.78368,-1.75971,False,False,True,False,False,True,Di Luar Area Pantauan (>1000m dari Desa)
Muara Pawan,Tanjung Pura,"Minggu, 20 September 2026 01:11:00",NASA-SNPP,Medium,110.22166,-1.68183,False,False,True,True,False,True,Di Luar Area Pantauan (>1000m dari Desa)
Jelai Hulu,Pasir Mayang,"Minggu, 20 September 2026 01:11:00",NASA-SNPP,Medium,110.78893,-1.77289,False,False,True,False,False,True,Di Luar Area Pantauan (>1000m dari Desa)
Muara Pawan,Tanjung Pura,"Minggu, 20 September 2026 01:11:00",NASA-SNPP,Medium,110.15522,-1.67812,False,False,True,True,False,True,Di Luar Area Pantauan (>1000m dari Desa)
Muara Pawan,Tanjung Pura,"Minggu, 20 September 2026 01:11:00",NASA-SNPP,Medium,110.15159,-1.67754,False,False,True,True,False,True,Di Luar Area Pantauan (>1000m dari Desa)
Muara Pawan,Tanjung Pura,"Minggu, 20 September 2026 01:11:00",NASA-SNPP,Medium,110.11878,-1.67226,False,False,True,True,False,True,Di Luar Area Pantauan (>1000m dari Desa)
Muara Pawan,Tanjung Pura,"Minggu, 20 September 2026 01:11:00",NASA-SNPP,Medium,110.1443,-1.67637,False,False,True,True,False,True,Di Luar Area Pantauan (>1000m dari Desa)
Muara Pawan,Tanjung Pura,"Minggu, 20 September 2026 01:11:00",NASA-SNPP,Medium,110.23492,-1.66604,False,False,True,True,False,True,Di Luar Area Pantauan (>1000m dari Desa)
Muara Pawan,Tanjung Pura,"Minggu, 20 September 2026 01:11:00",NASA-SNPP,Medium,110.21281,-1.69086,False,False,True,True,False,True,Di Luar Area Pantauan (>1000m dari Desa)
Muara Pawan,Tanjung Pura,"Minggu, 20 September 2026 01:11:00",NASA-SNPP,Medium,110.16196,-1.6827,False,False,True,True,False,True,Di Luar Area Pantauan (>1000m dari Desa)
Muara Pawan,Tanjung Pura,"Minggu, 20 September 2026 01:11:00",NASA-SNPP,Medium,110.11459,-1.67509,False,False,True,True,False,True,Di Luar Area Pantauan (>1000m dari Desa)
Muara Pawan,Tanjung Pura,"Minggu, 20 September 2026 01:11:00",NASA-SNPP,Medium,110.13284,-1.67802,False,False,True,True,False,True,Di Luar Area Pantauan (>1000m dari Desa)
Tumbang Titi,Beringin Rayo,"Minggu, 20 September 2026 01:11:00",NASA-SNPP,Medium,110.76494,-1.73958,False,False,False,False,False,False,Di Luar Area Pantauan (>1000m dari Desa)
Jelai Hulu,Karang Dangin,"Minggu, 20 September 2026 01:11:00",NASA-SNPP,Medium,110.98843,-1.78185,False,False,True,False,False,True,Di Luar Area Pantauan (>1000m dari Desa)
Jelai Hulu,Pasir Mayang,"Minggu, 20 September 2026 01:11:00",NASA-SNPP,Medium,110.79182,-1.77678,False,False,False,False,False,False,Di Luar Area Pantauan (>1000m dari Desa)
Muara Pawan,Tanjung Pura,"Minggu, 20 September 2026 01:11:00",NASA-SNPP,Medium,110.12972,-1.67402,False,False,True,True,False,True,Di Luar Area Pantauan (>1000m dari Desa)
Muara Pawan,Tanjung Pura,"Minggu, 20 September 2026 01:11:00",NASA-SNPP,Medium,110.22113,-1.68523,False,False,True,True,False,True,Di Luar Area Pantauan (>1000m dari Desa)
Muara Pawan,Tanjung Pura,"Minggu, 20 September 2026 01:11:00",NASA-SNPP,Medium,110.14066,-1.67578,False,False,True,True,False,True,Di Luar Area Pantauan (>1000m dari Desa)
Muara Pawan,Tanjung Pura,"Minggu, 20 September 2026 01:11:00",NASA-SNPP,Medium,110.21751,-1.68465,False,False,True,True,False,True,Di Luar Area Pantauan (>1000m dari Desa)
Muara Pawan,Tanjung Pura,"Minggu, 20 September 2026 01:11:00",NASA-SNPP,Medium,110.12608,-1.67344,False,False,True,True,False,True,Di Luar Area Pantauan (>1000m dari Desa)
Muara Pawan,Tanjung Pura,"Minggu, 20 September 2026 01:11:00",NASA-SNPP,Medium,110.12243,-1.67285,False,False,True,True,False,True,Di Luar Area Pantauan (>1000m dari Desa)
Muara Pawan,Tanjung Pura,"Minggu, 20 September 2026 01:11:00",NASA-SNPP,Medium,110.21642,-1.69145,False,False,True,True,False,True,Di Luar Area Pantauan (>1000m dari Desa)
Muara Pawan,Tanjung Pura,"Minggu, 20 September 2026 01:11:00",NASA-SNPP,Medium,110.22729,-1.69319,False,False,False,True,False,True,Di Luar Area Pantauan (>1000m dari Desa)
Tumbang Titi,Beringin Rayo,"Minggu, 20 September 2026 01:11:00",NASA-SNPP,Medium,110.76447,-1.74294,False,False,False,False,False,False,Di Luar Area Pantauan (>1000m dari Desa)
Muara Pawan,Tanjung Pura,"Minggu, 20 September 2026 01:11:00",NASA-SNPP,Medium,110.22607,-1.67509,False,False,True,True,False,True,Di Luar Area Pantauan (>1000m dari Desa)
Muara Pawan,Tanjung Pura,"Minggu, 20 September 2026 01:11:00",NASA-SNPP,Medium,110.23145,-1.69037,False,False,False,True,False,True,Di Luar Area Pantauan (>1000m dari Desa)
Tumbang Titi,Beringin Rayo,"Minggu, 20 September 2026 01:11:00",NASA-SNPP,Medium,110.79269,-1.7474,False,False,False,False,False,False,Di Luar Area Pantauan (>1000m dari Desa)
Tumbang Titi,Beringin Rayo,"Minggu, 20 September 2026 01:11:00",NASA-SNPP,Medium,110.768,-1.74349,False,False,False,False,False,False,Di Luar Area Pantauan (>1000m dari Desa)
Sungai Melayu Rayak,Makmur Abadi,"Minggu, 20 September 2026 01:11:00",NASA-SNPP,Medium,110.26656,-1.70298,False,False,True,True,False,True,Di Luar Area Pantauan (>1000m dari Desa)
Jelai Hulu,Pasir Mayang,"Minggu, 20 September 2026 01:11:00",NASA-SNPP,Medium,110.78837,-1.77623,False,False,True,False,False,True,Di Luar Area Pantauan (>1000m dari Desa)
Tumbang Titi,Beringin Rayo,"Minggu, 20 September 2026 01:11:00",NASA-SNPP,Medium,110.78518,-1.74965,False,False,False,False,False,False,Di Luar Area Pantauan (>1000m dari Desa)
Sungai Melayu Rayak,Makmur Abadi,"Minggu, 20 September 2026 01:11:00",NASA-SNPP,Medium,110.2506,-1.68648,False,False,False,False,False,False,Di Luar Area Pantauan (>1000m dari Desa)
Muara Pawan,Tanjung Pura,"Minggu, 20 September 2026 01:11:00",NASA-SNPP,Medium,110.1625,-1.67929,False,False,True,True,False,True,Di Luar Area Pantauan (>1000m dari Desa)
Tumbang Titi,Beringin Rayo,"Minggu, 20 September 2026 01:11:00",NASA-SNPP,Medium,110.79875,-1.75523,False,False,True,False,False,True,Di Luar Area Pantauan (>1000m dari Desa)
Muara Pawan,Tanjung Pura,"Minggu, 20 September 2026 01:11:00",NASA-SNPP,Medium,110.13337,-1.67461,False,False,True,True,False,True,Di Luar Area Pantauan (>1000m dari Desa)
Muara Pawan,Tanjung Pura,"Minggu, 20 September 2026 01:11:00",NASA-SNPP,Medium,110.22713,-1.66829,False,False,True,True,False,True,Di Luar Area Pantauan (>1000m dari Desa)
Kendawangan,Bangkal Serai,"Minggu, 20 September 2026 01:11:00",NASA-SNPP,Medium,110.51968,-2.42778,False,False,False,False,False,False,Di Luar Area Pantauan (>1000m dari Desa)
Kendawangan,Bangkal Serai,"Minggu, 20 September 2026 01:11:00",NASA-SNPP,Medium,110.51915,-2.43114,False,False,False,False,False,False,Di Luar Area Pantauan (>1000m dari Desa)
Muara Pawan,Tanjung Pura,"Minggu, 20 September 2026 01:11:00",NASA-SNPP,Medium,110.22098,-1.7096,False,False,False,True,False,True,Di Luar Area Pantauan (>1000m dari Desa)
Muara Pawan,Tanjung Pura,"Minggu, 20 September 2026 01:11:00",NASA-SNPP,Medium,110.1369,-1.69964,False,False,True,True,False,True,Di Luar Area Pantauan (>1000m dari Desa)
Muara Pawan,Sungai Awan Kiri,"Minggu, 20 September 2026 01:11:00",NASA-SNPP,Medium,110.036,-1.69751,False,False,False,False,False,False,Di Luar Area Pantauan (>1000m dari Desa)
Jelai Hulu,Limpang,"Minggu, 20 September 2026 01:11:00",NASA-SNPP,Medium,110.85133,-1.83434,False,False,True,False,False,True,Di Luar Area Pantauan (>1000m dari Desa)
Muara Pawan,Mayak,"Minggu, 20 September 2026 01:11:00",NASA-SNPP,Medium,110.16738,-1.74291,False,False,False,True,False,True,Di Luar Area Pantauan (>1000m dari Desa)
Sungai Melayu Rayak,Sungai Melayu,"Minggu, 20 September 2026 01:11:00",NASA-SNPP,Medium,110.38136,-1.79422,False,False,False,False,False,False,Di Luar Area Pantauan (>1000m dari Desa)
Sungai Melayu Rayak,Makmur Abadi,"Minggu, 20 September 2026 01:11:00",NASA-SNPP,Medium,110.24554,-1.76576,False,False,False,True,False,True,Di Luar Area Pantauan (>1000m dari Desa)
Benua Kayong,Negeri Baru,"Minggu, 20 September 2026 01:11:00",NASA-SNPP,Medium,110.1776,-1.77244,False,False,False,False,False,False,Di Luar Area Pantauan (>1000m dari Desa)
Benua Kayong,Negeri Baru,"Minggu, 20 September 2026 01:11:00",NASA-SNPP,Medium,110.23508,-1.785,False,False,False,True,False,True,Di Luar Area Pantauan (>1000m dari Desa)
Matan Hilir Selatan,Sungai Pelang,"Minggu, 20 September 2026 01:11:00",NASA-SNPP,Medium,110.25711,-1.81306,False,False,False,True,False,True,Di Luar Area Pantauan (>1000m dari Desa)
Tumbang Titi,Titi Baru,"Minggu, 20 September 2026 01:11:00",NASA-SNPP,Medium,110.58619,-1.86576,False,False,False,False,False,False,Di Luar Area Pantauan (>1000m dari Desa)
Muara Pawan,Tanjung Pura,"Minggu, 20 September 2026 01:11:00",NASA-SNPP,Medium,110.11095,-1.6745,False,False,True,True,False,True,Di Luar Area Pantauan (>1000m dari Desa)
Sungai Melayu Rayak,Makmur Abadi,"Minggu, 20 September 2026 01:11:00",NASA-SNPP,Medium,110.27123,-1.69676,False,False,True,True,False,True,Di Luar Area Pantauan (>1000m dari Desa)
Muara Pawan,Tanjung Pura,"Minggu, 20 September 2026 01:11:00",NASA-SNPP,Medium,110.13702,-1.6752,False,False,True,True,False,True,Di Luar Area Pantauan (>1000m dari Desa)
Muara Pawan,Sungai Awan Kiri,"Minggu, 20 September 2026 01:11:00",NASA-SNPP,Medium,110.03546,-1.70093,False,False,False,False,False,False,Di Luar Area Pantauan (>1000m dari Desa)
Tumbang Titi,Petebang Jaya,"Minggu, 20 September 2026 01:11:00",NASA-SNPP,Medium,110.74325,-1.83433,False,False,True,False,False,True,Di Luar Area Pantauan (>1000m dari Desa)
Sungai Melayu Rayak,Makmur Abadi,"Minggu, 20 September 2026 01:11:00",NASA-SNPP,Medium,110.22798,-1.7595,False,False,False,True,False,True,Di Luar Area Pantauan (>1000m dari Desa)
Jelai Hulu,Pangkalan Suka,"Minggu, 20 September 2026 01:11:00",NASA-SNPP,Medium,110.93549,-1.91472,False,False,False,False,False,False,Di Luar Area Pantauan (>1000m dari Desa)
Benua Kayong,Negeri Baru,"Minggu, 20 September 2026 01:11:00",NASA-SNPP,Medium,110.17706,-1.77584,False,False,False,False,False,False,Di Luar Area Pantauan (>1000m dari Desa)
Jelai Hulu,Limpang,"Minggu, 20 September 2026 01:11:00",NASA-SNPP,Medium,110.88028,-1.90248,False,False,False,False,False,False,Di Luar Area Pantauan (>1000m dari Desa)
Matan Hilir Selatan,Sungai Pelang,"Minggu, 20 September 2026 01:11:00",NASA-SNPP,Medium,110.26379,-1.81761,False,False,False,True,False,True,Di Luar Area Pantauan (>1000m dari Desa)
Muara Pawan,Tanjung Pura,"Minggu, 20 September 2026 01:11:00",NASA-SNPP,Medium,110.15833,-1.68211,False,False,True,True,False,True,Di Luar Area Pantauan (>1000m dari Desa)
Muara Pawan,Tanjung Pura,"Minggu, 20 September 2026 01:11:00",NASA-SNPP,Medium,110.14795,-1.67695,False,False,True,True,False,True,Di Luar Area Pantauan (>1000m dari Desa)
Muara Pawan,Tanjung Pura,"Minggu, 20 September 2026 01:11:00",NASA-SNPP,Medium,110.23091,-1.69377,False,False,False,True,False,True,Di Luar Area Pantauan (>1000m dari Desa)
Matan Hilir Selatan,Sungai Besar,"Minggu, 20 September 2026 01:11:00",NASA-SNPP,Medium,110.22687,-1.86392,False,False,True,True,False,True,Di Luar Area Pantauan (>1000m dari Desa)
Sungai Melayu Rayak,Makmur Abadi,"Minggu, 20 September 2026 01:11:00",NASA-SNPP,Medium,110.27071,-1.70016,False,False,True,True,False,True,Di Luar Area Pantauan (>1000m dari Desa)
Muara Pawan,Tanjung Pura,"Minggu, 20 September 2026 01:11:00",NASA-SNPP,Medium,110.13647,-1.6786,False,False,True,True,False,True,Di Luar Area Pantauan (>1000m dari Desa)
Matan Hilir Selatan,Sungai Besar,"Minggu, 20 September 2026 01:11:00",NASA-SNPP,Medium,110.24291,-1.85603,False,False,True,True,False,True,Di Luar Area Pantauan (>1000m dari Desa)
Matan Hilir Selatan,Sungai Pelang,"Minggu, 20 September 2026 01:11:00",NASA-SNPP,Medium,110.20675,-1.85027,False,False,True,True,False,True,Di Luar Area Pantauan (>1000m dari Desa)
Matan Hilir Selatan,Sungai Besar,"Minggu, 20 September 2026 01:11:00",NASA-SNPP,Medium,110.23931,-1.85545,False,False,True,True,False,True,Di Luar Area Pantauan (>1000m dari Desa)
Jelai Hulu,Semantun,"Minggu, 20 September 2026 01:11:00",NASA-SNPP,Medium,111.08793,-1.99032,False,False,False,False,False,False,Di Luar Area Pantauan (>1000m dari Desa)
Jelai Hulu,Semantun,"Minggu, 20 September 2026 01:11:00",NASA-SNPP,Medium,111.0874,-1.99365,False,False,False,False,False,False,Di Luar Area Pantauan (>1000m dari Desa)
Matan Hilir Selatan,Sungai Besar,"Minggu, 20 September 2026 01:11:00",NASA-SNPP,Medium,110.23824,-1.86224,False,False,True,True,False,True,Di Luar Area Pantauan (>1000m dari Desa)
Matan Hilir Selatan,Sungai Besar,"Minggu, 20 September 2026 01:11:00",NASA-SNPP,Medium,110.27126,-1.86401,False,False,True,True,False,True,Di Luar Area Pantauan (>1000m dari Desa)
Matan Hilir Selatan,Sungai Besar,"Minggu, 20 September 2026 01:11:00",NASA-SNPP,Medium,110.23878,-1.85885,False,False,True,True,False,True,Di Luar Area Pantauan (>1000m dari Desa)
Jelai Hulu,Semantun,"Minggu, 20 September 2026 01:11:00",NASA-SNPP,Medium,111.09088,-1.9942,False,False,False,False,False,False,Di Luar Area Pantauan (>1000m dari Desa)
Benua Kayong,Negeri Baru,"Minggu, 20 September 2026 01:11:00",NASA-SNPP,Medium,110.11849,-1.84322,False,False,False,False,False,False,Di Luar Area Pantauan (>1000m dari Desa)
Matan Hilir Selatan,Sungai Besar,"Minggu, 20 September 2026 01:11:00",NASA-SNPP,Medium,110.20407,-1.86726,False,False,False,True,False,True,Di Luar Area Pantauan (>1000m dari Desa)
Matan Hilir Selatan,Sungai Besar,"Minggu, 20 September 2026 01:11:00",NASA-SNPP,Medium,110.20045,-1.86669,False,False,False,True,False,True,Di Luar Area Pantauan (>1000m dari Desa)
Matan Hilir Selatan,Pematang Gadung,"Minggu, 20 September 2026 01:11:00",NASA-SNPP,Medium,110.26898,-1.90189,False,False,True,True,False,True,Di Luar Area Pantauan (>1000m dari Desa)
Matan Hilir Selatan,Sungai Besar,"Minggu, 20 September 2026 01:11:00",NASA-SNPP,Medium,110.18946,-1.88934,False,False,True,True,False,True,Di Luar Area Pantauan (>1000m dari Desa)
Matan Hilir Selatan,Sungai Besar,"Minggu, 20 September 2026 01:11:00",NASA-SNPP,Medium,110.18966,-1.88988,False,False,True,True,False,True,Di Luar Area Pantauan (>1000m dari Desa)
Matan Hilir Selatan,Sungai Besar,"Minggu, 20 September 2026 01:11:00",NASA-SNPP,Medium,110.18912,-1.89327,False,False,True,True,False,True,Di Luar Area Pantauan (>1000m dari Desa)
Matan Hilir Selatan,Sungai Besar,"Minggu, 20 September 2026 01:11:00",NASA-SNPP,Medium,110.1855,-1.89269,False,False,True,True,False,True,Di Luar Area Pantauan (>1000m dari Desa)
Matan Hilir Selatan,Sungai Pelang,"Minggu, 20 September 2026 01:11:00",NASA-SNPP,Medium,110.11693,-1.9026,False,False,False,True,False,True,Di Luar Area Pantauan (>1000m dari Desa)
Muara Pawan,Tanjung Pura,"Minggu, 20 September 2026 01:11:00",NASA-SNPP,Medium,110.22569,-1.70339,False,False,False,True,False,True,Di Luar Area Pantauan (>1000m dari Desa)
Muara Pawan,Tanjung Pura,"Minggu, 20 September 2026 01:11:00",NASA-SNPP,Medium,110.16506,-1.68669,False,False,True,True,False,True,Di Luar Area Pantauan (>1000m dari Desa)
Matan Hilir Selatan,Pematang Gadung,"Minggu, 20 September 2026 01:11:00",NASA-SNPP,Medium,110.33408,-1.95823,False,False,False,True,False,True,Di Luar Area Pantauan (>1000m dari Desa)
Matan Hilir Selatan,Sungai Besar,"Minggu, 20 September 2026 01:11:00",NASA-SNPP,Medium,110.23463,-1.86167,False,False,True,True,False,True,Di Luar Area Pantauan (>1000m dari Desa)
Matan Hilir Selatan,Sungai Besar,"Minggu, 20 September 2026 01:11:00",NASA-SNPP,Medium,110.22003,-1.88372,False,False,True,True,False,True,Di Luar Area Pantauan (>1000m dari Desa)
Matan Hilir Selatan,Sungai Pelang,"Minggu, 20 September 2026 01:11:00",NASA-SNPP,Medium,110.20728,-1.84688,False,False,True,True,False,True,Di Luar Area Pantauan (>1000m dari Desa)
Matan Hilir Selatan,Sungai Besar,"Minggu, 20 September 2026 01:11:00",NASA-SNPP,Medium,110.25121,-1.85039,False,False,True,True,False,True,Di Luar Area Pantauan (>1000m dari Desa)
Matan Hilir Selatan,Sungai Besar,"Minggu, 20 September 2026 01:11:00",NASA-SNPP,Medium,110.23048,-1.86449,False,False,True,True,False,True,Di Luar Area Pantauan (>1000m dari Desa)
Matan Hilir Selatan,Sungai Besar,"Minggu, 20 September 2026 01:11:00",NASA-SNPP,Medium,110.22633,-1.86731,False,False,True,True,False,True,Di Luar Area Pantauan (>1000m dari Desa)
Matan Hilir Selatan,Sungai Besar,"Minggu, 20 September 2026 01:11:00",NASA-SNPP,Medium,110.25055,-1.87811,False,False,True,True,False,True,Di Luar Area Pantauan (>1000m dari Desa)
Matan Hilir Selatan,Sungai Besar,"Minggu, 20 September 2026 01:11:00",NASA-SNPP,Medium,110.22271,-1.86674,False,False,True,True,False,True,Di Luar Area Pantauan (>1000m dari Desa)
Matan Hilir Selatan,Sungai Besar,"Minggu, 20 September 2026 01:11:00",NASA-SNPP,Medium,110.21909,-1.86616,False,False,True,True,False,True,Di Luar Area Pantauan (>1000m dari Desa)
Matan Hilir Selatan,Sungai Besar,"Minggu, 20 September 2026 01:11:00",NASA-SNPP,Medium,110.21548,-1.86559,False,False,True,True,False,True,Di Luar Area Pantauan (>1000m dari Desa)
Matan Hilir Selatan,Sungai Besar,"Minggu, 20 September 2026 01:11:00",NASA-SNPP,Medium,110.16375,-1.88919,False,False,True,True,False,True,Di Luar Area Pantauan (>1000m dari Desa)
Matan Hilir Selatan,Sungai Besar,"Minggu, 20 September 2026 01:11:00",NASA-SNPP,Medium,110.24947,-1.8849,False,False,True,True,False,True,Di Luar Area Pantauan (>1000m dari Desa)
Tumbang Titi,Jungkal,"Minggu, 20 September 2026 01:11:00",NASA-SNPP,Medium,110.42888,-1.93875,False,False,False,False,False,False,Di Luar Area Pantauan (>1000m dari Desa)
Matan Hilir Selatan,Sungai Besar,"Minggu, 20 September 2026 01:11:00",NASA-SNPP,Medium,110.18134,-1.89551,False,False,True,True,False,True,Di Luar Area Pantauan (>1000m dari Desa)
Jelai Hulu,Semantun,"Minggu, 20 September 2026 01:11:00",NASA-SNPP,Medium,111.08027,-2.01644,False,False,True,False,False,True,Di Luar Area Pantauan (>1000m dari Desa)
Tumbang Titi,Jungkal,"Minggu, 20 September 2026 01:11:00",NASA-SNPP,Medium,110.42532,-1.93817,False,False,False,False,False,False,Di Luar Area Pantauan (>1000m dari Desa)
Matan Hilir Selatan,Sungai Pelang,"Minggu, 20 September 2026 01:11:00",NASA-SNPP,Medium,110.11531,-1.91282,False,False,False,True,False,True,Di Luar Area Pantauan (>1000m dari Desa)
Matan Hilir Selatan,Pematang Gadung,"Minggu, 20 September 2026 01:11:00",NASA-SNPP,Medium,110.24213,-1.93311,False,False,True,True,False,True,Di Luar Area Pantauan (>1000m dari Desa)
Matan Hilir Selatan,Kemuning Biutak,"Minggu, 20 September 2026 01:11:00",NASA-SNPP,Medium,110.36077,-1.95209,False,False,False,True,False,True,Di Luar Area Pantauan (>1000m dari Desa)
Jelai Hulu,Semantun,"Minggu, 20 September 2026 01:11:00",NASA-SNPP,Medium,111.0308,-2.059,False,False,False,False,False,False,Di Luar Area Pantauan (>1000m dari Desa)
Matan Hilir Selatan,Kemuning Biutak,"Minggu, 20 September 2026 01:11:00",NASA-SNPP,Medium,110.3382,-1.95541,False,False,False,False,False,False,Di Luar Area Pantauan (>1000m dari Desa)
Matan Hilir Selatan,Pematang Gadung,"Minggu, 20 September 2026 01:11:00",NASA-SNPP,Medium,110.20909,-1.93131,False,False,True,True,False,True,Di Luar Area Pantauan (>1000m dari Desa)
Matan Hilir Selatan,Kemuning Biutak,"Minggu, 20 September 2026 01:11:00",NASA-SNPP,Medium,110.33767,-1.9588,False,False,True,True,False,True,Di Luar Area Pantauan (>1000m dari Desa)
Muara Pawan,Tanjung Pura,"Minggu, 20 September 2026 01:11:00",NASA-SNPP,Medium,110.1796,-1.68902,False,False,True,True,False,True,Di Luar Area Pantauan (>1000m dari Desa)
Matan Hilir Selatan,Pematang Gadung,"Minggu, 20 September 2026 01:11:00",NASA-SNPP,Medium,110.21364,-1.94944,False,False,True,True,False,True,Di Luar Area Pantauan (>1000m dari Desa)
Matan Hilir Selatan,Pematang Gadung,"Minggu, 20 September 2026 01:11:00",NASA-SNPP,Medium,110.2131,-1.95284,False,False,True,True,False,True,Di Luar Area Pantauan (>1000m dari Desa)
Matan Hilir Selatan,Pematang Gadung,"Minggu, 20 September 2026 01:11:00",NASA-SNPP,Medium,110.28003,-1.97392,False,False,True,True,False,True,Di Luar Area Pantauan (>1000m dari Desa)
Muara Pawan,Tanjung Pura,"Minggu, 20 September 2026 01:11:00",NASA-SNPP,Medium,110.21789,-1.70562,False,False,False,False,False,False,Di Luar Area Pantauan (>1000m dari Desa)
Muara Pawan,Tanjung Pura,"Minggu, 20 September 2026 01:11:00",NASA-SNPP,Medium,110.21227,-1.69426,False,False,True,True,False,True,Di Luar Area Pantauan (>1000m dari Desa)
Jelai Hulu,Limpang,"Minggu, 20 September 2026 01:11:00",NASA-SNPP,Medium,110.84413,-1.83319,False,False,False,False,False,False,Di Luar Area Pantauan (>1000m dari Desa)
Jelai Hulu,Pangkalan Paket,"Minggu, 20 September 2026 01:11:00",NASA-SNPP,Medium,110.67212,-2.01214,False,False,True,False,True,True,Di Luar Area Pantauan (>1000m dari Desa)
Marau,Belaban,"Minggu, 20 September 2026 01:11:00",NASA-SNPP,Medium,110.62051,-2.08793,False,False,False,False,False,False,Di Luar Area Pantauan (>1000m dari Desa)
Marau,Belaban,"Minggu, 20 September 2026 01:11:00",NASA-SNPP,Medium,110.63551,-2.10754,False,False,False,False,False,False,Di Luar Area Pantauan (>1000m dari Desa)
Matan Hilir Selatan,Pesaguan Kanan,"Minggu, 20 September 2026 01:11:00",NASA-SNPP,Medium,110.31608,-2.09815,False,False,False,True,False,True,Di Luar Area Pantauan (>1000m dari Desa)
Matan Hilir Selatan,Pesaguan Kanan,"Minggu, 20 September 2026 01:11:00",NASA-SNPP,Medium,110.33576,-2.01745,False,False,False,True,False,True,Di Luar Area Pantauan (>1000m dari Desa)
Marau,Belaban,"Minggu, 20 September 2026 01:11:00",NASA-SNPP,Medium,110.63604,-2.10418,False,False,False,False,False,False,Di Luar Area Pantauan (>1000m dari Desa)
Matan Hilir Selatan,Pematang Gadung,"Minggu, 20 September 2026 01:11:00",NASA-SNPP,Medium,110.14393,-1.99414,False,False,False,False,False,False,Di Luar Area Pantauan (>1000m dari Desa)
Kendawangan,Sungai Jelayan,"Minggu, 20 September 2026 01:11:00",NASA-SNPP,Medium,110.41549,-2.07241,False,False,False,False,False,False,Di Luar Area Pantauan (>1000m dari Desa)
Matan Hilir Selatan,Pesaguan Kanan,"Minggu, 20 September 2026 01:11:00",NASA-SNPP,Medium,110.23618,-2.04376,False,False,True,True,False,True,Di Luar Area Pantauan (>1000m dari Desa)
Matan Hilir Selatan,Pesaguan Kanan,"Minggu, 20 September 2026 01:11:00",NASA-SNPP,Medium,110.21602,-2.05445,False,False,True,True,False,True,Di Luar Area Pantauan (>1000m dari Desa)
Matan Hilir Selatan,Pesaguan Kanan,"Minggu, 20 September 2026 01:11:00",NASA-SNPP,Medium,110.2124,-2.05387,False,False,False,True,False,True,Di Luar Area Pantauan (>1000m dari Desa)
Matan Hilir Selatan,Pesaguan Kanan,"Minggu, 20 September 2026 01:11:00",NASA-SNPP,Medium,110.19582,-2.06514,False,False,True,True,False,True,Di Luar Area Pantauan (>1000m dari Desa)
Tumbang Titi,Petebang Jaya,"Minggu, 20 September 2026 01:11:00",NASA-SNPP,Medium,110.72221,-1.85164,False,False,False,False,False,False,Di Luar Area Pantauan (>1000m dari Desa)
Matan Hilir Selatan,Sungai Nanjung,"Minggu, 20 September 2026 01:11:00",NASA-SNPP,Medium,110.1863,-2.10191,False,False,False,True,False,True,Di Luar Area Pantauan (>1000m dari Desa)
Tumbang Titi,Petebang Jaya,"Minggu, 20 September 2026 01:11:00",NASA-SNPP,Medium,110.72972,-1.82875,False,False,True,False,False,True,Di Luar Area Pantauan (>1000m dari Desa)
Tumbang Titi,Petebang Jaya,"Minggu, 20 September 2026 01:11:00",NASA-SNPP,Medium,110.74039,-1.83044,False,False,True,False,False,True,Di Luar Area Pantauan (>1000m dari Desa)
Kendawangan,Pangkalan Batu,"Minggu, 20 September 2026 01:11:00",NASA-SNPP,Medium,110.35376,-2.13638,False,False,False,False,False,False,Di Luar Area Pantauan (>1000m dari Desa)
Sungai Melayu Rayak,Makmur Abadi,"Minggu, 20 September 2026 01:11:00",NASA-SNPP,Medium,110.24393,-1.77595,False,False,False,True,False,True,Di Luar Area Pantauan (>1000m dari Desa)
Matan Hilir Selatan,Sungai Nanjung,"Minggu, 20 September 2026 01:11:00",NASA-SNPP,Medium,110.27171,-2.14402,False,False,False,False,False,False,Di Luar Area Pantauan (>1000m dari Desa)
Matan Hilir Selatan,Sungai Nanjung,"Minggu, 20 September 2026 01:11:00",NASA-SNPP,Medium,110.17804,-2.129,False,False,True,True,False,True,Di Luar Area Pantauan (>1000m dari Desa)
Matan Hilir Selatan,Sungai Nanjung,"Minggu, 20 September 2026 01:11:00",NASA-SNPP,Medium,110.17443,-2.12842,False,False,True,True,False,True,Di Luar Area Pantauan (>1000m dari Desa)
Kendawangan,Pangkalan Batu,"Minggu, 20 September 2026 01:11:00",NASA-SNPP,Medium,110.37915,-2.16123,False,False,False,False,False,False,Di Luar Area Pantauan (>1000m dari Desa)
Matan Hilir Selatan,Sungai Nanjung,"Minggu, 20 September 2026 01:11:00",NASA-SNPP,Medium,110.24855,-2.15072,False,False,False,True,False,True,Di Luar Area Pantauan (>1000m dari Desa)
Matan Hilir Selatan,Sungai Nanjung,"Minggu, 20 September 2026 01:11:00",NASA-SNPP,Medium,110.21093,-2.15513,False,False,True,True,False,True,Di Luar Area Pantauan (>1000m dari Desa)
Matan Hilir Selatan,Sungai Nanjung,"Minggu, 20 September 2026 01:11:00",NASA-SNPP,Medium,110.22896,-2.15801,False,False,True,True,False,True,Di Luar Area Pantauan (>1000m dari Desa)
Matan Hilir Selatan,Sungai Nanjung,"Minggu, 20 September 2026 01:11:00",NASA-SNPP,Medium,110.23509,-2.16594,False,False,True,True,False,True,Di Luar Area Pantauan (>1000m dari Desa)
Matan Hilir Selatan,Sungai Nanjung,"Minggu, 20 September 2026 01:11:00",NASA-SNPP,Medium,110.23149,-2.16537,False,False,True,True,False,True,Di Luar Area Pantauan (>1000m dari Desa)
Matan Hilir Selatan,Sungai Nanjung,"Minggu, 20 September 2026 01:11:00",NASA-SNPP,Medium,110.27106,-2.17168,False,False,True,True,True,True,Di Luar Area Pantauan (>1000m dari Desa)
Manis Mata,Suak Burung,"Minggu, 20 September 2026 01:11:00",NASA-SNPP,Medium,111.05206,-2.30632,False,False,False,False,False,False,Di Luar Area Pantauan (>1000m dari Desa)
Matan Hilir Selatan,Sungai Nanjung,"Minggu, 20 September 2026 01:11:00",NASA-SNPP,Medium,110.14051,-2.17872,False,False,False,False,False,False,Di Luar Area Pantauan (>1000m dari Desa)
Matan Hilir Selatan,Sungai Nanjung,"Minggu, 20 September 2026 01:11:00",NASA-SNPP,Medium,110.13689,-2.17814,False,False,False,False,False,False,Di Luar Area Pantauan (>1000m dari Desa)
Matan Hilir Selatan,Pagar Mentimun,"Minggu, 20 September 2026 01:11:00",NASA-SNPP,Medium,110.26158,-2.20835,False,False,True,True,True,True,Di Luar Area Pantauan (>1000m dari Desa)
Kendawangan,Pangkalan Batu,"Minggu, 20 September 2026 01:11:00",NASA-SNPP,Medium,110.38171,-2.23777,False,False,False,False,False,False,Di Luar Area Pantauan (>1000m dari Desa)
Kendawangan,Pangkalan Batu,"Minggu, 20 September 2026 01:11:00",NASA-SNPP,Medium,110.38885,-2.23889,False,False,False,False,False,False,Di Luar Area Pantauan (>1000m dari Desa)
Kendawangan,Pangkalan Batu,"Minggu, 20 September 2026 01:11:00",NASA-SNPP,Medium,110.38119,-2.24114,False,False,False,False,False,False,Di Luar Area Pantauan (>1000m dari Desa)
Matan Hilir Selatan,Pagar Mentimun,"Minggu, 20 September 2026 01:11:00",NASA-SNPP,Medium,110.16879,-2.21104,False,False,False,False,False,False,Di Luar Area Pantauan (>1000m dari Desa)
Matan Hilir Selatan,Pagar Mentimun,"Minggu, 20 September 2026 01:11:00",NASA-SNPP,Medium,110.16518,-2.21047,False,False,False,False,False,False,Di Luar Area Pantauan (>1000m dari Desa)
Matan Hilir Selatan,Sungai Nanjung,"Minggu, 20 September 2026 01:11:00",NASA-SNPP,Medium,110.19821,-2.11832,False,False,False,True,False,True,Di Luar Area Pantauan (>1000m dari Desa)
Matan Hilir Selatan,Sungai Nanjung,"Minggu, 20 September 2026 01:11:00",NASA-SNPP,Medium,110.23267,-2.13428,False,False,False,False,False,False,Di Luar Area Pantauan (>1000m dari Desa)
Matan Hilir Selatan,Sungai Nanjung,"Minggu, 20 September 2026 01:11:00",NASA-SNPP,Medium,110.18219,-2.12618,False,False,True,True,False,True,Di Luar Area Pantauan (>1000m dari Desa)
Matan Hilir Selatan,Sungai Nanjung,"Minggu, 20 September 2026 01:11:00",NASA-SNPP,Medium,110.23723,-2.15239,False,False,True,True,False,True,Di Luar Area Pantauan (>1000m dari Desa)
Matan Hilir Selatan,Sungai Nanjung,"Minggu, 20 September 2026 01:11:00",NASA-SNPP,Medium,110.21869,-2.1529,False,False,True,True,False,True,Di Luar Area Pantauan (>1000m dari Desa)
Matan Hilir Selatan,Sungai Nanjung,"Minggu, 20 September 2026 01:11:00",NASA-SNPP,Medium,110.17857,-2.1256,False,False,True,True,False,True,Di Luar Area Pantauan (>1000m dari Desa)
Matan Hilir Selatan,Sungai Nanjung,"Minggu, 20 September 2026 01:11:00",NASA-SNPP,Medium,110.23363,-2.15181,False,False,True,True,False,True,Di Luar Area Pantauan (>1000m dari Desa)
Matan Hilir Selatan,Sungai Nanjung,"Minggu, 20 September 2026 01:11:00",NASA-SNPP,Medium,110.25827,-2.15922,False,False,False,True,True,True,Di Luar Area Pantauan (>1000m dari Desa)
Matan Hilir Selatan,Sungai Nanjung,"Minggu, 20 September 2026 01:11:00",NASA-SNPP,Medium,110.21147,-2.15174,False,False,True,True,False,True,Di Luar Area Pantauan (>1000m dari Desa)
Matan Hilir Selatan,Sungai Nanjung,"Minggu, 20 September 2026 01:11:00",NASA-SNPP,Medium,110.24188,-2.14618,False,False,True,True,False,True,Di Luar Area Pantauan (>1000m dari Desa)
Matan Hilir Selatan,Sungai Nanjung,"Minggu, 20 September 2026 01:11:00",NASA-SNPP,Medium,110.25214,-2.1513,False,False,False,False,False,False,Di Luar Area Pantauan (>1000m dari Desa)
Matan Hilir Selatan,Sungai Nanjung,"Minggu, 20 September 2026 01:11:00",NASA-SNPP,Medium,110.2331,-2.1552,False,False,True,True,False,True,Di Luar Area Pantauan (>1000m dari Desa)
Matan Hilir Selatan,Sungai Nanjung,"Minggu, 20 September 2026 01:11:00",NASA-SNPP,Medium,110.24083,-2.15296,False,False,True,True,False,True,Di Luar Area Pantauan (>1000m dari Desa)
Matan Hilir Selatan,Sungai Nanjung,"Minggu, 20 September 2026 01:11:00",NASA-SNPP,Medium,110.24496,-2.15015,False,False,True,True,False,True,Di Luar Area Pantauan (>1000m dari Desa)
Matan Hilir Selatan,Sungai Nanjung,"Minggu, 20 September 2026 01:11:00",NASA-SNPP,Medium,110.26239,-2.15641,False,False,False,True,True,True,Di Luar Area Pantauan (>1000m dari Desa)
Matan Hilir Selatan,Sungai Nanjung,"Minggu, 20 September 2026 01:11:00",NASA-SNPP,Medium,110.22949,-2.15462,False,False,True,True,False,True,Di Luar Area Pantauan (>1000m dari Desa)
Matan Hilir Selatan,Sungai Nanjung,"Minggu, 20 September 2026 01:11:00",NASA-SNPP,Medium,110.24749,-2.1575,False,False,True,True,False,True,Di Luar Area Pantauan (>1000m dari Desa)
Matan Hilir Selatan,Sungai Nanjung,"Minggu, 20 September 2026 01:11:00",NASA-SNPP,Medium,110.1283,-2.13845,False,False,False,True,False,True,Di Luar Area Pantauan (>1000m dari Desa)
Matan Hilir Selatan,Sungai Nanjung,"Minggu, 20 September 2026 01:11:00",NASA-SNPP,Medium,110.23203,-2.16198,False,False,True,True,False,True,Di Luar Area Pantauan (>1000m dari Desa)
Matan Hilir Selatan,Sungai Nanjung,"Minggu, 20 September 2026 01:11:00",NASA-SNPP,Medium,110.23977,-2.15974,False,False,True,True,False,True,Di Luar Area Pantauan (>1000m dari Desa)
Matan Hilir Selatan,Sungai Nanjung,"Minggu, 20 September 2026 01:11:00",NASA-SNPP,Medium,110.22842,-2.1614,False,False,True,True,False,True,Di Luar Area Pantauan (>1000m dari Desa)
Matan Hilir Selatan,Sungai Nanjung,"Minggu, 20 September 2026 01:11:00",NASA-SNPP,Medium,110.22176,-2.15686,False,False,True,True,False,True,Di Luar Area Pantauan (>1000m dari Desa)
Matan Hilir Selatan,Sungai Nanjung,"Minggu, 20 September 2026 01:11:00",NASA-SNPP,Medium,110.26853,-2.16433,False,False,True,True,True,True,Di Luar Area Pantauan (>1000m dari Desa)
Matan Hilir Selatan,Sungai Nanjung,"Minggu, 20 September 2026 01:11:00",NASA-SNPP,Medium,110.26134,-2.16319,False,False,True,True,True,True,Di Luar Area Pantauan (>1000m dari Desa)
Matan Hilir Selatan,Sungai Nanjung,"Minggu, 20 September 2026 01:11:00",NASA-SNPP,Medium,110.22375,-2.16761,False,False,True,True,False,True,Di Luar Area Pantauan (>1000m dari Desa)
Kendawangan,Pangkalan Batu,"Minggu, 20 September 2026 01:11:00",NASA-SNPP,Medium,110.40648,-2.19673,False,False,False,False,False,False,Di Luar Area Pantauan (>1000m dari Desa)
Kendawangan,Pangkalan Batu,"Minggu, 20 September 2026 01:11:00",NASA-SNPP,Medium,110.40291,-2.19616,False,False,False,False,False,False,Di Luar Area Pantauan (>1000m dari Desa)
Manis Mata,Silat,"Minggu, 20 September 2026 01:11:00",NASA-SNPP,Medium,110.91788,-2.27473,False,False,False,False,False,False,Di Luar Area Pantauan (>1000m dari Desa)
Matan Hilir Selatan,Sungai Nanjung,"Minggu, 20 September 2026 01:11:00",NASA-SNPP,Medium,110.27771,-2.17621,False,False,True,True,True,True,Di Luar Area Pantauan (>1000m dari Desa)
Matan Hilir Selatan,Sungai Nanjung,"Minggu, 20 September 2026 01:11:00",NASA-SNPP,Medium,110.14105,-2.17532,False,False,False,False,False,False,Di Luar Area Pantauan (>1000m dari Desa)
Matan Hilir Selatan,Pagar Mentimun,"Minggu, 20 September 2026 01:11:00",NASA-SNPP,Medium,110.17346,-2.20482,False,False,False,False,False,False,Di Luar Area Pantauan (>1000m dari Desa)
Matan Hilir Selatan,Sungai Nanjung,"Minggu, 20 September 2026 01:11:00",NASA-SNPP,Medium,110.12643,-2.19738,False,False,False,False,False,False,Di Luar Area Pantauan (>1000m dari Desa)
Matan Hilir Selatan,Sungai Nanjung,"Minggu, 20 September 2026 01:11:00",NASA-SNPP,Medium,110.12078,-2.18604,False,False,False,False,False,False,Di Luar Area Pantauan (>1000m dari Desa)
Matan Hilir Selatan,Pagar Mentimun,"Minggu, 20 September 2026 01:11:00",NASA-SNPP,Medium,110.16624,-2.20368,False,False,False,False,False,False,Di Luar Area Pantauan (>1000m dari Desa)
Matan Hilir Selatan,Sungai Nanjung,"Minggu, 20 September 2026 01:11:00",NASA-SNPP,Medium,110.12495,-2.18321,False,False,False,False,False,False,Di Luar Area Pantauan (>1000m dari Desa)
Matan Hilir Selatan,Sungai Nanjung,"Minggu, 20 September 2026 01:11:00",NASA-SNPP,Medium,110.12804,-2.18719,False,False,False,False,False,False,Di Luar Area Pantauan (>1000m dari Desa)
Matan Hilir Selatan,Sungai Nanjung,"Minggu, 20 September 2026 01:11:00",NASA-SNPP,Medium,110.12441,-2.18661,False,False,False,False,False,False,Di Luar Area Pantauan (>1000m dari Desa)
Matan Hilir Selatan,Sungai Nanjung,"Minggu, 20 September 2026 01:11:00",NASA-SNPP,Medium,110.17092,-2.19746,False,False,False,False,False,False,Di Luar Area Pantauan (>1000m dari Desa)
Matan Hilir Selatan,Sungai Nanjung,"Minggu, 20 September 2026 01:11:00",NASA-SNPP,Medium,110.12334,-2.19341,False,False,False,False,False,False,Di Luar Area Pantauan (>1000m dari Desa)
Matan Hilir Selatan,Pagar Mentimun,"Minggu, 20 September 2026 01:11:00",NASA-SNPP,Medium,110.18123,-2.20257,False,False,False,False,False,False,Di Luar Area Pantauan (>1000m dari Desa)
Matan Hilir Selatan,Pagar Mentimun,"Minggu, 20 September 2026 01:11:00",NASA-SNPP,Medium,110.17762,-2.202,False,False,False,False,False,False,Di Luar Area Pantauan (>1000m dari Desa)
Matan Hilir Selatan,Pagar Mentimun,"Minggu, 20 September 2026 01:11:00",NASA-SNPP,Medium,110.16455,-2.21744,False,False,True,False,False,True,Di Luar Area Pantauan (>1000m dari Desa)
Jelai Hulu,Karang Dangin,"Minggu, 20 September 2026 01:11:00",NASA-SNPP,Medium,110.8941,-1.90468,False,False,True,False,False,True,Di Luar Area Pantauan (>1000m dari Desa)
Sungai Melayu Rayak,Makmur Abadi,"Minggu, 20 September 2026 01:11:00",NASA-SNPP,Medium,110.2434,-1.77935,False,False,False,True,False,True,Di Luar Area Pantauan (>1000m dari Desa)
Sungai Melayu Rayak,Sungai Melayu,"Minggu, 20 September 2026 01:11:00",NASA-SNPP,Medium,110.29823,-1.83355,False,False,False,False,False,False,Di Luar Area Pantauan (>1000m dari Desa)
Jelai Hulu,Pangkalan Suka,"Minggu, 20 September 2026 01:11:00",NASA-SNPP,Medium,110.97064,-1.92034,False,False,True,False,False,True,Di Luar Area Pantauan (>1000m dari Desa)
Jelai Hulu,Limpang,"Minggu, 20 September 2026 01:11:00",NASA-SNPP,Medium,110.87679,-1.90193,False,False,True,False,False,True,Di Luar Area Pantauan (>1000m dari Desa)
Kendawangan,Pangkalan Batu,"Minggu, 20 September 2026 01:11:00",NASA-SNPP,Medium,110.37968,-2.15785,False,False,False,False,False,False,Di Luar Area Pantauan (>1000m dari Desa)
Matan Hilir Selatan,Pagar Mentimun,"Minggu, 20 September 2026 01:11:00",NASA-SNPP,Medium,110.15302,-2.24343,False,False,False,False,False,False,Di Luar Area Pantauan (>1000m dari Desa)
Kendawangan,Mekar Utama,"Minggu, 20 September 2026 01:11:00",NASA-SNPP,Medium,110.2447,-2.24769,False,False,False,False,False,False,Di Luar Area Pantauan (>1000m dari Desa)
Matan Hilir Selatan,Sungai Nanjung,"Minggu, 20 September 2026 01:11:00",NASA-SNPP,Medium,110.17815,-2.19861,False,False,False,False,False,False,Di Luar Area Pantauan (>1000m dari Desa)
Matan Hilir Selatan,Pagar Mentimun,"Minggu, 20 September 2026 01:11:00",NASA-SNPP,Medium,110.16678,-2.20029,False,False,False,False,False,False,Di Luar Area Pantauan (>1000m dari Desa)
Simpang Dua,Kampar Sebomban,"Minggu, 20 September 2026 03:32:00",NASA-MODIS,Medium,110.19984,-0.91873,False,False,False,False,False,False,Di Luar Area Pantauan (>1000m dari Desa)
Ella Hilir,Nanga Nyuruh,"Sabtu, 19 September 2026 15:11:00",NASA-MODIS,Medium,112.08544,-0.51719,False,False,False,False,False,False,Di Luar Area Pantauan (>1000m dari Desa)
Muara Pawan,Mayak,"Sabtu, 19 September 2026 15:11:00",NASA-MODIS,Medium,110.16592,-1.74282,False,False,False,True,False,True,Di Luar Area Pantauan (>1000m dari Desa)
Matan Hilir Selatan,Sungai Nanjung,"Minggu, 20 September 2026 03:32:00",NASA-MODIS,Medium,110.1288,-2.19069,False,False,False,False,False,False,Di Luar Area Pantauan (>1000m dari Desa)
Kendawangan,Pembedilan,"Sabtu, 19 September 2026 15:11:00",NASA-MODIS,Medium,110.365,-2.82173,False,False,False,False,True,True,Di Luar Area Pantauan (>1000m dari Desa)
Kendawangan,Pangkalan Batu,"Sabtu, 19 September 2026 15:11:00",NASA-MODIS,Medium,110.36343,-2.16636,False,False,False,False,False,False,Di Luar Area Pantauan (>1000m dari Desa)
Semitau,Kenerak,"Sabtu, 19 September 2026 15:11:00",NASA-MODIS,Medium,111.9921,0.50311,False,False,False,False,False,False,Di Luar Area Pantauan (>1000m dari Desa)
Sandai,Sandai Kiri,"Sabtu, 19 September 2026 20:53:00",NASA-MODIS,Medium,110.50713,-1.27261,False,False,False,False,False,False,Di Luar Area Pantauan (>1000m dari Desa)
Kendawangan,Pangkalan Batu,"Sabtu, 19 September 2026 15:11:00",NASA-MODIS,Medium,110.3895,-2.23512,False,False,False,False,False,False,Di Luar Area Pantauan (>1000m dari Desa)
Matan Hilir Utara,Tanjung Baik Budi,"Sabtu, 19 September 2026 20:53:00",NASA-MODIS,Medium,110.15746,-1.53678,False,False,True,True,False,True,Di Luar Area Pantauan (>1000m dari Desa)
Kendawangan,Pangkalan Batu,"Sabtu, 19 September 2026 15:11:00",NASA-MODIS,Medium,110.3736,-2.16487,False,False,False,False,False,False,Di Luar Area Pantauan (>1000m dari Desa)
Muara Pawan,Ulak Medang,"Minggu, 20 September 2026 03:32:00",NASA-MODIS,Medium,110.29964,-1.61941,False,False,True,True,False,True,Di Luar Area Pantauan (>1000m dari Desa)
Tumbang Titi,Serengkah Kanan,"Sabtu, 19 September 2026 15:11:00",NASA-MODIS,Medium,110.72358,-1.77938,False,False,False,False,False,False,Di Luar Area Pantauan (>1000m dari Desa)
Tumbang Titi,Tanjung Beulang,"Sabtu, 19 September 2026 15:11:00",NASA-MODIS,Medium,110.69509,-1.75746,False,False,False,False,False,False,Di Luar Area Pantauan (>1000m dari Desa)
Ketungau Tengah,Panggi Agung,"Sabtu, 19 September 2026 15:11:00",NASA-MODIS,Medium,111.33421,0.57318,False,False,False,False,False,False,Di Luar Area Pantauan (>1000m dari Desa)
Tempunak,Mensiap Baru,"Sabtu, 19 September 2026 15:11:00",NASA-MODIS,Medium,111.35292,0.15954,False,False,False,False,False,False,Di Luar Area Pantauan (>1000m dari Desa)
Sepauk,Nanga Pari,"Sabtu, 19 September 2026 15:11:00",NASA-MODIS,Medium,111.14984,-0.45185,True,True,False,False,True,True,Prioritas 1 (Tinggi)
Ella Hilir,Kerangan Kora,"Sabtu, 19 September 2026 15:11:00",NASA-MODIS,Medium,112.04065,-0.65257,False,False,False,False,True,True,Di Luar Area Pantauan (>1000m dari Desa)
Kendawangan,Mekar Utama,"Minggu, 20 September 2026 03:32:00",NASA-MODIS,Medium,110.22892,-2.286,False,False,False,False,False,False,Di Luar Area Pantauan (>1000m dari Desa)
Matan Hilir Utara,Lamon Satong,"Minggu, 20 September 2026 03:32:00",NASA-MODIS,Medium,110.2087,-1.40105,False,False,False,True,False,True,Di Luar Area Pantauan (>1000m dari Desa)
Matan Hilir Selatan,Sungai Besar,"Sabtu, 19 September 2026 20:53:00",NASA-MODIS,Medium,110.20255,-1.86619,False,False,False,True,False,True,Di Luar Area Pantauan (>1000m dari Desa)
Sandai,Pendamaran Indah,"Sabtu, 19 September 2026 15:11:00",NASA-MODIS,Medium,110.62305,-1.09272,False,False,False,False,False,False,Di Luar Area Pantauan (>1000m dari Desa)
Belimbing Hulu,Nanga Raya,"Sabtu, 19 September 2026 15:11:00",NASA-MODIS,Medium,111.44555,-0.56617,False,False,False,False,False,False,Di Luar Area Pantauan (>1000m dari Desa)
Ella Hilir,Nanga Nyuruh,"Sabtu, 19 September 2026 15:11:00",NASA-MODIS,Medium,112.04454,-0.54109,False,False,False,False,True,True,Di Luar Area Pantauan (>1000m dari Desa)
Kendawangan,Seriam,"Sabtu, 19 September 2026 15:11:00",NASA-MODIS,Medium,110.37599,-2.75233,False,False,False,False,True,True,Di Luar Area Pantauan (>1000m dari Desa)
Matan Hilir Selatan,Sungai Besar,"Sabtu, 19 September 2026 20:53:00",NASA-MODIS,Medium,110.19698,-1.8655,False,False,True,True,False,True,Di Luar Area Pantauan (>1000m dari Desa)
Sungai Laur,Sepotong,"Sabtu, 19 September 2026 15:11:00",NASA-MODIS,Medium,110.49954,-0.84366,False,False,False,False,False,False,Di Luar Area Pantauan (>1000m dari Desa)
Sepauk,Sungai Segak,"Sabtu, 19 September 2026 15:11:00",NASA-MODIS,Medium,111.15885,-0.45053,True,True,False,False,True,True,Prioritas 1 (Tinggi)
Kendawangan,Mekar Utama,"Sabtu, 19 September 2026 20:53:00",NASA-MODIS,Medium,110.23456,-2.28719,False,False,False,False,False,False,Di Luar Area Pantauan (>1000m dari Desa)
Tanah Pinoh Barat,Durian Jaya,"Sabtu, 19 September 2026 15:11:00",NASA-MODIS,Medium,111.41976,-0.8839,False,True,False,False,False,False,Prioritas 3 (Rendah)
Sandai,Sandai,"Sabtu, 19 September 2026 15:11:00",NASA-MODIS,Medium,110.54333,-1.2444,False,False,False,False,False,False,Di Luar Area Pantauan (>1000m dari Desa)
Sandai,Sandai,"Sabtu, 19 September 2026 15:11:00",NASA-MODIS,Medium,110.5336,-1.24585,False,False,False,False,False,False,Di Luar Area Pantauan (>1000m dari Desa)
Kendawangan,Air Hitam Besar,"Sabtu, 19 September 2026 15:11:00",NASA-MODIS,Medium,110.72913,-2.66673,False,False,False,False,False,False,Di Luar Area Pantauan (>1000m dari Desa)
Ketungau Tengah,Kayu Dujung,"Sabtu, 19 September 2026 15:11:00",NASA-MODIS,Medium,111.63486,0.76659,False,False,False,False,False,False,Di Luar Area Pantauan (>1000m dari Desa)
Pulau Maya,Dusun Besar,"Sabtu, 19 September 2026 20:53:00",NASA-MODIS,Medium,109.48643,-1.12712,False,False,False,True,False,True,Di Luar Area Pantauan (>1000m dari Desa)
Marau,Belaban,"Sabtu, 19 September 2026 15:11:00",NASA-MODIS,Medium,110.63096,-2.10808,False,False,False,False,False,False,Di Luar Area Pantauan (>1000m dari Desa)
Kendawangan,Seriam,"Sabtu, 19 September 2026 15:11:00",NASA-MODIS,Medium,110.44617,-2.49476,False,False,False,False,False,False,Di Luar Area Pantauan (>1000m dari Desa)
Sandai,Randau Jungkal,"Sabtu, 19 September 2026 15:11:00",NASA-MODIS,Medium,110.72508,-1.20799,False,False,True,False,False,True,Di Luar Area Pantauan (>1000m dari Desa)
Manis Mata,Seguling,"Sabtu, 19 September 2026 15:11:00",NASA-MODIS,Medium,111.08862,-2.6233,False,False,False,False,False,False,Di Luar Area Pantauan (>1000m dari Desa)
Ketungau Hilir,Bukit Sidin Permai,"Sabtu, 19 September 2026 15:11:00",NASA-MODIS,Medium,111.52073,0.59171,False,False,False,False,False,False,Di Luar Area Pantauan (>1000m dari Desa)
Kendawangan,Banjar Sari,"Sabtu, 19 September 2026 15:11:00",NASA-MODIS,Medium,110.44212,-2.44092,False,False,False,False,True,True,Di Luar Area Pantauan (>1000m dari Desa)
Kendawangan,Natai Kuini,"Minggu, 20 September 2026 03:32:00",NASA-MODIS,Medium,110.78624,-2.81033,False,False,False,True,False,True,Di Luar Area Pantauan (>1000m dari Desa)
Ella Hilir,Nanga Kempangai,"Sabtu, 19 September 2026 15:11:00",NASA-MODIS,Medium,112.07776,-0.6024,False,False,False,False,False,False,Di Luar Area Pantauan (>1000m dari Desa)
Matan Hilir Selatan,Pesaguan Kanan,"Sabtu, 19 September 2026 15:11:00",NASA-MODIS,Medium,110.30572,-2.10127,False,False,True,True,False,True,Di Luar Area Pantauan (>1000m dari Desa)
Matan Hilir Selatan,Pesaguan Kanan,"Sabtu, 19 September 2026 15:11:00",NASA-MODIS,Medium,110.31593,-2.09975,False,False,False,True,False,True,Di Luar Area Pantauan (>1000m dari Desa)
Kendawangan,Danau Buntar,"Sabtu, 19 September 2026 15:11:00",NASA-MODIS,Medium,110.87653,-2.74644,False,False,False,False,False,False,Di Luar Area Pantauan (>1000m dari Desa)
Tanah Pinoh Barat,Ganjang,"Sabtu, 19 September 2026 15:11:00",NASA-MODIS,Medium,111.41076,-0.88522,True,False,False,False,False,False,Prioritas 2 (Sedang)
Sukadana,Sedahan Jaya,"Minggu, 20 September 2026 03:32:00",NASA-MODIS,Medium,110.05495,-1.18356,False,False,True,True,True,True,Di Luar Area Pantauan (>1000m dari Desa)
Matan Hilir Selatan,Pagar Mentimun,"Sabtu, 19 September 2026 20:53:00",NASA-MODIS,Medium,110.16859,-2.20773,False,False,False,False,False,False,Di Luar Area Pantauan (>1000m dari Desa)
Belitang Hilir,Kumpang Bis,"Sabtu, 19 September 2026 15:11:00",NASA-MODIS,Medium,111.09299,0.28816,False,False,False,False,False,False,Di Luar Area Pantauan (>1000m dari Desa)
Kendawangan,Pembedilan,"Sabtu, 19 September 2026 15:11:00",NASA-MODIS,Medium,110.3689,-2.87519,False,False,False,False,True,True,Di Luar Area Pantauan (>1000m dari Desa)
Kendawangan,Natai Kuini,"Sabtu, 19 September 2026 15:11:00",NASA-MODIS,Medium,110.8448,-2.82511,False,False,False,False,True,True,Di Luar Area Pantauan (>1000m dari Desa)
Kendawangan,Airhitam Hulu,"Sabtu, 19 September 2026 15:11:00",NASA-MODIS,Medium,110.61839,-2.67343,False,False,False,False,False,False,Di Luar Area Pantauan (>1000m dari Desa)
Sungai Melayu Rayak,Makmur Abadi,"Sabtu, 19 September 2026 15:11:00",NASA-MODIS,Medium,110.26549,-1.70885,False,False,True,True,False,True,Di Luar Area Pantauan (>1000m dari Desa)
Simpang Hilir,Matan Jaya,"Minggu, 20 September 2026 03:32:00",NASA-MODIS,Medium,110.14784,-1.11544,False,False,True,False,True,True,Di Luar Area Pantauan (>1000m dari Desa)
Kendawangan,Air Hitam Besar,"Sabtu, 19 September 2026 15:11:00",NASA-MODIS,Medium,110.82063,-2.77357,False,False,False,True,True,True,Di Luar Area Pantauan (>1000m dari Desa)
Ketungau Hilir,Mungguk Kelapa,"Sabtu, 19 September 2026 15:11:00",NASA-MODIS,Medium,111.59494,0.49284,False,False,False,False,False,False,Di Luar Area Pantauan (>1000m dari Desa)
Kendawangan,Seriam,"Sabtu, 19 September 2026 15:11:00",NASA-MODIS,Medium,110.31739,-2.67857,False,False,False,False,True,True,Di Luar Area Pantauan (>1000m dari Desa)
Belitang Hulu,Bukitrambat,"Sabtu, 19 September 2026 15:11:00",NASA-MODIS,Medium,111.21478,0.58268,False,False,False,False,False,False,Di Luar Area Pantauan (>1000m dari Desa)
Kendawangan,Seriam,"Sabtu, 19 September 2026 15:11:00",NASA-MODIS,Medium,110.30769,-2.75769,False,False,False,False,True,True,Di Luar Area Pantauan (>1000m dari Desa)
Belimbing,Balai Lagas,"Sabtu, 19 September 2026 15:11:00",NASA-MODIS,Medium,111.33866,-0.56242,False,False,False,False,False,False,Di Luar Area Pantauan (>1000m dari Desa)
Pulau Maya,Dusun Besar,"Sabtu, 19 September 2026 15:11:00",NASA-MODIS,Medium,109.44273,-1.24567,False,False,False,False,False,False,Di Luar Area Pantauan (>1000m dari Desa)
Belitang Hulu,Kumpang Ilong,"Sabtu, 19 September 2026 15:11:00",NASA-MODIS,Medium,111.1681,0.36385,False,False,False,False,False,False,Di Luar Area Pantauan (>1000m dari Desa)
Matan Hilir Selatan,Kemuning Biutak,"Sabtu, 19 September 2026 15:11:00",NASA-MODIS,Medium,110.41193,-1.94582,False,False,False,False,False,False,Di Luar Area Pantauan (>1000m dari Desa)
Simpang Hilir,Matan Jaya,"Minggu, 20 September 2026 03:32:00",NASA-MODIS,Medium,110.09448,-1.10746,False,False,True,True,True,True,Di Luar Area Pantauan (>1000m dari Desa)
Manis Mata,Suka Ramai,"Sabtu, 19 September 2026 15:11:00",NASA-MODIS,Medium,110.9891,-2.79466,False,False,False,False,False,False,Di Luar Area Pantauan (>1000m dari Desa)
Kendawangan,Air Hitam Besar,"Sabtu, 19 September 2026 15:11:00",NASA-MODIS,Medium,110.71666,-2.75098,False,False,False,False,False,False,Di Luar Area Pantauan (>1000m dari Desa)
Belitang Hilir,Tapang Pulau,"Sabtu, 19 September 2026 15:11:00",NASA-MODIS,Medium,111.1099,0.23616,False,False,False,False,False,False,Di Luar Area Pantauan (>1000m dari Desa)
Nanga Tayap,Sungai Kelik,"Minggu, 20 September 2026 03:32:00",NASA-MODIS,Medium,110.42701,-1.57705,False,False,False,False,False,False,Di Luar Area Pantauan (>1000m dari Desa)
Ketungau Hilir,Mungguk Kelapa,"Sabtu, 19 September 2026 15:11:00",NASA-MODIS,Medium,111.6037,0.49413,False,False,False,True,False,True,Di Luar Area Pantauan (>1000m dari Desa)
Belimbing Hulu,Kayu Bunga,"Sabtu, 19 September 2026 15:11:00",NASA-MODIS,Medium,111.49934,-0.53865,False,False,False,False,False,False,Di Luar Area Pantauan (>1000m dari Desa)
Kendawangan,Danau Buntar,"Sabtu, 19 September 2026 15:11:00",NASA-MODIS,Medium,110.87518,-2.73723,False,False,True,True,False,True,Di Luar Area Pantauan (>1000m dari Desa)
Kendawangan,Banjar Sari,"Sabtu, 19 September 2026 15:11:00",NASA-MODIS,Medium,110.45226,-2.43942,False,False,False,False,True,True,Di Luar Area Pantauan (>1000m dari Desa)
Kendawangan,Air Hitam Besar,"Sabtu, 19 September 2026 15:11:00",NASA-MODIS,Medium,110.72657,-2.74953,False,False,False,False,False,False,Di Luar Area Pantauan (>1000m dari Desa)
Singkup,Pantai Ketikal,"Sabtu, 19 September 2026 15:11:00",NASA-MODIS,Medium,110.73472,-2.54469,False,False,False,False,False,False,Di Luar Area Pantauan (>1000m dari Desa)
Ella Hilir,Bemban Permai,"Sabtu, 19 September 2026 15:11:00",NASA-MODIS,Medium,112.01163,-0.57635,False,False,False,False,False,False,Di Luar Area Pantauan (>1000m dari Desa)
Matan Hilir Utara,Kuala Tolak,"Minggu, 20 September 2026 03:32:00",NASA-MODIS,Medium,110.12064,-1.5105,False,False,False,True,False,True,Di Luar Area Pantauan (>1000m dari Desa)
Nanga Tayap,Sungai Kelik,"Sabtu, 19 September 2026 20:53:00",NASA-MODIS,Medium,110.42351,-1.57444,False,False,False,False,False,False,Di Luar Area Pantauan (>1000m dari Desa)
Simpang Hilir,Lubuk Batu,"Minggu, 20 September 2026 03:32:00",NASA-MODIS,Medium,110.1181,-0.95572,False,False,False,False,False,False,Di Luar Area Pantauan (>1000m dari Desa)
Matan Hilir Selatan,Sungai Nanjung,"Sabtu, 19 September 2026 20:53:00",NASA-MODIS,Medium,110.23381,-2.1361,False,False,False,False,False,False,Di Luar Area Pantauan (>1000m dari Desa)
Sayan,Madya Raya,"Sabtu, 19 September 2026 15:11:00",NASA-MODIS,Medium,111.65408,-0.8675,False,False,False,False,False,False,Di Luar Area Pantauan (>1000m dari Desa)
Kendawangan,Pembedilan,"Sabtu, 19 September 2026 15:11:00",NASA-MODIS,Medium,110.39598,-2.81717,False,False,False,False,True,True,Di Luar Area Pantauan (>1000m dari Desa)
Nanga Tayap,Betenung,"Sabtu, 19 September 2026 20:53:00",NASA-MODIS,Medium,110.84573,-1.55624,False,False,True,False,False,True,Di Luar Area Pantauan (>1000m dari Desa)
Belimbing,Nanga Pau,"Sabtu, 19 September 2026 15:11:00",NASA-MODIS,Medium,111.42752,-0.46533,False,False,False,False,False,False,Di Luar Area Pantauan (>1000m dari Desa)
Matan Hilir Selatan,Sungai Nanjung,"Sabtu, 19 September 2026 15:11:00",NASA-MODIS,Medium,110.22738,-2.16698,False,False,True,True,False,True,Di Luar Area Pantauan (>1000m dari Desa)
Simpang Hilir,Batu Barat,"Minggu, 20 September 2026 03:32:00",NASA-MODIS,Medium,110.0933,-0.90291,False,False,True,True,False,True,Di Luar Area Pantauan (>1000m dari Desa)
Belimbing Hulu,Nanga Raya,"Sabtu, 19 September 2026 15:11:00",NASA-MODIS,Medium,111.5004,-0.48433,False,False,False,False,False,False,Di Luar Area Pantauan (>1000m dari Desa)
Pulau Maya,Dusun Besar,"Minggu, 20 September 2026 03:32:00",NASA-MODIS,Medium,109.50843,-1.13053,False,False,True,True,True,True,Di Luar Area Pantauan (>1000m dari Desa)
Tumbang Titi,Tanjung Beulang,"Sabtu, 19 September 2026 15:11:00",NASA-MODIS,Medium,110.68973,-1.72065,False,False,False,False,False,False,Di Luar Area Pantauan (>1000m dari Desa)
Belimbing,Upit,"Sabtu, 19 September 2026 15:11:00",NASA-MODIS,Medium,111.46195,-0.36832,False,False,False,False,False,False,Di Luar Area Pantauan (>1000m dari Desa)
Matan Hilir Selatan,Sungai Nanjung,"Sabtu, 19 September 2026 15:11:00",NASA-MODIS,Medium,110.24805,-2.16397,False,False,True,True,True,True,Di Luar Area Pantauan (>1000m dari Desa)
Kendawangan,Danau Buntar,"Sabtu, 19 September 2026 15:11:00",NASA-MODIS,Medium,110.95883,-2.78968,False,False,True,False,False,True,Di Luar Area Pantauan (>1000m dari Desa)
Ella Hilir,Kahiya,"Sabtu, 19 September 2026 15:11:00",NASA-MODIS,Medium,111.98063,-0.60773,False,False,False,False,True,True,Di Luar Area Pantauan (>1000m dari Desa)
Ella Hilir,Bemban Permai,"Sabtu, 19 September 2026 15:11:00",NASA-MODIS,Medium,112.02033,-0.57507,False,False,False,False,False,False,Di Luar Area Pantauan (>1000m dari Desa)
Kendawangan,Bangkal Serai,"Sabtu, 19 September 2026 15:11:00",NASA-MODIS,Medium,110.62442,-2.55118,False,False,False,False,False,False,Di Luar Area Pantauan (>1000m dari Desa)
Ketungau Tengah,Panggi Agung,"Sabtu, 19 September 2026 15:11:00",NASA-MODIS,Medium,111.33161,0.59082,False,False,False,False,False,False,Di Luar Area Pantauan (>1000m dari Desa)
Kendawangan,Seriam,"Sabtu, 19 September 2026 15:11:00",NASA-MODIS,High,110.31635,-2.64418,False,False,False,False,True,True,Di Luar Area Pantauan (>1000m dari Desa)
Ella Hilir,Nanga Nyuruh,"Sabtu, 19 September 2026 15:11:00",NASA-MODIS,High,112.05321,-0.53982,False,False,False,False,True,True,Di Luar Area Pantauan (>1000m dari Desa)
Sandai,Randau,"Sabtu, 19 September 2026 15:11:00",NASA-MODIS,High,110.63892,-0.97049,False,False,False,False,False,False,Di Luar Area Pantauan (>1000m dari Desa)
Ketungau Tengah,Kayu Dujung,"Sabtu, 19 September 2026 15:11:00",NASA-MODIS,High,111.63844,0.80292,False,False,False,False,False,False,Di Luar Area Pantauan (>1000m dari Desa)
Simpang Dua,Kampar Sebomban,"Minggu, 20 September 2026 03:32:00",NASA-MODIS,High,110.21056,-0.92032,False,False,True,False,False,True,Di Luar Area Pantauan (>1000m dari Desa)
Ella Hilir,Nanga Nyuruh,"Sabtu, 19 September 2026 15:11:00",NASA-MODIS,High,112.0894,-0.54341,False,False,False,False,True,True,Di Luar Area Pantauan (>1000m dari Desa)
Belimbing,Nanga Pau,"Sabtu, 19 September 2026 15:11:00",NASA-MODIS,High,111.41866,-0.46664,False,False,False,False,False,False,Di Luar Area Pantauan (>1000m dari Desa)
Kendawangan,Mekar Utama,"Minggu, 20 September 2026 03:32:00",NASA-MODIS,High,110.22222,-2.28598,False,False,False,False,False,False,Di Luar Area Pantauan (>1000m dari Desa)
Kendawangan,Air Hitam Besar,"Sabtu, 19 September 2026 15:11:00",NASA-MODIS,High,110.69405,-2.73527,False,False,False,False,False,False,Di Luar Area Pantauan (>1000m dari Desa)
Ketungau Tengah,Panggi Agung,"Sabtu, 19 September 2026 15:11:00",NASA-MODIS,High,111.34306,0.57449,False,False,False,False,False,False,Di Luar Area Pantauan (>1000m dari Desa)
Matan Hilir Selatan,Sungai Nanjung,"Sabtu, 19 September 2026 20:53:00",NASA-MODIS,High,110.22702,-2.13516,False,False,True,True,False,True,Di Luar Area Pantauan (>1000m dari Desa)
Simpang Dua,Kampar Sebomban,"Sabtu, 19 September 2026 20:53:00",NASA-MODIS,High,110.17196,-0.81843,False,False,True,False,False,True,Di Luar Area Pantauan (>1000m dari Desa)
Matan Hilir Selatan,Sungai Nanjung,"Sabtu, 19 September 2026 15:11:00",NASA-MODIS,High,110.24664,-2.15449,False,False,True,True,False,True,Di Luar Area Pantauan (>1000m dari Desa)
Belitang Hulu,Kumpang Ilong,"Sabtu, 19 September 2026 15:11:00",NASA-MODIS,High,111.15914,0.36253,False,False,False,False,False,False,Di Luar Area Pantauan (>1000m dari Desa)
Nanga Tayap,Cegolak,"Sabtu, 19 September 2026 15:11:00",NASA-MODIS,High,110.68631,-1.60949,False,False,True,False,False,True,Di Luar Area Pantauan (>1000m dari Desa)
Simpang Hilir,Matan Jaya,"Minggu, 20 September 2026 03:32:00",NASA-MODIS,High,110.09589,-1.09783,False,False,True,False,True,True,Di Luar Area Pantauan (>1000m dari Desa)
Kendawangan,Natai Kuini,"Sabtu, 19 September 2026 15:11:00",NASA-MODIS,High,110.78181,-2.8059,False,False,False,True,False,True,Di Luar Area Pantauan (>1000m dari Desa)
Kendawangan,Danau Buntar,"Minggu, 20 September 2026 03:32:00",NASA-MODIS,High,110.97106,-2.78426,False,False,False,False,False,False,Di Luar Area Pantauan (>1000m dari Desa)
Ella Hilir,Nanga Nyuruh,"Minggu, 20 September 2026 03:29:00",NASA-MODIS,High,112.04578,-0.54546,False,False,False,False,True,True,Di Luar Area Pantauan (>1000m dari Desa)
Nanga Tayap,Betenung,"Minggu, 20 September 2026 03:32:00",NASA-MODIS,High,110.83443,-1.55583,False,False,True,False,False,True,Di Luar Area Pantauan (>1000m dari Desa)
Jelai Hulu,Pangkalan Paket,"Sabtu, 19 September 2026 15:11:00",NASA-MODIS,High,110.67162,-2.01871,False,False,False,False,True,True,Di Luar Area Pantauan (>1000m dari Desa)
Simpang Hilir,Matan Jaya,"Minggu, 20 September 2026 03:32:00",NASA-MODIS,High,110.11716,-1.101,False,False,True,True,True,True,Di Luar Area Pantauan (>1000m dari Desa)
Kendawangan,Bangkal Serai,"Sabtu, 19 September 2026 15:11:00",NASA-MODIS,High,110.50832,-2.49531,False,False,False,False,True,True,Di Luar Area Pantauan (>1000m dari Desa)
Matan Hilir Selatan,Pagar Mentimun,"Sabtu, 19 September 2026 20:53:00",NASA-MODIS,High,110.20804,-2.29101,False,False,True,False,False,True,Di Luar Area Pantauan (>1000m dari Desa)
Matan Hilir Utara,Tanjung Baik Budi,"Minggu, 20 September 2026 03:32:00",NASA-MODIS,High,110.16518,-1.53953,False,False,False,False,False,False,Di Luar Area Pantauan (>1000m dari Desa)
Matan Hilir Selatan,Sungai Nanjung,"Minggu, 20 September 2026 03:32:00",NASA-MODIS,High,110.18904,-2.12677,False,False,False,True,False,True,Di Luar Area Pantauan (>1000m dari Desa)
Pulau Maya,Dusun Besar,"Sabtu, 19 September 2026 20:53:00",NASA-MODIS,High,109.49376,-1.13205,False,False,False,True,False,True,Di Luar Area Pantauan (>1000m dari Desa)
Simpang Hilir,Matan Jaya,"Minggu, 20 September 2026 03:32:00",NASA-MODIS,High,110.13854,-1.10419,False,False,True,True,True,True,Di Luar Area Pantauan (>1000m dari Desa)
Ella Hilir,Nanga Nyuruh,"Minggu, 20 September 2026 03:29:00",NASA-MODIS,High,112.03519,-0.52144,False,False,False,False,True,True,Di Luar Area Pantauan (>1000m dari Desa)
Kendawangan,Air Hitam Besar,"Sabtu, 19 September 2026 15:11:00",NASA-MODIS,High,110.71528,-2.74169,False,False,False,False,False,False,Di Luar Area Pantauan (>1000m dari Desa)
Kendawangan,Pembedilan,"Sabtu, 19 September 2026 15:11:00",NASA-MODIS,High,110.35325,-2.81376,False,False,False,False,True,True,Di Luar Area Pantauan (>1000m dari Desa)
Kendawangan,Danau Buntar,"Sabtu, 19 September 2026 15:11:00",NASA-MODIS,High,110.88495,-2.73579,False,False,False,False,False,False,Di Luar Area Pantauan (>1000m dari Desa)
Ella Hilir,Nanga Nyuruh,"Sabtu, 19 September 2026 15:11:00",NASA-MODIS,High,112.1229,-0.52954,False,False,False,False,False,False,Di Luar Area Pantauan (>1000m dari Desa)
Sayan,Nanga Mancur,"Sabtu, 19 September 2026 15:11:00",NASA-MODIS,High,111.67049,-0.85608,False,False,False,False,False,False,Di Luar Area Pantauan (>1000m dari Desa)
Belitang Hilir,Tapang Pulau,"Sabtu, 19 September 2026 15:11:00",NASA-MODIS,High,111.10088,0.23482,False,False,False,False,False,False,Di Luar Area Pantauan (>1000m dari Desa)
Matan Hilir Selatan,Sungai Nanjung,"Sabtu, 19 September 2026 15:11:00",NASA-MODIS,High,110.23772,-2.16547,False,False,True,True,False,True,Di Luar Area Pantauan (>1000m dari Desa)
Sungai Melayu Rayak,Makmur Abadi,"Sabtu, 19 September 2026 15:11:00",NASA-MODIS,High,110.26409,-1.69944,False,False,True,True,False,True,Di Luar Area Pantauan (>1000m dari Desa)
Matan Hilir Utara,Tanjung Baik Budi,"Minggu, 20 September 2026 03:32:00",NASA-MODIS,High,110.18289,-1.53982,False,False,True,True,False,True,Di Luar Area Pantauan (>1000m dari Desa)
Matan Hilir Selatan,Sungai Nanjung,"Minggu, 20 September 2026 03:32:00",NASA-MODIS,High,110.25327,-2.15643,False,False,True,True,True,True,Di Luar Area Pantauan (>1000m dari Desa)
Muara Pawan,Ulak Medang,"Minggu, 20 September 2026 01:28:00",NASA-NOAA20,High,110.27353,-1.53195,False,False,True,True,False,True,Di Luar Area Pantauan (>1000m dari Desa)
Nanga Tayap,Betenung,"Sabtu, 19 September 2026 20:53:00",NASA-MODIS,High,110.84104,-1.56069,False,False,True,False,False,True,Di Luar Area Pantauan (>1000m dari Desa)
Muara Pawan,Ulak Medang,"Minggu, 20 September 2026 01:09:00",NASA-SNPP,High,110.27941,-1.52672,False,False,True,True,False,True,Di Luar Area Pantauan (>1000m dari Desa)
Pulau Maya,Dusun Besar,"Sabtu, 19 September 2026 14:07:00",NASA-SNPP,High,109.50338,-1.13552,False,False,False,True,True,True,Di Luar Area Pantauan (>1000m dari Desa)
Matan Hilir Selatan,Pagar Mentimun,"Sabtu, 19 September 2026 14:07:00",NASA-SNPP,High,110.17036,-2.20338,False,False,False,False,False,False,Di Luar Area Pantauan (>1000m dari Desa)
Muara Pawan,Ulak Medang,"Minggu, 20 September 2026 01:09:00",NASA-SNPP,High,110.25768,-1.52326,False,False,True,True,False,True,Di Luar Area Pantauan (>1000m dari Desa)
Manis Mata,Suka Ramai,"Sabtu, 19 September 2026 14:07:00",NASA-SNPP,High,110.99123,-2.78234,False,False,False,False,False,False,Di Luar Area Pantauan (>1000m dari Desa)
Pulau Maya,Dusun Besar,"Sabtu, 19 September 2026 14:07:00",NASA-SNPP,High,109.49992,-1.12901,False,False,False,True,False,True,Di Luar Area Pantauan (>1000m dari Desa)
Matan Hilir Utara,Tanjung Baik Budi,"Minggu, 20 September 2026 01:09:00",NASA-SNPP,High,110.18484,-1.53612,False,False,True,True,False,True,Di Luar Area Pantauan (>1000m dari Desa)
Matan Hilir Utara,Tanjung Baik Budi,"Minggu, 20 September 2026 01:09:00",NASA-SNPP,High,110.17809,-1.53155,False,False,True,True,False,True,Di Luar Area Pantauan (>1000m dari Desa)
Pulau Maya,Dusun Besar,"Sabtu, 19 September 2026 14:07:00",NASA-SNPP,High,109.49454,-1.12991,False,False,False,True,False,True,Di Luar Area Pantauan (>1000m dari Desa)
Manis Mata,Suka Ramai,"Sabtu, 19 September 2026 14:07:00",NASA-SNPP,High,110.9923,-2.7893,False,False,False,False,False,False,Di Luar Area Pantauan (>1000m dari Desa)
Matan Hilir Selatan,Sungai Nanjung,"Minggu, 20 September 2026 01:11:00",NASA-SNPP,High,110.24389,-2.15693,False,False,True,True,False,True,Di Luar Area Pantauan (>1000m dari Desa)
Muara Pawan,Ulak Medang,"Minggu, 20 September 2026 01:28:00",NASA-NOAA20,High,110.27065,-1.5274,False,False,True,True,False,True,Di Luar Area Pantauan (>1000m dari Desa)
Kendawangan,Bangkal Serai,"Sabtu, 19 September 2026 14:07:00",NASA-SNPP,High,110.51722,-2.51118,False,False,False,False,True,True,Di Luar Area Pantauan (>1000m dari Desa)
Pulau Maya,Dusun Besar,"Sabtu, 19 September 2026 14:07:00",NASA-SNPP,High,109.50727,-1.14115,False,False,False,True,True,True,Di Luar Area Pantauan (>1000m dari Desa)
Pulau Maya,Dusun Besar,"Sabtu, 19 September 2026 14:07:00",NASA-SNPP,High,109.43407,-1.23983,False,False,False,False,False,False,Di Luar Area Pantauan (>1000m dari Desa)
Manis Mata,Suka Ramai,"Sabtu, 19 September 2026 14:07:00",NASA-SNPP,High,110.98998,-2.79066,False,False,False,False,False,False,Di Luar Area Pantauan (>1000m dari Desa)
Pulau Maya,Dusun Besar,"Sabtu, 19 September 2026 14:07:00",NASA-SNPP,High,109.50632,-1.13462,False,False,False,True,True,True,Di Luar Area Pantauan (>1000m dari Desa)
Muara Pawan,Ulak Medang,"Minggu, 20 September 2026 01:09:00",NASA-SNPP,High,110.25404,-1.52268,False,False,True,True,False,True,Di Luar Area Pantauan (>1000m dari Desa)
Kendawangan,Seriam,"Sabtu, 19 September 2026 14:07:00",NASA-SNPP,High,110.32771,-2.64227,False,False,False,False,True,True,Di Luar Area Pantauan (>1000m dari Desa)
Muara Pawan,Ulak Medang,"Sabtu, 19 September 2026 20:53:00",NASA-MODIS,High,110.2663,-1.52102,False,False,True,True,False,True,Di Luar Area Pantauan (>1000m dari Desa)
Pulau Maya,Dusun Besar,"Sabtu, 19 September 2026 14:07:00",NASA-SNPP,High,109.49694,-1.12988,False,False,False,True,False,True,Di Luar Area Pantauan (>1000m dari Desa)
Matan Hilir Selatan,Pagar Mentimun,"Sabtu, 19 September 2026 20:53:00",NASA-MODIS,High,110.16267,-2.20602,False,False,False,False,False,False,Di Luar Area Pantauan (>1000m dari Desa)
Pulau Maya,Dusun Besar,"Sabtu, 19 September 2026 14:07:00",NASA-SNPP,High,109.50237,-1.12901,False,False,False,True,False,True,Di Luar Area Pantauan (>1000m dari Desa)
Pulau Maya,Dusun Besar,"Sabtu, 19 September 2026 14:07:00",NASA-SNPP,High,109.50093,-1.13553,False,False,False,True,False,True,Di Luar Area Pantauan (>1000m dari Desa)
Manis Mata,Suka Ramai,"Sabtu, 19 September 2026 15:11:00",NASA-MODIS,High,110.9864,-2.77631,False,False,False,False,False,False,Di Luar Area Pantauan (>1000m dari Desa)
Ketungau Hulu,Nanga Bugau,"Sabtu, 19 September 2026 15:11:00",NASA-MODIS,High,111.16489,0.71502,False,False,True,False,False,True,Di Luar Area Pantauan (>1000m dari Desa)
Kendawangan,Pembedilan,"Sabtu, 19 September 2026 15:11:00",NASA-MODIS,High,110.40768,-2.82512,False,False,False,False,True,True,Di Luar Area Pantauan (>1000m dari Desa)
Muara Pawan,Ulak Medang,"Minggu, 20 September 2026 03:32:00",NASA-MODIS,High,110.24181,-1.51883,False,False,True,True,False,True,Di Luar Area Pantauan (>1000m dari Desa)
Kendawangan,Pangkalan Batu,"Sabtu, 19 September 2026 15:11:00",NASA-MODIS,High,110.38073,-2.24602,False,False,False,False,False,False,Di Luar Area Pantauan (>1000m dari Desa)
Simpang Dua,Kampar Sebomban,"Minggu, 20 September 2026 03:32:00",NASA-MODIS,High,110.16522,-0.82071,False,False,True,False,False,True,Di Luar Area Pantauan (>1000m dari Desa)
Matan Hilir Utara,Tanjung Baik Budi,"Minggu, 20 September 2026 03:32:00",NASA-MODIS,High,110.17205,-1.53816,False,False,False,True,False,True,Di Luar Area Pantauan (>1000m dari Desa)
Simpang Hilir,Rantau Panjang,"Minggu, 20 September 2026 03:32:00",NASA-MODIS,High,110.06903,-1.13311,False,False,True,True,True,True,Di Luar Area Pantauan (>1000m dari Desa)
Kendawangan,Airhitam Hulu,"Sabtu, 19 September 2026 15:11:00",NASA-MODIS,High,110.62975,-2.6813,False,False,False,False,False,False,Di Luar Area Pantauan (>1000m dari Desa)
Kendawangan,Danau Buntar,"Sabtu, 19 September 2026 15:11:00",NASA-MODIS,High,110.88628,-2.74501,False,False,False,False,False,False,Di Luar Area Pantauan (>1000m dari Desa)
Muara Pawan,Ulak Medang,"Minggu, 20 September 2026 03:32:00",NASA-MODIS,High,110.27341,-1.5336,False,False,True,True,False,True,Di Luar Area Pantauan (>1000m dari Desa)
Ella Hilir,Nanga Nyuruh,"Sabtu, 19 September 2026 15:11:00",NASA-MODIS,High,112.09805,-0.54214,False,False,False,False,True,True,Di Luar Area Pantauan (>1000m dari Desa)
Kendawangan,Mekar Utama,"Minggu, 20 September 2026 03:32:00",NASA-MODIS,High,110.22078,-2.29586,False,False,False,False,False,False,Di Luar Area Pantauan (>1000m dari Desa)
Simpang Hilir,Matan Jaya,"Minggu, 20 September 2026 03:32:00",NASA-MODIS,High,110.10651,-1.09942,False,False,True,True,True,True,Di Luar Area Pantauan (>1000m dari Desa)
Matan Hilir Utara,Tanjung Baik Budi,"Minggu, 20 September 2026 03:32:00",NASA-MODIS,High,110.16117,-1.5365,False,False,True,True,False,True,Di Luar Area Pantauan (>1000m dari Desa)
Sandai,Randau,"Sabtu, 19 September 2026 15:11:00",NASA-MODIS,High,110.64852,-0.96909,False,False,True,False,False,True,Di Luar Area Pantauan (>1000m dari Desa)
Kendawangan,Seriam,"Sabtu, 19 September 2026 15:11:00",NASA-MODIS,High,110.28545,-2.75126,False,False,False,False,True,True,Di Luar Area Pantauan (>1000m dari Desa)
Matan Hilir Utara,Tanjung Baik Budi,"Sabtu, 19 September 2026 20:53:00",NASA-MODIS,High,110.15961,-1.55146,False,False,False,True,False,True,Di Luar Area Pantauan (>1000m dari Desa)
Matan Hilir Utara,Tanjung Baik Budi,"Sabtu, 19 September 2026 20:53:00",NASA-MODIS,High,110.18449,-1.53287,False,False,True,True,False,True,Di Luar Area Pantauan (>1000m dari Desa)
Simpang Hilir,Lubuk Batu,"Minggu, 20 September 2026 03:32:00",NASA-MODIS,High,110.12229,-0.92687,False,False,False,False,False,False,Di Luar Area Pantauan (>1000m dari Desa)
Muara Pawan,Ulak Medang,"Minggu, 20 September 2026 03:32:00",NASA-MODIS,High,110.22131,-1.50578,False,False,True,True,False,True,Di Luar Area Pantauan (>1000m dari Desa)
Ella Hilir,Nanga Nyuruh,"Sabtu, 19 September 2026 15:11:00",NASA-MODIS,High,112.04198,-0.52359,False,False,False,False,True,True,Di Luar Area Pantauan (>1000m dari Desa)
Simpang Hilir,Batu Barat,"Minggu, 20 September 2026 03:32:00",NASA-MODIS,High,110.13577,-0.90922,False,False,False,False,False,False,Di Luar Area Pantauan (>1000m dari Desa)
Matan Hilir Utara,Tanjung Baik Budi,"Minggu, 20 September 2026 03:32:00",NASA-MODIS,High,110.17347,-1.52843,False,False,False,True,False,True,Di Luar Area Pantauan (>1000m dari Desa)
Ella Hilir,Nanga Nyuruh,"Minggu, 20 September 2026 03:29:00",NASA-MODIS,High,112.0497,-0.52355,False,False,False,False,True,True,Di Luar Area Pantauan (>1000m dari Desa)
Ella Hilir,Nanga Nyuruh,"Sabtu, 19 September 2026 15:11:00",NASA-MODIS,High,112.10676,-0.54086,False,False,False,False,False,False,Di Luar Area Pantauan (>1000m dari Desa)
Muara Pawan,Ulak Medang,"Minggu, 20 September 2026 03:32:00",NASA-MODIS,High,110.28588,-1.52546,False,False,True,True,False,True,Di Luar Area Pantauan (>1000m dari Desa)
Simpang Hilir,Lubuk Batu,"Minggu, 20 September 2026 03:32:00",NASA-MODIS,High,110.11028,-0.93489,False,False,False,False,False,False,Di Luar Area Pantauan (>1000m dari Desa)
Matan Hilir Selatan,Sungai Nanjung,"Sabtu, 19 September 2026 15:11:00",NASA-MODIS,High,110.23633,-2.15599,False,False,True,True,False,True,Di Luar Area Pantauan (>1000m dari Desa)
Kendawangan,Mekar Utama,"Sabtu, 19 September 2026 20:53:00",NASA-MODIS,High,110.21481,-2.29244,False,False,True,False,False,True,Di Luar Area Pantauan (>1000m dari Desa)
Ella Hilir,Kahiya,"Sabtu, 19 September 2026 15:11:00",NASA-MODIS,High,111.97195,-0.60901,False,False,True,False,True,True,Di Luar Area Pantauan (>1000m dari Desa)
Kendawangan,Seriam,"Sabtu, 19 September 2026 15:11:00",NASA-MODIS,High,110.32673,-2.64265,False,False,False,False,True,True,Di Luar Area Pantauan (>1000m dari Desa)
Kendawangan,Airhitam Hulu,"Sabtu, 19 September 2026 15:11:00",NASA-MODIS,High,110.61974,-2.68277,False,False,False,False,False,False,Di Luar Area Pantauan (>1000m dari Desa)
Tumbang Titi,Tanjung Maloi,"Sabtu, 19 September 2026 15:11:00",NASA-MODIS,High,110.68479,-1.78498,False,False,False,False,False,False,Di Luar Area Pantauan (>1000m dari Desa)
Ella Hilir,Nanga Nyuruh,"Sabtu, 19 September 2026 15:11:00",NASA-MODIS,High,112.12421,-0.53828,False,False,False,False,False,False,Di Luar Area Pantauan (>1000m dari Desa)
Matan Hilir Selatan,Sungai Nanjung,"Minggu, 20 September 2026 03:32:00",NASA-MODIS,High,110.17318,-2.19718,False,False,False,False,False,False,Di Luar Area Pantauan (>1000m dari Desa)
Matan Hilir Utara,Tanjung Baik Budi,"Minggu, 20 September 2026 03:32:00",NASA-MODIS,High,110.16376,-1.54926,False,False,True,True,False,True,Di Luar Area Pantauan (>1000m dari Desa)
Nanga Tayap,Betenung,"Minggu, 20 September 2026 03:32:00",NASA-MODIS,High,110.84662,-1.55761,False,False,True,False,False,True,Di Luar Area Pantauan (>1000m dari Desa)
Manis Mata,Suka Ramai,"Sabtu, 19 September 2026 15:11:00",NASA-MODIS,High,110.98775,-2.78548,False,False,False,False,False,False,Di Luar Area Pantauan (>1000m dari Desa)
Matan Hilir Selatan,Sungai Nanjung,"Minggu, 20 September 2026 03:32:00",NASA-MODIS,High,110.24202,-2.15475,False,False,True,True,False,True,Di Luar Area Pantauan (>1000m dari Desa)
Pulau Maya,Dusun Besar,"Minggu, 20 September 2026 03:32:00",NASA-MODIS,High,109.49855,-1.12904,False,False,False,True,False,True,Di Luar Area Pantauan (>1000m dari Desa)
Matan Hilir Utara,Tanjung Baik Budi,"Minggu, 20 September 2026 03:32:00",NASA-MODIS,High,110.14339,-1.53634,False,False,True,True,False,True,Di Luar Area Pantauan (>1000m dari Desa)
Nanga Tayap,Lembah Hijau Dua,"Minggu, 20 September 2026 03:32:00",NASA-MODIS,High,110.43832,-1.57878,False,False,False,False,False,False,Di Luar Area Pantauan (>1000m dari Desa)
Matan Hilir Utara,Tanjung Baik Budi,"Minggu, 20 September 2026 03:32:00",NASA-MODIS,High,110.15426,-1.53793,False,False,True,True,False,True,Di Luar Area Pantauan (>1000m dari Desa)
Matan Hilir Utara,Tanjung Baik Budi,"Minggu, 20 September 2026 03:32:00",NASA-MODIS,High,110.17606,-1.54112,False,False,True,True,False,True,Di Luar Area Pantauan (>1000m dari Desa)
Muara Pawan,Ulak Medang,"Minggu, 20 September 2026 03:32:00",NASA-MODIS,High,110.27483,-1.5238,False,False,True,True,False,True,Di Luar Area Pantauan (>1000m dari Desa)
Muara Pawan,Ulak Medang,"Minggu, 20 September 2026 03:32:00",NASA-MODIS,High,110.26379,-1.52214,False,False,True,True,False,True,Di Luar Area Pantauan (>1000m dari Desa)
Matan Hilir Utara,Tanjung Baik Budi,"Minggu, 20 September 2026 03:32:00",NASA-MODIS,High,110.17463,-1.55086,False,False,True,True,False,True,Di Luar Area Pantauan (>1000m dari Desa)
Ketungau Hulu,Nanga Bugau,"Sabtu, 19 September 2026 15:11:00",NASA-MODIS,High,111.1738,0.71634,False,False,True,False,False,True,Di Luar Area Pantauan (>1000m dari Desa)
Simpang Hilir,Matan Jaya,"Minggu, 20 September 2026 03:32:00",NASA-MODIS,High,110.1051,-1.10905,False,False,True,True,True,True,Di Luar Area Pantauan (>1000m dari Desa)
Simpang Hilir,Lubuk Batu,"Minggu, 20 September 2026 03:32:00",NASA-MODIS,High,110.13433,-0.91884,False,False,False,False,False,False,Di Luar Area Pantauan (>1000m dari Desa)
Simpang Hilir,Lubuk Batu,"Minggu, 20 September 2026 03:32:00",NASA-MODIS,High,110.12371,-0.91725,False,False,False,False,False,False,Di Luar Area Pantauan (>1000m dari Desa)
Ella Hilir,Nanga Nyuruh,"Minggu, 20 September 2026 03:29:00",NASA-MODIS,High,112.04233,-0.52068,False,False,False,False,True,True,Di Luar Area Pantauan (>1000m dari Desa)
Nanga Tayap,Lembah Hijau Dua,"Minggu, 20 September 2026 03:32:00",NASA-MODIS,High,110.43167,-1.57849,False,False,False,False,False,False,Di Luar Area Pantauan (>1000m dari Desa)
Kendawangan,Pangkalan Batu,"Sabtu, 19 September 2026 15:11:00",NASA-MODIS,High,110.39088,-2.24453,False,False,False,False,False,False,Di Luar Area Pantauan (>1000m dari Desa)
Matan Hilir Selatan,Sungai Nanjung,"Sabtu, 19 September 2026 20:53:00",NASA-MODIS,High,110.23582,-2.15073,False,False,True,True,False,True,Di Luar Area Pantauan (>1000m dari Desa)
Matan Hilir Selatan,Sungai Nanjung,"Sabtu, 19 September 2026 20:53:00",NASA-MODIS,High,110.22907,-2.14979,False,False,True,True,False,True,Di Luar Area Pantauan (>1000m dari Desa)
Muara Pawan,Ulak Medang,"Minggu, 20 September 2026 03:32:00",NASA-MODIS,High,110.25279,-1.52049,False,False,True,True,False,True,Di Luar Area Pantauan (>1000m dari Desa)
Nanga Tayap,Lembah Hijau Dua,"Minggu, 20 September 2026 03:32:00",NASA-MODIS,High,110.44304,-1.58014,False,False,False,False,False,False,Di Luar Area Pantauan (>1000m dari Desa)
Pulau Maya,Dusun Besar,"Sabtu, 19 September 2026 15:11:00",NASA-MODIS,High,109.4315,-1.2473,False,False,False,False,False,False,Di Luar Area Pantauan (>1000m dari Desa)
Matan Hilir Utara,Tanjung Baik Budi,"Minggu, 20 September 2026 03:32:00",NASA-MODIS,High,110.15028,-1.53484,False,False,True,True,False,True,Di Luar Area Pantauan (>1000m dari Desa)
Matan Hilir Utara,Tanjung Baik Budi,"Minggu, 20 September 2026 03:32:00",NASA-MODIS,High,110.13945,-1.53319,False,False,True,True,False,True,Di Luar Area Pantauan (>1000m dari Desa)
Matan Hilir Utara,Tanjung Baik Budi,"Minggu, 20 September 2026 03:32:00",NASA-MODIS,High,110.1952,-1.53173,False,False,True,True,False,True,Di Luar Area Pantauan (>1000m dari Desa)
Matan Hilir Utara,Tanjung Baik Budi,"Minggu, 20 September 2026 03:32:00",NASA-MODIS,High,110.1843,-1.53008,False,False,True,True,False,True,Di Luar Area Pantauan (>1000m dari Desa)
Simpang Dua,Kampar Sebomban,"Minggu, 20 September 2026 03:32:00",NASA-MODIS,High,110.17588,-0.82229,False,False,True,False,False,True,Di Luar Area Pantauan (>1000m dari Desa)
Simpang Hilir,Lubuk Batu,"Minggu, 20 September 2026 03:32:00",NASA-MODIS,High,110.10888,-0.9445,False,False,False,False,False,False,Di Luar Area Pantauan (>1000m dari Desa)
Tumbang Titi,Serengkah,"Sabtu, 19 September 2026 15:11:00",NASA-MODIS,High,110.6945,-1.78358,False,False,False,False,False,False,Di Luar Area Pantauan (>1000m dari Desa)
