Kecamatan,Desa,Waktu,Satelit,Confidence,Longitude,Latitude,in_desa,in_buffer,is_hutan,is_gambut,is_kk,in_kawasan,Prioritas_Satgas
Manis Mata,Seguling,"Selasa, 06 Oktober 2026 20:27:00",NASA-MODIS,Low,111.11271,-2.66054,False,False,False,True,False,True,Di Luar Area Pantauan (>1000m dari Desa)
Muara Pawan,Ulak Medang,"Selasa, 06 Oktober 2026 20:27:00",NASA-MODIS,Low,110.28419,-1.55809,False,False,True,True,False,True,Di Luar Area Pantauan (>1000m dari Desa)
Matan Hilir Selatan,Sungai Nanjung,"Selasa, 06 Oktober 2026 08:09:00",NASA-MODIS,Low,110.19724,-2.14208,False,False,True,True,False,True,Di Luar Area Pantauan (>1000m dari Desa)
Manis Mata,Seguling,"Selasa, 06 Oktober 2026 20:27:00",NASA-MODIS,Low,111.1015,-2.66208,False,False,True,True,False,True,Di Luar Area Pantauan (>1000m dari Desa)
Kendawangan,Natai Kuini,"Selasa, 06 Oktober 2026 12:27:00",NASA-NOAA20,Low,110.7911,-2.85402,False,False,False,False,False,False,Di Luar Area Pantauan (>1000m dari Desa)
Simpang Dua,Gema,"Selasa, 06 Oktober 2026 13:50:00",NASA-SNPP,Low,110.41895,-0.91505,False,False,False,False,True,True,Di Luar Area Pantauan (>1000m dari Desa)
Simpang Hulu,Balai Pinang Hulu,"Selasa, 06 Oktober 2026 13:50:00",NASA-SNPP,Low,110.33637,-0.60664,False,False,False,False,False,False,Di Luar Area Pantauan (>1000m dari Desa)
Kendawangan,Pembedilan,"Selasa, 06 Oktober 2026 13:48:00",NASA-SNPP,Low,110.47477,-2.80335,False,False,False,False,True,True,Di Luar Area Pantauan (>1000m dari Desa)
Kendawangan,Natai Kuini,"Selasa, 06 Oktober 2026 12:27:00",NASA-NOAA20,Low,110.79874,-2.84688,False,False,False,False,False,False,Di Luar Area Pantauan (>1000m dari Desa)
Kendawangan,Pembedilan,"Selasa, 06 Oktober 2026 12:27:00",NASA-NOAA20,Low,110.299,-2.83868,False,False,False,True,True,True,Di Luar Area Pantauan (>1000m dari Desa)
Kendawangan,Natai Kuini,"Selasa, 06 Oktober 2026 12:27:00",NASA-NOAA20,Low,110.79193,-2.8599,False,False,False,False,False,False,Di Luar Area Pantauan (>1000m dari Desa)
Kendawangan,Natai Kuini,"Selasa, 06 Oktober 2026 12:27:00",NASA-NOAA20,Low,110.80876,-2.8574,False,False,False,False,False,False,Di Luar Area Pantauan (>1000m dari Desa)
Kendawangan,Natai Kuini,"Selasa, 06 Oktober 2026 08:09:00",NASA-MODIS,Low,110.73176,-2.86484,False,False,False,True,False,True,Di Luar Area Pantauan (>1000m dari Desa)
Kendawangan,Air Hitam Besar,"Selasa, 06 Oktober 2026 03:49:00",NASA-MODIS,Low,110.71913,-2.8414,False,False,False,False,False,False,Di Luar Area Pantauan (>1000m dari Desa)
Kendawangan,Air Hitam Besar,"Selasa, 06 Oktober 2026 03:49:00",NASA-MODIS,Low,110.71313,-2.78797,False,False,False,False,False,False,Di Luar Area Pantauan (>1000m dari Desa)
Kendawangan,Natai Kuini,"Selasa, 06 Oktober 2026 20:27:00",NASA-MODIS,Medium,110.73065,-2.85783,False,False,False,True,False,True,Di Luar Area Pantauan (>1000m dari Desa)
Nanga Tayap,Betenung,"Selasa, 06 Oktober 2026 08:09:00",NASA-MODIS,Medium,110.80832,-1.54706,False,False,True,False,False,True,Di Luar Area Pantauan (>1000m dari Desa)
Kendawangan,Air Hitam Besar,"Selasa, 06 Oktober 2026 03:49:00",NASA-MODIS,Medium,110.72681,-2.83864,False,False,False,True,False,True,Di Luar Area Pantauan (>1000m dari Desa)
Singkup,Tanah Hitam,"Selasa, 06 Oktober 2026 20:27:00",NASA-MODIS,Medium,110.61971,-2.44236,False,False,False,False,False,False,Di Luar Area Pantauan (>1000m dari Desa)
Kendawangan,Air Hitam Besar,"Selasa, 06 Oktober 2026 20:27:00",NASA-MODIS,Medium,110.70812,-2.85118,False,False,False,True,False,True,Di Luar Area Pantauan (>1000m dari Desa)
Matan Hilir Utara,Tanjung Baik Budi,"Selasa, 06 Oktober 2026 20:27:00",NASA-MODIS,Medium,110.0947,-1.54572,False,False,True,True,False,True,Di Luar Area Pantauan (>1000m dari Desa)
Kendawangan,Natai Kuini,"Selasa, 06 Oktober 2026 20:27:00",NASA-MODIS,Medium,110.72926,-2.8482,False,False,False,True,False,True,Di Luar Area Pantauan (>1000m dari Desa)
Manis Mata,Seguling,"Selasa, 06 Oktober 2026 20:27:00",NASA-MODIS,Medium,111.11129,-2.65065,False,False,True,True,False,True,Di Luar Area Pantauan (>1000m dari Desa)
Kendawangan,Natai Kuini,"Selasa, 06 Oktober 2026 03:49:00",NASA-MODIS,Medium,110.82884,-2.85351,False,False,False,False,True,True,Di Luar Area Pantauan (>1000m dari Desa)
Manis Mata,Silat,"Selasa, 06 Oktober 2026 20:27:00",NASA-MODIS,Medium,110.95208,-2.2643,False,False,False,False,False,False,Di Luar Area Pantauan (>1000m dari Desa)
Singkup,Tanah Hitam,"Selasa, 06 Oktober 2026 20:27:00",NASA-MODIS,Medium,110.62109,-2.45198,False,False,False,False,False,False,Di Luar Area Pantauan (>1000m dari Desa)
Manis Mata,Seguling,"Selasa, 06 Oktober 2026 20:27:00",NASA-MODIS,Medium,111.10799,-2.66251,False,False,False,True,False,True,Di Luar Area Pantauan (>1000m dari Desa)
Kendawangan,Sungai Jelayan,"Selasa, 06 Oktober 2026 08:09:00",NASA-MODIS,Medium,110.45377,-2.06817,False,False,False,False,False,False,Di Luar Area Pantauan (>1000m dari Desa)
Matan Hilir Utara,Tanjung Baik Budi,"Selasa, 06 Oktober 2026 20:27:00",NASA-MODIS,Medium,110.15299,-1.51828,False,False,True,True,False,True,Di Luar Area Pantauan (>1000m dari Desa)
Tumbang Titi,Titi Baru,"Selasa, 06 Oktober 2026 20:27:00",NASA-MODIS,Medium,110.61031,-1.87155,False,False,False,False,False,False,Di Luar Area Pantauan (>1000m dari Desa)
Kendawangan,Natai Kuini,"Selasa, 06 Oktober 2026 03:49:00",NASA-MODIS,Medium,110.82126,-2.85552,False,False,False,False,False,False,Di Luar Area Pantauan (>1000m dari Desa)
Kendawangan,Natai Kuini,"Selasa, 06 Oktober 2026 08:09:00",NASA-MODIS,Medium,110.6932,-2.89691,False,False,False,False,False,False,Di Luar Area Pantauan (>1000m dari Desa)
Nanga Tayap,Betenung,"Selasa, 06 Oktober 2026 20:27:00",NASA-MODIS,Medium,110.80077,-1.54883,False,False,True,False,False,True,Di Luar Area Pantauan (>1000m dari Desa)
Matan Hilir Selatan,Sungai Pelang,"Selasa, 06 Oktober 2026 20:27:00",NASA-MODIS,Medium,110.05642,-1.90049,False,False,False,False,False,False,Di Luar Area Pantauan (>1000m dari Desa)
Tanah Pinoh Barat,Pelita Jaya,"Selasa, 06 Oktober 2026 20:27:00",NASA-MODIS,Medium,111.55568,-0.7177,False,False,False,False,False,False,Di Luar Area Pantauan (>1000m dari Desa)
Nanga Tayap,Betenung,"Selasa, 06 Oktober 2026 20:27:00",NASA-MODIS,Medium,110.81157,-1.54732,False,False,True,False,False,True,Di Luar Area Pantauan (>1000m dari Desa)
Nanga Tayap,Batu Mas,"Selasa, 06 Oktober 2026 20:27:00",NASA-MODIS,Medium,110.62611,-1.68525,False,False,False,False,False,False,Di Luar Area Pantauan (>1000m dari Desa)
Nanga Tayap,Batu Mas,"Selasa, 06 Oktober 2026 20:27:00",NASA-MODIS,Medium,110.65459,-1.65154,False,False,True,False,False,True,Di Luar Area Pantauan (>1000m dari Desa)
Matan Hilir Utara,Kuala Tolak,"Selasa, 06 Oktober 2026 08:09:00",NASA-MODIS,Medium,110.14758,-1.47975,False,False,True,True,False,True,Di Luar Area Pantauan (>1000m dari Desa)
Kendawangan,Air Hitam Besar,"Selasa, 06 Oktober 2026 20:27:00",NASA-MODIS,Medium,110.71731,-2.84007,False,False,False,False,False,False,Di Luar Area Pantauan (>1000m dari Desa)
Matan Hilir Utara,Lamon Satong,"Selasa, 06 Oktober 2026 01:11:00",NASA-SNPP,Medium,110.27647,-1.41898,False,False,True,False,False,True,Di Luar Area Pantauan (>1000m dari Desa)
Kendawangan,Natai Kuini,"Selasa, 06 Oktober 2026 03:49:00",NASA-MODIS,Medium,110.80508,-2.83543,False,False,False,True,True,True,Di Luar Area Pantauan (>1000m dari Desa)
Matan Hilir Selatan,Sungai Nanjung,"Selasa, 06 Oktober 2026 08:09:00",NASA-MODIS,Medium,110.18901,-2.13157,False,False,True,True,False,True,Di Luar Area Pantauan (>1000m dari Desa)
Simpang Dua,Batu Daya,"Selasa, 06 Oktober 2026 01:11:00",NASA-SNPP,Medium,110.39625,-0.93865,False,False,False,False,True,True,Di Luar Area Pantauan (>1000m dari Desa)
Simpang Hilir,Lubuk Batu,"Selasa, 06 Oktober 2026 01:11:00",NASA-SNPP,Medium,110.11241,-0.94222,False,False,False,False,False,False,Di Luar Area Pantauan (>1000m dari Desa)
Simpang Hilir,Lubuk Batu,"Selasa, 06 Oktober 2026 01:11:00",NASA-SNPP,Medium,110.11349,-0.93534,False,False,False,False,False,False,Di Luar Area Pantauan (>1000m dari Desa)
Kendawangan,Pembedilan,"Selasa, 06 Oktober 2026 13:48:00",NASA-SNPP,Medium,110.48023,-2.80245,False,False,False,False,True,True,Di Luar Area Pantauan (>1000m dari Desa)
Kendawangan,Pembedilan,"Selasa, 06 Oktober 2026 13:48:00",NASA-SNPP,Medium,110.46852,-2.79933,False,False,False,False,True,True,Di Luar Area Pantauan (>1000m dari Desa)
Kendawangan,Pembedilan,"Selasa, 06 Oktober 2026 13:48:00",NASA-SNPP,Medium,110.47552,-2.80828,False,False,False,False,True,True,Di Luar Area Pantauan (>1000m dari Desa)
Kendawangan,Pembedilan,"Selasa, 06 Oktober 2026 13:48:00",NASA-SNPP,Medium,110.474,-2.79842,False,False,False,False,True,True,Di Luar Area Pantauan (>1000m dari Desa)
Kendawangan,Pembedilan,"Selasa, 06 Oktober 2026 13:48:00",NASA-SNPP,Medium,110.47947,-2.79752,False,False,False,False,True,True,Di Luar Area Pantauan (>1000m dari Desa)
Simpang Dua,Kampar Sebomban,"Selasa, 06 Oktober 2026 13:50:00",NASA-SNPP,Medium,110.26216,-0.86806,False,False,False,False,False,False,Di Luar Area Pantauan (>1000m dari Desa)
Simpang Dua,Kampar Sebomban,"Selasa, 06 Oktober 2026 13:50:00",NASA-SNPP,Medium,110.25667,-0.86896,False,False,False,False,False,False,Di Luar Area Pantauan (>1000m dari Desa)
Hulu Sungai,Senduruhan,"Selasa, 06 Oktober 2026 13:50:00",NASA-SNPP,Medium,110.74287,-0.84251,False,False,True,False,False,True,Di Luar Area Pantauan (>1000m dari Desa)
Hulu Sungai,Senduruhan,"Selasa, 06 Oktober 2026 13:50:00",NASA-SNPP,Medium,110.73977,-0.84301,False,False,True,False,False,True,Di Luar Area Pantauan (>1000m dari Desa)
Sungai Laur,Selangkut Raya,"Selasa, 06 Oktober 2026 13:50:00",NASA-SNPP,Medium,110.55679,-0.72854,False,False,False,False,False,False,Di Luar Area Pantauan (>1000m dari Desa)
Nanga Mahap,Lembah Beringin,"Selasa, 06 Oktober 2026 13:50:00",NASA-SNPP,Medium,110.79198,-0.64169,False,False,True,False,False,True,Di Luar Area Pantauan (>1000m dari Desa)
Simpang Dua,Kampar Sebomban,"Selasa, 06 Oktober 2026 13:50:00",NASA-SNPP,Medium,110.26098,-0.86895,False,False,False,False,False,False,Di Luar Area Pantauan (>1000m dari Desa)
Simpang Dua,Kampar Sebomban,"Selasa, 06 Oktober 2026 13:50:00",NASA-SNPP,Medium,110.29939,-0.85269,False,False,False,False,False,False,Di Luar Area Pantauan (>1000m dari Desa)
Ambalau,Nanga Menantak,"Selasa, 06 Oktober 2026 13:50:00",NASA-SNPP,Medium,112.98257,-0.2452,False,False,False,False,False,False,Di Luar Area Pantauan (>1000m dari Desa)
Simpang Hulu,Balai Pinang Hulu,"Selasa, 06 Oktober 2026 13:50:00",NASA-SNPP,Medium,110.33347,-0.6071,False,False,False,False,False,False,Di Luar Area Pantauan (>1000m dari Desa)
Sepauk,Bernayau,"Selasa, 06 Oktober 2026 13:50:00",NASA-SNPP,Medium,111.14328,-0.35014,False,False,False,False,False,False,Di Luar Area Pantauan (>1000m dari Desa)
Nanga Mahap,Tamang,"Selasa, 06 Oktober 2026 13:50:00",NASA-SNPP,Medium,110.67007,-0.43069,False,False,False,False,False,False,Di Luar Area Pantauan (>1000m dari Desa)
Belitang Hilir,Empajak,"Selasa, 06 Oktober 2026 13:50:00",NASA-SNPP,Medium,111.07332,0.17362,False,False,False,False,False,False,Di Luar Area Pantauan (>1000m dari Desa)
Kalis,Nanga Lebangan,"Selasa, 06 Oktober 2026 13:50:00",NASA-SNPP,Medium,113.04553,0.67203,False,False,False,False,False,False,Di Luar Area Pantauan (>1000m dari Desa)
Jangkang,Terati,"Selasa, 06 Oktober 2026 13:50:00",NASA-SNPP,Medium,110.72109,0.3161,False,False,False,False,False,False,Di Luar Area Pantauan (>1000m dari Desa)
Ngabang,Amboyo Selatan,"Selasa, 06 Oktober 2026 13:50:00",NASA-SNPP,Medium,109.85121,0.29832,False,False,False,False,False,False,Di Luar Area Pantauan (>1000m dari Desa)
Empanang,Tintin Peninjau,"Selasa, 06 Oktober 2026 13:50:00",NASA-SNPP,Medium,111.82615,0.90342,False,False,False,False,False,False,Di Luar Area Pantauan (>1000m dari Desa)
Ketungau Hulu,Sekaih,"Selasa, 06 Oktober 2026 13:50:00",NASA-SNPP,Medium,111.20924,0.87595,False,False,False,False,False,False,Di Luar Area Pantauan (>1000m dari Desa)
Badau,Tajum,"Selasa, 06 Oktober 2026 13:50:00",NASA-SNPP,Medium,112.02712,1.09476,False,False,False,False,False,False,Di Luar Area Pantauan (>1000m dari Desa)
Ketungau Hilir,Pampang Dua,"Selasa, 06 Oktober 2026 13:50:00",NASA-SNPP,Medium,111.56785,0.5929,False,False,False,False,False,False,Di Luar Area Pantauan (>1000m dari Desa)
Ketungau Tengah,Nanga Kelapan,"Selasa, 06 Oktober 2026 13:50:00",NASA-SNPP,Medium,111.3727,0.92942,False,False,False,False,True,True,Di Luar Area Pantauan (>1000m dari Desa)
Ketungau Hulu,Sungai Bugau,"Selasa, 06 Oktober 2026 13:50:00",NASA-SNPP,Medium,111.07677,0.82711,False,False,False,False,False,False,Di Luar Area Pantauan (>1000m dari Desa)
Ketungau Hulu,Sungai Kelik,"Selasa, 06 Oktober 2026 13:50:00",NASA-SNPP,Medium,111.19482,0.96406,False,False,False,False,False,False,Di Luar Area Pantauan (>1000m dari Desa)
Ketungau Hulu,Sungai Kelik,"Selasa, 06 Oktober 2026 13:50:00",NASA-SNPP,Medium,111.19838,0.96461,False,False,False,False,False,False,Di Luar Area Pantauan (>1000m dari Desa)
Ngabang,Amboyo Selatan,"Selasa, 06 Oktober 2026 13:50:00",NASA-SNPP,Medium,109.83622,0.32135,False,False,False,False,False,False,Di Luar Area Pantauan (>1000m dari Desa)
Ketungau Hilir,Air Nyuruk,"Selasa, 06 Oktober 2026 13:50:00",NASA-SNPP,Medium,111.54369,0.58576,False,False,False,False,False,False,Di Luar Area Pantauan (>1000m dari Desa)
Semitau,Tua' Abang,"Selasa, 06 Oktober 2026 13:50:00",NASA-SNPP,Medium,111.88467,0.56935,False,False,False,False,False,False,Di Luar Area Pantauan (>1000m dari Desa)
Belitang Hulu,Balai Sepuak,"Selasa, 06 Oktober 2026 13:50:00",NASA-SNPP,Medium,111.23199,0.45258,False,False,False,False,False,False,Di Luar Area Pantauan (>1000m dari Desa)
Mukok,Engkode,"Selasa, 06 Oktober 2026 13:50:00",NASA-SNPP,Medium,110.72474,0.15636,False,False,False,False,False,False,Di Luar Area Pantauan (>1000m dari Desa)
Sungai Laur,Harapan Baru,"Selasa, 06 Oktober 2026 13:50:00",NASA-SNPP,Medium,110.50971,-0.74141,False,False,False,False,False,False,Di Luar Area Pantauan (>1000m dari Desa)
Ketungau Hulu,Sungai Pisau,"Selasa, 06 Oktober 2026 13:50:00",NASA-SNPP,Medium,111.07331,0.82657,False,False,False,False,False,False,Di Luar Area Pantauan (>1000m dari Desa)
Ketungau Hulu,Sekaih,"Selasa, 06 Oktober 2026 13:50:00",NASA-SNPP,Medium,111.20821,0.87619,False,False,False,False,False,False,Di Luar Area Pantauan (>1000m dari Desa)
Sungai Laur,Harapan Baru,"Selasa, 06 Oktober 2026 13:50:00",NASA-SNPP,Medium,110.51095,-0.74363,False,False,False,False,False,False,Di Luar Area Pantauan (>1000m dari Desa)
Sungai Laur,Merabu Jaya,"Selasa, 06 Oktober 2026 13:50:00",NASA-SNPP,Medium,110.63824,-0.6871,False,False,False,False,False,False,Di Luar Area Pantauan (>1000m dari Desa)
Belitang Hilir,Sungaiayak Satu,"Selasa, 06 Oktober 2026 13:50:00",NASA-SNPP,Medium,111.08257,0.04634,False,False,False,False,False,False,Di Luar Area Pantauan (>1000m dari Desa)
Ketungau Hulu,Muakan Petinggi,"Selasa, 06 Oktober 2026 13:50:00",NASA-SNPP,Medium,110.90835,0.91355,False,False,False,False,False,False,Di Luar Area Pantauan (>1000m dari Desa)
Simpang Hulu,Sekucing Labai,"Selasa, 06 Oktober 2026 13:50:00",NASA-SNPP,Medium,110.16858,-0.42872,False,False,False,False,False,False,Di Luar Area Pantauan (>1000m dari Desa)
Hulu Sungai,Krio Hulu,"Selasa, 06 Oktober 2026 13:50:00",NASA-SNPP,Medium,110.83663,-0.87023,False,False,False,False,False,False,Di Luar Area Pantauan (>1000m dari Desa)
Sungai Laur,Harapan Baru,"Selasa, 06 Oktober 2026 13:50:00",NASA-SNPP,Medium,110.55507,-0.7316,False,False,False,False,False,False,Di Luar Area Pantauan (>1000m dari Desa)
Simpang Dua,Kampar Sebomban,"Selasa, 06 Oktober 2026 13:50:00",NASA-SNPP,Medium,110.25548,-0.8698,False,False,False,False,False,False,Di Luar Area Pantauan (>1000m dari Desa)
Simpang Dua,Gema,"Selasa, 06 Oktober 2026 13:50:00",NASA-SNPP,Medium,110.41983,-0.9201,False,False,False,False,True,True,Di Luar Area Pantauan (>1000m dari Desa)
Simpang Dua,Gema,"Selasa, 06 Oktober 2026 13:50:00",NASA-SNPP,Medium,110.41676,-0.92059,False,False,False,False,True,True,Di Luar Area Pantauan (>1000m dari Desa)
Ngabang,Amboyo Selatan,"Selasa, 06 Oktober 2026 13:50:00",NASA-SNPP,Medium,109.84186,0.32224,False,False,False,False,False,False,Di Luar Area Pantauan (>1000m dari Desa)
Mukok,Engkode,"Selasa, 06 Oktober 2026 13:50:00",NASA-SNPP,Medium,110.72322,0.15582,False,False,False,False,False,False,Di Luar Area Pantauan (>1000m dari Desa)
Ketungau Hulu,Sungai Pisau,"Selasa, 06 Oktober 2026 13:50:00",NASA-SNPP,Medium,111.07247,0.832,False,False,False,False,False,False,Di Luar Area Pantauan (>1000m dari Desa)
Ketungau Hulu,Sepiluk,"Selasa, 06 Oktober 2026 13:50:00",NASA-SNPP,Medium,110.92276,0.73145,False,False,False,False,False,False,Di Luar Area Pantauan (>1000m dari Desa)
Kapuas,Mengkiang,"Selasa, 06 Oktober 2026 13:50:00",NASA-SNPP,Medium,110.59306,0.25875,False,False,False,False,False,False,Di Luar Area Pantauan (>1000m dari Desa)
Puring Kencana,Sungai Antu,"Selasa, 06 Oktober 2026 13:50:00",NASA-SNPP,Medium,111.60224,0.99336,False,False,False,False,False,False,Di Luar Area Pantauan (>1000m dari Desa)
Badau,Tajum,"Selasa, 06 Oktober 2026 13:50:00",NASA-SNPP,Medium,112.02638,1.09387,False,False,False,False,False,False,Di Luar Area Pantauan (>1000m dari Desa)
Belitang Hulu,Batuk Mulau,"Selasa, 06 Oktober 2026 13:50:00",NASA-SNPP,Medium,111.11704,0.50727,False,False,False,False,False,False,Di Luar Area Pantauan (>1000m dari Desa)
Semitau,Tua' Abang,"Selasa, 06 Oktober 2026 13:50:00",NASA-SNPP,Medium,111.88078,0.56876,False,False,False,False,False,False,Di Luar Area Pantauan (>1000m dari Desa)
Belitang Hulu,Balai Sepuak,"Selasa, 06 Oktober 2026 13:50:00",NASA-SNPP,Medium,111.2355,0.45312,False,False,False,False,False,False,Di Luar Area Pantauan (>1000m dari Desa)
Simpang Dua,Gema,"Selasa, 06 Oktober 2026 13:50:00",NASA-SNPP,Medium,110.41586,-0.91555,False,False,False,False,True,True,Di Luar Area Pantauan (>1000m dari Desa)
Ketungau Hilir,Air Nyuruk,"Selasa, 06 Oktober 2026 13:50:00",NASA-SNPP,Medium,111.54163,0.58895,False,False,False,False,False,False,Di Luar Area Pantauan (>1000m dari Desa)
Ketungau Hilir,Air Nyuruk,"Selasa, 06 Oktober 2026 13:50:00",NASA-SNPP,Medium,111.53982,0.58514,False,False,False,False,False,False,Di Luar Area Pantauan (>1000m dari Desa)
Ketungau Hulu,Sepiluk,"Selasa, 06 Oktober 2026 13:50:00",NASA-SNPP,Medium,110.92186,0.72914,False,False,False,False,False,False,Di Luar Area Pantauan (>1000m dari Desa)
Parindu,Pandu Raya,"Selasa, 06 Oktober 2026 13:50:00",NASA-SNPP,Medium,110.44644,0.04323,False,False,False,False,False,False,Di Luar Area Pantauan (>1000m dari Desa)
Simpang Hulu,Kualan Hilir,"Selasa, 06 Oktober 2026 13:50:00",NASA-SNPP,Medium,110.21455,-0.49258,False,False,False,False,False,False,Di Luar Area Pantauan (>1000m dari Desa)
Ambalau,Nanga Menantak,"Selasa, 06 Oktober 2026 13:50:00",NASA-SNPP,Medium,112.98228,-0.24466,False,False,False,False,False,False,Di Luar Area Pantauan (>1000m dari Desa)
Kendawangan,Air Hitam Besar,"Selasa, 06 Oktober 2026 01:28:00",NASA-NOAA20,Medium,110.70712,-2.7944,False,False,False,False,False,False,Di Luar Area Pantauan (>1000m dari Desa)
Kendawangan,Natai Kuini,"Selasa, 06 Oktober 2026 01:28:00",NASA-NOAA20,Medium,110.74525,-2.86086,False,False,False,True,False,True,Di Luar Area Pantauan (>1000m dari Desa)
Silat Hilir,Sentabai,"Selasa, 06 Oktober 2026 01:28:00",NASA-NOAA20,Medium,111.77787,0.52552,False,False,True,True,False,True,Di Luar Area Pantauan (>1000m dari Desa)
Matan Hilir Utara,Lamon Satong,"Selasa, 06 Oktober 2026 01:28:00",NASA-NOAA20,Medium,110.27459,-1.42069,False,False,True,False,False,True,Di Luar Area Pantauan (>1000m dari Desa)
Nanga Tayap,Betenung,"Selasa, 06 Oktober 2026 01:28:00",NASA-NOAA20,Medium,110.80152,-1.54946,False,False,True,False,False,True,Di Luar Area Pantauan (>1000m dari Desa)
Matan Hilir Utara,Lamon Satong,"Selasa, 06 Oktober 2026 01:28:00",NASA-NOAA20,Medium,110.27105,-1.42014,False,False,True,False,False,True,Di Luar Area Pantauan (>1000m dari Desa)
Matan Hilir Utara,Lamon Satong,"Selasa, 06 Oktober 2026 01:28:00",NASA-NOAA20,Medium,110.27155,-1.41612,False,False,False,False,False,False,Di Luar Area Pantauan (>1000m dari Desa)
Matan Hilir Utara,Lamon Satong,"Selasa, 06 Oktober 2026 01:28:00",NASA-NOAA20,Medium,110.26508,-1.41101,False,False,True,False,False,True,Di Luar Area Pantauan (>1000m dari Desa)
Matan Hilir Utara,Lamon Satong,"Selasa, 06 Oktober 2026 01:28:00",NASA-NOAA20,Medium,110.27341,-1.42872,False,False,True,False,False,True,Di Luar Area Pantauan (>1000m dari Desa)
Matan Hilir Utara,Kuala Tolak,"Selasa, 06 Oktober 2026 01:28:00",NASA-NOAA20,Medium,110.14491,-1.4804,False,False,False,True,False,True,Di Luar Area Pantauan (>1000m dari Desa)
Nanga Tayap,Betenung,"Selasa, 06 Oktober 2026 01:28:00",NASA-NOAA20,Medium,110.86662,-1.60817,False,False,False,False,False,False,Di Luar Area Pantauan (>1000m dari Desa)
Matan Hilir Utara,Kuala Tolak,"Selasa, 06 Oktober 2026 01:28:00",NASA-NOAA20,Medium,110.15675,-1.49445,False,False,False,True,False,True,Di Luar Area Pantauan (>1000m dari Desa)
Nanga Tayap,Betenung,"Selasa, 06 Oktober 2026 01:28:00",NASA-NOAA20,Medium,110.86081,-1.61584,False,False,True,False,False,True,Di Luar Area Pantauan (>1000m dari Desa)
Nanga Tayap,Betenung,"Selasa, 06 Oktober 2026 01:28:00",NASA-NOAA20,Medium,110.80532,-1.55006,False,False,True,False,False,True,Di Luar Area Pantauan (>1000m dari Desa)
Matan Hilir Utara,Kuala Tolak,"Selasa, 06 Oktober 2026 01:28:00",NASA-NOAA20,Medium,110.1441,-1.5088,False,False,True,False,False,True,Di Luar Area Pantauan (>1000m dari Desa)
Nanga Tayap,Betenung,"Selasa, 06 Oktober 2026 01:28:00",NASA-NOAA20,Medium,110.85957,-1.61993,False,False,True,False,False,True,Di Luar Area Pantauan (>1000m dari Desa)
Muara Pawan,Ulak Medang,"Selasa, 06 Oktober 2026 01:28:00",NASA-NOAA20,Medium,110.25781,-1.52649,False,False,True,True,False,True,Di Luar Area Pantauan (>1000m dari Desa)
Matan Hilir Utara,Kuala Tolak,"Selasa, 06 Oktober 2026 01:28:00",NASA-NOAA20,Medium,110.13937,-1.42406,False,False,False,True,False,True,Di Luar Area Pantauan (>1000m dari Desa)
Nanga Tayap,Betenung,"Selasa, 06 Oktober 2026 01:28:00",NASA-NOAA20,Medium,110.88294,-1.57951,False,False,False,False,False,False,Di Luar Area Pantauan (>1000m dari Desa)
Muara Pawan,Ulak Medang,"Selasa, 06 Oktober 2026 01:28:00",NASA-NOAA20,Medium,110.29434,-1.54452,False,False,True,True,False,True,Di Luar Area Pantauan (>1000m dari Desa)
Muara Pawan,Ulak Medang,"Selasa, 06 Oktober 2026 01:28:00",NASA-NOAA20,Medium,110.30135,-1.54562,False,False,True,True,False,True,Di Luar Area Pantauan (>1000m dari Desa)
Matan Hilir Utara,Sungai Putri,"Selasa, 06 Oktober 2026 01:28:00",NASA-NOAA20,Medium,110.08878,-1.55553,False,False,True,True,False,True,Di Luar Area Pantauan (>1000m dari Desa)
Nanga Tayap,Batu Mas,"Selasa, 06 Oktober 2026 01:28:00",NASA-NOAA20,Medium,110.65696,-1.65433,False,False,True,False,False,True,Di Luar Area Pantauan (>1000m dari Desa)
Nanga Tayap,Batu Mas,"Selasa, 06 Oktober 2026 01:28:00",NASA-NOAA20,Medium,110.65322,-1.65376,False,False,True,False,False,True,Di Luar Area Pantauan (>1000m dari Desa)
Nanga Tayap,Batu Mas,"Selasa, 06 Oktober 2026 01:28:00",NASA-NOAA20,Medium,110.65315,-1.65125,False,False,True,False,False,True,Di Luar Area Pantauan (>1000m dari Desa)
Matan Hilir Utara,Sungai Putri,"Selasa, 06 Oktober 2026 01:28:00",NASA-NOAA20,Medium,110.08524,-1.55653,False,False,True,True,False,True,Di Luar Area Pantauan (>1000m dari Desa)
Muara Pawan,Ulak Medang,"Selasa, 06 Oktober 2026 01:28:00",NASA-NOAA20,Medium,110.28841,-1.56007,False,False,True,True,False,True,Di Luar Area Pantauan (>1000m dari Desa)
Muara Pawan,Ulak Medang,"Selasa, 06 Oktober 2026 01:28:00",NASA-NOAA20,Medium,110.29662,-1.55312,False,False,True,True,False,True,Di Luar Area Pantauan (>1000m dari Desa)
Muara Pawan,Ulak Medang,"Selasa, 06 Oktober 2026 01:28:00",NASA-NOAA20,Medium,110.28902,-1.55605,False,False,True,True,False,True,Di Luar Area Pantauan (>1000m dari Desa)
Nanga Tayap,Cegolak,"Selasa, 06 Oktober 2026 01:28:00",NASA-NOAA20,Medium,110.74364,-1.60619,False,False,True,False,False,True,Di Luar Area Pantauan (>1000m dari Desa)
Nanga Tayap,Betenung,"Selasa, 06 Oktober 2026 01:28:00",NASA-NOAA20,Medium,110.86557,-1.6123,False,False,True,False,False,True,Di Luar Area Pantauan (>1000m dari Desa)
Muara Pawan,Ulak Medang,"Selasa, 06 Oktober 2026 01:28:00",NASA-NOAA20,Medium,110.29602,-1.55715,False,False,True,True,False,True,Di Luar Area Pantauan (>1000m dari Desa)
Tumbang Titi,Beringin Rayo,"Selasa, 06 Oktober 2026 01:28:00",NASA-NOAA20,Medium,110.76009,-1.7509,False,False,False,False,False,False,Di Luar Area Pantauan (>1000m dari Desa)
Muara Pawan,Ulak Medang,"Selasa, 06 Oktober 2026 01:28:00",NASA-NOAA20,Medium,110.29373,-1.54855,False,False,True,True,False,True,Di Luar Area Pantauan (>1000m dari Desa)
Muara Pawan,Ulak Medang,"Selasa, 06 Oktober 2026 01:28:00",NASA-NOAA20,Medium,110.30075,-1.54965,False,False,True,True,False,True,Di Luar Area Pantauan (>1000m dari Desa)
Muara Pawan,Ulak Medang,"Selasa, 06 Oktober 2026 01:28:00",NASA-NOAA20,Medium,110.29252,-1.5566,False,False,True,True,False,True,Di Luar Area Pantauan (>1000m dari Desa)
Muara Pawan,Ulak Medang,"Selasa, 06 Oktober 2026 01:28:00",NASA-NOAA20,Medium,110.29724,-1.5491,False,False,True,True,False,True,Di Luar Area Pantauan (>1000m dari Desa)
Jelai Hulu,Pasir Mayang,"Selasa, 06 Oktober 2026 01:28:00",NASA-NOAA20,Medium,110.78845,-1.79962,False,False,False,False,False,False,Di Luar Area Pantauan (>1000m dari Desa)
Tumbang Titi,Titi Baru,"Selasa, 06 Oktober 2026 01:28:00",NASA-NOAA20,Medium,110.60937,-1.87179,False,False,False,False,False,False,Di Luar Area Pantauan (>1000m dari Desa)
Nanga Tayap,Batu Mas,"Selasa, 06 Oktober 2026 01:28:00",NASA-NOAA20,Medium,110.62569,-1.6833,False,False,False,False,False,False,Di Luar Area Pantauan (>1000m dari Desa)
Matan Hilir Selatan,Sungai Nanjung,"Selasa, 06 Oktober 2026 01:28:00",NASA-NOAA20,Medium,110.19639,-2.13764,False,False,True,True,False,True,Di Luar Area Pantauan (>1000m dari Desa)
Matan Hilir Selatan,Sungai Nanjung,"Selasa, 06 Oktober 2026 01:28:00",NASA-NOAA20,Medium,110.18584,-2.13603,False,False,True,False,False,True,Di Luar Area Pantauan (>1000m dari Desa)
Matan Hilir Selatan,Sungai Nanjung,"Selasa, 06 Oktober 2026 01:28:00",NASA-NOAA20,Medium,110.18936,-2.13657,False,False,True,True,False,True,Di Luar Area Pantauan (>1000m dari Desa)
Jelai Hulu,Teluk Runjai,"Selasa, 06 Oktober 2026 01:28:00",NASA-NOAA20,Medium,110.7578,-1.97982,False,False,False,False,False,False,Di Luar Area Pantauan (>1000m dari Desa)
Marau,Suka Karya,"Selasa, 06 Oktober 2026 01:28:00",NASA-NOAA20,Medium,110.75291,-2.15266,False,False,False,False,False,False,Di Luar Area Pantauan (>1000m dari Desa)
Kendawangan,Air Tarap,"Selasa, 06 Oktober 2026 01:28:00",NASA-NOAA20,Medium,110.85809,-2.54114,False,False,False,False,False,False,Di Luar Area Pantauan (>1000m dari Desa)
Kendawangan,Air Tarap,"Selasa, 06 Oktober 2026 01:28:00",NASA-NOAA20,Medium,110.87449,-2.53938,False,False,False,False,False,False,Di Luar Area Pantauan (>1000m dari Desa)
Matan Hilir Selatan,Pagar Mentimun,"Selasa, 06 Oktober 2026 01:28:00",NASA-NOAA20,Medium,110.16437,-2.25321,False,False,True,True,False,True,Di Luar Area Pantauan (>1000m dari Desa)
Manis Mata,Seguling,"Selasa, 06 Oktober 2026 01:28:00",NASA-NOAA20,Medium,111.10155,-2.65648,False,False,True,True,False,True,Di Luar Area Pantauan (>1000m dari Desa)
Manis Mata,Seguling,"Selasa, 06 Oktober 2026 01:28:00",NASA-NOAA20,Medium,111.11317,-2.66271,False,False,False,True,False,True,Di Luar Area Pantauan (>1000m dari Desa)
Kendawangan,Pangkalan Batu,"Selasa, 06 Oktober 2026 01:28:00",NASA-NOAA20,Medium,110.38145,-2.2697,False,False,False,False,False,False,Di Luar Area Pantauan (>1000m dari Desa)
Air Upas,Gahang,"Selasa, 06 Oktober 2026 01:28:00",NASA-NOAA20,Medium,110.75635,-2.3437,False,False,False,False,False,False,Di Luar Area Pantauan (>1000m dari Desa)
Kendawangan,Air Tarap,"Selasa, 06 Oktober 2026 01:28:00",NASA-NOAA20,Medium,110.87514,-2.53513,False,False,False,False,False,False,Di Luar Area Pantauan (>1000m dari Desa)
Kendawangan,Air Hitam Besar,"Selasa, 06 Oktober 2026 01:28:00",NASA-NOAA20,Medium,110.80074,-2.78273,False,False,True,True,True,True,Di Luar Area Pantauan (>1000m dari Desa)
Kendawangan,Natai Kuini,"Selasa, 06 Oktober 2026 01:28:00",NASA-NOAA20,Medium,110.79945,-2.79121,False,False,False,True,True,True,Di Luar Area Pantauan (>1000m dari Desa)
Kendawangan,Air Hitam Besar,"Selasa, 06 Oktober 2026 01:28:00",NASA-NOAA20,Medium,110.7116,-2.79077,False,False,False,False,False,False,Di Luar Area Pantauan (>1000m dari Desa)
Kendawangan,Air Hitam Besar,"Selasa, 06 Oktober 2026 01:28:00",NASA-NOAA20,Medium,110.74724,-2.79191,False,False,False,True,False,True,Di Luar Area Pantauan (>1000m dari Desa)
Kendawangan,Air Hitam Besar,"Selasa, 06 Oktober 2026 01:28:00",NASA-NOAA20,Medium,110.73879,-2.79494,False,False,False,True,False,True,Di Luar Area Pantauan (>1000m dari Desa)
Kendawangan,Air Tarap,"Selasa, 06 Oktober 2026 01:28:00",NASA-NOAA20,Medium,110.8791,-2.53575,False,False,False,False,False,False,Di Luar Area Pantauan (>1000m dari Desa)
Kendawangan,Air Tarap,"Selasa, 06 Oktober 2026 01:28:00",NASA-NOAA20,Medium,110.8601,-2.54092,False,False,False,False,False,False,Di Luar Area Pantauan (>1000m dari Desa)
Kendawangan,Air Tarap,"Selasa, 06 Oktober 2026 01:28:00",NASA-NOAA20,Medium,110.76717,-2.50958,False,False,False,False,False,False,Di Luar Area Pantauan (>1000m dari Desa)
Kendawangan,Air Tarap,"Selasa, 06 Oktober 2026 01:28:00",NASA-NOAA20,Medium,110.86205,-2.54176,False,False,False,False,False,False,Di Luar Area Pantauan (>1000m dari Desa)
Kendawangan,Danau Buntar,"Selasa, 06 Oktober 2026 01:28:00",NASA-NOAA20,Medium,110.87845,-2.54,False,False,False,False,False,False,Di Luar Area Pantauan (>1000m dari Desa)
Kendawangan,Air Hitam Besar,"Selasa, 06 Oktober 2026 01:28:00",NASA-NOAA20,Medium,110.70649,-2.79861,False,False,False,False,False,False,Di Luar Area Pantauan (>1000m dari Desa)
Kendawangan,Air Hitam Besar,"Selasa, 06 Oktober 2026 01:28:00",NASA-NOAA20,Medium,110.72134,-2.80521,False,False,False,False,False,False,Di Luar Area Pantauan (>1000m dari Desa)
Kendawangan,Air Hitam Besar,"Selasa, 06 Oktober 2026 01:28:00",NASA-NOAA20,Medium,110.72522,-2.80581,False,False,False,False,False,False,Di Luar Area Pantauan (>1000m dari Desa)
Kendawangan,Air Hitam Besar,"Selasa, 06 Oktober 2026 01:28:00",NASA-NOAA20,Medium,110.72784,-2.81485,False,False,False,False,False,False,Di Luar Area Pantauan (>1000m dari Desa)
Kendawangan,Air Hitam Besar,"Selasa, 06 Oktober 2026 01:28:00",NASA-NOAA20,Medium,110.72394,-2.81425,False,False,False,False,False,False,Di Luar Area Pantauan (>1000m dari Desa)
Kendawangan,Air Hitam Besar,"Selasa, 06 Oktober 2026 01:28:00",NASA-NOAA20,Medium,110.72005,-2.81365,False,False,False,False,False,False,Di Luar Area Pantauan (>1000m dari Desa)
Matan Hilir Selatan,Sungai Nanjung,"Selasa, 06 Oktober 2026 01:28:00",NASA-NOAA20,Medium,110.18996,-2.13253,False,False,True,True,False,True,Di Luar Area Pantauan (>1000m dari Desa)
Matan Hilir Selatan,Sungai Nanjung,"Selasa, 06 Oktober 2026 01:28:00",NASA-NOAA20,Medium,110.18291,-2.13146,False,False,True,True,False,True,Di Luar Area Pantauan (>1000m dari Desa)
Kendawangan,Pembedilan,"Selasa, 06 Oktober 2026 01:28:00",NASA-NOAA20,Medium,110.47217,-2.80074,False,False,False,False,True,True,Di Luar Area Pantauan (>1000m dari Desa)
Kendawangan,Natai Kuini,"Selasa, 06 Oktober 2026 01:28:00",NASA-NOAA20,Medium,110.8142,-2.85429,False,False,False,False,False,False,Di Luar Area Pantauan (>1000m dari Desa)
Kendawangan,Natai Kuini,"Selasa, 06 Oktober 2026 01:28:00",NASA-NOAA20,Medium,110.81024,-2.85368,False,False,False,False,False,False,Di Luar Area Pantauan (>1000m dari Desa)
Kendawangan,Natai Kuini,"Selasa, 06 Oktober 2026 01:28:00",NASA-NOAA20,Medium,110.82606,-2.85615,False,False,False,False,True,True,Di Luar Area Pantauan (>1000m dari Desa)
Kendawangan,Natai Kuini,"Selasa, 06 Oktober 2026 01:28:00",NASA-NOAA20,Medium,110.80237,-2.85244,False,False,False,False,False,False,Di Luar Area Pantauan (>1000m dari Desa)
Kendawangan,Air Hitam Besar,"Selasa, 06 Oktober 2026 01:28:00",NASA-NOAA20,Medium,110.73099,-2.79374,False,False,False,True,False,True,Di Luar Area Pantauan (>1000m dari Desa)
Kendawangan,Air Hitam Besar,"Selasa, 06 Oktober 2026 01:28:00",NASA-NOAA20,Medium,110.73488,-2.79434,False,False,False,True,False,True,Di Luar Area Pantauan (>1000m dari Desa)
Kendawangan,Air Hitam Besar,"Selasa, 06 Oktober 2026 01:28:00",NASA-NOAA20,Medium,110.74273,-2.79554,False,False,False,True,False,True,Di Luar Area Pantauan (>1000m dari Desa)
Kendawangan,Air Hitam Besar,"Selasa, 06 Oktober 2026 01:28:00",NASA-NOAA20,Medium,110.71874,-2.79618,False,False,False,False,False,False,Di Luar Area Pantauan (>1000m dari Desa)
Kendawangan,Air Hitam Besar,"Selasa, 06 Oktober 2026 01:28:00",NASA-NOAA20,Medium,110.72261,-2.79678,False,False,False,False,False,False,Di Luar Area Pantauan (>1000m dari Desa)
Kendawangan,Air Hitam Besar,"Selasa, 06 Oktober 2026 01:28:00",NASA-NOAA20,Medium,110.75052,-2.79674,False,False,False,True,False,True,Di Luar Area Pantauan (>1000m dari Desa)
Kendawangan,Air Hitam Besar,"Selasa, 06 Oktober 2026 01:28:00",NASA-NOAA20,Medium,110.72647,-2.79737,False,False,False,False,False,False,Di Luar Area Pantauan (>1000m dari Desa)
Kendawangan,Air Hitam Besar,"Selasa, 06 Oktober 2026 01:28:00",NASA-NOAA20,Medium,110.71098,-2.79499,False,False,False,False,False,False,Di Luar Area Pantauan (>1000m dari Desa)
Kendawangan,Air Hitam Besar,"Selasa, 06 Oktober 2026 01:28:00",NASA-NOAA20,Medium,110.73425,-2.79856,False,False,False,True,False,True,Di Luar Area Pantauan (>1000m dari Desa)
Kendawangan,Air Hitam Besar,"Selasa, 06 Oktober 2026 01:28:00",NASA-NOAA20,Medium,110.733,-2.80701,False,False,False,False,False,False,Di Luar Area Pantauan (>1000m dari Desa)
Kendawangan,Air Hitam Besar,"Selasa, 06 Oktober 2026 01:28:00",NASA-NOAA20,Medium,110.71485,-2.79558,False,False,False,False,False,False,Di Luar Area Pantauan (>1000m dari Desa)
Kendawangan,Air Hitam Besar,"Selasa, 06 Oktober 2026 01:28:00",NASA-NOAA20,Medium,110.72847,-2.81063,False,False,False,False,False,False,Di Luar Area Pantauan (>1000m dari Desa)
Kendawangan,Air Hitam Besar,"Selasa, 06 Oktober 2026 01:28:00",NASA-NOAA20,Medium,110.71682,-2.80883,False,False,False,False,False,False,Di Luar Area Pantauan (>1000m dari Desa)
Kendawangan,Air Hitam Besar,"Selasa, 06 Oktober 2026 01:28:00",NASA-NOAA20,Medium,110.7123,-2.81245,False,False,False,False,False,False,Di Luar Area Pantauan (>1000m dari Desa)
Kendawangan,Air Hitam Besar,"Selasa, 06 Oktober 2026 01:28:00",NASA-NOAA20,Medium,110.73173,-2.81546,False,False,False,True,False,True,Di Luar Area Pantauan (>1000m dari Desa)
Kendawangan,Air Hitam Besar,"Selasa, 06 Oktober 2026 01:28:00",NASA-NOAA20,Medium,110.70843,-2.81185,False,False,False,True,False,True,Di Luar Area Pantauan (>1000m dari Desa)
Kendawangan,Natai Kuini,"Selasa, 06 Oktober 2026 01:28:00",NASA-NOAA20,Medium,110.81211,-2.84093,False,False,False,False,True,True,Di Luar Area Pantauan (>1000m dari Desa)
Kendawangan,Natai Kuini,"Selasa, 06 Oktober 2026 01:28:00",NASA-NOAA20,Medium,110.80817,-2.84031,False,False,False,False,False,False,Di Luar Area Pantauan (>1000m dari Desa)
Kendawangan,Natai Kuini,"Selasa, 06 Oktober 2026 01:28:00",NASA-NOAA20,Medium,110.79967,-2.84333,False,False,False,False,False,False,Di Luar Area Pantauan (>1000m dari Desa)
Kendawangan,Natai Kuini,"Selasa, 06 Oktober 2026 01:28:00",NASA-NOAA20,Medium,110.81482,-2.85004,False,False,False,False,False,False,Di Luar Area Pantauan (>1000m dari Desa)
Kendawangan,Natai Kuini,"Selasa, 06 Oktober 2026 01:28:00",NASA-NOAA20,Medium,110.79508,-2.84696,False,False,False,False,False,False,Di Luar Area Pantauan (>1000m dari Desa)
Kendawangan,Natai Kuini,"Selasa, 06 Oktober 2026 01:28:00",NASA-NOAA20,Medium,110.80299,-2.8482,False,False,False,False,False,False,Di Luar Area Pantauan (>1000m dari Desa)
Kendawangan,Air Hitam Besar,"Selasa, 06 Oktober 2026 01:28:00",NASA-NOAA20,Medium,110.73691,-2.80761,False,False,False,False,False,False,Di Luar Area Pantauan (>1000m dari Desa)
Kendawangan,Air Hitam Besar,"Selasa, 06 Oktober 2026 01:28:00",NASA-NOAA20,Medium,110.71035,-2.79921,False,False,False,False,False,False,Di Luar Area Pantauan (>1000m dari Desa)
Manis Mata,Seguling,"Selasa, 06 Oktober 2026 01:28:00",NASA-NOAA20,Medium,111.10499,-2.66143,False,False,False,True,False,True,Di Luar Area Pantauan (>1000m dari Desa)
Manis Mata,Seguling,"Selasa, 06 Oktober 2026 01:28:00",NASA-NOAA20,Medium,111.10971,-2.65775,False,False,False,True,False,True,Di Luar Area Pantauan (>1000m dari Desa)
Kendawangan,Natai Kuini,"Selasa, 06 Oktober 2026 01:28:00",NASA-NOAA20,Medium,110.82992,-2.8605,False,False,False,False,False,False,Di Luar Area Pantauan (>1000m dari Desa)
Kendawangan,Natai Kuini,"Selasa, 06 Oktober 2026 01:28:00",NASA-NOAA20,Medium,110.82595,-2.85991,False,False,False,False,False,False,Di Luar Area Pantauan (>1000m dari Desa)
Kendawangan,Natai Kuini,"Selasa, 06 Oktober 2026 01:28:00",NASA-NOAA20,Medium,110.81407,-2.85814,False,False,False,False,False,False,Di Luar Area Pantauan (>1000m dari Desa)
Kendawangan,Natai Kuini,"Selasa, 06 Oktober 2026 01:28:00",NASA-NOAA20,Medium,110.81013,-2.85755,False,False,False,False,False,False,Di Luar Area Pantauan (>1000m dari Desa)
Kendawangan,Natai Kuini,"Selasa, 06 Oktober 2026 01:28:00",NASA-NOAA20,Medium,110.69984,-2.89719,False,False,False,False,False,False,Di Luar Area Pantauan (>1000m dari Desa)
Kendawangan,Natai Kuini,"Selasa, 06 Oktober 2026 01:28:00",NASA-NOAA20,Medium,110.75244,-2.86627,False,False,False,True,False,True,Di Luar Area Pantauan (>1000m dari Desa)
Kendawangan,Natai Kuini,"Selasa, 06 Oktober 2026 01:28:00",NASA-NOAA20,Medium,110.72507,-2.86215,False,False,False,True,False,True,Di Luar Area Pantauan (>1000m dari Desa)
Kendawangan,Natai Kuini,"Selasa, 06 Oktober 2026 01:28:00",NASA-NOAA20,Medium,110.72897,-2.86274,False,False,False,True,False,True,Di Luar Area Pantauan (>1000m dari Desa)
Matan Hilir Selatan,Sungai Nanjung,"Selasa, 06 Oktober 2026 01:28:00",NASA-NOAA20,Medium,110.18232,-2.13549,False,False,True,False,False,True,Di Luar Area Pantauan (>1000m dari Desa)
Kendawangan,Kedondong,"Selasa, 06 Oktober 2026 01:28:00",NASA-NOAA20,Medium,110.30006,-2.26982,False,False,False,False,False,False,Di Luar Area Pantauan (>1000m dari Desa)
Matan Hilir Selatan,Pesaguan Kanan,"Selasa, 06 Oktober 2026 01:28:00",NASA-NOAA20,Medium,110.18122,-2.05171,False,False,False,True,False,True,Di Luar Area Pantauan (>1000m dari Desa)
Matan Hilir Selatan,Sungai Nanjung,"Selasa, 06 Oktober 2026 01:28:00",NASA-NOAA20,Medium,110.18644,-2.132,False,False,True,True,False,True,Di Luar Area Pantauan (>1000m dari Desa)
Kendawangan,Airhitam Hulu,"Selasa, 06 Oktober 2026 01:28:00",NASA-NOAA20,Medium,110.68357,-2.63124,False,False,False,False,False,False,Di Luar Area Pantauan (>1000m dari Desa)
Kendawangan,Airhitam Hulu,"Selasa, 06 Oktober 2026 01:28:00",NASA-NOAA20,Medium,110.68794,-2.62674,False,False,False,False,False,False,Di Luar Area Pantauan (>1000m dari Desa)
Kendawangan,Natai Kuini,"Selasa, 06 Oktober 2026 01:28:00",NASA-NOAA20,Medium,110.7374,-2.85969,False,False,False,True,False,True,Di Luar Area Pantauan (>1000m dari Desa)
Kendawangan,Natai Kuini,"Selasa, 06 Oktober 2026 01:28:00",NASA-NOAA20,Medium,110.72181,-2.85734,False,False,False,True,False,True,Di Luar Area Pantauan (>1000m dari Desa)
Kendawangan,Air Hitam Besar,"Selasa, 06 Oktober 2026 01:28:00",NASA-NOAA20,Medium,110.71529,-2.84773,False,False,False,False,False,False,Di Luar Area Pantauan (>1000m dari Desa)
Kendawangan,Pembedilan,"Selasa, 06 Oktober 2026 01:28:00",NASA-NOAA20,Medium,110.47836,-2.8102,False,False,False,False,True,True,Di Luar Area Pantauan (>1000m dari Desa)
Kendawangan,Natai Kuini,"Selasa, 06 Oktober 2026 01:28:00",NASA-NOAA20,Medium,110.72665,-2.84924,False,False,False,True,False,True,Di Luar Area Pantauan (>1000m dari Desa)
Kendawangan,Air Hitam Besar,"Selasa, 06 Oktober 2026 01:28:00",NASA-NOAA20,Medium,110.72276,-2.84863,False,False,False,False,False,False,Di Luar Area Pantauan (>1000m dari Desa)
Kendawangan,Pembedilan,"Selasa, 06 Oktober 2026 01:28:00",NASA-NOAA20,Medium,110.479,-2.80605,False,False,False,False,True,True,Di Luar Area Pantauan (>1000m dari Desa)
Kendawangan,Air Hitam Besar,"Selasa, 06 Oktober 2026 01:28:00",NASA-NOAA20,Medium,110.71561,-2.84318,False,False,False,False,False,False,Di Luar Area Pantauan (>1000m dari Desa)
Kendawangan,Air Hitam Besar,"Selasa, 06 Oktober 2026 01:28:00",NASA-NOAA20,Medium,110.7195,-2.84379,False,False,False,False,False,False,Di Luar Area Pantauan (>1000m dari Desa)
Kendawangan,Air Hitam Besar,"Selasa, 06 Oktober 2026 01:28:00",NASA-NOAA20,Medium,110.69588,-2.8707,False,False,False,True,False,True,Di Luar Area Pantauan (>1000m dari Desa)
Kendawangan,Natai Kuini,"Selasa, 06 Oktober 2026 01:28:00",NASA-NOAA20,Medium,110.72116,-2.86157,False,False,False,True,False,True,Di Luar Area Pantauan (>1000m dari Desa)
Kendawangan,Natai Kuini,"Selasa, 06 Oktober 2026 01:28:00",NASA-NOAA20,Medium,110.70762,-2.89838,False,False,False,False,False,False,Di Luar Area Pantauan (>1000m dari Desa)
Kendawangan,Natai Kuini,"Selasa, 06 Oktober 2026 01:28:00",NASA-NOAA20,Medium,110.69206,-2.896,False,False,False,False,False,False,Di Luar Area Pantauan (>1000m dari Desa)
Kendawangan,Natai Kuini,"Selasa, 06 Oktober 2026 01:28:00",NASA-NOAA20,Medium,110.69849,-2.87973,False,False,False,True,False,True,Di Luar Area Pantauan (>1000m dari Desa)
Kendawangan,Natai Kuini,"Selasa, 06 Oktober 2026 01:28:00",NASA-NOAA20,Medium,110.72633,-2.8537,False,False,False,False,False,False,Di Luar Area Pantauan (>1000m dari Desa)
Kendawangan,Natai Kuini,"Selasa, 06 Oktober 2026 01:28:00",NASA-NOAA20,Medium,110.73677,-2.86391,False,False,False,True,False,True,Di Luar Area Pantauan (>1000m dari Desa)
Kendawangan,Natai Kuini,"Selasa, 06 Oktober 2026 01:28:00",NASA-NOAA20,Medium,110.74461,-2.86509,False,False,False,True,False,True,Di Luar Area Pantauan (>1000m dari Desa)
Kendawangan,Natai Kuini,"Selasa, 06 Oktober 2026 01:28:00",NASA-NOAA20,Medium,110.74069,-2.8645,False,False,False,True,False,True,Di Luar Area Pantauan (>1000m dari Desa)
Kendawangan,Pembedilan,"Selasa, 06 Oktober 2026 01:28:00",NASA-NOAA20,Medium,110.30684,-2.84116,False,False,False,True,True,True,Di Luar Area Pantauan (>1000m dari Desa)
Kendawangan,Natai Kuini,"Selasa, 06 Oktober 2026 01:28:00",NASA-NOAA20,Medium,110.70373,-2.89779,False,False,False,False,False,False,Di Luar Area Pantauan (>1000m dari Desa)
Kendawangan,Natai Kuini,"Selasa, 06 Oktober 2026 01:28:00",NASA-NOAA20,Medium,110.6992,-2.90141,False,False,False,False,False,False,Di Luar Area Pantauan (>1000m dari Desa)
Kendawangan,Natai Kuini,"Selasa, 06 Oktober 2026 01:28:00",NASA-NOAA20,Medium,110.69531,-2.90081,False,False,False,False,False,False,Di Luar Area Pantauan (>1000m dari Desa)
Kendawangan,Airhitam Hulu,"Selasa, 06 Oktober 2026 01:28:00",NASA-NOAA20,Medium,110.68732,-2.63094,False,False,False,False,False,False,Di Luar Area Pantauan (>1000m dari Desa)
Kendawangan,Natai Kuini,"Selasa, 06 Oktober 2026 01:28:00",NASA-NOAA20,Medium,110.7335,-2.8591,False,False,False,True,False,True,Di Luar Area Pantauan (>1000m dari Desa)
Manis Mata,Seguling,"Selasa, 06 Oktober 2026 01:28:00",NASA-NOAA20,Medium,111.10909,-2.66207,False,False,False,True,False,True,Di Luar Area Pantauan (>1000m dari Desa)
Kendawangan,Natai Kuini,"Selasa, 06 Oktober 2026 01:28:00",NASA-NOAA20,Medium,110.92174,-2.78795,False,False,True,True,False,True,Di Luar Area Pantauan (>1000m dari Desa)
Manis Mata,Seguling,"Selasa, 06 Oktober 2026 01:28:00",NASA-NOAA20,Medium,111.10565,-2.65712,False,False,False,True,False,True,Di Luar Area Pantauan (>1000m dari Desa)
Kendawangan,Airhitam Hulu,"Selasa, 06 Oktober 2026 01:28:00",NASA-NOAA20,Medium,110.68806,-2.62762,False,False,False,False,False,False,Di Luar Area Pantauan (>1000m dari Desa)
Kendawangan,Airhitam Hulu,"Selasa, 06 Oktober 2026 01:28:00",NASA-NOAA20,Medium,110.68743,-2.63182,False,False,False,False,False,False,Di Luar Area Pantauan (>1000m dari Desa)
Kendawangan,Natai Kuini,"Selasa, 06 Oktober 2026 01:28:00",NASA-NOAA20,Medium,110.81877,-2.85066,False,False,False,False,True,True,Di Luar Area Pantauan (>1000m dari Desa)
Manis Mata,Jambi,"Selasa, 06 Oktober 2026 01:28:00",NASA-NOAA20,Medium,110.96628,-2.7043,False,False,False,False,False,False,Di Luar Area Pantauan (>1000m dari Desa)
Kendawangan,Airhitam Hulu,"Selasa, 06 Oktober 2026 01:28:00",NASA-NOAA20,Medium,110.68347,-2.63034,False,False,False,False,False,False,Di Luar Area Pantauan (>1000m dari Desa)
Kendawangan,Air Hitam Besar,"Selasa, 06 Oktober 2026 01:28:00",NASA-NOAA20,Medium,110.80205,-2.77425,False,False,False,False,True,True,Di Luar Area Pantauan (>1000m dari Desa)
Kendawangan,Air Hitam Besar,"Selasa, 06 Oktober 2026 01:28:00",NASA-NOAA20,Medium,110.80138,-2.77849,False,False,False,True,True,True,Di Luar Area Pantauan (>1000m dari Desa)
Kendawangan,Natai Kuini,"Selasa, 06 Oktober 2026 01:28:00",NASA-NOAA20,Medium,110.80406,-2.78757,False,False,False,True,True,True,Di Luar Area Pantauan (>1000m dari Desa)
Kendawangan,Airhitam Hulu,"Selasa, 06 Oktober 2026 01:28:00",NASA-NOAA20,Medium,110.6842,-2.62704,False,False,False,False,False,False,Di Luar Area Pantauan (>1000m dari Desa)
Tumbang Titi,Titi Baru,"Selasa, 06 Oktober 2026 01:28:00",NASA-NOAA20,Medium,110.61305,-1.87235,False,False,False,False,False,False,Di Luar Area Pantauan (>1000m dari Desa)
Kendawangan,Seriam,"Selasa, 06 Oktober 2026 01:28:00",NASA-NOAA20,Medium,110.38006,-2.7062,False,False,False,False,True,True,Di Luar Area Pantauan (>1000m dari Desa)
Kendawangan,Air Hitam Besar,"Selasa, 06 Oktober 2026 01:28:00",NASA-NOAA20,Medium,110.80534,-2.77909,False,False,False,True,True,True,Di Luar Area Pantauan (>1000m dari Desa)
Kendawangan,Air Hitam Besar,"Selasa, 06 Oktober 2026 01:28:00",NASA-NOAA20,Medium,110.73362,-2.80279,False,False,False,False,False,False,Di Luar Area Pantauan (>1000m dari Desa)
Kendawangan,Air Hitam Besar,"Selasa, 06 Oktober 2026 01:28:00",NASA-NOAA20,Medium,110.72972,-2.80219,False,False,False,False,False,False,Di Luar Area Pantauan (>1000m dari Desa)
Kendawangan,Air Hitam Besar,"Selasa, 06 Oktober 2026 01:28:00",NASA-NOAA20,Medium,110.71617,-2.81305,False,False,False,False,False,False,Di Luar Area Pantauan (>1000m dari Desa)
Kendawangan,Air Hitam Besar,"Selasa, 06 Oktober 2026 01:28:00",NASA-NOAA20,Medium,110.70773,-2.79018,False,False,False,False,False,False,Di Luar Area Pantauan (>1000m dari Desa)
Kendawangan,Air Hitam Besar,"Selasa, 06 Oktober 2026 01:28:00",NASA-NOAA20,Medium,110.72585,-2.80159,False,False,False,False,False,False,Di Luar Area Pantauan (>1000m dari Desa)
Kendawangan,Air Hitam Besar,"Selasa, 06 Oktober 2026 01:28:00",NASA-NOAA20,Medium,110.74664,-2.79614,False,False,False,True,False,True,Di Luar Area Pantauan (>1000m dari Desa)
Kendawangan,Seriam,"Selasa, 06 Oktober 2026 01:28:00",NASA-NOAA20,Medium,110.3252,-2.64439,False,False,False,False,True,True,Di Luar Area Pantauan (>1000m dari Desa)
Kendawangan,Air Hitam Besar,"Selasa, 06 Oktober 2026 01:28:00",NASA-NOAA20,Medium,110.72199,-2.801,False,False,False,False,False,False,Di Luar Area Pantauan (>1000m dari Desa)
Kendawangan,Air Hitam Besar,"Selasa, 06 Oktober 2026 01:28:00",NASA-NOAA20,Medium,110.8047,-2.78333,False,False,False,True,True,True,Di Luar Area Pantauan (>1000m dari Desa)
Matan Hilir Selatan,Pesaguan Kanan,"Selasa, 06 Oktober 2026 01:28:00",NASA-NOAA20,Medium,110.29082,-2.04373,False,False,True,True,False,True,Di Luar Area Pantauan (>1000m dari Desa)
Muara Pawan,Ulak Medang,"Selasa, 06 Oktober 2026 01:28:00",NASA-NOAA20,Medium,110.28492,-1.55952,False,False,True,True,False,True,Di Luar Area Pantauan (>1000m dari Desa)
Jelai Hulu,Pasir Mayang,"Selasa, 06 Oktober 2026 01:28:00",NASA-NOAA20,Medium,110.81032,-1.80724,False,False,False,False,False,False,Di Luar Area Pantauan (>1000m dari Desa)
Benua Kayong,Negeri Baru,"Selasa, 06 Oktober 2026 01:28:00",NASA-NOAA20,Medium,110.18133,-1.81469,False,False,False,True,False,True,Di Luar Area Pantauan (>1000m dari Desa)
Muara Pawan,Ulak Medang,"Selasa, 06 Oktober 2026 01:28:00",NASA-NOAA20,Medium,110.29952,-1.5577,False,False,True,True,False,True,Di Luar Area Pantauan (>1000m dari Desa)
Nanga Tayap,Betenung,"Selasa, 06 Oktober 2026 01:28:00",NASA-NOAA20,Medium,110.86311,-1.62048,False,False,True,False,False,True,Di Luar Area Pantauan (>1000m dari Desa)
Muara Pawan,Ulak Medang,"Selasa, 06 Oktober 2026 01:28:00",NASA-NOAA20,Medium,110.25373,-1.52996,False,False,True,True,False,True,Di Luar Area Pantauan (>1000m dari Desa)
Matan Hilir Utara,Sungai Putri,"Selasa, 06 Oktober 2026 01:28:00",NASA-NOAA20,Medium,110.09032,-1.55734,False,False,True,True,False,True,Di Luar Area Pantauan (>1000m dari Desa)
Matan Hilir Utara,Lamon Satong,"Selasa, 06 Oktober 2026 01:28:00",NASA-NOAA20,Medium,110.27399,-1.42471,False,False,True,False,False,True,Di Luar Area Pantauan (>1000m dari Desa)
Matan Hilir Utara,Kuala Tolak,"Selasa, 06 Oktober 2026 01:28:00",NASA-NOAA20,Medium,110.13428,-1.42326,False,False,False,True,False,True,Di Luar Area Pantauan (>1000m dari Desa)
Matan Hilir Utara,Lamon Satong,"Selasa, 06 Oktober 2026 01:28:00",NASA-NOAA20,Medium,110.27517,-1.41668,False,False,False,False,False,False,Di Luar Area Pantauan (>1000m dari Desa)
Simpang Hilir,Lubuk Batu,"Selasa, 06 Oktober 2026 01:28:00",NASA-NOAA20,Medium,110.10754,-0.94115,False,False,False,False,False,False,Di Luar Area Pantauan (>1000m dari Desa)
Simpang Hilir,Lubuk Batu,"Selasa, 06 Oktober 2026 01:28:00",NASA-NOAA20,Medium,110.11378,-0.93405,False,False,False,False,False,False,Di Luar Area Pantauan (>1000m dari Desa)
Simpang Hilir,Lubuk Batu,"Selasa, 06 Oktober 2026 01:28:00",NASA-NOAA20,Medium,110.12444,-0.93166,False,False,False,False,False,False,Di Luar Area Pantauan (>1000m dari Desa)
Kendawangan,Natai Kuini,"Selasa, 06 Oktober 2026 01:28:00",NASA-NOAA20,Medium,110.72571,-2.85793,False,False,False,True,False,True,Di Luar Area Pantauan (>1000m dari Desa)
Kendawangan,Natai Kuini,"Selasa, 06 Oktober 2026 01:28:00",NASA-NOAA20,Medium,110.79903,-2.84758,False,False,False,False,False,False,Di Luar Area Pantauan (>1000m dari Desa)
Kendawangan,Natai Kuini,"Selasa, 06 Oktober 2026 01:28:00",NASA-NOAA20,Medium,110.81148,-2.84517,False,False,False,False,False,False,Di Luar Area Pantauan (>1000m dari Desa)
Kendawangan,Air Hitam Besar,"Selasa, 06 Oktober 2026 01:28:00",NASA-NOAA20,Medium,110.7198,-2.84409,False,False,False,False,False,False,Di Luar Area Pantauan (>1000m dari Desa)
Kendawangan,Natai Kuini,"Selasa, 06 Oktober 2026 01:28:00",NASA-NOAA20,Medium,110.72696,-2.84948,False,False,False,True,False,True,Di Luar Area Pantauan (>1000m dari Desa)
Kendawangan,Air Hitam Besar,"Selasa, 06 Oktober 2026 01:28:00",NASA-NOAA20,Medium,110.72307,-2.8489,False,False,False,False,False,False,Di Luar Area Pantauan (>1000m dari Desa)
Kendawangan,Natai Kuini,"Selasa, 06 Oktober 2026 01:28:00",NASA-NOAA20,Medium,110.80618,-2.85696,False,False,False,False,False,False,Di Luar Area Pantauan (>1000m dari Desa)
Kendawangan,Pembedilan,"Selasa, 06 Oktober 2026 01:28:00",NASA-NOAA20,Medium,110.47877,-2.80811,False,False,False,False,True,True,Di Luar Area Pantauan (>1000m dari Desa)
Kendawangan,Natai Kuini,"Selasa, 06 Oktober 2026 01:28:00",NASA-NOAA20,Medium,110.80222,-2.85637,False,False,False,False,False,False,Di Luar Area Pantauan (>1000m dari Desa)
Kendawangan,Natai Kuini,"Selasa, 06 Oktober 2026 01:28:00",NASA-NOAA20,Medium,110.72604,-2.85346,False,False,False,False,False,False,Di Luar Area Pantauan (>1000m dari Desa)
Kendawangan,Natai Kuini,"Selasa, 06 Oktober 2026 01:28:00",NASA-NOAA20,Medium,110.72214,-2.85285,False,False,False,False,False,False,Di Luar Area Pantauan (>1000m dari Desa)
Kendawangan,Natai Kuini,"Selasa, 06 Oktober 2026 01:28:00",NASA-NOAA20,Medium,110.79778,-2.85607,False,False,False,False,False,False,Di Luar Area Pantauan (>1000m dari Desa)
Kendawangan,Natai Kuini,"Selasa, 06 Oktober 2026 01:28:00",NASA-NOAA20,Medium,110.81356,-2.85854,False,False,False,False,False,False,Di Luar Area Pantauan (>1000m dari Desa)
Kendawangan,Air Hitam Besar,"Selasa, 06 Oktober 2026 01:28:00",NASA-NOAA20,Medium,110.71423,-2.7998,False,False,False,False,False,False,Di Luar Area Pantauan (>1000m dari Desa)
Kendawangan,Air Hitam Besar,"Selasa, 06 Oktober 2026 01:28:00",NASA-NOAA20,Medium,110.71748,-2.80462,False,False,False,False,False,False,Di Luar Area Pantauan (>1000m dari Desa)
Kendawangan,Air Hitam Besar,"Selasa, 06 Oktober 2026 01:28:00",NASA-NOAA20,Medium,110.72909,-2.80641,False,False,False,False,False,False,Di Luar Area Pantauan (>1000m dari Desa)
Kendawangan,Air Hitam Besar,"Selasa, 06 Oktober 2026 01:28:00",NASA-NOAA20,Medium,110.72458,-2.81003,False,False,False,False,False,False,Di Luar Area Pantauan (>1000m dari Desa)
Kendawangan,Air Hitam Besar,"Selasa, 06 Oktober 2026 01:28:00",NASA-NOAA20,Medium,110.73237,-2.81123,False,False,False,False,False,False,Di Luar Area Pantauan (>1000m dari Desa)
Kendawangan,Natai Kuini,"Selasa, 06 Oktober 2026 01:28:00",NASA-NOAA20,Medium,110.80029,-2.83909,False,False,False,False,False,False,Di Luar Area Pantauan (>1000m dari Desa)
Kendawangan,Pembedilan,"Selasa, 06 Oktober 2026 01:28:00",NASA-NOAA20,Medium,110.47279,-2.79659,False,False,False,False,True,True,Di Luar Area Pantauan (>1000m dari Desa)
Kendawangan,Pembedilan,"Selasa, 06 Oktober 2026 01:28:00",NASA-NOAA20,Medium,110.47652,-2.79717,False,False,False,False,True,True,Di Luar Area Pantauan (>1000m dari Desa)
Kendawangan,Pembedilan,"Selasa, 06 Oktober 2026 01:28:00",NASA-NOAA20,Medium,110.48025,-2.79775,False,False,False,False,True,True,Di Luar Area Pantauan (>1000m dari Desa)
Kendawangan,Natai Kuini,"Selasa, 06 Oktober 2026 01:28:00",NASA-NOAA20,Medium,110.80362,-2.84395,False,False,False,False,False,False,Di Luar Area Pantauan (>1000m dari Desa)
Kendawangan,Air Hitam Besar,"Selasa, 06 Oktober 2026 01:28:00",NASA-NOAA20,Medium,110.60514,-2.79158,False,False,False,False,False,False,Di Luar Area Pantauan (>1000m dari Desa)
Kendawangan,Natai Kuini,"Selasa, 06 Oktober 2026 01:28:00",NASA-NOAA20,Medium,110.79572,-2.84272,False,False,False,False,False,False,Di Luar Area Pantauan (>1000m dari Desa)
Kendawangan,Natai Kuini,"Selasa, 06 Oktober 2026 01:28:00",NASA-NOAA20,Medium,110.80755,-2.84456,False,False,False,False,False,False,Di Luar Area Pantauan (>1000m dari Desa)
Kendawangan,Natai Kuini,"Selasa, 06 Oktober 2026 01:28:00",NASA-NOAA20,Medium,110.8221,-2.85553,False,False,False,False,False,False,Di Luar Area Pantauan (>1000m dari Desa)
Kendawangan,Natai Kuini,"Selasa, 06 Oktober 2026 01:28:00",NASA-NOAA20,Medium,110.83,-2.85677,False,False,False,False,True,True,Di Luar Area Pantauan (>1000m dari Desa)
Kendawangan,Natai Kuini,"Selasa, 06 Oktober 2026 01:28:00",NASA-NOAA20,Medium,110.80567,-2.8573,False,False,False,False,False,False,Di Luar Area Pantauan (>1000m dari Desa)
Kendawangan,Natai Kuini,"Selasa, 06 Oktober 2026 01:28:00",NASA-NOAA20,Medium,110.80173,-2.85669,False,False,False,False,False,False,Di Luar Area Pantauan (>1000m dari Desa)
Kendawangan,Natai Kuini,"Selasa, 06 Oktober 2026 01:28:00",NASA-NOAA20,Medium,110.81815,-2.85491,False,False,False,False,False,False,Di Luar Area Pantauan (>1000m dari Desa)
Kendawangan,Natai Kuini,"Selasa, 06 Oktober 2026 01:28:00",NASA-NOAA20,Medium,110.79446,-2.8512,False,False,False,False,False,False,Di Luar Area Pantauan (>1000m dari Desa)
Kendawangan,Pembedilan,"Selasa, 06 Oktober 2026 01:28:00",NASA-NOAA20,Medium,110.47964,-2.80191,False,False,False,False,True,True,Di Luar Area Pantauan (>1000m dari Desa)
Kendawangan,Natai Kuini,"Selasa, 06 Oktober 2026 01:28:00",NASA-NOAA20,Medium,110.7179,-2.85676,False,False,False,True,False,True,Di Luar Area Pantauan (>1000m dari Desa)
Kendawangan,Natai Kuini,"Selasa, 06 Oktober 2026 01:28:00",NASA-NOAA20,Medium,110.73287,-2.86333,False,False,False,True,False,True,Di Luar Area Pantauan (>1000m dari Desa)
Kendawangan,Natai Kuini,"Selasa, 06 Oktober 2026 01:28:00",NASA-NOAA20,Medium,110.74789,-2.86991,False,False,False,True,False,True,Di Luar Area Pantauan (>1000m dari Desa)
Kendawangan,Natai Kuini,"Selasa, 06 Oktober 2026 01:28:00",NASA-NOAA20,Medium,110.80962,-2.85792,False,False,False,False,False,False,Di Luar Area Pantauan (>1000m dari Desa)
Kendawangan,Air Hitam Besar,"Selasa, 06 Oktober 2026 01:28:00",NASA-NOAA20,Medium,110.71498,-2.8474,False,False,False,False,False,False,Di Luar Area Pantauan (>1000m dari Desa)
Kendawangan,Air Hitam Besar,"Selasa, 06 Oktober 2026 01:28:00",NASA-NOAA20,Medium,110.73817,-2.79916,False,False,False,False,False,False,Di Luar Area Pantauan (>1000m dari Desa)
Kendawangan,Air Hitam Besar,"Selasa, 06 Oktober 2026 01:28:00",NASA-NOAA20,Medium,110.71942,-2.81787,False,False,False,False,False,False,Di Luar Area Pantauan (>1000m dari Desa)
Kendawangan,Air Hitam Besar,"Selasa, 06 Oktober 2026 01:28:00",NASA-NOAA20,Medium,110.7207,-2.80943,False,False,False,False,False,False,Di Luar Area Pantauan (>1000m dari Desa)
Kendawangan,Natai Kuini,"Selasa, 06 Oktober 2026 01:28:00",NASA-NOAA20,Medium,110.82455,-2.83851,False,False,False,False,True,True,Di Luar Area Pantauan (>1000m dari Desa)
Kendawangan,Natai Kuini,"Selasa, 06 Oktober 2026 01:28:00",NASA-NOAA20,Medium,110.81087,-2.84942,False,False,False,False,False,False,Di Luar Area Pantauan (>1000m dari Desa)
Kendawangan,Natai Kuini,"Selasa, 06 Oktober 2026 01:28:00",NASA-NOAA20,Medium,110.79841,-2.85182,False,False,False,False,False,False,Di Luar Area Pantauan (>1000m dari Desa)
Kendawangan,Pembedilan,"Selasa, 06 Oktober 2026 01:28:00",NASA-NOAA20,Medium,110.4759,-2.80132,False,False,False,False,True,True,Di Luar Area Pantauan (>1000m dari Desa)
Kendawangan,Natai Kuini,"Selasa, 06 Oktober 2026 01:28:00",NASA-NOAA20,Medium,110.82273,-2.85128,False,False,False,False,True,True,Di Luar Area Pantauan (>1000m dari Desa)
Kendawangan,Natai Kuini,"Selasa, 06 Oktober 2026 01:28:00",NASA-NOAA20,Medium,110.82668,-2.85189,False,False,False,False,True,True,Di Luar Area Pantauan (>1000m dari Desa)
Kendawangan,Natai Kuini,"Selasa, 06 Oktober 2026 01:28:00",NASA-NOAA20,Medium,110.74133,-2.86027,False,False,False,True,False,True,Di Luar Area Pantauan (>1000m dari Desa)
Kendawangan,Pembedilan,"Selasa, 06 Oktober 2026 01:28:00",NASA-NOAA20,Medium,110.3075,-2.83706,False,False,False,True,True,True,Di Luar Area Pantauan (>1000m dari Desa)
Kendawangan,Air Hitam Besar,"Selasa, 06 Oktober 2026 01:28:00",NASA-NOAA20,Medium,110.73628,-2.81184,False,False,False,True,False,True,Di Luar Area Pantauan (>1000m dari Desa)
Kendawangan,Pembedilan,"Selasa, 06 Oktober 2026 01:28:00",NASA-NOAA20,Medium,110.30321,-2.8406,False,False,False,True,True,True,Di Luar Area Pantauan (>1000m dari Desa)
Kendawangan,Natai Kuini,"Selasa, 06 Oktober 2026 01:28:00",NASA-NOAA20,Medium,110.69143,-2.90022,False,False,False,False,False,False,Di Luar Area Pantauan (>1000m dari Desa)
Kendawangan,Natai Kuini,"Selasa, 06 Oktober 2026 01:28:00",NASA-NOAA20,Medium,110.74005,-2.86873,False,False,False,True,False,True,Di Luar Area Pantauan (>1000m dari Desa)
Kendawangan,Natai Kuini,"Selasa, 06 Oktober 2026 01:28:00",NASA-NOAA20,Medium,110.7518,-2.8705,False,False,False,True,False,True,Di Luar Area Pantauan (>1000m dari Desa)
Kendawangan,Air Hitam Besar,"Selasa, 06 Oktober 2026 01:28:00",NASA-NOAA20,Medium,110.71854,-2.85254,False,False,False,False,False,False,Di Luar Area Pantauan (>1000m dari Desa)
Kendawangan,Natai Kuini,"Selasa, 06 Oktober 2026 01:28:00",NASA-NOAA20,Medium,110.72244,-2.85312,False,False,False,False,False,False,Di Luar Area Pantauan (>1000m dari Desa)
Kendawangan,Air Hitam Besar,"Selasa, 06 Oktober 2026 01:28:00",NASA-NOAA20,Medium,110.71555,-2.81727,False,False,False,False,False,False,Di Luar Area Pantauan (>1000m dari Desa)
Kendawangan,Air Hitam Besar,"Selasa, 06 Oktober 2026 01:28:00",NASA-NOAA20,Medium,110.71592,-2.84351,False,False,False,False,False,False,Di Luar Area Pantauan (>1000m dari Desa)
Kendawangan,Air Hitam Besar,"Selasa, 06 Oktober 2026 01:28:00",NASA-NOAA20,Medium,110.71825,-2.85224,False,False,False,False,False,False,Di Luar Area Pantauan (>1000m dari Desa)
Kendawangan,Natai Kuini,"Selasa, 06 Oktober 2026 01:28:00",NASA-NOAA20,Medium,110.75571,-2.87109,False,False,False,True,False,True,Di Luar Area Pantauan (>1000m dari Desa)
Kendawangan,Air Hitam Besar,"Selasa, 06 Oktober 2026 01:28:00",NASA-NOAA20,Medium,110.71811,-2.8004,False,False,False,False,False,False,Di Luar Area Pantauan (>1000m dari Desa)
Kendawangan,Air Hitam Besar,"Selasa, 06 Oktober 2026 01:28:00",NASA-NOAA20,Medium,110.73753,-2.80339,False,False,False,False,False,False,Di Luar Area Pantauan (>1000m dari Desa)
Kendawangan,Air Hitam Besar,"Selasa, 06 Oktober 2026 01:28:00",NASA-NOAA20,Medium,110.72712,-2.79315,False,False,False,False,False,False,Di Luar Area Pantauan (>1000m dari Desa)
Kendawangan,Danau Buntar,"Selasa, 06 Oktober 2026 01:28:00",NASA-NOAA20,Medium,110.94318,-2.77522,False,False,False,True,False,True,Di Luar Area Pantauan (>1000m dari Desa)
Kendawangan,Seriam,"Selasa, 06 Oktober 2026 01:28:00",NASA-NOAA20,Medium,110.32883,-2.64495,False,False,False,False,True,True,Di Luar Area Pantauan (>1000m dari Desa)
Kendawangan,Natai Kuini,"Selasa, 06 Oktober 2026 01:28:00",NASA-NOAA20,Medium,110.79828,-2.85579,False,False,False,False,False,False,Di Luar Area Pantauan (>1000m dari Desa)
Kendawangan,Air Hitam Besar,"Selasa, 06 Oktober 2026 01:28:00",NASA-NOAA20,Medium,110.75115,-2.79251,False,False,False,True,False,True,Di Luar Area Pantauan (>1000m dari Desa)
Kendawangan,Air Hitam Besar,"Selasa, 06 Oktober 2026 01:28:00",NASA-NOAA20,Medium,110.69462,-2.87914,False,False,False,True,False,True,Di Luar Area Pantauan (>1000m dari Desa)
Kendawangan,Natai Kuini,"Selasa, 06 Oktober 2026 01:28:00",NASA-NOAA20,Medium,110.74853,-2.86568,False,False,False,True,False,True,Di Luar Area Pantauan (>1000m dari Desa)
Kendawangan,Natai Kuini,"Selasa, 06 Oktober 2026 01:28:00",NASA-NOAA20,Medium,110.69595,-2.8966,False,False,False,False,False,False,Di Luar Area Pantauan (>1000m dari Desa)
Kendawangan,Natai Kuini,"Selasa, 06 Oktober 2026 01:28:00",NASA-NOAA20,Medium,110.83247,-2.83974,False,False,False,False,True,True,Di Luar Area Pantauan (>1000m dari Desa)
Kendawangan,Natai Kuini,"Selasa, 06 Oktober 2026 01:28:00",NASA-NOAA20,Medium,110.80424,-2.8397,False,False,False,False,False,False,Di Luar Area Pantauan (>1000m dari Desa)
Kendawangan,Natai Kuini,"Selasa, 06 Oktober 2026 01:28:00",NASA-NOAA20,Medium,110.83186,-2.844,False,False,False,False,True,True,Di Luar Area Pantauan (>1000m dari Desa)
Kendawangan,Pembedilan,"Selasa, 06 Oktober 2026 01:28:00",NASA-NOAA20,Medium,110.44109,-2.77892,False,False,False,False,True,True,Di Luar Area Pantauan (>1000m dari Desa)
Kendawangan,Pembedilan,"Selasa, 06 Oktober 2026 12:27:00",NASA-NOAA20,Medium,110.30118,-2.83977,False,False,False,True,True,True,Di Luar Area Pantauan (>1000m dari Desa)
Kendawangan,Natai Kuini,"Selasa, 06 Oktober 2026 12:27:00",NASA-NOAA20,Medium,110.79034,-2.84813,False,False,False,False,False,False,Di Luar Area Pantauan (>1000m dari Desa)
Kendawangan,Natai Kuini,"Selasa, 06 Oktober 2026 12:27:00",NASA-NOAA20,Medium,110.79455,-2.8475,False,False,False,False,False,False,Di Luar Area Pantauan (>1000m dari Desa)
Kendawangan,Natai Kuini,"Selasa, 06 Oktober 2026 12:27:00",NASA-NOAA20,Medium,110.86812,-2.82468,False,False,False,False,True,True,Di Luar Area Pantauan (>1000m dari Desa)
Kendawangan,Natai Kuini,"Selasa, 06 Oktober 2026 12:27:00",NASA-NOAA20,Medium,110.80035,-2.85865,False,False,False,False,False,False,Di Luar Area Pantauan (>1000m dari Desa)
Kendawangan,Natai Kuini,"Selasa, 06 Oktober 2026 12:27:00",NASA-NOAA20,Medium,110.79953,-2.85277,False,False,False,False,False,False,Di Luar Area Pantauan (>1000m dari Desa)
Kendawangan,Air Hitam Besar,"Selasa, 06 Oktober 2026 12:27:00",NASA-NOAA20,Medium,110.80539,-2.77396,False,False,False,True,True,True,Di Luar Area Pantauan (>1000m dari Desa)
Kendawangan,Natai Kuini,"Selasa, 06 Oktober 2026 12:27:00",NASA-NOAA20,Medium,110.86404,-2.78399,False,False,False,False,True,True,Di Luar Area Pantauan (>1000m dari Desa)
Kendawangan,Air Hitam Besar,"Selasa, 06 Oktober 2026 12:27:00",NASA-NOAA20,Medium,110.80313,-2.77525,False,False,False,True,True,True,Di Luar Area Pantauan (>1000m dari Desa)
Kendawangan,Danau Buntar,"Selasa, 06 Oktober 2026 12:27:00",NASA-NOAA20,Medium,110.91303,-2.7706,False,False,False,False,False,False,Di Luar Area Pantauan (>1000m dari Desa)
Kendawangan,Air Hitam Besar,"Selasa, 06 Oktober 2026 12:27:00",NASA-NOAA20,Medium,110.80731,-2.77462,False,False,False,True,True,True,Di Luar Area Pantauan (>1000m dari Desa)
Kendawangan,Natai Kuini,"Selasa, 06 Oktober 2026 12:27:00",NASA-NOAA20,Medium,110.79531,-2.85339,False,False,False,False,False,False,Di Luar Area Pantauan (>1000m dari Desa)
Kendawangan,Natai Kuini,"Selasa, 06 Oktober 2026 12:27:00",NASA-NOAA20,Medium,110.79792,-2.841,False,False,False,False,False,False,Di Luar Area Pantauan (>1000m dari Desa)
Kendawangan,Natai Kuini,"Selasa, 06 Oktober 2026 12:27:00",NASA-NOAA20,Medium,110.81216,-2.85089,False,False,False,False,False,False,Di Luar Area Pantauan (>1000m dari Desa)
Kendawangan,Natai Kuini,"Selasa, 06 Oktober 2026 12:27:00",NASA-NOAA20,Medium,110.75894,-2.87082,False,False,False,True,False,True,Di Luar Area Pantauan (>1000m dari Desa)
Kendawangan,Natai Kuini,"Selasa, 06 Oktober 2026 12:27:00",NASA-NOAA20,Medium,110.7581,-2.86493,False,False,False,True,False,True,Di Luar Area Pantauan (>1000m dari Desa)
Kendawangan,Natai Kuini,"Selasa, 06 Oktober 2026 12:27:00",NASA-NOAA20,Medium,110.80455,-2.85802,False,False,False,False,False,False,Di Luar Area Pantauan (>1000m dari Desa)
Kendawangan,Natai Kuini,"Selasa, 06 Oktober 2026 12:27:00",NASA-NOAA20,Medium,110.79614,-2.85927,False,False,False,False,False,False,Di Luar Area Pantauan (>1000m dari Desa)
Kendawangan,Natai Kuini,"Selasa, 06 Oktober 2026 12:27:00",NASA-NOAA20,Medium,110.75388,-2.86556,False,False,False,True,False,True,Di Luar Area Pantauan (>1000m dari Desa)
Kendawangan,Natai Kuini,"Selasa, 06 Oktober 2026 12:27:00",NASA-NOAA20,Medium,110.81297,-2.85677,False,False,False,False,False,False,Di Luar Area Pantauan (>1000m dari Desa)
Kendawangan,Natai Kuini,"Selasa, 06 Oktober 2026 12:27:00",NASA-NOAA20,Medium,110.80538,-2.8639,False,False,False,False,False,False,Di Luar Area Pantauan (>1000m dari Desa)
Kendawangan,Natai Kuini,"Selasa, 06 Oktober 2026 12:27:00",NASA-NOAA20,Medium,110.81715,-2.85615,False,False,False,False,False,False,Di Luar Area Pantauan (>1000m dari Desa)
Manis Mata,Suka Ramai,"Selasa, 06 Oktober 2026 12:27:00",NASA-NOAA20,Medium,111.05799,-2.77905,False,False,True,False,False,True,Di Luar Area Pantauan (>1000m dari Desa)
Kendawangan,Natai Kuini,"Selasa, 06 Oktober 2026 12:27:00",NASA-NOAA20,Medium,110.80795,-2.85152,False,False,False,False,False,False,Di Luar Area Pantauan (>1000m dari Desa)
Kendawangan,Natai Kuini,"Selasa, 06 Oktober 2026 12:27:00",NASA-NOAA20,Medium,110.80714,-2.84564,False,False,False,False,False,False,Di Luar Area Pantauan (>1000m dari Desa)
Manis Mata,Suka Ramai,"Selasa, 06 Oktober 2026 12:27:00",NASA-NOAA20,Medium,111.05396,-2.77963,False,False,True,False,False,True,Di Luar Area Pantauan (>1000m dari Desa)
Kendawangan,Pembedilan,"Selasa, 06 Oktober 2026 12:27:00",NASA-NOAA20,Medium,110.29659,-2.84043,False,False,False,False,True,True,Di Luar Area Pantauan (>1000m dari Desa)
Kendawangan,Pembedilan,"Selasa, 06 Oktober 2026 12:27:00",NASA-NOAA20,Medium,110.29446,-2.83935,False,False,False,True,True,True,Di Luar Area Pantauan (>1000m dari Desa)
Kendawangan,Natai Kuini,"Selasa, 06 Oktober 2026 12:27:00",NASA-NOAA20,Medium,110.85987,-2.78462,False,False,False,False,True,True,Di Luar Area Pantauan (>1000m dari Desa)
Jangkang,Balai Sebut,"Selasa, 06 Oktober 2026 12:27:00",NASA-NOAA20,Medium,110.83498,0.42618,False,False,False,False,False,False,Di Luar Area Pantauan (>1000m dari Desa)
Ketungau Tengah,Landau Temiang,"Selasa, 06 Oktober 2026 12:27:00",NASA-NOAA20,Medium,111.70264,0.75856,False,False,False,False,True,True,Di Luar Area Pantauan (>1000m dari Desa)
Ketungau Tengah,Swadaya,"Selasa, 06 Oktober 2026 12:27:00",NASA-NOAA20,Medium,111.46487,0.74336,False,False,False,False,False,False,Di Luar Area Pantauan (>1000m dari Desa)
Ketungau Tengah,Swadaya,"Selasa, 06 Oktober 2026 12:27:00",NASA-NOAA20,Medium,111.47394,0.7502,False,False,False,False,False,False,Di Luar Area Pantauan (>1000m dari Desa)
Ketungau Tengah,Swadaya,"Selasa, 06 Oktober 2026 12:27:00",NASA-NOAA20,Medium,111.47064,0.74969,False,False,False,False,False,False,Di Luar Area Pantauan (>1000m dari Desa)
Ketungau Tengah,Swadaya,"Selasa, 06 Oktober 2026 12:27:00",NASA-NOAA20,Medium,111.4651,0.74198,False,False,False,False,False,False,Di Luar Area Pantauan (>1000m dari Desa)
Ketungau Tengah,Swadaya,"Selasa, 06 Oktober 2026 12:27:00",NASA-NOAA20,Medium,111.47087,0.74837,False,False,False,False,False,False,Di Luar Area Pantauan (>1000m dari Desa)
Ketungau Tengah,Radin Jaya,"Selasa, 06 Oktober 2026 12:27:00",NASA-NOAA20,Medium,111.61327,0.82531,False,False,False,False,False,False,Di Luar Area Pantauan (>1000m dari Desa)
Ketungau Tengah,Nanga Kelapan,"Selasa, 06 Oktober 2026 12:27:00",NASA-NOAA20,Medium,111.3893,0.9082,False,False,False,False,False,False,Di Luar Area Pantauan (>1000m dari Desa)
Pulau Maya,Tanjungsatai,"Selasa, 06 Oktober 2026 12:27:00",NASA-NOAA20,Medium,109.65947,-1.21064,False,False,False,False,False,False,Di Luar Area Pantauan (>1000m dari Desa)
Jangkang,Balai Sebut,"Selasa, 06 Oktober 2026 12:27:00",NASA-NOAA20,Medium,110.83213,0.42458,False,False,False,False,False,False,Di Luar Area Pantauan (>1000m dari Desa)
Ketungau Tengah,Landau Temiang,"Selasa, 06 Oktober 2026 12:27:00",NASA-NOAA20,Medium,111.6749,0.72738,False,False,False,False,True,True,Di Luar Area Pantauan (>1000m dari Desa)
Ketungau Tengah,Nanga Kelapan,"Selasa, 06 Oktober 2026 12:27:00",NASA-NOAA20,Medium,111.38595,0.90767,False,False,False,False,True,True,Di Luar Area Pantauan (>1000m dari Desa)
Ketungau Tengah,Landau Temiang,"Selasa, 06 Oktober 2026 12:27:00",NASA-NOAA20,Medium,111.7058,0.75905,False,False,False,False,True,True,Di Luar Area Pantauan (>1000m dari Desa)
Ketungau Tengah,Mungguk Lawang,"Selasa, 06 Oktober 2026 12:27:00",NASA-NOAA20,Medium,111.68346,0.6696,False,False,False,False,True,True,Di Luar Area Pantauan (>1000m dari Desa)
Tempunak,Mensiap Jaya,"Selasa, 06 Oktober 2026 12:27:00",NASA-NOAA20,Medium,111.34299,0.09186,False,False,False,True,False,True,Di Luar Area Pantauan (>1000m dari Desa)
Tempunak,Mensiap Jaya,"Selasa, 06 Oktober 2026 12:27:00",NASA-NOAA20,Medium,111.34291,0.09389,False,False,False,True,False,True,Di Luar Area Pantauan (>1000m dari Desa)
Sekayam,Melenggang,"Selasa, 06 Oktober 2026 01:09:00",NASA-SNPP,Medium,110.7081,0.79964,False,False,False,False,False,False,Di Luar Area Pantauan (>1000m dari Desa)
Kelam Permai,Sungai Lais,"Selasa, 06 Oktober 2026 01:09:00",NASA-SNPP,Medium,111.69562,0.15477,False,False,False,False,False,False,Di Luar Area Pantauan (>1000m dari Desa)
Sintang,Teluk Kelansam,"Selasa, 06 Oktober 2026 01:09:00",NASA-SNPP,Medium,111.39554,0.15554,False,False,False,True,False,True,Di Luar Area Pantauan (>1000m dari Desa)
Semitau,Sekedau,"Selasa, 06 Oktober 2026 01:09:00",NASA-SNPP,Medium,111.77912,0.52765,False,False,False,True,False,True,Di Luar Area Pantauan (>1000m dari Desa)
Silat Hilir,Sentabai,"Selasa, 06 Oktober 2026 01:09:00",NASA-SNPP,Medium,111.77859,0.52432,False,False,True,True,False,True,Di Luar Area Pantauan (>1000m dari Desa)
Sayan,Karangan Purun,"Selasa, 06 Oktober 2026 01:09:00",NASA-SNPP,Medium,111.67181,-0.65653,False,False,False,False,False,False,Di Luar Area Pantauan (>1000m dari Desa)
Sayan,Karangan Purun,"Selasa, 06 Oktober 2026 01:09:00",NASA-SNPP,Medium,111.6713,-0.65986,False,False,False,False,False,False,Di Luar Area Pantauan (>1000m dari Desa)
Hulu Sungai,Sunge Bengaras,"Selasa, 06 Oktober 2026 01:09:00",NASA-SNPP,Medium,110.81086,-0.7394,False,False,True,False,False,True,Di Luar Area Pantauan (>1000m dari Desa)
Hulu Sungai,Sunge Bengaras,"Selasa, 06 Oktober 2026 01:09:00",NASA-SNPP,Medium,110.81033,-0.74278,False,False,False,False,False,False,Di Luar Area Pantauan (>1000m dari Desa)
Simpang Hilir,Lubuk Batu,"Selasa, 06 Oktober 2026 01:11:00",NASA-SNPP,Medium,110.12518,-0.93369,False,False,False,False,False,False,Di Luar Area Pantauan (>1000m dari Desa)
Simpang Hilir,Lubuk Batu,"Selasa, 06 Oktober 2026 01:11:00",NASA-SNPP,Medium,110.12301,-0.94744,False,False,False,False,False,False,Di Luar Area Pantauan (>1000m dari Desa)
Simpang Hilir,Lubuk Batu,"Selasa, 06 Oktober 2026 01:11:00",NASA-SNPP,Medium,110.12572,-0.93025,False,False,False,False,False,False,Di Luar Area Pantauan (>1000m dari Desa)
Simpang Hilir,Lubuk Batu,"Selasa, 06 Oktober 2026 01:11:00",NASA-SNPP,Medium,110.11559,-0.94625,False,False,False,False,False,False,Di Luar Area Pantauan (>1000m dari Desa)
Hulu Sungai,Cinta Manis,"Selasa, 06 Oktober 2026 01:11:00",NASA-SNPP,Medium,110.82161,-1.13515,False,False,True,False,True,True,Di Luar Area Pantauan (>1000m dari Desa)
Nanga Tayap,Pangkalan Teluk,"Selasa, 06 Oktober 2026 01:11:00",NASA-SNPP,Medium,110.33788,-1.34124,False,False,True,False,True,True,Di Luar Area Pantauan (>1000m dari Desa)
Nanga Tayap,Pangkalan Teluk,"Selasa, 06 Oktober 2026 01:11:00",NASA-SNPP,Medium,110.33512,-1.30938,False,False,True,False,True,True,Di Luar Area Pantauan (>1000m dari Desa)
Nanga Tayap,Pangkalan Teluk,"Selasa, 06 Oktober 2026 01:11:00",NASA-SNPP,Medium,110.3424,-1.31054,False,False,True,False,True,True,Di Luar Area Pantauan (>1000m dari Desa)
Nanga Tayap,Sepakat Jaya,"Selasa, 06 Oktober 2026 01:11:00",NASA-SNPP,Medium,110.69043,-1.46436,False,False,True,False,False,True,Di Luar Area Pantauan (>1000m dari Desa)
Nanga Tayap,Simpang Tiga Sembelangaan,"Selasa, 06 Oktober 2026 01:11:00",NASA-SNPP,Medium,110.39954,-1.41774,False,False,False,False,False,False,Di Luar Area Pantauan (>1000m dari Desa)
Matan Hilir Utara,Kuala Tolak,"Selasa, 06 Oktober 2026 01:11:00",NASA-SNPP,Medium,110.14022,-1.4253,False,False,False,True,False,True,Di Luar Area Pantauan (>1000m dari Desa)
Matan Hilir Utara,Kuala Tolak,"Selasa, 06 Oktober 2026 01:11:00",NASA-SNPP,Medium,110.13653,-1.42471,False,False,False,True,False,True,Di Luar Area Pantauan (>1000m dari Desa)
Matan Hilir Utara,Lamon Satong,"Selasa, 06 Oktober 2026 01:11:00",NASA-SNPP,Medium,110.27229,-1.42181,False,False,True,False,False,True,Di Luar Area Pantauan (>1000m dari Desa)
Matan Hilir Utara,Lamon Satong,"Selasa, 06 Oktober 2026 01:11:00",NASA-SNPP,Medium,110.27483,-1.42921,False,False,True,False,False,True,Di Luar Area Pantauan (>1000m dari Desa)
Matan Hilir Utara,Kuala Tolak,"Selasa, 06 Oktober 2026 01:11:00",NASA-SNPP,Medium,110.14712,-1.48175,False,False,False,True,False,True,Di Luar Area Pantauan (>1000m dari Desa)
Matan Hilir Utara,Kuala Tolak,"Selasa, 06 Oktober 2026 01:11:00",NASA-SNPP,Medium,110.15134,-1.47892,False,False,True,True,False,True,Di Luar Area Pantauan (>1000m dari Desa)
Nanga Tayap,Simpang Tiga Sembelangaan,"Selasa, 06 Oktober 2026 01:11:00",NASA-SNPP,Medium,110.39538,-1.42056,False,False,False,False,False,False,Di Luar Area Pantauan (>1000m dari Desa)
Nanga Tayap,Betenung,"Selasa, 06 Oktober 2026 01:11:00",NASA-SNPP,Medium,110.86597,-1.62113,False,False,True,False,False,True,Di Luar Area Pantauan (>1000m dari Desa)
Muara Pawan,Ulak Medang,"Selasa, 06 Oktober 2026 01:11:00",NASA-SNPP,Medium,110.25631,-1.52728,False,False,True,True,False,True,Di Luar Area Pantauan (>1000m dari Desa)
Muara Pawan,Ulak Medang,"Selasa, 06 Oktober 2026 01:11:00",NASA-SNPP,Medium,110.29892,-1.54107,False,False,True,True,False,True,Di Luar Area Pantauan (>1000m dari Desa)
Muara Pawan,Ulak Medang,"Selasa, 06 Oktober 2026 01:11:00",NASA-SNPP,Medium,110.30148,-1.54846,False,False,True,True,False,True,Di Luar Area Pantauan (>1000m dari Desa)
Muara Pawan,Ulak Medang,"Selasa, 06 Oktober 2026 01:11:00",NASA-SNPP,Medium,110.29784,-1.54788,False,False,True,True,False,True,Di Luar Area Pantauan (>1000m dari Desa)
Nanga Tayap,Cegolak,"Selasa, 06 Oktober 2026 01:11:00",NASA-SNPP,Medium,110.74438,-1.60863,False,False,True,False,False,True,Di Luar Area Pantauan (>1000m dari Desa)
Muara Pawan,Ulak Medang,"Selasa, 06 Oktober 2026 01:11:00",NASA-SNPP,Medium,110.25212,-1.5301,False,False,True,True,False,True,Di Luar Area Pantauan (>1000m dari Desa)
Nanga Tayap,Cegolak,"Selasa, 06 Oktober 2026 01:11:00",NASA-SNPP,Medium,110.74038,-1.61144,False,False,True,False,False,True,Di Luar Area Pantauan (>1000m dari Desa)
Muara Pawan,Ulak Medang,"Selasa, 06 Oktober 2026 01:11:00",NASA-SNPP,Medium,110.30202,-1.54505,False,False,True,True,False,True,Di Luar Area Pantauan (>1000m dari Desa)
Muara Pawan,Ulak Medang,"Selasa, 06 Oktober 2026 01:11:00",NASA-SNPP,Medium,110.29731,-1.55128,False,False,True,True,False,True,Di Luar Area Pantauan (>1000m dari Desa)
Matan Hilir Utara,Lamon Satong,"Selasa, 06 Oktober 2026 01:11:00",NASA-SNPP,Medium,110.27285,-1.41841,False,False,True,False,False,True,Di Luar Area Pantauan (>1000m dari Desa)
Muara Pawan,Ulak Medang,"Selasa, 06 Oktober 2026 01:11:00",NASA-SNPP,Medium,110.3004,-1.55527,False,False,True,True,False,True,Di Luar Area Pantauan (>1000m dari Desa)
Muara Pawan,Ulak Medang,"Selasa, 06 Oktober 2026 01:11:00",NASA-SNPP,Medium,110.29623,-1.55809,False,False,True,True,False,True,Di Luar Area Pantauan (>1000m dari Desa)
Muara Pawan,Ulak Medang,"Selasa, 06 Oktober 2026 01:11:00",NASA-SNPP,Medium,110.29259,-1.55751,False,False,True,True,False,True,Di Luar Area Pantauan (>1000m dari Desa)
Muara Pawan,Ulak Medang,"Selasa, 06 Oktober 2026 01:11:00",NASA-SNPP,Medium,110.30349,-1.55925,False,False,True,True,False,True,Di Luar Area Pantauan (>1000m dari Desa)
Muara Pawan,Ulak Medang,"Selasa, 06 Oktober 2026 01:11:00",NASA-SNPP,Medium,110.28894,-1.55694,False,False,True,True,False,True,Di Luar Area Pantauan (>1000m dari Desa)
Muara Pawan,Ulak Medang,"Selasa, 06 Oktober 2026 01:11:00",NASA-SNPP,Medium,110.30511,-1.54903,False,False,False,True,False,True,Di Luar Area Pantauan (>1000m dari Desa)
Muara Pawan,Ulak Medang,"Selasa, 06 Oktober 2026 01:11:00",NASA-SNPP,Medium,110.30093,-1.55186,False,False,True,True,False,True,Di Luar Area Pantauan (>1000m dari Desa)
Nanga Tayap,Betenung,"Selasa, 06 Oktober 2026 01:11:00",NASA-SNPP,Medium,110.80868,-1.5453,False,False,True,False,False,True,Di Luar Area Pantauan (>1000m dari Desa)
Nanga Tayap,Pateh Benteng,"Selasa, 06 Oktober 2026 01:11:00",NASA-SNPP,Medium,110.56741,-1.64276,False,False,False,False,False,False,Di Luar Area Pantauan (>1000m dari Desa)
Matan Hilir Utara,Sungai Putri,"Selasa, 06 Oktober 2026 01:11:00",NASA-SNPP,Medium,110.10676,-1.57012,False,False,True,True,False,True,Di Luar Area Pantauan (>1000m dari Desa)
Nanga Tayap,Batu Mas,"Selasa, 06 Oktober 2026 01:11:00",NASA-SNPP,Medium,110.62295,-1.66318,False,False,False,False,False,False,Di Luar Area Pantauan (>1000m dari Desa)
Nanga Tayap,Batu Mas,"Selasa, 06 Oktober 2026 01:11:00",NASA-SNPP,Medium,110.66022,-1.65742,False,False,True,False,False,True,Di Luar Area Pantauan (>1000m dari Desa)
Nanga Tayap,Batu Mas,"Selasa, 06 Oktober 2026 01:11:00",NASA-SNPP,Medium,110.65661,-1.65821,False,False,True,False,False,True,Di Luar Area Pantauan (>1000m dari Desa)
Nanga Tayap,Batu Mas,"Selasa, 06 Oktober 2026 01:11:00",NASA-SNPP,Medium,110.66016,-1.65878,False,False,True,False,False,True,Di Luar Area Pantauan (>1000m dari Desa)
Nanga Tayap,Betenung,"Selasa, 06 Oktober 2026 01:11:00",NASA-SNPP,Medium,110.8709,-1.61159,False,False,False,False,False,False,Di Luar Area Pantauan (>1000m dari Desa)
Tumbang Titi,Serengkah Kanan,"Selasa, 06 Oktober 2026 01:11:00",NASA-SNPP,Medium,110.77473,-1.7633,False,False,True,False,False,True,Di Luar Area Pantauan (>1000m dari Desa)
Tumbang Titi,Serengkah Kanan,"Selasa, 06 Oktober 2026 01:11:00",NASA-SNPP,Medium,110.77776,-1.76722,False,False,True,False,False,True,Di Luar Area Pantauan (>1000m dari Desa)
Nanga Tayap,Sungai Kelik,"Selasa, 06 Oktober 2026 01:11:00",NASA-SNPP,Medium,110.30564,-1.54563,False,False,True,True,False,True,Di Luar Area Pantauan (>1000m dari Desa)
Muara Pawan,Ulak Medang,"Selasa, 06 Oktober 2026 01:11:00",NASA-SNPP,Medium,110.29205,-1.56092,False,False,True,True,False,True,Di Luar Area Pantauan (>1000m dari Desa)
Nanga Tayap,Cegolak,"Selasa, 06 Oktober 2026 01:11:00",NASA-SNPP,Medium,110.73686,-1.61088,False,False,True,False,False,True,Di Luar Area Pantauan (>1000m dari Desa)
Muara Pawan,Ulak Medang,"Selasa, 06 Oktober 2026 01:11:00",NASA-SNPP,Medium,110.29839,-1.54447,False,False,True,True,False,True,Di Luar Area Pantauan (>1000m dari Desa)
Nanga Tayap,Cegolak,"Selasa, 06 Oktober 2026 01:11:00",NASA-SNPP,Medium,110.73326,-1.61031,False,False,True,False,False,True,Di Luar Area Pantauan (>1000m dari Desa)
Jelai Hulu,Pasir Mayang,"Selasa, 06 Oktober 2026 01:11:00",NASA-SNPP,Medium,110.77077,-1.79149,False,False,False,False,False,False,Di Luar Area Pantauan (>1000m dari Desa)
Muara Pawan,Ulak Medang,"Selasa, 06 Oktober 2026 01:11:00",NASA-SNPP,Medium,110.28477,-1.55976,False,False,True,True,False,True,Di Luar Area Pantauan (>1000m dari Desa)
Muara Pawan,Ulak Medang,"Selasa, 06 Oktober 2026 01:11:00",NASA-SNPP,Medium,110.28423,-1.56317,False,False,True,True,False,True,Di Luar Area Pantauan (>1000m dari Desa)
Muara Pawan,Ulak Medang,"Selasa, 06 Oktober 2026 01:11:00",NASA-SNPP,Medium,110.28841,-1.56034,False,False,True,True,False,True,Di Luar Area Pantauan (>1000m dari Desa)
Nanga Tayap,Batu Mas,"Selasa, 06 Oktober 2026 01:11:00",NASA-SNPP,Medium,110.64957,-1.65573,False,False,True,False,False,True,Di Luar Area Pantauan (>1000m dari Desa)
Nanga Tayap,Batu Mas,"Selasa, 06 Oktober 2026 01:11:00",NASA-SNPP,Medium,110.65305,-1.65764,False,False,True,False,False,True,Di Luar Area Pantauan (>1000m dari Desa)
Matan Hilir Utara,Sungai Putri,"Selasa, 06 Oktober 2026 01:11:00",NASA-SNPP,Medium,110.1072,-1.56979,False,False,True,True,False,True,Di Luar Area Pantauan (>1000m dari Desa)
Nanga Tayap,Batu Mas,"Selasa, 06 Oktober 2026 01:11:00",NASA-SNPP,Medium,110.6495,-1.65707,False,False,True,False,False,True,Di Luar Area Pantauan (>1000m dari Desa)
Tumbang Titi,Beringin Rayo,"Selasa, 06 Oktober 2026 01:11:00",NASA-SNPP,Medium,110.76217,-1.75097,False,False,True,False,False,True,Di Luar Area Pantauan (>1000m dari Desa)
Jelai Hulu,Pasir Mayang,"Selasa, 06 Oktober 2026 01:11:00",NASA-SNPP,Medium,110.7912,-1.7982,False,False,False,False,False,False,Di Luar Area Pantauan (>1000m dari Desa)
Marau,Suka Karya,"Selasa, 06 Oktober 2026 01:11:00",NASA-SNPP,Medium,110.75344,-2.15158,False,False,False,False,False,False,Di Luar Area Pantauan (>1000m dari Desa)
Marau,Suka Karya,"Selasa, 06 Oktober 2026 01:11:00",NASA-SNPP,Medium,110.75396,-2.14822,False,False,False,False,False,False,Di Luar Area Pantauan (>1000m dari Desa)
Tumbang Titi,Titi Baru,"Selasa, 06 Oktober 2026 01:11:00",NASA-SNPP,Medium,110.61212,-1.87449,False,False,False,False,False,False,Di Luar Area Pantauan (>1000m dari Desa)
Matan Hilir Selatan,Sungai Nanjung,"Selasa, 06 Oktober 2026 01:11:00",NASA-SNPP,Medium,110.19469,-2.14258,False,False,True,True,False,True,Di Luar Area Pantauan (>1000m dari Desa)
Jelai Hulu,Semantun,"Selasa, 06 Oktober 2026 01:11:00",NASA-SNPP,Medium,111.05969,-1.96671,False,False,True,False,False,True,Di Luar Area Pantauan (>1000m dari Desa)
Manis Mata,Silat,"Selasa, 06 Oktober 2026 01:11:00",NASA-SNPP,Medium,110.96665,-2.28342,False,False,False,False,False,False,Di Luar Area Pantauan (>1000m dari Desa)
Matan Hilir Selatan,Sungai Nanjung,"Selasa, 06 Oktober 2026 01:11:00",NASA-SNPP,Medium,110.27634,-2.16614,False,False,True,True,True,True,Di Luar Area Pantauan (>1000m dari Desa)
Kendawangan,Kedondong,"Selasa, 06 Oktober 2026 01:11:00",NASA-SNPP,Medium,110.30049,-2.27165,False,False,False,False,False,False,Di Luar Area Pantauan (>1000m dari Desa)
Matan Hilir Selatan,Pagar Mentimun,"Selasa, 06 Oktober 2026 01:11:00",NASA-SNPP,Medium,110.16206,-2.25639,False,False,True,True,False,True,Di Luar Area Pantauan (>1000m dari Desa)
Kendawangan,Pangkalan Batu,"Selasa, 06 Oktober 2026 01:11:00",NASA-SNPP,Medium,110.38163,-2.27079,False,False,False,False,False,False,Di Luar Area Pantauan (>1000m dari Desa)
Kendawangan,Pangkalan Batu,"Selasa, 06 Oktober 2026 01:11:00",NASA-SNPP,Medium,110.38522,-2.27137,False,False,False,False,False,False,Di Luar Area Pantauan (>1000m dari Desa)
Jelai Hulu,Teluk Runjai,"Selasa, 06 Oktober 2026 01:11:00",NASA-SNPP,Medium,110.75887,-1.98066,False,False,False,False,False,False,Di Luar Area Pantauan (>1000m dari Desa)
Marau,Randai,"Selasa, 06 Oktober 2026 01:11:00",NASA-SNPP,Medium,110.45094,-2.06172,False,False,False,False,False,False,Di Luar Area Pantauan (>1000m dari Desa)
Matan Hilir Selatan,Sungai Nanjung,"Selasa, 06 Oktober 2026 01:11:00",NASA-SNPP,Medium,110.18125,-2.13344,False,False,True,True,False,True,Di Luar Area Pantauan (>1000m dari Desa)
Kendawangan,Air Tarap,"Selasa, 06 Oktober 2026 01:11:00",NASA-SNPP,Medium,110.86753,-2.54603,False,False,False,False,False,False,Di Luar Area Pantauan (>1000m dari Desa)
Kendawangan,Air Tarap,"Selasa, 06 Oktober 2026 01:11:00",NASA-SNPP,Medium,110.85703,-2.54437,False,False,False,False,False,False,Di Luar Area Pantauan (>1000m dari Desa)
Matan Hilir Selatan,Sungai Nanjung,"Selasa, 06 Oktober 2026 01:11:00",NASA-SNPP,Medium,110.18488,-2.13402,False,False,True,True,False,True,Di Luar Area Pantauan (>1000m dari Desa)
Kendawangan,Air Hitam Besar,"Selasa, 06 Oktober 2026 01:11:00",NASA-SNPP,Medium,110.68833,-2.63299,False,False,True,False,False,True,Di Luar Area Pantauan (>1000m dari Desa)
Manis Mata,Seguling,"Selasa, 06 Oktober 2026 01:11:00",NASA-SNPP,Medium,111.10306,-2.66113,False,False,True,True,False,True,Di Luar Area Pantauan (>1000m dari Desa)
Manis Mata,Seguling,"Selasa, 06 Oktober 2026 01:11:00",NASA-SNPP,Medium,111.10654,-2.66168,False,False,False,True,False,True,Di Luar Area Pantauan (>1000m dari Desa)
Manis Mata,Seguling,"Selasa, 06 Oktober 2026 01:11:00",NASA-SNPP,Medium,111.10358,-2.6578,False,False,False,True,False,True,Di Luar Area Pantauan (>1000m dari Desa)
Manis Mata,Seguling,"Selasa, 06 Oktober 2026 01:11:00",NASA-SNPP,Medium,111.10601,-2.66502,False,False,False,True,False,True,Di Luar Area Pantauan (>1000m dari Desa)
Kendawangan,Danau Buntar,"Selasa, 06 Oktober 2026 01:11:00",NASA-SNPP,Medium,110.94614,-2.775,False,False,False,False,False,False,Di Luar Area Pantauan (>1000m dari Desa)
Kendawangan,Seriam,"Selasa, 06 Oktober 2026 01:11:00",NASA-SNPP,Medium,110.29765,-2.66522,False,False,False,False,True,True,Di Luar Area Pantauan (>1000m dari Desa)
Kendawangan,Air Hitam Besar,"Selasa, 06 Oktober 2026 01:11:00",NASA-SNPP,Medium,110.73016,-2.80455,False,False,False,False,False,False,Di Luar Area Pantauan (>1000m dari Desa)
Kendawangan,Air Hitam Besar,"Selasa, 06 Oktober 2026 01:11:00",NASA-SNPP,Medium,110.70609,-2.79728,False,False,False,False,False,False,Di Luar Area Pantauan (>1000m dari Desa)
Kendawangan,Air Hitam Besar,"Selasa, 06 Oktober 2026 01:11:00",NASA-SNPP,Medium,110.73207,-2.81516,False,False,False,True,False,True,Di Luar Area Pantauan (>1000m dari Desa)
Kendawangan,Air Hitam Besar,"Selasa, 06 Oktober 2026 01:11:00",NASA-SNPP,Medium,110.80256,-2.77837,False,False,False,True,True,True,Di Luar Area Pantauan (>1000m dari Desa)
Air Upas,Gahang,"Selasa, 06 Oktober 2026 01:11:00",NASA-SNPP,Medium,110.75576,-2.3446,False,False,False,False,False,False,Di Luar Area Pantauan (>1000m dari Desa)
Kendawangan,Natai Kuini,"Selasa, 06 Oktober 2026 01:11:00",NASA-SNPP,Medium,110.92289,-2.78733,False,False,True,True,False,True,Di Luar Area Pantauan (>1000m dari Desa)
Kendawangan,Seriam,"Selasa, 06 Oktober 2026 01:11:00",NASA-SNPP,Medium,110.37987,-2.70368,False,False,False,False,True,True,Di Luar Area Pantauan (>1000m dari Desa)
Kendawangan,Air Hitam Besar,"Selasa, 06 Oktober 2026 01:11:00",NASA-SNPP,Medium,110.80203,-2.78171,False,False,False,True,True,True,Di Luar Area Pantauan (>1000m dari Desa)
Kendawangan,Air Hitam Besar,"Selasa, 06 Oktober 2026 01:11:00",NASA-SNPP,Medium,110.80145,-2.78505,False,False,True,True,True,True,Di Luar Area Pantauan (>1000m dari Desa)
Kendawangan,Air Hitam Besar,"Selasa, 06 Oktober 2026 01:11:00",NASA-SNPP,Medium,110.80495,-2.78561,False,False,False,True,True,True,Di Luar Area Pantauan (>1000m dari Desa)
Kendawangan,Air Hitam Besar,"Selasa, 06 Oktober 2026 01:11:00",NASA-SNPP,Medium,110.79848,-2.78114,False,False,True,True,True,True,Di Luar Area Pantauan (>1000m dari Desa)
Kendawangan,Air Hitam Besar,"Selasa, 06 Oktober 2026 01:11:00",NASA-SNPP,Medium,110.73929,-2.79228,False,False,False,True,False,True,Di Luar Area Pantauan (>1000m dari Desa)
Kendawangan,Natai Kuini,"Selasa, 06 Oktober 2026 01:11:00",NASA-SNPP,Medium,110.94552,-2.82518,False,False,False,True,False,True,Di Luar Area Pantauan (>1000m dari Desa)
Kendawangan,Air Hitam Besar,"Selasa, 06 Oktober 2026 01:11:00",NASA-SNPP,Medium,110.7428,-2.79283,False,False,False,True,False,True,Di Luar Area Pantauan (>1000m dari Desa)
Kendawangan,Air Hitam Besar,"Selasa, 06 Oktober 2026 01:11:00",NASA-SNPP,Medium,110.72611,-2.80734,False,False,False,False,False,False,Di Luar Area Pantauan (>1000m dari Desa)
Kendawangan,Air Hitam Besar,"Selasa, 06 Oktober 2026 01:11:00",NASA-SNPP,Medium,110.61246,-2.79611,False,False,False,False,False,False,Di Luar Area Pantauan (>1000m dari Desa)
Kendawangan,Air Hitam Besar,"Selasa, 06 Oktober 2026 01:11:00",NASA-SNPP,Medium,110.71259,-2.80175,False,False,False,False,False,False,Di Luar Area Pantauan (>1000m dari Desa)
Kendawangan,Air Hitam Besar,"Selasa, 06 Oktober 2026 01:11:00",NASA-SNPP,Medium,110.70908,-2.80119,False,False,False,False,False,False,Di Luar Area Pantauan (>1000m dari Desa)
Kendawangan,Air Hitam Besar,"Selasa, 06 Oktober 2026 01:11:00",NASA-SNPP,Medium,110.73366,-2.80511,False,False,False,False,False,False,Di Luar Area Pantauan (>1000m dari Desa)
Kendawangan,Natai Kuini,"Selasa, 06 Oktober 2026 01:11:00",NASA-SNPP,Medium,110.80846,-2.78617,False,False,False,True,True,True,Di Luar Area Pantauan (>1000m dari Desa)
Kendawangan,Air Hitam Besar,"Selasa, 06 Oktober 2026 01:11:00",NASA-SNPP,Medium,110.72015,-2.79952,False,False,False,False,False,False,Di Luar Area Pantauan (>1000m dari Desa)
Kendawangan,Pembedilan,"Selasa, 06 Oktober 2026 01:11:00",NASA-SNPP,Medium,110.43862,-2.74768,False,False,False,False,True,True,Di Luar Area Pantauan (>1000m dari Desa)
Kendawangan,Air Hitam Besar,"Selasa, 06 Oktober 2026 01:11:00",NASA-SNPP,Medium,110.72963,-2.8079,False,False,False,False,False,False,Di Luar Area Pantauan (>1000m dari Desa)
Kendawangan,Air Hitam Besar,"Selasa, 06 Oktober 2026 01:11:00",NASA-SNPP,Medium,110.73313,-2.80846,False,False,False,False,False,False,Di Luar Area Pantauan (>1000m dari Desa)
Kendawangan,Air Hitam Besar,"Selasa, 06 Oktober 2026 01:11:00",NASA-SNPP,Medium,110.73663,-2.80902,False,False,False,True,False,True,Di Luar Area Pantauan (>1000m dari Desa)
Kendawangan,Air Hitam Besar,"Selasa, 06 Oktober 2026 01:11:00",NASA-SNPP,Medium,110.7291,-2.81125,False,False,False,False,False,False,Di Luar Area Pantauan (>1000m dari Desa)
Kendawangan,Air Hitam Besar,"Selasa, 06 Oktober 2026 01:11:00",NASA-SNPP,Medium,110.73611,-2.81237,False,False,False,True,False,True,Di Luar Area Pantauan (>1000m dari Desa)
Kendawangan,Air Hitam Besar,"Selasa, 06 Oktober 2026 01:11:00",NASA-SNPP,Medium,110.7326,-2.81181,False,False,False,False,False,False,Di Luar Area Pantauan (>1000m dari Desa)
Kendawangan,Air Hitam Besar,"Selasa, 06 Oktober 2026 01:11:00",NASA-SNPP,Medium,110.60594,-2.79163,False,False,False,False,False,False,Di Luar Area Pantauan (>1000m dari Desa)
Kendawangan,Air Hitam Besar,"Selasa, 06 Oktober 2026 01:11:00",NASA-SNPP,Medium,110.71856,-2.80957,False,False,False,False,False,False,Di Luar Area Pantauan (>1000m dari Desa)
Kendawangan,Air Hitam Besar,"Selasa, 06 Oktober 2026 01:11:00",NASA-SNPP,Medium,110.71803,-2.81292,False,False,False,False,False,False,Di Luar Area Pantauan (>1000m dari Desa)
Kendawangan,Air Hitam Besar,"Selasa, 06 Oktober 2026 01:11:00",NASA-SNPP,Medium,110.72559,-2.81069,False,False,False,False,False,False,Di Luar Area Pantauan (>1000m dari Desa)
Kendawangan,Air Hitam Besar,"Selasa, 06 Oktober 2026 01:11:00",NASA-SNPP,Medium,110.71452,-2.81237,False,False,False,False,False,False,Di Luar Area Pantauan (>1000m dari Desa)
Kendawangan,Air Hitam Besar,"Selasa, 06 Oktober 2026 01:11:00",NASA-SNPP,Medium,110.72207,-2.81013,False,False,False,False,False,False,Di Luar Area Pantauan (>1000m dari Desa)
Kendawangan,Air Hitam Besar,"Selasa, 06 Oktober 2026 01:11:00",NASA-SNPP,Medium,110.72155,-2.81348,False,False,False,False,False,False,Di Luar Area Pantauan (>1000m dari Desa)
Matan Hilir Selatan,Pagar Mentimun,"Selasa, 06 Oktober 2026 01:11:00",NASA-SNPP,Medium,110.1772,-2.32508,False,False,False,False,False,False,Di Luar Area Pantauan (>1000m dari Desa)
Kendawangan,Natai Kuini,"Selasa, 06 Oktober 2026 01:11:00",NASA-SNPP,Medium,110.8315,-2.8447,False,False,False,False,True,True,Di Luar Area Pantauan (>1000m dari Desa)
Kendawangan,Natai Kuini,"Selasa, 06 Oktober 2026 01:11:00",NASA-SNPP,Medium,110.835,-2.84526,False,False,False,False,True,True,Di Luar Area Pantauan (>1000m dari Desa)
Kendawangan,Natai Kuini,"Selasa, 06 Oktober 2026 01:11:00",NASA-SNPP,Medium,110.81644,-2.84917,False,False,False,False,False,False,Di Luar Area Pantauan (>1000m dari Desa)
Kendawangan,Natai Kuini,"Selasa, 06 Oktober 2026 01:11:00",NASA-SNPP,Medium,110.83044,-2.85139,False,False,False,False,True,True,Di Luar Area Pantauan (>1000m dari Desa)
Kendawangan,Pembedilan,"Selasa, 06 Oktober 2026 01:11:00",NASA-SNPP,Medium,110.4809,-2.80275,False,False,False,False,True,True,Di Luar Area Pantauan (>1000m dari Desa)
Kendawangan,Air Hitam Besar,"Selasa, 06 Oktober 2026 01:11:00",NASA-SNPP,Medium,110.72102,-2.81683,False,False,False,False,False,False,Di Luar Area Pantauan (>1000m dari Desa)
Kendawangan,Natai Kuini,"Selasa, 06 Oktober 2026 01:11:00",NASA-SNPP,Medium,110.82906,-2.83746,False,False,False,False,True,True,Di Luar Area Pantauan (>1000m dari Desa)
Kendawangan,Air Hitam Besar,"Selasa, 06 Oktober 2026 01:11:00",NASA-SNPP,Medium,110.71048,-2.81516,False,False,False,True,False,True,Di Luar Area Pantauan (>1000m dari Desa)
Kendawangan,Natai Kuini,"Selasa, 06 Oktober 2026 01:11:00",NASA-SNPP,Medium,110.80351,-2.84025,False,False,False,False,False,False,Di Luar Area Pantauan (>1000m dari Desa)
Kendawangan,Natai Kuini,"Selasa, 06 Oktober 2026 01:11:00",NASA-SNPP,Medium,110.80701,-2.84081,False,False,False,False,False,False,Di Luar Area Pantauan (>1000m dari Desa)
Kendawangan,Pembedilan,"Selasa, 06 Oktober 2026 01:11:00",NASA-SNPP,Medium,110.44041,-2.7825,False,False,False,False,True,True,Di Luar Area Pantauan (>1000m dari Desa)
Kendawangan,Natai Kuini,"Selasa, 06 Oktober 2026 01:11:00",NASA-SNPP,Medium,110.82503,-2.84025,False,False,False,False,True,True,Di Luar Area Pantauan (>1000m dari Desa)
Kendawangan,Natai Kuini,"Selasa, 06 Oktober 2026 01:11:00",NASA-SNPP,Medium,110.80997,-2.84471,False,False,False,False,False,False,Di Luar Area Pantauan (>1000m dari Desa)
Kendawangan,Natai Kuini,"Selasa, 06 Oktober 2026 01:11:00",NASA-SNPP,Medium,110.79895,-2.84639,False,False,False,False,False,False,Di Luar Area Pantauan (>1000m dari Desa)
Kendawangan,Natai Kuini,"Selasa, 06 Oktober 2026 01:11:00",NASA-SNPP,Medium,110.81348,-2.84527,False,False,False,False,True,True,Di Luar Area Pantauan (>1000m dari Desa)
Kendawangan,Natai Kuini,"Selasa, 06 Oktober 2026 01:11:00",NASA-SNPP,Medium,110.79248,-2.84193,False,False,False,False,False,False,Di Luar Area Pantauan (>1000m dari Desa)
Kendawangan,Natai Kuini,"Selasa, 06 Oktober 2026 01:11:00",NASA-SNPP,Medium,110.80543,-2.85084,False,False,False,False,False,False,Di Luar Area Pantauan (>1000m dari Desa)
Kendawangan,Natai Kuini,"Selasa, 06 Oktober 2026 01:11:00",NASA-SNPP,Medium,110.81592,-2.85251,False,False,False,False,False,False,Di Luar Area Pantauan (>1000m dari Desa)
Kendawangan,Pembedilan,"Selasa, 06 Oktober 2026 01:11:00",NASA-SNPP,Medium,110.4738,-2.80162,False,False,False,False,True,True,Di Luar Area Pantauan (>1000m dari Desa)
Kendawangan,Natai Kuini,"Selasa, 06 Oktober 2026 01:11:00",NASA-SNPP,Medium,110.7979,-2.85308,False,False,False,False,False,False,Di Luar Area Pantauan (>1000m dari Desa)
Kendawangan,Natai Kuini,"Selasa, 06 Oktober 2026 01:11:00",NASA-SNPP,Medium,110.79842,-2.84973,False,False,False,False,False,False,Di Luar Area Pantauan (>1000m dari Desa)
Kendawangan,Natai Kuini,"Selasa, 06 Oktober 2026 01:11:00",NASA-SNPP,Medium,110.72458,-2.8636,False,False,False,True,False,True,Di Luar Area Pantauan (>1000m dari Desa)
Kendawangan,Natai Kuini,"Selasa, 06 Oktober 2026 01:11:00",NASA-SNPP,Medium,110.74672,-2.85868,False,False,False,True,False,True,Di Luar Area Pantauan (>1000m dari Desa)
Kendawangan,Natai Kuini,"Selasa, 06 Oktober 2026 01:11:00",NASA-SNPP,Medium,110.74913,-2.86754,False,False,False,True,False,True,Di Luar Area Pantauan (>1000m dari Desa)
Kendawangan,Pembedilan,"Selasa, 06 Oktober 2026 01:11:00",NASA-SNPP,Medium,110.48747,-2.80724,False,False,False,False,True,True,Di Luar Area Pantauan (>1000m dari Desa)
Kendawangan,Pembedilan,"Selasa, 06 Oktober 2026 01:11:00",NASA-SNPP,Medium,110.48392,-2.80668,False,False,False,False,True,True,Di Luar Area Pantauan (>1000m dari Desa)
Kendawangan,Natai Kuini,"Selasa, 06 Oktober 2026 01:11:00",NASA-SNPP,Medium,110.80087,-2.85698,False,False,False,False,False,False,Di Luar Area Pantauan (>1000m dari Desa)
Kendawangan,Natai Kuini,"Selasa, 06 Oktober 2026 01:11:00",NASA-SNPP,Medium,110.8224,-2.85697,False,False,False,False,False,False,Di Luar Area Pantauan (>1000m dari Desa)
Kendawangan,Natai Kuini,"Selasa, 06 Oktober 2026 01:11:00",NASA-SNPP,Medium,110.79737,-2.85642,False,False,False,False,False,False,Di Luar Area Pantauan (>1000m dari Desa)
Kendawangan,Natai Kuini,"Selasa, 06 Oktober 2026 01:11:00",NASA-SNPP,Medium,110.82887,-2.86142,False,False,False,False,False,False,Di Luar Area Pantauan (>1000m dari Desa)
Kendawangan,Natai Kuini,"Selasa, 06 Oktober 2026 01:11:00",NASA-SNPP,Medium,110.81137,-2.85865,False,False,False,False,False,False,Di Luar Area Pantauan (>1000m dari Desa)
Kendawangan,Air Hitam Besar,"Selasa, 06 Oktober 2026 01:11:00",NASA-SNPP,Medium,110.7203,-2.84419,False,False,False,False,False,False,Di Luar Area Pantauan (>1000m dari Desa)
Kendawangan,Air Hitam Besar,"Selasa, 06 Oktober 2026 01:11:00",NASA-SNPP,Medium,110.71679,-2.84363,False,False,False,False,False,False,Di Luar Area Pantauan (>1000m dari Desa)
Kendawangan,Natai Kuini,"Selasa, 06 Oktober 2026 01:11:00",NASA-SNPP,Medium,110.7187,-2.85424,False,False,False,False,False,False,Di Luar Area Pantauan (>1000m dari Desa)
Kendawangan,Pembedilan,"Selasa, 06 Oktober 2026 01:11:00",NASA-SNPP,Medium,110.47984,-2.80948,False,False,False,False,True,True,Di Luar Area Pantauan (>1000m dari Desa)
Kendawangan,Air Hitam Besar,"Selasa, 06 Oktober 2026 01:11:00",NASA-SNPP,Medium,110.71572,-2.85033,False,False,False,False,False,False,Di Luar Area Pantauan (>1000m dari Desa)
Kendawangan,Air Hitam Besar,"Selasa, 06 Oktober 2026 01:11:00",NASA-SNPP,Medium,110.71923,-2.85089,False,False,False,False,False,False,Di Luar Area Pantauan (>1000m dari Desa)
Kendawangan,Natai Kuini,"Selasa, 06 Oktober 2026 01:11:00",NASA-SNPP,Medium,110.72625,-2.852,False,False,False,False,False,False,Di Luar Area Pantauan (>1000m dari Desa)
Kendawangan,Pembedilan,"Selasa, 06 Oktober 2026 01:11:00",NASA-SNPP,Medium,110.47628,-2.80892,False,False,False,False,True,True,Di Luar Area Pantauan (>1000m dari Desa)
Kendawangan,Natai Kuini,"Selasa, 06 Oktober 2026 01:11:00",NASA-SNPP,Medium,110.72168,-2.85814,False,False,False,True,False,True,Di Luar Area Pantauan (>1000m dari Desa)
Kendawangan,Natai Kuini,"Selasa, 06 Oktober 2026 01:11:00",NASA-SNPP,Medium,110.7252,-2.8587,False,False,False,True,False,True,Di Luar Area Pantauan (>1000m dari Desa)
Kendawangan,Natai Kuini,"Selasa, 06 Oktober 2026 01:11:00",NASA-SNPP,Medium,110.74615,-2.86363,False,False,False,True,False,True,Di Luar Area Pantauan (>1000m dari Desa)
Kendawangan,Natai Kuini,"Selasa, 06 Oktober 2026 01:11:00",NASA-SNPP,Medium,110.74965,-2.86419,False,False,False,True,False,True,Di Luar Area Pantauan (>1000m dari Desa)
Kendawangan,Natai Kuini,"Selasa, 06 Oktober 2026 01:11:00",NASA-SNPP,Medium,110.73511,-2.86529,False,False,False,True,False,True,Di Luar Area Pantauan (>1000m dari Desa)
Kendawangan,Natai Kuini,"Selasa, 06 Oktober 2026 01:11:00",NASA-SNPP,Medium,110.74212,-2.86641,False,False,False,True,False,True,Di Luar Area Pantauan (>1000m dari Desa)
Kendawangan,Natai Kuini,"Selasa, 06 Oktober 2026 01:11:00",NASA-SNPP,Medium,110.73159,-2.86473,False,False,False,True,False,True,Di Luar Area Pantauan (>1000m dari Desa)
Kendawangan,Natai Kuini,"Selasa, 06 Oktober 2026 01:11:00",NASA-SNPP,Medium,110.72809,-2.86416,False,False,False,True,False,True,Di Luar Area Pantauan (>1000m dari Desa)
Kendawangan,Natai Kuini,"Selasa, 06 Oktober 2026 01:11:00",NASA-SNPP,Medium,110.75263,-2.8681,False,False,False,True,False,True,Di Luar Area Pantauan (>1000m dari Desa)
Kendawangan,Natai Kuini,"Selasa, 06 Oktober 2026 01:11:00",NASA-SNPP,Medium,110.74158,-2.86976,False,False,False,True,False,True,Di Luar Area Pantauan (>1000m dari Desa)
Kendawangan,Natai Kuini,"Selasa, 06 Oktober 2026 01:11:00",NASA-SNPP,Medium,110.7486,-2.87088,False,False,False,True,False,True,Di Luar Area Pantauan (>1000m dari Desa)
Kendawangan,Natai Kuini,"Selasa, 06 Oktober 2026 01:11:00",NASA-SNPP,Medium,110.70848,-2.87476,False,False,False,True,False,True,Di Luar Area Pantauan (>1000m dari Desa)
Kendawangan,Air Hitam Besar,"Selasa, 06 Oktober 2026 01:11:00",NASA-SNPP,Medium,110.69794,-2.87308,False,False,False,True,False,True,Di Luar Area Pantauan (>1000m dari Desa)
Kendawangan,Natai Kuini,"Selasa, 06 Oktober 2026 01:11:00",NASA-SNPP,Medium,110.69424,-2.89653,False,False,False,False,False,False,Di Luar Area Pantauan (>1000m dari Desa)
Kendawangan,Natai Kuini,"Selasa, 06 Oktober 2026 01:11:00",NASA-SNPP,Medium,110.69775,-2.89709,False,False,False,False,False,False,Di Luar Area Pantauan (>1000m dari Desa)
Kendawangan,Natai Kuini,"Selasa, 06 Oktober 2026 01:11:00",NASA-SNPP,Medium,110.69073,-2.89597,False,False,False,False,False,False,Di Luar Area Pantauan (>1000m dari Desa)
Kendawangan,Pembedilan,"Selasa, 06 Oktober 2026 01:11:00",NASA-SNPP,Medium,110.30711,-2.84157,False,False,False,True,True,True,Di Luar Area Pantauan (>1000m dari Desa)
Kendawangan,Pembedilan,"Selasa, 06 Oktober 2026 01:11:00",NASA-SNPP,Medium,110.30353,-2.841,False,False,False,True,True,True,Di Luar Area Pantauan (>1000m dari Desa)
Kendawangan,Natai Kuini,"Selasa, 06 Oktober 2026 01:11:00",NASA-SNPP,Medium,110.7193,-2.89709,False,False,False,True,False,True,Di Luar Area Pantauan (>1000m dari Desa)
Kendawangan,Natai Kuini,"Selasa, 06 Oktober 2026 01:11:00",NASA-SNPP,Medium,110.72631,-2.89821,False,False,False,False,False,False,Di Luar Area Pantauan (>1000m dari Desa)
Kendawangan,Natai Kuini,"Selasa, 06 Oktober 2026 01:11:00",NASA-SNPP,Medium,110.75158,-2.87479,False,False,False,True,False,True,Di Luar Area Pantauan (>1000m dari Desa)
Kendawangan,Air Hitam Besar,"Selasa, 06 Oktober 2026 01:11:00",NASA-SNPP,Medium,110.69847,-2.86972,False,False,False,True,False,True,Di Luar Area Pantauan (>1000m dari Desa)
Kendawangan,Pembedilan,"Selasa, 06 Oktober 2026 01:11:00",NASA-SNPP,Medium,110.30764,-2.83819,False,False,False,True,True,True,Di Luar Area Pantauan (>1000m dari Desa)
Kendawangan,Natai Kuini,"Selasa, 06 Oktober 2026 01:11:00",NASA-SNPP,Medium,110.70828,-2.89877,False,False,False,False,False,False,Di Luar Area Pantauan (>1000m dari Desa)
Kendawangan,Natai Kuini,"Selasa, 06 Oktober 2026 01:11:00",NASA-SNPP,Medium,110.70122,-2.89764,False,False,False,False,False,False,Di Luar Area Pantauan (>1000m dari Desa)
Kendawangan,Natai Kuini,"Selasa, 06 Oktober 2026 01:11:00",NASA-SNPP,Medium,110.69722,-2.90044,False,False,False,False,False,False,Di Luar Area Pantauan (>1000m dari Desa)
Kendawangan,Natai Kuini,"Selasa, 06 Oktober 2026 01:11:00",NASA-SNPP,Medium,110.69371,-2.89988,False,False,False,False,False,False,Di Luar Area Pantauan (>1000m dari Desa)
Kendawangan,Air Tarap,"Selasa, 06 Oktober 2026 01:11:00",NASA-SNPP,Medium,110.86105,-2.54158,False,False,False,False,False,False,Di Luar Area Pantauan (>1000m dari Desa)
Kendawangan,Danau Buntar,"Selasa, 06 Oktober 2026 01:11:00",NASA-SNPP,Medium,110.87908,-2.54101,False,False,False,False,False,False,Di Luar Area Pantauan (>1000m dari Desa)
Kendawangan,Seriam,"Selasa, 06 Oktober 2026 01:11:00",NASA-SNPP,Medium,110.29819,-2.66184,False,False,False,False,True,True,Di Luar Area Pantauan (>1000m dari Desa)
Kendawangan,Airhitam Hulu,"Selasa, 06 Oktober 2026 01:11:00",NASA-SNPP,Medium,110.6894,-2.62628,False,False,False,False,False,False,Di Luar Area Pantauan (>1000m dari Desa)
Manis Mata,Seguling,"Selasa, 06 Oktober 2026 01:11:00",NASA-SNPP,Medium,111.10949,-2.66557,False,False,False,True,False,True,Di Luar Area Pantauan (>1000m dari Desa)
Manis Mata,Seguling,"Selasa, 06 Oktober 2026 01:11:00",NASA-SNPP,Medium,111.10758,-2.65501,False,False,False,True,False,True,Di Luar Area Pantauan (>1000m dari Desa)
Manis Mata,Jambi,"Selasa, 06 Oktober 2026 01:11:00",NASA-SNPP,Medium,110.96769,-2.70655,False,False,False,False,False,False,Di Luar Area Pantauan (>1000m dari Desa)
Manis Mata,Seguling,"Selasa, 06 Oktober 2026 01:11:00",NASA-SNPP,Medium,111.11053,-2.6589,False,False,False,True,False,True,Di Luar Area Pantauan (>1000m dari Desa)
Kendawangan,Natai Kuini,"Selasa, 06 Oktober 2026 01:11:00",NASA-SNPP,Medium,110.814,-2.84192,False,False,False,False,True,True,Di Luar Area Pantauan (>1000m dari Desa)
Kendawangan,Natai Kuini,"Selasa, 06 Oktober 2026 01:11:00",NASA-SNPP,Medium,110.81051,-2.84137,False,False,False,False,True,True,Di Luar Area Pantauan (>1000m dari Desa)
Kendawangan,Seriam,"Selasa, 06 Oktober 2026 01:11:00",NASA-SNPP,Medium,110.32702,-2.64216,False,False,False,False,True,True,Di Luar Area Pantauan (>1000m dari Desa)
Kendawangan,Air Hitam Besar,"Selasa, 06 Oktober 2026 01:11:00",NASA-SNPP,Medium,110.74629,-2.79339,False,False,False,True,False,True,Di Luar Area Pantauan (>1000m dari Desa)
Kendawangan,Natai Kuini,"Selasa, 06 Oktober 2026 01:11:00",NASA-SNPP,Medium,110.92236,-2.79067,False,False,True,True,False,True,Di Luar Area Pantauan (>1000m dari Desa)
Kendawangan,Air Hitam Besar,"Selasa, 06 Oktober 2026 01:11:00",NASA-SNPP,Medium,110.79795,-2.78449,False,False,True,True,True,True,Di Luar Area Pantauan (>1000m dari Desa)
Kendawangan,Air Hitam Besar,"Selasa, 06 Oktober 2026 01:11:00",NASA-SNPP,Medium,110.71664,-2.79896,False,False,False,False,False,False,Di Luar Area Pantauan (>1000m dari Desa)
Kendawangan,Air Hitam Besar,"Selasa, 06 Oktober 2026 01:11:00",NASA-SNPP,Medium,110.72856,-2.8146,False,False,False,False,False,False,Di Luar Area Pantauan (>1000m dari Desa)
Kendawangan,Air Hitam Besar,"Selasa, 06 Oktober 2026 01:11:00",NASA-SNPP,Medium,110.74927,-2.7973,False,False,False,True,False,True,Di Luar Area Pantauan (>1000m dari Desa)
Kendawangan,Air Hitam Besar,"Selasa, 06 Oktober 2026 01:11:00",NASA-SNPP,Medium,110.74226,-2.79618,False,False,False,True,False,True,Di Luar Area Pantauan (>1000m dari Desa)
Kendawangan,Air Hitam Besar,"Selasa, 06 Oktober 2026 01:11:00",NASA-SNPP,Medium,110.72505,-2.81404,False,False,False,False,False,False,Di Luar Area Pantauan (>1000m dari Desa)
Kendawangan,Air Hitam Besar,"Selasa, 06 Oktober 2026 01:11:00",NASA-SNPP,Medium,110.72418,-2.79673,False,False,False,False,False,False,Di Luar Area Pantauan (>1000m dari Desa)
Kendawangan,Natai Kuini,"Selasa, 06 Oktober 2026 01:11:00",NASA-SNPP,Medium,110.83553,-2.84191,False,False,False,False,True,True,Di Luar Area Pantauan (>1000m dari Desa)
Kendawangan,Pembedilan,"Selasa, 06 Oktober 2026 01:11:00",NASA-SNPP,Medium,110.47735,-2.80219,False,False,False,False,True,True,Di Luar Area Pantauan (>1000m dari Desa)
Kendawangan,Pembedilan,"Selasa, 06 Oktober 2026 01:11:00",NASA-SNPP,Medium,110.47788,-2.79882,False,False,False,False,True,True,Di Luar Area Pantauan (>1000m dari Desa)
Kendawangan,Natai Kuini,"Selasa, 06 Oktober 2026 01:11:00",NASA-SNPP,Medium,110.81242,-2.85196,False,False,False,False,False,False,Di Luar Area Pantauan (>1000m dari Desa)
Kendawangan,Natai Kuini,"Selasa, 06 Oktober 2026 01:11:00",NASA-SNPP,Medium,110.82292,-2.85362,False,False,False,False,True,True,Di Luar Area Pantauan (>1000m dari Desa)
Kendawangan,Pembedilan,"Selasa, 06 Oktober 2026 01:11:00",NASA-SNPP,Medium,110.48036,-2.80612,False,False,False,False,True,True,Di Luar Area Pantauan (>1000m dari Desa)
Kendawangan,Natai Kuini,"Selasa, 06 Oktober 2026 01:11:00",NASA-SNPP,Medium,110.82642,-2.85418,False,False,False,False,True,True,Di Luar Area Pantauan (>1000m dari Desa)
Kendawangan,Air Hitam Besar,"Selasa, 06 Oktober 2026 01:11:00",NASA-SNPP,Medium,110.71976,-2.84754,False,False,False,False,False,False,Di Luar Area Pantauan (>1000m dari Desa)
Kendawangan,Air Hitam Besar,"Selasa, 06 Oktober 2026 01:11:00",NASA-SNPP,Medium,110.71625,-2.84698,False,False,False,False,False,False,Di Luar Area Pantauan (>1000m dari Desa)
Kendawangan,Pembedilan,"Selasa, 06 Oktober 2026 01:11:00",NASA-SNPP,Medium,110.47433,-2.79826,False,False,False,False,True,True,Di Luar Area Pantauan (>1000m dari Desa)
Kendawangan,Natai Kuini,"Selasa, 06 Oktober 2026 01:11:00",NASA-SNPP,Medium,110.72865,-2.85925,False,False,False,True,False,True,Di Luar Area Pantauan (>1000m dari Desa)
Kendawangan,Natai Kuini,"Selasa, 06 Oktober 2026 01:11:00",NASA-SNPP,Medium,110.74509,-2.87032,False,False,False,True,False,True,Di Luar Area Pantauan (>1000m dari Desa)
Kendawangan,Natai Kuini,"Selasa, 06 Oktober 2026 01:11:00",NASA-SNPP,Medium,110.7497,-2.86259,False,False,False,True,False,True,Di Luar Area Pantauan (>1000m dari Desa)
Kendawangan,Natai Kuini,"Selasa, 06 Oktober 2026 01:11:00",NASA-SNPP,Medium,110.73917,-2.86092,False,False,False,True,False,True,Di Luar Area Pantauan (>1000m dari Desa)
Kendawangan,Natai Kuini,"Selasa, 06 Oktober 2026 01:11:00",NASA-SNPP,Medium,110.72861,-2.86082,False,False,False,True,False,True,Di Luar Area Pantauan (>1000m dari Desa)
Kendawangan,Natai Kuini,"Selasa, 06 Oktober 2026 01:11:00",NASA-SNPP,Medium,110.69635,-2.88313,False,False,False,True,False,True,Di Luar Area Pantauan (>1000m dari Desa)
Kendawangan,Natai Kuini,"Selasa, 06 Oktober 2026 01:11:00",NASA-SNPP,Medium,110.7004,-2.88034,False,False,False,True,False,True,Di Luar Area Pantauan (>1000m dari Desa)
Kendawangan,Natai Kuini,"Selasa, 06 Oktober 2026 01:11:00",NASA-SNPP,Medium,110.7216,-2.85969,False,False,False,True,False,True,Di Luar Area Pantauan (>1000m dari Desa)
Kendawangan,Natai Kuini,"Selasa, 06 Oktober 2026 01:11:00",NASA-SNPP,Medium,110.72511,-2.86025,False,False,False,True,False,True,Di Luar Area Pantauan (>1000m dari Desa)
Kendawangan,Natai Kuini,"Selasa, 06 Oktober 2026 01:11:00",NASA-SNPP,Medium,110.73212,-2.86138,False,False,False,True,False,True,Di Luar Area Pantauan (>1000m dari Desa)
Kendawangan,Natai Kuini,"Selasa, 06 Oktober 2026 01:11:00",NASA-SNPP,Medium,110.73914,-2.8625,False,False,False,True,False,True,Di Luar Area Pantauan (>1000m dari Desa)
Kendawangan,Natai Kuini,"Selasa, 06 Oktober 2026 01:11:00",NASA-SNPP,Medium,110.74562,-2.86697,False,False,False,True,False,True,Di Luar Area Pantauan (>1000m dari Desa)
Kendawangan,Natai Kuini,"Selasa, 06 Oktober 2026 01:11:00",NASA-SNPP,Medium,110.73861,-2.86585,False,False,False,True,False,True,Di Luar Area Pantauan (>1000m dari Desa)
Kendawangan,Natai Kuini,"Selasa, 06 Oktober 2026 01:11:00",NASA-SNPP,Medium,110.75613,-2.86866,False,False,False,True,False,True,Di Luar Area Pantauan (>1000m dari Desa)
Kendawangan,Natai Kuini,"Selasa, 06 Oktober 2026 01:11:00",NASA-SNPP,Medium,110.72108,-2.86304,False,False,False,True,False,True,Di Luar Area Pantauan (>1000m dari Desa)
Kendawangan,Natai Kuini,"Selasa, 06 Oktober 2026 01:11:00",NASA-SNPP,Medium,110.75211,-2.87145,False,False,False,True,False,True,Di Luar Area Pantauan (>1000m dari Desa)
Kendawangan,Natai Kuini,"Selasa, 06 Oktober 2026 01:11:00",NASA-SNPP,Medium,110.72221,-2.8548,False,False,False,False,False,False,Di Luar Area Pantauan (>1000m dari Desa)
Kendawangan,Natai Kuini,"Selasa, 06 Oktober 2026 01:11:00",NASA-SNPP,Medium,110.74321,-2.85813,False,False,False,True,False,True,Di Luar Area Pantauan (>1000m dari Desa)
Kendawangan,Natai Kuini,"Selasa, 06 Oktober 2026 01:11:00",NASA-SNPP,Medium,110.72572,-2.85535,False,False,False,False,False,False,Di Luar Area Pantauan (>1000m dari Desa)
Kendawangan,Natai Kuini,"Selasa, 06 Oktober 2026 01:11:00",NASA-SNPP,Medium,110.73567,-2.86036,False,False,False,True,False,True,Di Luar Area Pantauan (>1000m dari Desa)
Kendawangan,Natai Kuini,"Selasa, 06 Oktober 2026 01:11:00",NASA-SNPP,Medium,110.74619,-2.86203,False,False,False,True,False,True,Di Luar Area Pantauan (>1000m dari Desa)
Kendawangan,Natai Kuini,"Selasa, 06 Oktober 2026 01:11:00",NASA-SNPP,Medium,110.80787,-2.85809,False,False,False,False,False,False,Di Luar Area Pantauan (>1000m dari Desa)
Kendawangan,Natai Kuini,"Selasa, 06 Oktober 2026 01:11:00",NASA-SNPP,Medium,110.82939,-2.85808,False,False,False,False,True,True,Di Luar Area Pantauan (>1000m dari Desa)
Kendawangan,Natai Kuini,"Selasa, 06 Oktober 2026 01:11:00",NASA-SNPP,Medium,110.83289,-2.85863,False,False,False,False,True,True,Di Luar Area Pantauan (>1000m dari Desa)
Kendawangan,Air Hitam Besar,"Selasa, 06 Oktober 2026 01:11:00",NASA-SNPP,Medium,110.72327,-2.8481,False,False,False,False,False,False,Di Luar Area Pantauan (>1000m dari Desa)
Kendawangan,Natai Kuini,"Selasa, 06 Oktober 2026 01:11:00",NASA-SNPP,Medium,110.79492,-2.84918,False,False,False,False,False,False,Di Luar Area Pantauan (>1000m dari Desa)
Kendawangan,Natai Kuini,"Selasa, 06 Oktober 2026 01:11:00",NASA-SNPP,Medium,110.82992,-2.85473,False,False,False,False,True,True,Di Luar Area Pantauan (>1000m dari Desa)
Kendawangan,Air Hitam Besar,"Selasa, 06 Oktober 2026 01:11:00",NASA-SNPP,Medium,110.71366,-2.79505,False,False,False,False,False,False,Di Luar Area Pantauan (>1000m dari Desa)
Kendawangan,Air Hitam Besar,"Selasa, 06 Oktober 2026 01:11:00",NASA-SNPP,Medium,110.71313,-2.7984,False,False,False,False,False,False,Di Luar Area Pantauan (>1000m dari Desa)
Kendawangan,Air Hitam Besar,"Selasa, 06 Oktober 2026 01:11:00",NASA-SNPP,Medium,110.7277,-2.79729,False,False,False,False,False,False,Di Luar Area Pantauan (>1000m dari Desa)
Kendawangan,Air Hitam Besar,"Selasa, 06 Oktober 2026 01:11:00",NASA-SNPP,Medium,110.70961,-2.79784,False,False,False,False,False,False,Di Luar Area Pantauan (>1000m dari Desa)
Kendawangan,Air Hitam Besar,"Selasa, 06 Oktober 2026 01:11:00",NASA-SNPP,Medium,110.73419,-2.80176,False,False,False,False,False,False,Di Luar Area Pantauan (>1000m dari Desa)
Kendawangan,Air Hitam Besar,"Selasa, 06 Oktober 2026 01:11:00",NASA-SNPP,Medium,110.73472,-2.79841,False,False,False,True,False,True,Di Luar Area Pantauan (>1000m dari Desa)
Kendawangan,Air Hitam Besar,"Selasa, 06 Oktober 2026 01:11:00",NASA-SNPP,Medium,110.72313,-2.80343,False,False,False,False,False,False,Di Luar Area Pantauan (>1000m dari Desa)
Kendawangan,Pembedilan,"Selasa, 06 Oktober 2026 01:11:00",NASA-SNPP,Medium,110.43506,-2.74711,False,False,False,False,True,True,Di Luar Area Pantauan (>1000m dari Desa)
Kendawangan,Natai Kuini,"Selasa, 06 Oktober 2026 01:11:00",NASA-SNPP,Medium,110.945,-2.82852,False,False,False,True,False,True,Di Luar Area Pantauan (>1000m dari Desa)
Kendawangan,Air Hitam Besar,"Selasa, 06 Oktober 2026 01:11:00",NASA-SNPP,Medium,110.71505,-2.80901,False,False,False,False,False,False,Di Luar Area Pantauan (>1000m dari Desa)
Kendawangan,Air Hitam Besar,"Selasa, 06 Oktober 2026 01:11:00",NASA-SNPP,Medium,110.7226,-2.80678,False,False,False,False,False,False,Di Luar Area Pantauan (>1000m dari Desa)
Kendawangan,Air Hitam Besar,"Selasa, 06 Oktober 2026 01:11:00",NASA-SNPP,Medium,110.71909,-2.80622,False,False,False,False,False,False,Di Luar Area Pantauan (>1000m dari Desa)
Kendawangan,Seriam,"Selasa, 06 Oktober 2026 01:11:00",NASA-SNPP,Medium,110.33044,-2.66696,False,False,False,False,True,True,Di Luar Area Pantauan (>1000m dari Desa)
Kendawangan,Air Hitam Besar,"Selasa, 06 Oktober 2026 01:11:00",NASA-SNPP,Medium,110.72665,-2.80399,False,False,False,False,False,False,Di Luar Area Pantauan (>1000m dari Desa)
Kendawangan,Air Hitam Besar,"Selasa, 06 Oktober 2026 01:11:00",NASA-SNPP,Medium,110.80553,-2.78227,False,False,False,True,True,True,Di Luar Area Pantauan (>1000m dari Desa)
Kendawangan,Air Hitam Besar,"Selasa, 06 Oktober 2026 01:11:00",NASA-SNPP,Medium,110.7498,-2.79395,False,False,False,True,False,True,Di Luar Area Pantauan (>1000m dari Desa)
Kendawangan,Seriam,"Selasa, 06 Oktober 2026 01:11:00",NASA-SNPP,Medium,110.33007,-2.64611,False,False,False,False,True,True,Di Luar Area Pantauan (>1000m dari Desa)
Kendawangan,Airhitam Hulu,"Selasa, 06 Oktober 2026 01:11:00",NASA-SNPP,Medium,110.68588,-2.62572,False,False,False,False,False,False,Di Luar Area Pantauan (>1000m dari Desa)
Manis Mata,Seguling,"Selasa, 06 Oktober 2026 01:11:00",NASA-SNPP,Medium,111.10706,-2.65835,False,False,False,True,False,True,Di Luar Area Pantauan (>1000m dari Desa)
Kendawangan,Airhitam Hulu,"Selasa, 06 Oktober 2026 01:11:00",NASA-SNPP,Medium,110.68535,-2.62908,False,False,False,False,False,False,Di Luar Area Pantauan (>1000m dari Desa)
Manis Mata,Seguling,"Selasa, 06 Oktober 2026 01:11:00",NASA-SNPP,Medium,111.11001,-2.66223,False,False,False,True,False,True,Di Luar Area Pantauan (>1000m dari Desa)
Kendawangan,Airhitam Hulu,"Selasa, 06 Oktober 2026 01:11:00",NASA-SNPP,Medium,110.68887,-2.62963,False,False,False,False,False,False,Di Luar Area Pantauan (>1000m dari Desa)
Kendawangan,Danau Buntar,"Selasa, 06 Oktober 2026 01:11:00",NASA-SNPP,Medium,110.8796,-2.53766,False,False,False,False,False,False,Di Luar Area Pantauan (>1000m dari Desa)
Kendawangan,Air Tarap,"Selasa, 06 Oktober 2026 01:11:00",NASA-SNPP,Medium,110.87558,-2.54045,False,False,False,False,False,False,Di Luar Area Pantauan (>1000m dari Desa)
Kendawangan,Natai Kuini,"Selasa, 06 Oktober 2026 01:11:00",NASA-SNPP,Medium,110.70473,-2.8982,False,False,False,False,False,False,Di Luar Area Pantauan (>1000m dari Desa)
Kendawangan,Pembedilan,"Selasa, 06 Oktober 2026 01:11:00",NASA-SNPP,Medium,110.31123,-2.83876,False,False,False,True,True,True,Di Luar Area Pantauan (>1000m dari Desa)
Kendawangan,Natai Kuini,"Selasa, 06 Oktober 2026 01:11:00",NASA-SNPP,Medium,110.69689,-2.87978,False,False,False,True,False,True,Di Luar Area Pantauan (>1000m dari Desa)
Kendawangan,Natai Kuini,"Selasa, 06 Oktober 2026 01:11:00",NASA-SNPP,Medium,110.75561,-2.87201,False,False,False,True,False,True,Di Luar Area Pantauan (>1000m dari Desa)
Kendawangan,Natai Kuini,"Selasa, 06 Oktober 2026 01:11:00",NASA-SNPP,Medium,110.73808,-2.8692,False,False,False,True,False,True,Di Luar Area Pantauan (>1000m dari Desa)
Kendawangan,Natai Kuini,"Selasa, 06 Oktober 2026 01:11:00",NASA-SNPP,Medium,110.68909,-2.90601,False,False,False,False,False,False,Di Luar Area Pantauan (>1000m dari Desa)
Kendawangan,Pembedilan,"Selasa, 06 Oktober 2026 01:11:00",NASA-SNPP,Medium,110.30658,-2.84495,False,False,False,True,True,True,Di Luar Area Pantauan (>1000m dari Desa)
Kendawangan,Natai Kuini,"Selasa, 06 Oktober 2026 01:11:00",NASA-SNPP,Medium,110.69019,-2.89932,False,False,False,False,False,False,Di Luar Area Pantauan (>1000m dari Desa)
Kendawangan,Natai Kuini,"Selasa, 06 Oktober 2026 01:11:00",NASA-SNPP,Medium,110.70069,-2.90099,False,False,False,False,False,False,Di Luar Area Pantauan (>1000m dari Desa)
Kendawangan,Natai Kuini,"Selasa, 06 Oktober 2026 01:11:00",NASA-SNPP,Medium,110.74265,-2.86306,False,False,False,True,False,True,Di Luar Area Pantauan (>1000m dari Desa)
Kendawangan,Natai Kuini,"Selasa, 06 Oktober 2026 01:11:00",NASA-SNPP,Medium,110.73971,-2.85757,False,False,False,True,False,True,Di Luar Area Pantauan (>1000m dari Desa)
Kendawangan,Natai Kuini,"Selasa, 06 Oktober 2026 01:11:00",NASA-SNPP,Medium,110.73563,-2.86194,False,False,False,True,False,True,Di Luar Area Pantauan (>1000m dari Desa)
Kendawangan,Natai Kuini,"Selasa, 06 Oktober 2026 01:11:00",NASA-SNPP,Medium,110.74268,-2.86148,False,False,False,True,False,True,Di Luar Area Pantauan (>1000m dari Desa)
Kendawangan,Natai Kuini,"Selasa, 06 Oktober 2026 01:11:00",NASA-SNPP,Medium,110.81889,-2.85641,False,False,False,False,False,False,Di Luar Area Pantauan (>1000m dari Desa)
Kendawangan,Natai Kuini,"Selasa, 06 Oktober 2026 01:11:00",NASA-SNPP,Medium,110.80437,-2.85754,False,False,False,False,False,False,Di Luar Area Pantauan (>1000m dari Desa)
Kendawangan,Natai Kuini,"Selasa, 06 Oktober 2026 01:11:00",NASA-SNPP,Medium,110.81942,-2.85307,False,False,False,False,False,False,Di Luar Area Pantauan (>1000m dari Desa)
Kendawangan,Pembedilan,"Selasa, 06 Oktober 2026 01:11:00",NASA-SNPP,Medium,110.48853,-2.80051,False,False,False,False,True,True,Di Luar Area Pantauan (>1000m dari Desa)
Kendawangan,Pembedilan,"Selasa, 06 Oktober 2026 01:11:00",NASA-SNPP,Medium,110.48499,-2.79995,False,False,False,False,True,True,Di Luar Area Pantauan (>1000m dari Desa)
Kendawangan,Pembedilan,"Selasa, 06 Oktober 2026 01:11:00",NASA-SNPP,Medium,110.48144,-2.79938,False,False,False,False,True,True,Di Luar Area Pantauan (>1000m dari Desa)
Kendawangan,Natai Kuini,"Selasa, 06 Oktober 2026 01:11:00",NASA-SNPP,Medium,110.80648,-2.84415,False,False,False,False,False,False,Di Luar Area Pantauan (>1000m dari Desa)
Kendawangan,Natai Kuini,"Selasa, 06 Oktober 2026 01:11:00",NASA-SNPP,Medium,110.80299,-2.8436,False,False,False,False,False,False,Di Luar Area Pantauan (>1000m dari Desa)
Kendawangan,Natai Kuini,"Selasa, 06 Oktober 2026 01:11:00",NASA-SNPP,Medium,110.80246,-2.84694,False,False,False,False,False,False,Di Luar Area Pantauan (>1000m dari Desa)
Kendawangan,Natai Kuini,"Selasa, 06 Oktober 2026 01:11:00",NASA-SNPP,Medium,110.79948,-2.84304,False,False,False,False,False,False,Di Luar Area Pantauan (>1000m dari Desa)
Kendawangan,Natai Kuini,"Selasa, 06 Oktober 2026 01:11:00",NASA-SNPP,Medium,110.79598,-2.84249,False,False,False,False,False,False,Di Luar Area Pantauan (>1000m dari Desa)
Kendawangan,Natai Kuini,"Selasa, 06 Oktober 2026 01:11:00",NASA-SNPP,Medium,110.81295,-2.84861,False,False,False,False,False,False,Di Luar Area Pantauan (>1000m dari Desa)
Kendawangan,Natai Kuini,"Selasa, 06 Oktober 2026 01:11:00",NASA-SNPP,Medium,110.80001,-2.8397,False,False,False,False,False,False,Di Luar Area Pantauan (>1000m dari Desa)
Kendawangan,Pembedilan,"Selasa, 06 Oktober 2026 01:11:00",NASA-SNPP,Medium,110.44093,-2.77914,False,False,False,False,True,True,Di Luar Area Pantauan (>1000m dari Desa)
Kendawangan,Natai Kuini,"Selasa, 06 Oktober 2026 01:11:00",NASA-SNPP,Medium,110.82853,-2.8408,False,False,False,False,True,True,Di Luar Area Pantauan (>1000m dari Desa)
Kendawangan,Natai Kuini,"Selasa, 06 Oktober 2026 01:11:00",NASA-SNPP,Medium,110.83202,-2.84136,False,False,False,False,True,True,Di Luar Area Pantauan (>1000m dari Desa)
Kendawangan,Pembedilan,"Selasa, 06 Oktober 2026 01:11:00",NASA-SNPP,Medium,110.4445,-2.7797,False,False,False,False,True,True,Di Luar Area Pantauan (>1000m dari Desa)
Kendawangan,Natai Kuini,"Selasa, 06 Oktober 2026 01:11:00",NASA-SNPP,Medium,110.79651,-2.83914,False,False,False,False,False,False,Di Luar Area Pantauan (>1000m dari Desa)
Kendawangan,Pembedilan,"Selasa, 06 Oktober 2026 01:11:00",NASA-SNPP,Medium,110.48197,-2.79602,False,False,False,False,True,True,Di Luar Area Pantauan (>1000m dari Desa)
Kendawangan,Air Hitam Besar,"Selasa, 06 Oktober 2026 01:11:00",NASA-SNPP,Medium,110.71399,-2.81572,False,False,False,False,False,False,Di Luar Area Pantauan (>1000m dari Desa)
Kendawangan,Air Hitam Besar,"Selasa, 06 Oktober 2026 01:11:00",NASA-SNPP,Medium,110.71751,-2.81627,False,False,False,False,False,False,Di Luar Area Pantauan (>1000m dari Desa)
Kendawangan,Natai Kuini,"Selasa, 06 Oktober 2026 01:11:00",NASA-SNPP,Medium,110.83256,-2.83801,False,False,False,False,True,True,Di Luar Area Pantauan (>1000m dari Desa)
Kendawangan,Natai Kuini,"Selasa, 06 Oktober 2026 01:11:00",NASA-SNPP,Medium,110.79546,-2.84583,False,False,False,False,False,False,Di Luar Area Pantauan (>1000m dari Desa)
Kendawangan,Air Hitam Besar,"Selasa, 06 Oktober 2026 01:11:00",NASA-SNPP,Medium,110.71101,-2.81181,False,False,False,False,False,False,Di Luar Area Pantauan (>1000m dari Desa)
Kendawangan,Natai Kuini,"Selasa, 06 Oktober 2026 01:11:00",NASA-SNPP,Medium,110.82589,-2.85752,False,False,False,False,False,False,Di Luar Area Pantauan (>1000m dari Desa)
Kendawangan,Natai Kuini,"Selasa, 06 Oktober 2026 01:11:00",NASA-SNPP,Medium,110.7944,-2.85252,False,False,False,False,False,False,Di Luar Area Pantauan (>1000m dari Desa)
Kendawangan,Pembedilan,"Selasa, 06 Oktober 2026 01:11:00",NASA-SNPP,Medium,110.48445,-2.80331,False,False,False,False,True,True,Di Luar Area Pantauan (>1000m dari Desa)
Kendawangan,Natai Kuini,"Selasa, 06 Oktober 2026 01:11:00",NASA-SNPP,Medium,110.8119,-2.8553,False,False,False,False,False,False,Di Luar Area Pantauan (>1000m dari Desa)
Kendawangan,Air Hitam Besar,"Selasa, 06 Oktober 2026 01:11:00",NASA-SNPP,Medium,110.73121,-2.79785,False,False,False,True,False,True,Di Luar Area Pantauan (>1000m dari Desa)
Kendawangan,Air Hitam Besar,"Selasa, 06 Oktober 2026 01:11:00",NASA-SNPP,Medium,110.71717,-2.79561,False,False,False,False,False,False,Di Luar Area Pantauan (>1000m dari Desa)
Kendawangan,Air Hitam Besar,"Selasa, 06 Oktober 2026 01:11:00",NASA-SNPP,Medium,110.71014,-2.79449,False,False,False,False,False,False,Di Luar Area Pantauan (>1000m dari Desa)
Kendawangan,Air Hitam Besar,"Selasa, 06 Oktober 2026 01:11:00",NASA-SNPP,Medium,110.73823,-2.79897,False,False,False,False,False,False,Di Luar Area Pantauan (>1000m dari Desa)
Kendawangan,Air Hitam Besar,"Selasa, 06 Oktober 2026 01:11:00",NASA-SNPP,Medium,110.72068,-2.79617,False,False,False,False,False,False,Di Luar Area Pantauan (>1000m dari Desa)
Kendawangan,Air Hitam Besar,"Selasa, 06 Oktober 2026 01:11:00",NASA-SNPP,Medium,110.73068,-2.8012,False,False,False,False,False,False,Di Luar Area Pantauan (>1000m dari Desa)
Kendawangan,Air Hitam Besar,"Selasa, 06 Oktober 2026 01:11:00",NASA-SNPP,Medium,110.73876,-2.79562,False,False,False,True,False,True,Di Luar Area Pantauan (>1000m dari Desa)
Kendawangan,Air Hitam Besar,"Selasa, 06 Oktober 2026 01:11:00",NASA-SNPP,Medium,110.71067,-2.79114,False,False,False,False,False,False,Di Luar Area Pantauan (>1000m dari Desa)
Kendawangan,Air Hitam Besar,"Selasa, 06 Oktober 2026 01:11:00",NASA-SNPP,Medium,110.74577,-2.79674,False,False,False,True,False,True,Di Luar Area Pantauan (>1000m dari Desa)
Kendawangan,Air Hitam Besar,"Selasa, 06 Oktober 2026 01:11:00",NASA-SNPP,Medium,110.73174,-2.7945,False,False,False,True,False,True,Di Luar Area Pantauan (>1000m dari Desa)
Kendawangan,Air Hitam Besar,"Selasa, 06 Oktober 2026 01:11:00",NASA-SNPP,Medium,110.71418,-2.7917,False,False,False,False,False,False,Di Luar Area Pantauan (>1000m dari Desa)
Kendawangan,Natai Kuini,"Selasa, 06 Oktober 2026 01:11:00",NASA-SNPP,Medium,110.8039,-2.7923,False,False,False,True,True,True,Di Luar Area Pantauan (>1000m dari Desa)
Kendawangan,Natai Kuini,"Selasa, 06 Oktober 2026 01:11:00",NASA-SNPP,Medium,110.80039,-2.79174,False,False,False,True,True,True,Di Luar Area Pantauan (>1000m dari Desa)
Kendawangan,Seriam,"Selasa, 06 Oktober 2026 01:11:00",NASA-SNPP,Medium,110.37932,-2.70705,False,False,False,False,True,True,Di Luar Area Pantauan (>1000m dari Desa)
Kendawangan,Seriam,"Selasa, 06 Oktober 2026 01:11:00",NASA-SNPP,Medium,110.32648,-2.64554,False,False,False,False,True,True,Di Luar Area Pantauan (>1000m dari Desa)
Kendawangan,Seriam,"Selasa, 06 Oktober 2026 01:11:00",NASA-SNPP,Medium,110.3306,-2.64273,False,False,False,False,True,True,Di Luar Area Pantauan (>1000m dari Desa)
Manis Mata,Jambi,"Selasa, 06 Oktober 2026 01:11:00",NASA-SNPP,Medium,110.96821,-2.70321,False,False,False,False,False,False,Di Luar Area Pantauan (>1000m dari Desa)
Manis Mata,Seguling,"Selasa, 06 Oktober 2026 01:11:00",NASA-SNPP,Medium,111.11296,-2.66612,False,False,False,True,False,True,Di Luar Area Pantauan (>1000m dari Desa)
Manis Mata,Seguling,"Selasa, 06 Oktober 2026 01:11:00",NASA-SNPP,Medium,111.11348,-2.66279,False,False,False,True,False,True,Di Luar Area Pantauan (>1000m dari Desa)
Kendawangan,Airhitam Hulu,"Selasa, 06 Oktober 2026 01:11:00",NASA-SNPP,Medium,110.68481,-2.63243,False,False,False,False,False,False,Di Luar Area Pantauan (>1000m dari Desa)
Kendawangan,Air Tarap,"Selasa, 06 Oktober 2026 01:11:00",NASA-SNPP,Medium,110.86053,-2.54492,False,False,False,False,False,False,Di Luar Area Pantauan (>1000m dari Desa)
Kendawangan,Air Tarap,"Selasa, 06 Oktober 2026 01:11:00",NASA-SNPP,Medium,110.87611,-2.53711,False,False,False,False,False,False,Di Luar Area Pantauan (>1000m dari Desa)
Matan Hilir Selatan,Pesaguan Kanan,"Selasa, 06 Oktober 2026 01:11:00",NASA-SNPP,Medium,110.29109,-2.04644,False,False,True,True,False,True,Di Luar Area Pantauan (>1000m dari Desa)
Matan Hilir Selatan,Pagar Mentimun,"Selasa, 06 Oktober 2026 01:11:00",NASA-SNPP,Medium,110.16623,-2.25357,False,False,True,True,False,True,Di Luar Area Pantauan (>1000m dari Desa)
Kendawangan,Pangkalan Batu,"Selasa, 06 Oktober 2026 01:11:00",NASA-SNPP,Medium,110.38468,-2.27475,False,False,False,False,False,False,Di Luar Area Pantauan (>1000m dari Desa)
Matan Hilir Selatan,Sungai Nanjung,"Selasa, 06 Oktober 2026 01:11:00",NASA-SNPP,Medium,110.19886,-2.13976,False,False,True,True,False,True,Di Luar Area Pantauan (>1000m dari Desa)
Benua Kayong,Negeri Baru,"Selasa, 06 Oktober 2026 01:11:00",NASA-SNPP,Medium,110.18208,-1.81585,False,False,False,True,False,True,Di Luar Area Pantauan (>1000m dari Desa)
Benua Kayong,Negeri Baru,"Selasa, 06 Oktober 2026 01:11:00",NASA-SNPP,Medium,110.18573,-1.81644,False,False,False,True,False,True,Di Luar Area Pantauan (>1000m dari Desa)
Matan Hilir Selatan,Sungai Nanjung,"Selasa, 06 Oktober 2026 01:11:00",NASA-SNPP,Medium,110.19214,-2.13519,False,False,True,True,False,True,Di Luar Area Pantauan (>1000m dari Desa)
Matan Hilir Selatan,Sungai Nanjung,"Selasa, 06 Oktober 2026 01:11:00",NASA-SNPP,Medium,110.18434,-2.13743,False,False,True,False,False,True,Di Luar Area Pantauan (>1000m dari Desa)
Jelai Hulu,Rangga Intan,"Selasa, 06 Oktober 2026 01:11:00",NASA-SNPP,Medium,110.78394,-1.89001,False,False,False,False,False,False,Di Luar Area Pantauan (>1000m dari Desa)
Marau,Randai,"Selasa, 06 Oktober 2026 01:11:00",NASA-SNPP,Medium,110.45448,-2.06229,False,False,False,False,False,False,Di Luar Area Pantauan (>1000m dari Desa)
Tumbang Titi,Mahawa,"Selasa, 06 Oktober 2026 01:11:00",NASA-SNPP,Medium,110.68141,-1.94424,False,False,True,False,True,True,Di Luar Area Pantauan (>1000m dari Desa)
Tumbang Titi,Mahawa,"Selasa, 06 Oktober 2026 01:11:00",NASA-SNPP,Medium,110.68188,-1.94087,False,False,False,False,True,True,Di Luar Area Pantauan (>1000m dari Desa)
Jelai Hulu,Semantun,"Selasa, 06 Oktober 2026 01:11:00",NASA-SNPP,Medium,111.06028,-1.96338,False,False,True,False,False,True,Di Luar Area Pantauan (>1000m dari Desa)
Nanga Tayap,Batu Mas,"Selasa, 06 Oktober 2026 01:11:00",NASA-SNPP,Medium,110.6265,-1.68796,False,False,False,False,False,False,Di Luar Area Pantauan (>1000m dari Desa)
Tumbang Titi,Titi Baru,"Selasa, 06 Oktober 2026 01:11:00",NASA-SNPP,Medium,110.61266,-1.87112,False,False,False,False,False,False,Di Luar Area Pantauan (>1000m dari Desa)
Tumbang Titi,Serengkah Kanan,"Selasa, 06 Oktober 2026 01:11:00",NASA-SNPP,Medium,110.77424,-1.76666,False,False,True,False,False,True,Di Luar Area Pantauan (>1000m dari Desa)
Nanga Tayap,Batu Mas,"Selasa, 06 Oktober 2026 01:11:00",NASA-SNPP,Medium,110.66075,-1.65404,False,False,True,False,False,True,Di Luar Area Pantauan (>1000m dari Desa)
Nanga Tayap,Batu Mas,"Selasa, 06 Oktober 2026 01:11:00",NASA-SNPP,Medium,110.65366,-1.65292,False,False,True,False,False,True,Di Luar Area Pantauan (>1000m dari Desa)
Matan Hilir Utara,Sungai Putri,"Selasa, 06 Oktober 2026 01:11:00",NASA-SNPP,Medium,110.1073,-1.56669,False,False,True,True,False,True,Di Luar Area Pantauan (>1000m dari Desa)
Nanga Tayap,Batu Mas,"Selasa, 06 Oktober 2026 01:11:00",NASA-SNPP,Medium,110.6572,-1.65348,False,False,True,False,False,True,Di Luar Area Pantauan (>1000m dari Desa)
Matan Hilir Utara,Tanjung Baik Budi,"Selasa, 06 Oktober 2026 01:11:00",NASA-SNPP,Medium,110.09582,-1.5438,False,False,True,True,False,True,Di Luar Area Pantauan (>1000m dari Desa)
Nanga Tayap,Batu Mas,"Selasa, 06 Oktober 2026 01:11:00",NASA-SNPP,Medium,110.65311,-1.65629,False,False,True,False,False,True,Di Luar Area Pantauan (>1000m dari Desa)
Nanga Tayap,Batu Mas,"Selasa, 06 Oktober 2026 01:11:00",NASA-SNPP,Medium,110.65667,-1.65685,False,False,True,False,False,True,Di Luar Area Pantauan (>1000m dari Desa)
Muara Pawan,Ulak Medang,"Selasa, 06 Oktober 2026 01:11:00",NASA-SNPP,Medium,110.29475,-1.54389,False,False,True,True,False,True,Di Luar Area Pantauan (>1000m dari Desa)
Muara Pawan,Ulak Medang,"Selasa, 06 Oktober 2026 01:11:00",NASA-SNPP,Medium,110.25577,-1.53069,False,False,True,True,False,True,Di Luar Area Pantauan (>1000m dari Desa)
Muara Pawan,Ulak Medang,"Selasa, 06 Oktober 2026 01:11:00",NASA-SNPP,Medium,110.29421,-1.5473,False,False,True,True,False,True,Di Luar Area Pantauan (>1000m dari Desa)
Nanga Tayap,Cegolak,"Selasa, 06 Oktober 2026 01:11:00",NASA-SNPP,Medium,110.73273,-1.61367,False,False,True,False,False,True,Di Luar Area Pantauan (>1000m dari Desa)
Nanga Tayap,Betenung,"Selasa, 06 Oktober 2026 01:11:00",NASA-SNPP,Medium,110.86733,-1.61102,False,False,True,False,False,True,Di Luar Area Pantauan (>1000m dari Desa)
Nanga Tayap,Betenung,"Selasa, 06 Oktober 2026 01:11:00",NASA-SNPP,Medium,110.86245,-1.62056,False,False,True,False,False,True,Di Luar Area Pantauan (>1000m dari Desa)
Nanga Tayap,Betenung,"Selasa, 06 Oktober 2026 01:11:00",NASA-SNPP,Medium,110.85973,-1.61325,False,False,False,False,False,False,Di Luar Area Pantauan (>1000m dari Desa)
Nanga Tayap,Batu Mas,"Selasa, 06 Oktober 2026 01:11:00",NASA-SNPP,Medium,110.62704,-1.68459,False,False,False,False,False,False,Di Luar Area Pantauan (>1000m dari Desa)
Nanga Tayap,Betenung,"Selasa, 06 Oktober 2026 01:11:00",NASA-SNPP,Medium,110.8593,-1.61662,False,False,True,False,False,True,Di Luar Area Pantauan (>1000m dari Desa)
Nanga Tayap,Betenung,"Selasa, 06 Oktober 2026 01:11:00",NASA-SNPP,Medium,110.86288,-1.61719,False,False,True,False,False,True,Di Luar Area Pantauan (>1000m dari Desa)
Nanga Tayap,Cegolak,"Selasa, 06 Oktober 2026 01:11:00",NASA-SNPP,Medium,110.74089,-1.60807,False,False,True,False,False,True,Di Luar Area Pantauan (>1000m dari Desa)
Muara Pawan,Ulak Medang,"Selasa, 06 Oktober 2026 01:11:00",NASA-SNPP,Medium,110.26671,-1.53243,False,False,True,True,False,True,Di Luar Area Pantauan (>1000m dari Desa)
Nanga Tayap,Cegolak,"Selasa, 06 Oktober 2026 01:11:00",NASA-SNPP,Medium,110.74138,-1.6047,False,False,True,False,False,True,Di Luar Area Pantauan (>1000m dari Desa)
Nanga Tayap,Betenung,"Selasa, 06 Oktober 2026 01:11:00",NASA-SNPP,Medium,110.80807,-1.54865,False,False,True,False,False,True,Di Luar Area Pantauan (>1000m dari Desa)
Nanga Tayap,Betenung,"Selasa, 06 Oktober 2026 01:11:00",NASA-SNPP,Medium,110.80455,-1.54809,False,False,True,False,False,True,Di Luar Area Pantauan (>1000m dari Desa)
Matan Hilir Utara,Kuala Tolak,"Selasa, 06 Oktober 2026 01:11:00",NASA-SNPP,Medium,110.14344,-1.48116,False,False,False,True,False,True,Di Luar Area Pantauan (>1000m dari Desa)
Muara Pawan,Ulak Medang,"Selasa, 06 Oktober 2026 01:11:00",NASA-SNPP,Medium,110.29676,-1.55469,False,False,True,True,False,True,Di Luar Area Pantauan (>1000m dari Desa)
Muara Pawan,Ulak Medang,"Selasa, 06 Oktober 2026 01:11:00",NASA-SNPP,Medium,110.29367,-1.5507,False,False,True,True,False,True,Di Luar Area Pantauan (>1000m dari Desa)
Matan Hilir Utara,Lamon Satong,"Selasa, 06 Oktober 2026 01:11:00",NASA-SNPP,Medium,110.27593,-1.42239,False,False,True,False,False,True,Di Luar Area Pantauan (>1000m dari Desa)
Muara Pawan,Ulak Medang,"Selasa, 06 Oktober 2026 01:11:00",NASA-SNPP,Medium,110.29986,-1.55867,False,False,True,True,False,True,Di Luar Area Pantauan (>1000m dari Desa)
Matan Hilir Utara,Sungai Putri,"Selasa, 06 Oktober 2026 01:11:00",NASA-SNPP,Medium,110.08995,-1.55693,False,False,True,True,False,True,Di Luar Area Pantauan (>1000m dari Desa)
Muara Pawan,Ulak Medang,"Selasa, 06 Oktober 2026 01:11:00",NASA-SNPP,Medium,110.29932,-1.56208,False,False,True,True,False,True,Di Luar Area Pantauan (>1000m dari Desa)
Matan Hilir Utara,Kuala Tolak,"Selasa, 06 Oktober 2026 01:11:00",NASA-SNPP,Medium,110.11973,-1.48789,False,False,True,True,False,True,Di Luar Area Pantauan (>1000m dari Desa)
Nanga Tayap,Cegolak,"Selasa, 06 Oktober 2026 01:11:00",NASA-SNPP,Medium,110.73635,-1.61425,False,False,True,False,False,True,Di Luar Area Pantauan (>1000m dari Desa)
Muara Pawan,Ulak Medang,"Selasa, 06 Oktober 2026 01:11:00",NASA-SNPP,Medium,110.25996,-1.52786,False,False,True,True,False,True,Di Luar Area Pantauan (>1000m dari Desa)
Muara Pawan,Ulak Medang,"Selasa, 06 Oktober 2026 01:11:00",NASA-SNPP,Medium,110.23076,-1.52319,False,False,True,True,False,True,Di Luar Area Pantauan (>1000m dari Desa)
Muara Pawan,Ulak Medang,"Selasa, 06 Oktober 2026 01:11:00",NASA-SNPP,Medium,110.2636,-1.52844,False,False,True,True,False,True,Di Luar Area Pantauan (>1000m dari Desa)
Matan Hilir Utara,Kuala Tolak,"Selasa, 06 Oktober 2026 01:11:00",NASA-SNPP,Medium,110.14645,-1.50972,False,False,True,False,False,True,Di Luar Area Pantauan (>1000m dari Desa)
Nanga Tayap,Betenung,"Selasa, 06 Oktober 2026 01:11:00",NASA-SNPP,Medium,110.80744,-1.552,False,False,True,False,False,True,Di Luar Area Pantauan (>1000m dari Desa)
Nanga Tayap,Betenung,"Selasa, 06 Oktober 2026 01:11:00",NASA-SNPP,Medium,110.80392,-1.55144,False,False,True,False,False,True,Di Luar Area Pantauan (>1000m dari Desa)
Nanga Tayap,Betenung,"Selasa, 06 Oktober 2026 01:11:00",NASA-SNPP,Medium,110.88242,-1.58108,False,False,False,False,False,False,Di Luar Area Pantauan (>1000m dari Desa)
Matan Hilir Utara,Kuala Tolak,"Selasa, 06 Oktober 2026 01:11:00",NASA-SNPP,Medium,110.14766,-1.47833,False,False,True,True,False,True,Di Luar Area Pantauan (>1000m dari Desa)
Matan Hilir Utara,Lamon Satong,"Selasa, 06 Oktober 2026 01:11:00",NASA-SNPP,Medium,110.26669,-1.41043,False,False,True,False,False,True,Di Luar Area Pantauan (>1000m dari Desa)
Nanga Tayap,Pangkalan Teluk,"Selasa, 06 Oktober 2026 01:11:00",NASA-SNPP,Medium,110.30177,-1.30753,False,False,True,False,True,True,Di Luar Area Pantauan (>1000m dari Desa)
Nanga Tayap,Pangkalan Teluk,"Selasa, 06 Oktober 2026 01:11:00",NASA-SNPP,Medium,110.33876,-1.30996,False,False,True,False,True,True,Di Luar Area Pantauan (>1000m dari Desa)
Nanga Tayap,Pangkalan Teluk,"Selasa, 06 Oktober 2026 01:11:00",NASA-SNPP,Medium,110.29502,-1.30296,False,False,True,False,True,True,Di Luar Area Pantauan (>1000m dari Desa)
Nanga Tayap,Pangkalan Teluk,"Selasa, 06 Oktober 2026 01:11:00",NASA-SNPP,Medium,110.35125,-1.30148,False,False,True,False,True,True,Di Luar Area Pantauan (>1000m dari Desa)
Hulu Sungai,Riam Dadap,"Selasa, 06 Oktober 2026 01:11:00",NASA-SNPP,Medium,110.80106,-1.19847,False,False,False,False,False,False,Di Luar Area Pantauan (>1000m dari Desa)
Hulu Sungai,Riam Dadap,"Selasa, 06 Oktober 2026 01:11:00",NASA-SNPP,Medium,110.80514,-1.19567,False,False,False,False,False,False,Di Luar Area Pantauan (>1000m dari Desa)
Hulu Sungai,Riam Dadap,"Selasa, 06 Oktober 2026 01:11:00",NASA-SNPP,Medium,110.80462,-1.19904,False,False,False,False,False,False,Di Luar Area Pantauan (>1000m dari Desa)
Jelai Hulu,Pasir Mayang,"Selasa, 06 Oktober 2026 01:11:00",NASA-SNPP,Medium,110.81136,-1.80832,False,False,False,False,False,False,Di Luar Area Pantauan (>1000m dari Desa)
Matan Hilir Selatan,Sungai Nanjung,"Selasa, 06 Oktober 2026 01:11:00",NASA-SNPP,Medium,110.19523,-2.13918,False,False,True,True,False,True,Di Luar Area Pantauan (>1000m dari Desa)
Matan Hilir Selatan,Sungai Nanjung,"Selasa, 06 Oktober 2026 01:11:00",NASA-SNPP,Medium,110.18797,-2.13801,False,False,True,True,False,True,Di Luar Area Pantauan (>1000m dari Desa)
Simpang Hilir,Lubuk Batu,"Selasa, 06 Oktober 2026 01:11:00",NASA-SNPP,Medium,110.11187,-0.94566,False,False,False,False,False,False,Di Luar Area Pantauan (>1000m dari Desa)
Simpang Hilir,Lubuk Batu,"Selasa, 06 Oktober 2026 01:11:00",NASA-SNPP,Medium,110.1087,-0.94162,False,False,False,False,False,False,Di Luar Area Pantauan (>1000m dari Desa)
Simpang Hilir,Lubuk Batu,"Selasa, 06 Oktober 2026 01:11:00",NASA-SNPP,Medium,110.11929,-0.94685,False,False,False,False,False,False,Di Luar Area Pantauan (>1000m dari Desa)
Simpang Hilir,Lubuk Batu,"Selasa, 06 Oktober 2026 01:11:00",NASA-SNPP,Medium,110.11774,-0.93249,False,False,False,False,False,False,Di Luar Area Pantauan (>1000m dari Desa)
Simpang Hilir,Lubuk Batu,"Selasa, 06 Oktober 2026 01:11:00",NASA-SNPP,Medium,110.12145,-0.93309,False,False,False,False,False,False,Di Luar Area Pantauan (>1000m dari Desa)
Simpang Hilir,Lubuk Batu,"Selasa, 06 Oktober 2026 01:11:00",NASA-SNPP,Medium,110.12888,-0.93428,False,False,False,False,False,False,Di Luar Area Pantauan (>1000m dari Desa)
Kendawangan,Natai Kuini,"Selasa, 06 Oktober 2026 20:27:00",NASA-MODIS,Medium,110.69253,-2.89255,False,False,False,False,False,False,Di Luar Area Pantauan (>1000m dari Desa)
Matan Hilir Utara,Lamon Satong,"Selasa, 06 Oktober 2026 20:27:00",NASA-MODIS,Medium,110.26873,-1.41947,False,False,True,False,False,True,Di Luar Area Pantauan (>1000m dari Desa)
Matan Hilir Utara,Kuala Tolak,"Selasa, 06 Oktober 2026 20:27:00",NASA-MODIS,Medium,110.14057,-1.47606,False,False,False,True,False,True,Di Luar Area Pantauan (>1000m dari Desa)
Kendawangan,Pembedilan,"Selasa, 06 Oktober 2026 20:27:00",NASA-MODIS,Medium,110.29085,-2.83685,False,False,False,False,True,True,Di Luar Area Pantauan (>1000m dari Desa)
Simpang Hilir,Lubuk Batu,"Selasa, 06 Oktober 2026 20:27:00",NASA-MODIS,Medium,110.12208,-0.93577,False,False,False,False,False,False,Di Luar Area Pantauan (>1000m dari Desa)
Muara Pawan,Ulak Medang,"Selasa, 06 Oktober 2026 20:27:00",NASA-MODIS,Medium,110.29453,-1.55666,False,False,True,True,False,True,Di Luar Area Pantauan (>1000m dari Desa)
Nanga Tayap,Betenung,"Selasa, 06 Oktober 2026 20:27:00",NASA-MODIS,Medium,110.77216,-1.58287,False,False,False,False,False,False,Di Luar Area Pantauan (>1000m dari Desa)
Kendawangan,Natai Kuini,"Selasa, 06 Oktober 2026 08:09:00",NASA-MODIS,Medium,110.72398,-2.85462,False,False,False,False,False,False,Di Luar Area Pantauan (>1000m dari Desa)
Matan Hilir Utara,Lamon Satong,"Selasa, 06 Oktober 2026 20:27:00",NASA-MODIS,High,110.27917,-1.41801,False,False,False,False,False,False,Di Luar Area Pantauan (>1000m dari Desa)
Kendawangan,Air Hitam Besar,"Selasa, 06 Oktober 2026 01:11:00",NASA-SNPP,High,110.72366,-2.80008,False,False,False,False,False,False,Di Luar Area Pantauan (>1000m dari Desa)
Kendawangan,Natai Kuini,"Selasa, 06 Oktober 2026 01:11:00",NASA-SNPP,High,110.80489,-2.85419,False,False,False,False,False,False,Di Luar Area Pantauan (>1000m dari Desa)
Ketungau Hulu,Sekaih,"Selasa, 06 Oktober 2026 13:50:00",NASA-SNPP,High,111.18332,0.78214,False,False,False,False,False,False,Di Luar Area Pantauan (>1000m dari Desa)
Kendawangan,Natai Kuini,"Selasa, 06 Oktober 2026 01:11:00",NASA-SNPP,High,110.80595,-2.8475,False,False,False,False,False,False,Di Luar Area Pantauan (>1000m dari Desa)
Ketungau Tengah,Panding Jaya,"Selasa, 06 Oktober 2026 12:27:00",NASA-NOAA20,High,111.6223,0.74606,False,False,False,False,False,False,Di Luar Area Pantauan (>1000m dari Desa)
Badau,Tajum,"Selasa, 06 Oktober 2026 12:27:00",NASA-NOAA20,High,112.026,1.09524,False,False,False,False,False,False,Di Luar Area Pantauan (>1000m dari Desa)
Kendawangan,Natai Kuini,"Selasa, 06 Oktober 2026 01:28:00",NASA-NOAA20,High,110.80692,-2.84881,False,False,False,False,False,False,Di Luar Area Pantauan (>1000m dari Desa)
Kendawangan,Natai Kuini,"Selasa, 06 Oktober 2026 12:27:00",NASA-NOAA20,High,110.80371,-2.85215,False,False,False,False,False,False,Di Luar Area Pantauan (>1000m dari Desa)
Muara Pawan,Ulak Medang,"Selasa, 06 Oktober 2026 01:28:00",NASA-NOAA20,High,110.29785,-1.54507,False,False,True,True,False,True,Di Luar Area Pantauan (>1000m dari Desa)
Kendawangan,Natai Kuini,"Selasa, 06 Oktober 2026 01:11:00",NASA-SNPP,High,110.81539,-2.85586,False,False,False,False,False,False,Di Luar Area Pantauan (>1000m dari Desa)
Matan Hilir Selatan,Sungai Nanjung,"Selasa, 06 Oktober 2026 01:11:00",NASA-SNPP,High,110.18851,-2.13461,False,False,True,True,False,True,Di Luar Area Pantauan (>1000m dari Desa)
Ketungau Hulu,Sungai Kelik,"Selasa, 06 Oktober 2026 13:50:00",NASA-SNPP,High,111.19681,0.96415,False,False,False,False,False,False,Di Luar Area Pantauan (>1000m dari Desa)
Kendawangan,Natai Kuini,"Selasa, 06 Oktober 2026 01:11:00",NASA-SNPP,High,110.72274,-2.85145,False,False,False,False,False,False,Di Luar Area Pantauan (>1000m dari Desa)
Belitang Hulu,Balai Sepuak,"Selasa, 06 Oktober 2026 13:50:00",NASA-SNPP,High,111.23316,0.45183,False,False,False,False,False,False,Di Luar Area Pantauan (>1000m dari Desa)
Sekadau Hulu,Rawak Hilir,"Selasa, 06 Oktober 2026 13:50:00",NASA-SNPP,High,110.913,-0.10376,False,False,False,False,False,False,Di Luar Area Pantauan (>1000m dari Desa)
Kendawangan,Air Hitam Besar,"Selasa, 06 Oktober 2026 01:28:00",NASA-NOAA20,High,110.73035,-2.79796,False,False,False,True,False,True,Di Luar Area Pantauan (>1000m dari Desa)
Kendawangan,Natai Kuini,"Selasa, 06 Oktober 2026 01:11:00",NASA-SNPP,High,110.80892,-2.8514,False,False,False,False,False,False,Di Luar Area Pantauan (>1000m dari Desa)
Puring Kencana,Sungai Antu,"Selasa, 06 Oktober 2026 13:50:00",NASA-SNPP,High,111.60325,0.98773,False,False,False,False,False,False,Di Luar Area Pantauan (>1000m dari Desa)
Kendawangan,Natai Kuini,"Selasa, 06 Oktober 2026 12:27:00",NASA-NOAA20,High,110.80292,-2.84627,False,False,False,False,False,False,Di Luar Area Pantauan (>1000m dari Desa)
Kendawangan,Air Hitam Besar,"Selasa, 06 Oktober 2026 01:28:00",NASA-NOAA20,High,110.71888,-2.84801,False,False,False,False,False,False,Di Luar Area Pantauan (>1000m dari Desa)
Kendawangan,Natai Kuini,"Selasa, 06 Oktober 2026 01:11:00",NASA-SNPP,High,110.80945,-2.84806,False,False,False,False,False,False,Di Luar Area Pantauan (>1000m dari Desa)
Belitang Hulu,Pakit Mulau,"Selasa, 06 Oktober 2026 13:50:00",NASA-SNPP,High,111.19267,0.55875,False,False,False,False,False,False,Di Luar Area Pantauan (>1000m dari Desa)
Ketungau Hulu,Sungai Pisau,"Selasa, 06 Oktober 2026 13:50:00",NASA-SNPP,High,111.07594,0.83255,False,False,False,False,False,False,Di Luar Area Pantauan (>1000m dari Desa)
Belitang Hulu,Batuk Mulau,"Selasa, 06 Oktober 2026 13:50:00",NASA-SNPP,High,111.21754,0.38788,False,False,False,False,False,False,Di Luar Area Pantauan (>1000m dari Desa)
Kendawangan,Air Hitam Besar,"Selasa, 06 Oktober 2026 01:11:00",NASA-SNPP,High,110.72717,-2.80064,False,False,False,False,False,False,Di Luar Area Pantauan (>1000m dari Desa)
Kendawangan,Natai Kuini,"Selasa, 06 Oktober 2026 01:28:00",NASA-NOAA20,High,110.8063,-2.85306,False,False,False,False,False,False,Di Luar Area Pantauan (>1000m dari Desa)
Kendawangan,Natai Kuini,"Selasa, 06 Oktober 2026 01:11:00",NASA-SNPP,High,110.8084,-2.85475,False,False,False,False,False,False,Di Luar Area Pantauan (>1000m dari Desa)
Belitang Hulu,Pakit Mulau,"Selasa, 06 Oktober 2026 13:50:00",NASA-SNPP,High,111.19456,0.55857,False,False,False,False,False,False,Di Luar Area Pantauan (>1000m dari Desa)
Ketungau Tengah,Mungguk Lawang,"Selasa, 06 Oktober 2026 12:27:00",NASA-NOAA20,High,111.68452,0.66992,False,False,False,False,True,True,Di Luar Area Pantauan (>1000m dari Desa)
Kendawangan,Air Hitam Besar,"Selasa, 06 Oktober 2026 01:28:00",NASA-NOAA20,High,110.71917,-2.84831,False,False,False,False,False,False,Di Luar Area Pantauan (>1000m dari Desa)
Kendawangan,Natai Kuini,"Selasa, 06 Oktober 2026 01:11:00",NASA-SNPP,High,110.8014,-2.85363,False,False,False,False,False,False,Di Luar Area Pantauan (>1000m dari Desa)
Sandai,Randau,"Selasa, 06 Oktober 2026 20:27:00",NASA-MODIS,High,110.5647,-0.96713,False,False,True,False,False,True,Di Luar Area Pantauan (>1000m dari Desa)
Simpang Hilir,Matan Jaya,"Selasa, 06 Oktober 2026 20:27:00",NASA-MODIS,High,110.14365,-1.0443,False,False,False,False,False,False,Di Luar Area Pantauan (>1000m dari Desa)
Sandai,Randau,"Selasa, 06 Oktober 2026 20:27:00",NASA-MODIS,High,110.55385,-0.96862,False,False,False,False,False,False,Di Luar Area Pantauan (>1000m dari Desa)
Kendawangan,Air Hitam Besar,"Selasa, 06 Oktober 2026 03:49:00",NASA-MODIS,High,110.73822,-2.79172,False,False,False,True,False,True,Di Luar Area Pantauan (>1000m dari Desa)
Kendawangan,Natai Kuini,"Selasa, 06 Oktober 2026 20:27:00",NASA-MODIS,High,110.7852,-2.86004,False,False,False,False,False,False,Di Luar Area Pantauan (>1000m dari Desa)
Kendawangan,Air Hitam Besar,"Selasa, 06 Oktober 2026 03:49:00",NASA-MODIS,High,110.73275,-2.79593,False,False,False,True,False,True,Di Luar Area Pantauan (>1000m dari Desa)
Manis Mata,Seguling,"Selasa, 06 Oktober 2026 20:27:00",NASA-MODIS,High,111.10009,-2.6522,False,False,True,True,False,True,Di Luar Area Pantauan (>1000m dari Desa)
Matan Hilir Selatan,Sungai Nanjung,"Selasa, 06 Oktober 2026 20:27:00",NASA-MODIS,High,110.19485,-2.14214,False,False,True,True,False,True,Di Luar Area Pantauan (>1000m dari Desa)
Simpang Hilir,Lubuk Batu,"Selasa, 06 Oktober 2026 20:27:00",NASA-MODIS,High,110.11178,-0.93718,False,False,False,False,False,False,Di Luar Area Pantauan (>1000m dari Desa)
Kendawangan,Natai Kuini,"Selasa, 06 Oktober 2026 20:27:00",NASA-MODIS,High,110.78379,-2.85039,False,False,False,False,False,False,Di Luar Area Pantauan (>1000m dari Desa)
Kendawangan,Natai Kuini,"Selasa, 06 Oktober 2026 03:49:00",NASA-MODIS,High,110.80315,-2.84977,False,False,False,False,False,False,Di Luar Area Pantauan (>1000m dari Desa)
Nanga Tayap,Pateh Benteng,"Selasa, 06 Oktober 2026 20:27:00",NASA-MODIS,High,110.58704,-1.64125,False,False,False,False,False,False,Di Luar Area Pantauan (>1000m dari Desa)
Simpang Hilir,Lubuk Batu,"Selasa, 06 Oktober 2026 20:27:00",NASA-MODIS,High,110.11311,-0.94669,False,False,False,False,False,False,Di Luar Area Pantauan (>1000m dari Desa)
Matan Hilir Selatan,Sungai Nanjung,"Selasa, 06 Oktober 2026 20:27:00",NASA-MODIS,High,110.19349,-2.13273,False,False,True,True,False,True,Di Luar Area Pantauan (>1000m dari Desa)
Muara Pawan,Ulak Medang,"Selasa, 06 Oktober 2026 20:27:00",NASA-MODIS,High,110.30355,-1.5457,False,False,True,True,False,True,Di Luar Area Pantauan (>1000m dari Desa)
Matan Hilir Utara,Tanjung Baik Budi,"Selasa, 06 Oktober 2026 20:27:00",NASA-MODIS,High,110.09604,-1.55515,False,False,True,True,False,True,Di Luar Area Pantauan (>1000m dari Desa)
Muara Pawan,Ulak Medang,"Selasa, 06 Oktober 2026 20:27:00",NASA-MODIS,High,110.29317,-1.54713,False,False,True,True,False,True,Di Luar Area Pantauan (>1000m dari Desa)
Matan Hilir Utara,Sungai Putri,"Selasa, 06 Oktober 2026 20:27:00",NASA-MODIS,High,110.08593,-1.55656,False,False,True,True,False,True,Di Luar Area Pantauan (>1000m dari Desa)
Matan Hilir Selatan,Sungai Nanjung,"Selasa, 06 Oktober 2026 20:27:00",NASA-MODIS,High,110.1834,-2.13412,False,False,True,True,False,True,Di Luar Area Pantauan (>1000m dari Desa)
Kendawangan,Natai Kuini,"Selasa, 06 Oktober 2026 20:27:00",NASA-MODIS,High,110.80657,-2.85706,False,False,False,False,False,False,Di Luar Area Pantauan (>1000m dari Desa)
Kendawangan,Air Hitam Besar,"Selasa, 06 Oktober 2026 20:27:00",NASA-MODIS,High,110.71869,-2.84969,False,False,False,False,False,False,Di Luar Area Pantauan (>1000m dari Desa)
Kendawangan,Natai Kuini,"Selasa, 06 Oktober 2026 20:27:00",NASA-MODIS,High,110.6939,-2.90216,False,False,False,False,False,False,Di Luar Area Pantauan (>1000m dari Desa)
Kendawangan,Natai Kuini,"Selasa, 06 Oktober 2026 20:27:00",NASA-MODIS,High,110.80518,-2.84739,False,False,False,False,False,False,Di Luar Area Pantauan (>1000m dari Desa)
Kendawangan,Natai Kuini,"Selasa, 06 Oktober 2026 20:27:00",NASA-MODIS,High,110.79308,-2.83922,False,False,False,False,False,False,Di Luar Area Pantauan (>1000m dari Desa)
Kendawangan,Natai Kuini,"Selasa, 06 Oktober 2026 20:27:00",NASA-MODIS,High,110.79588,-2.85856,False,False,False,False,False,False,Di Luar Area Pantauan (>1000m dari Desa)
Kendawangan,Natai Kuini,"Selasa, 06 Oktober 2026 20:27:00",NASA-MODIS,High,110.79448,-2.84889,False,False,False,False,False,False,Di Luar Area Pantauan (>1000m dari Desa)
Kendawangan,Air Hitam Besar,"Selasa, 06 Oktober 2026 20:27:00",NASA-MODIS,High,110.74803,-2.79291,False,False,False,True,False,True,Di Luar Area Pantauan (>1000m dari Desa)
