Kecamatan,Desa,Waktu,Satelit,Confidence,Longitude,Latitude,in_desa,in_buffer,is_hutan,is_gambut,is_kk,in_kawasan,Prioritas_Satgas
Simpang Hulu,Semandang Kiri,"Minggu, 13 September 2026 12:40:00",NASA-SNPP,Low,110.40499,-0.66293,False,False,False,False,False,False,Di Luar Area Pantauan (>1000m dari Desa)
Simpang Hulu,Semandang Kiri,"Minggu, 13 September 2026 12:40:00",NASA-SNPP,Low,110.40585,-0.66115,False,False,False,False,False,False,Di Luar Area Pantauan (>1000m dari Desa)
Simpang Hilir,Batu Barat,"Minggu, 13 September 2026 12:40:00",NASA-SNPP,Low,110.10349,-0.90775,False,False,False,False,False,False,Di Luar Area Pantauan (>1000m dari Desa)
Simpang Hilir,Batu Barat,"Minggu, 13 September 2026 12:40:00",NASA-SNPP,Low,110.09894,-0.92067,False,False,False,False,False,False,Di Luar Area Pantauan (>1000m dari Desa)
Sandai,Pendamaran Indah,"Minggu, 13 September 2026 12:40:00",NASA-SNPP,Low,110.64124,-1.11799,False,False,False,False,False,False,Di Luar Area Pantauan (>1000m dari Desa)
Simpang Hilir,Lubuk Batu,"Minggu, 13 September 2026 12:40:00",NASA-SNPP,Low,110.1033,-0.9256,False,False,False,False,False,False,Di Luar Area Pantauan (>1000m dari Desa)
Kendawangan,Air Hitam Besar,"Minggu, 13 September 2026 12:40:00",NASA-SNPP,Low,110.63751,-2.76748,False,False,False,False,False,False,Di Luar Area Pantauan (>1000m dari Desa)
Simpang Hilir,Batu Barat,"Minggu, 13 September 2026 12:40:00",NASA-SNPP,Low,110.09924,-0.90283,False,False,False,True,False,True,Di Luar Area Pantauan (>1000m dari Desa)
Simpang Hilir,Lubuk Batu,"Minggu, 13 September 2026 12:40:00",NASA-SNPP,Low,110.09978,-0.92613,False,False,False,False,False,False,Di Luar Area Pantauan (>1000m dari Desa)
Simpang Dua,Kampar Sebomban,"Minggu, 13 September 2026 12:40:00",NASA-SNPP,Low,110.17793,-0.90722,False,False,False,False,False,False,Di Luar Area Pantauan (>1000m dari Desa)
Matan Hilir Selatan,Sungai Pelang,"Minggu, 13 September 2026 12:40:00",NASA-SNPP,Low,110.18389,-1.86238,False,False,True,True,False,True,Di Luar Area Pantauan (>1000m dari Desa)
Batang Lupar,Sungai Ajung,"Minggu, 13 September 2026 12:59:00",NASA-NOAA20,Low,112.33412,1.06683,False,False,False,False,False,False,Di Luar Area Pantauan (>1000m dari Desa)
Simpang Hilir,Lubuk Batu,"Minggu, 13 September 2026 12:40:00",NASA-SNPP,Low,110.09627,-0.92666,False,False,False,False,False,False,Di Luar Area Pantauan (>1000m dari Desa)
Simpang Hilir,Lubuk Batu,"Minggu, 13 September 2026 12:40:00",NASA-SNPP,Low,110.09888,-0.92523,False,False,False,False,False,False,Di Luar Area Pantauan (>1000m dari Desa)
Simpang Hilir,Lubuk Batu,"Minggu, 13 September 2026 12:40:00",NASA-SNPP,Low,110.10239,-0.92468,False,False,False,False,False,False,Di Luar Area Pantauan (>1000m dari Desa)
Simpang Hilir,Matan Jaya,"Minggu, 13 September 2026 07:54:00",NASA-MODIS,Medium,110.142,-1.10206,False,False,True,True,True,True,Di Luar Area Pantauan (>1000m dari Desa)
Menukung,Belaban Ella,"Sabtu, 12 September 2026 19:34:00",NASA-MODIS,Medium,112.19587,-0.50166,False,False,False,False,False,False,Di Luar Area Pantauan (>1000m dari Desa)
Menukung,Nanga Siyai,"Sabtu, 12 September 2026 19:34:00",NASA-MODIS,Medium,112.16306,-0.50614,False,False,False,False,False,False,Di Luar Area Pantauan (>1000m dari Desa)
Kayan Hulu,Nanga Tonggoi,"Sabtu, 12 September 2026 19:34:00",NASA-MODIS,Medium,112.14912,-0.29948,False,False,False,False,False,False,Di Luar Area Pantauan (>1000m dari Desa)
Menukung,Belaban Ella,"Sabtu, 12 September 2026 19:34:00",NASA-MODIS,Medium,112.19133,-0.50829,False,False,False,False,False,False,Di Luar Area Pantauan (>1000m dari Desa)
Kayan Hulu,Nanga Tonggoi,"Sabtu, 12 September 2026 19:34:00",NASA-MODIS,Medium,112.15395,-0.29262,False,False,False,False,False,False,Di Luar Area Pantauan (>1000m dari Desa)
Muara Pawan,Ulak Medang,"Minggu, 13 September 2026 00:20:00",NASA-NOAA20,Medium,110.28409,-1.51436,False,False,False,False,False,False,Di Luar Area Pantauan (>1000m dari Desa)
Nanga Tayap,Lembah Hijau Satu,"Minggu, 13 September 2026 00:20:00",NASA-NOAA20,Medium,110.48779,-1.56117,False,False,False,False,False,False,Di Luar Area Pantauan (>1000m dari Desa)
Muara Pawan,Ulak Medang,"Minggu, 13 September 2026 00:20:00",NASA-NOAA20,Medium,110.27843,-1.51343,False,False,False,False,False,False,Di Luar Area Pantauan (>1000m dari Desa)
Matan Hilir Utara,Kuala Tolak,"Minggu, 13 September 2026 00:20:00",NASA-NOAA20,Medium,110.12058,-1.50119,False,False,True,True,False,True,Di Luar Area Pantauan (>1000m dari Desa)
Matan Hilir Utara,Tanjung Baik Budi,"Minggu, 13 September 2026 00:20:00",NASA-NOAA20,Medium,110.15192,-1.5268,False,False,True,True,False,True,Di Luar Area Pantauan (>1000m dari Desa)
Matan Hilir Utara,Tanjung Baik Budi,"Minggu, 13 September 2026 00:20:00",NASA-NOAA20,Medium,110.14614,-1.52586,False,False,True,True,False,True,Di Luar Area Pantauan (>1000m dari Desa)
Matan Hilir Utara,Kuala Tolak,"Minggu, 13 September 2026 00:20:00",NASA-NOAA20,Medium,110.1147,-1.50023,False,False,True,True,False,True,Di Luar Area Pantauan (>1000m dari Desa)
Muara Pawan,Ulak Medang,"Minggu, 13 September 2026 00:20:00",NASA-NOAA20,Medium,110.27683,-1.51785,False,False,True,True,False,True,Di Luar Area Pantauan (>1000m dari Desa)
Muara Pawan,Ulak Medang,"Minggu, 13 September 2026 00:20:00",NASA-NOAA20,Medium,110.25977,-1.51493,False,False,True,True,False,True,Di Luar Area Pantauan (>1000m dari Desa)
Matan Hilir Utara,Kuala Tolak,"Minggu, 13 September 2026 00:20:00",NASA-NOAA20,Medium,110.12043,-1.49796,False,False,True,True,False,True,Di Luar Area Pantauan (>1000m dari Desa)
Matan Hilir Selatan,Sungai Besar,"Minggu, 13 September 2026 00:20:00",NASA-NOAA20,Medium,110.18517,-1.87635,False,False,True,True,False,True,Di Luar Area Pantauan (>1000m dari Desa)
Matan Hilir Selatan,Sungai Pelang,"Minggu, 13 September 2026 00:20:00",NASA-NOAA20,Medium,110.18172,-1.8622,False,False,True,True,False,True,Di Luar Area Pantauan (>1000m dari Desa)
Matan Hilir Selatan,Sungai Besar,"Minggu, 13 September 2026 00:20:00",NASA-NOAA20,Medium,110.19087,-1.87732,False,False,True,True,False,True,Di Luar Area Pantauan (>1000m dari Desa)
Matan Hilir Selatan,Sungai Besar,"Minggu, 13 September 2026 00:20:00",NASA-NOAA20,Medium,110.2575,-1.87648,False,False,True,True,False,True,Di Luar Area Pantauan (>1000m dari Desa)
Matan Hilir Selatan,Sungai Pelang,"Minggu, 13 September 2026 00:20:00",NASA-NOAA20,Medium,110.17917,-1.85697,False,False,True,True,False,True,Di Luar Area Pantauan (>1000m dari Desa)
Matan Hilir Selatan,Sungai Besar,"Minggu, 13 September 2026 00:20:00",NASA-NOAA20,Medium,110.12023,-1.92416,False,False,False,True,False,True,Di Luar Area Pantauan (>1000m dari Desa)
Matan Hilir Selatan,Sungai Nanjung,"Minggu, 13 September 2026 00:20:00",NASA-NOAA20,Medium,110.25079,-2.19482,False,False,True,True,True,True,Di Luar Area Pantauan (>1000m dari Desa)
Kendawangan,Banjar Sari,"Minggu, 13 September 2026 00:20:00",NASA-NOAA20,Medium,110.2486,-2.47319,False,False,False,False,False,False,Di Luar Area Pantauan (>1000m dari Desa)
Kendawangan,Banjar Sari,"Minggu, 13 September 2026 00:20:00",NASA-NOAA20,Medium,110.24313,-2.47223,False,False,False,True,False,True,Di Luar Area Pantauan (>1000m dari Desa)
Kendawangan,Danau Buntar,"Minggu, 13 September 2026 00:20:00",NASA-NOAA20,Medium,110.86306,-2.58664,False,False,False,False,False,False,Di Luar Area Pantauan (>1000m dari Desa)
Nanga Tayap,Pangkalan Teluk,"Minggu, 13 September 2026 00:20:00",NASA-NOAA20,Medium,110.36529,-1.3468,False,False,False,False,True,True,Di Luar Area Pantauan (>1000m dari Desa)
Nanga Tayap,Pangkalan Teluk,"Minggu, 13 September 2026 00:20:00",NASA-NOAA20,Medium,110.36157,-1.34123,False,False,False,False,True,True,Di Luar Area Pantauan (>1000m dari Desa)
Nanga Tayap,Pangkalan Teluk,"Minggu, 13 September 2026 00:20:00",NASA-NOAA20,Medium,110.367,-1.34211,False,False,False,False,True,True,Di Luar Area Pantauan (>1000m dari Desa)
Nanga Tayap,Pangkalan Teluk,"Minggu, 13 September 2026 00:20:00",NASA-NOAA20,Medium,110.28859,-1.35657,False,False,True,False,False,True,Di Luar Area Pantauan (>1000m dari Desa)
Nanga Tayap,Mensubang,"Minggu, 13 September 2026 00:20:00",NASA-NOAA20,Medium,110.39252,-1.32598,False,False,True,False,False,True,Di Luar Area Pantauan (>1000m dari Desa)
Kendawangan,Airhitam Hulu,"Minggu, 13 September 2026 00:20:00",NASA-NOAA20,Medium,110.60963,-2.65596,False,False,False,False,False,False,Di Luar Area Pantauan (>1000m dari Desa)
Kendawangan,Airhitam Hulu,"Minggu, 13 September 2026 00:20:00",NASA-NOAA20,Medium,110.61475,-2.65685,False,False,False,False,False,False,Di Luar Area Pantauan (>1000m dari Desa)
Kendawangan,Airhitam Hulu,"Minggu, 13 September 2026 00:20:00",NASA-NOAA20,Medium,110.60334,-2.66141,False,False,False,False,False,False,Di Luar Area Pantauan (>1000m dari Desa)
Kendawangan,Airhitam Hulu,"Minggu, 13 September 2026 00:20:00",NASA-NOAA20,Medium,110.60851,-2.66231,False,False,False,False,False,False,Di Luar Area Pantauan (>1000m dari Desa)
Kendawangan,Natai Kuini,"Minggu, 13 September 2026 00:20:00",NASA-NOAA20,Medium,110.97138,-2.82088,False,False,False,False,False,False,Di Luar Area Pantauan (>1000m dari Desa)
Kendawangan,Airhitam Hulu,"Minggu, 13 September 2026 00:20:00",NASA-NOAA20,Medium,110.60501,-2.6597,False,False,False,False,False,False,Di Luar Area Pantauan (>1000m dari Desa)
Kendawangan,Airhitam Hulu,"Minggu, 13 September 2026 00:20:00",NASA-NOAA20,Medium,110.61135,-2.65422,False,False,False,False,False,False,Di Luar Area Pantauan (>1000m dari Desa)
Kendawangan,Air Hitam Besar,"Minggu, 13 September 2026 00:20:00",NASA-NOAA20,Medium,110.77339,-2.77853,False,False,False,True,False,True,Di Luar Area Pantauan (>1000m dari Desa)
Kendawangan,Airhitam Hulu,"Minggu, 13 September 2026 00:20:00",NASA-NOAA20,Medium,110.61022,-2.66056,False,False,False,False,False,False,Di Luar Area Pantauan (>1000m dari Desa)
Muara Pawan,Ulak Medang,"Minggu, 13 September 2026 00:20:00",NASA-NOAA20,Medium,110.27171,-1.51911,False,False,True,True,False,True,Di Luar Area Pantauan (>1000m dari Desa)
Muara Pawan,Ulak Medang,"Minggu, 13 September 2026 00:20:00",NASA-NOAA20,Medium,110.27739,-1.52003,False,False,True,True,False,True,Di Luar Area Pantauan (>1000m dari Desa)
Muara Pawan,Ulak Medang,"Minggu, 13 September 2026 00:20:00",NASA-NOAA20,Medium,110.26028,-1.51723,False,False,True,True,False,True,Di Luar Area Pantauan (>1000m dari Desa)
Matan Hilir Utara,Kuala Tolak,"Minggu, 13 September 2026 00:20:00",NASA-NOAA20,Medium,110.11582,-1.49357,False,False,True,True,False,True,Di Luar Area Pantauan (>1000m dari Desa)
Matan Hilir Utara,Kuala Tolak,"Minggu, 13 September 2026 00:20:00",NASA-NOAA20,Medium,110.10985,-1.49259,False,False,False,False,False,False,Di Luar Area Pantauan (>1000m dari Desa)
Matan Hilir Utara,Tanjung Baik Budi,"Minggu, 13 September 2026 00:20:00",NASA-NOAA20,Medium,110.13564,-1.51732,False,False,True,True,False,True,Di Luar Area Pantauan (>1000m dari Desa)
Muara Pawan,Ulak Medang,"Minggu, 13 September 2026 00:20:00",NASA-NOAA20,Medium,110.26599,-1.51817,False,False,True,True,False,True,Di Luar Area Pantauan (>1000m dari Desa)
Kendawangan,Banjar Sari,"Minggu, 13 September 2026 00:20:00",NASA-NOAA20,Medium,110.24841,-2.47361,False,False,False,False,False,False,Di Luar Area Pantauan (>1000m dari Desa)
Matan Hilir Utara,Tanjung Baik Budi,"Minggu, 13 September 2026 00:20:00",NASA-NOAA20,Medium,110.146,-1.52282,False,False,True,True,False,True,Di Luar Area Pantauan (>1000m dari Desa)
Matan Hilir Utara,Kuala Tolak,"Minggu, 13 September 2026 00:20:00",NASA-NOAA20,Medium,110.11565,-1.49029,False,False,True,True,False,True,Di Luar Area Pantauan (>1000m dari Desa)
Matan Hilir Utara,Tanjung Baik Budi,"Minggu, 13 September 2026 00:20:00",NASA-NOAA20,Medium,110.14021,-1.52184,False,False,True,True,False,True,Di Luar Area Pantauan (>1000m dari Desa)
Matan Hilir Utara,Tanjung Baik Budi,"Minggu, 13 September 2026 00:20:00",NASA-NOAA20,Medium,110.15175,-1.5238,False,False,True,True,False,True,Di Luar Area Pantauan (>1000m dari Desa)
Matan Hilir Utara,Tanjung Baik Budi,"Minggu, 13 September 2026 00:20:00",NASA-NOAA20,Medium,110.17587,-1.52106,False,False,False,False,False,False,Di Luar Area Pantauan (>1000m dari Desa)
Matan Hilir Utara,Tanjung Baik Budi,"Minggu, 13 September 2026 00:20:00",NASA-NOAA20,Medium,110.14146,-1.51827,False,False,True,True,False,True,Di Luar Area Pantauan (>1000m dari Desa)
Muara Pawan,Ulak Medang,"Minggu, 13 September 2026 00:20:00",NASA-NOAA20,Medium,110.27576,-1.52444,False,False,True,True,False,True,Di Luar Area Pantauan (>1000m dari Desa)
Muara Pawan,Ulak Medang,"Minggu, 13 September 2026 00:20:00",NASA-NOAA20,Medium,110.2701,-1.52348,False,False,True,True,False,True,Di Luar Area Pantauan (>1000m dari Desa)
Nanga Tayap,Lembah Hijau Satu,"Minggu, 13 September 2026 00:20:00",NASA-NOAA20,Medium,110.48682,-1.56042,False,False,False,False,False,False,Di Luar Area Pantauan (>1000m dari Desa)
Muara Pawan,Ulak Medang,"Minggu, 13 September 2026 00:20:00",NASA-NOAA20,Medium,110.26548,-1.51591,False,False,False,True,False,True,Di Luar Area Pantauan (>1000m dari Desa)
Nanga Tayap,Lembah Hijau Satu,"Minggu, 13 September 2026 00:20:00",NASA-NOAA20,Medium,110.48568,-1.56692,False,False,False,False,False,False,Di Luar Area Pantauan (>1000m dari Desa)
Matan Hilir Utara,Kuala Tolak,"Minggu, 13 September 2026 00:20:00",NASA-NOAA20,Medium,110.12507,-1.50559,False,False,True,True,False,True,Di Luar Area Pantauan (>1000m dari Desa)
Kendawangan,Air Hitam Besar,"Minggu, 13 September 2026 00:20:00",NASA-NOAA20,Medium,110.71333,-2.70366,False,False,False,False,False,False,Di Luar Area Pantauan (>1000m dari Desa)
Nanga Tayap,Pangkalan Teluk,"Minggu, 13 September 2026 00:20:00",NASA-NOAA20,Medium,110.35976,-1.34587,False,False,False,False,True,True,Di Luar Area Pantauan (>1000m dari Desa)
Muara Pawan,Ulak Medang,"Minggu, 13 September 2026 00:20:00",NASA-NOAA20,Medium,110.27059,-1.5257,False,False,True,True,False,True,Di Luar Area Pantauan (>1000m dari Desa)
Matan Hilir Utara,Tanjung Baik Budi,"Minggu, 13 September 2026 00:20:00",NASA-NOAA20,Medium,110.17612,-1.5239,False,False,False,True,False,True,Di Luar Area Pantauan (>1000m dari Desa)
Matan Hilir Utara,Lamon Satong,"Minggu, 13 September 2026 00:20:00",NASA-NOAA20,Medium,110.18754,-1.52304,False,False,True,True,False,True,Di Luar Area Pantauan (>1000m dari Desa)
Muara Pawan,Ulak Medang,"Minggu, 13 September 2026 00:20:00",NASA-NOAA20,Medium,110.28252,-1.51882,False,False,True,True,False,True,Di Luar Area Pantauan (>1000m dari Desa)
Muara Pawan,Ulak Medang,"Minggu, 13 September 2026 00:20:00",NASA-NOAA20,Medium,110.26862,-1.63166,False,False,True,True,False,True,Di Luar Area Pantauan (>1000m dari Desa)
Nanga Tayap,Lembah Hijau Satu,"Minggu, 13 September 2026 00:20:00",NASA-NOAA20,Medium,110.48663,-1.56767,False,False,False,False,False,False,Di Luar Area Pantauan (>1000m dari Desa)
Nanga Tayap,Mensubang,"Minggu, 13 September 2026 00:20:00",NASA-NOAA20,Medium,110.39198,-1.32429,False,False,False,False,False,False,Di Luar Area Pantauan (>1000m dari Desa)
Matan Hilir Selatan,Sungai Besar,"Minggu, 13 September 2026 00:20:00",NASA-NOAA20,Medium,110.19395,-1.87293,False,False,True,True,False,True,Di Luar Area Pantauan (>1000m dari Desa)
Matan Hilir Selatan,Sungai Besar,"Minggu, 13 September 2026 00:20:00",NASA-NOAA20,Medium,110.18827,-1.87201,False,False,True,True,False,True,Di Luar Area Pantauan (>1000m dari Desa)
Matan Hilir Selatan,Sungai Pelang,"Minggu, 13 September 2026 00:20:00",NASA-NOAA20,Medium,110.17606,-1.86124,False,False,True,True,False,True,Di Luar Area Pantauan (>1000m dari Desa)
Terentang,Betuah,"Minggu, 13 September 2026 00:20:00",NASA-NOAA20,Medium,109.92062,-0.49879,False,False,True,True,False,True,Di Luar Area Pantauan (>1000m dari Desa)
Muara Pawan,Mayak,"Minggu, 13 September 2026 00:20:00",NASA-NOAA20,Medium,110.11523,-1.7511,False,False,False,True,False,True,Di Luar Area Pantauan (>1000m dari Desa)
Kendawangan,Air Hitam Besar,"Minggu, 13 September 2026 00:20:00",NASA-NOAA20,Medium,110.77699,-2.77554,False,False,False,True,True,True,Di Luar Area Pantauan (>1000m dari Desa)
Matan Hilir Selatan,Sungai Besar,"Minggu, 13 September 2026 00:20:00",NASA-NOAA20,Medium,110.19666,-1.87829,False,False,True,True,False,True,Di Luar Area Pantauan (>1000m dari Desa)
Matan Hilir Selatan,Sungai Pelang,"Minggu, 13 September 2026 00:20:00",NASA-NOAA20,Medium,110.1874,-1.86316,False,False,True,True,False,True,Di Luar Area Pantauan (>1000m dari Desa)
Matan Hilir Selatan,Sungai Pelang,"Minggu, 13 September 2026 00:20:00",NASA-NOAA20,Medium,110.18372,-1.86449,False,False,True,True,False,True,Di Luar Area Pantauan (>1000m dari Desa)
Matan Hilir Selatan,Kemuning Biutak,"Minggu, 13 September 2026 00:20:00",NASA-NOAA20,Medium,110.39323,-1.97783,False,False,False,False,False,False,Di Luar Area Pantauan (>1000m dari Desa)
Kendawangan,Airhitam Hulu,"Minggu, 13 September 2026 00:20:00",NASA-NOAA20,Medium,110.60445,-2.65506,False,False,True,False,False,True,Di Luar Area Pantauan (>1000m dari Desa)
Kendawangan,Air Hitam Besar,"Minggu, 13 September 2026 00:20:00",NASA-NOAA20,Medium,110.71767,-2.70069,False,False,False,False,False,False,Di Luar Area Pantauan (>1000m dari Desa)
Sungai Melayu Rayak,Makmur Abadi,"Minggu, 13 September 2026 00:20:00",NASA-NOAA20,Medium,110.24094,-1.77232,False,False,False,True,False,True,Di Luar Area Pantauan (>1000m dari Desa)
Matan Hilir Selatan,Sungai Pelang,"Minggu, 13 September 2026 00:20:00",NASA-NOAA20,Medium,110.17715,-1.85464,False,False,False,True,False,True,Di Luar Area Pantauan (>1000m dari Desa)
Matan Hilir Selatan,Sungai Pelang,"Minggu, 13 September 2026 00:20:00",NASA-NOAA20,Medium,110.18283,-1.8556,False,False,False,True,False,True,Di Luar Area Pantauan (>1000m dari Desa)
Matan Hilir Selatan,Sungai Besar,"Minggu, 13 September 2026 00:20:00",NASA-NOAA20,Medium,110.25532,-1.87468,False,False,True,True,False,True,Di Luar Area Pantauan (>1000m dari Desa)
Matan Hilir Selatan,Sungai Besar,"Minggu, 13 September 2026 00:20:00",NASA-NOAA20,Medium,110.18626,-1.86976,False,False,True,True,False,True,Di Luar Area Pantauan (>1000m dari Desa)
Matan Hilir Selatan,Sungai Besar,"Minggu, 13 September 2026 00:20:00",NASA-NOAA20,Medium,110.26086,-1.87562,False,False,True,True,False,True,Di Luar Area Pantauan (>1000m dari Desa)
Kendawangan,Banjar Sari,"Minggu, 13 September 2026 00:20:00",NASA-NOAA20,Medium,110.24412,-2.46619,False,False,False,False,False,False,Di Luar Area Pantauan (>1000m dari Desa)
Matan Hilir Selatan,Kemuning Biutak,"Minggu, 13 September 2026 00:20:00",NASA-NOAA20,Medium,110.39873,-1.97877,False,False,False,False,False,False,Di Luar Area Pantauan (>1000m dari Desa)
Matan Hilir Selatan,Kemuning Biutak,"Minggu, 13 September 2026 00:20:00",NASA-NOAA20,Medium,110.35591,-1.96471,False,False,True,True,False,True,Di Luar Area Pantauan (>1000m dari Desa)
Matan Hilir Selatan,Kemuning Biutak,"Minggu, 13 September 2026 00:20:00",NASA-NOAA20,Medium,110.39699,-1.97899,False,False,False,False,False,False,Di Luar Area Pantauan (>1000m dari Desa)
Matan Hilir Selatan,Sungai Nanjung,"Minggu, 13 September 2026 00:20:00",NASA-NOAA20,Medium,110.23755,-2.17246,False,False,True,True,False,True,Di Luar Area Pantauan (>1000m dari Desa)
Matan Hilir Selatan,Sungai Nanjung,"Minggu, 13 September 2026 00:20:00",NASA-NOAA20,Medium,110.25633,-2.19572,False,False,True,True,True,True,Di Luar Area Pantauan (>1000m dari Desa)
Matan Hilir Selatan,Pagar Mentimun,"Minggu, 13 September 2026 00:20:00",NASA-NOAA20,Medium,110.17057,-2.2205,False,False,False,False,False,False,Di Luar Area Pantauan (>1000m dari Desa)
Matan Hilir Selatan,Pagar Mentimun,"Minggu, 13 September 2026 00:20:00",NASA-NOAA20,Medium,110.16499,-2.21956,False,False,True,False,False,True,Di Luar Area Pantauan (>1000m dari Desa)
Matan Hilir Selatan,Pesaguan Kanan,"Minggu, 13 September 2026 00:20:00",NASA-NOAA20,Medium,110.17136,-2.03465,False,False,False,True,False,True,Di Luar Area Pantauan (>1000m dari Desa)
Matan Hilir Selatan,Sungai Nanjung,"Minggu, 13 September 2026 00:20:00",NASA-NOAA20,Medium,110.25569,-2.19447,False,False,True,True,True,True,Di Luar Area Pantauan (>1000m dari Desa)
Kendawangan,Banjar Sari,"Minggu, 13 September 2026 00:20:00",NASA-NOAA20,Medium,110.24291,-2.47269,False,False,False,True,False,True,Di Luar Area Pantauan (>1000m dari Desa)
Matan Hilir Selatan,Pesaguan Kanan,"Minggu, 13 September 2026 00:20:00",NASA-NOAA20,Medium,110.17473,-2.03352,False,False,False,True,False,True,Di Luar Area Pantauan (>1000m dari Desa)
Matan Hilir Selatan,Sungai Nanjung,"Minggu, 13 September 2026 00:20:00",NASA-NOAA20,Medium,110.25014,-2.19353,False,False,True,True,True,True,Di Luar Area Pantauan (>1000m dari Desa)
Matan Hilir Selatan,Pematang Gadung,"Minggu, 13 September 2026 00:20:00",NASA-NOAA20,Medium,110.31718,-1.95805,False,False,True,True,False,True,Di Luar Area Pantauan (>1000m dari Desa)
Kendawangan,Air Hitam Besar,"Minggu, 13 September 2026 00:20:00",NASA-NOAA20,Medium,110.77834,-2.77939,False,False,False,True,True,True,Di Luar Area Pantauan (>1000m dari Desa)
Kendawangan,Banjar Sari,"Minggu, 13 September 2026 02:00:00",NASA-NOAA20,Medium,110.24678,-2.47218,False,False,False,False,False,False,Di Luar Area Pantauan (>1000m dari Desa)
Kendawangan,Banjar Sari,"Minggu, 13 September 2026 02:00:00",NASA-NOAA20,Medium,110.24301,-2.47193,False,False,False,True,False,True,Di Luar Area Pantauan (>1000m dari Desa)
Muara Pawan,Ulak Medang,"Minggu, 13 September 2026 02:00:00",NASA-NOAA20,Medium,110.27077,-1.5161,False,False,False,True,False,True,Di Luar Area Pantauan (>1000m dari Desa)
Sungai Ambawang,Teluk Bakung,"Minggu, 13 September 2026 02:00:00",NASA-NOAA20,Medium,109.65714,-0.13305,False,False,True,True,False,True,Di Luar Area Pantauan (>1000m dari Desa)
Sungai Ambawang,Teluk Bakung,"Minggu, 13 September 2026 02:00:00",NASA-NOAA20,Medium,109.66343,-0.12745,False,False,True,True,False,True,Di Luar Area Pantauan (>1000m dari Desa)
Sungai Ambawang,Teluk Bakung,"Minggu, 13 September 2026 02:00:00",NASA-NOAA20,Medium,109.65817,-0.12663,False,False,True,True,False,True,Di Luar Area Pantauan (>1000m dari Desa)
Sungai Ambawang,Teluk Bakung,"Minggu, 13 September 2026 02:00:00",NASA-NOAA20,Medium,109.66006,-0.13208,False,False,True,True,False,True,Di Luar Area Pantauan (>1000m dari Desa)
Sungai Raya,Kalibandung,"Minggu, 13 September 2026 02:00:00",NASA-NOAA20,Medium,109.65339,-0.33759,False,False,False,True,False,True,Di Luar Area Pantauan (>1000m dari Desa)
Matan Hilir Selatan,Sungai Nanjung,"Minggu, 13 September 2026 02:00:00",NASA-NOAA20,Medium,110.21705,-2.17162,False,False,False,False,False,False,Di Luar Area Pantauan (>1000m dari Desa)
Matan Hilir Selatan,Pesaguan Kanan,"Minggu, 13 September 2026 02:00:00",NASA-NOAA20,Medium,110.1712,-2.03614,False,False,False,True,False,True,Di Luar Area Pantauan (>1000m dari Desa)
Kendawangan,Banjar Sari,"Minggu, 13 September 2026 02:00:00",NASA-NOAA20,Medium,110.24933,-2.47288,False,False,False,False,False,False,Di Luar Area Pantauan (>1000m dari Desa)
Muara Pawan,Ulak Medang,"Minggu, 13 September 2026 02:00:00",NASA-NOAA20,Medium,110.26616,-1.52034,False,False,True,True,False,True,Di Luar Area Pantauan (>1000m dari Desa)
Sungai Ambawang,Teluk Bakung,"Minggu, 13 September 2026 02:00:00",NASA-NOAA20,Medium,109.66105,-0.12566,False,False,True,True,False,True,Di Luar Area Pantauan (>1000m dari Desa)
Sungai Ambawang,Teluk Bakung,"Minggu, 13 September 2026 02:00:00",NASA-NOAA20,Medium,109.6742,-0.00936,False,False,False,True,False,True,Di Luar Area Pantauan (>1000m dari Desa)
Sungai Raya,Kalibandung,"Minggu, 13 September 2026 01:41:00",NASA-SNPP,Medium,109.65827,-0.33882,False,False,False,True,False,True,Di Luar Area Pantauan (>1000m dari Desa)
Sungai Raya,Kalibandung,"Minggu, 13 September 2026 01:41:00",NASA-SNPP,Medium,109.63106,-0.33886,False,False,False,True,False,True,Di Luar Area Pantauan (>1000m dari Desa)
Batu Ampar,Batu Ampar,"Minggu, 13 September 2026 01:41:00",NASA-SNPP,Medium,109.55671,-0.78403,False,False,False,True,True,True,Di Luar Area Pantauan (>1000m dari Desa)
Sukadana,Sedahan Jaya,"Minggu, 13 September 2026 01:41:00",NASA-SNPP,Medium,110.04434,-1.17019,False,False,False,True,True,True,Di Luar Area Pantauan (>1000m dari Desa)
Sungai Raya,Gunungtamang,"Minggu, 13 September 2026 01:41:00",NASA-SNPP,Medium,109.89493,-0.15162,False,False,False,True,False,True,Di Luar Area Pantauan (>1000m dari Desa)
Sungai Raya,Gunungtamang,"Minggu, 13 September 2026 01:41:00",NASA-SNPP,Medium,109.891,-0.15101,False,False,False,True,False,True,Di Luar Area Pantauan (>1000m dari Desa)
Serawai,Tunas Harapan,"Minggu, 13 September 2026 01:41:00",NASA-SNPP,Medium,112.40917,-0.39433,False,False,False,False,False,False,Di Luar Area Pantauan (>1000m dari Desa)
Sungai Raya,Gunungtamang,"Minggu, 13 September 2026 01:41:00",NASA-SNPP,Medium,109.89034,-0.15525,False,False,False,True,False,True,Di Luar Area Pantauan (>1000m dari Desa)
Sungai Ambawang,Teluk Bakung,"Minggu, 13 September 2026 01:41:00",NASA-SNPP,Medium,109.66536,-0.133,False,False,False,True,False,True,Di Luar Area Pantauan (>1000m dari Desa)
Menukung,Belaban Ella,"Minggu, 13 September 2026 01:41:00",NASA-SNPP,Medium,112.21107,-0.55675,False,False,False,False,True,True,Di Luar Area Pantauan (>1000m dari Desa)
Sungai Raya,Pulaulimbung,"Minggu, 13 September 2026 01:41:00",NASA-SNPP,Medium,109.82793,-0.17148,False,False,True,True,True,True,Di Luar Area Pantauan (>1000m dari Desa)
Sungai Raya,Gunungtamang,"Minggu, 13 September 2026 01:41:00",NASA-SNPP,Medium,109.89819,-0.15647,False,False,False,True,False,True,Di Luar Area Pantauan (>1000m dari Desa)
Sungai Raya,Gunungtamang,"Minggu, 13 September 2026 01:41:00",NASA-SNPP,Medium,109.89428,-0.15586,False,False,False,True,False,True,Di Luar Area Pantauan (>1000m dari Desa)
Terentang,Teluk Bayur,"Minggu, 13 September 2026 01:41:00",NASA-SNPP,Medium,109.52309,-0.39549,False,False,False,True,False,True,Di Luar Area Pantauan (>1000m dari Desa)
Terentang,Teluk Bayur,"Minggu, 13 September 2026 01:41:00",NASA-SNPP,Medium,109.52244,-0.39964,False,False,False,True,False,True,Di Luar Area Pantauan (>1000m dari Desa)
Sungai Raya,Kalibandung,"Minggu, 13 September 2026 01:41:00",NASA-SNPP,Medium,109.63039,-0.34304,False,False,False,True,False,True,Di Luar Area Pantauan (>1000m dari Desa)
Batu Ampar,Batu Ampar,"Minggu, 13 September 2026 01:41:00",NASA-SNPP,Medium,109.55292,-0.78344,False,False,False,True,True,True,Di Luar Area Pantauan (>1000m dari Desa)
Terentang,Teluk Bayur,"Minggu, 13 September 2026 01:41:00",NASA-SNPP,Medium,109.51938,-0.39492,False,False,False,True,False,True,Di Luar Area Pantauan (>1000m dari Desa)
Terentang,Teluk Bayur,"Minggu, 13 September 2026 01:41:00",NASA-SNPP,Medium,109.52682,-0.39606,False,False,False,True,False,True,Di Luar Area Pantauan (>1000m dari Desa)
Simpang Hilir,Lubuk Batu,"Minggu, 13 September 2026 01:41:00",NASA-SNPP,Medium,110.09933,-0.93659,False,False,False,False,False,False,Di Luar Area Pantauan (>1000m dari Desa)
Batu Ampar,Teluknibung,"Minggu, 13 September 2026 01:41:00",NASA-SNPP,Medium,109.52297,-0.82582,False,True,True,True,True,True,Prioritas 3 (Rendah)
Batu Ampar,Teluknibung,"Minggu, 13 September 2026 01:41:00",NASA-SNPP,Medium,109.52399,-0.82646,False,True,True,True,True,True,Prioritas 3 (Rendah)
Simpang Hilir,Sungaimata-Mata,"Minggu, 13 September 2026 01:41:00",NASA-SNPP,Medium,109.95046,-1.00199,False,False,True,True,False,True,Di Luar Area Pantauan (>1000m dari Desa)
Simpang Hilir,Sungaimata-Mata,"Minggu, 13 September 2026 01:41:00",NASA-SNPP,Medium,109.96077,-1.04537,False,False,True,True,False,True,Di Luar Area Pantauan (>1000m dari Desa)
Simpang Hilir,Penjalaan,"Minggu, 13 September 2026 01:41:00",NASA-SNPP,Medium,110.05453,-1.13163,False,False,True,True,False,True,Di Luar Area Pantauan (>1000m dari Desa)
Simpang Hilir,Penjalaan,"Minggu, 13 September 2026 01:41:00",NASA-SNPP,Medium,110.05678,-1.13163,False,False,True,True,False,True,Di Luar Area Pantauan (>1000m dari Desa)
Simpang Hilir,Sungaimata-Mata,"Minggu, 13 September 2026 01:41:00",NASA-SNPP,Medium,109.95055,-1.004,False,False,True,True,False,True,Di Luar Area Pantauan (>1000m dari Desa)
Simpang Hilir,Matan Jaya,"Minggu, 13 September 2026 01:41:00",NASA-SNPP,Medium,110.13925,-1.09552,False,False,True,True,True,True,Di Luar Area Pantauan (>1000m dari Desa)
Simpang Hilir,Matan Jaya,"Minggu, 13 September 2026 01:41:00",NASA-SNPP,Medium,110.10925,-1.09528,False,False,True,True,True,True,Di Luar Area Pantauan (>1000m dari Desa)
Sukadana,Sedahan Jaya,"Minggu, 13 September 2026 01:41:00",NASA-SNPP,Medium,110.04774,-1.17518,False,False,True,True,True,True,Di Luar Area Pantauan (>1000m dari Desa)
Sukadana,Sedahan Jaya,"Minggu, 13 September 2026 01:41:00",NASA-SNPP,Medium,110.05672,-1.17212,False,False,True,True,True,True,Di Luar Area Pantauan (>1000m dari Desa)
Matan Hilir Utara,Tanjung Baik Budi,"Minggu, 13 September 2026 01:41:00",NASA-SNPP,Medium,110.18277,-1.52852,False,False,True,True,False,True,Di Luar Area Pantauan (>1000m dari Desa)
Sukadana,Sedahan Jaya,"Minggu, 13 September 2026 01:41:00",NASA-SNPP,Medium,110.04706,-1.17953,False,False,True,True,True,True,Di Luar Area Pantauan (>1000m dari Desa)
Sukadana,Sejahtera,"Minggu, 13 September 2026 01:41:00",NASA-SNPP,Medium,110.05336,-1.25723,False,False,True,True,True,True,Di Luar Area Pantauan (>1000m dari Desa)
Hulu Sungai,Batu Lapis,"Minggu, 13 September 2026 01:41:00",NASA-SNPP,Medium,110.78616,-1.3371,False,False,False,False,False,False,Di Luar Area Pantauan (>1000m dari Desa)
Sukadana,Sejahtera,"Minggu, 13 September 2026 01:41:00",NASA-SNPP,Medium,110.03103,-1.26272,False,False,False,False,True,True,Di Luar Area Pantauan (>1000m dari Desa)
Nanga Tayap,Pangkalan Teluk,"Minggu, 13 September 2026 01:41:00",NASA-SNPP,Medium,110.36733,-1.34658,False,False,False,False,True,True,Di Luar Area Pantauan (>1000m dari Desa)
Nanga Tayap,Pangkalan Teluk,"Minggu, 13 September 2026 01:41:00",NASA-SNPP,Medium,110.36294,-1.34589,False,False,False,False,True,True,Di Luar Area Pantauan (>1000m dari Desa)
Nanga Tayap,Pangkalan Teluk,"Minggu, 13 September 2026 01:41:00",NASA-SNPP,Medium,110.29388,-1.35783,False,False,True,False,False,True,Di Luar Area Pantauan (>1000m dari Desa)
Nanga Tayap,Simpang Tiga Sembelangaan,"Minggu, 13 September 2026 01:41:00",NASA-SNPP,Medium,110.29003,-1.38453,False,False,False,False,False,False,Di Luar Area Pantauan (>1000m dari Desa)
Nanga Tayap,Simpang Tiga Sembelangaan,"Minggu, 13 September 2026 01:41:00",NASA-SNPP,Medium,110.36492,-1.43524,False,False,True,False,True,True,Di Luar Area Pantauan (>1000m dari Desa)
Nanga Tayap,Simpang Tiga Sembelangaan,"Minggu, 13 September 2026 01:41:00",NASA-SNPP,Medium,110.36568,-1.43078,False,False,False,False,True,True,Di Luar Area Pantauan (>1000m dari Desa)
Matan Hilir Utara,Kuala Tolak,"Minggu, 13 September 2026 01:41:00",NASA-SNPP,Medium,110.16167,-1.46652,False,False,False,True,False,True,Di Luar Area Pantauan (>1000m dari Desa)
Muara Pawan,Ulak Medang,"Minggu, 13 September 2026 01:41:00",NASA-SNPP,Medium,110.268,-1.51903,False,False,True,True,False,True,Di Luar Area Pantauan (>1000m dari Desa)
Muara Pawan,Ulak Medang,"Minggu, 13 September 2026 01:41:00",NASA-SNPP,Medium,110.28176,-1.5166,False,False,True,True,False,True,Di Luar Area Pantauan (>1000m dari Desa)
Nanga Tayap,Lembah Hijau Satu,"Minggu, 13 September 2026 01:41:00",NASA-SNPP,Medium,110.49241,-1.56284,False,False,False,False,False,False,Di Luar Area Pantauan (>1000m dari Desa)
Matan Hilir Utara,Tanjung Baik Budi,"Minggu, 13 September 2026 01:41:00",NASA-SNPP,Medium,110.14791,-1.52761,False,False,True,True,False,True,Di Luar Area Pantauan (>1000m dari Desa)
Matan Hilir Utara,Kuala Tolak,"Minggu, 13 September 2026 01:41:00",NASA-SNPP,Medium,110.12511,-1.50602,False,False,True,True,False,True,Di Luar Area Pantauan (>1000m dari Desa)
Matan Hilir Utara,Tanjung Baik Budi,"Minggu, 13 September 2026 01:41:00",NASA-SNPP,Medium,110.15287,-1.52387,False,False,True,True,False,True,Di Luar Area Pantauan (>1000m dari Desa)
Matan Hilir Utara,Tanjung Baik Budi,"Minggu, 13 September 2026 01:41:00",NASA-SNPP,Medium,110.14861,-1.5232,False,False,True,True,False,True,Di Luar Area Pantauan (>1000m dari Desa)
Matan Hilir Utara,Tanjung Baik Budi,"Minggu, 13 September 2026 01:41:00",NASA-SNPP,Medium,110.15646,-1.52895,False,False,True,True,False,True,Di Luar Area Pantauan (>1000m dari Desa)
Nanga Tayap,Batu Mas,"Minggu, 13 September 2026 01:41:00",NASA-SNPP,Medium,110.65322,-1.68546,False,False,False,False,False,False,Di Luar Area Pantauan (>1000m dari Desa)
Sungai Ambawang,Teluk Bakung,"Minggu, 13 September 2026 01:41:00",NASA-SNPP,Medium,109.65714,-0.13598,False,False,True,True,False,True,Di Luar Area Pantauan (>1000m dari Desa)
Sungai Ambawang,Teluk Bakung,"Minggu, 13 September 2026 01:41:00",NASA-SNPP,Medium,109.67172,-0.01309,False,False,False,True,False,True,Di Luar Area Pantauan (>1000m dari Desa)
Sungai Ambawang,Bengkarek,"Minggu, 13 September 2026 01:41:00",NASA-SNPP,Medium,109.51674,-0.17747,False,False,False,True,False,True,Di Luar Area Pantauan (>1000m dari Desa)
Sungai Ambawang,Teluk Bakung,"Minggu, 13 September 2026 01:41:00",NASA-SNPP,Medium,109.66093,-0.13658,False,False,False,True,False,True,Di Luar Area Pantauan (>1000m dari Desa)
Sungai Ambawang,Pasak Piang,"Minggu, 13 September 2026 01:41:00",NASA-SNPP,Medium,109.59017,-0.14674,False,False,False,True,False,True,Di Luar Area Pantauan (>1000m dari Desa)
Sungai Ambawang,Bengkarek,"Minggu, 13 September 2026 01:41:00",NASA-SNPP,Medium,109.51305,-0.17687,False,False,False,True,False,True,Di Luar Area Pantauan (>1000m dari Desa)
Kuala Mandor B,Kubu Padi,"Minggu, 13 September 2026 01:41:00",NASA-SNPP,Medium,109.4749,0.13359,False,False,False,True,False,True,Di Luar Area Pantauan (>1000m dari Desa)
Kapuas,Lape,"Minggu, 13 September 2026 01:41:00",NASA-SNPP,Medium,110.48866,0.1325,False,False,False,False,False,False,Di Luar Area Pantauan (>1000m dari Desa)
Terentang,Teluk Bayur,"Minggu, 13 September 2026 01:41:00",NASA-SNPP,Medium,109.526,-0.39475,False,False,False,True,False,True,Di Luar Area Pantauan (>1000m dari Desa)
Terentang,Teluk Bayur,"Minggu, 13 September 2026 01:41:00",NASA-SNPP,Medium,109.52296,-0.39,False,False,False,True,False,True,Di Luar Area Pantauan (>1000m dari Desa)
Simpang Dua,Kampar Sebomban,"Minggu, 13 September 2026 01:41:00",NASA-SNPP,Medium,110.26551,-0.80999,False,False,True,False,False,True,Di Luar Area Pantauan (>1000m dari Desa)
Matan Hilir Selatan,Sungai Pelang,"Minggu, 13 September 2026 01:41:00",NASA-SNPP,Medium,110.18658,-1.86058,False,False,True,True,False,True,Di Luar Area Pantauan (>1000m dari Desa)
Matan Hilir Selatan,Sungai Besar,"Minggu, 13 September 2026 01:41:00",NASA-SNPP,Medium,110.26073,-1.87212,False,False,True,True,False,True,Di Luar Area Pantauan (>1000m dari Desa)
Matan Hilir Selatan,Pematang Gadung,"Minggu, 13 September 2026 01:41:00",NASA-SNPP,Medium,110.32174,-1.96187,False,False,True,True,False,True,Di Luar Area Pantauan (>1000m dari Desa)
Matan Hilir Selatan,Pematang Gadung,"Minggu, 13 September 2026 01:41:00",NASA-SNPP,Medium,110.31729,-1.96119,False,False,True,True,False,True,Di Luar Area Pantauan (>1000m dari Desa)
Matan Hilir Selatan,Pesaguan Kanan,"Minggu, 13 September 2026 01:41:00",NASA-SNPP,Medium,110.33053,-2.0231,False,False,True,True,False,True,Di Luar Area Pantauan (>1000m dari Desa)
Matan Hilir Selatan,Sungai Besar,"Minggu, 13 September 2026 01:41:00",NASA-SNPP,Medium,110.23142,-1.85843,False,False,True,True,False,True,Di Luar Area Pantauan (>1000m dari Desa)
Matan Hilir Selatan,Sungai Pelang,"Minggu, 13 September 2026 01:41:00",NASA-SNPP,Medium,110.25652,-1.81204,False,False,False,True,False,True,Di Luar Area Pantauan (>1000m dari Desa)
Matan Hilir Selatan,Sungai Pelang,"Minggu, 13 September 2026 01:41:00",NASA-SNPP,Medium,110.18224,-1.8599,False,False,True,True,False,True,Di Luar Area Pantauan (>1000m dari Desa)
Matan Hilir Selatan,Sungai Besar,"Minggu, 13 September 2026 01:41:00",NASA-SNPP,Medium,110.18309,-1.88279,False,False,True,True,False,True,Di Luar Area Pantauan (>1000m dari Desa)
Matan Hilir Selatan,Sungai Besar,"Minggu, 13 September 2026 01:41:00",NASA-SNPP,Medium,110.21419,-1.88312,False,False,True,True,False,True,Di Luar Area Pantauan (>1000m dari Desa)
Matan Hilir Selatan,Sungai Besar,"Minggu, 13 September 2026 01:41:00",NASA-SNPP,Medium,110.19246,-1.87971,False,False,True,True,False,True,Di Luar Area Pantauan (>1000m dari Desa)
Matan Hilir Selatan,Sungai Besar,"Minggu, 13 September 2026 01:41:00",NASA-SNPP,Medium,110.20182,-1.87662,False,False,True,True,False,True,Di Luar Area Pantauan (>1000m dari Desa)
Matan Hilir Selatan,Sungai Besar,"Minggu, 13 September 2026 01:41:00",NASA-SNPP,Medium,110.2105,-1.87798,False,False,True,True,False,True,Di Luar Area Pantauan (>1000m dari Desa)
Matan Hilir Selatan,Sungai Besar,"Minggu, 13 September 2026 01:41:00",NASA-SNPP,Medium,110.18885,-1.87459,False,False,True,True,False,True,Di Luar Area Pantauan (>1000m dari Desa)
Matan Hilir Selatan,Sungai Besar,"Minggu, 13 September 2026 01:41:00",NASA-SNPP,Medium,110.19749,-1.87594,False,False,True,True,False,True,Di Luar Area Pantauan (>1000m dari Desa)
Matan Hilir Selatan,Sungai Besar,"Minggu, 13 September 2026 01:41:00",NASA-SNPP,Medium,110.19678,-1.88039,False,False,True,True,False,True,Di Luar Area Pantauan (>1000m dari Desa)
Matan Hilir Selatan,Kemuning Biutak,"Minggu, 13 September 2026 01:41:00",NASA-SNPP,Medium,110.35738,-1.96734,False,False,False,False,False,False,Di Luar Area Pantauan (>1000m dari Desa)
Matan Hilir Selatan,Sungai Besar,"Minggu, 13 September 2026 01:41:00",NASA-SNPP,Medium,110.17032,-1.89315,False,False,True,True,False,True,Di Luar Area Pantauan (>1000m dari Desa)
Matan Hilir Selatan,Sungai Besar,"Minggu, 13 September 2026 01:41:00",NASA-SNPP,Medium,110.17163,-1.89918,False,False,True,True,False,True,Di Luar Area Pantauan (>1000m dari Desa)
Matan Hilir Selatan,Sungai Besar,"Minggu, 13 September 2026 01:41:00",NASA-SNPP,Medium,110.17666,-1.89543,False,False,True,True,False,True,Di Luar Area Pantauan (>1000m dari Desa)
Matan Hilir Selatan,Sungai Besar,"Minggu, 13 September 2026 01:41:00",NASA-SNPP,Medium,110.12103,-1.92653,False,False,False,True,False,True,Di Luar Area Pantauan (>1000m dari Desa)
Matan Hilir Selatan,Kemuning Biutak,"Minggu, 13 September 2026 01:41:00",NASA-SNPP,Medium,110.36257,-1.96352,False,False,False,False,False,False,Di Luar Area Pantauan (>1000m dari Desa)
Matan Hilir Selatan,Sungai Besar,"Minggu, 13 September 2026 01:41:00",NASA-SNPP,Medium,110.16868,-1.88962,False,False,True,True,False,True,Di Luar Area Pantauan (>1000m dari Desa)
Matan Hilir Selatan,Sungai Besar,"Minggu, 13 September 2026 01:41:00",NASA-SNPP,Medium,110.173,-1.8903,False,False,True,True,False,True,Di Luar Area Pantauan (>1000m dari Desa)
Matan Hilir Selatan,Pesaguan Kanan,"Minggu, 13 September 2026 01:41:00",NASA-SNPP,Medium,110.33174,-2.02443,False,False,False,True,False,True,Di Luar Area Pantauan (>1000m dari Desa)
Matan Hilir Selatan,Pesaguan Kanan,"Minggu, 13 September 2026 01:41:00",NASA-SNPP,Medium,110.17608,-2.03755,False,False,False,True,False,True,Di Luar Area Pantauan (>1000m dari Desa)
Simpang Hilir,Batu Barat,"Minggu, 13 September 2026 01:41:00",NASA-SNPP,Medium,110.12027,-0.8994,False,False,True,False,False,True,Di Luar Area Pantauan (>1000m dari Desa)
Simpang Hilir,Sungaimata-Mata,"Minggu, 13 September 2026 01:41:00",NASA-SNPP,Medium,109.95519,-0.99832,False,False,True,True,False,True,Di Luar Area Pantauan (>1000m dari Desa)
Simpang Hilir,Matan Jaya,"Minggu, 13 September 2026 01:41:00",NASA-SNPP,Medium,110.12594,-1.04418,False,False,False,False,False,False,Di Luar Area Pantauan (>1000m dari Desa)
Matan Hilir Selatan,Pagar Mentimun,"Minggu, 13 September 2026 01:41:00",NASA-SNPP,Medium,110.25265,-2.19833,False,False,True,True,True,True,Di Luar Area Pantauan (>1000m dari Desa)
Matan Hilir Selatan,Pagar Mentimun,"Minggu, 13 September 2026 01:41:00",NASA-SNPP,Medium,110.26153,-2.19971,False,False,True,True,True,True,Di Luar Area Pantauan (>1000m dari Desa)
Manis Mata,Suka Ramai,"Minggu, 13 September 2026 01:41:00",NASA-SNPP,Medium,111.08945,-2.71809,False,False,False,False,False,False,Di Luar Area Pantauan (>1000m dari Desa)
Matan Hilir Selatan,Sungai Nanjung,"Minggu, 13 September 2026 01:41:00",NASA-SNPP,Medium,110.25779,-2.19453,False,False,True,True,True,True,Di Luar Area Pantauan (>1000m dari Desa)
Matan Hilir Selatan,Sungai Nanjung,"Minggu, 13 September 2026 01:41:00",NASA-SNPP,Medium,110.25334,-2.19384,False,False,True,True,True,True,Di Luar Area Pantauan (>1000m dari Desa)
Matan Hilir Selatan,Sungai Nanjung,"Minggu, 13 September 2026 01:41:00",NASA-SNPP,Medium,110.21498,-2.17873,False,False,False,False,False,False,Di Luar Area Pantauan (>1000m dari Desa)
Matan Hilir Selatan,Pagar Mentimun,"Minggu, 13 September 2026 01:41:00",NASA-SNPP,Medium,110.09699,-2.21961,False,False,False,False,False,False,Di Luar Area Pantauan (>1000m dari Desa)
Matan Hilir Selatan,Pagar Mentimun,"Minggu, 13 September 2026 01:41:00",NASA-SNPP,Medium,110.17669,-2.22311,False,False,False,False,False,False,Di Luar Area Pantauan (>1000m dari Desa)
Kendawangan,Banjar Sari,"Minggu, 13 September 2026 01:41:00",NASA-SNPP,Medium,110.24868,-2.47387,False,False,False,False,False,False,Di Luar Area Pantauan (>1000m dari Desa)
Kendawangan,Banjar Sari,"Minggu, 13 September 2026 01:41:00",NASA-SNPP,Medium,110.24937,-2.46936,False,False,False,False,False,False,Di Luar Area Pantauan (>1000m dari Desa)
Kendawangan,Banjar Sari,"Minggu, 13 September 2026 01:41:00",NASA-SNPP,Medium,110.24487,-2.46869,False,False,False,False,False,False,Di Luar Area Pantauan (>1000m dari Desa)
Kendawangan,Banjar Sari,"Minggu, 13 September 2026 01:41:00",NASA-SNPP,Medium,110.24661,-2.4874,False,False,False,True,False,True,Di Luar Area Pantauan (>1000m dari Desa)
Kendawangan,Banjar Sari,"Minggu, 13 September 2026 01:41:00",NASA-SNPP,Medium,110.24593,-2.4919,False,False,False,False,False,False,Di Luar Area Pantauan (>1000m dari Desa)
Kendawangan,Banjar Sari,"Minggu, 13 September 2026 01:41:00",NASA-SNPP,Medium,110.25248,-2.47906,False,False,False,False,False,False,Di Luar Area Pantauan (>1000m dari Desa)
Kendawangan,Banjar Sari,"Minggu, 13 September 2026 01:41:00",NASA-SNPP,Medium,110.2442,-2.47319,False,False,False,True,False,True,Di Luar Area Pantauan (>1000m dari Desa)
Nanga Tayap,Mensubang,"Minggu, 13 September 2026 01:41:00",NASA-SNPP,Medium,110.396,-1.32359,False,False,False,False,False,False,Di Luar Area Pantauan (>1000m dari Desa)
Nanga Tayap,Mensubang,"Minggu, 13 September 2026 01:41:00",NASA-SNPP,Medium,110.39469,-1.32796,False,False,True,False,False,True,Di Luar Area Pantauan (>1000m dari Desa)
Nanga Tayap,Simpang Tiga Sembelangaan,"Minggu, 13 September 2026 01:41:00",NASA-SNPP,Medium,110.29253,-1.38307,False,False,True,False,False,True,Di Luar Area Pantauan (>1000m dari Desa)
Kendawangan,Airhitam Hulu,"Minggu, 13 September 2026 01:41:00",NASA-SNPP,Medium,110.60607,-2.65929,False,False,False,False,False,False,Di Luar Area Pantauan (>1000m dari Desa)
Kendawangan,Airhitam Hulu,"Minggu, 13 September 2026 01:41:00",NASA-SNPP,Medium,110.61153,-2.65538,False,False,False,False,False,False,Di Luar Area Pantauan (>1000m dari Desa)
Kendawangan,Airhitam Hulu,"Minggu, 13 September 2026 01:41:00",NASA-SNPP,Medium,110.61633,-2.65611,False,False,False,False,False,False,Di Luar Area Pantauan (>1000m dari Desa)
Nanga Tayap,Lembah Hijau Satu,"Minggu, 13 September 2026 01:41:00",NASA-SNPP,Medium,110.50069,-1.56874,False,False,False,False,False,False,Di Luar Area Pantauan (>1000m dari Desa)
Matan Hilir Utara,Kuala Tolak,"Minggu, 13 September 2026 01:41:00",NASA-SNPP,Medium,110.16084,-1.46682,False,False,False,True,False,True,Di Luar Area Pantauan (>1000m dari Desa)
Matan Hilir Utara,Kuala Tolak,"Minggu, 13 September 2026 01:41:00",NASA-SNPP,Medium,110.12085,-1.50536,False,False,False,True,False,True,Di Luar Area Pantauan (>1000m dari Desa)
Matan Hilir Utara,Kuala Tolak,"Minggu, 13 September 2026 01:41:00",NASA-SNPP,Medium,110.12154,-1.50096,False,False,True,True,False,True,Di Luar Area Pantauan (>1000m dari Desa)
Matan Hilir Utara,Kuala Tolak,"Minggu, 13 September 2026 01:41:00",NASA-SNPP,Medium,110.15234,-1.46546,False,False,True,True,False,True,Di Luar Area Pantauan (>1000m dari Desa)
Matan Hilir Utara,Lamon Satong,"Minggu, 13 September 2026 01:41:00",NASA-SNPP,Medium,110.2337,-1.47844,False,False,True,True,False,True,Di Luar Area Pantauan (>1000m dari Desa)
Matan Hilir Utara,Lamon Satong,"Minggu, 13 September 2026 01:41:00",NASA-SNPP,Medium,110.23402,-1.48202,False,False,True,True,False,True,Di Luar Area Pantauan (>1000m dari Desa)
Muara Pawan,Ulak Medang,"Minggu, 13 September 2026 01:41:00",NASA-SNPP,Medium,110.27233,-1.5197,False,False,True,True,False,True,Di Luar Area Pantauan (>1000m dari Desa)
Muara Pawan,Ulak Medang,"Minggu, 13 September 2026 01:41:00",NASA-SNPP,Medium,110.2507,-1.51637,False,False,True,True,False,True,Di Luar Area Pantauan (>1000m dari Desa)
Muara Pawan,Ulak Medang,"Minggu, 13 September 2026 01:41:00",NASA-SNPP,Medium,110.25501,-1.51703,False,False,True,True,False,True,Di Luar Area Pantauan (>1000m dari Desa)
Muara Pawan,Ulak Medang,"Minggu, 13 September 2026 01:41:00",NASA-SNPP,Medium,110.276,-1.52482,False,False,True,True,False,True,Di Luar Area Pantauan (>1000m dari Desa)
Muara Pawan,Ulak Medang,"Minggu, 13 September 2026 01:41:00",NASA-SNPP,Medium,110.24638,-1.5157,False,False,True,True,False,True,Di Luar Area Pantauan (>1000m dari Desa)
Muara Pawan,Ulak Medang,"Minggu, 13 September 2026 01:41:00",NASA-SNPP,Medium,110.26366,-1.51836,False,False,True,True,False,True,Di Luar Area Pantauan (>1000m dari Desa)
Matan Hilir Utara,Kuala Tolak,"Minggu, 13 September 2026 01:41:00",NASA-SNPP,Medium,110.11799,-1.49591,False,False,True,True,False,True,Di Luar Area Pantauan (>1000m dari Desa)
Matan Hilir Utara,Kuala Tolak,"Minggu, 13 September 2026 01:41:00",NASA-SNPP,Medium,110.11732,-1.50031,False,False,True,True,False,True,Di Luar Area Pantauan (>1000m dari Desa)
Simpang Hilir,Penjalaan,"Minggu, 13 September 2026 01:41:00",NASA-SNPP,Medium,110.05868,-1.13227,False,False,True,True,False,True,Di Luar Area Pantauan (>1000m dari Desa)
Simpang Hilir,Matan Jaya,"Minggu, 13 September 2026 01:41:00",NASA-SNPP,Medium,110.15057,-1.10627,False,False,True,False,True,True,Di Luar Area Pantauan (>1000m dari Desa)
Simpang Hilir,Matan Jaya,"Minggu, 13 September 2026 01:41:00",NASA-SNPP,Medium,110.14278,-1.10055,False,False,True,True,True,True,Di Luar Area Pantauan (>1000m dari Desa)
Simpang Hilir,Matan Jaya,"Minggu, 13 September 2026 01:41:00",NASA-SNPP,Medium,110.13084,-1.09419,False,False,True,True,True,True,Di Luar Area Pantauan (>1000m dari Desa)
Simpang Hilir,Matan Jaya,"Minggu, 13 September 2026 01:41:00",NASA-SNPP,Medium,110.12665,-1.09354,False,False,True,True,True,True,Di Luar Area Pantauan (>1000m dari Desa)
Simpang Hilir,Matan Jaya,"Minggu, 13 September 2026 01:41:00",NASA-SNPP,Medium,110.13434,-1.09923,False,False,True,True,True,True,Di Luar Area Pantauan (>1000m dari Desa)
Simpang Hilir,Matan Jaya,"Minggu, 13 September 2026 01:41:00",NASA-SNPP,Medium,110.12176,-1.09725,False,False,True,True,True,True,Di Luar Area Pantauan (>1000m dari Desa)
Batu Ampar,Tanjungharapan,"Minggu, 13 September 2026 01:41:00",NASA-SNPP,Medium,109.527,-0.8569,True,False,False,True,True,True,Prioritas 1 (Tinggi)
Matan Hilir Utara,Kuala Tolak,"Minggu, 13 September 2026 01:41:00",NASA-SNPP,Medium,110.11381,-1.49527,False,False,False,True,False,True,Di Luar Area Pantauan (>1000m dari Desa)
Simpang Hilir,Matan Jaya,"Minggu, 13 September 2026 01:41:00",NASA-SNPP,Medium,110.11758,-1.09659,False,False,True,True,True,True,Di Luar Area Pantauan (>1000m dari Desa)
Simpang Hilir,Matan Jaya,"Minggu, 13 September 2026 01:41:00",NASA-SNPP,Medium,110.13504,-1.09485,False,False,True,True,True,True,Di Luar Area Pantauan (>1000m dari Desa)
Batu Ampar,Batu Ampar,"Minggu, 13 September 2026 01:41:00",NASA-SNPP,Medium,109.67336,-0.92721,False,False,True,False,False,True,Di Luar Area Pantauan (>1000m dari Desa)
Sungai Laur,Sungai Daka,"Minggu, 13 September 2026 01:41:00",NASA-SNPP,Medium,110.48328,-1.00024,False,False,False,False,False,False,Di Luar Area Pantauan (>1000m dari Desa)
Sungai Laur,Sungai Daka,"Minggu, 13 September 2026 01:41:00",NASA-SNPP,Medium,110.48754,-1.00089,False,False,False,False,False,False,Di Luar Area Pantauan (>1000m dari Desa)
Simpang Hilir,Batu Barat,"Minggu, 13 September 2026 01:41:00",NASA-SNPP,Medium,110.10238,-0.90547,False,False,True,True,False,True,Di Luar Area Pantauan (>1000m dari Desa)
Muara Pawan,Ulak Medang,"Minggu, 13 September 2026 01:41:00",NASA-SNPP,Medium,110.28611,-1.51726,False,False,True,True,False,True,Di Luar Area Pantauan (>1000m dari Desa)
Sungai Raya,Kalibandung,"Minggu, 13 September 2026 01:41:00",NASA-SNPP,Medium,109.62737,-0.30721,False,False,False,True,False,True,Di Luar Area Pantauan (>1000m dari Desa)
Sungai Raya,Kalibandung,"Minggu, 13 September 2026 01:41:00",NASA-SNPP,Medium,109.62811,-0.30845,False,False,False,True,False,True,Di Luar Area Pantauan (>1000m dari Desa)
Muara Pawan,Ulak Medang,"Minggu, 13 September 2026 01:41:00",NASA-SNPP,Medium,110.22983,-1.50861,False,False,True,True,False,True,Di Luar Area Pantauan (>1000m dari Desa)
Matan Hilir Utara,Tanjung Baik Budi,"Minggu, 13 September 2026 01:41:00",NASA-SNPP,Medium,110.18774,-1.52477,False,False,True,True,False,True,Di Luar Area Pantauan (>1000m dari Desa)
Matan Hilir Utara,Lamon Satong,"Minggu, 13 September 2026 01:41:00",NASA-SNPP,Medium,110.19201,-1.52543,False,False,True,True,False,True,Di Luar Area Pantauan (>1000m dari Desa)
Sungai Ambawang,Bengkarek,"Minggu, 13 September 2026 01:41:00",NASA-SNPP,Medium,109.56183,-0.18596,False,False,False,True,False,True,Di Luar Area Pantauan (>1000m dari Desa)
Sungai Raya,Kalibandung,"Minggu, 13 September 2026 01:41:00",NASA-SNPP,Medium,109.63486,-0.33945,False,False,False,True,False,True,Di Luar Area Pantauan (>1000m dari Desa)
Terentang,Teluk Bayur,"Minggu, 13 September 2026 01:41:00",NASA-SNPP,Medium,109.52163,-0.3983,False,False,False,True,False,True,Di Luar Area Pantauan (>1000m dari Desa)
Sungai Raya,Sungaiambangah,"Minggu, 13 September 2026 01:41:00",NASA-SNPP,Medium,109.5135,-0.17852,False,False,False,True,False,True,Di Luar Area Pantauan (>1000m dari Desa)
Sungai Ambawang,Bengkarek,"Minggu, 13 September 2026 01:41:00",NASA-SNPP,Medium,109.5172,-0.17909,False,False,False,True,False,True,Di Luar Area Pantauan (>1000m dari Desa)
Sungai Raya,Muara Baru,"Minggu, 13 September 2026 01:41:00",NASA-SNPP,Medium,109.82529,-0.18837,False,False,True,True,True,True,Di Luar Area Pantauan (>1000m dari Desa)
Nanga Tayap,Mensubang,"Minggu, 13 September 2026 01:41:00",NASA-SNPP,Medium,110.4012,-1.32439,False,False,False,False,False,False,Di Luar Area Pantauan (>1000m dari Desa)
Terentang,Teluk Bayur,"Minggu, 13 September 2026 01:41:00",NASA-SNPP,Medium,109.52229,-0.39415,False,False,False,True,False,True,Di Luar Area Pantauan (>1000m dari Desa)
Muara Pawan,Ulak Medang,"Minggu, 13 September 2026 01:41:00",NASA-SNPP,Medium,110.27164,-1.52415,False,False,True,True,False,True,Di Luar Area Pantauan (>1000m dari Desa)
Muara Pawan,Ulak Medang,"Minggu, 13 September 2026 01:41:00",NASA-SNPP,Medium,110.22622,-1.50352,False,False,True,True,False,True,Di Luar Area Pantauan (>1000m dari Desa)
Sungai Ambawang,Bengkarek,"Minggu, 13 September 2026 01:41:00",NASA-SNPP,Medium,109.5606,-0.18881,False,False,False,True,False,True,Di Luar Area Pantauan (>1000m dari Desa)
Sungai Raya,Pulaulimbung,"Minggu, 13 September 2026 01:41:00",NASA-SNPP,Medium,109.82595,-0.18415,False,False,True,True,True,True,Di Luar Area Pantauan (>1000m dari Desa)
Sungai Raya,Tebang Kacang,"Minggu, 13 September 2026 01:41:00",NASA-SNPP,Medium,109.51609,-0.1816,False,False,False,True,False,True,Di Luar Area Pantauan (>1000m dari Desa)
Segedong,Peniti Dalam I,"Minggu, 13 September 2026 01:41:00",NASA-SNPP,Medium,109.36534,0.19206,False,False,True,True,False,True,Di Luar Area Pantauan (>1000m dari Desa)
Muara Pawan,Ulak Medang,"Minggu, 13 September 2026 01:41:00",NASA-SNPP,Medium,110.28104,-1.52104,False,False,True,True,False,True,Di Luar Area Pantauan (>1000m dari Desa)
Nanga Tayap,Lembah Hijau Satu,"Minggu, 13 September 2026 01:41:00",NASA-SNPP,Medium,110.48725,-1.56666,False,False,False,False,False,False,Di Luar Area Pantauan (>1000m dari Desa)
Muara Pawan,Ulak Medang,"Minggu, 13 September 2026 01:41:00",NASA-SNPP,Medium,110.27668,-1.52037,False,False,True,True,False,True,Di Luar Area Pantauan (>1000m dari Desa)
Simpang Hilir,Batu Barat,"Minggu, 13 September 2026 01:41:00",NASA-SNPP,Medium,110.10303,-0.90111,False,False,False,True,False,True,Di Luar Area Pantauan (>1000m dari Desa)
Sungai Ambawang,Teluk Bakung,"Minggu, 13 September 2026 01:41:00",NASA-SNPP,Medium,109.66225,-0.12823,False,False,True,True,False,True,Di Luar Area Pantauan (>1000m dari Desa)
Sungai Ambawang,Teluk Bakung,"Minggu, 13 September 2026 01:41:00",NASA-SNPP,Medium,109.67551,-0.01368,False,False,False,True,False,True,Di Luar Area Pantauan (>1000m dari Desa)
Menukung,Belaban Ella,"Minggu, 13 September 2026 01:41:00",NASA-SNPP,Medium,112.2062,-0.55598,False,False,False,False,True,True,Di Luar Area Pantauan (>1000m dari Desa)
Menukung,Belaban Ella,"Minggu, 13 September 2026 01:41:00",NASA-SNPP,Medium,112.18533,-0.51172,False,False,False,False,False,False,Di Luar Area Pantauan (>1000m dari Desa)
Sungai Ambawang,Teluk Bakung,"Minggu, 13 September 2026 01:41:00",NASA-SNPP,Medium,109.66601,-0.12882,False,False,False,True,False,True,Di Luar Area Pantauan (>1000m dari Desa)
Sungai Ambawang,Teluk Bakung,"Minggu, 13 September 2026 01:41:00",NASA-SNPP,Medium,109.66158,-0.1324,False,False,True,True,False,True,Di Luar Area Pantauan (>1000m dari Desa)
Sungai Raya,Muara Baru,"Minggu, 13 September 2026 01:41:00",NASA-SNPP,Medium,109.82463,-0.1926,False,False,False,True,False,True,Di Luar Area Pantauan (>1000m dari Desa)
Sukadana,Sedahan Jaya,"Minggu, 13 September 2026 01:41:00",NASA-SNPP,Medium,110.04844,-1.17083,False,False,True,True,True,True,Di Luar Area Pantauan (>1000m dari Desa)
Sukadana,Sedahan Jaya,"Minggu, 13 September 2026 01:41:00",NASA-SNPP,Medium,110.05258,-1.17147,False,False,True,True,True,True,Di Luar Area Pantauan (>1000m dari Desa)
Sukadana,Sedahan Jaya,"Minggu, 13 September 2026 01:41:00",NASA-SNPP,Medium,110.04297,-1.17889,False,False,True,True,True,True,Di Luar Area Pantauan (>1000m dari Desa)
Simpang Hilir,Matan Jaya,"Minggu, 13 September 2026 01:41:00",NASA-SNPP,Medium,110.13853,-1.09989,False,False,True,True,True,True,Di Luar Area Pantauan (>1000m dari Desa)
Matan Hilir Utara,Tanjung Baik Budi,"Minggu, 13 September 2026 01:41:00",NASA-SNPP,Medium,110.18703,-1.52919,False,False,True,True,False,True,Di Luar Area Pantauan (>1000m dari Desa)
Simpang Hilir,Matan Jaya,"Minggu, 13 September 2026 01:41:00",NASA-SNPP,Medium,110.10094,-1.09397,False,False,True,True,True,True,Di Luar Area Pantauan (>1000m dari Desa)
Simpang Hilir,Matan Jaya,"Minggu, 13 September 2026 01:41:00",NASA-SNPP,Medium,110.1134,-1.09593,False,False,True,True,True,True,Di Luar Area Pantauan (>1000m dari Desa)
Nanga Tayap,Pangkalan Teluk,"Minggu, 13 September 2026 01:41:00",NASA-SNPP,Medium,110.29333,-1.3623,False,False,True,False,False,True,Di Luar Area Pantauan (>1000m dari Desa)
Nanga Tayap,Batu Mas,"Minggu, 13 September 2026 01:41:00",NASA-SNPP,Medium,110.65001,-1.69903,False,False,True,False,False,True,Di Luar Area Pantauan (>1000m dari Desa)
Matan Hilir Utara,Sungai Putri,"Minggu, 13 September 2026 01:41:00",NASA-SNPP,Medium,110.0794,-1.56127,False,False,True,True,False,True,Di Luar Area Pantauan (>1000m dari Desa)
Nanga Tayap,Lembah Hijau Satu,"Minggu, 13 September 2026 01:41:00",NASA-SNPP,Medium,110.49102,-1.57187,False,False,False,False,False,False,Di Luar Area Pantauan (>1000m dari Desa)
Matan Hilir Utara,Tanjung Baik Budi,"Minggu, 13 September 2026 01:41:00",NASA-SNPP,Medium,110.16077,-1.52962,False,False,True,True,False,True,Di Luar Area Pantauan (>1000m dari Desa)
Matan Hilir Utara,Tanjung Baik Budi,"Minggu, 13 September 2026 01:41:00",NASA-SNPP,Medium,110.14007,-1.52187,False,False,True,True,False,True,Di Luar Area Pantauan (>1000m dari Desa)
Matan Hilir Utara,Sungai Putri,"Minggu, 13 September 2026 01:41:00",NASA-SNPP,Medium,110.07748,-1.56157,False,False,True,True,False,True,Di Luar Area Pantauan (>1000m dari Desa)
Matan Hilir Utara,Tanjung Baik Budi,"Minggu, 13 September 2026 01:41:00",NASA-SNPP,Medium,110.15217,-1.52828,False,False,True,True,False,True,Di Luar Area Pantauan (>1000m dari Desa)
Matan Hilir Utara,Tanjung Baik Budi,"Minggu, 13 September 2026 01:41:00",NASA-SNPP,Medium,110.14433,-1.52254,False,False,True,True,False,True,Di Luar Area Pantauan (>1000m dari Desa)
Matan Hilir Utara,Tanjung Baik Budi,"Minggu, 13 September 2026 01:41:00",NASA-SNPP,Medium,110.17921,-1.52345,False,False,False,True,False,True,Di Luar Area Pantauan (>1000m dari Desa)
Muara Pawan,Ulak Medang,"Minggu, 13 September 2026 01:41:00",NASA-SNPP,Medium,110.29049,-1.51794,False,False,False,False,False,False,Di Luar Area Pantauan (>1000m dari Desa)
Matan Hilir Utara,Kuala Tolak,"Minggu, 13 September 2026 01:41:00",NASA-SNPP,Medium,110.15315,-1.46523,False,False,True,True,False,True,Di Luar Area Pantauan (>1000m dari Desa)
Matan Hilir Utara,Kuala Tolak,"Minggu, 13 September 2026 01:41:00",NASA-SNPP,Medium,110.12938,-1.50668,False,False,True,False,False,True,Di Luar Area Pantauan (>1000m dari Desa)
Nanga Tayap,Lembah Hijau Satu,"Minggu, 13 September 2026 01:41:00",NASA-SNPP,Medium,110.48656,-1.57118,False,False,False,False,False,False,Di Luar Area Pantauan (>1000m dari Desa)
Matan Hilir Utara,Tanjung Baik Budi,"Minggu, 13 September 2026 01:41:00",NASA-SNPP,Medium,110.19131,-1.52985,False,False,True,True,False,True,Di Luar Area Pantauan (>1000m dari Desa)
Matan Hilir Utara,Tanjung Baik Budi,"Minggu, 13 September 2026 01:41:00",NASA-SNPP,Medium,110.1785,-1.52786,False,False,True,True,False,True,Di Luar Area Pantauan (>1000m dari Desa)
Simpang Hilir,Matan Jaya,"Minggu, 13 September 2026 01:41:00",NASA-SNPP,Medium,110.1044,-1.09899,False,False,True,True,True,True,Di Luar Area Pantauan (>1000m dari Desa)
Menukung,Belaban Ella,"Minggu, 13 September 2026 01:41:00",NASA-SNPP,Medium,112.18607,-0.51174,False,False,False,False,False,False,Di Luar Area Pantauan (>1000m dari Desa)
Serawai,Nanga Tekungai,"Minggu, 13 September 2026 01:41:00",NASA-SNPP,Medium,112.48405,-0.39585,False,False,False,False,False,False,Di Luar Area Pantauan (>1000m dari Desa)
Kendawangan,Air Hitam Besar,"Minggu, 13 September 2026 01:41:00",NASA-SNPP,Medium,110.71796,-2.70024,False,False,False,False,False,False,Di Luar Area Pantauan (>1000m dari Desa)
Kendawangan,Natai Kuini,"Minggu, 13 September 2026 01:41:00",NASA-SNPP,Medium,110.97289,-2.82207,False,False,False,False,False,False,Di Luar Area Pantauan (>1000m dari Desa)
Kendawangan,Airhitam Hulu,"Minggu, 13 September 2026 01:41:00",NASA-SNPP,Medium,110.6156,-2.66075,False,False,False,False,False,False,Di Luar Area Pantauan (>1000m dari Desa)
Matan Hilir Selatan,Sungai Nanjung,"Minggu, 13 September 2026 01:41:00",NASA-SNPP,Medium,110.2421,-2.17833,False,False,True,True,False,True,Di Luar Area Pantauan (>1000m dari Desa)
Matan Hilir Selatan,Sungai Nanjung,"Minggu, 13 September 2026 01:41:00",NASA-SNPP,Medium,110.22003,-2.17493,False,False,True,False,False,True,Di Luar Area Pantauan (>1000m dari Desa)
Matan Hilir Selatan,Sungai Besar,"Minggu, 13 September 2026 01:41:00",NASA-SNPP,Medium,110.16962,-1.89759,False,False,True,True,False,True,Di Luar Area Pantauan (>1000m dari Desa)
Matan Hilir Selatan,Sungai Besar,"Minggu, 13 September 2026 01:41:00",NASA-SNPP,Medium,110.17466,-1.8938,False,False,True,True,False,True,Di Luar Area Pantauan (>1000m dari Desa)
Matan Hilir Selatan,Sungai Besar,"Minggu, 13 September 2026 01:41:00",NASA-SNPP,Medium,110.17397,-1.89824,False,False,True,True,False,True,Di Luar Area Pantauan (>1000m dari Desa)
Matan Hilir Selatan,Pagar Mentimun,"Minggu, 13 September 2026 01:41:00",NASA-SNPP,Medium,110.17489,-2.2203,False,False,False,False,False,False,Di Luar Area Pantauan (>1000m dari Desa)
Matan Hilir Selatan,Pesaguan Kanan,"Minggu, 13 September 2026 01:41:00",NASA-SNPP,Medium,110.34905,-2.0214,False,False,True,True,False,True,Di Luar Area Pantauan (>1000m dari Desa)
Matan Hilir Selatan,Pesaguan Kanan,"Minggu, 13 September 2026 01:41:00",NASA-SNPP,Medium,110.33498,-2.0238,False,False,True,True,False,True,Di Luar Area Pantauan (>1000m dari Desa)
Matan Hilir Selatan,Pesaguan Kanan,"Minggu, 13 September 2026 01:41:00",NASA-SNPP,Medium,110.34391,-2.02521,False,False,True,True,False,True,Di Luar Area Pantauan (>1000m dari Desa)
Matan Hilir Selatan,Sungai Besar,"Minggu, 13 September 2026 01:41:00",NASA-SNPP,Medium,110.17371,-1.88586,False,False,True,True,False,True,Di Luar Area Pantauan (>1000m dari Desa)
Matan Hilir Selatan,Sungai Besar,"Minggu, 13 September 2026 01:41:00",NASA-SNPP,Medium,110.17803,-1.88654,False,False,True,True,False,True,Di Luar Area Pantauan (>1000m dari Desa)
Matan Hilir Selatan,Sungai Besar,"Minggu, 13 September 2026 01:41:00",NASA-SNPP,Medium,110.19975,-1.88997,False,False,True,True,False,True,Di Luar Area Pantauan (>1000m dari Desa)
Matan Hilir Selatan,Sungai Besar,"Minggu, 13 September 2026 01:41:00",NASA-SNPP,Medium,110.18236,-1.88723,False,False,True,True,False,True,Di Luar Area Pantauan (>1000m dari Desa)
Matan Hilir Selatan,Sungai Besar,"Minggu, 13 September 2026 01:41:00",NASA-SNPP,Medium,110.19317,-1.87526,False,False,True,True,False,True,Di Luar Area Pantauan (>1000m dari Desa)
Matan Hilir Selatan,Sungai Besar,"Minggu, 13 September 2026 01:41:00",NASA-SNPP,Medium,110.19389,-1.87082,False,False,True,True,False,True,Di Luar Area Pantauan (>1000m dari Desa)
Matan Hilir Selatan,Sungai Pelang,"Minggu, 13 September 2026 01:41:00",NASA-SNPP,Medium,110.23719,-1.85019,False,False,True,True,False,True,Di Luar Area Pantauan (>1000m dari Desa)
Matan Hilir Selatan,Sungai Besar,"Minggu, 13 September 2026 01:41:00",NASA-SNPP,Medium,110.21119,-1.87353,False,False,True,True,False,True,Di Luar Area Pantauan (>1000m dari Desa)
Matan Hilir Selatan,Sungai Besar,"Minggu, 13 September 2026 01:41:00",NASA-SNPP,Medium,110.19023,-1.8657,False,False,True,True,False,True,Di Luar Area Pantauan (>1000m dari Desa)
Matan Hilir Selatan,Sungai Besar,"Minggu, 13 September 2026 01:41:00",NASA-SNPP,Medium,110.26444,-1.87727,False,False,True,False,False,True,Di Luar Area Pantauan (>1000m dari Desa)
Matan Hilir Selatan,Sungai Besar,"Minggu, 13 September 2026 01:41:00",NASA-SNPP,Medium,110.18955,-1.87014,False,False,True,True,False,True,Di Luar Area Pantauan (>1000m dari Desa)
Matan Hilir Selatan,Sungai Besar,"Minggu, 13 September 2026 01:41:00",NASA-SNPP,Medium,110.25934,-1.88105,False,False,True,False,False,True,Di Luar Area Pantauan (>1000m dari Desa)
Matan Hilir Selatan,Sungai Pelang,"Minggu, 13 September 2026 01:41:00",NASA-SNPP,Medium,110.23788,-1.84573,False,False,True,True,False,True,Di Luar Area Pantauan (>1000m dari Desa)
Matan Hilir Selatan,Sungai Besar,"Minggu, 13 September 2026 01:41:00",NASA-SNPP,Medium,110.25494,-1.88037,False,False,True,True,False,True,Di Luar Area Pantauan (>1000m dari Desa)
Matan Hilir Selatan,Sungai Besar,"Minggu, 13 September 2026 01:41:00",NASA-SNPP,Medium,110.26004,-1.87659,False,False,True,True,False,True,Di Luar Area Pantauan (>1000m dari Desa)
Matan Hilir Selatan,Sungai Pelang,"Minggu, 13 September 2026 01:41:00",NASA-SNPP,Medium,110.23282,-1.84952,False,False,True,True,False,True,Di Luar Area Pantauan (>1000m dari Desa)
Matan Hilir Selatan,Sungai Pelang,"Minggu, 13 September 2026 01:41:00",NASA-SNPP,Medium,110.18589,-1.86502,False,False,True,True,False,True,Di Luar Area Pantauan (>1000m dari Desa)
Matan Hilir Selatan,Sungai Pelang,"Minggu, 13 September 2026 01:41:00",NASA-SNPP,Medium,110.23855,-1.84127,False,False,True,True,False,True,Di Luar Area Pantauan (>1000m dari Desa)
Muara Pawan,Mayak,"Minggu, 13 September 2026 01:41:00",NASA-SNPP,Medium,110.11658,-1.75599,False,False,False,True,False,True,Di Luar Area Pantauan (>1000m dari Desa)
Matan Hilir Selatan,Sungai Besar,"Minggu, 13 September 2026 01:41:00",NASA-SNPP,Medium,110.20111,-1.88107,False,False,True,True,False,True,Di Luar Area Pantauan (>1000m dari Desa)
Matan Hilir Selatan,Sungai Besar,"Minggu, 13 September 2026 01:41:00",NASA-SNPP,Medium,110.18813,-1.87903,False,False,True,True,False,True,Di Luar Area Pantauan (>1000m dari Desa)
Matan Hilir Selatan,Pesaguan Kanan,"Minggu, 13 September 2026 01:41:00",NASA-SNPP,Medium,110.32745,-2.01339,False,False,False,False,False,False,Di Luar Area Pantauan (>1000m dari Desa)
Matan Hilir Selatan,Pesaguan Kanan,"Minggu, 13 September 2026 01:41:00",NASA-SNPP,Medium,110.34976,-2.0169,False,False,False,True,False,True,Di Luar Area Pantauan (>1000m dari Desa)
Marau,Batu Payung Dua,"Minggu, 13 September 2026 01:41:00",NASA-SNPP,Medium,110.56514,-2.03665,False,False,False,False,True,True,Di Luar Area Pantauan (>1000m dari Desa)
Muara Pawan,Mayak,"Minggu, 13 September 2026 01:41:00",NASA-SNPP,Medium,110.12154,-1.75225,False,False,False,True,False,True,Di Luar Area Pantauan (>1000m dari Desa)
Muara Pawan,Mayak,"Minggu, 13 September 2026 01:41:00",NASA-SNPP,Medium,110.11728,-1.75158,False,False,False,True,False,True,Di Luar Area Pantauan (>1000m dari Desa)
Sungai Melayu Rayak,Makmur Abadi,"Minggu, 13 September 2026 01:41:00",NASA-SNPP,Medium,110.24246,-1.77118,False,False,False,True,False,True,Di Luar Area Pantauan (>1000m dari Desa)
Sungai Melayu Rayak,Makmur Abadi,"Minggu, 13 September 2026 01:41:00",NASA-SNPP,Medium,110.24179,-1.77564,False,False,False,True,False,True,Di Luar Area Pantauan (>1000m dari Desa)
Matan Hilir Selatan,Pagar Mentimun,"Minggu, 13 September 2026 01:41:00",NASA-SNPP,Medium,110.26083,-2.2042,False,False,True,True,True,True,Di Luar Area Pantauan (>1000m dari Desa)
Matan Hilir Selatan,Pesaguan Kanan,"Minggu, 13 September 2026 01:41:00",NASA-SNPP,Medium,110.3463,-2.03943,False,False,True,True,False,True,Di Luar Area Pantauan (>1000m dari Desa)
Matan Hilir Selatan,Pagar Mentimun,"Minggu, 13 September 2026 01:41:00",NASA-SNPP,Medium,110.16608,-2.21898,False,False,False,False,False,False,Di Luar Area Pantauan (>1000m dari Desa)
Matan Hilir Selatan,Pagar Mentimun,"Minggu, 13 September 2026 01:41:00",NASA-SNPP,Medium,110.17297,-2.21795,False,False,False,False,False,False,Di Luar Area Pantauan (>1000m dari Desa)
Kendawangan,Banjar Sari,"Minggu, 13 September 2026 01:41:00",NASA-SNPP,Medium,110.24799,-2.47838,False,False,False,True,False,True,Di Luar Area Pantauan (>1000m dari Desa)
Kendawangan,Airhitam Hulu,"Minggu, 13 September 2026 01:41:00",NASA-SNPP,Medium,110.60535,-2.66393,False,False,False,False,False,False,Di Luar Area Pantauan (>1000m dari Desa)
Kendawangan,Airhitam Hulu,"Minggu, 13 September 2026 01:41:00",NASA-SNPP,Medium,110.62913,-2.70082,False,False,False,False,False,False,Di Luar Area Pantauan (>1000m dari Desa)
Kendawangan,Air Hitam Besar,"Minggu, 13 September 2026 01:41:00",NASA-SNPP,Medium,110.77975,-2.77833,False,False,False,True,True,True,Di Luar Area Pantauan (>1000m dari Desa)
Kendawangan,Air Hitam Besar,"Minggu, 13 September 2026 01:41:00",NASA-SNPP,Medium,110.77482,-2.77758,False,False,False,True,False,True,Di Luar Area Pantauan (>1000m dari Desa)
Kendawangan,Air Hitam Besar,"Minggu, 13 September 2026 01:41:00",NASA-SNPP,Medium,110.77905,-2.78303,False,False,False,True,False,True,Di Luar Area Pantauan (>1000m dari Desa)
Kendawangan,Banjar Sari,"Minggu, 13 September 2026 01:41:00",NASA-SNPP,Medium,110.25317,-2.47455,False,False,False,False,False,False,Di Luar Area Pantauan (>1000m dari Desa)
Kendawangan,Bangkal Serai,"Minggu, 13 September 2026 01:41:00",NASA-SNPP,Medium,110.50553,-2.62044,False,False,False,False,True,True,Di Luar Area Pantauan (>1000m dari Desa)
Matan Hilir Selatan,Pagar Mentimun,"Minggu, 13 September 2026 01:41:00",NASA-SNPP,Medium,110.16789,-2.22172,False,False,True,False,False,True,Di Luar Area Pantauan (>1000m dari Desa)
Matan Hilir Selatan,Pagar Mentimun,"Minggu, 13 September 2026 01:41:00",NASA-SNPP,Medium,110.17229,-2.22241,False,False,False,False,False,False,Di Luar Area Pantauan (>1000m dari Desa)
Matan Hilir Selatan,Sungai Besar,"Minggu, 13 September 2026 01:41:00",NASA-SNPP,Medium,110.18742,-1.88347,False,False,True,True,False,True,Di Luar Area Pantauan (>1000m dari Desa)
Matan Hilir Selatan,Sungai Besar,"Minggu, 13 September 2026 01:41:00",NASA-SNPP,Medium,110.20043,-1.88552,False,False,True,True,False,True,Di Luar Area Pantauan (>1000m dari Desa)
Muara Pawan,Mayak,"Minggu, 13 September 2026 01:41:00",NASA-SNPP,Medium,110.12086,-1.75666,False,False,False,True,False,True,Di Luar Area Pantauan (>1000m dari Desa)
Matan Hilir Selatan,Sungai Pelang,"Minggu, 13 September 2026 01:41:00",NASA-SNPP,Medium,110.24294,-1.84194,False,False,False,True,False,True,Di Luar Area Pantauan (>1000m dari Desa)
Tumbang Titi,Pemuatan Jaya,"Minggu, 13 September 2026 01:41:00",NASA-SNPP,Medium,110.50527,-1.89154,False,False,False,False,False,False,Di Luar Area Pantauan (>1000m dari Desa)
Matan Hilir Selatan,Pagar Mentimun,"Minggu, 13 September 2026 01:41:00",NASA-SNPP,Medium,110.17048,-2.21964,False,False,False,False,False,False,Di Luar Area Pantauan (>1000m dari Desa)
Matan Hilir Selatan,Sungai Besar,"Minggu, 13 September 2026 01:41:00",NASA-SNPP,Medium,110.23214,-1.85398,False,False,True,True,False,True,Di Luar Area Pantauan (>1000m dari Desa)
Kendawangan,Pangkalan Batu,"Minggu, 13 September 2026 01:41:00",NASA-SNPP,Medium,110.37344,-2.18928,False,False,False,False,False,False,Di Luar Area Pantauan (>1000m dari Desa)
Matan Hilir Selatan,Sungai Nanjung,"Minggu, 13 September 2026 01:41:00",NASA-SNPP,Medium,110.24279,-2.17384,False,False,True,True,False,True,Di Luar Area Pantauan (>1000m dari Desa)
Matan Hilir Selatan,Pesaguan Kanan,"Minggu, 13 September 2026 01:41:00",NASA-SNPP,Medium,110.34067,-2.02577,False,False,True,True,False,True,Di Luar Area Pantauan (>1000m dari Desa)
Matan Hilir Selatan,Pesaguan Kanan,"Minggu, 13 September 2026 01:41:00",NASA-SNPP,Medium,110.34751,-2.04063,False,False,True,True,False,True,Di Luar Area Pantauan (>1000m dari Desa)
Matan Hilir Selatan,Pesaguan Kanan,"Minggu, 13 September 2026 01:41:00",NASA-SNPP,Medium,110.34514,-2.02644,False,False,True,True,False,True,Di Luar Area Pantauan (>1000m dari Desa)
Matan Hilir Selatan,Pagar Mentimun,"Minggu, 13 September 2026 01:41:00",NASA-SNPP,Medium,110.25709,-2.19902,False,False,True,True,True,True,Di Luar Area Pantauan (>1000m dari Desa)
Matan Hilir Selatan,Pagar Mentimun,"Minggu, 13 September 2026 01:41:00",NASA-SNPP,Medium,110.16858,-2.21726,False,False,True,False,False,True,Di Luar Area Pantauan (>1000m dari Desa)
Kendawangan,Banjar Sari,"Minggu, 13 September 2026 01:41:00",NASA-SNPP,Medium,110.24352,-2.4777,False,False,False,True,False,True,Di Luar Area Pantauan (>1000m dari Desa)
Kendawangan,Airhitam Hulu,"Minggu, 13 September 2026 01:41:00",NASA-SNPP,Medium,110.52609,-2.64239,False,False,False,False,True,True,Di Luar Area Pantauan (>1000m dari Desa)
Kendawangan,Airhitam Hulu,"Minggu, 13 September 2026 01:41:00",NASA-SNPP,Medium,110.61082,-2.66002,False,False,False,False,False,False,Di Luar Area Pantauan (>1000m dari Desa)
Kendawangan,Air Hitam Besar,"Minggu, 13 September 2026 01:41:00",NASA-SNPP,Medium,110.71725,-2.70491,False,False,False,False,False,False,Di Luar Area Pantauan (>1000m dari Desa)
Matan Hilir Selatan,Pesaguan Kanan,"Minggu, 13 September 2026 01:41:00",NASA-SNPP,Medium,110.32375,-2.04626,False,False,False,True,False,True,Di Luar Area Pantauan (>1000m dari Desa)
Kendawangan,Airhitam Hulu,"Minggu, 13 September 2026 01:41:00",NASA-SNPP,Medium,110.61012,-2.66465,False,False,False,False,False,False,Di Luar Area Pantauan (>1000m dari Desa)
Kendawangan,Seriam,"Minggu, 13 September 2026 12:40:00",NASA-SNPP,Medium,110.35257,-2.75811,False,False,False,False,True,True,Di Luar Area Pantauan (>1000m dari Desa)
Kendawangan,Pembedilan,"Minggu, 13 September 2026 12:40:00",NASA-SNPP,Medium,110.35721,-2.86441,False,False,False,False,True,True,Di Luar Area Pantauan (>1000m dari Desa)
Kendawangan,Seriam,"Minggu, 13 September 2026 12:40:00",NASA-SNPP,Medium,110.35615,-2.75758,False,False,False,False,True,True,Di Luar Area Pantauan (>1000m dari Desa)
Manis Mata,Suka Ramai,"Minggu, 13 September 2026 12:40:00",NASA-SNPP,Medium,111.10423,-2.75349,False,False,False,False,False,False,Di Luar Area Pantauan (>1000m dari Desa)
Kendawangan,Pembedilan,"Minggu, 13 September 2026 12:40:00",NASA-SNPP,Medium,110.30807,-2.93406,False,False,False,False,True,True,Di Luar Area Pantauan (>1000m dari Desa)
Kendawangan,Air Hitam Besar,"Minggu, 13 September 2026 12:40:00",NASA-SNPP,Medium,110.73988,-2.71153,False,False,False,False,False,False,Di Luar Area Pantauan (>1000m dari Desa)
Kendawangan,Airhitam Hulu,"Minggu, 13 September 2026 12:40:00",NASA-SNPP,Medium,110.50191,-2.6241,False,False,False,False,True,True,Di Luar Area Pantauan (>1000m dari Desa)
Kendawangan,Kedondong,"Minggu, 13 September 2026 12:40:00",NASA-SNPP,Medium,110.36224,-2.26279,False,False,False,False,False,False,Di Luar Area Pantauan (>1000m dari Desa)
Sandai,Demit,"Minggu, 13 September 2026 12:40:00",NASA-SNPP,Medium,110.68176,-1.24533,False,False,False,False,False,False,Di Luar Area Pantauan (>1000m dari Desa)
Simpang Hilir,Lubuk Batu,"Minggu, 13 September 2026 12:40:00",NASA-SNPP,Medium,110.09538,-0.92578,False,False,False,False,False,False,Di Luar Area Pantauan (>1000m dari Desa)
Simpang Hilir,Lubuk Batu,"Minggu, 13 September 2026 12:40:00",NASA-SNPP,Medium,110.11636,-0.92248,False,False,False,False,False,False,Di Luar Area Pantauan (>1000m dari Desa)
Kendawangan,Bangkal Serai,"Minggu, 13 September 2026 12:40:00",NASA-SNPP,Medium,110.49964,-2.48953,False,False,False,False,True,True,Di Luar Area Pantauan (>1000m dari Desa)
Marau,Suka Karya,"Minggu, 13 September 2026 12:40:00",NASA-SNPP,Medium,110.62537,-2.16214,False,False,False,False,False,False,Di Luar Area Pantauan (>1000m dari Desa)
Kendawangan,Pangkalan Batu,"Minggu, 13 September 2026 12:40:00",NASA-SNPP,Medium,110.36948,-2.189,False,False,False,False,False,False,Di Luar Area Pantauan (>1000m dari Desa)
Kendawangan,Sungai Jelayan,"Minggu, 13 September 2026 12:40:00",NASA-SNPP,Medium,110.46356,-2.1568,False,False,False,False,False,False,Di Luar Area Pantauan (>1000m dari Desa)
Matan Hilir Selatan,Sungai Pelang,"Minggu, 13 September 2026 12:40:00",NASA-SNPP,Medium,110.18252,-1.85764,False,False,True,True,False,True,Di Luar Area Pantauan (>1000m dari Desa)
Matan Hilir Selatan,Sungai Nanjung,"Minggu, 13 September 2026 12:40:00",NASA-SNPP,Medium,110.21961,-2.18315,False,False,False,False,False,False,Di Luar Area Pantauan (>1000m dari Desa)
Marau,Batu Payung Dua,"Minggu, 13 September 2026 12:40:00",NASA-SNPP,Medium,110.58913,-2.01443,False,False,False,False,True,True,Di Luar Area Pantauan (>1000m dari Desa)
Matan Hilir Selatan,Kemuning Biutak,"Minggu, 13 September 2026 12:40:00",NASA-SNPP,Medium,110.34338,-1.94609,False,False,False,False,False,False,Di Luar Area Pantauan (>1000m dari Desa)
Matan Hilir Selatan,Sungai Nanjung,"Minggu, 13 September 2026 12:40:00",NASA-SNPP,Medium,110.21933,-2.17733,False,False,True,False,False,True,Di Luar Area Pantauan (>1000m dari Desa)
Matan Hilir Selatan,Sungai Nanjung,"Minggu, 13 September 2026 12:40:00",NASA-SNPP,Medium,110.21882,-2.17762,False,False,True,False,False,True,Di Luar Area Pantauan (>1000m dari Desa)
Tumbang Titi,Nanga Kelampai,"Minggu, 13 September 2026 12:40:00",NASA-SNPP,Medium,110.49036,-1.91129,False,False,False,False,False,False,Di Luar Area Pantauan (>1000m dari Desa)
Matan Hilir Selatan,Sungai Besar,"Minggu, 13 September 2026 12:40:00",NASA-SNPP,Medium,110.18827,-1.86736,False,False,True,True,False,True,Di Luar Area Pantauan (>1000m dari Desa)
Nanga Tayap,Betenung,"Minggu, 13 September 2026 12:40:00",NASA-SNPP,Medium,110.82634,-1.59216,False,False,False,False,False,False,Di Luar Area Pantauan (>1000m dari Desa)
Nanga Tayap,Batu Mas,"Minggu, 13 September 2026 12:40:00",NASA-SNPP,Medium,110.67522,-1.70577,False,False,False,False,False,False,Di Luar Area Pantauan (>1000m dari Desa)
Simpang Hilir,Matan Jaya,"Minggu, 13 September 2026 12:40:00",NASA-SNPP,Medium,110.13947,-1.0991,False,False,True,True,True,True,Di Luar Area Pantauan (>1000m dari Desa)
Simpang Hilir,Matan Jaya,"Minggu, 13 September 2026 12:40:00",NASA-SNPP,Medium,110.13599,-1.09964,False,False,True,True,True,True,Di Luar Area Pantauan (>1000m dari Desa)
Simpang Hilir,Matan Jaya,"Minggu, 13 September 2026 12:40:00",NASA-SNPP,Medium,110.12819,-1.09526,False,False,True,True,True,True,Di Luar Area Pantauan (>1000m dari Desa)
Simpang Hilir,Matan Jaya,"Minggu, 13 September 2026 12:40:00",NASA-SNPP,Medium,110.14718,-1.10349,False,False,True,False,True,True,Di Luar Area Pantauan (>1000m dari Desa)
Simpang Hilir,Matan Jaya,"Minggu, 13 September 2026 12:40:00",NASA-SNPP,Medium,110.15144,-1.10841,False,False,False,False,True,True,Di Luar Area Pantauan (>1000m dari Desa)
Simpang Hilir,Matan Jaya,"Minggu, 13 September 2026 12:40:00",NASA-SNPP,Medium,110.14802,-1.10895,False,False,True,False,True,True,Di Luar Area Pantauan (>1000m dari Desa)
Ella Hilir,Nanga Nyuruh,"Minggu, 13 September 2026 12:40:00",NASA-SNPP,Medium,112.09306,-0.48471,False,False,False,False,False,False,Di Luar Area Pantauan (>1000m dari Desa)
Silat Hulu,Lebak Najah,"Minggu, 13 September 2026 12:40:00",NASA-SNPP,Medium,112.04758,0.22731,False,False,False,False,False,False,Di Luar Area Pantauan (>1000m dari Desa)
Mukok,Engkode,"Minggu, 13 September 2026 12:40:00",NASA-SNPP,Medium,110.75635,0.15841,False,False,False,False,False,False,Di Luar Area Pantauan (>1000m dari Desa)
Belitang Hilir,Menawai Tekam,"Minggu, 13 September 2026 12:40:00",NASA-SNPP,Medium,110.95309,0.27141,False,False,False,False,False,False,Di Luar Area Pantauan (>1000m dari Desa)
Simpang Hilir,Lubuk Batu,"Minggu, 13 September 2026 12:40:00",NASA-SNPP,Medium,110.10156,-0.91922,False,False,False,False,False,False,Di Luar Area Pantauan (>1000m dari Desa)
Simpang Dua,Kampar Sebomban,"Minggu, 13 September 2026 12:40:00",NASA-SNPP,Medium,110.18139,-0.90668,False,False,False,False,False,False,Di Luar Area Pantauan (>1000m dari Desa)
Nanga Mahap,Karang Betung,"Minggu, 13 September 2026 12:40:00",NASA-SNPP,Medium,110.86163,-0.56963,True,False,False,False,False,False,Prioritas 2 (Sedang)
Kayan Hulu,Nanga Tampang,"Minggu, 13 September 2026 12:40:00",NASA-SNPP,Medium,112.19998,0.03354,False,False,False,False,False,False,Di Luar Area Pantauan (>1000m dari Desa)
Simpang Hilir,Batu Barat,"Minggu, 13 September 2026 12:40:00",NASA-SNPP,Medium,110.09188,-0.92633,False,False,False,False,False,False,Di Luar Area Pantauan (>1000m dari Desa)
Simpang Hilir,Batu Barat,"Minggu, 13 September 2026 12:40:00",NASA-SNPP,Medium,110.10696,-0.90721,False,False,True,True,False,True,Di Luar Area Pantauan (>1000m dari Desa)
Simpang Hilir,Batu Barat,"Minggu, 13 September 2026 12:40:00",NASA-SNPP,Medium,110.10001,-0.9083,False,False,False,False,False,False,Di Luar Area Pantauan (>1000m dari Desa)
Sungai Laur,Tanjung Beringin,"Minggu, 13 September 2026 12:40:00",NASA-SNPP,Medium,110.55112,-0.77285,False,False,False,False,False,False,Di Luar Area Pantauan (>1000m dari Desa)
Simpang Hilir,Lubuk Batu,"Minggu, 13 September 2026 12:40:00",NASA-SNPP,Medium,110.10149,-0.93704,False,False,False,False,False,False,Di Luar Area Pantauan (>1000m dari Desa)
Simpang Hilir,Batu Barat,"Minggu, 13 September 2026 12:40:00",NASA-SNPP,Medium,110.10272,-0.90229,False,False,True,True,False,True,Di Luar Area Pantauan (>1000m dari Desa)
Hulu Sungai,Senduruhan,"Minggu, 13 September 2026 12:40:00",NASA-SNPP,Medium,110.69096,-0.84282,False,False,True,False,False,True,Di Luar Area Pantauan (>1000m dari Desa)
Seluas,Seluas,"Minggu, 13 September 2026 12:40:00",NASA-SNPP,Medium,109.84764,1.23559,False,False,False,False,False,False,Di Luar Area Pantauan (>1000m dari Desa)
Belimbing Hulu,Nanga Tikan,"Minggu, 13 September 2026 00:17:00",NASA-NOAA20,Medium,111.60813,-0.44961,False,False,False,False,False,False,Di Luar Area Pantauan (>1000m dari Desa)
Pinoh Utara,Melamut Bersatu,"Minggu, 13 September 2026 00:17:00",NASA-NOAA20,Medium,111.71581,-0.24702,False,False,False,False,False,False,Di Luar Area Pantauan (>1000m dari Desa)
Serawai,Tunas Harapan,"Minggu, 13 September 2026 00:17:00",NASA-NOAA20,Medium,112.40831,-0.39336,False,False,False,False,False,False,Di Luar Area Pantauan (>1000m dari Desa)
Menukung,Belaban Ella,"Minggu, 13 September 2026 00:17:00",NASA-NOAA20,Medium,112.18089,-0.51038,False,False,False,False,False,False,Di Luar Area Pantauan (>1000m dari Desa)
Serawai,Tunas Harapan,"Minggu, 13 September 2026 00:17:00",NASA-NOAA20,Medium,112.4104,-0.39208,False,False,False,False,False,False,Di Luar Area Pantauan (>1000m dari Desa)
Serawai,Tunas Harapan,"Minggu, 13 September 2026 00:17:00",NASA-NOAA20,Medium,112.40623,-0.3914,False,False,False,False,False,False,Di Luar Area Pantauan (>1000m dari Desa)
Belimbing Hulu,Nanga Tikan,"Minggu, 13 September 2026 00:17:00",NASA-NOAA20,Medium,111.60367,-0.44256,False,False,False,False,False,False,Di Luar Area Pantauan (>1000m dari Desa)
Menukung,Nanga Siyai,"Minggu, 13 September 2026 00:17:00",NASA-NOAA20,Medium,112.17654,-0.50968,False,False,False,False,False,False,Di Luar Area Pantauan (>1000m dari Desa)
Pinoh Utara,Engkurai,"Minggu, 13 September 2026 00:17:00",NASA-NOAA20,Medium,112.04955,-0.26303,False,False,False,False,False,False,Di Luar Area Pantauan (>1000m dari Desa)
Pinoh Utara,Engkurai,"Minggu, 13 September 2026 00:17:00",NASA-NOAA20,Medium,112.04504,-0.26231,False,False,False,False,False,False,Di Luar Area Pantauan (>1000m dari Desa)
Sungai Ambawang,Teluk Bakung,"Minggu, 13 September 2026 00:17:00",NASA-NOAA20,Medium,109.65917,-0.12474,False,False,True,True,False,True,Di Luar Area Pantauan (>1000m dari Desa)
Batu Ampar,Tanjungberingin,"Minggu, 13 September 2026 00:20:00",NASA-NOAA20,Medium,109.92683,-0.49979,False,False,True,True,False,True,Di Luar Area Pantauan (>1000m dari Desa)
Batu Ampar,Tanjungberingin,"Minggu, 13 September 2026 00:20:00",NASA-NOAA20,Medium,109.92451,-0.50049,False,False,True,True,False,True,Di Luar Area Pantauan (>1000m dari Desa)
Terentang,Betuah,"Minggu, 13 September 2026 00:20:00",NASA-NOAA20,Medium,109.91436,-0.49779,False,False,False,True,False,True,Di Luar Area Pantauan (>1000m dari Desa)
Nanga Tayap,Mensubang,"Minggu, 13 September 2026 00:20:00",NASA-NOAA20,Medium,110.39681,-1.31994,False,False,False,False,False,False,Di Luar Area Pantauan (>1000m dari Desa)
Matan Hilir Utara,Tanjung Baik Budi,"Minggu, 13 September 2026 00:20:00",NASA-NOAA20,Medium,110.18781,-1.5258,False,False,True,True,False,True,Di Luar Area Pantauan (>1000m dari Desa)
Matan Hilir Utara,Tanjung Baik Budi,"Minggu, 13 September 2026 00:20:00",NASA-NOAA20,Medium,110.18197,-1.52485,False,False,True,True,False,True,Di Luar Area Pantauan (>1000m dari Desa)
Muara Pawan,Ulak Medang,"Minggu, 13 September 2026 00:20:00",NASA-NOAA20,Medium,110.2882,-1.51979,False,False,False,True,False,True,Di Luar Area Pantauan (>1000m dari Desa)
Matan Hilir Utara,Kuala Tolak,"Minggu, 13 September 2026 00:20:00",NASA-NOAA20,Medium,110.1145,-1.49694,False,False,False,True,False,True,Di Luar Area Pantauan (>1000m dari Desa)
Muara Pawan,Ulak Medang,"Minggu, 13 September 2026 00:20:00",NASA-NOAA20,Medium,110.27117,-1.51688,False,False,False,True,False,True,Di Luar Area Pantauan (>1000m dari Desa)
Nanga Taman,Senangak,"Minggu, 13 September 2026 12:40:00",NASA-SNPP,Medium,110.74991,-0.27131,False,False,False,False,False,False,Di Luar Area Pantauan (>1000m dari Desa)
Kayan Hulu,Nanga Tampang,"Minggu, 13 September 2026 12:40:00",NASA-SNPP,Medium,112.19717,0.03132,False,False,False,False,False,False,Di Luar Area Pantauan (>1000m dari Desa)
Dedai,Hulu Dedai,"Minggu, 13 September 2026 12:40:00",NASA-SNPP,Medium,111.79938,-0.02748,False,False,False,False,False,False,Di Luar Area Pantauan (>1000m dari Desa)
Simpang Hulu,Semandang Kiri,"Minggu, 13 September 2026 12:40:00",NASA-SNPP,Medium,110.44112,-0.65722,False,False,False,False,False,False,Di Luar Area Pantauan (>1000m dari Desa)
Belitang Hulu,Seburuk Satu,"Minggu, 13 September 2026 12:40:00",NASA-SNPP,Medium,111.03603,0.57118,False,False,False,False,False,False,Di Luar Area Pantauan (>1000m dari Desa)
Belitang Hulu,Seburuk Satu,"Minggu, 13 September 2026 12:40:00",NASA-SNPP,Medium,111.03025,0.57028,False,False,False,False,False,False,Di Luar Area Pantauan (>1000m dari Desa)
Belitang Hulu,Seburuk Satu,"Minggu, 13 September 2026 12:40:00",NASA-SNPP,Medium,111.01732,0.60347,False,False,False,False,False,False,Di Luar Area Pantauan (>1000m dari Desa)
Empanang,Kumang Jaya,"Minggu, 13 September 2026 12:40:00",NASA-SNPP,Medium,111.76723,0.9293,False,False,False,False,True,True,Di Luar Area Pantauan (>1000m dari Desa)
Silat Hulu,Perjuk,"Minggu, 13 September 2026 12:40:00",NASA-SNPP,Medium,112.12495,0.13658,False,False,False,False,False,False,Di Luar Area Pantauan (>1000m dari Desa)
Belitang Hulu,Seburuk Satu,"Minggu, 13 September 2026 12:40:00",NASA-SNPP,Medium,111.02451,0.56938,False,False,False,False,False,False,Di Luar Area Pantauan (>1000m dari Desa)
Belitang Hulu,Seburuk Satu,"Minggu, 13 September 2026 12:40:00",NASA-SNPP,Medium,111.02495,0.60532,False,False,False,False,False,False,Di Luar Area Pantauan (>1000m dari Desa)
Belitang Hulu,Seburuk Satu,"Minggu, 13 September 2026 12:40:00",NASA-SNPP,Medium,111.0229,0.60437,False,False,False,False,False,False,Di Luar Area Pantauan (>1000m dari Desa)
Ketungau Hulu,Sungai Mawang,"Minggu, 13 September 2026 12:40:00",NASA-SNPP,Medium,111.3195,0.89219,False,False,False,False,True,True,Di Luar Area Pantauan (>1000m dari Desa)
Silat Hulu,Selimu,"Minggu, 13 September 2026 12:40:00",NASA-SNPP,Medium,112.07697,0.22001,False,False,False,False,False,False,Di Luar Area Pantauan (>1000m dari Desa)
Simpang Hilir,Lubuk Batu,"Minggu, 13 September 2026 12:40:00",NASA-SNPP,Medium,110.0927,-0.93179,False,False,False,False,False,False,Di Luar Area Pantauan (>1000m dari Desa)
Simpang Dua,Semandang Kanan,"Minggu, 13 September 2026 12:40:00",NASA-SNPP,Medium,110.45726,-0.72949,False,False,False,False,False,False,Di Luar Area Pantauan (>1000m dari Desa)
Serawai,Tunas Harapan,"Minggu, 13 September 2026 12:40:00",NASA-SNPP,Medium,112.4071,-0.39311,False,False,False,False,False,False,Di Luar Area Pantauan (>1000m dari Desa)
Simpang Hulu,Paoh Concong,"Minggu, 13 September 2026 12:40:00",NASA-SNPP,Medium,110.36532,-0.7055,False,False,False,False,False,False,Di Luar Area Pantauan (>1000m dari Desa)
Ella Hilir,Domet Permai,"Minggu, 13 September 2026 12:40:00",NASA-SNPP,Medium,112.12041,-0.43699,False,False,False,False,False,False,Di Luar Area Pantauan (>1000m dari Desa)
Simpang Hilir,Lubuk Batu,"Minggu, 13 September 2026 12:40:00",NASA-SNPP,Medium,110.10065,-0.93158,False,False,False,False,False,False,Di Luar Area Pantauan (>1000m dari Desa)
Simpang Hilir,Lubuk Batu,"Minggu, 13 September 2026 12:40:00",NASA-SNPP,Medium,110.10417,-0.93105,False,False,False,False,False,False,Di Luar Area Pantauan (>1000m dari Desa)
Simpang Hilir,Lubuk Batu,"Minggu, 13 September 2026 12:40:00",NASA-SNPP,Medium,110.09544,-0.9212,False,False,False,False,False,False,Di Luar Area Pantauan (>1000m dari Desa)
Simpang Hilir,Lubuk Batu,"Minggu, 13 September 2026 12:40:00",NASA-SNPP,Medium,110.10407,-0.93559,False,False,False,False,False,False,Di Luar Area Pantauan (>1000m dari Desa)
Simpang Hilir,Lubuk Batu,"Minggu, 13 September 2026 12:40:00",NASA-SNPP,Medium,110.09974,-0.93068,False,False,False,False,False,False,Di Luar Area Pantauan (>1000m dari Desa)
Simpang Hulu,Semandang Kiri,"Minggu, 13 September 2026 12:40:00",NASA-SNPP,Medium,110.40823,-0.66242,False,False,False,False,False,False,Di Luar Area Pantauan (>1000m dari Desa)
Serawai,Limbur Bernaung Lestari,"Minggu, 13 September 2026 12:40:00",NASA-SNPP,Medium,112.5894,-0.15018,False,False,False,False,True,True,Di Luar Area Pantauan (>1000m dari Desa)
Kayan Hulu,Nangkak Lestari,"Minggu, 13 September 2026 12:40:00",NASA-SNPP,Medium,112.21068,-0.11482,False,False,False,False,False,False,Di Luar Area Pantauan (>1000m dari Desa)
Kayan Hulu,Nangkak Lestari,"Minggu, 13 September 2026 12:40:00",NASA-SNPP,Medium,112.19631,-0.0884,False,False,False,False,False,False,Di Luar Area Pantauan (>1000m dari Desa)
Nanga Taman,Meragun,"Minggu, 13 September 2026 12:40:00",NASA-SNPP,Medium,110.96143,-0.30303,True,False,False,False,False,False,Prioritas 2 (Sedang)
Tempunak,Sungai Buluh,"Minggu, 13 September 2026 12:40:00",NASA-SNPP,Medium,111.28233,-0.26366,False,False,False,False,False,False,Di Luar Area Pantauan (>1000m dari Desa)
Kayan Hulu,Nangkak Lestari,"Minggu, 13 September 2026 12:40:00",NASA-SNPP,Medium,112.19144,-0.08914,False,False,False,False,False,False,Di Luar Area Pantauan (>1000m dari Desa)
Kayan Hulu,Buluh Merindu,"Minggu, 13 September 2026 12:40:00",NASA-SNPP,Medium,112.14648,-0.03678,False,False,False,False,False,False,Di Luar Area Pantauan (>1000m dari Desa)
Silat Hulu,Lebak Najah,"Minggu, 13 September 2026 12:40:00",NASA-SNPP,Medium,112.05109,0.22565,False,False,False,False,False,False,Di Luar Area Pantauan (>1000m dari Desa)
Sintang,Kelurahan Akcaya,"Minggu, 13 September 2026 12:40:00",NASA-SNPP,Medium,111.54417,0.07867,False,False,False,False,False,False,Di Luar Area Pantauan (>1000m dari Desa)
Silat Hulu,Perjuk,"Minggu, 13 September 2026 12:40:00",NASA-SNPP,Medium,112.12684,0.1349,False,False,False,False,False,False,Di Luar Area Pantauan (>1000m dari Desa)
Silat Hulu,Lebak Najah,"Minggu, 13 September 2026 12:40:00",NASA-SNPP,Medium,112.0485,0.22266,False,False,False,False,False,False,Di Luar Area Pantauan (>1000m dari Desa)
Ketungau Hilir,Sungai Mali,"Minggu, 13 September 2026 12:40:00",NASA-SNPP,Medium,111.69267,0.58064,False,False,False,False,False,False,Di Luar Area Pantauan (>1000m dari Desa)
Ketungau Hilir,Sungai Mali,"Minggu, 13 September 2026 12:40:00",NASA-SNPP,Medium,111.68752,0.57985,False,False,False,False,False,False,Di Luar Area Pantauan (>1000m dari Desa)
Empanang,Kumang Jaya,"Minggu, 13 September 2026 12:40:00",NASA-SNPP,Medium,111.76923,0.93026,False,False,False,False,False,False,Di Luar Area Pantauan (>1000m dari Desa)
Batang Lupar,Sungai Ajung,"Minggu, 13 September 2026 12:40:00",NASA-SNPP,Medium,112.33314,1.06811,False,False,False,False,False,False,Di Luar Area Pantauan (>1000m dari Desa)
Belitang Hulu,Seburuk Satu,"Minggu, 13 September 2026 12:40:00",NASA-SNPP,Medium,111.00864,0.5669,False,False,False,False,False,False,Di Luar Area Pantauan (>1000m dari Desa)
Belitang Hulu,Seburuk Satu,"Minggu, 13 September 2026 12:40:00",NASA-SNPP,Medium,111.0195,0.60448,False,False,False,False,False,False,Di Luar Area Pantauan (>1000m dari Desa)
Belitang Hulu,Seburuk Satu,"Minggu, 13 September 2026 12:40:00",NASA-SNPP,Medium,111.0275,0.61023,False,False,False,False,False,False,Di Luar Area Pantauan (>1000m dari Desa)
Belitang Hulu,Seburuk Satu,"Minggu, 13 September 2026 12:40:00",NASA-SNPP,Medium,111.02963,0.61116,False,False,False,False,False,False,Di Luar Area Pantauan (>1000m dari Desa)
Ketungau Tengah,Swadaya,"Minggu, 13 September 2026 12:40:00",NASA-SNPP,Medium,111.53488,0.79068,False,False,False,False,False,False,Di Luar Area Pantauan (>1000m dari Desa)
Belitang Hulu,Seburuk Satu,"Minggu, 13 September 2026 12:40:00",NASA-SNPP,Medium,111.0295,0.57528,False,False,False,False,False,False,Di Luar Area Pantauan (>1000m dari Desa)
Belitang Hulu,Seburuk Satu,"Minggu, 13 September 2026 12:40:00",NASA-SNPP,Medium,111.01882,0.56849,False,False,False,False,False,False,Di Luar Area Pantauan (>1000m dari Desa)
Belitang Hulu,Seburuk Satu,"Minggu, 13 September 2026 12:40:00",NASA-SNPP,Medium,111.01381,0.6036,False,False,False,False,False,False,Di Luar Area Pantauan (>1000m dari Desa)
Belitang Hulu,Seburuk Satu,"Minggu, 13 September 2026 12:40:00",NASA-SNPP,Medium,111.02011,0.59945,False,False,False,False,False,False,Di Luar Area Pantauan (>1000m dari Desa)
Seluas,Seluas,"Minggu, 13 September 2026 12:40:00",NASA-SNPP,Medium,109.8485,1.23023,False,True,False,False,False,False,Prioritas 3 (Rendah)
Kendawangan,Pembedilan,"Minggu, 13 September 2026 12:40:00",NASA-SNPP,Medium,110.35282,-2.85941,False,False,False,False,True,True,Di Luar Area Pantauan (>1000m dari Desa)
Kendawangan,Air Hitam Besar,"Minggu, 13 September 2026 12:40:00",NASA-SNPP,Medium,110.63828,-2.7729,False,False,False,False,False,False,Di Luar Area Pantauan (>1000m dari Desa)
Kendawangan,Air Hitam Besar,"Minggu, 13 September 2026 12:40:00",NASA-SNPP,Medium,110.77805,-2.78004,False,False,False,True,False,True,Di Luar Area Pantauan (>1000m dari Desa)
Manis Mata,Suka Ramai,"Minggu, 13 September 2026 12:40:00",NASA-SNPP,Medium,111.10499,-2.75874,False,False,False,False,False,False,Di Luar Area Pantauan (>1000m dari Desa)
Kendawangan,Pembedilan,"Minggu, 13 September 2026 12:40:00",NASA-SNPP,Medium,110.41611,-2.86693,False,False,False,False,True,True,Di Luar Area Pantauan (>1000m dari Desa)
Kendawangan,Air Hitam Besar,"Minggu, 13 September 2026 12:40:00",NASA-SNPP,Medium,110.72301,-2.71405,False,False,False,False,False,False,Di Luar Area Pantauan (>1000m dari Desa)
Kendawangan,Seriam,"Minggu, 13 September 2026 12:40:00",NASA-SNPP,Medium,110.31133,-2.75292,False,False,False,True,True,True,Di Luar Area Pantauan (>1000m dari Desa)
Manis Mata,Suak Burung,"Minggu, 13 September 2026 12:40:00",NASA-SNPP,Medium,111.04037,-2.31945,False,False,False,False,False,False,Di Luar Area Pantauan (>1000m dari Desa)
Jelai Hulu,Tebing Berseri,"Minggu, 13 September 2026 12:40:00",NASA-SNPP,Medium,110.84555,-1.98044,False,False,False,False,False,False,Di Luar Area Pantauan (>1000m dari Desa)
Nanga Tayap,Lembah Hijau Satu,"Minggu, 13 September 2026 12:40:00",NASA-SNPP,Medium,110.48871,-1.56923,False,False,False,False,False,False,Di Luar Area Pantauan (>1000m dari Desa)
Matan Hilir Selatan,Sungai Pelang,"Minggu, 13 September 2026 12:40:00",NASA-SNPP,Medium,110.18334,-1.86315,False,False,True,True,False,True,Di Luar Area Pantauan (>1000m dari Desa)
Nanga Tayap,Betenung,"Minggu, 13 September 2026 12:40:00",NASA-SNPP,Medium,110.82684,-1.59745,False,False,False,False,False,False,Di Luar Area Pantauan (>1000m dari Desa)
Matan Hilir Selatan,Pagar Mentimun,"Minggu, 13 September 2026 12:40:00",NASA-SNPP,Medium,110.20368,-2.24742,False,False,False,False,False,False,Di Luar Area Pantauan (>1000m dari Desa)
Jelai Hulu,Tebing Berseri,"Minggu, 13 September 2026 12:40:00",NASA-SNPP,Medium,110.84451,-1.98459,False,False,False,False,False,False,Di Luar Area Pantauan (>1000m dari Desa)
Marau,Batu Payung Dua,"Minggu, 13 September 2026 12:40:00",NASA-SNPP,Medium,110.59015,-2.01976,False,False,False,False,True,True,Di Luar Area Pantauan (>1000m dari Desa)
Jelai Hulu,Tebing Berseri,"Minggu, 13 September 2026 12:40:00",NASA-SNPP,Medium,110.84237,-1.98093,False,False,False,False,False,False,Di Luar Area Pantauan (>1000m dari Desa)
Matan Hilir Selatan,Kemuning Biutak,"Minggu, 13 September 2026 12:40:00",NASA-SNPP,Medium,110.39162,-1.98352,False,False,False,False,False,False,Di Luar Area Pantauan (>1000m dari Desa)
Sandai,Pendamaran Indah,"Minggu, 13 September 2026 12:40:00",NASA-SNPP,Medium,110.63809,-1.11847,False,False,False,False,False,False,Di Luar Area Pantauan (>1000m dari Desa)
Dedai,Hulu Dedai,"Minggu, 13 September 2026 12:40:00",NASA-SNPP,Medium,111.80203,-0.02693,False,False,False,False,False,False,Di Luar Area Pantauan (>1000m dari Desa)
Simpang Hilir,Matan Jaya,"Minggu, 13 September 2026 12:40:00",NASA-SNPP,Medium,110.13516,-1.09418,False,False,True,True,True,True,Di Luar Area Pantauan (>1000m dari Desa)
Simpang Hilir,Matan Jaya,"Minggu, 13 September 2026 12:40:00",NASA-SNPP,Medium,110.12469,-1.0958,False,False,True,True,True,True,Di Luar Area Pantauan (>1000m dari Desa)
Silat Hilir,Rumbih,"Minggu, 13 September 2026 12:40:00",NASA-SNPP,Medium,111.93379,0.20908,False,False,False,False,False,False,Di Luar Area Pantauan (>1000m dari Desa)
Simpang Hilir,Lubuk Batu,"Minggu, 13 September 2026 12:40:00",NASA-SNPP,Medium,110.10324,-0.93013,False,False,False,False,False,False,Di Luar Area Pantauan (>1000m dari Desa)
Simpang Hilir,Lubuk Batu,"Minggu, 13 September 2026 12:40:00",NASA-SNPP,Medium,110.10057,-0.93614,False,False,False,False,False,False,Di Luar Area Pantauan (>1000m dari Desa)
Simpang Hilir,Matan Jaya,"Minggu, 13 September 2026 12:40:00",NASA-SNPP,Medium,110.11771,-1.09687,False,False,True,True,True,True,Di Luar Area Pantauan (>1000m dari Desa)
Simpang Hilir,Matan Jaya,"Minggu, 13 September 2026 12:40:00",NASA-SNPP,Medium,110.12121,-1.09633,False,False,True,True,True,True,Di Luar Area Pantauan (>1000m dari Desa)
Simpang Hilir,Matan Jaya,"Minggu, 13 September 2026 12:40:00",NASA-SNPP,Medium,110.13167,-1.09472,False,False,True,True,True,True,Di Luar Area Pantauan (>1000m dari Desa)
Hulu Sungai,Senduruhan,"Minggu, 13 September 2026 12:40:00",NASA-SNPP,Medium,110.69266,-0.84241,False,False,True,False,False,True,Di Luar Area Pantauan (>1000m dari Desa)
Serawai,Tunas Harapan,"Minggu, 13 September 2026 12:40:00",NASA-SNPP,Medium,112.41181,-0.39238,False,False,False,False,False,False,Di Luar Area Pantauan (>1000m dari Desa)
Simpang Hilir,Lubuk Batu,"Minggu, 13 September 2026 12:40:00",NASA-SNPP,Medium,110.1173,-0.9235,False,False,False,False,False,False,Di Luar Area Pantauan (>1000m dari Desa)
Ella Hilir,Domet Permai,"Minggu, 13 September 2026 12:40:00",NASA-SNPP,Medium,112.1197,-0.43228,False,False,False,False,False,False,Di Luar Area Pantauan (>1000m dari Desa)
Simpang Hulu,Semandang Kiri,"Minggu, 13 September 2026 12:40:00",NASA-SNPP,Medium,110.40257,-0.66165,False,False,False,False,False,False,Di Luar Area Pantauan (>1000m dari Desa)
Simpang Dua,Semandang Kanan,"Minggu, 13 September 2026 12:40:00",NASA-SNPP,Medium,110.34838,-0.83105,False,False,False,False,False,False,Di Luar Area Pantauan (>1000m dari Desa)
Simpang Hilir,Lubuk Batu,"Minggu, 13 September 2026 12:40:00",NASA-SNPP,Medium,110.09712,-0.93211,False,False,False,False,False,False,Di Luar Area Pantauan (>1000m dari Desa)
Simpang Hilir,Lubuk Batu,"Minggu, 13 September 2026 12:40:00",NASA-SNPP,Medium,110.09277,-0.92718,False,False,False,False,False,False,Di Luar Area Pantauan (>1000m dari Desa)
Simpang Hilir,Lubuk Batu,"Minggu, 13 September 2026 12:40:00",NASA-SNPP,Medium,110.09621,-0.93124,False,False,False,False,False,False,Di Luar Area Pantauan (>1000m dari Desa)
Nanga Mahap,Karang Betung,"Minggu, 13 September 2026 12:40:00",NASA-SNPP,Medium,110.89424,-0.60882,True,False,False,False,False,False,Prioritas 2 (Sedang)
Simpang Dua,Semandang Kanan,"Minggu, 13 September 2026 12:40:00",NASA-SNPP,Medium,110.34882,-0.83646,False,False,False,False,False,False,Di Luar Area Pantauan (>1000m dari Desa)
Hulu Sungai,Krio Hulu,"Minggu, 13 September 2026 12:40:00",NASA-SNPP,Medium,110.85712,-0.88141,False,False,True,False,False,True,Di Luar Area Pantauan (>1000m dari Desa)
Hulu Sungai,Krio Hulu,"Minggu, 13 September 2026 12:40:00",NASA-SNPP,Medium,110.85092,-0.88237,False,False,True,False,False,True,Di Luar Area Pantauan (>1000m dari Desa)
Kayan Hulu,Nangkak Lestari,"Minggu, 13 September 2026 12:40:00",NASA-SNPP,Medium,112.19566,-0.08372,False,False,False,False,False,False,Di Luar Area Pantauan (>1000m dari Desa)
Kapuas,Lape,"Minggu, 13 September 2026 12:40:00",NASA-SNPP,Medium,110.53507,0.04859,False,False,False,False,False,False,Di Luar Area Pantauan (>1000m dari Desa)
Sekadau Hulu,Tinting Boyok,"Minggu, 13 September 2026 12:40:00",NASA-SNPP,Medium,110.74159,-0.10171,False,False,False,False,False,False,Di Luar Area Pantauan (>1000m dari Desa)
Simpang Hulu,Semandang Kiri,"Minggu, 13 September 2026 12:40:00",NASA-SNPP,Medium,110.40171,-0.66345,False,False,False,False,False,False,Di Luar Area Pantauan (>1000m dari Desa)
Serawai,Limbur Bernaung Lestari,"Minggu, 13 September 2026 12:40:00",NASA-SNPP,Medium,112.59022,-0.1547,False,False,False,False,True,True,Di Luar Area Pantauan (>1000m dari Desa)
Kayan Hulu,Nangkak Lestari,"Minggu, 13 September 2026 12:40:00",NASA-SNPP,Medium,112.19075,-0.08447,False,False,False,False,False,False,Di Luar Area Pantauan (>1000m dari Desa)
Serawai,Tanjung Harapan,"Minggu, 13 September 2026 12:40:00",NASA-SNPP,Medium,112.5713,-0.26946,False,False,False,False,False,False,Di Luar Area Pantauan (>1000m dari Desa)
Kayan Hulu,Nanga Abai,"Minggu, 13 September 2026 12:40:00",NASA-SNPP,Medium,112.22679,-0.04803,False,False,False,False,False,False,Di Luar Area Pantauan (>1000m dari Desa)
Hulu Sungai,Krio Hulu,"Minggu, 13 September 2026 12:40:00",NASA-SNPP,High,110.86002,-0.88096,False,False,True,False,False,True,Di Luar Area Pantauan (>1000m dari Desa)
Nanga Tayap,Siantau Raya,"Minggu, 13 September 2026 12:40:00",NASA-SNPP,High,110.43919,-1.62259,False,False,False,False,False,False,Di Luar Area Pantauan (>1000m dari Desa)
Simpang Hilir,Lubuk Batu,"Minggu, 13 September 2026 12:59:00",NASA-NOAA20,High,110.10332,-0.93134,False,False,False,False,False,False,Di Luar Area Pantauan (>1000m dari Desa)
Tumbang Titi,Batu Beransak,"Minggu, 13 September 2026 12:40:00",NASA-SNPP,High,110.68934,-1.82097,False,False,False,False,False,False,Di Luar Area Pantauan (>1000m dari Desa)
Kendawangan,Airhitam Hulu,"Minggu, 13 September 2026 12:40:00",NASA-SNPP,High,110.50541,-2.62358,False,False,False,False,True,True,Di Luar Area Pantauan (>1000m dari Desa)
Kendawangan,Sungai Jelayan,"Minggu, 13 September 2026 12:40:00",NASA-SNPP,High,110.46461,-2.15829,False,False,False,False,False,False,Di Luar Area Pantauan (>1000m dari Desa)
Mukok,Engkode,"Minggu, 13 September 2026 12:40:00",NASA-SNPP,High,110.71219,0.15667,False,False,False,False,False,False,Di Luar Area Pantauan (>1000m dari Desa)
Kendawangan,Air Hitam Besar,"Minggu, 13 September 2026 12:40:00",NASA-SNPP,High,110.63721,-2.77115,False,False,False,False,False,False,Di Luar Area Pantauan (>1000m dari Desa)
Matan Hilir Utara,Tanjung Baik Budi,"Minggu, 13 September 2026 12:59:00",NASA-NOAA20,High,110.15264,-1.52838,False,False,True,True,False,True,Di Luar Area Pantauan (>1000m dari Desa)
Nanga Tayap,Siantau Raya,"Minggu, 13 September 2026 12:40:00",NASA-SNPP,High,110.43775,-1.62112,False,False,False,False,False,False,Di Luar Area Pantauan (>1000m dari Desa)
Marau,Batu Payung Dua,"Minggu, 13 September 2026 12:40:00",NASA-SNPP,High,110.59055,-2.01629,False,False,False,False,True,True,Di Luar Area Pantauan (>1000m dari Desa)
Simpang Dua,Kampar Sebomban,"Minggu, 13 September 2026 12:40:00",NASA-SNPP,High,110.17897,-0.90871,False,False,False,False,False,False,Di Luar Area Pantauan (>1000m dari Desa)
Sungai Laur,Harapan Baru,"Minggu, 13 September 2026 12:40:00",NASA-SNPP,High,110.46037,-0.729,False,False,False,False,False,False,Di Luar Area Pantauan (>1000m dari Desa)
Menukung,Belaban Ella,"Minggu, 13 September 2026 00:17:00",NASA-NOAA20,High,112.18529,-0.5111,False,False,False,False,False,False,Di Luar Area Pantauan (>1000m dari Desa)
