Kecamatan,Desa,Waktu,Satelit,Confidence,Longitude,Latitude,in_desa,in_buffer,is_hutan,is_gambut,is_kk,in_kawasan,Prioritas_Satgas
Kendawangan,Natai Kuini,"Sabtu, 03 Oktober 2026 07:50:00",NASA-MODIS,Low,110.943,-2.81832,False,False,False,True,False,True,Di Luar Area Pantauan (>1000m dari Desa)
Kendawangan,Natai Kuini,"Sabtu, 03 Oktober 2026 03:34:00",NASA-MODIS,Low,110.69697,-2.89093,False,False,False,False,False,False,Di Luar Area Pantauan (>1000m dari Desa)
Kendawangan,Natai Kuini,"Sabtu, 03 Oktober 2026 03:34:00",NASA-MODIS,Low,110.7394,-2.86519,False,False,False,True,False,True,Di Luar Area Pantauan (>1000m dari Desa)
Hulu Sungai,Sunge Bengaras,"Sabtu, 03 Oktober 2026 13:05:00",NASA-SNPP,Low,110.79717,-0.85336,False,False,False,False,False,False,Di Luar Area Pantauan (>1000m dari Desa)
Marau,Batu Payung Dua,"Sabtu, 03 Oktober 2026 13:25:00",NASA-NOAA20,Low,110.51545,-2.06205,False,False,False,False,False,False,Di Luar Area Pantauan (>1000m dari Desa)
Tumbang Titi,Batu Beransak,"Sabtu, 03 Oktober 2026 13:25:00",NASA-NOAA20,Low,110.72263,-1.79719,False,False,False,False,False,False,Di Luar Area Pantauan (>1000m dari Desa)
Kendawangan,Natai Kuini,"Sabtu, 03 Oktober 2026 13:03:00",NASA-SNPP,Low,110.70898,-2.89912,False,False,False,False,False,False,Di Luar Area Pantauan (>1000m dari Desa)
Kendawangan,Natai Kuini,"Sabtu, 03 Oktober 2026 13:25:00",NASA-NOAA20,Low,110.83024,-2.85005,False,False,False,False,True,True,Di Luar Area Pantauan (>1000m dari Desa)
Kendawangan,Danau Buntar,"Sabtu, 03 Oktober 2026 13:25:00",NASA-NOAA20,Low,110.81435,-2.7363,False,False,False,False,True,True,Di Luar Area Pantauan (>1000m dari Desa)
Tayan Hilir,Beginjan,"Sabtu, 03 Oktober 2026 13:05:00",NASA-SNPP,Low,110.17335,-0.04449,False,False,False,False,False,False,Di Luar Area Pantauan (>1000m dari Desa)
Kendawangan,Natai Kuini,"Sabtu, 03 Oktober 2026 13:25:00",NASA-NOAA20,Low,110.94956,-2.81944,False,False,False,True,False,True,Di Luar Area Pantauan (>1000m dari Desa)
Kendawangan,Air Tarap,"Sabtu, 03 Oktober 2026 13:25:00",NASA-NOAA20,Low,110.84549,-2.5334,False,False,False,False,False,False,Di Luar Area Pantauan (>1000m dari Desa)
Kendawangan,Natai Kuini,"Sabtu, 03 Oktober 2026 13:25:00",NASA-NOAA20,Low,110.9411,-2.82464,False,False,False,True,False,True,Di Luar Area Pantauan (>1000m dari Desa)
Meliau,Meliau Hilir,"Sabtu, 03 Oktober 2026 13:05:00",NASA-SNPP,Low,110.27361,-0.08658,False,False,False,False,False,False,Di Luar Area Pantauan (>1000m dari Desa)
Kendawangan,Natai Kuini,"Sabtu, 03 Oktober 2026 13:03:00",NASA-SNPP,Low,110.86661,-2.84607,False,False,False,False,True,True,Di Luar Area Pantauan (>1000m dari Desa)
Kendawangan,Pembedilan,"Sabtu, 03 Oktober 2026 13:03:00",NASA-SNPP,Low,110.35883,-2.82534,False,False,False,False,True,True,Di Luar Area Pantauan (>1000m dari Desa)
Kendawangan,Natai Kuini,"Sabtu, 03 Oktober 2026 13:03:00",NASA-SNPP,Low,110.82637,-2.85212,False,False,False,False,True,True,Di Luar Area Pantauan (>1000m dari Desa)
Kendawangan,Natai Kuini,"Sabtu, 03 Oktober 2026 13:03:00",NASA-SNPP,Low,110.7049,-2.89974,False,False,False,False,False,False,Di Luar Area Pantauan (>1000m dari Desa)
Kendawangan,Natai Kuini,"Sabtu, 03 Oktober 2026 13:03:00",NASA-SNPP,Low,110.70987,-2.87697,False,False,False,True,False,True,Di Luar Area Pantauan (>1000m dari Desa)
Kendawangan,Pembedilan,"Sabtu, 03 Oktober 2026 13:03:00",NASA-SNPP,Low,110.37434,-2.87153,False,False,False,False,True,True,Di Luar Area Pantauan (>1000m dari Desa)
Kendawangan,Kendawangan Kanan,"Sabtu, 03 Oktober 2026 13:03:00",NASA-SNPP,Low,110.27425,-2.84183,False,False,False,False,True,True,Di Luar Area Pantauan (>1000m dari Desa)
Kendawangan,Natai Kuini,"Sabtu, 03 Oktober 2026 13:03:00",NASA-SNPP,Low,110.74404,-2.88281,False,False,False,True,False,True,Di Luar Area Pantauan (>1000m dari Desa)
Kendawangan,Kendawangan Kiri,"Sabtu, 03 Oktober 2026 13:03:00",NASA-SNPP,Low,110.18936,-2.89234,False,False,False,False,False,False,Di Luar Area Pantauan (>1000m dari Desa)
Manis Mata,Suka Ramai,"Sabtu, 03 Oktober 2026 13:03:00",NASA-SNPP,Low,110.99305,-2.81981,False,False,True,False,False,True,Di Luar Area Pantauan (>1000m dari Desa)
Tayan Hilir,Sebemban,"Sabtu, 03 Oktober 2026 13:05:00",NASA-SNPP,Low,110.23523,-0.04593,False,False,False,False,False,False,Di Luar Area Pantauan (>1000m dari Desa)
Sungai Laur,Kepari,"Sabtu, 03 Oktober 2026 13:27:00",NASA-NOAA20,Low,110.51527,-0.89562,False,False,False,False,False,False,Di Luar Area Pantauan (>1000m dari Desa)
Toba,Bagan Asam,"Sabtu, 03 Oktober 2026 13:05:00",NASA-SNPP,Low,110.11748,-0.39966,False,False,False,True,False,True,Di Luar Area Pantauan (>1000m dari Desa)
Manis Mata,Suka Ramai,"Sabtu, 03 Oktober 2026 13:25:00",NASA-NOAA20,Low,111.13322,-2.72023,False,False,False,False,False,False,Di Luar Area Pantauan (>1000m dari Desa)
Kendawangan,Natai Kuini,"Sabtu, 03 Oktober 2026 13:03:00",NASA-SNPP,Low,110.70845,-2.89553,False,False,False,False,False,False,Di Luar Area Pantauan (>1000m dari Desa)
Singkup,Pantai Ketikal,"Sabtu, 03 Oktober 2026 13:03:00",NASA-SNPP,Low,110.76612,-2.48747,False,False,False,False,False,False,Di Luar Area Pantauan (>1000m dari Desa)
Kendawangan,Pembedilan,"Sabtu, 03 Oktober 2026 13:25:00",NASA-NOAA20,Low,110.47563,-2.82787,False,False,False,False,True,True,Di Luar Area Pantauan (>1000m dari Desa)
Simpang Dua,Gema,"Sabtu, 03 Oktober 2026 13:05:00",NASA-SNPP,Low,110.41711,-0.8115,False,False,False,False,False,False,Di Luar Area Pantauan (>1000m dari Desa)
Sandai,Pendamaran Indah,"Sabtu, 03 Oktober 2026 13:25:00",NASA-NOAA20,Low,110.6034,-1.06801,False,False,False,False,False,False,Di Luar Area Pantauan (>1000m dari Desa)
Toba,Bagan Asam,"Sabtu, 03 Oktober 2026 13:05:00",NASA-SNPP,Low,110.10929,-0.40092,False,False,False,True,False,True,Di Luar Area Pantauan (>1000m dari Desa)
Nanga Tayap,Batu Mas,"Sabtu, 03 Oktober 2026 13:25:00",NASA-NOAA20,Low,110.64584,-1.63836,False,False,False,False,False,False,Di Luar Area Pantauan (>1000m dari Desa)
Hulu Sungai,Beginci Darat,"Sabtu, 03 Oktober 2026 13:25:00",NASA-NOAA20,Low,111.01209,-1.24065,True,False,False,False,False,False,Prioritas 4 (Waspada)
Toba,Bagan Asam,"Sabtu, 03 Oktober 2026 13:05:00",NASA-SNPP,Low,110.10983,-0.40451,False,False,False,True,False,True,Di Luar Area Pantauan (>1000m dari Desa)
Manis Mata,Suka Ramai,"Sabtu, 03 Oktober 2026 13:03:00",NASA-SNPP,Low,111.09612,-2.69971,False,False,False,False,False,False,Di Luar Area Pantauan (>1000m dari Desa)
Kendawangan,Natai Kuini,"Sabtu, 03 Oktober 2026 13:03:00",NASA-SNPP,Low,110.70544,-2.90333,False,False,False,False,False,False,Di Luar Area Pantauan (>1000m dari Desa)
Kendawangan,Danau Buntar,"Sabtu, 03 Oktober 2026 13:03:00",NASA-SNPP,Low,110.81535,-2.68517,False,False,False,False,True,True,Di Luar Area Pantauan (>1000m dari Desa)
Kendawangan,Pembedilan,"Sabtu, 03 Oktober 2026 13:03:00",NASA-SNPP,Low,110.29572,-2.86858,False,False,False,True,True,True,Di Luar Area Pantauan (>1000m dari Desa)
Kendawangan,Air Hitam Besar,"Sabtu, 03 Oktober 2026 03:34:00",NASA-MODIS,Medium,110.68437,-2.88907,False,False,False,False,False,False,Di Luar Area Pantauan (>1000m dari Desa)
Kendawangan,Air Hitam Besar,"Sabtu, 03 Oktober 2026 03:34:00",NASA-MODIS,Medium,110.68288,-2.89948,False,False,False,False,False,False,Di Luar Area Pantauan (>1000m dari Desa)
Sungai Tebelian,Penjernang,"Sabtu, 03 Oktober 2026 07:50:00",NASA-MODIS,Medium,111.43756,-0.32871,False,False,False,False,False,False,Di Luar Area Pantauan (>1000m dari Desa)
Kendawangan,Natai Kuini,"Sabtu, 03 Oktober 2026 03:34:00",NASA-MODIS,Medium,110.70809,-2.90322,False,False,False,False,False,False,Di Luar Area Pantauan (>1000m dari Desa)
Belimbing,Upit,"Sabtu, 03 Oktober 2026 15:52:00",NASA-MODIS,Medium,111.41271,-0.40548,False,False,False,False,False,False,Di Luar Area Pantauan (>1000m dari Desa)
Kendawangan,Natai Kuini,"Sabtu, 03 Oktober 2026 03:34:00",NASA-MODIS,Medium,110.69547,-2.90135,False,False,False,False,False,False,Di Luar Area Pantauan (>1000m dari Desa)
Kendawangan,Air Hitam Besar,"Sabtu, 03 Oktober 2026 03:34:00",NASA-MODIS,Medium,110.74062,-2.80463,False,False,False,True,False,True,Di Luar Area Pantauan (>1000m dari Desa)
Kendawangan,Natai Kuini,"Sabtu, 03 Oktober 2026 00:45:00",NASA-NOAA20,Medium,110.94171,-2.81875,False,False,False,True,False,True,Di Luar Area Pantauan (>1000m dari Desa)
Kendawangan,Natai Kuini,"Sabtu, 03 Oktober 2026 00:45:00",NASA-NOAA20,Medium,110.95316,-2.81645,False,False,False,True,False,True,Di Luar Area Pantauan (>1000m dari Desa)
Kendawangan,Natai Kuini,"Sabtu, 03 Oktober 2026 00:45:00",NASA-NOAA20,Medium,110.9489,-2.81992,False,False,False,True,False,True,Di Luar Area Pantauan (>1000m dari Desa)
Kendawangan,Natai Kuini,"Sabtu, 03 Oktober 2026 00:45:00",NASA-NOAA20,Medium,110.94532,-2.81934,False,False,False,True,False,True,Di Luar Area Pantauan (>1000m dari Desa)
Kendawangan,Natai Kuini,"Sabtu, 03 Oktober 2026 00:45:00",NASA-NOAA20,Medium,110.94958,-2.81586,False,False,False,True,False,True,Di Luar Area Pantauan (>1000m dari Desa)
Kendawangan,Air Hitam Besar,"Sabtu, 03 Oktober 2026 00:45:00",NASA-NOAA20,Medium,110.73013,-2.80525,False,False,False,False,False,False,Di Luar Area Pantauan (>1000m dari Desa)
Kendawangan,Natai Kuini,"Sabtu, 03 Oktober 2026 00:45:00",NASA-NOAA20,Medium,110.93948,-2.81002,False,False,False,True,False,True,Di Luar Area Pantauan (>1000m dari Desa)
Kendawangan,Natai Kuini,"Sabtu, 03 Oktober 2026 00:45:00",NASA-NOAA20,Medium,110.94824,-2.82399,False,False,False,True,False,True,Di Luar Area Pantauan (>1000m dari Desa)
Kendawangan,Air Hitam Besar,"Sabtu, 03 Oktober 2026 00:45:00",NASA-NOAA20,Medium,110.72944,-2.80937,False,False,False,False,False,False,Di Luar Area Pantauan (>1000m dari Desa)
Kendawangan,Pembedilan,"Sabtu, 03 Oktober 2026 00:45:00",NASA-NOAA20,Medium,110.43318,-2.76127,False,False,False,False,True,True,Di Luar Area Pantauan (>1000m dari Desa)
Manis Mata,Seguling,"Sabtu, 03 Oktober 2026 00:45:00",NASA-NOAA20,Medium,111.08968,-2.64682,False,False,False,True,False,True,Di Luar Area Pantauan (>1000m dari Desa)
Kendawangan,Air Hitam Besar,"Sabtu, 03 Oktober 2026 00:45:00",NASA-NOAA20,Medium,110.75838,-2.8183,False,False,False,True,False,True,Di Luar Area Pantauan (>1000m dari Desa)
Kendawangan,Air Hitam Besar,"Sabtu, 03 Oktober 2026 00:45:00",NASA-NOAA20,Medium,110.75468,-2.8177,False,False,False,True,False,True,Di Luar Area Pantauan (>1000m dari Desa)
Kendawangan,Natai Kuini,"Sabtu, 03 Oktober 2026 00:45:00",NASA-NOAA20,Medium,110.84017,-2.84835,False,False,False,False,True,True,Di Luar Area Pantauan (>1000m dari Desa)
Kendawangan,Natai Kuini,"Sabtu, 03 Oktober 2026 00:45:00",NASA-NOAA20,Medium,110.8285,-2.85068,False,False,False,False,True,True,Di Luar Area Pantauan (>1000m dari Desa)
Kendawangan,Natai Kuini,"Sabtu, 03 Oktober 2026 00:45:00",NASA-NOAA20,Medium,110.83948,-2.85244,False,False,False,False,True,True,Di Luar Area Pantauan (>1000m dari Desa)
Kendawangan,Natai Kuini,"Sabtu, 03 Oktober 2026 00:45:00",NASA-NOAA20,Medium,110.83286,-2.84718,False,False,False,False,True,True,Di Luar Area Pantauan (>1000m dari Desa)
Kendawangan,Natai Kuini,"Sabtu, 03 Oktober 2026 00:45:00",NASA-NOAA20,Medium,110.83652,-2.84777,False,False,False,False,True,True,Di Luar Area Pantauan (>1000m dari Desa)
Kendawangan,Natai Kuini,"Sabtu, 03 Oktober 2026 00:45:00",NASA-NOAA20,Medium,110.83582,-2.85186,False,False,False,False,True,True,Di Luar Area Pantauan (>1000m dari Desa)
Kendawangan,Pembedilan,"Sabtu, 03 Oktober 2026 00:45:00",NASA-NOAA20,Medium,110.45229,-2.79029,False,False,False,False,True,True,Di Luar Area Pantauan (>1000m dari Desa)
Kendawangan,Natai Kuini,"Sabtu, 03 Oktober 2026 00:45:00",NASA-NOAA20,Medium,110.84679,-2.85362,False,False,False,False,True,True,Di Luar Area Pantauan (>1000m dari Desa)
Kendawangan,Natai Kuini,"Sabtu, 03 Oktober 2026 00:45:00",NASA-NOAA20,Medium,110.84314,-2.85303,False,False,False,False,True,True,Di Luar Area Pantauan (>1000m dari Desa)
Kendawangan,Natai Kuini,"Sabtu, 03 Oktober 2026 00:45:00",NASA-NOAA20,Medium,110.83878,-2.85653,False,False,False,False,True,True,Di Luar Area Pantauan (>1000m dari Desa)
Kendawangan,Natai Kuini,"Sabtu, 03 Oktober 2026 00:45:00",NASA-NOAA20,Medium,110.82416,-2.85419,False,False,False,False,True,True,Di Luar Area Pantauan (>1000m dari Desa)
Kendawangan,Natai Kuini,"Sabtu, 03 Oktober 2026 00:45:00",NASA-NOAA20,Medium,110.82782,-2.85478,False,False,False,False,True,True,Di Luar Area Pantauan (>1000m dari Desa)
Kendawangan,Natai Kuini,"Sabtu, 03 Oktober 2026 00:45:00",NASA-NOAA20,Medium,110.83444,-2.86004,False,False,False,False,True,True,Di Luar Area Pantauan (>1000m dari Desa)
Kendawangan,Natai Kuini,"Sabtu, 03 Oktober 2026 00:45:00",NASA-NOAA20,Medium,110.84976,-2.85829,False,False,False,False,True,True,Di Luar Area Pantauan (>1000m dari Desa)
Kendawangan,Natai Kuini,"Sabtu, 03 Oktober 2026 00:45:00",NASA-NOAA20,Medium,110.83079,-2.85946,False,False,False,False,True,True,Di Luar Area Pantauan (>1000m dari Desa)
Kendawangan,Natai Kuini,"Sabtu, 03 Oktober 2026 00:45:00",NASA-NOAA20,Medium,110.84541,-2.8618,False,False,False,False,True,True,Di Luar Area Pantauan (>1000m dari Desa)
Kendawangan,Natai Kuini,"Sabtu, 03 Oktober 2026 00:45:00",NASA-NOAA20,Medium,110.82714,-2.85888,False,False,False,False,False,False,Di Luar Area Pantauan (>1000m dari Desa)
Kendawangan,Pembedilan,"Sabtu, 03 Oktober 2026 00:45:00",NASA-NOAA20,Medium,110.43929,-2.79684,False,False,False,False,True,True,Di Luar Area Pantauan (>1000m dari Desa)
Kendawangan,Natai Kuini,"Sabtu, 03 Oktober 2026 00:45:00",NASA-NOAA20,Medium,110.83376,-2.86414,False,False,False,False,False,False,Di Luar Area Pantauan (>1000m dari Desa)
Kendawangan,Pembedilan,"Sabtu, 03 Oktober 2026 00:45:00",NASA-NOAA20,Medium,110.4347,-2.80042,False,False,False,False,True,True,Di Luar Area Pantauan (>1000m dari Desa)
Kendawangan,Natai Kuini,"Sabtu, 03 Oktober 2026 00:45:00",NASA-NOAA20,Medium,110.83012,-2.86356,False,False,False,False,False,False,Di Luar Area Pantauan (>1000m dari Desa)
Kendawangan,Natai Kuini,"Sabtu, 03 Oktober 2026 00:45:00",NASA-NOAA20,Medium,110.84472,-2.86589,False,False,False,False,False,False,Di Luar Area Pantauan (>1000m dari Desa)
Kendawangan,Natai Kuini,"Sabtu, 03 Oktober 2026 00:45:00",NASA-NOAA20,Medium,110.84106,-2.8653,False,False,False,False,False,False,Di Luar Area Pantauan (>1000m dari Desa)
Kendawangan,Natai Kuini,"Sabtu, 03 Oktober 2026 00:45:00",NASA-NOAA20,Medium,110.84837,-2.86647,False,False,False,False,False,False,Di Luar Area Pantauan (>1000m dari Desa)
Kendawangan,Natai Kuini,"Sabtu, 03 Oktober 2026 00:45:00",NASA-NOAA20,Medium,110.84405,-2.86998,False,False,False,False,False,False,Di Luar Area Pantauan (>1000m dari Desa)
Kendawangan,Natai Kuini,"Sabtu, 03 Oktober 2026 00:45:00",NASA-NOAA20,Medium,110.84039,-2.8694,False,False,False,False,False,False,Di Luar Area Pantauan (>1000m dari Desa)
Kendawangan,Natai Kuini,"Sabtu, 03 Oktober 2026 00:45:00",NASA-NOAA20,Medium,110.73193,-2.86322,False,False,False,True,False,True,Di Luar Area Pantauan (>1000m dari Desa)
Kendawangan,Natai Kuini,"Sabtu, 03 Oktober 2026 00:45:00",NASA-NOAA20,Medium,110.72755,-2.86672,False,False,False,True,False,True,Di Luar Area Pantauan (>1000m dari Desa)
Kendawangan,Natai Kuini,"Sabtu, 03 Oktober 2026 00:45:00",NASA-NOAA20,Medium,110.72318,-2.87023,False,False,False,True,False,True,Di Luar Area Pantauan (>1000m dari Desa)
Kendawangan,Natai Kuini,"Sabtu, 03 Oktober 2026 00:45:00",NASA-NOAA20,Medium,110.73058,-2.87146,False,False,False,True,False,True,Di Luar Area Pantauan (>1000m dari Desa)
Kendawangan,Natai Kuini,"Sabtu, 03 Oktober 2026 00:45:00",NASA-NOAA20,Medium,110.84245,-2.85712,False,False,False,False,True,True,Di Luar Area Pantauan (>1000m dari Desa)
Kendawangan,Natai Kuini,"Sabtu, 03 Oktober 2026 00:45:00",NASA-NOAA20,Medium,110.82092,-2.82842,False,False,False,True,True,True,Di Luar Area Pantauan (>1000m dari Desa)
Kendawangan,Natai Kuini,"Sabtu, 03 Oktober 2026 00:45:00",NASA-NOAA20,Medium,110.73496,-2.86795,False,False,False,True,False,True,Di Luar Area Pantauan (>1000m dari Desa)
Kendawangan,Natai Kuini,"Sabtu, 03 Oktober 2026 00:45:00",NASA-NOAA20,Medium,110.741,-2.87742,False,False,False,True,False,True,Di Luar Area Pantauan (>1000m dari Desa)
Kendawangan,Natai Kuini,"Sabtu, 03 Oktober 2026 00:45:00",NASA-NOAA20,Medium,110.95026,-2.8118,False,False,False,True,False,True,Di Luar Area Pantauan (>1000m dari Desa)
Kendawangan,Natai Kuini,"Sabtu, 03 Oktober 2026 00:45:00",NASA-NOAA20,Medium,110.84175,-2.86121,False,False,False,False,True,True,Di Luar Area Pantauan (>1000m dari Desa)
Kendawangan,Air Hitam Besar,"Sabtu, 03 Oktober 2026 00:45:00",NASA-NOAA20,Medium,110.79768,-2.7867,False,False,True,True,True,True,Di Luar Area Pantauan (>1000m dari Desa)
Kendawangan,Air Hitam Besar,"Sabtu, 03 Oktober 2026 00:45:00",NASA-NOAA20,Medium,110.70024,-2.87068,False,False,False,True,False,True,Di Luar Area Pantauan (>1000m dari Desa)
Kendawangan,Natai Kuini,"Sabtu, 03 Oktober 2026 00:45:00",NASA-NOAA20,Medium,110.94307,-2.81061,False,False,False,True,False,True,Di Luar Area Pantauan (>1000m dari Desa)
Kendawangan,Natai Kuini,"Sabtu, 03 Oktober 2026 00:45:00",NASA-NOAA20,Medium,110.94466,-2.8234,False,False,False,True,False,True,Di Luar Area Pantauan (>1000m dari Desa)
Kendawangan,Natai Kuini,"Sabtu, 03 Oktober 2026 00:45:00",NASA-NOAA20,Medium,110.9424,-2.81468,False,False,False,True,False,True,Di Luar Area Pantauan (>1000m dari Desa)
Kendawangan,Natai Kuini,"Sabtu, 03 Oktober 2026 00:45:00",NASA-NOAA20,Medium,110.83991,-2.82729,False,False,False,False,True,True,Di Luar Area Pantauan (>1000m dari Desa)
Kendawangan,Natai Kuini,"Sabtu, 03 Oktober 2026 00:45:00",NASA-NOAA20,Medium,110.707,-2.87603,False,False,False,True,False,True,Di Luar Area Pantauan (>1000m dari Desa)
Kendawangan,Natai Kuini,"Sabtu, 03 Oktober 2026 00:45:00",NASA-NOAA20,Medium,110.74402,-2.88215,False,False,False,True,False,True,Di Luar Area Pantauan (>1000m dari Desa)
Kendawangan,Natai Kuini,"Sabtu, 03 Oktober 2026 00:45:00",NASA-NOAA20,Medium,110.83217,-2.85127,False,False,False,False,True,True,Di Luar Area Pantauan (>1000m dari Desa)
Kendawangan,Air Hitam Besar,"Sabtu, 03 Oktober 2026 00:45:00",NASA-NOAA20,Medium,110.68399,-2.87648,False,False,False,True,False,True,Di Luar Area Pantauan (>1000m dari Desa)
Kendawangan,Air Hitam Besar,"Sabtu, 03 Oktober 2026 00:45:00",NASA-NOAA20,Medium,110.68703,-2.88123,False,False,False,True,False,True,Di Luar Area Pantauan (>1000m dari Desa)
Kendawangan,Air Hitam Besar,"Sabtu, 03 Oktober 2026 00:45:00",NASA-NOAA20,Medium,110.69076,-2.88184,False,False,False,True,False,True,Di Luar Area Pantauan (>1000m dari Desa)
Kendawangan,Natai Kuini,"Sabtu, 03 Oktober 2026 00:45:00",NASA-NOAA20,Medium,110.83148,-2.85536,False,False,False,False,True,True,Di Luar Area Pantauan (>1000m dari Desa)
Kendawangan,Natai Kuini,"Sabtu, 03 Oktober 2026 00:45:00",NASA-NOAA20,Medium,110.84906,-2.86238,False,False,False,False,True,True,Di Luar Area Pantauan (>1000m dari Desa)
Kendawangan,Natai Kuini,"Sabtu, 03 Oktober 2026 00:45:00",NASA-NOAA20,Medium,110.70565,-2.88429,False,False,False,True,False,True,Di Luar Area Pantauan (>1000m dari Desa)
Kendawangan,Natai Kuini,"Sabtu, 03 Oktober 2026 00:45:00",NASA-NOAA20,Medium,110.69448,-2.88245,False,False,False,True,False,True,Di Luar Area Pantauan (>1000m dari Desa)
Kendawangan,Air Hitam Besar,"Sabtu, 03 Oktober 2026 00:45:00",NASA-NOAA20,Medium,110.68195,-2.88888,False,False,False,False,False,False,Di Luar Area Pantauan (>1000m dari Desa)
Kendawangan,Air Hitam Besar,"Sabtu, 03 Oktober 2026 00:45:00",NASA-NOAA20,Medium,110.73958,-2.79408,False,False,False,True,False,True,Di Luar Area Pantauan (>1000m dari Desa)
Kendawangan,Air Hitam Besar,"Sabtu, 03 Oktober 2026 00:45:00",NASA-NOAA20,Medium,110.68568,-2.88949,False,False,False,False,False,False,Di Luar Area Pantauan (>1000m dari Desa)
Kendawangan,Natai Kuini,"Sabtu, 03 Oktober 2026 00:45:00",NASA-NOAA20,Medium,110.7117,-2.89376,False,False,False,True,False,True,Di Luar Area Pantauan (>1000m dari Desa)
Kendawangan,Natai Kuini,"Sabtu, 03 Oktober 2026 00:45:00",NASA-NOAA20,Medium,110.71912,-2.89498,False,False,False,True,False,True,Di Luar Area Pantauan (>1000m dari Desa)
Kendawangan,Air Hitam Besar,"Sabtu, 03 Oktober 2026 00:45:00",NASA-NOAA20,Medium,110.76344,-2.81066,False,False,False,True,False,True,Di Luar Area Pantauan (>1000m dari Desa)
Kendawangan,Air Hitam Besar,"Sabtu, 03 Oktober 2026 00:45:00",NASA-NOAA20,Medium,110.68127,-2.89302,False,False,False,False,False,False,Di Luar Area Pantauan (>1000m dari Desa)
Kendawangan,Natai Kuini,"Sabtu, 03 Oktober 2026 00:45:00",NASA-NOAA20,Medium,110.70361,-2.89667,False,False,False,False,False,False,Di Luar Area Pantauan (>1000m dari Desa)
Kendawangan,Natai Kuini,"Sabtu, 03 Oktober 2026 00:45:00",NASA-NOAA20,Medium,110.71103,-2.89789,False,False,False,False,False,False,Di Luar Area Pantauan (>1000m dari Desa)
Kendawangan,Natai Kuini,"Sabtu, 03 Oktober 2026 00:45:00",NASA-NOAA20,Medium,110.72215,-2.89971,False,False,False,False,False,False,Di Luar Area Pantauan (>1000m dari Desa)
Kendawangan,Natai Kuini,"Sabtu, 03 Oktober 2026 00:45:00",NASA-NOAA20,Medium,110.68803,-2.89837,False,False,False,False,False,False,Di Luar Area Pantauan (>1000m dari Desa)
Kendawangan,Natai Kuini,"Sabtu, 03 Oktober 2026 00:45:00",NASA-NOAA20,Medium,110.6992,-2.90019,False,False,False,False,False,False,Di Luar Area Pantauan (>1000m dari Desa)
Kendawangan,Air Hitam Besar,"Sabtu, 03 Oktober 2026 00:45:00",NASA-NOAA20,Medium,110.68059,-2.89715,False,False,False,False,False,False,Di Luar Area Pantauan (>1000m dari Desa)
Kendawangan,Natai Kuini,"Sabtu, 03 Oktober 2026 00:45:00",NASA-NOAA20,Medium,110.70225,-2.90493,False,False,False,False,False,False,Di Luar Area Pantauan (>1000m dari Desa)
Kendawangan,Natai Kuini,"Sabtu, 03 Oktober 2026 00:45:00",NASA-NOAA20,Medium,110.70596,-2.90553,False,False,False,False,False,False,Di Luar Area Pantauan (>1000m dari Desa)
Kendawangan,Natai Kuini,"Sabtu, 03 Oktober 2026 00:45:00",NASA-NOAA20,Medium,110.70731,-2.89728,False,False,False,False,False,False,Di Luar Area Pantauan (>1000m dari Desa)
Kendawangan,Natai Kuini,"Sabtu, 03 Oktober 2026 00:45:00",NASA-NOAA20,Medium,110.70293,-2.9008,False,False,False,False,False,False,Di Luar Area Pantauan (>1000m dari Desa)
Kendawangan,Natai Kuini,"Sabtu, 03 Oktober 2026 00:45:00",NASA-NOAA20,Medium,110.84611,-2.85771,False,False,False,False,True,True,Di Luar Area Pantauan (>1000m dari Desa)
Kendawangan,Natai Kuini,"Sabtu, 03 Oktober 2026 00:45:00",NASA-NOAA20,Medium,110.83513,-2.85595,False,False,False,False,True,True,Di Luar Area Pantauan (>1000m dari Desa)
Kendawangan,Natai Kuini,"Sabtu, 03 Oktober 2026 00:45:00",NASA-NOAA20,Medium,110.70329,-2.87542,False,False,False,True,False,True,Di Luar Area Pantauan (>1000m dari Desa)
Kendawangan,Natai Kuini,"Sabtu, 03 Oktober 2026 00:45:00",NASA-NOAA20,Medium,110.83742,-2.86472,False,False,False,False,False,False,Di Luar Area Pantauan (>1000m dari Desa)
Kendawangan,Air Hitam Besar,"Sabtu, 03 Oktober 2026 00:45:00",NASA-NOAA20,Medium,110.68771,-2.87709,False,False,False,True,False,True,Di Luar Area Pantauan (>1000m dari Desa)
Kendawangan,Air Hitam Besar,"Sabtu, 03 Oktober 2026 00:45:00",NASA-NOAA20,Medium,110.68262,-2.88475,False,False,False,False,False,False,Di Luar Area Pantauan (>1000m dari Desa)
Kendawangan,Pembedilan,"Sabtu, 03 Oktober 2026 00:45:00",NASA-NOAA20,Medium,110.43858,-2.80105,False,False,False,False,True,True,Di Luar Area Pantauan (>1000m dari Desa)
Kendawangan,Natai Kuini,"Sabtu, 03 Oktober 2026 00:45:00",NASA-NOAA20,Medium,110.71947,-2.86962,False,False,False,True,False,True,Di Luar Area Pantauan (>1000m dari Desa)
Kendawangan,Natai Kuini,"Sabtu, 03 Oktober 2026 00:45:00",NASA-NOAA20,Medium,110.70396,-2.87129,False,False,False,True,False,True,Di Luar Area Pantauan (>1000m dari Desa)
Kendawangan,Pembedilan,"Sabtu, 03 Oktober 2026 00:45:00",NASA-NOAA20,Medium,110.46173,-2.83121,False,False,False,False,True,True,Di Luar Area Pantauan (>1000m dari Desa)
Kendawangan,Natai Kuini,"Sabtu, 03 Oktober 2026 00:45:00",NASA-NOAA20,Medium,110.74167,-2.8733,False,False,False,True,False,True,Di Luar Area Pantauan (>1000m dari Desa)
Kendawangan,Natai Kuini,"Sabtu, 03 Oktober 2026 00:45:00",NASA-NOAA20,Medium,110.72385,-2.86611,False,False,False,True,False,True,Di Luar Area Pantauan (>1000m dari Desa)
Kendawangan,Natai Kuini,"Sabtu, 03 Oktober 2026 00:45:00",NASA-NOAA20,Medium,110.72688,-2.87085,False,False,False,True,False,True,Di Luar Area Pantauan (>1000m dari Desa)
Kendawangan,Natai Kuini,"Sabtu, 03 Oktober 2026 00:45:00",NASA-NOAA20,Medium,110.73798,-2.87269,False,False,False,True,False,True,Di Luar Area Pantauan (>1000m dari Desa)
Kendawangan,Natai Kuini,"Sabtu, 03 Oktober 2026 00:45:00",NASA-NOAA20,Medium,110.73428,-2.87207,False,False,False,True,False,True,Di Luar Area Pantauan (>1000m dari Desa)
Kendawangan,Natai Kuini,"Sabtu, 03 Oktober 2026 00:45:00",NASA-NOAA20,Medium,110.73126,-2.86734,False,False,False,True,False,True,Di Luar Area Pantauan (>1000m dari Desa)
Kendawangan,Air Hitam Besar,"Sabtu, 03 Oktober 2026 00:45:00",NASA-NOAA20,Medium,110.67957,-2.88,False,False,False,False,False,False,Di Luar Area Pantauan (>1000m dari Desa)
Kendawangan,Natai Kuini,"Sabtu, 03 Oktober 2026 00:45:00",NASA-NOAA20,Medium,110.70663,-2.90141,False,False,False,False,False,False,Di Luar Area Pantauan (>1000m dari Desa)
Kendawangan,Air Hitam Besar,"Sabtu, 03 Oktober 2026 00:45:00",NASA-NOAA20,Medium,110.68499,-2.89363,False,False,False,False,False,False,Di Luar Area Pantauan (>1000m dari Desa)
Kendawangan,Natai Kuini,"Sabtu, 03 Oktober 2026 00:45:00",NASA-NOAA20,Medium,110.69989,-2.89606,False,False,False,False,False,False,Di Luar Area Pantauan (>1000m dari Desa)
Kendawangan,Natai Kuini,"Sabtu, 03 Oktober 2026 00:45:00",NASA-NOAA20,Medium,110.6938,-2.88658,False,False,False,True,False,True,Di Luar Area Pantauan (>1000m dari Desa)
Kendawangan,Natai Kuini,"Sabtu, 03 Oktober 2026 00:45:00",NASA-NOAA20,Medium,110.71542,-2.89437,False,False,False,True,False,True,Di Luar Area Pantauan (>1000m dari Desa)
Kendawangan,Natai Kuini,"Sabtu, 03 Oktober 2026 00:45:00",NASA-NOAA20,Medium,110.71844,-2.8991,False,False,False,False,False,False,Di Luar Area Pantauan (>1000m dari Desa)
Kendawangan,Natai Kuini,"Sabtu, 03 Oktober 2026 00:45:00",NASA-NOAA20,Medium,110.72585,-2.90031,False,False,False,False,False,False,Di Luar Area Pantauan (>1000m dari Desa)
Kendawangan,Natai Kuini,"Sabtu, 03 Oktober 2026 00:45:00",NASA-NOAA20,Medium,110.68432,-2.89776,False,False,False,False,False,False,Di Luar Area Pantauan (>1000m dari Desa)
Kendawangan,Natai Kuini,"Sabtu, 03 Oktober 2026 13:25:00",NASA-NOAA20,Medium,110.74847,-2.8783,False,False,False,True,False,True,Di Luar Area Pantauan (>1000m dari Desa)
Kendawangan,Natai Kuini,"Sabtu, 03 Oktober 2026 13:25:00",NASA-NOAA20,Medium,110.74407,-2.879,False,False,False,True,False,True,Di Luar Area Pantauan (>1000m dari Desa)
Kendawangan,Natai Kuini,"Sabtu, 03 Oktober 2026 13:25:00",NASA-NOAA20,Medium,110.73911,-2.87599,False,False,False,True,False,True,Di Luar Area Pantauan (>1000m dari Desa)
Kendawangan,Natai Kuini,"Sabtu, 03 Oktober 2026 13:25:00",NASA-NOAA20,Medium,110.74351,-2.87529,False,False,False,True,False,True,Di Luar Area Pantauan (>1000m dari Desa)
Kendawangan,Natai Kuini,"Sabtu, 03 Oktober 2026 13:25:00",NASA-NOAA20,Medium,110.83797,-2.84117,False,False,False,False,True,True,Di Luar Area Pantauan (>1000m dari Desa)
Kendawangan,Natai Kuini,"Sabtu, 03 Oktober 2026 13:25:00",NASA-NOAA20,Medium,110.95013,-2.82319,False,False,False,True,False,True,Di Luar Area Pantauan (>1000m dari Desa)
Kendawangan,Natai Kuini,"Sabtu, 03 Oktober 2026 13:25:00",NASA-NOAA20,Medium,110.73797,-2.86857,False,False,False,True,False,True,Di Luar Area Pantauan (>1000m dari Desa)
Kendawangan,Natai Kuini,"Sabtu, 03 Oktober 2026 13:25:00",NASA-NOAA20,Medium,110.74521,-2.88642,False,False,False,True,False,True,Di Luar Area Pantauan (>1000m dari Desa)
Kendawangan,Natai Kuini,"Sabtu, 03 Oktober 2026 13:25:00",NASA-NOAA20,Medium,110.7496,-2.88572,False,False,False,True,False,True,Di Luar Area Pantauan (>1000m dari Desa)
Kendawangan,Natai Kuini,"Sabtu, 03 Oktober 2026 13:25:00",NASA-NOAA20,Medium,110.7019,-2.89706,False,False,False,False,False,False,Di Luar Area Pantauan (>1000m dari Desa)
Kendawangan,Natai Kuini,"Sabtu, 03 Oktober 2026 13:25:00",NASA-NOAA20,Medium,110.68879,-2.89913,False,False,False,False,False,False,Di Luar Area Pantauan (>1000m dari Desa)
Kendawangan,Natai Kuini,"Sabtu, 03 Oktober 2026 13:25:00",NASA-NOAA20,Medium,110.72041,-2.87137,False,False,False,True,False,True,Di Luar Area Pantauan (>1000m dari Desa)
Kendawangan,Natai Kuini,"Sabtu, 03 Oktober 2026 13:25:00",NASA-NOAA20,Medium,110.70287,-2.87417,False,False,False,True,False,True,Di Luar Area Pantauan (>1000m dari Desa)
Kendawangan,Natai Kuini,"Sabtu, 03 Oktober 2026 13:25:00",NASA-NOAA20,Medium,110.83083,-2.85377,False,False,False,False,True,True,Di Luar Area Pantauan (>1000m dari Desa)
Kendawangan,Air Hitam Besar,"Sabtu, 03 Oktober 2026 13:25:00",NASA-NOAA20,Medium,110.68272,-2.88873,False,False,False,False,False,False,Di Luar Area Pantauan (>1000m dari Desa)
Kendawangan,Natai Kuini,"Sabtu, 03 Oktober 2026 13:25:00",NASA-NOAA20,Medium,110.74236,-2.86787,False,False,False,True,False,True,Di Luar Area Pantauan (>1000m dari Desa)
Kendawangan,Natai Kuini,"Sabtu, 03 Oktober 2026 13:25:00",NASA-NOAA20,Medium,110.86587,-2.84436,False,False,False,False,True,True,Di Luar Area Pantauan (>1000m dari Desa)
Kendawangan,Natai Kuini,"Sabtu, 03 Oktober 2026 13:25:00",NASA-NOAA20,Medium,110.94167,-2.8284,False,False,False,True,False,True,Di Luar Area Pantauan (>1000m dari Desa)
Kendawangan,Natai Kuini,"Sabtu, 03 Oktober 2026 13:25:00",NASA-NOAA20,Medium,110.72804,-2.86256,False,False,False,True,False,True,Di Luar Area Pantauan (>1000m dari Desa)
Kendawangan,Natai Kuini,"Sabtu, 03 Oktober 2026 13:25:00",NASA-NOAA20,Medium,110.83853,-2.8449,False,False,False,False,True,True,Di Luar Area Pantauan (>1000m dari Desa)
Kendawangan,Natai Kuini,"Sabtu, 03 Oktober 2026 13:25:00",NASA-NOAA20,Medium,110.7374,-2.86487,False,False,False,True,False,True,Di Luar Area Pantauan (>1000m dari Desa)
Kendawangan,Air Hitam Besar,"Sabtu, 03 Oktober 2026 13:25:00",NASA-NOAA20,Medium,110.7023,-2.87046,False,False,False,True,False,True,Di Luar Area Pantauan (>1000m dari Desa)
Kendawangan,Natai Kuini,"Sabtu, 03 Oktober 2026 13:25:00",NASA-NOAA20,Medium,110.83912,-2.84863,False,False,False,False,True,True,Di Luar Area Pantauan (>1000m dari Desa)
Kendawangan,Natai Kuini,"Sabtu, 03 Oktober 2026 13:25:00",NASA-NOAA20,Medium,110.72861,-2.86627,False,False,False,True,False,True,Di Luar Area Pantauan (>1000m dari Desa)
Kendawangan,Natai Kuini,"Sabtu, 03 Oktober 2026 13:25:00",NASA-NOAA20,Medium,110.733,-2.86557,False,False,False,True,False,True,Di Luar Area Pantauan (>1000m dari Desa)
Kendawangan,Natai Kuini,"Sabtu, 03 Oktober 2026 13:25:00",NASA-NOAA20,Medium,110.86865,-2.83243,False,False,False,False,True,True,Di Luar Area Pantauan (>1000m dari Desa)
Kendawangan,Natai Kuini,"Sabtu, 03 Oktober 2026 13:25:00",NASA-NOAA20,Medium,110.84039,-2.84684,False,False,False,False,True,True,Di Luar Area Pantauan (>1000m dari Desa)
Kendawangan,Pembedilan,"Sabtu, 03 Oktober 2026 13:25:00",NASA-NOAA20,Medium,110.48045,-2.83086,False,False,False,False,True,True,Di Luar Area Pantauan (>1000m dari Desa)
Kendawangan,Pembedilan,"Sabtu, 03 Oktober 2026 13:25:00",NASA-NOAA20,Medium,110.4799,-2.8272,False,False,False,False,True,True,Di Luar Area Pantauan (>1000m dari Desa)
Kendawangan,Natai Kuini,"Sabtu, 03 Oktober 2026 13:25:00",NASA-NOAA20,Medium,110.92889,-2.79486,False,False,False,True,False,True,Di Luar Area Pantauan (>1000m dari Desa)
Kendawangan,Pembedilan,"Sabtu, 03 Oktober 2026 13:25:00",NASA-NOAA20,Medium,110.4314,-2.82362,False,False,False,False,True,True,Di Luar Area Pantauan (>1000m dari Desa)
Kendawangan,Pembedilan,"Sabtu, 03 Oktober 2026 13:25:00",NASA-NOAA20,Medium,110.43564,-2.82295,False,False,False,False,True,True,Di Luar Area Pantauan (>1000m dari Desa)
Kendawangan,Pembedilan,"Sabtu, 03 Oktober 2026 13:25:00",NASA-NOAA20,Medium,110.4452,-2.79528,False,False,False,False,True,True,Di Luar Area Pantauan (>1000m dari Desa)
Kendawangan,Pembedilan,"Sabtu, 03 Oktober 2026 13:25:00",NASA-NOAA20,Medium,110.45687,-2.78601,False,False,False,False,True,True,Di Luar Area Pantauan (>1000m dari Desa)
Kendawangan,Pembedilan,"Sabtu, 03 Oktober 2026 13:25:00",NASA-NOAA20,Medium,110.44093,-2.79593,False,False,False,False,True,True,Di Luar Area Pantauan (>1000m dari Desa)
Kendawangan,Air Hitam Besar,"Sabtu, 03 Oktober 2026 13:25:00",NASA-NOAA20,Medium,110.73043,-2.81054,False,False,False,False,False,False,Di Luar Area Pantauan (>1000m dari Desa)
Kendawangan,Air Hitam Besar,"Sabtu, 03 Oktober 2026 13:25:00",NASA-NOAA20,Medium,110.72163,-2.81191,False,False,False,False,False,False,Di Luar Area Pantauan (>1000m dari Desa)
Kendawangan,Air Hitam Besar,"Sabtu, 03 Oktober 2026 13:25:00",NASA-NOAA20,Medium,110.72985,-2.80683,False,False,False,False,False,False,Di Luar Area Pantauan (>1000m dari Desa)
Kendawangan,Natai Kuini,"Sabtu, 03 Oktober 2026 13:25:00",NASA-NOAA20,Medium,110.94711,-2.82279,False,False,False,True,False,True,Di Luar Area Pantauan (>1000m dari Desa)
Kendawangan,Natai Kuini,"Sabtu, 03 Oktober 2026 13:25:00",NASA-NOAA20,Medium,110.87056,-2.83456,False,False,False,False,True,True,Di Luar Area Pantauan (>1000m dari Desa)
Kendawangan,Pembedilan,"Sabtu, 03 Oktober 2026 13:25:00",NASA-NOAA20,Medium,110.46824,-2.83652,False,False,False,False,True,True,Di Luar Area Pantauan (>1000m dari Desa)
Kendawangan,Pembedilan,"Sabtu, 03 Oktober 2026 13:25:00",NASA-NOAA20,Medium,110.47619,-2.83152,False,False,False,False,True,True,Di Luar Area Pantauan (>1000m dari Desa)
Kendawangan,Air Hitam Besar,"Sabtu, 03 Oktober 2026 13:25:00",NASA-NOAA20,Medium,110.61057,-2.78776,False,False,False,False,False,False,Di Luar Area Pantauan (>1000m dari Desa)
Kendawangan,Air Hitam Besar,"Sabtu, 03 Oktober 2026 13:25:00",NASA-NOAA20,Medium,110.61114,-2.79144,False,False,False,False,False,False,Di Luar Area Pantauan (>1000m dari Desa)
Kendawangan,Pembedilan,"Sabtu, 03 Oktober 2026 13:25:00",NASA-NOAA20,Medium,110.43654,-2.80037,False,False,False,False,True,True,Di Luar Area Pantauan (>1000m dari Desa)
Kendawangan,Pembedilan,"Sabtu, 03 Oktober 2026 13:25:00",NASA-NOAA20,Medium,110.46746,-2.80294,False,False,False,False,True,True,Di Luar Area Pantauan (>1000m dari Desa)
Kendawangan,Danau Buntar,"Sabtu, 03 Oktober 2026 13:25:00",NASA-NOAA20,Medium,110.81721,-2.68857,False,False,False,False,True,True,Di Luar Area Pantauan (>1000m dari Desa)
Kendawangan,Pembedilan,"Sabtu, 03 Oktober 2026 13:25:00",NASA-NOAA20,Medium,110.43424,-2.7521,False,False,False,False,True,True,Di Luar Area Pantauan (>1000m dari Desa)
Kendawangan,Air Tarap,"Sabtu, 03 Oktober 2026 13:25:00",NASA-NOAA20,Medium,110.84941,-2.52893,False,False,False,False,False,False,Di Luar Area Pantauan (>1000m dari Desa)
Manis Mata,Ratu Elok,"Sabtu, 03 Oktober 2026 13:25:00",NASA-NOAA20,Medium,111.03281,-2.5075,False,False,False,False,False,False,Di Luar Area Pantauan (>1000m dari Desa)
Kendawangan,Natai Kuini,"Sabtu, 03 Oktober 2026 13:25:00",NASA-NOAA20,Medium,110.70685,-2.90007,False,False,False,False,False,False,Di Luar Area Pantauan (>1000m dari Desa)
Kendawangan,Natai Kuini,"Sabtu, 03 Oktober 2026 13:25:00",NASA-NOAA20,Medium,110.85092,-2.86586,False,False,False,False,False,False,Di Luar Area Pantauan (>1000m dari Desa)
Kendawangan,Natai Kuini,"Sabtu, 03 Oktober 2026 13:25:00",NASA-NOAA20,Medium,110.74464,-2.88271,False,False,False,True,False,True,Di Luar Area Pantauan (>1000m dari Desa)
Kendawangan,Natai Kuini,"Sabtu, 03 Oktober 2026 13:25:00",NASA-NOAA20,Medium,110.8486,-2.85094,False,False,False,False,True,True,Di Luar Area Pantauan (>1000m dari Desa)
Kendawangan,Natai Kuini,"Sabtu, 03 Oktober 2026 13:25:00",NASA-NOAA20,Medium,110.68822,-2.89543,False,False,False,False,False,False,Di Luar Area Pantauan (>1000m dari Desa)
Kendawangan,Natai Kuini,"Sabtu, 03 Oktober 2026 13:25:00",NASA-NOAA20,Medium,110.83643,-2.86052,False,False,False,False,True,True,Di Luar Area Pantauan (>1000m dari Desa)
Kendawangan,Natai Kuini,"Sabtu, 03 Oktober 2026 13:25:00",NASA-NOAA20,Medium,110.74903,-2.88201,False,False,False,True,False,True,Di Luar Area Pantauan (>1000m dari Desa)
Jelai Hulu,Semantun,"Sabtu, 03 Oktober 2026 13:25:00",NASA-NOAA20,Medium,110.97531,-2.09432,False,False,False,False,False,False,Di Luar Area Pantauan (>1000m dari Desa)
Jelai Hulu,Semantun,"Sabtu, 03 Oktober 2026 13:25:00",NASA-NOAA20,Medium,110.98575,-2.10046,False,False,False,False,False,False,Di Luar Area Pantauan (>1000m dari Desa)
Jelai Hulu,Semantun,"Sabtu, 03 Oktober 2026 13:25:00",NASA-NOAA20,Medium,111.05763,-2.03166,False,False,True,False,False,True,Di Luar Area Pantauan (>1000m dari Desa)
Kendawangan,Pembedilan,"Sabtu, 03 Oktober 2026 13:25:00",NASA-NOAA20,Medium,110.46691,-2.79929,False,False,False,False,True,True,Di Luar Area Pantauan (>1000m dari Desa)
Kendawangan,Pembedilan,"Sabtu, 03 Oktober 2026 13:25:00",NASA-NOAA20,Medium,110.4445,-2.79537,False,False,False,False,True,True,Di Luar Area Pantauan (>1000m dari Desa)
Kendawangan,Pembedilan,"Sabtu, 03 Oktober 2026 13:25:00",NASA-NOAA20,Medium,110.44833,-2.78732,False,False,False,False,True,True,Di Luar Area Pantauan (>1000m dari Desa)
Jelai Hulu,Tebing Berseri,"Sabtu, 03 Oktober 2026 13:25:00",NASA-NOAA20,Medium,110.86377,-2.00351,False,False,False,False,False,False,Di Luar Area Pantauan (>1000m dari Desa)
Nanga Tayap,Tajok Kayong,"Sabtu, 03 Oktober 2026 13:25:00",NASA-NOAA20,Medium,110.60823,-1.60206,False,False,False,False,False,False,Di Luar Area Pantauan (>1000m dari Desa)
Hulu Sungai,Beginci Darat,"Sabtu, 03 Oktober 2026 13:25:00",NASA-NOAA20,Medium,111.0168,-1.23992,True,False,True,False,False,True,Prioritas 1 (Tinggi)
Hulu Sungai,Cinta Manis,"Sabtu, 03 Oktober 2026 13:25:00",NASA-NOAA20,Medium,110.81259,-1.12433,False,False,True,False,True,True,Di Luar Area Pantauan (>1000m dari Desa)
Tumbang Titi,Jelayan,"Sabtu, 03 Oktober 2026 13:25:00",NASA-NOAA20,Medium,110.63335,-1.81509,False,False,False,False,False,False,Di Luar Area Pantauan (>1000m dari Desa)
Tumbang Titi,Serengkah,"Sabtu, 03 Oktober 2026 13:25:00",NASA-NOAA20,Medium,110.70118,-1.77752,False,False,False,False,False,False,Di Luar Area Pantauan (>1000m dari Desa)
Tumbang Titi,Tanjung Maloi,"Sabtu, 03 Oktober 2026 13:25:00",NASA-NOAA20,Medium,110.67819,-1.80803,False,False,False,False,False,False,Di Luar Area Pantauan (>1000m dari Desa)
Tumbang Titi,Tanjung Maloi,"Sabtu, 03 Oktober 2026 13:25:00",NASA-NOAA20,Medium,110.68269,-1.80733,False,False,False,False,False,False,Di Luar Area Pantauan (>1000m dari Desa)
Tumbang Titi,Batu Beransak,"Sabtu, 03 Oktober 2026 13:25:00",NASA-NOAA20,Medium,110.72208,-1.79343,False,False,False,False,False,False,Di Luar Area Pantauan (>1000m dari Desa)
Tumbang Titi,Titi Baru,"Sabtu, 03 Oktober 2026 13:25:00",NASA-NOAA20,Medium,110.64512,-1.83238,False,False,False,False,False,False,Di Luar Area Pantauan (>1000m dari Desa)
Tumbang Titi,Suka Damai,"Sabtu, 03 Oktober 2026 13:25:00",NASA-NOAA20,Medium,110.6692,-1.80945,False,False,False,False,False,False,Di Luar Area Pantauan (>1000m dari Desa)
Kendawangan,Pembedilan,"Sabtu, 03 Oktober 2026 13:25:00",NASA-NOAA20,Medium,110.49009,-2.83684,False,False,False,False,True,True,Di Luar Area Pantauan (>1000m dari Desa)
Kendawangan,Pembedilan,"Sabtu, 03 Oktober 2026 13:25:00",NASA-NOAA20,Medium,110.46341,-2.83353,False,False,False,False,True,True,Di Luar Area Pantauan (>1000m dari Desa)
Kendawangan,Pembedilan,"Sabtu, 03 Oktober 2026 13:25:00",NASA-NOAA20,Medium,110.46767,-2.83286,False,False,False,False,True,True,Di Luar Area Pantauan (>1000m dari Desa)
Kendawangan,Air Hitam Besar,"Sabtu, 03 Oktober 2026 13:25:00",NASA-NOAA20,Medium,110.74194,-2.79733,False,False,False,True,False,True,Di Luar Area Pantauan (>1000m dari Desa)
Kendawangan,Pembedilan,"Sabtu, 03 Oktober 2026 13:25:00",NASA-NOAA20,Medium,110.35809,-2.85379,False,False,False,False,True,True,Di Luar Area Pantauan (>1000m dari Desa)
Kendawangan,Pembedilan,"Sabtu, 03 Oktober 2026 13:25:00",NASA-NOAA20,Medium,110.43314,-2.74479,False,False,False,False,True,True,Di Luar Area Pantauan (>1000m dari Desa)
Kendawangan,Kendawangan Kanan,"Sabtu, 03 Oktober 2026 13:25:00",NASA-NOAA20,Medium,110.24948,-2.69449,False,False,True,True,True,True,Di Luar Area Pantauan (>1000m dari Desa)
Kendawangan,Natai Kuini,"Sabtu, 03 Oktober 2026 13:25:00",NASA-NOAA20,Medium,110.83469,-2.84934,False,False,False,False,True,True,Di Luar Area Pantauan (>1000m dari Desa)
Kendawangan,Natai Kuini,"Sabtu, 03 Oktober 2026 13:25:00",NASA-NOAA20,Medium,110.82695,-2.85821,False,False,False,False,False,False,Di Luar Area Pantauan (>1000m dari Desa)
Kendawangan,Natai Kuini,"Sabtu, 03 Oktober 2026 13:25:00",NASA-NOAA20,Medium,110.70781,-2.87717,False,False,False,True,False,True,Di Luar Area Pantauan (>1000m dari Desa)
Kendawangan,Air Hitam Besar,"Sabtu, 03 Oktober 2026 13:25:00",NASA-NOAA20,Medium,110.68596,-2.88064,False,False,False,True,False,True,Di Luar Area Pantauan (>1000m dari Desa)
Kendawangan,Pembedilan,"Sabtu, 03 Oktober 2026 13:25:00",NASA-NOAA20,Medium,110.43723,-2.80024,False,False,False,False,True,True,Di Luar Area Pantauan (>1000m dari Desa)
Kendawangan,Pembedilan,"Sabtu, 03 Oktober 2026 13:25:00",NASA-NOAA20,Medium,110.36208,-2.82339,False,False,False,False,True,True,Di Luar Area Pantauan (>1000m dari Desa)
Manis Mata,Suka Ramai,"Sabtu, 03 Oktober 2026 13:25:00",NASA-NOAA20,Medium,111.09731,-2.7026,False,False,False,False,False,False,Di Luar Area Pantauan (>1000m dari Desa)
Kendawangan,Kendawangan Kanan,"Sabtu, 03 Oktober 2026 13:25:00",NASA-NOAA20,Medium,110.27517,-2.84456,False,False,False,False,True,True,Di Luar Area Pantauan (>1000m dari Desa)
Jelai Hulu,Kusik Batu Lapu,"Sabtu, 03 Oktober 2026 13:25:00",NASA-NOAA20,Medium,110.95229,-1.99735,False,False,False,False,False,False,Di Luar Area Pantauan (>1000m dari Desa)
Jelai Hulu,Kesuma Jaya,"Sabtu, 03 Oktober 2026 13:25:00",NASA-NOAA20,Medium,110.83559,-1.96121,False,False,False,False,False,False,Di Luar Area Pantauan (>1000m dari Desa)
Jelai Hulu,Pasir Mayang,"Sabtu, 03 Oktober 2026 13:25:00",NASA-NOAA20,Medium,110.79238,-1.82866,False,False,False,False,False,False,Di Luar Area Pantauan (>1000m dari Desa)
Kendawangan,Danau Buntar,"Sabtu, 03 Oktober 2026 13:25:00",NASA-NOAA20,Medium,110.92544,-2.77234,False,False,False,False,False,False,Di Luar Area Pantauan (>1000m dari Desa)
Kendawangan,Air Hitam Besar,"Sabtu, 03 Oktober 2026 13:25:00",NASA-NOAA20,Medium,110.75077,-2.79595,False,False,False,True,False,True,Di Luar Area Pantauan (>1000m dari Desa)
Kendawangan,Danau Buntar,"Sabtu, 03 Oktober 2026 13:25:00",NASA-NOAA20,Medium,110.90317,-2.54734,False,False,False,False,False,False,Di Luar Area Pantauan (>1000m dari Desa)
Kendawangan,Pembedilan,"Sabtu, 03 Oktober 2026 13:25:00",NASA-NOAA20,Medium,110.43369,-2.74845,False,False,False,False,True,True,Di Luar Area Pantauan (>1000m dari Desa)
Kendawangan,Kendawangan Kanan,"Sabtu, 03 Oktober 2026 13:25:00",NASA-NOAA20,Medium,110.23949,-2.68492,False,False,False,False,True,True,Di Luar Area Pantauan (>1000m dari Desa)
Kendawangan,Natai Kuini,"Sabtu, 03 Oktober 2026 13:25:00",NASA-NOAA20,Medium,110.85484,-2.82168,False,False,False,False,True,True,Di Luar Area Pantauan (>1000m dari Desa)
Kendawangan,Pembedilan,"Sabtu, 03 Oktober 2026 13:25:00",NASA-NOAA20,Medium,110.4521,-2.81661,False,False,False,False,True,True,Di Luar Area Pantauan (>1000m dari Desa)
Kendawangan,Pembedilan,"Sabtu, 03 Oktober 2026 13:25:00",NASA-NOAA20,Medium,110.45316,-2.79032,False,False,False,False,True,True,Di Luar Area Pantauan (>1000m dari Desa)
Kendawangan,Pembedilan,"Sabtu, 03 Oktober 2026 13:25:00",NASA-NOAA20,Medium,110.44393,-2.79172,False,False,True,False,True,True,Di Luar Area Pantauan (>1000m dari Desa)
Kendawangan,Pembedilan,"Sabtu, 03 Oktober 2026 13:25:00",NASA-NOAA20,Medium,110.45246,-2.79036,False,False,False,False,True,True,Di Luar Area Pantauan (>1000m dari Desa)
Kendawangan,Natai Kuini,"Sabtu, 03 Oktober 2026 13:25:00",NASA-NOAA20,Medium,110.8638,-2.8203,False,False,False,False,True,True,Di Luar Area Pantauan (>1000m dari Desa)
Kendawangan,Pembedilan,"Sabtu, 03 Oktober 2026 13:25:00",NASA-NOAA20,Medium,110.4489,-2.79097,False,False,False,False,True,True,Di Luar Area Pantauan (>1000m dari Desa)
Kendawangan,Danau Buntar,"Sabtu, 03 Oktober 2026 13:25:00",NASA-NOAA20,Medium,110.94982,-2.78006,False,False,False,False,False,False,Di Luar Area Pantauan (>1000m dari Desa)
Kendawangan,Natai Kuini,"Sabtu, 03 Oktober 2026 13:25:00",NASA-NOAA20,Medium,110.83807,-2.83192,False,False,False,False,True,True,Di Luar Area Pantauan (>1000m dari Desa)
Kendawangan,Pembedilan,"Sabtu, 03 Oktober 2026 13:25:00",NASA-NOAA20,Medium,110.4371,-2.80403,False,False,True,False,True,True,Di Luar Area Pantauan (>1000m dari Desa)
Kendawangan,Pembedilan,"Sabtu, 03 Oktober 2026 13:25:00",NASA-NOAA20,Medium,110.46635,-2.79563,False,False,False,False,True,True,Di Luar Area Pantauan (>1000m dari Desa)
Manis Mata,Suka Ramai,"Sabtu, 03 Oktober 2026 13:25:00",NASA-NOAA20,Medium,111.14016,-2.70354,False,False,False,False,False,False,Di Luar Area Pantauan (>1000m dari Desa)
Kendawangan,Pembedilan,"Sabtu, 03 Oktober 2026 13:25:00",NASA-NOAA20,Medium,110.4526,-2.78666,False,False,False,False,True,True,Di Luar Area Pantauan (>1000m dari Desa)
Kendawangan,Pembedilan,"Sabtu, 03 Oktober 2026 13:25:00",NASA-NOAA20,Medium,110.4351,-2.8193,False,False,False,False,True,True,Di Luar Area Pantauan (>1000m dari Desa)
Kendawangan,Pembedilan,"Sabtu, 03 Oktober 2026 13:25:00",NASA-NOAA20,Medium,110.44946,-2.79463,False,False,False,False,True,True,Di Luar Area Pantauan (>1000m dari Desa)
Kendawangan,Pembedilan,"Sabtu, 03 Oktober 2026 13:25:00",NASA-NOAA20,Medium,110.45374,-2.79397,False,False,False,False,True,True,Di Luar Area Pantauan (>1000m dari Desa)
Kendawangan,Natai Kuini,"Sabtu, 03 Oktober 2026 13:25:00",NASA-NOAA20,Medium,110.73854,-2.87228,False,False,False,True,False,True,Di Luar Area Pantauan (>1000m dari Desa)
Kendawangan,Air Hitam Besar,"Sabtu, 03 Oktober 2026 13:25:00",NASA-NOAA20,Medium,110.69032,-2.87995,False,False,False,True,False,True,Di Luar Area Pantauan (>1000m dari Desa)
Kendawangan,Pembedilan,"Sabtu, 03 Oktober 2026 13:25:00",NASA-NOAA20,Medium,110.45302,-2.79401,False,False,False,False,True,True,Di Luar Area Pantauan (>1000m dari Desa)
Kendawangan,Natai Kuini,"Sabtu, 03 Oktober 2026 13:25:00",NASA-NOAA20,Medium,110.8314,-2.8575,False,False,False,False,True,True,Di Luar Area Pantauan (>1000m dari Desa)
Kendawangan,Natai Kuini,"Sabtu, 03 Oktober 2026 13:25:00",NASA-NOAA20,Medium,110.69963,-2.88226,False,False,False,True,False,True,Di Luar Area Pantauan (>1000m dari Desa)
Kendawangan,Natai Kuini,"Sabtu, 03 Oktober 2026 13:25:00",NASA-NOAA20,Medium,110.72154,-2.87878,False,False,False,True,False,True,Di Luar Area Pantauan (>1000m dari Desa)
Kendawangan,Natai Kuini,"Sabtu, 03 Oktober 2026 13:25:00",NASA-NOAA20,Medium,110.82704,-2.84888,False,False,False,False,True,True,Di Luar Area Pantauan (>1000m dari Desa)
Kendawangan,Natai Kuini,"Sabtu, 03 Oktober 2026 13:25:00",NASA-NOAA20,Medium,110.71561,-2.89868,False,False,False,False,False,False,Di Luar Area Pantauan (>1000m dari Desa)
Nanga Tayap,Batu Mas,"Sabtu, 03 Oktober 2026 13:25:00",NASA-NOAA20,Medium,110.54667,-1.67658,False,False,False,False,False,False,Di Luar Area Pantauan (>1000m dari Desa)
Nanga Tayap,Batu Mas,"Sabtu, 03 Oktober 2026 13:25:00",NASA-NOAA20,Medium,110.55556,-1.67522,False,False,False,False,False,False,Di Luar Area Pantauan (>1000m dari Desa)
Kendawangan,Natai Kuini,"Sabtu, 03 Oktober 2026 13:25:00",NASA-NOAA20,Medium,110.82581,-2.85076,False,False,False,False,True,True,Di Luar Area Pantauan (>1000m dari Desa)
Kendawangan,Natai Kuini,"Sabtu, 03 Oktober 2026 13:25:00",NASA-NOAA20,Medium,110.95165,-2.82209,False,False,False,True,False,True,Di Luar Area Pantauan (>1000m dari Desa)
Kendawangan,Natai Kuini,"Sabtu, 03 Oktober 2026 13:25:00",NASA-NOAA20,Medium,110.83149,-2.8482,False,False,False,False,True,True,Di Luar Area Pantauan (>1000m dari Desa)
Kendawangan,Natai Kuini,"Sabtu, 03 Oktober 2026 13:25:00",NASA-NOAA20,Medium,110.83971,-2.85236,False,False,False,False,True,True,Di Luar Area Pantauan (>1000m dari Desa)
Kendawangan,Natai Kuini,"Sabtu, 03 Oktober 2026 13:25:00",NASA-NOAA20,Medium,110.70247,-2.90076,False,False,False,False,False,False,Di Luar Area Pantauan (>1000m dari Desa)
Kendawangan,Natai Kuini,"Sabtu, 03 Oktober 2026 13:25:00",NASA-NOAA20,Medium,110.71999,-2.89799,False,False,False,False,False,False,Di Luar Area Pantauan (>1000m dari Desa)
Kendawangan,Natai Kuini,"Sabtu, 03 Oktober 2026 13:25:00",NASA-NOAA20,Medium,110.71122,-2.89937,False,False,False,False,False,False,Di Luar Area Pantauan (>1000m dari Desa)
Kendawangan,Natai Kuini,"Sabtu, 03 Oktober 2026 13:25:00",NASA-NOAA20,Medium,110.70741,-2.90377,False,False,False,False,False,False,Di Luar Area Pantauan (>1000m dari Desa)
Kendawangan,Air Tarap,"Sabtu, 03 Oktober 2026 13:25:00",NASA-NOAA20,Medium,110.84435,-2.5259,False,False,False,False,False,False,Di Luar Area Pantauan (>1000m dari Desa)
Kendawangan,Danau Buntar,"Sabtu, 03 Oktober 2026 13:25:00",NASA-NOAA20,Medium,110.90258,-2.54358,False,False,False,False,False,False,Di Luar Area Pantauan (>1000m dari Desa)
Nanga Tayap,Kayung Tuhe,"Sabtu, 03 Oktober 2026 13:25:00",NASA-NOAA20,Medium,110.66108,-1.58606,False,False,False,False,False,False,Di Luar Area Pantauan (>1000m dari Desa)
Nanga Tayap,Betenung,"Sabtu, 03 Oktober 2026 13:25:00",NASA-NOAA20,Medium,110.80353,-1.54809,False,False,True,False,False,True,Di Luar Area Pantauan (>1000m dari Desa)
Nanga Tayap,Siantau Raya,"Sabtu, 03 Oktober 2026 13:25:00",NASA-NOAA20,Medium,110.54355,-1.59695,False,False,False,False,False,False,Di Luar Area Pantauan (>1000m dari Desa)
Kendawangan,Air Tarap,"Sabtu, 03 Oktober 2026 13:25:00",NASA-NOAA20,Medium,110.84999,-2.53268,False,False,False,False,False,False,Di Luar Area Pantauan (>1000m dari Desa)
Kendawangan,Pembedilan,"Sabtu, 03 Oktober 2026 13:25:00",NASA-NOAA20,Medium,110.44463,-2.79163,False,False,False,False,True,True,Di Luar Area Pantauan (>1000m dari Desa)
Kendawangan,Pembedilan,"Sabtu, 03 Oktober 2026 13:25:00",NASA-NOAA20,Medium,110.4563,-2.78235,False,False,False,False,True,True,Di Luar Area Pantauan (>1000m dari Desa)
Kendawangan,Pembedilan,"Sabtu, 03 Oktober 2026 13:25:00",NASA-NOAA20,Medium,110.4658,-2.79197,False,False,False,False,True,True,Di Luar Area Pantauan (>1000m dari Desa)
Kendawangan,Danau Buntar,"Sabtu, 03 Oktober 2026 13:25:00",NASA-NOAA20,Medium,110.89807,-2.54429,False,False,False,False,False,False,Di Luar Area Pantauan (>1000m dari Desa)
Kendawangan,Air Hitam Besar,"Sabtu, 03 Oktober 2026 13:25:00",NASA-NOAA20,Medium,110.60623,-2.78844,False,False,False,False,False,False,Di Luar Area Pantauan (>1000m dari Desa)
Kendawangan,Pembedilan,"Sabtu, 03 Oktober 2026 13:25:00",NASA-NOAA20,Medium,110.45265,-2.82026,False,False,False,False,True,True,Di Luar Area Pantauan (>1000m dari Desa)
Kendawangan,Pembedilan,"Sabtu, 03 Oktober 2026 13:25:00",NASA-NOAA20,Medium,110.46709,-2.79567,False,False,False,False,True,True,Di Luar Area Pantauan (>1000m dari Desa)
Tumbang Titi,Aur Gading,"Sabtu, 03 Oktober 2026 13:25:00",NASA-NOAA20,Medium,110.59162,-1.8009,False,False,False,False,False,False,Di Luar Area Pantauan (>1000m dari Desa)
Tumbang Titi,Serengkah,"Sabtu, 03 Oktober 2026 13:25:00",NASA-NOAA20,Medium,110.69808,-1.77703,False,False,False,False,False,False,Di Luar Area Pantauan (>1000m dari Desa)
Tumbang Titi,Aur Gading,"Sabtu, 03 Oktober 2026 13:25:00",NASA-NOAA20,Medium,110.59107,-1.79717,False,False,False,False,False,False,Di Luar Area Pantauan (>1000m dari Desa)
Nanga Tayap,Nanga Tayap,"Sabtu, 03 Oktober 2026 13:25:00",NASA-NOAA20,Medium,110.57667,-1.53288,False,False,False,False,False,False,Di Luar Area Pantauan (>1000m dari Desa)
Nanga Tayap,Betenung,"Sabtu, 03 Oktober 2026 13:25:00",NASA-NOAA20,Medium,110.79158,-1.58871,False,False,True,False,False,True,Di Luar Area Pantauan (>1000m dari Desa)
Matan Hilir Utara,Kuala Tolak,"Sabtu, 03 Oktober 2026 13:25:00",NASA-NOAA20,Medium,110.1376,-1.42501,False,False,False,True,False,True,Di Luar Area Pantauan (>1000m dari Desa)
Matan Hilir Utara,Lamon Satong,"Sabtu, 03 Oktober 2026 13:25:00",NASA-NOAA20,Medium,110.27341,-1.42626,False,False,True,False,False,True,Di Luar Area Pantauan (>1000m dari Desa)
Sandai,Penjawaan,"Sabtu, 03 Oktober 2026 13:25:00",NASA-NOAA20,Medium,110.48385,-1.33035,False,False,False,False,False,False,Di Luar Area Pantauan (>1000m dari Desa)
Matan Hilir Utara,Kuala Tolak,"Sabtu, 03 Oktober 2026 13:25:00",NASA-NOAA20,Medium,110.11431,-1.50351,False,False,True,True,False,True,Di Luar Area Pantauan (>1000m dari Desa)
Matan Hilir Utara,Lamon Satong,"Sabtu, 03 Oktober 2026 13:25:00",NASA-NOAA20,Medium,110.26966,-1.43061,False,False,True,False,False,True,Di Luar Area Pantauan (>1000m dari Desa)
Singkup,Pantai Ketikal,"Sabtu, 03 Oktober 2026 13:25:00",NASA-NOAA20,Medium,110.76621,-2.48724,False,False,False,False,False,False,Di Luar Area Pantauan (>1000m dari Desa)
Kendawangan,Pembedilan,"Sabtu, 03 Oktober 2026 13:25:00",NASA-NOAA20,Medium,110.35786,-2.82406,False,False,False,False,True,True,Di Luar Area Pantauan (>1000m dari Desa)
Kendawangan,Air Hitam Besar,"Sabtu, 03 Oktober 2026 13:25:00",NASA-NOAA20,Medium,110.75861,-2.81754,False,False,False,True,False,True,Di Luar Area Pantauan (>1000m dari Desa)
Kendawangan,Air Hitam Besar,"Sabtu, 03 Oktober 2026 13:25:00",NASA-NOAA20,Medium,110.60567,-2.78476,False,False,False,False,False,False,Di Luar Area Pantauan (>1000m dari Desa)
Kendawangan,Air Hitam Besar,"Sabtu, 03 Oktober 2026 13:25:00",NASA-NOAA20,Medium,110.74137,-2.79362,False,False,False,True,False,True,Di Luar Area Pantauan (>1000m dari Desa)
Kendawangan,Pembedilan,"Sabtu, 03 Oktober 2026 13:25:00",NASA-NOAA20,Medium,110.48101,-2.83451,False,False,False,False,True,True,Di Luar Area Pantauan (>1000m dari Desa)
Kendawangan,Natai Kuini,"Sabtu, 03 Oktober 2026 13:25:00",NASA-NOAA20,Medium,110.72964,-2.86381,False,False,False,True,False,True,Di Luar Area Pantauan (>1000m dari Desa)
Kendawangan,Natai Kuini,"Sabtu, 03 Oktober 2026 13:25:00",NASA-NOAA20,Medium,110.94769,-2.82655,False,False,False,True,False,True,Di Luar Area Pantauan (>1000m dari Desa)
Kendawangan,Pembedilan,"Sabtu, 03 Oktober 2026 13:25:00",NASA-NOAA20,Medium,110.43298,-2.80089,False,False,False,False,True,True,Di Luar Area Pantauan (>1000m dari Desa)
Kendawangan,Natai Kuini,"Sabtu, 03 Oktober 2026 13:25:00",NASA-NOAA20,Medium,110.8336,-2.8326,False,False,False,False,True,True,Di Luar Area Pantauan (>1000m dari Desa)
Kendawangan,Natai Kuini,"Sabtu, 03 Oktober 2026 13:25:00",NASA-NOAA20,Medium,110.83593,-2.84752,False,False,False,False,True,True,Di Luar Area Pantauan (>1000m dari Desa)
Kendawangan,Natai Kuini,"Sabtu, 03 Oktober 2026 13:25:00",NASA-NOAA20,Medium,110.94316,-2.82724,False,False,False,True,False,True,Di Luar Area Pantauan (>1000m dari Desa)
Kendawangan,Danau Buntar,"Sabtu, 03 Oktober 2026 13:25:00",NASA-NOAA20,Medium,110.81578,-2.73847,False,False,False,False,True,True,Di Luar Area Pantauan (>1000m dari Desa)
Sandai,Muara Jekak,"Sabtu, 03 Oktober 2026 13:25:00",NASA-NOAA20,Medium,110.55861,-1.14034,False,False,False,False,False,False,Di Luar Area Pantauan (>1000m dari Desa)
Sungai Laur,Sempurna,"Sabtu, 03 Oktober 2026 13:25:00",NASA-NOAA20,Medium,110.45337,-1.17163,False,False,False,False,False,False,Di Luar Area Pantauan (>1000m dari Desa)
Sandai,Pendamaran Indah,"Sabtu, 03 Oktober 2026 13:25:00",NASA-NOAA20,Medium,110.63238,-1.10596,False,False,False,False,False,False,Di Luar Area Pantauan (>1000m dari Desa)
Hulu Sungai,Benua Krio,"Sabtu, 03 Oktober 2026 13:25:00",NASA-NOAA20,Medium,110.73414,-1.09421,False,False,False,False,False,False,Di Luar Area Pantauan (>1000m dari Desa)
Sandai,Randau Jungkal,"Sabtu, 03 Oktober 2026 13:25:00",NASA-NOAA20,Medium,110.71558,-1.12808,False,False,False,False,False,False,Di Luar Area Pantauan (>1000m dari Desa)
Sandai,Randau Jungkal,"Sabtu, 03 Oktober 2026 13:25:00",NASA-NOAA20,Medium,110.71376,-1.12828,False,False,False,False,False,False,Di Luar Area Pantauan (>1000m dari Desa)
Kendawangan,Air Hitam Besar,"Sabtu, 03 Oktober 2026 13:25:00",NASA-NOAA20,Medium,110.73426,-2.80614,False,False,False,False,False,False,Di Luar Area Pantauan (>1000m dari Desa)
Kendawangan,Pembedilan,"Sabtu, 03 Oktober 2026 13:25:00",NASA-NOAA20,Medium,110.43533,-2.75941,False,False,False,False,True,True,Di Luar Area Pantauan (>1000m dari Desa)
Kendawangan,Natai Kuini,"Sabtu, 03 Oktober 2026 13:25:00",NASA-NOAA20,Medium,110.74294,-2.87158,False,False,False,True,False,True,Di Luar Area Pantauan (>1000m dari Desa)
Kendawangan,Natai Kuini,"Sabtu, 03 Oktober 2026 13:25:00",NASA-NOAA20,Medium,110.94617,-2.82768,False,False,False,True,False,True,Di Luar Area Pantauan (>1000m dari Desa)
Sandai,Istana,"Sabtu, 03 Oktober 2026 13:25:00",NASA-NOAA20,Medium,110.52869,-1.22655,False,False,False,False,False,False,Di Luar Area Pantauan (>1000m dari Desa)
Hulu Sungai,Cinta Manis,"Sabtu, 03 Oktober 2026 13:25:00",NASA-NOAA20,Medium,110.75818,-1.17179,False,False,False,False,False,False,Di Luar Area Pantauan (>1000m dari Desa)
Sandai,Demit,"Sabtu, 03 Oktober 2026 13:25:00",NASA-NOAA20,Medium,110.66164,-1.18677,False,False,False,False,False,False,Di Luar Area Pantauan (>1000m dari Desa)
Sandai,Randau Jungkal,"Sabtu, 03 Oktober 2026 13:25:00",NASA-NOAA20,Medium,110.696,-1.16595,False,False,False,False,False,False,Di Luar Area Pantauan (>1000m dari Desa)
Sandai,Randau Jungkal,"Sabtu, 03 Oktober 2026 13:25:00",NASA-NOAA20,Medium,110.69543,-1.16217,False,False,False,False,False,False,Di Luar Area Pantauan (>1000m dari Desa)
Sandai,Sandai Kiri,"Sabtu, 03 Oktober 2026 13:25:00",NASA-NOAA20,Medium,110.51737,-1.18234,False,False,False,False,False,False,Di Luar Area Pantauan (>1000m dari Desa)
Sungai Laur,Sempurna,"Sabtu, 03 Oktober 2026 13:25:00",NASA-NOAA20,Medium,110.45212,-1.17347,False,False,False,False,False,False,Di Luar Area Pantauan (>1000m dari Desa)
Sandai,Pendamaran Indah,"Sabtu, 03 Oktober 2026 13:25:00",NASA-NOAA20,Medium,110.6399,-1.09322,False,False,False,False,False,False,Di Luar Area Pantauan (>1000m dari Desa)
Hulu Sungai,Menyumbung,"Sabtu, 03 Oktober 2026 13:25:00",NASA-NOAA20,Medium,110.79734,-1.04161,False,False,False,False,True,True,Di Luar Area Pantauan (>1000m dari Desa)
Manis Mata,Suak Burung,"Sabtu, 03 Oktober 2026 13:25:00",NASA-NOAA20,Medium,111.02828,-2.36901,False,False,False,False,False,False,Di Luar Area Pantauan (>1000m dari Desa)
Matan Hilir Selatan,Pagar Mentimun,"Sabtu, 03 Oktober 2026 13:25:00",NASA-NOAA20,Medium,110.18151,-2.32398,False,False,False,False,False,False,Di Luar Area Pantauan (>1000m dari Desa)
Kendawangan,Natai Kuini,"Sabtu, 03 Oktober 2026 13:25:00",NASA-NOAA20,Medium,110.83981,-2.84311,False,False,False,False,True,True,Di Luar Area Pantauan (>1000m dari Desa)
Nanga Tayap,Cegolak,"Sabtu, 03 Oktober 2026 13:25:00",NASA-NOAA20,Medium,110.7373,-1.60106,False,False,True,False,False,True,Di Luar Area Pantauan (>1000m dari Desa)
Kendawangan,Natai Kuini,"Sabtu, 03 Oktober 2026 13:25:00",NASA-NOAA20,Medium,110.73357,-2.86927,False,False,False,True,False,True,Di Luar Area Pantauan (>1000m dari Desa)
Kendawangan,Natai Kuini,"Sabtu, 03 Oktober 2026 13:25:00",NASA-NOAA20,Medium,110.82639,-2.85448,False,False,False,False,True,True,Di Luar Area Pantauan (>1000m dari Desa)
Sungai Laur,Teluk Bayur,"Sabtu, 03 Oktober 2026 13:25:00",NASA-NOAA20,Medium,110.47589,-1.18119,False,False,False,False,False,False,Di Luar Area Pantauan (>1000m dari Desa)
Sungai Laur,Sempurna,"Sabtu, 03 Oktober 2026 13:25:00",NASA-NOAA20,Medium,110.44934,-1.18536,False,False,False,False,False,False,Di Luar Area Pantauan (>1000m dari Desa)
Kendawangan,Air Hitam Besar,"Sabtu, 03 Oktober 2026 13:25:00",NASA-NOAA20,Medium,110.68385,-2.89612,False,False,False,False,False,False,Di Luar Area Pantauan (>1000m dari Desa)
Jelai Hulu,Teluk Runjai,"Sabtu, 03 Oktober 2026 13:25:00",NASA-NOAA20,Medium,110.77202,-1.98331,False,False,False,False,False,False,Di Luar Area Pantauan (>1000m dari Desa)
Nanga Tayap,Betenung,"Sabtu, 03 Oktober 2026 13:25:00",NASA-NOAA20,Medium,110.86523,-1.61219,False,False,True,False,False,True,Di Luar Area Pantauan (>1000m dari Desa)
Jelai Hulu,Penyarang,"Sabtu, 03 Oktober 2026 13:25:00",NASA-NOAA20,Medium,110.9345,-2.03509,False,False,False,False,False,False,Di Luar Area Pantauan (>1000m dari Desa)
Jelai Hulu,Periangan,"Sabtu, 03 Oktober 2026 13:25:00",NASA-NOAA20,Medium,110.88258,-2.07411,False,False,False,False,False,False,Di Luar Area Pantauan (>1000m dari Desa)
Nanga Tayap,Nanga Tayap,"Sabtu, 03 Oktober 2026 13:25:00",NASA-NOAA20,Medium,110.64946,-1.46776,False,False,True,False,False,True,Di Luar Area Pantauan (>1000m dari Desa)
Sandai,Randau Jungkal,"Sabtu, 03 Oktober 2026 13:25:00",NASA-NOAA20,Medium,110.68913,-1.15154,False,False,False,False,False,False,Di Luar Area Pantauan (>1000m dari Desa)
Sungai Laur,Sempurna,"Sabtu, 03 Oktober 2026 13:25:00",NASA-NOAA20,Medium,110.44716,-1.20097,False,False,True,False,False,True,Di Luar Area Pantauan (>1000m dari Desa)
Hulu Sungai,Cinta Manis,"Sabtu, 03 Oktober 2026 13:25:00",NASA-NOAA20,Medium,110.81783,-1.12741,False,False,True,False,True,True,Di Luar Area Pantauan (>1000m dari Desa)
Sokan,Landau Kabu,"Sabtu, 03 Oktober 2026 13:25:00",NASA-NOAA20,Medium,111.49237,-1.02095,False,False,False,False,False,False,Di Luar Area Pantauan (>1000m dari Desa)
Sandai,Demit,"Sabtu, 03 Oktober 2026 13:25:00",NASA-NOAA20,Medium,110.66795,-1.16646,False,False,False,False,False,False,Di Luar Area Pantauan (>1000m dari Desa)
Pemahan,Muara Gerunggang,"Sabtu, 03 Oktober 2026 13:25:00",NASA-NOAA20,Medium,110.53777,-1.67794,False,False,False,False,False,False,Di Luar Area Pantauan (>1000m dari Desa)
Jelai Hulu,Limpang,"Sabtu, 03 Oktober 2026 13:25:00",NASA-NOAA20,Medium,110.83533,-1.89941,False,False,False,False,False,False,Di Luar Area Pantauan (>1000m dari Desa)
Sandai,Pendamaran Indah,"Sabtu, 03 Oktober 2026 13:25:00",NASA-NOAA20,Medium,110.62792,-1.07577,False,False,False,False,False,False,Di Luar Area Pantauan (>1000m dari Desa)
Hulu Sungai,Benua Krio,"Sabtu, 03 Oktober 2026 13:25:00",NASA-NOAA20,Medium,110.6926,-1.06958,False,False,True,False,False,True,Di Luar Area Pantauan (>1000m dari Desa)
Tumbang Titi,Aur Gading,"Sabtu, 03 Oktober 2026 13:25:00",NASA-NOAA20,Medium,110.59498,-1.79276,False,False,False,False,False,False,Di Luar Area Pantauan (>1000m dari Desa)
Tumbang Titi,Aur Gading,"Sabtu, 03 Oktober 2026 13:25:00",NASA-NOAA20,Medium,110.59483,-1.80207,False,False,False,False,False,False,Di Luar Area Pantauan (>1000m dari Desa)
Jelai Hulu,Karang Dangin,"Sabtu, 03 Oktober 2026 13:25:00",NASA-NOAA20,Medium,110.96605,-1.68538,False,False,True,False,False,True,Di Luar Area Pantauan (>1000m dari Desa)
Sandai,Demit,"Sabtu, 03 Oktober 2026 13:25:00",NASA-NOAA20,Medium,110.66567,-1.18228,False,False,False,False,False,False,Di Luar Area Pantauan (>1000m dari Desa)
Nanga Tayap,Betenung,"Sabtu, 03 Oktober 2026 13:25:00",NASA-NOAA20,Medium,110.80086,-1.54851,False,False,True,False,False,True,Di Luar Area Pantauan (>1000m dari Desa)
Delta Pawan,Suka Bangun Dalam,"Sabtu, 03 Oktober 2026 13:25:00",NASA-NOAA20,Medium,109.94692,-1.79577,False,False,False,False,False,False,Di Luar Area Pantauan (>1000m dari Desa)
Tumbang Titi,Titi Baru,"Sabtu, 03 Oktober 2026 13:25:00",NASA-NOAA20,Medium,110.63284,-1.84195,False,False,False,False,False,False,Di Luar Area Pantauan (>1000m dari Desa)
Jelai Hulu,Periangan,"Sabtu, 03 Oktober 2026 13:25:00",NASA-NOAA20,Medium,110.87925,-2.07459,False,False,False,False,False,False,Di Luar Area Pantauan (>1000m dari Desa)
Jelai Hulu,Periangan,"Sabtu, 03 Oktober 2026 13:25:00",NASA-NOAA20,Medium,110.87981,-2.07837,False,False,False,False,False,False,Di Luar Area Pantauan (>1000m dari Desa)
Matan Hilir Selatan,Pagar Mentimun,"Sabtu, 03 Oktober 2026 13:25:00",NASA-NOAA20,Medium,110.18095,-2.32036,False,False,False,False,False,False,Di Luar Area Pantauan (>1000m dari Desa)
Sandai,Pendamaran Indah,"Sabtu, 03 Oktober 2026 13:25:00",NASA-NOAA20,Medium,110.65475,-1.06773,False,False,False,False,False,False,Di Luar Area Pantauan (>1000m dari Desa)
Hulu Sungai,Menyumbung,"Sabtu, 03 Oktober 2026 13:25:00",NASA-NOAA20,Medium,110.79153,-1.03471,False,False,False,False,False,False,Di Luar Area Pantauan (>1000m dari Desa)
Sandai,Pendamaran Indah,"Sabtu, 03 Oktober 2026 13:25:00",NASA-NOAA20,Medium,110.65415,-1.06395,False,False,False,False,False,False,Di Luar Area Pantauan (>1000m dari Desa)
Sandai,Muara Jekak,"Sabtu, 03 Oktober 2026 13:25:00",NASA-NOAA20,Medium,110.55106,-1.19241,False,False,False,False,False,False,Di Luar Area Pantauan (>1000m dari Desa)
Jelai Hulu,Periangan,"Sabtu, 03 Oktober 2026 13:25:00",NASA-NOAA20,Medium,110.88313,-2.07789,False,False,False,False,False,False,Di Luar Area Pantauan (>1000m dari Desa)
Kendawangan,Pangkalan Batu,"Sabtu, 03 Oktober 2026 13:25:00",NASA-NOAA20,Medium,110.3626,-2.19818,False,False,False,False,False,False,Di Luar Area Pantauan (>1000m dari Desa)
Marau,Batu Payung Dua,"Sabtu, 03 Oktober 2026 13:25:00",NASA-NOAA20,Medium,110.57032,-2.06865,False,False,False,False,False,False,Di Luar Area Pantauan (>1000m dari Desa)
Jelai Hulu,Teluk Runjai,"Sabtu, 03 Oktober 2026 13:25:00",NASA-NOAA20,Medium,110.75658,-1.9618,False,False,False,False,False,False,Di Luar Area Pantauan (>1000m dari Desa)
Sandai,Pendamaran Indah,"Sabtu, 03 Oktober 2026 13:25:00",NASA-NOAA20,Medium,110.60796,-1.0673,False,False,False,False,False,False,Di Luar Area Pantauan (>1000m dari Desa)
Sandai,Randau Jungkal,"Sabtu, 03 Oktober 2026 13:25:00",NASA-NOAA20,Medium,110.68562,-1.05517,False,False,True,False,True,True,Di Luar Area Pantauan (>1000m dari Desa)
Sandai,Petai Patah,"Sabtu, 03 Oktober 2026 13:25:00",NASA-NOAA20,Medium,110.6036,-1.17268,False,False,False,False,False,False,Di Luar Area Pantauan (>1000m dari Desa)
Hulu Sungai,Menyumbung,"Sabtu, 03 Oktober 2026 13:25:00",NASA-NOAA20,Medium,110.74448,-1.03819,False,False,False,False,False,False,Di Luar Area Pantauan (>1000m dari Desa)
Nanga Tayap,Nanga Tayap,"Sabtu, 03 Oktober 2026 13:25:00",NASA-NOAA20,Medium,110.5812,-1.56279,False,False,False,False,False,False,Di Luar Area Pantauan (>1000m dari Desa)
Tumbang Titi,Aur Gading,"Sabtu, 03 Oktober 2026 13:25:00",NASA-NOAA20,Medium,110.59373,-1.7946,False,False,False,False,False,False,Di Luar Area Pantauan (>1000m dari Desa)
Sandai,Petai Patah,"Sabtu, 03 Oktober 2026 13:25:00",NASA-NOAA20,Medium,110.61552,-1.19007,False,False,False,False,False,False,Di Luar Area Pantauan (>1000m dari Desa)
Nanga Tayap,Nanga Tayap,"Sabtu, 03 Oktober 2026 13:25:00",NASA-NOAA20,Medium,110.65051,-1.46693,False,False,True,False,False,True,Di Luar Area Pantauan (>1000m dari Desa)
Sandai,Petai Patah,"Sabtu, 03 Oktober 2026 13:25:00",NASA-NOAA20,Medium,110.63483,-1.19479,False,False,False,False,False,False,Di Luar Area Pantauan (>1000m dari Desa)
Jelai Hulu,Teluk Runjai,"Sabtu, 03 Oktober 2026 13:25:00",NASA-NOAA20,Medium,110.76896,-1.98297,False,False,False,False,False,False,Di Luar Area Pantauan (>1000m dari Desa)
Nanga Tayap,Betenung,"Sabtu, 03 Oktober 2026 13:25:00",NASA-NOAA20,Medium,110.85152,-1.57933,False,False,False,False,False,False,Di Luar Area Pantauan (>1000m dari Desa)
Sandai,Merimbang Jaya,"Sabtu, 03 Oktober 2026 13:25:00",NASA-NOAA20,Medium,110.56826,-1.0812,False,False,False,False,False,False,Di Luar Area Pantauan (>1000m dari Desa)
Tumbang Titi,Aur Gading,"Sabtu, 03 Oktober 2026 13:25:00",NASA-NOAA20,Medium,110.59429,-1.79833,False,False,False,False,False,False,Di Luar Area Pantauan (>1000m dari Desa)
Hulu Sungai,Menyumbung,"Sabtu, 03 Oktober 2026 13:27:00",NASA-NOAA20,Medium,110.78506,-1.01323,False,False,False,False,False,False,Di Luar Area Pantauan (>1000m dari Desa)
Sandai,Pendamaran Indah,"Sabtu, 03 Oktober 2026 13:27:00",NASA-NOAA20,Medium,110.60963,-1.04775,False,False,False,False,False,False,Di Luar Area Pantauan (>1000m dari Desa)
Sandai,Merimbang Jaya,"Sabtu, 03 Oktober 2026 13:27:00",NASA-NOAA20,Medium,110.56149,-1.03608,False,False,False,False,False,False,Di Luar Area Pantauan (>1000m dari Desa)
Hulu Sungai,Senduruhan,"Sabtu, 03 Oktober 2026 13:27:00",NASA-NOAA20,Medium,110.74538,-0.97253,False,False,False,False,False,False,Di Luar Area Pantauan (>1000m dari Desa)
Hulu Sungai,Senduruhan,"Sabtu, 03 Oktober 2026 13:27:00",NASA-NOAA20,Medium,110.76943,-0.97272,False,False,False,False,False,False,Di Luar Area Pantauan (>1000m dari Desa)
Sungai Laur,Bayun Sari,"Sabtu, 03 Oktober 2026 13:27:00",NASA-NOAA20,Medium,110.47665,-1.01774,False,False,False,False,False,False,Di Luar Area Pantauan (>1000m dari Desa)
Sandai,Pendamaran Indah,"Sabtu, 03 Oktober 2026 13:27:00",NASA-NOAA20,Medium,110.60508,-1.04846,False,False,False,False,False,False,Di Luar Area Pantauan (>1000m dari Desa)
Hulu Sungai,Menyumbung,"Sabtu, 03 Oktober 2026 13:27:00",NASA-NOAA20,Medium,110.78408,-1.01638,False,False,False,False,False,False,Di Luar Area Pantauan (>1000m dari Desa)
Sandai,Merimbang Jaya,"Sabtu, 03 Oktober 2026 13:27:00",NASA-NOAA20,Medium,110.55861,-1.04808,False,False,False,False,False,False,Di Luar Area Pantauan (>1000m dari Desa)
Hulu Sungai,Senduruhan,"Sabtu, 03 Oktober 2026 13:27:00",NASA-NOAA20,Medium,110.77576,-1.01463,False,False,False,False,False,False,Di Luar Area Pantauan (>1000m dari Desa)
Sandai,Merimbang Jaya,"Sabtu, 03 Oktober 2026 13:27:00",NASA-NOAA20,Medium,110.55967,-1.04729,False,False,False,False,False,False,Di Luar Area Pantauan (>1000m dari Desa)
Hulu Sungai,Menyumbung,"Sabtu, 03 Oktober 2026 13:27:00",NASA-NOAA20,Medium,110.77588,-1.02547,False,False,False,False,False,False,Di Luar Area Pantauan (>1000m dari Desa)
Hulu Sungai,Menyumbung,"Sabtu, 03 Oktober 2026 13:27:00",NASA-NOAA20,Medium,110.77481,-1.01784,False,False,False,False,False,False,Di Luar Area Pantauan (>1000m dari Desa)
Sandai,Merimbang Jaya,"Sabtu, 03 Oktober 2026 13:27:00",NASA-NOAA20,Medium,110.56315,-1.04737,False,False,False,False,False,False,Di Luar Area Pantauan (>1000m dari Desa)
Sandai,Randau Jungkal,"Sabtu, 03 Oktober 2026 13:27:00",NASA-NOAA20,Medium,110.66678,-1.01562,False,False,True,False,False,True,Di Luar Area Pantauan (>1000m dari Desa)
Sandai,Merimbang Jaya,"Sabtu, 03 Oktober 2026 13:27:00",NASA-NOAA20,Medium,110.5631,-1.03908,False,False,False,False,False,False,Di Luar Area Pantauan (>1000m dari Desa)
Hulu Sungai,Menyumbung,"Sabtu, 03 Oktober 2026 13:27:00",NASA-NOAA20,Medium,110.74391,-1.03439,False,False,False,False,False,False,Di Luar Area Pantauan (>1000m dari Desa)
Tanah Pinoh,Bata Luar,"Sabtu, 03 Oktober 2026 13:27:00",NASA-NOAA20,Medium,111.46984,-0.87715,False,False,False,False,False,False,Di Luar Area Pantauan (>1000m dari Desa)
Hulu Sungai,Senduruhan,"Sabtu, 03 Oktober 2026 13:27:00",NASA-NOAA20,Medium,110.76768,-0.99248,False,False,False,False,False,False,Di Luar Area Pantauan (>1000m dari Desa)
Sandai,Merimbang Jaya,"Sabtu, 03 Oktober 2026 13:27:00",NASA-NOAA20,Medium,110.54151,-1.0193,False,False,False,False,False,False,Di Luar Area Pantauan (>1000m dari Desa)
Hulu Sungai,Menyumbung,"Sabtu, 03 Oktober 2026 13:27:00",NASA-NOAA20,Medium,110.74313,-0.98844,False,False,False,False,True,True,Di Luar Area Pantauan (>1000m dari Desa)
Hulu Sungai,Senduruhan,"Sabtu, 03 Oktober 2026 13:27:00",NASA-NOAA20,Medium,110.77584,-0.98344,False,False,False,False,False,False,Di Luar Area Pantauan (>1000m dari Desa)
Tanah Pinoh,Bata Luar,"Sabtu, 03 Oktober 2026 13:27:00",NASA-NOAA20,Medium,111.46929,-0.87315,False,False,False,False,False,False,Di Luar Area Pantauan (>1000m dari Desa)
Hulu Sungai,Senduruhan,"Sabtu, 03 Oktober 2026 13:27:00",NASA-NOAA20,Medium,110.746,-0.97633,False,False,False,False,False,False,Di Luar Area Pantauan (>1000m dari Desa)
Hulu Sungai,Senduruhan,"Sabtu, 03 Oktober 2026 13:27:00",NASA-NOAA20,Medium,110.77525,-0.97963,False,False,False,False,False,False,Di Luar Area Pantauan (>1000m dari Desa)
Hulu Sungai,Senduruhan,"Sabtu, 03 Oktober 2026 13:27:00",NASA-NOAA20,Medium,110.83129,-0.97103,False,False,False,False,False,False,Di Luar Area Pantauan (>1000m dari Desa)
Tanah Pinoh,Bata Luar,"Sabtu, 03 Oktober 2026 13:27:00",NASA-NOAA20,Medium,111.45473,-0.84686,False,False,False,False,False,False,Di Luar Area Pantauan (>1000m dari Desa)
Hulu Sungai,Krio Hulu,"Sabtu, 03 Oktober 2026 13:27:00",NASA-NOAA20,Medium,110.8746,-0.94085,False,False,True,False,False,True,Di Luar Area Pantauan (>1000m dari Desa)
Sandai,Randau Jungkal,"Sabtu, 03 Oktober 2026 13:27:00",NASA-NOAA20,Medium,110.66608,-1.0195,False,False,False,False,True,True,Di Luar Area Pantauan (>1000m dari Desa)
Hulu Sungai,Menyumbung,"Sabtu, 03 Oktober 2026 13:27:00",NASA-NOAA20,Medium,110.7804,-1.01393,False,False,False,False,False,False,Di Luar Area Pantauan (>1000m dari Desa)
Sandai,Pendamaran Indah,"Sabtu, 03 Oktober 2026 13:27:00",NASA-NOAA20,Medium,110.6238,-1.04938,False,False,False,False,False,False,Di Luar Area Pantauan (>1000m dari Desa)
Hulu Sungai,Menyumbung,"Sabtu, 03 Oktober 2026 13:27:00",NASA-NOAA20,Medium,110.77888,-1.0133,False,False,False,False,False,False,Di Luar Area Pantauan (>1000m dari Desa)
Hulu Sungai,Menyumbung,"Sabtu, 03 Oktober 2026 13:27:00",NASA-NOAA20,Medium,110.78106,-1.02855,False,False,False,False,False,False,Di Luar Area Pantauan (>1000m dari Desa)
Hulu Sungai,Menyumbung,"Sabtu, 03 Oktober 2026 13:27:00",NASA-NOAA20,Medium,110.77941,-1.01711,False,False,False,False,False,False,Di Luar Area Pantauan (>1000m dari Desa)
Hulu Sungai,Menyumbung,"Sabtu, 03 Oktober 2026 13:27:00",NASA-NOAA20,Medium,110.78352,-1.01256,False,False,False,False,False,False,Di Luar Area Pantauan (>1000m dari Desa)
Sandai,Pendamaran Indah,"Sabtu, 03 Oktober 2026 13:27:00",NASA-NOAA20,Medium,110.63524,-1.03212,False,False,False,False,False,False,Di Luar Area Pantauan (>1000m dari Desa)
Hulu Sungai,Menyumbung,"Sabtu, 03 Oktober 2026 13:27:00",NASA-NOAA20,Medium,110.74776,-1.01886,False,False,False,False,False,False,Di Luar Area Pantauan (>1000m dari Desa)
Sandai,Pendamaran Indah,"Sabtu, 03 Oktober 2026 13:27:00",NASA-NOAA20,Medium,110.63188,-1.03251,False,False,False,False,False,False,Di Luar Area Pantauan (>1000m dari Desa)
Hulu Sungai,Krio Hulu,"Sabtu, 03 Oktober 2026 13:27:00",NASA-NOAA20,Medium,110.89894,-0.82861,False,False,False,False,False,False,Di Luar Area Pantauan (>1000m dari Desa)
Serawai,Panekasan,"Sabtu, 03 Oktober 2026 13:27:00",NASA-NOAA20,Medium,112.53558,-0.51311,False,False,True,False,False,True,Di Luar Area Pantauan (>1000m dari Desa)
Simpang Dua,Batu Daya,"Sabtu, 03 Oktober 2026 13:27:00",NASA-NOAA20,Medium,110.3333,-0.97137,False,False,False,False,False,False,Di Luar Area Pantauan (>1000m dari Desa)
Simpang Dua,Batu Daya,"Sabtu, 03 Oktober 2026 13:27:00",NASA-NOAA20,Medium,110.3299,-0.96977,False,False,False,False,False,False,Di Luar Area Pantauan (>1000m dari Desa)
Sungai Laur,Mekar Harapan,"Sabtu, 03 Oktober 2026 13:27:00",NASA-NOAA20,Medium,110.43198,-0.96346,False,False,False,False,False,False,Di Luar Area Pantauan (>1000m dari Desa)
Sungai Laur,Lanjut Mekar Sari,"Sabtu, 03 Oktober 2026 13:27:00",NASA-NOAA20,Medium,110.50654,-0.9402,False,False,False,False,False,False,Di Luar Area Pantauan (>1000m dari Desa)
Sungai Laur,Lanjut Mekar Sari,"Sabtu, 03 Oktober 2026 13:27:00",NASA-NOAA20,Medium,110.50598,-0.93645,False,False,False,False,False,False,Di Luar Area Pantauan (>1000m dari Desa)
Sungai Laur,Lanjut Mekar Sari,"Sabtu, 03 Oktober 2026 13:27:00",NASA-NOAA20,Medium,110.50739,-0.93525,False,False,False,False,False,False,Di Luar Area Pantauan (>1000m dari Desa)
Sungai Laur,Lanjut Mekar Sari,"Sabtu, 03 Oktober 2026 13:27:00",NASA-NOAA20,Medium,110.50796,-0.939,False,False,False,False,False,False,Di Luar Area Pantauan (>1000m dari Desa)
Sungai Laur,Kepari,"Sabtu, 03 Oktober 2026 13:27:00",NASA-NOAA20,Medium,110.51362,-0.88434,False,False,False,False,False,False,Di Luar Area Pantauan (>1000m dari Desa)
Sungai Laur,Kepari,"Sabtu, 03 Oktober 2026 13:27:00",NASA-NOAA20,Medium,110.51417,-0.8881,False,False,False,False,False,False,Di Luar Area Pantauan (>1000m dari Desa)
Hulu Sungai,Krio Hulu,"Sabtu, 03 Oktober 2026 13:27:00",NASA-NOAA20,Medium,110.82802,-0.83958,False,False,False,False,False,False,Di Luar Area Pantauan (>1000m dari Desa)
Sungai Laur,Sinar Kuri,"Sabtu, 03 Oktober 2026 13:27:00",NASA-NOAA20,Medium,110.45831,-0.88524,False,False,False,False,False,False,Di Luar Area Pantauan (>1000m dari Desa)
Hulu Sungai,Krio Hulu,"Sabtu, 03 Oktober 2026 13:27:00",NASA-NOAA20,Medium,110.87799,-0.82006,False,False,True,False,False,True,Di Luar Area Pantauan (>1000m dari Desa)
Simpang Dua,Semandang Kanan,"Sabtu, 03 Oktober 2026 13:27:00",NASA-NOAA20,Medium,110.38307,-0.80764,False,False,False,False,False,False,Di Luar Area Pantauan (>1000m dari Desa)
Simpang Dua,Gema,"Sabtu, 03 Oktober 2026 13:27:00",NASA-NOAA20,Medium,110.39189,-0.80629,False,False,False,False,False,False,Di Luar Area Pantauan (>1000m dari Desa)
Hulu Sungai,Senduruhan,"Sabtu, 03 Oktober 2026 13:27:00",NASA-NOAA20,Medium,110.77635,-0.95605,False,False,False,False,False,False,Di Luar Area Pantauan (>1000m dari Desa)
Simpang Dua,Semandang Kanan,"Sabtu, 03 Oktober 2026 13:27:00",NASA-NOAA20,Medium,110.34849,-0.85276,False,False,False,False,False,False,Di Luar Area Pantauan (>1000m dari Desa)
Sungai Laur,Teluk Mutiara,"Sabtu, 03 Oktober 2026 13:27:00",NASA-NOAA20,Medium,110.44766,-0.84474,False,False,False,False,False,False,Di Luar Area Pantauan (>1000m dari Desa)
Simpang Dua,Kampar Sebomban,"Sabtu, 03 Oktober 2026 13:27:00",NASA-NOAA20,Medium,110.28722,-0.87004,False,False,False,False,True,True,Di Luar Area Pantauan (>1000m dari Desa)
Simpang Dua,Gema,"Sabtu, 03 Oktober 2026 13:27:00",NASA-NOAA20,Medium,110.38524,-0.82259,False,False,False,False,False,False,Di Luar Area Pantauan (>1000m dari Desa)
Simpang Dua,Gema,"Sabtu, 03 Oktober 2026 13:27:00",NASA-NOAA20,Medium,110.39976,-0.82801,False,False,False,False,False,False,Di Luar Area Pantauan (>1000m dari Desa)
Simpang Dua,Semandang Kanan,"Sabtu, 03 Oktober 2026 13:27:00",NASA-NOAA20,Medium,110.34904,-0.85479,False,False,False,False,False,False,Di Luar Area Pantauan (>1000m dari Desa)
Simpang Dua,Gema,"Sabtu, 03 Oktober 2026 13:27:00",NASA-NOAA20,Medium,110.41376,-0.8297,False,False,False,False,False,False,Di Luar Area Pantauan (>1000m dari Desa)
Sungai Laur,Teluk Mutiara,"Sabtu, 03 Oktober 2026 13:27:00",NASA-NOAA20,Medium,110.44341,-0.84433,False,False,False,False,False,False,Di Luar Area Pantauan (>1000m dari Desa)
Serawai,Panekasan,"Sabtu, 03 Oktober 2026 13:27:00",NASA-NOAA20,Medium,112.53437,-0.51096,False,False,True,False,False,True,Di Luar Area Pantauan (>1000m dari Desa)
Pinoh Selatan,Nanga Pintas,"Sabtu, 03 Oktober 2026 13:27:00",NASA-NOAA20,Medium,111.78513,-0.61241,False,False,False,False,False,False,Di Luar Area Pantauan (>1000m dari Desa)
Simpang Dua,Semandang Kanan,"Sabtu, 03 Oktober 2026 13:27:00",NASA-NOAA20,Medium,110.34635,-0.80567,False,False,False,False,False,False,Di Luar Area Pantauan (>1000m dari Desa)
Simpang Dua,Semandang Kanan,"Sabtu, 03 Oktober 2026 13:27:00",NASA-NOAA20,Medium,110.35081,-0.80499,False,False,False,False,False,False,Di Luar Area Pantauan (>1000m dari Desa)
Simpang Dua,Semandang Kanan,"Sabtu, 03 Oktober 2026 13:27:00",NASA-NOAA20,Medium,110.35023,-0.80126,False,False,False,False,False,False,Di Luar Area Pantauan (>1000m dari Desa)
Simpang Dua,Semandang Kanan,"Sabtu, 03 Oktober 2026 13:27:00",NASA-NOAA20,Medium,110.34687,-0.8094,False,False,False,False,False,False,Di Luar Area Pantauan (>1000m dari Desa)
Simpang Dua,Semandang Kanan,"Sabtu, 03 Oktober 2026 13:27:00",NASA-NOAA20,Medium,110.31609,-0.81795,False,False,False,False,False,False,Di Luar Area Pantauan (>1000m dari Desa)
Hulu Sungai,Senduruhan,"Sabtu, 03 Oktober 2026 13:27:00",NASA-NOAA20,Medium,110.70367,-0.94788,False,False,True,False,False,True,Di Luar Area Pantauan (>1000m dari Desa)
Hulu Sungai,Senduruhan,"Sabtu, 03 Oktober 2026 13:27:00",NASA-NOAA20,Medium,110.76879,-0.96892,False,False,False,False,False,False,Di Luar Area Pantauan (>1000m dari Desa)
Sungai Laur,Bengaras,"Sabtu, 03 Oktober 2026 13:27:00",NASA-NOAA20,Medium,110.4908,-0.95804,False,False,False,False,False,False,Di Luar Area Pantauan (>1000m dari Desa)
Hulu Sungai,Krio Hulu,"Sabtu, 03 Oktober 2026 13:27:00",NASA-NOAA20,Medium,110.88618,-0.87384,False,False,False,False,False,False,Di Luar Area Pantauan (>1000m dari Desa)
Hulu Sungai,Krio Hulu,"Sabtu, 03 Oktober 2026 13:27:00",NASA-NOAA20,Medium,110.84908,-0.85202,False,False,False,False,False,False,Di Luar Area Pantauan (>1000m dari Desa)
Hulu Sungai,Krio Hulu,"Sabtu, 03 Oktober 2026 13:27:00",NASA-NOAA20,Medium,110.8339,-0.84651,False,False,False,False,False,False,Di Luar Area Pantauan (>1000m dari Desa)
Sungai Laur,Mekar Harapan,"Sabtu, 03 Oktober 2026 13:27:00",NASA-NOAA20,Medium,110.44436,-0.98446,False,False,False,False,False,False,Di Luar Area Pantauan (>1000m dari Desa)
Simpang Dua,Gema,"Sabtu, 03 Oktober 2026 13:27:00",NASA-NOAA20,Medium,110.42065,-0.87961,False,False,False,False,False,False,Di Luar Area Pantauan (>1000m dari Desa)
Simpang Dua,Gema,"Sabtu, 03 Oktober 2026 13:27:00",NASA-NOAA20,Medium,110.38417,-0.81511,False,False,False,False,False,False,Di Luar Area Pantauan (>1000m dari Desa)
Hulu Sungai,Krio Hulu,"Sabtu, 03 Oktober 2026 13:27:00",NASA-NOAA20,Medium,110.84811,-0.81292,False,False,False,False,False,False,Di Luar Area Pantauan (>1000m dari Desa)
Simpang Dua,Gema,"Sabtu, 03 Oktober 2026 13:27:00",NASA-NOAA20,Medium,110.38795,-0.84126,False,False,False,False,False,False,Di Luar Area Pantauan (>1000m dari Desa)
Simpang Dua,Semandang Kanan,"Sabtu, 03 Oktober 2026 13:27:00",NASA-NOAA20,Medium,110.34579,-0.80195,False,False,False,False,False,False,Di Luar Area Pantauan (>1000m dari Desa)
Simpang Dua,Mekar Raya,"Sabtu, 03 Oktober 2026 13:27:00",NASA-NOAA20,Medium,110.32623,-0.88671,False,False,False,False,False,False,Di Luar Area Pantauan (>1000m dari Desa)
Sayan,Karangan Purun,"Sabtu, 03 Oktober 2026 13:27:00",NASA-NOAA20,Medium,111.67207,-0.66326,False,False,True,False,False,True,Di Luar Area Pantauan (>1000m dari Desa)
Sayan,Karangan Purun,"Sabtu, 03 Oktober 2026 13:27:00",NASA-NOAA20,Medium,111.67166,-0.65917,False,False,False,False,False,False,Di Luar Area Pantauan (>1000m dari Desa)
Simpang Dua,Semandang Kanan,"Sabtu, 03 Oktober 2026 13:27:00",NASA-NOAA20,Medium,110.37472,-0.81275,False,False,False,False,False,False,Di Luar Area Pantauan (>1000m dari Desa)
Simpang Dua,Gema,"Sabtu, 03 Oktober 2026 13:27:00",NASA-NOAA20,Medium,110.41591,-0.81407,False,False,False,False,False,False,Di Luar Area Pantauan (>1000m dari Desa)
Hulu Sungai,Krio Hulu,"Sabtu, 03 Oktober 2026 13:27:00",NASA-NOAA20,Medium,110.86054,-0.79919,False,False,False,False,False,False,Di Luar Area Pantauan (>1000m dari Desa)
Simpang Dua,Mekar Raya,"Sabtu, 03 Oktober 2026 13:27:00",NASA-NOAA20,Medium,110.32903,-0.87486,False,False,False,False,False,False,Di Luar Area Pantauan (>1000m dari Desa)
Simpang Dua,Mekar Raya,"Sabtu, 03 Oktober 2026 13:27:00",NASA-NOAA20,Medium,110.32398,-0.87185,False,False,False,False,False,False,Di Luar Area Pantauan (>1000m dari Desa)
Simpang Dua,Mekar Raya,"Sabtu, 03 Oktober 2026 13:27:00",NASA-NOAA20,Medium,110.32455,-0.87557,False,False,False,False,False,False,Di Luar Area Pantauan (>1000m dari Desa)
Simpang Dua,Semandang Kanan,"Sabtu, 03 Oktober 2026 13:27:00",NASA-NOAA20,Medium,110.35238,-0.81618,False,False,False,False,False,False,Di Luar Area Pantauan (>1000m dari Desa)
Simpang Dua,Semandang Kanan,"Sabtu, 03 Oktober 2026 13:27:00",NASA-NOAA20,Medium,110.38076,-0.79272,False,False,False,False,False,False,Di Luar Area Pantauan (>1000m dari Desa)
Serawai,Teluk Harapan,"Sabtu, 03 Oktober 2026 13:27:00",NASA-NOAA20,Medium,112.43748,-0.46882,False,False,False,False,False,False,Di Luar Area Pantauan (>1000m dari Desa)
Simpang Dua,Semandang Kanan,"Sabtu, 03 Oktober 2026 13:27:00",NASA-NOAA20,Medium,110.34968,-0.79753,False,False,False,False,False,False,Di Luar Area Pantauan (>1000m dari Desa)
Simpang Dua,Semandang Kanan,"Sabtu, 03 Oktober 2026 13:27:00",NASA-NOAA20,Medium,110.38019,-0.78899,False,False,False,False,False,False,Di Luar Area Pantauan (>1000m dari Desa)
Sungai Laur,Sinar Kuri,"Sabtu, 03 Oktober 2026 13:27:00",NASA-NOAA20,Medium,110.44814,-0.87916,False,False,False,False,False,False,Di Luar Area Pantauan (>1000m dari Desa)
Ella Hilir,Kerangan Kora,"Sabtu, 03 Oktober 2026 13:27:00",NASA-NOAA20,Medium,112.10583,-0.6458,False,False,False,False,True,True,Di Luar Area Pantauan (>1000m dari Desa)
Simpang Dua,Gema,"Sabtu, 03 Oktober 2026 13:27:00",NASA-NOAA20,Medium,110.41799,-0.92207,False,False,False,False,True,True,Di Luar Area Pantauan (>1000m dari Desa)
Ella Hilir,Kerangan Kora,"Sabtu, 03 Oktober 2026 13:27:00",NASA-NOAA20,Medium,112.10965,-0.6452,False,False,False,False,True,True,Di Luar Area Pantauan (>1000m dari Desa)
Hulu Sungai,Sunge Bengaras,"Sabtu, 03 Oktober 2026 13:27:00",NASA-NOAA20,Medium,110.79603,-0.85235,False,False,False,False,False,False,Di Luar Area Pantauan (>1000m dari Desa)
Simpang Dua,Gema,"Sabtu, 03 Oktober 2026 13:27:00",NASA-NOAA20,Medium,110.42156,-0.85146,False,False,False,False,False,False,Di Luar Area Pantauan (>1000m dari Desa)
Nanga Mahap,Landau Apin,"Sabtu, 03 Oktober 2026 13:27:00",NASA-NOAA20,Medium,110.69576,-0.58082,False,False,False,False,False,False,Di Luar Area Pantauan (>1000m dari Desa)
Ambalau,Nanga Kemangai,"Sabtu, 03 Oktober 2026 13:27:00",NASA-NOAA20,Medium,112.73095,-0.2655,False,False,False,False,False,False,Di Luar Area Pantauan (>1000m dari Desa)
Serawai,Pagar Lebata,"Sabtu, 03 Oktober 2026 13:27:00",NASA-NOAA20,Medium,112.5423,-0.24946,False,False,False,False,False,False,Di Luar Area Pantauan (>1000m dari Desa)
Menukung,Nanga Keruap,"Sabtu, 03 Oktober 2026 13:27:00",NASA-NOAA20,Medium,112.12712,-0.40039,False,False,False,False,False,False,Di Luar Area Pantauan (>1000m dari Desa)
Nanga Mahap,Landau Apin,"Sabtu, 03 Oktober 2026 13:27:00",NASA-NOAA20,Medium,110.69733,-0.58152,False,False,False,False,False,False,Di Luar Area Pantauan (>1000m dari Desa)
Ambalau,Nanga Kemangai,"Sabtu, 03 Oktober 2026 13:27:00",NASA-NOAA20,Medium,112.73121,-0.26501,False,False,False,False,False,False,Di Luar Area Pantauan (>1000m dari Desa)
Ambalau,Nanga Kemangai,"Sabtu, 03 Oktober 2026 13:27:00",NASA-NOAA20,Medium,112.71262,-0.24993,False,False,False,False,False,False,Di Luar Area Pantauan (>1000m dari Desa)
Kayan Hulu,Kerapuk Jaya,"Sabtu, 03 Oktober 2026 13:27:00",NASA-NOAA20,Medium,112.22623,-0.03,False,False,False,False,False,False,Di Luar Area Pantauan (>1000m dari Desa)
Terentang,Betuah,"Sabtu, 03 Oktober 2026 13:27:00",NASA-NOAA20,Medium,109.95065,-0.30549,False,False,False,False,False,False,Di Luar Area Pantauan (>1000m dari Desa)
Kayan Hulu,Riam Muntik,"Sabtu, 03 Oktober 2026 13:27:00",NASA-NOAA20,Medium,112.31692,0.0095,False,False,False,False,False,False,Di Luar Area Pantauan (>1000m dari Desa)
Kayan Hulu,Kerapuk Jaya,"Sabtu, 03 Oktober 2026 13:27:00",NASA-NOAA20,Medium,112.22571,-0.03043,False,False,False,False,False,False,Di Luar Area Pantauan (>1000m dari Desa)
Tempunak,Pangkal Baru,"Sabtu, 03 Oktober 2026 13:27:00",NASA-NOAA20,Medium,111.31377,-0.16351,False,False,False,False,False,False,Di Luar Area Pantauan (>1000m dari Desa)
Kayan Hulu,Kerapuk Jaya,"Sabtu, 03 Oktober 2026 13:27:00",NASA-NOAA20,Medium,112.21399,-0.00616,False,False,False,False,False,False,Di Luar Area Pantauan (>1000m dari Desa)
Sungai Tebelian,Sungai Ukoi,"Sabtu, 03 Oktober 2026 13:27:00",NASA-NOAA20,Medium,111.45,-0.03488,False,False,False,False,False,False,Di Luar Area Pantauan (>1000m dari Desa)
Sekadau Hilir,Semabi,"Sabtu, 03 Oktober 2026 13:27:00",NASA-NOAA20,Medium,110.87901,0.09492,False,False,False,False,False,False,Di Luar Area Pantauan (>1000m dari Desa)
Sungai Kakap,Punggur Kapuas,"Sabtu, 03 Oktober 2026 13:27:00",NASA-NOAA20,Medium,109.19814,-0.1649,False,False,False,False,False,False,Di Luar Area Pantauan (>1000m dari Desa)
Sekadau Hilir,Semabi,"Sabtu, 03 Oktober 2026 13:27:00",NASA-NOAA20,Medium,110.88074,0.0959,False,False,False,False,False,False,Di Luar Area Pantauan (>1000m dari Desa)
Kapuas,Penyeladi,"Sabtu, 03 Oktober 2026 13:27:00",NASA-NOAA20,Medium,110.71098,0.0743,False,False,False,False,False,False,Di Luar Area Pantauan (>1000m dari Desa)
Parindu,Palem Jaya,"Sabtu, 03 Oktober 2026 13:27:00",NASA-NOAA20,Medium,110.39528,0.21253,False,False,False,False,False,False,Di Luar Area Pantauan (>1000m dari Desa)
Menukung,Nusa Poring,"Sabtu, 03 Oktober 2026 13:27:00",NASA-NOAA20,Medium,112.32945,-0.48135,False,False,False,False,False,False,Di Luar Area Pantauan (>1000m dari Desa)
Kapuas,Penyeladi,"Sabtu, 03 Oktober 2026 13:27:00",NASA-NOAA20,Medium,110.70965,0.0722,False,False,False,False,False,False,Di Luar Area Pantauan (>1000m dari Desa)
Serawai,Buntut Ponte,"Sabtu, 03 Oktober 2026 13:27:00",NASA-NOAA20,Medium,112.51968,-0.37862,False,False,False,False,False,False,Di Luar Area Pantauan (>1000m dari Desa)
Pinoh Utara,Melawi Kiri Hilir,"Sabtu, 03 Oktober 2026 13:27:00",NASA-NOAA20,Medium,111.71623,-0.30661,False,False,False,True,False,True,Di Luar Area Pantauan (>1000m dari Desa)
Kayan Hulu,Riam Muntik,"Sabtu, 03 Oktober 2026 13:27:00",NASA-NOAA20,Medium,112.31376,0.00465,False,False,False,False,False,False,Di Luar Area Pantauan (>1000m dari Desa)
Tempunak,Suka Jaya,"Sabtu, 03 Oktober 2026 13:27:00",NASA-NOAA20,Medium,111.38635,-0.04036,False,False,False,False,False,False,Di Luar Area Pantauan (>1000m dari Desa)
Serawai,Muara Kota,"Sabtu, 03 Oktober 2026 13:27:00",NASA-NOAA20,Medium,112.42118,-0.24629,False,False,False,False,False,False,Di Luar Area Pantauan (>1000m dari Desa)
Ambalau,Nanga Ambalau,"Sabtu, 03 Oktober 2026 13:27:00",NASA-NOAA20,Medium,112.75005,-0.21278,False,False,False,False,False,False,Di Luar Area Pantauan (>1000m dari Desa)
Serawai,Buntut Ponte,"Sabtu, 03 Oktober 2026 13:27:00",NASA-NOAA20,Medium,112.52381,-0.37798,False,False,False,False,False,False,Di Luar Area Pantauan (>1000m dari Desa)
Simpang Dua,Semandang Kanan,"Sabtu, 03 Oktober 2026 13:27:00",NASA-NOAA20,Medium,110.30376,-0.79323,False,False,False,False,False,False,Di Luar Area Pantauan (>1000m dari Desa)
Belitang Hulu,Bukitrambat,"Sabtu, 03 Oktober 2026 13:27:00",NASA-NOAA20,Medium,111.18449,0.58661,False,False,False,False,False,False,Di Luar Area Pantauan (>1000m dari Desa)
Menjalin,Sepahat,"Sabtu, 03 Oktober 2026 13:27:00",NASA-NOAA20,Medium,109.35245,0.46659,False,False,False,False,False,False,Di Luar Area Pantauan (>1000m dari Desa)
Sungai Tebelian,Sungai Ukoi,"Sabtu, 03 Oktober 2026 13:27:00",NASA-NOAA20,Medium,111.4511,-0.03567,False,False,False,False,False,False,Di Luar Area Pantauan (>1000m dari Desa)
Sekadau Hilir,Bokak Sebumbun,"Sabtu, 03 Oktober 2026 13:27:00",NASA-NOAA20,Medium,110.97633,-0.00226,False,False,False,False,False,False,Di Luar Area Pantauan (>1000m dari Desa)
Sekadau Hilir,Sungai Kunyit,"Sabtu, 03 Oktober 2026 13:27:00",NASA-NOAA20,Medium,110.75728,0.04809,False,False,False,False,False,False,Di Luar Area Pantauan (>1000m dari Desa)
Toba,Lumut,"Sabtu, 03 Oktober 2026 13:27:00",NASA-NOAA20,Medium,110.04613,-0.171,False,False,False,False,False,False,Di Luar Area Pantauan (>1000m dari Desa)
Sekadau Hilir,Seraras,"Sabtu, 03 Oktober 2026 13:27:00",NASA-NOAA20,Medium,110.97935,0.06263,False,False,False,False,False,False,Di Luar Area Pantauan (>1000m dari Desa)
Sekadau Hilir,Bokak Sebumbun,"Sabtu, 03 Oktober 2026 13:27:00",NASA-NOAA20,Medium,110.97871,-0.00152,False,False,False,False,False,False,Di Luar Area Pantauan (>1000m dari Desa)
Simpang Hulu,Kualan Hilir,"Sabtu, 03 Oktober 2026 13:27:00",NASA-NOAA20,Medium,110.22675,-0.56546,False,False,False,False,False,False,Di Luar Area Pantauan (>1000m dari Desa)
Kayan Hulu,Nanga Tebidah,"Sabtu, 03 Oktober 2026 13:27:00",NASA-NOAA20,Medium,112.08364,-0.13849,False,False,False,False,False,False,Di Luar Area Pantauan (>1000m dari Desa)
Sungai Tebelian,Penjernang,"Sabtu, 03 Oktober 2026 00:24:00",NASA-SNPP,Medium,111.43545,-0.32814,False,False,False,False,False,False,Di Luar Area Pantauan (>1000m dari Desa)
Matan Hilir Utara,Lamon Satong,"Sabtu, 03 Oktober 2026 00:26:00",NASA-SNPP,Medium,110.26293,-1.42512,False,False,False,False,False,False,Di Luar Area Pantauan (>1000m dari Desa)
Kendawangan,Natai Kuini,"Sabtu, 03 Oktober 2026 00:26:00",NASA-SNPP,Medium,110.94601,-2.82331,False,False,False,True,False,True,Di Luar Area Pantauan (>1000m dari Desa)
Manis Mata,Seguling,"Sabtu, 03 Oktober 2026 00:26:00",NASA-SNPP,Medium,111.08843,-2.64735,False,False,False,True,False,True,Di Luar Area Pantauan (>1000m dari Desa)
Kendawangan,Natai Kuini,"Sabtu, 03 Oktober 2026 00:26:00",NASA-SNPP,Medium,110.69402,-2.88696,False,False,False,True,False,True,Di Luar Area Pantauan (>1000m dari Desa)
Kendawangan,Natai Kuini,"Sabtu, 03 Oktober 2026 00:26:00",NASA-SNPP,Medium,110.71921,-2.8978,False,False,False,False,False,False,Di Luar Area Pantauan (>1000m dari Desa)
Kendawangan,Air Hitam Besar,"Sabtu, 03 Oktober 2026 00:26:00",NASA-SNPP,Medium,110.68114,-2.89805,False,False,False,False,False,False,Di Luar Area Pantauan (>1000m dari Desa)
Kendawangan,Natai Kuini,"Sabtu, 03 Oktober 2026 00:26:00",NASA-SNPP,Medium,110.74015,-2.87567,False,False,False,True,False,True,Di Luar Area Pantauan (>1000m dari Desa)
Kendawangan,Natai Kuini,"Sabtu, 03 Oktober 2026 00:26:00",NASA-SNPP,Medium,110.83607,-2.84511,False,False,False,False,True,True,Di Luar Area Pantauan (>1000m dari Desa)
Kendawangan,Natai Kuini,"Sabtu, 03 Oktober 2026 00:26:00",NASA-SNPP,Medium,110.81814,-2.85519,False,False,False,False,False,False,Di Luar Area Pantauan (>1000m dari Desa)
Kendawangan,Natai Kuini,"Sabtu, 03 Oktober 2026 00:26:00",NASA-SNPP,Medium,110.83765,-2.86509,False,False,False,False,False,False,Di Luar Area Pantauan (>1000m dari Desa)
Kendawangan,Natai Kuini,"Sabtu, 03 Oktober 2026 00:26:00",NASA-SNPP,Medium,110.6884,-2.89307,False,False,False,False,False,False,Di Luar Area Pantauan (>1000m dari Desa)
Kendawangan,Natai Kuini,"Sabtu, 03 Oktober 2026 00:26:00",NASA-SNPP,Medium,110.68727,-2.89951,False,False,False,False,False,False,Di Luar Area Pantauan (>1000m dari Desa)
Kendawangan,Air Hitam Besar,"Sabtu, 03 Oktober 2026 00:26:00",NASA-SNPP,Medium,110.682,-2.89859,False,False,False,False,False,False,Di Luar Area Pantauan (>1000m dari Desa)
Kendawangan,Natai Kuini,"Sabtu, 03 Oktober 2026 00:26:00",NASA-SNPP,Medium,110.83136,-2.87058,False,False,False,False,False,False,Di Luar Area Pantauan (>1000m dari Desa)
Kendawangan,Natai Kuini,"Sabtu, 03 Oktober 2026 00:26:00",NASA-SNPP,Medium,110.8285,-2.85696,False,False,False,False,True,True,Di Luar Area Pantauan (>1000m dari Desa)
Kendawangan,Air Hitam Besar,"Sabtu, 03 Oktober 2026 00:26:00",NASA-SNPP,Medium,110.68537,-2.87929,False,False,False,True,False,True,Di Luar Area Pantauan (>1000m dari Desa)
Kendawangan,Natai Kuini,"Sabtu, 03 Oktober 2026 00:26:00",NASA-SNPP,Medium,110.70947,-2.89675,False,False,False,False,False,False,Di Luar Area Pantauan (>1000m dari Desa)
Kendawangan,Natai Kuini,"Sabtu, 03 Oktober 2026 00:26:00",NASA-SNPP,Medium,110.69895,-2.89491,False,False,False,False,False,False,Di Luar Area Pantauan (>1000m dari Desa)
Kendawangan,Air Hitam Besar,"Sabtu, 03 Oktober 2026 00:26:00",NASA-SNPP,Medium,110.68426,-2.88572,False,False,False,True,False,True,Di Luar Area Pantauan (>1000m dari Desa)
Kendawangan,Bangkal Serai,"Sabtu, 03 Oktober 2026 00:26:00",NASA-SNPP,Medium,110.6255,-2.57069,False,False,False,False,False,False,Di Luar Area Pantauan (>1000m dari Desa)
Kendawangan,Natai Kuini,"Sabtu, 03 Oktober 2026 00:26:00",NASA-SNPP,Medium,110.69701,-2.9007,False,False,False,False,False,False,Di Luar Area Pantauan (>1000m dari Desa)
Kendawangan,Natai Kuini,"Sabtu, 03 Oktober 2026 00:26:00",NASA-SNPP,Medium,110.69815,-2.89427,False,False,False,False,False,False,Di Luar Area Pantauan (>1000m dari Desa)
Marau,Randai,"Sabtu, 03 Oktober 2026 00:26:00",NASA-SNPP,Medium,110.48542,-2.07534,False,False,False,False,False,False,Di Luar Area Pantauan (>1000m dari Desa)
Kendawangan,Natai Kuini,"Sabtu, 03 Oktober 2026 00:26:00",NASA-SNPP,Medium,110.69783,-2.90134,False,False,False,False,False,False,Di Luar Area Pantauan (>1000m dari Desa)
Kendawangan,Air Hitam Besar,"Sabtu, 03 Oktober 2026 00:26:00",NASA-SNPP,Medium,110.68312,-2.89215,False,False,False,False,False,False,Di Luar Area Pantauan (>1000m dari Desa)
Kendawangan,Natai Kuini,"Sabtu, 03 Oktober 2026 00:26:00",NASA-SNPP,Medium,110.82966,-2.85058,False,False,False,False,True,True,Di Luar Area Pantauan (>1000m dari Desa)
Kendawangan,Natai Kuini,"Sabtu, 03 Oktober 2026 00:26:00",NASA-SNPP,Medium,110.84283,-2.86597,False,False,False,False,False,False,Di Luar Area Pantauan (>1000m dari Desa)
Kendawangan,Natai Kuini,"Sabtu, 03 Oktober 2026 00:26:00",NASA-SNPP,Medium,110.73953,-2.87478,False,False,False,True,False,True,Di Luar Area Pantauan (>1000m dari Desa)
Kendawangan,Natai Kuini,"Sabtu, 03 Oktober 2026 00:26:00",NASA-SNPP,Medium,110.71395,-2.89692,False,False,False,False,False,False,Di Luar Area Pantauan (>1000m dari Desa)
Matan Hilir Utara,Lamon Satong,"Sabtu, 03 Oktober 2026 00:26:00",NASA-SNPP,Medium,110.26878,-1.42612,False,False,True,False,False,True,Di Luar Area Pantauan (>1000m dari Desa)
Matan Hilir Utara,Lamon Satong,"Sabtu, 03 Oktober 2026 00:26:00",NASA-SNPP,Medium,110.26302,-1.42352,False,False,False,False,False,False,Di Luar Area Pantauan (>1000m dari Desa)
Matan Hilir Utara,Lamon Satong,"Sabtu, 03 Oktober 2026 00:26:00",NASA-SNPP,Medium,110.2746,-1.42711,False,False,True,False,False,True,Di Luar Area Pantauan (>1000m dari Desa)
Matan Hilir Utara,Lamon Satong,"Sabtu, 03 Oktober 2026 00:26:00",NASA-SNPP,Medium,110.27474,-1.42544,False,False,True,False,False,True,Di Luar Area Pantauan (>1000m dari Desa)
Matan Hilir Utara,Lamon Satong,"Sabtu, 03 Oktober 2026 00:26:00",NASA-SNPP,Medium,110.26452,-1.41845,False,False,False,False,False,False,Di Luar Area Pantauan (>1000m dari Desa)
Hulu Sungai,Benua Krio,"Sabtu, 03 Oktober 2026 00:26:00",NASA-SNPP,Medium,110.73123,-1.11004,False,False,False,False,False,False,Di Luar Area Pantauan (>1000m dari Desa)
Matan Hilir Utara,Lamon Satong,"Sabtu, 03 Oktober 2026 00:26:00",NASA-SNPP,Medium,110.27041,-1.4178,False,False,True,False,False,True,Di Luar Area Pantauan (>1000m dari Desa)
Kendawangan,Natai Kuini,"Sabtu, 03 Oktober 2026 00:26:00",NASA-SNPP,Medium,110.68758,-2.8925,False,False,False,False,False,False,Di Luar Area Pantauan (>1000m dari Desa)
Kendawangan,Natai Kuini,"Sabtu, 03 Oktober 2026 00:26:00",NASA-SNPP,Medium,110.83365,-2.85784,False,False,False,False,True,True,Di Luar Area Pantauan (>1000m dari Desa)
Matan Hilir Utara,Lamon Satong,"Sabtu, 03 Oktober 2026 00:26:00",NASA-SNPP,Medium,110.2689,-1.42448,False,False,True,False,False,True,Di Luar Area Pantauan (>1000m dari Desa)
Kendawangan,Natai Kuini,"Sabtu, 03 Oktober 2026 00:26:00",NASA-SNPP,Medium,110.70228,-2.90158,False,False,False,False,False,False,Di Luar Area Pantauan (>1000m dari Desa)
Kendawangan,Natai Kuini,"Sabtu, 03 Oktober 2026 00:26:00",NASA-SNPP,Medium,110.84919,-2.86049,False,False,False,False,True,True,Di Luar Area Pantauan (>1000m dari Desa)
Kendawangan,Natai Kuini,"Sabtu, 03 Oktober 2026 00:26:00",NASA-SNPP,Medium,110.82332,-2.85607,False,False,False,False,False,False,Di Luar Area Pantauan (>1000m dari Desa)
Kendawangan,Air Hitam Besar,"Sabtu, 03 Oktober 2026 00:26:00",NASA-SNPP,Medium,110.67785,-2.89123,False,False,False,False,False,False,Di Luar Area Pantauan (>1000m dari Desa)
Kendawangan,Bangkal Serai,"Sabtu, 03 Oktober 2026 00:26:00",NASA-SNPP,Medium,110.62558,-2.56977,False,False,False,False,False,False,Di Luar Area Pantauan (>1000m dari Desa)
Kendawangan,Natai Kuini,"Sabtu, 03 Oktober 2026 00:26:00",NASA-SNPP,Medium,110.72521,-2.89949,False,False,False,False,False,False,Di Luar Area Pantauan (>1000m dari Desa)
Kendawangan,Natai Kuini,"Sabtu, 03 Oktober 2026 00:26:00",NASA-SNPP,Medium,110.71997,-2.89858,False,False,False,False,False,False,Di Luar Area Pantauan (>1000m dari Desa)
Kendawangan,Natai Kuini,"Sabtu, 03 Oktober 2026 00:26:00",NASA-SNPP,Medium,110.82448,-2.84969,False,False,False,False,True,True,Di Luar Area Pantauan (>1000m dari Desa)
Kendawangan,Natai Kuini,"Sabtu, 03 Oktober 2026 00:26:00",NASA-SNPP,Medium,110.84521,-2.85325,False,False,False,False,True,True,Di Luar Area Pantauan (>1000m dari Desa)
Kendawangan,Natai Kuini,"Sabtu, 03 Oktober 2026 00:26:00",NASA-SNPP,Medium,110.85038,-2.85413,False,False,False,False,True,True,Di Luar Area Pantauan (>1000m dari Desa)
Kendawangan,Natai Kuini,"Sabtu, 03 Oktober 2026 00:26:00",NASA-SNPP,Medium,110.84401,-2.85961,False,False,False,False,True,True,Di Luar Area Pantauan (>1000m dari Desa)
Kendawangan,Pembedilan,"Sabtu, 03 Oktober 2026 00:26:00",NASA-SNPP,Medium,110.43792,-2.79687,False,False,False,False,True,True,Di Luar Area Pantauan (>1000m dari Desa)
Kendawangan,Natai Kuini,"Sabtu, 03 Oktober 2026 00:26:00",NASA-SNPP,Medium,110.8325,-2.86421,False,False,False,False,False,False,Di Luar Area Pantauan (>1000m dari Desa)
Kendawangan,Natai Kuini,"Sabtu, 03 Oktober 2026 00:26:00",NASA-SNPP,Medium,110.8222,-2.86245,False,False,False,False,False,False,Di Luar Area Pantauan (>1000m dari Desa)
Kendawangan,Natai Kuini,"Sabtu, 03 Oktober 2026 00:26:00",NASA-SNPP,Medium,110.83652,-2.87146,False,False,False,False,False,False,Di Luar Area Pantauan (>1000m dari Desa)
Kendawangan,Air Hitam Besar,"Sabtu, 03 Oktober 2026 00:26:00",NASA-SNPP,Medium,110.68344,-2.88519,False,False,False,False,False,False,Di Luar Area Pantauan (>1000m dari Desa)
Kendawangan,Air Hitam Besar,"Sabtu, 03 Oktober 2026 00:26:00",NASA-SNPP,Medium,110.67699,-2.89073,False,False,False,False,False,False,Di Luar Area Pantauan (>1000m dari Desa)
Kendawangan,Natai Kuini,"Sabtu, 03 Oktober 2026 00:26:00",NASA-SNPP,Medium,110.70754,-2.90246,False,False,False,False,False,False,Di Luar Area Pantauan (>1000m dari Desa)
Kendawangan,Natai Kuini,"Sabtu, 03 Oktober 2026 00:26:00",NASA-SNPP,Medium,110.72447,-2.89867,False,False,False,False,False,False,Di Luar Area Pantauan (>1000m dari Desa)
Kendawangan,Natai Kuini,"Sabtu, 03 Oktober 2026 00:26:00",NASA-SNPP,Medium,110.71472,-2.89766,False,False,False,False,False,False,Di Luar Area Pantauan (>1000m dari Desa)
Kendawangan,Natai Kuini,"Sabtu, 03 Oktober 2026 00:26:00",NASA-SNPP,Medium,110.70835,-2.90317,False,False,False,False,False,False,Di Luar Area Pantauan (>1000m dari Desa)
Kendawangan,Natai Kuini,"Sabtu, 03 Oktober 2026 00:26:00",NASA-SNPP,Medium,110.70309,-2.90226,False,False,False,False,False,False,Di Luar Area Pantauan (>1000m dari Desa)
Kendawangan,Natai Kuini,"Sabtu, 03 Oktober 2026 00:26:00",NASA-SNPP,Medium,110.84002,-2.85236,False,False,False,False,True,True,Di Luar Area Pantauan (>1000m dari Desa)
Kendawangan,Pangkalan Batu,"Sabtu, 03 Oktober 2026 00:26:00",NASA-SNPP,Medium,110.37474,-2.23502,False,False,False,False,False,False,Di Luar Area Pantauan (>1000m dari Desa)
Kendawangan,Natai Kuini,"Sabtu, 03 Oktober 2026 00:26:00",NASA-SNPP,Medium,110.70342,-2.89515,False,False,False,False,False,False,Di Luar Area Pantauan (>1000m dari Desa)
Kendawangan,Natai Kuini,"Sabtu, 03 Oktober 2026 00:26:00",NASA-SNPP,Medium,110.68643,-2.89894,False,False,False,False,False,False,Di Luar Area Pantauan (>1000m dari Desa)
Kendawangan,Air Hitam Besar,"Sabtu, 03 Oktober 2026 00:26:00",NASA-SNPP,Medium,110.68229,-2.89162,False,False,False,False,False,False,Di Luar Area Pantauan (>1000m dari Desa)
Kendawangan,Natai Kuini,"Sabtu, 03 Oktober 2026 00:26:00",NASA-SNPP,Medium,110.70869,-2.89604,False,False,False,False,False,False,Di Luar Area Pantauan (>1000m dari Desa)
Kendawangan,Air Hitam Besar,"Sabtu, 03 Oktober 2026 00:26:00",NASA-SNPP,Medium,110.68459,-2.87875,False,False,False,True,False,True,Di Luar Area Pantauan (>1000m dari Desa)
Kendawangan,Natai Kuini,"Sabtu, 03 Oktober 2026 00:26:00",NASA-SNPP,Medium,110.82735,-2.86333,False,False,False,False,False,False,Di Luar Area Pantauan (>1000m dari Desa)
Kendawangan,Natai Kuini,"Sabtu, 03 Oktober 2026 00:26:00",NASA-SNPP,Medium,110.84123,-2.846,False,False,False,False,True,True,Di Luar Area Pantauan (>1000m dari Desa)
Kendawangan,Natai Kuini,"Sabtu, 03 Oktober 2026 00:26:00",NASA-SNPP,Medium,110.70421,-2.89583,False,False,False,False,False,False,Di Luar Area Pantauan (>1000m dari Desa)
Kendawangan,Natai Kuini,"Sabtu, 03 Oktober 2026 00:26:00",NASA-SNPP,Medium,110.848,-2.86685,False,False,False,False,False,False,Di Luar Area Pantauan (>1000m dari Desa)
Kendawangan,Natai Kuini,"Sabtu, 03 Oktober 2026 00:26:00",NASA-SNPP,Medium,110.85438,-2.86138,False,False,False,False,True,True,Di Luar Area Pantauan (>1000m dari Desa)
Kendawangan,Natai Kuini,"Sabtu, 03 Oktober 2026 00:26:00",NASA-SNPP,Medium,110.83483,-2.85147,False,False,False,False,True,True,Di Luar Area Pantauan (>1000m dari Desa)
Kendawangan,Pangkalan Batu,"Sabtu, 03 Oktober 2026 00:26:00",NASA-SNPP,Medium,110.37359,-2.24164,False,False,False,False,False,False,Di Luar Area Pantauan (>1000m dari Desa)
Matan Hilir Utara,Lamon Satong,"Sabtu, 03 Oktober 2026 00:26:00",NASA-SNPP,Medium,110.27026,-1.41943,False,False,True,False,False,True,Di Luar Area Pantauan (>1000m dari Desa)
Kendawangan,Pangkalan Batu,"Sabtu, 03 Oktober 2026 02:06:00",NASA-SNPP,Medium,110.37578,-2.23987,False,False,False,False,False,False,Di Luar Area Pantauan (>1000m dari Desa)
Kendawangan,Natai Kuini,"Sabtu, 03 Oktober 2026 02:06:00",NASA-SNPP,Medium,110.95084,-2.82116,False,False,False,True,False,True,Di Luar Area Pantauan (>1000m dari Desa)
Kendawangan,Natai Kuini,"Sabtu, 03 Oktober 2026 02:06:00",NASA-SNPP,Medium,110.83472,-2.85839,False,False,False,False,True,True,Di Luar Area Pantauan (>1000m dari Desa)
Kendawangan,Natai Kuini,"Sabtu, 03 Oktober 2026 02:06:00",NASA-SNPP,Medium,110.94415,-2.82402,False,False,False,True,False,True,Di Luar Area Pantauan (>1000m dari Desa)
Kendawangan,Natai Kuini,"Sabtu, 03 Oktober 2026 02:06:00",NASA-SNPP,Medium,110.84042,-2.86648,False,False,False,False,False,False,Di Luar Area Pantauan (>1000m dari Desa)
Kendawangan,Natai Kuini,"Sabtu, 03 Oktober 2026 02:06:00",NASA-SNPP,Medium,110.84716,-2.8675,False,False,False,False,False,False,Di Luar Area Pantauan (>1000m dari Desa)
Kendawangan,Natai Kuini,"Sabtu, 03 Oktober 2026 02:06:00",NASA-SNPP,Medium,110.72354,-2.8703,False,False,False,True,False,True,Di Luar Area Pantauan (>1000m dari Desa)
Kendawangan,Natai Kuini,"Sabtu, 03 Oktober 2026 02:06:00",NASA-SNPP,Medium,110.83633,-2.85487,False,False,False,False,True,True,Di Luar Area Pantauan (>1000m dari Desa)
Kendawangan,Natai Kuini,"Sabtu, 03 Oktober 2026 02:06:00",NASA-SNPP,Medium,110.84201,-2.86292,False,False,False,False,True,True,Di Luar Area Pantauan (>1000m dari Desa)
Kendawangan,Natai Kuini,"Sabtu, 03 Oktober 2026 02:06:00",NASA-SNPP,Medium,110.83527,-2.86195,False,False,False,False,True,True,Di Luar Area Pantauan (>1000m dari Desa)
Matan Hilir Utara,Lamon Satong,"Sabtu, 03 Oktober 2026 02:06:00",NASA-SNPP,Medium,110.27441,-1.4205,False,False,True,False,False,True,Di Luar Area Pantauan (>1000m dari Desa)
Matan Hilir Utara,Lamon Satong,"Sabtu, 03 Oktober 2026 02:06:00",NASA-SNPP,Medium,110.27356,-1.42349,False,False,True,False,False,True,Di Luar Area Pantauan (>1000m dari Desa)
Kendawangan,Natai Kuini,"Sabtu, 03 Oktober 2026 02:06:00",NASA-SNPP,Medium,110.73138,-2.86845,False,False,False,True,False,True,Di Luar Area Pantauan (>1000m dari Desa)
Kendawangan,Natai Kuini,"Sabtu, 03 Oktober 2026 02:06:00",NASA-SNPP,Medium,110.7037,-2.87158,False,False,False,True,False,True,Di Luar Area Pantauan (>1000m dari Desa)
Kendawangan,Natai Kuini,"Sabtu, 03 Oktober 2026 02:06:00",NASA-SNPP,Medium,110.84814,-2.86041,False,False,False,False,True,True,Di Luar Area Pantauan (>1000m dari Desa)
Kendawangan,Natai Kuini,"Sabtu, 03 Oktober 2026 02:06:00",NASA-SNPP,Medium,110.95105,-2.82504,False,False,False,True,False,True,Di Luar Area Pantauan (>1000m dari Desa)
Kendawangan,Natai Kuini,"Sabtu, 03 Oktober 2026 02:06:00",NASA-SNPP,Medium,110.84142,-2.8594,False,False,False,False,True,True,Di Luar Area Pantauan (>1000m dari Desa)
Kendawangan,Natai Kuini,"Sabtu, 03 Oktober 2026 02:06:00",NASA-SNPP,Medium,110.83369,-2.86546,False,False,False,False,False,False,Di Luar Area Pantauan (>1000m dari Desa)
Kendawangan,Natai Kuini,"Sabtu, 03 Oktober 2026 02:06:00",NASA-SNPP,Medium,110.84875,-2.8639,False,False,False,False,True,True,Di Luar Area Pantauan (>1000m dari Desa)
Kendawangan,Natai Kuini,"Sabtu, 03 Oktober 2026 02:06:00",NASA-SNPP,Medium,110.70718,-2.89361,False,False,False,False,False,False,Di Luar Area Pantauan (>1000m dari Desa)
Kendawangan,Natai Kuini,"Sabtu, 03 Oktober 2026 02:06:00",NASA-SNPP,Medium,110.72045,-2.89557,False,False,False,True,False,True,Di Luar Area Pantauan (>1000m dari Desa)
Kendawangan,Natai Kuini,"Sabtu, 03 Oktober 2026 02:06:00",NASA-SNPP,Medium,110.7061,-2.90063,False,False,False,False,False,False,Di Luar Area Pantauan (>1000m dari Desa)
Matan Hilir Utara,Lamon Satong,"Sabtu, 03 Oktober 2026 02:06:00",NASA-SNPP,Medium,110.2736,-1.42725,False,False,True,False,False,True,Di Luar Area Pantauan (>1000m dari Desa)
Kendawangan,Natai Kuini,"Sabtu, 03 Oktober 2026 02:06:00",NASA-SNPP,Medium,110.69286,-2.89867,False,False,False,False,False,False,Di Luar Area Pantauan (>1000m dari Desa)
Kendawangan,Natai Kuini,"Sabtu, 03 Oktober 2026 02:06:00",NASA-SNPP,Medium,110.69948,-2.89965,False,False,False,False,False,False,Di Luar Area Pantauan (>1000m dari Desa)
Kendawangan,Natai Kuini,"Sabtu, 03 Oktober 2026 02:06:00",NASA-SNPP,Medium,110.68627,-2.89769,False,False,False,False,False,False,Di Luar Area Pantauan (>1000m dari Desa)
Kendawangan,Natai Kuini,"Sabtu, 03 Oktober 2026 02:06:00",NASA-SNPP,Medium,110.71275,-2.90161,False,False,False,False,False,False,Di Luar Area Pantauan (>1000m dari Desa)
Matan Hilir Utara,Lamon Satong,"Sabtu, 03 Oktober 2026 02:06:00",NASA-SNPP,Medium,110.26753,-1.42257,False,False,True,False,False,True,Di Luar Area Pantauan (>1000m dari Desa)
Kendawangan,Natai Kuini,"Sabtu, 03 Oktober 2026 02:06:00",NASA-SNPP,Medium,110.71381,-2.89459,False,False,False,True,False,True,Di Luar Area Pantauan (>1000m dari Desa)
Matan Hilir Utara,Lamon Satong,"Sabtu, 03 Oktober 2026 02:06:00",NASA-SNPP,Medium,110.26831,-1.41954,False,False,True,False,False,True,Di Luar Area Pantauan (>1000m dari Desa)
Matan Hilir Utara,Lamon Satong,"Sabtu, 03 Oktober 2026 02:06:00",NASA-SNPP,Medium,110.26761,-1.4263,False,False,True,False,False,True,Di Luar Area Pantauan (>1000m dari Desa)
Kendawangan,Natai Kuini,"Sabtu, 03 Oktober 2026 02:06:00",NASA-SNPP,Medium,110.95212,-2.81793,False,False,False,True,False,True,Di Luar Area Pantauan (>1000m dari Desa)
Matan Hilir Utara,Lamon Satong,"Sabtu, 03 Oktober 2026 02:06:00",NASA-SNPP,Medium,110.26807,-1.41579,False,False,True,False,False,True,Di Luar Area Pantauan (>1000m dari Desa)
Kendawangan,Natai Kuini,"Sabtu, 03 Oktober 2026 02:06:00",NASA-SNPP,Medium,110.73018,-2.87132,False,False,False,True,False,True,Di Luar Area Pantauan (>1000m dari Desa)
Kendawangan,Natai Kuini,"Sabtu, 03 Oktober 2026 02:06:00",NASA-SNPP,Medium,110.73682,-2.87233,False,False,False,True,False,True,Di Luar Area Pantauan (>1000m dari Desa)
Kendawangan,Natai Kuini,"Sabtu, 03 Oktober 2026 02:06:00",NASA-SNPP,Medium,110.70257,-2.87427,False,False,False,True,False,True,Di Luar Area Pantauan (>1000m dari Desa)
Kendawangan,Natai Kuini,"Sabtu, 03 Oktober 2026 00:26:00",NASA-SNPP,Medium,110.73544,-2.86748,False,False,False,True,False,True,Di Luar Area Pantauan (>1000m dari Desa)
Matan Hilir Utara,Lamon Satong,"Sabtu, 03 Oktober 2026 00:43:00",NASA-NOAA20,Medium,110.26473,-1.4262,False,False,True,False,False,True,Di Luar Area Pantauan (>1000m dari Desa)
Nanga Tayap,Betenung,"Sabtu, 03 Oktober 2026 00:43:00",NASA-NOAA20,Medium,110.80098,-1.54683,False,False,True,False,False,True,Di Luar Area Pantauan (>1000m dari Desa)
Nanga Tayap,Betenung,"Sabtu, 03 Oktober 2026 00:43:00",NASA-NOAA20,Medium,110.79709,-1.54621,False,False,True,False,False,True,Di Luar Area Pantauan (>1000m dari Desa)
Matan Hilir Utara,Lamon Satong,"Sabtu, 03 Oktober 2026 00:43:00",NASA-NOAA20,Medium,110.26886,-1.42686,False,False,True,False,False,True,Di Luar Area Pantauan (>1000m dari Desa)
Matan Hilir Utara,Lamon Satong,"Sabtu, 03 Oktober 2026 00:43:00",NASA-NOAA20,Medium,110.26552,-1.42186,False,False,False,False,False,False,Di Luar Area Pantauan (>1000m dari Desa)
Matan Hilir Utara,Lamon Satong,"Sabtu, 03 Oktober 2026 00:43:00",NASA-NOAA20,Medium,110.26639,-1.41754,False,False,False,False,False,False,Di Luar Area Pantauan (>1000m dari Desa)
Matan Hilir Utara,Lamon Satong,"Sabtu, 03 Oktober 2026 00:43:00",NASA-NOAA20,Medium,110.26965,-1.42253,False,False,True,False,False,True,Di Luar Area Pantauan (>1000m dari Desa)
Matan Hilir Utara,Lamon Satong,"Sabtu, 03 Oktober 2026 00:43:00",NASA-NOAA20,Medium,110.27046,-1.41819,False,False,True,False,False,True,Di Luar Area Pantauan (>1000m dari Desa)
Matan Hilir Utara,Lamon Satong,"Sabtu, 03 Oktober 2026 00:43:00",NASA-NOAA20,Medium,110.27378,-1.42319,False,False,True,False,False,True,Di Luar Area Pantauan (>1000m dari Desa)
Matan Hilir Utara,Lamon Satong,"Sabtu, 03 Oktober 2026 00:43:00",NASA-NOAA20,Medium,110.21801,-1.36937,False,False,False,False,False,False,Di Luar Area Pantauan (>1000m dari Desa)
Matan Hilir Utara,Lamon Satong,"Sabtu, 03 Oktober 2026 00:43:00",NASA-NOAA20,Medium,110.21571,-1.37302,False,False,False,False,False,False,Di Luar Area Pantauan (>1000m dari Desa)
Nanga Tayap,Betenung,"Sabtu, 03 Oktober 2026 00:43:00",NASA-NOAA20,Medium,110.79977,-1.55094,False,False,True,False,False,True,Di Luar Area Pantauan (>1000m dari Desa)
Nanga Tayap,Sepakat Jaya,"Sabtu, 03 Oktober 2026 00:43:00",NASA-NOAA20,Medium,110.68251,-1.37655,False,False,False,False,False,False,Di Luar Area Pantauan (>1000m dari Desa)
Nanga Tayap,Betenung,"Sabtu, 03 Oktober 2026 00:43:00",NASA-NOAA20,Medium,110.80484,-1.54744,False,False,True,False,False,True,Di Luar Area Pantauan (>1000m dari Desa)
Matan Hilir Utara,Lamon Satong,"Sabtu, 03 Oktober 2026 00:43:00",NASA-NOAA20,Medium,110.21729,-1.37374,False,False,False,False,False,False,Di Luar Area Pantauan (>1000m dari Desa)
Matan Hilir Utara,Lamon Satong,"Sabtu, 03 Oktober 2026 00:43:00",NASA-NOAA20,Medium,110.21309,-1.37305,False,False,False,False,False,False,Di Luar Area Pantauan (>1000m dari Desa)
Matan Hilir Utara,Lamon Satong,"Sabtu, 03 Oktober 2026 00:43:00",NASA-NOAA20,Medium,110.27302,-1.42753,False,False,True,False,False,True,Di Luar Area Pantauan (>1000m dari Desa)
Pemahan,Pebihingan,"Sabtu, 03 Oktober 2026 00:43:00",NASA-NOAA20,Medium,110.56358,-1.73436,False,False,False,False,False,False,Di Luar Area Pantauan (>1000m dari Desa)
Sandai,Randau,"Sabtu, 03 Oktober 2026 00:43:00",NASA-NOAA20,Medium,110.55524,-0.97158,False,False,False,False,False,False,Di Luar Area Pantauan (>1000m dari Desa)
Tempunak,Tinum Baru,"Sabtu, 03 Oktober 2026 00:43:00",NASA-NOAA20,Medium,111.3302,-0.13174,False,False,False,False,False,False,Di Luar Area Pantauan (>1000m dari Desa)
Sungai Tebelian,Penjernang,"Sabtu, 03 Oktober 2026 00:43:00",NASA-NOAA20,Medium,111.43245,-0.33047,False,False,False,False,False,False,Di Luar Area Pantauan (>1000m dari Desa)
Sungai Tebelian,Penjernang,"Sabtu, 03 Oktober 2026 00:43:00",NASA-NOAA20,Medium,111.42876,-0.32989,False,False,False,False,False,False,Di Luar Area Pantauan (>1000m dari Desa)
Belimbing,Upit,"Sabtu, 03 Oktober 2026 00:43:00",NASA-NOAA20,Medium,111.45702,-0.36363,False,False,False,False,False,False,Di Luar Area Pantauan (>1000m dari Desa)
Jelai Hulu,Semantun,"Sabtu, 03 Oktober 2026 00:43:00",NASA-NOAA20,Medium,111.00118,-2.06965,False,False,False,False,False,False,Di Luar Area Pantauan (>1000m dari Desa)
Tumbang Titi,Petebang Jaya,"Sabtu, 03 Oktober 2026 00:43:00",NASA-NOAA20,Medium,110.7328,-1.85225,False,False,False,False,False,False,Di Luar Area Pantauan (>1000m dari Desa)
Jelai Hulu,Rangga Intan,"Sabtu, 03 Oktober 2026 00:43:00",NASA-NOAA20,Medium,110.75011,-1.88933,False,False,False,False,False,False,Di Luar Area Pantauan (>1000m dari Desa)
Nanga Tayap,Betenung,"Sabtu, 03 Oktober 2026 00:43:00",NASA-NOAA20,Medium,110.79592,-1.55033,False,False,True,False,False,True,Di Luar Area Pantauan (>1000m dari Desa)
Jelai Hulu,Rangga Intan,"Sabtu, 03 Oktober 2026 00:43:00",NASA-NOAA20,Medium,110.75076,-1.89041,False,False,False,False,False,False,Di Luar Area Pantauan (>1000m dari Desa)
Air Upas,Air Durian Jaya,"Sabtu, 03 Oktober 2026 00:43:00",NASA-NOAA20,Medium,110.84262,-2.36042,False,False,False,False,False,False,Di Luar Area Pantauan (>1000m dari Desa)
Marau,Randai,"Sabtu, 03 Oktober 2026 00:43:00",NASA-NOAA20,Medium,110.48653,-2.07662,False,False,False,False,False,False,Di Luar Area Pantauan (>1000m dari Desa)
Marau,Randai,"Sabtu, 03 Oktober 2026 00:43:00",NASA-NOAA20,Medium,110.48257,-2.07597,False,False,False,False,False,False,Di Luar Area Pantauan (>1000m dari Desa)
Matan Hilir Selatan,Pagar Mentimun,"Sabtu, 03 Oktober 2026 00:43:00",NASA-NOAA20,Medium,110.17681,-2.32207,False,False,False,False,False,False,Di Luar Area Pantauan (>1000m dari Desa)
Matan Hilir Selatan,Pagar Mentimun,"Sabtu, 03 Oktober 2026 00:43:00",NASA-NOAA20,Medium,110.18091,-2.32272,False,False,False,False,False,False,Di Luar Area Pantauan (>1000m dari Desa)
Hulu Sungai,Benua Krio,"Sabtu, 03 Oktober 2026 00:43:00",NASA-NOAA20,Medium,110.73096,-1.10728,False,False,False,False,False,False,Di Luar Area Pantauan (>1000m dari Desa)
Manis Mata,Terusan,"Sabtu, 03 Oktober 2026 00:43:00",NASA-NOAA20,Medium,110.94745,-2.24082,False,False,False,False,False,False,Di Luar Area Pantauan (>1000m dari Desa)
Sungai Laur,Sinar Kuri,"Sabtu, 03 Oktober 2026 00:43:00",NASA-NOAA20,Medium,110.4426,-0.91389,False,False,False,False,False,False,Di Luar Area Pantauan (>1000m dari Desa)
Sungai Tebelian,Penjernang,"Sabtu, 03 Oktober 2026 00:43:00",NASA-NOAA20,Medium,111.43307,-0.32638,False,False,False,False,False,False,Di Luar Area Pantauan (>1000m dari Desa)
Kayan Hilir,Sungai Meraya,"Sabtu, 03 Oktober 2026 00:43:00",NASA-NOAA20,Medium,111.94717,0.00147,False,False,False,False,False,False,Di Luar Area Pantauan (>1000m dari Desa)
Kendawangan,Air Tarap,"Sabtu, 03 Oktober 2026 00:43:00",NASA-NOAA20,Medium,110.85519,-2.5385,False,False,False,False,False,False,Di Luar Area Pantauan (>1000m dari Desa)
Manis Mata,Batu Sedau,"Sabtu, 03 Oktober 2026 00:43:00",NASA-NOAA20,Medium,111.0682,-2.39737,False,False,False,False,False,False,Di Luar Area Pantauan (>1000m dari Desa)
Manis Mata,Seguling,"Sabtu, 03 Oktober 2026 00:45:00",NASA-NOAA20,Medium,111.09035,-2.64278,False,False,False,True,False,True,Di Luar Area Pantauan (>1000m dari Desa)
Kendawangan,Danau Buntar,"Sabtu, 03 Oktober 2026 00:45:00",NASA-NOAA20,Medium,110.94701,-2.77815,False,False,False,False,False,False,Di Luar Area Pantauan (>1000m dari Desa)
Kendawangan,Air Hitam Besar,"Sabtu, 03 Oktober 2026 00:45:00",NASA-NOAA20,Medium,110.68842,-2.7455,False,False,False,False,False,False,Di Luar Area Pantauan (>1000m dari Desa)
Kendawangan,Kendawangan Kanan,"Sabtu, 03 Oktober 2026 00:45:00",NASA-NOAA20,Medium,110.2462,-2.69143,False,False,True,True,True,True,Di Luar Area Pantauan (>1000m dari Desa)
Kendawangan,Natai Kuini,"Sabtu, 03 Oktober 2026 00:45:00",NASA-NOAA20,Medium,110.94599,-2.81527,False,False,False,True,False,True,Di Luar Area Pantauan (>1000m dari Desa)
Kendawangan,Natai Kuini,"Sabtu, 03 Oktober 2026 00:45:00",NASA-NOAA20,Medium,110.94104,-2.82281,False,False,False,True,False,True,Di Luar Area Pantauan (>1000m dari Desa)
Kendawangan,Natai Kuini,"Sabtu, 03 Oktober 2026 00:45:00",NASA-NOAA20,Medium,110.95248,-2.82051,False,False,False,True,False,True,Di Luar Area Pantauan (>1000m dari Desa)
Kendawangan,Air Tarap,"Sabtu, 03 Oktober 2026 13:03:00",NASA-SNPP,Medium,110.84633,-2.53213,False,False,False,False,False,False,Di Luar Area Pantauan (>1000m dari Desa)
Kendawangan,Natai Kuini,"Sabtu, 03 Oktober 2026 13:03:00",NASA-SNPP,Medium,110.71307,-2.89851,False,False,False,False,False,False,Di Luar Area Pantauan (>1000m dari Desa)
Kendawangan,Air Tarap,"Sabtu, 03 Oktober 2026 13:03:00",NASA-SNPP,Medium,110.84579,-2.52858,False,False,False,False,False,False,Di Luar Area Pantauan (>1000m dari Desa)
Kendawangan,Air Tarap,"Sabtu, 03 Oktober 2026 13:03:00",NASA-SNPP,Medium,110.85031,-2.53153,False,False,False,False,False,False,Di Luar Area Pantauan (>1000m dari Desa)
Kendawangan,Air Tarap,"Sabtu, 03 Oktober 2026 13:03:00",NASA-SNPP,Medium,110.84525,-2.52503,False,False,False,False,False,False,Di Luar Area Pantauan (>1000m dari Desa)
Kendawangan,Natai Kuini,"Sabtu, 03 Oktober 2026 03:34:00",NASA-MODIS,Medium,110.94978,-2.81385,False,False,False,True,False,True,Di Luar Area Pantauan (>1000m dari Desa)
Kendawangan,Natai Kuini,"Sabtu, 03 Oktober 2026 03:34:00",NASA-MODIS,Medium,110.84486,-2.85899,False,False,False,False,True,True,Di Luar Area Pantauan (>1000m dari Desa)
Kendawangan,Natai Kuini,"Sabtu, 03 Oktober 2026 03:34:00",NASA-MODIS,Medium,110.84968,-2.86375,False,False,False,False,True,True,Di Luar Area Pantauan (>1000m dari Desa)
Kendawangan,Natai Kuini,"Sabtu, 03 Oktober 2026 03:34:00",NASA-MODIS,Medium,110.94827,-2.82445,False,False,False,True,False,True,Di Luar Area Pantauan (>1000m dari Desa)
Nanga Tayap,Betenung,"Sabtu, 03 Oktober 2026 03:34:00",NASA-MODIS,High,110.80397,-1.54345,False,False,True,False,False,True,Di Luar Area Pantauan (>1000m dari Desa)
Tayan Hilir,Beginjan,"Sabtu, 03 Oktober 2026 13:05:00",NASA-SNPP,High,110.16931,-0.04511,False,False,False,False,False,False,Di Luar Area Pantauan (>1000m dari Desa)
Kendawangan,Natai Kuini,"Sabtu, 03 Oktober 2026 00:45:00",NASA-NOAA20,High,110.8381,-2.86063,False,False,False,False,True,True,Di Luar Area Pantauan (>1000m dari Desa)
Benua Kayong,Negeri Baru,"Sabtu, 03 Oktober 2026 13:05:00",NASA-SNPP,High,110.21002,-1.76046,False,False,False,False,False,False,Di Luar Area Pantauan (>1000m dari Desa)
Simpang Hilir,Lubuk Batu,"Sabtu, 03 Oktober 2026 13:05:00",NASA-SNPP,High,110.17906,-0.97968,False,False,False,False,False,False,Di Luar Area Pantauan (>1000m dari Desa)
Batu Ampar,Muara Tiga,"Sabtu, 03 Oktober 2026 13:05:00",NASA-SNPP,High,109.9227,-0.78733,False,False,False,False,False,False,Di Luar Area Pantauan (>1000m dari Desa)
Batu Ampar,Muara Tiga,"Sabtu, 03 Oktober 2026 13:05:00",NASA-SNPP,High,109.87959,-0.82381,False,False,False,False,False,False,Di Luar Area Pantauan (>1000m dari Desa)
Toba,Bagan Asam,"Sabtu, 03 Oktober 2026 13:05:00",NASA-SNPP,High,109.96404,-0.44556,False,False,False,False,False,False,Di Luar Area Pantauan (>1000m dari Desa)
Toba,Bagan Asam,"Sabtu, 03 Oktober 2026 13:05:00",NASA-SNPP,High,110.11339,-0.40029,False,False,False,True,False,True,Di Luar Area Pantauan (>1000m dari Desa)
Sungai Raya,Pulaulimbung,"Sabtu, 03 Oktober 2026 13:05:00",NASA-SNPP,High,109.81684,-0.2594,False,False,False,False,False,False,Di Luar Area Pantauan (>1000m dari Desa)
Tayan Hilir,Sebemban,"Sabtu, 03 Oktober 2026 13:05:00",NASA-SNPP,High,110.23577,-0.04949,False,False,False,False,False,False,Di Luar Area Pantauan (>1000m dari Desa)
Simpang Hulu,Kualan Hilir,"Sabtu, 03 Oktober 2026 13:05:00",NASA-SNPP,High,110.22176,-0.63285,False,False,False,False,False,False,Di Luar Area Pantauan (>1000m dari Desa)
Kendawangan,Natai Kuini,"Sabtu, 03 Oktober 2026 00:26:00",NASA-SNPP,High,110.83881,-2.85872,False,False,False,False,True,True,Di Luar Area Pantauan (>1000m dari Desa)
Sandai,Randau Jungkal,"Sabtu, 03 Oktober 2026 13:25:00",NASA-NOAA20,High,110.6862,-1.05895,False,False,False,False,False,False,Di Luar Area Pantauan (>1000m dari Desa)
Kendawangan,Natai Kuini,"Sabtu, 03 Oktober 2026 13:25:00",NASA-NOAA20,High,110.70628,-2.89637,False,False,False,False,False,False,Di Luar Area Pantauan (>1000m dari Desa)
Kendawangan,Natai Kuini,"Sabtu, 03 Oktober 2026 00:45:00",NASA-NOAA20,High,110.71474,-2.89849,False,False,False,False,False,False,Di Luar Area Pantauan (>1000m dari Desa)
Tayan Hilir,Pedalaman,"Sabtu, 03 Oktober 2026 13:05:00",NASA-SNPP,High,110.14456,-0.04525,False,False,False,False,False,False,Di Luar Area Pantauan (>1000m dari Desa)
Kendawangan,Natai Kuini,"Sabtu, 03 Oktober 2026 13:03:00",NASA-SNPP,High,110.71714,-2.89789,False,False,False,False,False,False,Di Luar Area Pantauan (>1000m dari Desa)
Meliau,Meliau Hilir,"Sabtu, 03 Oktober 2026 13:05:00",NASA-SNPP,High,110.28429,-0.10314,False,False,False,False,False,False,Di Luar Area Pantauan (>1000m dari Desa)
Kendawangan,Natai Kuini,"Sabtu, 03 Oktober 2026 13:03:00",NASA-SNPP,High,110.8304,-2.85151,False,False,False,False,True,True,Di Luar Area Pantauan (>1000m dari Desa)
Meliau,Meliau Hilir,"Sabtu, 03 Oktober 2026 13:05:00",NASA-SNPP,High,110.27308,-0.08303,False,False,False,False,False,False,Di Luar Area Pantauan (>1000m dari Desa)
Kendawangan,Natai Kuini,"Sabtu, 03 Oktober 2026 13:03:00",NASA-SNPP,High,110.83794,-2.84673,False,False,False,False,True,True,Di Luar Area Pantauan (>1000m dari Desa)
Kendawangan,Natai Kuini,"Sabtu, 03 Oktober 2026 13:03:00",NASA-SNPP,High,110.68802,-2.89863,False,False,False,False,False,False,Di Luar Area Pantauan (>1000m dari Desa)
Matan Hilir Utara,Lamon Satong,"Sabtu, 03 Oktober 2026 03:34:00",NASA-MODIS,High,110.27307,-1.42287,False,False,True,False,False,True,Di Luar Area Pantauan (>1000m dari Desa)
Kendawangan,Natai Kuini,"Sabtu, 03 Oktober 2026 03:34:00",NASA-MODIS,High,110.72224,-2.89466,False,False,False,True,False,True,Di Luar Area Pantauan (>1000m dari Desa)
Kendawangan,Natai Kuini,"Sabtu, 03 Oktober 2026 03:34:00",NASA-MODIS,High,110.70959,-2.89279,False,False,False,True,False,True,Di Luar Area Pantauan (>1000m dari Desa)
