Kecamatan,Desa,Waktu,Satelit,Confidence,Longitude,Latitude,in_desa,in_buffer,is_hutan,is_gambut,is_kk,in_kawasan,Prioritas_Satgas
Sungai Raya,Kalibandung,"Rabu, 09 September 2026 03:06:00",NASA-MODIS,Low,109.62943,-0.33015,False,False,False,True,False,True,Di Luar Area Pantauan (>1000m dari Desa)
Matan Hilir Utara,Kuala Tolak,"Rabu, 09 September 2026 03:06:00",NASA-MODIS,Low,110.15459,-1.45683,False,False,True,True,False,True,Di Luar Area Pantauan (>1000m dari Desa)
Teluk Keramat,Tri Mandayan,"Selasa, 08 September 2026 20:16:00",NASA-MODIS,Low,109.18272,1.48873,False,False,False,True,False,True,Di Luar Area Pantauan (>1000m dari Desa)
Ella Hilir,Nanga Nyuruh,"Selasa, 08 September 2026 20:14:00",NASA-MODIS,Low,112.1011,-0.49729,False,False,False,False,False,False,Di Luar Area Pantauan (>1000m dari Desa)
Muara Pawan,Ulak Medang,"Rabu, 09 September 2026 03:06:00",NASA-MODIS,Low,110.27857,-1.51545,False,False,True,False,False,True,Di Luar Area Pantauan (>1000m dari Desa)
Kendawangan,Airhitam Hulu,"Selasa, 08 September 2026 20:14:00",NASA-MODIS,Low,110.64871,-2.70738,False,False,False,False,False,False,Di Luar Area Pantauan (>1000m dari Desa)
Simpang Hilir,Matan Jaya,"Rabu, 09 September 2026 03:06:00",NASA-MODIS,Low,110.12134,-1.09195,False,False,True,True,True,True,Di Luar Area Pantauan (>1000m dari Desa)
Kendawangan,Airhitam Hulu,"Selasa, 08 September 2026 20:14:00",NASA-MODIS,Low,110.63969,-2.70861,False,False,False,False,False,False,Di Luar Area Pantauan (>1000m dari Desa)
Belimbing,Sepan Tonak,"Selasa, 08 September 2026 20:14:00",NASA-MODIS,Low,111.60543,-0.21457,False,False,False,True,False,True,Di Luar Area Pantauan (>1000m dari Desa)
Simpang Hilir,Batu Barat,"Rabu, 09 September 2026 03:06:00",NASA-MODIS,Low,110.05256,-0.94711,False,False,True,False,False,True,Di Luar Area Pantauan (>1000m dari Desa)
Ella Hilir,Nanga Nyuruh,"Selasa, 08 September 2026 20:14:00",NASA-MODIS,Low,112.10989,-0.49607,False,False,False,False,False,False,Di Luar Area Pantauan (>1000m dari Desa)
Matan Hilir Selatan,Sungai Besar,"Selasa, 08 September 2026 20:14:00",NASA-MODIS,Low,110.20613,-1.89185,False,False,True,True,False,True,Di Luar Area Pantauan (>1000m dari Desa)
Sungai Ambawang,Pasak Piang,"Selasa, 08 September 2026 20:14:00",NASA-MODIS,Medium,109.60352,-0.14948,False,False,False,True,False,True,Di Luar Area Pantauan (>1000m dari Desa)
Simpang Hilir,Matan Jaya,"Rabu, 09 September 2026 03:06:00",NASA-MODIS,Medium,110.11024,-1.09025,False,False,True,True,True,True,Di Luar Area Pantauan (>1000m dari Desa)
Sungai Raya,Kalibandung,"Rabu, 09 September 2026 03:06:00",NASA-MODIS,Medium,109.6432,-0.3217,False,False,False,True,False,True,Di Luar Area Pantauan (>1000m dari Desa)
Teluk Keramat,Tri Mandayan,"Selasa, 08 September 2026 20:16:00",NASA-MODIS,Medium,109.15446,1.48479,False,False,False,True,False,True,Di Luar Area Pantauan (>1000m dari Desa)
Kendawangan,Airhitam Hulu,"Selasa, 08 September 2026 20:14:00",NASA-MODIS,Medium,110.63721,-2.69077,False,False,False,False,False,False,Di Luar Area Pantauan (>1000m dari Desa)
Sungai Ambawang,Teluk Bakung,"Selasa, 08 September 2026 20:14:00",NASA-MODIS,Medium,109.69905,-0.06267,False,False,True,True,False,True,Di Luar Area Pantauan (>1000m dari Desa)
Sungai Raya,Sungaiasam,"Selasa, 08 September 2026 20:14:00",NASA-MODIS,Medium,109.48444,-0.28568,False,False,False,True,False,True,Di Luar Area Pantauan (>1000m dari Desa)
Sungai Ambawang,Pasak Piang,"Selasa, 08 September 2026 20:14:00",NASA-MODIS,Medium,109.61288,-0.14821,False,False,False,True,False,True,Di Luar Area Pantauan (>1000m dari Desa)
Sungai Ambawang,Teluk Bakung,"Selasa, 08 September 2026 20:14:00",NASA-MODIS,Medium,109.7348,-0.04858,False,False,False,True,False,True,Di Luar Area Pantauan (>1000m dari Desa)
Simpang Dua,Kampar Sebomban,"Selasa, 08 September 2026 20:14:00",NASA-MODIS,Medium,110.15945,-0.82939,False,False,True,False,False,True,Di Luar Area Pantauan (>1000m dari Desa)
Teluk Keramat,Tri Mandayan,"Selasa, 08 September 2026 20:16:00",NASA-MODIS,Medium,109.15574,1.47568,False,False,False,True,False,True,Di Luar Area Pantauan (>1000m dari Desa)
Ella Hilir,Nanga Nyuruh,"Selasa, 08 September 2026 20:14:00",NASA-MODIS,Medium,112.10471,-0.52389,False,False,False,False,False,False,Di Luar Area Pantauan (>1000m dari Desa)
Ella Hilir,Nanga Nyuruh,"Rabu, 09 September 2026 03:06:00",NASA-MODIS,Medium,112.1197,-0.49067,False,False,False,False,False,False,Di Luar Area Pantauan (>1000m dari Desa)
Ella Hilir,Nyanggau,"Selasa, 08 September 2026 20:14:00",NASA-MODIS,Medium,112.12791,-0.4936,False,False,False,False,False,False,Di Luar Area Pantauan (>1000m dari Desa)
Matan Hilir Utara,Kuala Satong,"Rabu, 09 September 2026 03:06:00",NASA-MODIS,Medium,110.13364,-1.41033,False,False,False,True,False,True,Di Luar Area Pantauan (>1000m dari Desa)
Ella Hilir,Nanga Nyuruh,"Selasa, 08 September 2026 20:14:00",NASA-MODIS,Medium,112.10867,-0.48721,False,False,False,False,False,False,Di Luar Area Pantauan (>1000m dari Desa)
Simpang Hilir,Matan Jaya,"Rabu, 09 September 2026 03:06:00",NASA-MODIS,Medium,110.17722,-1.05738,False,False,False,False,False,False,Di Luar Area Pantauan (>1000m dari Desa)
Kendawangan,Banjar Sari,"Selasa, 08 September 2026 20:14:00",NASA-MODIS,Medium,110.45533,-2.41977,False,False,False,False,True,True,Di Luar Area Pantauan (>1000m dari Desa)
Simpang Hulu,Balai Pinang,"Selasa, 08 September 2026 20:14:00",NASA-MODIS,Medium,110.42027,-0.53513,False,False,False,False,False,False,Di Luar Area Pantauan (>1000m dari Desa)
Belitang Hulu,Sebetung,"Selasa, 08 September 2026 20:16:00",NASA-MODIS,Medium,111.00915,0.70889,False,False,False,False,False,False,Di Luar Area Pantauan (>1000m dari Desa)
Matan Hilir Selatan,Sungai Pelang,"Rabu, 09 September 2026 03:06:00",NASA-MODIS,Medium,110.23795,-1.83948,False,False,False,True,False,True,Di Luar Area Pantauan (>1000m dari Desa)
Sungai Ambawang,Teluk Bakung,"Selasa, 08 September 2026 20:14:00",NASA-MODIS,Medium,109.68851,-0.0549,False,False,False,True,False,True,Di Luar Area Pantauan (>1000m dari Desa)
Kendawangan,Air Hitam Besar,"Selasa, 08 September 2026 20:14:00",NASA-MODIS,Medium,110.76397,-2.76574,False,False,False,True,False,True,Di Luar Area Pantauan (>1000m dari Desa)
Manis Mata,Suka Ramai,"Selasa, 08 September 2026 20:14:00",NASA-MODIS,Medium,111.17242,-2.68967,False,False,False,False,False,False,Di Luar Area Pantauan (>1000m dari Desa)
Belimbing,Sepan Tonak,"Selasa, 08 September 2026 20:14:00",NASA-MODIS,Medium,111.60666,-0.22337,False,False,False,False,False,False,Di Luar Area Pantauan (>1000m dari Desa)
Manis Mata,Silat,"Selasa, 08 September 2026 20:14:00",NASA-MODIS,Medium,110.95513,-2.24962,False,False,False,False,False,False,Di Luar Area Pantauan (>1000m dari Desa)
Manis Mata,Pakit Selaba,"Selasa, 08 September 2026 20:14:00",NASA-MODIS,Medium,111.01449,-2.22346,False,False,False,False,False,False,Di Luar Area Pantauan (>1000m dari Desa)
Terentang,Betuah,"Selasa, 08 September 2026 20:14:00",NASA-MODIS,Medium,109.94061,-0.49973,False,False,False,False,False,False,Di Luar Area Pantauan (>1000m dari Desa)
Matan Hilir Selatan,Sungai Besar,"Selasa, 08 September 2026 20:14:00",NASA-MODIS,Medium,110.17606,-1.87766,False,False,True,True,False,True,Di Luar Area Pantauan (>1000m dari Desa)
Kendawangan,Kedondong,"Selasa, 08 September 2026 20:14:00",NASA-MODIS,Medium,110.34384,-2.26074,False,False,False,False,False,False,Di Luar Area Pantauan (>1000m dari Desa)
Benua Kayong,Negeri Baru,"Selasa, 08 September 2026 20:14:00",NASA-MODIS,Medium,110.19578,-1.79199,False,False,False,True,False,True,Di Luar Area Pantauan (>1000m dari Desa)
Simpang Hilir,Penjalaan,"Rabu, 09 September 2026 03:06:00",NASA-MODIS,Medium,110.05984,-1.1228,False,False,True,True,False,True,Di Luar Area Pantauan (>1000m dari Desa)
Kendawangan,Air Hitam Besar,"Selasa, 08 September 2026 20:14:00",NASA-MODIS,Medium,110.78197,-2.74351,False,False,False,False,True,True,Di Luar Area Pantauan (>1000m dari Desa)
Simpang Hilir,Padu Banjar,"Rabu, 09 September 2026 03:06:00",NASA-MODIS,Medium,109.88442,-1.01351,False,False,False,False,False,False,Di Luar Area Pantauan (>1000m dari Desa)
Sungai Ambawang,Lingga,"Selasa, 08 September 2026 20:14:00",NASA-MODIS,Medium,109.65214,-0.13365,False,False,True,True,False,True,Di Luar Area Pantauan (>1000m dari Desa)
Manis Mata,Silat,"Rabu, 09 September 2026 01:15:00",NASA-SNPP,Medium,110.9399,-2.27369,False,False,False,False,False,False,Di Luar Area Pantauan (>1000m dari Desa)
Simpang Hulu,Kualan Hilir,"Selasa, 08 September 2026 20:14:00",NASA-MODIS,Medium,110.1743,-0.60529,False,False,False,False,False,False,Di Luar Area Pantauan (>1000m dari Desa)
Sungai Melayu Rayak,Makmur Abadi,"Rabu, 09 September 2026 01:15:00",NASA-SNPP,Medium,110.2431,-1.77346,False,False,False,True,False,True,Di Luar Area Pantauan (>1000m dari Desa)
Sungai Melayu Rayak,Makmur Abadi,"Rabu, 09 September 2026 01:15:00",NASA-SNPP,Medium,110.24655,-1.77401,False,False,False,True,False,True,Di Luar Area Pantauan (>1000m dari Desa)
Kendawangan,Air Hitam Besar,"Rabu, 09 September 2026 01:15:00",NASA-SNPP,Medium,110.64137,-2.78474,False,False,False,False,False,False,Di Luar Area Pantauan (>1000m dari Desa)
Kendawangan,Airhitam Hulu,"Rabu, 09 September 2026 01:15:00",NASA-SNPP,Medium,110.63993,-2.70246,False,False,False,False,False,False,Di Luar Area Pantauan (>1000m dari Desa)
Manis Mata,Silat,"Rabu, 09 September 2026 01:15:00",NASA-SNPP,Medium,110.93444,-2.26254,False,False,False,False,False,False,Di Luar Area Pantauan (>1000m dari Desa)
Sungai Melayu Rayak,Makmur Abadi,"Rabu, 09 September 2026 01:15:00",NASA-SNPP,Medium,110.24603,-1.77733,False,False,False,True,False,True,Di Luar Area Pantauan (>1000m dari Desa)
Sukadana,Sejahtera,"Rabu, 09 September 2026 01:15:00",NASA-SNPP,Medium,110.05153,-1.26299,False,False,True,True,True,True,Di Luar Area Pantauan (>1000m dari Desa)
Kendawangan,Air Hitam Besar,"Rabu, 09 September 2026 01:15:00",NASA-SNPP,Medium,110.66609,-2.74078,False,False,False,False,False,False,Di Luar Area Pantauan (>1000m dari Desa)
Manis Mata,Seguling,"Rabu, 09 September 2026 01:15:00",NASA-SNPP,Medium,111.08558,-2.56626,False,False,False,False,False,False,Di Luar Area Pantauan (>1000m dari Desa)
Manis Mata,Seguling,"Rabu, 09 September 2026 01:15:00",NASA-SNPP,Medium,111.08807,-2.57353,False,False,False,False,False,False,Di Luar Area Pantauan (>1000m dari Desa)
Matan Hilir Selatan,Sungai Besar,"Rabu, 09 September 2026 01:15:00",NASA-SNPP,Medium,110.20717,-1.88993,False,False,True,True,False,True,Di Luar Area Pantauan (>1000m dari Desa)
Matan Hilir Selatan,Sungai Besar,"Rabu, 09 September 2026 01:15:00",NASA-SNPP,Medium,110.19599,-1.87114,False,False,True,True,False,True,Di Luar Area Pantauan (>1000m dari Desa)
Kendawangan,Airhitam Hulu,"Rabu, 09 September 2026 01:15:00",NASA-SNPP,Medium,110.61509,-2.65884,False,False,False,False,False,False,Di Luar Area Pantauan (>1000m dari Desa)
Matan Hilir Selatan,Sungai Besar,"Rabu, 09 September 2026 01:15:00",NASA-SNPP,Medium,110.20873,-1.87997,False,False,True,True,False,True,Di Luar Area Pantauan (>1000m dari Desa)
Kendawangan,Air Hitam Besar,"Rabu, 09 September 2026 01:15:00",NASA-SNPP,Medium,110.77278,-2.76789,False,False,False,True,False,True,Di Luar Area Pantauan (>1000m dari Desa)
Kendawangan,Airhitam Hulu,"Rabu, 09 September 2026 01:15:00",NASA-SNPP,Medium,110.61841,-2.68329,False,False,False,False,False,False,Di Luar Area Pantauan (>1000m dari Desa)
Matan Hilir Selatan,Sungai Besar,"Rabu, 09 September 2026 01:15:00",NASA-SNPP,Medium,110.20632,-1.87278,False,False,False,True,False,True,Di Luar Area Pantauan (>1000m dari Desa)
Manis Mata,Air Dekakah,"Rabu, 09 September 2026 01:15:00",NASA-SNPP,Medium,110.98507,-2.35117,False,False,False,False,False,False,Di Luar Area Pantauan (>1000m dari Desa)
Kendawangan,Air Hitam Besar,"Rabu, 09 September 2026 01:15:00",NASA-SNPP,Medium,110.66906,-2.74467,False,False,False,False,False,False,Di Luar Area Pantauan (>1000m dari Desa)
Kendawangan,Air Hitam Besar,"Rabu, 09 September 2026 01:15:00",NASA-SNPP,Medium,110.66313,-2.73689,False,False,False,False,False,False,Di Luar Area Pantauan (>1000m dari Desa)
Nanga Tayap,Batu Mas,"Rabu, 09 September 2026 01:15:00",NASA-SNPP,Medium,110.6546,-1.70033,False,False,True,False,False,True,Di Luar Area Pantauan (>1000m dari Desa)
Kendawangan,Airhitam Hulu,"Rabu, 09 September 2026 01:15:00",NASA-SNPP,Medium,110.64394,-2.69968,False,False,False,False,False,False,Di Luar Area Pantauan (>1000m dari Desa)
Kendawangan,Seriam,"Rabu, 09 September 2026 01:15:00",NASA-SNPP,Medium,110.32918,-2.64325,False,False,False,False,True,True,Di Luar Area Pantauan (>1000m dari Desa)
Kendawangan,Airhitam Hulu,"Rabu, 09 September 2026 01:15:00",NASA-SNPP,Medium,110.64498,-2.693,False,False,False,False,False,False,Di Luar Area Pantauan (>1000m dari Desa)
Kendawangan,Airhitam Hulu,"Rabu, 09 September 2026 01:15:00",NASA-SNPP,Medium,110.63104,-2.69081,False,False,False,False,False,False,Di Luar Area Pantauan (>1000m dari Desa)
Kendawangan,Airhitam Hulu,"Rabu, 09 September 2026 01:15:00",NASA-SNPP,Medium,110.64446,-2.69634,False,False,False,False,False,False,Di Luar Area Pantauan (>1000m dari Desa)
Kendawangan,Airhitam Hulu,"Rabu, 09 September 2026 01:15:00",NASA-SNPP,Medium,110.61909,-2.65606,False,False,False,False,False,False,Di Luar Area Pantauan (>1000m dari Desa)
Muara Pawan,Ulak Medang,"Rabu, 09 September 2026 01:15:00",NASA-SNPP,Medium,110.27911,-1.52242,False,False,True,True,False,True,Di Luar Area Pantauan (>1000m dari Desa)
Kendawangan,Air Hitam Besar,"Rabu, 09 September 2026 01:15:00",NASA-SNPP,Medium,110.78202,-2.73166,False,False,False,False,True,True,Di Luar Area Pantauan (>1000m dari Desa)
Kendawangan,Airhitam Hulu,"Rabu, 09 September 2026 01:15:00",NASA-SNPP,Medium,110.6429,-2.70635,False,False,False,False,False,False,Di Luar Area Pantauan (>1000m dari Desa)
Matan Hilir Selatan,Sungai Besar,"Rabu, 09 September 2026 01:15:00",NASA-SNPP,Medium,110.19995,-1.86837,False,False,True,True,False,True,Di Luar Area Pantauan (>1000m dari Desa)
Kendawangan,Airhitam Hulu,"Rabu, 09 September 2026 01:15:00",NASA-SNPP,Medium,110.63749,-2.69524,False,False,False,False,False,False,Di Luar Area Pantauan (>1000m dari Desa)
Kendawangan,Airhitam Hulu,"Rabu, 09 September 2026 01:15:00",NASA-SNPP,Medium,110.64986,-2.70745,False,False,False,False,False,False,Di Luar Area Pantauan (>1000m dari Desa)
Kendawangan,Airhitam Hulu,"Rabu, 09 September 2026 01:15:00",NASA-SNPP,Medium,110.61301,-2.67218,False,False,False,False,False,False,Di Luar Area Pantauan (>1000m dari Desa)
Sukadana,Sejahtera,"Rabu, 09 September 2026 01:15:00",NASA-SNPP,Medium,110.10908,-1.27891,False,False,True,True,True,True,Di Luar Area Pantauan (>1000m dari Desa)
Muara Pawan,Ulak Medang,"Rabu, 09 September 2026 01:15:00",NASA-SNPP,Medium,110.28542,-1.64177,False,False,False,True,False,True,Di Luar Area Pantauan (>1000m dari Desa)
Muara Pawan,Ulak Medang,"Rabu, 09 September 2026 01:15:00",NASA-SNPP,Medium,110.28094,-1.64786,False,False,False,True,False,True,Di Luar Area Pantauan (>1000m dari Desa)
Matan Hilir Utara,Lamon Satong,"Rabu, 09 September 2026 01:15:00",NASA-SNPP,Medium,110.2366,-1.47826,False,False,True,True,False,True,Di Luar Area Pantauan (>1000m dari Desa)
Muara Pawan,Ulak Medang,"Rabu, 09 September 2026 01:15:00",NASA-SNPP,Medium,110.27859,-1.52574,False,False,True,True,False,True,Di Luar Area Pantauan (>1000m dari Desa)
Kendawangan,Airhitam Hulu,"Rabu, 09 September 2026 01:15:00",NASA-SNPP,Medium,110.61214,-2.65495,False,False,False,False,False,False,Di Luar Area Pantauan (>1000m dari Desa)
Kendawangan,Seriam,"Rabu, 09 September 2026 01:15:00",NASA-SNPP,Medium,110.32572,-2.6427,False,False,False,False,True,True,Di Luar Area Pantauan (>1000m dari Desa)
Matan Hilir Selatan,Sungai Besar,"Rabu, 09 September 2026 01:15:00",NASA-SNPP,Medium,110.19943,-1.87169,False,False,True,True,False,True,Di Luar Area Pantauan (>1000m dari Desa)
Muara Pawan,Ulak Medang,"Rabu, 09 September 2026 01:15:00",NASA-SNPP,Medium,110.28146,-1.64454,False,False,False,True,False,True,Di Luar Area Pantauan (>1000m dari Desa)
Manis Mata,Seguling,"Rabu, 09 September 2026 01:15:00",NASA-SNPP,Medium,111.08859,-2.57017,False,False,False,False,False,False,Di Luar Area Pantauan (>1000m dari Desa)
Kendawangan,Airhitam Hulu,"Rabu, 09 September 2026 01:15:00",NASA-SNPP,Medium,110.63802,-2.69191,False,False,False,False,False,False,Di Luar Area Pantauan (>1000m dari Desa)
Kendawangan,Airhitam Hulu,"Rabu, 09 September 2026 01:15:00",NASA-SNPP,Medium,110.63452,-2.69136,False,False,False,False,False,False,Di Luar Area Pantauan (>1000m dari Desa)
Kendawangan,Airhitam Hulu,"Rabu, 09 September 2026 01:15:00",NASA-SNPP,Medium,110.64045,-2.69913,False,False,False,False,False,False,Di Luar Area Pantauan (>1000m dari Desa)
Kendawangan,Air Hitam Besar,"Rabu, 09 September 2026 01:15:00",NASA-SNPP,Medium,110.78552,-2.73222,False,False,False,False,True,True,Di Luar Area Pantauan (>1000m dari Desa)
Kendawangan,Airhitam Hulu,"Rabu, 09 September 2026 01:15:00",NASA-SNPP,Medium,110.64899,-2.69022,False,False,False,False,False,False,Di Luar Area Pantauan (>1000m dari Desa)
Kendawangan,Airhitam Hulu,"Rabu, 09 September 2026 01:15:00",NASA-SNPP,Medium,110.60866,-2.6544,False,False,False,False,False,False,Di Luar Area Pantauan (>1000m dari Desa)
Kendawangan,Airhitam Hulu,"Rabu, 09 September 2026 01:15:00",NASA-SNPP,Medium,110.61562,-2.65551,False,False,False,False,False,False,Di Luar Area Pantauan (>1000m dari Desa)
Kendawangan,Kedondong,"Rabu, 09 September 2026 01:15:00",NASA-SNPP,Medium,110.31619,-2.27614,False,False,False,False,False,False,Di Luar Area Pantauan (>1000m dari Desa)
Kendawangan,Kedondong,"Rabu, 09 September 2026 01:15:00",NASA-SNPP,Medium,110.31567,-2.27947,False,False,False,False,False,False,Di Luar Area Pantauan (>1000m dari Desa)
Muara Pawan,Ulak Medang,"Rabu, 09 September 2026 01:15:00",NASA-SNPP,Medium,110.28703,-1.51687,False,False,True,True,False,True,Di Luar Area Pantauan (>1000m dari Desa)
Matan Hilir Selatan,Sungai Besar,"Rabu, 09 September 2026 01:15:00",NASA-SNPP,Medium,110.20047,-1.86505,False,False,False,True,False,True,Di Luar Area Pantauan (>1000m dari Desa)
Muara Pawan,Ulak Medang,"Rabu, 09 September 2026 01:15:00",NASA-SNPP,Medium,110.28255,-1.52297,False,False,True,True,False,True,Di Luar Area Pantauan (>1000m dari Desa)
Sungai Melayu Rayak,Makmur Abadi,"Rabu, 09 September 2026 01:15:00",NASA-SNPP,Medium,110.24414,-1.76682,False,False,False,True,False,True,Di Luar Area Pantauan (>1000m dari Desa)
Muara Pawan,Ulak Medang,"Rabu, 09 September 2026 01:15:00",NASA-SNPP,Medium,110.28307,-1.51965,False,False,True,True,False,True,Di Luar Area Pantauan (>1000m dari Desa)
Matan Hilir Utara,Kuala Satong,"Rabu, 09 September 2026 01:15:00",NASA-SNPP,Medium,110.12627,-1.41655,False,False,False,True,False,True,Di Luar Area Pantauan (>1000m dari Desa)
Nanga Tayap,Simpang Tiga Sembelangaan,"Rabu, 09 September 2026 01:15:00",NASA-SNPP,Medium,110.39044,-1.46522,False,False,False,False,False,False,Di Luar Area Pantauan (>1000m dari Desa)
Sukadana,Sejahtera,"Rabu, 09 September 2026 01:15:00",NASA-SNPP,Medium,110.11252,-1.27946,False,False,True,True,True,True,Di Luar Area Pantauan (>1000m dari Desa)
Muara Pawan,Ulak Medang,"Rabu, 09 September 2026 01:15:00",NASA-SNPP,Medium,110.28439,-1.64841,False,False,False,True,False,True,Di Luar Area Pantauan (>1000m dari Desa)
Manis Mata,Batu Sedau,"Rabu, 09 September 2026 01:15:00",NASA-SNPP,Medium,111.06682,-2.40531,False,False,False,False,False,False,Di Luar Area Pantauan (>1000m dari Desa)
Kendawangan,Kedondong,"Rabu, 09 September 2026 01:15:00",NASA-SNPP,Medium,110.326,-2.2811,False,False,False,False,False,False,Di Luar Area Pantauan (>1000m dari Desa)
Kendawangan,Airhitam Hulu,"Rabu, 09 September 2026 01:15:00",NASA-SNPP,Medium,110.64201,-2.68912,False,False,False,False,False,False,Di Luar Area Pantauan (>1000m dari Desa)
Kendawangan,Airhitam Hulu,"Rabu, 09 September 2026 01:15:00",NASA-SNPP,Medium,110.61874,-2.6355,False,False,True,False,False,True,Di Luar Area Pantauan (>1000m dari Desa)
Teluk Keramat,Tri Mandayan,"Rabu, 09 September 2026 01:34:00",NASA-NOAA20,Medium,109.16332,1.48356,False,False,False,True,False,True,Di Luar Area Pantauan (>1000m dari Desa)
Teluk Keramat,Tri Mandayan,"Rabu, 09 September 2026 01:34:00",NASA-NOAA20,Medium,109.14805,1.48602,False,False,False,True,False,True,Di Luar Area Pantauan (>1000m dari Desa)
Teluk Keramat,Tri Mandayan,"Rabu, 09 September 2026 01:34:00",NASA-NOAA20,Medium,109.14742,1.48205,False,False,False,True,False,True,Di Luar Area Pantauan (>1000m dari Desa)
Teluk Keramat,Tri Mandayan,"Rabu, 09 September 2026 01:34:00",NASA-NOAA20,Medium,109.16779,1.47877,False,False,False,True,False,True,Di Luar Area Pantauan (>1000m dari Desa)
Teluk Keramat,Tri Mandayan,"Rabu, 09 September 2026 01:34:00",NASA-NOAA20,Medium,109.16206,1.47562,False,False,False,True,False,True,Di Luar Area Pantauan (>1000m dari Desa)
Teluk Keramat,Tri Mandayan,"Rabu, 09 September 2026 01:34:00",NASA-NOAA20,Medium,109.14678,1.47809,False,False,False,True,False,True,Di Luar Area Pantauan (>1000m dari Desa)
Teluk Keramat,Lela,"Rabu, 09 September 2026 01:34:00",NASA-NOAA20,Medium,109.13885,1.44012,False,False,False,True,False,True,Di Luar Area Pantauan (>1000m dari Desa)
Mempawah Hilir,Malikian,"Rabu, 09 September 2026 01:34:00",NASA-NOAA20,Medium,109.04544,0.47152,False,False,True,True,False,True,Di Luar Area Pantauan (>1000m dari Desa)
Ella Hilir,Nyanggau,"Rabu, 09 September 2026 01:34:00",NASA-NOAA20,Medium,112.12495,-0.49353,False,False,False,False,False,False,Di Luar Area Pantauan (>1000m dari Desa)
Menukung,Nanga Ella Hulu,"Rabu, 09 September 2026 01:34:00",NASA-NOAA20,Medium,112.15163,-0.38993,False,False,False,False,False,False,Di Luar Area Pantauan (>1000m dari Desa)
Ella Hilir,Nyanggau,"Rabu, 09 September 2026 01:34:00",NASA-NOAA20,Medium,112.12796,-0.494,False,False,False,False,False,False,Di Luar Area Pantauan (>1000m dari Desa)
Sungai Raya,Sungaiasam,"Rabu, 09 September 2026 01:34:00",NASA-NOAA20,Medium,109.48289,-0.2842,False,False,False,True,False,True,Di Luar Area Pantauan (>1000m dari Desa)
Sungai Raya,Sungaiasam,"Rabu, 09 September 2026 01:34:00",NASA-NOAA20,Medium,109.47848,-0.28777,False,False,False,True,False,True,Di Luar Area Pantauan (>1000m dari Desa)
Sungai Raya,Kalibandung,"Rabu, 09 September 2026 01:34:00",NASA-NOAA20,Medium,109.62917,-0.32444,False,False,False,True,False,True,Di Luar Area Pantauan (>1000m dari Desa)
Sungai Raya,Kalibandung,"Rabu, 09 September 2026 01:34:00",NASA-NOAA20,Medium,109.63303,-0.32505,False,False,False,True,False,True,Di Luar Area Pantauan (>1000m dari Desa)
Sungai Raya,Kalibandung,"Rabu, 09 September 2026 01:34:00",NASA-NOAA20,Medium,109.64462,-0.32689,False,False,False,True,False,True,Di Luar Area Pantauan (>1000m dari Desa)
Sungai Raya,Kalibandung,"Rabu, 09 September 2026 01:34:00",NASA-NOAA20,Medium,109.6401,-0.33048,False,False,False,True,False,True,Di Luar Area Pantauan (>1000m dari Desa)
Sungai Raya,Kalibandung,"Rabu, 09 September 2026 01:34:00",NASA-NOAA20,Medium,109.64782,-0.33171,False,False,False,True,False,True,Di Luar Area Pantauan (>1000m dari Desa)
Sungai Raya,Kalibandung,"Rabu, 09 September 2026 01:34:00",NASA-NOAA20,Medium,109.63557,-0.33407,False,False,False,True,False,True,Di Luar Area Pantauan (>1000m dari Desa)
Sungai Raya,Kalibandung,"Rabu, 09 September 2026 01:34:00",NASA-NOAA20,Medium,109.63876,-0.33889,False,False,False,True,False,True,Di Luar Area Pantauan (>1000m dari Desa)
Kubu,Kubu,"Rabu, 09 September 2026 01:34:00",NASA-NOAA20,Medium,109.56592,-0.48356,False,False,False,True,False,True,Di Luar Area Pantauan (>1000m dari Desa)
Kubu,Kubu,"Rabu, 09 September 2026 01:34:00",NASA-NOAA20,Medium,109.54539,-0.48897,False,False,False,True,False,True,Di Luar Area Pantauan (>1000m dari Desa)
Kubu,Kubu,"Rabu, 09 September 2026 01:34:00",NASA-NOAA20,Medium,109.56849,-0.49256,False,False,True,True,False,True,Di Luar Area Pantauan (>1000m dari Desa)
Kubu,Kubu,"Rabu, 09 September 2026 01:34:00",NASA-NOAA20,Medium,109.54858,-0.49377,False,False,True,True,False,True,Di Luar Area Pantauan (>1000m dari Desa)
Kubu,Kubu,"Rabu, 09 September 2026 01:34:00",NASA-NOAA20,Medium,109.55244,-0.49437,False,False,True,True,False,True,Di Luar Area Pantauan (>1000m dari Desa)
Kubu,Kubu,"Rabu, 09 September 2026 01:34:00",NASA-NOAA20,Medium,109.56016,-0.49557,False,False,True,True,False,True,Di Luar Area Pantauan (>1000m dari Desa)
Simpang Dua,Kampar Sebomban,"Rabu, 09 September 2026 01:34:00",NASA-NOAA20,Medium,110.15686,-0.83146,False,False,True,False,False,True,Di Luar Area Pantauan (>1000m dari Desa)
Simpang Dua,Kampar Sebomban,"Rabu, 09 September 2026 01:34:00",NASA-NOAA20,Medium,110.14633,-0.8433,False,False,True,True,False,True,Di Luar Area Pantauan (>1000m dari Desa)
Simpang Dua,Kampar Sebomban,"Rabu, 09 September 2026 01:34:00",NASA-NOAA20,Medium,110.20644,-0.8799,False,False,False,False,False,False,Di Luar Area Pantauan (>1000m dari Desa)
Batu Ampar,Batu Ampar,"Rabu, 09 September 2026 01:34:00",NASA-NOAA20,Medium,109.54926,-0.78353,False,False,False,True,True,True,Di Luar Area Pantauan (>1000m dari Desa)
Simpang Dua,Kampar Sebomban,"Rabu, 09 September 2026 01:34:00",NASA-NOAA20,Medium,110.19643,-0.88734,False,False,True,False,False,True,Di Luar Area Pantauan (>1000m dari Desa)
Galing,Tempapan Hulu,"Rabu, 09 September 2026 01:34:00",NASA-NOAA20,Medium,109.35195,1.67003,False,False,False,False,False,False,Di Luar Area Pantauan (>1000m dari Desa)
Teluk Keramat,Tri Mandayan,"Rabu, 09 September 2026 01:34:00",NASA-NOAA20,Medium,109.15633,1.47248,False,False,False,True,False,True,Di Luar Area Pantauan (>1000m dari Desa)
Teluk Keramat,Tri Mandayan,"Rabu, 09 September 2026 01:34:00",NASA-NOAA20,Medium,109.16718,1.4748,False,False,False,True,False,True,Di Luar Area Pantauan (>1000m dari Desa)
Simpang Dua,Kampar Sebomban,"Rabu, 09 September 2026 01:34:00",NASA-NOAA20,Medium,110.1784,-0.90216,False,False,False,False,False,False,Di Luar Area Pantauan (>1000m dari Desa)
Simpang Dua,Kampar Sebomban,"Rabu, 09 September 2026 01:34:00",NASA-NOAA20,Medium,110.18628,-0.90788,False,False,False,False,False,False,Di Luar Area Pantauan (>1000m dari Desa)
Batu Ampar,Teluknibung,"Rabu, 09 September 2026 01:34:00",NASA-NOAA20,Medium,109.51968,-0.82659,False,True,True,True,True,True,Prioritas 3 (Rendah)
Simpang Hilir,Lubuk Batu,"Rabu, 09 September 2026 01:34:00",NASA-NOAA20,Medium,110.09362,-0.94296,False,False,False,False,False,False,Di Luar Area Pantauan (>1000m dari Desa)
Simpang Hilir,Sungaimata-Mata,"Rabu, 09 September 2026 01:34:00",NASA-NOAA20,Medium,109.98254,-0.93882,False,False,True,True,False,True,Di Luar Area Pantauan (>1000m dari Desa)
Simpang Hilir,Batu Barat,"Rabu, 09 September 2026 01:34:00",NASA-NOAA20,Medium,110.04874,-0.95379,False,False,True,True,False,True,Di Luar Area Pantauan (>1000m dari Desa)
Simpang Hilir,Batu Barat,"Rabu, 09 September 2026 01:34:00",NASA-NOAA20,Medium,110.04739,-0.96253,False,False,False,True,False,True,Di Luar Area Pantauan (>1000m dari Desa)
Simpang Hilir,Batu Barat,"Rabu, 09 September 2026 01:34:00",NASA-NOAA20,Medium,110.04538,-0.97565,False,False,False,True,False,True,Di Luar Area Pantauan (>1000m dari Desa)
Simpang Hilir,Sungaimata-Mata,"Rabu, 09 September 2026 01:34:00",NASA-NOAA20,Medium,109.93642,-0.9626,False,False,True,True,False,True,Di Luar Area Pantauan (>1000m dari Desa)
Simpang Hilir,Sungaimata-Mata,"Rabu, 09 September 2026 01:34:00",NASA-NOAA20,Medium,109.94054,-0.96326,False,False,True,True,False,True,Di Luar Area Pantauan (>1000m dari Desa)
Simpang Hilir,Batu Barat,"Rabu, 09 September 2026 01:34:00",NASA-NOAA20,Medium,110.04691,-0.97219,False,False,False,True,False,True,Di Luar Area Pantauan (>1000m dari Desa)
Simpang Hilir,Sungaimata-Mata,"Rabu, 09 September 2026 01:34:00",NASA-NOAA20,Medium,109.94111,-0.96495,False,False,True,True,False,True,Di Luar Area Pantauan (>1000m dari Desa)
Simpang Hilir,Sungaimata-Mata,"Rabu, 09 September 2026 01:34:00",NASA-NOAA20,Medium,109.93909,-0.97797,False,False,True,True,False,True,Di Luar Area Pantauan (>1000m dari Desa)
Simpang Hilir,Matan Jaya,"Rabu, 09 September 2026 01:34:00",NASA-NOAA20,Medium,110.12656,-1.04737,False,False,False,False,False,False,Di Luar Area Pantauan (>1000m dari Desa)
Simpang Hilir,Matan Jaya,"Rabu, 09 September 2026 01:34:00",NASA-NOAA20,Medium,110.16793,-1.06289,False,False,False,False,False,False,Di Luar Area Pantauan (>1000m dari Desa)
Simpang Hilir,Matan Jaya,"Rabu, 09 September 2026 01:34:00",NASA-NOAA20,Medium,110.0962,-1.0741,False,False,False,False,True,True,Di Luar Area Pantauan (>1000m dari Desa)
Simpang Hilir,Matan Jaya,"Rabu, 09 September 2026 01:34:00",NASA-NOAA20,Medium,110.14175,-1.09037,False,False,False,True,True,True,Di Luar Area Pantauan (>1000m dari Desa)
Simpang Hilir,Matan Jaya,"Rabu, 09 September 2026 01:34:00",NASA-NOAA20,Medium,110.13055,-1.08826,False,False,True,True,True,True,Di Luar Area Pantauan (>1000m dari Desa)
Simpang Hilir,Matan Jaya,"Rabu, 09 September 2026 01:34:00",NASA-NOAA20,Medium,110.12627,-1.08761,False,False,True,True,True,True,Di Luar Area Pantauan (>1000m dari Desa)
Simpang Hilir,Matan Jaya,"Rabu, 09 September 2026 01:34:00",NASA-NOAA20,Medium,110.14709,-1.09528,False,False,False,False,True,True,Di Luar Area Pantauan (>1000m dari Desa)
Simpang Hilir,Penjalaan,"Rabu, 09 September 2026 01:34:00",NASA-NOAA20,Medium,110.06055,-1.11803,False,False,True,False,False,True,Di Luar Area Pantauan (>1000m dari Desa)
Simpang Hilir,Penjalaan,"Rabu, 09 September 2026 01:34:00",NASA-NOAA20,Medium,110.05136,-1.1211,False,False,True,True,False,True,Di Luar Area Pantauan (>1000m dari Desa)
Sukadana,Sedahan Jaya,"Rabu, 09 September 2026 01:34:00",NASA-NOAA20,Medium,110.0482,-1.16999,False,False,True,True,True,True,Di Luar Area Pantauan (>1000m dari Desa)
Matan Hilir Utara,Kuala Satong,"Rabu, 09 September 2026 01:34:00",NASA-NOAA20,Medium,110.12442,-1.41185,False,False,False,True,False,True,Di Luar Area Pantauan (>1000m dari Desa)
Nanga Tayap,Betenung,"Rabu, 09 September 2026 01:34:00",NASA-NOAA20,Medium,110.82988,-1.57951,False,False,True,False,False,True,Di Luar Area Pantauan (>1000m dari Desa)
Simpang Hilir,Batu Barat,"Rabu, 09 September 2026 01:34:00",NASA-NOAA20,Medium,110.04253,-0.96623,False,False,False,True,False,True,Di Luar Area Pantauan (>1000m dari Desa)
Simpang Hilir,Batu Barat,"Rabu, 09 September 2026 01:34:00",NASA-NOAA20,Medium,110.04672,-0.9669,False,False,False,True,False,True,Di Luar Area Pantauan (>1000m dari Desa)
Simpang Hilir,Sungaimata-Mata,"Rabu, 09 September 2026 01:34:00",NASA-NOAA20,Medium,109.94458,-0.96992,False,False,True,True,False,True,Di Luar Area Pantauan (>1000m dari Desa)
Simpang Hilir,Matan Jaya,"Rabu, 09 September 2026 01:34:00",NASA-NOAA20,Medium,110.13315,-1.08899,False,False,True,True,True,True,Di Luar Area Pantauan (>1000m dari Desa)
Simpang Hilir,Matan Jaya,"Rabu, 09 September 2026 01:34:00",NASA-NOAA20,Medium,110.10262,-1.08862,False,False,True,True,True,True,Di Luar Area Pantauan (>1000m dari Desa)
Simpang Hilir,Matan Jaya,"Rabu, 09 September 2026 01:34:00",NASA-NOAA20,Medium,110.14348,-1.09022,False,False,False,True,True,True,Di Luar Area Pantauan (>1000m dari Desa)
Simpang Hilir,Matan Jaya,"Rabu, 09 September 2026 01:34:00",NASA-NOAA20,Medium,110.1478,-1.09087,False,False,False,False,True,True,Di Luar Area Pantauan (>1000m dari Desa)
Simpang Hilir,Matan Jaya,"Rabu, 09 September 2026 01:34:00",NASA-NOAA20,Medium,110.10423,-1.08876,False,False,True,True,True,True,Di Luar Area Pantauan (>1000m dari Desa)
Simpang Hilir,Penjalaan,"Rabu, 09 September 2026 01:34:00",NASA-NOAA20,Medium,110.04999,-1.12986,False,False,True,True,False,True,Di Luar Area Pantauan (>1000m dari Desa)
Simpang Hilir,Penjalaan,"Rabu, 09 September 2026 01:34:00",NASA-NOAA20,Medium,110.0549,-1.12613,False,False,True,True,False,True,Di Luar Area Pantauan (>1000m dari Desa)
Simpang Hilir,Rantau Panjang,"Rabu, 09 September 2026 01:34:00",NASA-NOAA20,Medium,110.0451,-1.13359,False,False,True,True,False,True,Di Luar Area Pantauan (>1000m dari Desa)
Simpang Hilir,Penjalaan,"Rabu, 09 September 2026 01:34:00",NASA-NOAA20,Medium,110.05067,-1.12548,False,False,True,True,False,True,Di Luar Area Pantauan (>1000m dari Desa)
Simpang Hilir,Rantau Panjang,"Rabu, 09 September 2026 01:34:00",NASA-NOAA20,Medium,110.04933,-1.13425,False,False,True,True,False,True,Di Luar Area Pantauan (>1000m dari Desa)
Matan Hilir Utara,Kuala Satong,"Rabu, 09 September 2026 01:34:00",NASA-NOAA20,Medium,110.12569,-1.41145,False,False,False,True,False,True,Di Luar Area Pantauan (>1000m dari Desa)
Galing,Tempapan Hulu,"Rabu, 09 September 2026 01:34:00",NASA-NOAA20,Medium,109.35132,1.66602,False,False,True,False,False,True,Di Luar Area Pantauan (>1000m dari Desa)
Galing,Tempapan Hulu,"Rabu, 09 September 2026 01:34:00",NASA-NOAA20,Medium,109.35478,1.66546,False,False,False,False,False,False,Di Luar Area Pantauan (>1000m dari Desa)
Kendawangan,Air Hitam Besar,"Rabu, 09 September 2026 01:34:00",NASA-NOAA20,Medium,110.76551,-2.76479,False,False,False,True,False,True,Di Luar Area Pantauan (>1000m dari Desa)
Galing,Tempapan Hulu,"Rabu, 09 September 2026 01:34:00",NASA-NOAA20,Medium,109.35542,1.66947,False,False,False,False,False,False,Di Luar Area Pantauan (>1000m dari Desa)
Teluk Keramat,Tri Mandayan,"Rabu, 09 September 2026 01:34:00",NASA-NOAA20,Medium,109.15823,1.48438,False,False,False,True,False,True,Di Luar Area Pantauan (>1000m dari Desa)
Teluk Keramat,Tri Mandayan,"Rabu, 09 September 2026 01:34:00",NASA-NOAA20,Medium,109.16843,1.48273,False,False,False,True,False,True,Di Luar Area Pantauan (>1000m dari Desa)
Ella Hilir,Nyanggau,"Rabu, 09 September 2026 01:34:00",NASA-NOAA20,Medium,112.12193,-0.49305,False,False,False,False,False,False,Di Luar Area Pantauan (>1000m dari Desa)
Menukung,Belaban Ella,"Rabu, 09 September 2026 01:34:00",NASA-NOAA20,Medium,112.20897,-0.54809,False,False,True,False,False,True,Di Luar Area Pantauan (>1000m dari Desa)
Menukung,Belaban Ella,"Rabu, 09 September 2026 01:34:00",NASA-NOAA20,Medium,112.2065,-0.54769,False,False,True,False,False,True,Di Luar Area Pantauan (>1000m dari Desa)
Menukung,Belaban Ella,"Rabu, 09 September 2026 01:34:00",NASA-NOAA20,Medium,112.20792,-0.55209,False,False,False,False,True,True,Di Luar Area Pantauan (>1000m dari Desa)
Sungai Raya,Kalibandung,"Rabu, 09 September 2026 01:34:00",NASA-NOAA20,Medium,109.63171,-0.33346,False,False,False,True,False,True,Di Luar Area Pantauan (>1000m dari Desa)
Sungai Raya,Kalibandung,"Rabu, 09 September 2026 01:34:00",NASA-NOAA20,Medium,109.62399,-0.33223,False,False,False,True,False,True,Di Luar Area Pantauan (>1000m dari Desa)
Sungai Raya,Kalibandung,"Rabu, 09 September 2026 01:34:00",NASA-NOAA20,Medium,109.62785,-0.33285,False,False,False,True,False,True,Di Luar Area Pantauan (>1000m dari Desa)
Sungai Raya,Kalibandung,"Rabu, 09 September 2026 01:34:00",NASA-NOAA20,Medium,109.6433,-0.3353,False,False,False,True,False,True,Di Luar Area Pantauan (>1000m dari Desa)
Kubu,Kubu,"Rabu, 09 September 2026 01:34:00",NASA-NOAA20,Medium,109.54473,-0.49317,False,False,False,True,False,True,Di Luar Area Pantauan (>1000m dari Desa)
Kubu,Kubu,"Rabu, 09 September 2026 01:34:00",NASA-NOAA20,Medium,109.55629,-0.49496,False,False,True,True,False,True,Di Luar Area Pantauan (>1000m dari Desa)
Kubu,Kubu,"Rabu, 09 September 2026 01:34:00",NASA-NOAA20,Medium,109.56401,-0.49617,False,False,True,True,False,True,Di Luar Area Pantauan (>1000m dari Desa)
Simpang Dua,Kampar Sebomban,"Rabu, 09 September 2026 01:34:00",NASA-NOAA20,Medium,110.15755,-0.82706,False,False,True,True,False,True,Di Luar Area Pantauan (>1000m dari Desa)
Simpang Dua,Kampar Sebomban,"Rabu, 09 September 2026 01:34:00",NASA-NOAA20,Medium,110.1618,-0.82773,False,False,True,False,False,True,Di Luar Area Pantauan (>1000m dari Desa)
Simpang Hilir,Batu Barat,"Rabu, 09 September 2026 01:34:00",NASA-NOAA20,Medium,110.14005,-0.8558,False,False,True,True,False,True,Di Luar Area Pantauan (>1000m dari Desa)
Simpang Dua,Kampar Sebomban,"Rabu, 09 September 2026 01:34:00",NASA-NOAA20,Medium,110.20931,-0.88941,False,False,False,False,False,False,Di Luar Area Pantauan (>1000m dari Desa)
Batu Ampar,Batu Ampar,"Rabu, 09 September 2026 01:34:00",NASA-NOAA20,Medium,109.55014,-0.78387,False,False,False,True,True,True,Di Luar Area Pantauan (>1000m dari Desa)
Simpang Dua,Kampar Sebomban,"Rabu, 09 September 2026 01:34:00",NASA-NOAA20,Medium,110.20756,-0.88404,False,False,False,False,False,False,Di Luar Area Pantauan (>1000m dari Desa)
Simpang Dua,Kampar Sebomban,"Rabu, 09 September 2026 01:34:00",NASA-NOAA20,Medium,110.21114,-0.88911,False,False,True,False,False,True,Di Luar Area Pantauan (>1000m dari Desa)
Simpang Dua,Kampar Sebomban,"Rabu, 09 September 2026 01:34:00",NASA-NOAA20,Medium,110.19396,-0.88649,False,False,True,False,False,True,Di Luar Area Pantauan (>1000m dari Desa)
Simpang Hilir,Matan Jaya,"Rabu, 09 September 2026 01:34:00",NASA-NOAA20,Medium,110.13484,-1.08891,False,False,True,True,True,True,Di Luar Area Pantauan (>1000m dari Desa)
Simpang Hilir,Matan Jaya,"Rabu, 09 September 2026 01:34:00",NASA-NOAA20,Medium,110.11964,-1.09135,False,False,True,True,True,True,Di Luar Area Pantauan (>1000m dari Desa)
Teluk Keramat,Tri Mandayan,"Rabu, 09 September 2026 01:34:00",NASA-NOAA20,Medium,109.17353,1.48191,False,False,False,True,False,True,Di Luar Area Pantauan (>1000m dari Desa)
Teluk Keramat,Tri Mandayan,"Rabu, 09 September 2026 01:34:00",NASA-NOAA20,Medium,109.17291,1.47794,False,False,False,True,False,True,Di Luar Area Pantauan (>1000m dari Desa)
Teluk Keramat,Tri Mandayan,"Rabu, 09 September 2026 01:34:00",NASA-NOAA20,Medium,109.14234,1.48287,False,False,False,True,False,True,Di Luar Area Pantauan (>1000m dari Desa)
Teluk Keramat,Tri Mandayan,"Rabu, 09 September 2026 01:34:00",NASA-NOAA20,Medium,109.1576,1.48041,False,False,False,True,False,True,Di Luar Area Pantauan (>1000m dari Desa)
Teluk Keramat,Tri Mandayan,"Rabu, 09 September 2026 01:34:00",NASA-NOAA20,Medium,109.16269,1.47959,False,False,False,True,False,True,Di Luar Area Pantauan (>1000m dari Desa)
Jawai,Sungai Nilam,"Rabu, 09 September 2026 01:34:00",NASA-NOAA20,Medium,109.13604,1.44327,False,False,False,True,False,True,Di Luar Area Pantauan (>1000m dari Desa)
Sebawi,Sebawi,"Rabu, 09 September 2026 01:34:00",NASA-NOAA20,Medium,109.22387,1.26511,False,False,False,False,False,False,Di Luar Area Pantauan (>1000m dari Desa)
Tebas,Maribas,"Rabu, 09 September 2026 01:34:00",NASA-NOAA20,Medium,109.31898,1.14572,False,False,False,False,False,False,Di Luar Area Pantauan (>1000m dari Desa)
Sekayam,Melenggang,"Rabu, 09 September 2026 01:34:00",NASA-NOAA20,Medium,110.70773,0.80169,False,False,False,False,False,False,Di Luar Area Pantauan (>1000m dari Desa)
Belitang Hulu,Sebetung,"Rabu, 09 September 2026 01:34:00",NASA-NOAA20,Medium,111.01085,0.71099,False,False,False,False,False,False,Di Luar Area Pantauan (>1000m dari Desa)
Ella Hilir,Nyanggau,"Rabu, 09 September 2026 01:34:00",NASA-NOAA20,Medium,112.12322,-0.48813,False,False,False,False,False,False,Di Luar Area Pantauan (>1000m dari Desa)
Sayan,Nanga Raku,"Rabu, 09 September 2026 01:34:00",NASA-NOAA20,Medium,111.81074,-0.81748,False,False,True,False,True,True,Di Luar Area Pantauan (>1000m dari Desa)
Kubu,Kubu,"Rabu, 09 September 2026 01:34:00",NASA-NOAA20,Medium,109.55824,-0.48237,False,False,True,True,False,True,Di Luar Area Pantauan (>1000m dari Desa)
Kubu,Kubu,"Rabu, 09 September 2026 01:34:00",NASA-NOAA20,Medium,109.56208,-0.48297,False,False,True,True,False,True,Di Luar Area Pantauan (>1000m dari Desa)
Kubu,Kubu,"Rabu, 09 September 2026 01:34:00",NASA-NOAA20,Medium,109.5499,-0.48538,False,False,False,True,False,True,Di Luar Area Pantauan (>1000m dari Desa)
Kubu,Kubu,"Rabu, 09 September 2026 01:34:00",NASA-NOAA20,Medium,109.55762,-0.48657,False,False,True,True,False,True,Di Luar Area Pantauan (>1000m dari Desa)
Kubu,Kubu,"Rabu, 09 September 2026 01:34:00",NASA-NOAA20,Medium,109.56145,-0.48717,False,False,True,True,False,True,Di Luar Area Pantauan (>1000m dari Desa)
Kubu,Kubu,"Rabu, 09 September 2026 01:34:00",NASA-NOAA20,Medium,109.5653,-0.48777,False,False,True,True,False,True,Di Luar Area Pantauan (>1000m dari Desa)
Kubu,Kubu,"Rabu, 09 September 2026 01:34:00",NASA-NOAA20,Medium,109.56466,-0.49197,False,False,True,True,False,True,Di Luar Area Pantauan (>1000m dari Desa)
Kubu,Kubu,"Rabu, 09 September 2026 01:34:00",NASA-NOAA20,Medium,109.54924,-0.48957,False,False,True,True,False,True,Di Luar Area Pantauan (>1000m dari Desa)
Kubu,Kubu,"Rabu, 09 September 2026 01:34:00",NASA-NOAA20,Medium,109.56081,-0.49137,False,False,True,True,False,True,Di Luar Area Pantauan (>1000m dari Desa)
Simpang Dua,Kampar Sebomban,"Rabu, 09 September 2026 01:34:00",NASA-NOAA20,Medium,110.15192,-0.83518,False,False,True,False,False,True,Di Luar Area Pantauan (>1000m dari Desa)
Simpang Dua,Kampar Sebomban,"Rabu, 09 September 2026 01:34:00",NASA-NOAA20,Medium,110.13783,-0.84196,False,False,True,True,False,True,Di Luar Area Pantauan (>1000m dari Desa)
Simpang Dua,Kampar Sebomban,"Rabu, 09 September 2026 01:34:00",NASA-NOAA20,Medium,110.21001,-0.885,False,False,False,False,False,False,Di Luar Area Pantauan (>1000m dari Desa)
Simpang Dua,Kampar Sebomban,"Rabu, 09 September 2026 01:34:00",NASA-NOAA20,Medium,110.18336,-0.89841,False,False,False,False,False,False,Di Luar Area Pantauan (>1000m dari Desa)
Simpang Hilir,Sungaimata-Mata,"Rabu, 09 September 2026 01:34:00",NASA-NOAA20,Medium,109.98187,-0.94317,False,False,True,True,False,True,Di Luar Area Pantauan (>1000m dari Desa)
Simpang Hilir,Batu Barat,"Rabu, 09 September 2026 01:34:00",NASA-NOAA20,Medium,110.04318,-0.96186,False,False,True,True,False,True,Di Luar Area Pantauan (>1000m dari Desa)
Simpang Hilir,Sungaimata-Mata,"Rabu, 09 September 2026 01:34:00",NASA-NOAA20,Medium,109.9439,-0.97426,False,False,True,True,False,True,Di Luar Area Pantauan (>1000m dari Desa)
Simpang Hilir,Sungaimata-Mata,"Rabu, 09 September 2026 01:34:00",NASA-NOAA20,Medium,109.93366,-0.98602,False,False,True,False,False,True,Di Luar Area Pantauan (>1000m dari Desa)
Simpang Hilir,Lubuk Batu,"Rabu, 09 September 2026 01:34:00",NASA-NOAA20,Medium,110.09163,-0.95612,False,False,False,False,False,False,Di Luar Area Pantauan (>1000m dari Desa)
Simpang Hilir,Lubuk Batu,"Rabu, 09 September 2026 01:34:00",NASA-NOAA20,Medium,110.09296,-0.94735,False,False,False,False,False,False,Di Luar Area Pantauan (>1000m dari Desa)
Simpang Hilir,Batu Barat,"Rabu, 09 September 2026 01:34:00",NASA-NOAA20,Medium,110.05362,-0.95009,False,False,True,False,False,True,Di Luar Area Pantauan (>1000m dari Desa)
Simpang Hilir,Batu Barat,"Rabu, 09 September 2026 01:34:00",NASA-NOAA20,Medium,110.05296,-0.95447,False,False,False,False,False,False,Di Luar Area Pantauan (>1000m dari Desa)
Simpang Hilir,Batu Barat,"Rabu, 09 September 2026 01:34:00",NASA-NOAA20,Medium,110.01855,-0.92667,False,False,True,True,False,True,Di Luar Area Pantauan (>1000m dari Desa)
Simpang Dua,Kampar Sebomban,"Rabu, 09 September 2026 01:34:00",NASA-NOAA20,Medium,110.18695,-0.90347,False,False,False,False,False,False,Di Luar Area Pantauan (>1000m dari Desa)
Simpang Dua,Kampar Sebomban,"Rabu, 09 September 2026 01:34:00",NASA-NOAA20,Medium,110.18201,-0.90722,False,False,False,False,False,False,Di Luar Area Pantauan (>1000m dari Desa)
Simpang Hilir,Batu Barat,"Rabu, 09 September 2026 01:34:00",NASA-NOAA20,Medium,110.10884,-0.90044,False,False,True,True,False,True,Di Luar Area Pantauan (>1000m dari Desa)
Simpang Hilir,Sungaimata-Mata,"Rabu, 09 September 2026 01:34:00",NASA-NOAA20,Medium,109.99977,-0.91034,False,False,True,True,False,True,Di Luar Area Pantauan (>1000m dari Desa)
Simpang Hilir,Sungaimata-Mata,"Rabu, 09 September 2026 01:34:00",NASA-NOAA20,Medium,110.00459,-0.90663,False,False,True,True,False,True,Di Luar Area Pantauan (>1000m dari Desa)
Simpang Hilir,Matan Jaya,"Rabu, 09 September 2026 01:34:00",NASA-NOAA20,Medium,110.14607,-1.09106,False,False,False,False,True,True,Di Luar Area Pantauan (>1000m dari Desa)
Simpang Hilir,Matan Jaya,"Rabu, 09 September 2026 01:34:00",NASA-NOAA20,Medium,110.12587,-1.05176,False,False,False,False,False,False,Di Luar Area Pantauan (>1000m dari Desa)
Simpang Hilir,Batu Barat,"Rabu, 09 September 2026 01:34:00",NASA-NOAA20,Medium,110.04806,-0.95816,False,False,True,True,False,True,Di Luar Area Pantauan (>1000m dari Desa)
Simpang Hilir,Matan Jaya,"Rabu, 09 September 2026 01:34:00",NASA-NOAA20,Medium,110.16863,-1.05848,False,False,False,False,False,False,Di Luar Area Pantauan (>1000m dari Desa)
Simpang Hilir,Padu Banjar,"Rabu, 09 September 2026 01:34:00",NASA-NOAA20,Medium,109.88914,-1.00128,False,False,False,False,False,False,Di Luar Area Pantauan (>1000m dari Desa)
Simpang Hilir,Batu Barat,"Rabu, 09 September 2026 01:34:00",NASA-NOAA20,Medium,110.04385,-0.95749,False,False,True,True,False,True,Di Luar Area Pantauan (>1000m dari Desa)
Simpang Hilir,Sungaimata-Mata,"Rabu, 09 September 2026 01:34:00",NASA-NOAA20,Medium,109.97029,-0.99613,False,False,True,True,False,True,Di Luar Area Pantauan (>1000m dari Desa)
Simpang Hilir,Sungaimata-Mata,"Rabu, 09 September 2026 01:34:00",NASA-NOAA20,Medium,109.9419,-0.98729,False,False,True,True,False,True,Di Luar Area Pantauan (>1000m dari Desa)
Simpang Hilir,Sungaimata-Mata,"Rabu, 09 September 2026 01:34:00",NASA-NOAA20,Medium,109.93777,-0.98665,False,False,True,True,False,True,Di Luar Area Pantauan (>1000m dari Desa)
Simpang Hilir,Batu Barat,"Rabu, 09 September 2026 01:34:00",NASA-NOAA20,Medium,110.04758,-0.96781,False,False,False,True,False,True,Di Luar Area Pantauan (>1000m dari Desa)
Simpang Hilir,Batu Barat,"Rabu, 09 September 2026 01:34:00",NASA-NOAA20,Medium,110.04337,-0.96717,False,False,False,True,False,True,Di Luar Area Pantauan (>1000m dari Desa)
Simpang Hilir,Batu Barat,"Rabu, 09 September 2026 01:34:00",NASA-NOAA20,Medium,110.03833,-0.96556,False,False,True,True,False,True,Di Luar Area Pantauan (>1000m dari Desa)
Simpang Hilir,Sungaimata-Mata,"Rabu, 09 September 2026 01:34:00",NASA-NOAA20,Medium,109.93432,-0.98168,False,False,True,True,False,True,Di Luar Area Pantauan (>1000m dari Desa)
Simpang Hilir,Matan Jaya,"Rabu, 09 September 2026 01:34:00",NASA-NOAA20,Medium,110.17286,-1.05914,False,False,False,False,False,False,Di Luar Area Pantauan (>1000m dari Desa)
Simpang Hilir,Matan Jaya,"Rabu, 09 September 2026 01:34:00",NASA-NOAA20,Medium,110.17212,-1.06355,False,False,False,False,False,False,Di Luar Area Pantauan (>1000m dari Desa)
Simpang Hilir,Matan Jaya,"Rabu, 09 September 2026 01:34:00",NASA-NOAA20,Medium,110.10048,-1.07478,False,False,False,False,True,True,Di Luar Area Pantauan (>1000m dari Desa)
Simpang Hilir,Matan Jaya,"Rabu, 09 September 2026 01:34:00",NASA-NOAA20,Medium,110.12888,-1.08831,False,False,True,True,True,True,Di Luar Area Pantauan (>1000m dari Desa)
Simpang Hilir,Matan Jaya,"Rabu, 09 September 2026 01:34:00",NASA-NOAA20,Medium,110.13744,-1.08968,False,False,False,True,True,True,Di Luar Area Pantauan (>1000m dari Desa)
Simpang Hilir,Matan Jaya,"Rabu, 09 September 2026 01:34:00",NASA-NOAA20,Medium,110.15037,-1.09174,False,False,False,False,True,True,Di Luar Area Pantauan (>1000m dari Desa)
Simpang Hilir,Matan Jaya,"Rabu, 09 September 2026 01:34:00",NASA-NOAA20,Medium,110.09834,-1.08794,False,False,True,False,True,True,Di Luar Area Pantauan (>1000m dari Desa)
Simpang Hilir,Matan Jaya,"Rabu, 09 September 2026 01:34:00",NASA-NOAA20,Medium,110.11539,-1.09067,False,False,True,True,True,True,Di Luar Area Pantauan (>1000m dari Desa)
Simpang Hilir,Matan Jaya,"Rabu, 09 September 2026 01:34:00",NASA-NOAA20,Medium,110.13915,-1.08956,False,False,False,True,True,True,Di Luar Area Pantauan (>1000m dari Desa)
Simpang Hilir,Sungaimata-Mata,"Rabu, 09 September 2026 01:34:00",NASA-NOAA20,Medium,109.94257,-0.98295,False,False,True,True,False,True,Di Luar Area Pantauan (>1000m dari Desa)
Simpang Hilir,Sungaimata-Mata,"Rabu, 09 September 2026 01:34:00",NASA-NOAA20,Medium,109.93844,-0.98231,False,False,True,True,False,True,Di Luar Area Pantauan (>1000m dari Desa)
Simpang Hilir,Batu Barat,"Rabu, 09 September 2026 01:34:00",NASA-NOAA20,Medium,110.02316,-0.98644,False,False,True,True,False,True,Di Luar Area Pantauan (>1000m dari Desa)
Simpang Hilir,Batu Barat,"Rabu, 09 September 2026 01:34:00",NASA-NOAA20,Medium,110.01899,-0.9858,False,False,True,True,False,True,Di Luar Area Pantauan (>1000m dari Desa)
Simpang Hilir,Sungaimata-Mata,"Rabu, 09 September 2026 01:34:00",NASA-NOAA20,Medium,109.93977,-0.97363,False,False,True,True,False,True,Di Luar Area Pantauan (>1000m dari Desa)
Simpang Hilir,Sungaimata-Mata,"Rabu, 09 September 2026 01:34:00",NASA-NOAA20,Medium,109.93631,-0.96866,False,False,True,True,False,True,Di Luar Area Pantauan (>1000m dari Desa)
Simpang Hilir,Sungaimata-Mata,"Rabu, 09 September 2026 01:34:00",NASA-NOAA20,Medium,109.93765,-0.95998,False,False,True,True,False,True,Di Luar Area Pantauan (>1000m dari Desa)
Simpang Hilir,Rantau Panjang,"Rabu, 09 September 2026 01:34:00",NASA-NOAA20,Medium,110.04445,-1.13797,False,False,True,True,False,True,Di Luar Area Pantauan (>1000m dari Desa)
Sukadana,Sedahan Jaya,"Rabu, 09 September 2026 01:34:00",NASA-NOAA20,Medium,110.04332,-1.17371,False,False,True,True,True,True,Di Luar Area Pantauan (>1000m dari Desa)
Simpang Hilir,Rantau Panjang,"Rabu, 09 September 2026 01:34:00",NASA-NOAA20,Medium,110.04382,-1.14236,False,False,True,False,False,True,Di Luar Area Pantauan (>1000m dari Desa)
Matan Hilir Utara,Kuala Tolak,"Rabu, 09 September 2026 01:34:00",NASA-NOAA20,Medium,110.1104,-1.4544,False,False,False,False,False,False,Di Luar Area Pantauan (>1000m dari Desa)
Matan Hilir Utara,Kuala Tolak,"Rabu, 09 September 2026 01:34:00",NASA-NOAA20,Medium,110.10897,-1.46324,False,False,False,False,False,False,Di Luar Area Pantauan (>1000m dari Desa)
Simpang Hilir,Batu Barat,"Rabu, 09 September 2026 01:34:00",NASA-NOAA20,Medium,110.04185,-0.9706,False,False,False,True,False,True,Di Luar Area Pantauan (>1000m dari Desa)
Simpang Hilir,Batu Barat,"Rabu, 09 September 2026 01:34:00",NASA-NOAA20,Medium,110.04605,-0.97128,False,False,False,True,False,True,Di Luar Area Pantauan (>1000m dari Desa)
Simpang Hilir,Batu Barat,"Rabu, 09 September 2026 01:34:00",NASA-NOAA20,Medium,110.04118,-0.97497,False,False,False,True,False,True,Di Luar Area Pantauan (>1000m dari Desa)
Simpang Hilir,Batu Barat,"Rabu, 09 September 2026 01:34:00",NASA-NOAA20,Medium,110.03915,-0.96653,False,False,True,True,False,True,Di Luar Area Pantauan (>1000m dari Desa)
Simpang Hilir,Batu Barat,"Rabu, 09 September 2026 01:34:00",NASA-NOAA20,Medium,110.04269,-0.97154,False,False,False,True,False,True,Di Luar Area Pantauan (>1000m dari Desa)
Simpang Hilir,Sungaimata-Mata,"Rabu, 09 September 2026 01:34:00",NASA-NOAA20,Medium,109.94044,-0.96929,False,False,True,True,False,True,Di Luar Area Pantauan (>1000m dari Desa)
Simpang Hilir,Batu Barat,"Rabu, 09 September 2026 01:34:00",NASA-NOAA20,Medium,110.04201,-0.97591,False,False,False,True,False,True,Di Luar Area Pantauan (>1000m dari Desa)
Simpang Hilir,Matan Jaya,"Rabu, 09 September 2026 01:34:00",NASA-NOAA20,Medium,110.12129,-1.09136,False,False,True,True,True,True,Di Luar Area Pantauan (>1000m dari Desa)
Simpang Hilir,Matan Jaya,"Rabu, 09 September 2026 01:34:00",NASA-NOAA20,Medium,110.11702,-1.09071,False,False,True,True,True,True,Di Luar Area Pantauan (>1000m dari Desa)
Simpang Hilir,Matan Jaya,"Rabu, 09 September 2026 01:34:00",NASA-NOAA20,Medium,110.09995,-1.08811,False,False,True,False,True,True,Di Luar Area Pantauan (>1000m dari Desa)
Simpang Hilir,Penjalaan,"Rabu, 09 September 2026 01:34:00",NASA-NOAA20,Medium,110.05631,-1.11738,False,False,True,False,False,True,Di Luar Area Pantauan (>1000m dari Desa)
Simpang Hilir,Matan Jaya,"Rabu, 09 September 2026 01:34:00",NASA-NOAA20,Medium,110.10352,-1.09316,False,False,True,True,True,True,Di Luar Area Pantauan (>1000m dari Desa)
Pemahan,Pebihingan,"Rabu, 09 September 2026 01:34:00",NASA-NOAA20,Medium,110.57896,-1.75643,False,False,False,False,False,False,Di Luar Area Pantauan (>1000m dari Desa)
Matan Hilir Utara,Kuala Tolak,"Rabu, 09 September 2026 01:34:00",NASA-NOAA20,Medium,110.12212,-1.49249,False,False,True,True,False,True,Di Luar Area Pantauan (>1000m dari Desa)
Kendawangan,Airhitam Hulu,"Rabu, 09 September 2026 01:34:00",NASA-NOAA20,Medium,110.61172,-2.65751,False,False,False,False,False,False,Di Luar Area Pantauan (>1000m dari Desa)
Kendawangan,Airhitam Hulu,"Rabu, 09 September 2026 01:34:00",NASA-NOAA20,Medium,110.61662,-2.65827,False,False,False,False,False,False,Di Luar Area Pantauan (>1000m dari Desa)
Kendawangan,Airhitam Hulu,"Rabu, 09 September 2026 01:34:00",NASA-NOAA20,Medium,110.61244,-2.65285,False,False,False,False,False,False,Di Luar Area Pantauan (>1000m dari Desa)
Manis Mata,Air Dekakah,"Rabu, 09 September 2026 01:34:00",NASA-NOAA20,Medium,110.98556,-2.35288,False,False,False,False,False,False,Di Luar Area Pantauan (>1000m dari Desa)
Manis Mata,Seguling,"Rabu, 09 September 2026 01:34:00",NASA-NOAA20,Medium,111.0874,-2.57389,False,False,False,False,False,False,Di Luar Area Pantauan (>1000m dari Desa)
Simpang Hilir,Penjalaan,"Rabu, 09 September 2026 01:13:00",NASA-SNPP,Medium,110.05219,-1.12738,False,False,True,True,False,True,Di Luar Area Pantauan (>1000m dari Desa)
Sungai Ambawang,Teluk Bakung,"Rabu, 09 September 2026 01:13:00",NASA-SNPP,Medium,109.76659,0.01457,False,False,True,False,False,True,Di Luar Area Pantauan (>1000m dari Desa)
Kubu,Kubu,"Rabu, 09 September 2026 01:13:00",NASA-SNPP,Medium,109.56725,-0.48176,False,False,False,True,False,True,Di Luar Area Pantauan (>1000m dari Desa)
Simpang Hilir,Batu Barat,"Rabu, 09 September 2026 01:13:00",NASA-SNPP,Medium,110.05147,-0.95158,False,False,True,False,False,True,Di Luar Area Pantauan (>1000m dari Desa)
Simpang Hilir,Matan Jaya,"Rabu, 09 September 2026 01:13:00",NASA-SNPP,Medium,110.14561,-1.09458,False,False,False,False,True,True,Di Luar Area Pantauan (>1000m dari Desa)
Kubu,Kubu,"Rabu, 09 September 2026 01:13:00",NASA-SNPP,Medium,109.56567,-0.49179,False,False,True,True,False,True,Di Luar Area Pantauan (>1000m dari Desa)
Simpang Hilir,Sungaimata-Mata,"Rabu, 09 September 2026 01:13:00",NASA-SNPP,Medium,109.99296,-0.9861,False,False,True,True,False,True,Di Luar Area Pantauan (>1000m dari Desa)
Teluk Keramat,Tri Mandayan,"Rabu, 09 September 2026 01:13:00",NASA-SNPP,Medium,109.17921,1.49082,False,False,False,True,False,True,Di Luar Area Pantauan (>1000m dari Desa)
Teluk Keramat,Tri Mandayan,"Rabu, 09 September 2026 01:13:00",NASA-SNPP,Medium,109.14841,1.48518,False,False,False,True,False,True,Di Luar Area Pantauan (>1000m dari Desa)
Teluk Keramat,Tri Mandayan,"Rabu, 09 September 2026 01:13:00",NASA-SNPP,Medium,109.16302,1.48289,False,False,False,True,False,True,Di Luar Area Pantauan (>1000m dari Desa)
Teluk Keramat,Tri Mandayan,"Rabu, 09 September 2026 01:13:00",NASA-SNPP,Medium,109.17762,1.48059,False,False,False,True,False,True,Di Luar Area Pantauan (>1000m dari Desa)
Teluk Keramat,Tri Mandayan,"Rabu, 09 September 2026 01:13:00",NASA-SNPP,Medium,109.16667,1.48231,False,False,False,True,False,True,Di Luar Area Pantauan (>1000m dari Desa)
Teluk Keramat,Tri Mandayan,"Rabu, 09 September 2026 01:13:00",NASA-SNPP,Medium,109.17869,1.48741,False,False,False,True,False,True,Di Luar Area Pantauan (>1000m dari Desa)
Teluk Keramat,Tri Mandayan,"Rabu, 09 September 2026 01:13:00",NASA-SNPP,Medium,109.16721,1.48572,False,False,False,True,False,True,Di Luar Area Pantauan (>1000m dari Desa)
Teluk Keramat,Tri Mandayan,"Rabu, 09 September 2026 01:13:00",NASA-SNPP,Medium,109.1745,1.48458,False,False,False,True,False,True,Di Luar Area Pantauan (>1000m dari Desa)
Teluk Keramat,Tri Mandayan,"Rabu, 09 September 2026 01:13:00",NASA-SNPP,Medium,109.17397,1.48117,False,False,False,True,False,True,Di Luar Area Pantauan (>1000m dari Desa)
Teluk Keramat,Tri Mandayan,"Rabu, 09 September 2026 01:13:00",NASA-SNPP,Medium,109.14421,1.48235,False,False,False,True,False,True,Di Luar Area Pantauan (>1000m dari Desa)
Teluk Keramat,Tri Mandayan,"Rabu, 09 September 2026 01:13:00",NASA-SNPP,Medium,109.14787,1.48177,False,False,False,True,False,True,Di Luar Area Pantauan (>1000m dari Desa)
Teluk Keramat,Tri Mandayan,"Rabu, 09 September 2026 01:13:00",NASA-SNPP,Medium,109.15153,1.4812,False,False,False,True,False,True,Di Luar Area Pantauan (>1000m dari Desa)
Teluk Keramat,Tri Mandayan,"Rabu, 09 September 2026 01:13:00",NASA-SNPP,Medium,109.14056,1.48292,False,False,False,True,False,True,Di Luar Area Pantauan (>1000m dari Desa)
Teluk Keramat,Tri Mandayan,"Rabu, 09 September 2026 01:13:00",NASA-SNPP,Medium,109.15884,1.48005,False,False,False,True,False,True,Di Luar Area Pantauan (>1000m dari Desa)
Teluk Keramat,Tri Mandayan,"Rabu, 09 September 2026 01:13:00",NASA-SNPP,Medium,109.16249,1.47948,False,False,False,True,False,True,Di Luar Area Pantauan (>1000m dari Desa)
Teluk Keramat,Tri Mandayan,"Rabu, 09 September 2026 01:13:00",NASA-SNPP,Medium,109.17345,1.47776,False,False,False,True,False,True,Di Luar Area Pantauan (>1000m dari Desa)
Teluk Keramat,Tri Mandayan,"Rabu, 09 September 2026 01:13:00",NASA-SNPP,Medium,109.17709,1.47718,False,False,False,True,False,True,Di Luar Area Pantauan (>1000m dari Desa)
Teluk Keramat,Tri Mandayan,"Rabu, 09 September 2026 01:13:00",NASA-SNPP,Medium,109.16979,1.47833,False,False,False,True,False,True,Di Luar Area Pantauan (>1000m dari Desa)
Teluk Keramat,Tri Mandayan,"Rabu, 09 September 2026 01:13:00",NASA-SNPP,Medium,109.14368,1.47893,False,False,False,True,False,True,Di Luar Area Pantauan (>1000m dari Desa)
Teluk Keramat,Tri Mandayan,"Rabu, 09 September 2026 01:13:00",NASA-SNPP,Medium,109.14734,1.47836,False,False,False,True,False,True,Di Luar Area Pantauan (>1000m dari Desa)
Teluk Keramat,Tri Mandayan,"Rabu, 09 September 2026 01:13:00",NASA-SNPP,Medium,109.15778,1.47323,False,False,True,True,False,True,Di Luar Area Pantauan (>1000m dari Desa)
Teluk Keramat,Tri Mandayan,"Rabu, 09 September 2026 01:13:00",NASA-SNPP,Medium,109.14993,1.47096,False,False,False,True,False,True,Di Luar Area Pantauan (>1000m dari Desa)
Teluk Keramat,Tri Mandayan,"Rabu, 09 September 2026 01:13:00",NASA-SNPP,Medium,109.15724,1.46982,False,False,False,True,False,True,Di Luar Area Pantauan (>1000m dari Desa)
Teluk Keramat,Lela,"Rabu, 09 September 2026 01:13:00",NASA-SNPP,Medium,109.18212,1.4102,False,False,True,True,False,True,Di Luar Area Pantauan (>1000m dari Desa)
Teluk Keramat,Berlimang,"Rabu, 09 September 2026 01:13:00",NASA-SNPP,Medium,109.18674,1.39202,False,False,False,True,False,True,Di Luar Area Pantauan (>1000m dari Desa)
Teluk Keramat,Berlimang,"Rabu, 09 September 2026 01:13:00",NASA-SNPP,Medium,109.1784,1.38636,False,False,True,True,False,True,Di Luar Area Pantauan (>1000m dari Desa)
Teluk Keramat,Lela,"Rabu, 09 September 2026 01:13:00",NASA-SNPP,Medium,109.13786,1.43819,False,False,False,True,False,True,Di Luar Area Pantauan (>1000m dari Desa)
Selimbau,Vega,"Rabu, 09 September 2026 01:13:00",NASA-SNPP,Medium,112.20043,0.82325,False,False,False,False,True,True,Di Luar Area Pantauan (>1000m dari Desa)
Selimbau,Vega,"Rabu, 09 September 2026 01:13:00",NASA-SNPP,Medium,112.20097,0.82664,False,False,False,False,True,True,Di Luar Area Pantauan (>1000m dari Desa)
Empanang,Bajau Andai,"Rabu, 09 September 2026 01:13:00",NASA-SNPP,Medium,111.8499,0.8237,False,False,False,False,False,False,Di Luar Area Pantauan (>1000m dari Desa)
Suhaid,Laut Tawang,"Rabu, 09 September 2026 01:13:00",NASA-SNPP,Medium,112.01053,0.75562,False,False,False,False,True,True,Di Luar Area Pantauan (>1000m dari Desa)
Ketungau Hulu,Neraci Jaya,"Rabu, 09 September 2026 01:13:00",NASA-SNPP,Medium,110.80822,0.94252,False,False,True,False,False,True,Di Luar Area Pantauan (>1000m dari Desa)
Sekayam,Melenggang,"Rabu, 09 September 2026 01:13:00",NASA-SNPP,Medium,110.7082,0.79879,False,False,False,False,False,False,Di Luar Area Pantauan (>1000m dari Desa)
Lumar,Seren Selimbau,"Rabu, 09 September 2026 01:13:00",NASA-SNPP,Medium,109.37108,1.02738,False,False,False,False,False,False,Di Luar Area Pantauan (>1000m dari Desa)
Belitang Hulu,Sebetung,"Rabu, 09 September 2026 01:13:00",NASA-SNPP,Medium,111.0122,0.71048,False,False,False,False,False,False,Di Luar Area Pantauan (>1000m dari Desa)
Sungai Ambawang,Teluk Bakung,"Rabu, 09 September 2026 01:13:00",NASA-SNPP,Medium,109.76608,0.01123,False,False,False,False,False,False,Di Luar Area Pantauan (>1000m dari Desa)
Sungai Ambawang,Teluk Bakung,"Rabu, 09 September 2026 01:13:00",NASA-SNPP,Medium,109.75858,0.009,False,False,False,True,False,True,Di Luar Area Pantauan (>1000m dari Desa)
Sungai Ambawang,Teluk Bakung,"Rabu, 09 September 2026 01:13:00",NASA-SNPP,Medium,109.7551,0.00955,False,False,True,True,False,True,Di Luar Area Pantauan (>1000m dari Desa)
Sungai Ambawang,Teluk Bakung,"Rabu, 09 September 2026 01:13:00",NASA-SNPP,Medium,109.76207,0.00844,False,False,False,True,False,True,Di Luar Area Pantauan (>1000m dari Desa)
Sungai Ambawang,Teluk Bakung,"Rabu, 09 September 2026 01:13:00",NASA-SNPP,Medium,109.75806,0.00566,False,False,False,True,False,True,Di Luar Area Pantauan (>1000m dari Desa)
Sungai Ambawang,Teluk Bakung,"Rabu, 09 September 2026 01:13:00",NASA-SNPP,Medium,109.70014,0.00115,False,False,False,True,False,True,Di Luar Area Pantauan (>1000m dari Desa)
Sungai Ambawang,Teluk Bakung,"Rabu, 09 September 2026 01:13:00",NASA-SNPP,Medium,109.69665,0.00171,False,False,False,True,False,True,Di Luar Area Pantauan (>1000m dari Desa)
Sungai Ambawang,Teluk Bakung,"Rabu, 09 September 2026 01:13:00",NASA-SNPP,Medium,109.75196,-0.01048,False,False,True,True,False,True,Di Luar Area Pantauan (>1000m dari Desa)
Sungai Ambawang,Teluk Bakung,"Rabu, 09 September 2026 01:13:00",NASA-SNPP,Medium,109.74795,-0.01326,False,False,False,True,False,True,Di Luar Area Pantauan (>1000m dari Desa)
Sungai Ambawang,Teluk Bakung,"Rabu, 09 September 2026 01:13:00",NASA-SNPP,Medium,109.75144,-0.01381,False,False,True,True,False,True,Di Luar Area Pantauan (>1000m dari Desa)
Ella Hilir,Nyanggau,"Rabu, 09 September 2026 01:13:00",NASA-SNPP,Medium,112.13184,-0.49288,False,False,False,False,False,False,Di Luar Area Pantauan (>1000m dari Desa)
Ella Hilir,Nanga Nyuruh,"Rabu, 09 September 2026 01:13:00",NASA-SNPP,Medium,112.10969,-0.48937,False,False,False,False,False,False,Di Luar Area Pantauan (>1000m dari Desa)
Ella Hilir,Nyanggau,"Rabu, 09 September 2026 01:13:00",NASA-SNPP,Medium,112.13128,-0.49629,False,False,False,False,False,False,Di Luar Area Pantauan (>1000m dari Desa)
Ella Hilir,Nyanggau,"Rabu, 09 September 2026 01:13:00",NASA-SNPP,Medium,112.13493,-0.49687,False,False,False,False,False,False,Di Luar Area Pantauan (>1000m dari Desa)
Sungai Raya,Kalibandung,"Rabu, 09 September 2026 01:13:00",NASA-SNPP,Medium,109.63029,-0.30603,False,False,False,True,False,True,Di Luar Area Pantauan (>1000m dari Desa)
Sungai Raya,Kalibandung,"Rabu, 09 September 2026 01:13:00",NASA-SNPP,Medium,109.64758,-0.33273,False,False,False,True,False,True,Di Luar Area Pantauan (>1000m dari Desa)
Sungai Raya,Kalibandung,"Rabu, 09 September 2026 01:13:00",NASA-SNPP,Medium,109.65107,-0.33328,False,False,False,True,False,True,Di Luar Area Pantauan (>1000m dari Desa)
Sungai Raya,Kalibandung,"Rabu, 09 September 2026 01:13:00",NASA-SNPP,Medium,109.63257,-0.3372,False,False,False,True,False,True,Di Luar Area Pantauan (>1000m dari Desa)
Sungai Raya,Kalibandung,"Rabu, 09 September 2026 01:13:00",NASA-SNPP,Medium,109.63956,-0.33831,False,False,False,True,False,True,Di Luar Area Pantauan (>1000m dari Desa)
Simpang Hulu,Sekucing Labai,"Rabu, 09 September 2026 01:13:00",NASA-SNPP,Medium,110.07928,-0.48193,False,False,False,False,False,False,Di Luar Area Pantauan (>1000m dari Desa)
Ella Hilir,Nyanggau,"Rabu, 09 September 2026 01:13:00",NASA-SNPP,Medium,112.13969,-0.49063,False,False,False,False,False,False,Di Luar Area Pantauan (>1000m dari Desa)
Sungai Raya,Kalibandung,"Rabu, 09 September 2026 01:13:00",NASA-SNPP,Medium,109.6268,-0.30547,False,False,False,True,False,True,Di Luar Area Pantauan (>1000m dari Desa)
Sungai Raya,Sungaiasam,"Rabu, 09 September 2026 01:13:00",NASA-SNPP,Medium,109.4827,-0.28604,False,False,True,True,False,True,Di Luar Area Pantauan (>1000m dari Desa)
Sungai Raya,Sungaiasam,"Rabu, 09 September 2026 01:13:00",NASA-SNPP,Medium,109.47919,-0.28549,False,False,False,True,False,True,Di Luar Area Pantauan (>1000m dari Desa)
Sungai Raya,Sungaiasam,"Rabu, 09 September 2026 01:13:00",NASA-SNPP,Medium,109.48622,-0.2866,False,False,True,True,False,True,Di Luar Area Pantauan (>1000m dari Desa)
Sungai Raya,Kalibandung,"Rabu, 09 September 2026 01:13:00",NASA-SNPP,Medium,109.62977,-0.30937,False,False,False,True,False,True,Di Luar Area Pantauan (>1000m dari Desa)
Sungai Raya,Kalibandung,"Rabu, 09 September 2026 01:13:00",NASA-SNPP,Medium,109.62768,-0.32273,False,False,False,True,False,True,Di Luar Area Pantauan (>1000m dari Desa)
Sungai Raya,Kalibandung,"Rabu, 09 September 2026 01:13:00",NASA-SNPP,Medium,109.63065,-0.32663,False,False,False,True,False,True,Di Luar Area Pantauan (>1000m dari Desa)
Sungai Raya,Kalibandung,"Rabu, 09 September 2026 01:13:00",NASA-SNPP,Medium,109.63116,-0.32329,False,False,False,True,False,True,Di Luar Area Pantauan (>1000m dari Desa)
Sungai Raya,Kalibandung,"Rabu, 09 September 2026 01:13:00",NASA-SNPP,Medium,109.63763,-0.32773,False,False,False,True,False,True,Di Luar Area Pantauan (>1000m dari Desa)
Sungai Raya,Kalibandung,"Rabu, 09 September 2026 01:13:00",NASA-SNPP,Medium,109.63414,-0.32718,False,False,False,True,False,True,Di Luar Area Pantauan (>1000m dari Desa)
Sungai Raya,Kalibandung,"Rabu, 09 September 2026 01:13:00",NASA-SNPP,Medium,109.64113,-0.32829,False,False,False,True,False,True,Di Luar Area Pantauan (>1000m dari Desa)
Sungai Raya,Kalibandung,"Rabu, 09 September 2026 01:13:00",NASA-SNPP,Medium,109.64811,-0.32939,False,False,False,True,False,True,Di Luar Area Pantauan (>1000m dari Desa)
Simpang Hulu,Sekucing Labai,"Rabu, 09 September 2026 01:13:00",NASA-SNPP,Medium,110.35057,-0.44068,False,False,True,False,False,True,Di Luar Area Pantauan (>1000m dari Desa)
Sungai Raya,Kalibandung,"Rabu, 09 September 2026 01:13:00",NASA-SNPP,Medium,109.63361,-0.33052,False,False,False,True,False,True,Di Luar Area Pantauan (>1000m dari Desa)
Sungai Raya,Kalibandung,"Rabu, 09 September 2026 01:13:00",NASA-SNPP,Medium,109.64462,-0.32884,False,False,False,True,False,True,Di Luar Area Pantauan (>1000m dari Desa)
Sungai Raya,Kalibandung,"Rabu, 09 September 2026 01:13:00",NASA-SNPP,Medium,109.6516,-0.32994,False,False,False,True,False,True,Di Luar Area Pantauan (>1000m dari Desa)
Simpang Hulu,Sekucing Labai,"Rabu, 09 September 2026 01:13:00",NASA-SNPP,Medium,110.34713,-0.44013,False,False,False,False,False,False,Di Luar Area Pantauan (>1000m dari Desa)
Sungai Raya,Kalibandung,"Rabu, 09 September 2026 01:13:00",NASA-SNPP,Medium,109.64409,-0.33218,False,False,False,True,False,True,Di Luar Area Pantauan (>1000m dari Desa)
Sungai Raya,Kalibandung,"Rabu, 09 September 2026 01:13:00",NASA-SNPP,Medium,109.63013,-0.32997,False,False,False,True,False,True,Di Luar Area Pantauan (>1000m dari Desa)
Sungai Raya,Kalibandung,"Rabu, 09 September 2026 01:13:00",NASA-SNPP,Medium,109.63711,-0.33107,False,False,False,True,False,True,Di Luar Area Pantauan (>1000m dari Desa)
Sungai Raya,Kalibandung,"Rabu, 09 September 2026 01:13:00",NASA-SNPP,Medium,109.6406,-0.33163,False,False,False,True,False,True,Di Luar Area Pantauan (>1000m dari Desa)
Sungai Raya,Kalibandung,"Rabu, 09 September 2026 01:13:00",NASA-SNPP,Medium,109.63309,-0.33386,False,False,False,True,False,True,Di Luar Area Pantauan (>1000m dari Desa)
Sungai Raya,Kalibandung,"Rabu, 09 September 2026 01:13:00",NASA-SNPP,Medium,109.63658,-0.33441,False,False,False,True,False,True,Di Luar Area Pantauan (>1000m dari Desa)
Sungai Raya,Kalibandung,"Rabu, 09 September 2026 01:13:00",NASA-SNPP,Medium,109.64008,-0.33497,False,False,False,True,False,True,Di Luar Area Pantauan (>1000m dari Desa)
Sungai Raya,Kalibandung,"Rabu, 09 September 2026 01:13:00",NASA-SNPP,Medium,109.62611,-0.33276,False,False,False,True,False,True,Di Luar Area Pantauan (>1000m dari Desa)
Sungai Raya,Kalibandung,"Rabu, 09 September 2026 01:13:00",NASA-SNPP,Medium,109.6296,-0.33331,False,False,False,True,False,True,Di Luar Area Pantauan (>1000m dari Desa)
Kubu,Kubu,"Rabu, 09 September 2026 01:13:00",NASA-SNPP,Medium,109.55222,-0.48622,False,False,True,True,False,True,Di Luar Area Pantauan (>1000m dari Desa)
Kubu,Kubu,"Rabu, 09 September 2026 01:13:00",NASA-SNPP,Medium,109.5662,-0.48845,False,False,True,True,False,True,Di Luar Area Pantauan (>1000m dari Desa)
Kubu,Kubu,"Rabu, 09 September 2026 01:13:00",NASA-SNPP,Medium,109.55973,-0.48399,False,False,True,True,False,True,Di Luar Area Pantauan (>1000m dari Desa)
Kubu,Kubu,"Rabu, 09 September 2026 01:13:00",NASA-SNPP,Medium,109.55624,-0.48344,False,False,True,True,False,True,Di Luar Area Pantauan (>1000m dari Desa)
Sukadana,Sedahan Jaya,"Rabu, 09 September 2026 01:13:00",NASA-SNPP,Medium,110.05284,-1.16832,False,False,True,True,True,True,Di Luar Area Pantauan (>1000m dari Desa)
Sukadana,Sedahan Jaya,"Rabu, 09 September 2026 01:13:00",NASA-SNPP,Medium,110.05629,-1.16887,False,False,True,True,True,True,Di Luar Area Pantauan (>1000m dari Desa)
Galing,Tempapan Hulu,"Rabu, 09 September 2026 01:13:00",NASA-SNPP,Medium,109.35156,1.66976,False,False,False,False,False,False,Di Luar Area Pantauan (>1000m dari Desa)
Galing,Tempapan Hulu,"Rabu, 09 September 2026 01:13:00",NASA-SNPP,Medium,109.35464,1.6658,False,False,False,False,False,False,Di Luar Area Pantauan (>1000m dari Desa)
Galing,Tempapan Hulu,"Rabu, 09 September 2026 01:13:00",NASA-SNPP,Medium,109.35103,1.66637,False,False,True,False,False,True,Di Luar Area Pantauan (>1000m dari Desa)
Teluk Keramat,Tri Mandayan,"Rabu, 09 September 2026 01:13:00",NASA-SNPP,Medium,109.17815,1.484,False,False,False,True,False,True,Di Luar Area Pantauan (>1000m dari Desa)
Sungai Ambawang,Teluk Bakung,"Rabu, 09 September 2026 01:13:00",NASA-SNPP,Medium,109.74847,-0.00992,False,False,True,True,False,True,Di Luar Area Pantauan (>1000m dari Desa)
Sungai Kunyit,Semudun,"Rabu, 09 September 2026 01:13:00",NASA-SNPP,Medium,109.09212,0.50958,False,False,True,True,False,True,Di Luar Area Pantauan (>1000m dari Desa)
Sungai Kunyit,Semudun,"Rabu, 09 September 2026 01:13:00",NASA-SNPP,Medium,109.09264,0.51297,False,False,True,True,False,True,Di Luar Area Pantauan (>1000m dari Desa)
Sungai Ambawang,Pasak Piang,"Rabu, 09 September 2026 01:13:00",NASA-SNPP,Medium,109.60516,-0.14556,False,False,False,True,False,True,Di Luar Area Pantauan (>1000m dari Desa)
Menukung,Belaban Ella,"Rabu, 09 September 2026 01:13:00",NASA-SNPP,Medium,112.20862,-0.55058,False,False,True,False,True,True,Di Luar Area Pantauan (>1000m dari Desa)
Menukung,Belaban Ella,"Rabu, 09 September 2026 01:13:00",NASA-SNPP,Medium,112.21214,-0.55114,False,False,True,False,True,True,Di Luar Area Pantauan (>1000m dari Desa)
Sungai Ambawang,Pasak Piang,"Rabu, 09 September 2026 01:13:00",NASA-SNPP,Medium,109.60813,-0.14946,False,False,False,True,False,True,Di Luar Area Pantauan (>1000m dari Desa)
Sungai Ambawang,Pasak Piang,"Rabu, 09 September 2026 01:13:00",NASA-SNPP,Medium,109.60867,-0.14611,False,False,True,True,False,True,Di Luar Area Pantauan (>1000m dari Desa)
Ella Hilir,Nanga Nyuruh,"Rabu, 09 September 2026 01:13:00",NASA-SNPP,Medium,112.10647,-0.53425,False,False,False,False,False,False,Di Luar Area Pantauan (>1000m dari Desa)
Menukung,Belaban Ella,"Rabu, 09 September 2026 01:13:00",NASA-SNPP,Medium,112.21264,-0.54771,False,False,False,False,True,True,Di Luar Area Pantauan (>1000m dari Desa)
Sungai Ambawang,Teluk Bakung,"Rabu, 09 September 2026 01:13:00",NASA-SNPP,Medium,109.65791,-0.1315,False,False,True,True,False,True,Di Luar Area Pantauan (>1000m dari Desa)
Menukung,Belaban Ella,"Rabu, 09 September 2026 01:13:00",NASA-SNPP,Medium,112.20906,-0.54714,False,False,True,False,False,True,Di Luar Area Pantauan (>1000m dari Desa)
Jawai,Sungai Nilam,"Rabu, 09 September 2026 01:13:00",NASA-SNPP,Medium,109.13474,1.44219,False,False,False,True,False,True,Di Luar Area Pantauan (>1000m dari Desa)
Teluk Keramat,Sungai Kumpai,"Rabu, 09 September 2026 01:13:00",NASA-SNPP,Medium,109.1384,1.44161,False,False,False,True,False,True,Di Luar Area Pantauan (>1000m dari Desa)
Teluk Keramat,Lela,"Rabu, 09 September 2026 01:13:00",NASA-SNPP,Medium,109.17853,1.43522,False,False,True,True,False,True,Di Luar Area Pantauan (>1000m dari Desa)
Ketungau Tengah,Radin Jaya,"Rabu, 09 September 2026 01:13:00",NASA-SNPP,Medium,111.57661,0.80026,False,False,False,False,False,False,Di Luar Area Pantauan (>1000m dari Desa)
Teluk Keramat,Tri Mandayan,"Rabu, 09 September 2026 01:13:00",NASA-SNPP,Medium,109.14314,1.47552,False,False,False,True,False,True,Di Luar Area Pantauan (>1000m dari Desa)
Sungai Ambawang,Teluk Bakung,"Rabu, 09 September 2026 01:13:00",NASA-SNPP,Medium,109.73295,-0.01773,False,False,False,True,False,True,Di Luar Area Pantauan (>1000m dari Desa)
Sungai Ambawang,Teluk Bakung,"Rabu, 09 September 2026 01:13:00",NASA-SNPP,Medium,109.72894,-0.02052,False,False,False,True,False,True,Di Luar Area Pantauan (>1000m dari Desa)
Sungai Ambawang,Teluk Bakung,"Rabu, 09 September 2026 01:13:00",NASA-SNPP,Medium,109.65494,-0.12761,False,False,True,True,False,True,Di Luar Area Pantauan (>1000m dari Desa)
Sungai Ambawang,Teluk Bakung,"Rabu, 09 September 2026 01:13:00",NASA-SNPP,Medium,109.73243,-0.02107,False,False,False,True,False,True,Di Luar Area Pantauan (>1000m dari Desa)
Kubu,Kubu,"Rabu, 09 September 2026 01:13:00",NASA-SNPP,Medium,109.56375,-0.48121,False,False,True,True,False,True,Di Luar Area Pantauan (>1000m dari Desa)
Simpang Hulu,Sekucing Labai,"Rabu, 09 September 2026 01:13:00",NASA-SNPP,Medium,110.09895,-0.49186,False,False,False,False,False,False,Di Luar Area Pantauan (>1000m dari Desa)
Simpang Hulu,Sekucing Labai,"Rabu, 09 September 2026 01:13:00",NASA-SNPP,Medium,110.10136,-0.49905,False,False,True,False,False,True,Di Luar Area Pantauan (>1000m dari Desa)
Simpang Hulu,Sekucing Labai,"Rabu, 09 September 2026 01:13:00",NASA-SNPP,Medium,110.1048,-0.49959,False,False,False,False,False,False,Di Luar Area Pantauan (>1000m dari Desa)
Kubu,Kubu,"Rabu, 09 September 2026 01:13:00",NASA-SNPP,Medium,109.56672,-0.48511,False,False,True,True,False,True,Di Luar Area Pantauan (>1000m dari Desa)
Kubu,Kubu,"Rabu, 09 September 2026 01:13:00",NASA-SNPP,Medium,109.55273,-0.48288,False,False,True,True,False,True,Di Luar Area Pantauan (>1000m dari Desa)
Simpang Hulu,Sekucing Labai,"Rabu, 09 September 2026 01:13:00",NASA-SNPP,Medium,110.08808,-0.49354,False,False,False,False,False,False,Di Luar Area Pantauan (>1000m dari Desa)
Simpang Hilir,Rantau Panjang,"Rabu, 09 September 2026 01:13:00",NASA-SNPP,Medium,110.04321,-1.13957,False,False,True,False,False,True,Di Luar Area Pantauan (>1000m dari Desa)
Simpang Hilir,Penjalaan,"Rabu, 09 September 2026 01:13:00",NASA-SNPP,Medium,110.05616,-1.12461,False,False,True,True,False,True,Di Luar Area Pantauan (>1000m dari Desa)
Simpang Hilir,Batu Barat,"Rabu, 09 September 2026 01:13:00",NASA-SNPP,Medium,110.14082,-0.85434,False,False,True,True,False,True,Di Luar Area Pantauan (>1000m dari Desa)
Simpang Hilir,Lubuk Batu,"Rabu, 09 September 2026 01:13:00",NASA-SNPP,Medium,110.09284,-0.95814,False,False,False,False,False,False,Di Luar Area Pantauan (>1000m dari Desa)
Simpang Hilir,Batu Barat,"Rabu, 09 September 2026 01:13:00",NASA-SNPP,Medium,110.0544,-0.95545,False,False,False,False,False,False,Di Luar Area Pantauan (>1000m dari Desa)
Simpang Hilir,Rantau Panjang,"Rabu, 09 September 2026 01:13:00",NASA-SNPP,Medium,110.04718,-1.1368,False,False,True,True,False,True,Di Luar Area Pantauan (>1000m dari Desa)
Sungai Laur,Harapan Baru,"Rabu, 09 September 2026 01:13:00",NASA-SNPP,Medium,110.56302,-0.68416,False,False,False,False,False,False,Di Luar Area Pantauan (>1000m dari Desa)
Simpang Hulu,Sekucing Kualan,"Rabu, 09 September 2026 01:13:00",NASA-SNPP,Medium,110.07343,-0.60993,False,False,False,False,False,False,Di Luar Area Pantauan (>1000m dari Desa)
Galing,Tempapan Hulu,"Rabu, 09 September 2026 01:13:00",NASA-SNPP,Medium,109.35518,1.66919,False,False,True,False,False,True,Di Luar Area Pantauan (>1000m dari Desa)
Sungai Raya,Sungaiambangah,"Rabu, 09 September 2026 01:13:00",NASA-SNPP,Medium,109.50713,-0.17456,False,False,False,True,False,True,Di Luar Area Pantauan (>1000m dari Desa)
Sungai Ambawang,Bengkarek,"Rabu, 09 September 2026 01:13:00",NASA-SNPP,Medium,109.50818,-0.16785,False,False,False,True,False,True,Di Luar Area Pantauan (>1000m dari Desa)
Sungai Ambawang,Teluk Bakung,"Rabu, 09 September 2026 01:13:00",NASA-SNPP,Medium,109.75562,0.01289,False,False,True,True,False,True,Di Luar Area Pantauan (>1000m dari Desa)
Serawai,Nanga Ruhan,"Rabu, 09 September 2026 01:13:00",NASA-SNPP,Medium,112.80496,-0.44806,False,False,False,False,False,False,Di Luar Area Pantauan (>1000m dari Desa)
Sungai Ambawang,Teluk Bakung,"Rabu, 09 September 2026 01:13:00",NASA-SNPP,Medium,109.7626,0.01178,False,False,True,True,False,True,Di Luar Area Pantauan (>1000m dari Desa)
Sungai Ambawang,Teluk Bakung,"Rabu, 09 September 2026 01:13:00",NASA-SNPP,Medium,109.7591,0.01234,False,False,True,True,False,True,Di Luar Area Pantauan (>1000m dari Desa)
Sekadau Hulu,Setawar,"Rabu, 09 September 2026 01:13:00",NASA-SNPP,Medium,111.00659,-0.08762,False,False,False,False,False,False,Di Luar Area Pantauan (>1000m dari Desa)
Serawai,Nanga Ruhan,"Rabu, 09 September 2026 01:13:00",NASA-SNPP,Medium,112.77311,-0.39224,False,False,True,False,False,True,Di Luar Area Pantauan (>1000m dari Desa)
Simpang Hilir,Matan Jaya,"Rabu, 09 September 2026 01:13:00",NASA-SNPP,Medium,110.16782,-1.06489,False,False,False,False,False,False,Di Luar Area Pantauan (>1000m dari Desa)
Simpang Hilir,Matan Jaya,"Rabu, 09 September 2026 01:13:00",NASA-SNPP,Medium,110.36229,-1.22078,False,False,True,False,True,True,Di Luar Area Pantauan (>1000m dari Desa)
Simpang Hilir,Batu Barat,"Rabu, 09 September 2026 01:13:00",NASA-SNPP,Medium,110.04939,-0.96487,False,False,False,True,False,True,Di Luar Area Pantauan (>1000m dari Desa)
Simpang Hilir,Batu Barat,"Rabu, 09 September 2026 01:13:00",NASA-SNPP,Medium,110.04594,-0.96432,False,False,True,True,False,True,Di Luar Area Pantauan (>1000m dari Desa)
Kubu,Kubu,"Rabu, 09 September 2026 01:13:00",NASA-SNPP,Medium,109.54471,-0.48846,False,False,False,True,False,True,Di Luar Area Pantauan (>1000m dari Desa)
Kubu,Kubu,"Rabu, 09 September 2026 01:13:00",NASA-SNPP,Medium,109.5482,-0.48901,False,False,True,True,False,True,Di Luar Area Pantauan (>1000m dari Desa)
Kubu,Kubu,"Rabu, 09 September 2026 01:13:00",NASA-SNPP,Medium,109.56165,-0.49458,False,False,True,True,False,True,Di Luar Area Pantauan (>1000m dari Desa)
Kubu,Kubu,"Rabu, 09 September 2026 01:13:00",NASA-SNPP,Medium,109.55116,-0.49291,False,False,True,True,False,True,Di Luar Area Pantauan (>1000m dari Desa)
Kubu,Kubu,"Rabu, 09 September 2026 01:13:00",NASA-SNPP,Medium,109.55869,-0.49068,False,False,True,True,False,True,Di Luar Area Pantauan (>1000m dari Desa)
Kubu,Kubu,"Rabu, 09 September 2026 01:13:00",NASA-SNPP,Medium,109.55169,-0.48957,False,False,True,True,False,True,Di Luar Area Pantauan (>1000m dari Desa)
Kubu,Kubu,"Rabu, 09 September 2026 01:13:00",NASA-SNPP,Medium,109.56917,-0.49235,False,False,True,True,False,True,Di Luar Area Pantauan (>1000m dari Desa)
Kubu,Kubu,"Rabu, 09 September 2026 01:13:00",NASA-SNPP,Medium,109.54768,-0.49235,False,False,True,True,False,True,Di Luar Area Pantauan (>1000m dari Desa)
Kubu,Kubu,"Rabu, 09 September 2026 01:13:00",NASA-SNPP,Medium,109.56515,-0.49513,False,False,True,True,False,True,Di Luar Area Pantauan (>1000m dari Desa)
Kubu,Kubu,"Rabu, 09 September 2026 01:13:00",NASA-SNPP,Medium,109.55415,-0.49681,False,False,True,True,False,True,Di Luar Area Pantauan (>1000m dari Desa)
Kubu,Kubu,"Rabu, 09 September 2026 01:13:00",NASA-SNPP,Medium,109.55466,-0.49347,False,False,True,True,False,True,Di Luar Area Pantauan (>1000m dari Desa)
Kubu,Kubu,"Rabu, 09 September 2026 01:13:00",NASA-SNPP,Medium,109.56113,-0.49792,False,False,True,True,False,True,Di Luar Area Pantauan (>1000m dari Desa)
Kubu,Kubu,"Rabu, 09 September 2026 01:13:00",NASA-SNPP,Medium,109.56864,-0.49569,False,False,False,True,False,True,Di Luar Area Pantauan (>1000m dari Desa)
Simpang Hilir,Batu Barat,"Rabu, 09 September 2026 01:13:00",NASA-SNPP,Medium,110.04143,-0.96998,False,False,False,True,False,True,Di Luar Area Pantauan (>1000m dari Desa)
Simpang Hilir,Batu Barat,"Rabu, 09 September 2026 01:13:00",NASA-SNPP,Medium,110.03852,-0.96655,False,False,True,True,False,True,Di Luar Area Pantauan (>1000m dari Desa)
Simpang Hilir,Batu Barat,"Rabu, 09 September 2026 01:13:00",NASA-SNPP,Medium,110.04887,-0.96819,False,False,False,True,False,True,Di Luar Area Pantauan (>1000m dari Desa)
Simpang Hilir,Batu Barat,"Rabu, 09 September 2026 01:13:00",NASA-SNPP,Medium,110.04542,-0.96764,False,False,False,True,False,True,Di Luar Area Pantauan (>1000m dari Desa)
Simpang Hilir,Batu Barat,"Rabu, 09 September 2026 01:13:00",NASA-SNPP,Medium,110.04781,-0.97439,False,False,False,True,False,True,Di Luar Area Pantauan (>1000m dari Desa)
Simpang Hilir,Batu Barat,"Rabu, 09 September 2026 01:13:00",NASA-SNPP,Medium,110.04833,-0.97107,False,False,False,True,False,True,Di Luar Area Pantauan (>1000m dari Desa)
Simpang Hilir,Sungaimata-Mata,"Rabu, 09 September 2026 01:13:00",NASA-SNPP,Medium,109.94033,-0.96071,False,False,True,True,False,True,Di Luar Area Pantauan (>1000m dari Desa)
Simpang Hilir,Sungaimata-Mata,"Rabu, 09 September 2026 01:13:00",NASA-SNPP,Medium,109.9462,-0.96846,False,False,True,True,False,True,Di Luar Area Pantauan (>1000m dari Desa)
Simpang Hilir,Sungaimata-Mata,"Rabu, 09 September 2026 01:13:00",NASA-SNPP,Medium,109.93584,-0.96681,False,False,True,True,False,True,Di Luar Area Pantauan (>1000m dari Desa)
Simpang Hilir,Sungaimata-Mata,"Rabu, 09 September 2026 01:13:00",NASA-SNPP,Medium,109.93929,-0.96736,False,False,True,True,False,True,Di Luar Area Pantauan (>1000m dari Desa)
Simpang Hilir,Batu Barat,"Rabu, 09 September 2026 01:13:00",NASA-SNPP,Medium,110.02797,-0.98826,False,False,True,True,False,True,Di Luar Area Pantauan (>1000m dari Desa)
Simpang Hilir,Batu Barat,"Rabu, 09 September 2026 01:13:00",NASA-SNPP,Medium,110.02452,-0.98771,False,False,True,True,False,True,Di Luar Area Pantauan (>1000m dari Desa)
Simpang Hilir,Batu Barat,"Rabu, 09 September 2026 01:13:00",NASA-SNPP,Medium,110.02107,-0.98716,False,False,True,True,False,True,Di Luar Area Pantauan (>1000m dari Desa)
Simpang Hilir,Sungaimata-Mata,"Rabu, 09 September 2026 01:13:00",NASA-SNPP,Medium,109.9417,-0.97455,False,False,True,True,False,True,Di Luar Area Pantauan (>1000m dari Desa)
Simpang Hilir,Batu Barat,"Rabu, 09 September 2026 01:13:00",NASA-SNPP,Medium,110.01814,-0.9833,False,False,True,True,False,True,Di Luar Area Pantauan (>1000m dari Desa)
Simpang Hilir,Sungaimata-Mata,"Rabu, 09 September 2026 01:13:00",NASA-SNPP,Medium,109.93721,-0.98065,False,False,True,True,False,True,Di Luar Area Pantauan (>1000m dari Desa)
Simpang Hilir,Sungaimata-Mata,"Rabu, 09 September 2026 01:13:00",NASA-SNPP,Medium,109.94066,-0.9812,False,False,True,True,False,True,Di Luar Area Pantauan (>1000m dari Desa)
Simpang Hilir,Sungaimata-Mata,"Rabu, 09 September 2026 01:13:00",NASA-SNPP,Medium,109.97466,-0.99001,False,False,True,True,False,True,Di Luar Area Pantauan (>1000m dari Desa)
Simpang Hilir,Sungaimata-Mata,"Rabu, 09 September 2026 01:13:00",NASA-SNPP,Medium,109.93324,-0.98343,False,False,True,False,False,True,Di Luar Area Pantauan (>1000m dari Desa)
Simpang Hilir,Sungaimata-Mata,"Rabu, 09 September 2026 01:13:00",NASA-SNPP,Medium,109.94014,-0.98452,False,False,True,True,False,True,Di Luar Area Pantauan (>1000m dari Desa)
Simpang Hilir,Sungaimata-Mata,"Rabu, 09 September 2026 01:13:00",NASA-SNPP,Medium,109.93669,-0.98397,False,False,True,True,False,True,Di Luar Area Pantauan (>1000m dari Desa)
Simpang Hilir,Sungaimata-Mata,"Rabu, 09 September 2026 01:13:00",NASA-SNPP,Medium,110.02692,-0.9949,False,False,True,True,False,True,Di Luar Area Pantauan (>1000m dari Desa)
Simpang Hilir,Sungaimata-Mata,"Rabu, 09 September 2026 01:13:00",NASA-SNPP,Medium,109.98137,-1.0149,False,False,False,False,False,False,Di Luar Area Pantauan (>1000m dari Desa)
Simpang Hilir,Sungaimata-Mata,"Rabu, 09 September 2026 01:13:00",NASA-SNPP,Medium,109.93962,-0.98785,False,False,False,True,False,True,Di Luar Area Pantauan (>1000m dari Desa)
Simpang Hilir,Sungaimata-Mata,"Rabu, 09 September 2026 01:13:00",NASA-SNPP,Medium,109.93616,-0.9873,False,False,True,False,False,True,Di Luar Area Pantauan (>1000m dari Desa)
Simpang Hilir,Sungaimata-Mata,"Rabu, 09 September 2026 01:13:00",NASA-SNPP,Medium,109.97362,-0.99665,False,False,True,True,False,True,Di Luar Area Pantauan (>1000m dari Desa)
Simpang Hilir,Nipah Kuning,"Rabu, 09 September 2026 01:13:00",NASA-SNPP,Medium,109.92907,-1.01001,False,False,True,True,True,True,Di Luar Area Pantauan (>1000m dari Desa)
Simpang Hilir,Padu Banjar,"Rabu, 09 September 2026 01:13:00",NASA-SNPP,Medium,109.88761,-1.00343,False,False,False,False,False,False,Di Luar Area Pantauan (>1000m dari Desa)
Simpang Hilir,Matan Jaya,"Rabu, 09 September 2026 01:13:00",NASA-SNPP,Medium,110.16885,-1.05825,False,False,False,False,False,False,Di Luar Area Pantauan (>1000m dari Desa)
Simpang Hilir,Matan Jaya,"Rabu, 09 September 2026 01:13:00",NASA-SNPP,Medium,110.1723,-1.0588,False,False,False,False,False,False,Di Luar Area Pantauan (>1000m dari Desa)
Simpang Hilir,Matan Jaya,"Rabu, 09 September 2026 01:13:00",NASA-SNPP,Medium,110.17178,-1.06212,False,False,False,False,False,False,Di Luar Area Pantauan (>1000m dari Desa)
Simpang Hilir,Padu Banjar,"Rabu, 09 September 2026 01:13:00",NASA-SNPP,Medium,109.88206,-1.01619,False,False,False,False,False,False,Di Luar Area Pantauan (>1000m dari Desa)
Simpang Hilir,Nipah Kuning,"Rabu, 09 September 2026 01:13:00",NASA-SNPP,Medium,109.93442,-1.02108,False,False,True,True,False,True,Di Luar Area Pantauan (>1000m dari Desa)
Simpang Hilir,Padu Banjar,"Rabu, 09 September 2026 01:13:00",NASA-SNPP,Medium,109.87861,-1.01564,False,False,False,False,False,False,Di Luar Area Pantauan (>1000m dari Desa)
Simpang Hilir,Sungaimata-Mata,"Rabu, 09 September 2026 01:13:00",NASA-SNPP,Medium,110.00546,-0.90684,False,False,True,True,False,True,Di Luar Area Pantauan (>1000m dari Desa)
Batu Ampar,Batu Ampar,"Rabu, 09 September 2026 01:13:00",NASA-SNPP,Medium,109.53481,-0.77893,False,False,True,True,True,True,Di Luar Area Pantauan (>1000m dari Desa)
Simpang Dua,Kampar Sebomban,"Rabu, 09 September 2026 01:13:00",NASA-SNPP,Medium,110.20971,-0.88823,False,False,False,False,False,False,Di Luar Area Pantauan (>1000m dari Desa)
Batu Ampar,Batu Ampar,"Rabu, 09 September 2026 01:13:00",NASA-SNPP,Medium,109.53133,-0.77838,False,False,False,False,True,True,Di Luar Area Pantauan (>1000m dari Desa)
Simpang Dua,Kampar Sebomban,"Rabu, 09 September 2026 01:13:00",NASA-SNPP,Medium,110.19542,-0.88936,False,False,True,False,False,True,Di Luar Area Pantauan (>1000m dari Desa)
Simpang Hilir,Batu Barat,"Rabu, 09 September 2026 01:13:00",NASA-SNPP,Medium,110.0201,-0.92619,False,False,True,True,False,True,Di Luar Area Pantauan (>1000m dari Desa)
Simpang Hilir,Batu Barat,"Rabu, 09 September 2026 01:13:00",NASA-SNPP,Medium,110.0132,-0.9251,False,False,True,True,False,True,Di Luar Area Pantauan (>1000m dari Desa)
Simpang Hilir,Batu Barat,"Rabu, 09 September 2026 01:13:00",NASA-SNPP,Medium,110.00975,-0.92455,False,False,True,False,False,True,Di Luar Area Pantauan (>1000m dari Desa)
Simpang Hilir,Lubuk Batu,"Rabu, 09 September 2026 01:13:00",NASA-SNPP,Medium,110.09251,-0.93767,False,False,False,False,False,False,Di Luar Area Pantauan (>1000m dari Desa)
Simpang Hilir,Batu Barat,"Rabu, 09 September 2026 01:13:00",NASA-SNPP,Medium,110.0063,-0.924,False,False,True,False,False,True,Di Luar Area Pantauan (>1000m dari Desa)
Simpang Hilir,Batu Barat,"Rabu, 09 September 2026 01:13:00",NASA-SNPP,Medium,110.04436,-0.97385,False,False,False,True,False,True,Di Luar Area Pantauan (>1000m dari Desa)
Simpang Hilir,Penjalaan,"Rabu, 09 September 2026 01:13:00",NASA-SNPP,Medium,110.06065,-1.11852,False,False,True,False,False,True,Di Luar Area Pantauan (>1000m dari Desa)
Simpang Hilir,Penjalaan,"Rabu, 09 September 2026 01:13:00",NASA-SNPP,Medium,110.0572,-1.11797,False,False,True,False,False,True,Di Luar Area Pantauan (>1000m dari Desa)
Simpang Hilir,Penjalaan,"Rabu, 09 September 2026 01:13:00",NASA-SNPP,Medium,110.05324,-1.12074,False,False,True,False,False,True,Di Luar Area Pantauan (>1000m dari Desa)
Sungai Raya,Sungaiasam,"Rabu, 09 September 2026 01:13:00",NASA-SNPP,Medium,109.5976,-0.26315,False,False,False,True,False,True,Di Luar Area Pantauan (>1000m dari Desa)
Simpang Hilir,Padu Banjar,"Rabu, 09 September 2026 01:13:00",NASA-SNPP,Medium,109.87515,-1.01509,False,False,False,False,False,False,Di Luar Area Pantauan (>1000m dari Desa)
Simpang Dua,Kampar Sebomban,"Rabu, 09 September 2026 01:13:00",NASA-SNPP,Medium,110.26089,-0.80876,False,False,False,False,False,False,Di Luar Area Pantauan (>1000m dari Desa)
Simpang Dua,Kampar Sebomban,"Rabu, 09 September 2026 01:13:00",NASA-SNPP,Medium,110.19594,-0.88604,False,False,True,False,False,True,Di Luar Area Pantauan (>1000m dari Desa)
Simpang Hilir,Batu Barat,"Rabu, 09 September 2026 01:13:00",NASA-SNPP,Medium,110.11546,-0.90388,False,False,True,True,False,True,Di Luar Area Pantauan (>1000m dari Desa)
Simpang Hilir,Padu Banjar,"Rabu, 09 September 2026 01:13:00",NASA-SNPP,Medium,109.88155,-1.01951,False,False,False,False,False,False,Di Luar Area Pantauan (>1000m dari Desa)
Simpang Hilir,Matan Jaya,"Rabu, 09 September 2026 01:13:00",NASA-SNPP,Medium,110.13266,-1.08653,False,False,True,True,True,True,Di Luar Area Pantauan (>1000m dari Desa)
Simpang Hilir,Nipah Kuning,"Rabu, 09 September 2026 01:13:00",NASA-SNPP,Medium,109.94406,-1.04985,False,False,True,True,False,True,Di Luar Area Pantauan (>1000m dari Desa)
Simpang Hilir,Matan Jaya,"Rabu, 09 September 2026 01:13:00",NASA-SNPP,Medium,110.16833,-1.06157,False,False,False,False,False,False,Di Luar Area Pantauan (>1000m dari Desa)
Simpang Hilir,Matan Jaya,"Rabu, 09 September 2026 01:13:00",NASA-SNPP,Medium,110.13903,-1.09094,False,False,False,True,True,True,Di Luar Area Pantauan (>1000m dari Desa)
Simpang Hilir,Matan Jaya,"Rabu, 09 September 2026 01:13:00",NASA-SNPP,Medium,110.13214,-1.08985,False,False,True,True,True,True,Di Luar Area Pantauan (>1000m dari Desa)
Simpang Hilir,Matan Jaya,"Rabu, 09 September 2026 01:13:00",NASA-SNPP,Medium,110.13559,-1.0904,False,False,True,True,True,True,Di Luar Area Pantauan (>1000m dari Desa)
Simpang Dua,Kampar Sebomban,"Rabu, 09 September 2026 01:13:00",NASA-SNPP,Medium,110.22575,-0.83039,False,False,False,False,False,False,Di Luar Area Pantauan (>1000m dari Desa)
Sungai Raya,Sungaiasam,"Rabu, 09 September 2026 01:13:00",NASA-SNPP,Medium,109.48675,-0.28325,False,False,False,True,False,True,Di Luar Area Pantauan (>1000m dari Desa)
Simpang Dua,Kampar Sebomban,"Rabu, 09 September 2026 01:13:00",NASA-SNPP,Medium,110.2071,-0.88185,False,False,False,False,False,False,Di Luar Area Pantauan (>1000m dari Desa)
Simpang Hilir,Sungaimata-Mata,"Rabu, 09 September 2026 01:13:00",NASA-SNPP,Medium,109.9436,-0.98507,False,False,True,True,False,True,Di Luar Area Pantauan (>1000m dari Desa)
Simpang Hilir,Sungaimata-Mata,"Rabu, 09 September 2026 01:13:00",NASA-SNPP,Medium,109.9871,-0.97836,False,False,True,True,False,True,Di Luar Area Pantauan (>1000m dari Desa)
Simpang Hulu,Sekucing Kualan,"Rabu, 09 September 2026 01:13:00",NASA-SNPP,Medium,110.07291,-0.61325,False,False,False,False,False,False,Di Luar Area Pantauan (>1000m dari Desa)
Simpang Dua,Kampar Sebomban,"Rabu, 09 September 2026 01:13:00",NASA-SNPP,Medium,110.21316,-0.88877,False,False,True,False,False,True,Di Luar Area Pantauan (>1000m dari Desa)
Simpang Hilir,Matan Jaya,"Rabu, 09 September 2026 01:13:00",NASA-SNPP,Medium,110.12098,-1.09407,False,False,True,True,True,True,Di Luar Area Pantauan (>1000m dari Desa)
Kubu,Kubu,"Rabu, 09 September 2026 01:13:00",NASA-SNPP,Medium,109.55764,-0.49736,False,False,True,True,False,True,Di Luar Area Pantauan (>1000m dari Desa)
Ella Hilir,Nyanggau,"Rabu, 09 September 2026 01:13:00",NASA-SNPP,Medium,112.13657,-0.48664,False,False,False,False,False,False,Di Luar Area Pantauan (>1000m dari Desa)
Teluk Keramat,Tri Mandayan,"Rabu, 09 September 2026 01:13:00",NASA-SNPP,Medium,109.16561,1.47549,False,False,True,True,False,True,Di Luar Area Pantauan (>1000m dari Desa)
Sungai Ambawang,Teluk Bakung,"Rabu, 09 September 2026 01:13:00",NASA-SNPP,Medium,109.69263,-0.00108,False,False,False,True,False,True,Di Luar Area Pantauan (>1000m dari Desa)
Kubu,Kubu,"Rabu, 09 September 2026 01:13:00",NASA-SNPP,Medium,109.56271,-0.48789,False,False,True,True,False,True,Di Luar Area Pantauan (>1000m dari Desa)
Kubu,Kubu,"Rabu, 09 September 2026 01:13:00",NASA-SNPP,Medium,109.54873,-0.48567,False,False,False,True,False,True,Di Luar Area Pantauan (>1000m dari Desa)
Terentang,Betuah,"Rabu, 09 September 2026 01:13:00",NASA-SNPP,Medium,109.93531,-0.49659,False,False,True,True,False,True,Di Luar Area Pantauan (>1000m dari Desa)
Simpang Hilir,Rantau Panjang,"Rabu, 09 September 2026 01:13:00",NASA-SNPP,Medium,110.04269,-1.14289,False,False,True,False,False,True,Di Luar Area Pantauan (>1000m dari Desa)
Simpang Hilir,Rantau Panjang,"Rabu, 09 September 2026 01:13:00",NASA-SNPP,Medium,110.04666,-1.14012,False,False,True,False,False,True,Di Luar Area Pantauan (>1000m dari Desa)
Sintang,Tanjung Kelansam,"Rabu, 09 September 2026 01:13:00",NASA-SNPP,Medium,111.40903,0.11543,False,False,False,False,False,False,Di Luar Area Pantauan (>1000m dari Desa)
Sintang,Tanjung Kelansam,"Rabu, 09 September 2026 01:13:00",NASA-SNPP,Medium,111.40867,0.11317,False,False,False,False,False,False,Di Luar Area Pantauan (>1000m dari Desa)
Mempawah Hilir,Malikian,"Rabu, 09 September 2026 01:13:00",NASA-SNPP,Medium,109.03658,0.46221,False,False,True,True,False,True,Di Luar Area Pantauan (>1000m dari Desa)
Sungai Ambawang,Teluk Bakung,"Rabu, 09 September 2026 01:13:00",NASA-SNPP,Medium,109.72842,-0.02386,False,False,False,True,False,True,Di Luar Area Pantauan (>1000m dari Desa)
Sungai Ambawang,Teluk Bakung,"Rabu, 09 September 2026 01:13:00",NASA-SNPP,Medium,109.65441,-0.13095,False,False,True,True,False,True,Di Luar Area Pantauan (>1000m dari Desa)
Terentang,Betuah,"Rabu, 09 September 2026 01:13:00",NASA-SNPP,Medium,109.93932,-0.49381,False,False,True,True,False,True,Di Luar Area Pantauan (>1000m dari Desa)
Terentang,Betuah,"Rabu, 09 September 2026 01:13:00",NASA-SNPP,Medium,109.94676,-0.49158,False,False,True,True,False,True,Di Luar Area Pantauan (>1000m dari Desa)
Terentang,Betuah,"Rabu, 09 September 2026 01:13:00",NASA-SNPP,Medium,109.94278,-0.49436,False,False,True,True,False,True,Di Luar Area Pantauan (>1000m dari Desa)
Simpang Hilir,Lubuk Batu,"Rabu, 09 September 2026 01:13:00",NASA-SNPP,Medium,110.08939,-0.95759,False,False,False,False,False,False,Di Luar Area Pantauan (>1000m dari Desa)
Simpang Hilir,Penjalaan,"Rabu, 09 September 2026 01:13:00",NASA-SNPP,Medium,110.05564,-1.12793,False,False,True,True,False,True,Di Luar Area Pantauan (>1000m dari Desa)
Simpang Hilir,Sungaimata-Mata,"Rabu, 09 September 2026 01:13:00",NASA-SNPP,Medium,109.98593,-0.9412,False,False,True,True,False,True,Di Luar Area Pantauan (>1000m dari Desa)
Simpang Hilir,Batu Barat,"Rabu, 09 September 2026 01:13:00",NASA-SNPP,Medium,110.1165,-0.89724,False,False,True,True,False,True,Di Luar Area Pantauan (>1000m dari Desa)
Simpang Hilir,Sungaimata-Mata,"Rabu, 09 September 2026 01:13:00",NASA-SNPP,Medium,110.00493,-0.91017,False,False,False,True,False,True,Di Luar Area Pantauan (>1000m dari Desa)
Simpang Hilir,Batu Barat,"Rabu, 09 September 2026 01:13:00",NASA-SNPP,Medium,110.11703,-0.89392,False,False,False,True,False,True,Di Luar Area Pantauan (>1000m dari Desa)
Terentang,Betuah,"Rabu, 09 September 2026 01:13:00",NASA-SNPP,Medium,109.9388,-0.49714,False,False,True,True,False,True,Di Luar Area Pantauan (>1000m dari Desa)
Simpang Hulu,Sekucing Labai,"Rabu, 09 September 2026 01:13:00",NASA-SNPP,Medium,110.09602,-0.48799,False,False,True,False,False,True,Di Luar Area Pantauan (>1000m dari Desa)
Simpang Hulu,Sekucing Labai,"Rabu, 09 September 2026 01:13:00",NASA-SNPP,Medium,110.09947,-0.48853,False,False,True,False,False,True,Di Luar Area Pantauan (>1000m dari Desa)
Kubu,Kubu,"Rabu, 09 September 2026 01:13:00",NASA-SNPP,Medium,109.5592,-0.48734,False,False,True,True,False,True,Di Luar Area Pantauan (>1000m dari Desa)
Simpang Dua,Semandang Kanan,"Rabu, 09 September 2026 01:13:00",NASA-SNPP,Medium,110.33758,-0.74635,False,False,False,False,False,False,Di Luar Area Pantauan (>1000m dari Desa)
Sungai Raya,Kalibandung,"Rabu, 09 September 2026 01:13:00",NASA-SNPP,Medium,109.64357,-0.33552,False,False,False,True,False,True,Di Luar Area Pantauan (>1000m dari Desa)
Sungai Raya,Kalibandung,"Rabu, 09 September 2026 01:13:00",NASA-SNPP,Medium,109.63606,-0.33775,False,False,False,True,False,True,Di Luar Area Pantauan (>1000m dari Desa)
Sungai Raya,Kalibandung,"Rabu, 09 September 2026 01:13:00",NASA-SNPP,Medium,109.62558,-0.3361,False,False,False,True,False,True,Di Luar Area Pantauan (>1000m dari Desa)
Simpang Hilir,Sungaimata-Mata,"Rabu, 09 September 2026 01:13:00",NASA-SNPP,Medium,109.94274,-0.96791,False,False,True,True,False,True,Di Luar Area Pantauan (>1000m dari Desa)
Sungai Raya,Kalibandung,"Rabu, 09 September 2026 01:13:00",NASA-SNPP,Medium,109.64706,-0.33607,False,False,False,True,False,True,Di Luar Area Pantauan (>1000m dari Desa)
Kubu,Kubu,"Rabu, 09 September 2026 01:13:00",NASA-SNPP,Medium,109.56219,-0.49123,False,False,True,True,False,True,Di Luar Area Pantauan (>1000m dari Desa)
Simpang Hilir,Matan Jaya,"Rabu, 09 September 2026 01:13:00",NASA-SNPP,Medium,110.11409,-1.09298,False,False,True,True,True,True,Di Luar Area Pantauan (>1000m dari Desa)
Simpang Hilir,Matan Jaya,"Rabu, 09 September 2026 01:13:00",NASA-SNPP,Medium,110.10114,-1.08494,False,False,True,False,True,True,Di Luar Area Pantauan (>1000m dari Desa)
Simpang Hilir,Padu Banjar,"Rabu, 09 September 2026 01:13:00",NASA-SNPP,Medium,109.87809,-1.01896,False,False,False,False,False,False,Di Luar Area Pantauan (>1000m dari Desa)
Simpang Hilir,Matan Jaya,"Rabu, 09 September 2026 01:13:00",NASA-SNPP,Medium,110.13611,-1.08708,False,False,False,True,True,True,Di Luar Area Pantauan (>1000m dari Desa)
Simpang Hilir,Matan Jaya,"Rabu, 09 September 2026 01:13:00",NASA-SNPP,Medium,110.1287,-1.08931,False,False,True,True,True,True,Di Luar Area Pantauan (>1000m dari Desa)
Simpang Hilir,Matan Jaya,"Rabu, 09 September 2026 01:13:00",NASA-SNPP,Medium,110.12922,-1.08599,False,False,True,True,True,True,Di Luar Area Pantauan (>1000m dari Desa)
Simpang Hilir,Penjalaan,"Rabu, 09 September 2026 01:13:00",NASA-SNPP,Medium,110.05271,-1.12406,False,False,True,True,False,True,Di Luar Area Pantauan (>1000m dari Desa)
Simpang Hilir,Nipah Kuning,"Rabu, 09 September 2026 01:13:00",NASA-SNPP,Medium,109.94061,-1.0493,False,False,True,True,True,True,Di Luar Area Pantauan (>1000m dari Desa)
Sungai Laur,Harapan Baru,"Rabu, 09 September 2026 01:13:00",NASA-SNPP,Medium,110.5625,-0.68748,False,False,False,False,False,False,Di Luar Area Pantauan (>1000m dari Desa)
Simpang Hulu,Sekucing Labai,"Rabu, 09 September 2026 01:13:00",NASA-SNPP,Medium,110.11118,-0.50401,False,False,False,False,False,False,Di Luar Area Pantauan (>1000m dari Desa)
Terentang,Betuah,"Rabu, 09 September 2026 01:13:00",NASA-SNPP,Medium,109.94226,-0.49768,False,False,True,False,False,True,Di Luar Area Pantauan (>1000m dari Desa)
Kubu,Kubu,"Rabu, 09 September 2026 01:13:00",NASA-SNPP,Medium,109.56026,-0.48065,False,False,True,True,False,True,Di Luar Area Pantauan (>1000m dari Desa)
Kubu,Kubu,"Rabu, 09 September 2026 01:13:00",NASA-SNPP,Medium,109.55816,-0.49402,False,False,True,True,False,True,Di Luar Area Pantauan (>1000m dari Desa)
Kubu,Kubu,"Rabu, 09 September 2026 01:13:00",NASA-SNPP,Medium,109.55064,-0.49625,False,False,True,True,False,True,Di Luar Area Pantauan (>1000m dari Desa)
Simpang Hilir,Matan Jaya,"Rabu, 09 September 2026 01:13:00",NASA-SNPP,Medium,110.10082,-1.08747,False,False,True,False,True,True,Di Luar Area Pantauan (>1000m dari Desa)
Simpang Hilir,Matan Jaya,"Rabu, 09 September 2026 01:13:00",NASA-SNPP,Medium,110.14216,-1.09403,False,False,False,True,True,True,Di Luar Area Pantauan (>1000m dari Desa)
Simpang Dua,Kampar Sebomban,"Rabu, 09 September 2026 01:13:00",NASA-SNPP,Medium,110.18541,-0.90818,False,False,False,False,False,False,Di Luar Area Pantauan (>1000m dari Desa)
Simpang Hilir,Batu Barat,"Rabu, 09 September 2026 01:13:00",NASA-SNPP,Medium,110.11995,-0.89779,False,False,True,False,False,True,Di Luar Area Pantauan (>1000m dari Desa)
Simpang Hulu,Labai Hilir,"Rabu, 09 September 2026 01:13:00",NASA-SNPP,Medium,109.94312,-0.51486,False,False,True,True,False,True,Di Luar Area Pantauan (>1000m dari Desa)
Simpang Hilir,Rantau Panjang,"Rabu, 09 September 2026 01:13:00",NASA-SNPP,Medium,110.05116,-1.13402,False,False,True,True,False,True,Di Luar Area Pantauan (>1000m dari Desa)
Kubu,Kubu,"Rabu, 09 September 2026 01:13:00",NASA-SNPP,Medium,109.56322,-0.48455,False,False,True,True,False,True,Di Luar Area Pantauan (>1000m dari Desa)
Simpang Dua,Kampar Sebomban,"Rabu, 09 September 2026 01:13:00",NASA-SNPP,Medium,110.14289,-0.84106,False,False,True,True,False,True,Di Luar Area Pantauan (>1000m dari Desa)
Simpang Dua,Kampar Sebomban,"Rabu, 09 September 2026 01:13:00",NASA-SNPP,Medium,110.18593,-0.90486,False,False,False,False,False,False,Di Luar Area Pantauan (>1000m dari Desa)
Simpang Hilir,Batu Barat,"Rabu, 09 September 2026 01:13:00",NASA-SNPP,Medium,110.05492,-0.95213,False,False,False,False,False,False,Di Luar Area Pantauan (>1000m dari Desa)
Simpang Hilir,Batu Barat,"Rabu, 09 September 2026 01:13:00",NASA-SNPP,Medium,110.04091,-0.9733,False,False,False,True,False,True,Di Luar Area Pantauan (>1000m dari Desa)
Simpang Hilir,Matan Jaya,"Rabu, 09 September 2026 01:13:00",NASA-SNPP,Medium,110.10323,-1.09465,False,False,True,True,True,True,Di Luar Area Pantauan (>1000m dari Desa)
Simpang Hilir,Matan Jaya,"Rabu, 09 September 2026 01:13:00",NASA-SNPP,Medium,110.14936,-1.09258,False,False,False,False,True,True,Di Luar Area Pantauan (>1000m dari Desa)
Sungai Raya,Kalibandung,"Rabu, 09 September 2026 01:13:00",NASA-SNPP,Medium,109.62908,-0.33665,False,False,False,True,False,True,Di Luar Area Pantauan (>1000m dari Desa)
Simpang Dua,Kampar Sebomban,"Rabu, 09 September 2026 01:13:00",NASA-SNPP,Medium,110.14927,-0.84547,False,False,False,False,False,False,Di Luar Area Pantauan (>1000m dari Desa)
Simpang Dua,Kampar Sebomban,"Rabu, 09 September 2026 01:13:00",NASA-SNPP,Medium,110.15427,-0.83606,False,False,True,False,False,True,Di Luar Area Pantauan (>1000m dari Desa)
Simpang Dua,Kampar Sebomban,"Rabu, 09 September 2026 01:13:00",NASA-SNPP,Medium,110.14979,-0.84215,False,False,False,False,False,False,Di Luar Area Pantauan (>1000m dari Desa)
Simpang Dua,Kampar Sebomban,"Rabu, 09 September 2026 01:13:00",NASA-SNPP,Medium,110.15875,-0.82997,False,False,True,False,False,True,Di Luar Area Pantauan (>1000m dari Desa)
Simpang Dua,Kampar Sebomban,"Rabu, 09 September 2026 01:13:00",NASA-SNPP,Medium,110.15823,-0.83329,False,False,True,False,False,True,Di Luar Area Pantauan (>1000m dari Desa)
Simpang Dua,Kampar Sebomban,"Rabu, 09 September 2026 01:13:00",NASA-SNPP,Medium,110.18301,-0.90099,False,False,False,False,False,False,Di Luar Area Pantauan (>1000m dari Desa)
Simpang Dua,Kampar Sebomban,"Rabu, 09 September 2026 01:13:00",NASA-SNPP,Medium,110.18885,-0.90873,False,False,False,False,False,False,Di Luar Area Pantauan (>1000m dari Desa)
Simpang Dua,Kampar Sebomban,"Rabu, 09 September 2026 01:13:00",NASA-SNPP,Medium,110.1899,-0.90209,False,False,False,False,False,False,Di Luar Area Pantauan (>1000m dari Desa)
Simpang Dua,Kampar Sebomban,"Rabu, 09 September 2026 01:13:00",NASA-SNPP,Medium,110.20523,-0.89432,False,False,False,False,False,False,Di Luar Area Pantauan (>1000m dari Desa)
Simpang Dua,Kampar Sebomban,"Rabu, 09 September 2026 01:13:00",NASA-SNPP,Medium,110.18645,-0.90154,False,False,False,False,False,False,Di Luar Area Pantauan (>1000m dari Desa)
Simpang Dua,Kampar Sebomban,"Rabu, 09 September 2026 01:13:00",NASA-SNPP,Medium,110.21264,-0.89209,False,False,True,False,False,True,Di Luar Area Pantauan (>1000m dari Desa)
Simpang Hilir,Batu Barat,"Rabu, 09 September 2026 01:13:00",NASA-SNPP,Medium,110.1091,-0.89947,False,False,False,True,False,True,Di Luar Area Pantauan (>1000m dari Desa)
Simpang Hilir,Batu Barat,"Rabu, 09 September 2026 01:13:00",NASA-SNPP,Medium,110.11254,-0.90002,False,False,True,True,False,True,Di Luar Area Pantauan (>1000m dari Desa)
Simpang Hilir,Batu Barat,"Rabu, 09 September 2026 01:13:00",NASA-SNPP,Medium,110.11598,-0.90056,False,False,True,True,False,True,Di Luar Area Pantauan (>1000m dari Desa)
Simpang Dua,Kampar Sebomban,"Rabu, 09 September 2026 01:13:00",NASA-SNPP,Medium,110.18197,-0.90763,False,False,False,False,False,False,Di Luar Area Pantauan (>1000m dari Desa)
Simpang Dua,Kampar Sebomban,"Rabu, 09 September 2026 01:13:00",NASA-SNPP,Medium,110.14581,-0.84493,False,False,False,True,False,True,Di Luar Area Pantauan (>1000m dari Desa)
Simpang Dua,Kampar Sebomban,"Rabu, 09 September 2026 01:13:00",NASA-SNPP,Medium,110.13944,-0.84051,False,False,True,True,False,True,Di Luar Area Pantauan (>1000m dari Desa)
Simpang Hilir,Matan Jaya,"Rabu, 09 September 2026 01:13:00",NASA-SNPP,Medium,110.1003,-1.09079,False,False,True,False,True,True,Di Luar Area Pantauan (>1000m dari Desa)
Simpang Dua,Kampar Sebomban,"Rabu, 09 September 2026 01:13:00",NASA-SNPP,Medium,110.16564,-0.83106,False,False,True,False,False,True,Di Luar Area Pantauan (>1000m dari Desa)
Simpang Dua,Kampar Sebomban,"Rabu, 09 September 2026 01:13:00",NASA-SNPP,Medium,110.16272,-0.82719,False,False,True,False,False,True,Di Luar Area Pantauan (>1000m dari Desa)
Simpang Hilir,Matan Jaya,"Rabu, 09 September 2026 01:13:00",NASA-SNPP,Medium,110.11754,-1.09352,False,False,True,True,True,True,Di Luar Area Pantauan (>1000m dari Desa)
Simpang Dua,Kampar Sebomban,"Rabu, 09 September 2026 01:13:00",NASA-SNPP,Medium,110.1622,-0.83051,False,False,True,False,False,True,Di Luar Area Pantauan (>1000m dari Desa)
Simpang Dua,Kampar Sebomban,"Rabu, 09 September 2026 01:13:00",NASA-SNPP,Medium,110.16616,-0.82774,False,False,True,False,False,True,Di Luar Area Pantauan (>1000m dari Desa)
Simpang Hilir,Matan Jaya,"Rabu, 09 September 2026 01:13:00",NASA-SNPP,Medium,110.14593,-1.09204,False,False,False,False,True,True,Di Luar Area Pantauan (>1000m dari Desa)
Simpang Hilir,Matan Jaya,"Rabu, 09 September 2026 01:13:00",NASA-SNPP,Medium,110.10427,-1.08801,False,False,True,True,True,True,Di Luar Area Pantauan (>1000m dari Desa)
Simpang Hilir,Matan Jaya,"Rabu, 09 September 2026 01:13:00",NASA-SNPP,Medium,110.14905,-1.09512,False,False,False,False,True,True,Di Luar Area Pantauan (>1000m dari Desa)
Simpang Hilir,Matan Jaya,"Rabu, 09 September 2026 01:13:00",NASA-SNPP,Medium,110.13528,-1.09294,False,False,True,True,True,True,Di Luar Area Pantauan (>1000m dari Desa)
Simpang Hilir,Matan Jaya,"Rabu, 09 September 2026 01:13:00",NASA-SNPP,Medium,110.10375,-1.09133,False,False,True,True,True,True,Di Luar Area Pantauan (>1000m dari Desa)
Simpang Hilir,Matan Jaya,"Rabu, 09 September 2026 01:13:00",NASA-SNPP,Medium,110.14248,-1.09149,False,False,False,True,True,True,Di Luar Area Pantauan (>1000m dari Desa)
Simpang Hilir,Batu Barat,"Rabu, 09 September 2026 01:13:00",NASA-SNPP,Medium,110.01665,-0.92564,False,False,True,True,False,True,Di Luar Area Pantauan (>1000m dari Desa)
Simpang Dua,Kampar Sebomban,"Rabu, 09 September 2026 01:13:00",NASA-SNPP,Medium,110.18249,-0.90431,False,False,False,False,False,False,Di Luar Area Pantauan (>1000m dari Desa)
Simpang Hilir,Matan Jaya,"Rabu, 09 September 2026 01:13:00",NASA-SNPP,Medium,110.12151,-1.09075,False,False,True,True,True,True,Di Luar Area Pantauan (>1000m dari Desa)
Simpang Dua,Kampar Sebomban,"Rabu, 09 September 2026 01:13:00",NASA-SNPP,Medium,110.21056,-0.8824,False,False,False,False,False,False,Di Luar Area Pantauan (>1000m dari Desa)
Simpang Hilir,Batu Barat,"Rabu, 09 September 2026 01:13:00",NASA-SNPP,Medium,110.14029,-0.85766,False,False,True,True,False,True,Di Luar Area Pantauan (>1000m dari Desa)
Batu Ampar,Batu Ampar,"Rabu, 09 September 2026 01:13:00",NASA-SNPP,Medium,109.53471,-0.78078,False,False,True,True,True,True,Di Luar Area Pantauan (>1000m dari Desa)
Simpang Hilir,Lubuk Batu,"Rabu, 09 September 2026 01:13:00",NASA-SNPP,Medium,110.09388,-0.9515,False,False,False,False,False,False,Di Luar Area Pantauan (>1000m dari Desa)
Simpang Hilir,Matan Jaya,"Rabu, 09 September 2026 01:13:00",NASA-SNPP,Medium,110.10668,-1.0952,False,False,True,True,True,True,Di Luar Area Pantauan (>1000m dari Desa)
Simpang Dua,Kampar Sebomban,"Rabu, 09 September 2026 01:13:00",NASA-SNPP,Medium,110.21004,-0.88572,False,False,False,False,False,False,Di Luar Area Pantauan (>1000m dari Desa)
Simpang Dua,Kampar Sebomban,"Rabu, 09 September 2026 01:13:00",NASA-SNPP,Medium,110.19886,-0.88991,False,False,True,False,False,True,Di Luar Area Pantauan (>1000m dari Desa)
Simpang Dua,Kampar Sebomban,"Rabu, 09 September 2026 01:13:00",NASA-SNPP,Medium,110.14633,-0.84161,False,False,True,True,False,True,Di Luar Area Pantauan (>1000m dari Desa)
Simpang Hilir,Lubuk Batu,"Rabu, 09 September 2026 01:13:00",NASA-SNPP,Medium,110.092,-0.94099,False,False,False,False,False,False,Di Luar Area Pantauan (>1000m dari Desa)
Simpang Hilir,Lubuk Batu,"Rabu, 09 September 2026 01:13:00",NASA-SNPP,Medium,110.09545,-0.94154,False,False,False,False,False,False,Di Luar Area Pantauan (>1000m dari Desa)
Batu Ampar,Tanjungberingin,"Rabu, 09 September 2026 01:13:00",NASA-SNPP,Medium,109.93479,-0.49991,False,False,True,True,False,True,Di Luar Area Pantauan (>1000m dari Desa)
Simpang Hulu,Sekucing Labai,"Rabu, 09 September 2026 01:13:00",NASA-SNPP,Medium,110.1024,-0.4924,False,False,True,False,False,True,Di Luar Area Pantauan (>1000m dari Desa)
Nanga Mahap,Karang Betung,"Rabu, 09 September 2026 01:13:00",NASA-SNPP,Medium,110.91183,-0.62415,True,False,False,False,False,False,Prioritas 2 (Sedang)
Simpang Hilir,Rantau Panjang,"Rabu, 09 September 2026 01:13:00",NASA-SNPP,Medium,110.04771,-1.13348,False,False,True,True,False,True,Di Luar Area Pantauan (>1000m dari Desa)
Simpang Hilir,Penjalaan,"Rabu, 09 September 2026 01:13:00",NASA-SNPP,Medium,110.05167,-1.1307,False,False,True,True,False,True,Di Luar Area Pantauan (>1000m dari Desa)
Simpang Hilir,Rantau Panjang,"Rabu, 09 September 2026 01:13:00",NASA-SNPP,Medium,110.05303,-1.14453,False,False,False,False,False,False,Di Luar Area Pantauan (>1000m dari Desa)
Simpang Hilir,Lubuk Batu,"Rabu, 09 September 2026 01:13:00",NASA-SNPP,Medium,110.09148,-0.94431,False,False,False,False,False,False,Di Luar Area Pantauan (>1000m dari Desa)
Simpang Hilir,Sungaimata-Mata,"Rabu, 09 September 2026 01:13:00",NASA-SNPP,Medium,109.98801,-0.92791,False,False,False,True,False,True,Di Luar Area Pantauan (>1000m dari Desa)
Simpang Hilir,Sungaimata-Mata,"Rabu, 09 September 2026 01:13:00",NASA-SNPP,Medium,109.98248,-0.94065,False,False,True,True,False,True,Di Luar Area Pantauan (>1000m dari Desa)
Simpang Hilir,Lubuk Batu,"Rabu, 09 September 2026 01:13:00",NASA-SNPP,Medium,110.09492,-0.94486,False,False,False,False,False,False,Di Luar Area Pantauan (>1000m dari Desa)
Simpang Hilir,Lubuk Batu,"Rabu, 09 September 2026 01:13:00",NASA-SNPP,Medium,110.0944,-0.94818,False,False,False,False,False,False,Di Luar Area Pantauan (>1000m dari Desa)
Simpang Hilir,Sungaimata-Mata,"Rabu, 09 September 2026 01:13:00",NASA-SNPP,Medium,109.98352,-0.93401,False,False,True,True,False,True,Di Luar Area Pantauan (>1000m dari Desa)
Simpang Hilir,Lubuk Batu,"Rabu, 09 September 2026 01:13:00",NASA-SNPP,Medium,110.09336,-0.95482,False,False,False,False,False,False,Di Luar Area Pantauan (>1000m dari Desa)
Simpang Hilir,Sungaimata-Mata,"Rabu, 09 September 2026 01:13:00",NASA-SNPP,Medium,109.98833,-0.94839,False,False,True,True,False,True,Di Luar Area Pantauan (>1000m dari Desa)
Simpang Hilir,Batu Barat,"Rabu, 09 September 2026 01:13:00",NASA-SNPP,Medium,110.04698,-0.95768,False,False,True,True,False,True,Di Luar Area Pantauan (>1000m dari Desa)
Simpang Hilir,Batu Barat,"Rabu, 09 September 2026 01:13:00",NASA-SNPP,Medium,110.05043,-0.95823,False,False,False,True,False,True,Di Luar Area Pantauan (>1000m dari Desa)
Simpang Hilir,Batu Barat,"Rabu, 09 September 2026 01:13:00",NASA-SNPP,Medium,110.04646,-0.961,False,False,True,True,False,True,Di Luar Area Pantauan (>1000m dari Desa)
Simpang Hilir,Batu Barat,"Rabu, 09 September 2026 01:13:00",NASA-SNPP,Medium,110.0425,-0.96378,False,False,True,True,False,True,Di Luar Area Pantauan (>1000m dari Desa)
Simpang Hilir,Batu Barat,"Rabu, 09 September 2026 01:13:00",NASA-SNPP,Medium,110.04301,-0.96045,False,False,True,True,False,True,Di Luar Area Pantauan (>1000m dari Desa)
Simpang Hilir,Batu Barat,"Rabu, 09 September 2026 01:13:00",NASA-SNPP,Medium,110.04353,-0.95713,False,False,True,True,False,True,Di Luar Area Pantauan (>1000m dari Desa)
Simpang Hilir,Batu Barat,"Rabu, 09 September 2026 01:13:00",NASA-SNPP,Medium,110.04197,-0.9671,False,False,True,True,False,True,Di Luar Area Pantauan (>1000m dari Desa)
Simpang Hilir,Nipah Kuning,"Rabu, 09 September 2026 01:13:00",NASA-SNPP,Medium,109.93253,-1.01056,False,False,True,True,True,True,Di Luar Area Pantauan (>1000m dari Desa)
Simpang Hilir,Batu Barat,"Rabu, 09 September 2026 01:13:00",NASA-SNPP,Medium,110.01228,-0.97556,False,False,True,False,False,True,Di Luar Area Pantauan (>1000m dari Desa)
Simpang Hilir,Sungaimata-Mata,"Rabu, 09 September 2026 01:13:00",NASA-SNPP,Medium,109.93981,-0.96404,False,False,True,True,False,True,Di Luar Area Pantauan (>1000m dari Desa)
Simpang Hilir,Batu Barat,"Rabu, 09 September 2026 01:13:00",NASA-SNPP,Medium,110.01469,-0.98275,False,False,True,True,False,True,Di Luar Area Pantauan (>1000m dari Desa)
Simpang Hilir,Sungaimata-Mata,"Rabu, 09 September 2026 01:13:00",NASA-SNPP,Medium,109.98364,-0.97781,False,False,True,True,False,True,Di Luar Area Pantauan (>1000m dari Desa)
Simpang Hilir,Sungaimata-Mata,"Rabu, 09 September 2026 01:13:00",NASA-SNPP,Medium,109.93877,-0.97068,False,False,True,True,False,True,Di Luar Area Pantauan (>1000m dari Desa)
Simpang Hilir,Sungaimata-Mata,"Rabu, 09 September 2026 01:13:00",NASA-SNPP,Medium,109.93532,-0.97013,False,False,True,True,False,True,Di Luar Area Pantauan (>1000m dari Desa)
Simpang Hilir,Sungaimata-Mata,"Rabu, 09 September 2026 01:13:00",NASA-SNPP,Medium,109.94222,-0.97123,False,False,True,True,False,True,Di Luar Area Pantauan (>1000m dari Desa)
Simpang Hilir,Sungaimata-Mata,"Rabu, 09 September 2026 01:13:00",NASA-SNPP,Medium,109.93773,-0.97733,False,False,True,True,False,True,Di Luar Area Pantauan (>1000m dari Desa)
Simpang Hilir,Sungaimata-Mata,"Rabu, 09 September 2026 01:13:00",NASA-SNPP,Medium,109.94118,-0.97788,False,False,True,True,False,True,Di Luar Area Pantauan (>1000m dari Desa)
Simpang Hilir,Padu Banjar,"Rabu, 09 September 2026 01:13:00",NASA-SNPP,Medium,109.87914,-1.01231,False,False,False,False,False,False,Di Luar Area Pantauan (>1000m dari Desa)
Simpang Hilir,Matan Jaya,"Rabu, 09 September 2026 01:13:00",NASA-SNPP,Medium,110.12753,-1.0517,False,False,False,False,False,False,Di Luar Area Pantauan (>1000m dari Desa)
Simpang Hilir,Matan Jaya,"Rabu, 09 September 2026 01:13:00",NASA-SNPP,Medium,110.17575,-1.05934,False,False,False,False,False,False,Di Luar Area Pantauan (>1000m dari Desa)
Simpang Hilir,Matan Jaya,"Rabu, 09 September 2026 01:13:00",NASA-SNPP,Medium,110.12804,-1.04838,False,False,False,False,False,False,Di Luar Area Pantauan (>1000m dari Desa)
Simpang Hilir,Matan Jaya,"Rabu, 09 September 2026 01:13:00",NASA-SNPP,Medium,110.13149,-1.04892,False,False,False,False,False,False,Di Luar Area Pantauan (>1000m dari Desa)
Simpang Hilir,Batu Barat,"Rabu, 09 September 2026 01:13:00",NASA-SNPP,Medium,110.01717,-0.92232,False,False,True,True,False,True,Di Luar Area Pantauan (>1000m dari Desa)
Simpang Hilir,Batu Barat,"Rabu, 09 September 2026 01:13:00",NASA-SNPP,Medium,110.01424,-0.91845,False,False,True,False,False,True,Di Luar Area Pantauan (>1000m dari Desa)
Simpang Hilir,Sungaimata-Mata,"Rabu, 09 September 2026 01:13:00",NASA-SNPP,Medium,110.00148,-0.90962,False,False,True,True,False,True,Di Luar Area Pantauan (>1000m dari Desa)
Simpang Dua,Kampar Sebomban,"Rabu, 09 September 2026 01:13:00",NASA-SNPP,Medium,110.18938,-0.90541,False,False,False,False,False,False,Di Luar Area Pantauan (>1000m dari Desa)
Sukadana,Sedahan Jaya,"Rabu, 09 September 2026 01:13:00",NASA-SNPP,Medium,110.04939,-1.16777,False,False,True,True,True,True,Di Luar Area Pantauan (>1000m dari Desa)
Simpang Hilir,Batu Barat,"Rabu, 09 September 2026 01:13:00",NASA-SNPP,Medium,110.05095,-0.9549,False,False,True,True,False,True,Di Luar Area Pantauan (>1000m dari Desa)
Simpang Hilir,Batu Barat,"Rabu, 09 September 2026 01:13:00",NASA-SNPP,Medium,110.0475,-0.95436,False,False,True,True,False,True,Di Luar Area Pantauan (>1000m dari Desa)
Simpang Hilir,Batu Barat,"Rabu, 09 September 2026 01:13:00",NASA-SNPP,Medium,110.04405,-0.95381,False,False,True,True,False,True,Di Luar Area Pantauan (>1000m dari Desa)
Simpang Hilir,Batu Barat,"Rabu, 09 September 2026 01:13:00",NASA-SNPP,Medium,110.0499,-0.96155,False,False,False,True,False,True,Di Luar Area Pantauan (>1000m dari Desa)
Matan Hilir Utara,Sungai Putri,"Rabu, 09 September 2026 01:15:00",NASA-SNPP,Medium,110.06482,-1.56256,False,False,False,True,False,True,Di Luar Area Pantauan (>1000m dari Desa)
Matan Hilir Selatan,Sungai Besar,"Rabu, 09 September 2026 01:15:00",NASA-SNPP,Medium,110.19651,-1.86782,False,False,True,True,False,True,Di Luar Area Pantauan (>1000m dari Desa)
Matan Hilir Selatan,Sungai Besar,"Rabu, 09 September 2026 01:15:00",NASA-SNPP,Medium,110.2034,-1.86892,False,False,False,True,False,True,Di Luar Area Pantauan (>1000m dari Desa)
Manis Mata,Seguling,"Rabu, 09 September 2026 01:15:00",NASA-SNPP,Medium,111.09148,-2.59817,False,False,False,False,False,False,Di Luar Area Pantauan (>1000m dari Desa)
Kendawangan,Air Hitam Besar,"Rabu, 09 September 2026 01:15:00",NASA-SNPP,Medium,110.785,-2.73556,False,False,False,False,True,True,Di Luar Area Pantauan (>1000m dari Desa)
Kendawangan,Kedondong,"Rabu, 09 September 2026 01:15:00",NASA-SNPP,Medium,110.32652,-2.27778,False,False,False,False,False,False,Di Luar Area Pantauan (>1000m dari Desa)
Sukadana,Sejahtera,"Rabu, 09 September 2026 01:15:00",NASA-SNPP,Medium,110.10856,-1.28223,False,False,True,True,True,True,Di Luar Area Pantauan (>1000m dari Desa)
Matan Hilir Utara,Lamon Satong,"Rabu, 09 September 2026 01:15:00",NASA-SNPP,Medium,110.23712,-1.47494,False,False,True,True,False,True,Di Luar Area Pantauan (>1000m dari Desa)
Nanga Tayap,Betenung,"Rabu, 09 September 2026 01:15:00",NASA-SNPP,Medium,110.73803,-1.55086,False,False,False,False,False,False,Di Luar Area Pantauan (>1000m dari Desa)
Sukadana,Sejahtera,"Rabu, 09 September 2026 01:15:00",NASA-SNPP,Medium,110.08132,-1.29833,False,False,True,True,False,True,Di Luar Area Pantauan (>1000m dari Desa)
Muara Pawan,Ulak Medang,"Rabu, 09 September 2026 01:15:00",NASA-SNPP,Medium,110.28358,-1.51633,False,False,True,True,False,True,Di Luar Area Pantauan (>1000m dari Desa)
Kendawangan,Kedondong,"Rabu, 09 September 2026 01:15:00",NASA-SNPP,Medium,110.33709,-2.25562,False,False,False,False,False,False,Di Luar Area Pantauan (>1000m dari Desa)
Kendawangan,Kedondong,"Rabu, 09 September 2026 01:15:00",NASA-SNPP,Medium,110.33761,-2.2523,False,False,False,False,False,False,Di Luar Area Pantauan (>1000m dari Desa)
Muara Pawan,Ulak Medang,"Rabu, 09 September 2026 01:15:00",NASA-SNPP,Medium,110.28651,-1.52019,False,False,True,True,False,True,Di Luar Area Pantauan (>1000m dari Desa)
Matan Hilir Selatan,Sungai Besar,"Rabu, 09 September 2026 01:15:00",NASA-SNPP,Medium,110.20099,-1.86173,False,False,False,True,False,True,Di Luar Area Pantauan (>1000m dari Desa)
Muara Pawan,Ulak Medang,"Rabu, 09 September 2026 01:15:00",NASA-SNPP,Medium,110.28203,-1.52629,False,False,True,True,False,True,Di Luar Area Pantauan (>1000m dari Desa)
Muara Pawan,Ulak Medang,"Rabu, 09 September 2026 01:15:00",NASA-SNPP,Medium,110.286,-1.52351,False,False,True,True,False,True,Di Luar Area Pantauan (>1000m dari Desa)
Kendawangan,Airhitam Hulu,"Rabu, 09 September 2026 01:15:00",NASA-SNPP,Medium,110.60813,-2.65774,False,False,False,False,False,False,Di Luar Area Pantauan (>1000m dari Desa)
Kendawangan,Airhitam Hulu,"Rabu, 09 September 2026 01:15:00",NASA-SNPP,Medium,110.61597,-2.67606,False,False,False,False,False,False,Di Luar Area Pantauan (>1000m dari Desa)
Kendawangan,Airhitam Hulu,"Rabu, 09 September 2026 01:15:00",NASA-SNPP,Medium,110.65027,-2.68492,False,False,False,False,False,False,Di Luar Area Pantauan (>1000m dari Desa)
Kendawangan,Air Hitam Besar,"Rabu, 09 September 2026 01:15:00",NASA-SNPP,Medium,110.78149,-2.73501,False,False,False,False,True,True,Di Luar Area Pantauan (>1000m dari Desa)
Kendawangan,Airhitam Hulu,"Rabu, 09 September 2026 01:15:00",NASA-SNPP,Medium,110.64237,-2.70968,False,False,False,False,False,False,Di Luar Area Pantauan (>1000m dari Desa)
Kendawangan,Airhitam Hulu,"Rabu, 09 September 2026 01:15:00",NASA-SNPP,Medium,110.6394,-2.7058,False,False,False,False,False,False,Di Luar Area Pantauan (>1000m dari Desa)
Kendawangan,Airhitam Hulu,"Rabu, 09 September 2026 01:15:00",NASA-SNPP,Medium,110.64097,-2.69579,False,False,False,False,False,False,Di Luar Area Pantauan (>1000m dari Desa)
Kendawangan,Seriam,"Rabu, 09 September 2026 01:15:00",NASA-SNPP,Medium,110.33263,-2.64379,False,False,False,False,True,True,Di Luar Area Pantauan (>1000m dari Desa)
Muara Pawan,Ulak Medang,"Rabu, 09 September 2026 01:15:00",NASA-SNPP,Medium,110.28197,-1.64123,False,False,False,True,False,True,Di Luar Area Pantauan (>1000m dari Desa)
Matan Hilir Selatan,Sungai Besar,"Rabu, 09 September 2026 01:15:00",NASA-SNPP,Medium,110.20392,-1.8656,False,False,True,True,False,True,Di Luar Area Pantauan (>1000m dari Desa)
Muara Pawan,Ulak Medang,"Rabu, 09 September 2026 01:15:00",NASA-SNPP,Medium,110.28835,-1.64564,False,False,False,True,False,True,Di Luar Area Pantauan (>1000m dari Desa)
Muara Pawan,Ulak Medang,"Rabu, 09 September 2026 01:15:00",NASA-SNPP,Medium,110.2849,-1.64509,False,False,False,True,False,True,Di Luar Area Pantauan (>1000m dari Desa)
Kendawangan,Air Hitam Besar,"Rabu, 09 September 2026 01:15:00",NASA-SNPP,Medium,110.76934,-2.76735,False,False,False,True,False,True,Di Luar Area Pantauan (>1000m dari Desa)
Kendawangan,Air Hitam Besar,"Rabu, 09 September 2026 01:15:00",NASA-SNPP,Medium,110.66662,-2.73744,False,False,False,False,False,False,Di Luar Area Pantauan (>1000m dari Desa)
Kendawangan,Air Hitam Besar,"Rabu, 09 September 2026 01:15:00",NASA-SNPP,Medium,110.66557,-2.74412,False,False,False,False,False,False,Di Luar Area Pantauan (>1000m dari Desa)
Matan Hilir Selatan,Sungai Besar,"Rabu, 09 September 2026 01:15:00",NASA-SNPP,Medium,110.20769,-1.88661,False,False,True,True,False,True,Di Luar Area Pantauan (>1000m dari Desa)
Manis Mata,Silat,"Rabu, 09 September 2026 01:15:00",NASA-SNPP,Medium,110.95287,-2.28261,False,False,False,False,False,False,Di Luar Area Pantauan (>1000m dari Desa)
Matan Hilir Selatan,Sungai Besar,"Rabu, 09 September 2026 01:15:00",NASA-SNPP,Medium,110.20287,-1.87224,False,False,False,True,False,True,Di Luar Area Pantauan (>1000m dari Desa)
Matan Hilir Selatan,Sungai Besar,"Rabu, 09 September 2026 01:15:00",NASA-SNPP,Medium,110.21458,-1.8877,False,False,True,True,False,True,Di Luar Area Pantauan (>1000m dari Desa)
Manis Mata,Air Dekakah,"Rabu, 09 September 2026 01:15:00",NASA-SNPP,Medium,110.93098,-2.32893,False,False,False,False,False,False,Di Luar Area Pantauan (>1000m dari Desa)
Kendawangan,Airhitam Hulu,"Rabu, 09 September 2026 01:15:00",NASA-SNPP,Medium,110.61858,-2.65939,False,False,False,False,False,False,Di Luar Area Pantauan (>1000m dari Desa)
Matan Hilir Selatan,Sungai Besar,"Rabu, 09 September 2026 01:15:00",NASA-SNPP,Medium,110.21166,-1.88383,False,False,True,True,False,True,Di Luar Area Pantauan (>1000m dari Desa)
Manis Mata,Silat,"Rabu, 09 September 2026 01:15:00",NASA-SNPP,Medium,110.95235,-2.28595,False,False,False,False,False,False,Di Luar Area Pantauan (>1000m dari Desa)
Matan Hilir Selatan,Sungai Besar,"Rabu, 09 September 2026 01:15:00",NASA-SNPP,Medium,110.21114,-1.88715,False,False,True,True,False,True,Di Luar Area Pantauan (>1000m dari Desa)
Manis Mata,Silat,"Rabu, 09 September 2026 01:15:00",NASA-SNPP,Medium,110.95676,-2.3038,False,False,False,False,False,False,Di Luar Area Pantauan (>1000m dari Desa)
Manis Mata,Seguling,"Rabu, 09 September 2026 01:15:00",NASA-SNPP,Medium,111.08453,-2.57298,False,False,False,False,False,False,Di Luar Area Pantauan (>1000m dari Desa)
Manis Mata,Seguling,"Rabu, 09 September 2026 01:15:00",NASA-SNPP,Medium,111.08505,-2.56962,False,False,False,False,False,False,Di Luar Area Pantauan (>1000m dari Desa)
Kendawangan,Airhitam Hulu,"Rabu, 09 September 2026 01:15:00",NASA-SNPP,Medium,110.61649,-2.67273,False,False,False,False,False,False,Di Luar Area Pantauan (>1000m dari Desa)
Kendawangan,Air Hitam Besar,"Rabu, 09 September 2026 01:15:00",NASA-SNPP,Medium,110.76584,-2.76679,False,False,False,True,False,True,Di Luar Area Pantauan (>1000m dari Desa)
Nanga Tayap,Sungai Kelik,"Rabu, 09 September 2026 01:15:00",NASA-SNPP,Medium,110.34748,-1.58357,False,False,False,False,False,False,Di Luar Area Pantauan (>1000m dari Desa)
Manis Mata,Silat,"Rabu, 09 September 2026 01:15:00",NASA-SNPP,Medium,110.95458,-2.24858,False,False,False,False,False,False,Di Luar Area Pantauan (>1000m dari Desa)
Sungai Melayu Rayak,Makmur Abadi,"Rabu, 09 September 2026 01:15:00",NASA-SNPP,Medium,110.255,-1.76514,False,False,False,True,False,True,Di Luar Area Pantauan (>1000m dari Desa)
Kendawangan,Airhitam Hulu,"Rabu, 09 September 2026 01:15:00",NASA-SNPP,Medium,110.61613,-2.65217,False,False,False,False,False,False,Di Luar Area Pantauan (>1000m dari Desa)
Kendawangan,Airhitam Hulu,"Rabu, 09 September 2026 01:15:00",NASA-SNPP,Medium,110.61162,-2.65829,False,False,False,False,False,False,Di Luar Area Pantauan (>1000m dari Desa)
Kendawangan,Airhitam Hulu,"Rabu, 09 September 2026 01:15:00",NASA-SNPP,Medium,110.61893,-2.67995,False,False,False,False,False,False,Di Luar Area Pantauan (>1000m dari Desa)
Kendawangan,Seriam,"Rabu, 09 September 2026 01:15:00",NASA-SNPP,Medium,110.32624,-2.63938,False,False,False,False,True,True,Di Luar Area Pantauan (>1000m dari Desa)
Kendawangan,Pembedilan,"Rabu, 09 September 2026 01:15:00",NASA-SNPP,Medium,110.34939,-2.78557,False,False,True,False,True,True,Di Luar Area Pantauan (>1000m dari Desa)
Sungai Melayu Rayak,Makmur Abadi,"Rabu, 09 September 2026 01:15:00",NASA-SNPP,Medium,110.24759,-1.76737,False,False,False,True,False,True,Di Luar Area Pantauan (>1000m dari Desa)
Sungai Melayu Rayak,Makmur Abadi,"Rabu, 09 September 2026 01:15:00",NASA-SNPP,Medium,110.23964,-1.74993,False,False,True,True,False,True,Di Luar Area Pantauan (>1000m dari Desa)
Kendawangan,Air Hitam Besar,"Rabu, 09 September 2026 01:15:00",NASA-SNPP,Medium,110.7485,-2.74009,False,False,False,False,False,False,Di Luar Area Pantauan (>1000m dari Desa)
Kendawangan,Airhitam Hulu,"Rabu, 09 September 2026 01:15:00",NASA-SNPP,Medium,110.64975,-2.68826,False,False,False,False,False,False,Di Luar Area Pantauan (>1000m dari Desa)
Kendawangan,Airhitam Hulu,"Rabu, 09 September 2026 01:15:00",NASA-SNPP,Medium,110.6473,-2.68104,False,False,False,False,False,False,Di Luar Area Pantauan (>1000m dari Desa)
Kendawangan,Airhitam Hulu,"Rabu, 09 September 2026 01:15:00",NASA-SNPP,Medium,110.64935,-2.71078,False,False,False,False,False,False,Di Luar Area Pantauan (>1000m dari Desa)
Manis Mata,Batu Sedau,"Rabu, 09 September 2026 01:15:00",NASA-SNPP,Medium,111.06381,-2.40139,False,False,False,False,False,False,Di Luar Area Pantauan (>1000m dari Desa)
Kendawangan,Airhitam Hulu,"Rabu, 09 September 2026 01:15:00",NASA-SNPP,Medium,110.64342,-2.70301,False,False,False,False,False,False,Di Luar Area Pantauan (>1000m dari Desa)
Matan Hilir Utara,Kuala Tolak,"Rabu, 09 September 2026 03:06:00",NASA-MODIS,Medium,110.10932,-1.45983,False,False,False,False,False,False,Di Luar Area Pantauan (>1000m dari Desa)
Singkup,Sukaraja,"Selasa, 08 September 2026 20:14:00",NASA-MODIS,Medium,110.56443,-2.34108,False,False,False,False,False,False,Di Luar Area Pantauan (>1000m dari Desa)
Marau,Batu Payung Dua,"Selasa, 08 September 2026 20:14:00",NASA-MODIS,Medium,110.56998,-2.02603,False,False,True,False,True,True,Di Luar Area Pantauan (>1000m dari Desa)
Simpang Hilir,Batu Barat,"Rabu, 09 September 2026 03:06:00",NASA-MODIS,Medium,110.0554,-0.95841,False,False,False,False,False,False,Di Luar Area Pantauan (>1000m dari Desa)
Kendawangan,Air Hitam Besar,"Selasa, 08 September 2026 20:14:00",NASA-MODIS,Medium,110.66267,-2.7418,False,False,False,False,False,False,Di Luar Area Pantauan (>1000m dari Desa)
Simpang Hilir,Batu Barat,"Rabu, 09 September 2026 03:06:00",NASA-MODIS,Medium,110.11736,-0.89648,False,False,True,True,False,True,Di Luar Area Pantauan (>1000m dari Desa)
Terentang,Betuah,"Selasa, 08 September 2026 20:14:00",NASA-MODIS,Medium,109.93938,-0.49075,False,False,True,True,False,True,Di Luar Area Pantauan (>1000m dari Desa)
Nanga Mahap,Karang Betung,"Selasa, 08 September 2026 20:14:00",NASA-MODIS,Medium,110.93853,-0.62143,True,False,False,False,False,False,Prioritas 2 (Sedang)
Manis Mata,Seguling,"Selasa, 08 September 2026 20:14:00",NASA-MODIS,Medium,111.08624,-2.56445,False,False,False,False,False,False,Di Luar Area Pantauan (>1000m dari Desa)
Simpang Hilir,Sungaimata-Mata,"Rabu, 09 September 2026 03:06:00",NASA-MODIS,Medium,109.93629,-0.98059,False,False,True,True,False,True,Di Luar Area Pantauan (>1000m dari Desa)
Kendawangan,Air Hitam Besar,"Selasa, 08 September 2026 20:14:00",NASA-MODIS,Medium,110.78073,-2.73462,False,False,False,False,True,True,Di Luar Area Pantauan (>1000m dari Desa)
Sungai Raya,Kalibandung,"Selasa, 08 September 2026 20:14:00",NASA-MODIS,Medium,109.64191,-0.33782,False,False,False,True,False,True,Di Luar Area Pantauan (>1000m dari Desa)
Manis Mata,Seguling,"Selasa, 08 September 2026 20:14:00",NASA-MODIS,Medium,111.08746,-2.57327,False,False,False,False,False,False,Di Luar Area Pantauan (>1000m dari Desa)
Simpang Dua,Kampar Sebomban,"Rabu, 09 September 2026 03:06:00",NASA-MODIS,Medium,110.19498,-0.90843,False,False,False,False,False,False,Di Luar Area Pantauan (>1000m dari Desa)
Simpang Hilir,Matan Jaya,"Rabu, 09 September 2026 03:06:00",NASA-MODIS,Medium,110.14485,-1.08555,False,False,False,False,True,True,Di Luar Area Pantauan (>1000m dari Desa)
Sungai Ambawang,Teluk Bakung,"Selasa, 08 September 2026 20:14:00",NASA-MODIS,Medium,109.69777,-0.05364,False,False,False,True,False,True,Di Luar Area Pantauan (>1000m dari Desa)
Kendawangan,Seriam,"Selasa, 08 September 2026 20:14:00",NASA-MODIS,Medium,110.32731,-2.64075,False,False,False,False,True,True,Di Luar Area Pantauan (>1000m dari Desa)
Matan Hilir Selatan,Sungai Pelang,"Selasa, 08 September 2026 20:14:00",NASA-MODIS,Medium,110.22865,-1.85212,False,False,True,True,False,True,Di Luar Area Pantauan (>1000m dari Desa)
Teluk Keramat,Tri Mandayan,"Rabu, 09 September 2026 03:04:00",NASA-MODIS,High,109.16738,1.47944,False,False,False,True,False,True,Di Luar Area Pantauan (>1000m dari Desa)
Simpang Hilir,Sungaimata-Mata,"Rabu, 09 September 2026 03:06:00",NASA-MODIS,High,109.93925,-0.96069,False,False,True,True,False,True,Di Luar Area Pantauan (>1000m dari Desa)
Teluk Keramat,Tri Mandayan,"Selasa, 08 September 2026 20:16:00",NASA-MODIS,High,109.16389,1.48611,False,False,False,True,False,True,Di Luar Area Pantauan (>1000m dari Desa)
Sungai Ambawang,Teluk Bakung,"Selasa, 08 September 2026 20:16:00",NASA-MODIS,High,109.68447,-0.00014,False,False,False,True,False,True,Di Luar Area Pantauan (>1000m dari Desa)
Jelimpo,Kersik Belantian,"Selasa, 08 September 2026 20:16:00",NASA-MODIS,High,110.09283,0.50826,False,False,False,False,False,False,Di Luar Area Pantauan (>1000m dari Desa)
Kendawangan,Airhitam Hulu,"Selasa, 08 September 2026 20:14:00",NASA-MODIS,High,110.61985,-2.67375,False,False,False,False,False,False,Di Luar Area Pantauan (>1000m dari Desa)
Simpang Hilir,Sungaimata-Mata,"Rabu, 09 September 2026 03:06:00",NASA-MODIS,High,109.94772,-0.98234,False,False,True,True,False,True,Di Luar Area Pantauan (>1000m dari Desa)
Ella Hilir,Nanga Nyuruh,"Selasa, 08 September 2026 20:14:00",NASA-MODIS,High,112.10597,-0.53275,False,False,False,False,False,False,Di Luar Area Pantauan (>1000m dari Desa)
Matan Hilir Selatan,Sungai Besar,"Selasa, 08 September 2026 20:14:00",NASA-MODIS,High,110.18525,-1.8764,False,False,True,True,False,True,Di Luar Area Pantauan (>1000m dari Desa)
Kendawangan,Air Hitam Besar,"Selasa, 08 September 2026 20:14:00",NASA-MODIS,High,110.63789,-2.78289,False,False,False,False,False,False,Di Luar Area Pantauan (>1000m dari Desa)
Matan Hilir Utara,Kuala Tolak,"Rabu, 09 September 2026 03:06:00",NASA-MODIS,High,110.11075,-1.45006,False,False,False,False,False,False,Di Luar Area Pantauan (>1000m dari Desa)
Kendawangan,Air Hitam Besar,"Selasa, 08 September 2026 20:14:00",NASA-MODIS,High,110.77294,-2.76452,False,False,False,True,True,True,Di Luar Area Pantauan (>1000m dari Desa)
Simpang Hilir,Batu Barat,"Rabu, 09 September 2026 03:06:00",NASA-MODIS,High,110.04418,-0.95666,False,False,True,True,False,True,Di Luar Area Pantauan (>1000m dari Desa)
Simpang Dua,Kampar Sebomban,"Rabu, 09 September 2026 03:06:00",NASA-MODIS,High,110.18394,-0.90673,False,False,False,False,False,False,Di Luar Area Pantauan (>1000m dari Desa)
Sungai Ambawang,Teluk Bakung,"Selasa, 08 September 2026 20:14:00",NASA-MODIS,High,109.74242,-0.01051,False,False,False,True,False,True,Di Luar Area Pantauan (>1000m dari Desa)
Sungai Ambawang,Pasak Piang,"Selasa, 08 September 2026 20:14:00",NASA-MODIS,High,109.61483,-0.13885,False,False,False,True,False,True,Di Luar Area Pantauan (>1000m dari Desa)
Simpang Hilir,Matan Jaya,"Rabu, 09 September 2026 03:06:00",NASA-MODIS,High,110.13382,-1.08385,False,False,False,True,True,True,Di Luar Area Pantauan (>1000m dari Desa)
Sungai Raya,Kalibandung,"Rabu, 09 September 2026 03:06:00",NASA-MODIS,High,109.64168,-0.33197,False,False,False,True,False,True,Di Luar Area Pantauan (>1000m dari Desa)
Kendawangan,Airhitam Hulu,"Selasa, 08 September 2026 20:14:00",NASA-MODIS,High,110.61082,-2.675,False,False,False,False,False,False,Di Luar Area Pantauan (>1000m dari Desa)
Simpang Hilir,Batu Barat,"Rabu, 09 September 2026 03:06:00",NASA-MODIS,High,110.0511,-0.95699,False,False,False,True,False,True,Di Luar Area Pantauan (>1000m dari Desa)
Sungai Ambawang,Teluk Bakung,"Selasa, 08 September 2026 20:16:00",NASA-MODIS,High,109.69373,0.00114,False,False,False,True,False,True,Di Luar Area Pantauan (>1000m dari Desa)
Matan Hilir Selatan,Pesaguan Kanan,"Selasa, 08 September 2026 20:14:00",NASA-MODIS,High,110.34657,-2.01124,False,False,False,False,False,False,Di Luar Area Pantauan (>1000m dari Desa)
Simpang Dua,Kampar Sebomban,"Rabu, 09 September 2026 01:34:00",NASA-NOAA20,High,110.18267,-0.90281,False,False,False,False,False,False,Di Luar Area Pantauan (>1000m dari Desa)
Simpang Hilir,Batu Barat,"Rabu, 09 September 2026 01:13:00",NASA-SNPP,High,110.04488,-0.97052,False,False,False,True,False,True,Di Luar Area Pantauan (>1000m dari Desa)
Matan Hilir Selatan,Sungai Pelang,"Selasa, 08 September 2026 20:14:00",NASA-MODIS,High,110.17356,-1.85966,False,False,True,True,False,True,Di Luar Area Pantauan (>1000m dari Desa)
Matan Hilir Selatan,Sungai Besar,"Selasa, 08 September 2026 20:14:00",NASA-MODIS,High,110.19318,-1.86614,False,False,True,True,False,True,Di Luar Area Pantauan (>1000m dari Desa)
Teluk Keramat,Tri Mandayan,"Selasa, 08 September 2026 20:16:00",NASA-MODIS,High,109.17458,1.47832,False,False,False,True,False,True,Di Luar Area Pantauan (>1000m dari Desa)
Benua Kayong,Negeri Baru,"Selasa, 08 September 2026 20:14:00",NASA-MODIS,High,110.19702,-1.80098,False,False,False,True,False,True,Di Luar Area Pantauan (>1000m dari Desa)
Simpang Dua,Kampar Sebomban,"Rabu, 09 September 2026 03:06:00",NASA-MODIS,High,110.19645,-0.89864,False,False,False,False,False,False,Di Luar Area Pantauan (>1000m dari Desa)
Matan Hilir Selatan,Sungai Besar,"Selasa, 08 September 2026 20:14:00",NASA-MODIS,High,110.21281,-1.87261,False,False,True,True,False,True,Di Luar Area Pantauan (>1000m dari Desa)
Manis Mata,Seguling,"Selasa, 08 September 2026 20:14:00",NASA-MODIS,High,111.11271,-2.56082,False,False,False,False,False,False,Di Luar Area Pantauan (>1000m dari Desa)
Manis Mata,Pakit Selaba,"Selasa, 08 September 2026 20:14:00",NASA-MODIS,High,111.02331,-2.22225,False,False,False,False,False,False,Di Luar Area Pantauan (>1000m dari Desa)
Simpang Hilir,Batu Barat,"Rabu, 09 September 2026 03:06:00",NASA-MODIS,High,110.05392,-0.96828,False,False,False,True,False,True,Di Luar Area Pantauan (>1000m dari Desa)
Matan Hilir Selatan,Sungai Besar,"Selasa, 08 September 2026 20:14:00",NASA-MODIS,High,110.184,-1.8674,False,False,True,True,False,True,Di Luar Area Pantauan (>1000m dari Desa)
Matan Hilir Selatan,Sungai Besar,"Selasa, 08 September 2026 20:14:00",NASA-MODIS,High,110.20364,-1.87387,False,False,True,True,False,True,Di Luar Area Pantauan (>1000m dari Desa)
Simpang Dua,Kampar Sebomban,"Rabu, 09 September 2026 03:06:00",NASA-MODIS,High,110.1854,-0.89694,False,False,False,False,False,False,Di Luar Area Pantauan (>1000m dari Desa)
Matan Hilir Selatan,Sungai Besar,"Selasa, 08 September 2026 20:14:00",NASA-MODIS,High,110.21406,-1.88159,False,False,True,True,False,True,Di Luar Area Pantauan (>1000m dari Desa)
Kendawangan,Airhitam Hulu,"Selasa, 08 September 2026 20:14:00",NASA-MODIS,High,110.61791,-2.6843,False,False,False,False,False,False,Di Luar Area Pantauan (>1000m dari Desa)
Kendawangan,Airhitam Hulu,"Selasa, 08 September 2026 20:14:00",NASA-MODIS,High,110.61739,-2.65591,False,False,False,False,False,False,Di Luar Area Pantauan (>1000m dari Desa)
Matan Hilir Selatan,Sungai Besar,"Selasa, 08 September 2026 20:14:00",NASA-MODIS,High,110.20489,-1.88286,False,False,True,True,False,True,Di Luar Area Pantauan (>1000m dari Desa)
Sungai Raya,Kalibandung,"Selasa, 08 September 2026 20:14:00",NASA-MODIS,High,109.64062,-0.32875,False,False,False,True,False,True,Di Luar Area Pantauan (>1000m dari Desa)
Kendawangan,Airhitam Hulu,"Selasa, 08 September 2026 20:14:00",NASA-MODIS,High,110.60835,-2.65715,False,False,False,False,False,False,Di Luar Area Pantauan (>1000m dari Desa)
Matan Hilir Selatan,Sungai Besar,"Selasa, 08 September 2026 20:14:00",NASA-MODIS,High,110.20237,-1.86488,False,False,False,True,False,True,Di Luar Area Pantauan (>1000m dari Desa)
Matan Hilir Selatan,Sungai Pelang,"Selasa, 08 September 2026 20:14:00",NASA-MODIS,High,110.18275,-1.8584,False,False,True,True,False,True,Di Luar Area Pantauan (>1000m dari Desa)
Ella Hilir,Nyanggau,"Rabu, 09 September 2026 03:06:00",NASA-MODIS,High,112.12867,-0.49203,False,False,False,False,False,False,Di Luar Area Pantauan (>1000m dari Desa)
Matan Hilir Selatan,Sungai Pelang,"Selasa, 08 September 2026 20:14:00",NASA-MODIS,High,110.1748,-1.86866,False,False,True,True,False,True,Di Luar Area Pantauan (>1000m dari Desa)
Matan Hilir Selatan,Sungai Pelang,"Selasa, 08 September 2026 20:14:00",NASA-MODIS,High,110.23656,-1.84189,False,False,True,True,False,True,Di Luar Area Pantauan (>1000m dari Desa)
Simpang Hilir,Batu Barat,"Rabu, 09 September 2026 03:06:00",NASA-MODIS,High,110.04271,-0.96654,False,False,False,True,False,True,Di Luar Area Pantauan (>1000m dari Desa)
