Kecamatan,Desa,Waktu,Satelit,Confidence,Longitude,Latitude,in_desa,in_buffer,is_hutan,is_gambut,is_kk,in_kawasan,Prioritas_Satgas
Pulau Maya,Tanjungsatai,"Rabu, 07 Oktober 2026 13:29:00",NASA-SNPP,Low,109.65562,-1.20526,False,False,False,False,False,False,Di Luar Area Pantauan (>1000m dari Desa)
Matan Hilir Utara,Tanjung Baik Budi,"Rabu, 07 Oktober 2026 13:50:00",NASA-NOAA20,Low,110.09193,-1.55132,False,False,True,True,False,True,Di Luar Area Pantauan (>1000m dari Desa)
Kendawangan,Natai Kuini,"Rabu, 07 Oktober 2026 13:29:00",NASA-SNPP,Low,110.86703,-2.82348,False,False,False,False,True,True,Di Luar Area Pantauan (>1000m dari Desa)
Matan Hilir Utara,Tanjung Baik Budi,"Rabu, 07 Oktober 2026 13:50:00",NASA-NOAA20,Low,110.14244,-1.51463,False,False,False,False,False,False,Di Luar Area Pantauan (>1000m dari Desa)
Kendawangan,Natai Kuini,"Rabu, 07 Oktober 2026 13:29:00",NASA-SNPP,Low,110.78836,-2.85864,False,False,False,False,False,False,Di Luar Area Pantauan (>1000m dari Desa)
Kendawangan,Natai Kuini,"Rabu, 07 Oktober 2026 13:29:00",NASA-SNPP,Low,110.79013,-2.83336,False,False,False,False,False,False,Di Luar Area Pantauan (>1000m dari Desa)
Sayan,Landau Sandak,"Rabu, 07 Oktober 2026 13:50:00",NASA-NOAA20,Low,111.66823,-0.83504,False,False,False,False,False,False,Di Luar Area Pantauan (>1000m dari Desa)
Kendawangan,Natai Kuini,"Rabu, 07 Oktober 2026 13:50:00",NASA-NOAA20,Low,110.80257,-2.83554,False,False,False,False,False,False,Di Luar Area Pantauan (>1000m dari Desa)
Kendawangan,Natai Kuini,"Rabu, 07 Oktober 2026 13:50:00",NASA-NOAA20,Low,110.79391,-2.83117,False,False,False,False,False,False,Di Luar Area Pantauan (>1000m dari Desa)
Kendawangan,Natai Kuini,"Rabu, 07 Oktober 2026 13:29:00",NASA-SNPP,Low,110.87307,-2.83388,False,False,False,False,True,True,Di Luar Area Pantauan (>1000m dari Desa)
Kendawangan,Air Hitam Besar,"Rabu, 07 Oktober 2026 13:29:00",NASA-SNPP,Low,110.73179,-2.79724,False,False,False,True,False,True,Di Luar Area Pantauan (>1000m dari Desa)
Kendawangan,Natai Kuini,"Rabu, 07 Oktober 2026 13:29:00",NASA-SNPP,Low,110.75517,-2.87142,False,False,False,True,False,True,Di Luar Area Pantauan (>1000m dari Desa)
Kendawangan,Natai Kuini,"Rabu, 07 Oktober 2026 13:29:00",NASA-SNPP,Low,110.7451,-2.9481,False,False,False,False,False,False,Di Luar Area Pantauan (>1000m dari Desa)
Sepauk,Bernayau,"Rabu, 07 Oktober 2026 15:07:00",NASA-MODIS,Low,111.16856,-0.3447,False,False,False,False,False,False,Di Luar Area Pantauan (>1000m dari Desa)
Kendawangan,Air Hitam Besar,"Rabu, 07 Oktober 2026 13:29:00",NASA-SNPP,Low,110.72527,-2.78323,False,False,False,False,False,False,Di Luar Area Pantauan (>1000m dari Desa)
Matan Hilir Utara,Sungai Putri,"Rabu, 07 Oktober 2026 13:50:00",NASA-NOAA20,Low,110.09365,-1.56237,False,False,True,True,False,True,Di Luar Area Pantauan (>1000m dari Desa)
Simpang Hilir,Matan Jaya,"Rabu, 07 Oktober 2026 13:50:00",NASA-NOAA20,Low,110.14304,-1.04622,False,False,False,False,False,False,Di Luar Area Pantauan (>1000m dari Desa)
Kendawangan,Air Hitam Besar,"Rabu, 07 Oktober 2026 13:29:00",NASA-SNPP,Low,110.72808,-2.80158,False,False,False,False,False,False,Di Luar Area Pantauan (>1000m dari Desa)
Kendawangan,Air Hitam Besar,"Rabu, 07 Oktober 2026 13:50:00",NASA-NOAA20,Low,110.73238,-2.79806,False,False,False,True,False,True,Di Luar Area Pantauan (>1000m dari Desa)
Kendawangan,Air Hitam Besar,"Rabu, 07 Oktober 2026 13:29:00",NASA-SNPP,Low,110.71647,-2.8475,False,False,False,False,False,False,Di Luar Area Pantauan (>1000m dari Desa)
Matan Hilir Utara,Sungai Putri,"Rabu, 07 Oktober 2026 13:50:00",NASA-NOAA20,Low,110.0928,-1.55685,False,False,True,True,False,True,Di Luar Area Pantauan (>1000m dari Desa)
Belimbing,Batu Buil,"Rabu, 07 Oktober 2026 15:07:00",NASA-MODIS,Medium,111.56239,-0.33853,False,False,False,False,False,False,Di Luar Area Pantauan (>1000m dari Desa)
Nanga Tayap,Betenung,"Rabu, 07 Oktober 2026 15:07:00",NASA-MODIS,Medium,110.79726,-1.55937,False,False,True,False,False,True,Di Luar Area Pantauan (>1000m dari Desa)
Ketungau Hilir,Senibung,"Rabu, 07 Oktober 2026 15:07:00",NASA-MODIS,Medium,111.48033,0.58277,False,False,False,False,False,False,Di Luar Area Pantauan (>1000m dari Desa)
Tayan Hilir,Cempedak,"Rabu, 07 Oktober 2026 15:07:00",NASA-MODIS,Medium,110.12392,0.05511,False,False,False,False,False,False,Di Luar Area Pantauan (>1000m dari Desa)
Kendawangan,Danau Buntar,"Rabu, 07 Oktober 2026 15:07:00",NASA-MODIS,Medium,110.95663,-2.70461,False,False,False,False,False,False,Di Luar Area Pantauan (>1000m dari Desa)
Belitang Hulu,Sungaitapah,"Rabu, 07 Oktober 2026 15:07:00",NASA-MODIS,Medium,111.02955,0.41323,False,False,False,False,False,False,Di Luar Area Pantauan (>1000m dari Desa)
Kendawangan,Natai Kuini,"Rabu, 07 Oktober 2026 13:50:00",NASA-NOAA20,Medium,110.79868,-2.83619,False,False,False,False,False,False,Di Luar Area Pantauan (>1000m dari Desa)
Kendawangan,Natai Kuini,"Rabu, 07 Oktober 2026 13:50:00",NASA-NOAA20,Medium,110.79482,-2.83684,False,False,False,False,False,False,Di Luar Area Pantauan (>1000m dari Desa)
Kendawangan,Air Hitam Besar,"Rabu, 07 Oktober 2026 13:50:00",NASA-NOAA20,Medium,110.72036,-2.81451,False,False,False,False,False,False,Di Luar Area Pantauan (>1000m dari Desa)
Kendawangan,Air Hitam Besar,"Rabu, 07 Oktober 2026 13:50:00",NASA-NOAA20,Medium,110.71657,-2.81515,False,False,False,False,False,False,Di Luar Area Pantauan (>1000m dari Desa)
Kendawangan,Natai Kuini,"Rabu, 07 Oktober 2026 13:50:00",NASA-NOAA20,Medium,110.79094,-2.83749,False,False,False,False,False,False,Di Luar Area Pantauan (>1000m dari Desa)
Kendawangan,Air Hitam Besar,"Rabu, 07 Oktober 2026 13:50:00",NASA-NOAA20,Medium,110.71809,-2.84967,False,False,False,False,False,False,Di Luar Area Pantauan (>1000m dari Desa)
Kendawangan,Air Hitam Besar,"Rabu, 07 Oktober 2026 13:50:00",NASA-NOAA20,Medium,110.72189,-2.84904,False,False,False,False,False,False,Di Luar Area Pantauan (>1000m dari Desa)
Kendawangan,Natai Kuini,"Rabu, 07 Oktober 2026 13:50:00",NASA-NOAA20,Medium,110.7257,-2.8484,False,False,False,True,False,True,Di Luar Area Pantauan (>1000m dari Desa)
Kendawangan,Natai Kuini,"Rabu, 07 Oktober 2026 13:50:00",NASA-NOAA20,Medium,110.80169,-2.82986,False,False,False,True,False,True,Di Luar Area Pantauan (>1000m dari Desa)
Kendawangan,Natai Kuini,"Rabu, 07 Oktober 2026 13:50:00",NASA-NOAA20,Medium,110.79778,-2.83052,False,False,False,False,False,False,Di Luar Area Pantauan (>1000m dari Desa)
Kendawangan,Natai Kuini,"Rabu, 07 Oktober 2026 13:50:00",NASA-NOAA20,Medium,110.80534,-2.85256,False,False,False,False,False,False,Di Luar Area Pantauan (>1000m dari Desa)
Kendawangan,Air Hitam Besar,"Rabu, 07 Oktober 2026 13:50:00",NASA-NOAA20,Medium,110.72767,-2.79303,False,False,False,False,False,False,Di Luar Area Pantauan (>1000m dari Desa)
Kendawangan,Air Hitam Besar,"Rabu, 07 Oktober 2026 13:50:00",NASA-NOAA20,Medium,110.71627,-2.79489,False,False,False,False,False,False,Di Luar Area Pantauan (>1000m dari Desa)
Kendawangan,Natai Kuini,"Rabu, 07 Oktober 2026 13:50:00",NASA-NOAA20,Medium,110.76289,-2.85961,False,False,False,True,False,True,Di Luar Area Pantauan (>1000m dari Desa)
Kendawangan,Natai Kuini,"Rabu, 07 Oktober 2026 13:50:00",NASA-NOAA20,Medium,110.80052,-2.84754,False,False,False,False,False,False,Di Luar Area Pantauan (>1000m dari Desa)
Kendawangan,Natai Kuini,"Rabu, 07 Oktober 2026 13:50:00",NASA-NOAA20,Medium,110.79077,-2.8608,False,False,False,False,False,False,Di Luar Area Pantauan (>1000m dari Desa)
Kendawangan,Pembedilan,"Rabu, 07 Oktober 2026 13:50:00",NASA-NOAA20,Medium,110.44465,-2.76591,False,False,False,False,True,True,Di Luar Area Pantauan (>1000m dari Desa)
Kendawangan,Pembedilan,"Rabu, 07 Oktober 2026 13:50:00",NASA-NOAA20,Medium,110.44321,-2.73197,False,False,False,False,True,True,Di Luar Area Pantauan (>1000m dari Desa)
Kendawangan,Seriam,"Rabu, 07 Oktober 2026 13:50:00",NASA-NOAA20,Medium,110.41389,-2.73674,False,False,False,False,True,True,Di Luar Area Pantauan (>1000m dari Desa)
Kendawangan,Natai Kuini,"Rabu, 07 Oktober 2026 13:50:00",NASA-NOAA20,Medium,110.75813,-2.8546,False,False,False,True,False,True,Di Luar Area Pantauan (>1000m dari Desa)
Kendawangan,Natai Kuini,"Rabu, 07 Oktober 2026 13:50:00",NASA-NOAA20,Medium,110.73042,-2.85341,False,False,False,False,False,False,Di Luar Area Pantauan (>1000m dari Desa)
Kendawangan,Natai Kuini,"Rabu, 07 Oktober 2026 13:50:00",NASA-NOAA20,Medium,110.80441,-2.84689,False,False,False,False,False,False,Di Luar Area Pantauan (>1000m dari Desa)
Kendawangan,Air Hitam Besar,"Rabu, 07 Oktober 2026 13:50:00",NASA-NOAA20,Medium,110.71535,-2.78924,False,False,False,False,False,False,Di Luar Area Pantauan (>1000m dari Desa)
Kendawangan,Air Hitam Besar,"Rabu, 07 Oktober 2026 13:50:00",NASA-NOAA20,Medium,110.72098,-2.84339,False,False,False,False,False,False,Di Luar Area Pantauan (>1000m dari Desa)
Kendawangan,Air Hitam Besar,"Rabu, 07 Oktober 2026 13:50:00",NASA-NOAA20,Medium,110.73383,-2.80061,False,False,False,False,False,False,Di Luar Area Pantauan (>1000m dari Desa)
Kendawangan,Air Hitam Besar,"Rabu, 07 Oktober 2026 13:50:00",NASA-NOAA20,Medium,110.73901,-2.81439,False,False,False,True,False,True,Di Luar Area Pantauan (>1000m dari Desa)
Kendawangan,Air Hitam Besar,"Rabu, 07 Oktober 2026 13:50:00",NASA-NOAA20,Medium,110.71981,-2.81749,False,False,False,False,False,False,Di Luar Area Pantauan (>1000m dari Desa)
Kendawangan,Air Hitam Besar,"Rabu, 07 Oktober 2026 13:50:00",NASA-NOAA20,Medium,110.73808,-2.80874,False,False,False,True,False,True,Di Luar Area Pantauan (>1000m dari Desa)
Kendawangan,Airhitam Hulu,"Rabu, 07 Oktober 2026 13:50:00",NASA-NOAA20,Medium,110.68848,-2.62823,False,False,False,False,False,False,Di Luar Area Pantauan (>1000m dari Desa)
Kendawangan,Airhitam Hulu,"Rabu, 07 Oktober 2026 13:50:00",NASA-NOAA20,Medium,110.68465,-2.62887,False,False,False,False,False,False,Di Luar Area Pantauan (>1000m dari Desa)
Kendawangan,Seriam,"Rabu, 07 Oktober 2026 13:50:00",NASA-NOAA20,Medium,110.26255,-2.69378,False,False,False,False,True,True,Di Luar Area Pantauan (>1000m dari Desa)
Kendawangan,Seriam,"Rabu, 07 Oktober 2026 13:50:00",NASA-NOAA20,Medium,110.32696,-2.64361,False,False,False,False,True,True,Di Luar Area Pantauan (>1000m dari Desa)
Kendawangan,Pembedilan,"Rabu, 07 Oktober 2026 13:50:00",NASA-NOAA20,Medium,110.45096,-2.76983,False,False,False,False,True,True,Di Luar Area Pantauan (>1000m dari Desa)
Kendawangan,Air Hitam Besar,"Rabu, 07 Oktober 2026 13:50:00",NASA-NOAA20,Medium,110.69686,-2.74593,False,False,False,False,False,False,Di Luar Area Pantauan (>1000m dari Desa)
Manis Mata,Jambi,"Rabu, 07 Oktober 2026 13:50:00",NASA-NOAA20,Medium,110.97108,-2.70603,False,False,False,False,False,False,Di Luar Area Pantauan (>1000m dari Desa)
Kendawangan,Pembedilan,"Rabu, 07 Oktober 2026 13:50:00",NASA-NOAA20,Medium,110.45181,-2.77539,False,False,False,False,True,True,Di Luar Area Pantauan (>1000m dari Desa)
Kendawangan,Pembedilan,"Rabu, 07 Oktober 2026 13:50:00",NASA-NOAA20,Medium,110.44643,-2.76489,False,False,False,False,True,True,Di Luar Area Pantauan (>1000m dari Desa)
Kendawangan,Pembedilan,"Rabu, 07 Oktober 2026 13:50:00",NASA-NOAA20,Medium,110.45014,-2.76427,False,False,False,False,True,True,Di Luar Area Pantauan (>1000m dari Desa)
Matan Hilir Utara,Sungai Putri,"Rabu, 07 Oktober 2026 13:50:00",NASA-NOAA20,Medium,110.08916,-1.55744,False,False,True,True,False,True,Di Luar Area Pantauan (>1000m dari Desa)
Muara Pawan,Mayak,"Rabu, 07 Oktober 2026 13:50:00",NASA-NOAA20,Medium,110.14653,-1.72916,False,False,False,True,False,True,Di Luar Area Pantauan (>1000m dari Desa)
Matan Hilir Utara,Tanjung Baik Budi,"Rabu, 07 Oktober 2026 13:50:00",NASA-NOAA20,Medium,110.0883,-1.55191,False,False,True,True,False,True,Di Luar Area Pantauan (>1000m dari Desa)
Muara Pawan,Mayak,"Rabu, 07 Oktober 2026 13:50:00",NASA-NOAA20,Medium,110.14475,-1.72915,False,False,False,True,False,True,Di Luar Area Pantauan (>1000m dari Desa)
Muara Pawan,Sungai Awan Kiri,"Rabu, 07 Oktober 2026 13:50:00",NASA-NOAA20,Medium,110.00664,-1.72879,False,False,False,False,False,False,Di Luar Area Pantauan (>1000m dari Desa)
Muara Pawan,Sungai Awan Kiri,"Rabu, 07 Oktober 2026 13:50:00",NASA-NOAA20,Medium,110.00307,-1.72935,False,False,False,False,False,False,Di Luar Area Pantauan (>1000m dari Desa)
Kendawangan,Natai Kuini,"Kamis, 08 Oktober 2026 00:32:00",NASA-SNPP,Medium,110.78104,-2.86203,False,False,False,True,False,True,Di Luar Area Pantauan (>1000m dari Desa)
Simpang Dua,Gema,"Rabu, 07 Oktober 2026 15:07:00",NASA-MODIS,Medium,110.40878,-0.85745,False,False,False,False,False,False,Di Luar Area Pantauan (>1000m dari Desa)
Kendawangan,Air Hitam Besar,"Rabu, 07 Oktober 2026 13:50:00",NASA-NOAA20,Medium,110.74783,-2.79554,False,False,False,True,False,True,Di Luar Area Pantauan (>1000m dari Desa)
Kendawangan,Natai Kuini,"Rabu, 07 Oktober 2026 13:50:00",NASA-NOAA20,Medium,110.75613,-2.86654,False,False,False,True,False,True,Di Luar Area Pantauan (>1000m dari Desa)
Kendawangan,Natai Kuini,"Rabu, 07 Oktober 2026 13:50:00",NASA-NOAA20,Medium,110.75999,-2.8659,False,False,False,True,False,True,Di Luar Area Pantauan (>1000m dari Desa)
Kendawangan,Air Hitam Besar,"Rabu, 07 Oktober 2026 13:50:00",NASA-NOAA20,Medium,110.73148,-2.7924,False,False,False,True,False,True,Di Luar Area Pantauan (>1000m dari Desa)
Pinoh Utara,Engkurai,"Rabu, 07 Oktober 2026 13:50:00",NASA-NOAA20,Medium,111.95116,-0.26437,False,False,False,False,False,False,Di Luar Area Pantauan (>1000m dari Desa)
Nanga Mahap,Tamang,"Rabu, 07 Oktober 2026 13:50:00",NASA-NOAA20,Medium,110.67937,-0.40787,False,False,False,False,False,False,Di Luar Area Pantauan (>1000m dari Desa)
Nanga Mahap,Tamang,"Rabu, 07 Oktober 2026 13:50:00",NASA-NOAA20,Medium,110.68352,-0.40721,False,False,False,False,False,False,Di Luar Area Pantauan (>1000m dari Desa)
Kayan Hulu,Landau Bara,"Rabu, 07 Oktober 2026 13:50:00",NASA-NOAA20,Medium,112.10616,-0.12855,False,False,False,False,False,False,Di Luar Area Pantauan (>1000m dari Desa)
Ambalau,Nanga Rade,"Rabu, 07 Oktober 2026 13:50:00",NASA-NOAA20,Medium,112.82983,-0.03851,False,False,False,False,False,False,Di Luar Area Pantauan (>1000m dari Desa)
Ambalau,Nanga Rade,"Rabu, 07 Oktober 2026 13:50:00",NASA-NOAA20,Medium,112.85482,-0.04828,False,False,False,False,False,False,Di Luar Area Pantauan (>1000m dari Desa)
Kendawangan,Natai Kuini,"Rabu, 07 Oktober 2026 13:50:00",NASA-NOAA20,Medium,110.69569,-2.90546,False,False,False,False,False,False,Di Luar Area Pantauan (>1000m dari Desa)
Kendawangan,Natai Kuini,"Rabu, 07 Oktober 2026 13:50:00",NASA-NOAA20,Medium,110.6919,-2.90608,False,False,False,False,False,False,Di Luar Area Pantauan (>1000m dari Desa)
Kendawangan,Natai Kuini,"Rabu, 07 Oktober 2026 13:50:00",NASA-NOAA20,Medium,110.78691,-2.86144,False,False,False,False,False,False,Di Luar Area Pantauan (>1000m dari Desa)
Kendawangan,Natai Kuini,"Rabu, 07 Oktober 2026 13:50:00",NASA-NOAA20,Medium,110.71673,-2.89044,False,False,False,True,False,True,Di Luar Area Pantauan (>1000m dari Desa)
Kendawangan,Natai Kuini,"Rabu, 07 Oktober 2026 13:50:00",NASA-NOAA20,Medium,110.75793,-2.87786,False,False,False,False,False,False,Di Luar Area Pantauan (>1000m dari Desa)
Kendawangan,Natai Kuini,"Rabu, 07 Oktober 2026 13:50:00",NASA-NOAA20,Medium,110.8101,-2.8576,False,False,False,False,False,False,Di Luar Area Pantauan (>1000m dari Desa)
Kendawangan,Natai Kuini,"Rabu, 07 Oktober 2026 13:50:00",NASA-NOAA20,Medium,110.76472,-2.87093,False,False,False,True,False,True,Di Luar Area Pantauan (>1000m dari Desa)
Kendawangan,Natai Kuini,"Rabu, 07 Oktober 2026 13:50:00",NASA-NOAA20,Medium,110.76087,-2.87156,False,False,False,True,False,True,Di Luar Area Pantauan (>1000m dari Desa)
Kendawangan,Natai Kuini,"Rabu, 07 Oktober 2026 13:50:00",NASA-NOAA20,Medium,110.79464,-2.86016,False,False,False,False,False,False,Di Luar Area Pantauan (>1000m dari Desa)
Kendawangan,Natai Kuini,"Rabu, 07 Oktober 2026 13:50:00",NASA-NOAA20,Medium,110.75523,-2.86089,False,False,False,True,False,True,Di Luar Area Pantauan (>1000m dari Desa)
Kendawangan,Air Hitam Besar,"Rabu, 07 Oktober 2026 13:50:00",NASA-NOAA20,Medium,110.74008,-2.7968,False,False,False,True,False,True,Di Luar Area Pantauan (>1000m dari Desa)
Kendawangan,Air Hitam Besar,"Rabu, 07 Oktober 2026 13:50:00",NASA-NOAA20,Medium,110.72855,-2.79868,False,False,False,False,False,False,Di Luar Area Pantauan (>1000m dari Desa)
Kendawangan,Air Hitam Besar,"Rabu, 07 Oktober 2026 13:50:00",NASA-NOAA20,Medium,110.73622,-2.79743,False,False,False,True,False,True,Di Luar Area Pantauan (>1000m dari Desa)
Kendawangan,Air Hitam Besar,"Rabu, 07 Oktober 2026 13:50:00",NASA-NOAA20,Medium,110.72475,-2.7993,False,False,False,False,False,False,Di Luar Area Pantauan (>1000m dari Desa)
Kendawangan,Natai Kuini,"Rabu, 07 Oktober 2026 13:50:00",NASA-NOAA20,Medium,110.72662,-2.85404,False,False,False,False,False,False,Di Luar Area Pantauan (>1000m dari Desa)
Kendawangan,Air Hitam Besar,"Kamis, 08 Oktober 2026 00:32:00",NASA-SNPP,Medium,110.72084,-2.84571,False,False,False,False,False,False,Di Luar Area Pantauan (>1000m dari Desa)
Kendawangan,Natai Kuini,"Kamis, 08 Oktober 2026 00:32:00",NASA-SNPP,Medium,110.78612,-2.85693,False,False,False,False,False,False,Di Luar Area Pantauan (>1000m dari Desa)
Kendawangan,Natai Kuini,"Kamis, 08 Oktober 2026 00:32:00",NASA-SNPP,Medium,110.79927,-2.85322,False,False,False,False,False,False,Di Luar Area Pantauan (>1000m dari Desa)
Kendawangan,Natai Kuini,"Kamis, 08 Oktober 2026 00:32:00",NASA-SNPP,Medium,110.77553,-2.85613,False,False,False,False,False,False,Di Luar Area Pantauan (>1000m dari Desa)
Kendawangan,Natai Kuini,"Kamis, 08 Oktober 2026 00:32:00",NASA-SNPP,Medium,110.79227,-2.84604,False,False,False,False,False,False,Di Luar Area Pantauan (>1000m dari Desa)
Kendawangan,Natai Kuini,"Kamis, 08 Oktober 2026 00:32:00",NASA-SNPP,Medium,110.79422,-2.85832,False,False,False,False,False,False,Di Luar Area Pantauan (>1000m dari Desa)
Kendawangan,Natai Kuini,"Kamis, 08 Oktober 2026 00:32:00",NASA-SNPP,Medium,110.728,-2.85294,False,False,False,False,False,False,Di Luar Area Pantauan (>1000m dari Desa)
Kendawangan,Natai Kuini,"Kamis, 08 Oktober 2026 00:32:00",NASA-SNPP,Medium,110.75664,-2.85785,False,False,False,True,False,True,Di Luar Area Pantauan (>1000m dari Desa)
Kendawangan,Natai Kuini,"Kamis, 08 Oktober 2026 00:32:00",NASA-SNPP,Medium,110.75967,-2.86435,False,False,False,True,False,True,Di Luar Area Pantauan (>1000m dari Desa)
Kendawangan,Natai Kuini,"Kamis, 08 Oktober 2026 00:32:00",NASA-SNPP,Medium,110.79827,-2.85902,False,False,False,False,False,False,Di Luar Area Pantauan (>1000m dari Desa)
Kendawangan,Air Hitam Besar,"Kamis, 08 Oktober 2026 00:32:00",NASA-SNPP,Medium,110.72495,-2.84642,False,False,False,True,False,True,Di Luar Area Pantauan (>1000m dari Desa)
Kendawangan,Natai Kuini,"Kamis, 08 Oktober 2026 00:32:00",NASA-SNPP,Medium,110.80231,-2.85971,False,False,False,False,False,False,Di Luar Area Pantauan (>1000m dari Desa)
Kendawangan,Natai Kuini,"Kamis, 08 Oktober 2026 00:32:00",NASA-SNPP,Medium,110.72905,-2.84712,False,False,False,True,False,True,Di Luar Area Pantauan (>1000m dari Desa)
Kendawangan,Natai Kuini,"Kamis, 08 Oktober 2026 00:32:00",NASA-SNPP,Medium,110.75404,-2.85858,False,False,False,True,False,True,Di Luar Area Pantauan (>1000m dari Desa)
Kendawangan,Air Hitam Besar,"Kamis, 08 Oktober 2026 00:32:00",NASA-SNPP,Medium,110.72637,-2.80008,False,False,False,False,False,False,Di Luar Area Pantauan (>1000m dari Desa)
Kendawangan,Natai Kuini,"Kamis, 08 Oktober 2026 00:32:00",NASA-SNPP,Medium,110.69424,-2.90121,False,False,False,False,False,False,Di Luar Area Pantauan (>1000m dari Desa)
Kendawangan,Natai Kuini,"Kamis, 08 Oktober 2026 00:32:00",NASA-SNPP,Medium,110.69011,-2.90052,False,False,False,False,False,False,Di Luar Area Pantauan (>1000m dari Desa)
Kendawangan,Air Hitam Besar,"Kamis, 08 Oktober 2026 00:32:00",NASA-SNPP,Medium,110.73564,-2.79563,False,False,False,True,False,True,Di Luar Area Pantauan (>1000m dari Desa)
Kendawangan,Natai Kuini,"Kamis, 08 Oktober 2026 00:32:00",NASA-SNPP,Medium,110.79084,-2.84074,False,False,False,False,False,False,Di Luar Area Pantauan (>1000m dari Desa)
Kendawangan,Air Hitam Besar,"Kamis, 08 Oktober 2026 00:32:00",NASA-SNPP,Medium,110.70991,-2.84535,False,False,False,True,False,True,Di Luar Area Pantauan (>1000m dari Desa)
Kendawangan,Air Hitam Besar,"Kamis, 08 Oktober 2026 00:32:00",NASA-SNPP,Medium,110.71671,-2.845,False,False,False,False,False,False,Di Luar Area Pantauan (>1000m dari Desa)
Kendawangan,Natai Kuini,"Kamis, 08 Oktober 2026 00:32:00",NASA-SNPP,Medium,110.79016,-2.85763,False,False,False,False,False,False,Di Luar Area Pantauan (>1000m dari Desa)
Manis Mata,Jambi,"Kamis, 08 Oktober 2026 00:32:00",NASA-SNPP,Medium,110.96824,-2.70387,False,False,False,False,False,False,Di Luar Area Pantauan (>1000m dari Desa)
Kendawangan,Natai Kuini,"Kamis, 08 Oktober 2026 00:32:00",NASA-SNPP,Medium,110.78917,-2.86343,False,False,False,False,False,False,Di Luar Area Pantauan (>1000m dari Desa)
Kendawangan,Natai Kuini,"Kamis, 08 Oktober 2026 00:32:00",NASA-SNPP,Medium,110.79896,-2.84208,False,False,False,False,False,False,Di Luar Area Pantauan (>1000m dari Desa)
Kendawangan,Natai Kuini,"Kamis, 08 Oktober 2026 00:32:00",NASA-SNPP,Medium,110.75561,-2.86366,False,False,False,True,False,True,Di Luar Area Pantauan (>1000m dari Desa)
Kendawangan,Air Hitam Besar,"Kamis, 08 Oktober 2026 00:32:00",NASA-SNPP,Medium,110.71568,-2.85083,False,False,False,False,False,False,Di Luar Area Pantauan (>1000m dari Desa)
Kendawangan,Air Hitam Besar,"Kamis, 08 Oktober 2026 00:32:00",NASA-SNPP,Medium,110.7126,-2.8443,False,False,False,False,False,False,Di Luar Area Pantauan (>1000m dari Desa)
Kendawangan,Natai Kuini,"Kamis, 08 Oktober 2026 00:32:00",NASA-SNPP,Medium,110.7239,-2.85224,False,False,False,False,False,False,Di Luar Area Pantauan (>1000m dari Desa)
Kendawangan,Natai Kuini,"Kamis, 08 Oktober 2026 00:32:00",NASA-SNPP,Medium,110.77698,-2.86134,False,False,False,True,False,True,Di Luar Area Pantauan (>1000m dari Desa)
Nanga Tayap,Nanga Tayap,"Rabu, 07 Oktober 2026 13:50:00",NASA-NOAA20,Medium,110.57547,-1.5309,False,False,False,False,False,False,Di Luar Area Pantauan (>1000m dari Desa)
Muara Pawan,Ulak Medang,"Rabu, 07 Oktober 2026 13:50:00",NASA-NOAA20,Medium,110.28545,-1.55992,False,False,True,True,False,True,Di Luar Area Pantauan (>1000m dari Desa)
Hulu Sungai,Senduruhan,"Rabu, 07 Oktober 2026 13:50:00",NASA-NOAA20,Medium,110.80113,-0.98885,False,False,False,False,False,False,Di Luar Area Pantauan (>1000m dari Desa)
Sayan,Landau Sandak,"Rabu, 07 Oktober 2026 13:50:00",NASA-NOAA20,Medium,111.67065,-0.83374,False,False,False,False,False,False,Di Luar Area Pantauan (>1000m dari Desa)
Sayan,Landau Sandak,"Rabu, 07 Oktober 2026 13:50:00",NASA-NOAA20,Medium,111.66573,-0.83455,False,False,False,False,False,False,Di Luar Area Pantauan (>1000m dari Desa)
Sandai,Randau,"Rabu, 07 Oktober 2026 13:50:00",NASA-NOAA20,Medium,110.59394,-0.9991,False,False,False,False,False,False,Di Luar Area Pantauan (>1000m dari Desa)
Hulu Sungai,Krio Hulu,"Rabu, 07 Oktober 2026 13:50:00",NASA-NOAA20,Medium,110.84235,-0.86284,False,False,True,False,False,True,Di Luar Area Pantauan (>1000m dari Desa)
Hulu Sungai,Sekukun,"Rabu, 07 Oktober 2026 13:50:00",NASA-NOAA20,Medium,110.83115,-1.264,False,False,True,False,False,True,Di Luar Area Pantauan (>1000m dari Desa)
Pulau Maya,Satai Lestari,"Rabu, 07 Oktober 2026 13:50:00",NASA-NOAA20,Medium,109.66298,-1.14463,False,False,False,True,False,True,Di Luar Area Pantauan (>1000m dari Desa)
Sandai,Randau,"Rabu, 07 Oktober 2026 13:50:00",NASA-NOAA20,Medium,110.59448,-0.99806,False,False,False,False,False,False,Di Luar Area Pantauan (>1000m dari Desa)
Sayan,Landau Sandak,"Rabu, 07 Oktober 2026 13:50:00",NASA-NOAA20,Medium,111.66331,-0.83582,False,False,False,False,False,False,Di Luar Area Pantauan (>1000m dari Desa)
Pulau Maya,Satai Lestari,"Rabu, 07 Oktober 2026 13:50:00",NASA-NOAA20,Medium,109.65362,-1.12949,False,False,True,True,True,True,Di Luar Area Pantauan (>1000m dari Desa)
Pulau Maya,Kemboja,"Rabu, 07 Oktober 2026 13:50:00",NASA-NOAA20,Medium,109.70368,-1.13268,False,False,False,False,False,False,Di Luar Area Pantauan (>1000m dari Desa)
Simpang Hilir,Sungaimata-Mata,"Rabu, 07 Oktober 2026 13:50:00",NASA-NOAA20,Medium,110.02475,-1.08775,False,False,False,False,False,False,Di Luar Area Pantauan (>1000m dari Desa)
Matan Hilir Utara,Tanjung Baik Budi,"Rabu, 07 Oktober 2026 13:50:00",NASA-NOAA20,Medium,110.14323,-1.52019,False,False,True,True,False,True,Di Luar Area Pantauan (>1000m dari Desa)
Batu Ampar,Tanjungharapan,"Rabu, 07 Oktober 2026 13:50:00",NASA-NOAA20,Medium,109.50871,-0.85502,True,False,False,True,True,True,Prioritas 1 (Tinggi)
Matan Hilir Utara,Tanjung Baik Budi,"Rabu, 07 Oktober 2026 13:50:00",NASA-NOAA20,Medium,110.15066,-1.51966,False,False,True,True,False,True,Di Luar Area Pantauan (>1000m dari Desa)
Hulu Sungai,Sekukun,"Rabu, 07 Oktober 2026 13:50:00",NASA-NOAA20,Medium,110.82544,-1.28237,False,False,True,False,False,True,Di Luar Area Pantauan (>1000m dari Desa)
Mukok,Semuntai,"Rabu, 07 Oktober 2026 13:50:00",NASA-NOAA20,Medium,110.7226,0.06322,False,False,False,False,False,False,Di Luar Area Pantauan (>1000m dari Desa)
Sekadau Hilir,Sungai Kunyit,"Rabu, 07 Oktober 2026 13:50:00",NASA-NOAA20,Medium,110.80305,0.08216,False,False,False,False,False,False,Di Luar Area Pantauan (>1000m dari Desa)
Tayan Hilir,Melugai,"Rabu, 07 Oktober 2026 13:50:00",NASA-NOAA20,Medium,110.13852,0.05395,False,False,False,False,False,False,Di Luar Area Pantauan (>1000m dari Desa)
Meliau,Lalang,"Rabu, 07 Oktober 2026 13:50:00",NASA-NOAA20,Medium,110.31647,-0.24531,False,False,False,False,False,False,Di Luar Area Pantauan (>1000m dari Desa)
Nanga Mahap,Telukkebau,"Rabu, 07 Oktober 2026 13:50:00",NASA-NOAA20,Medium,110.70338,-0.58822,False,False,False,False,False,False,Di Luar Area Pantauan (>1000m dari Desa)
Nanga Mahap,Tamang,"Rabu, 07 Oktober 2026 13:50:00",NASA-NOAA20,Medium,110.68109,-0.41957,False,False,False,False,False,False,Di Luar Area Pantauan (>1000m dari Desa)
Pinoh Utara,Engkurai,"Rabu, 07 Oktober 2026 13:50:00",NASA-NOAA20,Medium,111.94907,-0.2606,False,False,False,False,False,False,Di Luar Area Pantauan (>1000m dari Desa)
Sekadau Hilir,Gonis Tekam,"Rabu, 07 Oktober 2026 13:50:00",NASA-NOAA20,Medium,111.03015,-0.01292,False,False,False,False,False,False,Di Luar Area Pantauan (>1000m dari Desa)
Hulu Sungai,Krio Hulu,"Rabu, 07 Oktober 2026 13:50:00",NASA-NOAA20,Medium,110.86064,-0.81311,False,False,False,False,False,False,Di Luar Area Pantauan (>1000m dari Desa)
Batu Ampar,Tanjungharapan,"Rabu, 07 Oktober 2026 13:50:00",NASA-NOAA20,Medium,109.50658,-0.85267,True,False,False,True,True,True,Prioritas 1 (Tinggi)
Silat Hilir,Penai,"Rabu, 07 Oktober 2026 13:50:00",NASA-NOAA20,Medium,111.70055,0.33926,False,False,False,False,False,False,Di Luar Area Pantauan (>1000m dari Desa)
Silat Hilir,Penai,"Rabu, 07 Oktober 2026 13:50:00",NASA-NOAA20,Medium,111.69731,0.33545,False,False,True,True,False,True,Di Luar Area Pantauan (>1000m dari Desa)
Sandai,Pendamaran Indah,"Rabu, 07 Oktober 2026 13:50:00",NASA-NOAA20,Medium,110.65257,-1.06055,False,False,False,False,False,False,Di Luar Area Pantauan (>1000m dari Desa)
Simpang Hilir,Matan Jaya,"Rabu, 07 Oktober 2026 13:50:00",NASA-NOAA20,Medium,110.14673,-1.04564,False,False,False,False,False,False,Di Luar Area Pantauan (>1000m dari Desa)
Matan Hilir Utara,Sungai Putri,"Rabu, 07 Oktober 2026 13:50:00",NASA-NOAA20,Medium,110.09003,-1.56296,False,False,True,True,False,True,Di Luar Area Pantauan (>1000m dari Desa)
Tayan Hilir,Melugai,"Rabu, 07 Oktober 2026 13:50:00",NASA-NOAA20,Medium,110.13467,0.05334,False,False,False,False,False,False,Di Luar Area Pantauan (>1000m dari Desa)
Silat Hilir,Sentabai,"Kamis, 08 Oktober 2026 00:49:00",NASA-NOAA20,Medium,111.7764,0.52748,False,False,True,True,False,True,Di Luar Area Pantauan (>1000m dari Desa)
Jelai Hulu,Semantun,"Kamis, 08 Oktober 2026 00:52:00",NASA-NOAA20,Medium,111.05617,-1.97878,False,False,True,False,False,True,Di Luar Area Pantauan (>1000m dari Desa)
Jelai Hulu,Semantun,"Kamis, 08 Oktober 2026 00:52:00",NASA-NOAA20,Medium,111.06348,-1.96472,False,False,True,False,False,True,Di Luar Area Pantauan (>1000m dari Desa)
Matan Hilir Selatan,Sungai Nanjung,"Kamis, 08 Oktober 2026 00:52:00",NASA-NOAA20,Medium,110.19386,-2.13656,False,False,True,True,False,True,Di Luar Area Pantauan (>1000m dari Desa)
Kendawangan,Selimantan Jaya,"Kamis, 08 Oktober 2026 00:52:00",NASA-NOAA20,Medium,110.52177,-2.25427,False,False,False,False,False,False,Di Luar Area Pantauan (>1000m dari Desa)
Manis Mata,Jambi,"Kamis, 08 Oktober 2026 00:52:00",NASA-NOAA20,Medium,110.97011,-2.70214,False,False,False,False,False,False,Di Luar Area Pantauan (>1000m dari Desa)
Manis Mata,Jambi,"Kamis, 08 Oktober 2026 00:52:00",NASA-NOAA20,Medium,110.96951,-2.70584,False,False,False,False,False,False,Di Luar Area Pantauan (>1000m dari Desa)
Kendawangan,Airhitam Hulu,"Kamis, 08 Oktober 2026 00:52:00",NASA-NOAA20,Medium,110.6898,-2.63047,False,False,False,False,False,False,Di Luar Area Pantauan (>1000m dari Desa)
Kendawangan,Seriam,"Kamis, 08 Oktober 2026 00:52:00",NASA-NOAA20,Medium,110.37786,-2.70038,False,False,False,False,True,True,Di Luar Area Pantauan (>1000m dari Desa)
Manis Mata,Ratu Elok,"Kamis, 08 Oktober 2026 00:52:00",NASA-NOAA20,Medium,111.04889,-2.49761,False,False,False,False,False,False,Di Luar Area Pantauan (>1000m dari Desa)
Kendawangan,Air Hitam Besar,"Kamis, 08 Oktober 2026 00:52:00",NASA-NOAA20,Medium,110.72501,-2.79835,False,False,False,False,False,False,Di Luar Area Pantauan (>1000m dari Desa)
Kendawangan,Air Hitam Besar,"Kamis, 08 Oktober 2026 00:52:00",NASA-NOAA20,Medium,110.72951,-2.79906,False,False,False,True,False,True,Di Luar Area Pantauan (>1000m dari Desa)
Kendawangan,Air Hitam Besar,"Kamis, 08 Oktober 2026 00:52:00",NASA-NOAA20,Medium,110.73786,-2.80421,False,False,False,False,False,False,Di Luar Area Pantauan (>1000m dari Desa)
Kendawangan,Air Hitam Besar,"Kamis, 08 Oktober 2026 00:52:00",NASA-NOAA20,Medium,110.70911,-2.79309,False,False,False,False,False,False,Di Luar Area Pantauan (>1000m dari Desa)
Kendawangan,Air Hitam Besar,"Kamis, 08 Oktober 2026 00:52:00",NASA-NOAA20,Medium,110.73159,-2.7968,False,False,False,True,False,True,Di Luar Area Pantauan (>1000m dari Desa)
Kendawangan,Air Hitam Besar,"Kamis, 08 Oktober 2026 00:52:00",NASA-NOAA20,Medium,110.71423,-2.79009,False,False,False,False,False,False,Di Luar Area Pantauan (>1000m dari Desa)
Kendawangan,Air Hitam Besar,"Kamis, 08 Oktober 2026 00:52:00",NASA-NOAA20,Medium,110.70698,-2.7955,False,False,False,False,False,False,Di Luar Area Pantauan (>1000m dari Desa)
Kendawangan,Air Hitam Besar,"Kamis, 08 Oktober 2026 00:52:00",NASA-NOAA20,Medium,110.7277,-2.79232,False,False,False,False,False,False,Di Luar Area Pantauan (>1000m dari Desa)
Kendawangan,Air Hitam Besar,"Kamis, 08 Oktober 2026 00:52:00",NASA-NOAA20,Medium,110.7289,-2.8028,False,False,False,False,False,False,Di Luar Area Pantauan (>1000m dari Desa)
Kendawangan,Air Hitam Besar,"Kamis, 08 Oktober 2026 00:52:00",NASA-NOAA20,Medium,110.716,-2.79693,False,False,False,False,False,False,Di Luar Area Pantauan (>1000m dari Desa)
Kendawangan,Air Hitam Besar,"Kamis, 08 Oktober 2026 00:52:00",NASA-NOAA20,Medium,110.73338,-2.80351,False,False,False,False,False,False,Di Luar Area Pantauan (>1000m dari Desa)
Kendawangan,Air Hitam Besar,"Kamis, 08 Oktober 2026 00:52:00",NASA-NOAA20,Medium,110.71149,-2.79621,False,False,False,False,False,False,Di Luar Area Pantauan (>1000m dari Desa)
Kendawangan,Air Hitam Besar,"Kamis, 08 Oktober 2026 00:52:00",NASA-NOAA20,Medium,110.72977,-2.80801,False,False,False,False,False,False,Di Luar Area Pantauan (>1000m dari Desa)
Kendawangan,Air Hitam Besar,"Kamis, 08 Oktober 2026 00:52:00",NASA-NOAA20,Medium,110.73424,-2.80874,False,False,False,False,False,False,Di Luar Area Pantauan (>1000m dari Desa)
Kendawangan,Air Hitam Besar,"Kamis, 08 Oktober 2026 00:52:00",NASA-NOAA20,Medium,110.73932,-2.80574,False,False,False,False,False,False,Di Luar Area Pantauan (>1000m dari Desa)
Kendawangan,Air Hitam Besar,"Kamis, 08 Oktober 2026 00:52:00",NASA-NOAA20,Medium,110.7387,-2.80947,False,False,False,True,False,True,Di Luar Area Pantauan (>1000m dari Desa)
Kendawangan,Air Hitam Besar,"Kamis, 08 Oktober 2026 00:52:00",NASA-NOAA20,Medium,110.7067,-2.80806,False,False,False,True,False,True,Di Luar Area Pantauan (>1000m dari Desa)
Kendawangan,Air Hitam Besar,"Kamis, 08 Oktober 2026 00:52:00",NASA-NOAA20,Medium,110.73363,-2.81248,False,False,False,False,False,False,Di Luar Area Pantauan (>1000m dari Desa)
Kendawangan,Air Hitam Besar,"Kamis, 08 Oktober 2026 00:52:00",NASA-NOAA20,Medium,110.7271,-2.79606,False,False,False,False,False,False,Di Luar Area Pantauan (>1000m dari Desa)
Kendawangan,Air Hitam Besar,"Kamis, 08 Oktober 2026 00:52:00",NASA-NOAA20,Medium,110.73219,-2.79306,False,False,False,True,False,True,Di Luar Area Pantauan (>1000m dari Desa)
Kendawangan,Air Hitam Besar,"Kamis, 08 Oktober 2026 00:52:00",NASA-NOAA20,Medium,110.72198,-2.79905,False,False,False,False,False,False,Di Luar Area Pantauan (>1000m dari Desa)
Kendawangan,Air Hitam Besar,"Kamis, 08 Oktober 2026 00:52:00",NASA-NOAA20,Medium,110.72561,-2.79461,False,False,False,False,False,False,Di Luar Area Pantauan (>1000m dari Desa)
Kendawangan,Air Hitam Besar,"Kamis, 08 Oktober 2026 00:52:00",NASA-NOAA20,Medium,110.73521,-2.79229,False,False,False,True,False,True,Di Luar Area Pantauan (>1000m dari Desa)
Kendawangan,Air Hitam Besar,"Kamis, 08 Oktober 2026 00:52:00",NASA-NOAA20,Medium,110.70609,-2.81181,False,False,False,True,False,True,Di Luar Area Pantauan (>1000m dari Desa)
Kendawangan,Air Hitam Besar,"Kamis, 08 Oktober 2026 00:52:00",NASA-NOAA20,Medium,110.72649,-2.7998,False,False,False,False,False,False,Di Luar Area Pantauan (>1000m dari Desa)
Kendawangan,Air Hitam Besar,"Kamis, 08 Oktober 2026 00:52:00",NASA-NOAA20,Medium,110.72803,-2.77964,False,False,False,False,False,False,Di Luar Area Pantauan (>1000m dari Desa)
Kendawangan,Air Hitam Besar,"Kamis, 08 Oktober 2026 00:52:00",NASA-NOAA20,Medium,110.73132,-2.78784,False,False,False,True,False,True,Di Luar Area Pantauan (>1000m dari Desa)
Kendawangan,Air Hitam Besar,"Kamis, 08 Oktober 2026 00:52:00",NASA-NOAA20,Medium,110.73038,-2.80427,False,False,False,False,False,False,Di Luar Area Pantauan (>1000m dari Desa)
Kendawangan,Air Hitam Besar,"Kamis, 08 Oktober 2026 00:52:00",NASA-NOAA20,Medium,110.7217,-2.79015,False,False,False,False,False,False,Di Luar Area Pantauan (>1000m dari Desa)
Kendawangan,Air Hitam Besar,"Kamis, 08 Oktober 2026 00:52:00",NASA-NOAA20,Medium,110.71272,-2.78873,False,False,False,False,False,False,Di Luar Area Pantauan (>1000m dari Desa)
Kendawangan,Air Hitam Besar,"Kamis, 08 Oktober 2026 00:52:00",NASA-NOAA20,Medium,110.71059,-2.81254,False,False,False,False,False,False,Di Luar Area Pantauan (>1000m dari Desa)
Kendawangan,Natai Kuini,"Kamis, 08 Oktober 2026 00:52:00",NASA-NOAA20,Medium,110.78174,-2.85477,False,False,False,False,False,False,Di Luar Area Pantauan (>1000m dari Desa)
Kendawangan,Air Hitam Besar,"Kamis, 08 Oktober 2026 00:52:00",NASA-NOAA20,Medium,110.73072,-2.79158,False,False,False,False,False,False,Di Luar Area Pantauan (>1000m dari Desa)
Kendawangan,Air Hitam Besar,"Kamis, 08 Oktober 2026 00:52:00",NASA-NOAA20,Medium,110.72049,-2.79764,False,False,False,False,False,False,Di Luar Area Pantauan (>1000m dari Desa)
Kendawangan,Air Hitam Besar,"Kamis, 08 Oktober 2026 00:52:00",NASA-NOAA20,Medium,110.71898,-2.81776,False,False,False,False,False,False,Di Luar Area Pantauan (>1000m dari Desa)
Kendawangan,Air Hitam Besar,"Kamis, 08 Oktober 2026 00:52:00",NASA-NOAA20,Medium,110.73461,-2.79603,False,False,False,True,False,True,Di Luar Area Pantauan (>1000m dari Desa)
Kendawangan,Air Hitam Besar,"Kamis, 08 Oktober 2026 00:52:00",NASA-NOAA20,Medium,110.73546,-2.80127,False,False,False,False,False,False,Di Luar Area Pantauan (>1000m dari Desa)
Kendawangan,Natai Kuini,"Kamis, 08 Oktober 2026 00:52:00",NASA-NOAA20,Medium,110.78477,-2.83615,False,False,False,False,False,False,Di Luar Area Pantauan (>1000m dari Desa)
Kendawangan,Natai Kuini,"Kamis, 08 Oktober 2026 00:52:00",NASA-NOAA20,Medium,110.78982,-2.83315,False,False,False,False,False,False,Di Luar Area Pantauan (>1000m dari Desa)
Kendawangan,Natai Kuini,"Kamis, 08 Oktober 2026 00:52:00",NASA-NOAA20,Medium,110.78922,-2.83687,False,False,False,False,False,False,Di Luar Area Pantauan (>1000m dari Desa)
Kendawangan,Natai Kuini,"Kamis, 08 Oktober 2026 00:52:00",NASA-NOAA20,Medium,110.79426,-2.83387,False,False,False,False,False,False,Di Luar Area Pantauan (>1000m dari Desa)
Kendawangan,Natai Kuini,"Kamis, 08 Oktober 2026 00:52:00",NASA-NOAA20,Medium,110.80957,-2.85164,False,False,False,False,False,False,Di Luar Area Pantauan (>1000m dari Desa)
Kendawangan,Natai Kuini,"Kamis, 08 Oktober 2026 00:52:00",NASA-NOAA20,Medium,110.78679,-2.85177,False,False,False,False,False,False,Di Luar Area Pantauan (>1000m dari Desa)
Kendawangan,Natai Kuini,"Kamis, 08 Oktober 2026 00:52:00",NASA-NOAA20,Medium,110.8007,-2.8502,False,False,False,False,False,False,Di Luar Area Pantauan (>1000m dari Desa)
Kendawangan,Natai Kuini,"Kamis, 08 Oktober 2026 00:52:00",NASA-NOAA20,Medium,110.78297,-2.84733,False,False,False,False,False,False,Di Luar Area Pantauan (>1000m dari Desa)
Kendawangan,Natai Kuini,"Kamis, 08 Oktober 2026 00:52:00",NASA-NOAA20,Medium,110.82727,-2.85451,False,False,False,False,True,True,Di Luar Area Pantauan (>1000m dari Desa)
Kendawangan,Natai Kuini,"Kamis, 08 Oktober 2026 00:52:00",NASA-NOAA20,Medium,110.79122,-2.85248,False,False,False,False,False,False,Di Luar Area Pantauan (>1000m dari Desa)
Kendawangan,Air Hitam Besar,"Kamis, 08 Oktober 2026 00:52:00",NASA-NOAA20,Medium,110.71959,-2.81402,False,False,False,False,False,False,Di Luar Area Pantauan (>1000m dari Desa)
Kendawangan,Air Hitam Besar,"Kamis, 08 Oktober 2026 00:52:00",NASA-NOAA20,Medium,110.71449,-2.81702,False,False,False,False,False,False,Di Luar Area Pantauan (>1000m dari Desa)
Kendawangan,Natai Kuini,"Kamis, 08 Oktober 2026 00:52:00",NASA-NOAA20,Medium,110.79042,-2.82943,False,False,False,False,False,False,Di Luar Area Pantauan (>1000m dari Desa)
Kendawangan,Natai Kuini,"Kamis, 08 Oktober 2026 00:52:00",NASA-NOAA20,Medium,110.72697,-2.85358,False,False,False,False,False,False,Di Luar Area Pantauan (>1000m dari Desa)
Kendawangan,Natai Kuini,"Kamis, 08 Oktober 2026 00:52:00",NASA-NOAA20,Medium,110.79929,-2.83087,False,False,False,False,False,False,Di Luar Area Pantauan (>1000m dari Desa)
Kendawangan,Natai Kuini,"Kamis, 08 Oktober 2026 00:52:00",NASA-NOAA20,Medium,110.78052,-2.86222,False,False,False,True,False,True,Di Luar Area Pantauan (>1000m dari Desa)
Kendawangan,Natai Kuini,"Kamis, 08 Oktober 2026 00:52:00",NASA-NOAA20,Medium,110.80193,-2.84276,False,False,False,False,False,False,Di Luar Area Pantauan (>1000m dari Desa)
Kendawangan,Natai Kuini,"Kamis, 08 Oktober 2026 00:52:00",NASA-NOAA20,Medium,110.78861,-2.8406,False,False,False,False,False,False,Di Luar Area Pantauan (>1000m dari Desa)
Kendawangan,Natai Kuini,"Kamis, 08 Oktober 2026 00:52:00",NASA-NOAA20,Medium,110.79505,-2.85693,False,False,False,False,False,False,Di Luar Area Pantauan (>1000m dari Desa)
Kendawangan,Natai Kuini,"Kamis, 08 Oktober 2026 00:52:00",NASA-NOAA20,Medium,110.79245,-2.84504,False,False,False,False,False,False,Di Luar Area Pantauan (>1000m dari Desa)
Kendawangan,Natai Kuini,"Kamis, 08 Oktober 2026 00:52:00",NASA-NOAA20,Medium,110.80574,-2.8472,False,False,False,False,False,False,Di Luar Area Pantauan (>1000m dari Desa)
Kendawangan,Natai Kuini,"Kamis, 08 Oktober 2026 00:52:00",NASA-NOAA20,Medium,110.82666,-2.85823,False,False,False,False,False,False,Di Luar Area Pantauan (>1000m dari Desa)
Kendawangan,Natai Kuini,"Kamis, 08 Oktober 2026 00:52:00",NASA-NOAA20,Medium,110.80392,-2.85836,False,False,False,False,False,False,Di Luar Area Pantauan (>1000m dari Desa)
Kendawangan,Air Hitam Besar,"Kamis, 08 Oktober 2026 00:52:00",NASA-NOAA20,Medium,110.71984,-2.84092,False,False,False,False,False,False,Di Luar Area Pantauan (>1000m dari Desa)
Kendawangan,Natai Kuini,"Kamis, 08 Oktober 2026 00:52:00",NASA-NOAA20,Medium,110.78801,-2.84432,False,False,False,False,False,False,Di Luar Area Pantauan (>1000m dari Desa)
Kendawangan,Natai Kuini,"Kamis, 08 Oktober 2026 00:52:00",NASA-NOAA20,Medium,110.78236,-2.85105,False,False,False,False,False,False,Di Luar Area Pantauan (>1000m dari Desa)
Kendawangan,Natai Kuini,"Kamis, 08 Oktober 2026 00:52:00",NASA-NOAA20,Medium,110.77286,-2.85333,False,False,False,False,False,False,Di Luar Area Pantauan (>1000m dari Desa)
Kendawangan,Natai Kuini,"Kamis, 08 Oktober 2026 00:52:00",NASA-NOAA20,Medium,110.80513,-2.85092,False,False,False,False,False,False,Di Luar Area Pantauan (>1000m dari Desa)
Kendawangan,Air Hitam Besar,"Kamis, 08 Oktober 2026 00:52:00",NASA-NOAA20,Medium,110.71474,-2.84393,False,False,False,False,False,False,Di Luar Area Pantauan (>1000m dari Desa)
Kendawangan,Air Hitam Besar,"Kamis, 08 Oktober 2026 00:52:00",NASA-NOAA20,Medium,110.718,-2.85213,False,False,False,False,False,False,Di Luar Area Pantauan (>1000m dari Desa)
Kendawangan,Natai Kuini,"Kamis, 08 Oktober 2026 00:52:00",NASA-NOAA20,Medium,110.75826,-2.85863,False,False,False,True,False,True,Di Luar Area Pantauan (>1000m dari Desa)
Kendawangan,Natai Kuini,"Kamis, 08 Oktober 2026 00:52:00",NASA-NOAA20,Medium,110.79445,-2.86065,False,False,False,False,False,False,Di Luar Area Pantauan (>1000m dari Desa)
Kendawangan,Natai Kuini,"Kamis, 08 Oktober 2026 00:52:00",NASA-NOAA20,Medium,110.78114,-2.8585,False,False,False,False,False,False,Di Luar Area Pantauan (>1000m dari Desa)
Kendawangan,Natai Kuini,"Kamis, 08 Oktober 2026 00:52:00",NASA-NOAA20,Medium,110.7544,-2.85418,False,False,False,False,False,False,Di Luar Area Pantauan (>1000m dari Desa)
Kendawangan,Natai Kuini,"Kamis, 08 Oktober 2026 00:52:00",NASA-NOAA20,Medium,110.74993,-2.85346,False,False,False,False,False,False,Di Luar Area Pantauan (>1000m dari Desa)
Kendawangan,Natai Kuini,"Kamis, 08 Oktober 2026 00:52:00",NASA-NOAA20,Medium,110.72758,-2.84985,False,False,False,True,False,True,Di Luar Area Pantauan (>1000m dari Desa)
Kendawangan,Natai Kuini,"Kamis, 08 Oktober 2026 00:52:00",NASA-NOAA20,Medium,110.68704,-2.90093,False,False,False,False,False,False,Di Luar Area Pantauan (>1000m dari Desa)
Kendawangan,Pembedilan,"Kamis, 08 Oktober 2026 00:52:00",NASA-NOAA20,Medium,110.49815,-2.85552,False,False,False,False,True,True,Di Luar Area Pantauan (>1000m dari Desa)
Kendawangan,Natai Kuini,"Kamis, 08 Oktober 2026 00:52:00",NASA-NOAA20,Medium,110.69038,-2.89857,False,False,False,False,False,False,Di Luar Area Pantauan (>1000m dari Desa)
Kendawangan,Natai Kuini,"Kamis, 08 Oktober 2026 00:52:00",NASA-NOAA20,Medium,110.68588,-2.89783,False,False,False,False,False,False,Di Luar Area Pantauan (>1000m dari Desa)
Kendawangan,Natai Kuini,"Kamis, 08 Oktober 2026 00:52:00",NASA-NOAA20,Medium,110.69487,-2.89931,False,False,False,False,False,False,Di Luar Area Pantauan (>1000m dari Desa)
Kendawangan,Pembedilan,"Kamis, 08 Oktober 2026 00:52:00",NASA-NOAA20,Medium,110.29351,-2.83695,False,False,False,True,True,True,Di Luar Area Pantauan (>1000m dari Desa)
Kendawangan,Natai Kuini,"Kamis, 08 Oktober 2026 00:52:00",NASA-NOAA20,Medium,110.72127,-2.86033,False,False,False,True,False,True,Di Luar Area Pantauan (>1000m dari Desa)
Kendawangan,Natai Kuini,"Kamis, 08 Oktober 2026 00:52:00",NASA-NOAA20,Medium,110.68977,-2.90231,False,False,False,False,False,False,Di Luar Area Pantauan (>1000m dari Desa)
Kendawangan,Natai Kuini,"Kamis, 08 Oktober 2026 00:52:00",NASA-NOAA20,Medium,110.75258,-2.86537,False,False,False,True,False,True,Di Luar Area Pantauan (>1000m dari Desa)
Kendawangan,Natai Kuini,"Kamis, 08 Oktober 2026 00:52:00",NASA-NOAA20,Medium,110.72188,-2.8566,False,False,False,True,False,True,Di Luar Area Pantauan (>1000m dari Desa)
Kendawangan,Natai Kuini,"Kamis, 08 Oktober 2026 00:52:00",NASA-NOAA20,Medium,110.78558,-2.85921,False,False,False,False,False,False,Di Luar Area Pantauan (>1000m dari Desa)
Kendawangan,Air Hitam Besar,"Kamis, 08 Oktober 2026 00:52:00",NASA-NOAA20,Medium,110.69519,-2.87918,False,False,False,True,False,True,Di Luar Area Pantauan (>1000m dari Desa)
Kendawangan,Air Hitam Besar,"Kamis, 08 Oktober 2026 00:52:00",NASA-NOAA20,Medium,110.71861,-2.8484,False,False,False,False,False,False,Di Luar Area Pantauan (>1000m dari Desa)
Kendawangan,Natai Kuini,"Kamis, 08 Oktober 2026 00:52:00",NASA-NOAA20,Medium,110.79888,-2.86136,False,False,False,False,False,False,Di Luar Area Pantauan (>1000m dari Desa)
Kendawangan,Natai Kuini,"Kamis, 08 Oktober 2026 00:52:00",NASA-NOAA20,Medium,110.81019,-2.84792,False,False,False,False,False,False,Di Luar Area Pantauan (>1000m dari Desa)
Kendawangan,Natai Kuini,"Kamis, 08 Oktober 2026 00:52:00",NASA-NOAA20,Medium,110.79688,-2.84576,False,False,False,False,False,False,Di Luar Area Pantauan (>1000m dari Desa)
Kendawangan,Airhitam Hulu,"Kamis, 08 Oktober 2026 00:52:00",NASA-NOAA20,Medium,110.68588,-2.62599,False,False,False,False,False,False,Di Luar Area Pantauan (>1000m dari Desa)
Kendawangan,Air Hitam Besar,"Kamis, 08 Oktober 2026 00:52:00",NASA-NOAA20,Medium,110.72319,-2.79157,False,False,False,False,False,False,Di Luar Area Pantauan (>1000m dari Desa)
Kendawangan,Air Hitam Besar,"Kamis, 08 Oktober 2026 00:52:00",NASA-NOAA20,Medium,110.72682,-2.78713,False,False,False,False,False,False,Di Luar Area Pantauan (>1000m dari Desa)
Kendawangan,Air Hitam Besar,"Kamis, 08 Oktober 2026 00:52:00",NASA-NOAA20,Medium,110.7121,-2.79247,False,False,False,False,False,False,Di Luar Area Pantauan (>1000m dari Desa)
Kendawangan,Air Hitam Besar,"Kamis, 08 Oktober 2026 00:52:00",NASA-NOAA20,Medium,110.71661,-2.79318,False,False,False,False,False,False,Di Luar Area Pantauan (>1000m dari Desa)
Kendawangan,Air Hitam Besar,"Kamis, 08 Oktober 2026 00:52:00",NASA-NOAA20,Medium,110.73012,-2.79532,False,False,False,False,False,False,Di Luar Area Pantauan (>1000m dari Desa)
Kendawangan,Air Hitam Besar,"Kamis, 08 Oktober 2026 00:52:00",NASA-NOAA20,Medium,110.7211,-2.79389,False,False,False,False,False,False,Di Luar Area Pantauan (>1000m dari Desa)
Kendawangan,Air Hitam Besar,"Kamis, 08 Oktober 2026 00:52:00",NASA-NOAA20,Medium,110.72138,-2.80279,False,False,False,False,False,False,Di Luar Area Pantauan (>1000m dari Desa)
Kendawangan,Air Hitam Besar,"Kamis, 08 Oktober 2026 00:52:00",NASA-NOAA20,Medium,110.71749,-2.79831,False,False,False,False,False,False,Di Luar Area Pantauan (>1000m dari Desa)
Kendawangan,Air Hitam Besar,"Kamis, 08 Oktober 2026 00:52:00",NASA-NOAA20,Medium,110.72588,-2.80353,False,False,False,False,False,False,Di Luar Area Pantauan (>1000m dari Desa)
Kendawangan,Air Hitam Besar,"Kamis, 08 Oktober 2026 00:52:00",NASA-NOAA20,Medium,110.73098,-2.80053,False,False,False,False,False,False,Di Luar Area Pantauan (>1000m dari Desa)
Kendawangan,Air Hitam Besar,"Kamis, 08 Oktober 2026 00:52:00",NASA-NOAA20,Medium,110.71842,-2.78195,False,False,False,False,False,False,Di Luar Area Pantauan (>1000m dari Desa)
Kendawangan,Air Hitam Besar,"Kamis, 08 Oktober 2026 00:52:00",NASA-NOAA20,Medium,110.71393,-2.78124,False,False,False,False,False,False,Di Luar Area Pantauan (>1000m dari Desa)
Kendawangan,Air Hitam Besar,"Kamis, 08 Oktober 2026 00:52:00",NASA-NOAA20,Medium,110.72231,-2.78641,False,False,False,False,False,False,Di Luar Area Pantauan (>1000m dari Desa)
Kendawangan,Air Hitam Besar,"Kamis, 08 Oktober 2026 00:52:00",NASA-NOAA20,Medium,110.72353,-2.77893,False,False,False,False,False,False,Di Luar Area Pantauan (>1000m dari Desa)
Kendawangan,Air Hitam Besar,"Kamis, 08 Oktober 2026 00:52:00",NASA-NOAA20,Medium,110.70972,-2.78935,False,False,False,False,False,False,Di Luar Area Pantauan (>1000m dari Desa)
Kendawangan,Air Hitam Besar,"Kamis, 08 Oktober 2026 00:52:00",NASA-NOAA20,Medium,110.70851,-2.79684,False,False,False,False,False,False,Di Luar Area Pantauan (>1000m dari Desa)
Kendawangan,Air Hitam Besar,"Kamis, 08 Oktober 2026 00:52:00",NASA-NOAA20,Medium,110.73667,-2.7938,False,False,False,True,False,True,Di Luar Area Pantauan (>1000m dari Desa)
Kendawangan,Air Hitam Besar,"Kamis, 08 Oktober 2026 00:52:00",NASA-NOAA20,Medium,110.71362,-2.79383,False,False,False,False,False,False,Di Luar Area Pantauan (>1000m dari Desa)
Kendawangan,Air Hitam Besar,"Kamis, 08 Oktober 2026 00:52:00",NASA-NOAA20,Medium,110.7226,-2.79532,False,False,False,False,False,False,Di Luar Area Pantauan (>1000m dari Desa)
Kendawangan,Air Hitam Besar,"Kamis, 08 Oktober 2026 00:52:00",NASA-NOAA20,Medium,110.73606,-2.79753,False,False,False,True,False,True,Di Luar Area Pantauan (>1000m dari Desa)
Kendawangan,Natai Kuini,"Kamis, 08 Oktober 2026 00:52:00",NASA-NOAA20,Medium,110.74933,-2.85719,False,False,False,True,False,True,Di Luar Area Pantauan (>1000m dari Desa)
Kendawangan,Natai Kuini,"Kamis, 08 Oktober 2026 00:52:00",NASA-NOAA20,Medium,110.7538,-2.85791,False,False,False,True,False,True,Di Luar Area Pantauan (>1000m dari Desa)
Kendawangan,Air Hitam Besar,"Kamis, 08 Oktober 2026 00:52:00",NASA-NOAA20,Medium,110.73302,-2.81621,False,False,False,True,False,True,Di Luar Area Pantauan (>1000m dari Desa)
Manis Mata,Jambi,"Kamis, 08 Oktober 2026 00:52:00",NASA-NOAA20,Medium,110.96514,-2.70514,False,False,False,False,False,False,Di Luar Area Pantauan (>1000m dari Desa)
Kendawangan,Seriam,"Kamis, 08 Oktober 2026 00:52:00",NASA-NOAA20,Medium,110.26488,-2.56987,False,False,False,False,True,True,Di Luar Area Pantauan (>1000m dari Desa)
Kendawangan,Natai Kuini,"Kamis, 08 Oktober 2026 00:52:00",NASA-NOAA20,Medium,110.80009,-2.85392,False,False,False,False,False,False,Di Luar Area Pantauan (>1000m dari Desa)
Kendawangan,Natai Kuini,"Kamis, 08 Oktober 2026 00:52:00",NASA-NOAA20,Medium,110.80897,-2.85536,False,False,False,False,False,False,Di Luar Area Pantauan (>1000m dari Desa)
Kendawangan,Air Hitam Besar,"Kamis, 08 Oktober 2026 00:52:00",NASA-NOAA20,Medium,110.71922,-2.84466,False,False,False,False,False,False,Di Luar Area Pantauan (>1000m dari Desa)
Kendawangan,Natai Kuini,"Kamis, 08 Oktober 2026 00:52:00",NASA-NOAA20,Medium,110.81339,-2.85608,False,False,False,False,False,False,Di Luar Area Pantauan (>1000m dari Desa)
Kendawangan,Air Hitam Besar,"Kamis, 08 Oktober 2026 00:52:00",NASA-NOAA20,Medium,110.72372,-2.84539,False,False,False,False,False,False,Di Luar Area Pantauan (>1000m dari Desa)
Kendawangan,Natai Kuini,"Kamis, 08 Oktober 2026 00:52:00",NASA-NOAA20,Medium,110.69215,-2.89789,False,False,False,False,False,False,Di Luar Area Pantauan (>1000m dari Desa)
Kendawangan,Natai Kuini,"Kamis, 08 Oktober 2026 00:52:00",NASA-NOAA20,Medium,110.74547,-2.85274,False,False,False,False,False,False,Di Luar Area Pantauan (>1000m dari Desa)
Kendawangan,Natai Kuini,"Kamis, 08 Oktober 2026 00:52:00",NASA-NOAA20,Medium,110.68764,-2.89718,False,False,False,False,False,False,Di Luar Area Pantauan (>1000m dari Desa)
Kendawangan,Natai Kuini,"Kamis, 08 Oktober 2026 00:52:00",NASA-NOAA20,Medium,110.69154,-2.90164,False,False,False,False,False,False,Di Luar Area Pantauan (>1000m dari Desa)
Kendawangan,Natai Kuini,"Kamis, 08 Oktober 2026 00:52:00",NASA-NOAA20,Medium,110.75318,-2.86164,False,False,False,True,False,True,Di Luar Area Pantauan (>1000m dari Desa)
Kendawangan,Natai Kuini,"Kamis, 08 Oktober 2026 00:52:00",NASA-NOAA20,Medium,110.74487,-2.85647,False,False,False,False,False,False,Di Luar Area Pantauan (>1000m dari Desa)
Kendawangan,Natai Kuini,"Kamis, 08 Oktober 2026 00:52:00",NASA-NOAA20,Medium,110.79627,-2.84948,False,False,False,False,False,False,Di Luar Area Pantauan (>1000m dari Desa)
Kendawangan,Natai Kuini,"Kamis, 08 Oktober 2026 00:52:00",NASA-NOAA20,Medium,110.78741,-2.84805,False,False,False,False,False,False,Di Luar Area Pantauan (>1000m dari Desa)
Kendawangan,Natai Kuini,"Kamis, 08 Oktober 2026 00:52:00",NASA-NOAA20,Medium,110.7773,-2.85405,False,False,False,False,False,False,Di Luar Area Pantauan (>1000m dari Desa)
Kendawangan,Natai Kuini,"Kamis, 08 Oktober 2026 00:52:00",NASA-NOAA20,Medium,110.77607,-2.8615,False,False,False,True,False,True,Di Luar Area Pantauan (>1000m dari Desa)
Kendawangan,Air Hitam Besar,"Kamis, 08 Oktober 2026 00:52:00",NASA-NOAA20,Medium,110.71352,-2.85141,False,False,False,True,False,True,Di Luar Area Pantauan (>1000m dari Desa)
Kendawangan,Air Hitam Besar,"Kamis, 08 Oktober 2026 00:52:00",NASA-NOAA20,Medium,110.71413,-2.84767,False,False,False,False,False,False,Di Luar Area Pantauan (>1000m dari Desa)
Kendawangan,Natai Kuini,"Kamis, 08 Oktober 2026 00:52:00",NASA-NOAA20,Medium,110.79949,-2.85764,False,False,False,False,False,False,Di Luar Area Pantauan (>1000m dari Desa)
Kendawangan,Natai Kuini,"Kamis, 08 Oktober 2026 00:52:00",NASA-NOAA20,Medium,110.80131,-2.84648,False,False,False,False,False,False,Di Luar Area Pantauan (>1000m dari Desa)
Kendawangan,Natai Kuini,"Kamis, 08 Oktober 2026 00:52:00",NASA-NOAA20,Medium,110.78417,-2.83988,False,False,False,False,False,False,Di Luar Area Pantauan (>1000m dari Desa)
Kendawangan,Air Hitam Besar,"Kamis, 08 Oktober 2026 00:52:00",NASA-NOAA20,Medium,110.70963,-2.84695,False,False,False,True,False,True,Di Luar Area Pantauan (>1000m dari Desa)
Kendawangan,Natai Kuini,"Kamis, 08 Oktober 2026 00:52:00",NASA-NOAA20,Medium,110.79749,-2.84204,False,False,False,False,False,False,Di Luar Area Pantauan (>1000m dari Desa)
Kendawangan,Natai Kuini,"Kamis, 08 Oktober 2026 00:52:00",NASA-NOAA20,Medium,110.79565,-2.8532,False,False,False,False,False,False,Di Luar Area Pantauan (>1000m dari Desa)
Kendawangan,Natai Kuini,"Kamis, 08 Oktober 2026 00:52:00",NASA-NOAA20,Medium,110.80452,-2.85464,False,False,False,False,False,False,Di Luar Area Pantauan (>1000m dari Desa)
Kendawangan,Natai Kuini,"Kamis, 08 Oktober 2026 00:52:00",NASA-NOAA20,Medium,110.77668,-2.85778,False,False,False,False,False,False,Di Luar Area Pantauan (>1000m dari Desa)
Kendawangan,Air Hitam Besar,"Kamis, 08 Oktober 2026 00:52:00",NASA-NOAA20,Medium,110.70903,-2.85069,False,False,False,True,False,True,Di Luar Area Pantauan (>1000m dari Desa)
Kendawangan,Natai Kuini,"Kamis, 08 Oktober 2026 00:52:00",NASA-NOAA20,Medium,110.72249,-2.85286,False,False,False,False,False,False,Di Luar Area Pantauan (>1000m dari Desa)
Kendawangan,Air Hitam Besar,"Kamis, 08 Oktober 2026 00:52:00",NASA-NOAA20,Medium,110.71903,-2.77821,False,False,False,False,False,False,Di Luar Area Pantauan (>1000m dari Desa)
Kendawangan,Air Hitam Besar,"Kamis, 08 Oktober 2026 00:52:00",NASA-NOAA20,Medium,110.72415,-2.77519,False,False,False,False,False,False,Di Luar Area Pantauan (>1000m dari Desa)
Kendawangan,Airhitam Hulu,"Kamis, 08 Oktober 2026 00:52:00",NASA-NOAA20,Medium,110.69492,-2.62744,False,False,False,False,False,False,Di Luar Area Pantauan (>1000m dari Desa)
Kendawangan,Airhitam Hulu,"Kamis, 08 Oktober 2026 00:52:00",NASA-NOAA20,Medium,110.6904,-2.62672,False,False,False,False,False,False,Di Luar Area Pantauan (>1000m dari Desa)
Kendawangan,Natai Kuini,"Kamis, 08 Oktober 2026 00:52:00",NASA-NOAA20,Medium,110.79184,-2.84876,False,False,False,False,False,False,Di Luar Area Pantauan (>1000m dari Desa)
Kendawangan,Air Hitam Besar,"Kamis, 08 Oktober 2026 00:52:00",NASA-NOAA20,Medium,110.71301,-2.79758,False,False,False,False,False,False,Di Luar Area Pantauan (>1000m dari Desa)
Kendawangan,Airhitam Hulu,"Kamis, 08 Oktober 2026 00:52:00",NASA-NOAA20,Medium,110.68075,-2.62901,False,False,False,False,False,False,Di Luar Area Pantauan (>1000m dari Desa)
Kendawangan,Air Hitam Besar,"Kamis, 08 Oktober 2026 00:52:00",NASA-NOAA20,Medium,110.71811,-2.79457,False,False,False,False,False,False,Di Luar Area Pantauan (>1000m dari Desa)
Kendawangan,Air Hitam Besar,"Kamis, 08 Oktober 2026 00:52:00",NASA-NOAA20,Medium,110.73399,-2.79977,False,False,False,False,False,False,Di Luar Area Pantauan (>1000m dari Desa)
Kendawangan,Air Hitam Besar,"Kamis, 08 Oktober 2026 00:52:00",NASA-NOAA20,Medium,110.72855,-2.81548,False,False,False,False,False,False,Di Luar Area Pantauan (>1000m dari Desa)
Kendawangan,Air Hitam Besar,"Kamis, 08 Oktober 2026 00:52:00",NASA-NOAA20,Medium,110.72865,-2.7759,False,False,False,False,False,False,Di Luar Area Pantauan (>1000m dari Desa)
Kendawangan,Air Hitam Besar,"Kamis, 08 Oktober 2026 00:52:00",NASA-NOAA20,Medium,110.72621,-2.79087,False,False,False,False,False,False,Di Luar Area Pantauan (>1000m dari Desa)
Kendawangan,Air Hitam Besar,"Kamis, 08 Oktober 2026 00:52:00",NASA-NOAA20,Medium,110.7151,-2.81328,False,False,False,False,False,False,Di Luar Area Pantauan (>1000m dari Desa)
Kendawangan,Air Hitam Besar,"Kamis, 08 Oktober 2026 00:52:00",NASA-NOAA20,Medium,110.71965,-2.77447,False,False,False,False,False,False,Di Luar Area Pantauan (>1000m dari Desa)
Kendawangan,Air Hitam Besar,"Kamis, 08 Oktober 2026 00:52:00",NASA-NOAA20,Medium,110.79693,-2.77914,False,False,True,True,True,True,Di Luar Area Pantauan (>1000m dari Desa)
Kendawangan,Air Hitam Besar,"Kamis, 08 Oktober 2026 00:52:00",NASA-NOAA20,Medium,110.70821,-2.78801,False,False,False,False,False,False,Di Luar Area Pantauan (>1000m dari Desa)
Kendawangan,Natai Kuini,"Kamis, 08 Oktober 2026 00:52:00",NASA-NOAA20,Medium,110.75764,-2.86236,False,False,False,True,False,True,Di Luar Area Pantauan (>1000m dari Desa)
Kendawangan,Natai Kuini,"Kamis, 08 Oktober 2026 00:52:00",NASA-NOAA20,Medium,110.72636,-2.85732,False,False,False,True,False,True,Di Luar Area Pantauan (>1000m dari Desa)
Kendawangan,Air Tarap,"Kamis, 08 Oktober 2026 00:52:00",NASA-NOAA20,Medium,110.86803,-2.47264,False,False,False,False,False,False,Di Luar Area Pantauan (>1000m dari Desa)
Manis Mata,Jambi,"Kamis, 08 Oktober 2026 00:52:00",NASA-NOAA20,Medium,110.96574,-2.70145,False,False,False,False,False,False,Di Luar Area Pantauan (>1000m dari Desa)
Kendawangan,Air Hitam Besar,"Kamis, 08 Oktober 2026 00:52:00",NASA-NOAA20,Medium,110.73969,-2.793,False,False,False,True,False,True,Di Luar Area Pantauan (>1000m dari Desa)
Kendawangan,Air Hitam Besar,"Kamis, 08 Oktober 2026 00:52:00",NASA-NOAA20,Medium,110.72742,-2.78339,False,False,False,False,False,False,Di Luar Area Pantauan (>1000m dari Desa)
Kendawangan,Air Hitam Besar,"Kamis, 08 Oktober 2026 00:52:00",NASA-NOAA20,Medium,110.72027,-2.77073,False,False,False,False,False,False,Di Luar Area Pantauan (>1000m dari Desa)
Kendawangan,Natai Kuini,"Kamis, 08 Oktober 2026 00:52:00",NASA-NOAA20,Medium,110.69604,-2.90235,False,False,False,False,False,False,Di Luar Area Pantauan (>1000m dari Desa)
Kendawangan,Natai Kuini,"Kamis, 08 Oktober 2026 00:52:00",NASA-NOAA20,Medium,110.69936,-2.90005,False,False,False,False,False,False,Di Luar Area Pantauan (>1000m dari Desa)
Kendawangan,Natai Kuini,"Kamis, 08 Oktober 2026 00:52:00",NASA-NOAA20,Medium,110.77225,-2.85706,False,False,False,False,False,False,Di Luar Area Pantauan (>1000m dari Desa)
Kendawangan,Natai Kuini,"Kamis, 08 Oktober 2026 00:52:00",NASA-NOAA20,Medium,110.69427,-2.90305,False,False,False,False,False,False,Di Luar Area Pantauan (>1000m dari Desa)
Kendawangan,Natai Kuini,"Kamis, 08 Oktober 2026 00:52:00",NASA-NOAA20,Medium,110.76149,-2.8668,False,False,False,True,False,True,Di Luar Area Pantauan (>1000m dari Desa)
Kendawangan,Natai Kuini,"Kamis, 08 Oktober 2026 00:52:00",NASA-NOAA20,Medium,110.73532,-2.85876,False,False,False,True,False,True,Di Luar Area Pantauan (>1000m dari Desa)
Kendawangan,Natai Kuini,"Kamis, 08 Oktober 2026 00:52:00",NASA-NOAA20,Medium,110.75703,-2.86609,False,False,False,True,False,True,Di Luar Area Pantauan (>1000m dari Desa)
Kendawangan,Air Hitam Besar,"Kamis, 08 Oktober 2026 00:52:00",NASA-NOAA20,Medium,110.72439,-2.80209,False,False,False,False,False,False,Di Luar Area Pantauan (>1000m dari Desa)
Kendawangan,Air Hitam Besar,"Kamis, 08 Oktober 2026 00:52:00",NASA-NOAA20,Medium,110.7381,-2.81321,False,False,False,True,False,True,Di Luar Area Pantauan (>1000m dari Desa)
Kendawangan,Air Hitam Besar,"Kamis, 08 Oktober 2026 00:52:00",NASA-NOAA20,Medium,110.73485,-2.80501,False,False,False,False,False,False,Di Luar Area Pantauan (>1000m dari Desa)
Kendawangan,Air Hitam Besar,"Kamis, 08 Oktober 2026 00:52:00",NASA-NOAA20,Medium,110.72916,-2.81174,False,False,False,False,False,False,Di Luar Area Pantauan (>1000m dari Desa)
Kendawangan,Airhitam Hulu,"Kamis, 08 Oktober 2026 00:52:00",NASA-NOAA20,Medium,110.68529,-2.62974,False,False,False,False,False,False,Di Luar Area Pantauan (>1000m dari Desa)
Kendawangan,Air Hitam Besar,"Kamis, 08 Oktober 2026 00:52:00",NASA-NOAA20,Medium,110.69701,-2.86795,False,False,False,True,False,True,Di Luar Area Pantauan (>1000m dari Desa)
Kendawangan,Natai Kuini,"Kamis, 08 Oktober 2026 00:52:00",NASA-NOAA20,Medium,110.76089,-2.87053,False,False,False,True,False,True,Di Luar Area Pantauan (>1000m dari Desa)
Kendawangan,Air Hitam Besar,"Kamis, 08 Oktober 2026 00:52:00",NASA-NOAA20,Medium,110.70999,-2.81629,False,False,False,True,False,True,Di Luar Area Pantauan (>1000m dari Desa)
Kendawangan,Natai Kuini,"Kamis, 08 Oktober 2026 00:52:00",NASA-NOAA20,Medium,110.7231,-2.84912,False,False,False,False,False,False,Di Luar Area Pantauan (>1000m dari Desa)
Kendawangan,Natai Kuini,"Kamis, 08 Oktober 2026 00:52:00",NASA-NOAA20,Medium,110.79001,-2.85993,False,False,False,False,False,False,Di Luar Area Pantauan (>1000m dari Desa)
Kendawangan,Kedondong,"Kamis, 08 Oktober 2026 00:52:00",NASA-NOAA20,Medium,110.29462,-2.27291,False,False,False,False,False,False,Di Luar Area Pantauan (>1000m dari Desa)
Manis Mata,Silat,"Kamis, 08 Oktober 2026 00:52:00",NASA-NOAA20,Medium,110.91286,-2.25123,False,False,False,False,False,False,Di Luar Area Pantauan (>1000m dari Desa)
Manis Mata,Silat,"Kamis, 08 Oktober 2026 00:52:00",NASA-NOAA20,Medium,110.90842,-2.25053,False,False,False,False,False,False,Di Luar Area Pantauan (>1000m dari Desa)
Kendawangan,Seriam,"Rabu, 07 Oktober 2026 13:29:00",NASA-SNPP,Medium,110.37962,-2.71055,False,False,False,False,True,True,Di Luar Area Pantauan (>1000m dari Desa)
Kendawangan,Natai Kuini,"Rabu, 07 Oktober 2026 13:29:00",NASA-SNPP,Medium,110.7626,-2.86272,False,False,False,True,False,True,Di Luar Area Pantauan (>1000m dari Desa)
Kendawangan,Pembedilan,"Rabu, 07 Oktober 2026 13:29:00",NASA-SNPP,Medium,110.44861,-2.77378,False,False,False,False,True,True,Di Luar Area Pantauan (>1000m dari Desa)
Kendawangan,Pembedilan,"Rabu, 07 Oktober 2026 13:29:00",NASA-SNPP,Medium,110.44696,-2.76293,False,False,False,False,True,True,Di Luar Area Pantauan (>1000m dari Desa)
Sandai,Muara Jekak,"Rabu, 07 Oktober 2026 13:29:00",NASA-SNPP,Medium,110.5522,-1.18113,False,False,False,False,False,False,Di Luar Area Pantauan (>1000m dari Desa)
Muara Pawan,Mayak,"Rabu, 07 Oktober 2026 13:29:00",NASA-SNPP,Medium,110.14226,-1.72907,False,False,False,True,False,True,Di Luar Area Pantauan (>1000m dari Desa)
Simpang Hilir,Matan Jaya,"Rabu, 07 Oktober 2026 13:29:00",NASA-SNPP,Medium,110.13923,-1.04401,False,False,False,False,False,False,Di Luar Area Pantauan (>1000m dari Desa)
Dedai,Mengkirai Jaya,"Rabu, 07 Oktober 2026 13:29:00",NASA-SNPP,Medium,111.65598,-0.15367,False,False,True,False,False,True,Di Luar Area Pantauan (>1000m dari Desa)
Meliau,Kunyil,"Rabu, 07 Oktober 2026 13:29:00",NASA-SNPP,Medium,110.31284,-0.27619,False,False,False,False,False,False,Di Luar Area Pantauan (>1000m dari Desa)
Sekadau Hulu,Setawar,"Rabu, 07 Oktober 2026 13:29:00",NASA-SNPP,Medium,111.0116,-0.11794,False,False,False,False,False,False,Di Luar Area Pantauan (>1000m dari Desa)
Simpang Dua,Kampar Sebomban,"Rabu, 07 Oktober 2026 13:29:00",NASA-SNPP,Medium,110.25697,-0.903,False,False,False,False,False,False,Di Luar Area Pantauan (>1000m dari Desa)
Dedai,Hulu Dedai,"Rabu, 07 Oktober 2026 13:29:00",NASA-SNPP,Medium,111.79771,-0.04903,False,False,False,False,False,False,Di Luar Area Pantauan (>1000m dari Desa)
Belitang Hilir,Empajak,"Rabu, 07 Oktober 2026 13:29:00",NASA-SNPP,Medium,111.07289,0.17206,False,False,False,False,False,False,Di Luar Area Pantauan (>1000m dari Desa)
Kendawangan,Natai Kuini,"Rabu, 07 Oktober 2026 13:29:00",NASA-SNPP,Medium,110.69401,-2.8998,False,False,False,False,False,False,Di Luar Area Pantauan (>1000m dari Desa)
Kendawangan,Natai Kuini,"Rabu, 07 Oktober 2026 13:29:00",NASA-SNPP,Medium,110.71416,-2.88914,False,False,False,True,False,True,Di Luar Area Pantauan (>1000m dari Desa)
Kendawangan,Natai Kuini,"Rabu, 07 Oktober 2026 13:29:00",NASA-SNPP,Medium,110.75403,-2.86408,False,False,False,True,False,True,Di Luar Area Pantauan (>1000m dari Desa)
Kendawangan,Natai Kuini,"Rabu, 07 Oktober 2026 13:29:00",NASA-SNPP,Medium,110.75716,-2.85606,False,False,False,True,False,True,Di Luar Area Pantauan (>1000m dari Desa)
Kendawangan,Natai Kuini,"Rabu, 07 Oktober 2026 13:29:00",NASA-SNPP,Medium,110.78721,-2.85129,False,False,False,False,False,False,Di Luar Area Pantauan (>1000m dari Desa)
Kendawangan,Natai Kuini,"Rabu, 07 Oktober 2026 13:29:00",NASA-SNPP,Medium,110.79784,-2.83453,False,False,False,False,False,False,Di Luar Area Pantauan (>1000m dari Desa)
Kendawangan,Air Hitam Besar,"Rabu, 07 Oktober 2026 13:29:00",NASA-SNPP,Medium,110.72499,-2.84614,False,False,False,True,False,True,Di Luar Area Pantauan (>1000m dari Desa)
Kendawangan,Natai Kuini,"Rabu, 07 Oktober 2026 13:29:00",NASA-SNPP,Medium,110.78923,-2.8359,False,False,False,False,False,False,Di Luar Area Pantauan (>1000m dari Desa)
Kendawangan,Natai Kuini,"Rabu, 07 Oktober 2026 13:29:00",NASA-SNPP,Medium,110.80308,-2.83137,False,False,False,True,True,True,Di Luar Area Pantauan (>1000m dari Desa)
Kendawangan,Natai Kuini,"Rabu, 07 Oktober 2026 13:29:00",NASA-SNPP,Medium,110.69457,-2.90345,False,False,False,False,False,False,Di Luar Area Pantauan (>1000m dari Desa)
Kendawangan,Natai Kuini,"Rabu, 07 Oktober 2026 13:29:00",NASA-SNPP,Medium,110.69032,-2.90412,False,False,False,False,False,False,Di Luar Area Pantauan (>1000m dari Desa)
Kendawangan,Natai Kuini,"Rabu, 07 Oktober 2026 13:29:00",NASA-SNPP,Medium,110.71472,-2.8928,False,False,False,True,False,True,Di Luar Area Pantauan (>1000m dari Desa)
Kendawangan,Natai Kuini,"Rabu, 07 Oktober 2026 13:29:00",NASA-SNPP,Medium,110.75629,-2.87876,False,False,False,False,False,False,Di Luar Area Pantauan (>1000m dari Desa)
Kendawangan,Natai Kuini,"Rabu, 07 Oktober 2026 13:29:00",NASA-SNPP,Medium,110.72269,-2.8878,False,False,False,True,False,True,Di Luar Area Pantauan (>1000m dari Desa)
Kendawangan,Natai Kuini,"Rabu, 07 Oktober 2026 13:29:00",NASA-SNPP,Medium,110.69544,-2.88084,False,False,False,True,False,True,Di Luar Area Pantauan (>1000m dari Desa)
Kendawangan,Natai Kuini,"Rabu, 07 Oktober 2026 13:29:00",NASA-SNPP,Medium,110.79752,-2.86096,False,False,False,False,False,False,Di Luar Area Pantauan (>1000m dari Desa)
Kendawangan,Natai Kuini,"Rabu, 07 Oktober 2026 13:29:00",NASA-SNPP,Medium,110.79323,-2.86164,False,False,False,False,False,False,Di Luar Area Pantauan (>1000m dari Desa)
Kendawangan,Natai Kuini,"Rabu, 07 Oktober 2026 13:29:00",NASA-SNPP,Medium,110.78893,-2.86232,False,False,False,False,False,False,Di Luar Area Pantauan (>1000m dari Desa)
Kendawangan,Natai Kuini,"Rabu, 07 Oktober 2026 13:29:00",NASA-SNPP,Medium,110.80988,-2.85524,False,False,False,False,False,False,Di Luar Area Pantauan (>1000m dari Desa)
Kendawangan,Natai Kuini,"Rabu, 07 Oktober 2026 13:29:00",NASA-SNPP,Medium,110.80557,-2.85592,False,False,False,False,False,False,Di Luar Area Pantauan (>1000m dari Desa)
Kendawangan,Natai Kuini,"Rabu, 07 Oktober 2026 13:29:00",NASA-SNPP,Medium,110.75832,-2.8634,False,False,False,True,False,True,Di Luar Area Pantauan (>1000m dari Desa)
Kendawangan,Natai Kuini,"Rabu, 07 Oktober 2026 13:29:00",NASA-SNPP,Medium,110.87418,-2.84127,False,False,False,False,False,False,Di Luar Area Pantauan (>1000m dari Desa)
Kendawangan,Natai Kuini,"Rabu, 07 Oktober 2026 13:29:00",NASA-SNPP,Medium,110.8093,-2.85156,False,False,False,False,False,False,Di Luar Area Pantauan (>1000m dari Desa)
Kendawangan,Natai Kuini,"Rabu, 07 Oktober 2026 13:29:00",NASA-SNPP,Medium,110.75572,-2.87509,False,False,False,False,False,False,Di Luar Area Pantauan (>1000m dari Desa)
Kendawangan,Natai Kuini,"Rabu, 07 Oktober 2026 13:29:00",NASA-SNPP,Medium,110.69968,-2.88017,False,False,False,True,False,True,Di Luar Area Pantauan (>1000m dari Desa)
Kendawangan,Pembedilan,"Rabu, 07 Oktober 2026 13:29:00",NASA-SNPP,Medium,110.47494,-2.81134,False,False,False,False,True,True,Di Luar Area Pantauan (>1000m dari Desa)
Kendawangan,Natai Kuini,"Rabu, 07 Oktober 2026 13:29:00",NASA-SNPP,Medium,110.80386,-2.84488,False,False,False,False,False,False,Di Luar Area Pantauan (>1000m dari Desa)
Kendawangan,Natai Kuini,"Rabu, 07 Oktober 2026 13:29:00",NASA-SNPP,Medium,110.78662,-2.84762,False,False,False,False,False,False,Di Luar Area Pantauan (>1000m dari Desa)
Kendawangan,Natai Kuini,"Rabu, 07 Oktober 2026 13:29:00",NASA-SNPP,Medium,110.79092,-2.84693,False,False,False,False,False,False,Di Luar Area Pantauan (>1000m dari Desa)
Kendawangan,Natai Kuini,"Rabu, 07 Oktober 2026 13:29:00",NASA-SNPP,Medium,110.75233,-2.85307,False,False,False,False,False,False,Di Luar Area Pantauan (>1000m dari Desa)
Kendawangan,Natai Kuini,"Rabu, 07 Oktober 2026 13:29:00",NASA-SNPP,Medium,110.74805,-2.85375,False,False,False,False,False,False,Di Luar Area Pantauan (>1000m dari Desa)
Kendawangan,Air Hitam Besar,"Rabu, 07 Oktober 2026 13:29:00",NASA-SNPP,Medium,110.7215,-2.8439,False,False,False,False,False,False,Di Luar Area Pantauan (>1000m dari Desa)
Kendawangan,Natai Kuini,"Rabu, 07 Oktober 2026 13:29:00",NASA-SNPP,Medium,110.79875,-2.83204,False,False,False,True,False,True,Di Luar Area Pantauan (>1000m dari Desa)
Kendawangan,Natai Kuini,"Rabu, 07 Oktober 2026 13:29:00",NASA-SNPP,Medium,110.79444,-2.8327,False,False,False,False,False,False,Di Luar Area Pantauan (>1000m dari Desa)
Kendawangan,Natai Kuini,"Rabu, 07 Oktober 2026 13:29:00",NASA-SNPP,Medium,110.75888,-2.86707,False,False,False,True,False,True,Di Luar Area Pantauan (>1000m dari Desa)
Kendawangan,Natai Kuini,"Rabu, 07 Oktober 2026 13:29:00",NASA-SNPP,Medium,110.85944,-2.83226,False,False,False,False,True,True,Di Luar Area Pantauan (>1000m dari Desa)
Kendawangan,Natai Kuini,"Rabu, 07 Oktober 2026 13:29:00",NASA-SNPP,Medium,110.79897,-2.84189,False,False,False,False,False,False,Di Luar Area Pantauan (>1000m dari Desa)
Kendawangan,Natai Kuini,"Rabu, 07 Oktober 2026 13:29:00",NASA-SNPP,Medium,110.72612,-2.85347,False,False,False,False,False,False,Di Luar Area Pantauan (>1000m dari Desa)
Kendawangan,Natai Kuini,"Rabu, 07 Oktober 2026 13:29:00",NASA-SNPP,Medium,110.80214,-2.83384,False,False,False,True,False,True,Di Luar Area Pantauan (>1000m dari Desa)
Kendawangan,Air Hitam Besar,"Rabu, 07 Oktober 2026 13:29:00",NASA-SNPP,Medium,110.71221,-2.84818,False,False,False,True,False,True,Di Luar Area Pantauan (>1000m dari Desa)
Kendawangan,Natai Kuini,"Rabu, 07 Oktober 2026 13:29:00",NASA-SNPP,Medium,110.75346,-2.86041,False,False,False,True,False,True,Di Luar Area Pantauan (>1000m dari Desa)
Kendawangan,Natai Kuini,"Rabu, 07 Oktober 2026 13:29:00",NASA-SNPP,Medium,110.78349,-2.85565,False,False,False,False,False,False,Di Luar Area Pantauan (>1000m dari Desa)
Kendawangan,Natai Kuini,"Rabu, 07 Oktober 2026 13:29:00",NASA-SNPP,Medium,110.78779,-2.85497,False,False,False,False,False,False,Di Luar Area Pantauan (>1000m dari Desa)
Kendawangan,Air Hitam Besar,"Rabu, 07 Oktober 2026 13:29:00",NASA-SNPP,Medium,110.698,-2.86919,False,False,False,True,False,True,Di Luar Area Pantauan (>1000m dari Desa)
Kendawangan,Natai Kuini,"Rabu, 07 Oktober 2026 13:29:00",NASA-SNPP,Medium,110.76001,-2.87441,False,False,False,False,False,False,Di Luar Area Pantauan (>1000m dari Desa)
Kendawangan,Natai Kuini,"Rabu, 07 Oktober 2026 13:29:00",NASA-SNPP,Medium,110.76373,-2.87006,False,False,False,True,False,True,Di Luar Area Pantauan (>1000m dari Desa)
Kendawangan,Natai Kuini,"Rabu, 07 Oktober 2026 13:29:00",NASA-SNPP,Medium,110.75945,-2.87074,False,False,False,True,False,True,Di Luar Area Pantauan (>1000m dari Desa)
Kendawangan,Natai Kuini,"Rabu, 07 Oktober 2026 13:29:00",NASA-SNPP,Medium,110.75089,-2.87209,False,False,False,True,False,True,Di Luar Area Pantauan (>1000m dari Desa)
Kendawangan,Natai Kuini,"Rabu, 07 Oktober 2026 13:29:00",NASA-SNPP,Medium,110.80614,-2.8596,False,False,False,False,False,False,Di Luar Area Pantauan (>1000m dari Desa)
Kendawangan,Natai Kuini,"Rabu, 07 Oktober 2026 13:29:00",NASA-SNPP,Medium,110.7546,-2.86775,False,False,False,True,False,True,Di Luar Area Pantauan (>1000m dari Desa)
Kendawangan,Natai Kuini,"Rabu, 07 Oktober 2026 13:29:00",NASA-SNPP,Medium,110.7984,-2.83821,False,False,False,False,False,False,Di Luar Area Pantauan (>1000m dari Desa)
Kendawangan,Air Hitam Besar,"Rabu, 07 Oktober 2026 13:29:00",NASA-SNPP,Medium,110.7213,-2.85049,False,False,False,False,False,False,Di Luar Area Pantauan (>1000m dari Desa)
Kendawangan,Natai Kuini,"Rabu, 07 Oktober 2026 13:29:00",NASA-SNPP,Medium,110.78979,-2.83958,False,False,False,False,False,False,Di Luar Area Pantauan (>1000m dari Desa)
Kendawangan,Natai Kuini,"Rabu, 07 Oktober 2026 13:29:00",NASA-SNPP,Medium,110.7941,-2.83889,False,False,False,False,False,False,Di Luar Area Pantauan (>1000m dari Desa)
Kendawangan,Air Hitam Besar,"Rabu, 07 Oktober 2026 13:29:00",NASA-SNPP,Medium,110.71278,-2.85184,False,False,False,True,False,True,Di Luar Area Pantauan (>1000m dari Desa)
Kendawangan,Air Hitam Besar,"Rabu, 07 Oktober 2026 13:29:00",NASA-SNPP,Medium,110.71698,-2.81457,False,False,False,False,False,False,Di Luar Area Pantauan (>1000m dari Desa)
Kendawangan,Pembedilan,"Rabu, 07 Oktober 2026 13:29:00",NASA-SNPP,Medium,110.37534,-2.87859,False,False,False,False,True,True,Di Luar Area Pantauan (>1000m dari Desa)
Kendawangan,Air Hitam Besar,"Rabu, 07 Oktober 2026 13:29:00",NASA-SNPP,Medium,110.71754,-2.81824,False,False,False,False,False,False,Di Luar Area Pantauan (>1000m dari Desa)
Kendawangan,Air Hitam Besar,"Rabu, 07 Oktober 2026 13:29:00",NASA-SNPP,Medium,110.73408,-2.81192,False,False,False,False,False,False,Di Luar Area Pantauan (>1000m dari Desa)
Kendawangan,Air Hitam Besar,"Rabu, 07 Oktober 2026 13:29:00",NASA-SNPP,Medium,110.7298,-2.81258,False,False,False,False,False,False,Di Luar Area Pantauan (>1000m dari Desa)
Kendawangan,Air Hitam Besar,"Rabu, 07 Oktober 2026 13:29:00",NASA-SNPP,Medium,110.71272,-2.81523,False,False,False,False,False,False,Di Luar Area Pantauan (>1000m dari Desa)
Kendawangan,Air Hitam Besar,"Rabu, 07 Oktober 2026 13:29:00",NASA-SNPP,Medium,110.73779,-2.80758,False,False,False,False,False,False,Di Luar Area Pantauan (>1000m dari Desa)
Kendawangan,Air Hitam Besar,"Rabu, 07 Oktober 2026 13:29:00",NASA-SNPP,Medium,110.7099,-2.79691,False,False,False,False,False,False,Di Luar Area Pantauan (>1000m dari Desa)
Kendawangan,Air Hitam Besar,"Rabu, 07 Oktober 2026 13:29:00",NASA-SNPP,Medium,110.72695,-2.79424,False,False,False,False,False,False,Di Luar Area Pantauan (>1000m dari Desa)
Kendawangan,Air Hitam Besar,"Rabu, 07 Oktober 2026 13:29:00",NASA-SNPP,Medium,110.7301,-2.78623,False,False,False,True,False,True,Di Luar Area Pantauan (>1000m dari Desa)
Kendawangan,Air Hitam Besar,"Rabu, 07 Oktober 2026 13:29:00",NASA-SNPP,Medium,110.70876,-2.78958,False,False,False,False,False,False,Di Luar Area Pantauan (>1000m dari Desa)
Kendawangan,Pembedilan,"Rabu, 07 Oktober 2026 13:29:00",NASA-SNPP,Medium,110.32197,-2.83168,False,False,False,False,True,True,Di Luar Area Pantauan (>1000m dari Desa)
Kendawangan,Pembedilan,"Rabu, 07 Oktober 2026 13:29:00",NASA-SNPP,Medium,110.32142,-2.82809,False,False,False,False,True,True,Di Luar Area Pantauan (>1000m dari Desa)
Kendawangan,Pembedilan,"Rabu, 07 Oktober 2026 13:29:00",NASA-SNPP,Medium,110.29346,-2.83616,False,False,False,True,True,True,Di Luar Area Pantauan (>1000m dari Desa)
Kendawangan,Pembedilan,"Rabu, 07 Oktober 2026 13:29:00",NASA-SNPP,Medium,110.47549,-2.81496,False,False,False,False,True,True,Di Luar Area Pantauan (>1000m dari Desa)
Kendawangan,Pembedilan,"Rabu, 07 Oktober 2026 13:29:00",NASA-SNPP,Medium,110.294,-2.83975,False,False,False,True,True,True,Di Luar Area Pantauan (>1000m dari Desa)
Kendawangan,Pembedilan,"Rabu, 07 Oktober 2026 13:29:00",NASA-SNPP,Medium,110.28993,-2.84039,False,False,False,False,True,True,Di Luar Area Pantauan (>1000m dari Desa)
Kendawangan,Air Hitam Besar,"Rabu, 07 Oktober 2026 13:29:00",NASA-SNPP,Medium,110.71725,-2.84455,False,False,False,False,False,False,Di Luar Area Pantauan (>1000m dari Desa)
Kendawangan,Air Hitam Besar,"Rabu, 07 Oktober 2026 13:29:00",NASA-SNPP,Medium,110.71416,-2.79624,False,False,False,False,False,False,Di Luar Area Pantauan (>1000m dari Desa)
Kendawangan,Air Hitam Besar,"Rabu, 07 Oktober 2026 13:29:00",NASA-SNPP,Medium,110.73067,-2.7899,False,False,False,False,False,False,Di Luar Area Pantauan (>1000m dari Desa)
Kendawangan,Air Hitam Besar,"Rabu, 07 Oktober 2026 13:29:00",NASA-SNPP,Medium,110.7264,-2.79057,False,False,False,False,False,False,Di Luar Area Pantauan (>1000m dari Desa)
Kendawangan,Air Hitam Besar,"Rabu, 07 Oktober 2026 13:29:00",NASA-SNPP,Medium,110.71359,-2.79258,False,False,False,False,False,False,Di Luar Area Pantauan (>1000m dari Desa)
Kendawangan,Air Hitam Besar,"Rabu, 07 Oktober 2026 13:29:00",NASA-SNPP,Medium,110.7082,-2.78591,False,False,False,False,False,False,Di Luar Area Pantauan (>1000m dari Desa)
Kendawangan,Natai Kuini,"Rabu, 07 Oktober 2026 13:29:00",NASA-SNPP,Medium,110.85802,-2.78511,False,False,False,False,True,True,Di Luar Area Pantauan (>1000m dari Desa)
Kendawangan,Natai Kuini,"Rabu, 07 Oktober 2026 13:29:00",NASA-SNPP,Medium,110.8017,-2.79388,False,False,False,True,True,True,Di Luar Area Pantauan (>1000m dari Desa)
Kendawangan,Air Hitam Besar,"Rabu, 07 Oktober 2026 13:29:00",NASA-SNPP,Medium,110.73293,-2.80458,False,False,False,False,False,False,Di Luar Area Pantauan (>1000m dari Desa)
Kendawangan,Air Hitam Besar,"Rabu, 07 Oktober 2026 13:29:00",NASA-SNPP,Medium,110.7398,-2.79224,False,False,False,True,False,True,Di Luar Area Pantauan (>1000m dari Desa)
Kendawangan,Natai Kuini,"Rabu, 07 Oktober 2026 13:29:00",NASA-SNPP,Medium,110.85915,-2.7925,False,False,False,False,True,True,Di Luar Area Pantauan (>1000m dari Desa)
Kendawangan,Natai Kuini,"Rabu, 07 Oktober 2026 13:29:00",NASA-SNPP,Medium,110.85858,-2.78881,False,False,False,False,True,True,Di Luar Area Pantauan (>1000m dari Desa)
Kendawangan,Air Hitam Besar,"Rabu, 07 Oktober 2026 13:29:00",NASA-SNPP,Medium,110.72326,-2.79858,False,False,False,False,False,False,Di Luar Area Pantauan (>1000m dari Desa)
Kendawangan,Air Hitam Besar,"Rabu, 07 Oktober 2026 13:29:00",NASA-SNPP,Medium,110.71303,-2.78891,False,False,False,False,False,False,Di Luar Area Pantauan (>1000m dari Desa)
Kendawangan,Pembedilan,"Rabu, 07 Oktober 2026 13:29:00",NASA-SNPP,Medium,110.31215,-2.8222,False,False,False,False,True,True,Di Luar Area Pantauan (>1000m dari Desa)
Kendawangan,Natai Kuini,"Rabu, 07 Oktober 2026 13:29:00",NASA-SNPP,Medium,110.68889,-2.92306,False,False,False,False,False,False,Di Luar Area Pantauan (>1000m dari Desa)
Kendawangan,Natai Kuini,"Rabu, 07 Oktober 2026 13:29:00",NASA-SNPP,Medium,110.76316,-2.86639,False,False,False,True,False,True,Di Luar Area Pantauan (>1000m dari Desa)
Kendawangan,Natai Kuini,"Rabu, 07 Oktober 2026 13:29:00",NASA-SNPP,Medium,110.81419,-2.85456,False,False,False,False,False,False,Di Luar Area Pantauan (>1000m dari Desa)
Kendawangan,Natai Kuini,"Rabu, 07 Oktober 2026 13:29:00",NASA-SNPP,Medium,110.80501,-2.85224,False,False,False,False,False,False,Di Luar Area Pantauan (>1000m dari Desa)
Kendawangan,Natai Kuini,"Rabu, 07 Oktober 2026 13:29:00",NASA-SNPP,Medium,110.75774,-2.85973,False,False,False,True,False,True,Di Luar Area Pantauan (>1000m dari Desa)
Kendawangan,Natai Kuini,"Rabu, 07 Oktober 2026 13:29:00",NASA-SNPP,Medium,110.79697,-2.85728,False,False,False,False,False,False,Di Luar Area Pantauan (>1000m dari Desa)
Kendawangan,Natai Kuini,"Rabu, 07 Oktober 2026 13:29:00",NASA-SNPP,Medium,110.78405,-2.85933,False,False,False,False,False,False,Di Luar Area Pantauan (>1000m dari Desa)
Kendawangan,Natai Kuini,"Rabu, 07 Oktober 2026 13:29:00",NASA-SNPP,Medium,110.7921,-2.85429,False,False,False,False,False,False,Di Luar Area Pantauan (>1000m dari Desa)
Kendawangan,Air Hitam Besar,"Rabu, 07 Oktober 2026 13:29:00",NASA-SNPP,Medium,110.72016,-2.84316,False,False,False,False,False,False,Di Luar Area Pantauan (>1000m dari Desa)
Kendawangan,Natai Kuini,"Rabu, 07 Oktober 2026 13:29:00",NASA-SNPP,Medium,110.79295,-2.83153,False,False,False,False,False,False,Di Luar Area Pantauan (>1000m dari Desa)
Kendawangan,Natai Kuini,"Rabu, 07 Oktober 2026 13:29:00",NASA-SNPP,Medium,110.80443,-2.84856,False,False,False,False,False,False,Di Luar Area Pantauan (>1000m dari Desa)
Kendawangan,Natai Kuini,"Rabu, 07 Oktober 2026 13:29:00",NASA-SNPP,Medium,110.79581,-2.84993,False,False,False,False,False,False,Di Luar Area Pantauan (>1000m dari Desa)
Kendawangan,Natai Kuini,"Rabu, 07 Oktober 2026 13:29:00",NASA-SNPP,Medium,110.79151,-2.85061,False,False,False,False,False,False,Di Luar Area Pantauan (>1000m dari Desa)
Kendawangan,Natai Kuini,"Rabu, 07 Oktober 2026 13:29:00",NASA-SNPP,Medium,110.74862,-2.85742,False,False,False,True,False,True,Di Luar Area Pantauan (>1000m dari Desa)
Kendawangan,Natai Kuini,"Rabu, 07 Oktober 2026 13:29:00",NASA-SNPP,Medium,110.73579,-2.85945,False,False,False,True,False,True,Di Luar Area Pantauan (>1000m dari Desa)
Kendawangan,Natai Kuini,"Rabu, 07 Oktober 2026 13:29:00",NASA-SNPP,Medium,110.80328,-2.8412,False,False,False,False,False,False,Di Luar Area Pantauan (>1000m dari Desa)
Manis Mata,Jambi,"Rabu, 07 Oktober 2026 13:29:00",NASA-SNPP,Medium,110.96654,-2.70344,False,False,False,False,False,False,Di Luar Area Pantauan (>1000m dari Desa)
Kendawangan,Seriam,"Rabu, 07 Oktober 2026 13:29:00",NASA-SNPP,Medium,110.40884,-2.73554,False,False,False,False,True,True,Di Luar Area Pantauan (>1000m dari Desa)
Kendawangan,Air Hitam Besar,"Rabu, 07 Oktober 2026 13:29:00",NASA-SNPP,Medium,110.6833,-2.73732,False,False,False,False,False,False,Di Luar Area Pantauan (>1000m dari Desa)
Kendawangan,Pembedilan,"Rabu, 07 Oktober 2026 13:29:00",NASA-SNPP,Medium,110.44753,-2.77121,False,False,False,False,True,True,Di Luar Area Pantauan (>1000m dari Desa)
Kendawangan,Danau Buntar,"Rabu, 07 Oktober 2026 13:29:00",NASA-SNPP,Medium,110.81483,-2.73519,False,False,False,False,True,True,Di Luar Area Pantauan (>1000m dari Desa)
Kendawangan,Pembedilan,"Rabu, 07 Oktober 2026 13:29:00",NASA-SNPP,Medium,110.44253,-2.73399,False,False,False,False,True,True,Di Luar Area Pantauan (>1000m dari Desa)
Kendawangan,Seriam,"Rabu, 07 Oktober 2026 13:29:00",NASA-SNPP,Medium,110.41354,-2.7385,False,False,False,False,True,True,Di Luar Area Pantauan (>1000m dari Desa)
Kendawangan,Natai Kuini,"Rabu, 07 Oktober 2026 13:29:00",NASA-SNPP,Medium,110.80872,-2.84788,False,False,False,False,False,False,Di Luar Area Pantauan (>1000m dari Desa)
Kendawangan,Natai Kuini,"Rabu, 07 Oktober 2026 13:29:00",NASA-SNPP,Medium,110.75289,-2.85674,False,False,False,True,False,True,Di Luar Area Pantauan (>1000m dari Desa)
Kendawangan,Air Hitam Besar,"Rabu, 07 Oktober 2026 13:29:00",NASA-SNPP,Medium,110.71704,-2.85117,False,False,False,False,False,False,Di Luar Area Pantauan (>1000m dari Desa)
Kendawangan,Natai Kuini,"Rabu, 07 Oktober 2026 13:29:00",NASA-SNPP,Medium,110.79353,-2.83521,False,False,False,False,False,False,Di Luar Area Pantauan (>1000m dari Desa)
Kendawangan,Air Hitam Besar,"Rabu, 07 Oktober 2026 13:29:00",NASA-SNPP,Medium,110.72073,-2.84682,False,False,False,False,False,False,Di Luar Area Pantauan (>1000m dari Desa)
Kendawangan,Natai Kuini,"Rabu, 07 Oktober 2026 13:29:00",NASA-SNPP,Medium,110.78865,-2.83222,False,False,False,False,False,False,Di Luar Area Pantauan (>1000m dari Desa)
Kendawangan,Natai Kuini,"Rabu, 07 Oktober 2026 13:29:00",NASA-SNPP,Medium,110.80158,-2.83016,False,False,False,True,False,True,Di Luar Area Pantauan (>1000m dari Desa)
Kendawangan,Air Hitam Besar,"Rabu, 07 Oktober 2026 13:29:00",NASA-SNPP,Medium,110.73236,-2.80091,False,False,False,False,False,False,Di Luar Area Pantauan (>1000m dari Desa)
Kendawangan,Natai Kuini,"Rabu, 07 Oktober 2026 13:29:00",NASA-SNPP,Medium,110.80977,-2.78885,False,False,False,True,True,True,Di Luar Area Pantauan (>1000m dari Desa)
Kendawangan,Air Hitam Besar,"Rabu, 07 Oktober 2026 13:29:00",NASA-SNPP,Medium,110.72383,-2.80224,False,False,False,False,False,False,Di Luar Area Pantauan (>1000m dari Desa)
Kendawangan,Air Hitam Besar,"Rabu, 07 Oktober 2026 13:29:00",NASA-SNPP,Medium,110.73607,-2.79658,False,False,False,True,False,True,Di Luar Area Pantauan (>1000m dari Desa)
Kendawangan,Air Hitam Besar,"Rabu, 07 Oktober 2026 13:29:00",NASA-SNPP,Medium,110.74036,-2.79591,False,False,False,True,False,True,Di Luar Area Pantauan (>1000m dari Desa)
Kendawangan,Air Hitam Besar,"Rabu, 07 Oktober 2026 13:29:00",NASA-SNPP,Medium,110.72752,-2.79791,False,False,False,False,False,False,Di Luar Area Pantauan (>1000m dari Desa)
Kendawangan,Air Hitam Besar,"Rabu, 07 Oktober 2026 13:29:00",NASA-SNPP,Medium,110.73122,-2.79358,False,False,False,True,False,True,Di Luar Area Pantauan (>1000m dari Desa)
Kendawangan,Seriam,"Rabu, 07 Oktober 2026 13:29:00",NASA-SNPP,Medium,110.38675,-2.70204,False,False,False,False,True,True,Di Luar Area Pantauan (>1000m dari Desa)
Kendawangan,Air Hitam Besar,"Rabu, 07 Oktober 2026 13:29:00",NASA-SNPP,Medium,110.69718,-2.74261,False,False,False,False,False,False,Di Luar Area Pantauan (>1000m dari Desa)
Kendawangan,Air Hitam Besar,"Rabu, 07 Oktober 2026 13:29:00",NASA-SNPP,Medium,110.69775,-2.74627,False,False,False,False,False,False,Di Luar Area Pantauan (>1000m dari Desa)
Kendawangan,Airhitam Hulu,"Rabu, 07 Oktober 2026 13:29:00",NASA-SNPP,Medium,110.68923,-2.62796,False,False,False,False,False,False,Di Luar Area Pantauan (>1000m dari Desa)
Kendawangan,Kendawangan Kanan,"Rabu, 07 Oktober 2026 13:29:00",NASA-SNPP,Medium,110.26048,-2.69846,False,False,False,True,True,True,Di Luar Area Pantauan (>1000m dari Desa)
Kendawangan,Kendawangan Kanan,"Rabu, 07 Oktober 2026 13:29:00",NASA-SNPP,Medium,110.25937,-2.69129,False,False,False,False,True,True,Di Luar Area Pantauan (>1000m dari Desa)
Kendawangan,Kendawangan Kanan,"Rabu, 07 Oktober 2026 13:29:00",NASA-SNPP,Medium,110.25475,-2.68833,False,False,True,False,True,True,Di Luar Area Pantauan (>1000m dari Desa)
Kendawangan,Kendawangan Kanan,"Rabu, 07 Oktober 2026 13:29:00",NASA-SNPP,Medium,110.25882,-2.6877,False,False,False,False,True,True,Di Luar Area Pantauan (>1000m dari Desa)
Kendawangan,Seriam,"Rabu, 07 Oktober 2026 13:29:00",NASA-SNPP,Medium,110.32691,-2.64039,False,False,False,False,True,True,Di Luar Area Pantauan (>1000m dari Desa)
Kendawangan,Seriam,"Rabu, 07 Oktober 2026 13:29:00",NASA-SNPP,Medium,110.32361,-2.61879,False,False,False,False,True,True,Di Luar Area Pantauan (>1000m dari Desa)
Kendawangan,Air Hitam Besar,"Rabu, 07 Oktober 2026 13:29:00",NASA-SNPP,Medium,110.72585,-2.7869,False,False,False,False,False,False,Di Luar Area Pantauan (>1000m dari Desa)
Kendawangan,Air Hitam Besar,"Rabu, 07 Oktober 2026 13:29:00",NASA-SNPP,Medium,110.71246,-2.78524,False,False,False,False,False,False,Di Luar Area Pantauan (>1000m dari Desa)
Kendawangan,Bangkal Serai,"Rabu, 07 Oktober 2026 13:29:00",NASA-SNPP,Medium,110.4571,-2.48951,False,False,False,False,True,True,Di Luar Area Pantauan (>1000m dari Desa)
Kendawangan,Seriam,"Rabu, 07 Oktober 2026 13:29:00",NASA-SNPP,Medium,110.45293,-2.49017,False,False,False,False,True,True,Di Luar Area Pantauan (>1000m dari Desa)
Kendawangan,Pembedilan,"Rabu, 07 Oktober 2026 13:29:00",NASA-SNPP,Medium,110.45221,-2.76953,False,False,False,False,True,True,Di Luar Area Pantauan (>1000m dari Desa)
Kendawangan,Pembedilan,"Rabu, 07 Oktober 2026 13:29:00",NASA-SNPP,Medium,110.44805,-2.77017,False,False,False,False,True,True,Di Luar Area Pantauan (>1000m dari Desa)
Manis Mata,Silat,"Rabu, 07 Oktober 2026 13:29:00",NASA-SNPP,Medium,110.91258,-2.2553,False,False,False,False,False,False,Di Luar Area Pantauan (>1000m dari Desa)
Kendawangan,Pembedilan,"Rabu, 07 Oktober 2026 13:29:00",NASA-SNPP,Medium,110.4475,-2.76655,False,False,False,False,True,True,Di Luar Area Pantauan (>1000m dari Desa)
Kendawangan,Pembedilan,"Rabu, 07 Oktober 2026 13:29:00",NASA-SNPP,Medium,110.43809,-2.7606,False,False,False,False,True,True,Di Luar Area Pantauan (>1000m dari Desa)
Kendawangan,Pembedilan,"Rabu, 07 Oktober 2026 13:29:00",NASA-SNPP,Medium,110.44809,-2.77483,False,False,False,False,True,True,Di Luar Area Pantauan (>1000m dari Desa)
Kendawangan,Pembedilan,"Rabu, 07 Oktober 2026 13:29:00",NASA-SNPP,Medium,110.45168,-2.77055,False,False,False,False,True,True,Di Luar Area Pantauan (>1000m dari Desa)
Kendawangan,Air Hitam Besar,"Rabu, 07 Oktober 2026 13:29:00",NASA-SNPP,Medium,110.68426,-2.7376,False,False,False,False,False,False,Di Luar Area Pantauan (>1000m dari Desa)
Kendawangan,Sungai Jelayan,"Rabu, 07 Oktober 2026 13:29:00",NASA-SNPP,Medium,110.42007,-2.14887,False,False,False,False,False,False,Di Luar Area Pantauan (>1000m dari Desa)
Matan Hilir Selatan,Sungai Nanjung,"Rabu, 07 Oktober 2026 13:29:00",NASA-SNPP,Medium,110.13062,-2.19083,False,False,False,False,False,False,Di Luar Area Pantauan (>1000m dari Desa)
Matan Hilir Selatan,Sungai Nanjung,"Rabu, 07 Oktober 2026 13:29:00",NASA-SNPP,Medium,110.13115,-2.19441,False,False,False,False,False,False,Di Luar Area Pantauan (>1000m dari Desa)
Kendawangan,Kendawangan Kanan,"Rabu, 07 Oktober 2026 13:29:00",NASA-SNPP,Medium,110.26001,-2.69632,False,False,False,True,True,True,Di Luar Area Pantauan (>1000m dari Desa)
Kendawangan,Airhitam Hulu,"Rabu, 07 Oktober 2026 13:29:00",NASA-SNPP,Medium,110.68991,-2.62891,False,False,False,False,False,False,Di Luar Area Pantauan (>1000m dari Desa)
Matan Hilir Selatan,Pagar Mentimun,"Rabu, 07 Oktober 2026 13:29:00",NASA-SNPP,Medium,110.17587,-2.32468,False,False,False,False,False,False,Di Luar Area Pantauan (>1000m dari Desa)
Matan Hilir Selatan,Pagar Mentimun,"Rabu, 07 Oktober 2026 13:29:00",NASA-SNPP,Medium,110.2752,-2.20498,False,False,True,True,True,True,Di Luar Area Pantauan (>1000m dari Desa)
Matan Hilir Selatan,Sungai Nanjung,"Rabu, 07 Oktober 2026 13:29:00",NASA-SNPP,Medium,110.19353,-2.13513,False,False,True,True,False,True,Di Luar Area Pantauan (>1000m dari Desa)
Kendawangan,Kendawangan Kanan,"Rabu, 07 Oktober 2026 13:29:00",NASA-SNPP,Medium,110.25946,-2.69273,False,False,True,False,True,True,Di Luar Area Pantauan (>1000m dari Desa)
Muara Pawan,Tanjung Pasar,"Rabu, 07 Oktober 2026 13:29:00",NASA-SNPP,Medium,110.09645,-1.84436,False,False,False,False,False,False,Di Luar Area Pantauan (>1000m dari Desa)
Benua Kayong,Negeri Baru,"Rabu, 07 Oktober 2026 13:29:00",NASA-SNPP,Medium,110.18456,-1.81609,False,False,False,True,False,True,Di Luar Area Pantauan (>1000m dari Desa)
Muara Pawan,Tanjung Pasar,"Rabu, 07 Oktober 2026 13:29:00",NASA-SNPP,Medium,110.09238,-1.84499,False,False,False,False,False,False,Di Luar Area Pantauan (>1000m dari Desa)
Tumbang Titi,Titi Baru,"Rabu, 07 Oktober 2026 13:29:00",NASA-SNPP,Medium,110.61606,-1.87259,False,False,False,False,False,False,Di Luar Area Pantauan (>1000m dari Desa)
Nanga Tayap,Batu Mas,"Rabu, 07 Oktober 2026 13:29:00",NASA-SNPP,Medium,110.63626,-1.68213,False,False,False,False,False,False,Di Luar Area Pantauan (>1000m dari Desa)
Nanga Tayap,Batu Mas,"Rabu, 07 Oktober 2026 13:29:00",NASA-SNPP,Medium,110.63575,-1.67842,False,False,False,False,False,False,Di Luar Area Pantauan (>1000m dari Desa)
Muara Pawan,Sungai Awan Kiri,"Rabu, 07 Oktober 2026 13:29:00",NASA-SNPP,Medium,110.00421,-1.72823,False,False,False,False,False,False,Di Luar Area Pantauan (>1000m dari Desa)
Muara Pawan,Ulak Medang,"Rabu, 07 Oktober 2026 13:29:00",NASA-SNPP,Medium,110.28355,-1.5661,False,False,True,True,False,True,Di Luar Area Pantauan (>1000m dari Desa)
Muara Pawan,Ulak Medang,"Rabu, 07 Oktober 2026 13:29:00",NASA-SNPP,Medium,110.283,-1.56246,False,False,True,True,False,True,Di Luar Area Pantauan (>1000m dari Desa)
Muara Pawan,Ulak Medang,"Rabu, 07 Oktober 2026 13:29:00",NASA-SNPP,Medium,110.28242,-1.55883,False,False,True,True,False,True,Di Luar Area Pantauan (>1000m dari Desa)
Nanga Tayap,Sungai Kelik,"Rabu, 07 Oktober 2026 13:29:00",NASA-SNPP,Medium,110.30652,-1.54763,False,False,True,True,False,True,Di Luar Area Pantauan (>1000m dari Desa)
Muara Pawan,Ulak Medang,"Rabu, 07 Oktober 2026 13:29:00",NASA-SNPP,Medium,110.26066,-1.52873,False,False,True,True,False,True,Di Luar Area Pantauan (>1000m dari Desa)
Matan Hilir Utara,Tanjung Baik Budi,"Rabu, 07 Oktober 2026 13:29:00",NASA-SNPP,Medium,110.14112,-1.51682,False,False,True,True,False,True,Di Luar Area Pantauan (>1000m dari Desa)
Kendawangan,Kedondong,"Rabu, 07 Oktober 2026 13:29:00",NASA-SNPP,Medium,110.2979,-2.27237,False,False,False,False,False,False,Di Luar Area Pantauan (>1000m dari Desa)
Kendawangan,Kedondong,"Rabu, 07 Oktober 2026 13:29:00",NASA-SNPP,Medium,110.29845,-2.27598,False,False,False,False,False,False,Di Luar Area Pantauan (>1000m dari Desa)
Matan Hilir Utara,Kuala Tolak,"Rabu, 07 Oktober 2026 13:29:00",NASA-SNPP,Medium,110.13979,-1.42455,False,False,False,True,False,True,Di Luar Area Pantauan (>1000m dari Desa)
Nanga Tayap,Batu Mas,"Rabu, 07 Oktober 2026 13:29:00",NASA-SNPP,Medium,110.65224,-1.66237,False,False,True,False,False,True,Di Luar Area Pantauan (>1000m dari Desa)
Muara Pawan,Ulak Medang,"Rabu, 07 Oktober 2026 13:29:00",NASA-SNPP,Medium,110.28662,-1.55818,False,False,True,True,False,True,Di Luar Area Pantauan (>1000m dari Desa)
Sandai,Muara Jekak,"Rabu, 07 Oktober 2026 13:29:00",NASA-SNPP,Medium,110.54668,-1.1744,False,False,False,False,False,False,Di Luar Area Pantauan (>1000m dari Desa)
Nanga Tayap,Batu Mas,"Rabu, 07 Oktober 2026 13:29:00",NASA-SNPP,Medium,110.65661,-1.6617,False,False,True,False,False,True,Di Luar Area Pantauan (>1000m dari Desa)
Matan Hilir Utara,Lamon Satong,"Rabu, 07 Oktober 2026 13:29:00",NASA-SNPP,Medium,110.21115,-1.50242,False,False,True,True,False,True,Di Luar Area Pantauan (>1000m dari Desa)
Hulu Sungai,Sekukun,"Rabu, 07 Oktober 2026 13:29:00",NASA-SNPP,Medium,110.82344,-1.27023,False,False,True,False,False,True,Di Luar Area Pantauan (>1000m dari Desa)
Hulu Sungai,Sekukun,"Rabu, 07 Oktober 2026 13:29:00",NASA-SNPP,Medium,110.82503,-1.28153,False,False,True,False,False,True,Di Luar Area Pantauan (>1000m dari Desa)
Hulu Sungai,Sekukun,"Rabu, 07 Oktober 2026 13:29:00",NASA-SNPP,Medium,110.83132,-1.2613,False,False,True,False,False,True,Di Luar Area Pantauan (>1000m dari Desa)
Sandai,Penjawaan,"Rabu, 07 Oktober 2026 13:29:00",NASA-SNPP,Medium,110.5038,-1.3083,False,False,False,False,False,False,Di Luar Area Pantauan (>1000m dari Desa)
Hulu Sungai,Senduruhan,"Rabu, 07 Oktober 2026 13:29:00",NASA-SNPP,Medium,110.80268,-0.99566,False,False,False,False,False,False,Di Luar Area Pantauan (>1000m dari Desa)
Hulu Sungai,Senduruhan,"Rabu, 07 Oktober 2026 13:29:00",NASA-SNPP,Medium,110.80156,-0.98812,False,False,False,False,False,False,Di Luar Area Pantauan (>1000m dari Desa)
Kendawangan,Selimantan Jaya,"Rabu, 07 Oktober 2026 13:29:00",NASA-SNPP,Medium,110.52209,-2.25563,False,False,False,False,False,False,Di Luar Area Pantauan (>1000m dari Desa)
Kendawangan,Selimantan Jaya,"Rabu, 07 Oktober 2026 13:29:00",NASA-SNPP,Medium,110.52155,-2.25198,False,False,False,False,False,False,Di Luar Area Pantauan (>1000m dari Desa)
Kendawangan,Selimantan Jaya,"Rabu, 07 Oktober 2026 13:29:00",NASA-SNPP,Medium,110.51675,-2.249,False,False,False,False,False,False,Di Luar Area Pantauan (>1000m dari Desa)
Kendawangan,Sungai Jelayan,"Rabu, 07 Oktober 2026 13:29:00",NASA-SNPP,Medium,110.43987,-2.19421,False,False,False,False,False,False,Di Luar Area Pantauan (>1000m dari Desa)
Pulau Maya,Tanjungsatai,"Rabu, 07 Oktober 2026 13:29:00",NASA-SNPP,Medium,109.65508,-1.20172,False,False,False,False,False,False,Di Luar Area Pantauan (>1000m dari Desa)
Pulau Maya,Tanjungsatai,"Rabu, 07 Oktober 2026 13:29:00",NASA-SNPP,Medium,109.65453,-1.19818,False,False,False,False,False,False,Di Luar Area Pantauan (>1000m dari Desa)
Hulu Sungai,Menyumbung,"Rabu, 07 Oktober 2026 13:29:00",NASA-SNPP,Medium,110.75481,-1.01478,False,False,False,False,False,False,Di Luar Area Pantauan (>1000m dari Desa)
Sayan,Landau Sandak,"Rabu, 07 Oktober 2026 13:29:00",NASA-SNPP,Medium,111.66544,-0.83626,False,False,False,False,False,False,Di Luar Area Pantauan (>1000m dari Desa)
Tanah Pinoh Barat,Ganjang,"Rabu, 07 Oktober 2026 13:29:00",NASA-SNPP,Medium,111.38948,-0.87855,True,False,False,False,False,False,Prioritas 2 (Sedang)
Pulau Maya,Satai Lestari,"Rabu, 07 Oktober 2026 13:29:00",NASA-SNPP,Medium,109.65247,-1.13001,False,False,False,True,True,True,Di Luar Area Pantauan (>1000m dari Desa)
Muara Pawan,Tanjung Pura,"Rabu, 07 Oktober 2026 13:29:00",NASA-SNPP,Medium,110.21199,-1.7147,False,False,False,False,False,False,Di Luar Area Pantauan (>1000m dari Desa)
Hulu Sungai,Krio Hulu,"Rabu, 07 Oktober 2026 13:29:00",NASA-SNPP,Medium,110.8615,-0.80903,False,False,False,False,False,False,Di Luar Area Pantauan (>1000m dari Desa)
Simpang Dua,Kampar Sebomban,"Rabu, 07 Oktober 2026 13:29:00",NASA-SNPP,Medium,110.26118,-0.90234,False,False,False,False,False,False,Di Luar Area Pantauan (>1000m dari Desa)
Hulu Sungai,Krio Hulu,"Rabu, 07 Oktober 2026 13:29:00",NASA-SNPP,Medium,110.882,-0.82138,False,False,False,False,False,False,Di Luar Area Pantauan (>1000m dari Desa)
Hulu Sungai,Senduruhan,"Rabu, 07 Oktober 2026 13:29:00",NASA-SNPP,Medium,110.80214,-0.99189,False,False,False,False,False,False,Di Luar Area Pantauan (>1000m dari Desa)
Hulu Sungai,Senduruhan,"Rabu, 07 Oktober 2026 13:29:00",NASA-SNPP,Medium,110.80391,-0.99527,False,False,False,False,False,False,Di Luar Area Pantauan (>1000m dari Desa)
Hulu Sungai,Senduruhan,"Rabu, 07 Oktober 2026 13:29:00",NASA-SNPP,Medium,110.79828,-0.98841,False,False,False,False,False,False,Di Luar Area Pantauan (>1000m dari Desa)
Sungai Laur,Bayun Sari,"Rabu, 07 Oktober 2026 13:29:00",NASA-SNPP,Medium,110.4253,-1.03756,False,False,False,False,False,False,Di Luar Area Pantauan (>1000m dari Desa)
Marau,Randai,"Rabu, 07 Oktober 2026 13:29:00",NASA-SNPP,Medium,110.52811,-2.08719,False,False,False,False,False,False,Di Luar Area Pantauan (>1000m dari Desa)
Nanga Tayap,Batu Mas,"Rabu, 07 Oktober 2026 13:29:00",NASA-SNPP,Medium,110.65101,-1.66084,False,False,True,False,False,True,Di Luar Area Pantauan (>1000m dari Desa)
Menukung,Langau Leban Satu,"Rabu, 07 Oktober 2026 13:29:00",NASA-SNPP,Medium,112.30083,-0.4293,False,False,False,False,False,False,Di Luar Area Pantauan (>1000m dari Desa)
Sekadau Hilir,Seraras,"Rabu, 07 Oktober 2026 13:29:00",NASA-SNPP,Medium,111.02163,0.09967,False,False,False,False,False,False,Di Luar Area Pantauan (>1000m dari Desa)
Belimbing,Nanga Pau,"Rabu, 07 Oktober 2026 13:29:00",NASA-SNPP,Medium,111.40905,-0.44406,False,False,False,False,False,False,Di Luar Area Pantauan (>1000m dari Desa)
Simpang Dua,Semandang Kanan,"Rabu, 07 Oktober 2026 13:29:00",NASA-SNPP,Medium,110.35319,-0.77979,False,False,False,False,False,False,Di Luar Area Pantauan (>1000m dari Desa)
Simpang Dua,Semandang Kanan,"Rabu, 07 Oktober 2026 13:29:00",NASA-SNPP,Medium,110.35374,-0.78347,False,False,False,False,False,False,Di Luar Area Pantauan (>1000m dari Desa)
Nanga Tayap,Batu Mas,"Rabu, 07 Oktober 2026 13:29:00",NASA-SNPP,Medium,110.65163,-1.65867,False,False,True,False,False,True,Di Luar Area Pantauan (>1000m dari Desa)
Nanga Tayap,Sungai Kelik,"Rabu, 07 Oktober 2026 13:29:00",NASA-SNPP,Medium,110.30596,-1.54399,False,False,True,True,False,True,Di Luar Area Pantauan (>1000m dari Desa)
Matan Hilir Utara,Tanjung Baik Budi,"Rabu, 07 Oktober 2026 13:29:00",NASA-SNPP,Medium,110.09737,-1.54328,False,False,True,True,False,True,Di Luar Area Pantauan (>1000m dari Desa)
Matan Hilir Utara,Kuala Tolak,"Rabu, 07 Oktober 2026 13:29:00",NASA-SNPP,Medium,110.15904,-1.49558,False,False,True,True,False,True,Di Luar Area Pantauan (>1000m dari Desa)
Muara Pawan,Ulak Medang,"Rabu, 07 Oktober 2026 13:29:00",NASA-SNPP,Medium,110.25648,-1.52939,False,False,True,True,False,True,Di Luar Area Pantauan (>1000m dari Desa)
Matan Hilir Utara,Sungai Putri,"Rabu, 07 Oktober 2026 13:29:00",NASA-SNPP,Medium,110.09136,-1.55898,False,False,True,True,False,True,Di Luar Area Pantauan (>1000m dari Desa)
Matan Hilir Utara,Tanjung Baik Budi,"Rabu, 07 Oktober 2026 13:29:00",NASA-SNPP,Medium,110.14877,-1.52039,False,False,True,True,False,True,Di Luar Area Pantauan (>1000m dari Desa)
Matan Hilir Utara,Tanjung Baik Budi,"Rabu, 07 Oktober 2026 13:29:00",NASA-SNPP,Medium,110.14464,-1.52105,False,False,True,True,False,True,Di Luar Area Pantauan (>1000m dari Desa)
Matan Hilir Utara,Tanjung Baik Budi,"Rabu, 07 Oktober 2026 13:29:00",NASA-SNPP,Medium,110.14996,-1.51917,False,False,True,True,False,True,Di Luar Area Pantauan (>1000m dari Desa)
Matan Hilir Utara,Tanjung Baik Budi,"Rabu, 07 Oktober 2026 13:29:00",NASA-SNPP,Medium,110.14581,-1.51981,False,False,True,True,False,True,Di Luar Area Pantauan (>1000m dari Desa)
Matan Hilir Utara,Tanjung Baik Budi,"Rabu, 07 Oktober 2026 13:29:00",NASA-SNPP,Medium,110.15051,-1.52279,False,False,True,True,False,True,Di Luar Area Pantauan (>1000m dari Desa)
Simpang Hulu,Kualan Hilir,"Rabu, 07 Oktober 2026 13:29:00",NASA-SNPP,Medium,110.19569,-0.5993,False,False,False,False,False,False,Di Luar Area Pantauan (>1000m dari Desa)
Pinoh Utara,Engkurai,"Rabu, 07 Oktober 2026 13:29:00",NASA-SNPP,Medium,111.94554,-0.26293,False,False,False,False,False,False,Di Luar Area Pantauan (>1000m dari Desa)
Tayan Hilir,Tanjung Bunut,"Rabu, 07 Oktober 2026 13:29:00",NASA-SNPP,Medium,110.20556,-0.11646,False,False,False,False,False,False,Di Luar Area Pantauan (>1000m dari Desa)
Toba,Belungai Dalam,"Rabu, 07 Oktober 2026 13:29:00",NASA-SNPP,Medium,110.06757,-0.13059,False,False,False,False,False,False,Di Luar Area Pantauan (>1000m dari Desa)
Toba,Belungai Dalam,"Rabu, 07 Oktober 2026 13:29:00",NASA-SNPP,Medium,110.06822,-0.13117,False,False,False,False,False,False,Di Luar Area Pantauan (>1000m dari Desa)
Kapuas,Botuh Lintang,"Rabu, 07 Oktober 2026 13:29:00",NASA-SNPP,Medium,110.67027,-0.02493,False,False,False,False,False,False,Di Luar Area Pantauan (>1000m dari Desa)
Sungai Raya,Sungaiambangah,"Rabu, 07 Oktober 2026 13:29:00",NASA-SNPP,Medium,109.50754,-0.15402,False,False,True,True,False,True,Di Luar Area Pantauan (>1000m dari Desa)
Kubu,Sungai Selamat,"Rabu, 07 Oktober 2026 13:29:00",NASA-SNPP,Medium,109.20607,-0.39173,False,False,False,False,False,False,Di Luar Area Pantauan (>1000m dari Desa)
Kapuas,Penyelimau,"Rabu, 07 Oktober 2026 13:29:00",NASA-SNPP,Medium,110.53668,-0.17287,False,False,False,False,False,False,Di Luar Area Pantauan (>1000m dari Desa)
Sekadau Hilir,Gonis Tekam,"Rabu, 07 Oktober 2026 13:29:00",NASA-SNPP,Medium,111.02686,-0.01126,False,False,False,False,False,False,Di Luar Area Pantauan (>1000m dari Desa)
Pinoh Utara,Engkurai,"Rabu, 07 Oktober 2026 13:29:00",NASA-SNPP,Medium,111.94918,-0.26238,False,False,False,False,False,False,Di Luar Area Pantauan (>1000m dari Desa)
Kapuas,Penyelimau,"Rabu, 07 Oktober 2026 13:29:00",NASA-SNPP,Medium,110.54119,-0.17216,False,False,False,False,False,False,Di Luar Area Pantauan (>1000m dari Desa)
Kapuas,Penyelimau,"Rabu, 07 Oktober 2026 13:29:00",NASA-SNPP,Medium,110.53781,-0.17194,False,False,False,False,False,False,Di Luar Area Pantauan (>1000m dari Desa)
Nanga Mahap,Tamang,"Rabu, 07 Oktober 2026 13:29:00",NASA-SNPP,Medium,110.68304,-0.42394,False,False,False,False,False,False,Di Luar Area Pantauan (>1000m dari Desa)
Nanga Mahap,Tamang,"Rabu, 07 Oktober 2026 13:29:00",NASA-SNPP,Medium,110.67235,-0.41402,False,False,False,False,False,False,Di Luar Area Pantauan (>1000m dari Desa)
Nanga Mahap,Tamang,"Rabu, 07 Oktober 2026 13:29:00",NASA-SNPP,Medium,110.67178,-0.41025,False,False,False,False,False,False,Di Luar Area Pantauan (>1000m dari Desa)
Kayan Hilir,Sungai Ranap,"Rabu, 07 Oktober 2026 13:29:00",NASA-SNPP,Medium,111.80797,-0.06827,False,False,False,False,False,False,Di Luar Area Pantauan (>1000m dari Desa)
Mukok,Semuntai,"Rabu, 07 Oktober 2026 13:29:00",NASA-SNPP,Medium,110.72273,0.06475,False,False,False,False,False,False,Di Luar Area Pantauan (>1000m dari Desa)
Binjai Hulu,Telaga Satu,"Rabu, 07 Oktober 2026 13:29:00",NASA-SNPP,Medium,111.34476,0.1853,False,False,False,False,False,False,Di Luar Area Pantauan (>1000m dari Desa)
Mukok,Kedukul,"Rabu, 07 Oktober 2026 13:29:00",NASA-SNPP,Medium,110.8,0.08859,False,False,False,False,False,False,Di Luar Area Pantauan (>1000m dari Desa)
Sekadau Hilir,Gonis Tekam,"Rabu, 07 Oktober 2026 13:29:00",NASA-SNPP,Medium,111.02744,-0.01513,False,False,False,False,False,False,Di Luar Area Pantauan (>1000m dari Desa)
Dedai,Hulu Dedai,"Rabu, 07 Oktober 2026 13:29:00",NASA-SNPP,Medium,111.80129,-0.04848,False,False,False,False,False,False,Di Luar Area Pantauan (>1000m dari Desa)
Sandai,Penjawaan,"Rabu, 07 Oktober 2026 13:29:00",NASA-SNPP,Medium,110.50813,-1.30763,False,False,False,False,False,False,Di Luar Area Pantauan (>1000m dari Desa)
Sayan,Landau Sandak,"Rabu, 07 Oktober 2026 13:29:00",NASA-SNPP,Medium,111.67002,-0.83148,False,False,False,False,False,False,Di Luar Area Pantauan (>1000m dari Desa)
Sayan,Landau Sandak,"Rabu, 07 Oktober 2026 13:29:00",NASA-SNPP,Medium,111.66483,-0.83228,False,False,False,False,False,False,Di Luar Area Pantauan (>1000m dari Desa)
Pulau Maya,Kemboja,"Rabu, 07 Oktober 2026 13:29:00",NASA-SNPP,Medium,109.70182,-1.13333,False,False,False,False,False,False,Di Luar Area Pantauan (>1000m dari Desa)
Simpang Hilir,Matan Jaya,"Rabu, 07 Oktober 2026 13:29:00",NASA-SNPP,Medium,110.13977,-1.04765,False,False,False,False,False,False,Di Luar Area Pantauan (>1000m dari Desa)
Simpang Hilir,Sungaimata-Mata,"Rabu, 07 Oktober 2026 13:29:00",NASA-SNPP,Medium,109.98889,-1.05985,False,False,False,False,False,False,Di Luar Area Pantauan (>1000m dari Desa)
Sandai,Randau,"Rabu, 07 Oktober 2026 13:29:00",NASA-SNPP,Medium,110.64912,-0.94606,False,False,False,False,False,False,Di Luar Area Pantauan (>1000m dari Desa)
Hulu Sungai,Senduruhan,"Rabu, 07 Oktober 2026 13:29:00",NASA-SNPP,Medium,110.78903,-0.92811,False,False,False,False,False,False,Di Luar Area Pantauan (>1000m dari Desa)
Mukok,Sungai Mawang,"Rabu, 07 Oktober 2026 13:29:00",NASA-SNPP,Medium,110.87445,0.15348,False,False,False,False,False,False,Di Luar Area Pantauan (>1000m dari Desa)
Tayan Hilir,Melugai,"Rabu, 07 Oktober 2026 13:29:00",NASA-SNPP,Medium,110.1859,0.05894,False,False,False,False,False,False,Di Luar Area Pantauan (>1000m dari Desa)
Semitau,Kenerak,"Rabu, 07 Oktober 2026 13:29:00",NASA-SNPP,Medium,112.00491,0.47326,False,False,False,False,False,False,Di Luar Area Pantauan (>1000m dari Desa)
Mukok,Sungai Mawang,"Rabu, 07 Oktober 2026 13:29:00",NASA-SNPP,Medium,110.87029,0.14891,False,False,False,False,False,False,Di Luar Area Pantauan (>1000m dari Desa)
Mukok,Kedukul,"Rabu, 07 Oktober 2026 13:29:00",NASA-SNPP,Medium,110.78152,0.10009,False,False,False,False,False,False,Di Luar Area Pantauan (>1000m dari Desa)
Hulu Sungai,Sunge Bengaras,"Rabu, 07 Oktober 2026 13:29:00",NASA-SNPP,Medium,110.76328,-0.80888,False,False,True,False,False,True,Di Luar Area Pantauan (>1000m dari Desa)
Simpang Dua,Semandang Kanan,"Rabu, 07 Oktober 2026 13:29:00",NASA-SNPP,Medium,110.37297,-0.76539,False,False,False,False,False,False,Di Luar Area Pantauan (>1000m dari Desa)
Menukung,Langau Leban Satu,"Rabu, 07 Oktober 2026 13:29:00",NASA-SNPP,Medium,112.30007,-0.42881,False,False,False,False,False,False,Di Luar Area Pantauan (>1000m dari Desa)
Simpang Hulu,Paoh Concong,"Rabu, 07 Oktober 2026 13:29:00",NASA-SNPP,Medium,110.37138,-0.69179,False,False,False,False,False,False,Di Luar Area Pantauan (>1000m dari Desa)
Serawai,Tunas Harapan,"Rabu, 07 Oktober 2026 13:29:00",NASA-SNPP,Medium,112.41643,-0.368,False,False,False,False,False,False,Di Luar Area Pantauan (>1000m dari Desa)
Serawai,Tanjung Harapan,"Rabu, 07 Oktober 2026 13:29:00",NASA-SNPP,Medium,112.5798,-0.28151,False,False,False,False,False,False,Di Luar Area Pantauan (>1000m dari Desa)
Simpang Hulu,Semandang Kiri,"Rabu, 07 Oktober 2026 13:29:00",NASA-SNPP,Medium,110.41032,-0.62517,False,False,False,False,False,False,Di Luar Area Pantauan (>1000m dari Desa)
Serawai,Tanjung Harapan,"Rabu, 07 Oktober 2026 13:29:00",NASA-SNPP,Medium,112.57999,-0.28276,False,False,False,False,False,False,Di Luar Area Pantauan (>1000m dari Desa)
Simpang Hulu,Kualan Hilir,"Rabu, 07 Oktober 2026 13:29:00",NASA-SNPP,Medium,110.19146,-0.59996,False,False,False,False,False,False,Di Luar Area Pantauan (>1000m dari Desa)
Kelam Permai,Mandiri Jaya,"Rabu, 07 Oktober 2026 13:29:00",NASA-SNPP,Medium,111.66731,0.27549,False,False,False,False,False,False,Di Luar Area Pantauan (>1000m dari Desa)
Tayan Hilir,Sungai Jaman,"Rabu, 07 Oktober 2026 13:29:00",NASA-SNPP,Medium,110.25502,0.01278,False,False,False,False,False,False,Di Luar Area Pantauan (>1000m dari Desa)
Sekadau Hilir,Sungai Kunyit,"Rabu, 07 Oktober 2026 13:29:00",NASA-SNPP,Medium,110.80116,0.08094,False,False,False,False,False,False,Di Luar Area Pantauan (>1000m dari Desa)
Tayan Hilir,Melugai,"Rabu, 07 Oktober 2026 13:29:00",NASA-SNPP,Medium,110.13355,0.05462,False,False,False,False,False,False,Di Luar Area Pantauan (>1000m dari Desa)
Batu Ampar,Tanjungharapan,"Rabu, 07 Oktober 2026 13:29:00",NASA-SNPP,Medium,109.50643,-0.85363,True,False,False,True,True,True,Prioritas 1 (Tinggi)
Semitau,Kenerak,"Rabu, 07 Oktober 2026 13:29:00",NASA-SNPP,Medium,112.00863,0.47385,False,False,False,False,False,False,Di Luar Area Pantauan (>1000m dari Desa)
Seberuang,Emperiang,"Rabu, 07 Oktober 2026 13:29:00",NASA-SNPP,Medium,112.0404,0.46603,False,False,False,False,False,False,Di Luar Area Pantauan (>1000m dari Desa)
Balai,Tae,"Rabu, 07 Oktober 2026 13:31:00",NASA-SNPP,Medium,110.04925,0.18639,False,False,False,False,False,False,Di Luar Area Pantauan (>1000m dari Desa)
Balai,Tae,"Rabu, 07 Oktober 2026 13:31:00",NASA-SNPP,Medium,110.04836,0.18681,False,False,False,False,False,False,Di Luar Area Pantauan (>1000m dari Desa)
Seluas,Mayak,"Rabu, 07 Oktober 2026 13:31:00",NASA-SNPP,Medium,109.76718,1.25351,False,False,False,False,False,False,Di Luar Area Pantauan (>1000m dari Desa)
Mempawah Hulu,Caokng,"Rabu, 07 Oktober 2026 13:31:00",NASA-SNPP,Medium,109.28709,0.6769,False,False,False,False,False,False,Di Luar Area Pantauan (>1000m dari Desa)
Kuala Mandor B,Retok,"Rabu, 07 Oktober 2026 13:31:00",NASA-SNPP,Medium,109.49907,0.12911,False,False,False,True,False,True,Di Luar Area Pantauan (>1000m dari Desa)
Sengah Temila,Banying,"Rabu, 07 Oktober 2026 13:31:00",NASA-SNPP,Medium,109.71793,0.40055,False,False,False,False,False,False,Di Luar Area Pantauan (>1000m dari Desa)
Sadaniang,Ansiap,"Rabu, 07 Oktober 2026 13:31:00",NASA-SNPP,Medium,109.1959,0.58387,False,False,False,False,False,False,Di Luar Area Pantauan (>1000m dari Desa)
Ngabang,Antan Rayan,"Rabu, 07 Oktober 2026 13:31:00",NASA-SNPP,Medium,109.76687,0.50099,False,False,False,False,False,False,Di Luar Area Pantauan (>1000m dari Desa)
Jangkang,Terati,"Rabu, 07 Oktober 2026 13:31:00",NASA-SNPP,Medium,110.74216,0.31775,False,False,False,False,False,False,Di Luar Area Pantauan (>1000m dari Desa)
Silat Hilir,Sentabai,"Kamis, 08 Oktober 2026 00:32:00",NASA-SNPP,Medium,111.77919,0.52709,False,False,True,True,False,True,Di Luar Area Pantauan (>1000m dari Desa)
Silat Hilir,Sentabai,"Kamis, 08 Oktober 2026 00:32:00",NASA-SNPP,Medium,111.77979,0.52587,False,False,True,True,False,True,Di Luar Area Pantauan (>1000m dari Desa)
Kendawangan,Air Tarap,"Kamis, 08 Oktober 2026 00:32:00",NASA-SNPP,Medium,110.86788,-2.47313,False,False,False,False,False,False,Di Luar Area Pantauan (>1000m dari Desa)
Kendawangan,Natai Kuini,"Kamis, 08 Oktober 2026 00:32:00",NASA-SNPP,Medium,110.79177,-2.8588,False,False,False,False,False,False,Di Luar Area Pantauan (>1000m dari Desa)
Kendawangan,Natai Kuini,"Kamis, 08 Oktober 2026 00:32:00",NASA-SNPP,Medium,110.78771,-2.85813,False,False,False,False,False,False,Di Luar Area Pantauan (>1000m dari Desa)
Kendawangan,Natai Kuini,"Kamis, 08 Oktober 2026 00:32:00",NASA-SNPP,Medium,110.79583,-2.85946,False,False,False,False,False,False,Di Luar Area Pantauan (>1000m dari Desa)
Kendawangan,Natai Kuini,"Kamis, 08 Oktober 2026 00:32:00",NASA-SNPP,Medium,110.79989,-2.86013,False,False,False,False,False,False,Di Luar Area Pantauan (>1000m dari Desa)
Kendawangan,Air Hitam Besar,"Kamis, 08 Oktober 2026 00:32:00",NASA-SNPP,Medium,110.73153,-2.79494,False,False,False,True,False,True,Di Luar Area Pantauan (>1000m dari Desa)
Kendawangan,Air Hitam Besar,"Kamis, 08 Oktober 2026 00:32:00",NASA-SNPP,Medium,110.73357,-2.80728,False,False,False,False,False,False,Di Luar Area Pantauan (>1000m dari Desa)
Kendawangan,Air Hitam Besar,"Kamis, 08 Oktober 2026 00:32:00",NASA-SNPP,Medium,110.73766,-2.80796,False,False,False,True,False,True,Di Luar Area Pantauan (>1000m dari Desa)
Kendawangan,Air Hitam Besar,"Kamis, 08 Oktober 2026 00:32:00",NASA-SNPP,Medium,110.72948,-2.8066,False,False,False,False,False,False,Di Luar Area Pantauan (>1000m dari Desa)
Kendawangan,Air Hitam Besar,"Kamis, 08 Oktober 2026 00:32:00",NASA-SNPP,Medium,110.70773,-2.80897,False,False,False,False,False,False,Di Luar Area Pantauan (>1000m dari Desa)
Kendawangan,Natai Kuini,"Kamis, 08 Oktober 2026 00:32:00",NASA-SNPP,Medium,110.803,-2.84275,False,False,False,False,False,False,Di Luar Area Pantauan (>1000m dari Desa)
Kendawangan,Natai Kuini,"Kamis, 08 Oktober 2026 00:32:00",NASA-SNPP,Medium,110.78173,-2.8452,False,False,False,False,False,False,Di Luar Area Pantauan (>1000m dari Desa)
Kendawangan,Natai Kuini,"Kamis, 08 Oktober 2026 00:32:00",NASA-SNPP,Medium,110.7929,-2.82914,False,False,False,False,False,False,Di Luar Area Pantauan (>1000m dari Desa)
Kendawangan,Air Hitam Besar,"Kamis, 08 Oktober 2026 00:32:00",NASA-SNPP,Medium,110.71916,-2.81687,False,False,False,False,False,False,Di Luar Area Pantauan (>1000m dari Desa)
Kendawangan,Natai Kuini,"Kamis, 08 Oktober 2026 00:32:00",NASA-SNPP,Medium,110.78983,-2.84654,False,False,False,False,False,False,Di Luar Area Pantauan (>1000m dari Desa)
Kendawangan,Natai Kuini,"Kamis, 08 Oktober 2026 00:32:00",NASA-SNPP,Medium,110.78578,-2.84587,False,False,False,False,False,False,Di Luar Area Pantauan (>1000m dari Desa)
Kendawangan,Air Hitam Besar,"Kamis, 08 Oktober 2026 00:32:00",NASA-SNPP,Medium,110.71087,-2.8155,False,False,False,True,False,True,Di Luar Area Pantauan (>1000m dari Desa)
Kendawangan,Natai Kuini,"Kamis, 08 Oktober 2026 00:32:00",NASA-SNPP,Medium,110.79684,-2.85366,False,False,False,False,False,False,Di Luar Area Pantauan (>1000m dari Desa)
Kendawangan,Natai Kuini,"Kamis, 08 Oktober 2026 00:32:00",NASA-SNPP,Medium,110.74994,-2.85791,False,False,False,True,False,True,Di Luar Area Pantauan (>1000m dari Desa)
Kendawangan,Natai Kuini,"Kamis, 08 Oktober 2026 00:32:00",NASA-SNPP,Medium,110.72535,-2.85388,False,False,False,False,False,False,Di Luar Area Pantauan (>1000m dari Desa)
Kendawangan,Air Hitam Besar,"Kamis, 08 Oktober 2026 00:32:00",NASA-SNPP,Medium,110.713,-2.85185,False,False,False,True,False,True,Di Luar Area Pantauan (>1000m dari Desa)
Kendawangan,Natai Kuini,"Kamis, 08 Oktober 2026 00:32:00",NASA-SNPP,Medium,110.79021,-2.83374,False,False,False,False,False,False,Di Luar Area Pantauan (>1000m dari Desa)
Kendawangan,Natai Kuini,"Kamis, 08 Oktober 2026 00:32:00",NASA-SNPP,Medium,110.72643,-2.84806,False,False,False,True,False,True,Di Luar Area Pantauan (>1000m dari Desa)
Kendawangan,Natai Kuini,"Kamis, 08 Oktober 2026 00:32:00",NASA-SNPP,Medium,110.79426,-2.83444,False,False,False,False,False,False,Di Luar Area Pantauan (>1000m dari Desa)
Kendawangan,Natai Kuini,"Kamis, 08 Oktober 2026 00:32:00",NASA-SNPP,Medium,110.78922,-2.83954,False,False,False,False,False,False,Di Luar Area Pantauan (>1000m dari Desa)
Kendawangan,Natai Kuini,"Kamis, 08 Oktober 2026 00:32:00",NASA-SNPP,Medium,110.75812,-2.85925,False,False,False,True,False,True,Di Luar Area Pantauan (>1000m dari Desa)
Kendawangan,Natai Kuini,"Kamis, 08 Oktober 2026 00:32:00",NASA-SNPP,Medium,110.80904,-2.85567,False,False,False,False,False,False,Di Luar Area Pantauan (>1000m dari Desa)
Kendawangan,Natai Kuini,"Kamis, 08 Oktober 2026 00:32:00",NASA-SNPP,Medium,110.79388,-2.84721,False,False,False,False,False,False,Di Luar Area Pantauan (>1000m dari Desa)
Kendawangan,Natai Kuini,"Kamis, 08 Oktober 2026 00:32:00",NASA-SNPP,Medium,110.78363,-2.85746,False,False,False,False,False,False,Di Luar Area Pantauan (>1000m dari Desa)
Kendawangan,Air Hitam Besar,"Kamis, 08 Oktober 2026 00:32:00",NASA-SNPP,Medium,110.7223,-2.84738,False,False,False,False,False,False,Di Luar Area Pantauan (>1000m dari Desa)
Kendawangan,Air Hitam Besar,"Kamis, 08 Oktober 2026 00:32:00",NASA-SNPP,Medium,110.71818,-2.84671,False,False,False,False,False,False,Di Luar Area Pantauan (>1000m dari Desa)
Kendawangan,Natai Kuini,"Kamis, 08 Oktober 2026 00:32:00",NASA-SNPP,Medium,110.79792,-2.84787,False,False,False,False,False,False,Di Luar Area Pantauan (>1000m dari Desa)
Kendawangan,Natai Kuini,"Kamis, 08 Oktober 2026 00:32:00",NASA-SNPP,Medium,110.78261,-2.86326,False,False,False,True,False,True,Di Luar Area Pantauan (>1000m dari Desa)
Kendawangan,Natai Kuini,"Kamis, 08 Oktober 2026 00:32:00",NASA-SNPP,Medium,110.8009,-2.85433,False,False,False,False,False,False,Di Luar Area Pantauan (>1000m dari Desa)
Kendawangan,Natai Kuini,"Kamis, 08 Oktober 2026 00:32:00",NASA-SNPP,Medium,110.80032,-2.84743,False,False,False,False,False,False,Di Luar Area Pantauan (>1000m dari Desa)
Kendawangan,Natai Kuini,"Kamis, 08 Oktober 2026 00:32:00",NASA-SNPP,Medium,110.80331,-2.85392,False,False,False,False,False,False,Di Luar Area Pantauan (>1000m dari Desa)
Kendawangan,Natai Kuini,"Kamis, 08 Oktober 2026 00:32:00",NASA-SNPP,Medium,110.78714,-2.85113,False,False,False,False,False,False,Di Luar Area Pantauan (>1000m dari Desa)
Kendawangan,Natai Kuini,"Kamis, 08 Oktober 2026 00:32:00",NASA-SNPP,Medium,110.7912,-2.85183,False,False,False,False,False,False,Di Luar Area Pantauan (>1000m dari Desa)
Kendawangan,Natai Kuini,"Kamis, 08 Oktober 2026 00:32:00",NASA-SNPP,Medium,110.774,-2.85485,False,False,False,False,False,False,Di Luar Area Pantauan (>1000m dari Desa)
Kendawangan,Natai Kuini,"Kamis, 08 Oktober 2026 00:32:00",NASA-SNPP,Medium,110.80636,-2.86041,False,False,False,False,False,False,Di Luar Area Pantauan (>1000m dari Desa)
Kendawangan,Air Hitam Besar,"Kamis, 08 Oktober 2026 00:32:00",NASA-SNPP,Medium,110.71157,-2.85012,False,False,False,True,False,True,Di Luar Area Pantauan (>1000m dari Desa)
Kendawangan,Natai Kuini,"Kamis, 08 Oktober 2026 00:32:00",NASA-SNPP,Medium,110.80736,-2.85462,False,False,False,False,False,False,Di Luar Area Pantauan (>1000m dari Desa)
Kendawangan,Natai Kuini,"Kamis, 08 Oktober 2026 00:32:00",NASA-SNPP,Medium,110.78313,-2.85044,False,False,False,False,False,False,Di Luar Area Pantauan (>1000m dari Desa)
Kendawangan,Natai Kuini,"Kamis, 08 Oktober 2026 00:32:00",NASA-SNPP,Medium,110.80434,-2.84813,False,False,False,False,False,False,Di Luar Area Pantauan (>1000m dari Desa)
Kendawangan,Natai Kuini,"Kamis, 08 Oktober 2026 00:32:00",NASA-SNPP,Medium,110.74847,-2.85645,False,False,False,True,False,True,Di Luar Area Pantauan (>1000m dari Desa)
Kendawangan,Natai Kuini,"Kamis, 08 Oktober 2026 00:32:00",NASA-SNPP,Medium,110.75256,-2.85715,False,False,False,True,False,True,Di Luar Area Pantauan (>1000m dari Desa)
Kendawangan,Air Hitam Besar,"Kamis, 08 Oktober 2026 00:32:00",NASA-SNPP,Medium,110.71696,-2.78049,False,False,False,False,False,False,Di Luar Area Pantauan (>1000m dari Desa)
Kendawangan,Air Hitam Besar,"Kamis, 08 Oktober 2026 00:32:00",NASA-SNPP,Medium,110.72108,-2.78118,False,False,False,False,False,False,Di Luar Area Pantauan (>1000m dari Desa)
Kendawangan,Air Hitam Besar,"Kamis, 08 Oktober 2026 00:32:00",NASA-SNPP,Medium,110.71494,-2.79216,False,False,False,False,False,False,Di Luar Area Pantauan (>1000m dari Desa)
Kendawangan,Air Hitam Besar,"Kamis, 08 Oktober 2026 00:32:00",NASA-SNPP,Medium,110.72321,-2.79355,False,False,False,False,False,False,Di Luar Area Pantauan (>1000m dari Desa)
Kendawangan,Air Hitam Besar,"Kamis, 08 Oktober 2026 00:32:00",NASA-SNPP,Medium,110.7274,-2.79425,False,False,False,False,False,False,Di Luar Area Pantauan (>1000m dari Desa)
Kendawangan,Natai Kuini,"Kamis, 08 Oktober 2026 00:32:00",NASA-SNPP,Medium,110.7878,-2.83426,False,False,False,False,False,False,Di Luar Area Pantauan (>1000m dari Desa)
Kendawangan,Natai Kuini,"Kamis, 08 Oktober 2026 00:32:00",NASA-SNPP,Medium,110.79187,-2.83494,False,False,False,False,False,False,Di Luar Area Pantauan (>1000m dari Desa)
Kendawangan,Air Hitam Besar,"Kamis, 08 Oktober 2026 00:32:00",NASA-SNPP,Medium,110.71502,-2.81619,False,False,False,False,False,False,Di Luar Area Pantauan (>1000m dari Desa)
Kendawangan,Air Hitam Besar,"Kamis, 08 Oktober 2026 00:32:00",NASA-SNPP,Medium,110.72218,-2.79938,False,False,False,False,False,False,Di Luar Area Pantauan (>1000m dari Desa)
Kendawangan,Natai Kuini,"Kamis, 08 Oktober 2026 00:32:00",NASA-SNPP,Medium,110.79628,-2.84674,False,False,False,False,False,False,Di Luar Area Pantauan (>1000m dari Desa)
Kendawangan,Natai Kuini,"Kamis, 08 Oktober 2026 00:32:00",NASA-SNPP,Medium,110.78208,-2.85624,False,False,False,False,False,False,Di Luar Area Pantauan (>1000m dari Desa)
Kendawangan,Air Hitam Besar,"Kamis, 08 Oktober 2026 00:32:00",NASA-SNPP,Medium,110.70887,-2.85118,False,False,False,True,False,True,Di Luar Area Pantauan (>1000m dari Desa)
Kendawangan,Natai Kuini,"Kamis, 08 Oktober 2026 00:32:00",NASA-SNPP,Medium,110.77148,-2.85546,False,False,False,False,False,False,Di Luar Area Pantauan (>1000m dari Desa)
Kendawangan,Natai Kuini,"Kamis, 08 Oktober 2026 00:32:00",NASA-SNPP,Medium,110.80395,-2.8608,False,False,False,False,False,False,Di Luar Area Pantauan (>1000m dari Desa)
Kendawangan,Natai Kuini,"Kamis, 08 Oktober 2026 00:32:00",NASA-SNPP,Medium,110.78469,-2.85166,False,False,False,False,False,False,Di Luar Area Pantauan (>1000m dari Desa)
Kendawangan,Natai Kuini,"Kamis, 08 Oktober 2026 00:32:00",NASA-SNPP,Medium,110.78065,-2.851,False,False,False,False,False,False,Di Luar Area Pantauan (>1000m dari Desa)
Kendawangan,Natai Kuini,"Kamis, 08 Oktober 2026 00:32:00",NASA-SNPP,Medium,110.78874,-2.85233,False,False,False,False,False,False,Di Luar Area Pantauan (>1000m dari Desa)
Kendawangan,Air Hitam Besar,"Kamis, 08 Oktober 2026 00:32:00",NASA-SNPP,Medium,110.71921,-2.84088,False,False,False,False,False,False,Di Luar Area Pantauan (>1000m dari Desa)
Kendawangan,Natai Kuini,"Kamis, 08 Oktober 2026 00:32:00",NASA-SNPP,Medium,110.80602,-2.84921,False,False,False,False,False,False,Di Luar Area Pantauan (>1000m dari Desa)
Kendawangan,Natai Kuini,"Kamis, 08 Oktober 2026 00:32:00",NASA-SNPP,Medium,110.79279,-2.853,False,False,False,False,False,False,Di Luar Area Pantauan (>1000m dari Desa)
Kendawangan,Natai Kuini,"Kamis, 08 Oktober 2026 00:32:00",NASA-SNPP,Medium,110.77852,-2.86259,False,False,False,True,False,True,Di Luar Area Pantauan (>1000m dari Desa)
Kendawangan,Natai Kuini,"Kamis, 08 Oktober 2026 00:32:00",NASA-SNPP,Medium,110.80196,-2.84854,False,False,False,False,False,False,Di Luar Area Pantauan (>1000m dari Desa)
Kendawangan,Air Hitam Besar,"Kamis, 08 Oktober 2026 00:32:00",NASA-SNPP,Medium,110.73661,-2.81378,False,False,False,True,False,True,Di Luar Area Pantauan (>1000m dari Desa)
Kendawangan,Air Hitam Besar,"Kamis, 08 Oktober 2026 00:32:00",NASA-SNPP,Medium,110.71391,-2.79799,False,False,False,False,False,False,Di Luar Area Pantauan (>1000m dari Desa)
Kendawangan,Natai Kuini,"Kamis, 08 Oktober 2026 00:32:00",NASA-SNPP,Medium,110.79523,-2.85253,False,False,False,False,False,False,Di Luar Area Pantauan (>1000m dari Desa)
Kendawangan,Natai Kuini,"Kamis, 08 Oktober 2026 00:32:00",NASA-SNPP,Medium,110.80497,-2.855,False,False,False,False,False,False,Di Luar Area Pantauan (>1000m dari Desa)
Kendawangan,Natai Kuini,"Kamis, 08 Oktober 2026 00:32:00",NASA-SNPP,Medium,110.78418,-2.84465,False,False,False,False,False,False,Di Luar Area Pantauan (>1000m dari Desa)
Kendawangan,Air Hitam Besar,"Kamis, 08 Oktober 2026 00:32:00",NASA-SNPP,Medium,110.71404,-2.84602,False,False,False,False,False,False,Di Luar Area Pantauan (>1000m dari Desa)
Kendawangan,Natai Kuini,"Kamis, 08 Oktober 2026 00:32:00",NASA-SNPP,Medium,110.77803,-2.85554,False,False,False,False,False,False,Di Luar Area Pantauan (>1000m dari Desa)
Manis Mata,Jambi,"Rabu, 07 Oktober 2026 15:07:00",NASA-MODIS,Medium,110.96874,-2.70287,False,False,False,False,False,False,Di Luar Area Pantauan (>1000m dari Desa)
Muara Pawan,Ulak Medang,"Rabu, 07 Oktober 2026 15:07:00",NASA-MODIS,High,110.29417,-1.55246,False,False,True,True,False,True,Di Luar Area Pantauan (>1000m dari Desa)
Kendawangan,Natai Kuini,"Rabu, 07 Oktober 2026 13:50:00",NASA-NOAA20,High,110.80148,-2.8532,False,False,False,False,False,False,Di Luar Area Pantauan (>1000m dari Desa)
Kendawangan,Natai Kuini,"Kamis, 08 Oktober 2026 00:52:00",NASA-NOAA20,High,110.79061,-2.85621,False,False,False,False,False,False,Di Luar Area Pantauan (>1000m dari Desa)
Kendawangan,Natai Kuini,"Rabu, 07 Oktober 2026 13:50:00",NASA-NOAA20,High,110.78987,-2.85513,False,False,False,False,False,False,Di Luar Area Pantauan (>1000m dari Desa)
Meliau,Lalang,"Rabu, 07 Oktober 2026 13:50:00",NASA-NOAA20,High,110.32034,-0.2447,False,False,False,False,False,False,Di Luar Area Pantauan (>1000m dari Desa)
Kendawangan,Natai Kuini,"Rabu, 07 Oktober 2026 13:29:00",NASA-SNPP,High,110.80127,-2.8566,False,False,False,False,False,False,Di Luar Area Pantauan (>1000m dari Desa)
Kendawangan,Natai Kuini,"Rabu, 07 Oktober 2026 13:50:00",NASA-NOAA20,High,110.75049,-2.85587,False,False,False,False,False,False,Di Luar Area Pantauan (>1000m dari Desa)
Kendawangan,Natai Kuini,"Rabu, 07 Oktober 2026 13:50:00",NASA-NOAA20,High,110.80237,-2.85888,False,False,False,False,False,False,Di Luar Area Pantauan (>1000m dari Desa)
Kendawangan,Natai Kuini,"Rabu, 07 Oktober 2026 13:50:00",NASA-NOAA20,High,110.78601,-2.85577,False,False,False,False,False,False,Di Luar Area Pantauan (>1000m dari Desa)
Kendawangan,Natai Kuini,"Rabu, 07 Oktober 2026 13:29:00",NASA-SNPP,High,110.68976,-2.90046,False,False,False,False,False,False,Di Luar Area Pantauan (>1000m dari Desa)
Kendawangan,Natai Kuini,"Rabu, 07 Oktober 2026 13:50:00",NASA-NOAA20,High,110.75431,-2.85523,False,False,False,True,False,True,Di Luar Area Pantauan (>1000m dari Desa)
Kendawangan,Natai Kuini,"Rabu, 07 Oktober 2026 13:29:00",NASA-SNPP,High,110.80012,-2.84924,False,False,False,False,False,False,Di Luar Area Pantauan (>1000m dari Desa)
Kendawangan,Natai Kuini,"Rabu, 07 Oktober 2026 13:29:00",NASA-SNPP,High,110.79266,-2.85796,False,False,False,False,False,False,Di Luar Area Pantauan (>1000m dari Desa)
Kendawangan,Natai Kuini,"Rabu, 07 Oktober 2026 13:50:00",NASA-NOAA20,High,110.79762,-2.85385,False,False,False,False,False,False,Di Luar Area Pantauan (>1000m dari Desa)
Kendawangan,Natai Kuini,"Rabu, 07 Oktober 2026 13:50:00",NASA-NOAA20,High,110.69479,-2.89982,False,False,False,False,False,False,Di Luar Area Pantauan (>1000m dari Desa)
Kendawangan,Natai Kuini,"Rabu, 07 Oktober 2026 13:50:00",NASA-NOAA20,High,110.75907,-2.86025,False,False,False,True,False,True,Di Luar Area Pantauan (>1000m dari Desa)
Kendawangan,Natai Kuini,"Rabu, 07 Oktober 2026 13:50:00",NASA-NOAA20,High,110.80624,-2.85824,False,False,False,False,False,False,Di Luar Area Pantauan (>1000m dari Desa)
Kendawangan,Natai Kuini,"Rabu, 07 Oktober 2026 13:29:00",NASA-SNPP,High,110.8007,-2.85292,False,False,False,False,False,False,Di Luar Area Pantauan (>1000m dari Desa)
Kendawangan,Natai Kuini,"Kamis, 08 Oktober 2026 00:32:00",NASA-SNPP,High,110.77958,-2.85679,False,False,False,False,False,False,Di Luar Area Pantauan (>1000m dari Desa)
Kendawangan,Natai Kuini,"Rabu, 07 Oktober 2026 13:50:00",NASA-NOAA20,High,110.79375,-2.85449,False,False,False,False,False,False,Di Luar Area Pantauan (>1000m dari Desa)
Kendawangan,Natai Kuini,"Rabu, 07 Oktober 2026 13:50:00",NASA-NOAA20,High,110.76383,-2.86527,False,False,False,True,False,True,Di Luar Area Pantauan (>1000m dari Desa)
Kendawangan,Natai Kuini,"Rabu, 07 Oktober 2026 13:50:00",NASA-NOAA20,High,110.7985,-2.85952,False,False,False,False,False,False,Di Luar Area Pantauan (>1000m dari Desa)
Kendawangan,Natai Kuini,"Rabu, 07 Oktober 2026 13:29:00",NASA-SNPP,High,110.7964,-2.8536,False,False,False,False,False,False,Di Luar Area Pantauan (>1000m dari Desa)
Kendawangan,Natai Kuini,"Rabu, 07 Oktober 2026 13:29:00",NASA-SNPP,High,110.80183,-2.86028,False,False,False,False,False,False,Di Luar Area Pantauan (>1000m dari Desa)
Kendawangan,Natai Kuini,"Rabu, 07 Oktober 2026 13:50:00",NASA-NOAA20,High,110.69101,-2.90044,False,False,False,False,False,False,Di Luar Area Pantauan (>1000m dari Desa)
Kendawangan,Natai Kuini,"Rabu, 07 Oktober 2026 13:29:00",NASA-SNPP,High,110.79954,-2.84556,False,False,False,False,False,False,Di Luar Area Pantauan (>1000m dari Desa)
Kendawangan,Pembedilan,"Rabu, 07 Oktober 2026 13:50:00",NASA-NOAA20,High,110.44835,-2.76532,False,False,False,False,True,True,Di Luar Area Pantauan (>1000m dari Desa)
Kendawangan,Natai Kuini,"Rabu, 07 Oktober 2026 13:29:00",NASA-SNPP,High,110.72556,-2.84981,False,False,False,False,False,False,Di Luar Area Pantauan (>1000m dari Desa)
Kendawangan,Natai Kuini,"Kamis, 08 Oktober 2026 00:52:00",NASA-NOAA20,High,110.78617,-2.85549,False,False,False,False,False,False,Di Luar Area Pantauan (>1000m dari Desa)
