Kecamatan,Desa,Waktu,Satelit,Confidence,Longitude,Latitude,in_desa,in_buffer,is_hutan,is_gambut,is_kk,in_kawasan,Prioritas_Satgas
Muara Pawan,Ulak Medang,"Rabu, 23 September 2026 03:46:00",NASA-MODIS,Low,110.28175,-1.53624,False,False,True,True,False,True,Di Luar Area Pantauan (>1000m dari Desa)
Nanga Tayap,Sebadak Raya,"Rabu, 23 September 2026 13:12:00",NASA-NOAA20,Low,110.77215,-1.35238,False,False,False,False,False,False,Di Luar Area Pantauan (>1000m dari Desa)
Nanga Tayap,Kayong Hulu,"Rabu, 23 September 2026 13:12:00",NASA-NOAA20,Low,110.69736,-1.53341,False,False,True,False,False,True,Di Luar Area Pantauan (>1000m dari Desa)
Nanga Tayap,Lembah Hijau Dua,"Rabu, 23 September 2026 13:12:00",NASA-NOAA20,Low,110.48783,-1.59935,False,False,True,False,False,True,Di Luar Area Pantauan (>1000m dari Desa)
Sungai Melayu Rayak,Makmur Abadi,"Rabu, 23 September 2026 13:12:00",NASA-NOAA20,Low,110.24612,-1.7686,False,False,False,True,False,True,Di Luar Area Pantauan (>1000m dari Desa)
Manis Mata,Seguling,"Rabu, 23 September 2026 12:53:00",NASA-SNPP,Low,111.08157,-2.66361,False,False,False,False,False,False,Di Luar Area Pantauan (>1000m dari Desa)
Kendawangan,Banjar Sari,"Rabu, 23 September 2026 13:12:00",NASA-NOAA20,Low,110.24547,-2.47149,False,False,False,True,False,True,Di Luar Area Pantauan (>1000m dari Desa)
Serawai,Tahai Permai,"Rabu, 23 September 2026 13:12:00",NASA-NOAA20,Low,112.56541,-0.17537,False,False,False,False,True,True,Di Luar Area Pantauan (>1000m dari Desa)
Pinoh Utara,Sungai Raya,"Rabu, 23 September 2026 13:12:00",NASA-NOAA20,Low,111.70637,-0.26456,False,False,False,False,False,False,Di Luar Area Pantauan (>1000m dari Desa)
Kendawangan,Banjar Sari,"Rabu, 23 September 2026 13:12:00",NASA-NOAA20,Low,110.24746,-2.48471,False,False,False,True,False,True,Di Luar Area Pantauan (>1000m dari Desa)
Muara Pawan,Tempurukan,"Rabu, 23 September 2026 13:12:00",NASA-NOAA20,Low,110.05998,-1.69896,False,False,True,True,False,True,Di Luar Area Pantauan (>1000m dari Desa)
Jelai Hulu,Semantun,"Rabu, 23 September 2026 13:12:00",NASA-NOAA20,Low,111.03947,-2.09522,False,False,False,False,False,False,Di Luar Area Pantauan (>1000m dari Desa)
Kendawangan,Pangkalan Batu,"Rabu, 23 September 2026 13:12:00",NASA-NOAA20,Low,110.34944,-2.12983,False,False,False,False,False,False,Di Luar Area Pantauan (>1000m dari Desa)
Kendawangan,Natai Kuini,"Rabu, 23 September 2026 12:53:00",NASA-SNPP,Low,110.7037,-2.92433,False,False,False,False,False,False,Di Luar Area Pantauan (>1000m dari Desa)
Nanga Tayap,Lembah Hijau Dua,"Rabu, 23 September 2026 13:12:00",NASA-NOAA20,Low,110.48734,-1.59604,False,False,True,False,False,True,Di Luar Area Pantauan (>1000m dari Desa)
Manis Mata,Seguling,"Rabu, 23 September 2026 13:12:00",NASA-NOAA20,Low,111.08743,-2.53604,False,False,False,False,False,False,Di Luar Area Pantauan (>1000m dari Desa)
Matan Hilir Selatan,Kemuning Biutak,"Rabu, 23 September 2026 13:12:00",NASA-NOAA20,Low,110.41695,-1.99727,False,False,False,False,False,False,Di Luar Area Pantauan (>1000m dari Desa)
Matan Hilir Utara,Lamon Satong,"Rabu, 23 September 2026 13:12:00",NASA-NOAA20,Low,110.21352,-1.40028,False,False,False,True,False,True,Di Luar Area Pantauan (>1000m dari Desa)
Muara Pawan,Tanjung Pura,"Rabu, 23 September 2026 13:12:00",NASA-NOAA20,Low,110.19398,-1.72583,False,False,False,False,False,False,Di Luar Area Pantauan (>1000m dari Desa)
Manis Mata,Seguling,"Rabu, 23 September 2026 13:12:00",NASA-NOAA20,Low,111.07739,-2.63268,False,False,False,False,False,False,Di Luar Area Pantauan (>1000m dari Desa)
Nanga Tayap,Simpang Tiga Sembelangaan,"Rabu, 23 September 2026 13:12:00",NASA-NOAA20,Low,110.37437,-1.41635,False,False,False,False,False,False,Di Luar Area Pantauan (>1000m dari Desa)
Kendawangan,Bangkal Serai,"Rabu, 23 September 2026 13:12:00",NASA-NOAA20,Low,110.54207,-2.59244,False,False,False,False,False,False,Di Luar Area Pantauan (>1000m dari Desa)
Nanga Tayap,Lembah Hijau Dua,"Rabu, 23 September 2026 13:12:00",NASA-NOAA20,Low,110.49078,-1.59551,False,False,True,False,False,True,Di Luar Area Pantauan (>1000m dari Desa)
Nanga Tayap,Lembah Hijau Dua,"Rabu, 23 September 2026 13:12:00",NASA-NOAA20,Low,110.48438,-1.59988,False,False,False,False,False,False,Di Luar Area Pantauan (>1000m dari Desa)
Matan Hilir Selatan,Kemuning Biutak,"Rabu, 23 September 2026 13:12:00",NASA-NOAA20,Low,110.38016,-1.9688,False,False,False,False,False,False,Di Luar Area Pantauan (>1000m dari Desa)
Serawai,Tahai Permai,"Rabu, 23 September 2026 13:12:00",NASA-NOAA20,Low,112.56948,-0.17475,False,False,False,False,True,True,Di Luar Area Pantauan (>1000m dari Desa)
Kendawangan,Pangkalan Batu,"Rabu, 23 September 2026 13:12:00",NASA-NOAA20,Low,110.3455,-2.12705,False,False,False,False,False,False,Di Luar Area Pantauan (>1000m dari Desa)
Nanga Tayap,Pangkalan Teluk,"Rabu, 23 September 2026 13:12:00",NASA-NOAA20,Low,110.35954,-1.29992,False,False,False,False,False,False,Di Luar Area Pantauan (>1000m dari Desa)
Nanga Tayap,Lembah Hijau Dua,"Rabu, 23 September 2026 07:52:00",NASA-MODIS,Medium,110.48517,-1.60118,False,False,False,False,False,False,Di Luar Area Pantauan (>1000m dari Desa)
Nanga Tayap,Lembah Hijau Dua,"Rabu, 23 September 2026 03:46:00",NASA-MODIS,Medium,110.49815,-1.59509,False,False,False,False,False,False,Di Luar Area Pantauan (>1000m dari Desa)
Kendawangan,Air Hitam Besar,"Rabu, 23 September 2026 03:46:00",NASA-MODIS,Medium,110.75849,-2.80474,False,False,False,False,False,False,Di Luar Area Pantauan (>1000m dari Desa)
Matan Hilir Utara,Tanjung Baik Budi,"Rabu, 23 September 2026 03:46:00",NASA-MODIS,Medium,110.19454,-1.53711,False,False,True,True,False,True,Di Luar Area Pantauan (>1000m dari Desa)
Kendawangan,Seriam,"Rabu, 23 September 2026 07:52:00",NASA-MODIS,Medium,110.43748,-2.51292,False,False,False,False,True,True,Di Luar Area Pantauan (>1000m dari Desa)
Kendawangan,Danau Buntar,"Rabu, 23 September 2026 07:52:00",NASA-MODIS,Medium,110.96441,-2.78591,False,False,False,False,False,False,Di Luar Area Pantauan (>1000m dari Desa)
Kendawangan,Natai Kuini,"Rabu, 23 September 2026 07:52:00",NASA-MODIS,Medium,110.77286,-2.81382,False,False,False,False,False,False,Di Luar Area Pantauan (>1000m dari Desa)
Matan Hilir Selatan,Sungai Besar,"Rabu, 23 September 2026 00:32:00",NASA-NOAA20,Medium,110.24529,-1.85839,False,False,True,True,False,True,Di Luar Area Pantauan (>1000m dari Desa)
Nanga Tayap,Lembah Hijau Satu,"Rabu, 23 September 2026 00:32:00",NASA-NOAA20,Medium,110.49682,-1.58563,False,False,False,False,False,False,Di Luar Area Pantauan (>1000m dari Desa)
Nanga Tayap,Lembah Hijau Dua,"Rabu, 23 September 2026 00:32:00",NASA-NOAA20,Medium,110.46622,-1.58601,False,False,False,False,False,False,Di Luar Area Pantauan (>1000m dari Desa)
Nanga Tayap,Lembah Hijau Dua,"Rabu, 23 September 2026 00:32:00",NASA-NOAA20,Medium,110.47527,-1.59297,False,False,False,False,False,False,Di Luar Area Pantauan (>1000m dari Desa)
Kendawangan,Seriam,"Rabu, 23 September 2026 00:32:00",NASA-NOAA20,Medium,110.45109,-2.48253,False,False,False,False,False,False,Di Luar Area Pantauan (>1000m dari Desa)
Kendawangan,Seriam,"Rabu, 23 September 2026 00:32:00",NASA-NOAA20,Medium,110.44787,-2.482,False,False,False,False,False,False,Di Luar Area Pantauan (>1000m dari Desa)
Kendawangan,Seriam,"Rabu, 23 September 2026 00:32:00",NASA-NOAA20,Medium,110.44465,-2.48146,False,False,False,False,False,False,Di Luar Area Pantauan (>1000m dari Desa)
Kendawangan,Seriam,"Rabu, 23 September 2026 00:32:00",NASA-NOAA20,Medium,110.43805,-2.50197,False,False,False,False,False,False,Di Luar Area Pantauan (>1000m dari Desa)
Kendawangan,Seriam,"Rabu, 23 September 2026 00:32:00",NASA-NOAA20,Medium,110.43074,-2.50616,False,False,False,False,False,False,Di Luar Area Pantauan (>1000m dari Desa)
Kendawangan,Seriam,"Rabu, 23 September 2026 00:32:00",NASA-NOAA20,Medium,110.44129,-2.5025,False,False,False,False,False,False,Di Luar Area Pantauan (>1000m dari Desa)
Kendawangan,Seriam,"Rabu, 23 September 2026 00:32:00",NASA-NOAA20,Medium,110.43395,-2.50669,False,False,False,False,False,False,Di Luar Area Pantauan (>1000m dari Desa)
Kendawangan,Airhitam Hulu,"Rabu, 23 September 2026 00:32:00",NASA-NOAA20,Medium,110.63426,-2.62066,False,False,False,False,False,False,Di Luar Area Pantauan (>1000m dari Desa)
Kendawangan,Airhitam Hulu,"Rabu, 23 September 2026 00:32:00",NASA-NOAA20,Medium,110.62806,-2.61963,False,False,True,False,False,True,Di Luar Area Pantauan (>1000m dari Desa)
Kendawangan,Air Hitam Besar,"Rabu, 23 September 2026 00:32:00",NASA-NOAA20,Medium,110.68111,-2.64431,False,False,False,False,False,False,Di Luar Area Pantauan (>1000m dari Desa)
Kendawangan,Airhitam Hulu,"Rabu, 23 September 2026 00:32:00",NASA-NOAA20,Medium,110.63515,-2.61549,False,False,True,False,False,True,Di Luar Area Pantauan (>1000m dari Desa)
Kendawangan,Air Hitam Besar,"Rabu, 23 September 2026 00:32:00",NASA-NOAA20,Medium,110.68248,-2.65513,False,False,False,False,False,False,Di Luar Area Pantauan (>1000m dari Desa)
Kendawangan,Air Hitam Besar,"Rabu, 23 September 2026 00:32:00",NASA-NOAA20,Medium,110.67941,-2.65463,False,False,False,False,False,False,Di Luar Area Pantauan (>1000m dari Desa)
Matan Hilir Selatan,Sungai Nanjung,"Rabu, 23 September 2026 00:32:00",NASA-NOAA20,Medium,110.18804,-2.12745,False,False,True,True,False,True,Di Luar Area Pantauan (>1000m dari Desa)
Nanga Tayap,Pangkalan Teluk,"Rabu, 23 September 2026 00:32:00",NASA-NOAA20,Medium,110.35604,-1.30046,False,False,False,False,True,True,Di Luar Area Pantauan (>1000m dari Desa)
Nanga Tayap,Batu Mas,"Rabu, 23 September 2026 00:32:00",NASA-NOAA20,Medium,110.64351,-1.63162,False,False,False,False,False,False,Di Luar Area Pantauan (>1000m dari Desa)
Nanga Tayap,Lembah Hijau Satu,"Rabu, 23 September 2026 00:32:00",NASA-NOAA20,Medium,110.49596,-1.59094,False,False,False,False,False,False,Di Luar Area Pantauan (>1000m dari Desa)
Matan Hilir Selatan,Sungai Nanjung,"Rabu, 23 September 2026 00:32:00",NASA-NOAA20,Medium,110.18465,-2.12689,False,False,True,True,False,True,Di Luar Area Pantauan (>1000m dari Desa)
Kendawangan,Danau Buntar,"Rabu, 23 September 2026 00:32:00",NASA-NOAA20,Medium,110.96266,-2.78274,False,False,False,False,False,False,Di Luar Area Pantauan (>1000m dari Desa)
Kendawangan,Danau Buntar,"Rabu, 23 September 2026 00:32:00",NASA-NOAA20,Medium,110.96397,-2.79332,False,False,True,False,False,True,Di Luar Area Pantauan (>1000m dari Desa)
Kendawangan,Air Hitam Besar,"Rabu, 23 September 2026 00:32:00",NASA-NOAA20,Medium,110.65704,-2.68964,False,False,False,True,False,True,Di Luar Area Pantauan (>1000m dari Desa)
Kendawangan,Air Hitam Besar,"Rabu, 23 September 2026 00:32:00",NASA-NOAA20,Medium,110.65309,-2.69427,False,False,False,False,False,False,Di Luar Area Pantauan (>1000m dari Desa)
Nanga Tayap,Pangkalan Teluk,"Rabu, 23 September 2026 00:32:00",NASA-NOAA20,Medium,110.35951,-1.30102,False,False,False,False,False,False,Di Luar Area Pantauan (>1000m dari Desa)
Nanga Tayap,Lembah Hijau Dua,"Rabu, 23 September 2026 00:32:00",NASA-NOAA20,Medium,110.47286,-1.58711,False,False,True,False,False,True,Di Luar Area Pantauan (>1000m dari Desa)
Kendawangan,Airhitam Hulu,"Rabu, 23 September 2026 00:32:00",NASA-NOAA20,Medium,110.65222,-2.69943,False,False,False,False,False,False,Di Luar Area Pantauan (>1000m dari Desa)
Nanga Tayap,Lembah Hijau Satu,"Rabu, 23 September 2026 00:32:00",NASA-NOAA20,Medium,110.48608,-1.5893,False,False,True,False,False,True,Di Luar Area Pantauan (>1000m dari Desa)
Matan Hilir Selatan,Sungai Besar,"Rabu, 23 September 2026 00:32:00",NASA-NOAA20,Medium,110.2407,-1.86031,False,False,True,True,False,True,Di Luar Area Pantauan (>1000m dari Desa)
Matan Hilir Selatan,Sungai Pelang,"Rabu, 23 September 2026 00:32:00",NASA-NOAA20,Medium,110.19231,-1.83882,False,False,False,True,False,True,Di Luar Area Pantauan (>1000m dari Desa)
Kendawangan,Natai Kuini,"Rabu, 23 September 2026 00:32:00",NASA-NOAA20,Medium,110.76597,-2.81598,False,False,False,True,False,True,Di Luar Area Pantauan (>1000m dari Desa)
Kendawangan,Natai Kuini,"Rabu, 23 September 2026 00:32:00",NASA-NOAA20,Medium,110.84092,-2.82866,False,False,False,False,True,True,Di Luar Area Pantauan (>1000m dari Desa)
Kendawangan,Air Hitam Besar,"Rabu, 23 September 2026 00:32:00",NASA-NOAA20,Medium,110.75992,-2.81496,False,False,False,True,False,True,Di Luar Area Pantauan (>1000m dari Desa)
Kendawangan,Air Hitam Besar,"Rabu, 23 September 2026 00:32:00",NASA-NOAA20,Medium,110.76494,-2.81302,False,False,False,True,False,True,Di Luar Area Pantauan (>1000m dari Desa)
Kendawangan,Air Hitam Besar,"Rabu, 23 September 2026 00:32:00",NASA-NOAA20,Medium,110.76191,-2.81253,False,False,False,True,False,True,Di Luar Area Pantauan (>1000m dari Desa)
Nanga Tayap,Lembah Hijau Dua,"Rabu, 23 September 2026 00:32:00",NASA-NOAA20,Medium,110.47105,-1.59774,False,False,True,False,False,True,Di Luar Area Pantauan (>1000m dari Desa)
Nanga Tayap,Lembah Hijau Satu,"Rabu, 23 September 2026 00:32:00",NASA-NOAA20,Medium,110.48032,-1.58289,False,False,True,False,False,True,Di Luar Area Pantauan (>1000m dari Desa)
Nanga Tayap,Lembah Hijau Satu,"Rabu, 23 September 2026 00:32:00",NASA-NOAA20,Medium,110.49921,-1.59148,False,False,False,False,False,False,Di Luar Area Pantauan (>1000m dari Desa)
Nanga Tayap,Lembah Hijau Satu,"Rabu, 23 September 2026 00:32:00",NASA-NOAA20,Medium,110.47617,-1.58766,False,False,True,False,False,True,Di Luar Area Pantauan (>1000m dari Desa)
Benua Kayong,Negeri Baru,"Rabu, 23 September 2026 00:32:00",NASA-NOAA20,Medium,110.2332,-1.78456,False,False,False,True,False,True,Di Luar Area Pantauan (>1000m dari Desa)
Nanga Tayap,Lembah Hijau Dua,"Rabu, 23 September 2026 00:32:00",NASA-NOAA20,Medium,110.46776,-1.59719,False,False,True,False,False,True,Di Luar Area Pantauan (>1000m dari Desa)
Nanga Tayap,Lembah Hijau Dua,"Rabu, 23 September 2026 00:32:00",NASA-NOAA20,Medium,110.49177,-1.5957,False,False,True,False,False,True,Di Luar Area Pantauan (>1000m dari Desa)
Kendawangan,Pembedilan,"Rabu, 23 September 2026 00:32:00",NASA-NOAA20,Medium,110.42807,-2.79645,False,False,False,False,True,True,Di Luar Area Pantauan (>1000m dari Desa)
Matan Hilir Selatan,Sungai Nanjung,"Rabu, 23 September 2026 00:32:00",NASA-NOAA20,Medium,110.19143,-2.128,False,False,False,True,False,True,Di Luar Area Pantauan (>1000m dari Desa)
Matan Hilir Selatan,Sungai Nanjung,"Rabu, 23 September 2026 00:32:00",NASA-NOAA20,Medium,110.18126,-2.12633,False,False,True,True,False,True,Di Luar Area Pantauan (>1000m dari Desa)
Nanga Tayap,Lembah Hijau Dua,"Rabu, 23 September 2026 00:32:00",NASA-NOAA20,Medium,110.47195,-1.59242,False,False,True,False,False,True,Di Luar Area Pantauan (>1000m dari Desa)
Nanga Tayap,Lembah Hijau Dua,"Rabu, 23 September 2026 00:32:00",NASA-NOAA20,Medium,110.48517,-1.59461,False,False,True,False,False,True,Di Luar Area Pantauan (>1000m dari Desa)
Nanga Tayap,Lembah Hijau Dua,"Rabu, 23 September 2026 00:32:00",NASA-NOAA20,Medium,110.46287,-1.58545,False,False,False,False,False,False,Di Luar Area Pantauan (>1000m dari Desa)
Nanga Tayap,Lembah Hijau Dua,"Rabu, 23 September 2026 00:32:00",NASA-NOAA20,Medium,110.46535,-1.59133,False,False,True,False,False,True,Di Luar Area Pantauan (>1000m dari Desa)
Kendawangan,Air Hitam Besar,"Rabu, 23 September 2026 00:32:00",NASA-NOAA20,Medium,110.68333,-2.64997,False,False,False,False,False,False,Di Luar Area Pantauan (>1000m dari Desa)
Kendawangan,Seriam,"Rabu, 23 September 2026 00:32:00",NASA-NOAA20,Medium,110.44699,-2.48725,False,False,False,False,False,False,Di Luar Area Pantauan (>1000m dari Desa)
Kendawangan,Seriam,"Rabu, 23 September 2026 00:32:00",NASA-NOAA20,Medium,110.44292,-2.49197,False,False,False,False,False,False,Di Luar Area Pantauan (>1000m dari Desa)
Jelai Hulu,Karang Dangin,"Rabu, 23 September 2026 00:32:00",NASA-NOAA20,Medium,110.93053,-1.83944,False,False,True,False,False,True,Di Luar Area Pantauan (>1000m dari Desa)
Kendawangan,Seriam,"Rabu, 23 September 2026 00:32:00",NASA-NOAA20,Medium,110.42986,-2.51142,False,False,False,False,False,False,Di Luar Area Pantauan (>1000m dari Desa)
Kendawangan,Seriam,"Rabu, 23 September 2026 00:32:00",NASA-NOAA20,Medium,110.43305,-2.51194,False,False,False,False,False,False,Di Luar Area Pantauan (>1000m dari Desa)
Kendawangan,Seriam,"Rabu, 23 September 2026 00:32:00",NASA-NOAA20,Medium,110.42802,-2.52192,False,False,False,False,False,False,Di Luar Area Pantauan (>1000m dari Desa)
Kendawangan,Airhitam Hulu,"Rabu, 23 September 2026 00:32:00",NASA-NOAA20,Medium,110.63914,-2.61083,False,False,False,False,False,False,Di Luar Area Pantauan (>1000m dari Desa)
Nanga Tayap,Lembah Hijau Satu,"Rabu, 23 September 2026 00:32:00",NASA-NOAA20,Medium,110.47673,-1.58407,False,False,False,False,False,False,Di Luar Area Pantauan (>1000m dari Desa)
Nanga Tayap,Lembah Hijau Satu,"Rabu, 23 September 2026 00:32:00",NASA-NOAA20,Medium,110.48692,-1.58399,False,False,True,False,False,True,Di Luar Area Pantauan (>1000m dari Desa)
Nanga Tayap,Lembah Hijau Satu,"Rabu, 23 September 2026 00:32:00",NASA-NOAA20,Medium,110.48363,-1.58344,False,False,True,False,False,True,Di Luar Area Pantauan (>1000m dari Desa)
Kendawangan,Air Hitam Besar,"Rabu, 23 September 2026 00:32:00",NASA-NOAA20,Medium,110.6839,-2.73651,False,False,False,False,False,False,Di Luar Area Pantauan (>1000m dari Desa)
Kendawangan,Airhitam Hulu,"Rabu, 23 September 2026 00:32:00",NASA-NOAA20,Medium,110.65001,-2.69375,False,False,False,False,False,False,Di Luar Area Pantauan (>1000m dari Desa)
Kendawangan,Air Hitam Besar,"Rabu, 23 September 2026 00:32:00",NASA-NOAA20,Medium,110.75722,-2.78549,False,False,False,True,False,True,Di Luar Area Pantauan (>1000m dari Desa)
Kendawangan,Natai Kuini,"Rabu, 23 September 2026 00:32:00",NASA-NOAA20,Medium,110.76208,-2.82058,False,False,False,False,False,False,Di Luar Area Pantauan (>1000m dari Desa)
Kendawangan,Air Hitam Besar,"Rabu, 23 September 2026 00:32:00",NASA-NOAA20,Medium,110.76281,-2.80742,False,False,False,False,False,False,Di Luar Area Pantauan (>1000m dari Desa)
Kendawangan,Natai Kuini,"Rabu, 23 September 2026 00:32:00",NASA-NOAA20,Medium,110.76511,-2.82109,False,False,False,False,False,False,Di Luar Area Pantauan (>1000m dari Desa)
Kendawangan,Air Hitam Besar,"Rabu, 23 September 2026 00:32:00",NASA-NOAA20,Medium,110.65976,-2.7113,False,False,False,False,False,False,Di Luar Area Pantauan (>1000m dari Desa)
Kendawangan,Danau Buntar,"Rabu, 23 September 2026 00:32:00",NASA-NOAA20,Medium,110.96768,-2.78875,False,False,False,False,False,False,Di Luar Area Pantauan (>1000m dari Desa)
Kendawangan,Pembedilan,"Rabu, 23 September 2026 00:32:00",NASA-NOAA20,Medium,110.38312,-2.87499,False,False,False,False,True,True,Di Luar Area Pantauan (>1000m dari Desa)
Kendawangan,Air Hitam Besar,"Rabu, 23 September 2026 00:32:00",NASA-NOAA20,Medium,110.68787,-2.73188,False,False,False,False,False,False,Di Luar Area Pantauan (>1000m dari Desa)
Nanga Tayap,Lembah Hijau Satu,"Rabu, 23 September 2026 00:32:00",NASA-NOAA20,Medium,110.48667,-1.58564,False,False,True,False,False,True,Di Luar Area Pantauan (>1000m dari Desa)
Nanga Tayap,Lembah Hijau Satu,"Rabu, 23 September 2026 00:32:00",NASA-NOAA20,Medium,110.48004,-1.58459,False,False,True,False,False,True,Di Luar Area Pantauan (>1000m dari Desa)
Nanga Tayap,Lembah Hijau Satu,"Rabu, 23 September 2026 00:32:00",NASA-NOAA20,Medium,110.49412,-1.58137,False,False,False,False,False,False,Di Luar Area Pantauan (>1000m dari Desa)
Nanga Tayap,Lembah Hijau Satu,"Rabu, 23 September 2026 00:32:00",NASA-NOAA20,Medium,110.49165,-1.57552,False,False,False,False,False,False,Di Luar Area Pantauan (>1000m dari Desa)
Nanga Tayap,Lembah Hijau Satu,"Rabu, 23 September 2026 00:32:00",NASA-NOAA20,Medium,110.49079,-1.58084,False,False,False,False,False,False,Di Luar Area Pantauan (>1000m dari Desa)
Nanga Tayap,Lembah Hijau Satu,"Rabu, 23 September 2026 00:32:00",NASA-NOAA20,Medium,110.4875,-1.58032,False,False,False,False,False,False,Di Luar Area Pantauan (>1000m dari Desa)
Pemahan,Muara Gerunggang,"Rabu, 23 September 2026 00:32:00",NASA-NOAA20,Medium,110.53994,-1.68426,False,False,False,False,False,False,Di Luar Area Pantauan (>1000m dari Desa)
Pemahan,Muara Gerunggang,"Rabu, 23 September 2026 00:32:00",NASA-NOAA20,Medium,110.54176,-1.68002,False,False,False,False,False,False,Di Luar Area Pantauan (>1000m dari Desa)
Nanga Tayap,Lembah Hijau Satu,"Rabu, 23 September 2026 00:32:00",NASA-NOAA20,Medium,110.48336,-1.58511,False,False,True,False,False,True,Di Luar Area Pantauan (>1000m dari Desa)
Nanga Tayap,Lembah Hijau Satu,"Rabu, 23 September 2026 00:32:00",NASA-NOAA20,Medium,110.4933,-1.58669,False,False,False,False,False,False,Di Luar Area Pantauan (>1000m dari Desa)
Nanga Tayap,Lembah Hijau Satu,"Rabu, 23 September 2026 00:32:00",NASA-NOAA20,Medium,110.4966,-1.58721,False,False,False,False,False,False,Di Luar Area Pantauan (>1000m dari Desa)
Nanga Tayap,Lembah Hijau Satu,"Rabu, 23 September 2026 00:32:00",NASA-NOAA20,Medium,110.49432,-1.57976,False,False,False,False,False,False,Di Luar Area Pantauan (>1000m dari Desa)
Kendawangan,Pembedilan,"Rabu, 23 September 2026 00:32:00",NASA-NOAA20,Medium,110.38719,-2.87029,False,False,False,False,True,True,Di Luar Area Pantauan (>1000m dari Desa)
Kendawangan,Air Hitam Besar,"Rabu, 23 September 2026 00:32:00",NASA-NOAA20,Medium,110.7647,-2.80526,False,False,False,False,False,False,Di Luar Area Pantauan (>1000m dari Desa)
Kendawangan,Air Hitam Besar,"Rabu, 23 September 2026 00:32:00",NASA-NOAA20,Medium,110.76168,-2.80475,False,False,False,False,False,False,Di Luar Area Pantauan (>1000m dari Desa)
Nanga Tayap,Lembah Hijau Dua,"Rabu, 23 September 2026 00:32:00",NASA-NOAA20,Medium,110.46865,-1.59188,False,False,False,False,False,False,Di Luar Area Pantauan (>1000m dari Desa)
Nanga Tayap,Lembah Hijau Satu,"Rabu, 23 September 2026 00:32:00",NASA-NOAA20,Medium,110.47702,-1.58234,False,False,False,False,False,False,Di Luar Area Pantauan (>1000m dari Desa)
Singkup,Tanah Hitam,"Rabu, 23 September 2026 00:32:00",NASA-NOAA20,Medium,110.656,-2.46323,False,False,False,False,False,False,Di Luar Area Pantauan (>1000m dari Desa)
Singkup,Tanah Hitam,"Rabu, 23 September 2026 00:32:00",NASA-NOAA20,Medium,110.65289,-2.46271,False,False,False,False,False,False,Di Luar Area Pantauan (>1000m dari Desa)
Kendawangan,Selimantan Jaya,"Rabu, 23 September 2026 00:32:00",NASA-NOAA20,Medium,110.53597,-2.21683,False,False,False,False,False,False,Di Luar Area Pantauan (>1000m dari Desa)
Kendawangan,Air Hitam Besar,"Rabu, 23 September 2026 00:32:00",NASA-NOAA20,Medium,110.75977,-2.80693,False,False,False,False,False,False,Di Luar Area Pantauan (>1000m dari Desa)
Kendawangan,Selimantan Jaya,"Rabu, 23 September 2026 00:32:00",NASA-NOAA20,Medium,110.5144,-2.24536,False,False,False,False,False,False,Di Luar Area Pantauan (>1000m dari Desa)
Manis Mata,Air Dekakah,"Rabu, 23 September 2026 00:32:00",NASA-NOAA20,Medium,110.95495,-2.30852,False,False,False,False,False,False,Di Luar Area Pantauan (>1000m dari Desa)
Kendawangan,Kendawangan Kanan,"Rabu, 23 September 2026 00:32:00",NASA-NOAA20,Medium,110.28548,-2.81609,False,False,False,True,True,True,Di Luar Area Pantauan (>1000m dari Desa)
Simpang Hilir,Matan Jaya,"Rabu, 23 September 2026 00:32:00",NASA-NOAA20,Medium,110.14165,-1.11904,False,False,True,True,True,True,Di Luar Area Pantauan (>1000m dari Desa)
Kendawangan,Seriam,"Rabu, 23 September 2026 00:32:00",NASA-NOAA20,Medium,110.43124,-2.52244,False,False,False,False,True,True,Di Luar Area Pantauan (>1000m dari Desa)
Nanga Tayap,Betenung,"Rabu, 23 September 2026 00:32:00",NASA-NOAA20,Medium,110.8443,-1.56777,False,False,True,False,False,True,Di Luar Area Pantauan (>1000m dari Desa)
Kendawangan,Airhitam Hulu,"Rabu, 23 September 2026 00:32:00",NASA-NOAA20,Medium,110.62631,-2.62998,False,False,False,False,False,False,Di Luar Area Pantauan (>1000m dari Desa)
Kendawangan,Seriam,"Rabu, 23 September 2026 00:32:00",NASA-NOAA20,Medium,110.44614,-2.4925,False,False,False,False,False,False,Di Luar Area Pantauan (>1000m dari Desa)
Kendawangan,Air Hitam Besar,"Rabu, 23 September 2026 00:32:00",NASA-NOAA20,Medium,110.75775,-2.80934,False,False,False,False,False,False,Di Luar Area Pantauan (>1000m dari Desa)
Kendawangan,Air Hitam Besar,"Rabu, 23 September 2026 00:32:00",NASA-NOAA20,Medium,110.65782,-2.68821,False,False,False,True,False,True,Di Luar Area Pantauan (>1000m dari Desa)
Kendawangan,Bangkal Serai,"Rabu, 23 September 2026 00:32:00",NASA-NOAA20,Medium,110.53194,-2.59834,False,False,False,False,True,True,Di Luar Area Pantauan (>1000m dari Desa)
Kendawangan,Airhitam Hulu,"Rabu, 23 September 2026 00:32:00",NASA-NOAA20,Medium,110.63825,-2.616,False,False,False,False,False,False,Di Luar Area Pantauan (>1000m dari Desa)
Kendawangan,Seriam,"Rabu, 23 September 2026 00:32:00",NASA-NOAA20,Medium,110.43717,-2.50722,False,False,False,False,False,False,Di Luar Area Pantauan (>1000m dari Desa)
Kendawangan,Natai Kuini,"Rabu, 23 September 2026 00:32:00",NASA-NOAA20,Medium,110.84306,-2.82562,False,False,False,False,True,True,Di Luar Area Pantauan (>1000m dari Desa)
Matan Hilir Selatan,Sungai Nanjung,"Rabu, 23 September 2026 00:32:00",NASA-NOAA20,Medium,110.1954,-2.14521,False,False,True,True,False,True,Di Luar Area Pantauan (>1000m dari Desa)
Matan Hilir Selatan,Sungai Nanjung,"Rabu, 23 September 2026 00:32:00",NASA-NOAA20,Medium,110.19881,-2.14576,False,False,True,True,False,True,Di Luar Area Pantauan (>1000m dari Desa)
Kendawangan,Airhitam Hulu,"Rabu, 23 September 2026 00:32:00",NASA-NOAA20,Medium,110.6294,-2.63049,False,False,False,False,False,False,Di Luar Area Pantauan (>1000m dari Desa)
Kendawangan,Mekar Utama,"Rabu, 23 September 2026 00:32:00",NASA-NOAA20,Medium,110.22301,-2.29008,False,False,False,False,False,False,Di Luar Area Pantauan (>1000m dari Desa)
Kendawangan,Mekar Utama,"Rabu, 23 September 2026 00:32:00",NASA-NOAA20,Medium,110.22212,-2.29542,False,False,False,False,False,False,Di Luar Area Pantauan (>1000m dari Desa)
Kendawangan,Mekar Utama,"Rabu, 23 September 2026 00:32:00",NASA-NOAA20,Medium,110.21967,-2.28954,False,False,True,False,False,True,Di Luar Area Pantauan (>1000m dari Desa)
Kendawangan,Mekar Utama,"Rabu, 23 September 2026 00:32:00",NASA-NOAA20,Medium,110.22328,-2.29337,False,False,False,False,False,False,Di Luar Area Pantauan (>1000m dari Desa)
Kendawangan,Mekar Utama,"Rabu, 23 September 2026 00:32:00",NASA-NOAA20,Medium,110.21993,-2.29281,False,False,False,False,False,False,Di Luar Area Pantauan (>1000m dari Desa)
Kendawangan,Sungai Jelayan,"Rabu, 23 September 2026 00:32:00",NASA-NOAA20,Medium,110.43636,-2.25399,False,False,False,False,False,False,Di Luar Area Pantauan (>1000m dari Desa)
Matan Hilir Selatan,Pagar Mentimun,"Rabu, 23 September 2026 00:32:00",NASA-NOAA20,Medium,110.20802,-2.27666,False,False,False,False,False,False,Di Luar Area Pantauan (>1000m dari Desa)
Nanga Tayap,Lembah Hijau Satu,"Rabu, 23 September 2026 00:32:00",NASA-NOAA20,Medium,110.49351,-1.58508,False,False,False,False,False,False,Di Luar Area Pantauan (>1000m dari Desa)
Kendawangan,Sungai Jelayan,"Rabu, 23 September 2026 00:32:00",NASA-NOAA20,Medium,110.42332,-2.25183,False,False,False,False,False,False,Di Luar Area Pantauan (>1000m dari Desa)
Kendawangan,Sungai Jelayan,"Rabu, 23 September 2026 00:32:00",NASA-NOAA20,Medium,110.42242,-2.25711,False,False,False,False,False,False,Di Luar Area Pantauan (>1000m dari Desa)
Kendawangan,Sungai Jelayan,"Rabu, 23 September 2026 00:32:00",NASA-NOAA20,Medium,110.42568,-2.25765,False,False,False,False,False,False,Di Luar Area Pantauan (>1000m dari Desa)
Kendawangan,Seriam,"Rabu, 23 September 2026 00:32:00",NASA-NOAA20,Medium,110.42918,-2.52728,False,False,False,False,False,False,Di Luar Area Pantauan (>1000m dari Desa)
Kendawangan,Selimantan Jaya,"Rabu, 23 September 2026 00:32:00",NASA-NOAA20,Medium,110.53275,-2.21631,False,False,False,False,False,False,Di Luar Area Pantauan (>1000m dari Desa)
Kendawangan,Selimantan Jaya,"Rabu, 23 September 2026 00:32:00",NASA-NOAA20,Medium,110.5351,-2.22207,False,False,False,False,False,False,Di Luar Area Pantauan (>1000m dari Desa)
Kendawangan,Selimantan Jaya,"Rabu, 23 September 2026 00:32:00",NASA-NOAA20,Medium,110.53188,-2.22155,False,False,False,False,False,False,Di Luar Area Pantauan (>1000m dari Desa)
Kendawangan,Sungai Jelayan,"Rabu, 23 September 2026 00:32:00",NASA-NOAA20,Medium,110.44047,-2.24926,False,False,False,False,False,False,Di Luar Area Pantauan (>1000m dari Desa)
Kendawangan,Air Hitam Besar,"Rabu, 23 September 2026 00:32:00",NASA-NOAA20,Medium,110.76382,-2.81036,False,False,False,True,False,True,Di Luar Area Pantauan (>1000m dari Desa)
Kendawangan,Danau Buntar,"Rabu, 23 September 2026 00:32:00",NASA-NOAA20,Medium,110.95685,-2.78177,False,False,False,False,False,False,Di Luar Area Pantauan (>1000m dari Desa)
Kendawangan,Danau Buntar,"Rabu, 23 September 2026 00:32:00",NASA-NOAA20,Medium,110.96184,-2.78779,False,False,False,False,False,False,Di Luar Area Pantauan (>1000m dari Desa)
Kendawangan,Danau Buntar,"Rabu, 23 September 2026 00:32:00",NASA-NOAA20,Medium,110.95975,-2.78225,False,False,False,False,False,False,Di Luar Area Pantauan (>1000m dari Desa)
Kendawangan,Seriam,"Rabu, 23 September 2026 00:32:00",NASA-NOAA20,Medium,110.43156,-2.5009,False,False,False,False,False,False,Di Luar Area Pantauan (>1000m dari Desa)
Nanga Tayap,Batu Mas,"Rabu, 23 September 2026 00:32:00",NASA-NOAA20,Medium,110.60817,-1.64742,False,False,False,False,False,False,Di Luar Area Pantauan (>1000m dari Desa)
Matan Hilir Selatan,Sungai Besar,"Rabu, 23 September 2026 00:32:00",NASA-NOAA20,Medium,110.24106,-1.86323,False,False,True,True,False,True,Di Luar Area Pantauan (>1000m dari Desa)
Kendawangan,Seriam,"Rabu, 23 September 2026 00:32:00",NASA-NOAA20,Medium,110.32299,-2.62228,False,False,False,False,True,True,Di Luar Area Pantauan (>1000m dari Desa)
Kendawangan,Danau Buntar,"Rabu, 23 September 2026 00:32:00",NASA-NOAA20,Medium,110.96559,-2.78322,False,False,False,False,False,False,Di Luar Area Pantauan (>1000m dari Desa)
Kendawangan,Kendawangan Kanan,"Rabu, 23 September 2026 00:32:00",NASA-NOAA20,Medium,110.24414,-2.66892,False,False,True,True,True,True,Di Luar Area Pantauan (>1000m dari Desa)
Kendawangan,Danau Buntar,"Rabu, 23 September 2026 00:32:00",NASA-NOAA20,Medium,110.96475,-2.78827,False,False,False,False,False,False,Di Luar Area Pantauan (>1000m dari Desa)
Marau,Rangkung,"Rabu, 23 September 2026 00:32:00",NASA-NOAA20,Medium,110.52393,-2.20949,False,False,False,False,False,False,Di Luar Area Pantauan (>1000m dari Desa)
Kendawangan,Pembedilan,"Rabu, 23 September 2026 00:32:00",NASA-NOAA20,Medium,110.3863,-2.87553,False,False,False,False,True,True,Di Luar Area Pantauan (>1000m dari Desa)
Kendawangan,Kendawangan Kanan,"Rabu, 23 September 2026 00:32:00",NASA-NOAA20,Medium,110.28221,-2.81556,False,False,False,True,True,True,Di Luar Area Pantauan (>1000m dari Desa)
Kendawangan,Air Hitam Besar,"Rabu, 23 September 2026 00:32:00",NASA-NOAA20,Medium,110.76079,-2.80985,False,False,False,False,False,False,Di Luar Area Pantauan (>1000m dari Desa)
Simpang Hilir,Matan Jaya,"Rabu, 23 September 2026 00:32:00",NASA-NOAA20,Medium,110.13811,-1.11846,False,False,True,True,True,True,Di Luar Area Pantauan (>1000m dari Desa)
Kendawangan,Bangkal Serai,"Rabu, 23 September 2026 00:32:00",NASA-NOAA20,Medium,110.53512,-2.49108,False,False,False,False,False,False,Di Luar Area Pantauan (>1000m dari Desa)
Kendawangan,Selimantan Jaya,"Rabu, 23 September 2026 00:32:00",NASA-NOAA20,Medium,110.53483,-2.22185,False,False,False,False,False,False,Di Luar Area Pantauan (>1000m dari Desa)
Jelai Hulu,Semantun,"Rabu, 23 September 2026 00:32:00",NASA-NOAA20,Medium,111.07993,-2.00606,False,False,True,False,False,True,Di Luar Area Pantauan (>1000m dari Desa)
Nanga Tayap,Batu Mas,"Rabu, 23 September 2026 00:32:00",NASA-NOAA20,Medium,110.60526,-1.64695,False,False,False,False,False,False,Di Luar Area Pantauan (>1000m dari Desa)
Nanga Tayap,Batu Mas,"Rabu, 23 September 2026 00:32:00",NASA-NOAA20,Medium,110.60209,-1.64643,False,False,False,False,False,False,Di Luar Area Pantauan (>1000m dari Desa)
Nanga Tayap,Betenung,"Rabu, 23 September 2026 00:32:00",NASA-NOAA20,Medium,110.84122,-1.56726,False,False,True,False,False,True,Di Luar Area Pantauan (>1000m dari Desa)
Matan Hilir Selatan,Sungai Besar,"Rabu, 23 September 2026 00:32:00",NASA-NOAA20,Medium,110.24403,-1.86086,False,False,True,True,False,True,Di Luar Area Pantauan (>1000m dari Desa)
Kendawangan,Selimantan Jaya,"Rabu, 23 September 2026 00:32:00",NASA-NOAA20,Medium,110.53363,-2.21106,False,False,False,False,False,False,Di Luar Area Pantauan (>1000m dari Desa)
Kendawangan,Seriam,"Rabu, 23 September 2026 00:32:00",NASA-NOAA20,Medium,110.43482,-2.50144,False,False,False,False,False,False,Di Luar Area Pantauan (>1000m dari Desa)
Matan Hilir Selatan,Pagar Mentimun,"Rabu, 23 September 2026 00:32:00",NASA-NOAA20,Medium,110.20916,-2.27449,False,False,False,False,False,False,Di Luar Area Pantauan (>1000m dari Desa)
Kendawangan,Air Hitam Besar,"Rabu, 23 September 2026 00:32:00",NASA-NOAA20,Medium,110.68025,-2.64947,False,False,False,False,False,False,Di Luar Area Pantauan (>1000m dari Desa)
Kendawangan,Air Hitam Besar,"Rabu, 23 September 2026 00:32:00",NASA-NOAA20,Medium,110.68697,-2.73702,False,False,False,False,False,False,Di Luar Area Pantauan (>1000m dari Desa)
Kendawangan,Sungai Jelayan,"Rabu, 23 September 2026 00:32:00",NASA-NOAA20,Medium,110.44135,-2.24398,False,False,False,False,False,False,Di Luar Area Pantauan (>1000m dari Desa)
Nanga Tayap,Betenung,"Rabu, 23 September 2026 00:32:00",NASA-NOAA20,Medium,110.80031,-1.56057,False,False,True,False,False,True,Di Luar Area Pantauan (>1000m dari Desa)
Kendawangan,Air Hitam Besar,"Rabu, 23 September 2026 00:32:00",NASA-NOAA20,Medium,110.68506,-2.63967,False,False,False,False,False,False,Di Luar Area Pantauan (>1000m dari Desa)
Kendawangan,Air Hitam Besar,"Rabu, 23 September 2026 00:32:00",NASA-NOAA20,Medium,110.75672,-2.80644,False,False,False,True,False,True,Di Luar Area Pantauan (>1000m dari Desa)
Kendawangan,Sungai Jelayan,"Rabu, 23 September 2026 00:32:00",NASA-NOAA20,Medium,110.42745,-2.24709,False,False,False,False,False,False,Di Luar Area Pantauan (>1000m dari Desa)
Nanga Tayap,Lembah Hijau Satu,"Rabu, 23 September 2026 00:32:00",NASA-NOAA20,Medium,110.48772,-1.57866,False,False,False,False,False,False,Di Luar Area Pantauan (>1000m dari Desa)
Nanga Tayap,Lembah Hijau Satu,"Rabu, 23 September 2026 00:32:00",NASA-NOAA20,Medium,110.49,-1.58617,False,False,True,False,False,True,Di Luar Area Pantauan (>1000m dari Desa)
Kendawangan,Air Hitam Besar,"Rabu, 23 September 2026 00:32:00",NASA-NOAA20,Medium,110.75864,-2.80423,False,False,False,False,False,False,Di Luar Area Pantauan (>1000m dari Desa)
Kendawangan,Air Hitam Besar,"Rabu, 23 September 2026 00:32:00",NASA-NOAA20,Medium,110.68419,-2.64482,False,False,False,False,False,False,Di Luar Area Pantauan (>1000m dari Desa)
Kendawangan,Air Hitam Besar,"Rabu, 23 September 2026 00:32:00",NASA-NOAA20,Medium,110.76583,-2.80791,False,False,False,False,False,False,Di Luar Area Pantauan (>1000m dari Desa)
Matan Hilir Utara,Lamon Satong,"Rabu, 23 September 2026 00:32:00",NASA-NOAA20,Medium,110.20923,-1.39522,False,False,False,True,False,True,Di Luar Area Pantauan (>1000m dari Desa)
Kendawangan,Pembedilan,"Rabu, 23 September 2026 00:32:00",NASA-NOAA20,Medium,110.38488,-2.86452,False,False,False,False,True,True,Di Luar Area Pantauan (>1000m dari Desa)
Jelai Hulu,Semantun,"Rabu, 23 September 2026 13:12:00",NASA-NOAA20,Medium,111.03524,-2.04873,False,False,False,False,False,False,Di Luar Area Pantauan (>1000m dari Desa)
Matan Hilir Selatan,Sungai Nanjung,"Rabu, 23 September 2026 13:12:00",NASA-NOAA20,Medium,110.18018,-2.17257,False,False,False,False,False,False,Di Luar Area Pantauan (>1000m dari Desa)
Kendawangan,Pangkalan Batu,"Rabu, 23 September 2026 13:12:00",NASA-NOAA20,Medium,110.34994,-2.13313,False,False,False,False,False,False,Di Luar Area Pantauan (>1000m dari Desa)
Marau,Batu Payung Dua,"Rabu, 23 September 2026 13:12:00",NASA-NOAA20,Medium,110.61605,-2.03121,False,False,False,False,True,True,Di Luar Area Pantauan (>1000m dari Desa)
Matan Hilir Selatan,Pesaguan Kanan,"Rabu, 23 September 2026 13:12:00",NASA-NOAA20,Medium,110.37383,-2.06137,False,False,False,False,False,False,Di Luar Area Pantauan (>1000m dari Desa)
Nanga Tayap,Lembah Hijau Satu,"Rabu, 23 September 2026 13:12:00",NASA-NOAA20,Medium,110.49124,-1.57511,False,False,False,False,False,False,Di Luar Area Pantauan (>1000m dari Desa)
Muara Pawan,Tempurukan,"Rabu, 23 September 2026 13:12:00",NASA-NOAA20,Medium,110.0647,-1.64023,False,False,False,True,False,True,Di Luar Area Pantauan (>1000m dari Desa)
Nanga Tayap,Sungai Kelik,"Rabu, 23 September 2026 13:12:00",NASA-NOAA20,Medium,110.32088,-1.59098,False,False,False,True,False,True,Di Luar Area Pantauan (>1000m dari Desa)
Muara Pawan,Ulak Medang,"Rabu, 23 September 2026 13:12:00",NASA-NOAA20,Medium,110.28842,-1.58579,False,False,True,True,False,True,Di Luar Area Pantauan (>1000m dari Desa)
Nanga Tayap,Sungai Kelik,"Rabu, 23 September 2026 13:12:00",NASA-NOAA20,Medium,110.30951,-1.56226,False,False,True,True,False,True,Di Luar Area Pantauan (>1000m dari Desa)
Muara Pawan,Ulak Medang,"Rabu, 23 September 2026 13:12:00",NASA-NOAA20,Medium,110.30507,-1.55617,False,False,True,True,False,True,Di Luar Area Pantauan (>1000m dari Desa)
Matan Hilir Utara,Tanjung Baik Budi,"Rabu, 23 September 2026 13:12:00",NASA-NOAA20,Medium,110.17459,-1.55888,False,False,True,True,False,True,Di Luar Area Pantauan (>1000m dari Desa)
Muara Pawan,Ulak Medang,"Rabu, 23 September 2026 13:12:00",NASA-NOAA20,Medium,110.27032,-1.54091,False,False,True,True,False,True,Di Luar Area Pantauan (>1000m dari Desa)
Matan Hilir Utara,Tanjung Baik Budi,"Rabu, 23 September 2026 13:12:00",NASA-NOAA20,Medium,110.17066,-1.5561,False,False,True,True,False,True,Di Luar Area Pantauan (>1000m dari Desa)
Matan Hilir Utara,Tanjung Baik Budi,"Rabu, 23 September 2026 13:12:00",NASA-NOAA20,Medium,110.16036,-1.55767,False,False,True,True,False,True,Di Luar Area Pantauan (>1000m dari Desa)
Muara Pawan,Ulak Medang,"Rabu, 23 September 2026 13:12:00",NASA-NOAA20,Medium,110.27326,-1.53708,False,False,True,True,False,True,Di Luar Area Pantauan (>1000m dari Desa)
Muara Pawan,Ulak Medang,"Rabu, 23 September 2026 13:12:00",NASA-NOAA20,Medium,110.2767,-1.53655,False,False,True,True,False,True,Di Luar Area Pantauan (>1000m dari Desa)
Muara Pawan,Ulak Medang,"Rabu, 23 September 2026 13:12:00",NASA-NOAA20,Medium,110.28014,-1.53603,False,False,True,True,False,True,Di Luar Area Pantauan (>1000m dari Desa)
Muara Pawan,Ulak Medang,"Rabu, 23 September 2026 13:12:00",NASA-NOAA20,Medium,110.26983,-1.5376,False,False,True,True,False,True,Di Luar Area Pantauan (>1000m dari Desa)
Matan Hilir Utara,Tanjung Baik Budi,"Rabu, 23 September 2026 13:12:00",NASA-NOAA20,Medium,110.17703,-1.55174,False,False,True,True,False,True,Di Luar Area Pantauan (>1000m dari Desa)
Muara Pawan,Ulak Medang,"Rabu, 23 September 2026 13:12:00",NASA-NOAA20,Medium,110.27964,-1.53272,False,False,True,True,False,True,Di Luar Area Pantauan (>1000m dari Desa)
Muara Pawan,Ulak Medang,"Rabu, 23 September 2026 13:12:00",NASA-NOAA20,Medium,110.26933,-1.53429,False,False,True,True,False,True,Di Luar Area Pantauan (>1000m dari Desa)
Muara Pawan,Ulak Medang,"Rabu, 23 September 2026 13:12:00",NASA-NOAA20,Medium,110.28603,-1.52836,False,False,True,True,False,True,Di Luar Area Pantauan (>1000m dari Desa)
Muara Pawan,Ulak Medang,"Rabu, 23 September 2026 13:12:00",NASA-NOAA20,Medium,110.28946,-1.52784,False,False,True,True,False,True,Di Luar Area Pantauan (>1000m dari Desa)
Matan Hilir Utara,Tanjung Baik Budi,"Rabu, 23 September 2026 13:12:00",NASA-NOAA20,Medium,110.18977,-1.54304,False,False,True,True,False,True,Di Luar Area Pantauan (>1000m dari Desa)
Muara Pawan,Ulak Medang,"Rabu, 23 September 2026 13:12:00",NASA-NOAA20,Medium,110.26883,-1.53099,False,False,True,True,False,True,Di Luar Area Pantauan (>1000m dari Desa)
Matan Hilir Utara,Sungai Putri,"Rabu, 23 September 2026 13:12:00",NASA-NOAA20,Medium,110.09018,-1.55822,False,False,True,True,False,True,Di Luar Area Pantauan (>1000m dari Desa)
Muara Pawan,Ulak Medang,"Rabu, 23 September 2026 13:12:00",NASA-NOAA20,Medium,110.28897,-1.52453,False,False,True,True,False,True,Di Luar Area Pantauan (>1000m dari Desa)
Matan Hilir Utara,Sungai Putri,"Rabu, 23 September 2026 13:12:00",NASA-NOAA20,Medium,110.07646,-1.56032,False,False,True,True,False,True,Di Luar Area Pantauan (>1000m dari Desa)
Muara Pawan,Ulak Medang,"Rabu, 23 September 2026 13:12:00",NASA-NOAA20,Medium,110.26488,-1.5282,False,False,True,True,False,True,Di Luar Area Pantauan (>1000m dari Desa)
Matan Hilir Utara,Tanjung Baik Budi,"Rabu, 23 September 2026 13:12:00",NASA-NOAA20,Medium,110.18928,-1.53973,False,False,True,True,False,True,Di Luar Area Pantauan (>1000m dari Desa)
Matan Hilir Utara,Tanjung Baik Budi,"Rabu, 23 September 2026 13:12:00",NASA-NOAA20,Medium,110.1824,-1.54078,False,False,True,True,False,True,Di Luar Area Pantauan (>1000m dari Desa)
Matan Hilir Utara,Tanjung Baik Budi,"Rabu, 23 September 2026 13:12:00",NASA-NOAA20,Medium,110.18584,-1.54026,False,False,True,True,False,True,Di Luar Area Pantauan (>1000m dari Desa)
Matan Hilir Utara,Tanjung Baik Budi,"Rabu, 23 September 2026 13:12:00",NASA-NOAA20,Medium,110.17897,-1.5413,False,False,True,True,False,True,Di Luar Area Pantauan (>1000m dari Desa)
Matan Hilir Utara,Tanjung Baik Budi,"Rabu, 23 September 2026 13:12:00",NASA-NOAA20,Medium,110.10342,-1.55283,False,False,True,True,False,True,Di Luar Area Pantauan (>1000m dari Desa)
Muara Pawan,Ulak Medang,"Rabu, 23 September 2026 13:12:00",NASA-NOAA20,Medium,110.26096,-1.52542,False,False,True,True,False,True,Di Luar Area Pantauan (>1000m dari Desa)
Muara Pawan,Ulak Medang,"Rabu, 23 September 2026 13:12:00",NASA-NOAA20,Medium,110.2472,-1.52752,False,False,True,True,False,True,Di Luar Area Pantauan (>1000m dari Desa)
Matan Hilir Utara,Tanjung Baik Budi,"Rabu, 23 September 2026 13:12:00",NASA-NOAA20,Medium,110.08918,-1.55162,False,False,True,True,False,True,Di Luar Area Pantauan (>1000m dari Desa)
Matan Hilir Utara,Tanjung Baik Budi,"Rabu, 23 September 2026 13:12:00",NASA-NOAA20,Medium,110.09261,-1.55109,False,False,True,True,False,True,Di Luar Area Pantauan (>1000m dari Desa)
Matan Hilir Utara,Tanjung Baik Budi,"Rabu, 23 September 2026 13:12:00",NASA-NOAA20,Medium,110.11223,-1.54134,False,False,True,True,False,True,Di Luar Area Pantauan (>1000m dari Desa)
Muara Pawan,Ulak Medang,"Rabu, 23 September 2026 13:12:00",NASA-NOAA20,Medium,110.23933,-1.52195,False,False,True,True,False,True,Di Luar Area Pantauan (>1000m dari Desa)
Muara Pawan,Ulak Medang,"Rabu, 23 September 2026 13:12:00",NASA-NOAA20,Medium,110.23589,-1.52248,False,False,True,True,False,True,Di Luar Area Pantauan (>1000m dari Desa)
Matan Hilir Utara,Tanjung Baik Budi,"Rabu, 23 September 2026 13:12:00",NASA-NOAA20,Medium,110.12547,-1.53594,False,False,True,True,False,True,Di Luar Area Pantauan (>1000m dari Desa)
Matan Hilir Utara,Tanjung Baik Budi,"Rabu, 23 September 2026 13:12:00",NASA-NOAA20,Medium,110.12891,-1.53542,False,False,True,True,False,True,Di Luar Area Pantauan (>1000m dari Desa)
Nanga Tayap,Simpang Tiga Sembelangaan,"Rabu, 23 September 2026 13:12:00",NASA-NOAA20,Medium,110.38978,-1.49223,False,False,False,False,False,False,Di Luar Area Pantauan (>1000m dari Desa)
Muara Pawan,Ulak Medang,"Rabu, 23 September 2026 13:12:00",NASA-NOAA20,Medium,110.22752,-1.51361,False,False,True,True,False,True,Di Luar Area Pantauan (>1000m dari Desa)
Matan Hilir Utara,Tanjung Baik Budi,"Rabu, 23 September 2026 13:12:00",NASA-NOAA20,Medium,110.11467,-1.53421,False,False,True,True,False,True,Di Luar Area Pantauan (>1000m dari Desa)
Muara Pawan,Ulak Medang,"Rabu, 23 September 2026 13:12:00",NASA-NOAA20,Medium,110.23146,-1.51639,False,False,True,True,False,True,Di Luar Area Pantauan (>1000m dari Desa)
Muara Pawan,Ulak Medang,"Rabu, 23 September 2026 13:12:00",NASA-NOAA20,Medium,110.22015,-1.51135,False,False,True,True,False,True,Di Luar Area Pantauan (>1000m dari Desa)
Matan Hilir Utara,Tanjung Baik Budi,"Rabu, 23 September 2026 13:12:00",NASA-NOAA20,Medium,110.14408,-1.51958,False,False,True,True,False,True,Di Luar Area Pantauan (>1000m dari Desa)
Matan Hilir Utara,Lamon Satong,"Rabu, 23 September 2026 13:12:00",NASA-NOAA20,Medium,110.1961,-1.51502,False,False,True,True,False,True,Di Luar Area Pantauan (>1000m dari Desa)
Matan Hilir Utara,Lamon Satong,"Rabu, 23 September 2026 13:12:00",NASA-NOAA20,Medium,110.19217,-1.51224,False,False,True,True,False,True,Di Luar Area Pantauan (>1000m dari Desa)
Matan Hilir Utara,Kuala Tolak,"Rabu, 23 September 2026 13:12:00",NASA-NOAA20,Medium,110.10531,-1.51874,False,False,True,False,False,True,Di Luar Area Pantauan (>1000m dari Desa)
Matan Hilir Utara,Kuala Tolak,"Rabu, 23 September 2026 13:12:00",NASA-NOAA20,Medium,110.1715,-1.49173,False,False,True,True,False,True,Di Luar Area Pantauan (>1000m dari Desa)
Matan Hilir Utara,Kuala Tolak,"Rabu, 23 September 2026 13:12:00",NASA-NOAA20,Medium,110.15726,-1.49052,False,False,False,True,False,True,Di Luar Area Pantauan (>1000m dari Desa)
Matan Hilir Utara,Kuala Tolak,"Rabu, 23 September 2026 13:12:00",NASA-NOAA20,Medium,110.15284,-1.48444,False,False,True,True,False,True,Di Luar Area Pantauan (>1000m dari Desa)
Matan Hilir Utara,Kuala Tolak,"Rabu, 23 September 2026 13:12:00",NASA-NOAA20,Medium,110.1185,-1.48968,False,False,True,True,False,True,Di Luar Area Pantauan (>1000m dari Desa)
Matan Hilir Utara,Kuala Tolak,"Rabu, 23 September 2026 13:12:00",NASA-NOAA20,Medium,110.15184,-1.47783,False,False,True,True,False,True,Di Luar Area Pantauan (>1000m dari Desa)
Matan Hilir Utara,Kuala Tolak,"Rabu, 23 September 2026 13:12:00",NASA-NOAA20,Medium,110.14791,-1.47504,False,False,True,True,False,True,Di Luar Area Pantauan (>1000m dari Desa)
Matan Hilir Utara,Kuala Tolak,"Rabu, 23 September 2026 13:12:00",NASA-NOAA20,Medium,110.18569,-1.46927,False,False,False,True,False,True,Di Luar Area Pantauan (>1000m dari Desa)
Nanga Tayap,Tanjung Medan,"Rabu, 23 September 2026 13:12:00",NASA-NOAA20,Medium,110.44681,-1.42592,False,False,False,False,False,False,Di Luar Area Pantauan (>1000m dari Desa)
Nanga Tayap,Sepakat Jaya,"Rabu, 23 September 2026 13:12:00",NASA-NOAA20,Medium,110.65432,-1.39409,False,False,True,False,False,True,Di Luar Area Pantauan (>1000m dari Desa)
Matan Hilir Utara,Kuala Tolak,"Rabu, 23 September 2026 13:12:00",NASA-NOAA20,Medium,110.15771,-1.47017,False,False,False,True,False,True,Di Luar Area Pantauan (>1000m dari Desa)
Nanga Tayap,Sebadak Raya,"Rabu, 23 September 2026 13:12:00",NASA-NOAA20,Medium,110.76812,-1.34959,False,False,False,False,False,False,Di Luar Area Pantauan (>1000m dari Desa)
Matan Hilir Utara,Kuala Tolak,"Rabu, 23 September 2026 13:12:00",NASA-NOAA20,Medium,110.13994,-1.42503,False,False,False,True,False,True,Di Luar Area Pantauan (>1000m dari Desa)
Nanga Tayap,Pangkalan Teluk,"Rabu, 23 September 2026 13:12:00",NASA-NOAA20,Medium,110.44576,-1.37498,False,False,False,False,False,False,Di Luar Area Pantauan (>1000m dari Desa)
Nanga Tayap,Simpang Tiga Sembelangaan,"Rabu, 23 September 2026 13:12:00",NASA-NOAA20,Medium,110.31129,-1.3955,False,False,False,False,True,True,Di Luar Area Pantauan (>1000m dari Desa)
Matan Hilir Utara,Lamon Satong,"Rabu, 23 September 2026 13:12:00",NASA-NOAA20,Medium,110.20469,-1.41177,False,False,False,True,False,True,Di Luar Area Pantauan (>1000m dari Desa)
Matan Hilir Utara,Lamon Satong,"Rabu, 23 September 2026 13:12:00",NASA-NOAA20,Medium,110.20075,-1.40899,False,False,False,True,False,True,Di Luar Area Pantauan (>1000m dari Desa)
Matan Hilir Utara,Lamon Satong,"Rabu, 23 September 2026 13:12:00",NASA-NOAA20,Medium,110.21008,-1.4008,False,False,False,True,False,True,Di Luar Area Pantauan (>1000m dari Desa)
Matan Hilir Utara,Lamon Satong,"Rabu, 23 September 2026 13:12:00",NASA-NOAA20,Medium,110.21302,-1.39697,False,False,False,False,False,False,Di Luar Area Pantauan (>1000m dari Desa)
Nanga Tayap,Pangkalan Teluk,"Rabu, 23 September 2026 13:12:00",NASA-NOAA20,Medium,110.31313,-1.33769,False,False,True,False,True,True,Di Luar Area Pantauan (>1000m dari Desa)
Sukadana,Riam Berasap Jaya,"Rabu, 23 September 2026 13:12:00",NASA-NOAA20,Medium,110.21747,-1.33849,False,False,True,False,True,True,Di Luar Area Pantauan (>1000m dari Desa)
Matan Hilir Utara,Lamon Satong,"Rabu, 23 September 2026 13:12:00",NASA-NOAA20,Medium,110.21796,-1.34179,False,False,True,False,True,True,Di Luar Area Pantauan (>1000m dari Desa)
Sandai,Sandai,"Rabu, 23 September 2026 13:12:00",NASA-NOAA20,Medium,110.56336,-1.26886,False,False,False,False,False,False,Di Luar Area Pantauan (>1000m dari Desa)
Nanga Tayap,Pangkalan Teluk,"Rabu, 23 September 2026 13:12:00",NASA-NOAA20,Medium,110.36248,-1.29608,False,False,False,False,False,False,Di Luar Area Pantauan (>1000m dari Desa)
Sandai,Sandai Kiri,"Rabu, 23 September 2026 13:12:00",NASA-NOAA20,Medium,110.5203,-1.24149,False,False,False,False,False,False,Di Luar Area Pantauan (>1000m dari Desa)
Sungai Laur,Sempurna,"Rabu, 23 September 2026 13:12:00",NASA-NOAA20,Medium,110.41119,-1.24461,False,False,False,False,True,True,Di Luar Area Pantauan (>1000m dari Desa)
Sungai Laur,Sempurna,"Rabu, 23 September 2026 13:12:00",NASA-NOAA20,Medium,110.40724,-1.24182,False,False,False,False,True,True,Di Luar Area Pantauan (>1000m dari Desa)
Sandai,Randau Jungkal,"Rabu, 23 September 2026 13:12:00",NASA-NOAA20,Medium,110.72059,-1.18024,False,False,False,False,False,False,Di Luar Area Pantauan (>1000m dari Desa)
Simpang Hilir,Matan Jaya,"Rabu, 23 September 2026 13:12:00",NASA-NOAA20,Medium,110.34467,-1.24801,False,False,True,False,True,True,Di Luar Area Pantauan (>1000m dari Desa)
Simpang Hilir,Matan Jaya,"Rabu, 23 September 2026 13:12:00",NASA-NOAA20,Medium,110.34811,-1.24748,False,False,True,False,True,True,Di Luar Area Pantauan (>1000m dari Desa)
Hulu Sungai,Cinta Manis,"Rabu, 23 September 2026 13:12:00",NASA-NOAA20,Medium,110.75497,-1.17156,False,False,False,False,False,False,Di Luar Area Pantauan (>1000m dari Desa)
Sandai,Randau Jungkal,"Rabu, 23 September 2026 13:12:00",NASA-NOAA20,Medium,110.72706,-1.17585,False,False,False,False,False,False,Di Luar Area Pantauan (>1000m dari Desa)
Simpang Hilir,Matan Jaya,"Rabu, 23 September 2026 13:12:00",NASA-NOAA20,Medium,110.35841,-1.2222,False,False,True,False,True,True,Di Luar Area Pantauan (>1000m dari Desa)
Sandai,Muara Jekak,"Rabu, 23 September 2026 13:12:00",NASA-NOAA20,Medium,110.58844,-1.13595,False,False,False,False,False,False,Di Luar Area Pantauan (>1000m dari Desa)
Simpang Hilir,Matan Jaya,"Rabu, 23 September 2026 13:12:00",NASA-NOAA20,Medium,110.28777,-1.15814,False,False,True,False,True,True,Di Luar Area Pantauan (>1000m dari Desa)
Simpang Hilir,Matan Jaya,"Rabu, 23 September 2026 13:12:00",NASA-NOAA20,Medium,110.28432,-1.15866,False,False,True,False,True,True,Di Luar Area Pantauan (>1000m dari Desa)
Hulu Sungai,Benua Krio,"Rabu, 23 September 2026 13:12:00",NASA-NOAA20,Medium,110.69765,-1.08184,False,False,False,False,False,False,Di Luar Area Pantauan (>1000m dari Desa)
Hulu Sungai,Benua Krio,"Rabu, 23 September 2026 13:12:00",NASA-NOAA20,Medium,110.70164,-1.08463,False,False,False,False,False,False,Di Luar Area Pantauan (>1000m dari Desa)
Hulu Sungai,Benua Krio,"Rabu, 23 September 2026 13:12:00",NASA-NOAA20,Medium,110.70113,-1.08131,False,False,False,False,False,False,Di Luar Area Pantauan (>1000m dari Desa)
Simpang Hilir,Matan Jaya,"Rabu, 23 September 2026 13:12:00",NASA-NOAA20,Medium,110.33696,-1.13369,False,False,True,False,True,True,Di Luar Area Pantauan (>1000m dari Desa)
Simpang Hilir,Matan Jaya,"Rabu, 23 September 2026 13:12:00",NASA-NOAA20,Medium,110.14433,-1.12224,False,False,True,False,True,True,Di Luar Area Pantauan (>1000m dari Desa)
Simpang Hilir,Rantau Panjang,"Rabu, 23 September 2026 13:12:00",NASA-NOAA20,Medium,110.07169,-1.12993,False,False,True,True,True,True,Di Luar Area Pantauan (>1000m dari Desa)
Simpang Hilir,Matan Jaya,"Rabu, 23 September 2026 13:12:00",NASA-NOAA20,Medium,110.10111,-1.1153,False,False,True,True,True,True,Di Luar Area Pantauan (>1000m dari Desa)
Simpang Hilir,Matan Jaya,"Rabu, 23 September 2026 13:12:00",NASA-NOAA20,Medium,110.07658,-1.11566,False,False,True,False,True,True,Di Luar Area Pantauan (>1000m dari Desa)
Simpang Hilir,Matan Jaya,"Rabu, 23 September 2026 13:12:00",NASA-NOAA20,Medium,110.11042,-1.10712,False,False,True,True,True,True,Di Luar Area Pantauan (>1000m dari Desa)
Tanah Pinoh,Batu Begigi,"Rabu, 23 September 2026 13:12:00",NASA-NOAA20,Medium,111.56513,-0.80095,False,False,False,False,False,False,Di Luar Area Pantauan (>1000m dari Desa)
Ella Hilir,Kerangan Kora,"Rabu, 23 September 2026 13:12:00",NASA-NOAA20,Medium,112.08015,-0.66957,False,False,False,False,True,True,Di Luar Area Pantauan (>1000m dari Desa)
Simpang Dua,Kamora,"Rabu, 23 September 2026 13:12:00",NASA-NOAA20,Medium,110.2634,-0.93446,False,False,True,False,False,True,Di Luar Area Pantauan (>1000m dari Desa)
Simpang Dua,Kamora,"Rabu, 23 September 2026 13:12:00",NASA-NOAA20,Medium,110.28013,-0.92852,False,False,False,False,False,False,Di Luar Area Pantauan (>1000m dari Desa)
Simpang Dua,Kampar Sebomban,"Rabu, 23 September 2026 13:12:00",NASA-NOAA20,Medium,110.17537,-0.93438,False,False,True,False,False,True,Di Luar Area Pantauan (>1000m dari Desa)
Simpang Hilir,Lubuk Batu,"Rabu, 23 September 2026 13:12:00",NASA-NOAA20,Medium,110.18275,-0.93664,False,False,False,False,False,False,Di Luar Area Pantauan (>1000m dari Desa)
Simpang Hilir,Lubuk Batu,"Rabu, 23 September 2026 13:12:00",NASA-NOAA20,Medium,110.17193,-0.93491,False,False,True,False,False,True,Di Luar Area Pantauan (>1000m dari Desa)
Hulu Sungai,Krio Hulu,"Rabu, 23 September 2026 13:12:00",NASA-NOAA20,Medium,110.88801,-0.80805,False,False,False,False,False,False,Di Luar Area Pantauan (>1000m dari Desa)
Hulu Sungai,Krio Hulu,"Rabu, 23 September 2026 13:12:00",NASA-NOAA20,Medium,110.89395,-0.80462,False,False,False,False,False,False,Di Luar Area Pantauan (>1000m dari Desa)
Hulu Sungai,Krio Hulu,"Rabu, 23 September 2026 13:12:00",NASA-NOAA20,Medium,110.89346,-0.80128,False,False,False,False,False,False,Di Luar Area Pantauan (>1000m dari Desa)
Simpang Dua,Gema,"Rabu, 23 September 2026 13:12:00",NASA-NOAA20,Medium,110.37014,-0.87739,False,False,True,False,True,True,Di Luar Area Pantauan (>1000m dari Desa)
Sungai Laur,Kepari,"Rabu, 23 September 2026 13:12:00",NASA-NOAA20,Medium,110.59863,-0.83926,False,False,False,False,False,False,Di Luar Area Pantauan (>1000m dari Desa)
Sungai Laur,Kepari,"Rabu, 23 September 2026 13:12:00",NASA-NOAA20,Medium,110.59812,-0.83593,False,False,False,False,False,False,Di Luar Area Pantauan (>1000m dari Desa)
Sungai Laur,Kepari,"Rabu, 23 September 2026 13:12:00",NASA-NOAA20,Medium,110.59515,-0.83979,False,False,False,False,False,False,Di Luar Area Pantauan (>1000m dari Desa)
Hulu Sungai,Kenyabur,"Rabu, 23 September 2026 13:12:00",NASA-NOAA20,Medium,110.88442,-0.76504,True,False,False,False,False,False,Prioritas 2 (Sedang)
Sungai Laur,Sepotong,"Rabu, 23 September 2026 13:12:00",NASA-NOAA20,Medium,110.50136,-0.80651,False,False,False,False,False,False,Di Luar Area Pantauan (>1000m dari Desa)
Sungai Laur,Sepotong,"Rabu, 23 September 2026 13:12:00",NASA-NOAA20,Medium,110.56721,-0.79645,False,False,True,False,False,True,Di Luar Area Pantauan (>1000m dari Desa)
Ella Hilir,Nanga Nyuruh,"Rabu, 23 September 2026 13:12:00",NASA-NOAA20,Medium,112.11668,-0.54835,False,False,False,False,False,False,Di Luar Area Pantauan (>1000m dari Desa)
Ella Hilir,Nanga Nyuruh,"Rabu, 23 September 2026 13:12:00",NASA-NOAA20,Medium,112.12042,-0.54778,False,False,False,False,False,False,Di Luar Area Pantauan (>1000m dari Desa)
Sungai Laur,Tanjung Beringin,"Rabu, 23 September 2026 13:12:00",NASA-NOAA20,Medium,110.53799,-0.76693,False,False,False,False,False,False,Di Luar Area Pantauan (>1000m dari Desa)
Serawai,Nanga Ruhan,"Rabu, 23 September 2026 13:12:00",NASA-NOAA20,Medium,112.78811,-0.4153,False,False,False,False,False,False,Di Luar Area Pantauan (>1000m dari Desa)
Serawai,Nanga Segulang,"Rabu, 23 September 2026 13:12:00",NASA-NOAA20,Medium,112.45587,-0.43089,False,False,False,False,False,False,Di Luar Area Pantauan (>1000m dari Desa)
Sungai Laur,Merabu Jaya,"Rabu, 23 September 2026 13:12:00",NASA-NOAA20,Medium,110.66483,-0.68985,False,False,False,False,False,False,Di Luar Area Pantauan (>1000m dari Desa)
Sungai Laur,Tanjung Maju,"Rabu, 23 September 2026 13:12:00",NASA-NOAA20,Medium,110.49532,-0.69872,False,False,False,False,False,False,Di Luar Area Pantauan (>1000m dari Desa)
Ambalau,Riam Sabon,"Rabu, 23 September 2026 13:12:00",NASA-NOAA20,Medium,112.95903,-0.29858,False,False,False,False,False,False,Di Luar Area Pantauan (>1000m dari Desa)
Simpang Hulu,Kualan Hilir,"Rabu, 23 September 2026 13:12:00",NASA-NOAA20,Medium,110.18447,-0.68506,False,False,False,False,False,False,Di Luar Area Pantauan (>1000m dari Desa)
Nanga Tayap,Lembah Hijau Dua,"Rabu, 23 September 2026 13:12:00",NASA-NOAA20,Medium,110.49424,-1.59499,False,False,True,False,False,True,Di Luar Area Pantauan (>1000m dari Desa)
Nanga Tayap,Lembah Hijau Dua,"Rabu, 23 September 2026 13:12:00",NASA-NOAA20,Medium,110.47697,-1.59762,False,False,False,False,False,False,Di Luar Area Pantauan (>1000m dari Desa)
Nanga Tayap,Lembah Hijau Satu,"Rabu, 23 September 2026 13:12:00",NASA-NOAA20,Medium,110.48338,-1.59325,False,False,True,False,False,True,Di Luar Area Pantauan (>1000m dari Desa)
Nanga Tayap,Lembah Hijau Satu,"Rabu, 23 September 2026 13:12:00",NASA-NOAA20,Medium,110.49323,-1.58836,False,False,False,False,False,False,Di Luar Area Pantauan (>1000m dari Desa)
Nanga Tayap,Lembah Hijau Satu,"Rabu, 23 September 2026 13:12:00",NASA-NOAA20,Medium,110.48978,-1.58889,False,False,True,False,False,True,Di Luar Area Pantauan (>1000m dari Desa)
Muara Pawan,Ulak Medang,"Rabu, 23 September 2026 13:12:00",NASA-NOAA20,Medium,110.28997,-1.61938,False,False,True,True,False,True,Di Luar Area Pantauan (>1000m dari Desa)
Nanga Tayap,Lembah Hijau Satu,"Rabu, 23 September 2026 13:12:00",NASA-NOAA20,Medium,110.49274,-1.58505,False,False,False,False,False,False,Di Luar Area Pantauan (>1000m dari Desa)
Nanga Tayap,Lembah Hijau Satu,"Rabu, 23 September 2026 13:12:00",NASA-NOAA20,Medium,110.48238,-1.58663,False,False,True,False,False,True,Di Luar Area Pantauan (>1000m dari Desa)
Nanga Tayap,Lembah Hijau Satu,"Rabu, 23 September 2026 13:12:00",NASA-NOAA20,Medium,110.48583,-1.5861,False,False,True,False,False,True,Di Luar Area Pantauan (>1000m dari Desa)
Nanga Tayap,Lembah Hijau Satu,"Rabu, 23 September 2026 13:12:00",NASA-NOAA20,Medium,110.48929,-1.58557,False,False,True,False,False,True,Di Luar Area Pantauan (>1000m dari Desa)
Nanga Tayap,Lembah Hijau Satu,"Rabu, 23 September 2026 13:12:00",NASA-NOAA20,Medium,110.49915,-1.58068,False,False,False,False,False,False,Di Luar Area Pantauan (>1000m dari Desa)
Nanga Tayap,Lembah Hijau Satu,"Rabu, 23 September 2026 13:12:00",NASA-NOAA20,Medium,110.47547,-1.58768,False,False,False,False,False,False,Di Luar Area Pantauan (>1000m dari Desa)
Nanga Tayap,Lembah Hijau Dua,"Rabu, 23 September 2026 13:12:00",NASA-NOAA20,Medium,110.46512,-1.58926,False,False,False,False,False,False,Di Luar Area Pantauan (>1000m dari Desa)
Nanga Tayap,Lembah Hijau Satu,"Rabu, 23 September 2026 13:12:00",NASA-NOAA20,Medium,110.49864,-1.57737,False,False,False,False,False,False,Di Luar Area Pantauan (>1000m dari Desa)
Nanga Tayap,Lembah Hijau Satu,"Rabu, 23 September 2026 13:12:00",NASA-NOAA20,Medium,110.48188,-1.58332,False,False,True,False,False,True,Di Luar Area Pantauan (>1000m dari Desa)
Nanga Tayap,Lembah Hijau Satu,"Rabu, 23 September 2026 13:12:00",NASA-NOAA20,Medium,110.48533,-1.58279,False,False,True,False,False,True,Di Luar Area Pantauan (>1000m dari Desa)
Nanga Pinoh,Tanjung Sari,"Rabu, 23 September 2026 13:12:00",NASA-NOAA20,Medium,111.70451,-0.40515,False,False,False,False,False,False,Di Luar Area Pantauan (>1000m dari Desa)
Nanga Pinoh,Tembawang Panjang,"Rabu, 23 September 2026 13:12:00",NASA-NOAA20,Medium,111.70823,-0.40458,False,False,False,False,False,False,Di Luar Area Pantauan (>1000m dari Desa)
Ambalau,Lunjan Tingang,"Rabu, 23 September 2026 13:12:00",NASA-NOAA20,Medium,112.71354,-0.22453,False,False,False,False,False,False,Di Luar Area Pantauan (>1000m dari Desa)
Ambalau,Nanga Ambalau,"Rabu, 23 September 2026 13:12:00",NASA-NOAA20,Medium,112.762,-0.20964,False,False,False,False,False,False,Di Luar Area Pantauan (>1000m dari Desa)
Sepauk,Nanga Pari,"Rabu, 23 September 2026 13:12:00",NASA-NOAA20,Medium,111.18053,-0.42504,True,False,False,False,True,True,Prioritas 1 (Tinggi)
Serawai,Limbur Bernaung Lestari,"Rabu, 23 September 2026 13:12:00",NASA-NOAA20,Medium,112.58698,-0.1538,False,False,False,False,True,True,Di Luar Area Pantauan (>1000m dari Desa)
Belimbing,Batu Buil,"Rabu, 23 September 2026 13:12:00",NASA-NOAA20,Medium,111.60872,-0.27264,False,False,False,False,False,False,Di Luar Area Pantauan (>1000m dari Desa)
Kayan Hulu,Nanga Ungai,"Rabu, 23 September 2026 13:12:00",NASA-NOAA20,Medium,112.12731,-0.06113,False,False,False,False,False,False,Di Luar Area Pantauan (>1000m dari Desa)
Belitang Hilir,Kumpang Bis,"Rabu, 23 September 2026 13:12:00",NASA-NOAA20,Medium,111.11329,0.275,False,False,False,False,False,False,Di Luar Area Pantauan (>1000m dari Desa)
Belitang,Setuntung,"Rabu, 23 September 2026 13:12:00",NASA-NOAA20,Medium,111.22704,0.2577,False,False,False,False,False,False,Di Luar Area Pantauan (>1000m dari Desa)
Ketungau Hilir,Batu Ampar,"Rabu, 23 September 2026 13:12:00",NASA-NOAA20,Medium,111.68052,0.48805,False,False,False,False,False,False,Di Luar Area Pantauan (>1000m dari Desa)
Belitang Hulu,Ijuk,"Rabu, 23 September 2026 13:12:00",NASA-NOAA20,Medium,111.05415,0.39522,False,False,False,False,False,False,Di Luar Area Pantauan (>1000m dari Desa)
Jangkang,Sape,"Rabu, 23 September 2026 13:12:00",NASA-NOAA20,Medium,110.89697,0.36764,False,False,False,False,False,False,Di Luar Area Pantauan (>1000m dari Desa)
Belitang Hulu,Sungaitapah,"Rabu, 23 September 2026 13:12:00",NASA-NOAA20,Medium,111.10864,0.49844,False,False,False,False,False,False,Di Luar Area Pantauan (>1000m dari Desa)
Kendawangan,Natai Kuini,"Rabu, 23 September 2026 13:12:00",NASA-NOAA20,Medium,110.84911,-2.83067,False,False,False,False,True,True,Di Luar Area Pantauan (>1000m dari Desa)
Kendawangan,Natai Kuini,"Rabu, 23 September 2026 13:12:00",NASA-NOAA20,Medium,110.79816,-2.8215,False,False,False,True,True,True,Di Luar Area Pantauan (>1000m dari Desa)
Kendawangan,Pembedilan,"Rabu, 23 September 2026 13:12:00",NASA-NOAA20,Medium,110.43237,-2.87407,False,False,False,False,True,True,Di Luar Area Pantauan (>1000m dari Desa)
Kendawangan,Pembedilan,"Rabu, 23 September 2026 13:12:00",NASA-NOAA20,Medium,110.38425,-2.88141,False,False,False,False,True,True,Di Luar Area Pantauan (>1000m dari Desa)
Kendawangan,Natai Kuini,"Rabu, 23 September 2026 13:12:00",NASA-NOAA20,Medium,110.7631,-2.82348,False,False,False,False,False,False,Di Luar Area Pantauan (>1000m dari Desa)
Kendawangan,Danau Buntar,"Rabu, 23 September 2026 13:12:00",NASA-NOAA20,Medium,110.96701,-2.78883,False,False,False,False,False,False,Di Luar Area Pantauan (>1000m dari Desa)
Kendawangan,Natai Kuini,"Rabu, 23 September 2026 13:12:00",NASA-NOAA20,Medium,110.85946,-2.80533,False,False,False,False,True,True,Di Luar Area Pantauan (>1000m dari Desa)
Kendawangan,Natai Kuini,"Rabu, 23 September 2026 13:12:00",NASA-NOAA20,Medium,110.86639,-2.80427,False,False,False,False,True,True,Di Luar Area Pantauan (>1000m dari Desa)
Kendawangan,Pembedilan,"Rabu, 23 September 2026 13:12:00",NASA-NOAA20,Medium,110.39407,-2.87653,False,False,False,False,True,True,Di Luar Area Pantauan (>1000m dari Desa)
Kendawangan,Air Hitam Besar,"Rabu, 23 September 2026 13:12:00",NASA-NOAA20,Medium,110.75814,-2.81407,False,False,False,False,False,False,Di Luar Area Pantauan (>1000m dari Desa)
Manis Mata,Suka Ramai,"Rabu, 23 September 2026 13:12:00",NASA-NOAA20,Medium,111.08978,-2.75295,False,False,False,False,False,False,Di Luar Area Pantauan (>1000m dari Desa)
Kendawangan,Pembedilan,"Rabu, 23 September 2026 13:12:00",NASA-NOAA20,Medium,110.27081,-2.87506,False,False,False,True,True,True,Di Luar Area Pantauan (>1000m dari Desa)
Manis Mata,Suka Ramai,"Rabu, 23 September 2026 13:12:00",NASA-NOAA20,Medium,111.12995,-2.72004,False,False,False,False,False,False,Di Luar Area Pantauan (>1000m dari Desa)
Kendawangan,Pembedilan,"Rabu, 23 September 2026 13:12:00",NASA-NOAA20,Medium,110.37881,-2.83119,False,False,False,False,True,True,Di Luar Area Pantauan (>1000m dari Desa)
Kendawangan,Pembedilan,"Rabu, 23 September 2026 13:12:00",NASA-NOAA20,Medium,110.38175,-2.82736,False,False,False,False,True,True,Di Luar Area Pantauan (>1000m dari Desa)
Kendawangan,Kendawangan Kanan,"Rabu, 23 September 2026 13:12:00",NASA-NOAA20,Medium,110.28597,-2.82168,False,False,False,True,True,True,Di Luar Area Pantauan (>1000m dari Desa)
Kendawangan,Kendawangan Kanan,"Rabu, 23 September 2026 13:12:00",NASA-NOAA20,Medium,110.28548,-2.81838,False,False,False,True,True,True,Di Luar Area Pantauan (>1000m dari Desa)
Manis Mata,Suka Ramai,"Rabu, 23 September 2026 13:12:00",NASA-NOAA20,Medium,111.16639,-2.67696,False,False,False,False,False,False,Di Luar Area Pantauan (>1000m dari Desa)
Kendawangan,Pembedilan,"Rabu, 23 September 2026 13:12:00",NASA-NOAA20,Medium,110.3905,-2.79221,False,False,False,False,True,True,Di Luar Area Pantauan (>1000m dari Desa)
Manis Mata,Suka Ramai,"Rabu, 23 September 2026 13:12:00",NASA-NOAA20,Medium,111.13686,-2.67126,False,False,False,False,False,False,Di Luar Area Pantauan (>1000m dari Desa)
Kendawangan,Air Hitam Besar,"Rabu, 23 September 2026 13:12:00",NASA-NOAA20,Medium,110.69248,-2.73931,False,False,False,False,False,False,Di Luar Area Pantauan (>1000m dari Desa)
Manis Mata,Suka Ramai,"Rabu, 23 September 2026 13:12:00",NASA-NOAA20,Medium,111.14036,-2.67072,False,False,False,False,False,False,Di Luar Area Pantauan (>1000m dari Desa)
Manis Mata,Suka Ramai,"Rabu, 23 September 2026 13:12:00",NASA-NOAA20,Medium,111.15086,-2.66911,False,False,False,False,False,False,Di Luar Area Pantauan (>1000m dari Desa)
Kendawangan,Pembedilan,"Rabu, 23 September 2026 13:12:00",NASA-NOAA20,Medium,110.3792,-2.78718,False,False,False,False,True,True,Di Luar Area Pantauan (>1000m dari Desa)
Manis Mata,Seguling,"Rabu, 23 September 2026 13:12:00",NASA-NOAA20,Medium,111.08244,-2.66598,False,False,False,False,False,False,Di Luar Area Pantauan (>1000m dari Desa)
Manis Mata,Jambi,"Rabu, 23 September 2026 13:12:00",NASA-NOAA20,Medium,111.05998,-2.65921,False,False,False,False,False,False,Di Luar Area Pantauan (>1000m dari Desa)
Kendawangan,Pembedilan,"Rabu, 23 September 2026 13:12:00",NASA-NOAA20,Medium,110.39632,-2.76089,False,False,False,False,True,True,Di Luar Area Pantauan (>1000m dari Desa)
Kendawangan,Pembedilan,"Rabu, 23 September 2026 13:12:00",NASA-NOAA20,Medium,110.39288,-2.76142,False,False,False,False,True,True,Di Luar Area Pantauan (>1000m dari Desa)
Kendawangan,Kendawangan Kanan,"Rabu, 23 September 2026 13:12:00",NASA-NOAA20,Medium,110.28636,-2.77768,False,False,False,True,True,True,Di Luar Area Pantauan (>1000m dari Desa)
Kendawangan,Pembedilan,"Rabu, 23 September 2026 13:12:00",NASA-NOAA20,Medium,110.39238,-2.75811,False,False,False,False,True,True,Di Luar Area Pantauan (>1000m dari Desa)
Kendawangan,Pembedilan,"Rabu, 23 September 2026 13:12:00",NASA-NOAA20,Medium,110.39532,-2.75428,False,False,False,False,True,True,Di Luar Area Pantauan (>1000m dari Desa)
Kendawangan,Natai Kuini,"Rabu, 23 September 2026 13:12:00",NASA-NOAA20,Medium,110.71211,-2.97387,False,False,False,False,False,False,Di Luar Area Pantauan (>1000m dari Desa)
Manis Mata,Seguling,"Rabu, 23 September 2026 13:12:00",NASA-NOAA20,Medium,111.08538,-2.63827,False,False,False,True,False,True,Di Luar Area Pantauan (>1000m dari Desa)
Kendawangan,Kendawangan Kanan,"Rabu, 23 September 2026 13:12:00",NASA-NOAA20,Medium,110.27306,-2.75943,False,False,False,True,True,True,Di Luar Area Pantauan (>1000m dari Desa)
Kendawangan,Seriam,"Rabu, 23 September 2026 13:12:00",NASA-NOAA20,Medium,110.38152,-2.73272,False,False,True,False,True,True,Di Luar Area Pantauan (>1000m dari Desa)
Kendawangan,Air Hitam Besar,"Rabu, 23 September 2026 13:12:00",NASA-NOAA20,Medium,110.68093,-2.64252,False,False,False,False,False,False,Di Luar Area Pantauan (>1000m dari Desa)
Manis Mata,Seguling,"Rabu, 23 September 2026 13:12:00",NASA-NOAA20,Medium,111.08897,-2.56988,False,False,False,False,False,False,Di Luar Area Pantauan (>1000m dari Desa)
Manis Mata,Sungai Buluh,"Rabu, 23 September 2026 13:12:00",NASA-NOAA20,Medium,111.06054,-2.57084,False,False,False,False,False,False,Di Luar Area Pantauan (>1000m dari Desa)
Kendawangan,Airhitam Hulu,"Rabu, 23 September 2026 13:12:00",NASA-NOAA20,Medium,110.64393,-2.63124,False,False,False,False,False,False,Di Luar Area Pantauan (>1000m dari Desa)
Manis Mata,Sungai Buluh,"Rabu, 23 September 2026 13:12:00",NASA-NOAA20,Medium,111.06302,-2.56364,False,False,False,False,False,False,Di Luar Area Pantauan (>1000m dari Desa)
Kendawangan,Kendawangan Kanan,"Rabu, 23 September 2026 13:12:00",NASA-NOAA20,Medium,110.23207,-2.67725,False,False,True,False,True,True,Di Luar Area Pantauan (>1000m dari Desa)
Kendawangan,Kendawangan Kanan,"Rabu, 23 September 2026 13:12:00",NASA-NOAA20,Medium,110.23551,-2.67673,False,False,False,False,True,True,Di Luar Area Pantauan (>1000m dari Desa)
Manis Mata,Sungai Buluh,"Rabu, 23 September 2026 13:12:00",NASA-NOAA20,Medium,111.061,-2.55032,False,False,False,False,False,False,Di Luar Area Pantauan (>1000m dari Desa)
Kendawangan,Seriam,"Rabu, 23 September 2026 13:12:00",NASA-NOAA20,Medium,110.3847,-2.64043,False,False,False,False,True,True,Di Luar Area Pantauan (>1000m dari Desa)
Kendawangan,Seriam,"Rabu, 23 September 2026 13:12:00",NASA-NOAA20,Medium,110.30961,-2.65528,False,False,False,False,True,True,Di Luar Area Pantauan (>1000m dari Desa)
Kendawangan,Seriam,"Rabu, 23 September 2026 13:12:00",NASA-NOAA20,Medium,110.33266,-2.64499,False,False,False,False,True,True,Di Luar Area Pantauan (>1000m dari Desa)
Kendawangan,Seriam,"Rabu, 23 September 2026 13:12:00",NASA-NOAA20,Medium,110.38077,-2.63765,False,False,False,False,True,True,Di Luar Area Pantauan (>1000m dari Desa)
Kendawangan,Airhitam Hulu,"Rabu, 23 September 2026 13:12:00",NASA-NOAA20,Medium,110.54881,-2.60855,False,False,False,False,False,False,Di Luar Area Pantauan (>1000m dari Desa)
Kendawangan,Seriam,"Rabu, 23 September 2026 13:12:00",NASA-NOAA20,Medium,110.31742,-2.63718,False,False,False,False,True,True,Di Luar Area Pantauan (>1000m dari Desa)
Kendawangan,Bangkal Serai,"Rabu, 23 September 2026 13:12:00",NASA-NOAA20,Medium,110.53813,-2.58966,False,False,False,False,False,False,Di Luar Area Pantauan (>1000m dari Desa)
Kendawangan,Bangkal Serai,"Rabu, 23 September 2026 13:12:00",NASA-NOAA20,Medium,110.4873,-2.53312,False,False,False,False,True,True,Di Luar Area Pantauan (>1000m dari Desa)
Kendawangan,Seriam,"Rabu, 23 September 2026 13:12:00",NASA-NOAA20,Medium,110.42977,-2.525,False,False,False,False,False,False,Di Luar Area Pantauan (>1000m dari Desa)
Kendawangan,Seriam,"Rabu, 23 September 2026 13:12:00",NASA-NOAA20,Medium,110.43465,-2.51073,False,False,False,False,False,False,Di Luar Area Pantauan (>1000m dari Desa)
Kendawangan,Seriam,"Rabu, 23 September 2026 13:12:00",NASA-NOAA20,Medium,110.43221,-2.51787,False,False,False,False,False,False,Di Luar Area Pantauan (>1000m dari Desa)
Kendawangan,Bangkal Serai,"Rabu, 23 September 2026 13:12:00",NASA-NOAA20,Medium,110.49063,-2.48819,False,False,False,False,True,True,Di Luar Area Pantauan (>1000m dari Desa)
Singkup,Tanah Hitam,"Rabu, 23 September 2026 13:12:00",NASA-NOAA20,Medium,110.65903,-2.45913,False,False,False,False,False,False,Di Luar Area Pantauan (>1000m dari Desa)
Kendawangan,Bangkal Serai,"Rabu, 23 September 2026 13:12:00",NASA-NOAA20,Medium,110.46204,-2.4621,False,False,False,False,True,True,Di Luar Area Pantauan (>1000m dari Desa)
Kendawangan,Mekar Utama,"Rabu, 23 September 2026 13:12:00",NASA-NOAA20,Medium,110.19001,-2.47657,False,False,False,False,False,False,Di Luar Area Pantauan (>1000m dari Desa)
Kendawangan,Banjar Sari,"Rabu, 23 September 2026 13:12:00",NASA-NOAA20,Medium,110.46588,-2.41753,False,False,False,False,True,True,Di Luar Area Pantauan (>1000m dari Desa)
Manis Mata,Kelimantan,"Rabu, 23 September 2026 13:12:00",NASA-NOAA20,Medium,111.03613,-2.30333,False,False,False,False,False,False,Di Luar Area Pantauan (>1000m dari Desa)
Manis Mata,Silat,"Rabu, 23 September 2026 13:12:00",NASA-NOAA20,Medium,111.03263,-2.30386,False,False,False,False,False,False,Di Luar Area Pantauan (>1000m dari Desa)
Matan Hilir Selatan,Sungai Nanjung,"Rabu, 23 September 2026 13:12:00",NASA-NOAA20,Medium,110.23782,-2.09225,False,False,True,True,False,True,Di Luar Area Pantauan (>1000m dari Desa)
Jelai Hulu,Pangkalan Paket,"Rabu, 23 September 2026 13:12:00",NASA-NOAA20,Medium,110.68127,-2.01788,False,False,False,False,False,False,Di Luar Area Pantauan (>1000m dari Desa)
Jelai Hulu,Pangkalan Paket,"Rabu, 23 September 2026 13:12:00",NASA-NOAA20,Medium,110.67921,-2.00462,False,False,False,False,True,True,Di Luar Area Pantauan (>1000m dari Desa)
Matan Hilir Selatan,Sungai Nanjung,"Rabu, 23 September 2026 13:12:00",NASA-NOAA20,Medium,110.20209,-2.10838,False,False,True,True,False,True,Di Luar Area Pantauan (>1000m dari Desa)
Muara Pawan,Tanjung Pura,"Rabu, 23 September 2026 13:12:00",NASA-NOAA20,Medium,110.11934,-1.69666,False,False,True,True,False,True,Di Luar Area Pantauan (>1000m dari Desa)
Muara Pawan,Tanjung Pura,"Rabu, 23 September 2026 13:12:00",NASA-NOAA20,Medium,110.16145,-1.67618,False,False,True,True,False,True,Di Luar Area Pantauan (>1000m dari Desa)
Muara Pawan,Tanjung Pura,"Rabu, 23 September 2026 13:12:00",NASA-NOAA20,Medium,110.15662,-1.68758,False,False,True,True,False,True,Di Luar Area Pantauan (>1000m dari Desa)
Muara Pawan,Tanjung Pura,"Rabu, 23 September 2026 13:12:00",NASA-NOAA20,Medium,110.14288,-1.68968,False,False,True,True,False,True,Di Luar Area Pantauan (>1000m dari Desa)
Muara Pawan,Tanjung Pura,"Rabu, 23 September 2026 13:12:00",NASA-NOAA20,Medium,110.15611,-1.68428,False,False,True,True,False,True,Di Luar Area Pantauan (>1000m dari Desa)
Muara Pawan,Tanjung Pura,"Rabu, 23 September 2026 13:12:00",NASA-NOAA20,Medium,110.14925,-1.68533,False,False,True,True,False,True,Di Luar Area Pantauan (>1000m dari Desa)
Muara Pawan,Tanjung Pura,"Rabu, 23 September 2026 13:12:00",NASA-NOAA20,Medium,110.15268,-1.6848,False,False,True,True,False,True,Di Luar Area Pantauan (>1000m dari Desa)
Nanga Tayap,Sepakat Jaya,"Rabu, 23 September 2026 13:12:00",NASA-NOAA20,Medium,110.47435,-1.44543,False,False,True,False,True,True,Di Luar Area Pantauan (>1000m dari Desa)
Matan Hilir Utara,Kuala Tolak,"Rabu, 23 September 2026 13:12:00",NASA-NOAA20,Medium,110.14448,-1.47557,False,False,True,True,False,True,Di Luar Area Pantauan (>1000m dari Desa)
Sungai Laur,Kepari,"Rabu, 23 September 2026 13:12:00",NASA-NOAA20,Medium,110.58517,-0.7971,False,False,False,False,False,False,Di Luar Area Pantauan (>1000m dari Desa)
Serawai,Mensulung Bio,"Rabu, 23 September 2026 13:12:00",NASA-NOAA20,Medium,112.56384,-0.16466,False,False,False,False,True,True,Di Luar Area Pantauan (>1000m dari Desa)
Dedai,Nanga Dedai,"Rabu, 23 September 2026 13:12:00",NASA-NOAA20,Medium,111.66213,-0.04715,False,False,False,False,False,False,Di Luar Area Pantauan (>1000m dari Desa)
Mukok,Sungai Mawang,"Rabu, 23 September 2026 13:12:00",NASA-NOAA20,Medium,110.81148,0.12011,False,False,False,False,False,False,Di Luar Area Pantauan (>1000m dari Desa)
Kendawangan,Sungai Jelayan,"Rabu, 23 September 2026 13:12:00",NASA-NOAA20,Medium,110.4361,-2.25558,False,False,False,False,False,False,Di Luar Area Pantauan (>1000m dari Desa)
Kendawangan,Sungai Jelayan,"Rabu, 23 September 2026 13:12:00",NASA-NOAA20,Medium,110.42921,-2.25663,False,False,False,False,False,False,Di Luar Area Pantauan (>1000m dari Desa)
Jelai Hulu,Semantun,"Rabu, 23 September 2026 13:12:00",NASA-NOAA20,Medium,111.04297,-2.09468,False,False,False,False,False,False,Di Luar Area Pantauan (>1000m dari Desa)
Matan Hilir Selatan,Sungai Nanjung,"Rabu, 23 September 2026 13:12:00",NASA-NOAA20,Medium,110.20857,-2.15133,False,False,True,True,False,True,Di Luar Area Pantauan (>1000m dari Desa)
Kendawangan,Pangkalan Batu,"Rabu, 23 September 2026 13:12:00",NASA-NOAA20,Medium,110.34206,-2.12757,False,False,False,False,False,False,Di Luar Area Pantauan (>1000m dari Desa)
Matan Hilir Selatan,Sungai Nanjung,"Rabu, 23 September 2026 13:12:00",NASA-NOAA20,Medium,110.20071,-2.14577,False,False,True,True,False,True,Di Luar Area Pantauan (>1000m dari Desa)
Matan Hilir Selatan,Sungai Nanjung,"Rabu, 23 September 2026 13:12:00",NASA-NOAA20,Medium,110.12612,-2.14026,False,False,False,False,False,False,Di Luar Area Pantauan (>1000m dari Desa)
Matan Hilir Selatan,Sungai Nanjung,"Rabu, 23 September 2026 13:12:00",NASA-NOAA20,Medium,110.212,-2.15081,False,False,True,True,False,True,Di Luar Area Pantauan (>1000m dari Desa)
Kendawangan,Pangkalan Batu,"Rabu, 23 September 2026 13:12:00",NASA-NOAA20,Medium,110.346,-2.13035,False,False,False,False,False,False,Di Luar Area Pantauan (>1000m dari Desa)
Jelai Hulu,Semantun,"Rabu, 23 September 2026 13:12:00",NASA-NOAA20,Medium,111.04175,-2.04433,False,False,True,False,False,True,Di Luar Area Pantauan (>1000m dari Desa)
Kendawangan,Selimantan Jaya,"Rabu, 23 September 2026 13:12:00",NASA-NOAA20,Medium,110.53492,-2.21002,False,False,False,False,False,False,Di Luar Area Pantauan (>1000m dari Desa)
Kendawangan,Selimantan Jaya,"Rabu, 23 September 2026 13:12:00",NASA-NOAA20,Medium,110.53691,-2.22326,False,False,False,False,False,False,Di Luar Area Pantauan (>1000m dari Desa)
Kendawangan,Selimantan Jaya,"Rabu, 23 September 2026 13:12:00",NASA-NOAA20,Medium,110.5423,-2.21228,False,False,False,False,False,False,Di Luar Area Pantauan (>1000m dari Desa)
Kendawangan,Sungai Jelayan,"Rabu, 23 September 2026 13:12:00",NASA-NOAA20,Medium,110.43855,-2.24844,False,False,False,False,False,False,Di Luar Area Pantauan (>1000m dari Desa)
Marau,Rangkung,"Rabu, 23 September 2026 13:12:00",NASA-NOAA20,Medium,110.52458,-2.2116,False,False,False,False,False,False,Di Luar Area Pantauan (>1000m dari Desa)
Marau,Rangkung,"Rabu, 23 September 2026 13:12:00",NASA-NOAA20,Medium,110.52409,-2.20829,False,False,False,False,False,False,Di Luar Area Pantauan (>1000m dari Desa)
Matan Hilir Selatan,Pagar Mentimun,"Rabu, 23 September 2026 13:12:00",NASA-NOAA20,Medium,110.2219,-2.23417,False,False,False,False,False,False,Di Luar Area Pantauan (>1000m dari Desa)
Kendawangan,Pangkalan Batu,"Rabu, 23 September 2026 13:12:00",NASA-NOAA20,Medium,110.41389,-2.16058,False,False,False,False,False,False,Di Luar Area Pantauan (>1000m dari Desa)
Matan Hilir Selatan,Sungai Nanjung,"Rabu, 23 September 2026 13:12:00",NASA-NOAA20,Medium,110.17529,-2.18683,False,False,False,False,False,False,Di Luar Area Pantauan (>1000m dari Desa)
Jelai Hulu,Semantun,"Rabu, 23 September 2026 13:12:00",NASA-NOAA20,Medium,111.04274,-2.051,False,False,False,False,False,False,Di Luar Area Pantauan (>1000m dari Desa)
Jelai Hulu,Semantun,"Rabu, 23 September 2026 13:12:00",NASA-NOAA20,Medium,111.03223,-2.0526,False,False,False,False,False,False,Di Luar Area Pantauan (>1000m dari Desa)
Jelai Hulu,Semantun,"Rabu, 23 September 2026 13:12:00",NASA-NOAA20,Medium,111.03174,-2.04927,False,False,False,False,False,False,Di Luar Area Pantauan (>1000m dari Desa)
Kendawangan,Pangkalan Batu,"Rabu, 23 September 2026 13:12:00",NASA-NOAA20,Medium,110.34156,-2.12426,False,False,False,False,False,False,Di Luar Area Pantauan (>1000m dari Desa)
Kendawangan,Mekar Utama,"Rabu, 23 September 2026 13:12:00",NASA-NOAA20,Medium,110.22739,-2.27052,False,False,False,False,False,False,Di Luar Area Pantauan (>1000m dari Desa)
Kendawangan,Selimantan Jaya,"Rabu, 23 September 2026 13:12:00",NASA-NOAA20,Medium,110.5433,-2.2189,False,False,False,False,False,False,Di Luar Area Pantauan (>1000m dari Desa)
Kendawangan,Sungai Jelayan,"Rabu, 23 September 2026 13:12:00",NASA-NOAA20,Medium,110.4356,-2.25227,False,False,False,False,False,False,Di Luar Area Pantauan (>1000m dari Desa)
Kendawangan,Sungai Jelayan,"Rabu, 23 September 2026 13:12:00",NASA-NOAA20,Medium,110.42872,-2.25332,False,False,False,False,False,False,Di Luar Area Pantauan (>1000m dari Desa)
Kendawangan,Selimantan Jaya,"Rabu, 23 September 2026 13:12:00",NASA-NOAA20,Medium,110.53886,-2.2128,False,False,False,False,False,False,Di Luar Area Pantauan (>1000m dari Desa)
Kendawangan,Selimantan Jaya,"Rabu, 23 September 2026 13:12:00",NASA-NOAA20,Medium,110.53986,-2.21942,False,False,False,False,False,False,Di Luar Area Pantauan (>1000m dari Desa)
Marau,Rangkung,"Rabu, 23 September 2026 13:12:00",NASA-NOAA20,Medium,110.52752,-2.20776,False,False,False,False,False,False,Di Luar Area Pantauan (>1000m dari Desa)
Kendawangan,Sungai Jelayan,"Rabu, 23 September 2026 13:12:00",NASA-NOAA20,Medium,110.40952,-2.24272,False,False,False,False,False,False,Di Luar Area Pantauan (>1000m dari Desa)
Matan Hilir Selatan,Pagar Mentimun,"Rabu, 23 September 2026 13:12:00",NASA-NOAA20,Medium,110.1386,-2.28744,False,False,False,True,False,True,Di Luar Area Pantauan (>1000m dari Desa)
Kendawangan,Sungai Jelayan,"Rabu, 23 September 2026 13:12:00",NASA-NOAA20,Medium,110.4351,-2.24896,False,False,False,False,False,False,Di Luar Area Pantauan (>1000m dari Desa)
Kendawangan,Sungai Jelayan,"Rabu, 23 September 2026 13:12:00",NASA-NOAA20,Medium,110.42577,-2.25715,False,False,False,False,False,False,Di Luar Area Pantauan (>1000m dari Desa)
Matan Hilir Selatan,Pagar Mentimun,"Rabu, 23 September 2026 13:12:00",NASA-NOAA20,Medium,110.15776,-2.29804,False,False,False,False,False,False,Di Luar Area Pantauan (>1000m dari Desa)
Kendawangan,Kedondong,"Rabu, 23 September 2026 13:12:00",NASA-NOAA20,Medium,110.32855,-2.28889,False,False,False,False,False,False,Di Luar Area Pantauan (>1000m dari Desa)
Kendawangan,Selimantan Jaya,"Rabu, 23 September 2026 13:12:00",NASA-NOAA20,Medium,110.51579,-2.2468,False,False,False,False,False,False,Di Luar Area Pantauan (>1000m dari Desa)
Jelai Hulu,Semantun,"Rabu, 23 September 2026 13:12:00",NASA-NOAA20,Medium,111.04545,-2.08748,False,False,False,False,False,False,Di Luar Area Pantauan (>1000m dari Desa)
Matan Hilir Selatan,Pagar Mentimun,"Rabu, 23 September 2026 13:12:00",NASA-NOAA20,Medium,110.16055,-2.22326,False,False,True,False,False,True,Di Luar Area Pantauan (>1000m dari Desa)
Jelai Hulu,Semantun,"Rabu, 23 September 2026 13:12:00",NASA-NOAA20,Medium,111.04194,-2.08802,False,False,False,False,False,False,Di Luar Area Pantauan (>1000m dari Desa)
Matan Hilir Selatan,Pagar Mentimun,"Rabu, 23 September 2026 13:12:00",NASA-NOAA20,Medium,110.19488,-2.21801,False,False,False,False,False,False,Di Luar Area Pantauan (>1000m dari Desa)
Matan Hilir Selatan,Pagar Mentimun,"Rabu, 23 September 2026 13:12:00",NASA-NOAA20,Medium,110.20175,-2.21697,False,False,False,False,False,False,Di Luar Area Pantauan (>1000m dari Desa)
Matan Hilir Selatan,Pagar Mentimun,"Rabu, 23 September 2026 13:12:00",NASA-NOAA20,Medium,110.15367,-2.2243,False,False,False,False,False,False,Di Luar Area Pantauan (>1000m dari Desa)
Matan Hilir Selatan,Pagar Mentimun,"Rabu, 23 September 2026 13:12:00",NASA-NOAA20,Medium,110.17435,-2.20388,False,False,False,False,False,False,Di Luar Area Pantauan (>1000m dari Desa)
Jelai Hulu,Semantun,"Rabu, 23 September 2026 13:12:00",NASA-NOAA20,Medium,111.03896,-2.09189,False,False,False,False,False,False,Di Luar Area Pantauan (>1000m dari Desa)
Matan Hilir Selatan,Pagar Mentimun,"Rabu, 23 September 2026 13:12:00",NASA-NOAA20,Medium,110.20225,-2.22027,False,False,False,False,False,False,Di Luar Area Pantauan (>1000m dari Desa)
Matan Hilir Selatan,Sungai Nanjung,"Rabu, 23 September 2026 13:12:00",NASA-NOAA20,Medium,110.28867,-2.1932,False,False,False,False,True,True,Di Luar Area Pantauan (>1000m dari Desa)
Kendawangan,Pangkalan Batu,"Rabu, 23 September 2026 13:12:00",NASA-NOAA20,Medium,110.34106,-2.12096,False,False,False,False,False,False,Di Luar Area Pantauan (>1000m dari Desa)
Matan Hilir Selatan,Sungai Nanjung,"Rabu, 23 September 2026 13:12:00",NASA-NOAA20,Medium,110.20414,-2.14525,False,False,True,True,False,True,Di Luar Area Pantauan (>1000m dari Desa)
Matan Hilir Selatan,Sungai Nanjung,"Rabu, 23 September 2026 13:12:00",NASA-NOAA20,Medium,110.18792,-2.13082,False,False,True,True,False,True,Di Luar Area Pantauan (>1000m dari Desa)
Matan Hilir Selatan,Sungai Nanjung,"Rabu, 23 September 2026 13:12:00",NASA-NOAA20,Medium,110.25711,-2.12364,False,False,False,False,False,False,Di Luar Area Pantauan (>1000m dari Desa)
Matan Hilir Selatan,Sungai Nanjung,"Rabu, 23 September 2026 13:12:00",NASA-NOAA20,Medium,110.18449,-2.13135,False,False,True,True,False,True,Di Luar Area Pantauan (>1000m dari Desa)
Matan Hilir Selatan,Sungai Nanjung,"Rabu, 23 September 2026 13:12:00",NASA-NOAA20,Medium,110.13249,-2.1359,False,False,False,True,False,True,Di Luar Area Pantauan (>1000m dari Desa)
Matan Hilir Selatan,Sungai Nanjung,"Rabu, 23 September 2026 13:12:00",NASA-NOAA20,Medium,110.25124,-2.1313,False,False,False,True,False,True,Di Luar Area Pantauan (>1000m dari Desa)
Matan Hilir Selatan,Sungai Nanjung,"Rabu, 23 September 2026 13:12:00",NASA-NOAA20,Medium,110.13299,-2.13921,False,False,False,True,False,True,Di Luar Area Pantauan (>1000m dari Desa)
Matan Hilir Selatan,Sungai Nanjung,"Rabu, 23 September 2026 13:12:00",NASA-NOAA20,Medium,110.12905,-2.13643,False,False,False,True,False,True,Di Luar Area Pantauan (>1000m dari Desa)
Kendawangan,Sungai Jelayan,"Rabu, 23 September 2026 13:12:00",NASA-NOAA20,Medium,110.44199,-2.24791,False,False,False,False,False,False,Di Luar Area Pantauan (>1000m dari Desa)
Kendawangan,Pangkalan Batu,"Rabu, 23 September 2026 13:12:00",NASA-NOAA20,Medium,110.38739,-2.23595,False,False,False,False,False,False,Di Luar Area Pantauan (>1000m dari Desa)
Kendawangan,Selimantan Jaya,"Rabu, 23 September 2026 13:12:00",NASA-NOAA20,Medium,110.53542,-2.21333,False,False,False,False,False,False,Di Luar Area Pantauan (>1000m dari Desa)
Marau,Rangkung,"Rabu, 23 September 2026 13:12:00",NASA-NOAA20,Medium,110.53836,-2.20949,False,False,False,False,False,False,Di Luar Area Pantauan (>1000m dari Desa)
Marau,Suka Karya,"Rabu, 23 September 2026 13:12:00",NASA-NOAA20,Medium,110.71053,-2.17976,False,False,False,False,False,False,Di Luar Area Pantauan (>1000m dari Desa)
Matan Hilir Selatan,Pematang Gadung,"Rabu, 23 September 2026 13:12:00",NASA-NOAA20,Medium,110.28279,-1.9941,False,False,True,True,False,True,Di Luar Area Pantauan (>1000m dari Desa)
Tumbang Titi,Nanga Kelampai,"Rabu, 23 September 2026 13:12:00",NASA-NOAA20,Medium,110.5799,-1.95539,False,False,False,False,False,False,Di Luar Area Pantauan (>1000m dari Desa)
Matan Hilir Selatan,Kemuning Biutak,"Rabu, 23 September 2026 13:12:00",NASA-NOAA20,Medium,110.40897,-1.8798,False,False,False,False,False,False,Di Luar Area Pantauan (>1000m dari Desa)
Matan Hilir Selatan,Pematang Gadung,"Rabu, 23 September 2026 13:12:00",NASA-NOAA20,Medium,110.20865,-1.92732,False,False,True,True,False,True,Di Luar Area Pantauan (>1000m dari Desa)
Matan Hilir Selatan,Pematang Gadung,"Rabu, 23 September 2026 13:12:00",NASA-NOAA20,Medium,110.20571,-1.93115,False,False,True,True,False,True,Di Luar Area Pantauan (>1000m dari Desa)
Matan Hilir Selatan,Sungai Pelang,"Rabu, 23 September 2026 13:12:00",NASA-NOAA20,Medium,110.22414,-1.84668,False,False,True,True,False,True,Di Luar Area Pantauan (>1000m dari Desa)
Nanga Tayap,Batu Mas,"Rabu, 23 September 2026 13:12:00",NASA-NOAA20,Medium,110.54373,-1.68597,False,False,False,False,False,False,Di Luar Area Pantauan (>1000m dari Desa)
Benua Kayong,Negeri Baru,"Rabu, 23 September 2026 13:12:00",NASA-NOAA20,Medium,110.19362,-1.80738,False,False,False,True,False,True,Di Luar Area Pantauan (>1000m dari Desa)
Benua Kayong,Negeri Baru,"Rabu, 23 September 2026 13:12:00",NASA-NOAA20,Medium,110.23579,-1.78403,False,False,False,True,False,True,Di Luar Area Pantauan (>1000m dari Desa)
Tumbang Titi,Beringin Rayo,"Rabu, 23 September 2026 13:12:00",NASA-NOAA20,Medium,110.83991,-1.67476,False,False,True,False,False,True,Di Luar Area Pantauan (>1000m dari Desa)
Muara Pawan,Mayak,"Rabu, 23 September 2026 13:12:00",NASA-NOAA20,Medium,110.20677,-1.74078,False,False,False,True,False,True,Di Luar Area Pantauan (>1000m dari Desa)
Tumbang Titi,Beringin Rayo,"Rabu, 23 September 2026 13:12:00",NASA-NOAA20,Medium,110.83694,-1.67861,False,False,True,False,False,True,Di Luar Area Pantauan (>1000m dari Desa)
Tumbang Titi,Beringin Rayo,"Rabu, 23 September 2026 13:12:00",NASA-NOAA20,Medium,110.84335,-1.67423,False,False,True,False,False,True,Di Luar Area Pantauan (>1000m dari Desa)
Pemahan,Muara Semayok,"Rabu, 23 September 2026 13:12:00",NASA-NOAA20,Medium,110.53782,-1.69365,False,False,False,False,False,False,Di Luar Area Pantauan (>1000m dari Desa)
Muara Pawan,Mayak,"Rabu, 23 September 2026 13:12:00",NASA-NOAA20,Medium,110.1827,-1.72079,False,False,False,False,False,False,Di Luar Area Pantauan (>1000m dari Desa)
Nanga Tayap,Siantau Raya,"Rabu, 23 September 2026 13:12:00",NASA-NOAA20,Medium,110.44756,-1.68033,False,False,False,False,False,False,Di Luar Area Pantauan (>1000m dari Desa)
Muara Pawan,Mayak,"Rabu, 23 September 2026 13:12:00",NASA-NOAA20,Medium,110.15572,-1.72829,False,False,False,True,False,True,Di Luar Area Pantauan (>1000m dari Desa)
Muara Pawan,Mayak,"Rabu, 23 September 2026 13:12:00",NASA-NOAA20,Medium,110.16109,-1.71733,False,False,True,True,False,True,Di Luar Area Pantauan (>1000m dari Desa)
Muara Pawan,Mayak,"Rabu, 23 September 2026 13:12:00",NASA-NOAA20,Medium,110.15965,-1.73107,False,False,True,True,False,True,Di Luar Area Pantauan (>1000m dari Desa)
Nanga Tayap,Siantau Raya,"Rabu, 23 September 2026 13:12:00",NASA-NOAA20,Medium,110.46431,-1.67438,False,False,False,False,False,False,Di Luar Area Pantauan (>1000m dari Desa)
Muara Pawan,Mayak,"Rabu, 23 September 2026 13:12:00",NASA-NOAA20,Medium,110.16797,-1.71628,False,False,True,True,False,True,Di Luar Area Pantauan (>1000m dari Desa)
Muara Pawan,Tanjung Pura,"Rabu, 23 September 2026 13:12:00",NASA-NOAA20,Medium,110.19149,-1.70931,False,False,True,True,False,True,Di Luar Area Pantauan (>1000m dari Desa)
Muara Pawan,Mayak,"Rabu, 23 September 2026 13:12:00",NASA-NOAA20,Medium,110.14144,-1.70342,False,False,True,True,False,True,Di Luar Area Pantauan (>1000m dari Desa)
Jelai Hulu,Pangkalan Suka,"Rabu, 23 September 2026 13:12:00",NASA-NOAA20,Medium,110.94731,-1.91941,False,False,True,False,False,True,Di Luar Area Pantauan (>1000m dari Desa)
Matan Hilir Selatan,Pesaguan Kanan,"Rabu, 23 September 2026 13:12:00",NASA-NOAA20,Medium,110.33444,-2.03356,False,False,False,True,False,True,Di Luar Area Pantauan (>1000m dari Desa)
Matan Hilir Selatan,Pesaguan Kanan,"Rabu, 23 September 2026 13:12:00",NASA-NOAA20,Medium,110.2991,-2.03219,False,False,True,False,False,True,Di Luar Area Pantauan (>1000m dari Desa)
Muara Pawan,Mayak,"Rabu, 23 September 2026 13:12:00",NASA-NOAA20,Medium,110.13113,-1.705,False,False,True,True,False,True,Di Luar Area Pantauan (>1000m dari Desa)
Jelai Hulu,Karang Dangin,"Rabu, 23 September 2026 13:12:00",NASA-NOAA20,Medium,110.93137,-1.90823,False,False,False,False,False,False,Di Luar Area Pantauan (>1000m dari Desa)
Jelai Hulu,Karang Dangin,"Rabu, 23 September 2026 13:12:00",NASA-NOAA20,Medium,110.90594,-1.90532,False,False,False,False,False,False,Di Luar Area Pantauan (>1000m dari Desa)
Matan Hilir Selatan,Pematang Gadung,"Rabu, 23 September 2026 13:12:00",NASA-NOAA20,Medium,110.31826,-1.97823,False,False,True,True,False,True,Di Luar Area Pantauan (>1000m dari Desa)
Matan Hilir Selatan,Pesaguan Kanan,"Rabu, 23 September 2026 13:12:00",NASA-NOAA20,Medium,110.21757,-2.02773,False,False,False,True,False,True,Di Luar Area Pantauan (>1000m dari Desa)
Muara Pawan,Tanjung Pura,"Rabu, 23 September 2026 13:12:00",NASA-NOAA20,Medium,110.15711,-1.69089,False,False,True,True,False,True,Di Luar Area Pantauan (>1000m dari Desa)
Nanga Tayap,Betenung,"Rabu, 23 September 2026 13:12:00",NASA-NOAA20,Medium,110.84907,-1.57149,False,False,True,False,False,True,Di Luar Area Pantauan (>1000m dari Desa)
Jelai Hulu,Pangkalan Suka,"Rabu, 23 September 2026 13:12:00",NASA-NOAA20,Medium,110.94781,-1.92274,False,False,False,False,False,False,Di Luar Area Pantauan (>1000m dari Desa)
Muara Pawan,Tanjung Pura,"Rabu, 23 September 2026 13:12:00",NASA-NOAA20,Medium,110.11983,-1.69996,False,False,True,True,False,True,Di Luar Area Pantauan (>1000m dari Desa)
Muara Pawan,Tanjung Pura,"Rabu, 23 September 2026 13:12:00",NASA-NOAA20,Medium,110.13944,-1.69021,False,False,True,True,False,True,Di Luar Area Pantauan (>1000m dari Desa)
Muara Pawan,Tanjung Pura,"Rabu, 23 September 2026 13:12:00",NASA-NOAA20,Medium,110.14581,-1.68585,False,False,True,True,False,True,Di Luar Area Pantauan (>1000m dari Desa)
Matan Hilir Selatan,Pesaguan Kanan,"Rabu, 23 September 2026 13:12:00",NASA-NOAA20,Medium,110.21363,-2.02495,False,False,False,True,False,True,Di Luar Area Pantauan (>1000m dari Desa)
Jelai Hulu,Karang Dangin,"Rabu, 23 September 2026 13:12:00",NASA-NOAA20,Medium,110.93185,-1.91156,False,False,True,False,False,True,Di Luar Area Pantauan (>1000m dari Desa)
Matan Hilir Selatan,Pematang Gadung,"Rabu, 23 September 2026 13:12:00",NASA-NOAA20,Medium,110.2755,-1.9746,False,False,True,True,False,True,Di Luar Area Pantauan (>1000m dari Desa)
Matan Hilir Selatan,Pematang Gadung,"Rabu, 23 September 2026 13:12:00",NASA-NOAA20,Medium,110.33295,-1.95908,False,False,True,True,False,True,Di Luar Area Pantauan (>1000m dari Desa)
Matan Hilir Selatan,Pematang Gadung,"Rabu, 23 September 2026 13:12:00",NASA-NOAA20,Medium,110.21257,-1.93011,False,False,True,True,False,True,Di Luar Area Pantauan (>1000m dari Desa)
Matan Hilir Selatan,Sungai Besar,"Rabu, 23 September 2026 13:12:00",NASA-NOAA20,Medium,110.21194,-1.88234,False,False,True,True,False,True,Di Luar Area Pantauan (>1000m dari Desa)
Benua Kayong,Negeri Baru,"Rabu, 23 September 2026 13:12:00",NASA-NOAA20,Medium,110.17696,-1.8133,False,False,False,True,False,True,Di Luar Area Pantauan (>1000m dari Desa)
Matan Hilir Selatan,Pematang Gadung,"Rabu, 23 September 2026 13:12:00",NASA-NOAA20,Medium,110.18179,-1.98213,False,False,False,True,False,True,Di Luar Area Pantauan (>1000m dari Desa)
Matan Hilir Selatan,Pematang Gadung,"Rabu, 23 September 2026 13:12:00",NASA-NOAA20,Medium,110.21906,-1.97307,False,False,True,True,False,True,Di Luar Area Pantauan (>1000m dari Desa)
Jelai Hulu,Pasir Mayang,"Rabu, 23 September 2026 13:12:00",NASA-NOAA20,Medium,110.79816,-1.83375,False,False,False,False,False,False,Di Luar Area Pantauan (>1000m dari Desa)
Matan Hilir Selatan,Sungai Besar,"Rabu, 23 September 2026 13:12:00",NASA-NOAA20,Medium,110.16933,-1.89952,False,False,True,True,False,True,Di Luar Area Pantauan (>1000m dari Desa)
Matan Hilir Selatan,Kemuning Biutak,"Rabu, 23 September 2026 13:12:00",NASA-NOAA20,Medium,110.40504,-1.87701,False,False,False,False,False,False,Di Luar Area Pantauan (>1000m dari Desa)
Matan Hilir Selatan,Sungai Besar,"Rabu, 23 September 2026 13:12:00",NASA-NOAA20,Medium,110.21145,-1.87904,False,False,True,True,False,True,Di Luar Area Pantauan (>1000m dari Desa)
Jelai Hulu,Pasir Mayang,"Rabu, 23 September 2026 13:12:00",NASA-NOAA20,Medium,110.78272,-1.7818,False,False,False,False,False,False,Di Luar Area Pantauan (>1000m dari Desa)
Jelai Hulu,Pasir Mayang,"Rabu, 23 September 2026 13:12:00",NASA-NOAA20,Medium,110.79476,-1.79016,False,False,False,False,False,False,Di Luar Area Pantauan (>1000m dari Desa)
Matan Hilir Selatan,Sungai Pelang,"Rabu, 23 September 2026 13:12:00",NASA-NOAA20,Medium,110.19517,-1.84095,False,False,False,True,False,True,Di Luar Area Pantauan (>1000m dari Desa)
Matan Hilir Selatan,Pematang Gadung,"Rabu, 23 September 2026 13:12:00",NASA-NOAA20,Medium,110.26598,-1.88813,False,False,True,True,False,True,Di Luar Area Pantauan (>1000m dari Desa)
Matan Hilir Selatan,Sungai Besar,"Rabu, 23 September 2026 13:12:00",NASA-NOAA20,Medium,110.17662,-1.88097,False,False,True,True,False,True,Di Luar Area Pantauan (>1000m dari Desa)
Matan Hilir Selatan,Sungai Pelang,"Rabu, 23 September 2026 13:12:00",NASA-NOAA20,Medium,110.1986,-1.84043,False,False,False,True,False,True,Di Luar Area Pantauan (>1000m dari Desa)
Matan Hilir Selatan,Sungai Besar,"Rabu, 23 September 2026 13:12:00",NASA-NOAA20,Medium,110.23063,-1.88678,False,False,True,False,False,True,Di Luar Area Pantauan (>1000m dari Desa)
Matan Hilir Selatan,Sungai Besar,"Rabu, 23 September 2026 13:12:00",NASA-NOAA20,Medium,110.22563,-1.85659,False,False,True,True,False,True,Di Luar Area Pantauan (>1000m dari Desa)
Matan Hilir Selatan,Sungai Pelang,"Rabu, 23 September 2026 13:12:00",NASA-NOAA20,Medium,110.22464,-1.84998,False,False,True,True,False,True,Di Luar Area Pantauan (>1000m dari Desa)
Jelai Hulu,Pasir Mayang,"Rabu, 23 September 2026 13:12:00",NASA-NOAA20,Medium,110.82442,-1.81952,False,False,False,False,False,False,Di Luar Area Pantauan (>1000m dari Desa)
Matan Hilir Selatan,Kemuning Biutak,"Rabu, 23 September 2026 13:12:00",NASA-NOAA20,Medium,110.40553,-1.88032,False,False,False,False,False,False,Di Luar Area Pantauan (>1000m dari Desa)
Tumbang Titi,Segar Wangi,"Rabu, 23 September 2026 13:12:00",NASA-NOAA20,Medium,110.53602,-1.85696,False,False,False,False,False,False,Di Luar Area Pantauan (>1000m dari Desa)
Matan Hilir Selatan,Pematang Gadung,"Rabu, 23 September 2026 13:12:00",NASA-NOAA20,Medium,110.27435,-1.897,False,False,True,True,False,True,Di Luar Area Pantauan (>1000m dari Desa)
Matan Hilir Selatan,Sungai Besar,"Rabu, 23 September 2026 13:12:00",NASA-NOAA20,Medium,110.21395,-1.89271,False,False,True,True,False,True,Di Luar Area Pantauan (>1000m dari Desa)
Matan Hilir Selatan,Sungai Besar,"Rabu, 23 September 2026 13:12:00",NASA-NOAA20,Medium,110.187,-1.9002,False,False,True,True,False,True,Di Luar Area Pantauan (>1000m dari Desa)
Matan Hilir Selatan,Sungai Besar,"Rabu, 23 September 2026 13:12:00",NASA-NOAA20,Medium,110.21002,-1.88993,False,False,True,True,False,True,Di Luar Area Pantauan (>1000m dari Desa)
Matan Hilir Selatan,Sungai Besar,"Rabu, 23 September 2026 13:12:00",NASA-NOAA20,Medium,110.22269,-1.86042,False,False,True,True,False,True,Di Luar Area Pantauan (>1000m dari Desa)
Matan Hilir Selatan,Sungai Besar,"Rabu, 23 September 2026 13:12:00",NASA-NOAA20,Medium,110.23201,-1.85224,False,False,True,True,False,True,Di Luar Area Pantauan (>1000m dari Desa)
Sungai Melayu Rayak,Sungai Melayu,"Rabu, 23 September 2026 13:12:00",NASA-NOAA20,Medium,110.31782,-1.75429,False,False,False,True,False,True,Di Luar Area Pantauan (>1000m dari Desa)
Jelai Hulu,Karang Dangin,"Rabu, 23 September 2026 13:12:00",NASA-NOAA20,Medium,110.9616,-1.68973,False,False,True,False,False,True,Di Luar Area Pantauan (>1000m dari Desa)
Matan Hilir Selatan,Sungai Pelang,"Rabu, 23 September 2026 13:12:00",NASA-NOAA20,Medium,110.1981,-1.83712,False,False,False,True,False,True,Di Luar Area Pantauan (>1000m dari Desa)
Benua Kayong,Negeri Baru,"Rabu, 23 September 2026 13:12:00",NASA-NOAA20,Medium,110.17746,-1.81661,False,False,False,True,False,True,Di Luar Area Pantauan (>1000m dari Desa)
Sungai Melayu Rayak,Makmur Abadi,"Rabu, 23 September 2026 13:12:00",NASA-NOAA20,Medium,110.23232,-1.74703,False,False,False,True,False,True,Di Luar Area Pantauan (>1000m dari Desa)
Muara Pawan,Mayak,"Rabu, 23 September 2026 13:12:00",NASA-NOAA20,Medium,110.1352,-1.79264,False,False,False,False,False,False,Di Luar Area Pantauan (>1000m dari Desa)
Sungai Melayu Rayak,Makmur Abadi,"Rabu, 23 September 2026 13:12:00",NASA-NOAA20,Medium,110.21806,-1.74582,False,False,False,False,False,False,Di Luar Area Pantauan (>1000m dari Desa)
Nanga Tayap,Siantau Raya,"Rabu, 23 September 2026 13:12:00",NASA-NOAA20,Medium,110.44907,-1.69026,False,False,False,False,False,False,Di Luar Area Pantauan (>1000m dari Desa)
Nanga Tayap,Batu Mas,"Rabu, 23 September 2026 13:12:00",NASA-NOAA20,Medium,110.54322,-1.68266,False,False,False,False,False,False,Di Luar Area Pantauan (>1000m dari Desa)
Tumbang Titi,Beringin Rayo,"Rabu, 23 September 2026 13:12:00",NASA-NOAA20,Medium,110.84718,-1.67705,False,False,True,False,False,True,Di Luar Area Pantauan (>1000m dari Desa)
Sungai Melayu Rayak,Makmur Abadi,"Rabu, 23 September 2026 13:12:00",NASA-NOAA20,Medium,110.23924,-1.76964,False,False,False,True,False,True,Di Luar Area Pantauan (>1000m dari Desa)
Tumbang Titi,Beringin Rayo,"Rabu, 23 September 2026 13:12:00",NASA-NOAA20,Medium,110.83648,-1.67528,False,False,True,False,False,True,Di Luar Area Pantauan (>1000m dari Desa)
Sungai Melayu Rayak,Makmur Abadi,"Rabu, 23 September 2026 13:12:00",NASA-NOAA20,Medium,110.22837,-1.74425,False,False,True,True,False,True,Di Luar Area Pantauan (>1000m dari Desa)
Sungai Melayu Rayak,Makmur Abadi,"Rabu, 23 September 2026 13:12:00",NASA-NOAA20,Medium,110.2372,-1.73276,False,False,True,True,False,True,Di Luar Area Pantauan (>1000m dari Desa)
Sungai Melayu Rayak,Makmur Abadi,"Rabu, 23 September 2026 13:12:00",NASA-NOAA20,Medium,110.23376,-1.73329,False,False,True,True,False,True,Di Luar Area Pantauan (>1000m dari Desa)
Pemahan,Muara Gerunggang,"Rabu, 23 September 2026 13:12:00",NASA-NOAA20,Medium,110.54273,-1.67934,False,False,False,False,False,False,Di Luar Area Pantauan (>1000m dari Desa)
Muara Pawan,Mayak,"Rabu, 23 September 2026 13:12:00",NASA-NOAA20,Medium,110.16016,-1.73437,False,False,True,True,False,True,Di Luar Area Pantauan (>1000m dari Desa)
Muara Pawan,Tanjung Pura,"Rabu, 23 September 2026 13:12:00",NASA-NOAA20,Medium,110.18457,-1.6867,False,False,True,True,False,True,Di Luar Area Pantauan (>1000m dari Desa)
Nanga Tayap,Betenung,"Rabu, 23 September 2026 13:12:00",NASA-NOAA20,Medium,110.84557,-1.57202,False,False,True,False,False,True,Di Luar Area Pantauan (>1000m dari Desa)
Nanga Tayap,Cegolak,"Rabu, 23 September 2026 13:12:00",NASA-NOAA20,Medium,110.7252,-1.64466,False,False,True,False,True,True,Di Luar Area Pantauan (>1000m dari Desa)
Muara Pawan,Tanjung Pura,"Rabu, 23 September 2026 13:12:00",NASA-NOAA20,Medium,110.22535,-1.70075,False,False,False,True,False,True,Di Luar Area Pantauan (>1000m dari Desa)
Nanga Tayap,Batu Mas,"Rabu, 23 September 2026 13:12:00",NASA-NOAA20,Medium,110.64889,-1.63257,False,False,False,False,False,False,Di Luar Area Pantauan (>1000m dari Desa)
Muara Pawan,Tanjung Pura,"Rabu, 23 September 2026 13:12:00",NASA-NOAA20,Medium,110.15417,-1.69472,False,False,True,True,False,True,Di Luar Area Pantauan (>1000m dari Desa)
Muara Pawan,Sungai Awan Kiri,"Rabu, 23 September 2026 13:12:00",NASA-NOAA20,Medium,110.06883,-1.71113,False,False,True,True,False,True,Di Luar Area Pantauan (>1000m dari Desa)
Muara Pawan,Tanjung Pura,"Rabu, 23 September 2026 13:12:00",NASA-NOAA20,Medium,110.15368,-1.69141,False,False,True,True,False,True,Di Luar Area Pantauan (>1000m dari Desa)
Muara Pawan,Tanjung Pura,"Rabu, 23 September 2026 13:12:00",NASA-NOAA20,Medium,110.14338,-1.69299,False,False,True,True,False,True,Di Luar Area Pantauan (>1000m dari Desa)
Muara Pawan,Tanjung Pura,"Rabu, 23 September 2026 13:12:00",NASA-NOAA20,Medium,110.12277,-1.69613,False,False,True,True,False,True,Di Luar Area Pantauan (>1000m dari Desa)
Muara Pawan,Mayak,"Rabu, 23 September 2026 13:12:00",NASA-NOAA20,Medium,110.16846,-1.71958,False,False,True,True,False,True,Di Luar Area Pantauan (>1000m dari Desa)
Muara Pawan,Mayak,"Rabu, 23 September 2026 13:12:00",NASA-NOAA20,Medium,110.11739,-1.7071,False,False,True,True,False,True,Di Luar Area Pantauan (>1000m dari Desa)
Muara Pawan,Tanjung Pura,"Rabu, 23 September 2026 13:12:00",NASA-NOAA20,Medium,110.13651,-1.69404,False,False,True,True,False,True,Di Luar Area Pantauan (>1000m dari Desa)
Muara Pawan,Tanjung Pura,"Rabu, 23 September 2026 13:12:00",NASA-NOAA20,Medium,110.15318,-1.68811,False,False,True,True,False,True,Di Luar Area Pantauan (>1000m dari Desa)
Nanga Tayap,Betenung,"Rabu, 23 September 2026 13:12:00",NASA-NOAA20,Medium,110.84457,-1.56537,False,False,True,False,False,True,Di Luar Area Pantauan (>1000m dari Desa)
Muara Pawan,Tempurukan,"Rabu, 23 September 2026 13:12:00",NASA-NOAA20,Medium,110.07803,-1.68213,False,False,False,True,False,True,Di Luar Area Pantauan (>1000m dari Desa)
Muara Pawan,Tempurukan,"Rabu, 23 September 2026 13:12:00",NASA-NOAA20,Medium,110.08147,-1.68161,False,False,False,True,False,True,Di Luar Area Pantauan (>1000m dari Desa)
Muara Pawan,Tanjung Pura,"Rabu, 23 September 2026 13:12:00",NASA-NOAA20,Medium,110.15013,-1.67114,False,False,True,True,False,True,Di Luar Area Pantauan (>1000m dari Desa)
Kendawangan,Sungai Jelayan,"Rabu, 23 September 2026 13:12:00",NASA-NOAA20,Medium,110.48035,-2.24544,False,False,False,False,False,False,Di Luar Area Pantauan (>1000m dari Desa)
Kendawangan,Pangkalan Batu,"Rabu, 23 September 2026 13:12:00",NASA-NOAA20,Medium,110.41041,-2.20198,False,False,False,False,False,False,Di Luar Area Pantauan (>1000m dari Desa)
Matan Hilir Selatan,Sungai Besar,"Rabu, 23 September 2026 12:53:00",NASA-SNPP,Medium,110.24714,-1.85943,False,False,False,True,False,True,Di Luar Area Pantauan (>1000m dari Desa)
Matan Hilir Utara,Lamon Satong,"Rabu, 23 September 2026 00:32:00",NASA-NOAA20,Medium,110.20485,-1.40009,False,False,False,True,False,True,Di Luar Area Pantauan (>1000m dari Desa)
Matan Hilir Utara,Lamon Satong,"Rabu, 23 September 2026 00:32:00",NASA-NOAA20,Medium,110.20834,-1.40065,False,False,False,True,False,True,Di Luar Area Pantauan (>1000m dari Desa)
Nanga Tayap,Lembah Hijau Dua,"Rabu, 23 September 2026 00:32:00",NASA-NOAA20,Medium,110.48847,-1.59516,False,False,True,False,False,True,Di Luar Area Pantauan (>1000m dari Desa)
Nanga Tayap,Lembah Hijau Dua,"Rabu, 23 September 2026 00:32:00",NASA-NOAA20,Medium,110.49506,-1.59625,False,False,True,False,False,True,Di Luar Area Pantauan (>1000m dari Desa)
Nanga Tayap,Batu Mas,"Rabu, 23 September 2026 00:32:00",NASA-NOAA20,Medium,110.64677,-1.63216,False,False,False,False,False,False,Di Luar Area Pantauan (>1000m dari Desa)
Tumbang Titi,Beringin Rayo,"Rabu, 23 September 2026 00:32:00",NASA-NOAA20,Medium,110.84038,-1.67468,False,False,True,False,False,True,Di Luar Area Pantauan (>1000m dari Desa)
Nanga Tayap,Betenung,"Rabu, 23 September 2026 00:32:00",NASA-NOAA20,Medium,110.84508,-1.56257,False,False,True,False,False,True,Di Luar Area Pantauan (>1000m dari Desa)
Nanga Tayap,Kayong Utara,"Rabu, 23 September 2026 00:32:00",NASA-NOAA20,Medium,110.65999,-1.51601,False,False,False,False,False,False,Di Luar Area Pantauan (>1000m dari Desa)
Nanga Tayap,Betenung,"Rabu, 23 September 2026 00:32:00",NASA-NOAA20,Medium,110.84201,-1.56207,False,False,True,False,False,True,Di Luar Area Pantauan (>1000m dari Desa)
Nanga Tayap,Lembah Hijau Satu,"Rabu, 23 September 2026 00:32:00",NASA-NOAA20,Medium,110.47946,-1.58821,False,False,True,False,False,True,Di Luar Area Pantauan (>1000m dari Desa)
Nanga Tayap,Lembah Hijau Satu,"Rabu, 23 September 2026 00:32:00",NASA-NOAA20,Medium,110.49023,-1.58454,False,False,False,False,False,False,Di Luar Area Pantauan (>1000m dari Desa)
Nanga Tayap,Lembah Hijau Satu,"Rabu, 23 September 2026 00:32:00",NASA-NOAA20,Medium,110.49103,-1.57921,False,False,False,False,False,False,Di Luar Area Pantauan (>1000m dari Desa)
Matan Hilir Selatan,Sungai Besar,"Rabu, 23 September 2026 00:32:00",NASA-NOAA20,Medium,110.23768,-1.86269,False,False,True,True,False,True,Di Luar Area Pantauan (>1000m dari Desa)
Matan Hilir Selatan,Sungai Besar,"Rabu, 23 September 2026 00:32:00",NASA-NOAA20,Medium,110.24914,-1.87277,False,False,True,True,False,True,Di Luar Area Pantauan (>1000m dari Desa)
Kendawangan,Sungai Jelayan,"Rabu, 23 September 2026 00:32:00",NASA-NOAA20,Medium,110.42983,-2.25291,False,False,False,False,False,False,Di Luar Area Pantauan (>1000m dari Desa)
Matan Hilir Selatan,Pagar Mentimun,"Rabu, 23 September 2026 00:32:00",NASA-NOAA20,Medium,110.17165,-2.20457,False,False,False,False,False,False,Di Luar Area Pantauan (>1000m dari Desa)
Kendawangan,Sungai Jelayan,"Rabu, 23 September 2026 00:32:00",NASA-NOAA20,Medium,110.42657,-2.25237,False,False,False,False,False,False,Di Luar Area Pantauan (>1000m dari Desa)
Kendawangan,Sungai Jelayan,"Rabu, 23 September 2026 00:32:00",NASA-NOAA20,Medium,110.43809,-2.24344,False,False,False,False,False,False,Di Luar Area Pantauan (>1000m dari Desa)
Matan Hilir Selatan,Pagar Mentimun,"Rabu, 23 September 2026 00:32:00",NASA-NOAA20,Medium,110.17256,-2.1992,False,False,False,False,False,False,Di Luar Area Pantauan (>1000m dari Desa)
Kendawangan,Sungai Jelayan,"Rabu, 23 September 2026 00:32:00",NASA-NOAA20,Medium,110.43069,-2.24763,False,False,False,False,False,False,Di Luar Area Pantauan (>1000m dari Desa)
Kendawangan,Sungai Jelayan,"Rabu, 23 September 2026 00:32:00",NASA-NOAA20,Medium,110.43484,-2.2429,False,False,False,False,False,False,Di Luar Area Pantauan (>1000m dari Desa)
Kendawangan,Sungai Jelayan,"Rabu, 23 September 2026 00:32:00",NASA-NOAA20,Medium,110.43721,-2.24871,False,False,False,False,False,False,Di Luar Area Pantauan (>1000m dari Desa)
Nanga Tayap,Lembah Hijau Satu,"Rabu, 23 September 2026 00:32:00",NASA-NOAA20,Medium,110.48278,-1.58876,False,False,True,False,False,True,Di Luar Area Pantauan (>1000m dari Desa)
Nanga Tayap,Lembah Hijau Satu,"Rabu, 23 September 2026 00:32:00",NASA-NOAA20,Medium,110.48938,-1.58985,False,False,True,False,False,True,Di Luar Area Pantauan (>1000m dari Desa)
Nanga Tayap,Lembah Hijau Satu,"Rabu, 23 September 2026 00:32:00",NASA-NOAA20,Medium,110.49267,-1.5904,False,False,True,False,False,True,Di Luar Area Pantauan (>1000m dari Desa)
Nanga Tayap,Lembah Hijau Dua,"Rabu, 23 September 2026 00:32:00",NASA-NOAA20,Medium,110.49832,-1.59679,False,False,True,False,False,True,Di Luar Area Pantauan (>1000m dari Desa)
Nanga Tayap,Lembah Hijau Dua,"Rabu, 23 September 2026 00:32:00",NASA-NOAA20,Medium,110.46204,-1.59078,False,False,False,False,False,False,Di Luar Area Pantauan (>1000m dari Desa)
Nanga Tayap,Lembah Hijau Dua,"Rabu, 23 September 2026 00:32:00",NASA-NOAA20,Medium,110.47855,-1.59352,False,False,False,False,False,False,Di Luar Area Pantauan (>1000m dari Desa)
Nanga Tayap,Lembah Hijau Dua,"Rabu, 23 September 2026 00:32:00",NASA-NOAA20,Medium,110.48186,-1.59406,False,False,True,False,False,True,Di Luar Area Pantauan (>1000m dari Desa)
Singkup,Pantai Ketikal,"Rabu, 23 September 2026 00:32:00",NASA-NOAA20,Medium,110.72311,-2.4835,False,False,False,False,False,False,Di Luar Area Pantauan (>1000m dari Desa)
Singkup,Pantai Ketikal,"Rabu, 23 September 2026 00:32:00",NASA-NOAA20,Medium,110.72323,-2.4799,False,False,False,False,False,False,Di Luar Area Pantauan (>1000m dari Desa)
Singkup,Tanah Hitam,"Rabu, 23 September 2026 00:32:00",NASA-NOAA20,Medium,110.65351,-2.46168,False,False,False,False,False,False,Di Luar Area Pantauan (>1000m dari Desa)
Matan Hilir Selatan,Sungai Besar,"Rabu, 23 September 2026 00:32:00",NASA-NOAA20,Medium,110.24192,-1.85785,False,False,True,True,False,True,Di Luar Area Pantauan (>1000m dari Desa)
Matan Hilir Selatan,Pesaguan Kanan,"Rabu, 23 September 2026 00:32:00",NASA-NOAA20,Medium,110.20549,-2.02822,False,False,False,True,False,True,Di Luar Area Pantauan (>1000m dari Desa)
Matan Hilir Selatan,Sungai Nanjung,"Rabu, 23 September 2026 12:53:00",NASA-SNPP,Medium,110.19975,-2.12698,False,False,True,True,False,True,Di Luar Area Pantauan (>1000m dari Desa)
Kendawangan,Pembedilan,"Rabu, 23 September 2026 12:53:00",NASA-SNPP,Medium,110.32974,-2.79584,False,False,False,False,True,True,Di Luar Area Pantauan (>1000m dari Desa)
Muara Pawan,Mayak,"Rabu, 23 September 2026 12:53:00",NASA-SNPP,Medium,110.15943,-1.73015,False,False,True,True,False,True,Di Luar Area Pantauan (>1000m dari Desa)
Kendawangan,Pembedilan,"Rabu, 23 September 2026 12:53:00",NASA-SNPP,Medium,110.3831,-2.85616,False,False,False,False,True,True,Di Luar Area Pantauan (>1000m dari Desa)
Kendawangan,Pembedilan,"Rabu, 23 September 2026 12:53:00",NASA-SNPP,Medium,110.38873,-2.8644,False,False,False,False,True,True,Di Luar Area Pantauan (>1000m dari Desa)
Kendawangan,Pembedilan,"Rabu, 23 September 2026 12:53:00",NASA-SNPP,Medium,110.38937,-2.86885,False,False,False,False,True,True,Di Luar Area Pantauan (>1000m dari Desa)
Manis Mata,Sungai Buluh,"Rabu, 23 September 2026 12:53:00",NASA-SNPP,Medium,111.05453,-2.56035,False,False,False,False,False,False,Di Luar Area Pantauan (>1000m dari Desa)
Kendawangan,Seriam,"Rabu, 23 September 2026 12:53:00",NASA-SNPP,Medium,110.39459,-2.74713,False,False,False,False,True,True,Di Luar Area Pantauan (>1000m dari Desa)
Kendawangan,Kendawangan Kanan,"Rabu, 23 September 2026 12:53:00",NASA-SNPP,Medium,110.28173,-2.76885,False,False,False,True,True,True,Di Luar Area Pantauan (>1000m dari Desa)
Kendawangan,Kendawangan Kanan,"Rabu, 23 September 2026 12:53:00",NASA-SNPP,Medium,110.28809,-2.78159,False,False,False,True,True,True,Di Luar Area Pantauan (>1000m dari Desa)
Kendawangan,Danau Buntar,"Rabu, 23 September 2026 12:53:00",NASA-SNPP,Medium,110.96358,-2.78984,False,False,False,False,False,False,Di Luar Area Pantauan (>1000m dari Desa)
Kendawangan,Pembedilan,"Rabu, 23 September 2026 12:53:00",NASA-SNPP,Medium,110.36892,-2.88108,False,False,False,False,True,True,Di Luar Area Pantauan (>1000m dari Desa)
Kendawangan,Pembedilan,"Rabu, 23 September 2026 12:53:00",NASA-SNPP,Medium,110.434,-2.8711,False,False,False,False,True,True,Di Luar Area Pantauan (>1000m dari Desa)
Kendawangan,Pembedilan,"Rabu, 23 September 2026 12:53:00",NASA-SNPP,Medium,110.39263,-2.87618,False,False,False,False,True,True,Di Luar Area Pantauan (>1000m dari Desa)
Kendawangan,Natai Kuini,"Rabu, 23 September 2026 12:53:00",NASA-SNPP,Medium,110.84538,-2.83226,False,False,False,False,True,True,Di Luar Area Pantauan (>1000m dari Desa)
Kendawangan,Pembedilan,"Rabu, 23 September 2026 12:53:00",NASA-SNPP,Medium,110.37083,-2.87935,False,False,False,False,True,True,Di Luar Area Pantauan (>1000m dari Desa)
Kendawangan,Kendawangan Kanan,"Rabu, 23 September 2026 12:53:00",NASA-SNPP,Medium,110.28683,-2.77929,False,False,False,True,True,True,Di Luar Area Pantauan (>1000m dari Desa)
Kendawangan,Pembedilan,"Rabu, 23 September 2026 12:53:00",NASA-SNPP,Medium,110.3771,-2.78435,False,False,False,False,True,True,Di Luar Area Pantauan (>1000m dari Desa)
Kendawangan,Seriam,"Rabu, 23 September 2026 12:53:00",NASA-SNPP,Medium,110.39396,-2.74268,False,False,False,False,True,True,Di Luar Area Pantauan (>1000m dari Desa)
Kendawangan,Kendawangan Kanan,"Rabu, 23 September 2026 12:53:00",NASA-SNPP,Medium,110.27161,-2.76123,False,False,False,True,True,True,Di Luar Area Pantauan (>1000m dari Desa)
Kendawangan,Pembedilan,"Rabu, 23 September 2026 12:53:00",NASA-SNPP,Medium,110.32537,-2.79649,False,False,False,False,True,True,Di Luar Area Pantauan (>1000m dari Desa)
Matan Hilir Selatan,Sungai Nanjung,"Rabu, 23 September 2026 12:53:00",NASA-SNPP,Medium,110.1954,-2.12765,False,False,False,True,False,True,Di Luar Area Pantauan (>1000m dari Desa)
Matan Hilir Selatan,Sungai Nanjung,"Rabu, 23 September 2026 12:53:00",NASA-SNPP,Medium,110.12882,-2.13325,False,False,False,True,False,True,Di Luar Area Pantauan (>1000m dari Desa)
Matan Hilir Selatan,Sungai Nanjung,"Rabu, 23 September 2026 12:53:00",NASA-SNPP,Medium,110.19904,-2.12254,False,False,False,False,False,False,Di Luar Area Pantauan (>1000m dari Desa)
Matan Hilir Selatan,Sungai Besar,"Rabu, 23 September 2026 12:53:00",NASA-SNPP,Medium,110.25936,-1.85308,False,False,True,True,False,True,Di Luar Area Pantauan (>1000m dari Desa)
Kendawangan,Seriam,"Rabu, 23 September 2026 12:53:00",NASA-SNPP,Medium,110.38559,-2.68499,False,False,False,False,True,True,Di Luar Area Pantauan (>1000m dari Desa)
Kendawangan,Pembedilan,"Rabu, 23 September 2026 12:53:00",NASA-SNPP,Medium,110.3912,-2.7596,False,False,False,False,True,True,Di Luar Area Pantauan (>1000m dari Desa)
Kendawangan,Kendawangan Kanan,"Rabu, 23 September 2026 12:53:00",NASA-SNPP,Medium,110.28617,-2.77481,False,False,False,True,True,True,Di Luar Area Pantauan (>1000m dari Desa)
Manis Mata,Ratu Elok,"Rabu, 23 September 2026 12:53:00",NASA-SNPP,Medium,111.03854,-2.53252,False,False,False,False,False,False,Di Luar Area Pantauan (>1000m dari Desa)
Kendawangan,Pembedilan,"Rabu, 23 September 2026 12:53:00",NASA-SNPP,Medium,110.39587,-2.756,False,False,False,False,True,True,Di Luar Area Pantauan (>1000m dari Desa)
Matan Hilir Selatan,Sungai Besar,"Rabu, 23 September 2026 12:53:00",NASA-SNPP,Medium,110.16907,-1.89842,False,False,True,True,False,True,Di Luar Area Pantauan (>1000m dari Desa)
Nanga Tayap,Betenung,"Rabu, 23 September 2026 13:12:00",NASA-NOAA20,Medium,110.80573,-1.56787,False,False,True,False,False,True,Di Luar Area Pantauan (>1000m dari Desa)
Jelai Hulu,Semantun,"Rabu, 23 September 2026 13:12:00",NASA-NOAA20,Medium,111.03873,-2.0482,False,False,False,False,False,False,Di Luar Area Pantauan (>1000m dari Desa)
Jelai Hulu,Semantun,"Rabu, 23 September 2026 13:12:00",NASA-NOAA20,Medium,111.04575,-2.04713,False,False,False,False,False,False,Di Luar Area Pantauan (>1000m dari Desa)
Muara Pawan,Ulak Medang,"Rabu, 23 September 2026 13:12:00",NASA-NOAA20,Medium,110.30168,-1.58038,False,False,True,True,False,True,Di Luar Area Pantauan (>1000m dari Desa)
Nanga Tayap,Kayong Utara,"Rabu, 23 September 2026 13:12:00",NASA-NOAA20,Medium,110.71067,-1.50418,False,False,True,False,False,True,Di Luar Area Pantauan (>1000m dari Desa)
Matan Hilir Utara,Sungai Putri,"Rabu, 23 September 2026 13:12:00",NASA-NOAA20,Medium,110.10197,-1.56657,False,False,True,True,False,True,Di Luar Area Pantauan (>1000m dari Desa)
Matan Hilir Utara,Sungai Putri,"Rabu, 23 September 2026 13:12:00",NASA-NOAA20,Medium,110.10147,-1.56326,False,False,True,True,False,True,Di Luar Area Pantauan (>1000m dari Desa)
Matan Hilir Utara,Tanjung Baik Budi,"Rabu, 23 September 2026 13:12:00",NASA-NOAA20,Medium,110.14758,-1.54271,False,False,True,True,False,True,Di Luar Area Pantauan (>1000m dari Desa)
Nanga Tayap,Sepakat Jaya,"Rabu, 23 September 2026 13:12:00",NASA-NOAA20,Medium,110.67816,-1.45839,False,False,True,False,False,True,Di Luar Area Pantauan (>1000m dari Desa)
Matan Hilir Utara,Tanjung Baik Budi,"Rabu, 23 September 2026 13:12:00",NASA-NOAA20,Medium,110.15543,-1.54828,False,False,False,True,False,True,Di Luar Area Pantauan (>1000m dari Desa)
Muara Pawan,Ulak Medang,"Rabu, 23 September 2026 13:12:00",NASA-NOAA20,Medium,110.26833,-1.52768,False,False,True,True,False,True,Di Luar Area Pantauan (>1000m dari Desa)
Matan Hilir Utara,Sungai Putri,"Rabu, 23 September 2026 13:12:00",NASA-NOAA20,Medium,110.08282,-1.55597,False,False,True,True,False,True,Di Luar Area Pantauan (>1000m dari Desa)
Muara Pawan,Ulak Medang,"Rabu, 23 September 2026 13:12:00",NASA-NOAA20,Medium,110.28208,-1.52558,False,False,True,True,False,True,Di Luar Area Pantauan (>1000m dari Desa)
Matan Hilir Utara,Tanjung Baik Budi,"Rabu, 23 September 2026 13:12:00",NASA-NOAA20,Medium,110.19271,-1.53921,False,False,True,True,False,True,Di Luar Area Pantauan (>1000m dari Desa)
Matan Hilir Utara,Sungai Putri,"Rabu, 23 September 2026 13:12:00",NASA-NOAA20,Medium,110.08625,-1.55544,False,False,True,True,False,True,Di Luar Area Pantauan (>1000m dari Desa)
Matan Hilir Utara,Tanjung Baik Budi,"Rabu, 23 September 2026 13:12:00",NASA-NOAA20,Medium,110.18047,-1.55122,False,False,True,True,False,True,Di Luar Area Pantauan (>1000m dari Desa)
Muara Pawan,Ulak Medang,"Rabu, 23 September 2026 13:12:00",NASA-NOAA20,Medium,110.27226,-1.53046,False,False,True,True,False,True,Di Luar Area Pantauan (>1000m dari Desa)
Matan Hilir Utara,Sungai Putri,"Rabu, 23 September 2026 13:12:00",NASA-NOAA20,Medium,110.08968,-1.55492,False,False,True,True,False,True,Di Luar Area Pantauan (>1000m dari Desa)
Nanga Tayap,Lembah Hijau Satu,"Rabu, 23 September 2026 13:12:00",NASA-NOAA20,Medium,110.48878,-1.58226,False,False,False,False,False,False,Di Luar Area Pantauan (>1000m dari Desa)
Nanga Tayap,Betenung,"Rabu, 23 September 2026 13:12:00",NASA-NOAA20,Medium,110.80173,-1.56508,False,False,True,False,False,True,Di Luar Area Pantauan (>1000m dari Desa)
Muara Pawan,Tempurukan,"Rabu, 23 September 2026 13:12:00",NASA-NOAA20,Medium,110.08291,-1.66787,False,False,False,True,False,True,Di Luar Area Pantauan (>1000m dari Desa)
Muara Pawan,Tanjung Pura,"Rabu, 23 September 2026 13:12:00",NASA-NOAA20,Medium,110.12511,-1.66819,False,False,True,True,False,True,Di Luar Area Pantauan (>1000m dari Desa)
Nanga Tayap,Betenung,"Rabu, 23 September 2026 13:12:00",NASA-NOAA20,Medium,110.77633,-1.56214,False,False,False,False,False,False,Di Luar Area Pantauan (>1000m dari Desa)
Nanga Tayap,Betenung,"Rabu, 23 September 2026 13:12:00",NASA-NOAA20,Medium,110.84756,-1.5615,False,False,False,False,False,False,Di Luar Area Pantauan (>1000m dari Desa)
Nanga Tayap,Lembah Hijau Dua,"Rabu, 23 September 2026 13:12:00",NASA-NOAA20,Medium,110.49869,-1.60108,False,False,False,False,False,False,Di Luar Area Pantauan (>1000m dari Desa)
Muara Pawan,Ulak Medang,"Rabu, 23 September 2026 13:12:00",NASA-NOAA20,Medium,110.2949,-1.62878,False,False,True,True,False,True,Di Luar Area Pantauan (>1000m dari Desa)
Nanga Tayap,Lembah Hijau Satu,"Rabu, 23 September 2026 13:12:00",NASA-NOAA20,Medium,110.49718,-1.59115,False,False,False,False,False,False,Di Luar Area Pantauan (>1000m dari Desa)
Nanga Tayap,Lembah Hijau Satu,"Rabu, 23 September 2026 13:12:00",NASA-NOAA20,Medium,110.48288,-1.58994,False,False,True,False,False,True,Di Luar Area Pantauan (>1000m dari Desa)
Nanga Tayap,Siantau Raya,"Rabu, 23 September 2026 13:12:00",NASA-NOAA20,Medium,110.47402,-1.60146,False,False,True,False,False,True,Di Luar Area Pantauan (>1000m dari Desa)
Nanga Tayap,Betenung,"Rabu, 23 September 2026 13:12:00",NASA-NOAA20,Medium,110.79774,-1.56228,False,False,True,False,False,True,Di Luar Area Pantauan (>1000m dari Desa)
Nanga Tayap,Lembah Hijau Satu,"Rabu, 23 September 2026 13:12:00",NASA-NOAA20,Medium,110.49373,-1.59167,False,False,True,False,False,True,Di Luar Area Pantauan (>1000m dari Desa)
Nanga Tayap,Lembah Hijau Dua,"Rabu, 23 September 2026 13:12:00",NASA-NOAA20,Medium,110.47993,-1.59378,False,False,True,False,False,True,Di Luar Area Pantauan (>1000m dari Desa)
Nanga Tayap,Lembah Hijau Satu,"Rabu, 23 September 2026 13:12:00",NASA-NOAA20,Medium,110.48633,-1.58941,False,False,True,False,False,True,Di Luar Area Pantauan (>1000m dari Desa)
Nanga Tayap,Betenung,"Rabu, 23 September 2026 13:12:00",NASA-NOAA20,Medium,110.77283,-1.56268,False,False,False,False,False,False,Di Luar Area Pantauan (>1000m dari Desa)
Nanga Tayap,Lembah Hijau Satu,"Rabu, 23 September 2026 13:12:00",NASA-NOAA20,Medium,110.50014,-1.58731,False,False,False,False,False,False,Di Luar Area Pantauan (>1000m dari Desa)
Nanga Tayap,Lembah Hijau Satu,"Rabu, 23 September 2026 13:12:00",NASA-NOAA20,Medium,110.49964,-1.58399,False,False,False,False,False,False,Di Luar Area Pantauan (>1000m dari Desa)
Muara Pawan,Ulak Medang,"Rabu, 23 September 2026 13:12:00",NASA-NOAA20,Medium,110.28308,-1.5322,False,False,True,True,False,True,Di Luar Area Pantauan (>1000m dari Desa)
Matan Hilir Utara,Tanjung Baik Budi,"Rabu, 23 September 2026 13:12:00",NASA-NOAA20,Medium,110.18291,-1.54409,False,False,True,True,False,True,Di Luar Area Pantauan (>1000m dari Desa)
Nanga Tayap,Sungai Kelik,"Rabu, 23 September 2026 13:12:00",NASA-NOAA20,Medium,110.30607,-1.56279,False,False,True,True,False,True,Di Luar Area Pantauan (>1000m dari Desa)
Muara Pawan,Ulak Medang,"Rabu, 23 September 2026 13:12:00",NASA-NOAA20,Medium,110.27376,-1.54038,False,False,True,True,False,True,Di Luar Area Pantauan (>1000m dari Desa)
Matan Hilir Utara,Tanjung Baik Budi,"Rabu, 23 September 2026 13:12:00",NASA-NOAA20,Medium,110.1736,-1.55227,False,False,True,True,False,True,Di Luar Area Pantauan (>1000m dari Desa)
Nanga Tayap,Sungai Kelik,"Rabu, 23 September 2026 13:12:00",NASA-NOAA20,Medium,110.30801,-1.55234,False,False,True,True,False,True,Di Luar Area Pantauan (>1000m dari Desa)
Matan Hilir Selatan,Pagar Mentimun,"Rabu, 23 September 2026 13:12:00",NASA-NOAA20,Medium,110.22829,-2.22982,False,False,False,True,False,True,Di Luar Area Pantauan (>1000m dari Desa)
Kendawangan,Pangkalan Batu,"Rabu, 23 September 2026 13:12:00",NASA-NOAA20,Medium,110.41439,-2.16389,False,False,False,False,False,False,Di Luar Area Pantauan (>1000m dari Desa)
Matan Hilir Selatan,Pagar Mentimun,"Rabu, 23 September 2026 13:12:00",NASA-NOAA20,Medium,110.24252,-2.23102,False,False,False,False,True,True,Di Luar Area Pantauan (>1000m dari Desa)
Jelai Hulu,Semantun,"Rabu, 23 September 2026 13:12:00",NASA-NOAA20,Medium,111.04245,-2.09135,False,False,False,False,False,False,Di Luar Area Pantauan (>1000m dari Desa)
Matan Hilir Selatan,Pagar Mentimun,"Rabu, 23 September 2026 13:12:00",NASA-NOAA20,Medium,110.19881,-2.22079,False,False,False,False,False,False,Di Luar Area Pantauan (>1000m dari Desa)
Matan Hilir Selatan,Pagar Mentimun,"Rabu, 23 September 2026 13:12:00",NASA-NOAA20,Medium,110.14796,-2.30292,False,False,False,True,False,True,Di Luar Area Pantauan (>1000m dari Desa)
Kendawangan,Sungai Jelayan,"Rabu, 23 September 2026 13:12:00",NASA-NOAA20,Medium,110.42971,-2.25994,False,False,False,False,False,False,Di Luar Area Pantauan (>1000m dari Desa)
Muara Pawan,Ulak Medang,"Rabu, 23 September 2026 13:12:00",NASA-NOAA20,Medium,110.26439,-1.5249,False,False,True,True,False,True,Di Luar Area Pantauan (>1000m dari Desa)
Muara Pawan,Ulak Medang,"Rabu, 23 September 2026 13:12:00",NASA-NOAA20,Medium,110.27621,-1.53324,False,False,True,True,False,True,Di Luar Area Pantauan (>1000m dari Desa)
Matan Hilir Utara,Tanjung Baik Budi,"Rabu, 23 September 2026 13:12:00",NASA-NOAA20,Medium,110.18634,-1.54356,False,False,True,True,False,True,Di Luar Area Pantauan (>1000m dari Desa)
Matan Hilir Utara,Tanjung Baik Budi,"Rabu, 23 September 2026 13:12:00",NASA-NOAA20,Medium,110.151,-1.54219,False,False,True,True,False,True,Di Luar Area Pantauan (>1000m dari Desa)
Muara Pawan,Ulak Medang,"Rabu, 23 September 2026 13:12:00",NASA-NOAA20,Medium,110.25751,-1.52595,False,False,True,True,False,True,Di Luar Area Pantauan (>1000m dari Desa)
Matan Hilir Utara,Tanjung Baik Budi,"Rabu, 23 September 2026 13:12:00",NASA-NOAA20,Medium,110.10391,-1.55613,False,False,True,True,False,True,Di Luar Area Pantauan (>1000m dari Desa)
Nanga Tayap,Lembah Hijau Satu,"Rabu, 23 September 2026 13:12:00",NASA-NOAA20,Medium,110.49619,-1.58452,False,False,False,False,False,False,Di Luar Area Pantauan (>1000m dari Desa)
Nanga Tayap,Pangkalan Teluk,"Rabu, 23 September 2026 13:12:00",NASA-NOAA20,Medium,110.36398,-1.30601,False,False,False,False,True,True,Di Luar Area Pantauan (>1000m dari Desa)
Sukadana,Riam Berasap Jaya,"Rabu, 23 September 2026 13:12:00",NASA-NOAA20,Medium,110.21353,-1.3357,False,False,True,False,True,True,Di Luar Area Pantauan (>1000m dari Desa)
Sukadana,Riam Berasap Jaya,"Rabu, 23 September 2026 13:12:00",NASA-NOAA20,Medium,110.21697,-1.33518,False,False,True,False,True,True,Di Luar Area Pantauan (>1000m dari Desa)
Sandai,Penjawaan,"Rabu, 23 September 2026 13:12:00",NASA-NOAA20,Medium,110.45815,-1.29845,False,False,False,False,False,False,Di Luar Area Pantauan (>1000m dari Desa)
Matan Hilir Utara,Lamon Satong,"Rabu, 23 September 2026 13:12:00",NASA-NOAA20,Medium,110.22454,-1.49377,False,False,True,True,False,True,Di Luar Area Pantauan (>1000m dari Desa)
Matan Hilir Utara,Kuala Tolak,"Rabu, 23 September 2026 13:12:00",NASA-NOAA20,Medium,110.15826,-1.49713,False,False,True,True,False,True,Di Luar Area Pantauan (>1000m dari Desa)
Nanga Tayap,Simpang Tiga Sembelangaan,"Rabu, 23 September 2026 13:12:00",NASA-NOAA20,Medium,110.39027,-1.49554,False,False,False,False,False,False,Di Luar Area Pantauan (>1000m dari Desa)
Matan Hilir Utara,Kuala Tolak,"Rabu, 23 September 2026 13:12:00",NASA-NOAA20,Medium,110.17201,-1.49503,False,False,False,True,False,True,Di Luar Area Pantauan (>1000m dari Desa)
Muara Pawan,Ulak Medang,"Rabu, 23 September 2026 13:12:00",NASA-NOAA20,Medium,110.23883,-1.51865,False,False,True,True,False,True,Di Luar Area Pantauan (>1000m dari Desa)
Muara Pawan,Ulak Medang,"Rabu, 23 September 2026 13:12:00",NASA-NOAA20,Medium,110.23196,-1.5197,False,False,True,True,False,True,Di Luar Area Pantauan (>1000m dari Desa)
Matan Hilir Utara,Lamon Satong,"Rabu, 23 September 2026 13:12:00",NASA-NOAA20,Medium,110.22797,-1.49325,False,False,True,True,False,True,Di Luar Area Pantauan (>1000m dari Desa)
Matan Hilir Utara,Kuala Tolak,"Rabu, 23 September 2026 13:12:00",NASA-NOAA20,Medium,110.16908,-1.49886,False,False,False,True,False,True,Di Luar Area Pantauan (>1000m dari Desa)
Matan Hilir Utara,Kuala Tolak,"Rabu, 23 September 2026 13:12:00",NASA-NOAA20,Medium,110.17544,-1.49451,False,False,False,True,False,True,Di Luar Area Pantauan (>1000m dari Desa)
Matan Hilir Utara,Kuala Tolak,"Rabu, 23 September 2026 13:12:00",NASA-NOAA20,Medium,110.17982,-1.47693,False,False,False,True,False,True,Di Luar Area Pantauan (>1000m dari Desa)
Hulu Sungai,Batu Lapis,"Rabu, 23 September 2026 13:12:00",NASA-NOAA20,Medium,110.76705,-1.34294,False,False,True,False,False,True,Di Luar Area Pantauan (>1000m dari Desa)
Matan Hilir Utara,Kuala Tolak,"Rabu, 23 September 2026 13:12:00",NASA-NOAA20,Medium,110.13955,-1.46618,False,False,False,True,False,True,Di Luar Area Pantauan (>1000m dari Desa)
Matan Hilir Utara,Kuala Tolak,"Rabu, 23 September 2026 13:12:00",NASA-NOAA20,Medium,110.15578,-1.48061,False,False,True,True,False,True,Di Luar Area Pantauan (>1000m dari Desa)
Matan Hilir Utara,Kuala Tolak,"Rabu, 23 September 2026 13:12:00",NASA-NOAA20,Medium,110.14742,-1.47174,False,False,True,True,False,True,Di Luar Area Pantauan (>1000m dari Desa)
Matan Hilir Utara,Kuala Tolak,"Rabu, 23 September 2026 13:12:00",NASA-NOAA20,Medium,110.14641,-1.46513,False,False,True,True,False,True,Di Luar Area Pantauan (>1000m dari Desa)
Matan Hilir Utara,Kuala Tolak,"Rabu, 23 September 2026 13:12:00",NASA-NOAA20,Medium,110.14692,-1.46844,False,False,True,True,False,True,Di Luar Area Pantauan (>1000m dari Desa)
Nanga Tayap,Simpang Tiga Sembelangaan,"Rabu, 23 September 2026 13:12:00",NASA-NOAA20,Medium,110.37782,-1.41583,False,False,True,False,False,True,Di Luar Area Pantauan (>1000m dari Desa)
Hulu Sungai,Batu Lapis,"Rabu, 23 September 2026 13:12:00",NASA-NOAA20,Medium,110.76604,-1.33629,False,False,True,False,False,True,Di Luar Area Pantauan (>1000m dari Desa)
Matan Hilir Utara,Kuala Tolak,"Rabu, 23 September 2026 13:12:00",NASA-NOAA20,Medium,110.14841,-1.47835,False,False,True,True,False,True,Di Luar Area Pantauan (>1000m dari Desa)
Matan Hilir Utara,Kuala Tolak,"Rabu, 23 September 2026 13:12:00",NASA-NOAA20,Medium,110.10034,-1.48569,False,False,False,False,False,False,Di Luar Area Pantauan (>1000m dari Desa)
Matan Hilir Utara,Lamon Satong,"Rabu, 23 September 2026 13:12:00",NASA-NOAA20,Medium,110.20664,-1.40133,False,False,False,True,False,True,Di Luar Area Pantauan (>1000m dari Desa)
Matan Hilir Utara,Lamon Satong,"Rabu, 23 September 2026 13:12:00",NASA-NOAA20,Medium,110.19954,-1.5145,False,False,True,True,False,True,Di Luar Area Pantauan (>1000m dari Desa)
Muara Pawan,Ulak Medang,"Rabu, 23 September 2026 13:12:00",NASA-NOAA20,Medium,110.21721,-1.51518,False,False,True,True,False,True,Di Luar Area Pantauan (>1000m dari Desa)
Nanga Tayap,Sepakat Jaya,"Rabu, 23 September 2026 13:12:00",NASA-NOAA20,Medium,110.68459,-1.45401,False,False,True,False,False,True,Di Luar Area Pantauan (>1000m dari Desa)
Sandai,Penjawaan,"Rabu, 23 September 2026 13:12:00",NASA-NOAA20,Medium,110.52361,-1.30543,False,False,False,False,False,False,Di Luar Area Pantauan (>1000m dari Desa)
Muara Pawan,Ulak Medang,"Rabu, 23 September 2026 13:12:00",NASA-NOAA20,Medium,110.24376,-1.52804,False,False,True,True,False,True,Di Luar Area Pantauan (>1000m dari Desa)
Matan Hilir Utara,Tanjung Baik Budi,"Rabu, 23 September 2026 13:12:00",NASA-NOAA20,Medium,110.19222,-1.5359,False,False,True,True,False,True,Di Luar Area Pantauan (>1000m dari Desa)
Matan Hilir Utara,Tanjung Baik Budi,"Rabu, 23 September 2026 13:12:00",NASA-NOAA20,Medium,110.08575,-1.55214,False,False,True,True,False,True,Di Luar Area Pantauan (>1000m dari Desa)
Nanga Tayap,Pangkalan Teluk,"Rabu, 23 September 2026 13:12:00",NASA-NOAA20,Medium,110.36743,-1.30549,False,False,True,False,False,True,Di Luar Area Pantauan (>1000m dari Desa)
Nanga Tayap,Pangkalan Teluk,"Rabu, 23 September 2026 13:12:00",NASA-NOAA20,Medium,110.27981,-1.30868,False,False,True,False,False,True,Di Luar Area Pantauan (>1000m dari Desa)
Nanga Tayap,Mensubang,"Rabu, 23 September 2026 13:12:00",NASA-NOAA20,Medium,110.44334,-1.29393,False,False,False,False,False,False,Di Luar Area Pantauan (>1000m dari Desa)
Nanga Tayap,Pangkalan Teluk,"Rabu, 23 September 2026 13:12:00",NASA-NOAA20,Medium,110.36003,-1.30323,False,False,True,False,True,True,Di Luar Area Pantauan (>1000m dari Desa)
Sandai,Sandai,"Rabu, 23 September 2026 13:12:00",NASA-NOAA20,Medium,110.55939,-1.26607,False,False,False,False,False,False,Di Luar Area Pantauan (>1000m dari Desa)
Nanga Tayap,Mensubang,"Rabu, 23 September 2026 13:12:00",NASA-NOAA20,Medium,110.4463,-1.29009,False,False,False,False,False,False,Di Luar Area Pantauan (>1000m dari Desa)
Matan Hilir Selatan,Sungai Nanjung,"Rabu, 23 September 2026 13:12:00",NASA-NOAA20,Medium,110.24009,-2.19723,False,False,True,True,True,True,Di Luar Area Pantauan (>1000m dari Desa)
Matan Hilir Selatan,Pagar Mentimun,"Rabu, 23 September 2026 13:12:00",NASA-NOAA20,Medium,110.15761,-2.22708,False,False,True,False,False,True,Di Luar Area Pantauan (>1000m dari Desa)
Matan Hilir Selatan,Pagar Mentimun,"Rabu, 23 September 2026 13:12:00",NASA-NOAA20,Medium,110.1571,-2.22378,False,False,False,False,False,False,Di Luar Area Pantauan (>1000m dari Desa)
Kendawangan,Pangkalan Batu,"Rabu, 23 September 2026 13:12:00",NASA-NOAA20,Medium,110.33813,-2.12479,False,False,False,False,False,False,Di Luar Area Pantauan (>1000m dari Desa)
Sungai Laur,Sepotong,"Rabu, 23 September 2026 13:12:00",NASA-NOAA20,Medium,110.50085,-0.80319,False,False,False,False,False,False,Di Luar Area Pantauan (>1000m dari Desa)
Sungai Laur,Sepotong,"Rabu, 23 September 2026 13:12:00",NASA-NOAA20,Medium,110.50071,-0.8676,False,False,False,False,False,False,Di Luar Area Pantauan (>1000m dari Desa)
Hulu Sungai,Krio Hulu,"Rabu, 23 September 2026 13:12:00",NASA-NOAA20,Medium,110.88449,-0.80859,False,False,False,False,False,False,Di Luar Area Pantauan (>1000m dari Desa)
Hulu Sungai,Krio Hulu,"Rabu, 23 September 2026 13:12:00",NASA-NOAA20,Medium,110.89153,-0.80751,False,False,False,False,False,False,Di Luar Area Pantauan (>1000m dari Desa)
Sayan,Bora,"Rabu, 23 September 2026 13:12:00",NASA-NOAA20,Medium,111.76564,-0.65507,False,False,False,False,False,False,Di Luar Area Pantauan (>1000m dari Desa)
Hulu Sungai,Krio Hulu,"Rabu, 23 September 2026 13:12:00",NASA-NOAA20,Medium,110.88902,-0.81473,False,False,True,False,False,True,Di Luar Area Pantauan (>1000m dari Desa)
Sungai Laur,Sempurna,"Rabu, 23 September 2026 13:12:00",NASA-NOAA20,Medium,110.4107,-1.2413,False,False,True,False,True,True,Di Luar Area Pantauan (>1000m dari Desa)
Hulu Sungai,Cinta Manis,"Rabu, 23 September 2026 13:12:00",NASA-NOAA20,Medium,110.75943,-1.15384,False,False,False,False,False,False,Di Luar Area Pantauan (>1000m dari Desa)
Sukadana,Sedahan Jaya,"Rabu, 23 September 2026 13:12:00",NASA-NOAA20,Medium,110.04766,-1.19818,False,False,True,False,True,True,Di Luar Area Pantauan (>1000m dari Desa)
Pulau Maya,Tanjungsatai,"Rabu, 23 September 2026 13:12:00",NASA-NOAA20,Medium,109.64373,-1.20196,False,False,False,False,False,False,Di Luar Area Pantauan (>1000m dari Desa)
Simpang Hilir,Matan Jaya,"Rabu, 23 September 2026 13:12:00",NASA-NOAA20,Medium,110.15464,-1.12067,False,False,True,False,True,True,Di Luar Area Pantauan (>1000m dari Desa)
Simpang Hilir,Rantau Panjang,"Rabu, 23 September 2026 13:12:00",NASA-NOAA20,Medium,110.0712,-1.12663,False,False,True,True,True,True,Di Luar Area Pantauan (>1000m dari Desa)
Sayan,Madya Raya,"Rabu, 23 September 2026 13:12:00",NASA-NOAA20,Medium,111.64727,-0.87269,False,False,False,False,True,True,Di Luar Area Pantauan (>1000m dari Desa)
Simpang Hilir,Matan Jaya,"Rabu, 23 September 2026 13:12:00",NASA-NOAA20,Medium,110.09718,-1.11252,False,False,True,True,True,True,Di Luar Area Pantauan (>1000m dari Desa)
Simpang Hilir,Rantau Panjang,"Rabu, 23 September 2026 13:12:00",NASA-NOAA20,Medium,110.06875,-1.13376,False,False,True,True,True,True,Di Luar Area Pantauan (>1000m dari Desa)
Simpang Hilir,Rantau Panjang,"Rabu, 23 September 2026 13:12:00",NASA-NOAA20,Medium,110.07021,-1.12002,False,False,True,False,True,True,Di Luar Area Pantauan (>1000m dari Desa)
Simpang Hilir,Matan Jaya,"Rabu, 23 September 2026 13:12:00",NASA-NOAA20,Medium,110.09668,-1.10922,False,False,True,True,True,True,Di Luar Area Pantauan (>1000m dari Desa)
Hulu Sungai,Krio Hulu,"Rabu, 23 September 2026 13:12:00",NASA-NOAA20,Medium,110.86093,-0.84298,False,False,False,False,False,False,Di Luar Area Pantauan (>1000m dari Desa)
Sungai Laur,Sempurna,"Rabu, 23 September 2026 13:12:00",NASA-NOAA20,Medium,110.40774,-1.24514,False,False,True,False,True,True,Di Luar Area Pantauan (>1000m dari Desa)
Simpang Dua,Kamora,"Rabu, 23 September 2026 13:12:00",NASA-NOAA20,Medium,110.28304,-0.92469,False,False,False,False,False,False,Di Luar Area Pantauan (>1000m dari Desa)
Sungai Laur,Kepari,"Rabu, 23 September 2026 13:12:00",NASA-NOAA20,Medium,110.60708,-0.84817,False,False,False,False,False,False,Di Luar Area Pantauan (>1000m dari Desa)
Simpang Dua,Semandang Kanan,"Rabu, 23 September 2026 13:12:00",NASA-NOAA20,Medium,110.35012,-0.8364,False,False,False,False,False,False,Di Luar Area Pantauan (>1000m dari Desa)
Simpang Hilir,Matan Jaya,"Rabu, 23 September 2026 13:12:00",NASA-NOAA20,Medium,110.3399,-1.12985,False,False,False,False,True,True,Di Luar Area Pantauan (>1000m dari Desa)
Simpang Hilir,Matan Jaya,"Rabu, 23 September 2026 13:12:00",NASA-NOAA20,Medium,110.10062,-1.112,False,False,True,True,True,True,Di Luar Area Pantauan (>1000m dari Desa)
Simpang Hilir,Matan Jaya,"Rabu, 23 September 2026 13:12:00",NASA-NOAA20,Medium,110.14777,-1.12172,False,False,True,False,True,True,Di Luar Area Pantauan (>1000m dari Desa)
Matan Hilir Selatan,Sungai Nanjung,"Rabu, 23 September 2026 13:12:00",NASA-NOAA20,Medium,110.12955,-2.13973,False,False,False,True,False,True,Di Luar Area Pantauan (>1000m dari Desa)
Matan Hilir Selatan,Sungai Nanjung,"Rabu, 23 September 2026 13:12:00",NASA-NOAA20,Medium,110.13005,-2.14304,False,False,False,False,False,False,Di Luar Area Pantauan (>1000m dari Desa)
Serawai,Tahai Permai,"Rabu, 23 September 2026 13:12:00",NASA-NOAA20,Medium,112.5649,-0.1718,False,False,False,False,True,True,Di Luar Area Pantauan (>1000m dari Desa)
Pinoh Utara,Nanga Man,"Rabu, 23 September 2026 13:12:00",NASA-NOAA20,Medium,111.89612,-0.29897,False,False,False,False,False,False,Di Luar Area Pantauan (>1000m dari Desa)
Serawai,Limbur Bernaung Lestari,"Rabu, 23 September 2026 13:12:00",NASA-NOAA20,Medium,112.56327,-0.1611,False,False,False,False,True,True,Di Luar Area Pantauan (>1000m dari Desa)
Kendawangan,Natai Kuini,"Rabu, 23 September 2026 13:12:00",NASA-NOAA20,Medium,110.70021,-2.94182,False,False,False,False,False,False,Di Luar Area Pantauan (>1000m dari Desa)
Silat Hilir,Seberu,"Rabu, 23 September 2026 13:12:00",NASA-NOAA20,Medium,111.94357,0.31853,False,False,False,False,False,False,Di Luar Area Pantauan (>1000m dari Desa)
Serawai,Tunas Harapan,"Rabu, 23 September 2026 13:12:00",NASA-NOAA20,Medium,112.40417,-0.38454,False,False,False,False,False,False,Di Luar Area Pantauan (>1000m dari Desa)
Serawai,Tunas Harapan,"Rabu, 23 September 2026 13:12:00",NASA-NOAA20,Medium,112.40816,-0.38393,False,False,False,False,False,False,Di Luar Area Pantauan (>1000m dari Desa)
Simpang Dua,Semandang Kanan,"Rabu, 23 September 2026 13:12:00",NASA-NOAA20,Medium,110.25337,-0.67457,False,False,False,False,False,False,Di Luar Area Pantauan (>1000m dari Desa)
Ambalau,Mensuang,"Rabu, 23 September 2026 13:12:00",NASA-NOAA20,Medium,112.87636,-0.26228,False,False,False,False,False,False,Di Luar Area Pantauan (>1000m dari Desa)
Serawai,Nanga Segulang,"Rabu, 23 September 2026 13:12:00",NASA-NOAA20,Medium,112.45639,-0.43443,False,False,False,False,False,False,Di Luar Area Pantauan (>1000m dari Desa)
Sungai Laur,Sepotong,"Rabu, 23 September 2026 13:12:00",NASA-NOAA20,Medium,110.49689,-0.8004,False,False,False,False,False,False,Di Luar Area Pantauan (>1000m dari Desa)
Sungai Laur,Tanjung Maju,"Rabu, 23 September 2026 13:12:00",NASA-NOAA20,Medium,110.49582,-0.70204,False,False,False,False,False,False,Di Luar Area Pantauan (>1000m dari Desa)
Hulu Sungai,Kenyabur,"Rabu, 23 September 2026 13:12:00",NASA-NOAA20,Medium,110.8628,-0.74099,True,False,False,False,False,False,Prioritas 2 (Sedang)
Serawai,Nanga Bihe,"Rabu, 23 September 2026 13:12:00",NASA-NOAA20,Medium,112.53556,-0.31038,False,False,False,False,False,False,Di Luar Area Pantauan (>1000m dari Desa)
Ambalau,Mensuang,"Rabu, 23 September 2026 13:12:00",NASA-NOAA20,Medium,112.89193,-0.2525,False,False,False,False,False,False,Di Luar Area Pantauan (>1000m dari Desa)
Ambalau,Nanga Rade,"Rabu, 23 September 2026 13:12:00",NASA-NOAA20,Medium,112.85509,-0.02637,False,False,False,False,False,False,Di Luar Area Pantauan (>1000m dari Desa)
Nanga Pinoh,Nanga Kayan,"Rabu, 23 September 2026 13:12:00",NASA-NOAA20,Medium,111.68101,-0.17402,False,False,False,True,False,True,Di Luar Area Pantauan (>1000m dari Desa)
Sungai Laur,Harapan Baru,"Rabu, 23 September 2026 13:12:00",NASA-NOAA20,Medium,110.49244,-0.79429,False,False,False,False,False,False,Di Luar Area Pantauan (>1000m dari Desa)
Sungai Laur,Sepotong,"Rabu, 23 September 2026 13:12:00",NASA-NOAA20,Medium,110.4959,-0.79376,False,False,False,False,False,False,Di Luar Area Pantauan (>1000m dari Desa)
Sungai Laur,Selangkut Raya,"Rabu, 23 September 2026 13:12:00",NASA-NOAA20,Medium,110.54987,-0.75151,False,False,False,False,False,False,Di Luar Area Pantauan (>1000m dari Desa)
Ella Hilir,Nanga Nyuruh,"Rabu, 23 September 2026 13:12:00",NASA-NOAA20,Medium,112.11984,-0.5443,False,False,False,False,False,False,Di Luar Area Pantauan (>1000m dari Desa)
Simpang Hilir,Batu Barat,"Rabu, 23 September 2026 13:12:00",NASA-NOAA20,Medium,110.13304,-0.84585,False,False,True,True,False,True,Di Luar Area Pantauan (>1000m dari Desa)
Menukung,Nanga Mawang Mentatai,"Rabu, 23 September 2026 13:12:00",NASA-NOAA20,Medium,112.33244,-0.47126,False,False,False,False,False,False,Di Luar Area Pantauan (>1000m dari Desa)
Serawai,Mentajoi,"Rabu, 23 September 2026 13:12:00",NASA-NOAA20,Medium,112.62333,-0.39811,False,False,False,False,False,False,Di Luar Area Pantauan (>1000m dari Desa)
Sungai Laur,Tanjung Maju,"Rabu, 23 September 2026 13:12:00",NASA-NOAA20,Medium,110.50081,-0.71147,False,False,False,False,False,False,Di Luar Area Pantauan (>1000m dari Desa)
Sungai Laur,Merabu Jaya,"Rabu, 23 September 2026 13:12:00",NASA-NOAA20,Medium,110.66679,-0.65548,False,False,False,False,False,False,Di Luar Area Pantauan (>1000m dari Desa)
Pinoh Utara,Kayan Semapau,"Rabu, 23 September 2026 13:12:00",NASA-NOAA20,Medium,111.71145,-0.17286,False,False,False,False,False,False,Di Luar Area Pantauan (>1000m dari Desa)
Kayan Hulu,Nanga Tampang,"Rabu, 23 September 2026 13:12:00",NASA-NOAA20,Medium,112.2066,0.04434,False,False,True,False,True,True,Di Luar Area Pantauan (>1000m dari Desa)
Sekadau Hilir,Semabi,"Rabu, 23 September 2026 13:12:00",NASA-NOAA20,Medium,110.90014,0.08557,False,False,False,False,False,False,Di Luar Area Pantauan (>1000m dari Desa)
Serawai,Sawang Senghiang,"Rabu, 23 September 2026 13:12:00",NASA-NOAA20,Medium,112.6593,-0.25126,False,False,False,False,False,False,Di Luar Area Pantauan (>1000m dari Desa)
Belitang Hilir,Sepantak,"Rabu, 23 September 2026 13:12:00",NASA-NOAA20,Medium,111.05173,0.12237,False,False,False,False,False,False,Di Luar Area Pantauan (>1000m dari Desa)
Ambalau,Lunjan Tingang,"Rabu, 23 September 2026 13:12:00",NASA-NOAA20,Medium,112.73077,-0.22553,False,False,False,False,False,False,Di Luar Area Pantauan (>1000m dari Desa)
Mukok,Engkode,"Rabu, 23 September 2026 13:12:00",NASA-NOAA20,Medium,110.76083,0.16626,False,False,False,False,False,False,Di Luar Area Pantauan (>1000m dari Desa)
Kendawangan,Pembedilan,"Rabu, 23 September 2026 13:12:00",NASA-NOAA20,Medium,110.36951,-2.8769,False,False,False,False,True,True,Di Luar Area Pantauan (>1000m dari Desa)
Belitang Hulu,Kumpang Ilong,"Rabu, 23 September 2026 13:12:00",NASA-NOAA20,Medium,111.10748,0.43246,False,False,False,False,False,False,Di Luar Area Pantauan (>1000m dari Desa)
Semitau,Sekedau,"Rabu, 23 September 2026 13:12:00",NASA-NOAA20,Medium,111.73928,0.58804,False,False,False,False,False,False,Di Luar Area Pantauan (>1000m dari Desa)
Seberuang,Beluis Harum,"Rabu, 23 September 2026 13:12:00",NASA-NOAA20,Medium,112.02949,0.35451,False,False,False,False,False,False,Di Luar Area Pantauan (>1000m dari Desa)
Ketungau Tengah,Padung Kumang,"Rabu, 23 September 2026 13:12:00",NASA-NOAA20,Medium,111.69186,0.71049,False,False,False,False,True,True,Di Luar Area Pantauan (>1000m dari Desa)
Kendawangan,Air Hitam Besar,"Rabu, 23 September 2026 13:12:00",NASA-NOAA20,Medium,110.76405,-2.80639,False,False,False,False,False,False,Di Luar Area Pantauan (>1000m dari Desa)
Kendawangan,Natai Kuini,"Rabu, 23 September 2026 13:12:00",NASA-NOAA20,Medium,110.94767,-2.80199,False,False,False,True,False,True,Di Luar Area Pantauan (>1000m dari Desa)
Kendawangan,Pembedilan,"Rabu, 23 September 2026 13:12:00",NASA-NOAA20,Medium,110.37626,-2.791,False,False,False,False,True,True,Di Luar Area Pantauan (>1000m dari Desa)
Manis Mata,Sungai Buluh,"Rabu, 23 September 2026 13:12:00",NASA-NOAA20,Medium,111.06353,-2.56697,False,False,False,False,False,False,Di Luar Area Pantauan (>1000m dari Desa)
Kendawangan,Bangkal Serai,"Rabu, 23 September 2026 13:12:00",NASA-NOAA20,Medium,110.53863,-2.59297,False,False,False,False,False,False,Di Luar Area Pantauan (>1000m dari Desa)
Nanga Tayap,Siantau Raya,"Rabu, 23 September 2026 13:12:00",NASA-NOAA20,Medium,110.44411,-1.68086,False,False,False,False,False,False,Di Luar Area Pantauan (>1000m dari Desa)
Nanga Tayap,Betenung,"Rabu, 23 September 2026 13:12:00",NASA-NOAA20,Medium,110.84856,-1.56816,False,False,True,False,False,True,Di Luar Area Pantauan (>1000m dari Desa)
Matan Hilir Selatan,Pesaguan Kanan,"Rabu, 23 September 2026 13:12:00",NASA-NOAA20,Medium,110.28627,-2.01724,False,False,False,False,False,False,Di Luar Area Pantauan (>1000m dari Desa)
Jelai Hulu,Pangkalan Suka,"Rabu, 23 September 2026 13:12:00",NASA-NOAA20,Medium,110.94634,-1.93659,False,False,False,False,False,False,Di Luar Area Pantauan (>1000m dari Desa)
Jelai Hulu,Karang Dangin,"Rabu, 23 September 2026 13:12:00",NASA-NOAA20,Medium,110.90295,-1.90919,False,False,False,False,False,False,Di Luar Area Pantauan (>1000m dari Desa)
Jelai Hulu,Air Dua,"Rabu, 23 September 2026 13:12:00",NASA-NOAA20,Medium,110.81773,-1.91209,False,False,False,False,False,False,Di Luar Area Pantauan (>1000m dari Desa)
Muara Pawan,Tanjung Pura,"Rabu, 23 September 2026 13:12:00",NASA-NOAA20,Medium,110.24103,-1.68821,False,False,False,False,False,False,Di Luar Area Pantauan (>1000m dari Desa)
Muara Pawan,Tanjung Pura,"Rabu, 23 September 2026 13:12:00",NASA-NOAA20,Medium,110.16592,-1.6794,False,False,True,True,False,True,Di Luar Area Pantauan (>1000m dari Desa)
Muara Pawan,Tanjung Pura,"Rabu, 23 September 2026 13:12:00",NASA-NOAA20,Medium,110.16249,-1.67992,False,False,True,True,False,True,Di Luar Area Pantauan (>1000m dari Desa)
Muara Pawan,Tempurukan,"Rabu, 23 September 2026 13:12:00",NASA-NOAA20,Medium,110.0854,-1.68439,False,False,True,True,False,True,Di Luar Area Pantauan (>1000m dari Desa)
Matan Hilir Selatan,Pesaguan Kanan,"Rabu, 23 September 2026 13:12:00",NASA-NOAA20,Medium,110.34332,-2.04573,False,False,True,True,False,True,Di Luar Area Pantauan (>1000m dari Desa)
Matan Hilir Selatan,Pesaguan Kanan,"Rabu, 23 September 2026 13:12:00",NASA-NOAA20,Medium,110.34032,-2.02589,False,False,True,True,False,True,Di Luar Area Pantauan (>1000m dari Desa)
Matan Hilir Selatan,Pematang Gadung,"Rabu, 23 September 2026 13:12:00",NASA-NOAA20,Medium,110.15631,-1.99954,False,False,False,False,False,False,Di Luar Area Pantauan (>1000m dari Desa)
Jelai Hulu,Karang Dangin,"Rabu, 23 September 2026 13:12:00",NASA-NOAA20,Medium,110.96255,-1.83581,False,False,True,False,False,True,Di Luar Area Pantauan (>1000m dari Desa)
Jelai Hulu,Limpang,"Rabu, 23 September 2026 13:12:00",NASA-NOAA20,Medium,110.84179,-1.84067,False,False,True,False,False,True,Di Luar Area Pantauan (>1000m dari Desa)
Nanga Tayap,Cegolak,"Rabu, 23 September 2026 13:12:00",NASA-NOAA20,Medium,110.70586,-1.63403,False,False,False,False,False,False,Di Luar Area Pantauan (>1000m dari Desa)
Muara Pawan,Tanjung Pura,"Rabu, 23 September 2026 13:12:00",NASA-NOAA20,Medium,110.21603,-1.70894,False,False,False,False,False,False,Di Luar Area Pantauan (>1000m dari Desa)
Muara Pawan,Mayak,"Rabu, 23 September 2026 13:12:00",NASA-NOAA20,Medium,110.1169,-1.70379,False,False,True,True,False,True,Di Luar Area Pantauan (>1000m dari Desa)
Muara Pawan,Tanjung Pura,"Rabu, 23 September 2026 13:12:00",NASA-NOAA20,Medium,110.15074,-1.69524,False,False,True,True,False,True,Di Luar Area Pantauan (>1000m dari Desa)
Jelai Hulu,Pasir Mayang,"Rabu, 23 September 2026 13:12:00",NASA-NOAA20,Medium,110.78219,-1.77848,False,False,True,False,False,True,Di Luar Area Pantauan (>1000m dari Desa)
Benua Kayong,Negeri Baru,"Rabu, 23 September 2026 13:12:00",NASA-NOAA20,Medium,110.15541,-1.8335,False,False,False,False,False,False,Di Luar Area Pantauan (>1000m dari Desa)
Matan Hilir Selatan,Pematang Gadung,"Rabu, 23 September 2026 13:12:00",NASA-NOAA20,Medium,110.32607,-1.96013,False,False,True,True,False,True,Di Luar Area Pantauan (>1000m dari Desa)
Matan Hilir Selatan,Sungai Besar,"Rabu, 23 September 2026 13:12:00",NASA-NOAA20,Medium,110.21346,-1.8894,False,False,True,True,False,True,Di Luar Area Pantauan (>1000m dari Desa)
Tumbang Titi,Beringin Rayo,"Rabu, 23 September 2026 13:12:00",NASA-NOAA20,Medium,110.84377,-1.67757,False,False,True,False,False,True,Di Luar Area Pantauan (>1000m dari Desa)
Benua Kayong,Negeri Baru,"Rabu, 23 September 2026 13:12:00",NASA-NOAA20,Medium,110.16666,-1.81488,False,False,False,False,False,False,Di Luar Area Pantauan (>1000m dari Desa)
Matan Hilir Selatan,Kemuning Biutak,"Rabu, 23 September 2026 13:12:00",NASA-NOAA20,Medium,110.41242,-1.87927,False,False,False,False,False,False,Di Luar Area Pantauan (>1000m dari Desa)
Jelai Hulu,Pasir Mayang,"Rabu, 23 September 2026 13:12:00",NASA-NOAA20,Medium,110.8234,-1.81287,False,False,False,False,False,False,Di Luar Area Pantauan (>1000m dari Desa)
Matan Hilir Selatan,Pematang Gadung,"Rabu, 23 September 2026 13:12:00",NASA-NOAA20,Medium,110.27091,-1.89753,False,False,True,True,False,True,Di Luar Area Pantauan (>1000m dari Desa)
Matan Hilir Selatan,Sungai Besar,"Rabu, 23 September 2026 13:12:00",NASA-NOAA20,Medium,110.20802,-1.87956,False,False,True,True,False,True,Di Luar Area Pantauan (>1000m dari Desa)
Jelai Hulu,Pasir Mayang,"Rabu, 23 September 2026 13:12:00",NASA-NOAA20,Medium,110.82685,-1.81235,False,False,False,False,False,False,Di Luar Area Pantauan (>1000m dari Desa)
Kendawangan,Pembedilan,"Rabu, 23 September 2026 13:12:00",NASA-NOAA20,Medium,110.32814,-2.79835,False,False,False,False,True,True,Di Luar Area Pantauan (>1000m dari Desa)
Kendawangan,Pembedilan,"Rabu, 23 September 2026 13:12:00",NASA-NOAA20,Medium,110.37969,-2.79048,False,False,False,False,True,True,Di Luar Area Pantauan (>1000m dari Desa)
Benua Kayong,Negeri Baru,"Rabu, 23 September 2026 13:12:00",NASA-NOAA20,Medium,110.06377,-1.8779,False,False,False,False,False,False,Di Luar Area Pantauan (>1000m dari Desa)
Matan Hilir Selatan,Sungai Pelang,"Rabu, 23 September 2026 13:12:00",NASA-NOAA20,Medium,110.22857,-1.85276,False,False,True,True,False,True,Di Luar Area Pantauan (>1000m dari Desa)
Matan Hilir Selatan,Sungai Besar,"Rabu, 23 September 2026 13:12:00",NASA-NOAA20,Medium,110.2222,-1.85711,False,False,True,True,False,True,Di Luar Area Pantauan (>1000m dari Desa)
Matan Hilir Selatan,Sungai Besar,"Rabu, 23 September 2026 13:12:00",NASA-NOAA20,Medium,110.22907,-1.85607,False,False,True,True,False,True,Di Luar Area Pantauan (>1000m dari Desa)
Jelai Hulu,Pasir Mayang,"Rabu, 23 September 2026 13:12:00",NASA-NOAA20,Medium,110.79076,-1.78737,False,False,False,False,False,False,Di Luar Area Pantauan (>1000m dari Desa)
Jelai Hulu,Pasir Mayang,"Rabu, 23 September 2026 13:12:00",NASA-NOAA20,Medium,110.78728,-1.7879,False,False,False,False,False,False,Di Luar Area Pantauan (>1000m dari Desa)
Benua Kayong,Negeri Baru,"Rabu, 23 September 2026 13:12:00",NASA-NOAA20,Medium,110.18433,-1.81556,False,False,False,True,False,True,Di Luar Area Pantauan (>1000m dari Desa)
Sungai Melayu Rayak,Sungai Melayu Baru,"Rabu, 23 September 2026 13:12:00",NASA-NOAA20,Medium,110.41811,-1.77984,False,False,False,False,False,False,Di Luar Area Pantauan (>1000m dari Desa)
Matan Hilir Selatan,Sungai Besar,"Rabu, 23 September 2026 13:12:00",NASA-NOAA20,Medium,110.21689,-1.88888,False,False,True,True,False,True,Di Luar Area Pantauan (>1000m dari Desa)
Matan Hilir Selatan,Sungai Besar,"Rabu, 23 September 2026 13:12:00",NASA-NOAA20,Medium,110.23544,-1.85171,False,False,True,True,False,True,Di Luar Area Pantauan (>1000m dari Desa)
Matan Hilir Selatan,Sungai Besar,"Rabu, 23 September 2026 13:12:00",NASA-NOAA20,Medium,110.26392,-1.85413,False,False,True,True,False,True,Di Luar Area Pantauan (>1000m dari Desa)
Jelai Hulu,Karang Dangin,"Rabu, 23 September 2026 13:12:00",NASA-NOAA20,Medium,110.96305,-1.83914,False,False,True,False,False,True,Di Luar Area Pantauan (>1000m dari Desa)
Tumbang Titi,Beringin Rayo,"Rabu, 23 September 2026 13:12:00",NASA-NOAA20,Medium,110.76631,-1.74351,False,False,False,False,False,False,Di Luar Area Pantauan (>1000m dari Desa)
Matan Hilir Selatan,Sungai Besar,"Rabu, 23 September 2026 13:12:00",NASA-NOAA20,Medium,110.16781,-1.89245,False,False,True,True,False,True,Di Luar Area Pantauan (>1000m dari Desa)
Nanga Tayap,Betenung,"Rabu, 23 September 2026 13:12:00",NASA-NOAA20,Medium,110.84206,-1.57256,False,False,True,False,False,True,Di Luar Area Pantauan (>1000m dari Desa)
Muara Pawan,Tanjung Pura,"Rabu, 23 September 2026 13:12:00",NASA-NOAA20,Medium,110.14974,-1.68863,False,False,True,True,False,True,Di Luar Area Pantauan (>1000m dari Desa)
Muara Pawan,Tanjung Pura,"Rabu, 23 September 2026 13:12:00",NASA-NOAA20,Medium,110.19199,-1.71261,False,False,True,False,False,True,Di Luar Area Pantauan (>1000m dari Desa)
Matan Hilir Selatan,Pematang Gadung,"Rabu, 23 September 2026 13:12:00",NASA-NOAA20,Medium,110.20914,-1.93063,False,False,True,True,False,True,Di Luar Area Pantauan (>1000m dari Desa)
Matan Hilir Selatan,Sungai Besar,"Rabu, 23 September 2026 13:12:00",NASA-NOAA20,Medium,110.21594,-1.90593,False,False,True,False,False,True,Di Luar Area Pantauan (>1000m dari Desa)
Matan Hilir Selatan,Sungai Besar,"Rabu, 23 September 2026 13:12:00",NASA-NOAA20,Medium,110.16731,-1.88915,False,False,True,True,False,True,Di Luar Area Pantauan (>1000m dari Desa)
Matan Hilir Selatan,Sungai Pelang,"Rabu, 23 September 2026 13:12:00",NASA-NOAA20,Medium,110.23151,-1.84893,False,False,False,True,False,True,Di Luar Area Pantauan (>1000m dari Desa)
Matan Hilir Selatan,Sungai Besar,"Rabu, 23 September 2026 13:12:00",NASA-NOAA20,Medium,110.16789,-1.91326,False,False,True,True,False,True,Di Luar Area Pantauan (>1000m dari Desa)
Matan Hilir Selatan,Sungai Besar,"Rabu, 23 September 2026 13:12:00",NASA-NOAA20,Medium,110.24922,-1.87328,False,False,True,True,False,True,Di Luar Area Pantauan (>1000m dari Desa)
Matan Hilir Selatan,Sungai Besar,"Rabu, 23 September 2026 13:12:00",NASA-NOAA20,Medium,110.17612,-1.87766,False,False,True,True,False,True,Di Luar Area Pantauan (>1000m dari Desa)
Matan Hilir Selatan,Sungai Pelang,"Rabu, 23 September 2026 13:12:00",NASA-NOAA20,Medium,110.22514,-1.85329,False,False,True,True,False,True,Di Luar Area Pantauan (>1000m dari Desa)
Matan Hilir Selatan,Sungai Pelang,"Rabu, 23 September 2026 13:12:00",NASA-NOAA20,Medium,110.19424,-1.858,False,False,True,True,False,True,Di Luar Area Pantauan (>1000m dari Desa)
Singkup,Suka Mulya,"Rabu, 23 September 2026 13:12:00",NASA-NOAA20,Medium,110.65259,-2.35158,False,False,False,False,False,False,Di Luar Area Pantauan (>1000m dari Desa)
Kendawangan,Seriam,"Rabu, 23 September 2026 13:12:00",NASA-NOAA20,Medium,110.44785,-2.48457,False,False,False,False,False,False,Di Luar Area Pantauan (>1000m dari Desa)
Kendawangan,Kendawangan Kanan,"Rabu, 23 September 2026 13:12:00",NASA-NOAA20,Medium,110.20495,-2.5492,False,False,False,False,False,False,Di Luar Area Pantauan (>1000m dari Desa)
Kendawangan,Seriam,"Rabu, 23 September 2026 13:12:00",NASA-NOAA20,Medium,110.43271,-2.52117,False,False,False,False,True,True,Di Luar Area Pantauan (>1000m dari Desa)
Matan Hilir Selatan,Pematang Gadung,"Rabu, 23 September 2026 13:12:00",NASA-NOAA20,Medium,110.27935,-1.99463,False,False,True,True,False,True,Di Luar Area Pantauan (>1000m dari Desa)
Muara Pawan,Mayak,"Rabu, 23 September 2026 13:12:00",NASA-NOAA20,Medium,110.15093,-1.80376,False,False,False,False,False,False,Di Luar Area Pantauan (>1000m dari Desa)
Sungai Melayu Rayak,Makmur Abadi,"Rabu, 23 September 2026 13:12:00",NASA-NOAA20,Medium,110.22543,-1.74808,False,False,True,True,False,True,Di Luar Area Pantauan (>1000m dari Desa)
Kendawangan,Air Hitam Besar,"Rabu, 23 September 2026 13:12:00",NASA-NOAA20,Medium,110.68539,-2.64862,False,False,False,False,False,False,Di Luar Area Pantauan (>1000m dari Desa)
Manis Mata,Seguling,"Rabu, 23 September 2026 13:12:00",NASA-NOAA20,Medium,111.09048,-2.57988,False,False,False,False,False,False,Di Luar Area Pantauan (>1000m dari Desa)
Kendawangan,Air Hitam Besar,"Rabu, 23 September 2026 13:12:00",NASA-NOAA20,Medium,110.71297,-2.62068,False,False,False,False,False,False,Di Luar Area Pantauan (>1000m dari Desa)
Kendawangan,Airhitam Hulu,"Rabu, 23 September 2026 13:12:00",NASA-NOAA20,Medium,110.64097,-2.63508,False,False,False,False,False,False,Di Luar Area Pantauan (>1000m dari Desa)
Manis Mata,Sungai Buluh,"Rabu, 23 September 2026 13:12:00",NASA-NOAA20,Medium,111.07051,-2.5659,False,False,False,False,False,False,Di Luar Area Pantauan (>1000m dari Desa)
Kendawangan,Pembedilan,"Rabu, 23 September 2026 13:12:00",NASA-NOAA20,Medium,110.42833,-2.78644,False,False,False,False,True,True,Di Luar Area Pantauan (>1000m dari Desa)
Kendawangan,Air Hitam Besar,"Rabu, 23 September 2026 13:12:00",NASA-NOAA20,Medium,110.7616,-2.81354,False,False,False,True,False,True,Di Luar Area Pantauan (>1000m dari Desa)
Kendawangan,Danau Buntar,"Rabu, 23 September 2026 13:12:00",NASA-NOAA20,Medium,110.80997,-2.72133,False,False,False,False,True,True,Di Luar Area Pantauan (>1000m dari Desa)
Nanga Tayap,Siantau Raya,"Rabu, 23 September 2026 13:12:00",NASA-NOAA20,Medium,110.47416,-1.66949,False,False,False,False,False,False,Di Luar Area Pantauan (>1000m dari Desa)
Muara Pawan,Tanjung Pura,"Rabu, 23 September 2026 13:12:00",NASA-NOAA20,Medium,110.13995,-1.69351,False,False,True,True,False,True,Di Luar Area Pantauan (>1000m dari Desa)
Nanga Tayap,Batu Mas,"Rabu, 23 September 2026 13:12:00",NASA-NOAA20,Medium,110.64938,-1.63589,False,False,False,False,False,False,Di Luar Area Pantauan (>1000m dari Desa)
Nanga Tayap,Sungai Kelik,"Rabu, 23 September 2026 13:12:00",NASA-NOAA20,Medium,110.31494,-1.57496,False,False,False,True,False,True,Di Luar Area Pantauan (>1000m dari Desa)
Nanga Tayap,Lembah Hijau Satu,"Rabu, 23 September 2026 13:12:00",NASA-NOAA20,Medium,110.49174,-1.57842,False,False,False,False,False,False,Di Luar Area Pantauan (>1000m dari Desa)
Sungai Melayu Rayak,Makmur Abadi,"Rabu, 23 September 2026 13:12:00",NASA-NOAA20,Medium,110.26952,-1.69062,False,False,False,False,False,False,Di Luar Area Pantauan (>1000m dari Desa)
Nanga Tayap,Sungai Kelik,"Rabu, 23 September 2026 13:12:00",NASA-NOAA20,Medium,110.31838,-1.57444,False,False,False,False,False,False,Di Luar Area Pantauan (>1000m dari Desa)
Matan Hilir Utara,Sungai Putri,"Rabu, 23 September 2026 13:12:00",NASA-NOAA20,Medium,110.08676,-1.55875,False,False,True,True,False,True,Di Luar Area Pantauan (>1000m dari Desa)
Nanga Tayap,Lembah Hijau Satu,"Rabu, 23 September 2026 13:12:00",NASA-NOAA20,Medium,110.49519,-1.57789,False,False,False,False,False,False,Di Luar Area Pantauan (>1000m dari Desa)
Nanga Tayap,Batu Mas,"Rabu, 23 September 2026 13:12:00",NASA-NOAA20,Medium,110.64543,-1.6331,False,False,False,False,False,False,Di Luar Area Pantauan (>1000m dari Desa)
Muara Pawan,Tanjung Pura,"Rabu, 23 September 2026 13:12:00",NASA-NOAA20,Medium,110.14044,-1.69682,False,False,True,True,False,True,Di Luar Area Pantauan (>1000m dari Desa)
Muara Pawan,Tanjung Pura,"Rabu, 23 September 2026 13:12:00",NASA-NOAA20,Medium,110.1468,-1.69246,False,False,True,True,False,True,Di Luar Area Pantauan (>1000m dari Desa)
Nanga Tayap,Siantau Raya,"Rabu, 23 September 2026 13:12:00",NASA-NOAA20,Medium,110.51747,-1.62897,False,False,False,False,False,False,Di Luar Area Pantauan (>1000m dari Desa)
Muara Pawan,Tanjung Pura,"Rabu, 23 September 2026 13:12:00",NASA-NOAA20,Medium,110.158,-1.6767,False,False,True,True,False,True,Di Luar Area Pantauan (>1000m dari Desa)
Nanga Tayap,Siantau Raya,"Rabu, 23 September 2026 13:12:00",NASA-NOAA20,Medium,110.43908,-1.62711,False,False,False,False,False,False,Di Luar Area Pantauan (>1000m dari Desa)
Matan Hilir Utara,Tanjung Baik Budi,"Rabu, 23 September 2026 13:12:00",NASA-NOAA20,Medium,110.11173,-1.53804,False,False,True,True,False,True,Di Luar Area Pantauan (>1000m dari Desa)
Muara Pawan,Ulak Medang,"Rabu, 23 September 2026 13:12:00",NASA-NOAA20,Medium,110.30457,-1.55286,False,False,True,True,False,True,Di Luar Area Pantauan (>1000m dari Desa)
Muara Pawan,Ulak Medang,"Rabu, 23 September 2026 13:12:00",NASA-NOAA20,Medium,110.28259,-1.52889,False,False,True,True,False,True,Di Luar Area Pantauan (>1000m dari Desa)
Muara Pawan,Ulak Medang,"Rabu, 23 September 2026 13:12:00",NASA-NOAA20,Medium,110.27914,-1.52941,False,False,True,True,False,True,Di Luar Area Pantauan (>1000m dari Desa)
Matan Hilir Utara,Sungai Putri,"Rabu, 23 September 2026 13:12:00",NASA-NOAA20,Medium,110.08333,-1.55927,False,False,True,True,False,True,Di Luar Area Pantauan (>1000m dari Desa)
Matan Hilir Utara,Tanjung Baik Budi,"Rabu, 23 September 2026 13:12:00",NASA-NOAA20,Medium,110.09998,-1.55335,False,False,True,True,False,True,Di Luar Area Pantauan (>1000m dari Desa)
Nanga Tayap,Lembah Hijau Satu,"Rabu, 23 September 2026 13:12:00",NASA-NOAA20,Medium,110.49569,-1.58121,False,False,False,False,False,False,Di Luar Area Pantauan (>1000m dari Desa)
Nanga Tayap,Lembah Hijau Satu,"Rabu, 23 September 2026 13:12:00",NASA-NOAA20,Medium,110.49223,-1.58173,False,False,False,False,False,False,Di Luar Area Pantauan (>1000m dari Desa)
Sungai Melayu Rayak,Sungai Melayu,"Rabu, 23 September 2026 13:12:00",NASA-NOAA20,Medium,110.37581,-1.77954,False,False,False,False,False,False,Di Luar Area Pantauan (>1000m dari Desa)
Benua Kayong,Negeri Baru,"Rabu, 23 September 2026 13:12:00",NASA-NOAA20,Medium,110.1799,-1.80948,False,False,False,True,False,True,Di Luar Area Pantauan (>1000m dari Desa)
Nanga Tayap,Betenung,"Rabu, 23 September 2026 13:12:00",NASA-NOAA20,Medium,110.84806,-1.56483,False,False,False,False,False,False,Di Luar Area Pantauan (>1000m dari Desa)
Nanga Tayap,Betenung,"Rabu, 23 September 2026 13:12:00",NASA-NOAA20,Medium,110.84505,-1.56869,False,False,True,False,False,True,Di Luar Area Pantauan (>1000m dari Desa)
Muara Pawan,Tanjung Pura,"Rabu, 23 September 2026 13:12:00",NASA-NOAA20,Medium,110.15407,-1.67392,False,False,True,True,False,True,Di Luar Area Pantauan (>1000m dari Desa)
Nanga Tayap,Betenung,"Rabu, 23 September 2026 13:12:00",NASA-NOAA20,Medium,110.84056,-1.56257,False,False,True,False,False,True,Di Luar Area Pantauan (>1000m dari Desa)
Sungai Melayu Rayak,Makmur Abadi,"Rabu, 23 September 2026 13:12:00",NASA-NOAA20,Medium,110.24558,-1.77915,False,False,False,True,False,True,Di Luar Area Pantauan (>1000m dari Desa)
Sungai Melayu Rayak,Sungai Melayu,"Rabu, 23 September 2026 13:12:00",NASA-NOAA20,Medium,110.31831,-1.7576,False,False,False,True,False,True,Di Luar Area Pantauan (>1000m dari Desa)
Muara Pawan,Mayak,"Rabu, 23 September 2026 13:12:00",NASA-NOAA20,Medium,110.19012,-1.74671,False,False,False,True,False,True,Di Luar Area Pantauan (>1000m dari Desa)
Sungai Melayu Rayak,Makmur Abadi,"Rabu, 23 September 2026 13:12:00",NASA-NOAA20,Medium,110.22688,-1.73433,False,False,True,True,False,True,Di Luar Area Pantauan (>1000m dari Desa)
Muara Pawan,Tanjung Pura,"Rabu, 23 September 2026 13:12:00",NASA-NOAA20,Medium,110.15762,-1.69419,False,False,True,True,False,True,Di Luar Area Pantauan (>1000m dari Desa)
Nanga Tayap,Lembah Hijau Satu,"Rabu, 23 September 2026 13:12:00",NASA-NOAA20,Medium,110.50114,-1.59393,False,False,False,False,False,False,Di Luar Area Pantauan (>1000m dari Desa)
Nanga Tayap,Lembah Hijau Dua,"Rabu, 23 September 2026 13:12:00",NASA-NOAA20,Medium,110.50164,-1.59724,False,False,False,False,False,False,Di Luar Area Pantauan (>1000m dari Desa)
Nanga Tayap,Lembah Hijau Satu,"Rabu, 23 September 2026 13:12:00",NASA-NOAA20,Medium,110.47893,-1.58715,False,False,True,False,False,True,Di Luar Area Pantauan (>1000m dari Desa)
Matan Hilir Utara,Sungai Putri,"Rabu, 23 September 2026 13:12:00",NASA-NOAA20,Medium,110.10247,-1.56987,False,False,True,True,False,True,Di Luar Area Pantauan (>1000m dari Desa)
Nanga Tayap,Lembah Hijau Dua,"Rabu, 23 September 2026 13:12:00",NASA-NOAA20,Medium,110.47007,-1.59867,False,False,True,False,False,True,Di Luar Area Pantauan (>1000m dari Desa)
Nanga Tayap,Nanga Tayap,"Rabu, 23 September 2026 13:12:00",NASA-NOAA20,Medium,110.50459,-1.5934,False,False,False,False,False,False,Di Luar Area Pantauan (>1000m dari Desa)
Nanga Tayap,Lembah Hijau Satu,"Rabu, 23 September 2026 13:12:00",NASA-NOAA20,Medium,110.47942,-1.59047,False,False,True,False,False,True,Di Luar Area Pantauan (>1000m dari Desa)
Nanga Tayap,Nanga Tayap,"Rabu, 23 September 2026 13:12:00",NASA-NOAA20,Medium,110.5051,-1.59672,False,False,False,False,False,False,Di Luar Area Pantauan (>1000m dari Desa)
Nanga Tayap,Lembah Hijau Satu,"Rabu, 23 September 2026 13:12:00",NASA-NOAA20,Medium,110.49028,-1.5922,False,False,True,False,False,True,Di Luar Area Pantauan (>1000m dari Desa)
Nanga Tayap,Lembah Hijau Dua,"Rabu, 23 September 2026 13:12:00",NASA-NOAA20,Medium,110.47253,-1.59152,False,False,True,False,False,True,Di Luar Area Pantauan (>1000m dari Desa)
Matan Hilir Utara,Tanjung Baik Budi,"Rabu, 23 September 2026 13:12:00",NASA-NOAA20,Medium,110.16823,-1.56323,False,False,True,True,False,True,Di Luar Area Pantauan (>1000m dari Desa)
Muara Pawan,Ulak Medang,"Rabu, 23 September 2026 13:12:00",NASA-NOAA20,Medium,110.28703,-1.62321,False,False,True,True,False,True,Di Luar Area Pantauan (>1000m dari Desa)
Nanga Tayap,Lembah Hijau Satu,"Rabu, 23 September 2026 13:12:00",NASA-NOAA20,Medium,110.47598,-1.59099,False,False,True,False,False,True,Di Luar Area Pantauan (>1000m dari Desa)
Nanga Tayap,Lembah Hijau Dua,"Rabu, 23 September 2026 13:12:00",NASA-NOAA20,Medium,110.49818,-1.59777,False,False,True,False,False,True,Di Luar Area Pantauan (>1000m dari Desa)
Nanga Tayap,Siantau Raya,"Rabu, 23 September 2026 13:12:00",NASA-NOAA20,Medium,110.47057,-1.60198,False,False,True,False,False,True,Di Luar Area Pantauan (>1000m dari Desa)
Nanga Tayap,Lembah Hijau Satu,"Rabu, 23 September 2026 13:12:00",NASA-NOAA20,Medium,110.49769,-1.59446,False,False,False,False,False,False,Di Luar Area Pantauan (>1000m dari Desa)
Nanga Tayap,Lembah Hijau Satu,"Rabu, 23 September 2026 13:12:00",NASA-NOAA20,Medium,110.50064,-1.59062,False,False,False,False,False,False,Di Luar Area Pantauan (>1000m dari Desa)
Nanga Tayap,Lembah Hijau Satu,"Rabu, 23 September 2026 13:12:00",NASA-NOAA20,Medium,110.48682,-1.59273,False,False,True,False,False,True,Di Luar Area Pantauan (>1000m dari Desa)
Nanga Tayap,Lembah Hijau Satu,"Rabu, 23 September 2026 13:12:00",NASA-NOAA20,Medium,110.49668,-1.58783,False,False,False,False,False,False,Di Luar Area Pantauan (>1000m dari Desa)
Muara Pawan,Tempurukan,"Rabu, 23 September 2026 13:12:00",NASA-NOAA20,Medium,110.08634,-1.66734,False,False,True,True,False,True,Di Luar Area Pantauan (>1000m dari Desa)
Nanga Tayap,Sungai Kelik,"Rabu, 23 September 2026 13:12:00",NASA-NOAA20,Medium,110.30851,-1.55565,False,False,True,True,False,True,Di Luar Area Pantauan (>1000m dari Desa)
Matan Hilir Utara,Kuala Tolak,"Rabu, 23 September 2026 13:12:00",NASA-NOAA20,Medium,110.15333,-1.48774,False,False,False,True,False,True,Di Luar Area Pantauan (>1000m dari Desa)
Matan Hilir Utara,Sungai Putri,"Rabu, 23 September 2026 13:12:00",NASA-NOAA20,Medium,110.09904,-1.57039,False,False,True,True,False,True,Di Luar Area Pantauan (>1000m dari Desa)
Nanga Tayap,Lembah Hijau Dua,"Rabu, 23 September 2026 13:12:00",NASA-NOAA20,Medium,110.49474,-1.5983,False,False,True,False,False,True,Di Luar Area Pantauan (>1000m dari Desa)
Nanga Tayap,Nanga Tayap,"Rabu, 23 September 2026 13:12:00",NASA-NOAA20,Medium,110.5056,-1.60003,False,False,False,False,False,False,Di Luar Area Pantauan (>1000m dari Desa)
Nanga Tayap,Lembah Hijau Dua,"Rabu, 23 September 2026 13:12:00",NASA-NOAA20,Medium,110.48388,-1.59656,False,False,True,False,False,True,Di Luar Area Pantauan (>1000m dari Desa)
Nanga Tayap,Betenung,"Rabu, 23 September 2026 13:12:00",NASA-NOAA20,Medium,110.80122,-1.56175,False,False,True,False,False,True,Di Luar Area Pantauan (>1000m dari Desa)
Nanga Tayap,Betenung,"Rabu, 23 September 2026 13:12:00",NASA-NOAA20,Medium,110.74351,-1.55695,False,False,True,False,False,True,Di Luar Area Pantauan (>1000m dari Desa)
Nanga Tayap,Lembah Hijau Dua,"Rabu, 23 September 2026 13:12:00",NASA-NOAA20,Medium,110.47352,-1.59814,False,False,True,False,False,True,Di Luar Area Pantauan (>1000m dari Desa)
Muara Pawan,Tempurukan,"Rabu, 23 September 2026 13:12:00",NASA-NOAA20,Medium,110.08828,-1.65691,False,False,True,True,False,True,Di Luar Area Pantauan (>1000m dari Desa)
Matan Hilir Utara,Tanjung Baik Budi,"Rabu, 23 September 2026 13:12:00",NASA-NOAA20,Medium,110.17117,-1.5594,False,False,True,True,False,True,Di Luar Area Pantauan (>1000m dari Desa)
Muara Pawan,Ulak Medang,"Rabu, 23 September 2026 13:12:00",NASA-NOAA20,Medium,110.2772,-1.53986,False,False,True,True,False,True,Di Luar Area Pantauan (>1000m dari Desa)
Nanga Tayap,Lembah Hijau Satu,"Rabu, 23 September 2026 13:12:00",NASA-NOAA20,Medium,110.48779,-1.57563,False,False,False,False,False,False,Di Luar Area Pantauan (>1000m dari Desa)
Muara Pawan,Ulak Medang,"Rabu, 23 September 2026 13:12:00",NASA-NOAA20,Medium,110.28552,-1.52506,False,False,True,True,False,True,Di Luar Area Pantauan (>1000m dari Desa)
Matan Hilir Utara,Tanjung Baik Budi,"Rabu, 23 September 2026 13:12:00",NASA-NOAA20,Medium,110.17166,-1.56271,False,False,True,True,False,True,Di Luar Area Pantauan (>1000m dari Desa)
Nanga Tayap,Lembah Hijau Satu,"Rabu, 23 September 2026 13:12:00",NASA-NOAA20,Medium,110.49815,-1.57405,False,False,False,False,False,False,Di Luar Area Pantauan (>1000m dari Desa)
Matan Hilir Utara,Tanjung Baik Budi,"Rabu, 23 September 2026 13:12:00",NASA-NOAA20,Medium,110.17947,-1.54461,False,False,True,True,False,True,Di Luar Area Pantauan (>1000m dari Desa)
Nanga Tayap,Lembah Hijau Satu,"Rabu, 23 September 2026 13:12:00",NASA-NOAA20,Medium,110.48483,-1.57947,False,False,False,False,False,False,Di Luar Area Pantauan (>1000m dari Desa)
Matan Hilir Utara,Tanjung Baik Budi,"Rabu, 23 September 2026 13:12:00",NASA-NOAA20,Medium,110.17997,-1.54791,False,False,True,True,False,True,Di Luar Area Pantauan (>1000m dari Desa)
Nanga Tayap,Pangkalan Teluk,"Rabu, 23 September 2026 13:12:00",NASA-NOAA20,Medium,110.36298,-1.29939,False,False,False,False,False,False,Di Luar Area Pantauan (>1000m dari Desa)
Matan Hilir Utara,Kuala Tolak,"Rabu, 23 September 2026 13:12:00",NASA-NOAA20,Medium,110.15527,-1.4773,False,False,True,True,False,True,Di Luar Area Pantauan (>1000m dari Desa)
Nanga Tayap,Sebadak Raya,"Rabu, 23 September 2026 13:12:00",NASA-NOAA20,Medium,110.76757,-1.34627,False,False,True,False,False,True,Di Luar Area Pantauan (>1000m dari Desa)
Nanga Tayap,Pangkalan Teluk,"Rabu, 23 September 2026 13:12:00",NASA-NOAA20,Medium,110.34125,-1.36046,False,False,True,False,True,True,Di Luar Area Pantauan (>1000m dari Desa)
Muara Pawan,Ulak Medang,"Rabu, 23 September 2026 13:12:00",NASA-NOAA20,Medium,110.22359,-1.51083,False,False,True,True,False,True,Di Luar Area Pantauan (>1000m dari Desa)
Matan Hilir Utara,Kuala Tolak,"Rabu, 23 September 2026 13:12:00",NASA-NOAA20,Medium,110.14299,-1.46566,False,False,True,True,False,True,Di Luar Area Pantauan (>1000m dari Desa)
Hulu Sungai,Batu Lapis,"Rabu, 23 September 2026 13:12:00",NASA-NOAA20,Medium,110.76308,-1.34015,False,False,True,False,False,True,Di Luar Area Pantauan (>1000m dari Desa)
Hulu Sungai,Batu Lapis,"Rabu, 23 September 2026 13:12:00",NASA-NOAA20,Medium,110.76906,-1.33243,False,False,False,False,False,False,Di Luar Area Pantauan (>1000m dari Desa)
Nanga Tayap,Pangkalan Teluk,"Rabu, 23 September 2026 13:12:00",NASA-NOAA20,Medium,110.27686,-1.37707,False,False,False,False,False,False,Di Luar Area Pantauan (>1000m dari Desa)
Muara Pawan,Ulak Medang,"Rabu, 23 September 2026 13:12:00",NASA-NOAA20,Medium,110.24326,-1.52474,False,False,True,True,False,True,Di Luar Area Pantauan (>1000m dari Desa)
Matan Hilir Utara,Tanjung Baik Budi,"Rabu, 23 September 2026 13:12:00",NASA-NOAA20,Medium,110.14413,-1.54324,False,False,True,True,False,True,Di Luar Area Pantauan (>1000m dari Desa)
Matan Hilir Utara,Tanjung Baik Budi,"Rabu, 23 September 2026 13:12:00",NASA-NOAA20,Medium,110.14021,-1.54046,False,False,True,True,False,True,Di Luar Area Pantauan (>1000m dari Desa)
Muara Pawan,Ulak Medang,"Rabu, 23 September 2026 13:12:00",NASA-NOAA20,Medium,110.24521,-1.51429,False,False,True,True,False,True,Di Luar Area Pantauan (>1000m dari Desa)
Matan Hilir Utara,Tanjung Baik Budi,"Rabu, 23 September 2026 13:12:00",NASA-NOAA20,Medium,110.12103,-1.52986,False,False,True,True,False,True,Di Luar Area Pantauan (>1000m dari Desa)
Nanga Tayap,Simpang Tiga Sembelangaan,"Rabu, 23 September 2026 13:12:00",NASA-NOAA20,Medium,110.37337,-1.40973,False,False,False,False,False,False,Di Luar Area Pantauan (>1000m dari Desa)
Hulu Sungai,Batu Lapis,"Rabu, 23 September 2026 13:12:00",NASA-NOAA20,Medium,110.7636,-1.34347,False,False,True,False,False,True,Di Luar Area Pantauan (>1000m dari Desa)
Nanga Tayap,Simpang Tiga Sembelangaan,"Rabu, 23 September 2026 13:12:00",NASA-NOAA20,Medium,110.31719,-1.41152,False,False,False,False,True,True,Di Luar Area Pantauan (>1000m dari Desa)
Nanga Tayap,Mensubang,"Rabu, 23 September 2026 13:12:00",NASA-NOAA20,Medium,110.44031,-1.36226,False,False,False,False,False,False,Di Luar Area Pantauan (>1000m dari Desa)
Matan Hilir Utara,Lamon Satong,"Rabu, 23 September 2026 13:12:00",NASA-NOAA20,Medium,110.20958,-1.3975,False,False,False,True,False,True,Di Luar Area Pantauan (>1000m dari Desa)
Matan Hilir Utara,Lamon Satong,"Rabu, 23 September 2026 13:12:00",NASA-NOAA20,Medium,110.24535,-1.35482,False,False,True,False,True,True,Di Luar Area Pantauan (>1000m dari Desa)
Muara Pawan,Ulak Medang,"Rabu, 23 September 2026 13:12:00",NASA-NOAA20,Medium,110.2354,-1.51917,False,False,True,True,False,True,Di Luar Area Pantauan (>1000m dari Desa)
Muara Pawan,Ulak Medang,"Rabu, 23 September 2026 13:12:00",NASA-NOAA20,Medium,110.23096,-1.51309,False,False,True,True,False,True,Di Luar Area Pantauan (>1000m dari Desa)
Muara Pawan,Ulak Medang,"Rabu, 23 September 2026 13:12:00",NASA-NOAA20,Medium,110.22065,-1.51466,False,False,True,True,False,True,Di Luar Area Pantauan (>1000m dari Desa)
Muara Pawan,Ulak Medang,"Rabu, 23 September 2026 13:12:00",NASA-NOAA20,Medium,110.21378,-1.51571,False,False,True,True,False,True,Di Luar Area Pantauan (>1000m dari Desa)
Sandai,Sandai,"Rabu, 23 September 2026 13:12:00",NASA-NOAA20,Medium,110.56069,-1.29295,False,False,False,False,False,False,Di Luar Area Pantauan (>1000m dari Desa)
Matan Hilir Utara,Lamon Satong,"Rabu, 23 September 2026 13:12:00",NASA-NOAA20,Medium,110.25711,-1.33949,False,False,True,False,False,True,Di Luar Area Pantauan (>1000m dari Desa)
Nanga Tayap,Pangkalan Teluk,"Rabu, 23 September 2026 13:12:00",NASA-NOAA20,Medium,110.35902,-1.29661,False,False,False,False,False,False,Di Luar Area Pantauan (>1000m dari Desa)
Sokan,Melana,"Rabu, 23 September 2026 13:12:00",NASA-NOAA20,Medium,111.48375,-0.95061,False,False,False,False,False,False,Di Luar Area Pantauan (>1000m dari Desa)
Simpang Hilir,Rantau Panjang,"Rabu, 23 September 2026 13:12:00",NASA-NOAA20,Medium,110.07364,-1.11949,False,False,True,False,True,True,Di Luar Area Pantauan (>1000m dari Desa)
Simpang Hilir,Matan Jaya,"Rabu, 23 September 2026 13:12:00",NASA-NOAA20,Medium,110.3404,-1.13316,False,False,True,False,True,True,Di Luar Area Pantauan (>1000m dari Desa)
Simpang Hilir,Matan Jaya,"Rabu, 23 September 2026 13:12:00",NASA-NOAA20,Medium,110.14089,-1.12277,False,False,True,True,True,True,Di Luar Area Pantauan (>1000m dari Desa)
Simpang Hilir,Matan Jaya,"Rabu, 23 September 2026 13:12:00",NASA-NOAA20,Medium,110.28977,-1.17137,False,False,True,False,True,True,Di Luar Area Pantauan (>1000m dari Desa)
Simpang Hilir,Matan Jaya,"Rabu, 23 September 2026 13:12:00",NASA-NOAA20,Medium,110.2937,-1.17416,False,False,True,False,True,True,Di Luar Area Pantauan (>1000m dari Desa)
Simpang Hilir,Matan Jaya,"Rabu, 23 September 2026 13:12:00",NASA-NOAA20,Medium,110.1517,-1.1245,False,False,True,False,True,True,Di Luar Area Pantauan (>1000m dari Desa)
Sandai,Muara Jekak,"Rabu, 23 September 2026 13:12:00",NASA-NOAA20,Medium,110.58448,-1.13316,False,False,False,False,False,False,Di Luar Area Pantauan (>1000m dari Desa)
Matan Hilir Utara,Lamon Satong,"Rabu, 23 September 2026 13:12:00",NASA-NOAA20,Medium,110.25607,-1.29201,False,False,True,False,True,True,Di Luar Area Pantauan (>1000m dari Desa)
Hulu Sungai,Krio Hulu,"Rabu, 23 September 2026 13:12:00",NASA-NOAA20,Medium,110.83434,-0.9051,False,False,True,False,False,True,Di Luar Area Pantauan (>1000m dari Desa)
Serawai,Rantau Malam,"Rabu, 23 September 2026 13:12:00",NASA-NOAA20,Medium,112.59403,-0.51116,False,False,True,False,False,True,Di Luar Area Pantauan (>1000m dari Desa)
Hulu Sungai,Sunge Bengaras,"Rabu, 23 September 2026 13:12:00",NASA-NOAA20,Medium,110.83719,-0.762,False,True,False,False,False,False,Prioritas 3 (Rendah)
Simpang Dua,Semandang Kanan,"Rabu, 23 September 2026 13:12:00",NASA-NOAA20,Medium,110.33627,-0.83851,False,False,False,False,False,False,Di Luar Area Pantauan (>1000m dari Desa)
Simpang Hilir,Matan Jaya,"Rabu, 23 September 2026 13:12:00",NASA-NOAA20,Medium,110.28927,-1.16806,False,False,True,False,True,True,Di Luar Area Pantauan (>1000m dari Desa)
Simpang Hilir,Matan Jaya,"Rabu, 23 September 2026 13:12:00",NASA-NOAA20,Medium,110.28728,-1.15483,False,False,True,False,True,True,Di Luar Area Pantauan (>1000m dari Desa)
Hulu Sungai,Benua Krio,"Rabu, 23 September 2026 13:12:00",NASA-NOAA20,Medium,110.70062,-1.07798,False,False,False,False,False,False,Di Luar Area Pantauan (>1000m dari Desa)
Hulu Sungai,Beginci Darat,"Rabu, 23 September 2026 13:12:00",NASA-NOAA20,Medium,111.04052,-1.04979,True,False,True,False,False,True,Prioritas 1 (Tinggi)
Sandai,Pendamaran Indah,"Rabu, 23 September 2026 13:12:00",NASA-NOAA20,Medium,110.6241,-1.08971,False,False,False,False,False,False,Di Luar Area Pantauan (>1000m dari Desa)
Ambalau,Nanga Rade,"Rabu, 23 September 2026 13:12:00",NASA-NOAA20,Medium,112.85686,-0.03723,False,False,False,False,False,False,Di Luar Area Pantauan (>1000m dari Desa)
Serawai,Mentajoi,"Rabu, 23 September 2026 13:12:00",NASA-NOAA20,Medium,112.62282,-0.39454,False,False,False,False,False,False,Di Luar Area Pantauan (>1000m dari Desa)
Simpang Hulu,Legong,"Rabu, 23 September 2026 13:12:00",NASA-NOAA20,Medium,110.52071,-0.59311,False,False,False,False,False,False,Di Luar Area Pantauan (>1000m dari Desa)
Serawai,Limbur Bernaung Lestari,"Rabu, 23 September 2026 13:12:00",NASA-NOAA20,Medium,112.58743,-0.15738,False,False,False,False,True,True,Di Luar Area Pantauan (>1000m dari Desa)
Pinoh Utara,Nanga Belimbing,"Rabu, 23 September 2026 13:12:00",NASA-NOAA20,Medium,111.66655,-0.25316,False,False,False,False,False,False,Di Luar Area Pantauan (>1000m dari Desa)
Pinoh Utara,Nanga Belimbing,"Rabu, 23 September 2026 13:12:00",NASA-NOAA20,Medium,111.66631,-0.25353,False,False,False,False,False,False,Di Luar Area Pantauan (>1000m dari Desa)
Pinoh Utara,Tengkajau,"Rabu, 23 September 2026 13:12:00",NASA-NOAA20,Medium,111.74422,-0.23825,False,False,False,False,False,False,Di Luar Area Pantauan (>1000m dari Desa)
Ambalau,Nanga Rade,"Rabu, 23 September 2026 13:12:00",NASA-NOAA20,Medium,112.85744,-0.04085,False,False,False,False,False,False,Di Luar Area Pantauan (>1000m dari Desa)
Serawai,Tunas Harapan,"Rabu, 23 September 2026 13:12:00",NASA-NOAA20,Medium,112.41264,-0.38685,False,False,False,False,False,False,Di Luar Area Pantauan (>1000m dari Desa)
Sekadau Hilir,Landau Kodah,"Rabu, 23 September 2026 13:12:00",NASA-NOAA20,Medium,110.97327,0.06387,False,False,False,False,False,False,Di Luar Area Pantauan (>1000m dari Desa)
Nanga Taman,Senangak,"Rabu, 23 September 2026 13:12:00",NASA-NOAA20,Medium,110.72647,-0.28358,False,False,False,False,False,False,Di Luar Area Pantauan (>1000m dari Desa)
Sekadau Hilir,Gonis Tekam,"Rabu, 23 September 2026 13:12:00",NASA-NOAA20,Medium,111.07798,0.02476,False,False,False,False,False,False,Di Luar Area Pantauan (>1000m dari Desa)
Tempunak,Mensiap Jaya,"Rabu, 23 September 2026 13:12:00",NASA-NOAA20,Medium,111.3413,0.09618,False,False,False,True,False,True,Di Luar Area Pantauan (>1000m dari Desa)
Sungai Laur,Harapan Baru,"Rabu, 23 September 2026 13:12:00",NASA-NOAA20,Medium,110.51076,-0.73034,False,False,False,False,False,False,Di Luar Area Pantauan (>1000m dari Desa)
Belimbing,Balai Lagas,"Rabu, 23 September 2026 13:12:00",NASA-NOAA20,Medium,111.43034,-0.57998,False,False,False,False,False,False,Di Luar Area Pantauan (>1000m dari Desa)
Silat Hilir,Seberu,"Rabu, 23 September 2026 13:12:00",NASA-NOAA20,Medium,111.93974,0.31793,False,False,False,False,False,False,Di Luar Area Pantauan (>1000m dari Desa)
Semitau,Tua' Abang,"Rabu, 23 September 2026 13:12:00",NASA-NOAA20,Medium,111.83176,0.57018,False,False,False,False,False,False,Di Luar Area Pantauan (>1000m dari Desa)
Belitang Hilir,Semadu,"Rabu, 23 September 2026 13:12:00",NASA-NOAA20,Medium,110.99672,0.40881,False,False,False,False,False,False,Di Luar Area Pantauan (>1000m dari Desa)
Ketungau Tengah,Begelang Jaya,"Rabu, 23 September 2026 13:12:00",NASA-NOAA20,Medium,111.24195,0.64479,False,False,False,False,False,False,Di Luar Area Pantauan (>1000m dari Desa)
Nanga Tayap,Lembah Hijau Satu,"Rabu, 23 September 2026 01:51:00",NASA-SNPP,Medium,110.48135,-1.58702,False,False,True,False,False,True,Di Luar Area Pantauan (>1000m dari Desa)
Jelai Hulu,Pasir Mayang,"Rabu, 23 September 2026 01:51:00",NASA-SNPP,Medium,110.82375,-1.81115,False,False,False,False,False,False,Di Luar Area Pantauan (>1000m dari Desa)
Nanga Tayap,Lembah Hijau Satu,"Rabu, 23 September 2026 01:51:00",NASA-SNPP,Medium,110.48876,-1.58816,False,False,True,False,False,True,Di Luar Area Pantauan (>1000m dari Desa)
Nanga Tayap,Lembah Hijau Dua,"Rabu, 23 September 2026 01:51:00",NASA-SNPP,Medium,110.49911,-1.59547,False,False,False,False,False,False,Di Luar Area Pantauan (>1000m dari Desa)
Nanga Tayap,Lembah Hijau Satu,"Rabu, 23 September 2026 01:51:00",NASA-SNPP,Medium,110.4768,-1.59206,False,False,False,False,False,False,Di Luar Area Pantauan (>1000m dari Desa)
Nanga Tayap,Lembah Hijau Satu,"Rabu, 23 September 2026 01:51:00",NASA-SNPP,Medium,110.49437,-1.57754,False,False,False,False,False,False,Di Luar Area Pantauan (>1000m dari Desa)
Nanga Tayap,Lembah Hijau Satu,"Rabu, 23 September 2026 01:51:00",NASA-SNPP,Medium,110.49621,-1.58929,False,False,False,False,False,False,Di Luar Area Pantauan (>1000m dari Desa)
Kendawangan,Sungai Jelayan,"Rabu, 23 September 2026 01:51:00",NASA-SNPP,Medium,110.4435,-2.24412,False,False,False,False,False,False,Di Luar Area Pantauan (>1000m dari Desa)
Nanga Tayap,Pangkalan Teluk,"Rabu, 23 September 2026 01:51:00",NASA-SNPP,Medium,110.27842,-1.30877,False,False,True,False,False,True,Di Luar Area Pantauan (>1000m dari Desa)
Matan Hilir Selatan,Sungai Nanjung,"Rabu, 23 September 2026 01:51:00",NASA-SNPP,Medium,110.18848,-2.12722,False,False,True,True,False,True,Di Luar Area Pantauan (>1000m dari Desa)
Nanga Tayap,Pangkalan Teluk,"Rabu, 23 September 2026 01:51:00",NASA-SNPP,Medium,110.27711,-1.30917,False,False,True,False,False,True,Di Luar Area Pantauan (>1000m dari Desa)
Matan Hilir Selatan,Sungai Nanjung,"Rabu, 23 September 2026 01:51:00",NASA-SNPP,Medium,110.18402,-2.13219,False,False,True,True,False,True,Di Luar Area Pantauan (>1000m dari Desa)
Matan Hilir Selatan,Sungai Nanjung,"Rabu, 23 September 2026 01:51:00",NASA-SNPP,Medium,110.18487,-2.12666,False,False,True,True,False,True,Di Luar Area Pantauan (>1000m dari Desa)
Matan Hilir Selatan,Sungai Nanjung,"Rabu, 23 September 2026 01:51:00",NASA-SNPP,Medium,110.19209,-2.12778,False,False,False,True,False,True,Di Luar Area Pantauan (>1000m dari Desa)
Pinoh Utara,Kayan Semapau,"Rabu, 23 September 2026 01:51:00",NASA-SNPP,Medium,111.71149,-0.1699,False,False,False,False,False,False,Di Luar Area Pantauan (>1000m dari Desa)
Nanga Tayap,Lembah Hijau Satu,"Rabu, 23 September 2026 01:51:00",NASA-SNPP,Medium,110.48793,-1.59376,False,False,True,False,False,True,Di Luar Area Pantauan (>1000m dari Desa)
Kendawangan,Selimantan Jaya,"Rabu, 23 September 2026 01:51:00",NASA-SNPP,Medium,110.5367,-2.21768,False,False,False,False,False,False,Di Luar Area Pantauan (>1000m dari Desa)
Pinoh Utara,Kayan Semapau,"Rabu, 23 September 2026 01:51:00",NASA-SNPP,Medium,111.71335,-0.17374,False,False,False,False,False,False,Di Luar Area Pantauan (>1000m dari Desa)
Nanga Tayap,Lembah Hijau Satu,"Rabu, 23 September 2026 01:51:00",NASA-SNPP,Medium,110.49066,-1.57698,False,False,False,False,False,False,Di Luar Area Pantauan (>1000m dari Desa)
Nanga Tayap,Batu Mas,"Rabu, 23 September 2026 01:51:00",NASA-SNPP,Medium,110.60516,-1.64639,False,False,False,False,False,False,Di Luar Area Pantauan (>1000m dari Desa)
Nanga Tayap,Lembah Hijau Dua,"Rabu, 23 September 2026 01:51:00",NASA-SNPP,Medium,110.47309,-1.59149,False,False,True,False,False,True,Di Luar Area Pantauan (>1000m dari Desa)
Matan Hilir Utara,Lamon Satong,"Rabu, 23 September 2026 01:51:00",NASA-SNPP,Medium,110.2105,-1.39945,False,False,False,True,False,True,Di Luar Area Pantauan (>1000m dari Desa)
Nanga Tayap,Lembah Hijau Satu,"Rabu, 23 September 2026 01:51:00",NASA-SNPP,Medium,110.48971,-1.58257,False,False,False,False,False,False,Di Luar Area Pantauan (>1000m dari Desa)
Nanga Tayap,Sepakat Jaya,"Rabu, 23 September 2026 01:51:00",NASA-SNPP,Medium,110.65157,-1.39401,False,False,True,False,False,True,Di Luar Area Pantauan (>1000m dari Desa)
Nanga Tayap,Lembah Hijau Dua,"Rabu, 23 September 2026 01:51:00",NASA-SNPP,Medium,110.49535,-1.5949,False,False,True,False,False,True,Di Luar Area Pantauan (>1000m dari Desa)
Matan Hilir Selatan,Sungai Nanjung,"Rabu, 23 September 2026 01:51:00",NASA-SNPP,Medium,110.19569,-2.12833,False,False,False,True,False,True,Di Luar Area Pantauan (>1000m dari Desa)
Nanga Tayap,Lembah Hijau Dua,"Rabu, 23 September 2026 01:51:00",NASA-SNPP,Medium,110.48339,-1.5988,False,False,True,False,False,True,Di Luar Area Pantauan (>1000m dari Desa)
Nanga Tayap,Lembah Hijau Satu,"Rabu, 23 September 2026 01:51:00",NASA-SNPP,Medium,110.48228,-1.58144,False,False,False,False,False,False,Di Luar Area Pantauan (>1000m dari Desa)
Matan Hilir Utara,Lamon Satong,"Rabu, 23 September 2026 01:51:00",NASA-SNPP,Medium,110.20766,-1.39958,False,False,False,True,False,True,Di Luar Area Pantauan (>1000m dari Desa)
Nanga Tayap,Lembah Hijau Satu,"Rabu, 23 September 2026 01:51:00",NASA-SNPP,Medium,110.48505,-1.58759,False,False,True,False,False,True,Di Luar Area Pantauan (>1000m dari Desa)
Jelai Hulu,Semantun,"Rabu, 23 September 2026 01:51:00",NASA-SNPP,Medium,111.03894,-2.04566,False,False,False,False,False,False,Di Luar Area Pantauan (>1000m dari Desa)
Kendawangan,Sungai Jelayan,"Rabu, 23 September 2026 01:51:00",NASA-SNPP,Medium,110.43133,-2.24803,False,False,False,False,False,False,Di Luar Area Pantauan (>1000m dari Desa)
Nanga Tayap,Lembah Hijau Satu,"Rabu, 23 September 2026 01:51:00",NASA-SNPP,Medium,110.49342,-1.58313,False,False,False,False,False,False,Di Luar Area Pantauan (>1000m dari Desa)
Matan Hilir Utara,Lamon Satong,"Rabu, 23 September 2026 01:51:00",NASA-SNPP,Medium,110.21117,-1.40011,False,False,False,True,False,True,Di Luar Area Pantauan (>1000m dari Desa)
Nanga Tayap,Pateh Benteng,"Rabu, 23 September 2026 01:51:00",NASA-SNPP,Medium,110.64751,-1.62978,False,False,False,False,False,False,Di Luar Area Pantauan (>1000m dari Desa)
Nanga Tayap,Lembah Hijau Dua,"Rabu, 23 September 2026 01:51:00",NASA-SNPP,Medium,110.49164,-1.59433,False,False,True,False,False,True,Di Luar Area Pantauan (>1000m dari Desa)
Matan Hilir Utara,Tanjung Baik Budi,"Rabu, 23 September 2026 01:51:00",NASA-SNPP,Medium,110.18121,-1.54116,False,False,True,True,False,True,Di Luar Area Pantauan (>1000m dari Desa)
Nanga Tayap,Lembah Hijau Dua,"Rabu, 23 September 2026 01:51:00",NASA-SNPP,Medium,110.47397,-1.5859,False,False,True,False,False,True,Di Luar Area Pantauan (>1000m dari Desa)
Matan Hilir Selatan,Pagar Mentimun,"Rabu, 23 September 2026 01:51:00",NASA-SNPP,Medium,110.17398,-2.20304,False,False,False,False,False,False,Di Luar Area Pantauan (>1000m dari Desa)
Kendawangan,Sungai Jelayan,"Rabu, 23 September 2026 01:51:00",NASA-SNPP,Medium,110.43974,-2.24355,False,False,False,False,False,False,Di Luar Area Pantauan (>1000m dari Desa)
Kendawangan,Sungai Jelayan,"Rabu, 23 September 2026 01:51:00",NASA-SNPP,Medium,110.43885,-2.24918,False,False,False,False,False,False,Di Luar Area Pantauan (>1000m dari Desa)
Marau,Rangkung,"Rabu, 23 September 2026 01:51:00",NASA-SNPP,Medium,110.52517,-2.2083,False,False,False,False,False,False,Di Luar Area Pantauan (>1000m dari Desa)
Matan Hilir Utara,Lamon Satong,"Rabu, 23 September 2026 01:51:00",NASA-SNPP,Medium,110.20698,-1.3989,False,False,False,True,False,True,Di Luar Area Pantauan (>1000m dari Desa)
Kendawangan,Selimantan Jaya,"Rabu, 23 September 2026 01:51:00",NASA-SNPP,Medium,110.53566,-2.21575,False,False,False,False,False,False,Di Luar Area Pantauan (>1000m dari Desa)
Kendawangan,Sungai Jelayan,"Rabu, 23 September 2026 01:51:00",NASA-SNPP,Medium,110.44261,-2.24976,False,False,False,False,False,False,Di Luar Area Pantauan (>1000m dari Desa)
Nanga Tayap,Lembah Hijau Satu,"Rabu, 23 September 2026 01:51:00",NASA-SNPP,Medium,110.49715,-1.5837,False,False,False,False,False,False,Di Luar Area Pantauan (>1000m dari Desa)
Nanga Tayap,Lembah Hijau Satu,"Rabu, 23 September 2026 01:51:00",NASA-SNPP,Medium,110.48598,-1.582,False,False,False,False,False,False,Di Luar Area Pantauan (>1000m dari Desa)
Nanga Tayap,Lembah Hijau Satu,"Rabu, 23 September 2026 01:51:00",NASA-SNPP,Medium,110.49249,-1.58872,False,False,True,False,False,True,Di Luar Area Pantauan (>1000m dari Desa)
Nanga Tayap,Lembah Hijau Dua,"Rabu, 23 September 2026 01:51:00",NASA-SNPP,Medium,110.48709,-1.59937,False,False,True,False,False,True,Di Luar Area Pantauan (>1000m dari Desa)
Nanga Tayap,Lembah Hijau Satu,"Rabu, 23 September 2026 01:51:00",NASA-SNPP,Medium,110.48421,-1.59319,False,False,True,False,False,True,Di Luar Area Pantauan (>1000m dari Desa)
Nanga Tayap,Lembah Hijau Satu,"Rabu, 23 September 2026 01:51:00",NASA-SNPP,Medium,110.48051,-1.59262,False,False,True,False,False,True,Di Luar Area Pantauan (>1000m dari Desa)
Nanga Tayap,Lembah Hijau Satu,"Rabu, 23 September 2026 01:51:00",NASA-SNPP,Medium,110.47766,-1.58646,False,False,True,False,False,True,Di Luar Area Pantauan (>1000m dari Desa)
Kendawangan,Sungai Jelayan,"Rabu, 23 September 2026 01:53:00",NASA-SNPP,Medium,110.42584,-2.25872,False,False,False,False,False,False,Di Luar Area Pantauan (>1000m dari Desa)
Kendawangan,Mekar Utama,"Rabu, 23 September 2026 01:53:00",NASA-SNPP,Medium,110.22401,-2.295,False,False,False,False,False,False,Di Luar Area Pantauan (>1000m dari Desa)
Kendawangan,Sungai Jelayan,"Rabu, 23 September 2026 01:53:00",NASA-SNPP,Medium,110.42669,-2.25309,False,False,False,False,False,False,Di Luar Area Pantauan (>1000m dari Desa)
Kendawangan,Danau Buntar,"Rabu, 23 September 2026 01:53:00",NASA-SNPP,Medium,110.96028,-2.78882,False,False,False,False,False,False,Di Luar Area Pantauan (>1000m dari Desa)
Singkup,Tanah Hitam,"Rabu, 23 September 2026 01:53:00",NASA-SNPP,Medium,110.6577,-2.46039,False,False,False,False,False,False,Di Luar Area Pantauan (>1000m dari Desa)
Kendawangan,Pembedilan,"Rabu, 23 September 2026 01:53:00",NASA-SNPP,Medium,110.38544,-2.86893,False,False,False,False,True,True,Di Luar Area Pantauan (>1000m dari Desa)
Kendawangan,Danau Buntar,"Rabu, 23 September 2026 01:53:00",NASA-SNPP,Medium,110.96733,-2.78538,False,False,False,False,False,False,Di Luar Area Pantauan (>1000m dari Desa)
Kendawangan,Airhitam Hulu,"Rabu, 23 September 2026 01:53:00",NASA-SNPP,Medium,110.6377,-2.61706,False,False,False,False,False,False,Di Luar Area Pantauan (>1000m dari Desa)
Kendawangan,Kendawangan Kanan,"Rabu, 23 September 2026 01:53:00",NASA-SNPP,Medium,110.27686,-2.81811,False,False,False,True,True,True,Di Luar Area Pantauan (>1000m dari Desa)
Kendawangan,Air Hitam Besar,"Rabu, 23 September 2026 01:53:00",NASA-SNPP,Medium,110.68662,-2.64222,False,False,False,False,False,False,Di Luar Area Pantauan (>1000m dari Desa)
Kendawangan,Danau Buntar,"Rabu, 23 September 2026 01:53:00",NASA-SNPP,Medium,110.96451,-2.78943,False,False,False,False,False,False,Di Luar Area Pantauan (>1000m dari Desa)
Kendawangan,Sungai Jelayan,"Rabu, 23 September 2026 01:53:00",NASA-SNPP,Medium,110.42292,-2.25251,False,False,False,False,False,False,Di Luar Area Pantauan (>1000m dari Desa)
Kendawangan,Danau Buntar,"Rabu, 23 September 2026 01:53:00",NASA-SNPP,Medium,110.96638,-2.79125,False,False,False,False,False,False,Di Luar Area Pantauan (>1000m dari Desa)
Kendawangan,Pembedilan,"Rabu, 23 September 2026 01:53:00",NASA-SNPP,Medium,110.38929,-2.8695,False,False,False,False,True,True,Di Luar Area Pantauan (>1000m dari Desa)
Kendawangan,Danau Buntar,"Rabu, 23 September 2026 01:53:00",NASA-SNPP,Medium,110.96217,-2.79061,False,False,True,False,False,True,Di Luar Area Pantauan (>1000m dari Desa)
Kendawangan,Sungai Jelayan,"Rabu, 23 September 2026 01:53:00",NASA-SNPP,Medium,110.43797,-2.25482,False,False,False,False,False,False,Di Luar Area Pantauan (>1000m dari Desa)
Kendawangan,Danau Buntar,"Rabu, 23 September 2026 01:53:00",NASA-SNPP,Medium,110.96873,-2.79005,False,False,False,False,False,False,Di Luar Area Pantauan (>1000m dari Desa)
Kendawangan,Kendawangan Kanan,"Rabu, 23 September 2026 01:53:00",NASA-SNPP,Medium,110.28522,-2.81359,False,False,False,True,True,True,Di Luar Area Pantauan (>1000m dari Desa)
Singkup,Tanah Hitam,"Rabu, 23 September 2026 01:53:00",NASA-SNPP,Medium,110.65378,-2.4598,False,False,False,False,False,False,Di Luar Area Pantauan (>1000m dari Desa)
Kendawangan,Kendawangan Kanan,"Rabu, 23 September 2026 01:53:00",NASA-SNPP,Medium,110.28436,-2.81922,False,False,False,True,True,True,Di Luar Area Pantauan (>1000m dari Desa)
Kendawangan,Danau Buntar,"Rabu, 23 September 2026 01:53:00",NASA-SNPP,Medium,110.96313,-2.78474,False,False,False,False,False,False,Di Luar Area Pantauan (>1000m dari Desa)
Kendawangan,Kendawangan Kanan,"Rabu, 23 September 2026 01:53:00",NASA-SNPP,Medium,110.2834,-2.81645,False,False,False,True,True,True,Di Luar Area Pantauan (>1000m dari Desa)
Kendawangan,Kendawangan Kanan,"Rabu, 23 September 2026 01:53:00",NASA-SNPP,Medium,110.2759,-2.81529,False,False,False,True,True,True,Di Luar Area Pantauan (>1000m dari Desa)
Kendawangan,Mekar Utama,"Rabu, 23 September 2026 01:53:00",NASA-SNPP,Medium,110.22489,-2.28944,False,False,False,False,False,False,Di Luar Area Pantauan (>1000m dari Desa)
Kendawangan,Pembedilan,"Rabu, 23 September 2026 01:53:00",NASA-SNPP,Medium,110.43918,-2.87698,False,False,False,False,True,True,Di Luar Area Pantauan (>1000m dari Desa)
Kendawangan,Sungai Jelayan,"Rabu, 23 September 2026 01:53:00",NASA-SNPP,Medium,110.43046,-2.25367,False,False,False,False,False,False,Di Luar Area Pantauan (>1000m dari Desa)
Kendawangan,Air Hitam Besar,"Rabu, 23 September 2026 12:53:00",NASA-SNPP,Medium,110.77198,-2.60151,False,False,False,False,False,False,Di Luar Area Pantauan (>1000m dari Desa)
Matan Hilir Selatan,Pematang Gadung,"Rabu, 23 September 2026 12:53:00",NASA-SNPP,Medium,110.20895,-1.92865,False,False,True,True,False,True,Di Luar Area Pantauan (>1000m dari Desa)
Manis Mata,Seguling,"Rabu, 23 September 2026 12:53:00",NASA-SNPP,Medium,111.08922,-2.58104,False,False,False,False,False,False,Di Luar Area Pantauan (>1000m dari Desa)
Kendawangan,Seriam,"Rabu, 23 September 2026 12:53:00",NASA-SNPP,Medium,110.37695,-2.68626,False,False,False,False,True,True,Di Luar Area Pantauan (>1000m dari Desa)
Matan Hilir Utara,Kuala Tolak,"Rabu, 23 September 2026 12:53:00",NASA-SNPP,Medium,110.14684,-1.47622,False,False,True,True,False,True,Di Luar Area Pantauan (>1000m dari Desa)
Matan Hilir Utara,Kuala Tolak,"Rabu, 23 September 2026 12:53:00",NASA-SNPP,Medium,110.1715,-1.49503,False,False,False,True,False,True,Di Luar Area Pantauan (>1000m dari Desa)
Matan Hilir Selatan,Pematang Gadung,"Rabu, 23 September 2026 12:53:00",NASA-SNPP,Medium,110.18919,-1.94534,False,False,False,True,False,True,Di Luar Area Pantauan (>1000m dari Desa)
Matan Hilir Selatan,Sungai Nanjung,"Rabu, 23 September 2026 12:53:00",NASA-SNPP,Medium,110.18668,-2.12898,False,False,True,True,False,True,Di Luar Area Pantauan (>1000m dari Desa)
Matan Hilir Selatan,Sungai Besar,"Rabu, 23 September 2026 12:53:00",NASA-SNPP,Medium,110.24287,-1.86007,False,False,True,True,False,True,Di Luar Area Pantauan (>1000m dari Desa)
Kendawangan,Kendawangan Kanan,"Rabu, 23 September 2026 12:53:00",NASA-SNPP,Medium,110.27602,-2.76057,False,False,False,True,True,True,Di Luar Area Pantauan (>1000m dari Desa)
Kendawangan,Pembedilan,"Rabu, 23 September 2026 12:53:00",NASA-SNPP,Medium,110.36581,-2.87553,False,False,False,False,True,True,Di Luar Area Pantauan (>1000m dari Desa)
Kendawangan,Danau Buntar,"Rabu, 23 September 2026 12:53:00",NASA-SNPP,Medium,110.96603,-2.78829,False,False,False,False,False,False,Di Luar Area Pantauan (>1000m dari Desa)
Kendawangan,Pembedilan,"Rabu, 23 September 2026 12:53:00",NASA-SNPP,Medium,110.38696,-2.86792,False,False,False,False,True,True,Di Luar Area Pantauan (>1000m dari Desa)
Kendawangan,Natai Kuini,"Rabu, 23 September 2026 12:53:00",NASA-SNPP,Medium,110.8643,-2.82068,False,False,False,False,True,True,Di Luar Area Pantauan (>1000m dari Desa)
Kendawangan,Danau Buntar,"Rabu, 23 September 2026 12:53:00",NASA-SNPP,Medium,110.95352,-2.78575,False,False,False,False,False,False,Di Luar Area Pantauan (>1000m dari Desa)
Kendawangan,Natai Kuini,"Rabu, 23 September 2026 12:53:00",NASA-SNPP,Medium,110.85309,-2.80034,False,False,False,False,True,True,Di Luar Area Pantauan (>1000m dari Desa)
Kendawangan,Pembedilan,"Rabu, 23 September 2026 12:53:00",NASA-SNPP,Medium,110.43671,-2.8743,False,False,False,False,True,True,Di Luar Area Pantauan (>1000m dari Desa)
Kendawangan,Pembedilan,"Rabu, 23 September 2026 12:53:00",NASA-SNPP,Medium,110.38892,-2.88127,False,False,False,False,True,True,Di Luar Area Pantauan (>1000m dari Desa)
Kendawangan,Pembedilan,"Rabu, 23 September 2026 12:53:00",NASA-SNPP,Medium,110.38828,-2.87682,False,False,False,False,True,True,Di Luar Area Pantauan (>1000m dari Desa)
Kendawangan,Natai Kuini,"Rabu, 23 September 2026 12:53:00",NASA-SNPP,Medium,110.84944,-2.83167,False,False,False,False,True,True,Di Luar Area Pantauan (>1000m dari Desa)
Kendawangan,Natai Kuini,"Rabu, 23 September 2026 12:53:00",NASA-SNPP,Medium,110.8569,-2.82617,False,False,False,False,True,True,Di Luar Area Pantauan (>1000m dari Desa)
Kendawangan,Pembedilan,"Rabu, 23 September 2026 12:53:00",NASA-SNPP,Medium,110.44104,-2.87367,False,False,False,False,True,True,Di Luar Area Pantauan (>1000m dari Desa)
Kendawangan,Natai Kuini,"Rabu, 23 September 2026 12:53:00",NASA-SNPP,Medium,110.86832,-2.82009,False,False,False,False,True,True,Di Luar Area Pantauan (>1000m dari Desa)
Kendawangan,Pembedilan,"Rabu, 23 September 2026 12:53:00",NASA-SNPP,Medium,110.43897,-2.87487,False,False,False,False,True,True,Di Luar Area Pantauan (>1000m dari Desa)
Kendawangan,Danau Buntar,"Rabu, 23 September 2026 12:53:00",NASA-SNPP,Medium,110.96066,-2.80654,False,False,True,False,False,True,Di Luar Area Pantauan (>1000m dari Desa)
Kendawangan,Natai Kuini,"Rabu, 23 September 2026 12:53:00",NASA-SNPP,Medium,110.85491,-2.80212,False,False,False,False,True,True,Di Luar Area Pantauan (>1000m dari Desa)
Kendawangan,Pembedilan,"Rabu, 23 September 2026 12:53:00",NASA-SNPP,Medium,110.39066,-2.87775,False,False,False,False,True,True,Di Luar Area Pantauan (>1000m dari Desa)
Kendawangan,Pembedilan,"Rabu, 23 September 2026 12:53:00",NASA-SNPP,Medium,110.38197,-2.87908,False,False,False,False,True,True,Di Luar Area Pantauan (>1000m dari Desa)
Kendawangan,Danau Buntar,"Rabu, 23 September 2026 12:53:00",NASA-SNPP,Medium,110.96754,-2.78923,False,False,False,False,False,False,Di Luar Area Pantauan (>1000m dari Desa)
Kendawangan,Pembedilan,"Rabu, 23 September 2026 12:53:00",NASA-SNPP,Medium,110.39001,-2.8733,False,False,False,False,True,True,Di Luar Area Pantauan (>1000m dari Desa)
Kendawangan,Natai Kuini,"Rabu, 23 September 2026 12:53:00",NASA-SNPP,Medium,110.86761,-2.80457,False,False,False,False,True,True,Di Luar Area Pantauan (>1000m dari Desa)
Kendawangan,Pembedilan,"Rabu, 23 September 2026 12:53:00",NASA-SNPP,Medium,110.38133,-2.87463,False,False,False,False,True,True,Di Luar Area Pantauan (>1000m dari Desa)
Kendawangan,Natai Kuini,"Rabu, 23 September 2026 12:53:00",NASA-SNPP,Medium,110.85956,-2.80581,False,False,False,False,True,True,Di Luar Area Pantauan (>1000m dari Desa)
Kendawangan,Danau Buntar,"Rabu, 23 September 2026 12:53:00",NASA-SNPP,Medium,110.96294,-2.78557,False,False,False,False,False,False,Di Luar Area Pantauan (>1000m dari Desa)
Kendawangan,Kendawangan Kanan,"Rabu, 23 September 2026 12:53:00",NASA-SNPP,Medium,110.28389,-2.82087,False,False,False,True,True,True,Di Luar Area Pantauan (>1000m dari Desa)
Kendawangan,Pembedilan,"Rabu, 23 September 2026 12:53:00",NASA-SNPP,Medium,110.43231,-2.79888,False,False,False,False,True,True,Di Luar Area Pantauan (>1000m dari Desa)
Kendawangan,Air Hitam Besar,"Rabu, 23 September 2026 12:53:00",NASA-SNPP,Medium,110.81304,-2.74241,False,False,False,False,True,True,Di Luar Area Pantauan (>1000m dari Desa)
Kendawangan,Kendawangan Kanan,"Rabu, 23 September 2026 12:53:00",NASA-SNPP,Medium,110.27946,-2.82152,False,False,False,True,True,True,Di Luar Area Pantauan (>1000m dari Desa)
Kendawangan,Kendawangan Kanan,"Rabu, 23 September 2026 12:53:00",NASA-SNPP,Medium,110.28831,-2.82021,False,False,False,True,True,True,Di Luar Area Pantauan (>1000m dari Desa)
Kendawangan,Natai Kuini,"Rabu, 23 September 2026 12:53:00",NASA-SNPP,Medium,110.85024,-2.79844,False,False,False,True,True,True,Di Luar Area Pantauan (>1000m dari Desa)
Kendawangan,Kendawangan Kanan,"Rabu, 23 September 2026 12:53:00",NASA-SNPP,Medium,110.28766,-2.81574,False,False,False,True,True,True,Di Luar Area Pantauan (>1000m dari Desa)
Kendawangan,Kendawangan Kanan,"Rabu, 23 September 2026 12:53:00",NASA-SNPP,Medium,110.27505,-2.82218,False,False,False,True,True,True,Di Luar Area Pantauan (>1000m dari Desa)
Kendawangan,Kendawangan Kanan,"Rabu, 23 September 2026 12:53:00",NASA-SNPP,Medium,110.29144,-2.81061,False,False,False,True,True,True,Di Luar Area Pantauan (>1000m dari Desa)
Kendawangan,Pembedilan,"Rabu, 23 September 2026 12:53:00",NASA-SNPP,Medium,110.38706,-2.79197,False,False,False,False,True,True,Di Luar Area Pantauan (>1000m dari Desa)
Kendawangan,Kendawangan Kanan,"Rabu, 23 September 2026 12:53:00",NASA-SNPP,Medium,110.27439,-2.8177,False,False,False,False,True,True,Di Luar Area Pantauan (>1000m dari Desa)
Kendawangan,Pembedilan,"Rabu, 23 September 2026 12:53:00",NASA-SNPP,Medium,110.37774,-2.7888,False,False,False,False,True,True,Di Luar Area Pantauan (>1000m dari Desa)
Manis Mata,Jambi,"Rabu, 23 September 2026 12:53:00",NASA-SNPP,Medium,111.07504,-2.67321,False,False,False,False,False,False,Di Luar Area Pantauan (>1000m dari Desa)
Kendawangan,Pembedilan,"Rabu, 23 September 2026 12:53:00",NASA-SNPP,Medium,110.39553,-2.75897,False,False,False,False,True,True,Di Luar Area Pantauan (>1000m dari Desa)
Muara Pawan,Mayak,"Rabu, 23 September 2026 12:53:00",NASA-SNPP,Medium,110.16678,-1.71994,False,False,True,True,False,True,Di Luar Area Pantauan (>1000m dari Desa)
Manis Mata,Suka Ramai,"Rabu, 23 September 2026 12:53:00",NASA-SNPP,Medium,111.09071,-2.75302,False,False,False,False,False,False,Di Luar Area Pantauan (>1000m dari Desa)
Kendawangan,Pembedilan,"Rabu, 23 September 2026 12:53:00",NASA-SNPP,Medium,110.42825,-2.83119,False,False,False,False,True,True,Di Luar Area Pantauan (>1000m dari Desa)
Manis Mata,Suka Ramai,"Rabu, 23 September 2026 12:53:00",NASA-SNPP,Medium,111.12193,-2.72238,False,False,False,False,False,False,Di Luar Area Pantauan (>1000m dari Desa)
Muara Pawan,Mayak,"Rabu, 23 September 2026 12:53:00",NASA-SNPP,Medium,110.17046,-1.71483,False,False,True,True,False,True,Di Luar Area Pantauan (>1000m dari Desa)
Kendawangan,Kendawangan Kanan,"Rabu, 23 September 2026 12:53:00",NASA-SNPP,Medium,110.27094,-2.75676,False,False,False,False,True,True,Di Luar Area Pantauan (>1000m dari Desa)
Kendawangan,Pembedilan,"Rabu, 23 September 2026 12:53:00",NASA-SNPP,Medium,110.39652,-2.76044,False,False,False,False,True,True,Di Luar Area Pantauan (>1000m dari Desa)
Kendawangan,Kendawangan Kanan,"Rabu, 23 September 2026 12:53:00",NASA-SNPP,Medium,110.28236,-2.77332,False,False,False,True,True,True,Di Luar Area Pantauan (>1000m dari Desa)
Kendawangan,Pembedilan,"Rabu, 23 September 2026 12:53:00",NASA-SNPP,Medium,110.39156,-2.75666,False,False,False,False,True,True,Di Luar Area Pantauan (>1000m dari Desa)
Kendawangan,Kendawangan Kanan,"Rabu, 23 September 2026 12:53:00",NASA-SNPP,Medium,110.28743,-2.77712,False,False,False,True,True,True,Di Luar Area Pantauan (>1000m dari Desa)
Kendawangan,Seriam,"Rabu, 23 September 2026 12:53:00",NASA-SNPP,Medium,110.39523,-2.75156,False,False,False,False,True,True,Di Luar Area Pantauan (>1000m dari Desa)
Manis Mata,Seguling,"Rabu, 23 September 2026 12:53:00",NASA-SNPP,Medium,111.08235,-2.64251,False,False,False,True,False,True,Di Luar Area Pantauan (>1000m dari Desa)
Manis Mata,Seguling,"Rabu, 23 September 2026 12:53:00",NASA-SNPP,Medium,111.08155,-2.66424,False,False,False,False,False,False,Di Luar Area Pantauan (>1000m dari Desa)
Kendawangan,Pembedilan,"Rabu, 23 September 2026 12:53:00",NASA-SNPP,Medium,110.3922,-2.7611,False,False,False,False,True,True,Di Luar Area Pantauan (>1000m dari Desa)
Kendawangan,Kendawangan Kanan,"Rabu, 23 September 2026 12:53:00",NASA-SNPP,Medium,110.27666,-2.76504,False,False,False,True,True,True,Di Luar Area Pantauan (>1000m dari Desa)
Kendawangan,Kendawangan Kanan,"Rabu, 23 September 2026 12:53:00",NASA-SNPP,Medium,110.29057,-2.7675,False,False,False,True,True,True,Di Luar Area Pantauan (>1000m dari Desa)
Kendawangan,Kendawangan Kanan,"Rabu, 23 September 2026 12:53:00",NASA-SNPP,Medium,110.2364,-2.67491,False,False,False,True,True,True,Di Luar Area Pantauan (>1000m dari Desa)
Kendawangan,Seriam,"Rabu, 23 September 2026 12:53:00",NASA-SNPP,Medium,110.31684,-2.63285,False,False,False,False,True,True,Di Luar Area Pantauan (>1000m dari Desa)
Kendawangan,Air Hitam Besar,"Rabu, 23 September 2026 12:53:00",NASA-SNPP,Medium,110.6931,-2.63518,False,False,False,False,False,False,Di Luar Area Pantauan (>1000m dari Desa)
Kendawangan,Seriam,"Rabu, 23 September 2026 12:53:00",NASA-SNPP,Medium,110.32868,-2.62197,False,False,False,False,True,True,Di Luar Area Pantauan (>1000m dari Desa)
Kendawangan,Kendawangan Kanan,"Rabu, 23 September 2026 12:53:00",NASA-SNPP,Medium,110.23788,-2.67682,False,False,False,False,True,True,Di Luar Area Pantauan (>1000m dari Desa)
Manis Mata,Sungai Buluh,"Rabu, 23 September 2026 12:53:00",NASA-SNPP,Medium,111.07268,-2.54892,False,False,False,False,False,False,Di Luar Area Pantauan (>1000m dari Desa)
Manis Mata,Sungai Buluh,"Rabu, 23 September 2026 12:53:00",NASA-SNPP,Medium,111.0688,-2.54951,False,False,False,False,False,False,Di Luar Area Pantauan (>1000m dari Desa)
Manis Mata,Sungai Buluh,"Rabu, 23 September 2026 12:53:00",NASA-SNPP,Medium,111.06104,-2.5507,False,False,False,False,False,False,Di Luar Area Pantauan (>1000m dari Desa)
Kendawangan,Airhitam Hulu,"Rabu, 23 September 2026 12:53:00",NASA-SNPP,Medium,110.63608,-2.62132,False,False,False,False,False,False,Di Luar Area Pantauan (>1000m dari Desa)
Manis Mata,Sungai Buluh,"Rabu, 23 September 2026 12:53:00",NASA-SNPP,Medium,111.05436,-2.56027,False,False,False,False,False,False,Di Luar Area Pantauan (>1000m dari Desa)
Kendawangan,Banjar Sari,"Rabu, 23 September 2026 12:53:00",NASA-SNPP,Medium,110.23322,-2.51542,False,False,False,False,False,False,Di Luar Area Pantauan (>1000m dari Desa)
Kendawangan,Mekar Utama,"Rabu, 23 September 2026 12:53:00",NASA-SNPP,Medium,110.19142,-2.47585,False,False,False,False,False,False,Di Luar Area Pantauan (>1000m dari Desa)
Singkup,Tanah Hitam,"Rabu, 23 September 2026 12:53:00",NASA-SNPP,Medium,110.65595,-2.46108,False,False,False,False,False,False,Di Luar Area Pantauan (>1000m dari Desa)
Matan Hilir Selatan,Pagar Mentimun,"Rabu, 23 September 2026 12:53:00",NASA-SNPP,Medium,110.15444,-2.2228,False,False,False,False,False,False,Di Luar Area Pantauan (>1000m dari Desa)
Matan Hilir Selatan,Pesaguan Kanan,"Rabu, 23 September 2026 12:53:00",NASA-SNPP,Medium,110.1942,-2.05954,False,False,False,True,False,True,Di Luar Area Pantauan (>1000m dari Desa)
Matan Hilir Selatan,Pematang Gadung,"Rabu, 23 September 2026 12:53:00",NASA-SNPP,Medium,110.20677,-1.92729,False,False,True,True,False,True,Di Luar Area Pantauan (>1000m dari Desa)
Matan Hilir Selatan,Pematang Gadung,"Rabu, 23 September 2026 12:53:00",NASA-SNPP,Medium,110.15494,-1.99867,False,False,False,False,False,False,Di Luar Area Pantauan (>1000m dari Desa)
Muara Pawan,Tanjung Pura,"Rabu, 23 September 2026 12:53:00",NASA-SNPP,Medium,110.15354,-1.69021,False,False,True,True,False,True,Di Luar Area Pantauan (>1000m dari Desa)
Muara Pawan,Sungai Awan Kiri,"Rabu, 23 September 2026 12:53:00",NASA-SNPP,Medium,110.06701,-1.70799,False,False,True,True,False,True,Di Luar Area Pantauan (>1000m dari Desa)
Muara Pawan,Tanjung Pura,"Rabu, 23 September 2026 12:53:00",NASA-SNPP,Medium,110.14855,-1.68643,False,False,True,True,False,True,Di Luar Area Pantauan (>1000m dari Desa)
Muara Pawan,Tanjung Pura,"Rabu, 23 September 2026 12:53:00",NASA-SNPP,Medium,110.15289,-1.68577,False,False,True,True,False,True,Di Luar Area Pantauan (>1000m dari Desa)
Muara Pawan,Tempurukan,"Rabu, 23 September 2026 12:53:00",NASA-SNPP,Medium,110.06059,-1.69527,False,False,False,True,False,True,Di Luar Area Pantauan (>1000m dari Desa)
Sungai Melayu Rayak,Makmur Abadi,"Rabu, 23 September 2026 12:53:00",NASA-SNPP,Medium,110.23853,-1.73482,False,False,False,True,False,True,Di Luar Area Pantauan (>1000m dari Desa)
Sungai Melayu Rayak,Makmur Abadi,"Rabu, 23 September 2026 12:53:00",NASA-SNPP,Medium,110.2319,-1.74936,False,False,False,True,False,True,Di Luar Area Pantauan (>1000m dari Desa)
Muara Pawan,Mayak,"Rabu, 23 September 2026 12:53:00",NASA-SNPP,Medium,110.2041,-1.73995,False,False,False,True,False,True,Di Luar Area Pantauan (>1000m dari Desa)
Sungai Melayu Rayak,Makmur Abadi,"Rabu, 23 September 2026 12:53:00",NASA-SNPP,Medium,110.23787,-1.73041,False,False,False,True,False,True,Di Luar Area Pantauan (>1000m dari Desa)
Muara Pawan,Mayak,"Rabu, 23 September 2026 12:53:00",NASA-SNPP,Medium,110.15826,-1.72862,False,False,True,True,False,True,Di Luar Area Pantauan (>1000m dari Desa)
Muara Pawan,Mayak,"Rabu, 23 September 2026 12:53:00",NASA-SNPP,Medium,110.15893,-1.73306,False,False,False,True,False,True,Di Luar Area Pantauan (>1000m dari Desa)
Muara Pawan,Mayak,"Rabu, 23 September 2026 12:53:00",NASA-SNPP,Medium,110.16995,-1.71783,False,False,True,True,False,True,Di Luar Area Pantauan (>1000m dari Desa)
Sungai Melayu Rayak,Makmur Abadi,"Rabu, 23 September 2026 12:53:00",NASA-SNPP,Medium,110.23124,-1.74494,False,False,True,True,False,True,Di Luar Area Pantauan (>1000m dari Desa)
Sungai Melayu Rayak,Makmur Abadi,"Rabu, 23 September 2026 12:53:00",NASA-SNPP,Medium,110.22495,-1.73232,False,False,False,True,False,True,Di Luar Area Pantauan (>1000m dari Desa)
Sungai Melayu Rayak,Makmur Abadi,"Rabu, 23 September 2026 12:53:00",NASA-SNPP,Medium,110.27304,-1.70267,False,False,True,True,False,True,Di Luar Area Pantauan (>1000m dari Desa)
Matan Hilir Utara,Sungai Putri,"Rabu, 23 September 2026 12:53:00",NASA-SNPP,Medium,110.08642,-1.56082,False,False,True,True,False,True,Di Luar Area Pantauan (>1000m dari Desa)
Matan Hilir Utara,Tanjung Baik Budi,"Rabu, 23 September 2026 12:53:00",NASA-SNPP,Medium,110.15012,-1.54217,False,False,True,True,False,True,Di Luar Area Pantauan (>1000m dari Desa)
Matan Hilir Utara,Tanjung Baik Budi,"Rabu, 23 September 2026 12:53:00",NASA-SNPP,Medium,110.1779,-1.55156,False,False,True,True,False,True,Di Luar Area Pantauan (>1000m dari Desa)
Matan Hilir Utara,Kuala Tolak,"Rabu, 23 September 2026 12:53:00",NASA-SNPP,Medium,110.15116,-1.47556,False,False,True,True,False,True,Di Luar Area Pantauan (>1000m dari Desa)
Matan Hilir Utara,Tanjung Baik Budi,"Rabu, 23 September 2026 12:53:00",NASA-SNPP,Medium,110.14404,-1.5174,False,False,True,True,False,True,Di Luar Area Pantauan (>1000m dari Desa)
Matan Hilir Utara,Kuala Tolak,"Rabu, 23 September 2026 12:53:00",NASA-SNPP,Medium,110.15247,-1.4844,False,False,True,True,False,True,Di Luar Area Pantauan (>1000m dari Desa)
Matan Hilir Utara,Kuala Tolak,"Rabu, 23 September 2026 12:53:00",NASA-SNPP,Medium,110.14553,-1.46737,False,False,True,True,False,True,Di Luar Area Pantauan (>1000m dari Desa)
Matan Hilir Utara,Tanjung Baik Budi,"Rabu, 23 September 2026 12:53:00",NASA-SNPP,Medium,110.14612,-1.5156,False,False,False,False,False,False,Di Luar Area Pantauan (>1000m dari Desa)
Matan Hilir Utara,Kuala Tolak,"Rabu, 23 September 2026 12:53:00",NASA-SNPP,Medium,110.17215,-1.49945,False,False,False,True,False,True,Di Luar Area Pantauan (>1000m dari Desa)
Matan Hilir Utara,Sungai Putri,"Rabu, 23 September 2026 12:53:00",NASA-SNPP,Medium,110.09012,-1.55571,False,False,True,True,False,True,Di Luar Area Pantauan (>1000m dari Desa)
Matan Hilir Selatan,Sungai Besar,"Rabu, 23 September 2026 12:53:00",NASA-SNPP,Medium,110.22505,-1.85822,False,False,True,True,False,True,Di Luar Area Pantauan (>1000m dari Desa)
Matan Hilir Selatan,Sungai Besar,"Rabu, 23 September 2026 12:53:00",NASA-SNPP,Medium,110.24355,-1.86449,False,False,True,True,False,True,Di Luar Area Pantauan (>1000m dari Desa)
Matan Hilir Selatan,Sungai Besar,"Rabu, 23 September 2026 12:53:00",NASA-SNPP,Medium,110.16773,-1.88953,False,False,True,True,False,True,Di Luar Area Pantauan (>1000m dari Desa)
Matan Hilir Selatan,Sungai Besar,"Rabu, 23 September 2026 12:53:00",NASA-SNPP,Medium,110.21044,-1.87853,False,False,True,True,False,True,Di Luar Area Pantauan (>1000m dari Desa)
Matan Hilir Selatan,Sungai Besar,"Rabu, 23 September 2026 12:53:00",NASA-SNPP,Medium,110.24918,-1.87268,False,False,True,True,False,True,Di Luar Area Pantauan (>1000m dari Desa)
Matan Hilir Selatan,Sungai Besar,"Rabu, 23 September 2026 12:53:00",NASA-SNPP,Medium,110.22867,-1.85315,False,False,True,True,False,True,Di Luar Area Pantauan (>1000m dari Desa)
Muara Pawan,Mayak,"Rabu, 23 September 2026 12:53:00",NASA-SNPP,Medium,110.14066,-1.79032,False,False,False,False,False,False,Di Luar Area Pantauan (>1000m dari Desa)
Benua Kayong,Negeri Baru,"Rabu, 23 September 2026 12:53:00",NASA-SNPP,Medium,110.2371,-1.78471,False,False,False,True,False,True,Di Luar Area Pantauan (>1000m dari Desa)
Matan Hilir Utara,Sungai Putri,"Rabu, 23 September 2026 12:53:00",NASA-SNPP,Medium,110.08576,-1.55637,False,False,True,True,False,True,Di Luar Area Pantauan (>1000m dari Desa)
Manis Mata,Suka Ramai,"Rabu, 23 September 2026 12:53:00",NASA-SNPP,Medium,111.09195,-2.76148,False,False,False,False,False,False,Di Luar Area Pantauan (>1000m dari Desa)
Kendawangan,Pembedilan,"Rabu, 23 September 2026 12:53:00",NASA-SNPP,Medium,110.38438,-2.86507,False,False,False,False,True,True,Di Luar Area Pantauan (>1000m dari Desa)
Manis Mata,Suka Ramai,"Rabu, 23 September 2026 12:53:00",NASA-SNPP,Medium,111.08805,-2.76208,False,False,False,False,False,False,Di Luar Area Pantauan (>1000m dari Desa)
Kendawangan,Pembedilan,"Rabu, 23 September 2026 12:53:00",NASA-SNPP,Medium,110.36828,-2.87663,False,False,False,False,True,True,Di Luar Area Pantauan (>1000m dari Desa)
Kendawangan,Bangkal Serai,"Rabu, 23 September 2026 12:53:00",NASA-SNPP,Medium,110.45927,-2.55282,False,False,False,False,True,True,Di Luar Area Pantauan (>1000m dari Desa)
Kendawangan,Air Hitam Besar,"Rabu, 23 September 2026 12:53:00",NASA-SNPP,Medium,110.68135,-2.64135,False,False,False,False,False,False,Di Luar Area Pantauan (>1000m dari Desa)
Matan Hilir Utara,Kuala Tolak,"Rabu, 23 September 2026 12:53:00",NASA-SNPP,Medium,110.14618,-1.47179,False,False,True,True,False,True,Di Luar Area Pantauan (>1000m dari Desa)
Kendawangan,Pembedilan,"Rabu, 23 September 2026 12:53:00",NASA-SNPP,Medium,110.36647,-2.87999,False,False,False,False,True,True,Di Luar Area Pantauan (>1000m dari Desa)
Kendawangan,Air Hitam Besar,"Rabu, 23 September 2026 12:53:00",NASA-SNPP,Medium,110.76758,-2.81276,False,False,False,True,False,True,Di Luar Area Pantauan (>1000m dari Desa)
Kendawangan,Natai Kuini,"Rabu, 23 September 2026 12:53:00",NASA-SNPP,Medium,110.8618,-2.80347,False,False,False,False,True,True,Di Luar Area Pantauan (>1000m dari Desa)
Kendawangan,Pembedilan,"Rabu, 23 September 2026 12:53:00",NASA-SNPP,Medium,110.37019,-2.87489,False,False,False,False,True,True,Di Luar Area Pantauan (>1000m dari Desa)
Kendawangan,Natai Kuini,"Rabu, 23 September 2026 12:53:00",NASA-SNPP,Medium,110.85351,-2.83107,False,False,False,False,True,True,Di Luar Area Pantauan (>1000m dari Desa)
Kendawangan,Danau Buntar,"Rabu, 23 September 2026 12:53:00",NASA-SNPP,Medium,110.96667,-2.79256,False,False,False,False,False,False,Di Luar Area Pantauan (>1000m dari Desa)
Kendawangan,Pembedilan,"Rabu, 23 September 2026 12:53:00",NASA-SNPP,Medium,110.39198,-2.87173,False,False,False,False,True,True,Di Luar Area Pantauan (>1000m dari Desa)
Kendawangan,Natai Kuini,"Rabu, 23 September 2026 12:53:00",NASA-SNPP,Medium,110.86584,-2.80288,False,False,False,False,True,True,Di Luar Area Pantauan (>1000m dari Desa)
Kendawangan,Pembedilan,"Rabu, 23 September 2026 12:53:00",NASA-SNPP,Medium,110.38392,-2.87745,False,False,False,False,True,True,Di Luar Area Pantauan (>1000m dari Desa)
Kendawangan,Natai Kuini,"Rabu, 23 September 2026 12:53:00",NASA-SNPP,Medium,110.873,-2.8238,False,False,False,False,True,True,Di Luar Area Pantauan (>1000m dari Desa)
Kendawangan,Pembedilan,"Rabu, 23 September 2026 12:53:00",NASA-SNPP,Medium,110.39133,-2.86729,False,False,False,False,True,True,Di Luar Area Pantauan (>1000m dari Desa)
Manis Mata,Suka Ramai,"Rabu, 23 September 2026 12:53:00",NASA-SNPP,Medium,111.16652,-2.67697,False,False,False,False,False,False,Di Luar Area Pantauan (>1000m dari Desa)
Manis Mata,Seguling,"Rabu, 23 September 2026 12:53:00",NASA-SNPP,Medium,111.08219,-2.66784,False,False,False,False,False,False,Di Luar Area Pantauan (>1000m dari Desa)
Kendawangan,Pembedilan,"Rabu, 23 September 2026 12:53:00",NASA-SNPP,Medium,110.39574,-2.79069,False,False,False,False,True,True,Di Luar Area Pantauan (>1000m dari Desa)
Kendawangan,Pembedilan,"Rabu, 23 September 2026 12:53:00",NASA-SNPP,Medium,110.39141,-2.79133,False,False,False,False,True,True,Di Luar Area Pantauan (>1000m dari Desa)
Manis Mata,Suka Ramai,"Rabu, 23 September 2026 12:53:00",NASA-SNPP,Medium,111.11964,-2.6796,False,False,False,True,False,True,Di Luar Area Pantauan (>1000m dari Desa)
Manis Mata,Suka Ramai,"Rabu, 23 September 2026 12:53:00",NASA-SNPP,Medium,111.15315,-2.66605,False,False,False,False,False,False,Di Luar Area Pantauan (>1000m dari Desa)
Kendawangan,Danau Buntar,"Rabu, 23 September 2026 12:53:00",NASA-SNPP,Medium,110.80988,-2.72085,False,False,False,False,True,True,Di Luar Area Pantauan (>1000m dari Desa)
Kendawangan,Seriam,"Rabu, 23 September 2026 12:53:00",NASA-SNPP,Medium,110.45253,-2.62591,False,False,False,False,True,True,Di Luar Area Pantauan (>1000m dari Desa)
Singkup,Tanah Hitam,"Rabu, 23 September 2026 12:53:00",NASA-SNPP,Medium,110.65945,-2.45612,False,False,False,False,False,False,Di Luar Area Pantauan (>1000m dari Desa)
Kendawangan,Seriam,"Rabu, 23 September 2026 12:53:00",NASA-SNPP,Medium,110.4568,-2.62526,False,False,False,False,True,True,Di Luar Area Pantauan (>1000m dari Desa)
Kendawangan,Seriam,"Rabu, 23 September 2026 12:53:00",NASA-SNPP,Medium,110.46107,-2.62461,False,False,False,False,True,True,Di Luar Area Pantauan (>1000m dari Desa)
Kendawangan,Air Hitam Besar,"Rabu, 23 September 2026 12:53:00",NASA-SNPP,Medium,110.76874,-2.60433,False,False,False,False,False,False,Di Luar Area Pantauan (>1000m dari Desa)
Kendawangan,Pembedilan,"Rabu, 23 September 2026 12:53:00",NASA-SNPP,Medium,110.37939,-2.86128,False,False,False,False,True,True,Di Luar Area Pantauan (>1000m dari Desa)
Kendawangan,Pembedilan,"Rabu, 23 September 2026 12:53:00",NASA-SNPP,Medium,110.38374,-2.86062,False,False,False,False,True,True,Di Luar Area Pantauan (>1000m dari Desa)
Kendawangan,Seriam,"Rabu, 23 September 2026 12:53:00",NASA-SNPP,Medium,110.38387,-2.63634,False,False,False,False,True,True,Di Luar Area Pantauan (>1000m dari Desa)
Kendawangan,Kendawangan Kanan,"Rabu, 23 September 2026 12:53:00",NASA-SNPP,Medium,110.24166,-2.67166,False,False,True,True,True,True,Di Luar Area Pantauan (>1000m dari Desa)
Manis Mata,Seguling,"Rabu, 23 September 2026 12:53:00",NASA-SNPP,Medium,111.08218,-2.66846,False,False,False,False,False,False,Di Luar Area Pantauan (>1000m dari Desa)
Kendawangan,Pembedilan,"Rabu, 23 September 2026 12:53:00",NASA-SNPP,Medium,110.38808,-2.85996,False,False,False,False,True,True,Di Luar Area Pantauan (>1000m dari Desa)
Kendawangan,Seriam,"Rabu, 23 September 2026 12:53:00",NASA-SNPP,Medium,110.31749,-2.63731,False,False,False,False,True,True,Di Luar Area Pantauan (>1000m dari Desa)
Kendawangan,Danau Buntar,"Rabu, 23 September 2026 12:53:00",NASA-SNPP,Medium,110.923,-2.6231,False,False,True,False,False,True,Di Luar Area Pantauan (>1000m dari Desa)
Kendawangan,Seriam,"Rabu, 23 September 2026 12:53:00",NASA-SNPP,Medium,110.38624,-2.68943,False,False,False,False,True,True,Di Luar Area Pantauan (>1000m dari Desa)
Manis Mata,Seguling,"Rabu, 23 September 2026 12:53:00",NASA-SNPP,Medium,111.08625,-2.64192,False,False,False,True,False,True,Di Luar Area Pantauan (>1000m dari Desa)
Kendawangan,Seriam,"Rabu, 23 September 2026 12:53:00",NASA-SNPP,Medium,110.32799,-2.61753,False,False,False,False,True,True,Di Luar Area Pantauan (>1000m dari Desa)
Kendawangan,Seriam,"Rabu, 23 September 2026 12:53:00",NASA-SNPP,Medium,110.32929,-2.62643,False,False,False,False,True,True,Di Luar Area Pantauan (>1000m dari Desa)
Kendawangan,Seriam,"Rabu, 23 September 2026 12:53:00",NASA-SNPP,Medium,110.38689,-2.69387,False,False,False,False,True,True,Di Luar Area Pantauan (>1000m dari Desa)
Kendawangan,Kendawangan Kanan,"Rabu, 23 September 2026 12:53:00",NASA-SNPP,Medium,110.23347,-2.67749,False,False,False,False,True,True,Di Luar Area Pantauan (>1000m dari Desa)
Kendawangan,Seriam,"Rabu, 23 September 2026 12:53:00",NASA-SNPP,Medium,110.39334,-2.73824,False,False,False,False,True,True,Di Luar Area Pantauan (>1000m dari Desa)
Kendawangan,Seriam,"Rabu, 23 September 2026 12:53:00",NASA-SNPP,Medium,110.26871,-2.64011,False,False,False,False,True,True,Di Luar Area Pantauan (>1000m dari Desa)
Kendawangan,Seriam,"Rabu, 23 September 2026 12:53:00",NASA-SNPP,Medium,110.3319,-2.64422,False,False,False,False,True,True,Di Luar Area Pantauan (>1000m dari Desa)
Kendawangan,Bangkal Serai,"Rabu, 23 September 2026 12:53:00",NASA-SNPP,Medium,110.47529,-2.40731,False,False,False,False,False,False,Di Luar Area Pantauan (>1000m dari Desa)
Kendawangan,Bangkal Serai,"Rabu, 23 September 2026 12:53:00",NASA-SNPP,Medium,110.47597,-2.41169,False,False,False,False,True,True,Di Luar Area Pantauan (>1000m dari Desa)
Matan Hilir Selatan,Sungai Nanjung,"Rabu, 23 September 2026 12:53:00",NASA-SNPP,Medium,110.25679,-2.1228,False,False,False,False,False,False,Di Luar Area Pantauan (>1000m dari Desa)
Matan Hilir Selatan,Pematang Gadung,"Rabu, 23 September 2026 12:53:00",NASA-SNPP,Medium,110.18698,-1.94382,False,False,False,False,False,False,Di Luar Area Pantauan (>1000m dari Desa)
Matan Hilir Utara,Kuala Tolak,"Rabu, 23 September 2026 12:53:00",NASA-SNPP,Medium,110.15807,-1.49259,False,False,False,True,False,True,Di Luar Area Pantauan (>1000m dari Desa)
Matan Hilir Utara,Kuala Tolak,"Rabu, 23 September 2026 12:53:00",NASA-SNPP,Medium,110.14189,-1.47245,False,False,False,True,False,True,Di Luar Area Pantauan (>1000m dari Desa)
Matan Hilir Utara,Tanjung Baik Budi,"Rabu, 23 September 2026 12:53:00",NASA-SNPP,Medium,110.10317,-1.55375,False,False,True,True,False,True,Di Luar Area Pantauan (>1000m dari Desa)
Matan Hilir Utara,Kuala Tolak,"Rabu, 23 September 2026 12:53:00",NASA-SNPP,Medium,110.15742,-1.48817,False,False,False,True,False,True,Di Luar Area Pantauan (>1000m dari Desa)
Matan Hilir Utara,Tanjung Baik Budi,"Rabu, 23 September 2026 12:53:00",NASA-SNPP,Medium,110.14581,-1.54281,False,False,True,True,False,True,Di Luar Area Pantauan (>1000m dari Desa)
Kendawangan,Mekar Utama,"Rabu, 23 September 2026 12:53:00",NASA-SNPP,Medium,110.18916,-2.47377,False,False,False,False,False,False,Di Luar Area Pantauan (>1000m dari Desa)
Marau,Batu Payung Dua,"Rabu, 23 September 2026 12:53:00",NASA-SNPP,Medium,110.5926,-2.0315,False,False,True,False,True,True,Di Luar Area Pantauan (>1000m dari Desa)
Kendawangan,Seriam,"Rabu, 23 September 2026 12:53:00",NASA-SNPP,Medium,110.307,-2.65712,False,False,False,False,True,True,Di Luar Area Pantauan (>1000m dari Desa)
Kendawangan,Airhitam Hulu,"Rabu, 23 September 2026 12:53:00",NASA-SNPP,Medium,110.6366,-2.62021,False,False,False,False,False,False,Di Luar Area Pantauan (>1000m dari Desa)
Kendawangan,Seriam,"Rabu, 23 September 2026 12:53:00",NASA-SNPP,Medium,110.43355,-2.52154,False,False,False,False,True,True,Di Luar Area Pantauan (>1000m dari Desa)
Kendawangan,Pembedilan,"Rabu, 23 September 2026 12:53:00",NASA-SNPP,Medium,110.37923,-2.82947,False,False,False,False,True,True,Di Luar Area Pantauan (>1000m dari Desa)
Manis Mata,Suka Ramai,"Rabu, 23 September 2026 12:53:00",NASA-SNPP,Medium,111.14223,-2.67196,False,False,False,False,False,False,Di Luar Area Pantauan (>1000m dari Desa)
Matan Hilir Selatan,Sungai Nanjung,"Rabu, 23 September 2026 12:53:00",NASA-SNPP,Medium,110.18232,-2.12965,False,False,True,True,False,True,Di Luar Area Pantauan (>1000m dari Desa)
Kendawangan,Natai Kuini,"Rabu, 23 September 2026 12:53:00",NASA-SNPP,Medium,110.69664,-2.93431,False,False,False,False,False,False,Di Luar Area Pantauan (>1000m dari Desa)
Kendawangan,Pembedilan,"Rabu, 23 September 2026 12:53:00",NASA-SNPP,Medium,110.38328,-2.873,False,False,False,False,True,True,Di Luar Area Pantauan (>1000m dari Desa)
Kendawangan,Natai Kuini,"Rabu, 23 September 2026 12:53:00",NASA-SNPP,Medium,110.85777,-2.80406,False,False,False,False,True,True,Di Luar Area Pantauan (>1000m dari Desa)
Kendawangan,Natai Kuini,"Rabu, 23 September 2026 12:53:00",NASA-SNPP,Medium,110.70165,-2.94281,False,False,False,False,False,False,Di Luar Area Pantauan (>1000m dari Desa)
Matan Hilir Selatan,Sungai Pelang,"Rabu, 23 September 2026 12:53:00",NASA-SNPP,Medium,110.22437,-1.85379,False,False,True,True,False,True,Di Luar Area Pantauan (>1000m dari Desa)
Benua Kayong,Negeri Baru,"Rabu, 23 September 2026 12:53:00",NASA-SNPP,Medium,110.15469,-1.83237,False,False,False,False,False,False,Di Luar Area Pantauan (>1000m dari Desa)
Benua Kayong,Negeri Baru,"Rabu, 23 September 2026 12:53:00",NASA-SNPP,Medium,110.15588,-1.83347,False,False,False,False,False,False,Di Luar Area Pantauan (>1000m dari Desa)
Matan Hilir Selatan,Sungai Pelang,"Rabu, 23 September 2026 12:53:00",NASA-SNPP,Medium,110.22803,-1.84872,False,False,True,True,False,True,Di Luar Area Pantauan (>1000m dari Desa)
Matan Hilir Selatan,Sungai Pelang,"Rabu, 23 September 2026 12:53:00",NASA-SNPP,Medium,110.23234,-1.84808,False,False,False,True,False,True,Di Luar Area Pantauan (>1000m dari Desa)
Kendawangan,Pembedilan,"Rabu, 23 September 2026 12:53:00",NASA-SNPP,Medium,110.43166,-2.79445,False,False,False,False,True,True,Di Luar Area Pantauan (>1000m dari Desa)
Kendawangan,Pembedilan,"Rabu, 23 September 2026 12:53:00",NASA-SNPP,Medium,110.42734,-2.79509,False,False,False,False,True,True,Di Luar Area Pantauan (>1000m dari Desa)
Kendawangan,Natai Kuini,"Rabu, 23 September 2026 12:53:00",NASA-SNPP,Medium,110.86223,-2.83418,False,False,False,False,True,True,Di Luar Area Pantauan (>1000m dari Desa)
Matan Hilir Selatan,Sungai Nanjung,"Rabu, 23 September 2026 12:53:00",NASA-SNPP,Medium,110.19105,-2.12832,False,False,False,True,False,True,Di Luar Area Pantauan (>1000m dari Desa)
Matan Hilir Selatan,Sungai Nanjung,"Rabu, 23 September 2026 12:53:00",NASA-SNPP,Medium,110.13014,-2.1422,False,False,False,True,False,True,Di Luar Area Pantauan (>1000m dari Desa)
Muara Pawan,Tanjung Pura,"Rabu, 23 September 2026 12:53:00",NASA-SNPP,Medium,110.14921,-1.69087,False,False,True,True,False,True,Di Luar Area Pantauan (>1000m dari Desa)
Kendawangan,Kendawangan Kanan,"Rabu, 23 September 2026 12:53:00",NASA-SNPP,Medium,110.28748,-2.78376,False,False,False,True,True,True,Di Luar Area Pantauan (>1000m dari Desa)
Manis Mata,Suka Ramai,"Rabu, 23 September 2026 12:53:00",NASA-SNPP,Medium,111.13452,-2.67309,False,False,False,False,False,False,Di Luar Area Pantauan (>1000m dari Desa)
Kendawangan,Kendawangan Kanan,"Rabu, 23 September 2026 12:53:00",NASA-SNPP,Medium,110.29208,-2.81508,False,False,False,True,True,True,Di Luar Area Pantauan (>1000m dari Desa)
Kendawangan,Pembedilan,"Rabu, 23 September 2026 12:53:00",NASA-SNPP,Medium,110.32035,-2.79266,False,False,False,False,True,True,Di Luar Area Pantauan (>1000m dari Desa)
Nanga Tayap,Lembah Hijau Satu,"Rabu, 23 September 2026 03:46:00",NASA-MODIS,High,110.50014,-1.58156,False,False,False,False,False,False,Di Luar Area Pantauan (>1000m dari Desa)
Kendawangan,Natai Kuini,"Rabu, 23 September 2026 12:53:00",NASA-SNPP,High,110.85413,-2.83537,False,False,False,False,True,True,Di Luar Area Pantauan (>1000m dari Desa)
Kendawangan,Natai Kuini,"Rabu, 23 September 2026 12:53:00",NASA-SNPP,High,110.86897,-2.82439,False,False,False,False,True,True,Di Luar Area Pantauan (>1000m dari Desa)
Nanga Tayap,Nanga Tayap,"Rabu, 23 September 2026 13:12:00",NASA-NOAA20,High,110.50214,-1.60056,False,False,False,False,False,False,Di Luar Area Pantauan (>1000m dari Desa)
Nanga Tayap,Lembah Hijau Satu,"Rabu, 23 September 2026 12:53:00",NASA-SNPP,High,110.49519,-1.5849,False,False,False,False,False,False,Di Luar Area Pantauan (>1000m dari Desa)
Kendawangan,Sungai Jelayan,"Rabu, 23 September 2026 01:53:00",NASA-SNPP,High,110.4342,-2.25424,False,False,False,False,False,False,Di Luar Area Pantauan (>1000m dari Desa)
Matan Hilir Selatan,Sungai Nanjung,"Rabu, 23 September 2026 12:53:00",NASA-SNPP,High,110.12948,-2.13773,False,False,False,True,False,True,Di Luar Area Pantauan (>1000m dari Desa)
Matan Hilir Selatan,Kemuning Biutak,"Rabu, 23 September 2026 12:53:00",NASA-SNPP,High,110.41067,-1.87958,False,False,False,False,False,False,Di Luar Area Pantauan (>1000m dari Desa)
Kendawangan,Pembedilan,"Rabu, 23 September 2026 12:53:00",NASA-SNPP,High,110.38632,-2.87841,False,False,False,False,True,True,Di Luar Area Pantauan (>1000m dari Desa)
Nanga Tayap,Lembah Hijau Satu,"Rabu, 23 September 2026 12:53:00",NASA-SNPP,High,110.49794,-1.57565,False,False,False,False,False,False,Di Luar Area Pantauan (>1000m dari Desa)
Manis Mata,Suka Ramai,"Rabu, 23 September 2026 12:53:00",NASA-SNPP,High,111.13837,-2.67253,False,False,False,False,False,False,Di Luar Area Pantauan (>1000m dari Desa)
Muara Pawan,Ulak Medang,"Rabu, 23 September 2026 13:12:00",NASA-NOAA20,High,110.25063,-1.52699,False,False,True,True,False,True,Di Luar Area Pantauan (>1000m dari Desa)
Nanga Tayap,Lembah Hijau Satu,"Rabu, 23 September 2026 12:53:00",NASA-SNPP,High,110.49042,-1.58119,False,False,False,False,False,False,Di Luar Area Pantauan (>1000m dari Desa)
Singkup,Tanah Hitam,"Rabu, 23 September 2026 12:53:00",NASA-SNPP,High,110.65246,-2.46604,False,False,False,False,False,False,Di Luar Area Pantauan (>1000m dari Desa)
Kendawangan,Natai Kuini,"Rabu, 23 September 2026 12:53:00",NASA-SNPP,High,110.95728,-2.8114,False,False,True,False,False,True,Di Luar Area Pantauan (>1000m dari Desa)
Nanga Tayap,Betenung,"Rabu, 23 September 2026 13:12:00",NASA-NOAA20,High,110.84406,-1.56204,False,False,True,False,False,True,Di Luar Area Pantauan (>1000m dari Desa)
Kendawangan,Pembedilan,"Rabu, 23 September 2026 13:12:00",NASA-NOAA20,High,110.3877,-2.88089,False,False,False,False,True,True,Di Luar Area Pantauan (>1000m dari Desa)
Matan Hilir Utara,Kuala Tolak,"Rabu, 23 September 2026 13:12:00",NASA-NOAA20,High,110.14348,-1.46896,False,False,True,True,False,True,Di Luar Area Pantauan (>1000m dari Desa)
Nanga Tayap,Lembah Hijau Satu,"Rabu, 23 September 2026 13:12:00",NASA-NOAA20,High,110.48828,-1.57895,False,False,False,False,False,False,Di Luar Area Pantauan (>1000m dari Desa)
Kendawangan,Sungai Jelayan,"Rabu, 23 September 2026 00:32:00",NASA-NOAA20,High,110.43396,-2.24818,False,False,False,False,False,False,Di Luar Area Pantauan (>1000m dari Desa)
Nanga Tayap,Siantau Raya,"Rabu, 23 September 2026 12:53:00",NASA-SNPP,High,110.47247,-1.60158,False,False,True,False,False,True,Di Luar Area Pantauan (>1000m dari Desa)
Kendawangan,Sungai Jelayan,"Rabu, 23 September 2026 01:51:00",NASA-SNPP,High,110.43509,-2.24861,False,False,False,False,False,False,Di Luar Area Pantauan (>1000m dari Desa)
Kendawangan,Sungai Jelayan,"Rabu, 23 September 2026 00:32:00",NASA-NOAA20,High,110.43309,-2.25345,False,False,False,False,False,False,Di Luar Area Pantauan (>1000m dari Desa)
Nanga Tayap,Lembah Hijau Satu,"Rabu, 23 September 2026 13:12:00",NASA-NOAA20,High,110.49469,-1.57458,False,False,False,False,False,False,Di Luar Area Pantauan (>1000m dari Desa)
Kendawangan,Selimantan Jaya,"Rabu, 23 September 2026 13:12:00",NASA-NOAA20,High,110.54035,-2.22273,False,False,False,False,False,False,Di Luar Area Pantauan (>1000m dari Desa)
Kendawangan,Natai Kuini,"Rabu, 23 September 2026 12:53:00",NASA-SNPP,High,110.85818,-2.83477,False,False,False,False,True,True,Di Luar Area Pantauan (>1000m dari Desa)
Muara Pawan,Tanjung Pura,"Rabu, 23 September 2026 13:12:00",NASA-NOAA20,High,110.14632,-1.68916,False,False,True,True,False,True,Di Luar Area Pantauan (>1000m dari Desa)
Kendawangan,Air Hitam Besar,"Rabu, 23 September 2026 00:32:00",NASA-NOAA20,High,110.76295,-2.81547,False,False,False,True,False,True,Di Luar Area Pantauan (>1000m dari Desa)
Kendawangan,Air Hitam Besar,"Rabu, 23 September 2026 12:53:00",NASA-SNPP,High,110.76075,-2.81212,False,False,False,False,False,False,Di Luar Area Pantauan (>1000m dari Desa)
Kendawangan,Seriam,"Rabu, 23 September 2026 00:32:00",NASA-NOAA20,High,110.44378,-2.48672,False,False,False,False,False,False,Di Luar Area Pantauan (>1000m dari Desa)
Matan Hilir Selatan,Sungai Pelang,"Rabu, 23 September 2026 12:53:00",NASA-SNPP,High,110.22373,-1.84936,False,False,True,True,False,True,Di Luar Area Pantauan (>1000m dari Desa)
