Kecamatan,Desa,Waktu,Satelit,Confidence,Longitude,Latitude,in_desa,in_buffer,is_hutan,is_gambut,is_kk,in_kawasan,Prioritas_Satgas
Simpang Hilir,Matan Jaya,"Sabtu, 12 September 2026 03:21:00",NASA-MODIS,Low,110.09915,-1.07101,False,False,False,False,True,True,Di Luar Area Pantauan (>1000m dari Desa)
Sukadana,Sedahan Jaya,"Sabtu, 12 September 2026 03:21:00",NASA-MODIS,Low,110.0435,-1.16462,False,False,False,False,True,True,Di Luar Area Pantauan (>1000m dari Desa)
Simpang Hilir,Batu Barat,"Sabtu, 12 September 2026 03:21:00",NASA-MODIS,Low,110.04196,-0.95243,False,False,True,True,False,True,Di Luar Area Pantauan (>1000m dari Desa)
Simpang Hilir,Batu Barat,"Sabtu, 12 September 2026 03:21:00",NASA-MODIS,Low,110.01067,-0.92073,False,False,True,False,False,True,Di Luar Area Pantauan (>1000m dari Desa)
Simpang Hilir,Batu Barat,"Sabtu, 12 September 2026 03:21:00",NASA-MODIS,Low,110.00938,-0.92953,False,False,True,True,False,True,Di Luar Area Pantauan (>1000m dari Desa)
Simpang Dua,Kampar Sebomban,"Sabtu, 12 September 2026 03:21:00",NASA-MODIS,Low,110.17239,-0.82321,False,False,True,False,False,True,Di Luar Area Pantauan (>1000m dari Desa)
Matan Hilir Selatan,Sungai Besar,"Sabtu, 12 September 2026 03:21:00",NASA-MODIS,Low,110.17693,-1.89756,False,False,True,True,False,True,Di Luar Area Pantauan (>1000m dari Desa)
Simpang Hilir,Batu Barat,"Sabtu, 12 September 2026 03:21:00",NASA-MODIS,Low,110.02051,-0.97616,False,False,True,True,False,True,Di Luar Area Pantauan (>1000m dari Desa)
Muara Pawan,Tanjung Pura,"Sabtu, 12 September 2026 03:21:00",NASA-MODIS,Low,110.13778,-1.68862,False,False,True,True,False,True,Di Luar Area Pantauan (>1000m dari Desa)
Nanga Tayap,Sebadak Raya,"Sabtu, 12 September 2026 03:21:00",NASA-MODIS,Low,110.673,-1.41753,False,False,True,False,False,True,Di Luar Area Pantauan (>1000m dari Desa)
Simpang Hulu,Sekucing Kualan,"Sabtu, 12 September 2026 03:21:00",NASA-MODIS,Low,110.0703,-0.62272,False,False,True,False,False,True,Di Luar Area Pantauan (>1000m dari Desa)
Terentang,Teluk Bayur,"Sabtu, 12 September 2026 03:21:00",NASA-MODIS,Low,109.52175,-0.39283,False,False,False,True,False,True,Di Luar Area Pantauan (>1000m dari Desa)
Kendawangan,Airhitam Hulu,"Sabtu, 12 September 2026 15:39:00",NASA-MODIS,Low,110.53342,-2.67539,False,False,False,False,True,True,Di Luar Area Pantauan (>1000m dari Desa)
Kendawangan,Bangkal Serai,"Sabtu, 12 September 2026 15:39:00",NASA-MODIS,Low,110.50761,-2.48329,False,False,False,False,True,True,Di Luar Area Pantauan (>1000m dari Desa)
Terentang,Betuah,"Sabtu, 12 September 2026 03:21:00",NASA-MODIS,Low,109.9155,-0.4972,False,False,False,True,False,True,Di Luar Area Pantauan (>1000m dari Desa)
Matan Hilir Utara,Kuala Tolak,"Sabtu, 12 September 2026 03:21:00",NASA-MODIS,Low,110.1701,-1.49043,False,False,True,True,False,True,Di Luar Area Pantauan (>1000m dari Desa)
Kendawangan,Seriam,"Minggu, 13 September 2026 12:57:00",NASA-NOAA20,Low,110.31076,-2.75104,False,False,False,True,True,True,Di Luar Area Pantauan (>1000m dari Desa)
Kendawangan,Seriam,"Minggu, 13 September 2026 12:57:00",NASA-NOAA20,Low,110.35392,-2.75923,False,False,False,False,True,True,Di Luar Area Pantauan (>1000m dari Desa)
Kendawangan,Seriam,"Sabtu, 12 September 2026 13:18:00",NASA-NOAA20,Low,110.34431,-2.75291,False,False,False,False,True,True,Di Luar Area Pantauan (>1000m dari Desa)
Kendawangan,Air Hitam Besar,"Sabtu, 12 September 2026 13:18:00",NASA-NOAA20,Low,110.7192,-2.70501,False,False,False,False,False,False,Di Luar Area Pantauan (>1000m dari Desa)
Kendawangan,Banjar Sari,"Sabtu, 12 September 2026 13:18:00",NASA-NOAA20,Low,110.24442,-2.47388,False,False,False,True,False,True,Di Luar Area Pantauan (>1000m dari Desa)
Manis Mata,Suka Ramai,"Sabtu, 12 September 2026 13:18:00",NASA-NOAA20,Low,111.08862,-2.72243,False,False,False,False,False,False,Di Luar Area Pantauan (>1000m dari Desa)
Kendawangan,Banjar Sari,"Sabtu, 12 September 2026 13:18:00",NASA-NOAA20,Low,110.24025,-2.49536,False,False,False,False,False,False,Di Luar Area Pantauan (>1000m dari Desa)
Sukadana,Sedahan Jaya,"Sabtu, 12 September 2026 13:18:00",NASA-NOAA20,Low,110.05013,-1.16914,False,False,True,True,True,True,Di Luar Area Pantauan (>1000m dari Desa)
Simpang Hilir,Lubuk Batu,"Minggu, 13 September 2026 12:40:00",NASA-SNPP,Low,110.09888,-0.92523,False,False,False,False,False,False,Di Luar Area Pantauan (>1000m dari Desa)
Sandai,Pendamaran Indah,"Minggu, 13 September 2026 12:40:00",NASA-SNPP,Low,110.64124,-1.11799,False,False,False,False,False,False,Di Luar Area Pantauan (>1000m dari Desa)
Kendawangan,Air Hitam Besar,"Minggu, 13 September 2026 12:40:00",NASA-SNPP,Low,110.63751,-2.76748,False,False,False,False,False,False,Di Luar Area Pantauan (>1000m dari Desa)
Simpang Hulu,Semandang Kiri,"Minggu, 13 September 2026 12:40:00",NASA-SNPP,Low,110.40499,-0.66293,False,False,False,False,False,False,Di Luar Area Pantauan (>1000m dari Desa)
Simpang Hulu,Semandang Kiri,"Minggu, 13 September 2026 12:40:00",NASA-SNPP,Low,110.40585,-0.66115,False,False,False,False,False,False,Di Luar Area Pantauan (>1000m dari Desa)
Simpang Hilir,Lubuk Batu,"Minggu, 13 September 2026 12:40:00",NASA-SNPP,Low,110.09978,-0.92613,False,False,False,False,False,False,Di Luar Area Pantauan (>1000m dari Desa)
Simpang Hilir,Lubuk Batu,"Minggu, 13 September 2026 12:40:00",NASA-SNPP,Low,110.09627,-0.92666,False,False,False,False,False,False,Di Luar Area Pantauan (>1000m dari Desa)
Simpang Hilir,Batu Barat,"Minggu, 13 September 2026 12:40:00",NASA-SNPP,Low,110.09894,-0.92067,False,False,False,False,False,False,Di Luar Area Pantauan (>1000m dari Desa)
Simpang Hilir,Lubuk Batu,"Minggu, 13 September 2026 12:40:00",NASA-SNPP,Low,110.1033,-0.9256,False,False,False,False,False,False,Di Luar Area Pantauan (>1000m dari Desa)
Simpang Hilir,Batu Barat,"Minggu, 13 September 2026 12:40:00",NASA-SNPP,Low,110.09924,-0.90283,False,False,False,True,False,True,Di Luar Area Pantauan (>1000m dari Desa)
Simpang Hilir,Batu Barat,"Minggu, 13 September 2026 12:40:00",NASA-SNPP,Low,110.10349,-0.90775,False,False,False,False,False,False,Di Luar Area Pantauan (>1000m dari Desa)
Simpang Hilir,Lubuk Batu,"Minggu, 13 September 2026 12:40:00",NASA-SNPP,Low,110.10239,-0.92468,False,False,False,False,False,False,Di Luar Area Pantauan (>1000m dari Desa)
Simpang Dua,Kampar Sebomban,"Minggu, 13 September 2026 12:40:00",NASA-SNPP,Low,110.17793,-0.90722,False,False,False,False,False,False,Di Luar Area Pantauan (>1000m dari Desa)
Matan Hilir Selatan,Sungai Pelang,"Minggu, 13 September 2026 12:40:00",NASA-SNPP,Low,110.18389,-1.86238,False,False,True,True,False,True,Di Luar Area Pantauan (>1000m dari Desa)
Batang Lupar,Sungai Ajung,"Minggu, 13 September 2026 12:59:00",NASA-NOAA20,Low,112.33412,1.06683,False,False,False,False,False,False,Di Luar Area Pantauan (>1000m dari Desa)
Simpang Dua,Kampar Sebomban,"Sabtu, 12 September 2026 13:18:00",NASA-NOAA20,Low,110.18717,-0.90965,False,False,False,False,False,False,Di Luar Area Pantauan (>1000m dari Desa)
Belitang Hilir,Sungaiayak Dua,"Sabtu, 12 September 2026 13:18:00",NASA-NOAA20,Low,111.04664,0.16547,False,False,False,False,False,False,Di Luar Area Pantauan (>1000m dari Desa)
Kendawangan,Banjar Sari,"Sabtu, 12 September 2026 13:18:00",NASA-NOAA20,Low,110.24649,-2.48746,False,False,False,True,False,True,Di Luar Area Pantauan (>1000m dari Desa)
Kendawangan,Banjar Sari,"Sabtu, 12 September 2026 13:18:00",NASA-NOAA20,Low,110.25013,-2.4869,False,False,False,False,False,False,Di Luar Area Pantauan (>1000m dari Desa)
Batu Ampar,Batu Ampar,"Sabtu, 12 September 2026 13:18:00",NASA-NOAA20,Low,109.6614,-0.88789,False,False,False,True,False,True,Di Luar Area Pantauan (>1000m dari Desa)
Kendawangan,Banjar Sari,"Sabtu, 12 September 2026 13:18:00",NASA-NOAA20,Low,110.24907,-2.50443,False,False,False,False,False,False,Di Luar Area Pantauan (>1000m dari Desa)
Manis Mata,Sungai Buluh,"Sabtu, 12 September 2026 13:18:00",NASA-NOAA20,Low,111.06553,-2.57101,False,False,False,False,False,False,Di Luar Area Pantauan (>1000m dari Desa)
Kendawangan,Airhitam Hulu,"Sabtu, 12 September 2026 13:18:00",NASA-NOAA20,Low,110.54128,-2.66623,False,False,False,False,True,True,Di Luar Area Pantauan (>1000m dari Desa)
Kendawangan,Airhitam Hulu,"Sabtu, 12 September 2026 13:18:00",NASA-NOAA20,Low,110.62309,-2.65362,False,False,False,False,False,False,Di Luar Area Pantauan (>1000m dari Desa)
Kendawangan,Airhitam Hulu,"Sabtu, 12 September 2026 13:18:00",NASA-NOAA20,Low,110.61988,-2.65763,False,False,False,False,False,False,Di Luar Area Pantauan (>1000m dari Desa)
Kendawangan,Airhitam Hulu,"Sabtu, 12 September 2026 13:18:00",NASA-NOAA20,Low,110.61458,-2.64791,False,False,False,False,False,False,Di Luar Area Pantauan (>1000m dari Desa)
Kendawangan,Pembedilan,"Sabtu, 12 September 2026 13:18:00",NASA-NOAA20,Low,110.33083,-2.9575,False,False,False,False,True,True,Di Luar Area Pantauan (>1000m dari Desa)
Kendawangan,Airhitam Hulu,"Sabtu, 12 September 2026 13:18:00",NASA-NOAA20,Low,110.64184,-2.69949,False,False,False,False,False,False,Di Luar Area Pantauan (>1000m dari Desa)
Nanga Tayap,Simpang Tiga Sembelangaan,"Sabtu, 12 September 2026 13:18:00",NASA-NOAA20,Low,110.38547,-1.45346,False,False,False,False,False,False,Di Luar Area Pantauan (>1000m dari Desa)
Matan Hilir Utara,Kuala Satong,"Sabtu, 12 September 2026 13:18:00",NASA-NOAA20,Low,110.12491,-1.41317,False,False,False,True,False,True,Di Luar Area Pantauan (>1000m dari Desa)
Nanga Tayap,Pangkalan Teluk,"Sabtu, 12 September 2026 13:18:00",NASA-NOAA20,Low,110.37217,-1.37162,False,False,False,False,True,True,Di Luar Area Pantauan (>1000m dari Desa)
Nanga Tayap,Lembah Hijau Satu,"Sabtu, 12 September 2026 13:18:00",NASA-NOAA20,Low,110.49493,-1.56988,False,False,False,False,False,False,Di Luar Area Pantauan (>1000m dari Desa)
Nanga Tayap,Lembah Hijau Satu,"Sabtu, 12 September 2026 13:18:00",NASA-NOAA20,Low,110.49171,-1.5739,False,False,False,False,False,False,Di Luar Area Pantauan (>1000m dari Desa)
Matan Hilir Utara,Sungai Putri,"Sabtu, 12 September 2026 13:18:00",NASA-NOAA20,Low,110.07967,-1.57732,False,False,True,True,False,True,Di Luar Area Pantauan (>1000m dari Desa)
Pemahan,Usaha Baru,"Sabtu, 12 September 2026 13:18:00",NASA-NOAA20,Low,110.4966,-1.70632,False,False,False,False,False,False,Di Luar Area Pantauan (>1000m dari Desa)
Benua Kayong,Negeri Baru,"Sabtu, 12 September 2026 13:18:00",NASA-NOAA20,Low,110.19954,-1.79775,False,False,False,True,False,True,Di Luar Area Pantauan (>1000m dari Desa)
Kendawangan,Sungai Jelayan,"Sabtu, 12 September 2026 13:18:00",NASA-NOAA20,Low,110.45555,-2.08375,False,False,False,False,False,False,Di Luar Area Pantauan (>1000m dari Desa)
Simpang Hilir,Matan Jaya,"Sabtu, 12 September 2026 13:18:00",NASA-NOAA20,Low,110.17222,-1.05551,False,False,False,False,False,False,Di Luar Area Pantauan (>1000m dari Desa)
Matan Hilir Utara,Kuala Satong,"Sabtu, 12 September 2026 13:18:00",NASA-NOAA20,Low,110.13911,-1.38309,False,False,False,True,False,True,Di Luar Area Pantauan (>1000m dari Desa)
Matan Hilir Utara,Lamon Satong,"Sabtu, 12 September 2026 13:18:00",NASA-NOAA20,Low,110.21362,-1.40303,False,False,False,True,False,True,Di Luar Area Pantauan (>1000m dari Desa)
Matan Hilir Utara,Kuala Tolak,"Sabtu, 12 September 2026 13:18:00",NASA-NOAA20,Low,110.19386,-1.49013,False,False,False,True,False,True,Di Luar Area Pantauan (>1000m dari Desa)
Nanga Tayap,Simpang Tiga Sembelangaan,"Sabtu, 12 September 2026 13:18:00",NASA-NOAA20,Low,110.39077,-1.46319,False,False,False,False,False,False,Di Luar Area Pantauan (>1000m dari Desa)
Muara Pawan,Ulak Medang,"Sabtu, 12 September 2026 13:18:00",NASA-NOAA20,Low,110.22588,-1.50266,False,False,True,True,False,True,Di Luar Area Pantauan (>1000m dari Desa)
Nanga Tayap,Simpang Tiga Sembelangaan,"Sabtu, 12 September 2026 13:18:00",NASA-NOAA20,Low,110.39182,-1.47006,False,False,False,False,False,False,Di Luar Area Pantauan (>1000m dari Desa)
Muara Pawan,Ulak Medang,"Sabtu, 12 September 2026 13:18:00",NASA-NOAA20,Low,110.28856,-1.51753,False,False,False,False,False,False,Di Luar Area Pantauan (>1000m dari Desa)
Matan Hilir Utara,Sungai Putri,"Sabtu, 12 September 2026 13:18:00",NASA-NOAA20,Low,110.07568,-1.59972,False,False,False,True,False,True,Di Luar Area Pantauan (>1000m dari Desa)
Matan Hilir Utara,Kuala Tolak,"Sabtu, 12 September 2026 13:18:00",NASA-NOAA20,Low,110.10597,-1.46136,False,False,False,False,False,False,Di Luar Area Pantauan (>1000m dari Desa)
Matan Hilir Utara,Kuala Satong,"Sabtu, 12 September 2026 13:18:00",NASA-NOAA20,Low,110.13013,-1.42283,False,False,False,True,False,True,Di Luar Area Pantauan (>1000m dari Desa)
Matan Hilir Selatan,Sungai Pelang,"Sabtu, 12 September 2026 13:18:00",NASA-NOAA20,Low,110.19891,-1.84315,False,False,False,True,False,True,Di Luar Area Pantauan (>1000m dari Desa)
Matan Hilir Utara,Kuala Satong,"Sabtu, 12 September 2026 13:18:00",NASA-NOAA20,Low,110.12543,-1.41658,False,False,False,True,False,True,Di Luar Area Pantauan (>1000m dari Desa)
Matan Hilir Selatan,Sungai Nanjung,"Sabtu, 12 September 2026 13:18:00",NASA-NOAA20,Low,110.10885,-2.19657,False,False,False,False,False,False,Di Luar Area Pantauan (>1000m dari Desa)
Sungai Melayu Rayak,Makmur Abadi,"Sabtu, 12 September 2026 13:18:00",NASA-NOAA20,Low,110.25502,-1.76776,False,False,False,True,False,True,Di Luar Area Pantauan (>1000m dari Desa)
Muara Pawan,Mayak,"Sabtu, 12 September 2026 13:18:00",NASA-NOAA20,Low,110.14296,-1.79525,False,False,False,False,False,False,Di Luar Area Pantauan (>1000m dari Desa)
Sungai Melayu Rayak,Makmur Abadi,"Sabtu, 12 September 2026 13:18:00",NASA-NOAA20,Low,110.24766,-1.76888,False,False,False,True,False,True,Di Luar Area Pantauan (>1000m dari Desa)
Matan Hilir Selatan,Sungai Besar,"Sabtu, 12 September 2026 13:18:00",NASA-NOAA20,Low,110.202,-1.86357,False,False,False,True,False,True,Di Luar Area Pantauan (>1000m dari Desa)
Sungai Melayu Rayak,Sungai Melayu,"Sabtu, 12 September 2026 13:18:00",NASA-NOAA20,Low,110.33997,-1.87748,False,False,False,False,False,False,Di Luar Area Pantauan (>1000m dari Desa)
Matan Hilir Selatan,Kemuning Biutak,"Sabtu, 12 September 2026 13:18:00",NASA-NOAA20,Low,110.39572,-1.97044,False,False,False,False,False,False,Di Luar Area Pantauan (>1000m dari Desa)
Matan Hilir Selatan,Pematang Gadung,"Sabtu, 12 September 2026 13:18:00",NASA-NOAA20,Low,110.1882,-1.99157,False,False,False,True,False,True,Di Luar Area Pantauan (>1000m dari Desa)
Matan Hilir Selatan,Kemuning Biutak,"Sabtu, 12 September 2026 13:18:00",NASA-NOAA20,Low,110.42473,-2.00806,False,False,False,False,False,False,Di Luar Area Pantauan (>1000m dari Desa)
Kendawangan,Sungai Jelayan,"Sabtu, 12 September 2026 13:18:00",NASA-NOAA20,Low,110.45235,-2.08775,False,False,False,False,False,False,Di Luar Area Pantauan (>1000m dari Desa)
Matan Hilir Selatan,Sungai Pelang,"Sabtu, 12 September 2026 13:18:00",NASA-NOAA20,Low,110.19107,-1.84087,False,False,False,True,False,True,Di Luar Area Pantauan (>1000m dari Desa)
Jelai Hulu,Pangkalan Suka,"Sabtu, 12 September 2026 13:18:00",NASA-NOAA20,Low,110.88877,-1.95405,False,False,False,False,False,False,Di Luar Area Pantauan (>1000m dari Desa)
Muara Pawan,Tanjung Pura,"Sabtu, 12 September 2026 03:21:00",NASA-MODIS,Low,110.1569,-1.68245,False,False,True,True,False,True,Di Luar Area Pantauan (>1000m dari Desa)
Nanga Tayap,Pangkalan Teluk,"Sabtu, 12 September 2026 03:21:00",NASA-MODIS,Low,110.37339,-1.37235,False,False,False,False,True,True,Di Luar Area Pantauan (>1000m dari Desa)
Matan Hilir Selatan,Pematang Gadung,"Sabtu, 12 September 2026 03:21:00",NASA-MODIS,Low,110.26157,-1.88306,False,False,True,False,False,True,Di Luar Area Pantauan (>1000m dari Desa)
Batu Ampar,Teluknibung,"Sabtu, 12 September 2026 03:21:00",NASA-MODIS,Medium,109.53336,-0.83079,False,True,True,True,True,True,Prioritas 3 (Rendah)
Matan Hilir Selatan,Sungai Pelang,"Sabtu, 12 September 2026 03:21:00",NASA-MODIS,Medium,110.24578,-1.84217,False,False,True,True,False,True,Di Luar Area Pantauan (>1000m dari Desa)
Simpang Hilir,Batu Barat,"Sabtu, 12 September 2026 03:21:00",NASA-MODIS,Medium,110.04325,-0.94363,False,False,True,False,False,True,Di Luar Area Pantauan (>1000m dari Desa)
Kendawangan,Bangkal Serai,"Sabtu, 12 September 2026 15:39:00",NASA-MODIS,Medium,110.51765,-2.57196,False,False,False,False,True,True,Di Luar Area Pantauan (>1000m dari Desa)
Kendawangan,Airhitam Hulu,"Sabtu, 12 September 2026 03:21:00",NASA-MODIS,Medium,110.60485,-2.65531,False,False,True,False,False,True,Di Luar Area Pantauan (>1000m dari Desa)
Muara Pawan,Ulak Medang,"Sabtu, 12 September 2026 03:21:00",NASA-MODIS,Medium,110.23252,-1.49979,False,False,True,True,False,True,Di Luar Area Pantauan (>1000m dari Desa)
Muara Pawan,Mayak,"Sabtu, 12 September 2026 15:39:00",NASA-MODIS,Medium,110.12991,-1.71123,False,False,True,True,False,True,Di Luar Area Pantauan (>1000m dari Desa)
Benua Kayong,Negeri Baru,"Sabtu, 12 September 2026 15:39:00",NASA-MODIS,Medium,110.17925,-1.79517,False,False,False,True,False,True,Di Luar Area Pantauan (>1000m dari Desa)
Ketungau Hilir,Bukit Sidin Permai,"Sabtu, 12 September 2026 15:39:00",NASA-MODIS,Medium,111.5229,0.6072,False,False,False,False,False,False,Di Luar Area Pantauan (>1000m dari Desa)
Matan Hilir Selatan,Sungai Pelang,"Sabtu, 12 September 2026 03:21:00",NASA-MODIS,Medium,110.18214,-1.86209,False,False,True,True,False,True,Di Luar Area Pantauan (>1000m dari Desa)
Matan Hilir Utara,Tanjung Baik Budi,"Sabtu, 12 September 2026 03:21:00",NASA-MODIS,Medium,110.08868,-1.55043,False,False,True,True,False,True,Di Luar Area Pantauan (>1000m dari Desa)
Muara Pawan,Ulak Medang,"Sabtu, 12 September 2026 03:21:00",NASA-MODIS,Medium,110.24015,-1.51,False,False,True,True,False,True,Di Luar Area Pantauan (>1000m dari Desa)
Simpang Hilir,Batu Barat,"Sabtu, 12 September 2026 03:21:00",NASA-MODIS,Medium,110.09995,-0.90416,False,False,False,True,False,True,Di Luar Area Pantauan (>1000m dari Desa)
Muara Pawan,Ulak Medang,"Sabtu, 12 September 2026 03:21:00",NASA-MODIS,Medium,110.27924,-1.63503,False,False,False,True,False,True,Di Luar Area Pantauan (>1000m dari Desa)
Kendawangan,Banjar Sari,"Sabtu, 12 September 2026 15:39:00",NASA-MODIS,Medium,110.24185,-2.48827,False,False,False,True,False,True,Di Luar Area Pantauan (>1000m dari Desa)
Manis Mata,Pelempangan,"Sabtu, 12 September 2026 03:21:00",NASA-MODIS,Medium,111.04153,-2.14768,False,False,False,False,False,False,Di Luar Area Pantauan (>1000m dari Desa)
Simpang Hilir,Batu Barat,"Sabtu, 12 September 2026 03:21:00",NASA-MODIS,Medium,110.01816,-0.93085,False,False,True,True,False,True,Di Luar Area Pantauan (>1000m dari Desa)
Sungai Ambawang,Teluk Bakung,"Sabtu, 12 September 2026 03:21:00",NASA-MODIS,Medium,109.65959,-0.12781,False,False,True,True,False,True,Di Luar Area Pantauan (>1000m dari Desa)
Simpang Hilir,Batu Barat,"Sabtu, 12 September 2026 03:21:00",NASA-MODIS,Medium,110.0293,-0.97749,False,False,True,True,False,True,Di Luar Area Pantauan (>1000m dari Desa)
Matan Hilir Utara,Kuala Tolak,"Sabtu, 12 September 2026 03:21:00",NASA-MODIS,Medium,110.161,-1.46836,False,False,False,True,False,True,Di Luar Area Pantauan (>1000m dari Desa)
Sungai Raya,Gunungtamang,"Sabtu, 12 September 2026 03:21:00",NASA-MODIS,Medium,109.8969,-0.14578,False,False,False,True,False,True,Di Luar Area Pantauan (>1000m dari Desa)
Simpang Hulu,Sekucing Kualan,"Sabtu, 12 September 2026 03:21:00",NASA-MODIS,Medium,110.11422,-0.6294,False,False,False,False,False,False,Di Luar Area Pantauan (>1000m dari Desa)
Simpang Hilir,Padu Banjar,"Sabtu, 12 September 2026 03:21:00",NASA-MODIS,Medium,109.8833,-1.01139,False,False,False,False,False,False,Di Luar Area Pantauan (>1000m dari Desa)
Matan Hilir Selatan,Sungai Nanjung,"Sabtu, 12 September 2026 03:21:00",NASA-MODIS,Medium,110.24581,-2.17575,False,False,True,True,True,True,Di Luar Area Pantauan (>1000m dari Desa)
Simpang Hilir,Penjalaan,"Sabtu, 12 September 2026 03:21:00",NASA-MODIS,Medium,110.06886,-1.11443,False,False,True,False,False,True,Di Luar Area Pantauan (>1000m dari Desa)
Simpang Hilir,Rantau Panjang,"Sabtu, 12 September 2026 03:21:00",NASA-MODIS,Medium,110.04735,-1.13819,False,False,True,True,False,True,Di Luar Area Pantauan (>1000m dari Desa)
Nanga Tayap,Sepakat Jaya,"Sabtu, 12 September 2026 03:21:00",NASA-MODIS,Medium,110.66374,-1.41613,False,False,False,False,False,False,Di Luar Area Pantauan (>1000m dari Desa)
Matan Hilir Selatan,Sungai Besar,"Sabtu, 12 September 2026 03:21:00",NASA-MODIS,Medium,110.2064,-1.88386,False,False,True,True,False,True,Di Luar Area Pantauan (>1000m dari Desa)
Kendawangan,Airhitam Hulu,"Sabtu, 12 September 2026 03:21:00",NASA-MODIS,Medium,110.6236,-2.65809,False,False,False,False,False,False,Di Luar Area Pantauan (>1000m dari Desa)
Mempawah Hilir,Pasir,"Sabtu, 12 September 2026 03:21:00",NASA-MODIS,Medium,109.02319,0.42276,False,False,False,True,False,True,Di Luar Area Pantauan (>1000m dari Desa)
Simpang Hilir,Lubuk Batu,"Sabtu, 12 September 2026 03:21:00",NASA-MODIS,Medium,110.10879,-0.92651,False,False,False,False,False,False,Di Luar Area Pantauan (>1000m dari Desa)
Simpang Hilir,Matan Jaya,"Minggu, 13 September 2026 07:54:00",NASA-MODIS,Medium,110.142,-1.10206,False,False,True,True,True,True,Di Luar Area Pantauan (>1000m dari Desa)
Kendawangan,Pembedilan,"Sabtu, 12 September 2026 15:39:00",NASA-MODIS,Medium,110.35474,-2.86298,False,False,False,False,True,True,Di Luar Area Pantauan (>1000m dari Desa)
Simpang Hulu,Sekucing Labai,"Sabtu, 12 September 2026 15:39:00",NASA-MODIS,Medium,110.06895,-0.48695,False,False,False,False,False,False,Di Luar Area Pantauan (>1000m dari Desa)
Batu Ampar,Tanjungharapan,"Sabtu, 12 September 2026 15:39:00",NASA-MODIS,Medium,109.51913,-0.83483,True,False,True,True,True,True,Prioritas 1 (Tinggi)
Kendawangan,Pembedilan,"Sabtu, 12 September 2026 15:39:00",NASA-MODIS,Medium,110.35043,-2.77237,False,False,False,False,True,True,Di Luar Area Pantauan (>1000m dari Desa)
Matan Hilir Selatan,Pematang Gadung,"Sabtu, 12 September 2026 03:21:00",NASA-MODIS,Medium,110.3246,-1.95625,False,False,True,True,False,True,Di Luar Area Pantauan (>1000m dari Desa)
Matan Hilir Utara,Tanjung Baik Budi,"Sabtu, 12 September 2026 03:21:00",NASA-MODIS,Medium,110.19164,-1.52986,False,False,True,True,False,True,Di Luar Area Pantauan (>1000m dari Desa)
Simpang Dua,Kampar Sebomban,"Sabtu, 12 September 2026 03:21:00",NASA-MODIS,Medium,110.16817,-0.86946,False,False,False,False,False,False,Di Luar Area Pantauan (>1000m dari Desa)
Sungai Tebelian,Perembang,"Sabtu, 12 September 2026 03:21:00",NASA-MODIS,Medium,111.4804,-0.14274,False,False,False,False,False,False,Di Luar Area Pantauan (>1000m dari Desa)
Manis Mata,Sengkuang Merabong,"Sabtu, 12 September 2026 03:21:00",NASA-MODIS,Medium,110.96227,-2.18188,False,False,False,False,False,False,Di Luar Area Pantauan (>1000m dari Desa)
Batu Ampar,Tanjungharapan,"Sabtu, 12 September 2026 15:39:00",NASA-MODIS,Medium,109.52075,-0.84577,True,False,True,True,True,True,Prioritas 1 (Tinggi)
Belimbing Hulu,Nanga Tikan,"Sabtu, 12 September 2026 03:21:00",NASA-MODIS,Medium,111.60561,-0.44889,False,False,False,False,False,False,Di Luar Area Pantauan (>1000m dari Desa)
Menukung,Belaban Ella,"Sabtu, 12 September 2026 19:34:00",NASA-MODIS,Medium,112.19587,-0.50166,False,False,False,False,False,False,Di Luar Area Pantauan (>1000m dari Desa)
Matan Hilir Selatan,Sungai Besar,"Sabtu, 12 September 2026 03:21:00",NASA-MODIS,Medium,110.11818,-1.92492,False,False,False,True,False,True,Di Luar Area Pantauan (>1000m dari Desa)
Nanga Mahap,Lembah Beringin,"Sabtu, 12 September 2026 03:21:00",NASA-MODIS,Medium,110.8026,-0.67913,False,False,True,False,False,True,Di Luar Area Pantauan (>1000m dari Desa)
Kendawangan,Natai Kuini,"Sabtu, 12 September 2026 15:39:00",NASA-MODIS,Medium,110.83453,-2.79979,False,False,False,True,True,True,Di Luar Area Pantauan (>1000m dari Desa)
Kendawangan,Pembedilan,"Sabtu, 12 September 2026 03:21:00",NASA-MODIS,Medium,110.31378,-2.87947,False,False,False,False,True,True,Di Luar Area Pantauan (>1000m dari Desa)
Kendawangan,Airhitam Hulu,"Sabtu, 12 September 2026 03:21:00",NASA-MODIS,Medium,110.63457,-2.62234,False,False,False,False,False,False,Di Luar Area Pantauan (>1000m dari Desa)
Menukung,Nanga Siyai,"Sabtu, 12 September 2026 19:34:00",NASA-MODIS,Medium,112.16306,-0.50614,False,False,False,False,False,False,Di Luar Area Pantauan (>1000m dari Desa)
Simpang Hulu,Sekucing Kualan,"Sabtu, 12 September 2026 03:21:00",NASA-MODIS,Medium,110.07158,-0.61393,False,False,False,False,False,False,Di Luar Area Pantauan (>1000m dari Desa)
Matan Hilir Selatan,Sungai Nanjung,"Sabtu, 12 September 2026 03:21:00",NASA-MODIS,Medium,110.21877,-2.17168,False,False,True,False,False,True,Di Luar Area Pantauan (>1000m dari Desa)
Nanga Tayap,Lembah Hijau Satu,"Sabtu, 12 September 2026 03:21:00",NASA-MODIS,Medium,110.48983,-1.5657,False,False,False,False,False,False,Di Luar Area Pantauan (>1000m dari Desa)
Muara Pawan,Ulak Medang,"Sabtu, 12 September 2026 03:21:00",NASA-MODIS,Medium,110.29848,-1.62885,False,False,True,True,False,True,Di Luar Area Pantauan (>1000m dari Desa)
Kendawangan,Seriam,"Sabtu, 12 September 2026 15:39:00",NASA-MODIS,Medium,110.33997,-2.64617,False,False,False,False,True,True,Di Luar Area Pantauan (>1000m dari Desa)
Sungai Raya,Gunungtamang,"Sabtu, 12 September 2026 15:39:00",NASA-MODIS,Medium,109.88414,-0.15766,False,False,False,True,False,True,Di Luar Area Pantauan (>1000m dari Desa)
Simpang Hilir,Matan Jaya,"Sabtu, 12 September 2026 03:21:00",NASA-MODIS,Medium,110.27402,-1.13624,False,False,True,False,True,True,Di Luar Area Pantauan (>1000m dari Desa)
Matan Hilir Utara,Tanjung Baik Budi,"Sabtu, 12 September 2026 03:21:00",NASA-MODIS,Medium,110.13954,-1.51296,False,False,False,False,False,False,Di Luar Area Pantauan (>1000m dari Desa)
Muara Pawan,Mayak,"Sabtu, 12 September 2026 15:39:00",NASA-MODIS,Medium,110.1269,-1.75669,False,False,False,True,False,True,Di Luar Area Pantauan (>1000m dari Desa)
Muara Pawan,Ulak Medang,"Sabtu, 12 September 2026 03:21:00",NASA-MODIS,Medium,110.27026,-1.63368,False,False,False,True,False,True,Di Luar Area Pantauan (>1000m dari Desa)
Kendawangan,Banjar Sari,"Sabtu, 12 September 2026 03:21:00",NASA-MODIS,Medium,110.24907,-2.47238,False,False,False,False,False,False,Di Luar Area Pantauan (>1000m dari Desa)
Kendawangan,Kedondong,"Sabtu, 12 September 2026 15:39:00",NASA-MODIS,Medium,110.35535,-2.29839,False,False,False,False,False,False,Di Luar Area Pantauan (>1000m dari Desa)
Kayan Hulu,Nanga Tonggoi,"Sabtu, 12 September 2026 19:34:00",NASA-MODIS,Medium,112.14912,-0.29948,False,False,False,False,False,False,Di Luar Area Pantauan (>1000m dari Desa)
Simpang Dua,Kampar Sebomban,"Sabtu, 12 September 2026 03:21:00",NASA-MODIS,Medium,110.18198,-0.89859,False,False,False,False,False,False,Di Luar Area Pantauan (>1000m dari Desa)
Menukung,Belaban Ella,"Sabtu, 12 September 2026 19:34:00",NASA-MODIS,Medium,112.19133,-0.50829,False,False,False,False,False,False,Di Luar Area Pantauan (>1000m dari Desa)
Marau,Pelanjau Jaya,"Sabtu, 12 September 2026 03:21:00",NASA-MODIS,Medium,110.59039,-2.2459,False,False,False,False,False,False,Di Luar Area Pantauan (>1000m dari Desa)
Sekadau Hilir,Bokak Sebumbun,"Sabtu, 12 September 2026 15:39:00",NASA-MODIS,Medium,110.97174,0.00229,False,False,False,False,False,False,Di Luar Area Pantauan (>1000m dari Desa)
Matan Hilir Utara,Sungai Putri,"Sabtu, 12 September 2026 03:21:00",NASA-MODIS,Medium,110.07545,-1.59525,False,False,False,True,False,True,Di Luar Area Pantauan (>1000m dari Desa)
Matan Hilir Selatan,Sungai Nanjung,"Sabtu, 12 September 2026 03:21:00",NASA-MODIS,Medium,110.20979,-2.17033,False,False,False,True,False,True,Di Luar Area Pantauan (>1000m dari Desa)
Kendawangan,Pembedilan,"Sabtu, 12 September 2026 15:39:00",NASA-MODIS,Medium,110.35648,-2.87426,False,False,False,False,True,True,Di Luar Area Pantauan (>1000m dari Desa)
Sukadana,Sejahtera,"Sabtu, 12 September 2026 03:21:00",NASA-MODIS,Medium,110.05038,-1.2576,False,False,True,True,True,True,Di Luar Area Pantauan (>1000m dari Desa)
Simpang Hilir,Penjalaan,"Sabtu, 12 September 2026 03:21:00",NASA-MODIS,Medium,110.06004,-1.1131,False,False,False,False,False,False,Di Luar Area Pantauan (>1000m dari Desa)
Muara Pawan,Tempurukan,"Sabtu, 12 September 2026 15:39:00",NASA-MODIS,Medium,110.06307,-1.67505,False,False,False,True,False,True,Di Luar Area Pantauan (>1000m dari Desa)
Matan Hilir Selatan,Pesaguan Kanan,"Sabtu, 12 September 2026 15:39:00",NASA-MODIS,Medium,110.34348,-2.02468,False,False,True,True,False,True,Di Luar Area Pantauan (>1000m dari Desa)
Simpang Hilir,Matan Jaya,"Sabtu, 12 September 2026 03:21:00",NASA-MODIS,Medium,110.12434,-1.08385,False,False,True,False,True,True,Di Luar Area Pantauan (>1000m dari Desa)
Kendawangan,Airhitam Hulu,"Sabtu, 12 September 2026 15:39:00",NASA-MODIS,Medium,110.52407,-2.67588,False,False,False,False,True,True,Di Luar Area Pantauan (>1000m dari Desa)
Muara Pawan,Ulak Medang,"Sabtu, 12 September 2026 03:21:00",NASA-MODIS,Medium,110.27462,-1.52424,False,False,True,True,False,True,Di Luar Area Pantauan (>1000m dari Desa)
Manis Mata,Silat,"Sabtu, 12 September 2026 03:21:00",NASA-MODIS,Medium,110.94392,-2.2617,False,False,False,False,False,False,Di Luar Area Pantauan (>1000m dari Desa)
Kendawangan,Pembedilan,"Sabtu, 12 September 2026 03:21:00",NASA-MODIS,Medium,110.30462,-2.87808,False,False,False,False,True,True,Di Luar Area Pantauan (>1000m dari Desa)
Simpang Hulu,Sekucing Kualan,"Sabtu, 12 September 2026 03:21:00",NASA-MODIS,Medium,110.07671,-0.57876,False,False,False,False,False,False,Di Luar Area Pantauan (>1000m dari Desa)
Simpang Hilir,Matan Jaya,"Sabtu, 12 September 2026 03:21:00",NASA-MODIS,Medium,110.13082,-1.03975,False,False,False,False,False,False,Di Luar Area Pantauan (>1000m dari Desa)
Kendawangan,Bangkal Serai,"Sabtu, 12 September 2026 03:21:00",NASA-MODIS,Medium,110.48457,-2.36893,False,False,False,False,False,False,Di Luar Area Pantauan (>1000m dari Desa)
Sungai Laur,Kepari,"Sabtu, 12 September 2026 03:21:00",NASA-MODIS,Medium,110.57934,-0.84866,False,False,False,False,False,False,Di Luar Area Pantauan (>1000m dari Desa)
Kendawangan,Bangkal Serai,"Sabtu, 12 September 2026 03:21:00",NASA-MODIS,Medium,110.47536,-2.36756,False,False,False,False,False,False,Di Luar Area Pantauan (>1000m dari Desa)
Kendawangan,Pangkalan Batu,"Sabtu, 12 September 2026 03:21:00",NASA-MODIS,Medium,110.35075,-2.13608,False,False,False,False,False,False,Di Luar Area Pantauan (>1000m dari Desa)
Batu Ampar,Teluknibung,"Sabtu, 12 September 2026 03:21:00",NASA-MODIS,Medium,109.52467,-0.82948,False,True,True,True,True,True,Prioritas 3 (Rendah)
Sungai Raya,Muara Baru,"Sabtu, 12 September 2026 03:21:00",NASA-MODIS,Medium,109.71778,-0.31268,False,False,False,True,False,True,Di Luar Area Pantauan (>1000m dari Desa)
Matan Hilir Utara,Sungai Putri,"Sabtu, 12 September 2026 03:21:00",NASA-MODIS,Medium,110.08063,-1.55992,False,False,True,True,False,True,Di Luar Area Pantauan (>1000m dari Desa)
Kayan Hulu,Nanga Tonggoi,"Sabtu, 12 September 2026 19:34:00",NASA-MODIS,Medium,112.15395,-0.29262,False,False,False,False,False,False,Di Luar Area Pantauan (>1000m dari Desa)
Simpang Hilir,Lubuk Batu,"Sabtu, 12 September 2026 03:21:00",NASA-MODIS,Medium,110.09609,-0.95161,False,False,False,False,False,False,Di Luar Area Pantauan (>1000m dari Desa)
Kendawangan,Bangkal Serai,"Sabtu, 12 September 2026 15:39:00",NASA-MODIS,Medium,110.52642,-2.56173,False,False,False,False,True,True,Di Luar Area Pantauan (>1000m dari Desa)
Manis Mata,Suka Ramai,"Sabtu, 12 September 2026 03:21:00",NASA-MODIS,Medium,111.09048,-2.71924,False,False,False,False,False,False,Di Luar Area Pantauan (>1000m dari Desa)
Belitang Hulu,Seburuk Satu,"Minggu, 13 September 2026 12:40:00",NASA-SNPP,Medium,111.0295,0.57528,False,False,False,False,False,False,Di Luar Area Pantauan (>1000m dari Desa)
Kendawangan,Bangkal Serai,"Minggu, 13 September 2026 12:40:00",NASA-SNPP,Medium,110.49964,-2.48953,False,False,False,False,True,True,Di Luar Area Pantauan (>1000m dari Desa)
Marau,Suka Karya,"Minggu, 13 September 2026 12:40:00",NASA-SNPP,Medium,110.62537,-2.16214,False,False,False,False,False,False,Di Luar Area Pantauan (>1000m dari Desa)
Kendawangan,Pangkalan Batu,"Minggu, 13 September 2026 12:40:00",NASA-SNPP,Medium,110.36948,-2.189,False,False,False,False,False,False,Di Luar Area Pantauan (>1000m dari Desa)
Kendawangan,Sungai Jelayan,"Minggu, 13 September 2026 12:40:00",NASA-SNPP,Medium,110.46356,-2.1568,False,False,False,False,False,False,Di Luar Area Pantauan (>1000m dari Desa)
Matan Hilir Selatan,Sungai Pelang,"Minggu, 13 September 2026 12:40:00",NASA-SNPP,Medium,110.18252,-1.85764,False,False,True,True,False,True,Di Luar Area Pantauan (>1000m dari Desa)
Matan Hilir Selatan,Sungai Nanjung,"Minggu, 13 September 2026 12:40:00",NASA-SNPP,Medium,110.21961,-2.18315,False,False,False,False,False,False,Di Luar Area Pantauan (>1000m dari Desa)
Marau,Batu Payung Dua,"Minggu, 13 September 2026 12:40:00",NASA-SNPP,Medium,110.58913,-2.01443,False,False,False,False,True,True,Di Luar Area Pantauan (>1000m dari Desa)
Matan Hilir Selatan,Kemuning Biutak,"Minggu, 13 September 2026 12:40:00",NASA-SNPP,Medium,110.34338,-1.94609,False,False,False,False,False,False,Di Luar Area Pantauan (>1000m dari Desa)
Matan Hilir Selatan,Sungai Nanjung,"Minggu, 13 September 2026 12:40:00",NASA-SNPP,Medium,110.21933,-2.17733,False,False,True,False,False,True,Di Luar Area Pantauan (>1000m dari Desa)
Matan Hilir Selatan,Sungai Nanjung,"Minggu, 13 September 2026 12:40:00",NASA-SNPP,Medium,110.21882,-2.17762,False,False,True,False,False,True,Di Luar Area Pantauan (>1000m dari Desa)
Matan Hilir Selatan,Sungai Besar,"Minggu, 13 September 2026 12:40:00",NASA-SNPP,Medium,110.18827,-1.86736,False,False,True,True,False,True,Di Luar Area Pantauan (>1000m dari Desa)
Nanga Tayap,Betenung,"Minggu, 13 September 2026 12:40:00",NASA-SNPP,Medium,110.82634,-1.59216,False,False,False,False,False,False,Di Luar Area Pantauan (>1000m dari Desa)
Simpang Hilir,Matan Jaya,"Minggu, 13 September 2026 12:40:00",NASA-SNPP,Medium,110.13947,-1.0991,False,False,True,True,True,True,Di Luar Area Pantauan (>1000m dari Desa)
Simpang Hilir,Matan Jaya,"Minggu, 13 September 2026 12:40:00",NASA-SNPP,Medium,110.13599,-1.09964,False,False,True,True,True,True,Di Luar Area Pantauan (>1000m dari Desa)
Simpang Hilir,Matan Jaya,"Minggu, 13 September 2026 12:40:00",NASA-SNPP,Medium,110.12819,-1.09526,False,False,True,True,True,True,Di Luar Area Pantauan (>1000m dari Desa)
Simpang Hilir,Matan Jaya,"Minggu, 13 September 2026 12:40:00",NASA-SNPP,Medium,110.14718,-1.10349,False,False,True,False,True,True,Di Luar Area Pantauan (>1000m dari Desa)
Simpang Hilir,Matan Jaya,"Minggu, 13 September 2026 12:40:00",NASA-SNPP,Medium,110.15144,-1.10841,False,False,False,False,True,True,Di Luar Area Pantauan (>1000m dari Desa)
Simpang Hilir,Matan Jaya,"Minggu, 13 September 2026 12:40:00",NASA-SNPP,Medium,110.14802,-1.10895,False,False,True,False,True,True,Di Luar Area Pantauan (>1000m dari Desa)
Ella Hilir,Nanga Nyuruh,"Minggu, 13 September 2026 12:40:00",NASA-SNPP,Medium,112.09306,-0.48471,False,False,False,False,False,False,Di Luar Area Pantauan (>1000m dari Desa)
Silat Hulu,Lebak Najah,"Minggu, 13 September 2026 12:40:00",NASA-SNPP,Medium,112.04758,0.22731,False,False,False,False,False,False,Di Luar Area Pantauan (>1000m dari Desa)
Mukok,Engkode,"Minggu, 13 September 2026 12:40:00",NASA-SNPP,Medium,110.75635,0.15841,False,False,False,False,False,False,Di Luar Area Pantauan (>1000m dari Desa)
Belitang Hilir,Menawai Tekam,"Minggu, 13 September 2026 12:40:00",NASA-SNPP,Medium,110.95309,0.27141,False,False,False,False,False,False,Di Luar Area Pantauan (>1000m dari Desa)
Simpang Hilir,Lubuk Batu,"Minggu, 13 September 2026 12:40:00",NASA-SNPP,Medium,110.10156,-0.91922,False,False,False,False,False,False,Di Luar Area Pantauan (>1000m dari Desa)
Simpang Dua,Kampar Sebomban,"Minggu, 13 September 2026 12:40:00",NASA-SNPP,Medium,110.18139,-0.90668,False,False,False,False,False,False,Di Luar Area Pantauan (>1000m dari Desa)
Nanga Mahap,Karang Betung,"Minggu, 13 September 2026 12:40:00",NASA-SNPP,Medium,110.86163,-0.56963,True,False,False,False,False,False,Prioritas 2 (Sedang)
Kayan Hulu,Nanga Tampang,"Minggu, 13 September 2026 12:40:00",NASA-SNPP,Medium,112.19998,0.03354,False,False,False,False,False,False,Di Luar Area Pantauan (>1000m dari Desa)
Simpang Hilir,Batu Barat,"Minggu, 13 September 2026 12:40:00",NASA-SNPP,Medium,110.09188,-0.92633,False,False,False,False,False,False,Di Luar Area Pantauan (>1000m dari Desa)
Simpang Hilir,Batu Barat,"Minggu, 13 September 2026 12:40:00",NASA-SNPP,Medium,110.10696,-0.90721,False,False,True,True,False,True,Di Luar Area Pantauan (>1000m dari Desa)
Simpang Hilir,Batu Barat,"Minggu, 13 September 2026 12:40:00",NASA-SNPP,Medium,110.10001,-0.9083,False,False,False,False,False,False,Di Luar Area Pantauan (>1000m dari Desa)
Sungai Laur,Tanjung Beringin,"Minggu, 13 September 2026 12:40:00",NASA-SNPP,Medium,110.55112,-0.77285,False,False,False,False,False,False,Di Luar Area Pantauan (>1000m dari Desa)
Simpang Hilir,Lubuk Batu,"Minggu, 13 September 2026 12:40:00",NASA-SNPP,Medium,110.10149,-0.93704,False,False,False,False,False,False,Di Luar Area Pantauan (>1000m dari Desa)
Simpang Hilir,Batu Barat,"Minggu, 13 September 2026 12:40:00",NASA-SNPP,Medium,110.10272,-0.90229,False,False,True,True,False,True,Di Luar Area Pantauan (>1000m dari Desa)
Hulu Sungai,Senduruhan,"Minggu, 13 September 2026 12:40:00",NASA-SNPP,Medium,110.69096,-0.84282,False,False,True,False,False,True,Di Luar Area Pantauan (>1000m dari Desa)
Simpang Hilir,Lubuk Batu,"Minggu, 13 September 2026 12:40:00",NASA-SNPP,Medium,110.0927,-0.93179,False,False,False,False,False,False,Di Luar Area Pantauan (>1000m dari Desa)
Simpang Dua,Semandang Kanan,"Minggu, 13 September 2026 12:40:00",NASA-SNPP,Medium,110.45726,-0.72949,False,False,False,False,False,False,Di Luar Area Pantauan (>1000m dari Desa)
Simpang Hulu,Paoh Concong,"Minggu, 13 September 2026 12:40:00",NASA-SNPP,Medium,110.36532,-0.7055,False,False,False,False,False,False,Di Luar Area Pantauan (>1000m dari Desa)
Ella Hilir,Domet Permai,"Minggu, 13 September 2026 12:40:00",NASA-SNPP,Medium,112.12041,-0.43699,False,False,False,False,False,False,Di Luar Area Pantauan (>1000m dari Desa)
Simpang Hilir,Lubuk Batu,"Minggu, 13 September 2026 12:40:00",NASA-SNPP,Medium,110.10065,-0.93158,False,False,False,False,False,False,Di Luar Area Pantauan (>1000m dari Desa)
Simpang Hilir,Lubuk Batu,"Minggu, 13 September 2026 12:40:00",NASA-SNPP,Medium,110.10417,-0.93105,False,False,False,False,False,False,Di Luar Area Pantauan (>1000m dari Desa)
Simpang Hilir,Lubuk Batu,"Minggu, 13 September 2026 12:40:00",NASA-SNPP,Medium,110.09544,-0.9212,False,False,False,False,False,False,Di Luar Area Pantauan (>1000m dari Desa)
Simpang Hilir,Lubuk Batu,"Minggu, 13 September 2026 12:40:00",NASA-SNPP,Medium,110.10407,-0.93559,False,False,False,False,False,False,Di Luar Area Pantauan (>1000m dari Desa)
Simpang Hulu,Semandang Kiri,"Minggu, 13 September 2026 12:40:00",NASA-SNPP,Medium,110.40823,-0.66242,False,False,False,False,False,False,Di Luar Area Pantauan (>1000m dari Desa)
Kayan Hulu,Nangkak Lestari,"Minggu, 13 September 2026 12:40:00",NASA-SNPP,Medium,112.21068,-0.11482,False,False,False,False,False,False,Di Luar Area Pantauan (>1000m dari Desa)
Kayan Hulu,Nangkak Lestari,"Minggu, 13 September 2026 12:40:00",NASA-SNPP,Medium,112.19631,-0.0884,False,False,False,False,False,False,Di Luar Area Pantauan (>1000m dari Desa)
Tempunak,Sungai Buluh,"Minggu, 13 September 2026 12:40:00",NASA-SNPP,Medium,111.28233,-0.26366,False,False,False,False,False,False,Di Luar Area Pantauan (>1000m dari Desa)
Kayan Hulu,Nangkak Lestari,"Minggu, 13 September 2026 12:40:00",NASA-SNPP,Medium,112.19144,-0.08914,False,False,False,False,False,False,Di Luar Area Pantauan (>1000m dari Desa)
Kayan Hulu,Buluh Merindu,"Minggu, 13 September 2026 12:40:00",NASA-SNPP,Medium,112.14648,-0.03678,False,False,False,False,False,False,Di Luar Area Pantauan (>1000m dari Desa)
Silat Hulu,Lebak Najah,"Minggu, 13 September 2026 12:40:00",NASA-SNPP,Medium,112.05109,0.22565,False,False,False,False,False,False,Di Luar Area Pantauan (>1000m dari Desa)
Sintang,Kelurahan Akcaya,"Minggu, 13 September 2026 12:40:00",NASA-SNPP,Medium,111.54417,0.07867,False,False,False,False,False,False,Di Luar Area Pantauan (>1000m dari Desa)
Silat Hulu,Perjuk,"Minggu, 13 September 2026 12:40:00",NASA-SNPP,Medium,112.12684,0.1349,False,False,False,False,False,False,Di Luar Area Pantauan (>1000m dari Desa)
Silat Hulu,Lebak Najah,"Minggu, 13 September 2026 12:40:00",NASA-SNPP,Medium,112.0485,0.22266,False,False,False,False,False,False,Di Luar Area Pantauan (>1000m dari Desa)
Ketungau Hilir,Sungai Mali,"Minggu, 13 September 2026 12:40:00",NASA-SNPP,Medium,111.69267,0.58064,False,False,False,False,False,False,Di Luar Area Pantauan (>1000m dari Desa)
Belitang Hulu,Seburuk Satu,"Minggu, 13 September 2026 12:40:00",NASA-SNPP,Medium,111.01882,0.56849,False,False,False,False,False,False,Di Luar Area Pantauan (>1000m dari Desa)
Belitang Hulu,Seburuk Satu,"Minggu, 13 September 2026 12:40:00",NASA-SNPP,Medium,111.01381,0.6036,False,False,False,False,False,False,Di Luar Area Pantauan (>1000m dari Desa)
Batang Lupar,Sungai Ajung,"Minggu, 13 September 2026 12:40:00",NASA-SNPP,Medium,112.33314,1.06811,False,False,False,False,False,False,Di Luar Area Pantauan (>1000m dari Desa)
Belitang Hulu,Seburuk Satu,"Minggu, 13 September 2026 12:40:00",NASA-SNPP,Medium,111.0275,0.61023,False,False,False,False,False,False,Di Luar Area Pantauan (>1000m dari Desa)
Belitang Hulu,Seburuk Satu,"Minggu, 13 September 2026 12:40:00",NASA-SNPP,Medium,111.02963,0.61116,False,False,False,False,False,False,Di Luar Area Pantauan (>1000m dari Desa)
Belitang Hulu,Seburuk Satu,"Minggu, 13 September 2026 12:40:00",NASA-SNPP,Medium,111.02011,0.59945,False,False,False,False,False,False,Di Luar Area Pantauan (>1000m dari Desa)
Belitang Hulu,Seburuk Satu,"Minggu, 13 September 2026 12:40:00",NASA-SNPP,Medium,111.00864,0.5669,False,False,False,False,False,False,Di Luar Area Pantauan (>1000m dari Desa)
Belitang Hulu,Seburuk Satu,"Minggu, 13 September 2026 12:40:00",NASA-SNPP,Medium,111.0195,0.60448,False,False,False,False,False,False,Di Luar Area Pantauan (>1000m dari Desa)
Empanang,Kumang Jaya,"Minggu, 13 September 2026 12:40:00",NASA-SNPP,Medium,111.76923,0.93026,False,False,False,False,False,False,Di Luar Area Pantauan (>1000m dari Desa)
Seluas,Seluas,"Minggu, 13 September 2026 12:40:00",NASA-SNPP,Medium,109.8485,1.23023,False,True,False,False,False,False,Prioritas 3 (Rendah)
Kendawangan,Pembedilan,"Minggu, 13 September 2026 12:40:00",NASA-SNPP,Medium,110.35282,-2.85941,False,False,False,False,True,True,Di Luar Area Pantauan (>1000m dari Desa)
Kendawangan,Air Hitam Besar,"Minggu, 13 September 2026 12:40:00",NASA-SNPP,Medium,110.63828,-2.7729,False,False,False,False,False,False,Di Luar Area Pantauan (>1000m dari Desa)
Kendawangan,Pembedilan,"Minggu, 13 September 2026 12:40:00",NASA-SNPP,Medium,110.41611,-2.86693,False,False,False,False,True,True,Di Luar Area Pantauan (>1000m dari Desa)
Manis Mata,Suka Ramai,"Minggu, 13 September 2026 12:40:00",NASA-SNPP,Medium,111.10499,-2.75874,False,False,False,False,False,False,Di Luar Area Pantauan (>1000m dari Desa)
Kendawangan,Air Hitam Besar,"Minggu, 13 September 2026 12:40:00",NASA-SNPP,Medium,110.77805,-2.78004,False,False,False,True,False,True,Di Luar Area Pantauan (>1000m dari Desa)
Kendawangan,Air Hitam Besar,"Minggu, 13 September 2026 12:40:00",NASA-SNPP,Medium,110.72301,-2.71405,False,False,False,False,False,False,Di Luar Area Pantauan (>1000m dari Desa)
Kendawangan,Seriam,"Minggu, 13 September 2026 12:40:00",NASA-SNPP,Medium,110.31133,-2.75292,False,False,False,True,True,True,Di Luar Area Pantauan (>1000m dari Desa)
Manis Mata,Suak Burung,"Minggu, 13 September 2026 12:40:00",NASA-SNPP,Medium,111.04037,-2.31945,False,False,False,False,False,False,Di Luar Area Pantauan (>1000m dari Desa)
Nanga Tayap,Lembah Hijau Satu,"Minggu, 13 September 2026 12:40:00",NASA-SNPP,Medium,110.48871,-1.56923,False,False,False,False,False,False,Di Luar Area Pantauan (>1000m dari Desa)
Jelai Hulu,Tebing Berseri,"Minggu, 13 September 2026 12:40:00",NASA-SNPP,Medium,110.84555,-1.98044,False,False,False,False,False,False,Di Luar Area Pantauan (>1000m dari Desa)
Jelai Hulu,Tebing Berseri,"Minggu, 13 September 2026 12:40:00",NASA-SNPP,Medium,110.84237,-1.98093,False,False,False,False,False,False,Di Luar Area Pantauan (>1000m dari Desa)
Matan Hilir Selatan,Kemuning Biutak,"Minggu, 13 September 2026 12:40:00",NASA-SNPP,Medium,110.39162,-1.98352,False,False,False,False,False,False,Di Luar Area Pantauan (>1000m dari Desa)
Matan Hilir Selatan,Pagar Mentimun,"Minggu, 13 September 2026 12:40:00",NASA-SNPP,Medium,110.20368,-2.24742,False,False,False,False,False,False,Di Luar Area Pantauan (>1000m dari Desa)
Jelai Hulu,Tebing Berseri,"Minggu, 13 September 2026 12:40:00",NASA-SNPP,Medium,110.84451,-1.98459,False,False,False,False,False,False,Di Luar Area Pantauan (>1000m dari Desa)
Marau,Batu Payung Dua,"Minggu, 13 September 2026 12:40:00",NASA-SNPP,Medium,110.59015,-2.01976,False,False,False,False,True,True,Di Luar Area Pantauan (>1000m dari Desa)
Silat Hilir,Rumbih,"Minggu, 13 September 2026 12:40:00",NASA-SNPP,Medium,111.93379,0.20908,False,False,False,False,False,False,Di Luar Area Pantauan (>1000m dari Desa)
Simpang Hilir,Matan Jaya,"Minggu, 13 September 2026 12:40:00",NASA-SNPP,Medium,110.13516,-1.09418,False,False,True,True,True,True,Di Luar Area Pantauan (>1000m dari Desa)
Simpang Hilir,Matan Jaya,"Minggu, 13 September 2026 12:40:00",NASA-SNPP,Medium,110.13167,-1.09472,False,False,True,True,True,True,Di Luar Area Pantauan (>1000m dari Desa)
Simpang Hilir,Matan Jaya,"Minggu, 13 September 2026 12:40:00",NASA-SNPP,Medium,110.12121,-1.09633,False,False,True,True,True,True,Di Luar Area Pantauan (>1000m dari Desa)
Simpang Hilir,Matan Jaya,"Minggu, 13 September 2026 12:40:00",NASA-SNPP,Medium,110.11771,-1.09687,False,False,True,True,True,True,Di Luar Area Pantauan (>1000m dari Desa)
Simpang Hilir,Lubuk Batu,"Minggu, 13 September 2026 12:40:00",NASA-SNPP,Medium,110.10324,-0.93013,False,False,False,False,False,False,Di Luar Area Pantauan (>1000m dari Desa)
Hulu Sungai,Senduruhan,"Minggu, 13 September 2026 12:40:00",NASA-SNPP,Medium,110.69266,-0.84241,False,False,True,False,False,True,Di Luar Area Pantauan (>1000m dari Desa)
Simpang Hilir,Lubuk Batu,"Minggu, 13 September 2026 12:40:00",NASA-SNPP,Medium,110.1173,-0.9235,False,False,False,False,False,False,Di Luar Area Pantauan (>1000m dari Desa)
Simpang Hulu,Semandang Kiri,"Minggu, 13 September 2026 12:40:00",NASA-SNPP,Medium,110.40257,-0.66165,False,False,False,False,False,False,Di Luar Area Pantauan (>1000m dari Desa)
Simpang Hilir,Lubuk Batu,"Minggu, 13 September 2026 12:40:00",NASA-SNPP,Medium,110.09712,-0.93211,False,False,False,False,False,False,Di Luar Area Pantauan (>1000m dari Desa)
Simpang Hilir,Lubuk Batu,"Minggu, 13 September 2026 12:40:00",NASA-SNPP,Medium,110.09277,-0.92718,False,False,False,False,False,False,Di Luar Area Pantauan (>1000m dari Desa)
Simpang Dua,Semandang Kanan,"Minggu, 13 September 2026 12:40:00",NASA-SNPP,Medium,110.34838,-0.83105,False,False,False,False,False,False,Di Luar Area Pantauan (>1000m dari Desa)
Simpang Dua,Semandang Kanan,"Minggu, 13 September 2026 12:40:00",NASA-SNPP,Medium,110.34882,-0.83646,False,False,False,False,False,False,Di Luar Area Pantauan (>1000m dari Desa)
Hulu Sungai,Krio Hulu,"Minggu, 13 September 2026 12:40:00",NASA-SNPP,Medium,110.85092,-0.88237,False,False,True,False,False,True,Di Luar Area Pantauan (>1000m dari Desa)
Nanga Mahap,Karang Betung,"Minggu, 13 September 2026 12:40:00",NASA-SNPP,Medium,110.89424,-0.60882,True,False,False,False,False,False,Prioritas 2 (Sedang)
Kayan Hulu,Nangkak Lestari,"Minggu, 13 September 2026 12:40:00",NASA-SNPP,Medium,112.19075,-0.08447,False,False,False,False,False,False,Di Luar Area Pantauan (>1000m dari Desa)
Serawai,Tanjung Harapan,"Minggu, 13 September 2026 12:40:00",NASA-SNPP,Medium,112.5713,-0.26946,False,False,False,False,False,False,Di Luar Area Pantauan (>1000m dari Desa)
Kayan Hulu,Nanga Tampang,"Minggu, 13 September 2026 12:40:00",NASA-SNPP,Medium,112.19717,0.03132,False,False,False,False,False,False,Di Luar Area Pantauan (>1000m dari Desa)
Kayan Hulu,Nanga Abai,"Minggu, 13 September 2026 12:40:00",NASA-SNPP,Medium,112.22679,-0.04803,False,False,False,False,False,False,Di Luar Area Pantauan (>1000m dari Desa)
Nanga Taman,Senangak,"Minggu, 13 September 2026 12:40:00",NASA-SNPP,Medium,110.74991,-0.27131,False,False,False,False,False,False,Di Luar Area Pantauan (>1000m dari Desa)
Belitang Hulu,Seburuk Satu,"Minggu, 13 September 2026 12:40:00",NASA-SNPP,Medium,111.02451,0.56938,False,False,False,False,False,False,Di Luar Area Pantauan (>1000m dari Desa)
Belitang Hulu,Seburuk Satu,"Minggu, 13 September 2026 12:40:00",NASA-SNPP,Medium,111.03603,0.57118,False,False,False,False,False,False,Di Luar Area Pantauan (>1000m dari Desa)
Ketungau Hulu,Sungai Mawang,"Minggu, 13 September 2026 12:40:00",NASA-SNPP,Medium,111.3195,0.89219,False,False,False,False,True,True,Di Luar Area Pantauan (>1000m dari Desa)
Belitang Hulu,Seburuk Satu,"Minggu, 13 September 2026 12:40:00",NASA-SNPP,Medium,111.0229,0.60437,False,False,False,False,False,False,Di Luar Area Pantauan (>1000m dari Desa)
Silat Hulu,Selimu,"Minggu, 13 September 2026 12:40:00",NASA-SNPP,Medium,112.07697,0.22001,False,False,False,False,False,False,Di Luar Area Pantauan (>1000m dari Desa)
Simpang Hilir,Lubuk Batu,"Minggu, 13 September 2026 12:40:00",NASA-SNPP,Medium,110.09621,-0.93124,False,False,False,False,False,False,Di Luar Area Pantauan (>1000m dari Desa)
Matan Hilir Selatan,Sungai Pelang,"Minggu, 13 September 2026 12:40:00",NASA-SNPP,Medium,110.18334,-1.86315,False,False,True,True,False,True,Di Luar Area Pantauan (>1000m dari Desa)
Nanga Tayap,Betenung,"Minggu, 13 September 2026 12:40:00",NASA-SNPP,Medium,110.82684,-1.59745,False,False,False,False,False,False,Di Luar Area Pantauan (>1000m dari Desa)
Empanang,Kumang Jaya,"Minggu, 13 September 2026 12:40:00",NASA-SNPP,Medium,111.76723,0.9293,False,False,False,False,True,True,Di Luar Area Pantauan (>1000m dari Desa)
Belitang Hulu,Seburuk Satu,"Minggu, 13 September 2026 12:40:00",NASA-SNPP,Medium,111.01732,0.60347,False,False,False,False,False,False,Di Luar Area Pantauan (>1000m dari Desa)
Belitang Hulu,Seburuk Satu,"Minggu, 13 September 2026 12:40:00",NASA-SNPP,Medium,111.03025,0.57028,False,False,False,False,False,False,Di Luar Area Pantauan (>1000m dari Desa)
Belitang Hulu,Seburuk Satu,"Minggu, 13 September 2026 12:40:00",NASA-SNPP,Medium,111.02495,0.60532,False,False,False,False,False,False,Di Luar Area Pantauan (>1000m dari Desa)
Serawai,Tunas Harapan,"Minggu, 13 September 2026 12:40:00",NASA-SNPP,Medium,112.4071,-0.39311,False,False,False,False,False,False,Di Luar Area Pantauan (>1000m dari Desa)
Simpang Hilir,Lubuk Batu,"Minggu, 13 September 2026 12:40:00",NASA-SNPP,Medium,110.09974,-0.93068,False,False,False,False,False,False,Di Luar Area Pantauan (>1000m dari Desa)
Kapuas,Lape,"Minggu, 13 September 2026 12:40:00",NASA-SNPP,Medium,110.53507,0.04859,False,False,False,False,False,False,Di Luar Area Pantauan (>1000m dari Desa)
Sekadau Hulu,Tinting Boyok,"Minggu, 13 September 2026 12:40:00",NASA-SNPP,Medium,110.74159,-0.10171,False,False,False,False,False,False,Di Luar Area Pantauan (>1000m dari Desa)
Simpang Hulu,Semandang Kiri,"Minggu, 13 September 2026 12:40:00",NASA-SNPP,Medium,110.40171,-0.66345,False,False,False,False,False,False,Di Luar Area Pantauan (>1000m dari Desa)
Serawai,Limbur Bernaung Lestari,"Minggu, 13 September 2026 12:40:00",NASA-SNPP,Medium,112.59022,-0.1547,False,False,False,False,True,True,Di Luar Area Pantauan (>1000m dari Desa)
Tumbang Titi,Nanga Kelampai,"Minggu, 13 September 2026 12:40:00",NASA-SNPP,Medium,110.49036,-1.91129,False,False,False,False,False,False,Di Luar Area Pantauan (>1000m dari Desa)
Nanga Tayap,Batu Mas,"Minggu, 13 September 2026 12:40:00",NASA-SNPP,Medium,110.67522,-1.70577,False,False,False,False,False,False,Di Luar Area Pantauan (>1000m dari Desa)
Nanga Taman,Meragun,"Minggu, 13 September 2026 12:40:00",NASA-SNPP,Medium,110.96143,-0.30303,True,False,False,False,False,False,Prioritas 2 (Sedang)
Serawai,Limbur Bernaung Lestari,"Minggu, 13 September 2026 12:40:00",NASA-SNPP,Medium,112.5894,-0.15018,False,False,False,False,True,True,Di Luar Area Pantauan (>1000m dari Desa)
Kayan Hulu,Nangkak Lestari,"Minggu, 13 September 2026 12:40:00",NASA-SNPP,Medium,112.19566,-0.08372,False,False,False,False,False,False,Di Luar Area Pantauan (>1000m dari Desa)
Serawai,Tunas Harapan,"Minggu, 13 September 2026 12:40:00",NASA-SNPP,Medium,112.41181,-0.39238,False,False,False,False,False,False,Di Luar Area Pantauan (>1000m dari Desa)
Dedai,Hulu Dedai,"Minggu, 13 September 2026 12:40:00",NASA-SNPP,Medium,111.80203,-0.02693,False,False,False,False,False,False,Di Luar Area Pantauan (>1000m dari Desa)
Seluas,Seluas,"Minggu, 13 September 2026 12:40:00",NASA-SNPP,Medium,109.84764,1.23559,False,False,False,False,False,False,Di Luar Area Pantauan (>1000m dari Desa)
Silat Hulu,Perjuk,"Minggu, 13 September 2026 12:40:00",NASA-SNPP,Medium,112.12495,0.13658,False,False,False,False,False,False,Di Luar Area Pantauan (>1000m dari Desa)
Dedai,Hulu Dedai,"Minggu, 13 September 2026 12:40:00",NASA-SNPP,Medium,111.79938,-0.02748,False,False,False,False,False,False,Di Luar Area Pantauan (>1000m dari Desa)
Simpang Hulu,Semandang Kiri,"Minggu, 13 September 2026 12:40:00",NASA-SNPP,Medium,110.44112,-0.65722,False,False,False,False,False,False,Di Luar Area Pantauan (>1000m dari Desa)
Hulu Sungai,Krio Hulu,"Minggu, 13 September 2026 12:40:00",NASA-SNPP,Medium,110.85712,-0.88141,False,False,True,False,False,True,Di Luar Area Pantauan (>1000m dari Desa)
Ella Hilir,Domet Permai,"Minggu, 13 September 2026 12:40:00",NASA-SNPP,Medium,112.1197,-0.43228,False,False,False,False,False,False,Di Luar Area Pantauan (>1000m dari Desa)
Simpang Hilir,Lubuk Batu,"Minggu, 13 September 2026 12:40:00",NASA-SNPP,Medium,110.10057,-0.93614,False,False,False,False,False,False,Di Luar Area Pantauan (>1000m dari Desa)
Simpang Hilir,Matan Jaya,"Minggu, 13 September 2026 12:40:00",NASA-SNPP,Medium,110.12469,-1.0958,False,False,True,True,True,True,Di Luar Area Pantauan (>1000m dari Desa)
Sandai,Pendamaran Indah,"Minggu, 13 September 2026 12:40:00",NASA-SNPP,Medium,110.63809,-1.11847,False,False,False,False,False,False,Di Luar Area Pantauan (>1000m dari Desa)
Ketungau Hilir,Sungai Mali,"Minggu, 13 September 2026 12:40:00",NASA-SNPP,Medium,111.68752,0.57985,False,False,False,False,False,False,Di Luar Area Pantauan (>1000m dari Desa)
Ketungau Tengah,Swadaya,"Minggu, 13 September 2026 12:40:00",NASA-SNPP,Medium,111.53488,0.79068,False,False,False,False,False,False,Di Luar Area Pantauan (>1000m dari Desa)
Mempawah Hilir,Malikian,"Sabtu, 12 September 2026 00:37:00",NASA-NOAA20,Medium,109.01206,0.46756,False,False,True,True,False,True,Di Luar Area Pantauan (>1000m dari Desa)
Mempawah Hilir,Pasir,"Sabtu, 12 September 2026 00:37:00",NASA-NOAA20,Medium,109.01907,0.42181,False,False,False,True,False,True,Di Luar Area Pantauan (>1000m dari Desa)
Ella Hilir,Popai,"Sabtu, 12 September 2026 00:37:00",NASA-NOAA20,Medium,112.07708,-0.45586,False,False,False,False,False,False,Di Luar Area Pantauan (>1000m dari Desa)
Simpang Hulu,Sekucing Labai,"Sabtu, 12 September 2026 00:37:00",NASA-NOAA20,Medium,110.11046,-0.47963,False,False,False,False,False,False,Di Luar Area Pantauan (>1000m dari Desa)
Batu Ampar,Tanjungberingin,"Sabtu, 12 September 2026 00:37:00",NASA-NOAA20,Medium,109.92564,-0.50136,False,False,True,True,False,True,Di Luar Area Pantauan (>1000m dari Desa)
Batu Ampar,Tanjungberingin,"Sabtu, 12 September 2026 00:37:00",NASA-NOAA20,Medium,109.92273,-0.5009,False,False,True,True,False,True,Di Luar Area Pantauan (>1000m dari Desa)
Batu Ampar,Tanjungberingin,"Sabtu, 12 September 2026 00:37:00",NASA-NOAA20,Medium,109.91526,-0.51006,False,False,True,True,False,True,Di Luar Area Pantauan (>1000m dari Desa)
Batu Ampar,Tanjungberingin,"Sabtu, 12 September 2026 00:37:00",NASA-NOAA20,Medium,109.91235,-0.5096,False,False,True,True,False,True,Di Luar Area Pantauan (>1000m dari Desa)
Simpang Hulu,Labai Hilir,"Sabtu, 12 September 2026 00:37:00",NASA-NOAA20,Medium,110.04143,-0.5556,False,False,False,False,False,False,Di Luar Area Pantauan (>1000m dari Desa)
Sungai Laur,Merabu Jaya,"Sabtu, 12 September 2026 00:37:00",NASA-NOAA20,Medium,110.64371,-0.65454,False,False,True,False,False,True,Di Luar Area Pantauan (>1000m dari Desa)
Simpang Hulu,Sekucing Kualan,"Sabtu, 12 September 2026 00:37:00",NASA-NOAA20,Medium,110.07632,-0.61244,False,False,True,False,False,True,Di Luar Area Pantauan (>1000m dari Desa)
Simpang Hulu,Sekucing Kualan,"Sabtu, 12 September 2026 00:37:00",NASA-NOAA20,Medium,110.07,-0.58075,False,False,False,False,False,False,Di Luar Area Pantauan (>1000m dari Desa)
Simpang Hulu,Sekucing Kualan,"Sabtu, 12 September 2026 00:37:00",NASA-NOAA20,Medium,110.08119,-0.61832,False,False,False,False,False,False,Di Luar Area Pantauan (>1000m dari Desa)
Simpang Dua,Semandang Kanan,"Sabtu, 12 September 2026 00:37:00",NASA-NOAA20,Medium,110.30549,-0.76712,False,False,True,False,False,True,Di Luar Area Pantauan (>1000m dari Desa)
Sungai Laur,Sepotong,"Sabtu, 12 September 2026 00:37:00",NASA-NOAA20,Medium,110.55307,-0.82641,False,False,False,False,False,False,Di Luar Area Pantauan (>1000m dari Desa)
Sungai Laur,Kepari,"Sabtu, 12 September 2026 00:37:00",NASA-NOAA20,Medium,110.56843,-0.85301,False,False,False,False,False,False,Di Luar Area Pantauan (>1000m dari Desa)
Simpang Dua,Kampar Sebomban,"Sabtu, 12 September 2026 00:37:00",NASA-NOAA20,Medium,110.16394,-0.86734,False,False,False,False,False,False,Di Luar Area Pantauan (>1000m dari Desa)
Simpang Hilir,Batu Barat,"Sabtu, 12 September 2026 00:37:00",NASA-NOAA20,Medium,110.11939,-0.89575,False,False,True,True,False,True,Di Luar Area Pantauan (>1000m dari Desa)
Simpang Hilir,Batu Barat,"Sabtu, 12 September 2026 00:37:00",NASA-NOAA20,Medium,110.10179,-0.89807,False,False,True,True,False,True,Di Luar Area Pantauan (>1000m dari Desa)
Simpang Dua,Kampar Sebomban,"Sabtu, 12 September 2026 00:37:00",NASA-NOAA20,Medium,110.17813,-0.9068,False,False,False,False,False,False,Di Luar Area Pantauan (>1000m dari Desa)
Simpang Dua,Kampar Sebomban,"Sabtu, 12 September 2026 00:37:00",NASA-NOAA20,Medium,110.17895,-0.90188,False,False,False,False,False,False,Di Luar Area Pantauan (>1000m dari Desa)
Simpang Hilir,Batu Barat,"Sabtu, 12 September 2026 00:37:00",NASA-NOAA20,Medium,110.01366,-0.93084,False,False,True,True,False,True,Di Luar Area Pantauan (>1000m dari Desa)
Simpang Hilir,Batu Barat,"Sabtu, 12 September 2026 00:37:00",NASA-NOAA20,Medium,110.02325,-0.97827,False,False,True,True,False,True,Di Luar Area Pantauan (>1000m dari Desa)
Simpang Hilir,Batu Barat,"Sabtu, 12 September 2026 00:37:00",NASA-NOAA20,Medium,110.02811,-0.98413,False,False,True,True,False,True,Di Luar Area Pantauan (>1000m dari Desa)
Simpang Hilir,Batu Barat,"Sabtu, 12 September 2026 00:37:00",NASA-NOAA20,Medium,110.03458,-0.98005,False,False,True,True,False,True,Di Luar Area Pantauan (>1000m dari Desa)
Sandai,Demit,"Sabtu, 12 September 2026 00:37:00",NASA-NOAA20,Medium,110.68237,-1.24932,False,False,True,False,False,True,Di Luar Area Pantauan (>1000m dari Desa)
Nanga Tayap,Sepakat Jaya,"Sabtu, 12 September 2026 00:37:00",NASA-NOAA20,Medium,110.65508,-1.45597,False,False,True,False,False,True,Di Luar Area Pantauan (>1000m dari Desa)
Muara Pawan,Ulak Medang,"Sabtu, 12 September 2026 00:37:00",NASA-NOAA20,Medium,110.27165,-1.5164,False,False,False,True,False,True,Di Luar Area Pantauan (>1000m dari Desa)
Muara Pawan,Ulak Medang,"Sabtu, 12 September 2026 00:37:00",NASA-NOAA20,Medium,110.27697,-1.51726,False,False,True,True,False,True,Di Luar Area Pantauan (>1000m dari Desa)
Muara Pawan,Ulak Medang,"Sabtu, 12 September 2026 00:37:00",NASA-NOAA20,Medium,110.27089,-1.52125,False,False,True,True,False,True,Di Luar Area Pantauan (>1000m dari Desa)
Nanga Tayap,Batu Mas,"Sabtu, 12 September 2026 00:37:00",NASA-NOAA20,Medium,110.65488,-1.68638,False,False,True,False,False,True,Di Luar Area Pantauan (>1000m dari Desa)
Pemahan,Usaha Baru,"Sabtu, 12 September 2026 00:37:00",NASA-NOAA20,Medium,110.50538,-1.71096,False,False,False,False,False,False,Di Luar Area Pantauan (>1000m dari Desa)
Jelai Hulu,Karang Dangin,"Sabtu, 12 September 2026 00:37:00",NASA-NOAA20,Medium,110.98116,-1.79096,False,False,True,False,False,True,Di Luar Area Pantauan (>1000m dari Desa)
Matan Hilir Selatan,Sungai Besar,"Sabtu, 12 September 2026 00:37:00",NASA-NOAA20,Medium,110.18632,-1.87104,False,False,True,True,False,True,Di Luar Area Pantauan (>1000m dari Desa)
Matan Hilir Selatan,Sungai Besar,"Sabtu, 12 September 2026 00:37:00",NASA-NOAA20,Medium,110.21223,-1.88012,False,False,True,True,False,True,Di Luar Area Pantauan (>1000m dari Desa)
Matan Hilir Selatan,Sungai Besar,"Sabtu, 12 September 2026 00:37:00",NASA-NOAA20,Medium,110.16798,-1.88305,False,False,True,True,False,True,Di Luar Area Pantauan (>1000m dari Desa)
Matan Hilir Selatan,Sungai Besar,"Sabtu, 12 September 2026 00:37:00",NASA-NOAA20,Medium,110.25999,-1.87683,False,False,True,True,False,True,Di Luar Area Pantauan (>1000m dari Desa)
Matan Hilir Selatan,Sungai Besar,"Sabtu, 12 September 2026 00:37:00",NASA-NOAA20,Medium,110.18519,-1.86927,False,False,True,True,False,True,Di Luar Area Pantauan (>1000m dari Desa)
Matan Hilir Selatan,Sungai Pelang,"Sabtu, 12 September 2026 00:37:00",NASA-NOAA20,Medium,110.18066,-1.86353,False,False,True,True,False,True,Di Luar Area Pantauan (>1000m dari Desa)
Matan Hilir Selatan,Sungai Besar,"Sabtu, 12 September 2026 00:37:00",NASA-NOAA20,Medium,110.19963,-1.88162,False,False,True,True,False,True,Di Luar Area Pantauan (>1000m dari Desa)
Matan Hilir Selatan,Sungai Besar,"Sabtu, 12 September 2026 00:37:00",NASA-NOAA20,Medium,110.16991,-1.89658,False,False,True,True,False,True,Di Luar Area Pantauan (>1000m dari Desa)
Matan Hilir Selatan,Pesaguan Kanan,"Sabtu, 12 September 2026 00:37:00",NASA-NOAA20,Medium,110.34946,-2.01457,False,False,False,True,False,True,Di Luar Area Pantauan (>1000m dari Desa)
Matan Hilir Selatan,Pesaguan Kanan,"Sabtu, 12 September 2026 00:37:00",NASA-NOAA20,Medium,110.34867,-2.01935,False,False,False,True,False,True,Di Luar Area Pantauan (>1000m dari Desa)
Manis Mata,Pelempangan,"Sabtu, 12 September 2026 00:37:00",NASA-NOAA20,Medium,111.04592,-2.14927,False,False,False,False,False,False,Di Luar Area Pantauan (>1000m dari Desa)
Kendawangan,Pangkalan Batu,"Sabtu, 12 September 2026 00:37:00",NASA-NOAA20,Medium,110.37546,-2.19049,False,False,False,False,False,False,Di Luar Area Pantauan (>1000m dari Desa)
Matan Hilir Selatan,Sungai Nanjung,"Sabtu, 12 September 2026 00:37:00",NASA-NOAA20,Medium,110.23988,-2.17834,False,False,True,True,False,True,Di Luar Area Pantauan (>1000m dari Desa)
Matan Hilir Selatan,Sungai Nanjung,"Sabtu, 12 September 2026 00:37:00",NASA-NOAA20,Medium,110.20834,-2.17324,False,False,False,True,False,True,Di Luar Area Pantauan (>1000m dari Desa)
Kendawangan,Airhitam Hulu,"Sabtu, 12 September 2026 00:37:00",NASA-NOAA20,Medium,110.52803,-2.6808,False,False,False,False,True,True,Di Luar Area Pantauan (>1000m dari Desa)
Matan Hilir Selatan,Sungai Besar,"Sabtu, 12 September 2026 00:37:00",NASA-NOAA20,Medium,110.12132,-1.9235,False,False,False,True,False,True,Di Luar Area Pantauan (>1000m dari Desa)
Matan Hilir Selatan,Sungai Besar,"Sabtu, 12 September 2026 00:37:00",NASA-NOAA20,Medium,110.21551,-1.88426,False,False,True,True,False,True,Di Luar Area Pantauan (>1000m dari Desa)
Jelai Hulu,Tanggerang,"Sabtu, 12 September 2026 00:37:00",NASA-NOAA20,Medium,110.70872,-2.02854,False,False,False,False,False,False,Di Luar Area Pantauan (>1000m dari Desa)
Matan Hilir Selatan,Sungai Nanjung,"Sabtu, 12 September 2026 00:37:00",NASA-NOAA20,Medium,110.21361,-2.17409,False,False,False,False,False,False,Di Luar Area Pantauan (>1000m dari Desa)
Manis Mata,Pelempangan,"Sabtu, 12 September 2026 00:37:00",NASA-NOAA20,Medium,111.03727,-2.14317,False,False,False,False,False,False,Di Luar Area Pantauan (>1000m dari Desa)
Matan Hilir Selatan,Pesaguan Kanan,"Sabtu, 12 September 2026 00:37:00",NASA-NOAA20,Medium,110.32222,-2.04456,False,False,False,True,False,True,Di Luar Area Pantauan (>1000m dari Desa)
Ella Hilir,Lengkong Nyadom,"Sabtu, 12 September 2026 00:37:00",NASA-NOAA20,Medium,112.01634,-0.39614,False,False,False,False,False,False,Di Luar Area Pantauan (>1000m dari Desa)
Mempawah Hilir,Malikian,"Sabtu, 12 September 2026 00:37:00",NASA-NOAA20,Medium,109.00833,0.46928,False,False,True,True,False,True,Di Luar Area Pantauan (>1000m dari Desa)
Mempawah Hilir,Malikian,"Sabtu, 12 September 2026 00:37:00",NASA-NOAA20,Medium,109.01119,0.46212,False,False,True,True,False,True,Di Luar Area Pantauan (>1000m dari Desa)
Mempawah Hilir,Malikian,"Sabtu, 12 September 2026 00:37:00",NASA-NOAA20,Medium,109.01469,0.46156,False,False,True,True,False,True,Di Luar Area Pantauan (>1000m dari Desa)
Mempawah Hilir,Pasir,"Sabtu, 12 September 2026 00:37:00",NASA-NOAA20,Medium,109.01556,0.42236,False,False,False,True,False,True,Di Luar Area Pantauan (>1000m dari Desa)
Mempawah Hilir,Malikian,"Sabtu, 12 September 2026 00:37:00",NASA-NOAA20,Medium,109.01446,0.46276,False,False,True,True,False,True,Di Luar Area Pantauan (>1000m dari Desa)
Batu Ampar,Tanjungberingin,"Sabtu, 12 September 2026 00:37:00",NASA-NOAA20,Medium,109.92483,-0.5064,False,False,True,True,False,True,Di Luar Area Pantauan (>1000m dari Desa)
Terentang,Betuah,"Sabtu, 12 September 2026 00:37:00",NASA-NOAA20,Medium,109.92647,-0.49632,False,False,True,True,False,True,Di Luar Area Pantauan (>1000m dari Desa)
Simpang Hulu,Sekucing Labai,"Sabtu, 12 September 2026 00:37:00",NASA-NOAA20,Medium,110.11536,-0.48553,False,False,False,False,False,False,Di Luar Area Pantauan (>1000m dari Desa)
Simpang Hulu,Sekucing Labai,"Sabtu, 12 September 2026 00:37:00",NASA-NOAA20,Medium,110.11459,-0.49051,False,False,False,False,False,False,Di Luar Area Pantauan (>1000m dari Desa)
Batu Ampar,Tanjungberingin,"Sabtu, 12 September 2026 00:37:00",NASA-NOAA20,Medium,109.91396,-0.49951,False,False,False,True,False,True,Di Luar Area Pantauan (>1000m dari Desa)
Batu Ampar,Tanjungberingin,"Sabtu, 12 September 2026 00:37:00",NASA-NOAA20,Medium,109.91316,-0.50455,False,False,True,True,False,True,Di Luar Area Pantauan (>1000m dari Desa)
Simpang Hulu,Sekucing Kualan,"Sabtu, 12 September 2026 00:37:00",NASA-NOAA20,Medium,110.0458,-0.55628,False,False,False,False,False,False,Di Luar Area Pantauan (>1000m dari Desa)
Simpang Hulu,Labai Hilir,"Sabtu, 12 September 2026 00:37:00",NASA-NOAA20,Medium,110.04564,-0.55117,False,False,False,False,False,False,Di Luar Area Pantauan (>1000m dari Desa)
Simpang Hulu,Sekucing Kualan,"Sabtu, 12 September 2026 00:37:00",NASA-NOAA20,Medium,110.07948,-0.62826,False,False,False,False,False,False,Di Luar Area Pantauan (>1000m dari Desa)
Batu Ampar,Tanjungberingin,"Sabtu, 12 September 2026 00:37:00",NASA-NOAA20,Medium,109.92026,-0.51602,False,False,True,True,False,True,Di Luar Area Pantauan (>1000m dari Desa)
Simpang Dua,Kampar Sebomban,"Sabtu, 12 September 2026 00:37:00",NASA-NOAA20,Medium,110.15305,-0.83017,False,False,True,True,False,True,Di Luar Area Pantauan (>1000m dari Desa)
Simpang Dua,Kampar Sebomban,"Sabtu, 12 September 2026 00:37:00",NASA-NOAA20,Medium,110.18596,-0.90617,False,False,False,False,False,False,Di Luar Area Pantauan (>1000m dari Desa)
Batu Ampar,Tanjungberingin,"Sabtu, 12 September 2026 00:37:00",NASA-NOAA20,Medium,109.93063,-0.50732,False,False,True,True,False,True,Di Luar Area Pantauan (>1000m dari Desa)
Ella Hilir,Nanga Nyuruh,"Sabtu, 12 September 2026 00:37:00",NASA-NOAA20,Medium,112.0831,-0.47466,False,False,False,False,False,False,Di Luar Area Pantauan (>1000m dari Desa)
Batu Ampar,Tanjungberingin,"Sabtu, 12 September 2026 00:37:00",NASA-NOAA20,Medium,109.91023,-0.50409,False,False,False,True,False,True,Di Luar Area Pantauan (>1000m dari Desa)
Simpang Hulu,Merawa,"Sabtu, 12 September 2026 00:37:00",NASA-NOAA20,Medium,110.47071,-0.55799,False,False,False,False,False,False,Di Luar Area Pantauan (>1000m dari Desa)
Simpang Hulu,Sekucing Labai,"Sabtu, 12 September 2026 00:37:00",NASA-NOAA20,Medium,110.11666,-0.48001,False,False,False,False,False,False,Di Luar Area Pantauan (>1000m dari Desa)
Simpang Dua,Semandang Kanan,"Sabtu, 12 September 2026 00:37:00",NASA-NOAA20,Medium,110.39306,-0.77614,False,False,False,False,False,False,Di Luar Area Pantauan (>1000m dari Desa)
Ella Hilir,Nanga Nyuruh,"Sabtu, 12 September 2026 00:37:00",NASA-NOAA20,Medium,112.09561,-0.48113,False,False,False,False,False,False,Di Luar Area Pantauan (>1000m dari Desa)
Ella Hilir,Nanga Nyuruh,"Sabtu, 12 September 2026 00:37:00",NASA-NOAA20,Medium,112.09191,-0.47608,False,False,False,False,False,False,Di Luar Area Pantauan (>1000m dari Desa)
Ella Hilir,Nanga Nyuruh,"Sabtu, 12 September 2026 00:37:00",NASA-NOAA20,Medium,112.09111,-0.4804,False,False,False,False,False,False,Di Luar Area Pantauan (>1000m dari Desa)
Simpang Hilir,Batu Barat,"Sabtu, 12 September 2026 00:37:00",NASA-NOAA20,Medium,110.03053,-0.96923,False,False,True,True,False,True,Di Luar Area Pantauan (>1000m dari Desa)
Simpang Hilir,Batu Barat,"Sabtu, 12 September 2026 00:37:00",NASA-NOAA20,Medium,110.03701,-0.96516,False,False,True,True,False,True,Di Luar Area Pantauan (>1000m dari Desa)
Simpang Hilir,Batu Barat,"Sabtu, 12 September 2026 00:37:00",NASA-NOAA20,Medium,110.03137,-0.96427,False,False,True,True,False,True,Di Luar Area Pantauan (>1000m dari Desa)
Simpang Hilir,Batu Barat,"Sabtu, 12 September 2026 00:37:00",NASA-NOAA20,Medium,110.11852,-0.90068,False,False,True,False,False,True,Di Luar Area Pantauan (>1000m dari Desa)
Simpang Hilir,Batu Barat,"Sabtu, 12 September 2026 00:37:00",NASA-NOAA20,Medium,110.11295,-0.89981,False,False,True,True,False,True,Di Luar Area Pantauan (>1000m dari Desa)
Simpang Dua,Kampar Sebomban,"Sabtu, 12 September 2026 00:37:00",NASA-NOAA20,Medium,110.18513,-0.91108,False,False,False,False,False,False,Di Luar Area Pantauan (>1000m dari Desa)
Simpang Hilir,Batu Barat,"Sabtu, 12 September 2026 00:37:00",NASA-NOAA20,Medium,110.10738,-0.89894,False,False,True,True,False,True,Di Luar Area Pantauan (>1000m dari Desa)
Simpang Hilir,Batu Barat,"Sabtu, 12 September 2026 00:37:00",NASA-NOAA20,Medium,110.11635,-0.90171,False,False,True,True,False,True,Di Luar Area Pantauan (>1000m dari Desa)
Simpang Hilir,Batu Barat,"Sabtu, 12 September 2026 00:37:00",NASA-NOAA20,Medium,110.10439,-0.90483,False,False,True,True,False,True,Di Luar Area Pantauan (>1000m dari Desa)
Simpang Dua,Kampar Sebomban,"Sabtu, 12 September 2026 00:37:00",NASA-NOAA20,Medium,110.18285,-0.91262,False,False,False,False,False,False,Di Luar Area Pantauan (>1000m dari Desa)
Simpang Hilir,Batu Barat,"Sabtu, 12 September 2026 00:37:00",NASA-NOAA20,Medium,110.10522,-0.89989,False,False,True,True,False,True,Di Luar Area Pantauan (>1000m dari Desa)
Simpang Hilir,Batu Barat,"Sabtu, 12 September 2026 00:37:00",NASA-NOAA20,Medium,110.03477,-0.98078,False,False,True,True,False,True,Di Luar Area Pantauan (>1000m dari Desa)
Simpang Hilir,Sungaimata-Mata,"Sabtu, 12 September 2026 00:37:00",NASA-NOAA20,Medium,109.94984,-1.0026,False,False,True,True,False,True,Di Luar Area Pantauan (>1000m dari Desa)
Batu Ampar,Batu Ampar,"Sabtu, 12 September 2026 00:37:00",NASA-NOAA20,Medium,109.66918,-0.92773,False,False,True,False,False,True,Di Luar Area Pantauan (>1000m dari Desa)
Simpang Hilir,Batu Barat,"Sabtu, 12 September 2026 00:37:00",NASA-NOAA20,Medium,110.03557,-0.97581,False,False,True,True,False,True,Di Luar Area Pantauan (>1000m dari Desa)
Simpang Hilir,Matan Jaya,"Sabtu, 12 September 2026 00:37:00",NASA-NOAA20,Medium,110.1199,-1.09099,False,False,True,True,True,True,Di Luar Area Pantauan (>1000m dari Desa)
Simpang Hilir,Lubuk Batu,"Sabtu, 12 September 2026 00:37:00",NASA-NOAA20,Medium,110.09956,-0.9345,False,False,False,False,False,False,Di Luar Area Pantauan (>1000m dari Desa)
Simpang Hilir,Batu Barat,"Sabtu, 12 September 2026 00:37:00",NASA-NOAA20,Medium,110.0088,-0.92495,False,False,True,False,False,True,Di Luar Area Pantauan (>1000m dari Desa)
Simpang Hilir,Batu Barat,"Sabtu, 12 September 2026 00:37:00",NASA-NOAA20,Medium,110.01448,-0.92586,False,False,True,True,False,True,Di Luar Area Pantauan (>1000m dari Desa)
Simpang Hilir,Lubuk Batu,"Sabtu, 12 September 2026 00:37:00",NASA-NOAA20,Medium,110.09877,-0.93944,False,False,False,False,False,False,Di Luar Area Pantauan (>1000m dari Desa)
Simpang Hilir,Sungaimata-Mata,"Sabtu, 12 September 2026 00:37:00",NASA-NOAA20,Medium,109.97794,-0.97113,False,False,True,True,False,True,Di Luar Area Pantauan (>1000m dari Desa)
Simpang Hilir,Matan Jaya,"Sabtu, 12 September 2026 00:37:00",NASA-NOAA20,Medium,110.27251,-1.13812,False,False,True,False,True,True,Di Luar Area Pantauan (>1000m dari Desa)
Pulau Maya,Dusun Besar,"Sabtu, 12 September 2026 00:37:00",NASA-NOAA20,Medium,109.49174,-1.11164,False,False,False,False,False,False,Di Luar Area Pantauan (>1000m dari Desa)
Pulau Maya,Dusun Besar,"Sabtu, 12 September 2026 00:37:00",NASA-NOAA20,Medium,109.48894,-1.11117,False,False,False,False,False,False,Di Luar Area Pantauan (>1000m dari Desa)
Nanga Tayap,Lembah Hijau Satu,"Sabtu, 12 September 2026 00:37:00",NASA-NOAA20,Medium,110.49278,-1.5717,False,False,False,False,False,False,Di Luar Area Pantauan (>1000m dari Desa)
Muara Pawan,Ulak Medang,"Sabtu, 12 September 2026 00:37:00",NASA-NOAA20,Medium,110.28226,-1.51812,False,False,True,True,False,True,Di Luar Area Pantauan (>1000m dari Desa)
Muara Pawan,Ulak Medang,"Sabtu, 12 September 2026 00:37:00",NASA-NOAA20,Medium,110.28757,-1.51897,False,False,True,True,False,True,Di Luar Area Pantauan (>1000m dari Desa)
Muara Pawan,Ulak Medang,"Sabtu, 12 September 2026 00:37:00",NASA-NOAA20,Medium,110.23498,-1.50549,False,False,True,True,False,True,Di Luar Area Pantauan (>1000m dari Desa)
Muara Pawan,Ulak Medang,"Sabtu, 12 September 2026 00:37:00",NASA-NOAA20,Medium,110.25488,-1.51866,False,False,True,True,False,True,Di Luar Area Pantauan (>1000m dari Desa)
Nanga Tayap,Betenung,"Sabtu, 12 September 2026 00:37:00",NASA-NOAA20,Medium,110.82961,-1.58744,False,False,False,False,False,False,Di Luar Area Pantauan (>1000m dari Desa)
Pemahan,Usaha Baru,"Sabtu, 12 September 2026 00:37:00",NASA-NOAA20,Medium,110.50357,-1.71125,False,False,False,False,False,False,Di Luar Area Pantauan (>1000m dari Desa)
Sungai Melayu Rayak,Makmur Abadi,"Sabtu, 12 September 2026 00:37:00",NASA-NOAA20,Medium,110.24036,-1.77555,False,False,False,True,False,True,Di Luar Area Pantauan (>1000m dari Desa)
Jelai Hulu,Pangkalan Suka,"Sabtu, 12 September 2026 00:37:00",NASA-NOAA20,Medium,110.87199,-1.94701,False,False,False,False,False,False,Di Luar Area Pantauan (>1000m dari Desa)
Matan Hilir Selatan,Sungai Besar,"Sabtu, 12 September 2026 00:37:00",NASA-NOAA20,Medium,110.181,-1.87019,False,False,True,True,False,True,Di Luar Area Pantauan (>1000m dari Desa)
Matan Hilir Selatan,Sungai Besar,"Sabtu, 12 September 2026 00:37:00",NASA-NOAA20,Medium,110.17941,-1.87988,False,False,True,True,False,True,Di Luar Area Pantauan (>1000m dari Desa)
Matan Hilir Selatan,Sungai Pelang,"Sabtu, 12 September 2026 00:37:00",NASA-NOAA20,Medium,110.15812,-1.87651,False,False,True,True,False,True,Di Luar Area Pantauan (>1000m dari Desa)
Matan Hilir Selatan,Sungai Pelang,"Sabtu, 12 September 2026 00:37:00",NASA-NOAA20,Medium,110.18259,-1.8605,False,False,True,True,False,True,Di Luar Area Pantauan (>1000m dari Desa)
Matan Hilir Selatan,Sungai Besar,"Sabtu, 12 September 2026 00:37:00",NASA-NOAA20,Medium,110.19626,-1.87759,False,False,True,True,False,True,Di Luar Area Pantauan (>1000m dari Desa)
Matan Hilir Selatan,Sungai Pelang,"Sabtu, 12 September 2026 00:37:00",NASA-NOAA20,Medium,110.16341,-1.87735,False,False,True,True,False,True,Di Luar Area Pantauan (>1000m dari Desa)
Matan Hilir Selatan,Sungai Besar,"Sabtu, 12 September 2026 00:37:00",NASA-NOAA20,Medium,110.20772,-1.87445,False,False,True,True,False,True,Di Luar Area Pantauan (>1000m dari Desa)
Matan Hilir Selatan,Sungai Besar,"Sabtu, 12 September 2026 00:37:00",NASA-NOAA20,Medium,110.19165,-1.87189,False,False,True,True,False,True,Di Luar Area Pantauan (>1000m dari Desa)
Matan Hilir Selatan,Sungai Pelang,"Sabtu, 12 September 2026 00:37:00",NASA-NOAA20,Medium,110.17988,-1.86838,False,False,True,True,False,True,Di Luar Area Pantauan (>1000m dari Desa)
Jelai Hulu,Tanggerang,"Sabtu, 12 September 2026 00:37:00",NASA-NOAA20,Medium,110.70468,-2.0231,False,False,False,False,False,False,Di Luar Area Pantauan (>1000m dari Desa)
Matan Hilir Selatan,Kemuning Biutak,"Sabtu, 12 September 2026 00:37:00",NASA-NOAA20,Medium,110.35742,-1.9668,False,False,False,False,False,False,Di Luar Area Pantauan (>1000m dari Desa)
Matan Hilir Selatan,Sungai Besar,"Sabtu, 12 September 2026 00:37:00",NASA-NOAA20,Medium,110.18553,-1.87589,False,False,True,True,False,True,Di Luar Area Pantauan (>1000m dari Desa)
Matan Hilir Selatan,Sungai Pelang,"Sabtu, 12 September 2026 00:37:00",NASA-NOAA20,Medium,110.16423,-1.8725,False,False,True,True,False,True,Di Luar Area Pantauan (>1000m dari Desa)
Matan Hilir Selatan,Sungai Besar,"Sabtu, 12 September 2026 00:37:00",NASA-NOAA20,Medium,110.18362,-1.87895,False,False,True,True,False,True,Di Luar Area Pantauan (>1000m dari Desa)
Marau,Batu Payung Dua,"Sabtu, 12 September 2026 00:37:00",NASA-NOAA20,Medium,110.57168,-2.03534,False,False,True,False,True,True,Di Luar Area Pantauan (>1000m dari Desa)
Matan Hilir Selatan,Pesaguan Kanan,"Sabtu, 12 September 2026 00:37:00",NASA-NOAA20,Medium,110.33649,-2.02236,False,False,True,True,False,True,Di Luar Area Pantauan (>1000m dari Desa)
Manis Mata,Sengkuang Merabong,"Sabtu, 12 September 2026 00:37:00",NASA-NOAA20,Medium,110.96721,-2.19255,False,False,False,False,False,False,Di Luar Area Pantauan (>1000m dari Desa)
Matan Hilir Selatan,Sungai Nanjung,"Sabtu, 12 September 2026 00:37:00",NASA-NOAA20,Medium,110.17972,-2.08437,False,False,True,True,False,True,Di Luar Area Pantauan (>1000m dari Desa)
Manis Mata,Silat,"Sabtu, 12 September 2026 00:37:00",NASA-NOAA20,Medium,110.91888,-2.26924,False,False,False,False,False,False,Di Luar Area Pantauan (>1000m dari Desa)
Kendawangan,Pangkalan Batu,"Sabtu, 12 September 2026 00:37:00",NASA-NOAA20,Medium,110.35035,-2.15216,False,False,False,False,False,False,Di Luar Area Pantauan (>1000m dari Desa)
Manis Mata,Silat,"Sabtu, 12 September 2026 00:37:00",NASA-NOAA20,Medium,110.93982,-2.25858,False,False,False,False,False,False,Di Luar Area Pantauan (>1000m dari Desa)
Manis Mata,Sengkuang Merabong,"Sabtu, 12 September 2026 00:37:00",NASA-NOAA20,Medium,110.96871,-2.18342,False,False,False,False,False,False,Di Luar Area Pantauan (>1000m dari Desa)
Marau,Pelanjau Jaya,"Sabtu, 12 September 2026 00:37:00",NASA-NOAA20,Medium,110.59154,-2.25438,False,False,False,False,False,False,Di Luar Area Pantauan (>1000m dari Desa)
Marau,Pelanjau Jaya,"Sabtu, 12 September 2026 00:37:00",NASA-NOAA20,Medium,110.59343,-2.25711,False,False,False,False,False,False,Di Luar Area Pantauan (>1000m dari Desa)
Manis Mata,Ratu Elok,"Sabtu, 12 September 2026 00:37:00",NASA-NOAA20,Medium,111.05909,-2.47584,False,False,False,False,False,False,Di Luar Area Pantauan (>1000m dari Desa)
Manis Mata,Seguling,"Sabtu, 12 September 2026 00:37:00",NASA-NOAA20,Medium,111.09466,-2.56951,False,False,False,False,False,False,Di Luar Area Pantauan (>1000m dari Desa)
Kendawangan,Kedondong,"Sabtu, 12 September 2026 00:37:00",NASA-NOAA20,Medium,110.3407,-2.29288,False,False,False,False,False,False,Di Luar Area Pantauan (>1000m dari Desa)
Kendawangan,Banjar Sari,"Sabtu, 12 September 2026 00:37:00",NASA-NOAA20,Medium,110.24374,-2.46846,False,False,False,False,False,False,Di Luar Area Pantauan (>1000m dari Desa)
Kendawangan,Banjar Sari,"Sabtu, 12 September 2026 00:37:00",NASA-NOAA20,Medium,110.24294,-2.47323,False,False,False,True,False,True,Di Luar Area Pantauan (>1000m dari Desa)
Kendawangan,Airhitam Hulu,"Sabtu, 12 September 2026 00:37:00",NASA-NOAA20,Medium,110.6222,-2.62447,False,False,True,False,False,True,Di Luar Area Pantauan (>1000m dari Desa)
Manis Mata,Suka Ramai,"Sabtu, 12 September 2026 00:37:00",NASA-NOAA20,Medium,111.08474,-2.71492,False,False,False,False,False,False,Di Luar Area Pantauan (>1000m dari Desa)
Kendawangan,Airhitam Hulu,"Sabtu, 12 September 2026 00:37:00",NASA-NOAA20,Medium,110.62624,-2.62991,False,False,False,False,False,False,Di Luar Area Pantauan (>1000m dari Desa)
Kendawangan,Airhitam Hulu,"Sabtu, 12 September 2026 00:37:00",NASA-NOAA20,Medium,110.61679,-2.65695,False,False,False,False,False,False,Di Luar Area Pantauan (>1000m dari Desa)
Kendawangan,Airhitam Hulu,"Sabtu, 12 September 2026 00:37:00",NASA-NOAA20,Medium,110.61604,-2.66159,False,False,False,False,False,False,Di Luar Area Pantauan (>1000m dari Desa)
Kendawangan,Airhitam Hulu,"Sabtu, 12 September 2026 00:37:00",NASA-NOAA20,Medium,110.60715,-2.65537,False,False,False,False,False,False,Di Luar Area Pantauan (>1000m dari Desa)
Kendawangan,Airhitam Hulu,"Sabtu, 12 September 2026 00:37:00",NASA-NOAA20,Medium,110.61351,-2.64688,False,False,False,False,False,False,Di Luar Area Pantauan (>1000m dari Desa)
Kendawangan,Airhitam Hulu,"Sabtu, 12 September 2026 00:37:00",NASA-NOAA20,Medium,110.62237,-2.6531,False,False,False,False,False,False,Di Luar Area Pantauan (>1000m dari Desa)
Kendawangan,Airhitam Hulu,"Sabtu, 12 September 2026 00:37:00",NASA-NOAA20,Medium,110.61123,-2.66081,False,False,False,False,False,False,Di Luar Area Pantauan (>1000m dari Desa)
Kendawangan,Airhitam Hulu,"Sabtu, 12 September 2026 00:37:00",NASA-NOAA20,Medium,110.60559,-2.66466,False,False,False,False,False,False,Di Luar Area Pantauan (>1000m dari Desa)
Kendawangan,Air Hitam Besar,"Sabtu, 12 September 2026 00:37:00",NASA-NOAA20,Medium,110.7272,-2.70335,False,False,False,False,False,False,Di Luar Area Pantauan (>1000m dari Desa)
Manis Mata,Seguling,"Sabtu, 12 September 2026 00:37:00",NASA-NOAA20,Medium,111.09588,-2.57175,False,False,False,False,False,False,Di Luar Area Pantauan (>1000m dari Desa)
Kendawangan,Air Hitam Besar,"Sabtu, 12 September 2026 00:37:00",NASA-NOAA20,Medium,110.72243,-2.70258,False,False,False,False,False,False,Di Luar Area Pantauan (>1000m dari Desa)
Kendawangan,Pembedilan,"Sabtu, 12 September 2026 00:37:00",NASA-NOAA20,Medium,110.35063,-2.77131,False,False,False,False,True,True,Di Luar Area Pantauan (>1000m dari Desa)
Kendawangan,Air Hitam Besar,"Sabtu, 12 September 2026 00:37:00",NASA-NOAA20,Medium,110.67852,-2.90684,False,False,False,False,False,False,Di Luar Area Pantauan (>1000m dari Desa)
Kendawangan,Airhitam Hulu,"Sabtu, 12 September 2026 00:37:00",NASA-NOAA20,Medium,110.62663,-2.7001,False,False,False,False,False,False,Di Luar Area Pantauan (>1000m dari Desa)
Kendawangan,Airhitam Hulu,"Sabtu, 12 September 2026 00:37:00",NASA-NOAA20,Medium,110.6291,-2.7018,False,False,False,False,False,False,Di Luar Area Pantauan (>1000m dari Desa)
Kendawangan,Pembedilan,"Sabtu, 12 September 2026 00:37:00",NASA-NOAA20,Medium,110.35143,-2.76659,False,False,False,False,True,True,Di Luar Area Pantauan (>1000m dari Desa)
Kendawangan,Pembedilan,"Sabtu, 12 September 2026 00:37:00",NASA-NOAA20,Medium,110.3053,-2.93498,False,False,False,False,True,True,Di Luar Area Pantauan (>1000m dari Desa)
Kendawangan,Pembedilan,"Sabtu, 12 September 2026 00:37:00",NASA-NOAA20,Medium,110.30401,-2.88139,False,False,False,False,True,True,Di Luar Area Pantauan (>1000m dari Desa)
Kendawangan,Airhitam Hulu,"Sabtu, 12 September 2026 00:37:00",NASA-NOAA20,Medium,110.52576,-2.6783,False,False,False,False,True,True,Di Luar Area Pantauan (>1000m dari Desa)
Batu Ampar,Tanjungberingin,"Sabtu, 12 September 2026 00:37:00",NASA-NOAA20,Medium,109.91608,-0.50502,False,False,True,True,False,True,Di Luar Area Pantauan (>1000m dari Desa)
Simpang Hulu,Sekucing Kualan,"Sabtu, 12 September 2026 00:37:00",NASA-NOAA20,Medium,110.04398,-0.56115,False,False,False,False,False,False,Di Luar Area Pantauan (>1000m dari Desa)
Simpang Hulu,Sekucing Kualan,"Sabtu, 12 September 2026 00:37:00",NASA-NOAA20,Medium,110.11343,-0.63367,False,False,False,False,False,False,Di Luar Area Pantauan (>1000m dari Desa)
Simpang Hulu,Sekucing Kualan,"Sabtu, 12 September 2026 00:37:00",NASA-NOAA20,Medium,110.07549,-0.61741,False,False,True,False,False,True,Di Luar Area Pantauan (>1000m dari Desa)
Simpang Hulu,Sekucing Labai,"Sabtu, 12 September 2026 00:37:00",NASA-NOAA20,Medium,110.07416,-0.4891,False,False,True,False,False,True,Di Luar Area Pantauan (>1000m dari Desa)
Simpang Hulu,Sekucing Labai,"Sabtu, 12 September 2026 00:37:00",NASA-NOAA20,Medium,110.10532,-0.47826,False,False,True,False,False,True,Di Luar Area Pantauan (>1000m dari Desa)
Simpang Hulu,Sekucing Kualan,"Sabtu, 12 September 2026 00:37:00",NASA-NOAA20,Medium,110.06525,-0.57977,False,False,True,False,False,True,Di Luar Area Pantauan (>1000m dari Desa)
Simpang Hulu,Labai Hilir,"Sabtu, 12 September 2026 00:37:00",NASA-NOAA20,Medium,110.04664,-0.55129,False,False,False,False,False,False,Di Luar Area Pantauan (>1000m dari Desa)
Simpang Hulu,Sekucing Kualan,"Sabtu, 12 September 2026 00:37:00",NASA-NOAA20,Medium,110.07098,-0.58066,False,False,True,False,False,True,Di Luar Area Pantauan (>1000m dari Desa)
Batu Ampar,Tanjungberingin,"Sabtu, 12 September 2026 00:37:00",NASA-NOAA20,Medium,109.92773,-0.50686,False,False,True,True,False,True,Di Luar Area Pantauan (>1000m dari Desa)
Batu Ampar,Tanjungberingin,"Sabtu, 12 September 2026 00:37:00",NASA-NOAA20,Medium,109.91689,-0.49997,False,False,False,True,False,True,Di Luar Area Pantauan (>1000m dari Desa)
Simpang Dua,Kampar Sebomban,"Sabtu, 12 September 2026 00:37:00",NASA-NOAA20,Medium,110.16021,-0.8212,False,False,True,True,False,True,Di Luar Area Pantauan (>1000m dari Desa)
Simpang Hulu,Sekucing Kualan,"Sabtu, 12 September 2026 00:37:00",NASA-NOAA20,Medium,110.06427,-0.57982,False,False,True,False,False,True,Di Luar Area Pantauan (>1000m dari Desa)
Simpang Hulu,Sekucing Labai,"Sabtu, 12 September 2026 00:37:00",NASA-NOAA20,Medium,110.1056,-0.47373,False,False,False,False,False,False,Di Luar Area Pantauan (>1000m dari Desa)
Menukung,Belaban Ella,"Sabtu, 12 September 2026 00:37:00",NASA-NOAA20,Medium,112.21677,-0.54913,False,False,False,False,True,True,Di Luar Area Pantauan (>1000m dari Desa)
Simpang Dua,Kampar Sebomban,"Sabtu, 12 September 2026 00:37:00",NASA-NOAA20,Medium,110.17959,-0.91022,False,False,False,False,False,False,Di Luar Area Pantauan (>1000m dari Desa)
Simpang Hilir,Batu Barat,"Sabtu, 12 September 2026 00:37:00",NASA-NOAA20,Medium,110.03869,-0.95524,False,False,True,True,False,True,Di Luar Area Pantauan (>1000m dari Desa)
Batu Ampar,Tanjungharapan,"Sabtu, 12 September 2026 00:37:00",NASA-NOAA20,Medium,109.62921,-0.92669,True,False,False,False,False,False,Prioritas 2 (Sedang)
Simpang Hilir,Batu Barat,"Sabtu, 12 September 2026 00:37:00",NASA-NOAA20,Medium,110.02245,-0.98324,False,False,True,True,False,True,Di Luar Area Pantauan (>1000m dari Desa)
Simpang Hilir,Batu Barat,"Sabtu, 12 September 2026 00:37:00",NASA-NOAA20,Medium,110.02349,-0.97891,False,False,True,True,False,True,Di Luar Area Pantauan (>1000m dari Desa)
Simpang Hilir,Lubuk Batu,"Sabtu, 12 September 2026 00:37:00",NASA-NOAA20,Medium,110.11947,-0.91744,False,False,False,False,False,False,Di Luar Area Pantauan (>1000m dari Desa)
Simpang Hilir,Batu Barat,"Sabtu, 12 September 2026 00:37:00",NASA-NOAA20,Medium,110.0395,-0.95027,False,False,True,True,False,True,Di Luar Area Pantauan (>1000m dari Desa)
Simpang Hilir,Matan Jaya,"Sabtu, 12 September 2026 00:37:00",NASA-NOAA20,Medium,110.1412,-1.09941,False,False,True,True,True,True,Di Luar Area Pantauan (>1000m dari Desa)
Simpang Hilir,Matan Jaya,"Sabtu, 12 September 2026 00:37:00",NASA-NOAA20,Medium,110.13572,-1.09855,False,False,True,True,True,True,Di Luar Area Pantauan (>1000m dari Desa)
Manis Mata,Suka Ramai,"Sabtu, 12 September 2026 00:37:00",NASA-NOAA20,Medium,111.08846,-2.72015,False,False,False,False,False,False,Di Luar Area Pantauan (>1000m dari Desa)
Simpang Hilir,Lubuk Batu,"Sabtu, 12 September 2026 00:37:00",NASA-NOAA20,Medium,110.12025,-0.9125,False,False,False,False,False,False,Di Luar Area Pantauan (>1000m dari Desa)
Simpang Hulu,Sekucing Labai,"Sabtu, 12 September 2026 00:37:00",NASA-NOAA20,Medium,110.1061,-0.47327,False,False,False,False,False,False,Di Luar Area Pantauan (>1000m dari Desa)
Simpang Hulu,Sekucing Kualan,"Sabtu, 12 September 2026 00:37:00",NASA-NOAA20,Medium,110.04498,-0.56128,False,False,False,False,False,False,Di Luar Area Pantauan (>1000m dari Desa)
Batu Ampar,Batu Ampar,"Sabtu, 12 September 2026 00:37:00",NASA-NOAA20,Medium,109.67027,-0.92569,False,False,True,False,False,True,Di Luar Area Pantauan (>1000m dari Desa)
Simpang Hilir,Batu Barat,"Sabtu, 12 September 2026 00:37:00",NASA-NOAA20,Medium,110.02271,-0.98388,False,False,True,True,False,True,Di Luar Area Pantauan (>1000m dari Desa)
Simpang Hilir,Penjalaan,"Sabtu, 12 September 2026 00:37:00",NASA-NOAA20,Medium,110.05478,-1.12761,False,False,True,True,False,True,Di Luar Area Pantauan (>1000m dari Desa)
Sandai,Sandai,"Sabtu, 12 September 2026 00:37:00",NASA-NOAA20,Medium,110.56271,-1.24467,False,False,False,False,False,False,Di Luar Area Pantauan (>1000m dari Desa)
Simpang Hilir,Lubuk Batu,"Sabtu, 12 September 2026 00:37:00",NASA-NOAA20,Medium,110.09546,-0.95921,False,False,False,False,False,False,Di Luar Area Pantauan (>1000m dari Desa)
Pulau Maya,Kemboja,"Sabtu, 12 September 2026 00:37:00",NASA-NOAA20,Medium,109.70171,-1.13243,False,False,False,False,False,False,Di Luar Area Pantauan (>1000m dari Desa)
Simpang Dua,Kampar Sebomban,"Sabtu, 12 September 2026 00:37:00",NASA-NOAA20,Medium,110.18365,-0.9077,False,False,False,False,False,False,Di Luar Area Pantauan (>1000m dari Desa)
Simpang Hulu,Sekucing Kualan,"Sabtu, 12 September 2026 00:37:00",NASA-NOAA20,Medium,110.05048,-0.55709,False,False,False,False,False,False,Di Luar Area Pantauan (>1000m dari Desa)
Simpang Dua,Kampar Sebomban,"Sabtu, 12 September 2026 00:37:00",NASA-NOAA20,Medium,110.18917,-0.90861,False,False,False,False,False,False,Di Luar Area Pantauan (>1000m dari Desa)
Batu Ampar,Tanjungberingin,"Sabtu, 12 September 2026 00:37:00",NASA-NOAA20,Medium,109.91899,-0.50548,False,False,True,True,False,True,Di Luar Area Pantauan (>1000m dari Desa)
Batu Ampar,Tanjungberingin,"Sabtu, 12 September 2026 00:37:00",NASA-NOAA20,Medium,109.91818,-0.51052,False,False,True,True,False,True,Di Luar Area Pantauan (>1000m dari Desa)
Sungai Laur,Kepari,"Sabtu, 12 September 2026 00:37:00",NASA-NOAA20,Medium,110.5698,-0.85365,False,False,False,False,False,False,Di Luar Area Pantauan (>1000m dari Desa)
Sungai Laur,Randau Limat,"Sabtu, 12 September 2026 00:37:00",NASA-NOAA20,Medium,110.67664,-0.6156,False,False,False,False,False,False,Di Luar Area Pantauan (>1000m dari Desa)
Batu Ampar,Tanjungberingin,"Sabtu, 12 September 2026 00:37:00",NASA-NOAA20,Medium,109.91982,-0.50044,False,False,True,True,False,True,Di Luar Area Pantauan (>1000m dari Desa)
Simpang Hulu,Sekucing Kualan,"Sabtu, 12 September 2026 00:37:00",NASA-NOAA20,Medium,110.06807,-0.62644,False,False,True,False,False,True,Di Luar Area Pantauan (>1000m dari Desa)
Simpang Hulu,Sekucing Labai,"Sabtu, 12 September 2026 00:37:00",NASA-NOAA20,Medium,110.11124,-0.47465,False,False,False,False,False,False,Di Luar Area Pantauan (>1000m dari Desa)
Matan Hilir Selatan,Sungai Nanjung,"Sabtu, 12 September 2026 00:37:00",NASA-NOAA20,Medium,110.14823,-2.14367,False,False,False,False,False,False,Di Luar Area Pantauan (>1000m dari Desa)
Matan Hilir Selatan,Sungai Nanjung,"Sabtu, 12 September 2026 00:37:00",NASA-NOAA20,Medium,110.26313,-2.16733,False,False,True,True,True,True,Di Luar Area Pantauan (>1000m dari Desa)
Simpang Hulu,Sekucing Labai,"Sabtu, 12 September 2026 00:37:00",NASA-NOAA20,Medium,110.10485,-0.47872,False,False,True,False,False,True,Di Luar Area Pantauan (>1000m dari Desa)
Simpang Hilir,Batu Barat,"Sabtu, 12 September 2026 00:37:00",NASA-NOAA20,Medium,110.01785,-0.97798,False,False,True,True,False,True,Di Luar Area Pantauan (>1000m dari Desa)
Muara Pawan,Ulak Medang,"Sabtu, 12 September 2026 00:37:00",NASA-NOAA20,Medium,110.24416,-1.51694,False,False,True,True,False,True,Di Luar Area Pantauan (>1000m dari Desa)
Sungai Raya,Mekar Baru,"Sabtu, 12 September 2026 00:37:00",NASA-NOAA20,Medium,109.42586,-0.0941,False,False,False,True,False,True,Di Luar Area Pantauan (>1000m dari Desa)
Simpang Hilir,Matan Jaya,"Sabtu, 12 September 2026 00:37:00",NASA-NOAA20,Medium,110.13097,-1.09275,False,False,True,True,True,True,Di Luar Area Pantauan (>1000m dari Desa)
Simpang Hilir,Matan Jaya,"Sabtu, 12 September 2026 00:37:00",NASA-NOAA20,Medium,110.1365,-1.09362,False,False,True,True,True,True,Di Luar Area Pantauan (>1000m dari Desa)
Nanga Tayap,Pangkalan Teluk,"Sabtu, 12 September 2026 00:37:00",NASA-NOAA20,Medium,110.36459,-1.34042,False,False,False,False,True,True,Di Luar Area Pantauan (>1000m dari Desa)
Nanga Tayap,Mensubang,"Sabtu, 12 September 2026 00:37:00",NASA-NOAA20,Medium,110.41839,-1.33913,False,False,False,False,False,False,Di Luar Area Pantauan (>1000m dari Desa)
Nanga Tayap,Mensubang,"Sabtu, 12 September 2026 00:37:00",NASA-NOAA20,Medium,110.42358,-1.33996,False,False,False,False,False,False,Di Luar Area Pantauan (>1000m dari Desa)
Nanga Tayap,Sepakat Jaya,"Sabtu, 12 September 2026 00:37:00",NASA-NOAA20,Medium,110.66402,-1.41718,False,False,False,False,False,False,Di Luar Area Pantauan (>1000m dari Desa)
Nanga Tayap,Sepakat Jaya,"Sabtu, 12 September 2026 00:37:00",NASA-NOAA20,Medium,110.66204,-1.4135,False,False,False,False,False,False,Di Luar Area Pantauan (>1000m dari Desa)
Simpang Hulu,Sekucing Labai,"Sabtu, 12 September 2026 00:37:00",NASA-NOAA20,Medium,110.10746,-0.5353,False,False,True,False,False,True,Di Luar Area Pantauan (>1000m dari Desa)
Hulu Sungai,Senduruhan,"Sabtu, 12 September 2026 00:37:00",NASA-NOAA20,Medium,110.6369,-0.92301,False,False,True,False,False,True,Di Luar Area Pantauan (>1000m dari Desa)
Matan Hilir Selatan,Pematang Gadung,"Sabtu, 12 September 2026 00:37:00",NASA-NOAA20,Medium,110.32114,-1.96091,False,False,True,True,False,True,Di Luar Area Pantauan (>1000m dari Desa)
Matan Hilir Selatan,Pesaguan Kanan,"Sabtu, 12 September 2026 00:37:00",NASA-NOAA20,Medium,110.3476,-2.01929,False,False,False,True,False,True,Di Luar Area Pantauan (>1000m dari Desa)
Matan Hilir Selatan,Pesaguan Kanan,"Sabtu, 12 September 2026 00:37:00",NASA-NOAA20,Medium,110.33492,-2.03191,False,False,False,True,False,True,Di Luar Area Pantauan (>1000m dari Desa)
Pulau Maya,Dusun Besar,"Sabtu, 12 September 2026 00:37:00",NASA-NOAA20,Medium,109.4902,-1.1094,False,False,False,False,False,False,Di Luar Area Pantauan (>1000m dari Desa)
Pulau Maya,Dusun Besar,"Sabtu, 12 September 2026 00:37:00",NASA-NOAA20,Medium,109.49082,-1.11676,False,False,False,True,False,True,Di Luar Area Pantauan (>1000m dari Desa)
Nanga Tayap,Mensubang,"Sabtu, 12 September 2026 00:37:00",NASA-NOAA20,Medium,110.40494,-1.3271,False,False,False,False,False,False,Di Luar Area Pantauan (>1000m dari Desa)
Nanga Tayap,Mensubang,"Sabtu, 12 September 2026 00:37:00",NASA-NOAA20,Medium,110.40054,-1.32639,False,False,False,False,False,False,Di Luar Area Pantauan (>1000m dari Desa)
Simpang Hilir,Batu Barat,"Sabtu, 12 September 2026 00:37:00",NASA-NOAA20,Medium,110.12274,-0.89769,False,False,True,False,False,True,Di Luar Area Pantauan (>1000m dari Desa)
Batu Ampar,Tanjungberingin,"Sabtu, 12 September 2026 00:37:00",NASA-NOAA20,Medium,109.92856,-0.50182,False,False,True,True,False,True,Di Luar Area Pantauan (>1000m dari Desa)
Simpang Hilir,Lubuk Batu,"Sabtu, 12 September 2026 00:37:00",NASA-NOAA20,Medium,110.09473,-0.92864,False,False,False,False,False,False,Di Luar Area Pantauan (>1000m dari Desa)
Simpang Hilir,Matan Jaya,"Sabtu, 12 September 2026 00:37:00",NASA-NOAA20,Medium,110.12543,-1.09187,False,False,True,True,True,True,Di Luar Area Pantauan (>1000m dari Desa)
Pulau Maya,Dusun Besar,"Sabtu, 12 September 2026 00:37:00",NASA-NOAA20,Medium,109.48776,-1.11626,False,False,False,True,False,True,Di Luar Area Pantauan (>1000m dari Desa)
Simpang Hilir,Lubuk Batu,"Sabtu, 12 September 2026 00:37:00",NASA-NOAA20,Medium,110.11387,-0.91653,False,False,False,False,False,False,Di Luar Area Pantauan (>1000m dari Desa)
Sungai Laur,Mekar Harapan,"Sabtu, 12 September 2026 00:37:00",NASA-NOAA20,Medium,110.44842,-0.98093,False,False,False,False,False,False,Di Luar Area Pantauan (>1000m dari Desa)
Simpang Hilir,Batu Barat,"Sabtu, 12 September 2026 00:37:00",NASA-NOAA20,Medium,110.10654,-0.90388,False,False,True,True,False,True,Di Luar Area Pantauan (>1000m dari Desa)
Batu Ampar,Tanjungberingin,"Sabtu, 12 September 2026 00:37:00",NASA-NOAA20,Medium,109.92191,-0.50594,False,False,True,True,False,True,Di Luar Area Pantauan (>1000m dari Desa)
Batu Ampar,Tanjungberingin,"Sabtu, 12 September 2026 00:37:00",NASA-NOAA20,Medium,109.93146,-0.50228,False,False,True,True,False,True,Di Luar Area Pantauan (>1000m dari Desa)
Simpang Hulu,Sekucing Labai,"Sabtu, 12 September 2026 00:37:00",NASA-NOAA20,Medium,110.11097,-0.47913,False,False,False,False,False,False,Di Luar Area Pantauan (>1000m dari Desa)
Simpang Dua,Kampar Sebomban,"Sabtu, 12 September 2026 00:37:00",NASA-NOAA20,Medium,110.18043,-0.9053,False,False,False,False,False,False,Di Luar Area Pantauan (>1000m dari Desa)
Matan Hilir Selatan,Sungai Besar,"Sabtu, 12 September 2026 00:37:00",NASA-NOAA20,Medium,110.20041,-1.87678,False,False,True,True,False,True,Di Luar Area Pantauan (>1000m dari Desa)
Simpang Hulu,Sekucing Kualan,"Sabtu, 12 September 2026 00:37:00",NASA-NOAA20,Medium,110.04482,-0.55616,False,False,False,False,False,False,Di Luar Area Pantauan (>1000m dari Desa)
Simpang Hulu,Sekucing Labai,"Sabtu, 12 September 2026 00:37:00",NASA-NOAA20,Medium,110.12096,-0.48644,False,False,False,False,False,False,Di Luar Area Pantauan (>1000m dari Desa)
Batu Ampar,Tanjungberingin,"Sabtu, 12 September 2026 00:37:00",NASA-NOAA20,Medium,109.92315,-0.51647,False,False,True,True,False,True,Di Luar Area Pantauan (>1000m dari Desa)
Batu Ampar,Tanjungberingin,"Sabtu, 12 September 2026 00:37:00",NASA-NOAA20,Medium,109.92692,-0.5119,False,False,True,True,False,True,Di Luar Area Pantauan (>1000m dari Desa)
Menukung,Belaban Ella,"Sabtu, 12 September 2026 00:37:00",NASA-NOAA20,Medium,112.2162,-0.55345,False,False,False,False,True,True,Di Luar Area Pantauan (>1000m dari Desa)
Mempawah Hilir,Malikian,"Sabtu, 12 September 2026 00:37:00",NASA-NOAA20,Medium,109.01555,0.467,False,False,True,True,False,True,Di Luar Area Pantauan (>1000m dari Desa)
Ella Hilir,Nanga Ella Hilir,"Sabtu, 12 September 2026 00:37:00",NASA-NOAA20,Medium,112.0128,-0.3911,False,False,False,False,False,False,Di Luar Area Pantauan (>1000m dari Desa)
Serawai,Nanga Ruhan,"Sabtu, 12 September 2026 00:37:00",NASA-NOAA20,Medium,112.76369,-0.3678,False,False,True,False,False,True,Di Luar Area Pantauan (>1000m dari Desa)
Ella Hilir,Nanga Ella Hilir,"Sabtu, 12 September 2026 00:37:00",NASA-NOAA20,Medium,112.0121,-0.39547,False,False,False,False,False,False,Di Luar Area Pantauan (>1000m dari Desa)
Serawai,Nanga Ruhan,"Sabtu, 12 September 2026 00:37:00",NASA-NOAA20,Medium,112.82851,-0.43755,False,False,False,False,False,False,Di Luar Area Pantauan (>1000m dari Desa)
Simpang Hilir,Batu Barat,"Sabtu, 12 September 2026 00:37:00",NASA-NOAA20,Medium,110.11719,-0.89678,False,False,True,True,False,True,Di Luar Area Pantauan (>1000m dari Desa)
Matan Hilir Selatan,Sungai Besar,"Sabtu, 12 September 2026 00:37:00",NASA-NOAA20,Medium,110.16689,-1.88115,False,False,True,True,False,True,Di Luar Area Pantauan (>1000m dari Desa)
Matan Hilir Selatan,Sungai Pelang,"Sabtu, 12 September 2026 00:37:00",NASA-NOAA20,Medium,110.16156,-1.88026,False,False,True,True,False,True,Di Luar Area Pantauan (>1000m dari Desa)
Matan Hilir Selatan,Sungai Besar,"Sabtu, 12 September 2026 00:37:00",NASA-NOAA20,Medium,110.17149,-1.88689,False,False,True,True,False,True,Di Luar Area Pantauan (>1000m dari Desa)
Simpang Hilir,Lubuk Batu,"Sabtu, 12 September 2026 00:37:00",NASA-NOAA20,Medium,110.10036,-0.92955,False,False,False,False,False,False,Di Luar Area Pantauan (>1000m dari Desa)
Simpang Hilir,Lubuk Batu,"Sabtu, 12 September 2026 00:37:00",NASA-NOAA20,Medium,110.09315,-0.93854,False,False,False,False,False,False,Di Luar Area Pantauan (>1000m dari Desa)
Simpang Hilir,Sungaimata-Mata,"Sabtu, 12 September 2026 00:37:00",NASA-NOAA20,Medium,109.97829,-0.97143,False,False,True,True,False,True,Di Luar Area Pantauan (>1000m dari Desa)
Simpang Hilir,Matan Jaya,"Sabtu, 12 September 2026 00:37:00",NASA-NOAA20,Medium,110.11359,-1.09505,False,False,True,True,True,True,Di Luar Area Pantauan (>1000m dari Desa)
Simpang Hilir,Batu Barat,"Sabtu, 12 September 2026 00:37:00",NASA-NOAA20,Medium,110.11684,-0.91056,False,False,False,False,False,False,Di Luar Area Pantauan (>1000m dari Desa)
Matan Hilir Selatan,Sungai Pelang,"Sabtu, 12 September 2026 00:37:00",NASA-NOAA20,Medium,110.16766,-1.87629,False,False,True,True,False,True,Di Luar Area Pantauan (>1000m dari Desa)
Matan Hilir Selatan,Sungai Besar,"Sabtu, 12 September 2026 00:37:00",NASA-NOAA20,Medium,110.16001,-1.88997,False,False,True,True,False,True,Di Luar Area Pantauan (>1000m dari Desa)
Matan Hilir Selatan,Sungai Besar,"Sabtu, 12 September 2026 00:37:00",NASA-NOAA20,Medium,110.19088,-1.87673,False,False,True,True,False,True,Di Luar Area Pantauan (>1000m dari Desa)
Nanga Tayap,Simpang Tiga Sembelangaan,"Sabtu, 12 September 2026 00:37:00",NASA-NOAA20,Medium,110.39012,-1.46229,False,False,False,False,False,False,Di Luar Area Pantauan (>1000m dari Desa)
Matan Hilir Utara,Lamon Satong,"Sabtu, 12 September 2026 00:37:00",NASA-NOAA20,Medium,110.23357,-1.48033,False,False,True,True,False,True,Di Luar Area Pantauan (>1000m dari Desa)
Matan Hilir Selatan,Kemuning Biutak,"Sabtu, 12 September 2026 00:37:00",NASA-NOAA20,Medium,110.35819,-1.96202,False,False,True,True,False,True,Di Luar Area Pantauan (>1000m dari Desa)
Manis Mata,Batu Sedau,"Sabtu, 12 September 2026 00:37:00",NASA-NOAA20,Medium,111.06969,-2.39735,False,False,False,False,False,False,Di Luar Area Pantauan (>1000m dari Desa)
Simpang Hulu,Sekucing Labai,"Sabtu, 12 September 2026 00:37:00",NASA-NOAA20,Medium,110.11613,-0.48055,False,False,False,False,False,False,Di Luar Area Pantauan (>1000m dari Desa)
Simpang Hulu,Sekucing Kualan,"Sabtu, 12 September 2026 00:37:00",NASA-NOAA20,Medium,110.06239,-0.62554,False,False,True,False,False,True,Di Luar Area Pantauan (>1000m dari Desa)
Simpang Hulu,Sekucing Labai,"Sabtu, 12 September 2026 00:37:00",NASA-NOAA20,Medium,110.09197,-0.48686,False,False,False,False,False,False,Di Luar Area Pantauan (>1000m dari Desa)
Batu Ampar,Tanjungberingin,"Sabtu, 12 September 2026 00:37:00",NASA-NOAA20,Medium,109.924,-0.51144,False,False,True,True,False,True,Di Luar Area Pantauan (>1000m dari Desa)
Muara Pawan,Ulak Medang,"Sabtu, 12 September 2026 00:37:00",NASA-NOAA20,Medium,110.26633,-1.51554,False,False,False,True,False,True,Di Luar Area Pantauan (>1000m dari Desa)
Matan Hilir Selatan,Sungai Nanjung,"Sabtu, 12 September 2026 00:37:00",NASA-NOAA20,Medium,110.25314,-2.19525,False,False,True,True,True,True,Di Luar Area Pantauan (>1000m dari Desa)
Matan Hilir Selatan,Sungai Nanjung,"Sabtu, 12 September 2026 00:37:00",NASA-NOAA20,Medium,110.25391,-2.19045,False,False,True,True,True,True,Di Luar Area Pantauan (>1000m dari Desa)
Matan Hilir Selatan,Sungai Besar,"Sabtu, 12 September 2026 00:37:00",NASA-NOAA20,Medium,110.16263,-1.8822,False,False,True,True,False,True,Di Luar Area Pantauan (>1000m dari Desa)
Matan Hilir Selatan,Sungai Pelang,"Sabtu, 12 September 2026 00:37:00",NASA-NOAA20,Medium,110.15892,-1.87166,False,False,True,True,False,True,Di Luar Area Pantauan (>1000m dari Desa)
Matan Hilir Selatan,Sungai Besar,"Sabtu, 12 September 2026 00:37:00",NASA-NOAA20,Medium,110.25526,-1.88201,False,False,True,True,False,True,Di Luar Area Pantauan (>1000m dari Desa)
Matan Hilir Selatan,Sungai Besar,"Sabtu, 12 September 2026 00:37:00",NASA-NOAA20,Medium,110.25607,-1.8772,False,False,True,True,False,True,Di Luar Area Pantauan (>1000m dari Desa)
Nanga Tayap,Sepakat Jaya,"Sabtu, 12 September 2026 00:37:00",NASA-NOAA20,Medium,110.66353,-1.42194,False,False,False,False,False,False,Di Luar Area Pantauan (>1000m dari Desa)
Nanga Tayap,Simpang Tiga Sembelangaan,"Sabtu, 12 September 2026 00:37:00",NASA-NOAA20,Medium,110.38931,-1.4671,False,False,False,False,False,False,Di Luar Area Pantauan (>1000m dari Desa)
Nanga Tayap,Sepakat Jaya,"Sabtu, 12 September 2026 00:37:00",NASA-NOAA20,Medium,110.65418,-1.46066,False,False,False,False,False,False,Di Luar Area Pantauan (>1000m dari Desa)
Pulau Maya,Dusun Besar,"Sabtu, 12 September 2026 00:37:00",NASA-NOAA20,Medium,109.49177,-1.11492,False,False,False,True,False,True,Di Luar Area Pantauan (>1000m dari Desa)
Pulau Maya,Dusun Besar,"Sabtu, 12 September 2026 00:37:00",NASA-NOAA20,Medium,109.48869,-1.11444,False,False,False,False,False,False,Di Luar Area Pantauan (>1000m dari Desa)
Kendawangan,Airhitam Hulu,"Sabtu, 12 September 2026 00:37:00",NASA-NOAA20,Medium,110.52314,-2.68001,False,False,False,False,True,True,Di Luar Area Pantauan (>1000m dari Desa)
Mempawah Hilir,Sengkubang,"Sabtu, 12 September 2026 00:37:00",NASA-NOAA20,Medium,109.01559,0.44467,False,False,True,True,False,True,Di Luar Area Pantauan (>1000m dari Desa)
Mempawah Hilir,Malikian,"Sabtu, 12 September 2026 00:37:00",NASA-NOAA20,Medium,109.00744,0.46383,False,False,True,True,False,True,Di Luar Area Pantauan (>1000m dari Desa)
Mempawah Hilir,Malikian,"Sabtu, 12 September 2026 00:37:00",NASA-NOAA20,Medium,109.01533,0.4682,False,False,True,True,False,True,Di Luar Area Pantauan (>1000m dari Desa)
Muara Pawan,Ulak Medang,"Sabtu, 12 September 2026 00:37:00",NASA-NOAA20,Medium,110.28829,-1.51413,False,False,False,False,False,False,Di Luar Area Pantauan (>1000m dari Desa)
Nanga Tayap,Betenung,"Sabtu, 12 September 2026 00:37:00",NASA-NOAA20,Medium,110.8255,-1.58199,False,False,True,False,False,True,Di Luar Area Pantauan (>1000m dari Desa)
Muara Pawan,Ulak Medang,"Sabtu, 12 September 2026 00:37:00",NASA-NOAA20,Medium,110.283,-1.51327,False,False,False,False,False,False,Di Luar Area Pantauan (>1000m dari Desa)
Nanga Tayap,Sepakat Jaya,"Sabtu, 12 September 2026 00:37:00",NASA-NOAA20,Medium,110.66636,-1.41906,False,False,False,False,False,False,Di Luar Area Pantauan (>1000m dari Desa)
Pulau Maya,Kemboja,"Sabtu, 12 September 2026 00:37:00",NASA-NOAA20,Medium,109.70642,-1.12278,False,False,False,False,False,False,Di Luar Area Pantauan (>1000m dari Desa)
Mempawah Hilir,Malikian,"Sabtu, 12 September 2026 00:37:00",NASA-NOAA20,Medium,109.01096,0.46329,False,False,True,True,False,True,Di Luar Area Pantauan (>1000m dari Desa)
Simpang Hilir,Batu Barat,"Sabtu, 12 September 2026 00:37:00",NASA-NOAA20,Medium,110.00309,-0.92403,False,False,True,False,False,True,Di Luar Area Pantauan (>1000m dari Desa)
Simpang Hilir,Batu Barat,"Sabtu, 12 September 2026 00:37:00",NASA-NOAA20,Medium,110.1138,-0.89487,False,False,True,True,False,True,Di Luar Area Pantauan (>1000m dari Desa)
Simpang Hilir,Matan Jaya,"Sabtu, 12 September 2026 00:37:00",NASA-NOAA20,Medium,110.14971,-1.10274,False,False,True,False,True,True,Di Luar Area Pantauan (>1000m dari Desa)
Simpang Hilir,Matan Jaya,"Sabtu, 12 September 2026 00:37:00",NASA-NOAA20,Medium,110.26979,-1.13474,False,False,True,False,True,True,Di Luar Area Pantauan (>1000m dari Desa)
Simpang Hilir,Matan Jaya,"Sabtu, 12 September 2026 00:37:00",NASA-NOAA20,Medium,110.15917,-1.09218,False,False,False,False,True,True,Di Luar Area Pantauan (>1000m dari Desa)
Simpang Hilir,Batu Barat,"Sabtu, 12 September 2026 00:37:00",NASA-NOAA20,Medium,110.03539,-0.97509,False,False,True,True,False,True,Di Luar Area Pantauan (>1000m dari Desa)
Simpang Hilir,Batu Barat,"Sabtu, 12 September 2026 00:37:00",NASA-NOAA20,Medium,110.02834,-0.98481,False,False,True,True,False,True,Di Luar Area Pantauan (>1000m dari Desa)
Simpang Hilir,Lubuk Batu,"Sabtu, 12 September 2026 00:37:00",NASA-NOAA20,Medium,110.09394,-0.93359,False,False,False,False,False,False,Di Luar Area Pantauan (>1000m dari Desa)
Simpang Hilir,Batu Barat,"Sabtu, 12 September 2026 00:37:00",NASA-NOAA20,Medium,110.09965,-0.89897,False,False,True,True,False,True,Di Luar Area Pantauan (>1000m dari Desa)
Simpang Hilir,Batu Barat,"Sabtu, 12 September 2026 00:37:00",NASA-NOAA20,Medium,110.09882,-0.90392,False,False,True,True,False,True,Di Luar Area Pantauan (>1000m dari Desa)
Simpang Hilir,Batu Barat,"Sabtu, 12 September 2026 00:37:00",NASA-NOAA20,Medium,110.03619,-0.97012,False,False,True,True,False,True,Di Luar Area Pantauan (>1000m dari Desa)
Simpang Hilir,Batu Barat,"Sabtu, 12 September 2026 00:37:00",NASA-NOAA20,Medium,110.04031,-0.94531,False,False,True,True,False,True,Di Luar Area Pantauan (>1000m dari Desa)
Simpang Hilir,Batu Barat,"Sabtu, 12 September 2026 00:37:00",NASA-NOAA20,Medium,110.10095,-0.90301,False,False,True,True,False,True,Di Luar Area Pantauan (>1000m dari Desa)
Simpang Hulu,Sekucing Kualan,"Sabtu, 12 September 2026 00:37:00",NASA-NOAA20,Medium,110.06976,-0.61649,False,False,False,False,False,False,Di Luar Area Pantauan (>1000m dari Desa)
Simpang Dua,Kampar Sebomban,"Sabtu, 12 September 2026 00:37:00",NASA-NOAA20,Medium,110.16944,-0.86821,False,False,False,False,False,False,Di Luar Area Pantauan (>1000m dari Desa)
Ella Hilir,Nanga Nyuruh,"Sabtu, 12 September 2026 00:37:00",NASA-NOAA20,Medium,112.08733,-0.47534,False,False,False,False,False,False,Di Luar Area Pantauan (>1000m dari Desa)
Ella Hilir,Nyanggau,"Sabtu, 12 September 2026 00:37:00",NASA-NOAA20,Medium,112.08068,-0.4609,False,False,False,False,False,False,Di Luar Area Pantauan (>1000m dari Desa)
Batu Ampar,Tanjungberingin,"Sabtu, 12 September 2026 00:37:00",NASA-NOAA20,Medium,109.92109,-0.51098,False,False,True,True,False,True,Di Luar Area Pantauan (>1000m dari Desa)
Kendawangan,Airhitam Hulu,"Sabtu, 12 September 2026 00:37:00",NASA-NOAA20,Medium,110.61044,-2.66545,False,False,False,False,False,False,Di Luar Area Pantauan (>1000m dari Desa)
Simpang Dua,Kampar Sebomban,"Sabtu, 12 September 2026 00:37:00",NASA-NOAA20,Medium,110.17488,-0.90443,False,False,False,False,False,False,Di Luar Area Pantauan (>1000m dari Desa)
Simpang Dua,Kampar Sebomban,"Sabtu, 12 September 2026 00:37:00",NASA-NOAA20,Medium,110.15943,-0.82613,False,False,True,True,False,True,Di Luar Area Pantauan (>1000m dari Desa)
Simpang Dua,Kampar Sebomban,"Sabtu, 12 September 2026 00:37:00",NASA-NOAA20,Medium,110.16574,-0.8221,False,False,True,False,False,True,Di Luar Area Pantauan (>1000m dari Desa)
Simpang Hulu,Sekucing Kualan,"Sabtu, 12 September 2026 00:37:00",NASA-NOAA20,Medium,110.05128,-0.5521,False,False,False,False,False,False,Di Luar Area Pantauan (>1000m dari Desa)
Ella Hilir,Nyanggau,"Sabtu, 12 September 2026 00:37:00",NASA-NOAA20,Medium,112.07505,-0.45893,False,False,False,False,False,False,Di Luar Area Pantauan (>1000m dari Desa)
Kayan Hulu,Tanah Merah,"Sabtu, 12 September 2026 00:37:00",NASA-NOAA20,Medium,112.2225,-0.24346,False,False,False,False,True,True,Di Luar Area Pantauan (>1000m dari Desa)
Ambalau,Buntut Sabon,"Sabtu, 12 September 2026 00:37:00",NASA-NOAA20,Medium,112.93107,-0.35389,False,False,True,False,False,True,Di Luar Area Pantauan (>1000m dari Desa)
Nanga Tayap,Lembah Hijau Satu,"Sabtu, 12 September 2026 00:37:00",NASA-NOAA20,Medium,110.48759,-1.57087,False,False,False,False,False,False,Di Luar Area Pantauan (>1000m dari Desa)
Muara Pawan,Ulak Medang,"Sabtu, 12 September 2026 00:37:00",NASA-NOAA20,Medium,110.23957,-1.51121,False,False,True,True,False,True,Di Luar Area Pantauan (>1000m dari Desa)
Muara Pawan,Ulak Medang,"Sabtu, 12 September 2026 00:37:00",NASA-NOAA20,Medium,110.25029,-1.51295,False,False,True,True,False,True,Di Luar Area Pantauan (>1000m dari Desa)
Matan Hilir Utara,Lamon Satong,"Sabtu, 12 September 2026 00:37:00",NASA-NOAA20,Medium,110.18791,-1.52286,False,False,True,True,False,True,Di Luar Area Pantauan (>1000m dari Desa)
Nanga Tayap,Simpang Tiga Sembelangaan,"Sabtu, 12 September 2026 00:37:00",NASA-NOAA20,Medium,110.38792,-1.46614,False,False,False,False,False,False,Di Luar Area Pantauan (>1000m dari Desa)
Nanga Tayap,Lembah Hijau Satu,"Sabtu, 12 September 2026 00:37:00",NASA-NOAA20,Medium,110.4884,-1.5661,False,False,False,False,False,False,Di Luar Area Pantauan (>1000m dari Desa)
Mempawah Hilir,Malikian,"Sabtu, 12 September 2026 00:37:00",NASA-NOAA20,Medium,109.01795,0.46222,False,False,True,True,False,True,Di Luar Area Pantauan (>1000m dari Desa)
Serawai,Nanga Riyoi,"Sabtu, 12 September 2026 00:37:00",NASA-NOAA20,Medium,112.75994,-0.36719,False,False,False,False,False,False,Di Luar Area Pantauan (>1000m dari Desa)
Matan Hilir Selatan,Sungai Besar,"Sabtu, 12 September 2026 00:37:00",NASA-NOAA20,Medium,110.17757,-1.88292,False,False,True,True,False,True,Di Luar Area Pantauan (>1000m dari Desa)
Matan Hilir Selatan,Sungai Besar,"Sabtu, 12 September 2026 00:37:00",NASA-NOAA20,Medium,110.20494,-1.8825,False,False,True,True,False,True,Di Luar Area Pantauan (>1000m dari Desa)
Matan Hilir Selatan,Sungai Besar,"Sabtu, 12 September 2026 00:37:00",NASA-NOAA20,Medium,110.17222,-1.88203,False,False,True,True,False,True,Di Luar Area Pantauan (>1000m dari Desa)
Matan Hilir Selatan,Pagar Mentimun,"Sabtu, 12 September 2026 00:37:00",NASA-NOAA20,Medium,110.26041,-2.20112,False,False,True,True,True,True,Di Luar Area Pantauan (>1000m dari Desa)
Kendawangan,Bangkal Serai,"Sabtu, 12 September 2026 00:37:00",NASA-NOAA20,Medium,110.47548,-2.37434,False,False,False,False,False,False,Di Luar Area Pantauan (>1000m dari Desa)
Marau,Pelanjau Jaya,"Sabtu, 12 September 2026 00:37:00",NASA-NOAA20,Medium,110.5923,-2.2497,False,False,False,False,False,False,Di Luar Area Pantauan (>1000m dari Desa)
Matan Hilir Selatan,Sungai Nanjung,"Sabtu, 12 September 2026 00:37:00",NASA-NOAA20,Medium,110.25835,-2.19609,False,False,True,True,True,True,Di Luar Area Pantauan (>1000m dari Desa)
Matan Hilir Selatan,Sungai Nanjung,"Sabtu, 12 September 2026 00:37:00",NASA-NOAA20,Medium,110.24069,-2.17354,False,False,True,True,False,True,Di Luar Area Pantauan (>1000m dari Desa)
Matan Hilir Selatan,Sungai Nanjung,"Sabtu, 12 September 2026 00:37:00",NASA-NOAA20,Medium,110.2415,-2.16874,False,False,True,True,False,True,Di Luar Area Pantauan (>1000m dari Desa)
Matan Hilir Selatan,Sungai Nanjung,"Sabtu, 12 September 2026 00:37:00",NASA-NOAA20,Medium,110.26232,-2.17212,False,False,True,True,True,True,Di Luar Area Pantauan (>1000m dari Desa)
Manis Mata,Sengkuang Merabong,"Sabtu, 12 September 2026 00:37:00",NASA-NOAA20,Medium,110.97258,-2.18873,False,False,False,False,False,False,Di Luar Area Pantauan (>1000m dari Desa)
Matan Hilir Selatan,Sungai Besar,"Sabtu, 12 September 2026 00:37:00",NASA-NOAA20,Medium,110.19243,-1.86705,False,False,True,True,False,True,Di Luar Area Pantauan (>1000m dari Desa)
Nanga Tayap,Batu Mas,"Sabtu, 12 September 2026 00:37:00",NASA-NOAA20,Medium,110.64989,-1.68557,False,False,False,False,False,False,Di Luar Area Pantauan (>1000m dari Desa)
Muara Pawan,Ulak Medang,"Sabtu, 12 September 2026 00:37:00",NASA-NOAA20,Medium,110.30087,-1.6291,False,False,True,True,False,True,Di Luar Area Pantauan (>1000m dari Desa)
Nanga Tayap,Betenung,"Sabtu, 12 September 2026 00:37:00",NASA-NOAA20,Medium,110.82466,-1.58663,False,False,False,False,False,False,Di Luar Area Pantauan (>1000m dari Desa)
Sungai Melayu Rayak,Makmur Abadi,"Sabtu, 12 September 2026 00:37:00",NASA-NOAA20,Medium,110.24117,-1.77072,False,False,False,True,False,True,Di Luar Area Pantauan (>1000m dari Desa)
Sungai Melayu Rayak,Makmur Abadi,"Sabtu, 12 September 2026 00:37:00",NASA-NOAA20,Medium,110.24316,-1.77218,False,False,False,True,False,True,Di Luar Area Pantauan (>1000m dari Desa)
Matan Hilir Selatan,Sungai Pelang,"Sabtu, 12 September 2026 00:37:00",NASA-NOAA20,Medium,110.22757,-1.85282,False,False,True,True,False,True,Di Luar Area Pantauan (>1000m dari Desa)
Nanga Tayap,Mensubang,"Sabtu, 12 September 2026 00:37:00",NASA-NOAA20,Medium,110.39996,-1.33123,False,False,False,False,False,False,Di Luar Area Pantauan (>1000m dari Desa)
Nanga Tayap,Sepakat Jaya,"Sabtu, 12 September 2026 00:37:00",NASA-NOAA20,Medium,110.66459,-1.41243,False,False,False,False,False,False,Di Luar Area Pantauan (>1000m dari Desa)
Nanga Tayap,Sepakat Jaya,"Sabtu, 12 September 2026 00:37:00",NASA-NOAA20,Medium,110.66114,-1.45211,False,False,True,False,False,True,Di Luar Area Pantauan (>1000m dari Desa)
Nanga Tayap,Sepakat Jaya,"Sabtu, 12 September 2026 00:37:00",NASA-NOAA20,Medium,110.65577,-1.45124,False,False,True,False,False,True,Di Luar Area Pantauan (>1000m dari Desa)
Matan Hilir Selatan,Sungai Besar,"Sabtu, 12 September 2026 00:37:00",NASA-NOAA20,Medium,110.18288,-1.88381,False,False,True,True,False,True,Di Luar Area Pantauan (>1000m dari Desa)
Matan Hilir Selatan,Sungai Besar,"Sabtu, 12 September 2026 00:37:00",NASA-NOAA20,Medium,110.17867,-1.88474,False,False,True,True,False,True,Di Luar Area Pantauan (>1000m dari Desa)
Muara Pawan,Ulak Medang,"Sabtu, 12 September 2026 00:37:00",NASA-NOAA20,Medium,110.27619,-1.5221,False,False,False,True,False,True,Di Luar Area Pantauan (>1000m dari Desa)
Muara Pawan,Ulak Medang,"Sabtu, 12 September 2026 00:37:00",NASA-NOAA20,Medium,110.24494,-1.51208,False,False,True,True,False,True,Di Luar Area Pantauan (>1000m dari Desa)
Muara Pawan,Ulak Medang,"Sabtu, 12 September 2026 00:37:00",NASA-NOAA20,Medium,110.22502,-1.49889,False,False,True,True,False,True,Di Luar Area Pantauan (>1000m dari Desa)
Muara Pawan,Ulak Medang,"Sabtu, 12 September 2026 00:37:00",NASA-NOAA20,Medium,110.25563,-1.51381,False,False,True,True,False,True,Di Luar Area Pantauan (>1000m dari Desa)
Muara Pawan,Ulak Medang,"Sabtu, 12 September 2026 00:37:00",NASA-NOAA20,Medium,110.26555,-1.52038,False,False,True,True,False,True,Di Luar Area Pantauan (>1000m dari Desa)
Muara Pawan,Ulak Medang,"Sabtu, 12 September 2026 00:37:00",NASA-NOAA20,Medium,110.22963,-1.50462,False,False,True,True,False,True,Di Luar Area Pantauan (>1000m dari Desa)
Nanga Tayap,Betenung,"Sabtu, 12 September 2026 00:37:00",NASA-NOAA20,Medium,110.8196,-1.58581,False,False,False,False,False,False,Di Luar Area Pantauan (>1000m dari Desa)
Matan Hilir Utara,Tanjung Baik Budi,"Sabtu, 12 September 2026 00:37:00",NASA-NOAA20,Medium,110.18715,-1.52773,False,False,True,True,False,True,Di Luar Area Pantauan (>1000m dari Desa)
Muara Pawan,Ulak Medang,"Sabtu, 12 September 2026 00:37:00",NASA-NOAA20,Medium,110.26098,-1.51468,False,False,True,True,False,True,Di Luar Area Pantauan (>1000m dari Desa)
Muara Pawan,Ulak Medang,"Sabtu, 12 September 2026 00:37:00",NASA-NOAA20,Medium,110.26022,-1.51952,False,False,True,True,False,True,Di Luar Area Pantauan (>1000m dari Desa)
Muara Pawan,Ulak Medang,"Sabtu, 12 September 2026 00:37:00",NASA-NOAA20,Medium,110.30003,-1.63392,False,False,False,True,False,True,Di Luar Area Pantauan (>1000m dari Desa)
Simpang Hilir,Matan Jaya,"Sabtu, 12 September 2026 00:37:00",NASA-NOAA20,Medium,110.15129,-1.10605,False,False,True,False,True,True,Di Luar Area Pantauan (>1000m dari Desa)
Simpang Hilir,Lubuk Batu,"Sabtu, 12 September 2026 00:37:00",NASA-NOAA20,Medium,110.09232,-0.94348,False,False,False,False,False,False,Di Luar Area Pantauan (>1000m dari Desa)
Simpang Hilir,Batu Barat,"Sabtu, 12 September 2026 00:37:00",NASA-NOAA20,Medium,110.00797,-0.92992,False,False,True,True,False,True,Di Luar Area Pantauan (>1000m dari Desa)
Simpang Hilir,Batu Barat,"Sabtu, 12 September 2026 00:37:00",NASA-NOAA20,Medium,110.03784,-0.9602,False,False,True,True,False,True,Di Luar Area Pantauan (>1000m dari Desa)
Sungai Melayu Rayak,Makmur Abadi,"Sabtu, 12 September 2026 00:37:00",NASA-NOAA20,Medium,110.37143,-1.68975,False,False,False,False,False,False,Di Luar Area Pantauan (>1000m dari Desa)
Nanga Tayap,Batu Mas,"Sabtu, 12 September 2026 00:37:00",NASA-NOAA20,Medium,110.65556,-1.68167,False,False,False,False,False,False,Di Luar Area Pantauan (>1000m dari Desa)
Mempawah Hilir,Malikian,"Sabtu, 12 September 2026 00:37:00",NASA-NOAA20,Medium,109.01183,0.46874,False,False,True,True,False,True,Di Luar Area Pantauan (>1000m dari Desa)
Matan Hilir Selatan,Pagar Mentimun,"Sabtu, 12 September 2026 00:37:00",NASA-NOAA20,Medium,110.27081,-2.20287,False,False,True,True,True,True,Di Luar Area Pantauan (>1000m dari Desa)
Matan Hilir Selatan,Sungai Besar,"Sabtu, 12 September 2026 00:37:00",NASA-NOAA20,Medium,110.1905,-1.87015,False,False,True,True,False,True,Di Luar Area Pantauan (>1000m dari Desa)
Jelai Hulu,Karang Dangin,"Sabtu, 12 September 2026 00:37:00",NASA-NOAA20,Medium,110.97912,-1.79024,False,False,True,False,False,True,Di Luar Area Pantauan (>1000m dari Desa)
Jelai Hulu,Karang Dangin,"Sabtu, 12 September 2026 00:37:00",NASA-NOAA20,Medium,110.98383,-1.79102,False,False,True,False,False,True,Di Luar Area Pantauan (>1000m dari Desa)
Matan Hilir Selatan,Sungai Besar,"Sabtu, 12 September 2026 00:37:00",NASA-NOAA20,Medium,110.17332,-1.88389,False,False,True,True,False,True,Di Luar Area Pantauan (>1000m dari Desa)
Manis Mata,Pelempangan,"Sabtu, 12 September 2026 00:37:00",NASA-NOAA20,Medium,111.04124,-2.14849,False,False,False,False,False,False,Di Luar Area Pantauan (>1000m dari Desa)
Kendawangan,Pangkalan Batu,"Sabtu, 12 September 2026 00:37:00",NASA-NOAA20,Medium,110.3476,-2.13702,False,False,False,False,False,False,Di Luar Area Pantauan (>1000m dari Desa)
Kendawangan,Banjar Sari,"Sabtu, 12 September 2026 00:37:00",NASA-NOAA20,Medium,110.24809,-2.47408,False,False,False,False,False,False,Di Luar Area Pantauan (>1000m dari Desa)
Matan Hilir Selatan,Pesaguan Kanan,"Sabtu, 12 September 2026 00:37:00",NASA-NOAA20,Medium,110.34447,-2.0384,False,False,True,True,False,True,Di Luar Area Pantauan (>1000m dari Desa)
Kendawangan,Natai Kuini,"Sabtu, 12 September 2026 00:37:00",NASA-NOAA20,Medium,110.68327,-2.90761,False,False,False,False,False,False,Di Luar Area Pantauan (>1000m dari Desa)
Nanga Tayap,Batu Mas,"Sabtu, 12 September 2026 00:37:00",NASA-NOAA20,Medium,110.65058,-1.68086,False,False,True,False,False,True,Di Luar Area Pantauan (>1000m dari Desa)
Nanga Tayap,Sungai Kelik,"Sabtu, 12 September 2026 00:37:00",NASA-NOAA20,Medium,110.30692,-1.62513,False,False,False,True,False,True,Di Luar Area Pantauan (>1000m dari Desa)
Muara Pawan,Ulak Medang,"Sabtu, 12 September 2026 00:37:00",NASA-NOAA20,Medium,110.29559,-1.62825,False,False,True,True,False,True,Di Luar Area Pantauan (>1000m dari Desa)
Sungai Melayu Rayak,Makmur Abadi,"Sabtu, 12 September 2026 00:37:00",NASA-NOAA20,Medium,110.36993,-1.68903,False,False,False,False,False,False,Di Luar Area Pantauan (>1000m dari Desa)
Nanga Tayap,Batu Mas,"Sabtu, 12 September 2026 00:37:00",NASA-NOAA20,Medium,110.65987,-1.68719,False,False,True,False,False,True,Di Luar Area Pantauan (>1000m dari Desa)
Nanga Tayap,Sungai Kelik,"Sabtu, 12 September 2026 00:37:00",NASA-NOAA20,Medium,110.30613,-1.62995,False,False,False,True,False,True,Di Luar Area Pantauan (>1000m dari Desa)
Manis Mata,Silat,"Sabtu, 12 September 2026 00:37:00",NASA-NOAA20,Medium,110.93906,-2.26314,False,False,False,False,False,False,Di Luar Area Pantauan (>1000m dari Desa)
Matan Hilir Selatan,Pesaguan Kanan,"Sabtu, 12 September 2026 00:37:00",NASA-NOAA20,Medium,110.34271,-2.02331,False,False,True,True,False,True,Di Luar Area Pantauan (>1000m dari Desa)
Manis Mata,Silat,"Sabtu, 12 September 2026 00:37:00",NASA-NOAA20,Medium,110.94294,-2.26847,False,False,False,False,False,False,Di Luar Area Pantauan (>1000m dari Desa)
Kendawangan,Airhitam Hulu,"Sabtu, 12 September 2026 00:37:00",NASA-NOAA20,Medium,110.60636,-2.66001,False,False,False,False,False,False,Di Luar Area Pantauan (>1000m dari Desa)
Kendawangan,Seriam,"Sabtu, 12 September 2026 00:37:00",NASA-NOAA20,Medium,110.34832,-2.76479,False,False,False,False,True,True,Di Luar Area Pantauan (>1000m dari Desa)
Manis Mata,Suka Ramai,"Sabtu, 12 September 2026 00:37:00",NASA-NOAA20,Medium,111.0892,-2.71566,False,False,False,False,False,False,Di Luar Area Pantauan (>1000m dari Desa)
Manis Mata,Suka Ramai,"Sabtu, 12 September 2026 00:37:00",NASA-NOAA20,Medium,111.08401,-2.71941,False,False,False,False,False,False,Di Luar Area Pantauan (>1000m dari Desa)
Kendawangan,Pembedilan,"Sabtu, 12 September 2026 00:37:00",NASA-NOAA20,Medium,110.35253,-2.77031,False,False,False,False,True,True,Di Luar Area Pantauan (>1000m dari Desa)
Kendawangan,Banjar Sari,"Sabtu, 12 September 2026 00:37:00",NASA-NOAA20,Medium,110.24212,-2.478,False,False,False,True,False,True,Di Luar Area Pantauan (>1000m dari Desa)
Kendawangan,Banjar Sari,"Sabtu, 12 September 2026 00:37:00",NASA-NOAA20,Medium,110.24133,-2.48278,False,False,False,True,False,True,Di Luar Area Pantauan (>1000m dari Desa)
Matan Hilir Selatan,Pagar Mentimun,"Sabtu, 12 September 2026 00:37:00",NASA-NOAA20,Medium,110.25756,-2.20088,False,False,True,True,True,True,Di Luar Area Pantauan (>1000m dari Desa)
Matan Hilir Selatan,Sungai Besar,"Sabtu, 12 September 2026 00:37:00",NASA-NOAA20,Medium,110.19507,-1.87589,False,False,True,True,False,True,Di Luar Area Pantauan (>1000m dari Desa)
Matan Hilir Selatan,Pematang Gadung,"Sabtu, 12 September 2026 00:37:00",NASA-NOAA20,Medium,110.31595,-1.96007,False,False,True,True,False,True,Di Luar Area Pantauan (>1000m dari Desa)
Kendawangan,Bangkal Serai,"Sabtu, 12 September 2026 00:37:00",NASA-NOAA20,Medium,110.48045,-2.37516,False,False,False,False,False,False,Di Luar Area Pantauan (>1000m dari Desa)
Matan Hilir Selatan,Sungai Besar,"Sabtu, 12 September 2026 00:37:00",NASA-NOAA20,Medium,110.21103,-1.87855,False,False,True,True,False,True,Di Luar Area Pantauan (>1000m dari Desa)
Kendawangan,Pangkalan Batu,"Sabtu, 12 September 2026 00:37:00",NASA-NOAA20,Medium,110.35114,-2.1474,False,False,False,False,False,False,Di Luar Area Pantauan (>1000m dari Desa)
Matan Hilir Selatan,Sungai Besar,"Sabtu, 12 September 2026 00:37:00",NASA-NOAA20,Medium,110.1844,-1.87411,False,False,True,True,False,True,Di Luar Area Pantauan (>1000m dari Desa)
Matan Hilir Selatan,Sungai Pelang,"Sabtu, 12 September 2026 00:37:00",NASA-NOAA20,Medium,110.16237,-1.87541,False,False,True,True,False,True,Di Luar Area Pantauan (>1000m dari Desa)
Matan Hilir Selatan,Sungai Pelang,"Sabtu, 12 September 2026 00:37:00",NASA-NOAA20,Medium,110.18597,-1.86442,False,False,True,True,False,True,Di Luar Area Pantauan (>1000m dari Desa)
Matan Hilir Selatan,Sungai Besar,"Sabtu, 12 September 2026 00:37:00",NASA-NOAA20,Medium,110.19659,-1.8662,False,False,True,True,False,True,Di Luar Area Pantauan (>1000m dari Desa)
Matan Hilir Selatan,Sungai Besar,"Sabtu, 12 September 2026 00:37:00",NASA-NOAA20,Medium,110.19581,-1.87104,False,False,True,True,False,True,Di Luar Area Pantauan (>1000m dari Desa)
Matan Hilir Selatan,Sungai Pelang,"Sabtu, 12 September 2026 00:37:00",NASA-NOAA20,Medium,110.18793,-1.86136,False,False,True,True,False,True,Di Luar Area Pantauan (>1000m dari Desa)
Matan Hilir Selatan,Sungai Pelang,"Sabtu, 12 September 2026 00:37:00",NASA-NOAA20,Medium,110.25589,-1.81282,False,False,False,True,False,True,Di Luar Area Pantauan (>1000m dari Desa)
Kendawangan,Pangkalan Batu,"Sabtu, 12 September 2026 00:37:00",NASA-NOAA20,Medium,110.35271,-2.13787,False,False,False,False,False,False,Di Luar Area Pantauan (>1000m dari Desa)
Muara Pawan,Ulak Medang,"Sabtu, 12 September 2026 00:37:00",NASA-NOAA20,Medium,110.26757,-1.63364,False,False,True,True,False,True,Di Luar Area Pantauan (>1000m dari Desa)
Marau,Randai,"Sabtu, 12 September 2026 00:37:00",NASA-NOAA20,Medium,110.48374,-2.16444,False,False,False,False,False,False,Di Luar Area Pantauan (>1000m dari Desa)
Matan Hilir Selatan,Pesaguan Kanan,"Sabtu, 12 September 2026 00:37:00",NASA-NOAA20,Medium,110.33755,-2.02249,False,False,True,True,False,True,Di Luar Area Pantauan (>1000m dari Desa)
Kendawangan,Bangkal Serai,"Sabtu, 12 September 2026 00:37:00",NASA-NOAA20,Medium,110.47469,-2.37904,False,False,False,False,False,False,Di Luar Area Pantauan (>1000m dari Desa)
Kendawangan,Airhitam Hulu,"Sabtu, 12 September 2026 00:37:00",NASA-NOAA20,Medium,110.62701,-2.62527,False,False,False,False,False,False,Di Luar Area Pantauan (>1000m dari Desa)
Matan Hilir Selatan,Sungai Besar,"Sabtu, 12 September 2026 00:37:00",NASA-NOAA20,Medium,110.197,-1.87274,False,False,True,True,False,True,Di Luar Area Pantauan (>1000m dari Desa)
Matan Hilir Selatan,Pesaguan Kanan,"Sabtu, 12 September 2026 00:37:00",NASA-NOAA20,Medium,110.34166,-2.02321,False,False,True,True,False,True,Di Luar Area Pantauan (>1000m dari Desa)
Manis Mata,Silat,"Sabtu, 12 September 2026 00:37:00",NASA-NOAA20,Medium,110.9437,-2.26391,False,False,False,False,False,False,Di Luar Area Pantauan (>1000m dari Desa)
Kendawangan,Pangkalan Batu,"Sabtu, 12 September 2026 00:37:00",NASA-NOAA20,Medium,110.34682,-2.14179,False,False,False,False,False,False,Di Luar Area Pantauan (>1000m dari Desa)
Matan Hilir Selatan,Sungai Pelang,"Sabtu, 12 September 2026 00:37:00",NASA-NOAA20,Medium,110.1818,-1.86535,False,False,True,True,False,True,Di Luar Area Pantauan (>1000m dari Desa)
Matan Hilir Selatan,Sungai Pelang,"Sabtu, 12 September 2026 00:37:00",NASA-NOAA20,Medium,110.23448,-1.84402,False,False,True,True,False,True,Di Luar Area Pantauan (>1000m dari Desa)
Matan Hilir Selatan,Sungai Besar,"Sabtu, 12 September 2026 00:37:00",NASA-NOAA20,Medium,110.26131,-1.87803,False,False,True,True,False,True,Di Luar Area Pantauan (>1000m dari Desa)
Matan Hilir Selatan,Sungai Besar,"Sabtu, 12 September 2026 00:37:00",NASA-NOAA20,Medium,110.2592,-1.88165,False,False,True,False,False,True,Di Luar Area Pantauan (>1000m dari Desa)
Kendawangan,Kendawangan Kiri,"Sabtu, 12 September 2026 00:37:00",NASA-NOAA20,Medium,110.24054,-2.48756,False,False,False,True,False,True,Di Luar Area Pantauan (>1000m dari Desa)
Matan Hilir Selatan,Pesaguan Kanan,"Sabtu, 12 September 2026 00:37:00",NASA-NOAA20,Medium,110.17316,-2.03496,False,False,False,True,False,True,Di Luar Area Pantauan (>1000m dari Desa)
Matan Hilir Selatan,Sungai Besar,"Sabtu, 12 September 2026 00:37:00",NASA-NOAA20,Medium,110.19777,-1.8679,False,False,True,True,False,True,Di Luar Area Pantauan (>1000m dari Desa)
Matan Hilir Selatan,Sungai Besar,"Sabtu, 12 September 2026 00:37:00",NASA-NOAA20,Medium,110.18712,-1.8662,False,False,True,True,False,True,Di Luar Area Pantauan (>1000m dari Desa)
Muara Pawan,Ulak Medang,"Sabtu, 12 September 2026 00:37:00",NASA-NOAA20,Medium,110.29478,-1.63307,False,False,True,True,False,True,Di Luar Area Pantauan (>1000m dari Desa)
Matan Hilir Selatan,Sungai Besar,"Sabtu, 12 September 2026 00:37:00",NASA-NOAA20,Medium,110.18973,-1.875,False,False,True,True,False,True,Di Luar Area Pantauan (>1000m dari Desa)
Matan Hilir Selatan,Sungai Besar,"Sabtu, 12 September 2026 00:37:00",NASA-NOAA20,Medium,110.25477,-1.87595,False,False,True,True,False,True,Di Luar Area Pantauan (>1000m dari Desa)
Kendawangan,Banjar Sari,"Sabtu, 12 September 2026 00:37:00",NASA-NOAA20,Medium,110.24568,-2.4884,False,False,False,True,False,True,Di Luar Area Pantauan (>1000m dari Desa)
Muara Pawan,Ulak Medang,"Sabtu, 12 September 2026 00:37:00",NASA-NOAA20,Medium,110.24953,-1.5178,False,False,True,True,False,True,Di Luar Area Pantauan (>1000m dari Desa)
Kendawangan,Airhitam Hulu,"Sabtu, 12 September 2026 00:37:00",NASA-NOAA20,Medium,110.612,-2.65617,False,False,False,False,False,False,Di Luar Area Pantauan (>1000m dari Desa)
Manis Mata,Silat,"Sabtu, 12 September 2026 00:37:00",NASA-NOAA20,Medium,110.92355,-2.27,False,False,False,False,False,False,Di Luar Area Pantauan (>1000m dari Desa)
Manis Mata,Silat,"Sabtu, 12 September 2026 00:37:00",NASA-NOAA20,Medium,110.91652,-2.25476,False,False,False,False,False,False,Di Luar Area Pantauan (>1000m dari Desa)
Matan Hilir Selatan,Sungai Besar,"Sabtu, 12 September 2026 00:37:00",NASA-NOAA20,Medium,110.20159,-1.87844,False,False,True,True,False,True,Di Luar Area Pantauan (>1000m dari Desa)
Matan Hilir Selatan,Sungai Besar,"Sabtu, 12 September 2026 00:37:00",NASA-NOAA20,Medium,110.18475,-1.88073,False,False,True,True,False,True,Di Luar Area Pantauan (>1000m dari Desa)
Matan Hilir Selatan,Sungai Besar,"Sabtu, 12 September 2026 00:37:00",NASA-NOAA20,Medium,110.19129,-1.86532,False,False,True,True,False,True,Di Luar Area Pantauan (>1000m dari Desa)
Matan Hilir Selatan,Sungai Besar,"Sabtu, 12 September 2026 00:37:00",NASA-NOAA20,Medium,110.25396,-1.88077,False,False,True,True,False,True,Di Luar Area Pantauan (>1000m dari Desa)
Marau,Batu Payung Dua,"Sabtu, 12 September 2026 00:37:00",NASA-NOAA20,Medium,110.57536,-2.03785,False,False,True,False,True,True,Di Luar Area Pantauan (>1000m dari Desa)
Matan Hilir Selatan,Sungai Nanjung,"Sabtu, 12 September 2026 00:37:00",NASA-NOAA20,Medium,110.17571,-2.08498,False,False,False,True,False,True,Di Luar Area Pantauan (>1000m dari Desa)
Manis Mata,Sengkuang Merabong,"Sabtu, 12 September 2026 00:37:00",NASA-NOAA20,Medium,110.96796,-2.18798,False,False,False,False,False,False,Di Luar Area Pantauan (>1000m dari Desa)
Manis Mata,Sengkuang Merabong,"Sabtu, 12 September 2026 13:18:00",NASA-NOAA20,Medium,110.97195,-2.19054,False,False,False,False,False,False,Di Luar Area Pantauan (>1000m dari Desa)
Marau,Pelanjau Jaya,"Sabtu, 12 September 2026 13:18:00",NASA-NOAA20,Medium,110.59168,-2.25226,False,False,False,False,False,False,Di Luar Area Pantauan (>1000m dari Desa)
Manis Mata,Sengkuang Merabong,"Sabtu, 12 September 2026 13:18:00",NASA-NOAA20,Medium,110.96754,-2.18764,False,False,False,False,False,False,Di Luar Area Pantauan (>1000m dari Desa)
Matan Hilir Selatan,Pagar Mentimun,"Sabtu, 12 September 2026 13:18:00",NASA-NOAA20,Medium,110.16967,-2.22999,False,False,True,False,False,True,Di Luar Area Pantauan (>1000m dari Desa)
Kendawangan,Mekar Utama,"Sabtu, 12 September 2026 13:18:00",NASA-NOAA20,Medium,110.20226,-2.32218,False,False,True,False,False,True,Di Luar Area Pantauan (>1000m dari Desa)
Marau,Pelanjau Jaya,"Sabtu, 12 September 2026 13:18:00",NASA-NOAA20,Medium,110.59273,-2.25914,False,False,False,False,False,False,Di Luar Area Pantauan (>1000m dari Desa)
Marau,Pelanjau Jaya,"Sabtu, 12 September 2026 13:18:00",NASA-NOAA20,Medium,110.58898,-2.25971,False,False,False,False,False,False,Di Luar Area Pantauan (>1000m dari Desa)
Simpang Hilir,Sungaimata-Mata,"Sabtu, 12 September 2026 13:18:00",NASA-NOAA20,Medium,109.96056,-1.04921,False,False,False,True,False,True,Di Luar Area Pantauan (>1000m dari Desa)
Marau,Randai,"Sabtu, 12 September 2026 13:18:00",NASA-NOAA20,Medium,110.48341,-2.16717,False,False,False,False,False,False,Di Luar Area Pantauan (>1000m dari Desa)
Kendawangan,Pangkalan Batu,"Sabtu, 12 September 2026 13:18:00",NASA-NOAA20,Medium,110.34605,-2.16018,False,False,False,False,False,False,Di Luar Area Pantauan (>1000m dari Desa)
Matan Hilir Selatan,Pagar Mentimun,"Sabtu, 12 September 2026 13:18:00",NASA-NOAA20,Medium,110.13284,-2.28078,False,False,False,False,False,False,Di Luar Area Pantauan (>1000m dari Desa)
Matan Hilir Selatan,Pagar Mentimun,"Sabtu, 12 September 2026 13:18:00",NASA-NOAA20,Medium,110.17693,-2.22886,False,False,False,False,False,False,Di Luar Area Pantauan (>1000m dari Desa)
Matan Hilir Selatan,Pagar Mentimun,"Sabtu, 12 September 2026 13:18:00",NASA-NOAA20,Medium,110.12872,-2.27795,False,False,False,False,False,False,Di Luar Area Pantauan (>1000m dari Desa)
Kendawangan,Kedondong,"Sabtu, 12 September 2026 13:18:00",NASA-NOAA20,Medium,110.26068,-2.2402,False,False,False,False,False,False,Di Luar Area Pantauan (>1000m dari Desa)
Matan Hilir Selatan,Pesaguan Kanan,"Sabtu, 12 September 2026 13:18:00",NASA-NOAA20,Medium,110.25523,-2.03426,False,False,True,True,False,True,Di Luar Area Pantauan (>1000m dari Desa)
Jelai Hulu,Tanggerang,"Sabtu, 12 September 2026 13:18:00",NASA-NOAA20,Medium,110.70676,-2.02111,False,False,False,False,False,False,Di Luar Area Pantauan (>1000m dari Desa)
Kendawangan,Kedondong,"Sabtu, 12 September 2026 13:18:00",NASA-NOAA20,Medium,110.32479,-2.29304,False,False,False,False,False,False,Di Luar Area Pantauan (>1000m dari Desa)
Marau,Pelanjau Jaya,"Sabtu, 12 September 2026 13:18:00",NASA-NOAA20,Medium,110.5922,-2.2557,False,False,False,False,False,False,Di Luar Area Pantauan (>1000m dari Desa)
Manis Mata,Pelempangan,"Sabtu, 12 September 2026 13:18:00",NASA-NOAA20,Medium,111.0438,-2.11492,False,False,False,False,False,False,Di Luar Area Pantauan (>1000m dari Desa)
Matan Hilir Selatan,Pagar Mentimun,"Sabtu, 12 September 2026 13:18:00",NASA-NOAA20,Medium,110.15869,-2.30455,False,False,False,True,False,True,Di Luar Area Pantauan (>1000m dari Desa)
Manis Mata,Silat,"Sabtu, 12 September 2026 13:18:00",NASA-NOAA20,Medium,110.91508,-2.25779,False,False,False,False,False,False,Di Luar Area Pantauan (>1000m dari Desa)
Matan Hilir Selatan,Pagar Mentimun,"Sabtu, 12 September 2026 13:18:00",NASA-NOAA20,Medium,110.20496,-2.24188,False,False,False,False,False,False,Di Luar Area Pantauan (>1000m dari Desa)
Matan Hilir Selatan,Pagar Mentimun,"Sabtu, 12 September 2026 13:18:00",NASA-NOAA20,Medium,110.2086,-2.24131,False,False,False,False,False,False,Di Luar Area Pantauan (>1000m dari Desa)
Matan Hilir Selatan,Pagar Mentimun,"Sabtu, 12 September 2026 13:18:00",NASA-NOAA20,Medium,110.20912,-2.24471,False,False,False,False,False,False,Di Luar Area Pantauan (>1000m dari Desa)
Manis Mata,Silat,"Sabtu, 12 September 2026 13:18:00",NASA-NOAA20,Medium,110.94416,-2.26756,False,False,False,False,False,False,Di Luar Area Pantauan (>1000m dari Desa)
Kendawangan,Bangkal Serai,"Sabtu, 12 September 2026 13:18:00",NASA-NOAA20,Medium,110.47775,-2.37816,False,False,False,False,False,False,Di Luar Area Pantauan (>1000m dari Desa)
Manis Mata,Sengkuang Merabong,"Sabtu, 12 September 2026 13:18:00",NASA-NOAA20,Medium,110.96366,-2.18823,False,False,False,False,False,False,Di Luar Area Pantauan (>1000m dari Desa)
Marau,Pelanjau Jaya,"Sabtu, 12 September 2026 13:18:00",NASA-NOAA20,Medium,110.59596,-2.25513,False,False,False,False,False,False,Di Luar Area Pantauan (>1000m dari Desa)
Matan Hilir Selatan,Pagar Mentimun,"Sabtu, 12 September 2026 13:18:00",NASA-NOAA20,Medium,110.2621,-2.20092,False,False,True,True,True,True,Di Luar Area Pantauan (>1000m dari Desa)
Matan Hilir Selatan,Sungai Nanjung,"Sabtu, 12 September 2026 13:18:00",NASA-NOAA20,Medium,110.25742,-2.19467,False,False,True,True,True,True,Di Luar Area Pantauan (>1000m dari Desa)
Matan Hilir Selatan,Sungai Nanjung,"Sabtu, 12 September 2026 13:18:00",NASA-NOAA20,Medium,110.26158,-2.19752,False,False,True,True,True,True,Di Luar Area Pantauan (>1000m dari Desa)
Matan Hilir Selatan,Pagar Mentimun,"Sabtu, 12 September 2026 13:18:00",NASA-NOAA20,Medium,110.10056,-2.21516,False,False,False,False,False,False,Di Luar Area Pantauan (>1000m dari Desa)
Matan Hilir Selatan,Sungai Nanjung,"Sabtu, 12 September 2026 13:18:00",NASA-NOAA20,Medium,110.23605,-2.17706,False,False,True,True,False,True,Di Luar Area Pantauan (>1000m dari Desa)
Matan Hilir Selatan,Pagar Mentimun,"Sabtu, 12 September 2026 13:18:00",NASA-NOAA20,Medium,110.18678,-2.2447,False,False,True,True,False,True,Di Luar Area Pantauan (>1000m dari Desa)
Kendawangan,Pangkalan Batu,"Sabtu, 12 September 2026 13:18:00",NASA-NOAA20,Medium,110.37764,-2.19411,False,False,False,False,False,False,Di Luar Area Pantauan (>1000m dari Desa)
Matan Hilir Selatan,Pagar Mentimun,"Sabtu, 12 September 2026 13:18:00",NASA-NOAA20,Medium,110.09695,-2.21571,False,False,False,False,False,False,Di Luar Area Pantauan (>1000m dari Desa)
Matan Hilir Selatan,Pagar Mentimun,"Sabtu, 12 September 2026 13:18:00",NASA-NOAA20,Medium,110.10728,-2.21067,False,False,False,False,False,False,Di Luar Area Pantauan (>1000m dari Desa)
Matan Hilir Selatan,Pagar Mentimun,"Sabtu, 12 September 2026 13:18:00",NASA-NOAA20,Medium,110.25793,-2.19807,False,False,True,True,True,True,Di Luar Area Pantauan (>1000m dari Desa)
Jelai Hulu,Semantun,"Sabtu, 12 September 2026 13:18:00",NASA-NOAA20,Medium,111.05888,-2.07939,False,False,False,False,False,False,Di Luar Area Pantauan (>1000m dari Desa)
Kendawangan,Kedondong,"Sabtu, 12 September 2026 13:18:00",NASA-NOAA20,Medium,110.28874,-2.20383,False,False,False,False,False,False,Di Luar Area Pantauan (>1000m dari Desa)
Matan Hilir Selatan,Sungai Nanjung,"Sabtu, 12 September 2026 13:18:00",NASA-NOAA20,Medium,110.22043,-2.1725,False,False,True,False,False,True,Di Luar Area Pantauan (>1000m dari Desa)
Matan Hilir Selatan,Sungai Nanjung,"Sabtu, 12 September 2026 13:18:00",NASA-NOAA20,Medium,110.20274,-2.1787,False,False,False,False,False,False,Di Luar Area Pantauan (>1000m dari Desa)
Kendawangan,Pangkalan Batu,"Sabtu, 12 September 2026 13:18:00",NASA-NOAA20,Medium,110.34238,-2.16075,False,False,False,False,False,False,Di Luar Area Pantauan (>1000m dari Desa)
Matan Hilir Selatan,Sungai Nanjung,"Sabtu, 12 September 2026 13:18:00",NASA-NOAA20,Medium,110.21053,-2.18098,False,False,False,False,False,False,Di Luar Area Pantauan (>1000m dari Desa)
Matan Hilir Selatan,Sungai Nanjung,"Sabtu, 12 September 2026 13:18:00",NASA-NOAA20,Medium,110.22198,-2.1827,False,False,False,False,False,False,Di Luar Area Pantauan (>1000m dari Desa)
Matan Hilir Selatan,Sungai Nanjung,"Sabtu, 12 September 2026 13:18:00",NASA-NOAA20,Medium,110.24335,-2.17594,False,False,True,True,True,True,Di Luar Area Pantauan (>1000m dari Desa)
Matan Hilir Selatan,Sungai Nanjung,"Sabtu, 12 September 2026 13:18:00",NASA-NOAA20,Medium,110.26529,-2.17258,False,False,True,True,True,True,Di Luar Area Pantauan (>1000m dari Desa)
Matan Hilir Selatan,Sungai Nanjung,"Sabtu, 12 September 2026 13:18:00",NASA-NOAA20,Medium,110.22095,-2.1759,False,False,False,False,False,False,Di Luar Area Pantauan (>1000m dari Desa)
Matan Hilir Selatan,Sungai Nanjung,"Sabtu, 12 September 2026 13:18:00",NASA-NOAA20,Medium,110.21679,-2.17306,False,False,True,False,False,True,Di Luar Area Pantauan (>1000m dari Desa)
Kendawangan,Pangkalan Batu,"Sabtu, 12 September 2026 13:18:00",NASA-NOAA20,Medium,110.35452,-2.14141,False,False,False,False,False,False,Di Luar Area Pantauan (>1000m dari Desa)
Kendawangan,Pangkalan Batu,"Sabtu, 12 September 2026 13:18:00",NASA-NOAA20,Medium,110.35556,-2.14824,False,False,False,False,False,False,Di Luar Area Pantauan (>1000m dari Desa)
Kendawangan,Pangkalan Batu,"Sabtu, 12 September 2026 13:18:00",NASA-NOAA20,Medium,110.35504,-2.14483,False,False,False,False,False,False,Di Luar Area Pantauan (>1000m dari Desa)
Marau,Pelanjau Jaya,"Sabtu, 12 September 2026 13:18:00",NASA-NOAA20,Medium,110.58469,-2.25685,False,False,False,False,False,False,Di Luar Area Pantauan (>1000m dari Desa)
Kendawangan,Selimantan Jaya,"Sabtu, 12 September 2026 13:18:00",NASA-NOAA20,Medium,110.58522,-2.26029,False,False,False,False,False,False,Di Luar Area Pantauan (>1000m dari Desa)
Matan Hilir Selatan,Sungai Nanjung,"Sabtu, 12 September 2026 13:18:00",NASA-NOAA20,Medium,110.15344,-2.14808,False,False,False,False,False,False,Di Luar Area Pantauan (>1000m dari Desa)
Manis Mata,Sengkuang Merabong,"Sabtu, 12 September 2026 13:18:00",NASA-NOAA20,Medium,110.96808,-2.19113,False,False,False,False,False,False,Di Luar Area Pantauan (>1000m dari Desa)
Matan Hilir Selatan,Pagar Mentimun,"Sabtu, 12 September 2026 13:18:00",NASA-NOAA20,Medium,110.18626,-2.2413,False,False,False,False,False,False,Di Luar Area Pantauan (>1000m dari Desa)
Marau,Pelanjau Jaya,"Sabtu, 12 September 2026 13:18:00",NASA-NOAA20,Medium,110.58794,-2.25283,False,False,False,False,False,False,Di Luar Area Pantauan (>1000m dari Desa)
Kendawangan,Sungai Jelayan,"Sabtu, 12 September 2026 13:18:00",NASA-NOAA20,Medium,110.45298,-2.2174,False,False,False,False,False,False,Di Luar Area Pantauan (>1000m dari Desa)
Kendawangan,Bangkal Serai,"Sabtu, 12 September 2026 13:18:00",NASA-NOAA20,Medium,110.47723,-2.37474,False,False,False,False,False,False,Di Luar Area Pantauan (>1000m dari Desa)
Manis Mata,Sengkuang Merabong,"Sabtu, 12 September 2026 13:18:00",NASA-NOAA20,Medium,110.97142,-2.18704,False,False,False,False,False,False,Di Luar Area Pantauan (>1000m dari Desa)
Kendawangan,Sungai Jelayan,"Sabtu, 12 September 2026 13:18:00",NASA-NOAA20,Medium,110.42513,-2.06058,False,False,False,False,False,False,Di Luar Area Pantauan (>1000m dari Desa)
Matan Hilir Selatan,Pesaguan Kanan,"Sabtu, 12 September 2026 13:18:00",NASA-NOAA20,Medium,110.33015,-2.05762,False,False,True,False,False,True,Di Luar Area Pantauan (>1000m dari Desa)
Marau,Batu Payung Dua,"Sabtu, 12 September 2026 13:18:00",NASA-NOAA20,Medium,110.57027,-2.03842,False,False,True,False,True,True,Di Luar Area Pantauan (>1000m dari Desa)
Marau,Batu Payung Dua,"Sabtu, 12 September 2026 13:18:00",NASA-NOAA20,Medium,110.57386,-2.03787,False,False,True,False,True,True,Di Luar Area Pantauan (>1000m dari Desa)
Matan Hilir Selatan,Pesaguan Kanan,"Sabtu, 12 September 2026 13:18:00",NASA-NOAA20,Medium,110.37544,-2.05767,False,False,False,False,False,False,Di Luar Area Pantauan (>1000m dari Desa)
Matan Hilir Selatan,Kemuning Biutak,"Sabtu, 12 September 2026 13:18:00",NASA-NOAA20,Medium,110.40558,-2.03204,False,False,False,False,False,False,Di Luar Area Pantauan (>1000m dari Desa)
Matan Hilir Selatan,Sungai Nanjung,"Sabtu, 12 September 2026 13:18:00",NASA-NOAA20,Medium,110.17739,-2.08798,False,False,False,True,False,True,Di Luar Area Pantauan (>1000m dari Desa)
Matan Hilir Selatan,Pesaguan Kanan,"Sabtu, 12 September 2026 13:18:00",NASA-NOAA20,Medium,110.3482,-2.00241,False,False,True,True,False,True,Di Luar Area Pantauan (>1000m dari Desa)
Matan Hilir Selatan,Pesaguan Kanan,"Sabtu, 12 September 2026 13:18:00",NASA-NOAA20,Medium,110.25471,-2.03085,False,False,True,True,False,True,Di Luar Area Pantauan (>1000m dari Desa)
Matan Hilir Selatan,Pesaguan Kanan,"Sabtu, 12 September 2026 13:18:00",NASA-NOAA20,Medium,110.18944,-2.04441,False,False,False,True,False,True,Di Luar Area Pantauan (>1000m dari Desa)
Matan Hilir Selatan,Pesaguan Kanan,"Sabtu, 12 September 2026 13:18:00",NASA-NOAA20,Medium,110.25838,-2.03028,False,False,True,True,False,True,Di Luar Area Pantauan (>1000m dari Desa)
Matan Hilir Selatan,Pesaguan Kanan,"Sabtu, 12 September 2026 13:18:00",NASA-NOAA20,Medium,110.32763,-2.01608,False,False,False,False,False,False,Di Luar Area Pantauan (>1000m dari Desa)
Matan Hilir Selatan,Pematang Gadung,"Sabtu, 12 September 2026 13:18:00",NASA-NOAA20,Medium,110.31868,-1.96119,False,False,True,True,False,True,Di Luar Area Pantauan (>1000m dari Desa)
Matan Hilir Selatan,Pematang Gadung,"Sabtu, 12 September 2026 13:18:00",NASA-NOAA20,Medium,110.19082,-1.98422,False,False,False,True,False,True,Di Luar Area Pantauan (>1000m dari Desa)
Matan Hilir Selatan,Pematang Gadung,"Sabtu, 12 September 2026 13:18:00",NASA-NOAA20,Medium,110.19447,-1.98366,False,False,False,True,False,True,Di Luar Area Pantauan (>1000m dari Desa)
Matan Hilir Selatan,Pematang Gadung,"Sabtu, 12 September 2026 13:18:00",NASA-NOAA20,Medium,110.32237,-1.96063,False,False,True,True,False,True,Di Luar Area Pantauan (>1000m dari Desa)
Matan Hilir Selatan,Pematang Gadung,"Sabtu, 12 September 2026 13:18:00",NASA-NOAA20,Medium,110.31499,-1.96176,False,False,True,True,False,True,Di Luar Area Pantauan (>1000m dari Desa)
Matan Hilir Selatan,Sungai Besar,"Sabtu, 12 September 2026 13:18:00",NASA-NOAA20,Medium,110.25745,-1.883,False,False,True,False,False,True,Di Luar Area Pantauan (>1000m dari Desa)
Matan Hilir Selatan,Sungai Besar,"Sabtu, 12 September 2026 13:18:00",NASA-NOAA20,Medium,110.1889,-1.87602,False,False,True,True,False,True,Di Luar Area Pantauan (>1000m dari Desa)
Matan Hilir Selatan,Sungai Besar,"Sabtu, 12 September 2026 13:18:00",NASA-NOAA20,Medium,110.21656,-1.88573,False,False,True,True,False,True,Di Luar Area Pantauan (>1000m dari Desa)
Matan Hilir Selatan,Sungai Besar,"Sabtu, 12 September 2026 13:18:00",NASA-NOAA20,Medium,110.25694,-1.87959,False,False,True,True,False,True,Di Luar Area Pantauan (>1000m dari Desa)
Matan Hilir Selatan,Sungai Besar,"Sabtu, 12 September 2026 13:18:00",NASA-NOAA20,Medium,110.16902,-1.89297,False,False,True,True,False,True,Di Luar Area Pantauan (>1000m dari Desa)
Matan Hilir Selatan,Sungai Besar,"Sabtu, 12 September 2026 13:18:00",NASA-NOAA20,Medium,110.16588,-1.89693,False,False,True,True,False,True,Di Luar Area Pantauan (>1000m dari Desa)
Matan Hilir Selatan,Sungai Besar,"Sabtu, 12 September 2026 13:18:00",NASA-NOAA20,Medium,110.26062,-1.87903,False,False,True,True,False,True,Di Luar Area Pantauan (>1000m dari Desa)
Matan Hilir Selatan,Sungai Besar,"Sabtu, 12 September 2026 13:18:00",NASA-NOAA20,Medium,110.20192,-1.88796,False,False,True,True,False,True,Di Luar Area Pantauan (>1000m dari Desa)
Matan Hilir Selatan,Sungai Besar,"Sabtu, 12 September 2026 13:18:00",NASA-NOAA20,Medium,110.17268,-1.89242,False,False,True,True,False,True,Di Luar Area Pantauan (>1000m dari Desa)
Matan Hilir Selatan,Sungai Besar,"Sabtu, 12 September 2026 13:18:00",NASA-NOAA20,Medium,110.16172,-1.89408,False,False,True,True,False,True,Di Luar Area Pantauan (>1000m dari Desa)
Matan Hilir Selatan,Sungai Besar,"Sabtu, 12 September 2026 13:18:00",NASA-NOAA20,Medium,110.17319,-1.89582,False,False,True,True,False,True,Di Luar Area Pantauan (>1000m dari Desa)
Matan Hilir Selatan,Sungai Besar,"Sabtu, 12 September 2026 13:18:00",NASA-NOAA20,Medium,110.19205,-1.87206,False,False,True,True,False,True,Di Luar Area Pantauan (>1000m dari Desa)
Matan Hilir Selatan,Sungai Besar,"Sabtu, 12 September 2026 13:18:00",NASA-NOAA20,Medium,110.21033,-1.86927,False,False,True,True,False,True,Di Luar Area Pantauan (>1000m dari Desa)
Matan Hilir Selatan,Sungai Pelang,"Sabtu, 12 September 2026 13:18:00",NASA-NOAA20,Medium,110.15967,-1.88048,False,False,True,True,False,True,Di Luar Area Pantauan (>1000m dari Desa)
Matan Hilir Selatan,Sungai Besar,"Sabtu, 12 September 2026 13:18:00",NASA-NOAA20,Medium,110.18839,-1.87262,False,False,True,True,False,True,Di Luar Area Pantauan (>1000m dari Desa)
Muara Pawan,Mayak,"Sabtu, 12 September 2026 13:18:00",NASA-NOAA20,Medium,110.14988,-1.71764,False,False,False,True,False,True,Di Luar Area Pantauan (>1000m dari Desa)
Matan Hilir Selatan,Sungai Pelang,"Sabtu, 12 September 2026 13:18:00",NASA-NOAA20,Medium,110.1916,-1.84427,False,False,False,True,False,True,Di Luar Area Pantauan (>1000m dari Desa)
Muara Pawan,Mayak,"Sabtu, 12 September 2026 13:18:00",NASA-NOAA20,Medium,110.17183,-1.71425,False,False,True,True,False,True,Di Luar Area Pantauan (>1000m dari Desa)
Matan Hilir Selatan,Sungai Nanjung,"Sabtu, 12 September 2026 13:18:00",NASA-NOAA20,Medium,110.2606,-2.16633,False,False,True,True,True,True,Di Luar Area Pantauan (>1000m dari Desa)
Matan Hilir Selatan,Pagar Mentimun,"Sabtu, 12 September 2026 13:18:00",NASA-NOAA20,Medium,110.09745,-2.2191,False,False,False,False,False,False,Di Luar Area Pantauan (>1000m dari Desa)
Matan Hilir Selatan,Pagar Mentimun,"Sabtu, 12 September 2026 13:18:00",NASA-NOAA20,Medium,110.09384,-2.21965,False,False,False,False,False,False,Di Luar Area Pantauan (>1000m dari Desa)
Nanga Tayap,Batu Mas,"Sabtu, 12 September 2026 13:18:00",NASA-NOAA20,Medium,110.66318,-1.68434,False,False,True,False,False,True,Di Luar Area Pantauan (>1000m dari Desa)
Nanga Tayap,Batu Mas,"Sabtu, 12 September 2026 13:18:00",NASA-NOAA20,Medium,110.65554,-1.68551,False,False,True,False,False,True,Di Luar Area Pantauan (>1000m dari Desa)
Sungai Melayu Rayak,Makmur Abadi,"Sabtu, 12 September 2026 13:18:00",NASA-NOAA20,Medium,110.22986,-1.75066,False,False,False,True,False,True,Di Luar Area Pantauan (>1000m dari Desa)
Nanga Tayap,Batu Mas,"Sabtu, 12 September 2026 13:18:00",NASA-NOAA20,Medium,110.65173,-1.68609,False,False,False,False,False,False,Di Luar Area Pantauan (>1000m dari Desa)
Nanga Tayap,Batu Mas,"Sabtu, 12 September 2026 13:18:00",NASA-NOAA20,Medium,110.65936,-1.68492,False,False,True,False,False,True,Di Luar Area Pantauan (>1000m dari Desa)
Muara Pawan,Tanjung Pura,"Sabtu, 12 September 2026 13:18:00",NASA-NOAA20,Medium,110.22109,-1.69268,False,False,True,True,False,True,Di Luar Area Pantauan (>1000m dari Desa)
Matan Hilir Selatan,Sungai Nanjung,"Sabtu, 12 September 2026 13:18:00",NASA-NOAA20,Medium,110.14982,-2.14864,False,False,False,False,False,False,Di Luar Area Pantauan (>1000m dari Desa)
Matan Hilir Selatan,Sungai Nanjung,"Sabtu, 12 September 2026 13:18:00",NASA-NOAA20,Medium,110.14619,-2.1492,False,False,False,False,False,False,Di Luar Area Pantauan (>1000m dari Desa)
Muara Pawan,Tanjung Pura,"Sabtu, 12 September 2026 13:18:00",NASA-NOAA20,Medium,110.17863,-1.70972,False,False,True,True,False,True,Di Luar Area Pantauan (>1000m dari Desa)
Matan Hilir Selatan,Sungai Nanjung,"Sabtu, 12 September 2026 13:18:00",NASA-NOAA20,Medium,110.22369,-2.11981,False,False,False,False,False,False,Di Luar Area Pantauan (>1000m dari Desa)
Muara Pawan,Mayak,"Sabtu, 12 September 2026 13:18:00",NASA-NOAA20,Medium,110.14571,-1.71481,False,False,True,True,False,True,Di Luar Area Pantauan (>1000m dari Desa)
Sungai Melayu Rayak,Makmur Abadi,"Sabtu, 12 September 2026 13:18:00",NASA-NOAA20,Medium,110.31007,-1.68238,False,False,False,False,False,False,Di Luar Area Pantauan (>1000m dari Desa)
Matan Hilir Selatan,Sungai Nanjung,"Sabtu, 12 September 2026 13:18:00",NASA-NOAA20,Medium,110.20911,-2.12208,False,False,True,False,False,True,Di Luar Area Pantauan (>1000m dari Desa)
Muara Pawan,Tanjung Pura,"Sabtu, 12 September 2026 13:18:00",NASA-NOAA20,Medium,110.18178,-1.70575,False,False,True,True,False,True,Di Luar Area Pantauan (>1000m dari Desa)
Matan Hilir Selatan,Sungai Nanjung,"Sabtu, 12 September 2026 13:18:00",NASA-NOAA20,Medium,110.22005,-2.12038,False,False,False,False,False,False,Di Luar Area Pantauan (>1000m dari Desa)
Matan Hilir Selatan,Kemuning Biutak,"Sabtu, 12 September 2026 13:18:00",NASA-NOAA20,Medium,110.36349,-1.95784,False,False,False,False,False,False,Di Luar Area Pantauan (>1000m dari Desa)
Sungai Melayu Rayak,Makmur Abadi,"Sabtu, 12 September 2026 13:18:00",NASA-NOAA20,Medium,110.27048,-1.69551,False,False,True,True,False,True,Di Luar Area Pantauan (>1000m dari Desa)
Muara Pawan,Mayak,"Sabtu, 12 September 2026 13:18:00",NASA-NOAA20,Medium,110.15931,-1.70574,False,False,True,True,False,True,Di Luar Area Pantauan (>1000m dari Desa)
Muara Pawan,Tanjung Pura,"Sabtu, 12 September 2026 13:18:00",NASA-NOAA20,Medium,110.2253,-1.69552,False,False,False,True,False,True,Di Luar Area Pantauan (>1000m dari Desa)
Matan Hilir Selatan,Pesaguan Kanan,"Sabtu, 12 September 2026 13:18:00",NASA-NOAA20,Medium,110.25157,-2.03482,False,False,True,True,False,True,Di Luar Area Pantauan (>1000m dari Desa)
Matan Hilir Selatan,Pesaguan Kanan,"Sabtu, 12 September 2026 13:18:00",NASA-NOAA20,Medium,110.24791,-2.03539,False,False,True,True,False,True,Di Luar Area Pantauan (>1000m dari Desa)
Matan Hilir Selatan,Sungai Nanjung,"Sabtu, 12 September 2026 13:18:00",NASA-NOAA20,Medium,110.20757,-2.11188,False,False,True,True,False,True,Di Luar Area Pantauan (>1000m dari Desa)
Marau,Belaban,"Sabtu, 12 September 2026 13:18:00",NASA-NOAA20,Medium,110.65091,-2.0367,False,False,False,False,False,False,Di Luar Area Pantauan (>1000m dari Desa)
Matan Hilir Selatan,Sungai Nanjung,"Sabtu, 12 September 2026 13:18:00",NASA-NOAA20,Medium,110.23048,-2.11528,False,False,False,True,False,True,Di Luar Area Pantauan (>1000m dari Desa)
Matan Hilir Selatan,Sungai Nanjung,"Sabtu, 12 September 2026 13:18:00",NASA-NOAA20,Medium,110.21954,-2.11698,False,False,False,True,False,True,Di Luar Area Pantauan (>1000m dari Desa)
Matan Hilir Selatan,Sungai Nanjung,"Sabtu, 12 September 2026 13:18:00",NASA-NOAA20,Medium,110.20703,-2.11127,False,False,True,True,False,True,Di Luar Area Pantauan (>1000m dari Desa)
Matan Hilir Selatan,Pesaguan Kanan,"Sabtu, 12 September 2026 13:18:00",NASA-NOAA20,Medium,110.35078,-2.01949,False,False,True,True,False,True,Di Luar Area Pantauan (>1000m dari Desa)
Matan Hilir Selatan,Pesaguan Kanan,"Sabtu, 12 September 2026 13:18:00",NASA-NOAA20,Medium,110.24739,-2.03198,False,False,True,True,False,True,Di Luar Area Pantauan (>1000m dari Desa)
Matan Hilir Selatan,Pesaguan Kanan,"Sabtu, 12 September 2026 13:18:00",NASA-NOAA20,Medium,110.32712,-2.01267,False,False,False,False,False,False,Di Luar Area Pantauan (>1000m dari Desa)
Matan Hilir Selatan,Sungai Nanjung,"Sabtu, 12 September 2026 13:18:00",NASA-NOAA20,Medium,110.22683,-2.11585,False,False,False,True,False,True,Di Luar Area Pantauan (>1000m dari Desa)
Matan Hilir Selatan,Sungai Nanjung,"Sabtu, 12 September 2026 13:18:00",NASA-NOAA20,Medium,110.22318,-2.11641,False,False,False,True,False,True,Di Luar Area Pantauan (>1000m dari Desa)
Matan Hilir Selatan,Sungai Nanjung,"Sabtu, 12 September 2026 13:18:00",NASA-NOAA20,Medium,110.17841,-2.11642,False,False,False,False,False,False,Di Luar Area Pantauan (>1000m dari Desa)
Matan Hilir Selatan,Pesaguan Kanan,"Sabtu, 12 September 2026 13:18:00",NASA-NOAA20,Medium,110.28925,-2.03598,False,False,False,False,False,False,Di Luar Area Pantauan (>1000m dari Desa)
Matan Hilir Selatan,Pesaguan Kanan,"Sabtu, 12 September 2026 13:18:00",NASA-NOAA20,Medium,110.1936,-2.04725,False,False,False,True,False,True,Di Luar Area Pantauan (>1000m dari Desa)
Matan Hilir Selatan,Pesaguan Kanan,"Sabtu, 12 September 2026 13:18:00",NASA-NOAA20,Medium,110.25105,-2.03141,False,False,True,True,False,True,Di Luar Area Pantauan (>1000m dari Desa)
Matan Hilir Selatan,Pesaguan Kanan,"Sabtu, 12 September 2026 13:18:00",NASA-NOAA20,Medium,110.24635,-2.02517,False,False,True,True,False,True,Di Luar Area Pantauan (>1000m dari Desa)
Jelai Hulu,Pangkalan Suka,"Sabtu, 12 September 2026 13:18:00",NASA-NOAA20,Medium,110.96452,-1.9065,False,False,True,False,False,True,Di Luar Area Pantauan (>1000m dari Desa)
Matan Hilir Selatan,Pesaguan Kanan,"Sabtu, 12 September 2026 13:18:00",NASA-NOAA20,Medium,110.21973,-2.02233,False,False,False,True,False,True,Di Luar Area Pantauan (>1000m dari Desa)
Matan Hilir Selatan,Pesaguan Kanan,"Sabtu, 12 September 2026 13:18:00",NASA-NOAA20,Medium,110.326,-1.98454,False,False,False,False,False,False,Di Luar Area Pantauan (>1000m dari Desa)
Matan Hilir Selatan,Pematang Gadung,"Sabtu, 12 September 2026 13:18:00",NASA-NOAA20,Medium,110.30917,-1.97313,False,False,True,True,False,True,Di Luar Area Pantauan (>1000m dari Desa)
Matan Hilir Selatan,Kemuning Biutak,"Sabtu, 12 September 2026 13:18:00",NASA-NOAA20,Medium,110.36135,-1.96867,False,False,False,False,False,False,Di Luar Area Pantauan (>1000m dari Desa)
Matan Hilir Selatan,Kemuning Biutak,"Sabtu, 12 September 2026 13:18:00",NASA-NOAA20,Medium,110.36032,-1.96183,False,False,False,True,False,True,Di Luar Area Pantauan (>1000m dari Desa)
Matan Hilir Selatan,Kemuning Biutak,"Sabtu, 12 September 2026 13:18:00",NASA-NOAA20,Medium,110.3598,-1.95841,False,False,False,True,False,True,Di Luar Area Pantauan (>1000m dari Desa)
Matan Hilir Selatan,Pematang Gadung,"Sabtu, 12 September 2026 13:18:00",NASA-NOAA20,Medium,110.20647,-1.96442,False,False,False,True,False,True,Di Luar Area Pantauan (>1000m dari Desa)
Matan Hilir Selatan,Pematang Gadung,"Sabtu, 12 September 2026 13:18:00",NASA-NOAA20,Medium,110.20705,-1.94344,False,False,True,True,False,True,Di Luar Area Pantauan (>1000m dari Desa)
Matan Hilir Selatan,Pematang Gadung,"Sabtu, 12 September 2026 13:18:00",NASA-NOAA20,Medium,110.19499,-1.98706,False,False,False,True,False,True,Di Luar Area Pantauan (>1000m dari Desa)
Matan Hilir Selatan,Pematang Gadung,"Sabtu, 12 September 2026 13:18:00",NASA-NOAA20,Medium,110.21128,-1.92189,False,False,True,True,False,True,Di Luar Area Pantauan (>1000m dari Desa)
Matan Hilir Selatan,Sungai Besar,"Sabtu, 12 September 2026 13:18:00",NASA-NOAA20,Medium,110.16639,-1.90033,False,False,True,True,False,True,Di Luar Area Pantauan (>1000m dari Desa)
Matan Hilir Selatan,Sungai Besar,"Sabtu, 12 September 2026 13:18:00",NASA-NOAA20,Medium,110.18311,-1.88735,False,False,True,True,False,True,Di Luar Area Pantauan (>1000m dari Desa)
Matan Hilir Selatan,Sungai Besar,"Sabtu, 12 September 2026 13:18:00",NASA-NOAA20,Medium,110.20506,-1.884,False,False,True,True,False,True,Di Luar Area Pantauan (>1000m dari Desa)
Matan Hilir Selatan,Sungai Besar,"Sabtu, 12 September 2026 13:18:00",NASA-NOAA20,Medium,110.20089,-1.88116,False,False,True,True,False,True,Di Luar Area Pantauan (>1000m dari Desa)
Jelai Hulu,Karang Dangin,"Sabtu, 12 September 2026 13:18:00",NASA-NOAA20,Medium,110.97826,-1.78849,False,False,True,False,False,True,Di Luar Area Pantauan (>1000m dari Desa)
Matan Hilir Selatan,Pematang Gadung,"Sabtu, 12 September 2026 13:18:00",NASA-NOAA20,Medium,110.21179,-1.9253,False,False,True,True,False,True,Di Luar Area Pantauan (>1000m dari Desa)
Tumbang Titi,Batu Beransak,"Sabtu, 12 September 2026 13:18:00",NASA-NOAA20,Medium,110.68926,-1.83006,False,False,False,False,False,False,Di Luar Area Pantauan (>1000m dari Desa)
Tumbang Titi,Tanjung Maloi,"Sabtu, 12 September 2026 13:18:00",NASA-NOAA20,Medium,110.68874,-1.8266,False,False,False,False,False,False,Di Luar Area Pantauan (>1000m dari Desa)
Matan Hilir Selatan,Sungai Besar,"Sabtu, 12 September 2026 13:18:00",NASA-NOAA20,Medium,110.17063,-1.90035,False,False,True,True,False,True,Di Luar Area Pantauan (>1000m dari Desa)
Matan Hilir Selatan,Sungai Besar,"Sabtu, 12 September 2026 13:18:00",NASA-NOAA20,Medium,110.1737,-1.89922,False,False,True,True,False,True,Di Luar Area Pantauan (>1000m dari Desa)
Matan Hilir Selatan,Sungai Besar,"Sabtu, 12 September 2026 13:18:00",NASA-NOAA20,Medium,110.26011,-1.87562,False,False,True,True,False,True,Di Luar Area Pantauan (>1000m dari Desa)
Matan Hilir Selatan,Sungai Besar,"Sabtu, 12 September 2026 13:18:00",NASA-NOAA20,Medium,110.25642,-1.87618,False,False,True,True,False,True,Di Luar Area Pantauan (>1000m dari Desa)
Matan Hilir Selatan,Sungai Besar,"Sabtu, 12 September 2026 13:18:00",NASA-NOAA20,Medium,110.21238,-1.88289,False,False,True,True,False,True,Di Luar Area Pantauan (>1000m dari Desa)
Matan Hilir Selatan,Sungai Besar,"Sabtu, 12 September 2026 13:18:00",NASA-NOAA20,Medium,110.1685,-1.88957,False,False,True,True,False,True,Di Luar Area Pantauan (>1000m dari Desa)
Matan Hilir Selatan,Sungai Besar,"Sabtu, 12 September 2026 13:18:00",NASA-NOAA20,Medium,110.18941,-1.87942,False,False,True,True,False,True,Di Luar Area Pantauan (>1000m dari Desa)
Matan Hilir Selatan,Sungai Besar,"Sabtu, 12 September 2026 13:18:00",NASA-NOAA20,Medium,110.20037,-1.87775,False,False,True,True,False,True,Di Luar Area Pantauan (>1000m dari Desa)
Matan Hilir Selatan,Sungai Besar,"Sabtu, 12 September 2026 13:18:00",NASA-NOAA20,Medium,110.19621,-1.87491,False,False,True,True,False,True,Di Luar Area Pantauan (>1000m dari Desa)
Matan Hilir Selatan,Sungai Pelang,"Sabtu, 12 September 2026 13:18:00",NASA-NOAA20,Medium,110.17012,-1.87541,False,False,True,True,False,True,Di Luar Area Pantauan (>1000m dari Desa)
Matan Hilir Selatan,Sungai Pelang,"Sabtu, 12 September 2026 13:18:00",NASA-NOAA20,Medium,110.18319,-1.86297,False,False,True,True,False,True,Di Luar Area Pantauan (>1000m dari Desa)
Matan Hilir Selatan,Sungai Pelang,"Sabtu, 12 September 2026 13:18:00",NASA-NOAA20,Medium,110.15915,-1.87708,False,False,True,True,False,True,Di Luar Area Pantauan (>1000m dari Desa)
Matan Hilir Selatan,Sungai Besar,"Sabtu, 12 September 2026 13:18:00",NASA-NOAA20,Medium,110.23077,-1.85568,False,False,True,True,False,True,Di Luar Area Pantauan (>1000m dari Desa)
Matan Hilir Selatan,Sungai Pelang,"Sabtu, 12 September 2026 13:18:00",NASA-NOAA20,Medium,110.18685,-1.86241,False,False,True,True,False,True,Di Luar Area Pantauan (>1000m dari Desa)
Matan Hilir Selatan,Sungai Pelang,"Sabtu, 12 September 2026 13:18:00",NASA-NOAA20,Medium,110.18268,-1.85957,False,False,True,True,False,True,Di Luar Area Pantauan (>1000m dari Desa)
Matan Hilir Selatan,Sungai Pelang,"Sabtu, 12 September 2026 13:18:00",NASA-NOAA20,Medium,110.23709,-1.84774,False,False,True,True,False,True,Di Luar Area Pantauan (>1000m dari Desa)
Matan Hilir Selatan,Sungai Pelang,"Sabtu, 12 September 2026 13:18:00",NASA-NOAA20,Medium,110.21823,-1.84715,False,False,True,True,False,True,Di Luar Area Pantauan (>1000m dari Desa)
Muara Pawan,Tanjung Pasar,"Sabtu, 12 September 2026 13:18:00",NASA-NOAA20,Medium,110.01507,-1.8333,False,False,False,False,False,False,Di Luar Area Pantauan (>1000m dari Desa)
Matan Hilir Selatan,Sungai Besar,"Sabtu, 12 September 2026 13:18:00",NASA-NOAA20,Medium,110.19154,-1.86866,False,False,True,True,False,True,Di Luar Area Pantauan (>1000m dari Desa)
Matan Hilir Selatan,Sungai Pelang,"Sabtu, 12 September 2026 13:18:00",NASA-NOAA20,Medium,110.16281,-1.87653,False,False,True,True,False,True,Di Luar Area Pantauan (>1000m dari Desa)
Matan Hilir Selatan,Sungai Besar,"Sabtu, 12 September 2026 13:18:00",NASA-NOAA20,Medium,110.2607,-1.85459,False,False,True,True,False,True,Di Luar Area Pantauan (>1000m dari Desa)
Matan Hilir Selatan,Sungai Besar,"Sabtu, 12 September 2026 13:18:00",NASA-NOAA20,Medium,110.23129,-1.85909,False,False,True,True,False,True,Di Luar Area Pantauan (>1000m dari Desa)
Matan Hilir Selatan,Sungai Besar,"Sabtu, 12 September 2026 13:18:00",NASA-NOAA20,Medium,110.18736,-1.86581,False,False,True,True,False,True,Di Luar Area Pantauan (>1000m dari Desa)
Matan Hilir Selatan,Sungai Besar,"Sabtu, 12 September 2026 13:18:00",NASA-NOAA20,Medium,110.23393,-1.85171,False,False,True,True,False,True,Di Luar Area Pantauan (>1000m dari Desa)
Sungai Melayu Rayak,Makmur Abadi,"Sabtu, 12 September 2026 13:18:00",NASA-NOAA20,Medium,110.37245,-1.69376,False,False,False,False,False,False,Di Luar Area Pantauan (>1000m dari Desa)
Sungai Melayu Rayak,Makmur Abadi,"Sabtu, 12 September 2026 13:18:00",NASA-NOAA20,Medium,110.24449,-1.77285,False,False,False,True,False,True,Di Luar Area Pantauan (>1000m dari Desa)
Sungai Melayu Rayak,Makmur Abadi,"Sabtu, 12 September 2026 13:18:00",NASA-NOAA20,Medium,110.24502,-1.77626,False,False,False,True,False,True,Di Luar Area Pantauan (>1000m dari Desa)
Muara Pawan,Mayak,"Sabtu, 12 September 2026 13:18:00",NASA-NOAA20,Medium,110.14245,-1.79185,False,False,False,False,False,False,Di Luar Area Pantauan (>1000m dari Desa)
Muara Pawan,Mayak,"Sabtu, 12 September 2026 13:18:00",NASA-NOAA20,Medium,110.18482,-1.75058,False,False,False,True,False,True,Di Luar Area Pantauan (>1000m dari Desa)
Muara Pawan,Mayak,"Sabtu, 12 September 2026 13:18:00",NASA-NOAA20,Medium,110.12218,-1.7567,False,False,False,True,False,True,Di Luar Area Pantauan (>1000m dari Desa)
Sungai Melayu Rayak,Makmur Abadi,"Sabtu, 12 September 2026 13:18:00",NASA-NOAA20,Medium,110.271,-1.69893,False,False,True,True,False,True,Di Luar Area Pantauan (>1000m dari Desa)
Muara Pawan,Mayak,"Sabtu, 12 September 2026 13:18:00",NASA-NOAA20,Medium,110.15041,-1.72104,False,False,False,True,False,True,Di Luar Area Pantauan (>1000m dari Desa)
Muara Pawan,Mayak,"Sabtu, 12 September 2026 13:18:00",NASA-NOAA20,Medium,110.16868,-1.71822,False,False,True,True,False,True,Di Luar Area Pantauan (>1000m dari Desa)
Matan Hilir Selatan,Sungai Nanjung,"Sabtu, 12 September 2026 13:18:00",NASA-NOAA20,Medium,110.20222,-2.1753,False,False,False,True,False,True,Di Luar Area Pantauan (>1000m dari Desa)
Matan Hilir Selatan,Sungai Nanjung,"Sabtu, 12 September 2026 13:18:00",NASA-NOAA20,Medium,110.11246,-2.19601,False,False,False,False,False,False,Di Luar Area Pantauan (>1000m dari Desa)
Matan Hilir Selatan,Sungai Nanjung,"Sabtu, 12 September 2026 13:18:00",NASA-NOAA20,Medium,110.25695,-2.16689,False,False,True,True,True,True,Di Luar Area Pantauan (>1000m dari Desa)
Matan Hilir Selatan,Sungai Nanjung,"Sabtu, 12 September 2026 13:18:00",NASA-NOAA20,Medium,110.24284,-2.17254,False,False,True,True,False,True,Di Luar Area Pantauan (>1000m dari Desa)
Muara Pawan,Tanjung Pura,"Sabtu, 12 September 2026 13:18:00",NASA-NOAA20,Medium,110.13219,-1.6995,False,False,True,True,False,True,Di Luar Area Pantauan (>1000m dari Desa)
Nanga Tayap,Betenung,"Sabtu, 12 September 2026 13:18:00",NASA-NOAA20,Medium,110.82448,-1.58459,False,False,False,False,False,False,Di Luar Area Pantauan (>1000m dari Desa)
Muara Pawan,Mayak,"Sabtu, 12 September 2026 13:18:00",NASA-NOAA20,Medium,110.13271,-1.7029,False,False,True,True,False,True,Di Luar Area Pantauan (>1000m dari Desa)
Nanga Tayap,Betenung,"Sabtu, 12 September 2026 13:18:00",NASA-NOAA20,Medium,110.84445,-1.58504,False,False,False,False,False,False,Di Luar Area Pantauan (>1000m dari Desa)
Muara Pawan,Ulak Medang,"Sabtu, 12 September 2026 13:18:00",NASA-NOAA20,Medium,110.24162,-1.67902,False,False,False,False,False,False,Di Luar Area Pantauan (>1000m dari Desa)
Kendawangan,Pangkalan Batu,"Sabtu, 12 September 2026 13:18:00",NASA-NOAA20,Medium,110.37704,-2.19038,False,False,False,False,False,False,Di Luar Area Pantauan (>1000m dari Desa)
Matan Hilir Selatan,Sungai Nanjung,"Sabtu, 12 September 2026 13:18:00",NASA-NOAA20,Medium,110.2397,-2.1765,False,False,True,True,False,True,Di Luar Area Pantauan (>1000m dari Desa)
Matan Hilir Selatan,Sungai Nanjung,"Sabtu, 12 September 2026 13:18:00",NASA-NOAA20,Medium,110.24023,-2.1799,False,False,True,True,False,True,Di Luar Area Pantauan (>1000m dari Desa)
Kendawangan,Pangkalan Batu,"Sabtu, 12 September 2026 13:18:00",NASA-NOAA20,Medium,110.39718,-2.14884,False,False,False,False,False,False,Di Luar Area Pantauan (>1000m dari Desa)
Matan Hilir Selatan,Sungai Nanjung,"Sabtu, 12 September 2026 13:18:00",NASA-NOAA20,Medium,110.26477,-2.16917,False,False,True,True,True,True,Di Luar Area Pantauan (>1000m dari Desa)
Matan Hilir Selatan,Pagar Mentimun,"Sabtu, 12 September 2026 13:18:00",NASA-NOAA20,Medium,110.15204,-2.2362,False,False,False,False,False,False,Di Luar Area Pantauan (>1000m dari Desa)
Kendawangan,Pangkalan Batu,"Sabtu, 12 September 2026 13:18:00",NASA-NOAA20,Medium,110.37756,-2.1938,False,False,False,False,False,False,Di Luar Area Pantauan (>1000m dari Desa)
Matan Hilir Selatan,Pagar Mentimun,"Sabtu, 12 September 2026 13:18:00",NASA-NOAA20,Medium,110.1899,-2.24074,False,False,False,False,False,False,Di Luar Area Pantauan (>1000m dari Desa)
Nanga Tayap,Sungai Kelik,"Sabtu, 12 September 2026 13:18:00",NASA-NOAA20,Medium,110.30848,-1.5741,False,False,True,True,False,True,Di Luar Area Pantauan (>1000m dari Desa)
Nanga Tayap,Lembah Hijau Satu,"Sabtu, 12 September 2026 13:18:00",NASA-NOAA20,Medium,110.48744,-1.57103,False,False,False,False,False,False,Di Luar Area Pantauan (>1000m dari Desa)
Nanga Tayap,Lembah Hijau Satu,"Sabtu, 12 September 2026 13:18:00",NASA-NOAA20,Medium,110.49014,-1.56356,False,False,False,False,False,False,Di Luar Area Pantauan (>1000m dari Desa)
Nanga Tayap,Sungai Kelik,"Sabtu, 12 September 2026 13:18:00",NASA-NOAA20,Medium,110.31537,-1.56953,False,False,True,True,False,True,Di Luar Area Pantauan (>1000m dari Desa)
Matan Hilir Utara,Sungai Putri,"Sabtu, 12 September 2026 13:18:00",NASA-NOAA20,Medium,110.08553,-1.61557,False,False,False,True,False,True,Di Luar Area Pantauan (>1000m dari Desa)
Nanga Tayap,Lembah Hijau Satu,"Sabtu, 12 September 2026 13:18:00",NASA-NOAA20,Medium,110.49442,-1.56643,False,False,False,False,False,False,Di Luar Area Pantauan (>1000m dari Desa)
Nanga Tayap,Sungai Kelik,"Sabtu, 12 September 2026 13:18:00",NASA-NOAA20,Medium,110.35088,-1.57805,False,False,False,False,False,False,Di Luar Area Pantauan (>1000m dari Desa)
Muara Pawan,Ulak Medang,"Sabtu, 12 September 2026 13:18:00",NASA-NOAA20,Medium,110.27746,-1.51923,False,False,True,True,False,True,Di Luar Area Pantauan (>1000m dari Desa)
Muara Pawan,Ulak Medang,"Sabtu, 12 September 2026 13:18:00",NASA-NOAA20,Medium,110.28436,-1.51467,False,False,False,False,False,False,Di Luar Area Pantauan (>1000m dari Desa)
Muara Pawan,Ulak Medang,"Sabtu, 12 September 2026 13:18:00",NASA-NOAA20,Medium,110.27376,-1.51979,False,False,True,True,False,True,Di Luar Area Pantauan (>1000m dari Desa)
Muara Pawan,Ulak Medang,"Sabtu, 12 September 2026 13:18:00",NASA-NOAA20,Medium,110.27007,-1.52036,False,False,True,True,False,True,Di Luar Area Pantauan (>1000m dari Desa)
Muara Pawan,Ulak Medang,"Sabtu, 12 September 2026 13:18:00",NASA-NOAA20,Medium,110.26637,-1.52093,False,False,True,True,False,True,Di Luar Area Pantauan (>1000m dari Desa)
Matan Hilir Utara,Kuala Tolak,"Sabtu, 12 September 2026 13:18:00",NASA-NOAA20,Medium,110.15514,-1.46434,False,False,True,True,False,True,Di Luar Area Pantauan (>1000m dari Desa)
Muara Pawan,Ulak Medang,"Sabtu, 12 September 2026 13:18:00",NASA-NOAA20,Medium,110.24687,-1.51692,False,False,True,True,False,True,Di Luar Area Pantauan (>1000m dari Desa)
Matan Hilir Utara,Tanjung Baik Budi,"Sabtu, 12 September 2026 13:18:00",NASA-NOAA20,Medium,110.188,-1.52595,False,False,True,True,False,True,Di Luar Area Pantauan (>1000m dari Desa)
Matan Hilir Utara,Lamon Satong,"Sabtu, 12 September 2026 13:18:00",NASA-NOAA20,Medium,110.19167,-1.52538,False,False,True,True,False,True,Di Luar Area Pantauan (>1000m dari Desa)
Nanga Tayap,Sepakat Jaya,"Sabtu, 12 September 2026 13:18:00",NASA-NOAA20,Medium,110.44977,-1.47522,False,False,True,False,True,True,Di Luar Area Pantauan (>1000m dari Desa)
Matan Hilir Utara,Tanjung Baik Budi,"Sabtu, 12 September 2026 13:18:00",NASA-NOAA20,Medium,110.11,-1.53094,False,False,True,True,False,True,Di Luar Area Pantauan (>1000m dari Desa)
Muara Pawan,Ulak Medang,"Sabtu, 12 September 2026 13:18:00",NASA-NOAA20,Medium,110.23059,-1.50893,False,False,True,True,False,True,Di Luar Area Pantauan (>1000m dari Desa)
Matan Hilir Utara,Kuala Tolak,"Sabtu, 12 September 2026 13:18:00",NASA-NOAA20,Medium,110.12939,-1.51055,False,False,False,False,False,False,Di Luar Area Pantauan (>1000m dari Desa)
Nanga Tayap,Simpang Tiga Sembelangaan,"Sabtu, 12 September 2026 13:18:00",NASA-NOAA20,Medium,110.38807,-1.47064,False,False,False,False,False,False,Di Luar Area Pantauan (>1000m dari Desa)
Matan Hilir Utara,Kuala Tolak,"Sabtu, 12 September 2026 13:18:00",NASA-NOAA20,Medium,110.12573,-1.51111,False,False,False,False,False,False,Di Luar Area Pantauan (>1000m dari Desa)
Matan Hilir Utara,Kuala Tolak,"Sabtu, 12 September 2026 13:18:00",NASA-NOAA20,Medium,110.1603,-1.49183,False,False,False,True,False,True,Di Luar Area Pantauan (>1000m dari Desa)
Matan Hilir Utara,Kuala Tolak,"Sabtu, 12 September 2026 13:18:00",NASA-NOAA20,Medium,110.12052,-1.50147,False,False,True,True,False,True,Di Luar Area Pantauan (>1000m dari Desa)
Matan Hilir Utara,Kuala Tolak,"Sabtu, 12 September 2026 13:18:00",NASA-NOAA20,Medium,110.12418,-1.5009,False,False,True,True,False,True,Di Luar Area Pantauan (>1000m dari Desa)
Sungai Melayu Rayak,Makmur Abadi,"Sabtu, 12 September 2026 13:18:00",NASA-NOAA20,Medium,110.30586,-1.67953,False,False,False,False,False,False,Di Luar Area Pantauan (>1000m dari Desa)
Matan Hilir Selatan,Sungai Besar,"Sabtu, 12 September 2026 13:18:00",NASA-NOAA20,Medium,110.19256,-1.87546,False,False,True,True,False,True,Di Luar Area Pantauan (>1000m dari Desa)
Matan Hilir Utara,Kuala Tolak,"Sabtu, 12 September 2026 13:18:00",NASA-NOAA20,Medium,110.15146,-1.4649,False,False,True,True,False,True,Di Luar Area Pantauan (>1000m dari Desa)
Matan Hilir Utara,Kuala Tolak,"Sabtu, 12 September 2026 13:18:00",NASA-NOAA20,Medium,110.10648,-1.46476,False,False,False,False,False,False,Di Luar Area Pantauan (>1000m dari Desa)
Matan Hilir Utara,Kuala Tolak,"Sabtu, 12 September 2026 13:18:00",NASA-NOAA20,Medium,110.16093,-1.453,False,False,True,True,False,True,Di Luar Area Pantauan (>1000m dari Desa)
Muara Pawan,Tanjung Pura,"Sabtu, 12 September 2026 13:18:00",NASA-NOAA20,Medium,110.15258,-1.68589,False,False,True,True,False,True,Di Luar Area Pantauan (>1000m dari Desa)
Muara Pawan,Tanjung Pura,"Sabtu, 12 September 2026 13:18:00",NASA-NOAA20,Medium,110.23374,-1.67675,False,False,False,True,False,True,Di Luar Area Pantauan (>1000m dari Desa)
Nanga Tayap,Sungai Kelik,"Sabtu, 12 September 2026 13:18:00",NASA-NOAA20,Medium,110.30566,-1.63057,False,False,False,True,False,True,Di Luar Area Pantauan (>1000m dari Desa)
Matan Hilir Utara,Kuala Tolak,"Sabtu, 12 September 2026 13:18:00",NASA-NOAA20,Medium,110.14529,-1.42399,False,False,False,True,False,True,Di Luar Area Pantauan (>1000m dari Desa)
Nanga Tayap,Simpang Tiga Sembelangaan,"Sabtu, 12 September 2026 13:18:00",NASA-NOAA20,Medium,110.3404,-1.39057,False,False,True,False,True,True,Di Luar Area Pantauan (>1000m dari Desa)
Matan Hilir Utara,Lamon Satong,"Sabtu, 12 September 2026 13:18:00",NASA-NOAA20,Medium,110.19621,-1.41269,False,False,False,True,False,True,Di Luar Area Pantauan (>1000m dari Desa)
Muara Pawan,Tempurukan,"Sabtu, 12 September 2026 13:18:00",NASA-NOAA20,Medium,110.06515,-1.69948,False,False,True,True,False,True,Di Luar Area Pantauan (>1000m dari Desa)
Muara Pawan,Tempurukan,"Sabtu, 12 September 2026 13:18:00",NASA-NOAA20,Medium,110.07397,-1.68684,False,False,False,False,False,False,Di Luar Area Pantauan (>1000m dari Desa)
Muara Pawan,Tempurukan,"Sabtu, 12 September 2026 13:18:00",NASA-NOAA20,Medium,110.0688,-1.67721,False,False,False,True,False,True,Di Luar Area Pantauan (>1000m dari Desa)
Muara Pawan,Tempurukan,"Sabtu, 12 September 2026 13:18:00",NASA-NOAA20,Medium,110.06459,-1.69868,False,False,True,True,False,True,Di Luar Area Pantauan (>1000m dari Desa)
Muara Pawan,Tanjung Pura,"Sabtu, 12 September 2026 13:18:00",NASA-NOAA20,Medium,110.14846,-1.68595,False,False,True,True,False,True,Di Luar Area Pantauan (>1000m dari Desa)
Nanga Tayap,Siantau Raya,"Sabtu, 12 September 2026 13:18:00",NASA-NOAA20,Medium,110.43795,-1.62441,False,False,False,False,False,False,Di Luar Area Pantauan (>1000m dari Desa)
Muara Pawan,Tempurukan,"Sabtu, 12 September 2026 13:18:00",NASA-NOAA20,Medium,110.07346,-1.68345,False,False,False,False,False,False,Di Luar Area Pantauan (>1000m dari Desa)
Muara Pawan,Tempurukan,"Sabtu, 12 September 2026 13:18:00",NASA-NOAA20,Medium,110.06931,-1.68061,False,False,False,False,False,False,Di Luar Area Pantauan (>1000m dari Desa)
Muara Pawan,Tempurukan,"Sabtu, 12 September 2026 13:18:00",NASA-NOAA20,Medium,110.06567,-1.68116,False,False,False,False,False,False,Di Luar Area Pantauan (>1000m dari Desa)
Muara Pawan,Tanjung Pura,"Sabtu, 12 September 2026 13:18:00",NASA-NOAA20,Medium,110.15211,-1.68539,False,False,True,True,False,True,Di Luar Area Pantauan (>1000m dari Desa)
Muara Pawan,Tanjung Pura,"Sabtu, 12 September 2026 13:18:00",NASA-NOAA20,Medium,110.14893,-1.68646,False,False,True,True,False,True,Di Luar Area Pantauan (>1000m dari Desa)
Muara Pawan,Tanjung Pura,"Sabtu, 12 September 2026 13:18:00",NASA-NOAA20,Medium,110.14161,-1.68759,False,False,True,True,False,True,Di Luar Area Pantauan (>1000m dari Desa)
Muara Pawan,Tempurukan,"Sabtu, 12 September 2026 13:18:00",NASA-NOAA20,Medium,110.0885,-1.68463,False,False,True,True,False,True,Di Luar Area Pantauan (>1000m dari Desa)
Matan Hilir Utara,Tanjung Baik Budi,"Sabtu, 12 September 2026 13:18:00",NASA-NOAA20,Medium,110.09067,-1.5513,False,False,True,True,False,True,Di Luar Area Pantauan (>1000m dari Desa)
Muara Pawan,Ulak Medang,"Sabtu, 12 September 2026 13:18:00",NASA-NOAA20,Medium,110.26215,-1.51807,False,False,True,True,False,True,Di Luar Area Pantauan (>1000m dari Desa)
Muara Pawan,Ulak Medang,"Sabtu, 12 September 2026 13:18:00",NASA-NOAA20,Medium,110.29457,-1.63227,False,False,True,True,False,True,Di Luar Area Pantauan (>1000m dari Desa)
Muara Pawan,Ulak Medang,"Sabtu, 12 September 2026 13:18:00",NASA-NOAA20,Medium,110.26871,-1.63623,False,False,False,True,False,True,Di Luar Area Pantauan (>1000m dari Desa)
Muara Pawan,Tempurukan,"Sabtu, 12 September 2026 13:18:00",NASA-NOAA20,Medium,110.09015,-1.64615,False,False,True,True,False,True,Di Luar Area Pantauan (>1000m dari Desa)
Nanga Tayap,Nanga Tayap,"Sabtu, 12 September 2026 13:18:00",NASA-NOAA20,Medium,110.63881,-1.49582,False,False,False,False,False,False,Di Luar Area Pantauan (>1000m dari Desa)
Nanga Tayap,Sungai Kelik,"Sabtu, 12 September 2026 13:18:00",NASA-NOAA20,Medium,110.30796,-1.57068,False,False,True,True,False,True,Di Luar Area Pantauan (>1000m dari Desa)
Hulu Sungai,Lubuk Kakap,"Sabtu, 12 September 2026 13:18:00",NASA-NOAA20,Medium,111.16864,-1.40442,False,False,True,False,False,True,Di Luar Area Pantauan (>1000m dari Desa)
Muara Pawan,Ulak Medang,"Sabtu, 12 September 2026 13:18:00",NASA-NOAA20,Medium,110.27428,-1.52322,False,False,True,True,False,True,Di Luar Area Pantauan (>1000m dari Desa)
Muara Pawan,Ulak Medang,"Sabtu, 12 September 2026 13:18:00",NASA-NOAA20,Medium,110.28167,-1.52209,False,False,True,True,False,True,Di Luar Area Pantauan (>1000m dari Desa)
Muara Pawan,Ulak Medang,"Sabtu, 12 September 2026 13:18:00",NASA-NOAA20,Medium,110.28117,-1.51866,False,False,True,True,False,True,Di Luar Area Pantauan (>1000m dari Desa)
Muara Pawan,Ulak Medang,"Sabtu, 12 September 2026 13:18:00",NASA-NOAA20,Medium,110.26267,-1.52149,False,False,True,True,False,True,Di Luar Area Pantauan (>1000m dari Desa)
Muara Pawan,Ulak Medang,"Sabtu, 12 September 2026 13:18:00",NASA-NOAA20,Medium,110.26585,-1.51751,False,False,True,True,False,True,Di Luar Area Pantauan (>1000m dari Desa)
Nanga Tayap,Lembah Hijau Satu,"Sabtu, 12 September 2026 13:18:00",NASA-NOAA20,Medium,110.49119,-1.57045,False,False,False,False,False,False,Di Luar Area Pantauan (>1000m dari Desa)
Muara Pawan,Ulak Medang,"Sabtu, 12 September 2026 13:18:00",NASA-NOAA20,Medium,110.25477,-1.51921,False,False,True,True,False,True,Di Luar Area Pantauan (>1000m dari Desa)
Muara Pawan,Ulak Medang,"Sabtu, 12 September 2026 13:18:00",NASA-NOAA20,Medium,110.24635,-1.5135,False,False,True,True,False,True,Di Luar Area Pantauan (>1000m dari Desa)
Muara Pawan,Ulak Medang,"Sabtu, 12 September 2026 13:18:00",NASA-NOAA20,Medium,110.25847,-1.51864,False,False,True,True,False,True,Di Luar Area Pantauan (>1000m dari Desa)
Muara Pawan,Ulak Medang,"Sabtu, 12 September 2026 13:18:00",NASA-NOAA20,Medium,110.27644,-1.51238,False,False,False,False,False,False,Di Luar Area Pantauan (>1000m dari Desa)
Matan Hilir Utara,Kuala Tolak,"Sabtu, 12 September 2026 13:18:00",NASA-NOAA20,Medium,110.16082,-1.49524,False,False,False,True,False,True,Di Luar Area Pantauan (>1000m dari Desa)
Matan Hilir Utara,Tanjung Baik Budi,"Sabtu, 12 September 2026 13:18:00",NASA-NOAA20,Medium,110.15865,-1.53045,False,False,True,True,False,True,Di Luar Area Pantauan (>1000m dari Desa)
Muara Pawan,Ulak Medang,"Sabtu, 12 September 2026 13:18:00",NASA-NOAA20,Medium,110.25108,-1.51977,False,False,True,True,False,True,Di Luar Area Pantauan (>1000m dari Desa)
Matan Hilir Utara,Tanjung Baik Budi,"Sabtu, 12 September 2026 13:18:00",NASA-NOAA20,Medium,110.18066,-1.52707,False,False,True,True,False,True,Di Luar Area Pantauan (>1000m dari Desa)
Matan Hilir Utara,Tanjung Baik Budi,"Sabtu, 12 September 2026 13:18:00",NASA-NOAA20,Medium,110.18851,-1.52936,False,False,True,True,False,True,Di Luar Area Pantauan (>1000m dari Desa)
Matan Hilir Utara,Tanjung Baik Budi,"Sabtu, 12 September 2026 13:18:00",NASA-NOAA20,Medium,110.11052,-1.53435,False,False,True,True,False,True,Di Luar Area Pantauan (>1000m dari Desa)
Muara Pawan,Ulak Medang,"Sabtu, 12 September 2026 13:18:00",NASA-NOAA20,Medium,110.23007,-1.50551,False,False,True,True,False,True,Di Luar Area Pantauan (>1000m dari Desa)
Muara Pawan,Ulak Medang,"Sabtu, 12 September 2026 13:18:00",NASA-NOAA20,Medium,110.22219,-1.50323,False,False,True,True,False,True,Di Luar Area Pantauan (>1000m dari Desa)
Matan Hilir Utara,Tanjung Baik Budi,"Sabtu, 12 September 2026 13:18:00",NASA-NOAA20,Medium,110.15813,-1.52704,False,False,False,True,False,True,Di Luar Area Pantauan (>1000m dari Desa)
Matan Hilir Utara,Tanjung Baik Budi,"Sabtu, 12 September 2026 13:18:00",NASA-NOAA20,Medium,110.15446,-1.5276,False,False,True,True,False,True,Di Luar Area Pantauan (>1000m dari Desa)
Matan Hilir Utara,Lamon Satong,"Sabtu, 12 September 2026 13:18:00",NASA-NOAA20,Medium,110.21218,-1.51176,False,False,True,True,False,True,Di Luar Area Pantauan (>1000m dari Desa)
Matan Hilir Utara,Tanjung Baik Budi,"Sabtu, 12 September 2026 13:18:00",NASA-NOAA20,Medium,110.12047,-1.52585,False,False,True,True,False,True,Di Luar Area Pantauan (>1000m dari Desa)
Matan Hilir Utara,Kuala Tolak,"Sabtu, 12 September 2026 13:18:00",NASA-NOAA20,Medium,110.11739,-1.50543,False,False,False,True,False,True,Di Luar Area Pantauan (>1000m dari Desa)
Matan Hilir Utara,Kuala Tolak,"Sabtu, 12 September 2026 13:18:00",NASA-NOAA20,Medium,110.12156,-1.50827,False,False,False,True,False,True,Di Luar Area Pantauan (>1000m dari Desa)
Matan Hilir Utara,Kuala Tolak,"Sabtu, 12 September 2026 13:18:00",NASA-NOAA20,Medium,110.12469,-1.5043,False,False,True,True,False,True,Di Luar Area Pantauan (>1000m dari Desa)
Matan Hilir Utara,Kuala Tolak,"Sabtu, 12 September 2026 13:18:00",NASA-NOAA20,Medium,110.12888,-1.50714,False,False,True,False,False,True,Di Luar Area Pantauan (>1000m dari Desa)
Matan Hilir Utara,Kuala Tolak,"Sabtu, 12 September 2026 13:18:00",NASA-NOAA20,Medium,110.12521,-1.50771,False,False,False,True,False,True,Di Luar Area Pantauan (>1000m dari Desa)
Matan Hilir Utara,Kuala Tolak,"Sabtu, 12 September 2026 13:18:00",NASA-NOAA20,Medium,110.16403,-1.46683,False,False,True,True,False,True,Di Luar Area Pantauan (>1000m dari Desa)
Nanga Tayap,Simpang Tiga Sembelangaan,"Sabtu, 12 September 2026 13:18:00",NASA-NOAA20,Medium,110.36364,-1.43576,False,False,True,False,True,True,Di Luar Area Pantauan (>1000m dari Desa)
Matan Hilir Utara,Lamon Satong,"Sabtu, 12 September 2026 13:18:00",NASA-NOAA20,Medium,110.23814,-1.4588,False,False,True,False,False,True,Di Luar Area Pantauan (>1000m dari Desa)
Nanga Tayap,Simpang Tiga Sembelangaan,"Sabtu, 12 September 2026 13:18:00",NASA-NOAA20,Medium,110.36737,-1.43518,False,False,True,False,True,True,Di Luar Area Pantauan (>1000m dari Desa)
Nanga Tayap,Pangkalan Teluk,"Sabtu, 12 September 2026 13:18:00",NASA-NOAA20,Medium,110.37269,-1.37506,False,False,False,False,True,True,Di Luar Area Pantauan (>1000m dari Desa)
Matan Hilir Selatan,Sungai Nanjung,"Sabtu, 12 September 2026 13:18:00",NASA-NOAA20,Medium,110.20848,-2.16738,False,False,False,True,False,True,Di Luar Area Pantauan (>1000m dari Desa)
Matan Hilir Selatan,Sungai Nanjung,"Sabtu, 12 September 2026 13:18:00",NASA-NOAA20,Medium,110.15707,-2.14752,False,False,False,True,False,True,Di Luar Area Pantauan (>1000m dari Desa)
Muara Pawan,Tanjung Pura,"Sabtu, 12 September 2026 13:18:00",NASA-NOAA20,Medium,110.22477,-1.69211,False,False,True,True,False,True,Di Luar Area Pantauan (>1000m dari Desa)
Kendawangan,Pangkalan Batu,"Sabtu, 12 September 2026 13:18:00",NASA-NOAA20,Medium,110.34397,-2.14653,False,False,False,False,False,False,Di Luar Area Pantauan (>1000m dari Desa)
Matan Hilir Selatan,Sungai Nanjung,"Sabtu, 12 September 2026 13:18:00",NASA-NOAA20,Medium,110.19858,-2.17586,False,False,False,False,False,False,Di Luar Area Pantauan (>1000m dari Desa)
Nanga Tayap,Mensubang,"Sabtu, 12 September 2026 13:18:00",NASA-NOAA20,Medium,110.42141,-1.34289,False,False,False,False,False,False,Di Luar Area Pantauan (>1000m dari Desa)
Nanga Tayap,Pangkalan Teluk,"Sabtu, 12 September 2026 13:18:00",NASA-NOAA20,Medium,110.29077,-1.36312,False,False,True,False,False,True,Di Luar Area Pantauan (>1000m dari Desa)
Nanga Tayap,Pangkalan Teluk,"Sabtu, 12 September 2026 13:18:00",NASA-NOAA20,Medium,110.29448,-1.36254,False,False,True,False,False,True,Di Luar Area Pantauan (>1000m dari Desa)
Sandai,Sandai,"Sabtu, 12 September 2026 13:18:00",NASA-NOAA20,Medium,110.53349,-1.26643,False,False,False,False,False,False,Di Luar Area Pantauan (>1000m dari Desa)
Sandai,Sandai,"Sabtu, 12 September 2026 13:18:00",NASA-NOAA20,Medium,110.5378,-1.26931,False,False,False,False,False,False,Di Luar Area Pantauan (>1000m dari Desa)
Simpang Hilir,Sungaimata-Mata,"Sabtu, 12 September 2026 13:18:00",NASA-NOAA20,Medium,110.03011,-0.98986,False,False,True,True,False,True,Di Luar Area Pantauan (>1000m dari Desa)
Simpang Hilir,Batu Barat,"Sabtu, 12 September 2026 13:18:00",NASA-NOAA20,Medium,110.0406,-0.98476,False,False,False,True,False,True,Di Luar Area Pantauan (>1000m dari Desa)
Sukadana,Sejahtera,"Sabtu, 12 September 2026 13:18:00",NASA-NOAA20,Medium,110.05819,-1.26948,False,False,True,True,True,True,Di Luar Area Pantauan (>1000m dari Desa)
Sukadana,Sejahtera,"Sabtu, 12 September 2026 13:18:00",NASA-NOAA20,Medium,110.06184,-1.26892,False,False,True,True,True,True,Di Luar Area Pantauan (>1000m dari Desa)
Sukadana,Sedahan Jaya,"Sabtu, 12 September 2026 13:18:00",NASA-NOAA20,Medium,110.04436,-1.18049,False,False,True,True,True,True,Di Luar Area Pantauan (>1000m dari Desa)
Sukadana,Sedahan Jaya,"Sabtu, 12 September 2026 13:18:00",NASA-NOAA20,Medium,110.02612,-1.1833,False,False,False,False,True,True,Di Luar Area Pantauan (>1000m dari Desa)
Hulu Sungai,Kenyabur,"Sabtu, 12 September 2026 13:18:00",NASA-NOAA20,Medium,111.01447,-1.03002,True,False,True,False,False,True,Prioritas 1 (Tinggi)
Marau,Belaban,"Sabtu, 12 September 2026 13:18:00",NASA-NOAA20,Medium,110.65791,-2.0321,False,False,False,False,False,False,Di Luar Area Pantauan (>1000m dari Desa)
Matan Hilir Selatan,Kemuning Biutak,"Sabtu, 12 September 2026 13:18:00",NASA-NOAA20,Medium,110.36084,-1.96525,False,False,False,False,False,False,Di Luar Area Pantauan (>1000m dari Desa)
Benua Kayong,Negeri Baru,"Sabtu, 12 September 2026 13:18:00",NASA-NOAA20,Medium,110.17487,-1.75907,False,False,False,False,False,False,Di Luar Area Pantauan (>1000m dari Desa)
Nanga Tayap,Batu Mas,"Sabtu, 12 September 2026 13:18:00",NASA-NOAA20,Medium,110.65212,-1.68958,False,False,False,False,False,False,Di Luar Area Pantauan (>1000m dari Desa)
Muara Pawan,Mayak,"Sabtu, 12 September 2026 13:18:00",NASA-NOAA20,Medium,110.13322,-1.7063,False,False,True,True,False,True,Di Luar Area Pantauan (>1000m dari Desa)
Muara Pawan,Mayak,"Sabtu, 12 September 2026 13:18:00",NASA-NOAA20,Medium,110.12228,-1.70799,False,False,True,True,False,True,Di Luar Area Pantauan (>1000m dari Desa)
Matan Hilir Selatan,Pesaguan Kanan,"Sabtu, 12 September 2026 13:18:00",NASA-NOAA20,Medium,110.33287,-2.02576,False,False,False,True,False,True,Di Luar Area Pantauan (>1000m dari Desa)
Simpang Hilir,Matan Jaya,"Sabtu, 12 September 2026 13:18:00",NASA-NOAA20,Medium,110.1615,-1.10965,False,False,False,False,True,True,Di Luar Area Pantauan (>1000m dari Desa)
Simpang Hilir,Penjalaan,"Sabtu, 12 September 2026 13:18:00",NASA-NOAA20,Medium,110.05214,-1.13331,False,False,True,True,False,True,Di Luar Area Pantauan (>1000m dari Desa)
Nanga Tayap,Pangkalan Teluk,"Sabtu, 12 September 2026 13:18:00",NASA-NOAA20,Medium,110.30659,-1.36769,False,False,True,False,True,True,Di Luar Area Pantauan (>1000m dari Desa)
Nanga Tayap,Pangkalan Teluk,"Sabtu, 12 September 2026 13:18:00",NASA-NOAA20,Medium,110.36738,-1.36533,False,False,False,False,True,True,Di Luar Area Pantauan (>1000m dari Desa)
Simpang Hilir,Matan Jaya,"Sabtu, 12 September 2026 13:18:00",NASA-NOAA20,Medium,110.16734,-1.09826,False,False,False,False,True,True,Di Luar Area Pantauan (>1000m dari Desa)
Matan Hilir Utara,Kuala Satong,"Sabtu, 12 September 2026 13:18:00",NASA-NOAA20,Medium,110.12856,-1.41261,False,False,False,True,False,True,Di Luar Area Pantauan (>1000m dari Desa)
Nanga Tayap,Pangkalan Teluk,"Sabtu, 12 September 2026 13:18:00",NASA-NOAA20,Medium,110.38707,-1.36933,False,False,True,False,True,True,Di Luar Area Pantauan (>1000m dari Desa)
Nanga Tayap,Pangkalan Teluk,"Sabtu, 12 September 2026 13:18:00",NASA-NOAA20,Medium,110.36796,-1.34413,False,False,False,False,True,True,Di Luar Area Pantauan (>1000m dari Desa)
Sandai,Sandai,"Sabtu, 12 September 2026 13:18:00",NASA-NOAA20,Medium,110.71079,-1.27499,False,False,False,False,False,False,Di Luar Area Pantauan (>1000m dari Desa)
Sukadana,Sejahtera,"Sabtu, 12 September 2026 13:18:00",NASA-NOAA20,Medium,110.11148,-1.27517,False,False,True,False,True,True,Di Luar Area Pantauan (>1000m dari Desa)
Sandai,Jago Bersatu,"Sabtu, 12 September 2026 13:18:00",NASA-NOAA20,Medium,110.4765,-1.22212,False,False,False,False,False,False,Di Luar Area Pantauan (>1000m dari Desa)
Sukadana,Sejahtera,"Sabtu, 12 September 2026 13:18:00",NASA-NOAA20,Medium,110.10466,-1.27971,False,False,True,True,True,True,Di Luar Area Pantauan (>1000m dari Desa)
Sukadana,Sejahtera,"Sabtu, 12 September 2026 13:18:00",NASA-NOAA20,Medium,110.05768,-1.26608,False,False,True,True,True,True,Di Luar Area Pantauan (>1000m dari Desa)
Sukadana,Pampang Harapan,"Sabtu, 12 September 2026 13:18:00",NASA-NOAA20,Medium,109.98669,-1.26931,False,False,False,False,True,True,Di Luar Area Pantauan (>1000m dari Desa)
Sukadana,Sejahtera,"Sabtu, 12 September 2026 13:18:00",NASA-NOAA20,Medium,110.05249,-1.25932,False,False,True,True,True,True,Di Luar Area Pantauan (>1000m dari Desa)
Sukadana,Sedahan Jaya,"Sabtu, 12 September 2026 13:18:00",NASA-NOAA20,Medium,110.06162,-1.17085,False,False,True,False,True,True,Di Luar Area Pantauan (>1000m dari Desa)
Sukadana,Sedahan Jaya,"Sabtu, 12 September 2026 13:18:00",NASA-NOAA20,Medium,110.02978,-1.18274,False,False,False,False,True,True,Di Luar Area Pantauan (>1000m dari Desa)
Sukadana,Sedahan Jaya,"Sabtu, 12 September 2026 13:18:00",NASA-NOAA20,Medium,110.04749,-1.17652,False,False,True,True,True,True,Di Luar Area Pantauan (>1000m dari Desa)
Sukadana,Sedahan Jaya,"Sabtu, 12 September 2026 13:18:00",NASA-NOAA20,Medium,110.04385,-1.17708,False,False,True,True,True,True,Di Luar Area Pantauan (>1000m dari Desa)
Pulau Maya,Dusun Besar,"Sabtu, 12 September 2026 13:18:00",NASA-NOAA20,Medium,109.43233,-1.25773,False,False,False,False,False,False,Di Luar Area Pantauan (>1000m dari Desa)
Simpang Hilir,Rantau Panjang,"Sabtu, 12 September 2026 13:18:00",NASA-NOAA20,Medium,110.04899,-1.13727,False,False,True,True,False,True,Di Luar Area Pantauan (>1000m dari Desa)
Simpang Hilir,Rantau Panjang,"Sabtu, 12 September 2026 13:18:00",NASA-NOAA20,Medium,110.04585,-1.14123,False,False,True,False,False,True,Di Luar Area Pantauan (>1000m dari Desa)
Simpang Hilir,Penjalaan,"Sabtu, 12 September 2026 13:18:00",NASA-NOAA20,Medium,110.05895,-1.12879,False,False,True,True,False,True,Di Luar Area Pantauan (>1000m dari Desa)
Simpang Hilir,Matan Jaya,"Sabtu, 12 September 2026 13:18:00",NASA-NOAA20,Medium,110.16314,-1.09541,False,False,False,False,True,True,Di Luar Area Pantauan (>1000m dari Desa)
Simpang Hilir,Batu Barat,"Sabtu, 12 September 2026 13:18:00",NASA-NOAA20,Medium,110.03767,-1.08675,False,False,False,False,False,False,Di Luar Area Pantauan (>1000m dari Desa)
Simpang Hilir,Penjalaan,"Sabtu, 12 September 2026 13:18:00",NASA-NOAA20,Medium,110.06109,-1.118,False,False,True,False,False,True,Di Luar Area Pantauan (>1000m dari Desa)
Simpang Hilir,Matan Jaya,"Sabtu, 12 September 2026 13:18:00",NASA-NOAA20,Medium,110.15308,-1.10394,False,False,False,False,True,True,Di Luar Area Pantauan (>1000m dari Desa)
Simpang Hilir,Matan Jaya,"Sabtu, 12 September 2026 13:18:00",NASA-NOAA20,Medium,110.13622,-1.09254,False,False,True,True,True,True,Di Luar Area Pantauan (>1000m dari Desa)
Simpang Hilir,Matan Jaya,"Sabtu, 12 September 2026 13:18:00",NASA-NOAA20,Medium,110.16366,-1.09883,False,False,False,False,True,True,Di Luar Area Pantauan (>1000m dari Desa)
Simpang Hilir,Matan Jaya,"Sabtu, 12 September 2026 13:18:00",NASA-NOAA20,Medium,110.11044,-1.09649,False,False,True,True,True,True,Di Luar Area Pantauan (>1000m dari Desa)
Simpang Hilir,Matan Jaya,"Sabtu, 12 September 2026 13:18:00",NASA-NOAA20,Medium,110.09472,-1.09192,False,False,True,False,True,True,Di Luar Area Pantauan (>1000m dari Desa)
Simpang Hilir,Matan Jaya,"Sabtu, 12 September 2026 13:18:00",NASA-NOAA20,Medium,110.17489,-1.0481,False,False,False,False,False,False,Di Luar Area Pantauan (>1000m dari Desa)
Simpang Hilir,Matan Jaya,"Sabtu, 12 September 2026 13:18:00",NASA-NOAA20,Medium,110.16852,-1.05608,False,False,False,False,False,False,Di Luar Area Pantauan (>1000m dari Desa)
Simpang Hilir,Matan Jaya,"Sabtu, 12 September 2026 13:18:00",NASA-NOAA20,Medium,110.09115,-1.06804,False,False,False,False,True,True,Di Luar Area Pantauan (>1000m dari Desa)
Matan Hilir Selatan,Pesaguan Kanan,"Sabtu, 12 September 2026 13:18:00",NASA-NOAA20,Medium,110.28874,-2.03257,False,False,True,False,False,True,Di Luar Area Pantauan (>1000m dari Desa)
Matan Hilir Selatan,Pesaguan Kanan,"Sabtu, 12 September 2026 13:18:00",NASA-NOAA20,Medium,110.34391,-2.02405,False,False,True,True,False,True,Di Luar Area Pantauan (>1000m dari Desa)
Tumbang Titi,Jungkal,"Sabtu, 12 September 2026 13:18:00",NASA-NOAA20,Medium,110.51044,-1.97018,False,False,False,False,False,False,Di Luar Area Pantauan (>1000m dari Desa)
Marau,Belaban,"Sabtu, 12 September 2026 13:18:00",NASA-NOAA20,Medium,110.65469,-2.03613,False,False,False,False,False,False,Di Luar Area Pantauan (>1000m dari Desa)
Matan Hilir Selatan,Pesaguan Kanan,"Sabtu, 12 September 2026 13:18:00",NASA-NOAA20,Medium,110.17696,-2.03591,False,False,False,True,False,True,Di Luar Area Pantauan (>1000m dari Desa)
Matan Hilir Selatan,Pesaguan Kanan,"Sabtu, 12 September 2026 13:18:00",NASA-NOAA20,Medium,110.32299,-1.98535,False,False,False,False,False,False,Di Luar Area Pantauan (>1000m dari Desa)
Matan Hilir Selatan,Pesaguan Kanan,"Sabtu, 12 September 2026 13:18:00",NASA-NOAA20,Medium,110.26622,-2.03256,False,False,True,True,False,True,Di Luar Area Pantauan (>1000m dari Desa)
Matan Hilir Selatan,Pesaguan Kanan,"Sabtu, 12 September 2026 13:18:00",NASA-NOAA20,Medium,110.19411,-2.05065,False,False,False,True,False,True,Di Luar Area Pantauan (>1000m dari Desa)
Simpang Hilir,Batu Barat,"Sabtu, 12 September 2026 13:18:00",NASA-NOAA20,Medium,110.03693,-0.98532,False,False,False,True,False,True,Di Luar Area Pantauan (>1000m dari Desa)
Matan Hilir Selatan,Pesaguan Kanan,"Sabtu, 12 September 2026 13:18:00",NASA-NOAA20,Medium,110.19576,-2.01213,False,False,False,True,False,True,Di Luar Area Pantauan (>1000m dari Desa)
Matan Hilir Selatan,Sungai Nanjung,"Sabtu, 12 September 2026 13:18:00",NASA-NOAA20,Medium,110.23517,-2.12151,False,False,False,True,False,True,Di Luar Area Pantauan (>1000m dari Desa)
Matan Hilir Selatan,Sungai Nanjung,"Sabtu, 12 September 2026 13:18:00",NASA-NOAA20,Medium,110.231,-2.11868,False,False,False,True,False,True,Di Luar Area Pantauan (>1000m dari Desa)
Matan Hilir Selatan,Sungai Nanjung,"Sabtu, 12 September 2026 13:18:00",NASA-NOAA20,Medium,110.20546,-2.12265,False,False,False,False,False,False,Di Luar Area Pantauan (>1000m dari Desa)
Kendawangan,Pangkalan Batu,"Sabtu, 12 September 2026 13:18:00",NASA-NOAA20,Medium,110.37727,-2.09244,False,False,False,False,False,False,Di Luar Area Pantauan (>1000m dari Desa)
Matan Hilir Selatan,Sungai Nanjung,"Sabtu, 12 September 2026 13:18:00",NASA-NOAA20,Medium,110.17786,-2.1157,False,False,False,False,False,False,Di Luar Area Pantauan (>1000m dari Desa)
Matan Hilir Selatan,Pesaguan Kanan,"Sabtu, 12 September 2026 13:18:00",NASA-NOAA20,Medium,110.19981,-2.06368,False,False,False,True,False,True,Di Luar Area Pantauan (>1000m dari Desa)
Tumbang Titi,Jungkal,"Sabtu, 12 September 2026 13:18:00",NASA-NOAA20,Medium,110.50671,-1.97076,False,False,False,False,False,False,Di Luar Area Pantauan (>1000m dari Desa)
Simpang Hilir,Lubuk Batu,"Sabtu, 12 September 2026 13:18:00",NASA-NOAA20,Medium,110.10104,-0.96149,False,False,False,False,False,False,Di Luar Area Pantauan (>1000m dari Desa)
Simpang Hilir,Batu Barat,"Sabtu, 12 September 2026 13:18:00",NASA-NOAA20,Medium,110.0296,-0.98645,False,False,True,True,False,True,Di Luar Area Pantauan (>1000m dari Desa)
Simpang Dua,Kampar Sebomban,"Sabtu, 12 September 2026 13:18:00",NASA-NOAA20,Medium,110.18398,-0.91364,False,False,False,False,False,False,Di Luar Area Pantauan (>1000m dari Desa)
Simpang Hilir,Lubuk Batu,"Sabtu, 12 September 2026 13:18:00",NASA-NOAA20,Medium,110.10361,-0.93282,False,False,False,False,False,False,Di Luar Area Pantauan (>1000m dari Desa)
Simpang Hilir,Lubuk Batu,"Sabtu, 12 September 2026 13:18:00",NASA-NOAA20,Medium,110.09992,-0.93338,False,False,False,False,False,False,Di Luar Area Pantauan (>1000m dari Desa)
Menukung,Belaban Ella,"Sabtu, 12 September 2026 13:18:00",NASA-NOAA20,Medium,112.22381,-0.55445,False,False,True,False,True,True,Di Luar Area Pantauan (>1000m dari Desa)
Simpang Hulu,Balai Pinang Hulu,"Sabtu, 12 September 2026 13:18:00",NASA-NOAA20,Medium,110.3379,-0.64147,False,False,True,False,False,True,Di Luar Area Pantauan (>1000m dari Desa)
Serawai,Tamakung,"Sabtu, 12 September 2026 13:18:00",NASA-NOAA20,Medium,112.58578,-0.24994,False,False,False,False,False,False,Di Luar Area Pantauan (>1000m dari Desa)
Nanga Mahap,Karang Betung,"Sabtu, 12 September 2026 13:18:00",NASA-NOAA20,Medium,110.91692,-0.51316,True,False,True,False,True,True,Prioritas 1 (Tinggi)
Pulau Maya,Dusun Besar,"Sabtu, 12 September 2026 13:18:00",NASA-NOAA20,Medium,109.48669,-1.12125,False,False,False,True,False,True,Di Luar Area Pantauan (>1000m dari Desa)
Simpang Hilir,Sungaimata-Mata,"Sabtu, 12 September 2026 13:18:00",NASA-NOAA20,Medium,109.95742,-1.05316,False,False,True,True,False,True,Di Luar Area Pantauan (>1000m dari Desa)
Simpang Hilir,Sungaimata-Mata,"Sabtu, 12 September 2026 13:18:00",NASA-NOAA20,Medium,109.96107,-1.05261,False,False,False,True,False,True,Di Luar Area Pantauan (>1000m dari Desa)
Simpang Hilir,Matan Jaya,"Sabtu, 12 September 2026 13:18:00",NASA-NOAA20,Medium,110.12589,-1.04869,False,False,False,False,False,False,Di Luar Area Pantauan (>1000m dari Desa)
Pulau Maya,Dusun Besar,"Sabtu, 12 September 2026 13:18:00",NASA-NOAA20,Medium,109.4968,-1.11629,False,False,True,True,False,True,Di Luar Area Pantauan (>1000m dari Desa)
Simpang Hilir,Sungaimata-Mata,"Sabtu, 12 September 2026 13:18:00",NASA-NOAA20,Medium,109.95691,-1.04977,False,False,False,True,False,True,Di Luar Area Pantauan (>1000m dari Desa)
Simpang Hilir,Lubuk Batu,"Sabtu, 12 September 2026 13:18:00",NASA-NOAA20,Medium,110.09795,-0.941,False,False,False,False,False,False,Di Luar Area Pantauan (>1000m dari Desa)
Hulu Sungai,Krio Hulu,"Sabtu, 12 September 2026 13:18:00",NASA-NOAA20,Medium,110.85431,-0.87743,False,False,False,False,False,False,Di Luar Area Pantauan (>1000m dari Desa)
Simpang Hilir,Lubuk Batu,"Sabtu, 12 September 2026 13:18:00",NASA-NOAA20,Medium,110.09632,-0.95523,False,False,False,False,False,False,Di Luar Area Pantauan (>1000m dari Desa)
Simpang Hilir,Lubuk Batu,"Sabtu, 12 September 2026 13:18:00",NASA-NOAA20,Medium,110.10059,-0.93359,False,False,False,False,False,False,Di Luar Area Pantauan (>1000m dari Desa)
Simpang Dua,Kampar Sebomban,"Sabtu, 12 September 2026 13:18:00",NASA-NOAA20,Medium,110.17976,-0.91078,False,False,False,False,False,False,Di Luar Area Pantauan (>1000m dari Desa)
Sungai Laur,Sepotong,"Sabtu, 12 September 2026 13:18:00",NASA-NOAA20,Medium,110.5109,-0.83569,False,False,False,False,False,False,Di Luar Area Pantauan (>1000m dari Desa)
Batu Ampar,Batu Ampar,"Sabtu, 12 September 2026 13:18:00",NASA-NOAA20,Medium,109.67187,-0.92926,False,False,True,False,False,True,Di Luar Area Pantauan (>1000m dari Desa)
Simpang Dua,Kampar Sebomban,"Sabtu, 12 September 2026 13:18:00",NASA-NOAA20,Medium,110.23396,-0.89202,False,False,True,False,False,True,Di Luar Area Pantauan (>1000m dari Desa)
Simpang Dua,Kampar Sebomban,"Sabtu, 12 September 2026 13:18:00",NASA-NOAA20,Medium,110.18346,-0.91022,False,False,False,False,False,False,Di Luar Area Pantauan (>1000m dari Desa)
Simpang Dua,Kampar Sebomban,"Sabtu, 12 September 2026 13:18:00",NASA-NOAA20,Medium,110.16631,-0.82169,False,False,True,False,False,True,Di Luar Area Pantauan (>1000m dari Desa)
Simpang Dua,Kampar Sebomban,"Sabtu, 12 September 2026 13:18:00",NASA-NOAA20,Medium,110.1594,-0.82627,False,False,True,True,False,True,Di Luar Area Pantauan (>1000m dari Desa)
Simpang Dua,Semandang Kanan,"Sabtu, 12 September 2026 13:18:00",NASA-NOAA20,Medium,110.40208,-0.78509,False,False,False,False,False,False,Di Luar Area Pantauan (>1000m dari Desa)
Batu Ampar,Tanjungharapan,"Sabtu, 12 September 2026 13:18:00",NASA-NOAA20,Medium,109.52573,-0.86035,True,False,False,True,True,True,Prioritas 1 (Tinggi)
Simpang Dua,Semandang Kanan,"Sabtu, 12 September 2026 13:18:00",NASA-NOAA20,Medium,110.33539,-0.77874,False,False,False,False,False,False,Di Luar Area Pantauan (>1000m dari Desa)
Hulu Sungai,Sunge Bengaras,"Sabtu, 12 September 2026 13:18:00",NASA-NOAA20,Medium,110.78091,-0.71122,False,False,False,False,False,False,Di Luar Area Pantauan (>1000m dari Desa)
Batu Ampar,Muara Tiga,"Sabtu, 12 September 2026 13:18:00",NASA-NOAA20,Medium,109.83401,-0.80971,False,False,False,True,False,True,Di Luar Area Pantauan (>1000m dari Desa)
Simpang Dua,Semandang Kanan,"Sabtu, 12 September 2026 13:18:00",NASA-NOAA20,Medium,110.3092,-0.75803,False,False,False,False,False,False,Di Luar Area Pantauan (>1000m dari Desa)
Nanga Mahap,Karang Betung,"Sabtu, 12 September 2026 13:18:00",NASA-NOAA20,Medium,110.896,-0.64313,True,False,False,False,False,False,Prioritas 2 (Sedang)
Nanga Mahap,Karang Betung,"Sabtu, 12 September 2026 13:18:00",NASA-NOAA20,Medium,110.89654,-0.64667,True,False,False,False,False,False,Prioritas 2 (Sedang)
Batu Ampar,Tanjungharapan,"Sabtu, 12 September 2026 13:18:00",NASA-NOAA20,Medium,109.52981,-0.8391,True,False,True,True,True,True,Prioritas 1 (Tinggi)
Batu Ampar,Teluknibung,"Sabtu, 12 September 2026 13:18:00",NASA-NOAA20,Medium,109.52117,-0.83012,False,True,True,True,True,True,Prioritas 3 (Rendah)
Simpang Hulu,Semandang Kiri,"Sabtu, 12 September 2026 13:18:00",NASA-NOAA20,Medium,110.42891,-0.62758,False,False,False,False,False,False,Di Luar Area Pantauan (>1000m dari Desa)
Ella Hilir,Lengkong Nyadom,"Sabtu, 12 September 2026 13:18:00",NASA-NOAA20,Medium,112.01984,-0.38063,False,False,False,False,False,False,Di Luar Area Pantauan (>1000m dari Desa)
Batu Ampar,Batu Ampar,"Sabtu, 12 September 2026 13:18:00",NASA-NOAA20,Medium,109.55423,-0.78516,False,False,False,True,True,True,Di Luar Area Pantauan (>1000m dari Desa)
Simpang Hulu,Semandang Hulu,"Sabtu, 12 September 2026 13:18:00",NASA-NOAA20,Medium,110.47534,-0.59916,False,False,False,False,False,False,Di Luar Area Pantauan (>1000m dari Desa)
Matan Hilir Selatan,Sungai Pelang,"Sabtu, 12 September 2026 13:18:00",NASA-NOAA20,Medium,110.16332,-1.87993,False,False,True,True,False,True,Di Luar Area Pantauan (>1000m dari Desa)
Matan Hilir Selatan,Sungai Besar,"Sabtu, 12 September 2026 13:18:00",NASA-NOAA20,Medium,110.26113,-1.88244,False,False,True,False,False,True,Di Luar Area Pantauan (>1000m dari Desa)
Matan Hilir Selatan,Sungai Besar,"Sabtu, 12 September 2026 13:18:00",NASA-NOAA20,Medium,110.1753,-1.88506,False,False,True,True,False,True,Di Luar Area Pantauan (>1000m dari Desa)
Matan Hilir Selatan,Sungai Besar,"Sabtu, 12 September 2026 13:18:00",NASA-NOAA20,Medium,110.18787,-1.86922,False,False,True,True,False,True,Di Luar Area Pantauan (>1000m dari Desa)
Matan Hilir Selatan,Sungai Besar,"Sabtu, 12 September 2026 13:18:00",NASA-NOAA20,Medium,110.17005,-1.89977,False,False,True,True,False,True,Di Luar Area Pantauan (>1000m dari Desa)
Matan Hilir Selatan,Sungai Besar,"Sabtu, 12 September 2026 13:18:00",NASA-NOAA20,Medium,110.2014,-1.88456,False,False,True,True,False,True,Di Luar Area Pantauan (>1000m dari Desa)
Matan Hilir Selatan,Sungai Besar,"Sabtu, 12 September 2026 13:18:00",NASA-NOAA20,Medium,110.17895,-1.8845,False,False,True,True,False,True,Di Luar Area Pantauan (>1000m dari Desa)
Matan Hilir Selatan,Sungai Besar,"Sabtu, 12 September 2026 13:18:00",NASA-NOAA20,Medium,110.26488,-1.85744,False,False,True,True,False,True,Di Luar Area Pantauan (>1000m dari Desa)
Matan Hilir Selatan,Sungai Pelang,"Sabtu, 12 September 2026 13:18:00",NASA-NOAA20,Medium,110.22453,-1.83921,False,False,True,True,False,True,Di Luar Area Pantauan (>1000m dari Desa)
Matan Hilir Selatan,Sungai Besar,"Sabtu, 12 September 2026 13:18:00",NASA-NOAA20,Medium,110.18261,-1.88394,False,False,True,True,False,True,Di Luar Area Pantauan (>1000m dari Desa)
Matan Hilir Selatan,Sungai Besar,"Sabtu, 12 September 2026 13:18:00",NASA-NOAA20,Medium,110.19672,-1.87831,False,False,True,True,False,True,Di Luar Area Pantauan (>1000m dari Desa)
Matan Hilir Selatan,Sungai Besar,"Sabtu, 12 September 2026 13:18:00",NASA-NOAA20,Medium,110.18576,-1.87998,False,False,True,True,False,True,Di Luar Area Pantauan (>1000m dari Desa)
Matan Hilir Selatan,Sungai Pelang,"Sabtu, 12 September 2026 13:18:00",NASA-NOAA20,Medium,110.16647,-1.87597,False,False,True,True,False,True,Di Luar Area Pantauan (>1000m dari Desa)
Matan Hilir Selatan,Sungai Besar,"Sabtu, 12 September 2026 13:18:00",NASA-NOAA20,Medium,110.17215,-1.88901,False,False,True,True,False,True,Di Luar Area Pantauan (>1000m dari Desa)
Matan Hilir Selatan,Sungai Besar,"Sabtu, 12 September 2026 13:18:00",NASA-NOAA20,Medium,110.21186,-1.87948,False,False,True,True,False,True,Di Luar Area Pantauan (>1000m dari Desa)
Matan Hilir Selatan,Sungai Besar,"Sabtu, 12 September 2026 13:18:00",NASA-NOAA20,Medium,110.18626,-1.88339,False,False,True,True,False,True,Di Luar Area Pantauan (>1000m dari Desa)
Matan Hilir Selatan,Sungai Besar,"Sabtu, 12 September 2026 13:18:00",NASA-NOAA20,Medium,110.17165,-1.88561,False,False,True,True,False,True,Di Luar Area Pantauan (>1000m dari Desa)
Matan Hilir Selatan,Sungai Besar,"Sabtu, 12 September 2026 13:18:00",NASA-NOAA20,Medium,110.16799,-1.88617,False,False,True,True,False,True,Di Luar Area Pantauan (>1000m dari Desa)
Matan Hilir Selatan,Sungai Besar,"Sabtu, 12 September 2026 13:18:00",NASA-NOAA20,Medium,110.17684,-1.89526,False,False,True,True,False,True,Di Luar Area Pantauan (>1000m dari Desa)
Matan Hilir Selatan,Sungai Besar,"Sabtu, 12 September 2026 13:18:00",NASA-NOAA20,Medium,110.17946,-1.8879,False,False,True,True,False,True,Di Luar Area Pantauan (>1000m dari Desa)
Matan Hilir Selatan,Sungai Pelang,"Sabtu, 12 September 2026 13:18:00",NASA-NOAA20,Medium,110.23657,-1.84433,False,False,True,True,False,True,Di Luar Area Pantauan (>1000m dari Desa)
Simpang Hulu,Sekucing Labai,"Sabtu, 12 September 2026 13:18:00",NASA-NOAA20,Medium,110.1179,-0.48249,False,False,False,False,False,False,Di Luar Area Pantauan (>1000m dari Desa)
Serawai,Limbur Bernaung Lestari,"Sabtu, 12 September 2026 13:18:00",NASA-NOAA20,Medium,112.58245,-0.15018,False,False,False,False,True,True,Di Luar Area Pantauan (>1000m dari Desa)
Sepauk,Sekubang,"Sabtu, 12 September 2026 13:18:00",NASA-NOAA20,Medium,111.1041,-0.26344,False,False,False,False,False,False,Di Luar Area Pantauan (>1000m dari Desa)
Kayan Hulu,Buluh Merindu,"Sabtu, 12 September 2026 13:18:00",NASA-NOAA20,Medium,112.13169,-0.03457,False,False,False,False,False,False,Di Luar Area Pantauan (>1000m dari Desa)
Silat Hulu,Nanga Ngeri,"Sabtu, 12 September 2026 13:18:00",NASA-NOAA20,Medium,112.08248,0.15906,False,False,False,False,False,False,Di Luar Area Pantauan (>1000m dari Desa)
Tempunak,Balai Harapan,"Sabtu, 12 September 2026 13:18:00",NASA-NOAA20,Medium,111.37155,0.01749,False,False,False,False,False,False,Di Luar Area Pantauan (>1000m dari Desa)
Nanga Tayap,Siantau Raya,"Sabtu, 12 September 2026 13:18:00",NASA-NOAA20,Medium,110.43526,-1.68055,False,False,False,False,False,False,Di Luar Area Pantauan (>1000m dari Desa)
Sungai Melayu Rayak,Makmur Abadi,"Sabtu, 12 September 2026 13:18:00",NASA-NOAA20,Medium,110.26833,-1.70633,False,False,True,True,False,True,Di Luar Area Pantauan (>1000m dari Desa)
Muara Pawan,Mayak,"Sabtu, 12 September 2026 13:18:00",NASA-NOAA20,Medium,110.16239,-1.72616,False,False,True,True,False,True,Di Luar Area Pantauan (>1000m dari Desa)
Sungai Melayu Rayak,Makmur Abadi,"Sabtu, 12 September 2026 13:18:00",NASA-NOAA20,Medium,110.26884,-1.70975,False,False,True,True,False,True,Di Luar Area Pantauan (>1000m dari Desa)
Nanga Tayap,Simpang Tiga Sembelangaan,"Sabtu, 12 September 2026 13:18:00",NASA-NOAA20,Medium,110.36654,-1.43576,False,False,True,False,True,True,Di Luar Area Pantauan (>1000m dari Desa)
Matan Hilir Utara,Kuala Tolak,"Sabtu, 12 September 2026 13:18:00",NASA-NOAA20,Medium,110.14478,-1.42058,False,False,False,True,False,True,Di Luar Area Pantauan (>1000m dari Desa)
Sekadau Hilir,Landau Kodah,"Sabtu, 12 September 2026 13:18:00",NASA-NOAA20,Medium,110.92136,0.10955,False,False,False,False,False,False,Di Luar Area Pantauan (>1000m dari Desa)
Ketungau Hilir,Setungkup,"Sabtu, 12 September 2026 13:18:00",NASA-NOAA20,Medium,111.46999,0.4329,False,False,False,False,False,False,Di Luar Area Pantauan (>1000m dari Desa)
Ketungau Hilir,Setungkup,"Sabtu, 12 September 2026 13:18:00",NASA-NOAA20,Medium,111.47045,0.42919,False,False,False,False,False,False,Di Luar Area Pantauan (>1000m dari Desa)
Simpang Hulu,Kualan Hilir,"Sabtu, 12 September 2026 13:18:00",NASA-NOAA20,Medium,110.16947,-0.61802,False,False,True,False,False,True,Di Luar Area Pantauan (>1000m dari Desa)
Kayan Hulu,Nanga Laar,"Sabtu, 12 September 2026 13:18:00",NASA-NOAA20,Medium,112.25416,-0.01975,False,False,True,False,False,True,Di Luar Area Pantauan (>1000m dari Desa)
Kayan Hulu,Nanga Laar,"Sabtu, 12 September 2026 13:18:00",NASA-NOAA20,Medium,112.24953,-0.02046,False,False,False,False,False,False,Di Luar Area Pantauan (>1000m dari Desa)
Sekadau Hulu,Sunsong,"Sabtu, 12 September 2026 13:18:00",NASA-NOAA20,Medium,111.03702,-0.31772,False,False,False,False,False,False,Di Luar Area Pantauan (>1000m dari Desa)
Kayan Hulu,Nanga Abai,"Sabtu, 12 September 2026 13:18:00",NASA-NOAA20,Medium,112.28817,-0.05987,False,False,False,False,False,False,Di Luar Area Pantauan (>1000m dari Desa)
Simpang Hulu,Sekucing Labai,"Sabtu, 12 September 2026 13:18:00",NASA-NOAA20,Medium,110.10995,-0.48019,False,False,False,False,False,False,Di Luar Area Pantauan (>1000m dari Desa)
Simpang Hulu,Sekucing Labai,"Sabtu, 12 September 2026 13:18:00",NASA-NOAA20,Medium,110.10944,-0.47676,False,False,False,False,False,False,Di Luar Area Pantauan (>1000m dari Desa)
Kayan Hulu,Nanga Laar,"Sabtu, 12 September 2026 13:18:00",NASA-NOAA20,Medium,112.27385,-0.02067,False,False,False,False,False,False,Di Luar Area Pantauan (>1000m dari Desa)
Kubu,Seruat Dua,"Sabtu, 12 September 2026 13:18:00",NASA-NOAA20,Medium,109.21935,-0.45223,True,False,False,True,False,True,Prioritas 1 (Tinggi)
Kayan Hulu,Kerapuk Jaya,"Sabtu, 12 September 2026 13:18:00",NASA-NOAA20,Medium,112.22251,-0.03243,False,False,False,False,False,False,Di Luar Area Pantauan (>1000m dari Desa)
Kayan Hulu,Nangkak Lestari,"Sabtu, 12 September 2026 13:18:00",NASA-NOAA20,Medium,112.16996,-0.03653,False,False,False,False,False,False,Di Luar Area Pantauan (>1000m dari Desa)
Kayan Hulu,Nanga Laar,"Sabtu, 12 September 2026 13:18:00",NASA-NOAA20,Medium,112.27872,-0.01993,False,False,False,False,False,False,Di Luar Area Pantauan (>1000m dari Desa)
Meliau,Kuala Rosan,"Sabtu, 12 September 2026 13:18:00",NASA-NOAA20,Medium,110.48922,-0.22505,False,False,False,False,False,False,Di Luar Area Pantauan (>1000m dari Desa)
Kayan Hulu,Riam Panjang,"Sabtu, 12 September 2026 13:18:00",NASA-NOAA20,Medium,112.1715,0.03304,False,False,False,False,False,False,Di Luar Area Pantauan (>1000m dari Desa)
Sungai Raya,Muara Baru,"Sabtu, 12 September 2026 13:18:00",NASA-NOAA20,Medium,109.71594,-0.30899,False,False,False,True,False,True,Di Luar Area Pantauan (>1000m dari Desa)
Sungai Raya,Kalibandung,"Sabtu, 12 September 2026 13:18:00",NASA-NOAA20,Medium,109.62666,-0.30529,False,False,False,True,False,True,Di Luar Area Pantauan (>1000m dari Desa)
Sepauk,Sirang Setambang,"Sabtu, 12 September 2026 13:18:00",NASA-NOAA20,Medium,111.19826,-0.06509,False,False,False,False,False,False,Di Luar Area Pantauan (>1000m dari Desa)
Sungai Raya,Kalibandung,"Sabtu, 12 September 2026 13:18:00",NASA-NOAA20,Medium,109.71233,-0.30954,False,False,False,True,False,True,Di Luar Area Pantauan (>1000m dari Desa)
Tempunak,Balai Harapan,"Sabtu, 12 September 2026 13:18:00",NASA-NOAA20,Medium,111.37089,0.01733,False,False,False,False,False,False,Di Luar Area Pantauan (>1000m dari Desa)
Silat Hilir,Rumbih,"Sabtu, 12 September 2026 13:18:00",NASA-NOAA20,Medium,111.95163,0.17785,False,False,True,False,False,True,Di Luar Area Pantauan (>1000m dari Desa)
Sekadau Hilir,Sungai Kunyit,"Sabtu, 12 September 2026 13:18:00",NASA-NOAA20,Medium,110.76453,0.02771,False,False,False,False,False,False,Di Luar Area Pantauan (>1000m dari Desa)
Sungai Ambawang,Teluk Bakung,"Sabtu, 12 September 2026 13:18:00",NASA-NOAA20,Medium,109.66265,-0.13113,False,False,True,True,False,True,Di Luar Area Pantauan (>1000m dari Desa)
Silat Hulu,Nanga Lungu,"Sabtu, 12 September 2026 13:18:00",NASA-NOAA20,Medium,112.16409,0.19103,False,False,False,False,False,False,Di Luar Area Pantauan (>1000m dari Desa)
Kapuas,Kelurahan Sungai Sengkuang,"Sabtu, 12 September 2026 13:18:00",NASA-NOAA20,Medium,110.60741,0.18446,False,False,False,False,False,False,Di Luar Area Pantauan (>1000m dari Desa)
Belitang Hulu,Kumpang Ilong,"Sabtu, 12 September 2026 13:18:00",NASA-NOAA20,Medium,111.11994,0.41608,False,False,False,False,False,False,Di Luar Area Pantauan (>1000m dari Desa)
Seberuang,Bati,"Sabtu, 12 September 2026 13:18:00",NASA-NOAA20,Medium,112.04021,0.36543,False,False,False,False,False,False,Di Luar Area Pantauan (>1000m dari Desa)
Belitang Hilir,Menawai Tekam,"Sabtu, 12 September 2026 13:18:00",NASA-NOAA20,Medium,111.00837,0.24962,False,False,False,False,False,False,Di Luar Area Pantauan (>1000m dari Desa)
Belitang Hilir,Empajak,"Sabtu, 12 September 2026 13:18:00",NASA-NOAA20,Medium,111.07012,0.20383,False,False,False,False,False,False,Di Luar Area Pantauan (>1000m dari Desa)
Belitang Hilir,Menawai Tekam,"Sabtu, 12 September 2026 13:18:00",NASA-NOAA20,Medium,110.98363,0.27519,False,False,False,False,False,False,Di Luar Area Pantauan (>1000m dari Desa)
Bonti,Bahta,"Sabtu, 12 September 2026 13:18:00",NASA-NOAA20,Medium,110.61316,0.33726,False,False,False,False,False,False,Di Luar Area Pantauan (>1000m dari Desa)
Bonti,Bahta,"Sabtu, 12 September 2026 13:18:00",NASA-NOAA20,Medium,110.60915,0.33663,False,False,False,False,False,False,Di Luar Area Pantauan (>1000m dari Desa)
Bonti,Bahta,"Sabtu, 12 September 2026 13:18:00",NASA-NOAA20,Medium,110.60921,0.33684,False,False,False,False,False,False,Di Luar Area Pantauan (>1000m dari Desa)
Kalis,Nanga Raun,"Sabtu, 12 September 2026 13:18:00",NASA-NOAA20,Medium,113.118,0.72372,False,False,True,False,False,True,Di Luar Area Pantauan (>1000m dari Desa)
Kalis,Tapang Da'an,"Sabtu, 12 September 2026 13:18:00",NASA-NOAA20,Medium,113.06567,0.72427,False,False,False,False,False,False,Di Luar Area Pantauan (>1000m dari Desa)
Kalis,Tapang Da'an,"Sabtu, 12 September 2026 13:18:00",NASA-NOAA20,Medium,113.06999,0.72073,False,False,True,False,False,True,Di Luar Area Pantauan (>1000m dari Desa)
Sungai Melayu Rayak,Makmur Abadi,"Sabtu, 12 September 2026 13:18:00",NASA-NOAA20,Medium,110.26515,-1.71032,False,False,True,True,False,True,Di Luar Area Pantauan (>1000m dari Desa)
Muara Pawan,Mayak,"Sabtu, 12 September 2026 13:18:00",NASA-NOAA20,Medium,110.15977,-1.73353,False,False,True,True,False,True,Di Luar Area Pantauan (>1000m dari Desa)
Muara Pawan,Mayak,"Sabtu, 12 September 2026 13:18:00",NASA-NOAA20,Medium,110.16187,-1.72276,False,False,False,True,False,True,Di Luar Area Pantauan (>1000m dari Desa)
Muara Pawan,Mayak,"Sabtu, 12 September 2026 13:18:00",NASA-NOAA20,Medium,110.11855,-1.75725,False,False,False,True,False,True,Di Luar Area Pantauan (>1000m dari Desa)
Sungai Melayu Rayak,Makmur Abadi,"Sabtu, 12 September 2026 13:18:00",NASA-NOAA20,Medium,110.23096,-1.73304,False,False,True,True,False,True,Di Luar Area Pantauan (>1000m dari Desa)
Sungai Melayu Rayak,Makmur Abadi,"Sabtu, 12 September 2026 13:18:00",NASA-NOAA20,Medium,110.26568,-1.71373,False,False,True,True,False,True,Di Luar Area Pantauan (>1000m dari Desa)
Muara Pawan,Mayak,"Sabtu, 12 September 2026 13:18:00",NASA-NOAA20,Medium,110.11861,-1.73291,False,False,False,True,False,True,Di Luar Area Pantauan (>1000m dari Desa)
Sungai Melayu Rayak,Makmur Abadi,"Sabtu, 12 September 2026 13:18:00",NASA-NOAA20,Medium,110.27201,-1.70576,False,False,True,True,False,True,Di Luar Area Pantauan (>1000m dari Desa)
Sungai Melayu Rayak,Makmur Abadi,"Sabtu, 12 September 2026 13:18:00",NASA-NOAA20,Medium,110.25309,-1.70519,False,False,False,True,False,True,Di Luar Area Pantauan (>1000m dari Desa)
Muara Pawan,Mayak,"Sabtu, 12 September 2026 13:18:00",NASA-NOAA20,Medium,110.12167,-1.7533,False,False,False,True,False,True,Di Luar Area Pantauan (>1000m dari Desa)
Muara Pawan,Mayak,"Sabtu, 12 September 2026 13:18:00",NASA-NOAA20,Medium,110.11803,-1.75386,False,False,False,True,False,True,Di Luar Area Pantauan (>1000m dari Desa)
Muara Pawan,Mayak,"Sabtu, 12 September 2026 13:18:00",NASA-NOAA20,Medium,110.1692,-1.72163,False,False,False,True,False,True,Di Luar Area Pantauan (>1000m dari Desa)
Sungai Melayu Rayak,Makmur Abadi,"Sabtu, 12 September 2026 13:18:00",NASA-NOAA20,Medium,110.25677,-1.70462,False,False,True,True,False,True,Di Luar Area Pantauan (>1000m dari Desa)
Matan Hilir Utara,Kuala Tolak,"Sabtu, 12 September 2026 13:18:00",NASA-NOAA20,Medium,110.16299,-1.46664,False,False,True,True,False,True,Di Luar Area Pantauan (>1000m dari Desa)
Muara Pawan,Mayak,"Sabtu, 12 September 2026 13:18:00",NASA-NOAA20,Medium,110.16136,-1.71935,False,False,True,True,False,True,Di Luar Area Pantauan (>1000m dari Desa)
Sungai Melayu Rayak,Makmur Abadi,"Sabtu, 12 September 2026 13:18:00",NASA-NOAA20,Medium,110.25259,-1.70177,False,False,False,True,False,True,Di Luar Area Pantauan (>1000m dari Desa)
Mempawah Timur,Antibar,"Sabtu, 12 September 2026 13:18:00",NASA-NOAA20,Medium,109.03543,0.38176,False,False,False,True,False,True,Di Luar Area Pantauan (>1000m dari Desa)
Ketungau Tengah,Wana Bhakti,"Sabtu, 12 September 2026 13:18:00",NASA-NOAA20,Medium,111.49841,0.81027,False,False,True,False,False,True,Di Luar Area Pantauan (>1000m dari Desa)
Ketungau Tengah,Margahayu,"Sabtu, 12 September 2026 13:18:00",NASA-NOAA20,Medium,111.36878,0.77954,False,False,False,False,False,False,Di Luar Area Pantauan (>1000m dari Desa)
Ketungau Tengah,Margahayu,"Sabtu, 12 September 2026 13:18:00",NASA-NOAA20,Medium,111.36813,0.78021,False,False,False,False,False,False,Di Luar Area Pantauan (>1000m dari Desa)
Mempawah Hilir,Pasir,"Sabtu, 12 September 2026 13:18:00",NASA-NOAA20,Medium,109.01936,0.41691,False,False,False,True,False,True,Di Luar Area Pantauan (>1000m dari Desa)
Ketungau Tengah,Sumber Sari,"Sabtu, 12 September 2026 13:18:00",NASA-NOAA20,Medium,111.34273,0.77564,False,False,False,False,False,False,Di Luar Area Pantauan (>1000m dari Desa)
Ketungau Tengah,Margahayu,"Sabtu, 12 September 2026 13:18:00",NASA-NOAA20,Medium,111.37247,0.78089,False,False,False,False,False,False,Di Luar Area Pantauan (>1000m dari Desa)
Ketungau Hulu,Sungai Mawang,"Sabtu, 12 September 2026 13:18:00",NASA-NOAA20,Medium,111.31435,0.87667,False,False,False,False,True,True,Di Luar Area Pantauan (>1000m dari Desa)
Mempawah Hilir,Malikian,"Sabtu, 12 September 2026 13:18:00",NASA-NOAA20,Medium,109.04271,0.47104,False,False,True,True,False,True,Di Luar Area Pantauan (>1000m dari Desa)
Ketungau Tengah,Gut Jaya Bhakti,"Sabtu, 12 September 2026 13:18:00",NASA-NOAA20,Medium,111.38602,0.8727,False,False,False,False,False,False,Di Luar Area Pantauan (>1000m dari Desa)
Ketungau Tengah,Wana Bhakti,"Sabtu, 12 September 2026 13:18:00",NASA-NOAA20,Medium,111.49785,0.81399,False,False,False,False,False,False,Di Luar Area Pantauan (>1000m dari Desa)
Ketungau Tengah,Mungguk Lawang,"Sabtu, 12 September 2026 13:18:00",NASA-NOAA20,Medium,111.6486,0.61229,False,False,True,False,False,True,Di Luar Area Pantauan (>1000m dari Desa)
Ketungau Tengah,Mungguk Lawang,"Sabtu, 12 September 2026 13:18:00",NASA-NOAA20,Medium,111.64728,0.61056,False,False,True,False,False,True,Di Luar Area Pantauan (>1000m dari Desa)
Putussibau Selatan,Kedamin Darat,"Sabtu, 12 September 2026 13:18:00",NASA-NOAA20,Medium,112.92171,0.82752,False,False,False,True,False,True,Di Luar Area Pantauan (>1000m dari Desa)
Putussibau Selatan,Kedamin Darat,"Sabtu, 12 September 2026 13:18:00",NASA-NOAA20,Medium,112.92112,0.83158,False,False,False,True,False,True,Di Luar Area Pantauan (>1000m dari Desa)
Ketungau Hulu,Sekaih,"Sabtu, 12 September 2026 13:18:00",NASA-NOAA20,Medium,111.21964,0.86928,False,False,False,False,False,False,Di Luar Area Pantauan (>1000m dari Desa)
Ketungau Tengah,Begelang Jaya,"Sabtu, 12 September 2026 13:18:00",NASA-NOAA20,Medium,111.30025,0.60874,False,False,False,False,False,False,Di Luar Area Pantauan (>1000m dari Desa)
Embaloh Hulu,Tamao,"Sabtu, 12 September 2026 13:18:00",NASA-NOAA20,Medium,112.41354,1.12785,False,False,False,False,False,False,Di Luar Area Pantauan (>1000m dari Desa)
Ketungau Tengah,Nanga Kelapan,"Sabtu, 12 September 2026 13:18:00",NASA-NOAA20,Medium,111.38745,0.92836,False,False,False,False,True,True,Di Luar Area Pantauan (>1000m dari Desa)
Nanga Tayap,Tanjung Medan,"Sabtu, 12 September 2026 13:18:00",NASA-NOAA20,Medium,110.44363,-1.45854,False,False,True,False,False,True,Di Luar Area Pantauan (>1000m dari Desa)
Muara Pawan,Ulak Medang,"Sabtu, 12 September 2026 13:18:00",NASA-NOAA20,Medium,110.24268,-1.51407,False,False,True,True,False,True,Di Luar Area Pantauan (>1000m dari Desa)
Muara Pawan,Ulak Medang,"Sabtu, 12 September 2026 13:18:00",NASA-NOAA20,Medium,110.23847,-1.51121,False,False,True,True,False,True,Di Luar Area Pantauan (>1000m dari Desa)
Nanga Tayap,Simpang Tiga Sembelangaan,"Sabtu, 12 September 2026 13:18:00",NASA-NOAA20,Medium,110.3715,-1.49078,False,False,True,False,True,True,Di Luar Area Pantauan (>1000m dari Desa)
Muara Pawan,Ulak Medang,"Sabtu, 12 September 2026 13:18:00",NASA-NOAA20,Medium,110.21851,-1.5038,False,False,True,True,False,True,Di Luar Area Pantauan (>1000m dari Desa)
Nanga Tayap,Simpang Tiga Sembelangaan,"Sabtu, 12 September 2026 13:18:00",NASA-NOAA20,Medium,110.3913,-1.46663,False,False,False,False,False,False,Di Luar Area Pantauan (>1000m dari Desa)
Matan Hilir Utara,Tanjung Baik Budi,"Sabtu, 12 September 2026 13:18:00",NASA-NOAA20,Medium,110.19218,-1.5288,False,False,True,True,False,True,Di Luar Area Pantauan (>1000m dari Desa)
Matan Hilir Utara,Tanjung Baik Budi,"Sabtu, 12 September 2026 13:18:00",NASA-NOAA20,Medium,110.18484,-1.52992,False,False,True,True,False,True,Di Luar Area Pantauan (>1000m dari Desa)
Muara Pawan,Ulak Medang,"Sabtu, 12 September 2026 13:18:00",NASA-NOAA20,Medium,110.2785,-1.52607,False,False,True,True,False,True,Di Luar Area Pantauan (>1000m dari Desa)
Muara Pawan,Ulak Medang,"Sabtu, 12 September 2026 13:18:00",NASA-NOAA20,Medium,110.28486,-1.5181,False,False,True,True,False,True,Di Luar Area Pantauan (>1000m dari Desa)
Matan Hilir Utara,Tanjung Baik Budi,"Sabtu, 12 September 2026 13:18:00",NASA-NOAA20,Medium,110.18433,-1.52651,False,False,True,True,False,True,Di Luar Area Pantauan (>1000m dari Desa)
Matan Hilir Utara,Tanjung Baik Budi,"Sabtu, 12 September 2026 13:18:00",NASA-NOAA20,Medium,110.16181,-1.52647,False,False,False,False,False,False,Di Luar Area Pantauan (>1000m dari Desa)
Nanga Tayap,Tanjung Medan,"Sabtu, 12 September 2026 13:18:00",NASA-NOAA20,Medium,110.44415,-1.46198,False,False,True,False,True,True,Di Luar Area Pantauan (>1000m dari Desa)
Muara Pawan,Ulak Medang,"Sabtu, 12 September 2026 13:18:00",NASA-NOAA20,Medium,110.27609,-1.6351,False,False,False,True,False,True,Di Luar Area Pantauan (>1000m dari Desa)
Matan Hilir Utara,Sungai Putri,"Sabtu, 12 September 2026 13:18:00",NASA-NOAA20,Medium,110.08856,-1.56206,False,False,True,True,False,True,Di Luar Area Pantauan (>1000m dari Desa)
Matan Hilir Utara,Sungai Putri,"Sabtu, 12 September 2026 13:18:00",NASA-NOAA20,Medium,110.07087,-1.56824,False,False,False,True,False,True,Di Luar Area Pantauan (>1000m dari Desa)
Matan Hilir Utara,Sungai Putri,"Sabtu, 12 September 2026 13:18:00",NASA-NOAA20,Medium,110.08126,-1.56317,False,False,True,True,False,True,Di Luar Area Pantauan (>1000m dari Desa)
Muara Pawan,Ulak Medang,"Sabtu, 12 September 2026 13:18:00",NASA-NOAA20,Medium,110.27798,-1.52265,False,False,True,True,False,True,Di Luar Area Pantauan (>1000m dari Desa)
Matan Hilir Utara,Tanjung Baik Budi,"Sabtu, 12 September 2026 13:18:00",NASA-NOAA20,Medium,110.17649,-1.52422,False,False,False,True,False,True,Di Luar Area Pantauan (>1000m dari Desa)
Matan Hilir Utara,Tanjung Baik Budi,"Sabtu, 12 September 2026 13:18:00",NASA-NOAA20,Medium,110.14191,-1.51907,False,False,True,True,False,True,Di Luar Area Pantauan (>1000m dari Desa)
Muara Pawan,Ulak Medang,"Sabtu, 12 September 2026 13:18:00",NASA-NOAA20,Medium,110.22956,-1.50209,False,False,True,True,False,True,Di Luar Area Pantauan (>1000m dari Desa)
Matan Hilir Utara,Tanjung Baik Budi,"Sabtu, 12 September 2026 13:18:00",NASA-NOAA20,Medium,110.14141,-1.51566,False,False,False,True,False,True,Di Luar Area Pantauan (>1000m dari Desa)
Matan Hilir Utara,Tanjung Baik Budi,"Sabtu, 12 September 2026 13:18:00",NASA-NOAA20,Medium,110.13775,-1.51623,False,False,False,True,False,True,Di Luar Area Pantauan (>1000m dari Desa)
Muara Pawan,Ulak Medang,"Sabtu, 12 September 2026 13:18:00",NASA-NOAA20,Medium,110.2766,-1.63852,False,False,False,True,False,True,Di Luar Area Pantauan (>1000m dari Desa)
Matan Hilir Utara,Sungai Putri,"Sabtu, 12 September 2026 13:18:00",NASA-NOAA20,Medium,110.08492,-1.56261,False,False,True,True,False,True,Di Luar Area Pantauan (>1000m dari Desa)
Nanga Tayap,Mensubang,"Sabtu, 12 September 2026 13:18:00",NASA-NOAA20,Medium,110.45513,-1.31019,False,False,False,False,False,False,Di Luar Area Pantauan (>1000m dari Desa)
Sandai,Demit,"Sabtu, 12 September 2026 13:18:00",NASA-NOAA20,Medium,110.68344,-1.25062,False,False,True,False,False,True,Di Luar Area Pantauan (>1000m dari Desa)
Matan Hilir Utara,Kuala Tolak,"Sabtu, 12 September 2026 13:18:00",NASA-NOAA20,Medium,110.12103,-1.50487,False,False,False,True,False,True,Di Luar Area Pantauan (>1000m dari Desa)
Matan Hilir Utara,Kuala Tolak,"Sabtu, 12 September 2026 13:18:00",NASA-NOAA20,Medium,110.16661,-1.48388,False,False,True,True,False,True,Di Luar Area Pantauan (>1000m dari Desa)
Nanga Tayap,Pangkalan Teluk,"Sabtu, 12 September 2026 13:18:00",NASA-NOAA20,Medium,110.36423,-1.34471,False,False,False,False,True,True,Di Luar Area Pantauan (>1000m dari Desa)
Matan Hilir Utara,Kuala Satong,"Sabtu, 12 September 2026 13:18:00",NASA-NOAA20,Medium,110.1386,-1.37968,False,False,False,True,False,True,Di Luar Area Pantauan (>1000m dari Desa)
Matan Hilir Utara,Kuala Tolak,"Sabtu, 12 September 2026 13:18:00",NASA-NOAA20,Medium,110.17028,-1.48331,False,False,True,True,False,True,Di Luar Area Pantauan (>1000m dari Desa)
Nanga Tayap,Pangkalan Teluk,"Sabtu, 12 September 2026 13:18:00",NASA-NOAA20,Medium,110.28387,-1.36769,False,False,True,False,False,True,Di Luar Area Pantauan (>1000m dari Desa)
Nanga Tayap,Mensubang,"Sabtu, 12 September 2026 13:18:00",NASA-NOAA20,Medium,110.45543,-1.3129,False,False,False,False,False,False,Di Luar Area Pantauan (>1000m dari Desa)
Matan Hilir Utara,Kuala Tolak,"Sabtu, 12 September 2026 13:18:00",NASA-NOAA20,Medium,110.12836,-1.50374,False,False,True,True,False,True,Di Luar Area Pantauan (>1000m dari Desa)
Matan Hilir Utara,Tanjung Baik Budi,"Sabtu, 12 September 2026 13:18:00",NASA-NOAA20,Medium,110.06631,-1.51331,False,False,False,True,False,True,Di Luar Area Pantauan (>1000m dari Desa)
Nanga Tayap,Simpang Tiga Sembelangaan,"Sabtu, 12 September 2026 13:18:00",NASA-NOAA20,Medium,110.38921,-1.45288,False,False,False,False,False,False,Di Luar Area Pantauan (>1000m dari Desa)
Matan Hilir Utara,Lamon Satong,"Sabtu, 12 September 2026 13:18:00",NASA-NOAA20,Medium,110.25069,-1.46735,False,False,False,False,False,False,Di Luar Area Pantauan (>1000m dari Desa)
Hulu Sungai,Batu Lapis,"Sabtu, 12 September 2026 13:18:00",NASA-NOAA20,Medium,110.78622,-1.33639,False,False,False,False,False,False,Di Luar Area Pantauan (>1000m dari Desa)
Hulu Sungai,Batu Lapis,"Sabtu, 12 September 2026 13:18:00",NASA-NOAA20,Medium,110.78996,-1.33224,False,False,True,False,False,True,Di Luar Area Pantauan (>1000m dari Desa)
Kendawangan,Natai Kuini,"Sabtu, 12 September 2026 13:18:00",NASA-NOAA20,Medium,110.68109,-2.90754,False,False,False,False,False,False,Di Luar Area Pantauan (>1000m dari Desa)
Kendawangan,Natai Kuini,"Sabtu, 12 September 2026 13:18:00",NASA-NOAA20,Medium,110.68482,-2.90697,False,False,False,False,False,False,Di Luar Area Pantauan (>1000m dari Desa)
Kendawangan,Natai Kuini,"Sabtu, 12 September 2026 13:18:00",NASA-NOAA20,Medium,110.68132,-2.90707,False,False,False,False,False,False,Di Luar Area Pantauan (>1000m dari Desa)
Kendawangan,Pembedilan,"Sabtu, 12 September 2026 13:18:00",NASA-NOAA20,Medium,110.41895,-2.8744,False,False,False,False,True,True,Di Luar Area Pantauan (>1000m dari Desa)
Kendawangan,Pembedilan,"Sabtu, 12 September 2026 13:18:00",NASA-NOAA20,Medium,110.41844,-2.871,False,False,False,False,True,True,Di Luar Area Pantauan (>1000m dari Desa)
Manis Mata,Suka Ramai,"Sabtu, 12 September 2026 13:18:00",NASA-NOAA20,Medium,111.05678,-2.77525,False,False,False,False,False,False,Di Luar Area Pantauan (>1000m dari Desa)
Manis Mata,Suka Ramai,"Sabtu, 12 September 2026 13:18:00",NASA-NOAA20,Medium,111.10481,-2.69847,False,False,False,False,False,False,Di Luar Area Pantauan (>1000m dari Desa)
Kendawangan,Air Hitam Besar,"Sabtu, 12 September 2026 13:18:00",NASA-NOAA20,Medium,110.64161,-2.77332,False,False,False,False,False,False,Di Luar Area Pantauan (>1000m dari Desa)
Kendawangan,Air Hitam Besar,"Sabtu, 12 September 2026 13:18:00",NASA-NOAA20,Medium,110.73045,-2.70325,False,False,False,False,False,False,Di Luar Area Pantauan (>1000m dari Desa)
Kendawangan,Air Hitam Besar,"Sabtu, 12 September 2026 13:18:00",NASA-NOAA20,Medium,110.7342,-2.70267,False,False,False,False,False,False,Di Luar Area Pantauan (>1000m dari Desa)
Kendawangan,Air Hitam Besar,"Sabtu, 12 September 2026 13:18:00",NASA-NOAA20,Medium,110.72295,-2.70442,False,False,False,False,False,False,Di Luar Area Pantauan (>1000m dari Desa)
Kendawangan,Seriam,"Sabtu, 12 September 2026 13:18:00",NASA-NOAA20,Medium,110.35316,-2.76197,False,False,False,False,True,True,Di Luar Area Pantauan (>1000m dari Desa)
Kendawangan,Airhitam Hulu,"Sabtu, 12 September 2026 13:18:00",NASA-NOAA20,Medium,110.63065,-2.70124,False,False,False,False,False,False,Di Luar Area Pantauan (>1000m dari Desa)
Kendawangan,Airhitam Hulu,"Sabtu, 12 September 2026 13:18:00",NASA-NOAA20,Medium,110.62642,-2.69839,False,False,False,False,False,False,Di Luar Area Pantauan (>1000m dari Desa)
Kendawangan,Seriam,"Sabtu, 12 September 2026 13:18:00",NASA-NOAA20,Medium,110.31417,-2.75066,False,False,False,True,True,True,Di Luar Area Pantauan (>1000m dari Desa)
Kendawangan,Seriam,"Sabtu, 12 September 2026 13:18:00",NASA-NOAA20,Medium,110.31053,-2.75122,False,False,False,True,True,True,Di Luar Area Pantauan (>1000m dari Desa)
Kendawangan,Pembedilan,"Sabtu, 12 September 2026 13:18:00",NASA-NOAA20,Medium,110.31112,-2.9501,False,False,False,False,True,True,Di Luar Area Pantauan (>1000m dari Desa)
Kendawangan,Pembedilan,"Sabtu, 12 September 2026 13:18:00",NASA-NOAA20,Medium,110.3106,-2.94671,False,False,False,False,True,True,Di Luar Area Pantauan (>1000m dari Desa)
Kendawangan,Natai Kuini,"Sabtu, 12 September 2026 13:18:00",NASA-NOAA20,Medium,110.68661,-2.91679,False,False,False,False,False,False,Di Luar Area Pantauan (>1000m dari Desa)
Kendawangan,Air Hitam Besar,"Sabtu, 12 September 2026 13:18:00",NASA-NOAA20,Medium,110.67223,-2.92255,False,False,False,False,False,False,Di Luar Area Pantauan (>1000m dari Desa)
Manis Mata,Suka Ramai,"Sabtu, 12 September 2026 13:18:00",NASA-NOAA20,Medium,111.08996,-2.75935,False,False,False,False,False,False,Di Luar Area Pantauan (>1000m dari Desa)
Kendawangan,Pembedilan,"Sabtu, 12 September 2026 13:18:00",NASA-NOAA20,Medium,110.35847,-2.86987,False,False,False,False,True,True,Di Luar Area Pantauan (>1000m dari Desa)
Kendawangan,Pembedilan,"Sabtu, 12 September 2026 13:18:00",NASA-NOAA20,Medium,110.35381,-2.86364,False,False,False,False,True,True,Di Luar Area Pantauan (>1000m dari Desa)
Manis Mata,Suka Ramai,"Sabtu, 12 September 2026 13:18:00",NASA-NOAA20,Medium,111.08662,-2.76345,False,False,False,False,False,False,Di Luar Area Pantauan (>1000m dari Desa)
Kendawangan,Pembedilan,"Sabtu, 12 September 2026 13:18:00",NASA-NOAA20,Medium,110.41478,-2.87157,False,False,False,False,True,True,Di Luar Area Pantauan (>1000m dari Desa)
Kendawangan,Air Hitam Besar,"Sabtu, 12 September 2026 13:18:00",NASA-NOAA20,Medium,110.73631,-2.71645,False,False,False,False,False,False,Di Luar Area Pantauan (>1000m dari Desa)
Kendawangan,Pembedilan,"Sabtu, 12 September 2026 13:18:00",NASA-NOAA20,Medium,110.35107,-2.77274,False,False,False,False,True,True,Di Luar Area Pantauan (>1000m dari Desa)
Kendawangan,Air Hitam Besar,"Sabtu, 12 September 2026 13:18:00",NASA-NOAA20,Medium,110.73203,-2.71359,False,False,True,False,False,True,Di Luar Area Pantauan (>1000m dari Desa)
Kendawangan,Air Hitam Besar,"Sabtu, 12 September 2026 13:18:00",NASA-NOAA20,Medium,110.73901,-2.70897,False,False,False,False,False,False,Di Luar Area Pantauan (>1000m dari Desa)
Kendawangan,Air Hitam Besar,"Sabtu, 12 September 2026 13:18:00",NASA-NOAA20,Medium,110.73255,-2.71703,False,False,False,False,False,False,Di Luar Area Pantauan (>1000m dari Desa)
Manis Mata,Seguling,"Sabtu, 12 September 2026 13:18:00",NASA-NOAA20,Medium,111.15398,-2.655,False,False,False,False,False,False,Di Luar Area Pantauan (>1000m dari Desa)
Kendawangan,Seriam,"Sabtu, 12 September 2026 13:18:00",NASA-NOAA20,Medium,110.34796,-2.75235,False,False,False,False,True,True,Di Luar Area Pantauan (>1000m dari Desa)
Kendawangan,Seriam,"Sabtu, 12 September 2026 13:18:00",NASA-NOAA20,Medium,110.34847,-2.75575,False,False,False,False,True,True,Di Luar Area Pantauan (>1000m dari Desa)
Kendawangan,Seriam,"Sabtu, 12 September 2026 13:18:00",NASA-NOAA20,Medium,110.34483,-2.75631,False,False,False,False,True,True,Di Luar Area Pantauan (>1000m dari Desa)
Kendawangan,Air Hitam Besar,"Sabtu, 12 September 2026 13:18:00",NASA-NOAA20,Medium,110.71816,-2.69812,False,False,False,False,False,False,Di Luar Area Pantauan (>1000m dari Desa)
Kendawangan,Airhitam Hulu,"Sabtu, 12 September 2026 13:18:00",NASA-NOAA20,Medium,110.62614,-2.69882,False,False,False,False,False,False,Di Luar Area Pantauan (>1000m dari Desa)
Kendawangan,Airhitam Hulu,"Sabtu, 12 September 2026 13:18:00",NASA-NOAA20,Medium,110.63576,-2.68681,False,False,False,False,False,False,Di Luar Area Pantauan (>1000m dari Desa)
Sandai,Jago Bersatu,"Sabtu, 12 September 2026 13:18:00",NASA-NOAA20,Medium,110.476,-1.21867,False,False,False,False,False,False,Di Luar Area Pantauan (>1000m dari Desa)
Sandai,Demit,"Sabtu, 12 September 2026 13:18:00",NASA-NOAA20,Medium,110.70297,-1.22266,False,False,True,False,False,True,Di Luar Area Pantauan (>1000m dari Desa)
Pulau Maya,Dusun Besar,"Sabtu, 12 September 2026 13:18:00",NASA-NOAA20,Medium,109.45885,-1.19631,False,False,False,True,False,True,Di Luar Area Pantauan (>1000m dari Desa)
Sukadana,Sedahan Jaya,"Sabtu, 12 September 2026 13:18:00",NASA-NOAA20,Medium,110.06213,-1.17426,False,False,True,True,True,True,Di Luar Area Pantauan (>1000m dari Desa)
Simpang Hilir,Matan Jaya,"Sabtu, 12 September 2026 13:18:00",NASA-NOAA20,Medium,110.16417,-1.10225,False,False,False,False,True,True,Di Luar Area Pantauan (>1000m dari Desa)
Simpang Hilir,Penjalaan,"Sabtu, 12 September 2026 13:18:00",NASA-NOAA20,Medium,110.05844,-1.12538,False,False,True,True,False,True,Di Luar Area Pantauan (>1000m dari Desa)
Simpang Hilir,Penjalaan,"Sabtu, 12 September 2026 13:18:00",NASA-NOAA20,Medium,110.05792,-1.12197,False,False,True,False,False,True,Di Luar Area Pantauan (>1000m dari Desa)
Sandai,Pendamaran Indah,"Sabtu, 12 September 2026 13:18:00",NASA-NOAA20,Medium,110.62135,-1.07332,False,False,False,False,False,False,Di Luar Area Pantauan (>1000m dari Desa)
Kendawangan,Kendawangan Kanan,"Sabtu, 12 September 2026 13:18:00",NASA-NOAA20,Medium,110.27147,-2.74247,False,False,False,False,True,True,Di Luar Area Pantauan (>1000m dari Desa)
Kendawangan,Kendawangan Kanan,"Sabtu, 12 September 2026 13:18:00",NASA-NOAA20,Medium,110.27096,-2.73908,False,False,False,False,True,True,Di Luar Area Pantauan (>1000m dari Desa)
Kendawangan,Airhitam Hulu,"Sabtu, 12 September 2026 13:18:00",NASA-NOAA20,Medium,110.52855,-2.68219,False,False,False,False,True,True,Di Luar Area Pantauan (>1000m dari Desa)
Kendawangan,Airhitam Hulu,"Sabtu, 12 September 2026 13:18:00",NASA-NOAA20,Medium,110.62518,-2.66735,False,False,False,False,False,False,Di Luar Area Pantauan (>1000m dari Desa)
Kendawangan,Airhitam Hulu,"Sabtu, 12 September 2026 13:18:00",NASA-NOAA20,Medium,110.62144,-2.66793,False,False,False,False,False,False,Di Luar Area Pantauan (>1000m dari Desa)
Sokan,Nanga Libas,"Sabtu, 12 September 2026 13:18:00",NASA-NOAA20,Medium,111.48051,-1.07694,False,False,False,False,False,False,Di Luar Area Pantauan (>1000m dari Desa)
Sandai,Randau Jungkal,"Sabtu, 12 September 2026 13:18:00",NASA-NOAA20,Medium,110.69388,-1.18838,False,False,False,False,False,False,Di Luar Area Pantauan (>1000m dari Desa)
Sukadana,Sedahan Jaya,"Sabtu, 12 September 2026 13:18:00",NASA-NOAA20,Medium,110.04698,-1.17311,False,False,True,True,True,True,Di Luar Area Pantauan (>1000m dari Desa)
Simpang Hilir,Rantau Panjang,"Sabtu, 12 September 2026 13:18:00",NASA-NOAA20,Medium,110.04951,-1.14068,False,False,True,False,False,True,Di Luar Area Pantauan (>1000m dari Desa)
Simpang Hilir,Matan Jaya,"Sabtu, 12 September 2026 13:18:00",NASA-NOAA20,Medium,110.15359,-1.10736,False,False,False,False,True,True,Di Luar Area Pantauan (>1000m dari Desa)
Simpang Hilir,Matan Jaya,"Sabtu, 12 September 2026 13:18:00",NASA-NOAA20,Medium,110.15996,-1.09939,False,False,False,False,True,True,Di Luar Area Pantauan (>1000m dari Desa)
Simpang Hilir,Penjalaan,"Sabtu, 12 September 2026 13:18:00",NASA-NOAA20,Medium,110.05946,-1.13219,False,False,True,True,False,True,Di Luar Area Pantauan (>1000m dari Desa)
Simpang Hilir,Matan Jaya,"Sabtu, 12 September 2026 13:18:00",NASA-NOAA20,Medium,110.16468,-1.10567,False,False,False,False,True,True,Di Luar Area Pantauan (>1000m dari Desa)
Simpang Hilir,Matan Jaya,"Sabtu, 12 September 2026 13:18:00",NASA-NOAA20,Medium,110.15257,-1.10052,False,False,False,False,True,True,Di Luar Area Pantauan (>1000m dari Desa)
Simpang Hilir,Matan Jaya,"Sabtu, 12 September 2026 13:18:00",NASA-NOAA20,Medium,110.16048,-1.10281,False,False,False,False,True,True,Di Luar Area Pantauan (>1000m dari Desa)
Simpang Hilir,Matan Jaya,"Sabtu, 12 September 2026 13:18:00",NASA-NOAA20,Medium,110.14937,-1.10451,False,False,True,False,True,True,Di Luar Area Pantauan (>1000m dari Desa)
Simpang Hilir,Penjalaan,"Sabtu, 12 September 2026 13:18:00",NASA-NOAA20,Medium,110.06476,-1.11744,False,False,True,False,False,True,Di Luar Area Pantauan (>1000m dari Desa)
Simpang Hilir,Matan Jaya,"Sabtu, 12 September 2026 13:18:00",NASA-NOAA20,Medium,110.16631,-1.09142,False,False,False,False,True,True,Di Luar Area Pantauan (>1000m dari Desa)
Simpang Hilir,Matan Jaya,"Sabtu, 12 September 2026 13:18:00",NASA-NOAA20,Medium,110.13674,-1.09596,False,False,True,True,True,True,Di Luar Area Pantauan (>1000m dari Desa)
Sandai,Sandai,"Sabtu, 12 September 2026 13:18:00",NASA-NOAA20,Medium,110.56569,-1.24732,False,False,False,False,False,False,Di Luar Area Pantauan (>1000m dari Desa)
Sandai,Sandai,"Sabtu, 12 September 2026 13:18:00",NASA-NOAA20,Medium,110.56189,-1.2479,False,False,False,False,False,False,Di Luar Area Pantauan (>1000m dari Desa)
Sandai,Sandai,"Sabtu, 12 September 2026 13:18:00",NASA-NOAA20,Medium,110.56136,-1.24443,False,False,False,False,False,False,Di Luar Area Pantauan (>1000m dari Desa)
Sukadana,Simpang Tiga,"Sabtu, 12 September 2026 13:18:00",NASA-NOAA20,Medium,110.13428,-1.30305,False,False,True,False,True,True,Di Luar Area Pantauan (>1000m dari Desa)
Sukadana,Sedahan Jaya,"Sabtu, 12 September 2026 13:18:00",NASA-NOAA20,Medium,110.0543,-1.17198,False,False,True,True,True,True,Di Luar Area Pantauan (>1000m dari Desa)
Kendawangan,Airhitam Hulu,"Sabtu, 12 September 2026 13:18:00",NASA-NOAA20,Medium,110.62785,-2.65991,False,False,False,False,False,False,Di Luar Area Pantauan (>1000m dari Desa)
Singkup,Pantai Ketikal,"Sabtu, 12 September 2026 13:18:00",NASA-NOAA20,Medium,110.65559,-2.53994,False,False,False,False,False,False,Di Luar Area Pantauan (>1000m dari Desa)
Kendawangan,Banjar Sari,"Sabtu, 12 September 2026 13:18:00",NASA-NOAA20,Medium,110.2548,-2.49313,False,False,False,False,False,False,Di Luar Area Pantauan (>1000m dari Desa)
Kendawangan,Banjar Sari,"Sabtu, 12 September 2026 13:18:00",NASA-NOAA20,Medium,110.2444,-2.4982,False,False,False,False,False,False,Di Luar Area Pantauan (>1000m dari Desa)
Kendawangan,Banjar Sari,"Sabtu, 12 September 2026 13:18:00",NASA-NOAA20,Medium,110.24077,-2.49875,False,False,False,False,False,False,Di Luar Area Pantauan (>1000m dari Desa)
Kendawangan,Banjar Sari,"Sabtu, 12 September 2026 13:18:00",NASA-NOAA20,Medium,110.25428,-2.48973,False,False,False,False,False,False,Di Luar Area Pantauan (>1000m dari Desa)
Kendawangan,Bangkal Serai,"Sabtu, 12 September 2026 13:18:00",NASA-NOAA20,Medium,110.45969,-2.40911,False,False,False,False,True,True,Di Luar Area Pantauan (>1000m dari Desa)
Kendawangan,Bangkal Serai,"Sabtu, 12 September 2026 13:18:00",NASA-NOAA20,Medium,110.46389,-2.41196,False,False,False,False,True,True,Di Luar Area Pantauan (>1000m dari Desa)
Manis Mata,Suak Burung,"Sabtu, 12 September 2026 13:18:00",NASA-NOAA20,Medium,111.07714,-2.30897,False,False,False,False,False,False,Di Luar Area Pantauan (>1000m dari Desa)
Kendawangan,Airhitam Hulu,"Sabtu, 12 September 2026 13:18:00",NASA-NOAA20,Medium,110.52803,-2.67877,False,False,False,False,True,True,Di Luar Area Pantauan (>1000m dari Desa)
Kendawangan,Airhitam Hulu,"Sabtu, 12 September 2026 13:18:00",NASA-NOAA20,Medium,110.53706,-2.66338,False,False,False,False,True,True,Di Luar Area Pantauan (>1000m dari Desa)
Kendawangan,Airhitam Hulu,"Sabtu, 12 September 2026 13:18:00",NASA-NOAA20,Medium,110.61241,-2.65878,False,False,False,False,False,False,Di Luar Area Pantauan (>1000m dari Desa)
Kendawangan,Airhitam Hulu,"Sabtu, 12 September 2026 13:18:00",NASA-NOAA20,Medium,110.60869,-2.65935,False,False,False,False,False,False,Di Luar Area Pantauan (>1000m dari Desa)
Kendawangan,Airhitam Hulu,"Sabtu, 12 September 2026 13:18:00",NASA-NOAA20,Medium,110.62636,-2.625,False,False,False,False,False,False,Di Luar Area Pantauan (>1000m dari Desa)
Kendawangan,Airhitam Hulu,"Sabtu, 12 September 2026 13:18:00",NASA-NOAA20,Medium,110.61614,-2.6582,False,False,False,False,False,False,Di Luar Area Pantauan (>1000m dari Desa)
Kendawangan,Bangkal Serai,"Sabtu, 12 September 2026 13:18:00",NASA-NOAA20,Medium,110.51934,-2.57144,False,False,False,False,True,True,Di Luar Area Pantauan (>1000m dari Desa)
Kendawangan,Bangkal Serai,"Sabtu, 12 September 2026 13:18:00",NASA-NOAA20,Medium,110.52675,-2.5703,False,False,False,False,True,True,Di Luar Area Pantauan (>1000m dari Desa)
Kendawangan,Bangkal Serai,"Sabtu, 12 September 2026 13:18:00",NASA-NOAA20,Medium,110.49753,-2.4838,False,False,False,False,True,True,Di Luar Area Pantauan (>1000m dari Desa)
Kendawangan,Seriam,"Sabtu, 12 September 2026 13:18:00",NASA-NOAA20,Medium,110.34289,-2.50745,False,False,False,False,False,False,Di Luar Area Pantauan (>1000m dari Desa)
Kendawangan,Banjar Sari,"Sabtu, 12 September 2026 13:18:00",NASA-NOAA20,Medium,110.24855,-2.50103,False,False,False,False,False,False,Di Luar Area Pantauan (>1000m dari Desa)
Manis Mata,Batu Sedau,"Sabtu, 12 September 2026 13:18:00",NASA-NOAA20,Medium,111.071,-2.39962,False,False,False,False,False,False,Di Luar Area Pantauan (>1000m dari Desa)
Kendawangan,Bangkal Serai,"Sabtu, 12 September 2026 13:18:00",NASA-NOAA20,Medium,110.52253,-2.56745,False,False,False,False,True,True,Di Luar Area Pantauan (>1000m dari Desa)
Kendawangan,Bangkal Serai,"Sabtu, 12 September 2026 13:18:00",NASA-NOAA20,Medium,110.50233,-2.46555,False,False,False,False,True,True,Di Luar Area Pantauan (>1000m dari Desa)
Manis Mata,Batu Sedau,"Sabtu, 12 September 2026 13:18:00",NASA-NOAA20,Medium,111.07277,-2.38501,False,False,False,False,False,False,Di Luar Area Pantauan (>1000m dari Desa)
Kendawangan,Bangkal Serai,"Sabtu, 12 September 2026 13:18:00",NASA-NOAA20,Medium,110.51235,-2.48153,False,False,False,False,True,True,Di Luar Area Pantauan (>1000m dari Desa)
Kendawangan,Bangkal Serai,"Sabtu, 12 September 2026 13:18:00",NASA-NOAA20,Medium,110.49805,-2.48722,False,False,False,False,True,True,Di Luar Area Pantauan (>1000m dari Desa)
Kendawangan,Bangkal Serai,"Sabtu, 12 September 2026 13:18:00",NASA-NOAA20,Medium,110.50175,-2.48666,False,False,False,False,True,True,Di Luar Area Pantauan (>1000m dari Desa)
Kendawangan,Banjar Sari,"Sabtu, 12 September 2026 13:18:00",NASA-NOAA20,Medium,110.24754,-2.46993,False,False,False,False,False,False,Di Luar Area Pantauan (>1000m dari Desa)
Kendawangan,Banjar Sari,"Sabtu, 12 September 2026 13:18:00",NASA-NOAA20,Medium,110.25222,-2.47615,False,False,False,False,False,False,Di Luar Area Pantauan (>1000m dari Desa)
Kendawangan,Banjar Sari,"Sabtu, 12 September 2026 13:18:00",NASA-NOAA20,Medium,110.24858,-2.47671,False,False,False,True,False,True,Di Luar Area Pantauan (>1000m dari Desa)
Kendawangan,Banjar Sari,"Sabtu, 12 September 2026 13:18:00",NASA-NOAA20,Medium,110.24701,-2.49085,False,False,False,False,False,False,Di Luar Area Pantauan (>1000m dari Desa)
Kendawangan,Banjar Sari,"Sabtu, 12 September 2026 13:18:00",NASA-NOAA20,Medium,110.24495,-2.47727,False,False,False,True,False,True,Di Luar Area Pantauan (>1000m dari Desa)
Kendawangan,Banjar Sari,"Sabtu, 12 September 2026 13:18:00",NASA-NOAA20,Medium,110.24597,-2.48406,False,False,False,True,False,True,Di Luar Area Pantauan (>1000m dari Desa)
Kendawangan,Banjar Sari,"Sabtu, 12 September 2026 13:18:00",NASA-NOAA20,Medium,110.24546,-2.48067,False,False,False,True,False,True,Di Luar Area Pantauan (>1000m dari Desa)
Kendawangan,Banjar Sari,"Sabtu, 12 September 2026 13:18:00",NASA-NOAA20,Medium,110.24806,-2.47332,False,False,False,False,False,False,Di Luar Area Pantauan (>1000m dari Desa)
Kendawangan,Banjar Sari,"Sabtu, 12 September 2026 13:18:00",NASA-NOAA20,Medium,110.25325,-2.48294,False,False,False,False,False,False,Di Luar Area Pantauan (>1000m dari Desa)
Kendawangan,Mekar Utama,"Sabtu, 12 September 2026 13:18:00",NASA-NOAA20,Medium,110.18893,-2.49978,False,False,False,False,False,False,Di Luar Area Pantauan (>1000m dari Desa)
Kendawangan,Banjar Sari,"Sabtu, 12 September 2026 13:18:00",NASA-NOAA20,Medium,110.24961,-2.4835,False,False,False,True,False,True,Di Luar Area Pantauan (>1000m dari Desa)
Kendawangan,Banjar Sari,"Sabtu, 12 September 2026 13:18:00",NASA-NOAA20,Medium,110.25118,-2.46936,False,False,False,False,False,False,Di Luar Area Pantauan (>1000m dari Desa)
Simpang Hilir,Lubuk Batu,"Sabtu, 12 September 2026 13:18:00",NASA-NOAA20,Medium,110.09737,-0.96205,False,False,False,False,False,False,Di Luar Area Pantauan (>1000m dari Desa)
Simpang Hilir,Lubuk Batu,"Sabtu, 12 September 2026 13:18:00",NASA-NOAA20,Medium,110.10428,-0.93302,False,False,False,False,False,False,Di Luar Area Pantauan (>1000m dari Desa)
Simpang Hilir,Lubuk Batu,"Sabtu, 12 September 2026 13:18:00",NASA-NOAA20,Medium,110.0937,-0.96262,False,False,False,False,False,False,Di Luar Area Pantauan (>1000m dari Desa)
Simpang Hilir,Lubuk Batu,"Sabtu, 12 September 2026 13:18:00",NASA-NOAA20,Medium,110.10052,-0.95807,False,False,False,False,False,False,Di Luar Area Pantauan (>1000m dari Desa)
Simpang Hilir,Lubuk Batu,"Sabtu, 12 September 2026 13:18:00",NASA-NOAA20,Medium,110.09691,-0.93416,False,False,False,False,False,False,Di Luar Area Pantauan (>1000m dari Desa)
Serawai,Teluk Harapan,"Sabtu, 12 September 2026 13:18:00",NASA-NOAA20,Medium,112.43485,-0.50216,False,False,False,False,False,False,Di Luar Area Pantauan (>1000m dari Desa)
Menukung,Belaban Ella,"Sabtu, 12 September 2026 13:18:00",NASA-NOAA20,Medium,112.19054,-0.50904,False,False,False,False,False,False,Di Luar Area Pantauan (>1000m dari Desa)
Simpang Hilir,Lubuk Batu,"Sabtu, 12 September 2026 13:18:00",NASA-NOAA20,Medium,110.09624,-0.93393,False,False,False,False,False,False,Di Luar Area Pantauan (>1000m dari Desa)
Simpang Dua,Kampar Sebomban,"Sabtu, 12 September 2026 13:18:00",NASA-NOAA20,Medium,110.16682,-0.82511,False,False,True,False,False,True,Di Luar Area Pantauan (>1000m dari Desa)
Simpang Hilir,Matan Jaya,"Sabtu, 12 September 2026 13:18:00",NASA-NOAA20,Medium,110.12907,-1.0447,False,False,False,False,False,False,Di Luar Area Pantauan (>1000m dari Desa)
Simpang Hilir,Lubuk Batu,"Sabtu, 12 September 2026 13:18:00",NASA-NOAA20,Medium,110.12001,-0.91635,False,False,False,False,False,False,Di Luar Area Pantauan (>1000m dari Desa)
Pulau Maya,Dusun Besar,"Sabtu, 12 September 2026 13:18:00",NASA-NOAA20,Medium,109.49219,-1.11013,False,False,True,False,False,True,Di Luar Area Pantauan (>1000m dari Desa)
Simpang Hilir,Lubuk Batu,"Sabtu, 12 September 2026 13:18:00",NASA-NOAA20,Medium,110.0958,-0.95181,False,False,False,False,False,False,Di Luar Area Pantauan (>1000m dari Desa)
Simpang Hilir,Matan Jaya,"Sabtu, 12 September 2026 13:18:00",NASA-NOAA20,Medium,110.12538,-1.04527,False,False,False,False,False,False,Di Luar Area Pantauan (>1000m dari Desa)
Simpang Hilir,Matan Jaya,"Sabtu, 12 September 2026 13:18:00",NASA-NOAA20,Medium,110.17859,-1.04752,False,False,False,False,False,False,Di Luar Area Pantauan (>1000m dari Desa)
Simpang Dua,Kampar Sebomban,"Sabtu, 12 September 2026 13:18:00",NASA-NOAA20,Medium,110.17923,-0.90735,False,False,False,False,False,False,Di Luar Area Pantauan (>1000m dari Desa)
Simpang Dua,Kampar Sebomban,"Sabtu, 12 September 2026 13:18:00",NASA-NOAA20,Medium,110.18295,-0.90679,False,False,False,False,False,False,Di Luar Area Pantauan (>1000m dari Desa)
Sungai Laur,Sepotong,"Sabtu, 12 September 2026 13:18:00",NASA-NOAA20,Medium,110.51524,-0.83858,False,False,False,False,False,False,Di Luar Area Pantauan (>1000m dari Desa)
Simpang Dua,Kampar Sebomban,"Sabtu, 12 September 2026 13:18:00",NASA-NOAA20,Medium,110.26871,-0.89728,False,False,True,False,False,True,Di Luar Area Pantauan (>1000m dari Desa)
Batu Ampar,Teluknibung,"Sabtu, 12 September 2026 13:18:00",NASA-NOAA20,Medium,109.52423,-0.82621,False,True,True,True,True,True,Prioritas 3 (Rendah)
Belitang Hilir,Semadu,"Sabtu, 12 September 2026 13:18:00",NASA-NOAA20,Medium,111.05721,0.29567,False,False,False,False,False,False,Di Luar Area Pantauan (>1000m dari Desa)
Batu Ampar,Batu Ampar,"Sabtu, 12 September 2026 13:18:00",NASA-NOAA20,Medium,109.52266,-0.79339,False,False,True,True,True,True,Di Luar Area Pantauan (>1000m dari Desa)
Simpang Hulu,Semandang Kiri,"Sabtu, 12 September 2026 13:18:00",NASA-NOAA20,Medium,110.39079,-0.65819,False,False,False,False,False,False,Di Luar Area Pantauan (>1000m dari Desa)
Batu Ampar,Tanjungharapan,"Sabtu, 12 September 2026 13:18:00",NASA-NOAA20,Medium,109.5293,-0.83574,True,False,True,True,True,True,Prioritas 1 (Tinggi)
Batu Ampar,Tanjungharapan,"Sabtu, 12 September 2026 13:18:00",NASA-NOAA20,Medium,109.52574,-0.83629,True,False,True,True,True,True,Prioritas 1 (Tinggi)
Simpang Hulu,Semandang Kiri,"Sabtu, 12 September 2026 13:18:00",NASA-NOAA20,Medium,110.39835,-0.65704,False,False,False,False,False,False,Di Luar Area Pantauan (>1000m dari Desa)
Simpang Hulu,Semandang Kiri,"Sabtu, 12 September 2026 13:18:00",NASA-NOAA20,Medium,110.39418,-0.62934,False,False,False,False,False,False,Di Luar Area Pantauan (>1000m dari Desa)
Nanga Mahap,Karang Betung,"Sabtu, 12 September 2026 13:18:00",NASA-NOAA20,Medium,110.83366,-0.63468,True,False,True,False,False,True,Prioritas 1 (Tinggi)
Simpang Hulu,Semandang Kiri,"Sabtu, 12 September 2026 13:18:00",NASA-NOAA20,Medium,110.42944,-0.63105,False,False,False,False,False,False,Di Luar Area Pantauan (>1000m dari Desa)
Serawai,Limbur Bernaung Lestari,"Sabtu, 12 September 2026 13:18:00",NASA-NOAA20,Medium,112.57744,-0.15096,False,False,False,False,True,True,Di Luar Area Pantauan (>1000m dari Desa)
Sekadau Hulu,Tapang Perodah,"Sabtu, 12 September 2026 13:18:00",NASA-NOAA20,Medium,111.03255,-0.1734,False,False,False,False,False,False,Di Luar Area Pantauan (>1000m dari Desa)
Sungai Raya,Kalibandung,"Sabtu, 12 September 2026 13:18:00",NASA-NOAA20,Medium,109.71335,-0.31632,False,False,False,True,False,True,Di Luar Area Pantauan (>1000m dari Desa)
Sungai Raya,Muara Baru,"Sabtu, 12 September 2026 13:18:00",NASA-NOAA20,Medium,109.71645,-0.31238,False,False,False,True,False,True,Di Luar Area Pantauan (>1000m dari Desa)
Kayan Hulu,Riam Panjang,"Sabtu, 12 September 2026 13:18:00",NASA-NOAA20,Medium,112.16988,0.02992,False,False,False,False,False,False,Di Luar Area Pantauan (>1000m dari Desa)
Nanga Pinoh,Nanga Kayan,"Sabtu, 12 September 2026 13:18:00",NASA-NOAA20,Medium,111.64393,-0.20241,False,False,False,True,False,True,Di Luar Area Pantauan (>1000m dari Desa)
Meliau,Pampang Dua,"Sabtu, 12 September 2026 13:18:00",NASA-NOAA20,Medium,110.44763,-0.20838,False,False,False,False,False,False,Di Luar Area Pantauan (>1000m dari Desa)
Kayan Hulu,Nanga Abai,"Sabtu, 12 September 2026 13:18:00",NASA-NOAA20,Medium,112.28524,-0.06221,False,False,False,False,False,False,Di Luar Area Pantauan (>1000m dari Desa)
Belimbing,Sepan Tonak,"Sabtu, 12 September 2026 13:18:00",NASA-NOAA20,Medium,111.61079,-0.21884,False,False,False,True,False,True,Di Luar Area Pantauan (>1000m dari Desa)
Sungai Raya,Kalibandung,"Sabtu, 12 September 2026 13:18:00",NASA-NOAA20,Medium,109.63174,-0.33909,False,False,False,True,False,True,Di Luar Area Pantauan (>1000m dari Desa)
Kalis,Nanga Raun,"Sabtu, 12 September 2026 13:18:00",NASA-NOAA20,Medium,113.11856,0.7248,False,False,True,False,False,True,Di Luar Area Pantauan (>1000m dari Desa)
Sungai Ambawang,Teluk Bakung,"Sabtu, 12 September 2026 13:18:00",NASA-NOAA20,Medium,109.66299,-0.13234,False,False,True,True,False,True,Di Luar Area Pantauan (>1000m dari Desa)
Belitang Hilir,Entabuk,"Sabtu, 12 September 2026 13:18:00",NASA-NOAA20,Medium,111.12944,0.14873,False,False,False,False,False,False,Di Luar Area Pantauan (>1000m dari Desa)
Belitang Hilir,Sepantak,"Sabtu, 12 September 2026 13:18:00",NASA-NOAA20,Medium,111.02596,0.10717,False,False,False,False,False,False,Di Luar Area Pantauan (>1000m dari Desa)
Belitang,Belitang Satu,"Sabtu, 12 September 2026 13:18:00",NASA-NOAA20,Medium,111.2803,0.14205,False,False,False,False,False,False,Di Luar Area Pantauan (>1000m dari Desa)
Silat Hulu,Dangkan Kota,"Sabtu, 12 September 2026 13:18:00",NASA-NOAA20,Medium,112.00584,0.22892,False,False,False,False,False,False,Di Luar Area Pantauan (>1000m dari Desa)
Sungai Ambawang,Teluk Bakung,"Sabtu, 12 September 2026 13:18:00",NASA-NOAA20,Medium,109.65987,-0.13628,False,False,False,True,False,True,Di Luar Area Pantauan (>1000m dari Desa)
Sungai Ambawang,Teluk Bakung,"Sabtu, 12 September 2026 13:18:00",NASA-NOAA20,Medium,109.6635,-0.13572,False,False,True,True,False,True,Di Luar Area Pantauan (>1000m dari Desa)
Belitang Hulu,Kumpang Ilong,"Sabtu, 12 September 2026 13:18:00",NASA-NOAA20,Medium,111.13609,0.4223,False,False,False,False,False,False,Di Luar Area Pantauan (>1000m dari Desa)
Kalis,Tapang Da'an,"Sabtu, 12 September 2026 13:18:00",NASA-NOAA20,Medium,113.06937,0.72482,False,False,False,False,False,False,Di Luar Area Pantauan (>1000m dari Desa)
Putussibau Utara,Ariung Mendalam,"Sabtu, 12 September 2026 13:18:00",NASA-NOAA20,Medium,112.95564,0.87007,False,False,False,False,False,False,Di Luar Area Pantauan (>1000m dari Desa)
Ketungau Hulu,Sungai Mawang,"Sabtu, 12 September 2026 13:18:00",NASA-NOAA20,Medium,111.31527,0.87606,False,False,False,False,True,True,Di Luar Area Pantauan (>1000m dari Desa)
Ketungau Hulu,Sungai Mawang,"Sabtu, 12 September 2026 13:18:00",NASA-NOAA20,Medium,111.32246,0.88169,False,False,False,False,True,True,Di Luar Area Pantauan (>1000m dari Desa)
Ketungau Hulu,Sungai Mawang,"Sabtu, 12 September 2026 13:18:00",NASA-NOAA20,Medium,111.33109,0.88304,False,False,False,False,True,True,Di Luar Area Pantauan (>1000m dari Desa)
Ketungau Tengah,Swadaya,"Sabtu, 12 September 2026 13:18:00",NASA-NOAA20,Medium,111.46622,0.75001,False,False,False,False,False,False,Di Luar Area Pantauan (>1000m dari Desa)
Ketungau Hulu,Sekaih,"Sabtu, 12 September 2026 13:18:00",NASA-NOAA20,Medium,111.21908,0.87294,False,False,False,False,False,False,Di Luar Area Pantauan (>1000m dari Desa)
Ketungau Hulu,Sungai Mawang,"Sabtu, 12 September 2026 13:18:00",NASA-NOAA20,Medium,111.31905,0.88038,False,False,False,False,True,True,Di Luar Area Pantauan (>1000m dari Desa)
Belitang Hulu,Sungaiantu Hulu,"Sabtu, 12 September 2026 13:18:00",NASA-NOAA20,Medium,111.16102,0.64375,False,False,False,False,False,False,Di Luar Area Pantauan (>1000m dari Desa)
Ketungau Tengah,Swadaya,"Sabtu, 12 September 2026 13:18:00",NASA-NOAA20,Medium,111.46676,0.74631,False,False,False,False,False,False,Di Luar Area Pantauan (>1000m dari Desa)
Belitang Hilir,Empajak,"Sabtu, 12 September 2026 13:18:00",NASA-NOAA20,Medium,111.04977,0.22653,False,False,False,False,False,False,Di Luar Area Pantauan (>1000m dari Desa)
Mukok,Semuntai,"Sabtu, 12 September 2026 13:18:00",NASA-NOAA20,Medium,110.75422,0.07316,False,False,False,False,False,False,Di Luar Area Pantauan (>1000m dari Desa)
Ketungau Hilir,Baung Sengatap,"Sabtu, 12 September 2026 13:18:00",NASA-NOAA20,Medium,111.41015,0.35271,False,False,False,False,False,False,Di Luar Area Pantauan (>1000m dari Desa)
Silat Hilir,Seberu,"Sabtu, 12 September 2026 13:18:00",NASA-NOAA20,Medium,111.91467,0.28453,False,False,False,False,False,False,Di Luar Area Pantauan (>1000m dari Desa)
Simpang Dua,Kampar Sebomban,"Sabtu, 12 September 2026 13:18:00",NASA-NOAA20,Medium,110.15251,-0.83084,False,False,True,False,False,True,Di Luar Area Pantauan (>1000m dari Desa)
Sungai Laur,Sepotong,"Sabtu, 12 September 2026 13:18:00",NASA-NOAA20,Medium,110.49751,-0.79867,False,False,False,False,False,False,Di Luar Area Pantauan (>1000m dari Desa)
Menukung,Belaban Ella,"Sabtu, 12 September 2026 13:18:00",NASA-NOAA20,Medium,112.18539,-0.50597,False,False,False,False,False,False,Di Luar Area Pantauan (>1000m dari Desa)
Ketungau Hulu,Sungai Mawang,"Sabtu, 12 September 2026 13:18:00",NASA-NOAA20,Medium,111.32166,0.89206,False,False,False,False,True,True,Di Luar Area Pantauan (>1000m dari Desa)
Belitang Hilir,Kumpang Bis,"Sabtu, 12 September 2026 13:18:00",NASA-NOAA20,Medium,111.02485,0.25216,False,False,False,False,False,False,Di Luar Area Pantauan (>1000m dari Desa)
Simpang Hilir,Batu Barat,"Sabtu, 12 September 2026 13:18:00",NASA-NOAA20,Medium,110.02909,-0.98304,False,False,True,True,False,True,Di Luar Area Pantauan (>1000m dari Desa)
Simpang Hulu,Sekucing Labai,"Sabtu, 12 September 2026 13:18:00",NASA-NOAA20,Medium,110.12267,-0.48879,False,False,False,False,False,False,Di Luar Area Pantauan (>1000m dari Desa)
Dedai,Umin Jaya,"Sabtu, 12 September 2026 13:18:00",NASA-NOAA20,Medium,111.8232,0.00757,False,False,False,False,False,False,Di Luar Area Pantauan (>1000m dari Desa)
Simpang Hilir,Matan Jaya,"Sabtu, 12 September 2026 13:18:00",NASA-NOAA20,Medium,110.15729,-1.1068,False,False,False,False,True,True,Di Luar Area Pantauan (>1000m dari Desa)
Simpang Hilir,Matan Jaya,"Sabtu, 12 September 2026 13:18:00",NASA-NOAA20,Medium,110.15409,-1.11078,False,False,False,False,True,True,Di Luar Area Pantauan (>1000m dari Desa)
Simpang Hilir,Penjalaan,"Sabtu, 12 September 2026 13:18:00",NASA-NOAA20,Medium,110.05579,-1.13275,False,False,True,True,False,True,Di Luar Area Pantauan (>1000m dari Desa)
Sukadana,Pampang Harapan,"Sabtu, 12 September 2026 13:18:00",NASA-NOAA20,Medium,109.99042,-1.26874,False,False,False,False,False,False,Di Luar Area Pantauan (>1000m dari Desa)
Kayan Hilir,Lalang Inggar,"Sabtu, 12 September 2026 13:18:00",NASA-NOAA20,Medium,112.03136,0.00435,False,False,False,False,False,False,Di Luar Area Pantauan (>1000m dari Desa)
Simpang Dua,Kampar Sebomban,"Sabtu, 12 September 2026 13:18:00",NASA-NOAA20,Medium,110.26312,-0.80667,False,False,True,False,False,True,Di Luar Area Pantauan (>1000m dari Desa)
Simpang Hilir,Nipah Kuning,"Sabtu, 12 September 2026 13:18:00",NASA-NOAA20,Medium,109.95429,-1.05711,False,False,False,True,False,True,Di Luar Area Pantauan (>1000m dari Desa)
Pulau Maya,Dusun Besar,"Sabtu, 12 September 2026 13:18:00",NASA-NOAA20,Medium,109.49326,-1.11682,False,False,False,True,False,True,Di Luar Area Pantauan (>1000m dari Desa)
Pulau Maya,Dusun Besar,"Sabtu, 12 September 2026 13:18:00",NASA-NOAA20,Medium,109.4963,-1.11293,False,False,False,False,False,False,Di Luar Area Pantauan (>1000m dari Desa)
Sungai Laur,Kepari,"Sabtu, 12 September 2026 13:18:00",NASA-NOAA20,Medium,110.63454,-0.92543,False,False,True,False,False,True,Di Luar Area Pantauan (>1000m dari Desa)
Hulu Sungai,Krio Hulu,"Sabtu, 12 September 2026 13:18:00",NASA-NOAA20,Medium,110.85831,-0.87682,False,False,True,False,False,True,Di Luar Area Pantauan (>1000m dari Desa)
Batu Ampar,Tanjungberingin,"Sabtu, 12 September 2026 13:18:00",NASA-NOAA20,Medium,109.92326,-0.51897,False,False,True,False,False,True,Di Luar Area Pantauan (>1000m dari Desa)
Simpang Hulu,Merawa,"Sabtu, 12 September 2026 13:18:00",NASA-NOAA20,Medium,110.41358,-0.50017,False,False,False,False,False,False,Di Luar Area Pantauan (>1000m dari Desa)
Simpang Hilir,Penjalaan,"Sabtu, 12 September 2026 13:18:00",NASA-NOAA20,Medium,110.0616,-1.12141,False,False,True,False,False,True,Di Luar Area Pantauan (>1000m dari Desa)
Simpang Hilir,Matan Jaya,"Sabtu, 12 September 2026 13:18:00",NASA-NOAA20,Medium,110.15779,-1.11022,False,False,False,False,True,True,Di Luar Area Pantauan (>1000m dari Desa)
Simpang Hilir,Penjalaan,"Sabtu, 12 September 2026 13:18:00",NASA-NOAA20,Medium,110.05528,-1.12934,False,False,True,True,False,True,Di Luar Area Pantauan (>1000m dari Desa)
Simpang Hulu,Sekucing Labai,"Sabtu, 12 September 2026 13:18:00",NASA-NOAA20,Medium,110.12215,-0.48536,False,False,False,False,False,False,Di Luar Area Pantauan (>1000m dari Desa)
Serawai,Limbur Bernaung Lestari,"Sabtu, 12 September 2026 13:18:00",NASA-NOAA20,Medium,112.5783,-0.15482,False,False,False,False,True,True,Di Luar Area Pantauan (>1000m dari Desa)
Batu Ampar,Batu Ampar,"Sabtu, 12 September 2026 13:18:00",NASA-NOAA20,Medium,109.55474,-0.78852,False,False,True,True,True,True,Di Luar Area Pantauan (>1000m dari Desa)
Sandai,Demit,"Sabtu, 12 September 2026 13:18:00",NASA-NOAA20,Medium,110.68012,-1.25469,False,False,False,False,False,False,Di Luar Area Pantauan (>1000m dari Desa)
Nanga Tayap,Pangkalan Teluk,"Sabtu, 12 September 2026 13:18:00",NASA-NOAA20,Medium,110.37164,-1.36818,False,False,False,False,True,True,Di Luar Area Pantauan (>1000m dari Desa)
Nanga Taman,Lubuk Tajau,"Sabtu, 12 September 2026 13:18:00",NASA-NOAA20,Medium,110.80642,-0.36736,False,True,False,False,False,False,Prioritas 3 (Rendah)
Simpang Hilir,Matan Jaya,"Sabtu, 12 September 2026 13:18:00",NASA-NOAA20,Medium,110.16099,-1.10623,False,False,False,False,True,True,Di Luar Area Pantauan (>1000m dari Desa)
Simpang Hilir,Matan Jaya,"Sabtu, 12 September 2026 13:18:00",NASA-NOAA20,Medium,110.27191,-1.13827,False,False,True,False,True,True,Di Luar Area Pantauan (>1000m dari Desa)
Simpang Hilir,Matan Jaya,"Sabtu, 12 September 2026 13:18:00",NASA-NOAA20,Medium,110.14987,-1.10793,False,False,True,False,True,True,Di Luar Area Pantauan (>1000m dari Desa)
Simpang Hilir,Matan Jaya,"Sabtu, 12 September 2026 13:18:00",NASA-NOAA20,Medium,110.15678,-1.10338,False,False,False,False,True,True,Di Luar Area Pantauan (>1000m dari Desa)
Sungai Raya,Kalibandung,"Sabtu, 12 September 2026 13:18:00",NASA-NOAA20,Medium,109.71284,-0.31293,False,False,False,True,False,True,Di Luar Area Pantauan (>1000m dari Desa)
Simpang Hulu,Kualan Hilir,"Sabtu, 12 September 2026 13:18:00",NASA-NOAA20,Medium,110.20351,-0.49016,False,False,False,False,False,False,Di Luar Area Pantauan (>1000m dari Desa)
Kayan Hulu,Nangkak Lestari,"Sabtu, 12 September 2026 13:18:00",NASA-NOAA20,Medium,112.19699,-0.05588,False,False,False,False,False,False,Di Luar Area Pantauan (>1000m dari Desa)
Simpang Hilir,Lubuk Batu,"Sabtu, 12 September 2026 13:18:00",NASA-NOAA20,Medium,110.1011,-0.93701,False,False,False,False,False,False,Di Luar Area Pantauan (>1000m dari Desa)
Menukung,Belaban Ella,"Sabtu, 12 September 2026 13:18:00",NASA-NOAA20,Medium,112.18739,-0.51007,False,False,False,False,False,False,Di Luar Area Pantauan (>1000m dari Desa)
Nanga Mahap,Karang Betung,"Sabtu, 12 September 2026 13:18:00",NASA-NOAA20,Medium,110.90653,-0.65962,True,True,False,False,False,False,Prioritas 2 (Sedang)
Simpang Hulu,Paoh Concong,"Sabtu, 12 September 2026 13:18:00",NASA-NOAA20,Medium,110.43791,-0.68874,False,False,False,False,False,False,Di Luar Area Pantauan (>1000m dari Desa)
Batu Ampar,Tanjungharapan,"Sabtu, 12 September 2026 13:18:00",NASA-NOAA20,Medium,109.52523,-0.85699,True,False,False,True,True,True,Prioritas 1 (Tinggi)
Simpang Dua,Semandang Kanan,"Sabtu, 12 September 2026 13:18:00",NASA-NOAA20,Medium,110.33111,-0.77585,False,False,False,False,False,False,Di Luar Area Pantauan (>1000m dari Desa)
Matan Hilir Utara,Kuala Satong,"Sabtu, 12 September 2026 13:18:00",NASA-NOAA20,Medium,110.12595,-1.41998,False,False,False,True,False,True,Di Luar Area Pantauan (>1000m dari Desa)
Hulu Sungai,Lubuk Kakap,"Sabtu, 12 September 2026 13:18:00",NASA-NOAA20,Medium,111.13638,-1.27548,False,False,True,False,False,True,Di Luar Area Pantauan (>1000m dari Desa)
Matan Hilir Utara,Tanjung Baik Budi,"Sabtu, 12 September 2026 13:18:00",NASA-NOAA20,Medium,110.09119,-1.5547,False,False,True,True,False,True,Di Luar Area Pantauan (>1000m dari Desa)
Muara Pawan,Ulak Medang,"Sabtu, 12 September 2026 13:18:00",NASA-NOAA20,Medium,110.30197,-1.63114,False,False,False,True,False,True,Di Luar Area Pantauan (>1000m dari Desa)
Matan Hilir Utara,Tanjung Baik Budi,"Sabtu, 12 September 2026 13:18:00",NASA-NOAA20,Medium,110.18015,-1.52366,False,False,False,True,False,True,Di Luar Area Pantauan (>1000m dari Desa)
Nanga Tayap,Tanjung Medan,"Sabtu, 12 September 2026 13:18:00",NASA-NOAA20,Medium,110.44462,-1.46544,False,False,False,False,True,True,Di Luar Area Pantauan (>1000m dari Desa)
Muara Pawan,Ulak Medang,"Sabtu, 12 September 2026 13:18:00",NASA-NOAA20,Medium,110.30249,-1.63456,False,False,False,True,False,True,Di Luar Area Pantauan (>1000m dari Desa)
Ketungau Hulu,Sekaih,"Sabtu, 12 September 2026 13:18:00",NASA-NOAA20,Medium,111.21892,0.86933,False,False,False,False,False,False,Di Luar Area Pantauan (>1000m dari Desa)
Ketungau Hulu,Sungai Kelik,"Sabtu, 12 September 2026 13:18:00",NASA-NOAA20,Medium,111.20387,0.98288,False,False,False,False,False,False,Di Luar Area Pantauan (>1000m dari Desa)
Ketungau Tengah,Gut Jaya Bhakti,"Sabtu, 12 September 2026 13:18:00",NASA-NOAA20,Medium,111.37769,0.90423,False,False,False,False,False,False,Di Luar Area Pantauan (>1000m dari Desa)
Kayan Hulu,Nangkak Lestari,"Sabtu, 12 September 2026 13:18:00",NASA-NOAA20,Medium,112.17057,-0.04034,False,False,False,False,False,False,Di Luar Area Pantauan (>1000m dari Desa)
Sungai Raya,Kalibandung,"Sabtu, 12 September 2026 13:18:00",NASA-NOAA20,Medium,109.71181,-0.30615,False,False,True,True,False,True,Di Luar Area Pantauan (>1000m dari Desa)
Menukung,Sampak,"Sabtu, 12 September 2026 13:18:00",NASA-NOAA20,Medium,112.251,-0.49953,False,False,False,False,False,False,Di Luar Area Pantauan (>1000m dari Desa)
Simpang Hilir,Batu Barat,"Sabtu, 12 September 2026 13:18:00",NASA-NOAA20,Medium,110.03642,-0.98192,False,False,False,True,False,True,Di Luar Area Pantauan (>1000m dari Desa)
Simpang Hilir,Lubuk Batu,"Sabtu, 12 September 2026 13:18:00",NASA-NOAA20,Medium,110.09846,-0.94441,False,False,False,False,False,False,Di Luar Area Pantauan (>1000m dari Desa)
Simpang Dua,Semandang Kanan,"Sabtu, 12 September 2026 13:18:00",NASA-NOAA20,Medium,110.30699,-0.76894,False,False,False,False,False,False,Di Luar Area Pantauan (>1000m dari Desa)
Nanga Tayap,Sungai Kelik,"Sabtu, 12 September 2026 13:18:00",NASA-NOAA20,Medium,110.30619,-1.63399,False,False,False,True,False,True,Di Luar Area Pantauan (>1000m dari Desa)
Nanga Tayap,Sepakat Jaya,"Sabtu, 12 September 2026 13:18:00",NASA-NOAA20,Medium,110.66327,-1.45301,False,False,True,False,False,True,Di Luar Area Pantauan (>1000m dari Desa)
Muara Pawan,Ulak Medang,"Sabtu, 12 September 2026 13:18:00",NASA-NOAA20,Medium,110.25056,-1.51635,False,False,True,True,False,True,Di Luar Area Pantauan (>1000m dari Desa)
Nanga Tayap,Mensubang,"Sabtu, 12 September 2026 13:18:00",NASA-NOAA20,Medium,110.45566,-1.31364,False,False,False,False,False,False,Di Luar Area Pantauan (>1000m dari Desa)
Sungai Raya,Kalibandung,"Sabtu, 12 September 2026 13:18:00",NASA-NOAA20,Medium,109.64667,-0.34029,False,False,False,True,False,True,Di Luar Area Pantauan (>1000m dari Desa)
Meliau,Kuala Rosan,"Sabtu, 12 September 2026 13:18:00",NASA-NOAA20,Medium,110.52059,-0.22375,False,False,False,False,False,False,Di Luar Area Pantauan (>1000m dari Desa)
Sungai Raya,Kalibandung,"Sabtu, 12 September 2026 13:18:00",NASA-NOAA20,Medium,109.67195,-0.33645,False,False,False,False,False,False,Di Luar Area Pantauan (>1000m dari Desa)
Belitang Hilir,Kumpang Bis,"Sabtu, 12 September 2026 13:18:00",NASA-NOAA20,Medium,111.0342,0.24623,False,False,False,False,False,False,Di Luar Area Pantauan (>1000m dari Desa)
Ketungau Tengah,Sumber Sari,"Sabtu, 12 September 2026 13:18:00",NASA-NOAA20,Medium,111.34644,0.77684,False,False,False,False,False,False,Di Luar Area Pantauan (>1000m dari Desa)
Jangkang,Terati,"Sabtu, 12 September 2026 13:18:00",NASA-NOAA20,Medium,110.70698,0.3337,False,False,False,False,False,False,Di Luar Area Pantauan (>1000m dari Desa)
Kapuas,Kelurahan Tanjung Kapuas,"Sabtu, 12 September 2026 13:18:00",NASA-NOAA20,Medium,110.64215,0.19339,False,False,False,False,False,False,Di Luar Area Pantauan (>1000m dari Desa)
Sungai Laur,Sepotong,"Sabtu, 12 September 2026 13:18:00",NASA-NOAA20,Medium,110.51038,-0.83222,False,False,False,False,False,False,Di Luar Area Pantauan (>1000m dari Desa)
Simpang Hilir,Lubuk Batu,"Sabtu, 12 September 2026 13:18:00",NASA-NOAA20,Medium,110.11684,-0.92033,False,False,False,False,False,False,Di Luar Area Pantauan (>1000m dari Desa)
Simpang Hulu,Semandang Hulu,"Sabtu, 12 September 2026 13:18:00",NASA-NOAA20,Medium,110.48016,-0.60553,False,False,False,False,False,False,Di Luar Area Pantauan (>1000m dari Desa)
Simpang Hulu,Semandang Hulu,"Sabtu, 12 September 2026 13:18:00",NASA-NOAA20,Medium,110.47965,-0.60206,False,False,False,False,False,False,Di Luar Area Pantauan (>1000m dari Desa)
Kendawangan,Mekar Utama,"Sabtu, 12 September 2026 13:18:00",NASA-NOAA20,Medium,110.19255,-2.49923,False,False,False,False,False,False,Di Luar Area Pantauan (>1000m dari Desa)
Kendawangan,Banjar Sari,"Sabtu, 12 September 2026 13:18:00",NASA-NOAA20,Medium,110.24337,-2.49141,False,False,False,False,False,False,Di Luar Area Pantauan (>1000m dari Desa)
Kendawangan,Banjar Sari,"Sabtu, 12 September 2026 13:18:00",NASA-NOAA20,Medium,110.46442,-2.41538,False,False,False,False,True,True,Di Luar Area Pantauan (>1000m dari Desa)
Kendawangan,Banjar Sari,"Sabtu, 12 September 2026 13:18:00",NASA-NOAA20,Medium,110.25737,-2.5101,False,False,False,False,False,False,Di Luar Area Pantauan (>1000m dari Desa)
Kendawangan,Airhitam Hulu,"Sabtu, 12 September 2026 13:18:00",NASA-NOAA20,Medium,110.61292,-2.66221,False,False,False,False,False,False,Di Luar Area Pantauan (>1000m dari Desa)
Manis Mata,Suak Burung,"Sabtu, 12 September 2026 13:18:00",NASA-NOAA20,Medium,111.03931,-2.32208,False,False,False,False,False,False,Di Luar Area Pantauan (>1000m dari Desa)
Kendawangan,Airhitam Hulu,"Sabtu, 12 September 2026 13:18:00",NASA-NOAA20,Medium,110.6162,-2.6336,False,False,True,False,False,True,Di Luar Area Pantauan (>1000m dari Desa)
Kendawangan,Kendawangan Kanan,"Sabtu, 12 September 2026 13:18:00",NASA-NOAA20,Medium,110.25697,-2.74469,False,False,False,False,True,True,Di Luar Area Pantauan (>1000m dari Desa)
Kendawangan,Air Hitam Besar,"Sabtu, 12 September 2026 13:18:00",NASA-NOAA20,Medium,110.73685,-2.71989,False,False,False,False,False,False,Di Luar Area Pantauan (>1000m dari Desa)
Kendawangan,Seriam,"Sabtu, 12 September 2026 13:18:00",NASA-NOAA20,Medium,110.35265,-2.75858,False,False,False,False,True,True,Di Luar Area Pantauan (>1000m dari Desa)
Kendawangan,Air Hitam Besar,"Sabtu, 12 September 2026 13:18:00",NASA-NOAA20,Medium,110.72243,-2.70098,False,False,False,False,False,False,Di Luar Area Pantauan (>1000m dari Desa)
Kendawangan,Seriam,"Sabtu, 12 September 2026 13:18:00",NASA-NOAA20,Medium,110.34534,-2.75971,False,False,False,False,True,True,Di Luar Area Pantauan (>1000m dari Desa)
Kendawangan,Air Hitam Besar,"Sabtu, 12 September 2026 13:18:00",NASA-NOAA20,Medium,110.72191,-2.69753,False,False,False,False,False,False,Di Luar Area Pantauan (>1000m dari Desa)
Kendawangan,Seriam,"Sabtu, 12 September 2026 13:18:00",NASA-NOAA20,Medium,110.30158,-2.74482,False,False,False,True,True,True,Di Luar Area Pantauan (>1000m dari Desa)
Kendawangan,Air Hitam Besar,"Sabtu, 12 September 2026 13:18:00",NASA-NOAA20,Medium,110.74113,-2.72275,False,False,True,False,False,True,Di Luar Area Pantauan (>1000m dari Desa)
Kendawangan,Airhitam Hulu,"Sabtu, 12 September 2026 13:18:00",NASA-NOAA20,Medium,110.51234,-2.62519,False,False,False,False,True,True,Di Luar Area Pantauan (>1000m dari Desa)
Kendawangan,Natai Kuini,"Sabtu, 12 September 2026 13:18:00",NASA-NOAA20,Medium,110.71214,-2.93391,False,False,False,False,False,False,Di Luar Area Pantauan (>1000m dari Desa)
Kendawangan,Natai Kuini,"Sabtu, 12 September 2026 13:18:00",NASA-NOAA20,Medium,110.9699,-2.82436,False,False,False,False,False,False,Di Luar Area Pantauan (>1000m dari Desa)
Kendawangan,Natai Kuini,"Sabtu, 12 September 2026 13:18:00",NASA-NOAA20,Medium,110.84129,-2.7982,False,False,False,False,True,True,Di Luar Area Pantauan (>1000m dari Desa)
Kendawangan,Pembedilan,"Sabtu, 12 September 2026 13:18:00",NASA-NOAA20,Medium,110.30905,-2.93654,False,False,False,False,True,True,Di Luar Area Pantauan (>1000m dari Desa)
Kendawangan,Pembedilan,"Sabtu, 12 September 2026 13:18:00",NASA-NOAA20,Medium,110.31009,-2.94332,False,False,False,False,True,True,Di Luar Area Pantauan (>1000m dari Desa)
Kendawangan,Seriam,"Sabtu, 12 September 2026 13:18:00",NASA-NOAA20,Medium,110.3495,-2.76254,False,False,False,False,True,True,Di Luar Area Pantauan (>1000m dari Desa)
Kendawangan,Pembedilan,"Sabtu, 12 September 2026 13:18:00",NASA-NOAA20,Medium,110.35003,-2.76594,False,False,False,False,True,True,Di Luar Area Pantauan (>1000m dari Desa)
Kendawangan,Air Hitam Besar,"Sabtu, 12 September 2026 13:18:00",NASA-NOAA20,Medium,110.73578,-2.713,False,False,False,False,False,False,Di Luar Area Pantauan (>1000m dari Desa)
Kendawangan,Air Hitam Besar,"Sabtu, 12 September 2026 13:18:00",NASA-NOAA20,Medium,110.64214,-2.77675,False,False,False,False,False,False,Di Luar Area Pantauan (>1000m dari Desa)
Manis Mata,Suka Ramai,"Sabtu, 12 September 2026 13:18:00",NASA-NOAA20,Medium,111.09196,-2.71834,False,False,False,False,False,False,Di Luar Area Pantauan (>1000m dari Desa)
Kendawangan,Bangkal Serai,"Sabtu, 12 September 2026 13:18:00",NASA-NOAA20,Medium,110.50124,-2.48323,False,False,False,False,True,True,Di Luar Area Pantauan (>1000m dari Desa)
Kendawangan,Banjar Sari,"Sabtu, 12 September 2026 13:18:00",NASA-NOAA20,Medium,110.24391,-2.47049,False,False,False,True,False,True,Di Luar Area Pantauan (>1000m dari Desa)
Kendawangan,Bangkal Serai,"Sabtu, 12 September 2026 13:18:00",NASA-NOAA20,Medium,110.52728,-2.57372,False,False,False,False,True,True,Di Luar Area Pantauan (>1000m dari Desa)
Kendawangan,Banjar Sari,"Sabtu, 12 September 2026 13:18:00",NASA-NOAA20,Medium,110.25531,-2.49652,False,False,False,False,False,False,Di Luar Area Pantauan (>1000m dari Desa)
Kendawangan,Airhitam Hulu,"Sabtu, 12 September 2026 13:18:00",NASA-NOAA20,Medium,110.60973,-2.66621,False,False,False,False,False,False,Di Luar Area Pantauan (>1000m dari Desa)
Kendawangan,Airhitam Hulu,"Sabtu, 12 September 2026 13:18:00",NASA-NOAA20,Medium,110.62688,-2.62843,False,False,False,False,False,False,Di Luar Area Pantauan (>1000m dari Desa)
Kendawangan,Air Hitam Besar,"Sabtu, 12 September 2026 13:18:00",NASA-NOAA20,Medium,110.7267,-2.70384,False,False,False,False,False,False,Di Luar Area Pantauan (>1000m dari Desa)
Kendawangan,Air Hitam Besar,"Sabtu, 12 September 2026 13:18:00",NASA-NOAA20,Medium,110.72993,-2.69981,False,False,False,False,False,False,Di Luar Area Pantauan (>1000m dari Desa)
Kendawangan,Air Hitam Besar,"Sabtu, 12 September 2026 13:18:00",NASA-NOAA20,Medium,110.71389,-2.69526,False,False,False,False,False,False,Di Luar Area Pantauan (>1000m dari Desa)
Kendawangan,Natai Kuini,"Sabtu, 12 September 2026 13:18:00",NASA-NOAA20,Medium,110.84182,-2.80166,False,False,False,False,True,True,Di Luar Area Pantauan (>1000m dari Desa)
Kendawangan,Bangkal Serai,"Sabtu, 12 September 2026 13:18:00",NASA-NOAA20,Medium,110.50708,-2.47183,False,False,False,False,True,True,Di Luar Area Pantauan (>1000m dari Desa)
Manis Mata,Batu Sedau,"Sabtu, 12 September 2026 13:18:00",NASA-NOAA20,Medium,111.07224,-2.3815,False,False,False,False,False,False,Di Luar Area Pantauan (>1000m dari Desa)
Kendawangan,Airhitam Hulu,"Sabtu, 12 September 2026 13:18:00",NASA-NOAA20,Medium,110.61667,-2.66164,False,False,False,False,False,False,Di Luar Area Pantauan (>1000m dari Desa)
Manis Mata,Suka Ramai,"Sabtu, 12 September 2026 13:18:00",NASA-NOAA20,Medium,111.13189,-2.71939,False,False,False,False,False,False,Di Luar Area Pantauan (>1000m dari Desa)
Kendawangan,Banjar Sari,"Sabtu, 12 September 2026 13:18:00",NASA-NOAA20,Medium,110.25274,-2.47955,False,False,False,False,False,False,Di Luar Area Pantauan (>1000m dari Desa)
Kendawangan,Seriam,"Sabtu, 12 September 2026 13:18:00",NASA-NOAA20,Medium,110.32766,-2.76594,False,False,False,False,True,True,Di Luar Area Pantauan (>1000m dari Desa)
Kendawangan,Air Hitam Besar,"Sabtu, 12 September 2026 13:18:00",NASA-NOAA20,Medium,110.71868,-2.70156,False,False,False,False,False,False,Di Luar Area Pantauan (>1000m dari Desa)
Kendawangan,Seriam,"Sabtu, 12 September 2026 13:18:00",NASA-NOAA20,Medium,110.34899,-2.75914,False,False,False,False,True,True,Di Luar Area Pantauan (>1000m dari Desa)
Kendawangan,Air Hitam Besar,"Sabtu, 12 September 2026 13:18:00",NASA-NOAA20,Medium,110.72618,-2.70039,False,False,False,False,False,False,Di Luar Area Pantauan (>1000m dari Desa)
Kendawangan,Airhitam Hulu,"Sabtu, 12 September 2026 13:18:00",NASA-NOAA20,Medium,110.5213,-2.6343,False,False,False,False,True,True,Di Luar Area Pantauan (>1000m dari Desa)
Kendawangan,Air Hitam Besar,"Sabtu, 12 September 2026 13:18:00",NASA-NOAA20,Medium,110.72941,-2.69636,False,False,False,False,False,False,Di Luar Area Pantauan (>1000m dari Desa)
Kendawangan,Bangkal Serai,"Sabtu, 12 September 2026 13:18:00",NASA-NOAA20,Medium,110.49702,-2.48038,False,False,False,False,True,True,Di Luar Area Pantauan (>1000m dari Desa)
Kendawangan,Airhitam Hulu,"Sabtu, 12 September 2026 13:18:00",NASA-NOAA20,Medium,110.53757,-2.6668,False,False,False,False,True,True,Di Luar Area Pantauan (>1000m dari Desa)
Kendawangan,Seriam,"Sabtu, 12 September 2026 13:18:00",NASA-NOAA20,Medium,110.33086,-2.64298,False,False,False,False,True,True,Di Luar Area Pantauan (>1000m dari Desa)
Kendawangan,Seriam,"Sabtu, 12 September 2026 13:18:00",NASA-NOAA20,Medium,110.33501,-2.64581,False,False,False,False,True,True,Di Luar Area Pantauan (>1000m dari Desa)
Kendawangan,Bangkal Serai,"Sabtu, 12 September 2026 13:18:00",NASA-NOAA20,Medium,110.52305,-2.57087,False,False,False,False,True,True,Di Luar Area Pantauan (>1000m dari Desa)
Kendawangan,Bangkal Serai,"Sabtu, 12 September 2026 13:18:00",NASA-NOAA20,Medium,110.50286,-2.46897,False,False,False,False,True,True,Di Luar Area Pantauan (>1000m dari Desa)
Kendawangan,Bangkal Serai,"Sabtu, 12 September 2026 13:18:00",NASA-NOAA20,Medium,110.50655,-2.4684,False,False,False,False,True,True,Di Luar Area Pantauan (>1000m dari Desa)
Kendawangan,Banjar Sari,"Sabtu, 12 September 2026 13:18:00",NASA-NOAA20,Medium,110.44802,-2.43192,False,False,False,False,True,True,Di Luar Area Pantauan (>1000m dari Desa)
Kendawangan,Natai Kuini,"Sabtu, 12 September 2026 13:18:00",NASA-NOAA20,Medium,110.67969,-2.92139,False,False,False,False,False,False,Di Luar Area Pantauan (>1000m dari Desa)
Kendawangan,Pembedilan,"Sabtu, 12 September 2026 13:18:00",NASA-NOAA20,Medium,110.35796,-2.86647,False,False,False,False,True,True,Di Luar Area Pantauan (>1000m dari Desa)
Kendawangan,Pembedilan,"Sabtu, 12 September 2026 13:18:00",NASA-NOAA20,Medium,110.35055,-2.76934,False,False,False,False,True,True,Di Luar Area Pantauan (>1000m dari Desa)
Kendawangan,Air Hitam Besar,"Sabtu, 12 September 2026 13:18:00",NASA-NOAA20,Medium,110.72827,-2.71417,False,False,False,False,False,False,Di Luar Area Pantauan (>1000m dari Desa)
Manis Mata,Seguling,"Sabtu, 12 September 2026 13:18:00",NASA-NOAA20,Medium,111.15006,-2.65561,False,False,False,False,False,False,Di Luar Area Pantauan (>1000m dari Desa)
Kendawangan,Air Hitam Besar,"Sabtu, 12 September 2026 13:18:00",NASA-NOAA20,Medium,110.73369,-2.69922,False,False,False,False,False,False,Di Luar Area Pantauan (>1000m dari Desa)
Kendawangan,Seriam,"Sabtu, 12 September 2026 13:18:00",NASA-NOAA20,Medium,110.32817,-2.76933,False,False,False,False,True,True,Di Luar Area Pantauan (>1000m dari Desa)
Kendawangan,Pembedilan,"Sabtu, 12 September 2026 13:18:00",NASA-NOAA20,Medium,110.35368,-2.76537,False,False,False,False,True,True,Di Luar Area Pantauan (>1000m dari Desa)
Kendawangan,Air Hitam Besar,"Sabtu, 12 September 2026 13:18:00",NASA-NOAA20,Medium,110.724,-2.71131,False,False,False,False,False,False,Di Luar Area Pantauan (>1000m dari Desa)
Kendawangan,Pembedilan,"Sabtu, 12 September 2026 13:18:00",NASA-NOAA20,Medium,110.35419,-2.76877,False,False,False,False,True,True,Di Luar Area Pantauan (>1000m dari Desa)
Kendawangan,Air Hitam Besar,"Sabtu, 12 September 2026 13:18:00",NASA-NOAA20,Medium,110.73525,-2.70956,False,False,False,False,False,False,Di Luar Area Pantauan (>1000m dari Desa)
Kendawangan,Air Hitam Besar,"Sabtu, 12 September 2026 13:18:00",NASA-NOAA20,Medium,110.7144,-2.6987,False,False,False,False,False,False,Di Luar Area Pantauan (>1000m dari Desa)
Kendawangan,Seriam,"Sabtu, 12 September 2026 13:18:00",NASA-NOAA20,Medium,110.3438,-2.74952,False,False,False,False,True,True,Di Luar Area Pantauan (>1000m dari Desa)
Belimbing Hulu,Nanga Tikan,"Minggu, 13 September 2026 00:17:00",NASA-NOAA20,Medium,111.60813,-0.44961,False,False,False,False,False,False,Di Luar Area Pantauan (>1000m dari Desa)
Pinoh Utara,Melamut Bersatu,"Minggu, 13 September 2026 00:17:00",NASA-NOAA20,Medium,111.71581,-0.24702,False,False,False,False,False,False,Di Luar Area Pantauan (>1000m dari Desa)
Serawai,Tunas Harapan,"Minggu, 13 September 2026 00:17:00",NASA-NOAA20,Medium,112.40831,-0.39336,False,False,False,False,False,False,Di Luar Area Pantauan (>1000m dari Desa)
Menukung,Belaban Ella,"Minggu, 13 September 2026 00:17:00",NASA-NOAA20,Medium,112.18089,-0.51038,False,False,False,False,False,False,Di Luar Area Pantauan (>1000m dari Desa)
Serawai,Tunas Harapan,"Minggu, 13 September 2026 00:17:00",NASA-NOAA20,Medium,112.4104,-0.39208,False,False,False,False,False,False,Di Luar Area Pantauan (>1000m dari Desa)
Serawai,Tunas Harapan,"Minggu, 13 September 2026 00:17:00",NASA-NOAA20,Medium,112.40623,-0.3914,False,False,False,False,False,False,Di Luar Area Pantauan (>1000m dari Desa)
Belimbing Hulu,Nanga Tikan,"Minggu, 13 September 2026 00:17:00",NASA-NOAA20,Medium,111.60367,-0.44256,False,False,False,False,False,False,Di Luar Area Pantauan (>1000m dari Desa)
Menukung,Nanga Siyai,"Minggu, 13 September 2026 00:17:00",NASA-NOAA20,Medium,112.17654,-0.50968,False,False,False,False,False,False,Di Luar Area Pantauan (>1000m dari Desa)
Pinoh Utara,Engkurai,"Minggu, 13 September 2026 00:17:00",NASA-NOAA20,Medium,112.04955,-0.26303,False,False,False,False,False,False,Di Luar Area Pantauan (>1000m dari Desa)
Pinoh Utara,Engkurai,"Minggu, 13 September 2026 00:17:00",NASA-NOAA20,Medium,112.04504,-0.26231,False,False,False,False,False,False,Di Luar Area Pantauan (>1000m dari Desa)
Sungai Ambawang,Teluk Bakung,"Minggu, 13 September 2026 00:17:00",NASA-NOAA20,Medium,109.65917,-0.12474,False,False,True,True,False,True,Di Luar Area Pantauan (>1000m dari Desa)
Batu Ampar,Tanjungberingin,"Minggu, 13 September 2026 00:20:00",NASA-NOAA20,Medium,109.92683,-0.49979,False,False,True,True,False,True,Di Luar Area Pantauan (>1000m dari Desa)
Batu Ampar,Tanjungberingin,"Minggu, 13 September 2026 00:20:00",NASA-NOAA20,Medium,109.92451,-0.50049,False,False,True,True,False,True,Di Luar Area Pantauan (>1000m dari Desa)
Terentang,Betuah,"Minggu, 13 September 2026 00:20:00",NASA-NOAA20,Medium,109.91436,-0.49779,False,False,False,True,False,True,Di Luar Area Pantauan (>1000m dari Desa)
Nanga Tayap,Mensubang,"Minggu, 13 September 2026 00:20:00",NASA-NOAA20,Medium,110.39681,-1.31994,False,False,False,False,False,False,Di Luar Area Pantauan (>1000m dari Desa)
Matan Hilir Utara,Tanjung Baik Budi,"Minggu, 13 September 2026 00:20:00",NASA-NOAA20,Medium,110.18781,-1.5258,False,False,True,True,False,True,Di Luar Area Pantauan (>1000m dari Desa)
Matan Hilir Utara,Tanjung Baik Budi,"Minggu, 13 September 2026 00:20:00",NASA-NOAA20,Medium,110.18197,-1.52485,False,False,True,True,False,True,Di Luar Area Pantauan (>1000m dari Desa)
Muara Pawan,Ulak Medang,"Minggu, 13 September 2026 00:20:00",NASA-NOAA20,Medium,110.2882,-1.51979,False,False,False,True,False,True,Di Luar Area Pantauan (>1000m dari Desa)
Matan Hilir Utara,Kuala Tolak,"Minggu, 13 September 2026 00:20:00",NASA-NOAA20,Medium,110.1145,-1.49694,False,False,False,True,False,True,Di Luar Area Pantauan (>1000m dari Desa)
Muara Pawan,Ulak Medang,"Minggu, 13 September 2026 00:20:00",NASA-NOAA20,Medium,110.27117,-1.51688,False,False,False,True,False,True,Di Luar Area Pantauan (>1000m dari Desa)
Muara Pawan,Ulak Medang,"Minggu, 13 September 2026 00:20:00",NASA-NOAA20,Medium,110.28409,-1.51436,False,False,False,False,False,False,Di Luar Area Pantauan (>1000m dari Desa)
Nanga Tayap,Lembah Hijau Satu,"Minggu, 13 September 2026 00:20:00",NASA-NOAA20,Medium,110.48779,-1.56117,False,False,False,False,False,False,Di Luar Area Pantauan (>1000m dari Desa)
Muara Pawan,Ulak Medang,"Minggu, 13 September 2026 00:20:00",NASA-NOAA20,Medium,110.27843,-1.51343,False,False,False,False,False,False,Di Luar Area Pantauan (>1000m dari Desa)
Matan Hilir Utara,Kuala Tolak,"Minggu, 13 September 2026 00:20:00",NASA-NOAA20,Medium,110.12058,-1.50119,False,False,True,True,False,True,Di Luar Area Pantauan (>1000m dari Desa)
Matan Hilir Utara,Tanjung Baik Budi,"Minggu, 13 September 2026 00:20:00",NASA-NOAA20,Medium,110.15192,-1.5268,False,False,True,True,False,True,Di Luar Area Pantauan (>1000m dari Desa)
Matan Hilir Utara,Tanjung Baik Budi,"Minggu, 13 September 2026 00:20:00",NASA-NOAA20,Medium,110.14614,-1.52586,False,False,True,True,False,True,Di Luar Area Pantauan (>1000m dari Desa)
Matan Hilir Utara,Kuala Tolak,"Minggu, 13 September 2026 00:20:00",NASA-NOAA20,Medium,110.1147,-1.50023,False,False,True,True,False,True,Di Luar Area Pantauan (>1000m dari Desa)
Muara Pawan,Ulak Medang,"Minggu, 13 September 2026 00:20:00",NASA-NOAA20,Medium,110.27683,-1.51785,False,False,True,True,False,True,Di Luar Area Pantauan (>1000m dari Desa)
Muara Pawan,Ulak Medang,"Minggu, 13 September 2026 00:20:00",NASA-NOAA20,Medium,110.25977,-1.51493,False,False,True,True,False,True,Di Luar Area Pantauan (>1000m dari Desa)
Matan Hilir Utara,Kuala Tolak,"Minggu, 13 September 2026 00:20:00",NASA-NOAA20,Medium,110.12043,-1.49796,False,False,True,True,False,True,Di Luar Area Pantauan (>1000m dari Desa)
Matan Hilir Selatan,Sungai Besar,"Minggu, 13 September 2026 00:20:00",NASA-NOAA20,Medium,110.18517,-1.87635,False,False,True,True,False,True,Di Luar Area Pantauan (>1000m dari Desa)
Matan Hilir Selatan,Sungai Pelang,"Minggu, 13 September 2026 00:20:00",NASA-NOAA20,Medium,110.18172,-1.8622,False,False,True,True,False,True,Di Luar Area Pantauan (>1000m dari Desa)
Matan Hilir Selatan,Sungai Besar,"Minggu, 13 September 2026 00:20:00",NASA-NOAA20,Medium,110.19087,-1.87732,False,False,True,True,False,True,Di Luar Area Pantauan (>1000m dari Desa)
Matan Hilir Selatan,Sungai Besar,"Minggu, 13 September 2026 00:20:00",NASA-NOAA20,Medium,110.2575,-1.87648,False,False,True,True,False,True,Di Luar Area Pantauan (>1000m dari Desa)
Matan Hilir Selatan,Sungai Pelang,"Minggu, 13 September 2026 00:20:00",NASA-NOAA20,Medium,110.17917,-1.85697,False,False,True,True,False,True,Di Luar Area Pantauan (>1000m dari Desa)
Matan Hilir Selatan,Sungai Besar,"Minggu, 13 September 2026 00:20:00",NASA-NOAA20,Medium,110.12023,-1.92416,False,False,False,True,False,True,Di Luar Area Pantauan (>1000m dari Desa)
Matan Hilir Selatan,Sungai Nanjung,"Minggu, 13 September 2026 00:20:00",NASA-NOAA20,Medium,110.25079,-2.19482,False,False,True,True,True,True,Di Luar Area Pantauan (>1000m dari Desa)
Kendawangan,Banjar Sari,"Minggu, 13 September 2026 00:20:00",NASA-NOAA20,Medium,110.2486,-2.47319,False,False,False,False,False,False,Di Luar Area Pantauan (>1000m dari Desa)
Kendawangan,Banjar Sari,"Minggu, 13 September 2026 00:20:00",NASA-NOAA20,Medium,110.24313,-2.47223,False,False,False,True,False,True,Di Luar Area Pantauan (>1000m dari Desa)
Kendawangan,Danau Buntar,"Minggu, 13 September 2026 00:20:00",NASA-NOAA20,Medium,110.86306,-2.58664,False,False,False,False,False,False,Di Luar Area Pantauan (>1000m dari Desa)
Nanga Tayap,Pangkalan Teluk,"Minggu, 13 September 2026 00:20:00",NASA-NOAA20,Medium,110.36529,-1.3468,False,False,False,False,True,True,Di Luar Area Pantauan (>1000m dari Desa)
Nanga Tayap,Pangkalan Teluk,"Minggu, 13 September 2026 00:20:00",NASA-NOAA20,Medium,110.36157,-1.34123,False,False,False,False,True,True,Di Luar Area Pantauan (>1000m dari Desa)
Nanga Tayap,Pangkalan Teluk,"Minggu, 13 September 2026 00:20:00",NASA-NOAA20,Medium,110.367,-1.34211,False,False,False,False,True,True,Di Luar Area Pantauan (>1000m dari Desa)
Nanga Tayap,Pangkalan Teluk,"Minggu, 13 September 2026 00:20:00",NASA-NOAA20,Medium,110.28859,-1.35657,False,False,True,False,False,True,Di Luar Area Pantauan (>1000m dari Desa)
Nanga Tayap,Mensubang,"Minggu, 13 September 2026 00:20:00",NASA-NOAA20,Medium,110.39252,-1.32598,False,False,True,False,False,True,Di Luar Area Pantauan (>1000m dari Desa)
Kendawangan,Airhitam Hulu,"Minggu, 13 September 2026 00:20:00",NASA-NOAA20,Medium,110.60963,-2.65596,False,False,False,False,False,False,Di Luar Area Pantauan (>1000m dari Desa)
Kendawangan,Airhitam Hulu,"Minggu, 13 September 2026 00:20:00",NASA-NOAA20,Medium,110.61475,-2.65685,False,False,False,False,False,False,Di Luar Area Pantauan (>1000m dari Desa)
Kendawangan,Airhitam Hulu,"Minggu, 13 September 2026 00:20:00",NASA-NOAA20,Medium,110.60334,-2.66141,False,False,False,False,False,False,Di Luar Area Pantauan (>1000m dari Desa)
Kendawangan,Airhitam Hulu,"Minggu, 13 September 2026 00:20:00",NASA-NOAA20,Medium,110.60851,-2.66231,False,False,False,False,False,False,Di Luar Area Pantauan (>1000m dari Desa)
Kendawangan,Natai Kuini,"Minggu, 13 September 2026 00:20:00",NASA-NOAA20,Medium,110.97138,-2.82088,False,False,False,False,False,False,Di Luar Area Pantauan (>1000m dari Desa)
Kendawangan,Airhitam Hulu,"Minggu, 13 September 2026 00:20:00",NASA-NOAA20,Medium,110.60501,-2.6597,False,False,False,False,False,False,Di Luar Area Pantauan (>1000m dari Desa)
Kendawangan,Airhitam Hulu,"Minggu, 13 September 2026 00:20:00",NASA-NOAA20,Medium,110.61135,-2.65422,False,False,False,False,False,False,Di Luar Area Pantauan (>1000m dari Desa)
Kendawangan,Air Hitam Besar,"Minggu, 13 September 2026 00:20:00",NASA-NOAA20,Medium,110.77339,-2.77853,False,False,False,True,False,True,Di Luar Area Pantauan (>1000m dari Desa)
Kendawangan,Airhitam Hulu,"Minggu, 13 September 2026 00:20:00",NASA-NOAA20,Medium,110.61022,-2.66056,False,False,False,False,False,False,Di Luar Area Pantauan (>1000m dari Desa)
Muara Pawan,Ulak Medang,"Minggu, 13 September 2026 00:20:00",NASA-NOAA20,Medium,110.27171,-1.51911,False,False,True,True,False,True,Di Luar Area Pantauan (>1000m dari Desa)
Muara Pawan,Ulak Medang,"Minggu, 13 September 2026 00:20:00",NASA-NOAA20,Medium,110.27739,-1.52003,False,False,True,True,False,True,Di Luar Area Pantauan (>1000m dari Desa)
Muara Pawan,Ulak Medang,"Minggu, 13 September 2026 00:20:00",NASA-NOAA20,Medium,110.26028,-1.51723,False,False,True,True,False,True,Di Luar Area Pantauan (>1000m dari Desa)
Matan Hilir Utara,Kuala Tolak,"Minggu, 13 September 2026 00:20:00",NASA-NOAA20,Medium,110.11582,-1.49357,False,False,True,True,False,True,Di Luar Area Pantauan (>1000m dari Desa)
Matan Hilir Utara,Kuala Tolak,"Minggu, 13 September 2026 00:20:00",NASA-NOAA20,Medium,110.10985,-1.49259,False,False,False,False,False,False,Di Luar Area Pantauan (>1000m dari Desa)
Matan Hilir Utara,Tanjung Baik Budi,"Minggu, 13 September 2026 00:20:00",NASA-NOAA20,Medium,110.13564,-1.51732,False,False,True,True,False,True,Di Luar Area Pantauan (>1000m dari Desa)
Muara Pawan,Ulak Medang,"Minggu, 13 September 2026 00:20:00",NASA-NOAA20,Medium,110.26599,-1.51817,False,False,True,True,False,True,Di Luar Area Pantauan (>1000m dari Desa)
Kendawangan,Banjar Sari,"Minggu, 13 September 2026 00:20:00",NASA-NOAA20,Medium,110.24841,-2.47361,False,False,False,False,False,False,Di Luar Area Pantauan (>1000m dari Desa)
Matan Hilir Utara,Tanjung Baik Budi,"Minggu, 13 September 2026 00:20:00",NASA-NOAA20,Medium,110.146,-1.52282,False,False,True,True,False,True,Di Luar Area Pantauan (>1000m dari Desa)
Matan Hilir Utara,Kuala Tolak,"Minggu, 13 September 2026 00:20:00",NASA-NOAA20,Medium,110.11565,-1.49029,False,False,True,True,False,True,Di Luar Area Pantauan (>1000m dari Desa)
Matan Hilir Utara,Tanjung Baik Budi,"Minggu, 13 September 2026 00:20:00",NASA-NOAA20,Medium,110.14021,-1.52184,False,False,True,True,False,True,Di Luar Area Pantauan (>1000m dari Desa)
Matan Hilir Utara,Tanjung Baik Budi,"Minggu, 13 September 2026 00:20:00",NASA-NOAA20,Medium,110.15175,-1.5238,False,False,True,True,False,True,Di Luar Area Pantauan (>1000m dari Desa)
Matan Hilir Utara,Tanjung Baik Budi,"Minggu, 13 September 2026 00:20:00",NASA-NOAA20,Medium,110.17587,-1.52106,False,False,False,False,False,False,Di Luar Area Pantauan (>1000m dari Desa)
Matan Hilir Utara,Tanjung Baik Budi,"Minggu, 13 September 2026 00:20:00",NASA-NOAA20,Medium,110.14146,-1.51827,False,False,True,True,False,True,Di Luar Area Pantauan (>1000m dari Desa)
Muara Pawan,Ulak Medang,"Minggu, 13 September 2026 00:20:00",NASA-NOAA20,Medium,110.27576,-1.52444,False,False,True,True,False,True,Di Luar Area Pantauan (>1000m dari Desa)
Muara Pawan,Ulak Medang,"Minggu, 13 September 2026 00:20:00",NASA-NOAA20,Medium,110.2701,-1.52348,False,False,True,True,False,True,Di Luar Area Pantauan (>1000m dari Desa)
Nanga Tayap,Lembah Hijau Satu,"Minggu, 13 September 2026 00:20:00",NASA-NOAA20,Medium,110.48682,-1.56042,False,False,False,False,False,False,Di Luar Area Pantauan (>1000m dari Desa)
Muara Pawan,Ulak Medang,"Minggu, 13 September 2026 00:20:00",NASA-NOAA20,Medium,110.26548,-1.51591,False,False,False,True,False,True,Di Luar Area Pantauan (>1000m dari Desa)
Nanga Tayap,Lembah Hijau Satu,"Minggu, 13 September 2026 00:20:00",NASA-NOAA20,Medium,110.48568,-1.56692,False,False,False,False,False,False,Di Luar Area Pantauan (>1000m dari Desa)
Matan Hilir Utara,Kuala Tolak,"Minggu, 13 September 2026 00:20:00",NASA-NOAA20,Medium,110.12507,-1.50559,False,False,True,True,False,True,Di Luar Area Pantauan (>1000m dari Desa)
Kendawangan,Air Hitam Besar,"Minggu, 13 September 2026 00:20:00",NASA-NOAA20,Medium,110.71333,-2.70366,False,False,False,False,False,False,Di Luar Area Pantauan (>1000m dari Desa)
Nanga Tayap,Pangkalan Teluk,"Minggu, 13 September 2026 00:20:00",NASA-NOAA20,Medium,110.35976,-1.34587,False,False,False,False,True,True,Di Luar Area Pantauan (>1000m dari Desa)
Muara Pawan,Ulak Medang,"Minggu, 13 September 2026 00:20:00",NASA-NOAA20,Medium,110.27059,-1.5257,False,False,True,True,False,True,Di Luar Area Pantauan (>1000m dari Desa)
Matan Hilir Utara,Tanjung Baik Budi,"Minggu, 13 September 2026 00:20:00",NASA-NOAA20,Medium,110.17612,-1.5239,False,False,False,True,False,True,Di Luar Area Pantauan (>1000m dari Desa)
Matan Hilir Utara,Lamon Satong,"Minggu, 13 September 2026 00:20:00",NASA-NOAA20,Medium,110.18754,-1.52304,False,False,True,True,False,True,Di Luar Area Pantauan (>1000m dari Desa)
Muara Pawan,Ulak Medang,"Minggu, 13 September 2026 00:20:00",NASA-NOAA20,Medium,110.28252,-1.51882,False,False,True,True,False,True,Di Luar Area Pantauan (>1000m dari Desa)
Muara Pawan,Ulak Medang,"Minggu, 13 September 2026 00:20:00",NASA-NOAA20,Medium,110.26862,-1.63166,False,False,True,True,False,True,Di Luar Area Pantauan (>1000m dari Desa)
Nanga Tayap,Lembah Hijau Satu,"Minggu, 13 September 2026 00:20:00",NASA-NOAA20,Medium,110.48663,-1.56767,False,False,False,False,False,False,Di Luar Area Pantauan (>1000m dari Desa)
Nanga Tayap,Mensubang,"Minggu, 13 September 2026 00:20:00",NASA-NOAA20,Medium,110.39198,-1.32429,False,False,False,False,False,False,Di Luar Area Pantauan (>1000m dari Desa)
Matan Hilir Selatan,Sungai Besar,"Minggu, 13 September 2026 00:20:00",NASA-NOAA20,Medium,110.19395,-1.87293,False,False,True,True,False,True,Di Luar Area Pantauan (>1000m dari Desa)
Matan Hilir Selatan,Sungai Besar,"Minggu, 13 September 2026 00:20:00",NASA-NOAA20,Medium,110.18827,-1.87201,False,False,True,True,False,True,Di Luar Area Pantauan (>1000m dari Desa)
Matan Hilir Selatan,Sungai Pelang,"Minggu, 13 September 2026 00:20:00",NASA-NOAA20,Medium,110.17606,-1.86124,False,False,True,True,False,True,Di Luar Area Pantauan (>1000m dari Desa)
Terentang,Betuah,"Minggu, 13 September 2026 00:20:00",NASA-NOAA20,Medium,109.92062,-0.49879,False,False,True,True,False,True,Di Luar Area Pantauan (>1000m dari Desa)
Muara Pawan,Mayak,"Minggu, 13 September 2026 00:20:00",NASA-NOAA20,Medium,110.11523,-1.7511,False,False,False,True,False,True,Di Luar Area Pantauan (>1000m dari Desa)
Kendawangan,Air Hitam Besar,"Minggu, 13 September 2026 00:20:00",NASA-NOAA20,Medium,110.77699,-2.77554,False,False,False,True,True,True,Di Luar Area Pantauan (>1000m dari Desa)
Matan Hilir Selatan,Sungai Besar,"Minggu, 13 September 2026 00:20:00",NASA-NOAA20,Medium,110.19666,-1.87829,False,False,True,True,False,True,Di Luar Area Pantauan (>1000m dari Desa)
Matan Hilir Selatan,Sungai Pelang,"Minggu, 13 September 2026 00:20:00",NASA-NOAA20,Medium,110.1874,-1.86316,False,False,True,True,False,True,Di Luar Area Pantauan (>1000m dari Desa)
Matan Hilir Selatan,Sungai Pelang,"Minggu, 13 September 2026 00:20:00",NASA-NOAA20,Medium,110.18372,-1.86449,False,False,True,True,False,True,Di Luar Area Pantauan (>1000m dari Desa)
Matan Hilir Selatan,Kemuning Biutak,"Minggu, 13 September 2026 00:20:00",NASA-NOAA20,Medium,110.39323,-1.97783,False,False,False,False,False,False,Di Luar Area Pantauan (>1000m dari Desa)
Kendawangan,Airhitam Hulu,"Minggu, 13 September 2026 00:20:00",NASA-NOAA20,Medium,110.60445,-2.65506,False,False,True,False,False,True,Di Luar Area Pantauan (>1000m dari Desa)
Kendawangan,Air Hitam Besar,"Minggu, 13 September 2026 00:20:00",NASA-NOAA20,Medium,110.71767,-2.70069,False,False,False,False,False,False,Di Luar Area Pantauan (>1000m dari Desa)
Sungai Melayu Rayak,Makmur Abadi,"Minggu, 13 September 2026 00:20:00",NASA-NOAA20,Medium,110.24094,-1.77232,False,False,False,True,False,True,Di Luar Area Pantauan (>1000m dari Desa)
Matan Hilir Selatan,Sungai Pelang,"Minggu, 13 September 2026 00:20:00",NASA-NOAA20,Medium,110.17715,-1.85464,False,False,False,True,False,True,Di Luar Area Pantauan (>1000m dari Desa)
Matan Hilir Selatan,Sungai Pelang,"Minggu, 13 September 2026 00:20:00",NASA-NOAA20,Medium,110.18283,-1.8556,False,False,False,True,False,True,Di Luar Area Pantauan (>1000m dari Desa)
Matan Hilir Selatan,Sungai Besar,"Minggu, 13 September 2026 00:20:00",NASA-NOAA20,Medium,110.25532,-1.87468,False,False,True,True,False,True,Di Luar Area Pantauan (>1000m dari Desa)
Matan Hilir Selatan,Sungai Besar,"Minggu, 13 September 2026 00:20:00",NASA-NOAA20,Medium,110.18626,-1.86976,False,False,True,True,False,True,Di Luar Area Pantauan (>1000m dari Desa)
Matan Hilir Selatan,Sungai Besar,"Minggu, 13 September 2026 00:20:00",NASA-NOAA20,Medium,110.26086,-1.87562,False,False,True,True,False,True,Di Luar Area Pantauan (>1000m dari Desa)
Kendawangan,Banjar Sari,"Minggu, 13 September 2026 00:20:00",NASA-NOAA20,Medium,110.24412,-2.46619,False,False,False,False,False,False,Di Luar Area Pantauan (>1000m dari Desa)
Matan Hilir Selatan,Kemuning Biutak,"Minggu, 13 September 2026 00:20:00",NASA-NOAA20,Medium,110.39873,-1.97877,False,False,False,False,False,False,Di Luar Area Pantauan (>1000m dari Desa)
Matan Hilir Selatan,Kemuning Biutak,"Minggu, 13 September 2026 00:20:00",NASA-NOAA20,Medium,110.35591,-1.96471,False,False,True,True,False,True,Di Luar Area Pantauan (>1000m dari Desa)
Matan Hilir Selatan,Kemuning Biutak,"Minggu, 13 September 2026 00:20:00",NASA-NOAA20,Medium,110.39699,-1.97899,False,False,False,False,False,False,Di Luar Area Pantauan (>1000m dari Desa)
Matan Hilir Selatan,Sungai Nanjung,"Minggu, 13 September 2026 00:20:00",NASA-NOAA20,Medium,110.23755,-2.17246,False,False,True,True,False,True,Di Luar Area Pantauan (>1000m dari Desa)
Matan Hilir Selatan,Sungai Nanjung,"Minggu, 13 September 2026 00:20:00",NASA-NOAA20,Medium,110.25633,-2.19572,False,False,True,True,True,True,Di Luar Area Pantauan (>1000m dari Desa)
Matan Hilir Selatan,Pagar Mentimun,"Minggu, 13 September 2026 00:20:00",NASA-NOAA20,Medium,110.17057,-2.2205,False,False,False,False,False,False,Di Luar Area Pantauan (>1000m dari Desa)
Matan Hilir Selatan,Pagar Mentimun,"Minggu, 13 September 2026 00:20:00",NASA-NOAA20,Medium,110.16499,-2.21956,False,False,True,False,False,True,Di Luar Area Pantauan (>1000m dari Desa)
Matan Hilir Selatan,Pesaguan Kanan,"Minggu, 13 September 2026 00:20:00",NASA-NOAA20,Medium,110.17136,-2.03465,False,False,False,True,False,True,Di Luar Area Pantauan (>1000m dari Desa)
Matan Hilir Selatan,Sungai Nanjung,"Minggu, 13 September 2026 00:20:00",NASA-NOAA20,Medium,110.25569,-2.19447,False,False,True,True,True,True,Di Luar Area Pantauan (>1000m dari Desa)
Kendawangan,Banjar Sari,"Minggu, 13 September 2026 00:20:00",NASA-NOAA20,Medium,110.24291,-2.47269,False,False,False,True,False,True,Di Luar Area Pantauan (>1000m dari Desa)
Matan Hilir Selatan,Pesaguan Kanan,"Minggu, 13 September 2026 00:20:00",NASA-NOAA20,Medium,110.17473,-2.03352,False,False,False,True,False,True,Di Luar Area Pantauan (>1000m dari Desa)
Matan Hilir Selatan,Sungai Nanjung,"Minggu, 13 September 2026 00:20:00",NASA-NOAA20,Medium,110.25014,-2.19353,False,False,True,True,True,True,Di Luar Area Pantauan (>1000m dari Desa)
Matan Hilir Selatan,Pematang Gadung,"Minggu, 13 September 2026 00:20:00",NASA-NOAA20,Medium,110.31718,-1.95805,False,False,True,True,False,True,Di Luar Area Pantauan (>1000m dari Desa)
Kendawangan,Air Hitam Besar,"Minggu, 13 September 2026 00:20:00",NASA-NOAA20,Medium,110.77834,-2.77939,False,False,False,True,True,True,Di Luar Area Pantauan (>1000m dari Desa)
Kendawangan,Banjar Sari,"Minggu, 13 September 2026 02:00:00",NASA-NOAA20,Medium,110.24678,-2.47218,False,False,False,False,False,False,Di Luar Area Pantauan (>1000m dari Desa)
Kendawangan,Banjar Sari,"Minggu, 13 September 2026 02:00:00",NASA-NOAA20,Medium,110.24301,-2.47193,False,False,False,True,False,True,Di Luar Area Pantauan (>1000m dari Desa)
Muara Pawan,Ulak Medang,"Minggu, 13 September 2026 02:00:00",NASA-NOAA20,Medium,110.27077,-1.5161,False,False,False,True,False,True,Di Luar Area Pantauan (>1000m dari Desa)
Sungai Ambawang,Teluk Bakung,"Minggu, 13 September 2026 02:00:00",NASA-NOAA20,Medium,109.65714,-0.13305,False,False,True,True,False,True,Di Luar Area Pantauan (>1000m dari Desa)
Sungai Ambawang,Teluk Bakung,"Minggu, 13 September 2026 02:00:00",NASA-NOAA20,Medium,109.66343,-0.12745,False,False,True,True,False,True,Di Luar Area Pantauan (>1000m dari Desa)
Sungai Ambawang,Teluk Bakung,"Minggu, 13 September 2026 02:00:00",NASA-NOAA20,Medium,109.65817,-0.12663,False,False,True,True,False,True,Di Luar Area Pantauan (>1000m dari Desa)
Sungai Ambawang,Teluk Bakung,"Minggu, 13 September 2026 02:00:00",NASA-NOAA20,Medium,109.66006,-0.13208,False,False,True,True,False,True,Di Luar Area Pantauan (>1000m dari Desa)
Sungai Raya,Kalibandung,"Minggu, 13 September 2026 02:00:00",NASA-NOAA20,Medium,109.65339,-0.33759,False,False,False,True,False,True,Di Luar Area Pantauan (>1000m dari Desa)
Matan Hilir Selatan,Sungai Nanjung,"Minggu, 13 September 2026 02:00:00",NASA-NOAA20,Medium,110.21705,-2.17162,False,False,False,False,False,False,Di Luar Area Pantauan (>1000m dari Desa)
Matan Hilir Selatan,Pesaguan Kanan,"Minggu, 13 September 2026 02:00:00",NASA-NOAA20,Medium,110.1712,-2.03614,False,False,False,True,False,True,Di Luar Area Pantauan (>1000m dari Desa)
Kendawangan,Banjar Sari,"Minggu, 13 September 2026 02:00:00",NASA-NOAA20,Medium,110.24933,-2.47288,False,False,False,False,False,False,Di Luar Area Pantauan (>1000m dari Desa)
Muara Pawan,Ulak Medang,"Minggu, 13 September 2026 02:00:00",NASA-NOAA20,Medium,110.26616,-1.52034,False,False,True,True,False,True,Di Luar Area Pantauan (>1000m dari Desa)
Sungai Ambawang,Teluk Bakung,"Minggu, 13 September 2026 02:00:00",NASA-NOAA20,Medium,109.66105,-0.12566,False,False,True,True,False,True,Di Luar Area Pantauan (>1000m dari Desa)
Sungai Ambawang,Teluk Bakung,"Minggu, 13 September 2026 02:00:00",NASA-NOAA20,Medium,109.6742,-0.00936,False,False,False,True,False,True,Di Luar Area Pantauan (>1000m dari Desa)
Bika,Jelemuk,"Minggu, 13 September 2026 12:59:00",NASA-NOAA20,Medium,112.78211,0.76543,False,False,False,False,False,False,Di Luar Area Pantauan (>1000m dari Desa)
Embaloh Hilir,Nanga Palin,"Minggu, 13 September 2026 12:59:00",NASA-NOAA20,Medium,112.60019,0.87325,False,False,True,False,True,True,Di Luar Area Pantauan (>1000m dari Desa)
Putussibau Utara,Datah Dian,"Minggu, 13 September 2026 12:59:00",NASA-NOAA20,Medium,113.09013,0.91075,False,False,False,False,False,False,Di Luar Area Pantauan (>1000m dari Desa)
Manis Mata,Sengkuang Merabong,"Sabtu, 12 September 2026 00:17:00",NASA-SNPP,Medium,110.97279,-2.18595,False,False,False,False,False,False,Di Luar Area Pantauan (>1000m dari Desa)
Kendawangan,Pangkalan Batu,"Sabtu, 12 September 2026 00:17:00",NASA-SNPP,Medium,110.34743,-2.14699,False,False,False,False,False,False,Di Luar Area Pantauan (>1000m dari Desa)
Kendawangan,Pangkalan Batu,"Sabtu, 12 September 2026 00:17:00",NASA-SNPP,Medium,110.34606,-2.15421,False,False,False,False,False,False,Di Luar Area Pantauan (>1000m dari Desa)
Matan Hilir Selatan,Sungai Nanjung,"Sabtu, 12 September 2026 00:17:00",NASA-SNPP,Medium,110.25731,-2.19285,False,False,True,True,True,True,Di Luar Area Pantauan (>1000m dari Desa)
Manis Mata,Silat,"Sabtu, 12 September 2026 00:17:00",NASA-SNPP,Medium,110.92377,-2.26928,False,False,False,False,False,False,Di Luar Area Pantauan (>1000m dari Desa)
Matan Hilir Selatan,Sungai Nanjung,"Sabtu, 12 September 2026 00:17:00",NASA-SNPP,Medium,110.24994,-2.1916,False,False,True,True,True,True,Di Luar Area Pantauan (>1000m dari Desa)
Manis Mata,Silat,"Sabtu, 12 September 2026 00:17:00",NASA-SNPP,Medium,110.94473,-2.26567,False,False,False,False,False,False,Di Luar Area Pantauan (>1000m dari Desa)
Manis Mata,Silat,"Sabtu, 12 September 2026 00:17:00",NASA-SNPP,Medium,110.91716,-2.26815,False,False,False,False,False,False,Di Luar Area Pantauan (>1000m dari Desa)
Matan Hilir Selatan,Pagar Mentimun,"Sabtu, 12 September 2026 00:17:00",NASA-SNPP,Medium,110.25606,-2.20011,False,False,True,True,True,True,Di Luar Area Pantauan (>1000m dari Desa)
Manis Mata,Sengkuang Merabong,"Sabtu, 12 September 2026 00:17:00",NASA-SNPP,Medium,110.97158,-2.19293,False,False,False,False,False,False,Di Luar Area Pantauan (>1000m dari Desa)
Manis Mata,Sengkuang Merabong,"Sabtu, 12 September 2026 00:17:00",NASA-SNPP,Medium,110.96508,-2.19183,False,False,False,False,False,False,Di Luar Area Pantauan (>1000m dari Desa)
Nanga Tayap,Lembah Hijau Satu,"Sabtu, 12 September 2026 00:17:00",NASA-SNPP,Medium,110.48988,-1.5693,False,False,False,False,False,False,Di Luar Area Pantauan (>1000m dari Desa)
Matan Hilir Selatan,Sungai Besar,"Sabtu, 12 September 2026 00:17:00",NASA-SNPP,Medium,110.25691,-1.87628,False,False,True,True,False,True,Di Luar Area Pantauan (>1000m dari Desa)
Manis Mata,Sengkuang Merabong,"Sabtu, 12 September 2026 00:17:00",NASA-SNPP,Medium,110.96632,-2.18486,False,False,False,False,False,False,Di Luar Area Pantauan (>1000m dari Desa)
Matan Hilir Selatan,Sungai Besar,"Sabtu, 12 September 2026 00:17:00",NASA-SNPP,Medium,110.25718,-1.87695,False,False,True,True,False,True,Di Luar Area Pantauan (>1000m dari Desa)
Sungai Melayu Rayak,Makmur Abadi,"Sabtu, 12 September 2026 00:17:00",NASA-SNPP,Medium,110.37331,-1.69222,False,False,False,False,False,False,Di Luar Area Pantauan (>1000m dari Desa)
Kendawangan,Pangkalan Batu,"Sabtu, 12 September 2026 00:17:00",NASA-SNPP,Medium,110.34753,-2.14854,False,False,False,False,False,False,Di Luar Area Pantauan (>1000m dari Desa)
Kendawangan,Pangkalan Batu,"Sabtu, 12 September 2026 00:17:00",NASA-SNPP,Medium,110.34879,-2.14131,False,False,False,False,False,False,Di Luar Area Pantauan (>1000m dari Desa)
Kendawangan,Pangkalan Batu,"Sabtu, 12 September 2026 00:17:00",NASA-SNPP,Medium,110.34872,-2.13976,False,False,False,False,False,False,Di Luar Area Pantauan (>1000m dari Desa)
Manis Mata,Silat,"Sabtu, 12 September 2026 00:17:00",NASA-SNPP,Medium,110.93815,-2.26455,False,False,False,False,False,False,Di Luar Area Pantauan (>1000m dari Desa)
Matan Hilir Selatan,Sungai Nanjung,"Sabtu, 12 September 2026 00:20:00",NASA-SNPP,Medium,110.24398,-2.17599,False,False,True,True,True,True,Di Luar Area Pantauan (>1000m dari Desa)
Kendawangan,Bangkal Serai,"Sabtu, 12 September 2026 00:20:00",NASA-SNPP,Medium,110.47577,-2.37178,False,False,False,False,False,False,Di Luar Area Pantauan (>1000m dari Desa)
Kendawangan,Bangkal Serai,"Sabtu, 12 September 2026 00:20:00",NASA-SNPP,Medium,110.47407,-2.38159,False,False,False,False,False,False,Di Luar Area Pantauan (>1000m dari Desa)
Manis Mata,Ratu Elok,"Sabtu, 12 September 2026 00:20:00",NASA-SNPP,Medium,111.05859,-2.47549,False,False,False,False,False,False,Di Luar Area Pantauan (>1000m dari Desa)
Matan Hilir Selatan,Pagar Mentimun,"Sabtu, 12 September 2026 00:20:00",NASA-SNPP,Medium,110.26218,-2.20164,False,False,True,True,True,True,Di Luar Area Pantauan (>1000m dari Desa)
Kendawangan,Airhitam Hulu,"Sabtu, 12 September 2026 00:20:00",NASA-SNPP,Medium,110.60521,-2.65952,False,False,False,False,False,False,Di Luar Area Pantauan (>1000m dari Desa)
Kendawangan,Airhitam Hulu,"Sabtu, 12 September 2026 00:20:00",NASA-SNPP,Medium,110.6121,-2.6607,False,False,False,False,False,False,Di Luar Area Pantauan (>1000m dari Desa)
Kendawangan,Airhitam Hulu,"Sabtu, 12 September 2026 00:20:00",NASA-SNPP,Medium,110.62513,-2.62652,False,False,False,False,False,False,Di Luar Area Pantauan (>1000m dari Desa)
Kendawangan,Airhitam Hulu,"Sabtu, 12 September 2026 00:20:00",NASA-SNPP,Medium,110.61279,-2.66424,False,False,False,False,False,False,Di Luar Area Pantauan (>1000m dari Desa)
Kendawangan,Pembedilan,"Sabtu, 12 September 2026 00:20:00",NASA-SNPP,Medium,110.30499,-2.88573,False,False,False,False,True,True,Di Luar Area Pantauan (>1000m dari Desa)
Kendawangan,Air Hitam Besar,"Sabtu, 12 September 2026 00:20:00",NASA-SNPP,Medium,110.72389,-2.70569,False,False,False,False,False,False,Di Luar Area Pantauan (>1000m dari Desa)
Kendawangan,Airhitam Hulu,"Sabtu, 12 September 2026 00:20:00",NASA-SNPP,Medium,110.60596,-2.66302,False,False,False,False,False,False,Di Luar Area Pantauan (>1000m dari Desa)
Kendawangan,Air Hitam Besar,"Sabtu, 12 September 2026 00:20:00",NASA-SNPP,Medium,110.72512,-2.69867,False,False,False,False,False,False,Di Luar Area Pantauan (>1000m dari Desa)
Kendawangan,Bangkal Serai,"Sabtu, 12 September 2026 00:20:00",NASA-SNPP,Medium,110.47443,-2.37892,False,False,False,False,False,False,Di Luar Area Pantauan (>1000m dari Desa)
Matan Hilir Selatan,Pagar Mentimun,"Sabtu, 12 September 2026 00:20:00",NASA-SNPP,Medium,110.25485,-2.20036,False,False,True,True,True,True,Di Luar Area Pantauan (>1000m dari Desa)
Matan Hilir Selatan,Sungai Nanjung,"Sabtu, 12 September 2026 00:20:00",NASA-SNPP,Medium,110.25607,-2.19309,False,False,True,True,True,True,Di Luar Area Pantauan (>1000m dari Desa)
Manis Mata,Ratu Elok,"Sabtu, 12 September 2026 00:20:00",NASA-SNPP,Medium,111.05898,-2.47617,False,False,False,False,False,False,Di Luar Area Pantauan (>1000m dari Desa)
Kendawangan,Airhitam Hulu,"Sabtu, 12 September 2026 00:20:00",NASA-SNPP,Medium,110.52592,-2.6781,False,False,False,False,True,True,Di Luar Area Pantauan (>1000m dari Desa)
Manis Mata,Suka Ramai,"Sabtu, 12 September 2026 00:20:00",NASA-SNPP,Medium,111.08774,-2.72079,False,False,False,False,False,False,Di Luar Area Pantauan (>1000m dari Desa)
Kendawangan,Air Hitam Besar,"Sabtu, 12 September 2026 00:20:00",NASA-SNPP,Medium,110.72335,-2.70144,False,False,False,False,False,False,Di Luar Area Pantauan (>1000m dari Desa)
Kendawangan,Airhitam Hulu,"Sabtu, 12 September 2026 00:20:00",NASA-SNPP,Medium,110.62005,-2.65477,False,False,False,False,False,False,Di Luar Area Pantauan (>1000m dari Desa)
Kendawangan,Airhitam Hulu,"Sabtu, 12 September 2026 00:20:00",NASA-SNPP,Medium,110.52362,-2.68215,False,False,False,False,True,True,Di Luar Area Pantauan (>1000m dari Desa)
Batu Ampar,Tanjungberingin,"Sabtu, 12 September 2026 01:58:00",NASA-SNPP,Medium,109.91567,-0.50967,False,False,True,True,False,True,Di Luar Area Pantauan (>1000m dari Desa)
Batu Ampar,Tanjungberingin,"Sabtu, 12 September 2026 01:58:00",NASA-SNPP,Medium,109.91991,-0.51034,False,False,True,True,False,True,Di Luar Area Pantauan (>1000m dari Desa)
Batu Ampar,Tanjungberingin,"Sabtu, 12 September 2026 01:58:00",NASA-SNPP,Medium,109.92936,-0.50578,False,False,True,True,False,True,Di Luar Area Pantauan (>1000m dari Desa)
Simpang Hilir,Lubuk Batu,"Sabtu, 12 September 2026 01:58:00",NASA-SNPP,Medium,110.09915,-0.93991,False,False,False,False,False,False,Di Luar Area Pantauan (>1000m dari Desa)
Nanga Tayap,Betenung,"Sabtu, 12 September 2026 01:58:00",NASA-SNPP,Medium,110.82172,-1.58764,False,False,False,False,False,False,Di Luar Area Pantauan (>1000m dari Desa)
Nanga Tayap,Betenung,"Sabtu, 12 September 2026 01:58:00",NASA-SNPP,Medium,110.82657,-1.58838,False,False,False,False,False,False,Di Luar Area Pantauan (>1000m dari Desa)
Matan Hilir Utara,Kuala Tolak,"Sabtu, 12 September 2026 01:58:00",NASA-SNPP,Medium,110.12016,-1.49889,False,False,True,True,False,True,Di Luar Area Pantauan (>1000m dari Desa)
Matan Hilir Utara,Kuala Tolak,"Sabtu, 12 September 2026 01:58:00",NASA-SNPP,Medium,110.12468,-1.49959,False,False,True,True,False,True,Di Luar Area Pantauan (>1000m dari Desa)
Muara Pawan,Ulak Medang,"Sabtu, 12 September 2026 01:58:00",NASA-SNPP,Medium,110.25275,-1.51937,False,False,True,True,False,True,Di Luar Area Pantauan (>1000m dari Desa)
Sungai Melayu Rayak,Makmur Abadi,"Sabtu, 12 September 2026 01:58:00",NASA-SNPP,Medium,110.37151,-1.68856,False,False,False,False,False,False,Di Luar Area Pantauan (>1000m dari Desa)
Muara Pawan,Tanjung Pura,"Sabtu, 12 September 2026 01:58:00",NASA-SNPP,Medium,110.22134,-1.69637,False,False,True,True,False,True,Di Luar Area Pantauan (>1000m dari Desa)
Muara Pawan,Tempurukan,"Sabtu, 12 September 2026 01:58:00",NASA-SNPP,Medium,110.06786,-1.67848,False,False,False,True,False,True,Di Luar Area Pantauan (>1000m dari Desa)
Siantan,Wajok Hilir,"Sabtu, 12 September 2026 01:58:00",NASA-SNPP,Medium,109.26008,0.09358,False,False,False,True,False,True,Di Luar Area Pantauan (>1000m dari Desa)
Meliau,Kuala Rosan,"Sabtu, 12 September 2026 01:58:00",NASA-SNPP,Medium,110.47443,-0.21616,False,False,False,False,False,False,Di Luar Area Pantauan (>1000m dari Desa)
Hulu Sungai,Senduruhan,"Sabtu, 12 September 2026 01:58:00",NASA-SNPP,Medium,110.63706,-0.92284,False,False,True,False,False,True,Di Luar Area Pantauan (>1000m dari Desa)
Simpang Hilir,Batu Barat,"Sabtu, 12 September 2026 01:58:00",NASA-SNPP,Medium,110.10699,-0.90205,False,False,True,True,False,True,Di Luar Area Pantauan (>1000m dari Desa)
Simpang Hulu,Merawa,"Sabtu, 12 September 2026 01:58:00",NASA-SNPP,Medium,110.47073,-0.55949,False,False,False,False,False,False,Di Luar Area Pantauan (>1000m dari Desa)
Simpang Hulu,Sekucing Kualan,"Sabtu, 12 September 2026 01:58:00",NASA-SNPP,Medium,110.07082,-0.58309,False,False,False,False,False,False,Di Luar Area Pantauan (>1000m dari Desa)
Meliau,Kuala Rosan,"Sabtu, 12 September 2026 01:58:00",NASA-SNPP,Medium,110.4758,-0.21615,False,False,False,False,False,False,Di Luar Area Pantauan (>1000m dari Desa)
Simpang Hilir,Batu Barat,"Sabtu, 12 September 2026 01:58:00",NASA-SNPP,Medium,110.1212,-0.89815,False,False,True,False,False,True,Di Luar Area Pantauan (>1000m dari Desa)
Batu Ampar,Tanjungberingin,"Sabtu, 12 September 2026 01:58:00",NASA-SNPP,Medium,109.92417,-0.51101,False,False,True,True,False,True,Di Luar Area Pantauan (>1000m dari Desa)
Simpang Hulu,Sekucing Kualan,"Sabtu, 12 September 2026 01:58:00",NASA-SNPP,Medium,110.06966,-0.5788,False,False,True,False,False,True,Di Luar Area Pantauan (>1000m dari Desa)
Nanga Tayap,Sepakat Jaya,"Sabtu, 12 September 2026 01:58:00",NASA-SNPP,Medium,110.65872,-1.45717,False,False,True,False,False,True,Di Luar Area Pantauan (>1000m dari Desa)
Muara Pawan,Ulak Medang,"Sabtu, 12 September 2026 01:58:00",NASA-SNPP,Medium,110.25735,-1.52009,False,False,True,True,False,True,Di Luar Area Pantauan (>1000m dari Desa)
Muara Pawan,Ulak Medang,"Sabtu, 12 September 2026 01:58:00",NASA-SNPP,Medium,110.27123,-1.52223,False,False,True,True,False,True,Di Luar Area Pantauan (>1000m dari Desa)
Muara Pawan,Ulak Medang,"Sabtu, 12 September 2026 01:58:00",NASA-SNPP,Medium,110.27691,-1.51683,False,False,True,True,False,True,Di Luar Area Pantauan (>1000m dari Desa)
Muara Pawan,Ulak Medang,"Sabtu, 12 September 2026 01:58:00",NASA-SNPP,Medium,110.29793,-1.63291,False,False,False,True,False,True,Di Luar Area Pantauan (>1000m dari Desa)
Muara Pawan,Mayak,"Sabtu, 12 September 2026 01:58:00",NASA-SNPP,Medium,110.12097,-1.75516,False,False,False,True,False,True,Di Luar Area Pantauan (>1000m dari Desa)
Sungai Melayu Rayak,Makmur Abadi,"Sabtu, 12 September 2026 01:58:00",NASA-SNPP,Medium,110.24097,-1.77395,False,False,False,True,False,True,Di Luar Area Pantauan (>1000m dari Desa)
Sungai Melayu Rayak,Makmur Abadi,"Sabtu, 12 September 2026 01:58:00",NASA-SNPP,Medium,110.24563,-1.77468,False,False,False,True,False,True,Di Luar Area Pantauan (>1000m dari Desa)
Muara Pawan,Mayak,"Sabtu, 12 September 2026 01:58:00",NASA-SNPP,Medium,110.12193,-1.74907,False,False,False,True,False,True,Di Luar Area Pantauan (>1000m dari Desa)
Muara Pawan,Tanjung Pura,"Sabtu, 12 September 2026 01:58:00",NASA-SNPP,Medium,110.22453,-1.69604,False,False,False,True,False,True,Di Luar Area Pantauan (>1000m dari Desa)
Muara Pawan,Mayak,"Sabtu, 12 September 2026 01:58:00",NASA-SNPP,Medium,110.11739,-1.74836,False,False,False,True,False,True,Di Luar Area Pantauan (>1000m dari Desa)
Matan Hilir Utara,Sungai Putri,"Sabtu, 12 September 2026 01:58:00",NASA-SNPP,Medium,110.07701,-1.59886,False,False,True,True,False,True,Di Luar Area Pantauan (>1000m dari Desa)
Nanga Tayap,Batu Mas,"Sabtu, 12 September 2026 01:58:00",NASA-SNPP,Medium,110.65,-1.68067,False,False,True,False,False,True,Di Luar Area Pantauan (>1000m dari Desa)
Batu Ampar,Tanjungberingin,"Sabtu, 12 September 2026 01:58:00",NASA-SNPP,Medium,109.91663,-0.50377,False,False,True,True,False,True,Di Luar Area Pantauan (>1000m dari Desa)
Muara Pawan,Ulak Medang,"Sabtu, 12 September 2026 01:58:00",NASA-SNPP,Medium,110.26884,-1.63472,False,False,False,True,False,True,Di Luar Area Pantauan (>1000m dari Desa)
Nanga Tayap,Betenung,"Sabtu, 12 September 2026 01:58:00",NASA-SNPP,Medium,110.82722,-1.58198,False,False,True,False,False,True,Di Luar Area Pantauan (>1000m dari Desa)
Muara Pawan,Ulak Medang,"Sabtu, 12 September 2026 01:58:00",NASA-SNPP,Medium,110.28622,-1.51826,False,False,True,True,False,True,Di Luar Area Pantauan (>1000m dari Desa)
Matan Hilir Utara,Kuala Satong,"Sabtu, 12 September 2026 01:58:00",NASA-SNPP,Medium,110.14078,-1.37765,False,False,False,True,False,True,Di Luar Area Pantauan (>1000m dari Desa)
Sungai Laur,Mekar Harapan,"Sabtu, 12 September 2026 01:58:00",NASA-SNPP,Medium,110.45186,-0.98186,False,False,False,False,False,False,Di Luar Area Pantauan (>1000m dari Desa)
Nanga Tayap,Betenung,"Sabtu, 12 September 2026 01:58:00",NASA-SNPP,Medium,110.82272,-1.58129,False,False,False,False,False,False,Di Luar Area Pantauan (>1000m dari Desa)
Sungai Melayu Rayak,Makmur Abadi,"Sabtu, 12 September 2026 01:58:00",NASA-SNPP,Medium,110.24429,-1.77415,False,False,False,True,False,True,Di Luar Area Pantauan (>1000m dari Desa)
Matan Hilir Utara,Kuala Tolak,"Sabtu, 12 September 2026 01:58:00",NASA-SNPP,Medium,110.12109,-1.49282,False,False,True,True,False,True,Di Luar Area Pantauan (>1000m dari Desa)
Muara Pawan,Ulak Medang,"Sabtu, 12 September 2026 01:58:00",NASA-SNPP,Medium,110.24452,-1.51184,False,False,True,True,False,True,Di Luar Area Pantauan (>1000m dari Desa)
Muara Pawan,Ulak Medang,"Sabtu, 12 September 2026 01:58:00",NASA-SNPP,Medium,110.25375,-1.51326,False,False,True,True,False,True,Di Luar Area Pantauan (>1000m dari Desa)
Muara Pawan,Ulak Medang,"Sabtu, 12 September 2026 01:58:00",NASA-SNPP,Medium,110.25835,-1.51397,False,False,True,True,False,True,Di Luar Area Pantauan (>1000m dari Desa)
Muara Pawan,Ulak Medang,"Sabtu, 12 September 2026 01:58:00",NASA-SNPP,Medium,110.28157,-1.51754,False,False,True,True,False,True,Di Luar Area Pantauan (>1000m dari Desa)
Muara Pawan,Ulak Medang,"Sabtu, 12 September 2026 01:58:00",NASA-SNPP,Medium,110.24912,-1.51255,False,False,True,True,False,True,Di Luar Area Pantauan (>1000m dari Desa)
Simpang Dua,Kampar Sebomban,"Sabtu, 12 September 2026 01:58:00",NASA-SNPP,Medium,110.17909,-0.90736,False,False,False,False,False,False,Di Luar Area Pantauan (>1000m dari Desa)
Batu Ampar,Tanjungberingin,"Sabtu, 12 September 2026 01:58:00",NASA-SNPP,Medium,109.92511,-0.50511,False,False,True,True,False,True,Di Luar Area Pantauan (>1000m dari Desa)
Muara Pawan,Ulak Medang,"Sabtu, 12 September 2026 01:58:00",NASA-SNPP,Medium,110.24242,-1.67364,False,False,False,False,False,False,Di Luar Area Pantauan (>1000m dari Desa)
Simpang Hilir,Lubuk Batu,"Sabtu, 12 September 2026 01:58:00",NASA-SNPP,Medium,110.11636,-0.91792,False,False,False,False,False,False,Di Luar Area Pantauan (>1000m dari Desa)
Simpang Hilir,Lubuk Batu,"Sabtu, 12 September 2026 01:58:00",NASA-SNPP,Medium,110.09476,-0.93923,False,False,False,False,False,False,Di Luar Area Pantauan (>1000m dari Desa)
Pulau Maya,Dusun Besar,"Sabtu, 12 September 2026 01:58:00",NASA-SNPP,Medium,109.49373,-1.11269,False,False,False,False,False,False,Di Luar Area Pantauan (>1000m dari Desa)
Nanga Tayap,Pangkalan Teluk,"Sabtu, 12 September 2026 01:58:00",NASA-SNPP,Medium,110.37012,-1.36934,False,False,False,False,True,True,Di Luar Area Pantauan (>1000m dari Desa)
Simpang Hilir,Lubuk Batu,"Sabtu, 12 September 2026 01:58:00",NASA-SNPP,Medium,110.10452,-0.93458,False,False,False,False,False,False,Di Luar Area Pantauan (>1000m dari Desa)
Muara Pawan,Mayak,"Sabtu, 12 September 2026 01:58:00",NASA-SNPP,Medium,110.11636,-1.75444,False,False,False,True,False,True,Di Luar Area Pantauan (>1000m dari Desa)
Muara Pawan,Mayak,"Sabtu, 12 September 2026 01:58:00",NASA-SNPP,Medium,110.12037,-1.74941,False,False,False,True,False,True,Di Luar Area Pantauan (>1000m dari Desa)
Nanga Tayap,Batu Mas,"Sabtu, 12 September 2026 01:58:00",NASA-SNPP,Medium,110.65362,-1.68767,False,False,True,False,False,True,Di Luar Area Pantauan (>1000m dari Desa)
Simpang Hilir,Batu Barat,"Sabtu, 12 September 2026 01:58:00",NASA-SNPP,Medium,110.10583,-0.89783,False,False,True,True,False,True,Di Luar Area Pantauan (>1000m dari Desa)
Muara Pawan,Ulak Medang,"Sabtu, 12 September 2026 01:58:00",NASA-SNPP,Medium,110.3035,-1.62747,False,False,True,True,False,True,Di Luar Area Pantauan (>1000m dari Desa)
Matan Hilir Utara,Kuala Tolak,"Sabtu, 12 September 2026 01:58:00",NASA-SNPP,Medium,110.10693,-1.4658,False,False,False,False,False,False,Di Luar Area Pantauan (>1000m dari Desa)
Nanga Tayap,Sepakat Jaya,"Sabtu, 12 September 2026 01:58:00",NASA-SNPP,Medium,110.65425,-1.45648,False,False,True,False,False,True,Di Luar Area Pantauan (>1000m dari Desa)
Matan Hilir Utara,Lamon Satong,"Sabtu, 12 September 2026 01:58:00",NASA-SNPP,Medium,110.23559,-1.47916,False,False,True,True,False,True,Di Luar Area Pantauan (>1000m dari Desa)
Nanga Tayap,Sepakat Jaya,"Sabtu, 12 September 2026 01:58:00",NASA-SNPP,Medium,110.66462,-1.45165,False,False,True,False,False,True,Di Luar Area Pantauan (>1000m dari Desa)
Nanga Tayap,Sepakat Jaya,"Sabtu, 12 September 2026 01:58:00",NASA-SNPP,Medium,110.65982,-1.45091,False,False,True,False,False,True,Di Luar Area Pantauan (>1000m dari Desa)
Nanga Tayap,Mensubang,"Sabtu, 12 September 2026 01:58:00",NASA-SNPP,Medium,110.4179,-1.33895,False,False,False,False,False,False,Di Luar Area Pantauan (>1000m dari Desa)
Nanga Tayap,Mensubang,"Sabtu, 12 September 2026 01:58:00",NASA-SNPP,Medium,110.42265,-1.33969,False,False,False,False,False,False,Di Luar Area Pantauan (>1000m dari Desa)
Nanga Tayap,Pangkalan Teluk,"Sabtu, 12 September 2026 01:58:00",NASA-SNPP,Medium,110.36878,-1.36855,False,False,False,False,True,True,Di Luar Area Pantauan (>1000m dari Desa)
Muara Pawan,Mayak,"Sabtu, 12 September 2026 01:58:00",NASA-SNPP,Medium,110.11937,-1.7555,False,False,False,True,False,True,Di Luar Area Pantauan (>1000m dari Desa)
Sungai Melayu Rayak,Makmur Abadi,"Sabtu, 12 September 2026 01:58:00",NASA-SNPP,Medium,110.37419,-1.6934,False,False,False,False,False,False,Di Luar Area Pantauan (>1000m dari Desa)
Ella Hilir,Nanga Nyuruh,"Sabtu, 12 September 2026 01:58:00",NASA-SNPP,Medium,112.08369,-0.47676,False,False,False,False,False,False,Di Luar Area Pantauan (>1000m dari Desa)
Simpang Hilir,Batu Barat,"Sabtu, 12 September 2026 01:58:00",NASA-SNPP,Medium,110.10257,-0.90135,False,False,False,True,False,True,Di Luar Area Pantauan (>1000m dari Desa)
Simpang Hilir,Lubuk Batu,"Sabtu, 12 September 2026 01:58:00",NASA-SNPP,Medium,110.09793,-0.9314,False,False,False,False,False,False,Di Luar Area Pantauan (>1000m dari Desa)
Sungai Laur,Kepari,"Sabtu, 12 September 2026 01:58:00",NASA-SNPP,Medium,110.57174,-0.85113,False,False,False,False,False,False,Di Luar Area Pantauan (>1000m dari Desa)
Simpang Hilir,Lubuk Batu,"Sabtu, 12 September 2026 01:58:00",NASA-SNPP,Medium,110.10013,-0.9339,False,False,False,False,False,False,Di Luar Area Pantauan (>1000m dari Desa)
Simpang Hilir,Lubuk Batu,"Sabtu, 12 September 2026 01:58:00",NASA-SNPP,Medium,110.09574,-0.93323,False,False,False,False,False,False,Di Luar Area Pantauan (>1000m dari Desa)
Sukadana,Sejahtera,"Sabtu, 12 September 2026 01:58:00",NASA-SNPP,Medium,110.03923,-1.27387,False,False,False,False,True,True,Di Luar Area Pantauan (>1000m dari Desa)
Simpang Hilir,Batu Barat,"Sabtu, 12 September 2026 01:58:00",NASA-SNPP,Medium,110.10046,-0.90317,False,False,False,True,False,True,Di Luar Area Pantauan (>1000m dari Desa)
Simpang Hilir,Batu Barat,"Sabtu, 12 September 2026 01:58:00",NASA-SNPP,Medium,110.11914,-0.89985,False,False,True,False,False,True,Di Luar Area Pantauan (>1000m dari Desa)
Simpang Hilir,Batu Barat,"Sabtu, 12 September 2026 01:58:00",NASA-SNPP,Medium,110.10491,-0.90385,False,False,True,True,False,True,Di Luar Area Pantauan (>1000m dari Desa)
Simpang Hilir,Lubuk Batu,"Sabtu, 12 September 2026 01:58:00",NASA-SNPP,Medium,110.10232,-0.93211,False,False,False,False,False,False,Di Luar Area Pantauan (>1000m dari Desa)
Nanga Tayap,Betenung,"Sabtu, 12 September 2026 01:58:00",NASA-SNPP,Medium,110.82397,-1.58001,False,False,True,False,False,True,Di Luar Area Pantauan (>1000m dari Desa)
Muara Pawan,Ulak Medang,"Sabtu, 12 September 2026 01:58:00",NASA-SNPP,Medium,110.2759,-1.52295,False,False,True,True,False,True,Di Luar Area Pantauan (>1000m dari Desa)
Muara Pawan,Ulak Medang,"Sabtu, 12 September 2026 01:58:00",NASA-SNPP,Medium,110.29094,-1.51899,False,False,False,False,False,False,Di Luar Area Pantauan (>1000m dari Desa)
Muara Pawan,Ulak Medang,"Sabtu, 12 September 2026 01:58:00",NASA-SNPP,Medium,110.26761,-1.51539,False,False,False,True,False,True,Di Luar Area Pantauan (>1000m dari Desa)
Muara Pawan,Ulak Medang,"Sabtu, 12 September 2026 01:58:00",NASA-SNPP,Medium,110.30264,-1.63364,False,False,False,True,False,True,Di Luar Area Pantauan (>1000m dari Desa)
Matan Hilir Utara,Kuala Tolak,"Sabtu, 12 September 2026 01:58:00",NASA-SNPP,Medium,110.10793,-1.45975,False,False,False,False,False,False,Di Luar Area Pantauan (>1000m dari Desa)
Nanga Tayap,Simpang Tiga Sembelangaan,"Sabtu, 12 September 2026 01:58:00",NASA-SNPP,Medium,110.39236,-1.46685,False,False,False,False,False,False,Di Luar Area Pantauan (>1000m dari Desa)
Matan Hilir Utara,Kuala Tolak,"Sabtu, 12 September 2026 01:58:00",NASA-SNPP,Medium,110.14781,-1.42226,False,False,False,True,False,True,Di Luar Area Pantauan (>1000m dari Desa)
Muara Pawan,Ulak Medang,"Sabtu, 12 September 2026 01:58:00",NASA-SNPP,Medium,110.28732,-1.51215,False,False,False,False,False,False,Di Luar Area Pantauan (>1000m dari Desa)
Nanga Tayap,Sepakat Jaya,"Sabtu, 12 September 2026 01:58:00",NASA-SNPP,Medium,110.66344,-1.4579,False,False,True,False,False,True,Di Luar Area Pantauan (>1000m dari Desa)
Muara Pawan,Ulak Medang,"Sabtu, 12 September 2026 01:58:00",NASA-SNPP,Medium,110.28058,-1.52367,False,False,True,True,False,True,Di Luar Area Pantauan (>1000m dari Desa)
Nanga Tayap,Lembah Hijau Satu,"Sabtu, 12 September 2026 01:58:00",NASA-SNPP,Medium,110.49222,-1.56908,False,False,False,False,False,False,Di Luar Area Pantauan (>1000m dari Desa)
Nanga Tayap,Batu Mas,"Sabtu, 12 September 2026 01:58:00",NASA-SNPP,Medium,110.6549,-1.68142,False,False,False,False,False,False,Di Luar Area Pantauan (>1000m dari Desa)
Matan Hilir Utara,Kuala Tolak,"Sabtu, 12 September 2026 01:58:00",NASA-SNPP,Medium,110.12833,-1.50638,False,False,True,True,False,True,Di Luar Area Pantauan (>1000m dari Desa)
Muara Pawan,Ulak Medang,"Sabtu, 12 September 2026 01:58:00",NASA-SNPP,Medium,110.27224,-1.51611,False,False,False,True,False,True,Di Luar Area Pantauan (>1000m dari Desa)
Muara Pawan,Ulak Medang,"Sabtu, 12 September 2026 01:58:00",NASA-SNPP,Medium,110.27354,-1.63544,False,False,False,True,False,True,Di Luar Area Pantauan (>1000m dari Desa)
Batu Ampar,Tanjungberingin,"Sabtu, 12 September 2026 01:58:00",NASA-SNPP,Medium,109.92087,-0.50444,False,False,True,True,False,True,Di Luar Area Pantauan (>1000m dari Desa)
Simpang Hulu,Merawa,"Sabtu, 12 September 2026 01:58:00",NASA-SNPP,Medium,110.47404,-0.5601,False,False,False,False,False,False,Di Luar Area Pantauan (>1000m dari Desa)
Matan Hilir Selatan,Sungai Besar,"Sabtu, 12 September 2026 02:00:00",NASA-SNPP,Medium,110.23196,-1.85403,False,False,True,True,False,True,Di Luar Area Pantauan (>1000m dari Desa)
Matan Hilir Selatan,Sungai Besar,"Sabtu, 12 September 2026 02:00:00",NASA-SNPP,Medium,110.25716,-1.87684,False,False,True,True,False,True,Di Luar Area Pantauan (>1000m dari Desa)
Matan Hilir Selatan,Sungai Besar,"Sabtu, 12 September 2026 02:00:00",NASA-SNPP,Medium,110.17049,-1.88214,False,False,True,True,False,True,Di Luar Area Pantauan (>1000m dari Desa)
Matan Hilir Selatan,Sungai Besar,"Sabtu, 12 September 2026 02:00:00",NASA-SNPP,Medium,110.17973,-1.88359,False,False,True,True,False,True,Di Luar Area Pantauan (>1000m dari Desa)
Matan Hilir Selatan,Sungai Besar,"Sabtu, 12 September 2026 02:00:00",NASA-SNPP,Medium,110.19917,-1.88037,False,False,True,True,False,True,Di Luar Area Pantauan (>1000m dari Desa)
Matan Hilir Selatan,Sungai Besar,"Sabtu, 12 September 2026 02:00:00",NASA-SNPP,Medium,110.18945,-1.87157,False,False,True,True,False,True,Di Luar Area Pantauan (>1000m dari Desa)
Matan Hilir Selatan,Sungai Besar,"Sabtu, 12 September 2026 02:00:00",NASA-SNPP,Medium,110.18845,-1.87769,False,False,True,True,False,True,Di Luar Area Pantauan (>1000m dari Desa)
Matan Hilir Selatan,Pematang Gadung,"Sabtu, 12 September 2026 02:00:00",NASA-SNPP,Medium,110.31537,-1.95993,False,False,True,True,False,True,Di Luar Area Pantauan (>1000m dari Desa)
Manis Mata,Pelempangan,"Sabtu, 12 September 2026 02:00:00",NASA-SNPP,Medium,111.04633,-2.14484,False,False,False,False,False,False,Di Luar Area Pantauan (>1000m dari Desa)
Marau,Pelanjau Jaya,"Sabtu, 12 September 2026 02:00:00",NASA-SNPP,Medium,110.59205,-2.25346,False,False,False,False,False,False,Di Luar Area Pantauan (>1000m dari Desa)
Manis Mata,Silat,"Sabtu, 12 September 2026 02:00:00",NASA-SNPP,Medium,110.9442,-2.26824,False,False,False,False,False,False,Di Luar Area Pantauan (>1000m dari Desa)
Manis Mata,Sengkuang Merabong,"Sabtu, 12 September 2026 02:00:00",NASA-SNPP,Medium,110.96249,-2.19181,False,False,False,False,False,False,Di Luar Area Pantauan (>1000m dari Desa)
Matan Hilir Selatan,Sungai Pelang,"Sabtu, 12 September 2026 02:00:00",NASA-SNPP,Medium,110.18827,-1.85983,False,False,True,True,False,True,Di Luar Area Pantauan (>1000m dari Desa)
Matan Hilir Selatan,Sungai Besar,"Sabtu, 12 September 2026 02:00:00",NASA-SNPP,Medium,110.18434,-1.88432,False,False,True,True,False,True,Di Luar Area Pantauan (>1000m dari Desa)
Matan Hilir Selatan,Sungai Besar,"Sabtu, 12 September 2026 02:00:00",NASA-SNPP,Medium,110.17313,-1.8951,False,False,True,True,False,True,Di Luar Area Pantauan (>1000m dari Desa)
Matan Hilir Selatan,Sungai Besar,"Sabtu, 12 September 2026 02:00:00",NASA-SNPP,Medium,110.2038,-1.88109,False,False,True,True,False,True,Di Luar Area Pantauan (>1000m dari Desa)
Matan Hilir Selatan,Sungai Besar,"Sabtu, 12 September 2026 02:00:00",NASA-SNPP,Medium,110.2116,-1.88115,False,False,True,True,False,True,Di Luar Area Pantauan (>1000m dari Desa)
Kendawangan,Pangkalan Batu,"Sabtu, 12 September 2026 02:00:00",NASA-SNPP,Medium,110.35292,-2.14002,False,False,False,False,False,False,Di Luar Area Pantauan (>1000m dari Desa)
Manis Mata,Sengkuang Merabong,"Sabtu, 12 September 2026 02:00:00",NASA-SNPP,Medium,110.96345,-2.18535,False,False,False,False,False,False,Di Luar Area Pantauan (>1000m dari Desa)
Manis Mata,Pelempangan,"Sabtu, 12 September 2026 02:00:00",NASA-SNPP,Medium,111.04549,-2.1448,False,False,False,False,False,False,Di Luar Area Pantauan (>1000m dari Desa)
Matan Hilir Selatan,Sungai Besar,"Sabtu, 12 September 2026 02:00:00",NASA-SNPP,Medium,110.19562,-1.87353,False,False,True,True,False,True,Di Luar Area Pantauan (>1000m dari Desa)
Matan Hilir Selatan,Sungai Besar,"Sabtu, 12 September 2026 02:00:00",NASA-SNPP,Medium,110.2094,-1.87568,False,False,True,True,False,True,Di Luar Area Pantauan (>1000m dari Desa)
Matan Hilir Selatan,Sungai Besar,"Sabtu, 12 September 2026 02:00:00",NASA-SNPP,Medium,110.19412,-1.87226,False,False,True,True,False,True,Di Luar Area Pantauan (>1000m dari Desa)
Matan Hilir Selatan,Sungai Pelang,"Sabtu, 12 September 2026 02:00:00",NASA-SNPP,Medium,110.16518,-1.87422,False,False,True,True,False,True,Di Luar Area Pantauan (>1000m dari Desa)
Matan Hilir Selatan,Sungai Besar,"Sabtu, 12 September 2026 02:00:00",NASA-SNPP,Medium,110.18541,-1.87821,False,False,True,True,False,True,Di Luar Area Pantauan (>1000m dari Desa)
Matan Hilir Selatan,Sungai Besar,"Sabtu, 12 September 2026 02:00:00",NASA-SNPP,Medium,110.1848,-1.87088,False,False,True,True,False,True,Di Luar Area Pantauan (>1000m dari Desa)
Matan Hilir Selatan,Sungai Besar,"Sabtu, 12 September 2026 02:00:00",NASA-SNPP,Medium,110.25482,-1.8813,False,False,True,True,False,True,Di Luar Area Pantauan (>1000m dari Desa)
Matan Hilir Selatan,Sungai Besar,"Sabtu, 12 September 2026 02:00:00",NASA-SNPP,Medium,110.26052,-1.87585,False,False,True,True,False,True,Di Luar Area Pantauan (>1000m dari Desa)
Matan Hilir Selatan,Sungai Besar,"Sabtu, 12 September 2026 02:00:00",NASA-SNPP,Medium,110.19198,-1.86668,False,False,True,True,False,True,Di Luar Area Pantauan (>1000m dari Desa)
Manis Mata,Silat,"Sabtu, 12 September 2026 02:00:00",NASA-SNPP,Medium,110.93985,-2.26097,False,False,False,False,False,False,Di Luar Area Pantauan (>1000m dari Desa)
Matan Hilir Selatan,Sungai Nanjung,"Sabtu, 12 September 2026 02:00:00",NASA-SNPP,Medium,110.21082,-2.17546,False,False,False,True,False,True,Di Luar Area Pantauan (>1000m dari Desa)
Manis Mata,Sengkuang Merabong,"Sabtu, 12 September 2026 02:00:00",NASA-SNPP,Medium,110.96786,-2.19264,False,False,False,False,False,False,Di Luar Area Pantauan (>1000m dari Desa)
Matan Hilir Selatan,Sungai Nanjung,"Sabtu, 12 September 2026 02:00:00",NASA-SNPP,Medium,110.25607,-2.19508,False,False,True,True,True,True,Di Luar Area Pantauan (>1000m dari Desa)
Kendawangan,Pembedilan,"Sabtu, 12 September 2026 02:00:00",NASA-SNPP,Medium,110.35317,-2.77024,False,False,False,False,True,True,Di Luar Area Pantauan (>1000m dari Desa)
Kendawangan,Airhitam Hulu,"Sabtu, 12 September 2026 02:00:00",NASA-SNPP,Medium,110.60733,-2.66088,False,False,False,False,False,False,Di Luar Area Pantauan (>1000m dari Desa)
Kendawangan,Airhitam Hulu,"Sabtu, 12 September 2026 02:00:00",NASA-SNPP,Medium,110.61758,-2.66244,False,False,False,False,False,False,Di Luar Area Pantauan (>1000m dari Desa)
Kendawangan,Airhitam Hulu,"Sabtu, 12 September 2026 02:00:00",NASA-SNPP,Medium,110.61239,-2.66165,False,False,False,False,False,False,Di Luar Area Pantauan (>1000m dari Desa)
Kendawangan,Airhitam Hulu,"Sabtu, 12 September 2026 02:00:00",NASA-SNPP,Medium,110.61857,-2.65607,False,False,False,False,False,False,Di Luar Area Pantauan (>1000m dari Desa)
Matan Hilir Selatan,Sungai Nanjung,"Sabtu, 12 September 2026 02:00:00",NASA-SNPP,Medium,110.25859,-2.19436,False,False,True,True,True,True,Di Luar Area Pantauan (>1000m dari Desa)
Marau,Pelanjau Jaya,"Sabtu, 12 September 2026 02:00:00",NASA-SNPP,Medium,110.59042,-2.24965,False,False,False,False,False,False,Di Luar Area Pantauan (>1000m dari Desa)
Matan Hilir Selatan,Sungai Besar,"Sabtu, 12 September 2026 02:00:00",NASA-SNPP,Medium,110.18276,-1.88312,False,False,True,True,False,True,Di Luar Area Pantauan (>1000m dari Desa)
Marau,Randai,"Sabtu, 12 September 2026 02:00:00",NASA-SNPP,Medium,110.4836,-2.16604,False,False,False,False,False,False,Di Luar Area Pantauan (>1000m dari Desa)
Kendawangan,Pangkalan Batu,"Sabtu, 12 September 2026 02:00:00",NASA-SNPP,Medium,110.34808,-2.1393,False,False,False,False,False,False,Di Luar Area Pantauan (>1000m dari Desa)
Kendawangan,Pangkalan Batu,"Sabtu, 12 September 2026 02:00:00",NASA-SNPP,Medium,110.3504,-2.13552,False,False,False,False,False,False,Di Luar Area Pantauan (>1000m dari Desa)
Manis Mata,Pelempangan,"Sabtu, 12 September 2026 02:00:00",NASA-SNPP,Medium,111.04478,-2.15134,False,False,False,False,False,False,Di Luar Area Pantauan (>1000m dari Desa)
Kendawangan,Pangkalan Batu,"Sabtu, 12 September 2026 02:00:00",NASA-SNPP,Medium,110.34946,-2.14173,False,False,False,False,False,False,Di Luar Area Pantauan (>1000m dari Desa)
Matan Hilir Selatan,Pematang Gadung,"Sabtu, 12 September 2026 02:00:00",NASA-SNPP,Medium,110.32015,-1.96066,False,False,True,True,False,True,Di Luar Area Pantauan (>1000m dari Desa)
Kendawangan,Natai Kuini,"Sabtu, 12 September 2026 02:00:00",NASA-SNPP,Medium,110.68491,-2.90566,False,False,False,False,False,False,Di Luar Area Pantauan (>1000m dari Desa)
Matan Hilir Selatan,Sungai Besar,"Sabtu, 12 September 2026 02:00:00",NASA-SNPP,Medium,110.19663,-1.86741,False,False,True,True,False,True,Di Luar Area Pantauan (>1000m dari Desa)
Kendawangan,Banjar Sari,"Sabtu, 12 September 2026 02:00:00",NASA-SNPP,Medium,110.24405,-2.47432,False,False,False,True,False,True,Di Luar Area Pantauan (>1000m dari Desa)
Matan Hilir Selatan,Sungai Besar,"Sabtu, 12 September 2026 02:00:00",NASA-SNPP,Medium,110.19042,-1.86544,False,False,True,True,False,True,Di Luar Area Pantauan (>1000m dari Desa)
Matan Hilir Selatan,Sungai Besar,"Sabtu, 12 September 2026 02:00:00",NASA-SNPP,Medium,110.18381,-1.877,False,False,True,True,False,True,Di Luar Area Pantauan (>1000m dari Desa)
Matan Hilir Selatan,Sungai Pelang,"Sabtu, 12 September 2026 02:00:00",NASA-SNPP,Medium,110.18269,-1.86523,False,False,True,True,False,True,Di Luar Area Pantauan (>1000m dari Desa)
Matan Hilir Selatan,Sungai Besar,"Sabtu, 12 September 2026 02:00:00",NASA-SNPP,Medium,110.20019,-1.87424,False,False,True,True,False,True,Di Luar Area Pantauan (>1000m dari Desa)
Kendawangan,Airhitam Hulu,"Sabtu, 12 September 2026 02:00:00",NASA-SNPP,Medium,110.61338,-2.65528,False,False,False,False,False,False,Di Luar Area Pantauan (>1000m dari Desa)
Matan Hilir Selatan,Sungai Besar,"Sabtu, 12 September 2026 02:00:00",NASA-SNPP,Medium,110.1987,-1.87295,False,False,True,True,False,True,Di Luar Area Pantauan (>1000m dari Desa)
Matan Hilir Selatan,Sungai Besar,"Sabtu, 12 September 2026 02:00:00",NASA-SNPP,Medium,110.19511,-1.86614,False,False,True,True,False,True,Di Luar Area Pantauan (>1000m dari Desa)
Matan Hilir Selatan,Sungai Besar,"Sabtu, 12 September 2026 02:00:00",NASA-SNPP,Medium,110.18637,-1.87208,False,False,True,True,False,True,Di Luar Area Pantauan (>1000m dari Desa)
Matan Hilir Selatan,Sungai Nanjung,"Sabtu, 12 September 2026 02:00:00",NASA-SNPP,Medium,110.26082,-2.19582,False,False,True,True,True,True,Di Luar Area Pantauan (>1000m dari Desa)
Matan Hilir Selatan,Kemuning Biutak,"Sabtu, 12 September 2026 02:00:00",NASA-SNPP,Medium,110.35824,-1.9665,False,False,False,False,False,False,Di Luar Area Pantauan (>1000m dari Desa)
Matan Hilir Selatan,Sungai Nanjung,"Sabtu, 12 September 2026 02:00:00",NASA-SNPP,Medium,110.25383,-2.19366,False,False,True,True,True,True,Di Luar Area Pantauan (>1000m dari Desa)
Matan Hilir Selatan,Sungai Besar,"Sabtu, 12 September 2026 02:00:00",NASA-SNPP,Medium,110.25577,-1.87514,False,False,True,True,False,True,Di Luar Area Pantauan (>1000m dari Desa)
Kendawangan,Bangkal Serai,"Sabtu, 12 September 2026 02:00:00",NASA-SNPP,Medium,110.47969,-2.37765,False,False,False,False,False,False,Di Luar Area Pantauan (>1000m dari Desa)
Manis Mata,Suka Ramai,"Sabtu, 12 September 2026 02:00:00",NASA-SNPP,Medium,111.08767,-2.72036,False,False,False,False,False,False,Di Luar Area Pantauan (>1000m dari Desa)
Kendawangan,Pembedilan,"Sabtu, 12 September 2026 02:00:00",NASA-SNPP,Medium,110.30469,-2.88234,False,False,False,False,True,True,Di Luar Area Pantauan (>1000m dari Desa)
Kendawangan,Banjar Sari,"Sabtu, 12 September 2026 02:00:00",NASA-SNPP,Medium,110.24496,-2.46811,False,False,False,False,False,False,Di Luar Area Pantauan (>1000m dari Desa)
Manis Mata,Pelempangan,"Sabtu, 12 September 2026 02:00:00",NASA-SNPP,Medium,111.03954,-2.15055,False,False,False,False,False,False,Di Luar Area Pantauan (>1000m dari Desa)
Manis Mata,Sengkuang Merabong,"Sabtu, 12 September 2026 02:00:00",NASA-SNPP,Medium,110.96683,-2.19229,False,False,False,False,False,False,Di Luar Area Pantauan (>1000m dari Desa)
Kendawangan,Bangkal Serai,"Sabtu, 12 September 2026 02:00:00",NASA-SNPP,Medium,110.47464,-2.37395,False,False,False,False,False,False,Di Luar Area Pantauan (>1000m dari Desa)
Kendawangan,Bangkal Serai,"Sabtu, 12 September 2026 02:00:00",NASA-SNPP,Medium,110.47961,-2.37473,False,False,False,False,False,False,Di Luar Area Pantauan (>1000m dari Desa)
Kendawangan,Bangkal Serai,"Sabtu, 12 September 2026 02:00:00",NASA-SNPP,Medium,110.47473,-2.37691,False,False,False,False,False,False,Di Luar Area Pantauan (>1000m dari Desa)
Matan Hilir Selatan,Sungai Pelang,"Sabtu, 12 September 2026 02:00:00",NASA-SNPP,Medium,110.16685,-1.8753,False,False,True,True,False,True,Di Luar Area Pantauan (>1000m dari Desa)
Matan Hilir Selatan,Sungai Pelang,"Sabtu, 12 September 2026 02:00:00",NASA-SNPP,Medium,110.16217,-1.87457,False,False,True,True,False,True,Di Luar Area Pantauan (>1000m dari Desa)
Matan Hilir Selatan,Sungai Besar,"Sabtu, 12 September 2026 02:00:00",NASA-SNPP,Medium,110.1751,-1.88287,False,False,True,True,False,True,Di Luar Area Pantauan (>1000m dari Desa)
Matan Hilir Selatan,Sungai Pelang,"Sabtu, 12 September 2026 02:00:00",NASA-SNPP,Medium,110.18111,-1.86406,False,False,True,True,False,True,Di Luar Area Pantauan (>1000m dari Desa)
Matan Hilir Selatan,Sungai Besar,"Sabtu, 12 September 2026 02:00:00",NASA-SNPP,Medium,110.2131,-1.88255,False,False,True,True,False,True,Di Luar Area Pantauan (>1000m dari Desa)
Matan Hilir Selatan,Sungai Pelang,"Sabtu, 12 September 2026 02:00:00",NASA-SNPP,Medium,110.18365,-1.85911,False,False,True,True,False,True,Di Luar Area Pantauan (>1000m dari Desa)
Matan Hilir Selatan,Sungai Besar,"Sabtu, 12 September 2026 02:00:00",NASA-SNPP,Medium,110.17812,-1.88242,False,False,True,True,False,True,Di Luar Area Pantauan (>1000m dari Desa)
Matan Hilir Selatan,Sungai Besar,"Sabtu, 12 September 2026 02:00:00",NASA-SNPP,Medium,110.17348,-1.88173,False,False,True,True,False,True,Di Luar Area Pantauan (>1000m dari Desa)
Matan Hilir Selatan,Sungai Pelang,"Sabtu, 12 September 2026 02:00:00",NASA-SNPP,Medium,110.2385,-1.84246,False,False,True,True,False,True,Di Luar Area Pantauan (>1000m dari Desa)
Matan Hilir Selatan,Sungai Besar,"Sabtu, 12 September 2026 02:00:00",NASA-SNPP,Medium,110.19102,-1.87281,False,False,True,True,False,True,Di Luar Area Pantauan (>1000m dari Desa)
Matan Hilir Selatan,Sungai Besar,"Sabtu, 12 September 2026 02:00:00",NASA-SNPP,Medium,110.2619,-1.87758,False,False,True,True,False,True,Di Luar Area Pantauan (>1000m dari Desa)
Matan Hilir Selatan,Sungai Besar,"Sabtu, 12 September 2026 02:00:00",NASA-SNPP,Medium,110.20227,-1.87976,False,False,True,True,False,True,Di Luar Area Pantauan (>1000m dari Desa)
Matan Hilir Selatan,Sungai Besar,"Sabtu, 12 September 2026 02:00:00",NASA-SNPP,Medium,110.19765,-1.87907,False,False,True,True,False,True,Di Luar Area Pantauan (>1000m dari Desa)
Kendawangan,Banjar Sari,"Sabtu, 12 September 2026 02:00:00",NASA-SNPP,Medium,110.24697,-2.48746,False,False,False,True,False,True,Di Luar Area Pantauan (>1000m dari Desa)
Kendawangan,Banjar Sari,"Sabtu, 12 September 2026 02:00:00",NASA-SNPP,Medium,110.24885,-2.47504,False,False,False,False,False,False,Di Luar Area Pantauan (>1000m dari Desa)
Matan Hilir Selatan,Pagar Mentimun,"Sabtu, 12 September 2026 02:00:00",NASA-SNPP,Medium,110.18388,-2.24005,False,False,False,False,False,False,Di Luar Area Pantauan (>1000m dari Desa)
Manis Mata,Sengkuang Merabong,"Sabtu, 12 September 2026 02:00:00",NASA-SNPP,Medium,110.96885,-2.18618,False,False,False,False,False,False,Di Luar Area Pantauan (>1000m dari Desa)
Matan Hilir Selatan,Sungai Nanjung,"Sabtu, 12 September 2026 02:00:00",NASA-SNPP,Medium,110.26459,-2.17107,False,False,True,True,True,True,Di Luar Area Pantauan (>1000m dari Desa)
Matan Hilir Selatan,Sungai Nanjung,"Sabtu, 12 September 2026 02:00:00",NASA-SNPP,Medium,110.25131,-2.19435,False,False,True,True,True,True,Di Luar Area Pantauan (>1000m dari Desa)
Kendawangan,Pembedilan,"Sabtu, 12 September 2026 12:57:00",NASA-SNPP,Medium,110.31231,-2.95074,False,False,False,False,True,True,Di Luar Area Pantauan (>1000m dari Desa)
Kendawangan,Pembedilan,"Sabtu, 12 September 2026 12:57:00",NASA-SNPP,Medium,110.31173,-2.94673,False,False,False,False,True,True,Di Luar Area Pantauan (>1000m dari Desa)
Kendawangan,Pembedilan,"Sabtu, 12 September 2026 12:57:00",NASA-SNPP,Medium,110.30653,-2.93522,False,False,False,False,True,True,Di Luar Area Pantauan (>1000m dari Desa)
Kendawangan,Banjar Sari,"Sabtu, 12 September 2026 12:57:00",NASA-SNPP,Medium,110.24208,-2.49733,False,False,False,False,False,False,Di Luar Area Pantauan (>1000m dari Desa)
Kendawangan,Banjar Sari,"Sabtu, 12 September 2026 12:57:00",NASA-SNPP,Medium,110.24606,-2.48855,False,False,False,True,False,True,Di Luar Area Pantauan (>1000m dari Desa)
Kalis,Nanga Raun,"Sabtu, 12 September 2026 12:59:00",NASA-SNPP,Medium,113.11765,0.72586,False,False,False,False,False,False,Di Luar Area Pantauan (>1000m dari Desa)
Sungai Raya,Kalibandung,"Minggu, 13 September 2026 01:41:00",NASA-SNPP,Medium,109.65827,-0.33882,False,False,False,True,False,True,Di Luar Area Pantauan (>1000m dari Desa)
Sungai Raya,Kalibandung,"Minggu, 13 September 2026 01:41:00",NASA-SNPP,Medium,109.63106,-0.33886,False,False,False,True,False,True,Di Luar Area Pantauan (>1000m dari Desa)
Batu Ampar,Batu Ampar,"Minggu, 13 September 2026 01:41:00",NASA-SNPP,Medium,109.55671,-0.78403,False,False,False,True,True,True,Di Luar Area Pantauan (>1000m dari Desa)
Sukadana,Sedahan Jaya,"Minggu, 13 September 2026 01:41:00",NASA-SNPP,Medium,110.04434,-1.17019,False,False,False,True,True,True,Di Luar Area Pantauan (>1000m dari Desa)
Sungai Raya,Gunungtamang,"Minggu, 13 September 2026 01:41:00",NASA-SNPP,Medium,109.89493,-0.15162,False,False,False,True,False,True,Di Luar Area Pantauan (>1000m dari Desa)
Sungai Raya,Gunungtamang,"Minggu, 13 September 2026 01:41:00",NASA-SNPP,Medium,109.891,-0.15101,False,False,False,True,False,True,Di Luar Area Pantauan (>1000m dari Desa)
Serawai,Tunas Harapan,"Minggu, 13 September 2026 01:41:00",NASA-SNPP,Medium,112.40917,-0.39433,False,False,False,False,False,False,Di Luar Area Pantauan (>1000m dari Desa)
Sungai Raya,Gunungtamang,"Minggu, 13 September 2026 01:41:00",NASA-SNPP,Medium,109.89034,-0.15525,False,False,False,True,False,True,Di Luar Area Pantauan (>1000m dari Desa)
Sungai Ambawang,Teluk Bakung,"Minggu, 13 September 2026 01:41:00",NASA-SNPP,Medium,109.66536,-0.133,False,False,False,True,False,True,Di Luar Area Pantauan (>1000m dari Desa)
Menukung,Belaban Ella,"Minggu, 13 September 2026 01:41:00",NASA-SNPP,Medium,112.21107,-0.55675,False,False,False,False,True,True,Di Luar Area Pantauan (>1000m dari Desa)
Sungai Raya,Pulaulimbung,"Minggu, 13 September 2026 01:41:00",NASA-SNPP,Medium,109.82793,-0.17148,False,False,True,True,True,True,Di Luar Area Pantauan (>1000m dari Desa)
Sungai Raya,Gunungtamang,"Minggu, 13 September 2026 01:41:00",NASA-SNPP,Medium,109.89819,-0.15647,False,False,False,True,False,True,Di Luar Area Pantauan (>1000m dari Desa)
Sungai Raya,Gunungtamang,"Minggu, 13 September 2026 01:41:00",NASA-SNPP,Medium,109.89428,-0.15586,False,False,False,True,False,True,Di Luar Area Pantauan (>1000m dari Desa)
Terentang,Teluk Bayur,"Minggu, 13 September 2026 01:41:00",NASA-SNPP,Medium,109.52309,-0.39549,False,False,False,True,False,True,Di Luar Area Pantauan (>1000m dari Desa)
Terentang,Teluk Bayur,"Minggu, 13 September 2026 01:41:00",NASA-SNPP,Medium,109.52244,-0.39964,False,False,False,True,False,True,Di Luar Area Pantauan (>1000m dari Desa)
Sungai Raya,Kalibandung,"Minggu, 13 September 2026 01:41:00",NASA-SNPP,Medium,109.63039,-0.34304,False,False,False,True,False,True,Di Luar Area Pantauan (>1000m dari Desa)
Batu Ampar,Batu Ampar,"Minggu, 13 September 2026 01:41:00",NASA-SNPP,Medium,109.55292,-0.78344,False,False,False,True,True,True,Di Luar Area Pantauan (>1000m dari Desa)
Terentang,Teluk Bayur,"Minggu, 13 September 2026 01:41:00",NASA-SNPP,Medium,109.51938,-0.39492,False,False,False,True,False,True,Di Luar Area Pantauan (>1000m dari Desa)
Terentang,Teluk Bayur,"Minggu, 13 September 2026 01:41:00",NASA-SNPP,Medium,109.52682,-0.39606,False,False,False,True,False,True,Di Luar Area Pantauan (>1000m dari Desa)
Simpang Hilir,Lubuk Batu,"Minggu, 13 September 2026 01:41:00",NASA-SNPP,Medium,110.09933,-0.93659,False,False,False,False,False,False,Di Luar Area Pantauan (>1000m dari Desa)
Batu Ampar,Teluknibung,"Minggu, 13 September 2026 01:41:00",NASA-SNPP,Medium,109.52297,-0.82582,False,True,True,True,True,True,Prioritas 3 (Rendah)
Batu Ampar,Teluknibung,"Minggu, 13 September 2026 01:41:00",NASA-SNPP,Medium,109.52399,-0.82646,False,True,True,True,True,True,Prioritas 3 (Rendah)
Simpang Hilir,Sungaimata-Mata,"Minggu, 13 September 2026 01:41:00",NASA-SNPP,Medium,109.95046,-1.00199,False,False,True,True,False,True,Di Luar Area Pantauan (>1000m dari Desa)
Simpang Hilir,Sungaimata-Mata,"Minggu, 13 September 2026 01:41:00",NASA-SNPP,Medium,109.96077,-1.04537,False,False,True,True,False,True,Di Luar Area Pantauan (>1000m dari Desa)
Simpang Hilir,Penjalaan,"Minggu, 13 September 2026 01:41:00",NASA-SNPP,Medium,110.05453,-1.13163,False,False,True,True,False,True,Di Luar Area Pantauan (>1000m dari Desa)
Simpang Hilir,Penjalaan,"Minggu, 13 September 2026 01:41:00",NASA-SNPP,Medium,110.05678,-1.13163,False,False,True,True,False,True,Di Luar Area Pantauan (>1000m dari Desa)
Simpang Hilir,Sungaimata-Mata,"Minggu, 13 September 2026 01:41:00",NASA-SNPP,Medium,109.95055,-1.004,False,False,True,True,False,True,Di Luar Area Pantauan (>1000m dari Desa)
Simpang Hilir,Matan Jaya,"Minggu, 13 September 2026 01:41:00",NASA-SNPP,Medium,110.13925,-1.09552,False,False,True,True,True,True,Di Luar Area Pantauan (>1000m dari Desa)
Simpang Hilir,Matan Jaya,"Minggu, 13 September 2026 01:41:00",NASA-SNPP,Medium,110.10925,-1.09528,False,False,True,True,True,True,Di Luar Area Pantauan (>1000m dari Desa)
Sukadana,Sedahan Jaya,"Minggu, 13 September 2026 01:41:00",NASA-SNPP,Medium,110.04774,-1.17518,False,False,True,True,True,True,Di Luar Area Pantauan (>1000m dari Desa)
Sukadana,Sedahan Jaya,"Minggu, 13 September 2026 01:41:00",NASA-SNPP,Medium,110.05672,-1.17212,False,False,True,True,True,True,Di Luar Area Pantauan (>1000m dari Desa)
Matan Hilir Utara,Tanjung Baik Budi,"Minggu, 13 September 2026 01:41:00",NASA-SNPP,Medium,110.18277,-1.52852,False,False,True,True,False,True,Di Luar Area Pantauan (>1000m dari Desa)
Sukadana,Sedahan Jaya,"Minggu, 13 September 2026 01:41:00",NASA-SNPP,Medium,110.04706,-1.17953,False,False,True,True,True,True,Di Luar Area Pantauan (>1000m dari Desa)
Sukadana,Sejahtera,"Minggu, 13 September 2026 01:41:00",NASA-SNPP,Medium,110.05336,-1.25723,False,False,True,True,True,True,Di Luar Area Pantauan (>1000m dari Desa)
Hulu Sungai,Batu Lapis,"Minggu, 13 September 2026 01:41:00",NASA-SNPP,Medium,110.78616,-1.3371,False,False,False,False,False,False,Di Luar Area Pantauan (>1000m dari Desa)
Sukadana,Sejahtera,"Minggu, 13 September 2026 01:41:00",NASA-SNPP,Medium,110.03103,-1.26272,False,False,False,False,True,True,Di Luar Area Pantauan (>1000m dari Desa)
Nanga Tayap,Pangkalan Teluk,"Minggu, 13 September 2026 01:41:00",NASA-SNPP,Medium,110.36733,-1.34658,False,False,False,False,True,True,Di Luar Area Pantauan (>1000m dari Desa)
Nanga Tayap,Pangkalan Teluk,"Minggu, 13 September 2026 01:41:00",NASA-SNPP,Medium,110.36294,-1.34589,False,False,False,False,True,True,Di Luar Area Pantauan (>1000m dari Desa)
Nanga Tayap,Pangkalan Teluk,"Minggu, 13 September 2026 01:41:00",NASA-SNPP,Medium,110.29388,-1.35783,False,False,True,False,False,True,Di Luar Area Pantauan (>1000m dari Desa)
Nanga Tayap,Simpang Tiga Sembelangaan,"Minggu, 13 September 2026 01:41:00",NASA-SNPP,Medium,110.29003,-1.38453,False,False,False,False,False,False,Di Luar Area Pantauan (>1000m dari Desa)
Nanga Tayap,Simpang Tiga Sembelangaan,"Minggu, 13 September 2026 01:41:00",NASA-SNPP,Medium,110.36492,-1.43524,False,False,True,False,True,True,Di Luar Area Pantauan (>1000m dari Desa)
Nanga Tayap,Simpang Tiga Sembelangaan,"Minggu, 13 September 2026 01:41:00",NASA-SNPP,Medium,110.36568,-1.43078,False,False,False,False,True,True,Di Luar Area Pantauan (>1000m dari Desa)
Matan Hilir Utara,Kuala Tolak,"Minggu, 13 September 2026 01:41:00",NASA-SNPP,Medium,110.16167,-1.46652,False,False,False,True,False,True,Di Luar Area Pantauan (>1000m dari Desa)
Muara Pawan,Ulak Medang,"Minggu, 13 September 2026 01:41:00",NASA-SNPP,Medium,110.268,-1.51903,False,False,True,True,False,True,Di Luar Area Pantauan (>1000m dari Desa)
Muara Pawan,Ulak Medang,"Minggu, 13 September 2026 01:41:00",NASA-SNPP,Medium,110.28176,-1.5166,False,False,True,True,False,True,Di Luar Area Pantauan (>1000m dari Desa)
Nanga Tayap,Lembah Hijau Satu,"Minggu, 13 September 2026 01:41:00",NASA-SNPP,Medium,110.49241,-1.56284,False,False,False,False,False,False,Di Luar Area Pantauan (>1000m dari Desa)
Matan Hilir Utara,Tanjung Baik Budi,"Minggu, 13 September 2026 01:41:00",NASA-SNPP,Medium,110.14791,-1.52761,False,False,True,True,False,True,Di Luar Area Pantauan (>1000m dari Desa)
Matan Hilir Utara,Kuala Tolak,"Minggu, 13 September 2026 01:41:00",NASA-SNPP,Medium,110.12511,-1.50602,False,False,True,True,False,True,Di Luar Area Pantauan (>1000m dari Desa)
Matan Hilir Utara,Tanjung Baik Budi,"Minggu, 13 September 2026 01:41:00",NASA-SNPP,Medium,110.15287,-1.52387,False,False,True,True,False,True,Di Luar Area Pantauan (>1000m dari Desa)
Matan Hilir Utara,Tanjung Baik Budi,"Minggu, 13 September 2026 01:41:00",NASA-SNPP,Medium,110.14861,-1.5232,False,False,True,True,False,True,Di Luar Area Pantauan (>1000m dari Desa)
Matan Hilir Utara,Tanjung Baik Budi,"Minggu, 13 September 2026 01:41:00",NASA-SNPP,Medium,110.15646,-1.52895,False,False,True,True,False,True,Di Luar Area Pantauan (>1000m dari Desa)
Nanga Tayap,Batu Mas,"Minggu, 13 September 2026 01:41:00",NASA-SNPP,Medium,110.65322,-1.68546,False,False,False,False,False,False,Di Luar Area Pantauan (>1000m dari Desa)
Sungai Ambawang,Teluk Bakung,"Minggu, 13 September 2026 01:41:00",NASA-SNPP,Medium,109.65714,-0.13598,False,False,True,True,False,True,Di Luar Area Pantauan (>1000m dari Desa)
Sungai Ambawang,Teluk Bakung,"Minggu, 13 September 2026 01:41:00",NASA-SNPP,Medium,109.67172,-0.01309,False,False,False,True,False,True,Di Luar Area Pantauan (>1000m dari Desa)
Sungai Ambawang,Bengkarek,"Minggu, 13 September 2026 01:41:00",NASA-SNPP,Medium,109.51674,-0.17747,False,False,False,True,False,True,Di Luar Area Pantauan (>1000m dari Desa)
Sungai Ambawang,Teluk Bakung,"Minggu, 13 September 2026 01:41:00",NASA-SNPP,Medium,109.66093,-0.13658,False,False,False,True,False,True,Di Luar Area Pantauan (>1000m dari Desa)
Sungai Ambawang,Pasak Piang,"Minggu, 13 September 2026 01:41:00",NASA-SNPP,Medium,109.59017,-0.14674,False,False,False,True,False,True,Di Luar Area Pantauan (>1000m dari Desa)
Sungai Ambawang,Bengkarek,"Minggu, 13 September 2026 01:41:00",NASA-SNPP,Medium,109.51305,-0.17687,False,False,False,True,False,True,Di Luar Area Pantauan (>1000m dari Desa)
Kuala Mandor B,Kubu Padi,"Minggu, 13 September 2026 01:41:00",NASA-SNPP,Medium,109.4749,0.13359,False,False,False,True,False,True,Di Luar Area Pantauan (>1000m dari Desa)
Kapuas,Lape,"Minggu, 13 September 2026 01:41:00",NASA-SNPP,Medium,110.48866,0.1325,False,False,False,False,False,False,Di Luar Area Pantauan (>1000m dari Desa)
Terentang,Teluk Bayur,"Minggu, 13 September 2026 01:41:00",NASA-SNPP,Medium,109.526,-0.39475,False,False,False,True,False,True,Di Luar Area Pantauan (>1000m dari Desa)
Terentang,Teluk Bayur,"Minggu, 13 September 2026 01:41:00",NASA-SNPP,Medium,109.52296,-0.39,False,False,False,True,False,True,Di Luar Area Pantauan (>1000m dari Desa)
Simpang Dua,Kampar Sebomban,"Minggu, 13 September 2026 01:41:00",NASA-SNPP,Medium,110.26551,-0.80999,False,False,True,False,False,True,Di Luar Area Pantauan (>1000m dari Desa)
Matan Hilir Selatan,Sungai Pelang,"Minggu, 13 September 2026 01:41:00",NASA-SNPP,Medium,110.18658,-1.86058,False,False,True,True,False,True,Di Luar Area Pantauan (>1000m dari Desa)
Matan Hilir Selatan,Sungai Besar,"Minggu, 13 September 2026 01:41:00",NASA-SNPP,Medium,110.26073,-1.87212,False,False,True,True,False,True,Di Luar Area Pantauan (>1000m dari Desa)
Matan Hilir Selatan,Pematang Gadung,"Minggu, 13 September 2026 01:41:00",NASA-SNPP,Medium,110.32174,-1.96187,False,False,True,True,False,True,Di Luar Area Pantauan (>1000m dari Desa)
Matan Hilir Selatan,Pematang Gadung,"Minggu, 13 September 2026 01:41:00",NASA-SNPP,Medium,110.31729,-1.96119,False,False,True,True,False,True,Di Luar Area Pantauan (>1000m dari Desa)
Matan Hilir Selatan,Pesaguan Kanan,"Minggu, 13 September 2026 01:41:00",NASA-SNPP,Medium,110.33053,-2.0231,False,False,True,True,False,True,Di Luar Area Pantauan (>1000m dari Desa)
Matan Hilir Selatan,Sungai Besar,"Minggu, 13 September 2026 01:41:00",NASA-SNPP,Medium,110.23142,-1.85843,False,False,True,True,False,True,Di Luar Area Pantauan (>1000m dari Desa)
Matan Hilir Selatan,Sungai Pelang,"Minggu, 13 September 2026 01:41:00",NASA-SNPP,Medium,110.25652,-1.81204,False,False,False,True,False,True,Di Luar Area Pantauan (>1000m dari Desa)
Matan Hilir Selatan,Sungai Pelang,"Minggu, 13 September 2026 01:41:00",NASA-SNPP,Medium,110.18224,-1.8599,False,False,True,True,False,True,Di Luar Area Pantauan (>1000m dari Desa)
Matan Hilir Selatan,Sungai Besar,"Minggu, 13 September 2026 01:41:00",NASA-SNPP,Medium,110.18309,-1.88279,False,False,True,True,False,True,Di Luar Area Pantauan (>1000m dari Desa)
Matan Hilir Selatan,Sungai Besar,"Minggu, 13 September 2026 01:41:00",NASA-SNPP,Medium,110.21419,-1.88312,False,False,True,True,False,True,Di Luar Area Pantauan (>1000m dari Desa)
Matan Hilir Selatan,Sungai Besar,"Minggu, 13 September 2026 01:41:00",NASA-SNPP,Medium,110.19246,-1.87971,False,False,True,True,False,True,Di Luar Area Pantauan (>1000m dari Desa)
Matan Hilir Selatan,Sungai Besar,"Minggu, 13 September 2026 01:41:00",NASA-SNPP,Medium,110.20182,-1.87662,False,False,True,True,False,True,Di Luar Area Pantauan (>1000m dari Desa)
Matan Hilir Selatan,Sungai Besar,"Minggu, 13 September 2026 01:41:00",NASA-SNPP,Medium,110.2105,-1.87798,False,False,True,True,False,True,Di Luar Area Pantauan (>1000m dari Desa)
Matan Hilir Selatan,Sungai Besar,"Minggu, 13 September 2026 01:41:00",NASA-SNPP,Medium,110.18885,-1.87459,False,False,True,True,False,True,Di Luar Area Pantauan (>1000m dari Desa)
Matan Hilir Selatan,Sungai Besar,"Minggu, 13 September 2026 01:41:00",NASA-SNPP,Medium,110.19749,-1.87594,False,False,True,True,False,True,Di Luar Area Pantauan (>1000m dari Desa)
Matan Hilir Selatan,Sungai Besar,"Minggu, 13 September 2026 01:41:00",NASA-SNPP,Medium,110.19678,-1.88039,False,False,True,True,False,True,Di Luar Area Pantauan (>1000m dari Desa)
Matan Hilir Selatan,Kemuning Biutak,"Minggu, 13 September 2026 01:41:00",NASA-SNPP,Medium,110.35738,-1.96734,False,False,False,False,False,False,Di Luar Area Pantauan (>1000m dari Desa)
Matan Hilir Selatan,Sungai Besar,"Minggu, 13 September 2026 01:41:00",NASA-SNPP,Medium,110.17032,-1.89315,False,False,True,True,False,True,Di Luar Area Pantauan (>1000m dari Desa)
Matan Hilir Selatan,Sungai Besar,"Minggu, 13 September 2026 01:41:00",NASA-SNPP,Medium,110.17163,-1.89918,False,False,True,True,False,True,Di Luar Area Pantauan (>1000m dari Desa)
Matan Hilir Selatan,Sungai Besar,"Minggu, 13 September 2026 01:41:00",NASA-SNPP,Medium,110.17666,-1.89543,False,False,True,True,False,True,Di Luar Area Pantauan (>1000m dari Desa)
Matan Hilir Selatan,Sungai Besar,"Minggu, 13 September 2026 01:41:00",NASA-SNPP,Medium,110.12103,-1.92653,False,False,False,True,False,True,Di Luar Area Pantauan (>1000m dari Desa)
Matan Hilir Selatan,Kemuning Biutak,"Minggu, 13 September 2026 01:41:00",NASA-SNPP,Medium,110.36257,-1.96352,False,False,False,False,False,False,Di Luar Area Pantauan (>1000m dari Desa)
Matan Hilir Selatan,Sungai Besar,"Minggu, 13 September 2026 01:41:00",NASA-SNPP,Medium,110.16868,-1.88962,False,False,True,True,False,True,Di Luar Area Pantauan (>1000m dari Desa)
Matan Hilir Selatan,Sungai Besar,"Minggu, 13 September 2026 01:41:00",NASA-SNPP,Medium,110.173,-1.8903,False,False,True,True,False,True,Di Luar Area Pantauan (>1000m dari Desa)
Matan Hilir Selatan,Pesaguan Kanan,"Minggu, 13 September 2026 01:41:00",NASA-SNPP,Medium,110.33174,-2.02443,False,False,False,True,False,True,Di Luar Area Pantauan (>1000m dari Desa)
Matan Hilir Selatan,Pesaguan Kanan,"Minggu, 13 September 2026 01:41:00",NASA-SNPP,Medium,110.17608,-2.03755,False,False,False,True,False,True,Di Luar Area Pantauan (>1000m dari Desa)
Simpang Hilir,Batu Barat,"Minggu, 13 September 2026 01:41:00",NASA-SNPP,Medium,110.12027,-0.8994,False,False,True,False,False,True,Di Luar Area Pantauan (>1000m dari Desa)
Simpang Hilir,Sungaimata-Mata,"Minggu, 13 September 2026 01:41:00",NASA-SNPP,Medium,109.95519,-0.99832,False,False,True,True,False,True,Di Luar Area Pantauan (>1000m dari Desa)
Simpang Hilir,Matan Jaya,"Minggu, 13 September 2026 01:41:00",NASA-SNPP,Medium,110.12594,-1.04418,False,False,False,False,False,False,Di Luar Area Pantauan (>1000m dari Desa)
Matan Hilir Selatan,Pagar Mentimun,"Minggu, 13 September 2026 01:41:00",NASA-SNPP,Medium,110.25265,-2.19833,False,False,True,True,True,True,Di Luar Area Pantauan (>1000m dari Desa)
Matan Hilir Selatan,Pagar Mentimun,"Minggu, 13 September 2026 01:41:00",NASA-SNPP,Medium,110.26153,-2.19971,False,False,True,True,True,True,Di Luar Area Pantauan (>1000m dari Desa)
Manis Mata,Suka Ramai,"Minggu, 13 September 2026 01:41:00",NASA-SNPP,Medium,111.08945,-2.71809,False,False,False,False,False,False,Di Luar Area Pantauan (>1000m dari Desa)
Matan Hilir Selatan,Sungai Nanjung,"Minggu, 13 September 2026 01:41:00",NASA-SNPP,Medium,110.25779,-2.19453,False,False,True,True,True,True,Di Luar Area Pantauan (>1000m dari Desa)
Matan Hilir Selatan,Sungai Nanjung,"Minggu, 13 September 2026 01:41:00",NASA-SNPP,Medium,110.25334,-2.19384,False,False,True,True,True,True,Di Luar Area Pantauan (>1000m dari Desa)
Matan Hilir Selatan,Sungai Nanjung,"Minggu, 13 September 2026 01:41:00",NASA-SNPP,Medium,110.21498,-2.17873,False,False,False,False,False,False,Di Luar Area Pantauan (>1000m dari Desa)
Matan Hilir Selatan,Pagar Mentimun,"Minggu, 13 September 2026 01:41:00",NASA-SNPP,Medium,110.09699,-2.21961,False,False,False,False,False,False,Di Luar Area Pantauan (>1000m dari Desa)
Matan Hilir Selatan,Pagar Mentimun,"Minggu, 13 September 2026 01:41:00",NASA-SNPP,Medium,110.17669,-2.22311,False,False,False,False,False,False,Di Luar Area Pantauan (>1000m dari Desa)
Kendawangan,Banjar Sari,"Minggu, 13 September 2026 01:41:00",NASA-SNPP,Medium,110.24868,-2.47387,False,False,False,False,False,False,Di Luar Area Pantauan (>1000m dari Desa)
Kendawangan,Banjar Sari,"Minggu, 13 September 2026 01:41:00",NASA-SNPP,Medium,110.24937,-2.46936,False,False,False,False,False,False,Di Luar Area Pantauan (>1000m dari Desa)
Kendawangan,Banjar Sari,"Minggu, 13 September 2026 01:41:00",NASA-SNPP,Medium,110.24487,-2.46869,False,False,False,False,False,False,Di Luar Area Pantauan (>1000m dari Desa)
Kendawangan,Banjar Sari,"Minggu, 13 September 2026 01:41:00",NASA-SNPP,Medium,110.24661,-2.4874,False,False,False,True,False,True,Di Luar Area Pantauan (>1000m dari Desa)
Kendawangan,Banjar Sari,"Minggu, 13 September 2026 01:41:00",NASA-SNPP,Medium,110.24593,-2.4919,False,False,False,False,False,False,Di Luar Area Pantauan (>1000m dari Desa)
Kendawangan,Banjar Sari,"Minggu, 13 September 2026 01:41:00",NASA-SNPP,Medium,110.25248,-2.47906,False,False,False,False,False,False,Di Luar Area Pantauan (>1000m dari Desa)
Kendawangan,Banjar Sari,"Minggu, 13 September 2026 01:41:00",NASA-SNPP,Medium,110.2442,-2.47319,False,False,False,True,False,True,Di Luar Area Pantauan (>1000m dari Desa)
Nanga Tayap,Mensubang,"Minggu, 13 September 2026 01:41:00",NASA-SNPP,Medium,110.396,-1.32359,False,False,False,False,False,False,Di Luar Area Pantauan (>1000m dari Desa)
Nanga Tayap,Mensubang,"Minggu, 13 September 2026 01:41:00",NASA-SNPP,Medium,110.39469,-1.32796,False,False,True,False,False,True,Di Luar Area Pantauan (>1000m dari Desa)
Nanga Tayap,Simpang Tiga Sembelangaan,"Minggu, 13 September 2026 01:41:00",NASA-SNPP,Medium,110.29253,-1.38307,False,False,True,False,False,True,Di Luar Area Pantauan (>1000m dari Desa)
Kendawangan,Airhitam Hulu,"Minggu, 13 September 2026 01:41:00",NASA-SNPP,Medium,110.60607,-2.65929,False,False,False,False,False,False,Di Luar Area Pantauan (>1000m dari Desa)
Kendawangan,Airhitam Hulu,"Minggu, 13 September 2026 01:41:00",NASA-SNPP,Medium,110.61153,-2.65538,False,False,False,False,False,False,Di Luar Area Pantauan (>1000m dari Desa)
Kendawangan,Airhitam Hulu,"Minggu, 13 September 2026 01:41:00",NASA-SNPP,Medium,110.61633,-2.65611,False,False,False,False,False,False,Di Luar Area Pantauan (>1000m dari Desa)
Nanga Tayap,Lembah Hijau Satu,"Minggu, 13 September 2026 01:41:00",NASA-SNPP,Medium,110.50069,-1.56874,False,False,False,False,False,False,Di Luar Area Pantauan (>1000m dari Desa)
Matan Hilir Utara,Kuala Tolak,"Minggu, 13 September 2026 01:41:00",NASA-SNPP,Medium,110.16084,-1.46682,False,False,False,True,False,True,Di Luar Area Pantauan (>1000m dari Desa)
Matan Hilir Utara,Kuala Tolak,"Minggu, 13 September 2026 01:41:00",NASA-SNPP,Medium,110.12085,-1.50536,False,False,False,True,False,True,Di Luar Area Pantauan (>1000m dari Desa)
Matan Hilir Utara,Kuala Tolak,"Minggu, 13 September 2026 01:41:00",NASA-SNPP,Medium,110.12154,-1.50096,False,False,True,True,False,True,Di Luar Area Pantauan (>1000m dari Desa)
Matan Hilir Utara,Kuala Tolak,"Minggu, 13 September 2026 01:41:00",NASA-SNPP,Medium,110.15234,-1.46546,False,False,True,True,False,True,Di Luar Area Pantauan (>1000m dari Desa)
Matan Hilir Utara,Lamon Satong,"Minggu, 13 September 2026 01:41:00",NASA-SNPP,Medium,110.2337,-1.47844,False,False,True,True,False,True,Di Luar Area Pantauan (>1000m dari Desa)
Matan Hilir Utara,Lamon Satong,"Minggu, 13 September 2026 01:41:00",NASA-SNPP,Medium,110.23402,-1.48202,False,False,True,True,False,True,Di Luar Area Pantauan (>1000m dari Desa)
Muara Pawan,Ulak Medang,"Minggu, 13 September 2026 01:41:00",NASA-SNPP,Medium,110.27233,-1.5197,False,False,True,True,False,True,Di Luar Area Pantauan (>1000m dari Desa)
Muara Pawan,Ulak Medang,"Minggu, 13 September 2026 01:41:00",NASA-SNPP,Medium,110.2507,-1.51637,False,False,True,True,False,True,Di Luar Area Pantauan (>1000m dari Desa)
Muara Pawan,Ulak Medang,"Minggu, 13 September 2026 01:41:00",NASA-SNPP,Medium,110.25501,-1.51703,False,False,True,True,False,True,Di Luar Area Pantauan (>1000m dari Desa)
Muara Pawan,Ulak Medang,"Minggu, 13 September 2026 01:41:00",NASA-SNPP,Medium,110.276,-1.52482,False,False,True,True,False,True,Di Luar Area Pantauan (>1000m dari Desa)
Muara Pawan,Ulak Medang,"Minggu, 13 September 2026 01:41:00",NASA-SNPP,Medium,110.24638,-1.5157,False,False,True,True,False,True,Di Luar Area Pantauan (>1000m dari Desa)
Muara Pawan,Ulak Medang,"Minggu, 13 September 2026 01:41:00",NASA-SNPP,Medium,110.26366,-1.51836,False,False,True,True,False,True,Di Luar Area Pantauan (>1000m dari Desa)
Matan Hilir Utara,Kuala Tolak,"Minggu, 13 September 2026 01:41:00",NASA-SNPP,Medium,110.11799,-1.49591,False,False,True,True,False,True,Di Luar Area Pantauan (>1000m dari Desa)
Matan Hilir Utara,Kuala Tolak,"Minggu, 13 September 2026 01:41:00",NASA-SNPP,Medium,110.11732,-1.50031,False,False,True,True,False,True,Di Luar Area Pantauan (>1000m dari Desa)
Simpang Hilir,Penjalaan,"Minggu, 13 September 2026 01:41:00",NASA-SNPP,Medium,110.05868,-1.13227,False,False,True,True,False,True,Di Luar Area Pantauan (>1000m dari Desa)
Simpang Hilir,Matan Jaya,"Minggu, 13 September 2026 01:41:00",NASA-SNPP,Medium,110.15057,-1.10627,False,False,True,False,True,True,Di Luar Area Pantauan (>1000m dari Desa)
Simpang Hilir,Matan Jaya,"Minggu, 13 September 2026 01:41:00",NASA-SNPP,Medium,110.14278,-1.10055,False,False,True,True,True,True,Di Luar Area Pantauan (>1000m dari Desa)
Simpang Hilir,Matan Jaya,"Minggu, 13 September 2026 01:41:00",NASA-SNPP,Medium,110.13084,-1.09419,False,False,True,True,True,True,Di Luar Area Pantauan (>1000m dari Desa)
Simpang Hilir,Matan Jaya,"Minggu, 13 September 2026 01:41:00",NASA-SNPP,Medium,110.12665,-1.09354,False,False,True,True,True,True,Di Luar Area Pantauan (>1000m dari Desa)
Simpang Hilir,Matan Jaya,"Minggu, 13 September 2026 01:41:00",NASA-SNPP,Medium,110.13434,-1.09923,False,False,True,True,True,True,Di Luar Area Pantauan (>1000m dari Desa)
Simpang Hilir,Matan Jaya,"Minggu, 13 September 2026 01:41:00",NASA-SNPP,Medium,110.12176,-1.09725,False,False,True,True,True,True,Di Luar Area Pantauan (>1000m dari Desa)
Batu Ampar,Tanjungharapan,"Minggu, 13 September 2026 01:41:00",NASA-SNPP,Medium,109.527,-0.8569,True,False,False,True,True,True,Prioritas 1 (Tinggi)
Matan Hilir Utara,Kuala Tolak,"Minggu, 13 September 2026 01:41:00",NASA-SNPP,Medium,110.11381,-1.49527,False,False,False,True,False,True,Di Luar Area Pantauan (>1000m dari Desa)
Simpang Hilir,Matan Jaya,"Minggu, 13 September 2026 01:41:00",NASA-SNPP,Medium,110.11758,-1.09659,False,False,True,True,True,True,Di Luar Area Pantauan (>1000m dari Desa)
Simpang Hilir,Matan Jaya,"Minggu, 13 September 2026 01:41:00",NASA-SNPP,Medium,110.13504,-1.09485,False,False,True,True,True,True,Di Luar Area Pantauan (>1000m dari Desa)
Batu Ampar,Batu Ampar,"Minggu, 13 September 2026 01:41:00",NASA-SNPP,Medium,109.67336,-0.92721,False,False,True,False,False,True,Di Luar Area Pantauan (>1000m dari Desa)
Sungai Laur,Sungai Daka,"Minggu, 13 September 2026 01:41:00",NASA-SNPP,Medium,110.48328,-1.00024,False,False,False,False,False,False,Di Luar Area Pantauan (>1000m dari Desa)
Sungai Laur,Sungai Daka,"Minggu, 13 September 2026 01:41:00",NASA-SNPP,Medium,110.48754,-1.00089,False,False,False,False,False,False,Di Luar Area Pantauan (>1000m dari Desa)
Simpang Hilir,Batu Barat,"Minggu, 13 September 2026 01:41:00",NASA-SNPP,Medium,110.10238,-0.90547,False,False,True,True,False,True,Di Luar Area Pantauan (>1000m dari Desa)
Muara Pawan,Ulak Medang,"Minggu, 13 September 2026 01:41:00",NASA-SNPP,Medium,110.28611,-1.51726,False,False,True,True,False,True,Di Luar Area Pantauan (>1000m dari Desa)
Sungai Raya,Kalibandung,"Minggu, 13 September 2026 01:41:00",NASA-SNPP,Medium,109.62737,-0.30721,False,False,False,True,False,True,Di Luar Area Pantauan (>1000m dari Desa)
Sungai Raya,Kalibandung,"Minggu, 13 September 2026 01:41:00",NASA-SNPP,Medium,109.62811,-0.30845,False,False,False,True,False,True,Di Luar Area Pantauan (>1000m dari Desa)
Muara Pawan,Ulak Medang,"Minggu, 13 September 2026 01:41:00",NASA-SNPP,Medium,110.22983,-1.50861,False,False,True,True,False,True,Di Luar Area Pantauan (>1000m dari Desa)
Matan Hilir Utara,Tanjung Baik Budi,"Minggu, 13 September 2026 01:41:00",NASA-SNPP,Medium,110.18774,-1.52477,False,False,True,True,False,True,Di Luar Area Pantauan (>1000m dari Desa)
Matan Hilir Utara,Lamon Satong,"Minggu, 13 September 2026 01:41:00",NASA-SNPP,Medium,110.19201,-1.52543,False,False,True,True,False,True,Di Luar Area Pantauan (>1000m dari Desa)
Sungai Ambawang,Bengkarek,"Minggu, 13 September 2026 01:41:00",NASA-SNPP,Medium,109.56183,-0.18596,False,False,False,True,False,True,Di Luar Area Pantauan (>1000m dari Desa)
Sungai Raya,Kalibandung,"Minggu, 13 September 2026 01:41:00",NASA-SNPP,Medium,109.63486,-0.33945,False,False,False,True,False,True,Di Luar Area Pantauan (>1000m dari Desa)
Terentang,Teluk Bayur,"Minggu, 13 September 2026 01:41:00",NASA-SNPP,Medium,109.52163,-0.3983,False,False,False,True,False,True,Di Luar Area Pantauan (>1000m dari Desa)
Sungai Raya,Sungaiambangah,"Minggu, 13 September 2026 01:41:00",NASA-SNPP,Medium,109.5135,-0.17852,False,False,False,True,False,True,Di Luar Area Pantauan (>1000m dari Desa)
Sungai Ambawang,Bengkarek,"Minggu, 13 September 2026 01:41:00",NASA-SNPP,Medium,109.5172,-0.17909,False,False,False,True,False,True,Di Luar Area Pantauan (>1000m dari Desa)
Sungai Raya,Muara Baru,"Minggu, 13 September 2026 01:41:00",NASA-SNPP,Medium,109.82529,-0.18837,False,False,True,True,True,True,Di Luar Area Pantauan (>1000m dari Desa)
Nanga Tayap,Mensubang,"Minggu, 13 September 2026 01:41:00",NASA-SNPP,Medium,110.4012,-1.32439,False,False,False,False,False,False,Di Luar Area Pantauan (>1000m dari Desa)
Terentang,Teluk Bayur,"Minggu, 13 September 2026 01:41:00",NASA-SNPP,Medium,109.52229,-0.39415,False,False,False,True,False,True,Di Luar Area Pantauan (>1000m dari Desa)
Muara Pawan,Ulak Medang,"Minggu, 13 September 2026 01:41:00",NASA-SNPP,Medium,110.27164,-1.52415,False,False,True,True,False,True,Di Luar Area Pantauan (>1000m dari Desa)
Muara Pawan,Ulak Medang,"Minggu, 13 September 2026 01:41:00",NASA-SNPP,Medium,110.22622,-1.50352,False,False,True,True,False,True,Di Luar Area Pantauan (>1000m dari Desa)
Sungai Ambawang,Bengkarek,"Minggu, 13 September 2026 01:41:00",NASA-SNPP,Medium,109.5606,-0.18881,False,False,False,True,False,True,Di Luar Area Pantauan (>1000m dari Desa)
Sungai Raya,Pulaulimbung,"Minggu, 13 September 2026 01:41:00",NASA-SNPP,Medium,109.82595,-0.18415,False,False,True,True,True,True,Di Luar Area Pantauan (>1000m dari Desa)
Sungai Raya,Tebang Kacang,"Minggu, 13 September 2026 01:41:00",NASA-SNPP,Medium,109.51609,-0.1816,False,False,False,True,False,True,Di Luar Area Pantauan (>1000m dari Desa)
Segedong,Peniti Dalam I,"Minggu, 13 September 2026 01:41:00",NASA-SNPP,Medium,109.36534,0.19206,False,False,True,True,False,True,Di Luar Area Pantauan (>1000m dari Desa)
Muara Pawan,Ulak Medang,"Minggu, 13 September 2026 01:41:00",NASA-SNPP,Medium,110.28104,-1.52104,False,False,True,True,False,True,Di Luar Area Pantauan (>1000m dari Desa)
Nanga Tayap,Lembah Hijau Satu,"Minggu, 13 September 2026 01:41:00",NASA-SNPP,Medium,110.48725,-1.56666,False,False,False,False,False,False,Di Luar Area Pantauan (>1000m dari Desa)
Muara Pawan,Ulak Medang,"Minggu, 13 September 2026 01:41:00",NASA-SNPP,Medium,110.27668,-1.52037,False,False,True,True,False,True,Di Luar Area Pantauan (>1000m dari Desa)
Simpang Hilir,Batu Barat,"Minggu, 13 September 2026 01:41:00",NASA-SNPP,Medium,110.10303,-0.90111,False,False,False,True,False,True,Di Luar Area Pantauan (>1000m dari Desa)
Sungai Ambawang,Teluk Bakung,"Minggu, 13 September 2026 01:41:00",NASA-SNPP,Medium,109.66225,-0.12823,False,False,True,True,False,True,Di Luar Area Pantauan (>1000m dari Desa)
Sungai Ambawang,Teluk Bakung,"Minggu, 13 September 2026 01:41:00",NASA-SNPP,Medium,109.67551,-0.01368,False,False,False,True,False,True,Di Luar Area Pantauan (>1000m dari Desa)
Menukung,Belaban Ella,"Minggu, 13 September 2026 01:41:00",NASA-SNPP,Medium,112.2062,-0.55598,False,False,False,False,True,True,Di Luar Area Pantauan (>1000m dari Desa)
Menukung,Belaban Ella,"Minggu, 13 September 2026 01:41:00",NASA-SNPP,Medium,112.18533,-0.51172,False,False,False,False,False,False,Di Luar Area Pantauan (>1000m dari Desa)
Sungai Ambawang,Teluk Bakung,"Minggu, 13 September 2026 01:41:00",NASA-SNPP,Medium,109.66601,-0.12882,False,False,False,True,False,True,Di Luar Area Pantauan (>1000m dari Desa)
Sungai Ambawang,Teluk Bakung,"Minggu, 13 September 2026 01:41:00",NASA-SNPP,Medium,109.66158,-0.1324,False,False,True,True,False,True,Di Luar Area Pantauan (>1000m dari Desa)
Sungai Raya,Muara Baru,"Minggu, 13 September 2026 01:41:00",NASA-SNPP,Medium,109.82463,-0.1926,False,False,False,True,False,True,Di Luar Area Pantauan (>1000m dari Desa)
Sukadana,Sedahan Jaya,"Minggu, 13 September 2026 01:41:00",NASA-SNPP,Medium,110.04844,-1.17083,False,False,True,True,True,True,Di Luar Area Pantauan (>1000m dari Desa)
Sukadana,Sedahan Jaya,"Minggu, 13 September 2026 01:41:00",NASA-SNPP,Medium,110.05258,-1.17147,False,False,True,True,True,True,Di Luar Area Pantauan (>1000m dari Desa)
Sukadana,Sedahan Jaya,"Minggu, 13 September 2026 01:41:00",NASA-SNPP,Medium,110.04297,-1.17889,False,False,True,True,True,True,Di Luar Area Pantauan (>1000m dari Desa)
Simpang Hilir,Matan Jaya,"Minggu, 13 September 2026 01:41:00",NASA-SNPP,Medium,110.13853,-1.09989,False,False,True,True,True,True,Di Luar Area Pantauan (>1000m dari Desa)
Matan Hilir Utara,Tanjung Baik Budi,"Minggu, 13 September 2026 01:41:00",NASA-SNPP,Medium,110.18703,-1.52919,False,False,True,True,False,True,Di Luar Area Pantauan (>1000m dari Desa)
Simpang Hilir,Matan Jaya,"Minggu, 13 September 2026 01:41:00",NASA-SNPP,Medium,110.10094,-1.09397,False,False,True,True,True,True,Di Luar Area Pantauan (>1000m dari Desa)
Simpang Hilir,Matan Jaya,"Minggu, 13 September 2026 01:41:00",NASA-SNPP,Medium,110.1134,-1.09593,False,False,True,True,True,True,Di Luar Area Pantauan (>1000m dari Desa)
Nanga Tayap,Pangkalan Teluk,"Minggu, 13 September 2026 01:41:00",NASA-SNPP,Medium,110.29333,-1.3623,False,False,True,False,False,True,Di Luar Area Pantauan (>1000m dari Desa)
Nanga Tayap,Batu Mas,"Minggu, 13 September 2026 01:41:00",NASA-SNPP,Medium,110.65001,-1.69903,False,False,True,False,False,True,Di Luar Area Pantauan (>1000m dari Desa)
Matan Hilir Utara,Sungai Putri,"Minggu, 13 September 2026 01:41:00",NASA-SNPP,Medium,110.0794,-1.56127,False,False,True,True,False,True,Di Luar Area Pantauan (>1000m dari Desa)
Nanga Tayap,Lembah Hijau Satu,"Minggu, 13 September 2026 01:41:00",NASA-SNPP,Medium,110.49102,-1.57187,False,False,False,False,False,False,Di Luar Area Pantauan (>1000m dari Desa)
Matan Hilir Utara,Tanjung Baik Budi,"Minggu, 13 September 2026 01:41:00",NASA-SNPP,Medium,110.16077,-1.52962,False,False,True,True,False,True,Di Luar Area Pantauan (>1000m dari Desa)
Matan Hilir Utara,Tanjung Baik Budi,"Minggu, 13 September 2026 01:41:00",NASA-SNPP,Medium,110.14007,-1.52187,False,False,True,True,False,True,Di Luar Area Pantauan (>1000m dari Desa)
Matan Hilir Utara,Sungai Putri,"Minggu, 13 September 2026 01:41:00",NASA-SNPP,Medium,110.07748,-1.56157,False,False,True,True,False,True,Di Luar Area Pantauan (>1000m dari Desa)
Matan Hilir Utara,Tanjung Baik Budi,"Minggu, 13 September 2026 01:41:00",NASA-SNPP,Medium,110.15217,-1.52828,False,False,True,True,False,True,Di Luar Area Pantauan (>1000m dari Desa)
Matan Hilir Utara,Tanjung Baik Budi,"Minggu, 13 September 2026 01:41:00",NASA-SNPP,Medium,110.14433,-1.52254,False,False,True,True,False,True,Di Luar Area Pantauan (>1000m dari Desa)
Matan Hilir Utara,Tanjung Baik Budi,"Minggu, 13 September 2026 01:41:00",NASA-SNPP,Medium,110.17921,-1.52345,False,False,False,True,False,True,Di Luar Area Pantauan (>1000m dari Desa)
Muara Pawan,Ulak Medang,"Minggu, 13 September 2026 01:41:00",NASA-SNPP,Medium,110.29049,-1.51794,False,False,False,False,False,False,Di Luar Area Pantauan (>1000m dari Desa)
Matan Hilir Utara,Kuala Tolak,"Minggu, 13 September 2026 01:41:00",NASA-SNPP,Medium,110.15315,-1.46523,False,False,True,True,False,True,Di Luar Area Pantauan (>1000m dari Desa)
Matan Hilir Utara,Kuala Tolak,"Minggu, 13 September 2026 01:41:00",NASA-SNPP,Medium,110.12938,-1.50668,False,False,True,False,False,True,Di Luar Area Pantauan (>1000m dari Desa)
Nanga Tayap,Lembah Hijau Satu,"Minggu, 13 September 2026 01:41:00",NASA-SNPP,Medium,110.48656,-1.57118,False,False,False,False,False,False,Di Luar Area Pantauan (>1000m dari Desa)
Matan Hilir Utara,Tanjung Baik Budi,"Minggu, 13 September 2026 01:41:00",NASA-SNPP,Medium,110.19131,-1.52985,False,False,True,True,False,True,Di Luar Area Pantauan (>1000m dari Desa)
Matan Hilir Utara,Tanjung Baik Budi,"Minggu, 13 September 2026 01:41:00",NASA-SNPP,Medium,110.1785,-1.52786,False,False,True,True,False,True,Di Luar Area Pantauan (>1000m dari Desa)
Simpang Hilir,Matan Jaya,"Minggu, 13 September 2026 01:41:00",NASA-SNPP,Medium,110.1044,-1.09899,False,False,True,True,True,True,Di Luar Area Pantauan (>1000m dari Desa)
Menukung,Belaban Ella,"Minggu, 13 September 2026 01:41:00",NASA-SNPP,Medium,112.18607,-0.51174,False,False,False,False,False,False,Di Luar Area Pantauan (>1000m dari Desa)
Serawai,Nanga Tekungai,"Minggu, 13 September 2026 01:41:00",NASA-SNPP,Medium,112.48405,-0.39585,False,False,False,False,False,False,Di Luar Area Pantauan (>1000m dari Desa)
Kendawangan,Air Hitam Besar,"Minggu, 13 September 2026 01:41:00",NASA-SNPP,Medium,110.71796,-2.70024,False,False,False,False,False,False,Di Luar Area Pantauan (>1000m dari Desa)
Kendawangan,Natai Kuini,"Minggu, 13 September 2026 01:41:00",NASA-SNPP,Medium,110.97289,-2.82207,False,False,False,False,False,False,Di Luar Area Pantauan (>1000m dari Desa)
Kendawangan,Airhitam Hulu,"Minggu, 13 September 2026 01:41:00",NASA-SNPP,Medium,110.6156,-2.66075,False,False,False,False,False,False,Di Luar Area Pantauan (>1000m dari Desa)
Matan Hilir Selatan,Sungai Nanjung,"Minggu, 13 September 2026 01:41:00",NASA-SNPP,Medium,110.2421,-2.17833,False,False,True,True,False,True,Di Luar Area Pantauan (>1000m dari Desa)
Matan Hilir Selatan,Sungai Nanjung,"Minggu, 13 September 2026 01:41:00",NASA-SNPP,Medium,110.22003,-2.17493,False,False,True,False,False,True,Di Luar Area Pantauan (>1000m dari Desa)
Matan Hilir Selatan,Sungai Besar,"Minggu, 13 September 2026 01:41:00",NASA-SNPP,Medium,110.16962,-1.89759,False,False,True,True,False,True,Di Luar Area Pantauan (>1000m dari Desa)
Matan Hilir Selatan,Sungai Besar,"Minggu, 13 September 2026 01:41:00",NASA-SNPP,Medium,110.17466,-1.8938,False,False,True,True,False,True,Di Luar Area Pantauan (>1000m dari Desa)
Matan Hilir Selatan,Sungai Besar,"Minggu, 13 September 2026 01:41:00",NASA-SNPP,Medium,110.17397,-1.89824,False,False,True,True,False,True,Di Luar Area Pantauan (>1000m dari Desa)
Matan Hilir Selatan,Pagar Mentimun,"Minggu, 13 September 2026 01:41:00",NASA-SNPP,Medium,110.17489,-2.2203,False,False,False,False,False,False,Di Luar Area Pantauan (>1000m dari Desa)
Matan Hilir Selatan,Pesaguan Kanan,"Minggu, 13 September 2026 01:41:00",NASA-SNPP,Medium,110.34905,-2.0214,False,False,True,True,False,True,Di Luar Area Pantauan (>1000m dari Desa)
Matan Hilir Selatan,Pesaguan Kanan,"Minggu, 13 September 2026 01:41:00",NASA-SNPP,Medium,110.33498,-2.0238,False,False,True,True,False,True,Di Luar Area Pantauan (>1000m dari Desa)
Matan Hilir Selatan,Pesaguan Kanan,"Minggu, 13 September 2026 01:41:00",NASA-SNPP,Medium,110.34391,-2.02521,False,False,True,True,False,True,Di Luar Area Pantauan (>1000m dari Desa)
Matan Hilir Selatan,Sungai Besar,"Minggu, 13 September 2026 01:41:00",NASA-SNPP,Medium,110.17371,-1.88586,False,False,True,True,False,True,Di Luar Area Pantauan (>1000m dari Desa)
Matan Hilir Selatan,Sungai Besar,"Minggu, 13 September 2026 01:41:00",NASA-SNPP,Medium,110.17803,-1.88654,False,False,True,True,False,True,Di Luar Area Pantauan (>1000m dari Desa)
Matan Hilir Selatan,Sungai Besar,"Minggu, 13 September 2026 01:41:00",NASA-SNPP,Medium,110.19975,-1.88997,False,False,True,True,False,True,Di Luar Area Pantauan (>1000m dari Desa)
Matan Hilir Selatan,Sungai Besar,"Minggu, 13 September 2026 01:41:00",NASA-SNPP,Medium,110.18236,-1.88723,False,False,True,True,False,True,Di Luar Area Pantauan (>1000m dari Desa)
Matan Hilir Selatan,Sungai Besar,"Minggu, 13 September 2026 01:41:00",NASA-SNPP,Medium,110.19317,-1.87526,False,False,True,True,False,True,Di Luar Area Pantauan (>1000m dari Desa)
Matan Hilir Selatan,Sungai Besar,"Minggu, 13 September 2026 01:41:00",NASA-SNPP,Medium,110.19389,-1.87082,False,False,True,True,False,True,Di Luar Area Pantauan (>1000m dari Desa)
Matan Hilir Selatan,Sungai Pelang,"Minggu, 13 September 2026 01:41:00",NASA-SNPP,Medium,110.23719,-1.85019,False,False,True,True,False,True,Di Luar Area Pantauan (>1000m dari Desa)
Matan Hilir Selatan,Sungai Besar,"Minggu, 13 September 2026 01:41:00",NASA-SNPP,Medium,110.21119,-1.87353,False,False,True,True,False,True,Di Luar Area Pantauan (>1000m dari Desa)
Matan Hilir Selatan,Sungai Besar,"Minggu, 13 September 2026 01:41:00",NASA-SNPP,Medium,110.19023,-1.8657,False,False,True,True,False,True,Di Luar Area Pantauan (>1000m dari Desa)
Matan Hilir Selatan,Sungai Besar,"Minggu, 13 September 2026 01:41:00",NASA-SNPP,Medium,110.26444,-1.87727,False,False,True,False,False,True,Di Luar Area Pantauan (>1000m dari Desa)
Matan Hilir Selatan,Sungai Besar,"Minggu, 13 September 2026 01:41:00",NASA-SNPP,Medium,110.18955,-1.87014,False,False,True,True,False,True,Di Luar Area Pantauan (>1000m dari Desa)
Matan Hilir Selatan,Sungai Besar,"Minggu, 13 September 2026 01:41:00",NASA-SNPP,Medium,110.25934,-1.88105,False,False,True,False,False,True,Di Luar Area Pantauan (>1000m dari Desa)
Matan Hilir Selatan,Sungai Pelang,"Minggu, 13 September 2026 01:41:00",NASA-SNPP,Medium,110.23788,-1.84573,False,False,True,True,False,True,Di Luar Area Pantauan (>1000m dari Desa)
Matan Hilir Selatan,Sungai Besar,"Minggu, 13 September 2026 01:41:00",NASA-SNPP,Medium,110.25494,-1.88037,False,False,True,True,False,True,Di Luar Area Pantauan (>1000m dari Desa)
Matan Hilir Selatan,Sungai Besar,"Minggu, 13 September 2026 01:41:00",NASA-SNPP,Medium,110.26004,-1.87659,False,False,True,True,False,True,Di Luar Area Pantauan (>1000m dari Desa)
Matan Hilir Selatan,Sungai Pelang,"Minggu, 13 September 2026 01:41:00",NASA-SNPP,Medium,110.23282,-1.84952,False,False,True,True,False,True,Di Luar Area Pantauan (>1000m dari Desa)
Matan Hilir Selatan,Sungai Pelang,"Minggu, 13 September 2026 01:41:00",NASA-SNPP,Medium,110.18589,-1.86502,False,False,True,True,False,True,Di Luar Area Pantauan (>1000m dari Desa)
Matan Hilir Selatan,Sungai Pelang,"Minggu, 13 September 2026 01:41:00",NASA-SNPP,Medium,110.23855,-1.84127,False,False,True,True,False,True,Di Luar Area Pantauan (>1000m dari Desa)
Muara Pawan,Mayak,"Minggu, 13 September 2026 01:41:00",NASA-SNPP,Medium,110.11658,-1.75599,False,False,False,True,False,True,Di Luar Area Pantauan (>1000m dari Desa)
Matan Hilir Selatan,Sungai Besar,"Minggu, 13 September 2026 01:41:00",NASA-SNPP,Medium,110.20111,-1.88107,False,False,True,True,False,True,Di Luar Area Pantauan (>1000m dari Desa)
Matan Hilir Selatan,Sungai Besar,"Minggu, 13 September 2026 01:41:00",NASA-SNPP,Medium,110.18813,-1.87903,False,False,True,True,False,True,Di Luar Area Pantauan (>1000m dari Desa)
Matan Hilir Selatan,Pesaguan Kanan,"Minggu, 13 September 2026 01:41:00",NASA-SNPP,Medium,110.32745,-2.01339,False,False,False,False,False,False,Di Luar Area Pantauan (>1000m dari Desa)
Matan Hilir Selatan,Pesaguan Kanan,"Minggu, 13 September 2026 01:41:00",NASA-SNPP,Medium,110.34976,-2.0169,False,False,False,True,False,True,Di Luar Area Pantauan (>1000m dari Desa)
Marau,Batu Payung Dua,"Minggu, 13 September 2026 01:41:00",NASA-SNPP,Medium,110.56514,-2.03665,False,False,False,False,True,True,Di Luar Area Pantauan (>1000m dari Desa)
Muara Pawan,Mayak,"Minggu, 13 September 2026 01:41:00",NASA-SNPP,Medium,110.12154,-1.75225,False,False,False,True,False,True,Di Luar Area Pantauan (>1000m dari Desa)
Muara Pawan,Mayak,"Minggu, 13 September 2026 01:41:00",NASA-SNPP,Medium,110.11728,-1.75158,False,False,False,True,False,True,Di Luar Area Pantauan (>1000m dari Desa)
Sungai Melayu Rayak,Makmur Abadi,"Minggu, 13 September 2026 01:41:00",NASA-SNPP,Medium,110.24246,-1.77118,False,False,False,True,False,True,Di Luar Area Pantauan (>1000m dari Desa)
Sungai Melayu Rayak,Makmur Abadi,"Minggu, 13 September 2026 01:41:00",NASA-SNPP,Medium,110.24179,-1.77564,False,False,False,True,False,True,Di Luar Area Pantauan (>1000m dari Desa)
Matan Hilir Selatan,Pagar Mentimun,"Minggu, 13 September 2026 01:41:00",NASA-SNPP,Medium,110.26083,-2.2042,False,False,True,True,True,True,Di Luar Area Pantauan (>1000m dari Desa)
Matan Hilir Selatan,Pesaguan Kanan,"Minggu, 13 September 2026 01:41:00",NASA-SNPP,Medium,110.3463,-2.03943,False,False,True,True,False,True,Di Luar Area Pantauan (>1000m dari Desa)
Matan Hilir Selatan,Pagar Mentimun,"Minggu, 13 September 2026 01:41:00",NASA-SNPP,Medium,110.16608,-2.21898,False,False,False,False,False,False,Di Luar Area Pantauan (>1000m dari Desa)
Matan Hilir Selatan,Pagar Mentimun,"Minggu, 13 September 2026 01:41:00",NASA-SNPP,Medium,110.17297,-2.21795,False,False,False,False,False,False,Di Luar Area Pantauan (>1000m dari Desa)
Kendawangan,Banjar Sari,"Minggu, 13 September 2026 01:41:00",NASA-SNPP,Medium,110.24799,-2.47838,False,False,False,True,False,True,Di Luar Area Pantauan (>1000m dari Desa)
Kendawangan,Airhitam Hulu,"Minggu, 13 September 2026 01:41:00",NASA-SNPP,Medium,110.60535,-2.66393,False,False,False,False,False,False,Di Luar Area Pantauan (>1000m dari Desa)
Kendawangan,Airhitam Hulu,"Minggu, 13 September 2026 01:41:00",NASA-SNPP,Medium,110.62913,-2.70082,False,False,False,False,False,False,Di Luar Area Pantauan (>1000m dari Desa)
Kendawangan,Air Hitam Besar,"Minggu, 13 September 2026 01:41:00",NASA-SNPP,Medium,110.77975,-2.77833,False,False,False,True,True,True,Di Luar Area Pantauan (>1000m dari Desa)
Kendawangan,Air Hitam Besar,"Minggu, 13 September 2026 01:41:00",NASA-SNPP,Medium,110.77482,-2.77758,False,False,False,True,False,True,Di Luar Area Pantauan (>1000m dari Desa)
Kendawangan,Air Hitam Besar,"Minggu, 13 September 2026 01:41:00",NASA-SNPP,Medium,110.77905,-2.78303,False,False,False,True,False,True,Di Luar Area Pantauan (>1000m dari Desa)
Kendawangan,Banjar Sari,"Minggu, 13 September 2026 01:41:00",NASA-SNPP,Medium,110.25317,-2.47455,False,False,False,False,False,False,Di Luar Area Pantauan (>1000m dari Desa)
Kendawangan,Bangkal Serai,"Minggu, 13 September 2026 01:41:00",NASA-SNPP,Medium,110.50553,-2.62044,False,False,False,False,True,True,Di Luar Area Pantauan (>1000m dari Desa)
Matan Hilir Selatan,Pagar Mentimun,"Minggu, 13 September 2026 01:41:00",NASA-SNPP,Medium,110.16789,-2.22172,False,False,True,False,False,True,Di Luar Area Pantauan (>1000m dari Desa)
Matan Hilir Selatan,Pagar Mentimun,"Minggu, 13 September 2026 01:41:00",NASA-SNPP,Medium,110.17229,-2.22241,False,False,False,False,False,False,Di Luar Area Pantauan (>1000m dari Desa)
Matan Hilir Selatan,Sungai Besar,"Minggu, 13 September 2026 01:41:00",NASA-SNPP,Medium,110.18742,-1.88347,False,False,True,True,False,True,Di Luar Area Pantauan (>1000m dari Desa)
Matan Hilir Selatan,Sungai Besar,"Minggu, 13 September 2026 01:41:00",NASA-SNPP,Medium,110.20043,-1.88552,False,False,True,True,False,True,Di Luar Area Pantauan (>1000m dari Desa)
Muara Pawan,Mayak,"Minggu, 13 September 2026 01:41:00",NASA-SNPP,Medium,110.12086,-1.75666,False,False,False,True,False,True,Di Luar Area Pantauan (>1000m dari Desa)
Matan Hilir Selatan,Sungai Pelang,"Minggu, 13 September 2026 01:41:00",NASA-SNPP,Medium,110.24294,-1.84194,False,False,False,True,False,True,Di Luar Area Pantauan (>1000m dari Desa)
Tumbang Titi,Pemuatan Jaya,"Minggu, 13 September 2026 01:41:00",NASA-SNPP,Medium,110.50527,-1.89154,False,False,False,False,False,False,Di Luar Area Pantauan (>1000m dari Desa)
Matan Hilir Selatan,Pagar Mentimun,"Minggu, 13 September 2026 01:41:00",NASA-SNPP,Medium,110.17048,-2.21964,False,False,False,False,False,False,Di Luar Area Pantauan (>1000m dari Desa)
Matan Hilir Selatan,Sungai Besar,"Minggu, 13 September 2026 01:41:00",NASA-SNPP,Medium,110.23214,-1.85398,False,False,True,True,False,True,Di Luar Area Pantauan (>1000m dari Desa)
Kendawangan,Pangkalan Batu,"Minggu, 13 September 2026 01:41:00",NASA-SNPP,Medium,110.37344,-2.18928,False,False,False,False,False,False,Di Luar Area Pantauan (>1000m dari Desa)
Matan Hilir Selatan,Sungai Nanjung,"Minggu, 13 September 2026 01:41:00",NASA-SNPP,Medium,110.24279,-2.17384,False,False,True,True,False,True,Di Luar Area Pantauan (>1000m dari Desa)
Matan Hilir Selatan,Pesaguan Kanan,"Minggu, 13 September 2026 01:41:00",NASA-SNPP,Medium,110.34067,-2.02577,False,False,True,True,False,True,Di Luar Area Pantauan (>1000m dari Desa)
Matan Hilir Selatan,Pesaguan Kanan,"Minggu, 13 September 2026 01:41:00",NASA-SNPP,Medium,110.34751,-2.04063,False,False,True,True,False,True,Di Luar Area Pantauan (>1000m dari Desa)
Matan Hilir Selatan,Pesaguan Kanan,"Minggu, 13 September 2026 01:41:00",NASA-SNPP,Medium,110.34514,-2.02644,False,False,True,True,False,True,Di Luar Area Pantauan (>1000m dari Desa)
Matan Hilir Selatan,Pagar Mentimun,"Minggu, 13 September 2026 01:41:00",NASA-SNPP,Medium,110.25709,-2.19902,False,False,True,True,True,True,Di Luar Area Pantauan (>1000m dari Desa)
Matan Hilir Selatan,Pagar Mentimun,"Minggu, 13 September 2026 01:41:00",NASA-SNPP,Medium,110.16858,-2.21726,False,False,True,False,False,True,Di Luar Area Pantauan (>1000m dari Desa)
Kendawangan,Banjar Sari,"Minggu, 13 September 2026 01:41:00",NASA-SNPP,Medium,110.24352,-2.4777,False,False,False,True,False,True,Di Luar Area Pantauan (>1000m dari Desa)
Kendawangan,Airhitam Hulu,"Minggu, 13 September 2026 01:41:00",NASA-SNPP,Medium,110.52609,-2.64239,False,False,False,False,True,True,Di Luar Area Pantauan (>1000m dari Desa)
Kendawangan,Airhitam Hulu,"Minggu, 13 September 2026 01:41:00",NASA-SNPP,Medium,110.61082,-2.66002,False,False,False,False,False,False,Di Luar Area Pantauan (>1000m dari Desa)
Kendawangan,Air Hitam Besar,"Minggu, 13 September 2026 01:41:00",NASA-SNPP,Medium,110.71725,-2.70491,False,False,False,False,False,False,Di Luar Area Pantauan (>1000m dari Desa)
Matan Hilir Selatan,Pesaguan Kanan,"Minggu, 13 September 2026 01:41:00",NASA-SNPP,Medium,110.32375,-2.04626,False,False,False,True,False,True,Di Luar Area Pantauan (>1000m dari Desa)
Kendawangan,Airhitam Hulu,"Minggu, 13 September 2026 01:41:00",NASA-SNPP,Medium,110.61012,-2.66465,False,False,False,False,False,False,Di Luar Area Pantauan (>1000m dari Desa)
Kendawangan,Seriam,"Minggu, 13 September 2026 12:40:00",NASA-SNPP,Medium,110.35257,-2.75811,False,False,False,False,True,True,Di Luar Area Pantauan (>1000m dari Desa)
Kendawangan,Pembedilan,"Minggu, 13 September 2026 12:40:00",NASA-SNPP,Medium,110.35721,-2.86441,False,False,False,False,True,True,Di Luar Area Pantauan (>1000m dari Desa)
Kendawangan,Seriam,"Minggu, 13 September 2026 12:40:00",NASA-SNPP,Medium,110.35615,-2.75758,False,False,False,False,True,True,Di Luar Area Pantauan (>1000m dari Desa)
Manis Mata,Suka Ramai,"Minggu, 13 September 2026 12:40:00",NASA-SNPP,Medium,111.10423,-2.75349,False,False,False,False,False,False,Di Luar Area Pantauan (>1000m dari Desa)
Kendawangan,Pembedilan,"Minggu, 13 September 2026 12:40:00",NASA-SNPP,Medium,110.30807,-2.93406,False,False,False,False,True,True,Di Luar Area Pantauan (>1000m dari Desa)
Kendawangan,Air Hitam Besar,"Minggu, 13 September 2026 12:40:00",NASA-SNPP,Medium,110.73988,-2.71153,False,False,False,False,False,False,Di Luar Area Pantauan (>1000m dari Desa)
Kendawangan,Airhitam Hulu,"Minggu, 13 September 2026 12:40:00",NASA-SNPP,Medium,110.50191,-2.6241,False,False,False,False,True,True,Di Luar Area Pantauan (>1000m dari Desa)
Kendawangan,Kedondong,"Minggu, 13 September 2026 12:40:00",NASA-SNPP,Medium,110.36224,-2.26279,False,False,False,False,False,False,Di Luar Area Pantauan (>1000m dari Desa)
Sandai,Demit,"Minggu, 13 September 2026 12:40:00",NASA-SNPP,Medium,110.68176,-1.24533,False,False,False,False,False,False,Di Luar Area Pantauan (>1000m dari Desa)
Simpang Hilir,Lubuk Batu,"Minggu, 13 September 2026 12:40:00",NASA-SNPP,Medium,110.09538,-0.92578,False,False,False,False,False,False,Di Luar Area Pantauan (>1000m dari Desa)
Simpang Hilir,Lubuk Batu,"Minggu, 13 September 2026 12:40:00",NASA-SNPP,Medium,110.11636,-0.92248,False,False,False,False,False,False,Di Luar Area Pantauan (>1000m dari Desa)
Sukadana,Sejahtera,"Sabtu, 12 September 2026 03:21:00",NASA-MODIS,Medium,110.11092,-1.2758,False,False,True,False,True,True,Di Luar Area Pantauan (>1000m dari Desa)
Matan Hilir Selatan,Sungai Besar,"Sabtu, 12 September 2026 03:21:00",NASA-MODIS,Medium,110.1271,-1.92627,False,False,False,True,False,True,Di Luar Area Pantauan (>1000m dari Desa)
Matan Hilir Utara,Kuala Tolak,"Sabtu, 12 September 2026 03:21:00",NASA-MODIS,Medium,110.1699,-1.46971,False,False,False,True,False,True,Di Luar Area Pantauan (>1000m dari Desa)
Kendawangan,Bangkal Serai,"Sabtu, 12 September 2026 15:39:00",NASA-MODIS,Medium,110.51077,-2.56407,False,False,False,False,True,True,Di Luar Area Pantauan (>1000m dari Desa)
Matan Hilir Utara,Sungai Putri,"Sabtu, 12 September 2026 03:21:00",NASA-MODIS,Medium,110.0895,-1.56125,False,False,True,True,False,True,Di Luar Area Pantauan (>1000m dari Desa)
Simpang Hilir,Matan Jaya,"Sabtu, 12 September 2026 03:21:00",NASA-MODIS,Medium,110.14204,-1.08653,False,False,False,True,True,True,Di Luar Area Pantauan (>1000m dari Desa)
Nanga Tayap,Sungai Kelik,"Sabtu, 12 September 2026 03:21:00",NASA-MODIS,Medium,110.30746,-1.63021,False,False,False,True,False,True,Di Luar Area Pantauan (>1000m dari Desa)
Matan Hilir Utara,Kuala Tolak,"Sabtu, 12 September 2026 03:21:00",NASA-MODIS,Medium,110.16119,-1.4891,False,False,True,True,False,True,Di Luar Area Pantauan (>1000m dari Desa)
Kendawangan,Banjar Sari,"Sabtu, 12 September 2026 15:39:00",NASA-MODIS,Medium,110.24014,-2.47701,False,False,False,True,False,True,Di Luar Area Pantauan (>1000m dari Desa)
Kendawangan,Airhitam Hulu,"Sabtu, 12 September 2026 03:21:00",NASA-MODIS,Medium,110.6252,-2.62093,False,False,False,False,False,False,Di Luar Area Pantauan (>1000m dari Desa)
Sukadana,Sedahan Jaya,"Sabtu, 12 September 2026 03:21:00",NASA-MODIS,Medium,110.0422,-1.17343,False,False,True,True,True,True,Di Luar Area Pantauan (>1000m dari Desa)
Kendawangan,Bangkal Serai,"Sabtu, 12 September 2026 15:39:00",NASA-MODIS,Medium,110.48296,-2.48606,False,False,False,False,True,True,Di Luar Area Pantauan (>1000m dari Desa)
Matan Hilir Selatan,Sungai Nanjung,"Sabtu, 12 September 2026 03:21:00",NASA-MODIS,Medium,110.25223,-2.19492,False,False,True,True,True,True,Di Luar Area Pantauan (>1000m dari Desa)
Matan Hilir Utara,Kuala Tolak,"Sabtu, 12 September 2026 03:21:00",NASA-MODIS,Medium,110.14971,-1.42146,False,False,False,True,False,True,Di Luar Area Pantauan (>1000m dari Desa)
Matan Hilir Selatan,Sungai Pelang,"Sabtu, 12 September 2026 03:21:00",NASA-MODIS,Medium,110.23681,-1.84081,False,False,False,True,False,True,Di Luar Area Pantauan (>1000m dari Desa)
Sungai Raya,Gunungtamang,"Sabtu, 12 September 2026 03:21:00",NASA-MODIS,Medium,109.89561,-0.15454,False,False,False,True,False,True,Di Luar Area Pantauan (>1000m dari Desa)
Simpang Hulu,Sekucing Kualan,"Sabtu, 12 September 2026 03:21:00",NASA-MODIS,Medium,110.06793,-0.57743,False,False,False,False,False,False,Di Luar Area Pantauan (>1000m dari Desa)
Simpang Hilir,Matan Jaya,"Sabtu, 12 September 2026 03:21:00",NASA-MODIS,Medium,110.09655,-1.08864,False,False,False,False,True,True,Di Luar Area Pantauan (>1000m dari Desa)
Matan Hilir Utara,Kuala Tolak,"Sabtu, 12 September 2026 03:21:00",NASA-MODIS,Medium,110.10777,-1.46027,False,False,False,False,False,False,Di Luar Area Pantauan (>1000m dari Desa)
Sungai Melayu Rayak,Makmur Abadi,"Sabtu, 12 September 2026 03:21:00",NASA-MODIS,Medium,110.24719,-1.76976,False,False,False,True,False,True,Di Luar Area Pantauan (>1000m dari Desa)
Sungai Laur,Sepotong,"Sabtu, 12 September 2026 03:21:00",NASA-MODIS,Medium,110.55482,-0.82675,False,False,False,False,False,False,Di Luar Area Pantauan (>1000m dari Desa)
Manis Mata,Sengkuang Merabong,"Sabtu, 12 September 2026 03:21:00",NASA-MODIS,Medium,110.96094,-2.19104,False,False,False,False,False,False,Di Luar Area Pantauan (>1000m dari Desa)
Kendawangan,Bangkal Serai,"Sabtu, 12 September 2026 15:39:00",NASA-MODIS,Medium,110.49193,-2.48562,False,False,False,False,True,True,Di Luar Area Pantauan (>1000m dari Desa)
Simpang Dua,Kampar Sebomban,"Sabtu, 12 September 2026 03:21:00",NASA-MODIS,Medium,110.15565,-0.83153,False,False,True,False,False,True,Di Luar Area Pantauan (>1000m dari Desa)
Simpang Hilir,Matan Jaya,"Sabtu, 12 September 2026 03:21:00",NASA-MODIS,Medium,110.1673,-1.09939,False,False,False,False,True,True,Di Luar Area Pantauan (>1000m dari Desa)
Kubu,Seruat Dua,"Sabtu, 12 September 2026 03:21:00",NASA-MODIS,Medium,109.22361,-0.44969,True,False,False,True,False,True,Prioritas 1 (Tinggi)
Matan Hilir Selatan,Sungai Besar,"Sabtu, 12 September 2026 03:21:00",NASA-MODIS,Medium,110.18848,-1.88117,False,False,True,True,False,True,Di Luar Area Pantauan (>1000m dari Desa)
Matan Hilir Utara,Tanjung Baik Budi,"Sabtu, 12 September 2026 03:21:00",NASA-MODIS,Medium,110.16494,-1.52583,False,False,False,False,False,False,Di Luar Area Pantauan (>1000m dari Desa)
Simpang Hilir,Batu Barat,"Sabtu, 12 September 2026 03:21:00",NASA-MODIS,High,110.12769,-0.89937,False,False,True,False,False,True,Di Luar Area Pantauan (>1000m dari Desa)
Sukadana,Sedahan Jaya,"Sabtu, 12 September 2026 03:21:00",NASA-MODIS,High,110.051,-1.17476,False,False,True,True,True,True,Di Luar Area Pantauan (>1000m dari Desa)
Matan Hilir Utara,Kuala Tolak,"Sabtu, 12 September 2026 03:21:00",NASA-MODIS,High,110.17139,-1.48159,False,False,True,True,False,True,Di Luar Area Pantauan (>1000m dari Desa)
Simpang Hilir,Matan Jaya,"Sabtu, 12 September 2026 03:21:00",NASA-MODIS,High,110.15974,-1.08922,False,False,False,False,False,False,Di Luar Area Pantauan (>1000m dari Desa)
Sungai Raya,Kalibandung,"Sabtu, 12 September 2026 03:21:00",NASA-MODIS,High,109.71037,-0.30262,False,False,True,True,False,True,Di Luar Area Pantauan (>1000m dari Desa)
Simpang Dua,Kampar Sebomban,"Sabtu, 12 September 2026 03:21:00",NASA-MODIS,High,110.18953,-0.90876,False,False,False,False,False,False,Di Luar Area Pantauan (>1000m dari Desa)
Simpang Hilir,Penjalaan,"Sabtu, 12 September 2026 03:21:00",NASA-MODIS,High,110.05874,-1.12191,False,False,True,False,False,True,Di Luar Area Pantauan (>1000m dari Desa)
Simpang Hilir,Matan Jaya,"Sabtu, 12 September 2026 03:21:00",NASA-MODIS,High,110.14959,-1.0967,False,False,False,False,True,True,Di Luar Area Pantauan (>1000m dari Desa)
Matan Hilir Utara,Kuala Tolak,"Sabtu, 12 September 2026 03:21:00",NASA-MODIS,High,110.1623,-1.45951,False,False,True,True,False,True,Di Luar Area Pantauan (>1000m dari Desa)
Simpang Hilir,Batu Barat,"Sabtu, 12 September 2026 03:21:00",NASA-MODIS,High,110.10876,-0.9055,False,False,True,True,False,True,Di Luar Area Pantauan (>1000m dari Desa)
Nanga Tayap,Sepakat Jaya,"Sabtu, 12 September 2026 03:21:00",NASA-MODIS,High,110.65993,-1.46157,False,False,True,False,False,True,Di Luar Area Pantauan (>1000m dari Desa)
Muara Pawan,Tanjung Pura,"Sabtu, 12 September 2026 03:21:00",NASA-MODIS,High,110.22838,-1.69317,False,False,False,True,False,True,Di Luar Area Pantauan (>1000m dari Desa)
Muara Pawan,Ulak Medang,"Sabtu, 12 September 2026 03:21:00",NASA-MODIS,High,110.24908,-1.51134,False,False,True,True,False,True,Di Luar Area Pantauan (>1000m dari Desa)
Batu Ampar,Tanjungberingin,"Sabtu, 12 September 2026 03:21:00",NASA-MODIS,High,109.91422,-0.50597,False,False,True,True,False,True,Di Luar Area Pantauan (>1000m dari Desa)
Sukadana,Sedahan Jaya,"Sabtu, 12 September 2026 03:21:00",NASA-MODIS,High,110.0523,-1.16596,False,False,True,False,True,True,Di Luar Area Pantauan (>1000m dari Desa)
Simpang Hilir,Lubuk Batu,"Sabtu, 12 September 2026 03:21:00",NASA-MODIS,High,110.09997,-0.92518,False,False,False,False,False,False,Di Luar Area Pantauan (>1000m dari Desa)
Simpang Hilir,Matan Jaya,"Sabtu, 12 September 2026 03:21:00",NASA-MODIS,High,110.1686,-1.09056,False,False,False,False,True,True,Di Luar Area Pantauan (>1000m dari Desa)
Simpang Hilir,Batu Barat,"Sabtu, 12 September 2026 03:21:00",NASA-MODIS,High,110.04067,-0.96123,False,False,True,True,False,True,Di Luar Area Pantauan (>1000m dari Desa)
Kendawangan,Bangkal Serai,"Sabtu, 12 September 2026 12:57:00",NASA-SNPP,High,110.52483,-2.57079,False,False,False,False,True,True,Di Luar Area Pantauan (>1000m dari Desa)
Nanga Tayap,Sepakat Jaya,"Sabtu, 12 September 2026 03:21:00",NASA-MODIS,High,110.66771,-1.45344,False,False,True,False,False,True,Di Luar Area Pantauan (>1000m dari Desa)
Simpang Dua,Kampar Sebomban,"Sabtu, 12 September 2026 03:21:00",NASA-MODIS,High,110.16356,-0.82187,False,False,True,False,False,True,Di Luar Area Pantauan (>1000m dari Desa)
Simpang Hilir,Lubuk Batu,"Minggu, 13 September 2026 12:59:00",NASA-NOAA20,High,110.10332,-0.93134,False,False,False,False,False,False,Di Luar Area Pantauan (>1000m dari Desa)
Kendawangan,Bangkal Serai,"Sabtu, 12 September 2026 12:57:00",NASA-SNPP,High,110.4994,-2.48666,False,False,False,False,True,True,Di Luar Area Pantauan (>1000m dari Desa)
Matan Hilir Utara,Tanjung Baik Budi,"Minggu, 13 September 2026 12:59:00",NASA-NOAA20,High,110.15264,-1.52838,False,False,True,True,False,True,Di Luar Area Pantauan (>1000m dari Desa)
Matan Hilir Selatan,Sungai Pelang,"Sabtu, 12 September 2026 02:00:00",NASA-SNPP,High,110.18577,-1.86475,False,False,True,True,False,True,Di Luar Area Pantauan (>1000m dari Desa)
Kendawangan,Bangkal Serai,"Sabtu, 12 September 2026 12:57:00",NASA-SNPP,High,110.49882,-2.48273,False,False,False,False,True,True,Di Luar Area Pantauan (>1000m dari Desa)
Kendawangan,Airhitam Hulu,"Minggu, 13 September 2026 12:40:00",NASA-SNPP,High,110.50541,-2.62358,False,False,False,False,True,True,Di Luar Area Pantauan (>1000m dari Desa)
Matan Hilir Selatan,Sungai Pelang,"Sabtu, 12 September 2026 13:18:00",NASA-NOAA20,High,110.24024,-1.84377,False,False,True,True,False,True,Di Luar Area Pantauan (>1000m dari Desa)
Sungai Laur,Harapan Baru,"Minggu, 13 September 2026 12:40:00",NASA-SNPP,High,110.46037,-0.729,False,False,False,False,False,False,Di Luar Area Pantauan (>1000m dari Desa)
Tumbang Titi,Batu Beransak,"Minggu, 13 September 2026 12:40:00",NASA-SNPP,High,110.68934,-1.82097,False,False,False,False,False,False,Di Luar Area Pantauan (>1000m dari Desa)
Simpang Hilir,Matan Jaya,"Sabtu, 12 September 2026 12:57:00",NASA-SNPP,High,110.16302,-1.10015,False,False,False,False,True,True,Di Luar Area Pantauan (>1000m dari Desa)
Kendawangan,Airhitam Hulu,"Sabtu, 12 September 2026 13:18:00",NASA-NOAA20,High,110.60921,-2.66278,False,False,False,False,False,False,Di Luar Area Pantauan (>1000m dari Desa)
Simpang Hilir,Matan Jaya,"Sabtu, 12 September 2026 12:57:00",NASA-SNPP,High,110.15429,-1.10955,False,False,False,False,True,True,Di Luar Area Pantauan (>1000m dari Desa)
Kendawangan,Banjar Sari,"Sabtu, 12 September 2026 13:18:00",NASA-NOAA20,High,110.24909,-2.48011,False,False,False,True,False,True,Di Luar Area Pantauan (>1000m dari Desa)
Simpang Dua,Kampar Sebomban,"Minggu, 13 September 2026 12:40:00",NASA-SNPP,High,110.17897,-0.90871,False,False,False,False,False,False,Di Luar Area Pantauan (>1000m dari Desa)
Kendawangan,Sungai Jelayan,"Minggu, 13 September 2026 12:40:00",NASA-SNPP,High,110.46461,-2.15829,False,False,False,False,False,False,Di Luar Area Pantauan (>1000m dari Desa)
Mukok,Engkode,"Minggu, 13 September 2026 12:40:00",NASA-SNPP,High,110.71219,0.15667,False,False,False,False,False,False,Di Luar Area Pantauan (>1000m dari Desa)
Matan Hilir Selatan,Sungai Besar,"Sabtu, 12 September 2026 02:00:00",NASA-SNPP,High,110.18733,-1.86596,False,False,True,True,False,True,Di Luar Area Pantauan (>1000m dari Desa)
Matan Hilir Selatan,Sungai Nanjung,"Sabtu, 12 September 2026 13:18:00",NASA-NOAA20,High,110.20638,-2.17814,False,False,False,False,False,False,Di Luar Area Pantauan (>1000m dari Desa)
Marau,Batu Payung Dua,"Minggu, 13 September 2026 12:40:00",NASA-SNPP,High,110.59055,-2.01629,False,False,False,False,True,True,Di Luar Area Pantauan (>1000m dari Desa)
Nanga Tayap,Siantau Raya,"Minggu, 13 September 2026 12:40:00",NASA-SNPP,High,110.43775,-1.62112,False,False,False,False,False,False,Di Luar Area Pantauan (>1000m dari Desa)
Kendawangan,Bangkal Serai,"Sabtu, 12 September 2026 00:20:00",NASA-SNPP,High,110.47536,-2.37444,False,False,False,False,False,False,Di Luar Area Pantauan (>1000m dari Desa)
Nanga Tayap,Siantau Raya,"Minggu, 13 September 2026 12:40:00",NASA-SNPP,High,110.43919,-1.62259,False,False,False,False,False,False,Di Luar Area Pantauan (>1000m dari Desa)
Kendawangan,Pembedilan,"Sabtu, 12 September 2026 13:18:00",NASA-NOAA20,High,110.36408,-2.78464,False,False,False,False,True,True,Di Luar Area Pantauan (>1000m dari Desa)
Kendawangan,Air Hitam Besar,"Minggu, 13 September 2026 12:40:00",NASA-SNPP,High,110.63721,-2.77115,False,False,False,False,False,False,Di Luar Area Pantauan (>1000m dari Desa)
Menukung,Belaban Ella,"Minggu, 13 September 2026 00:17:00",NASA-NOAA20,High,112.18529,-0.5111,False,False,False,False,False,False,Di Luar Area Pantauan (>1000m dari Desa)
Hulu Sungai,Krio Hulu,"Minggu, 13 September 2026 12:40:00",NASA-SNPP,High,110.86002,-0.88096,False,False,True,False,False,True,Di Luar Area Pantauan (>1000m dari Desa)
Kendawangan,Pembedilan,"Sabtu, 12 September 2026 12:57:00",NASA-SNPP,High,110.31114,-2.94272,False,False,False,False,True,True,Di Luar Area Pantauan (>1000m dari Desa)
Kendawangan,Air Hitam Besar,"Sabtu, 12 September 2026 12:57:00",NASA-SNPP,High,110.73049,-2.69972,False,False,False,False,False,False,Di Luar Area Pantauan (>1000m dari Desa)
Marau,Pelanjau Jaya,"Sabtu, 12 September 2026 13:18:00",NASA-NOAA20,High,110.58846,-2.25627,False,False,False,False,False,False,Di Luar Area Pantauan (>1000m dari Desa)
Sungai Laur,Sepotong,"Sabtu, 12 September 2026 03:21:00",NASA-MODIS,High,110.57029,-0.84729,False,False,False,False,False,False,Di Luar Area Pantauan (>1000m dari Desa)
Kendawangan,Seriam,"Sabtu, 12 September 2026 15:39:00",NASA-MODIS,High,110.32488,-2.64848,False,False,False,False,True,True,Di Luar Area Pantauan (>1000m dari Desa)
Matan Hilir Selatan,Sungai Pelang,"Sabtu, 12 September 2026 03:21:00",NASA-MODIS,High,110.23551,-1.84969,False,False,True,True,False,True,Di Luar Area Pantauan (>1000m dari Desa)
Matan Hilir Utara,Kuala Tolak,"Sabtu, 12 September 2026 03:21:00",NASA-MODIS,High,110.15342,-1.45817,False,False,True,True,False,True,Di Luar Area Pantauan (>1000m dari Desa)
Sukadana,Sedahan Jaya,"Sabtu, 12 September 2026 03:21:00",NASA-MODIS,High,110.06111,-1.16729,False,False,True,False,True,True,Di Luar Area Pantauan (>1000m dari Desa)
Manis Mata,Pelempangan,"Sabtu, 12 September 2026 03:21:00",NASA-MODIS,High,111.05116,-2.14914,False,False,False,False,False,False,Di Luar Area Pantauan (>1000m dari Desa)
Matan Hilir Selatan,Sungai Besar,"Sabtu, 12 September 2026 03:21:00",NASA-MODIS,High,110.17954,-1.87983,False,False,True,True,False,True,Di Luar Area Pantauan (>1000m dari Desa)
Matan Hilir Selatan,Sungai Besar,"Sabtu, 12 September 2026 03:21:00",NASA-MODIS,High,110.2077,-1.87498,False,False,True,True,False,True,Di Luar Area Pantauan (>1000m dari Desa)
Muara Pawan,Ulak Medang,"Sabtu, 12 September 2026 03:21:00",NASA-MODIS,High,110.26697,-1.51402,False,False,True,True,False,True,Di Luar Area Pantauan (>1000m dari Desa)
Simpang Hilir,Lubuk Batu,"Sabtu, 12 September 2026 03:21:00",NASA-MODIS,High,110.09738,-0.9428,False,False,False,False,False,False,Di Luar Area Pantauan (>1000m dari Desa)
Muara Pawan,Ulak Medang,"Sabtu, 12 September 2026 03:21:00",NASA-MODIS,High,110.25803,-1.51268,False,False,True,True,False,True,Di Luar Area Pantauan (>1000m dari Desa)
Matan Hilir Utara,Lamon Satong,"Sabtu, 12 September 2026 03:21:00",NASA-MODIS,High,110.18404,-1.51966,False,False,True,True,False,True,Di Luar Area Pantauan (>1000m dari Desa)
Matan Hilir Utara,Tanjung Baik Budi,"Sabtu, 12 September 2026 03:21:00",NASA-MODIS,High,110.14843,-1.5143,False,False,False,False,False,False,Di Luar Area Pantauan (>1000m dari Desa)
Simpang Hilir,Lubuk Batu,"Sabtu, 12 September 2026 03:21:00",NASA-MODIS,High,110.1189,-0.91902,False,False,False,False,False,False,Di Luar Area Pantauan (>1000m dari Desa)
Simpang Hilir,Matan Jaya,"Sabtu, 12 September 2026 03:21:00",NASA-MODIS,High,110.12305,-1.09266,False,False,True,True,True,True,Di Luar Area Pantauan (>1000m dari Desa)
Manis Mata,Sengkuang Merabong,"Sabtu, 12 September 2026 03:21:00",NASA-MODIS,High,110.97186,-2.18331,False,False,False,False,False,False,Di Luar Area Pantauan (>1000m dari Desa)
Simpang Hulu,Sekucing Kualan,"Sabtu, 12 September 2026 03:21:00",NASA-MODIS,High,110.08035,-0.61526,False,False,False,False,False,False,Di Luar Area Pantauan (>1000m dari Desa)
Muara Pawan,Mayak,"Sabtu, 12 September 2026 03:21:00",NASA-MODIS,High,110.12205,-1.75104,False,False,False,True,False,True,Di Luar Area Pantauan (>1000m dari Desa)
Manis Mata,Sengkuang Merabong,"Sabtu, 12 September 2026 03:21:00",NASA-MODIS,High,110.97053,-2.19247,False,False,False,False,False,False,Di Luar Area Pantauan (>1000m dari Desa)
Kendawangan,Bangkal Serai,"Sabtu, 12 September 2026 03:21:00",NASA-MODIS,High,110.47405,-2.37655,False,False,False,False,False,False,Di Luar Area Pantauan (>1000m dari Desa)
Matan Hilir Utara,Kuala Tolak,"Sabtu, 12 September 2026 03:21:00",NASA-MODIS,High,110.13194,-1.50278,False,False,True,True,False,True,Di Luar Area Pantauan (>1000m dari Desa)
Matan Hilir Utara,Kuala Tolak,"Sabtu, 12 September 2026 03:21:00",NASA-MODIS,High,110.12435,-1.4926,False,False,True,True,False,True,Di Luar Area Pantauan (>1000m dari Desa)
Muara Pawan,Ulak Medang,"Sabtu, 12 September 2026 03:21:00",NASA-MODIS,High,110.28488,-1.51671,False,False,True,True,False,True,Di Luar Area Pantauan (>1000m dari Desa)
Simpang Hilir,Matan Jaya,"Sabtu, 12 September 2026 03:21:00",NASA-MODIS,High,110.10538,-1.08998,False,False,True,True,True,True,Di Luar Area Pantauan (>1000m dari Desa)
Simpang Hilir,Matan Jaya,"Sabtu, 12 September 2026 03:21:00",NASA-MODIS,High,110.13188,-1.09401,False,False,True,True,True,True,Di Luar Area Pantauan (>1000m dari Desa)
Matan Hilir Utara,Tanjung Baik Budi,"Sabtu, 12 September 2026 03:21:00",NASA-MODIS,High,110.15604,-1.52449,False,False,False,True,False,True,Di Luar Area Pantauan (>1000m dari Desa)
Nanga Tayap,Sepakat Jaya,"Sabtu, 12 September 2026 03:21:00",NASA-MODIS,High,110.65851,-1.45204,False,False,True,False,False,True,Di Luar Area Pantauan (>1000m dari Desa)
Simpang Dua,Kampar Sebomban,"Sabtu, 12 September 2026 03:21:00",NASA-MODIS,High,110.18069,-0.90741,False,False,False,False,False,False,Di Luar Area Pantauan (>1000m dari Desa)
Nanga Tayap,Batu Mas,"Sabtu, 12 September 2026 03:21:00",NASA-MODIS,High,110.66219,-1.68355,False,False,True,False,False,True,Di Luar Area Pantauan (>1000m dari Desa)
Simpang Hilir,Matan Jaya,"Sabtu, 12 September 2026 03:21:00",NASA-MODIS,High,110.11421,-1.09132,False,False,True,True,True,True,Di Luar Area Pantauan (>1000m dari Desa)
Matan Hilir Selatan,Sungai Besar,"Sabtu, 12 September 2026 03:21:00",NASA-MODIS,High,110.19875,-1.87364,False,False,True,True,False,True,Di Luar Area Pantauan (>1000m dari Desa)
Matan Hilir Selatan,Sungai Pelang,"Sabtu, 12 September 2026 03:21:00",NASA-MODIS,High,110.19109,-1.86343,False,False,True,True,False,True,Di Luar Area Pantauan (>1000m dari Desa)
Simpang Hilir,Batu Barat,"Sabtu, 12 September 2026 03:21:00",NASA-MODIS,High,110.03938,-0.97003,False,False,True,True,False,True,Di Luar Area Pantauan (>1000m dari Desa)
Simpang Hilir,Matan Jaya,"Sabtu, 12 September 2026 03:21:00",NASA-MODIS,High,110.13319,-1.08519,False,False,False,True,True,True,Di Luar Area Pantauan (>1000m dari Desa)
Simpang Hilir,Penjalaan,"Sabtu, 12 September 2026 03:21:00",NASA-MODIS,High,110.05745,-1.13072,False,False,True,True,False,True,Di Luar Area Pantauan (>1000m dari Desa)
Simpang Hilir,Batu Barat,"Sabtu, 12 September 2026 03:21:00",NASA-MODIS,High,110.11887,-0.89803,False,False,True,False,False,True,Di Luar Area Pantauan (>1000m dari Desa)
Kendawangan,Airhitam Hulu,"Sabtu, 12 September 2026 03:21:00",NASA-MODIS,High,110.61421,-2.6567,False,False,False,False,False,False,Di Luar Area Pantauan (>1000m dari Desa)
Matan Hilir Utara,Tanjung Baik Budi,"Sabtu, 12 September 2026 03:21:00",NASA-MODIS,High,110.14713,-1.52314,False,False,True,True,False,True,Di Luar Area Pantauan (>1000m dari Desa)
Matan Hilir Selatan,Sungai Besar,"Sabtu, 12 September 2026 03:21:00",NASA-MODIS,High,110.1898,-1.8723,False,False,True,True,False,True,Di Luar Area Pantauan (>1000m dari Desa)
Matan Hilir Selatan,Sungai Besar,"Sabtu, 12 September 2026 03:21:00",NASA-MODIS,High,110.26288,-1.87417,False,False,True,True,False,True,Di Luar Area Pantauan (>1000m dari Desa)
Simpang Hilir,Batu Barat,"Sabtu, 12 September 2026 03:21:00",NASA-MODIS,High,110.10123,-0.89536,False,False,True,True,False,True,Di Luar Area Pantauan (>1000m dari Desa)
Matan Hilir Utara,Kuala Tolak,"Sabtu, 12 September 2026 03:21:00",NASA-MODIS,High,110.12305,-1.50144,False,False,True,True,False,True,Di Luar Area Pantauan (>1000m dari Desa)
Matan Hilir Utara,Lamon Satong,"Sabtu, 12 September 2026 03:21:00",NASA-MODIS,High,110.19294,-1.52101,False,False,True,True,False,True,Di Luar Area Pantauan (>1000m dari Desa)
Nanga Tayap,Batu Mas,"Sabtu, 12 September 2026 03:21:00",NASA-MODIS,High,110.65297,-1.68217,False,False,True,False,False,True,Di Luar Area Pantauan (>1000m dari Desa)
Muara Pawan,Ulak Medang,"Sabtu, 12 September 2026 03:21:00",NASA-MODIS,High,110.27592,-1.51537,False,False,False,True,False,True,Di Luar Area Pantauan (>1000m dari Desa)
Matan Hilir Selatan,Sungai Nanjung,"Sabtu, 12 September 2026 03:21:00",NASA-MODIS,High,110.26126,-2.19628,False,False,True,True,True,True,Di Luar Area Pantauan (>1000m dari Desa)
Simpang Hilir,Matan Jaya,"Sabtu, 12 September 2026 03:21:00",NASA-MODIS,High,110.14073,-1.09535,False,False,False,True,True,True,Di Luar Area Pantauan (>1000m dari Desa)
Nanga Tayap,Betenung,"Sabtu, 12 September 2026 03:21:00",NASA-MODIS,High,110.82617,-1.57926,False,False,True,False,False,True,Di Luar Area Pantauan (>1000m dari Desa)
Simpang Hilir,Lubuk Batu,"Sabtu, 12 September 2026 03:21:00",NASA-MODIS,High,110.10749,-0.93532,False,False,False,False,False,False,Di Luar Area Pantauan (>1000m dari Desa)
Terentang,Betuah,"Sabtu, 12 September 2026 03:21:00",NASA-MODIS,High,109.92423,-0.49852,False,False,True,True,False,True,Di Luar Area Pantauan (>1000m dari Desa)
Batu Ampar,Tanjungberingin,"Sabtu, 12 September 2026 03:21:00",NASA-MODIS,High,109.92295,-0.50729,False,False,True,True,False,True,Di Luar Area Pantauan (>1000m dari Desa)
Kendawangan,Bangkal Serai,"Sabtu, 12 September 2026 03:21:00",NASA-MODIS,High,110.48325,-2.37792,False,False,False,False,False,False,Di Luar Area Pantauan (>1000m dari Desa)
Simpang Hilir,Matan Jaya,"Sabtu, 12 September 2026 03:21:00",NASA-MODIS,High,110.15845,-1.09804,False,False,False,False,True,True,Di Luar Area Pantauan (>1000m dari Desa)
Simpang Hilir,Lubuk Batu,"Sabtu, 12 September 2026 03:21:00",NASA-MODIS,High,110.09867,-0.93399,False,False,False,False,False,False,Di Luar Area Pantauan (>1000m dari Desa)
Simpang Hilir,Batu Barat,"Sabtu, 12 September 2026 03:21:00",NASA-MODIS,High,110.11005,-0.89669,False,False,True,True,False,True,Di Luar Area Pantauan (>1000m dari Desa)
