Kecamatan,Desa,Waktu,Satelit,Confidence,Longitude,Latitude,in_desa,in_buffer,is_hutan,is_gambut,is_kk,in_kawasan,Prioritas_Satgas
Kendawangan,Airhitam Hulu,"Jumat, 11 September 2026 02:45:00",NASA-MODIS,Medium,110.62533,-2.6598,False,False,False,False,False,False,Di Luar Area Pantauan (>1000m dari Desa)
Matan Hilir Selatan,Sungai Nanjung,"Jumat, 11 September 2026 02:45:00",NASA-MODIS,Medium,110.2606,-2.19147,False,False,True,True,True,True,Di Luar Area Pantauan (>1000m dari Desa)
Simpang Hilir,Batu Barat,"Jumat, 11 September 2026 00:39:00",NASA-SNPP,Medium,110.04128,-0.97573,False,False,False,True,False,True,Di Luar Area Pantauan (>1000m dari Desa)
Simpang Hilir,Batu Barat,"Jumat, 11 September 2026 00:39:00",NASA-SNPP,Medium,110.12022,-0.89858,False,False,True,False,False,True,Di Luar Area Pantauan (>1000m dari Desa)
Sungai Ambawang,Teluk Bakung,"Jumat, 11 September 2026 00:39:00",NASA-SNPP,Medium,109.74859,-0.01453,False,False,False,True,False,True,Di Luar Area Pantauan (>1000m dari Desa)
Sungai Ambawang,Teluk Bakung,"Jumat, 11 September 2026 00:39:00",NASA-SNPP,Medium,109.73544,-0.01841,False,False,False,True,False,True,Di Luar Area Pantauan (>1000m dari Desa)
Sungai Ambawang,Lingga,"Jumat, 11 September 2026 00:39:00",NASA-SNPP,Medium,109.65034,-0.13488,False,False,True,True,False,True,Di Luar Area Pantauan (>1000m dari Desa)
Simpang Hilir,Batu Barat,"Jumat, 11 September 2026 00:39:00",NASA-SNPP,Medium,110.04407,-0.95891,False,False,True,True,False,True,Di Luar Area Pantauan (>1000m dari Desa)
Simpang Hilir,Batu Barat,"Jumat, 11 September 2026 00:39:00",NASA-SNPP,Medium,110.04219,-0.97012,False,False,False,True,False,True,Di Luar Area Pantauan (>1000m dari Desa)
Sekayam,Sangai Tekam,"Jumat, 11 September 2026 00:56:00",NASA-NOAA20,Medium,110.76064,0.89116,False,False,False,False,False,False,Di Luar Area Pantauan (>1000m dari Desa)
Terentang,Betuah,"Jumat, 11 September 2026 00:56:00",NASA-NOAA20,Medium,109.93456,-0.49843,False,False,True,True,False,True,Di Luar Area Pantauan (>1000m dari Desa)
Batu Ampar,Tanjungberingin,"Jumat, 11 September 2026 00:56:00",NASA-NOAA20,Medium,109.92533,-0.50074,False,False,True,True,False,True,Di Luar Area Pantauan (>1000m dari Desa)
Simpang Dua,Semandang Kanan,"Jumat, 11 September 2026 00:56:00",NASA-NOAA20,Medium,110.40506,-0.7753,False,False,False,False,False,False,Di Luar Area Pantauan (>1000m dari Desa)
Simpang Dua,Semandang Kanan,"Jumat, 11 September 2026 00:56:00",NASA-NOAA20,Medium,110.40154,-0.77107,False,False,False,False,False,False,Di Luar Area Pantauan (>1000m dari Desa)
Simpang Dua,Semandang Kanan,"Jumat, 11 September 2026 00:56:00",NASA-NOAA20,Medium,110.40096,-0.77464,False,False,False,False,False,False,Di Luar Area Pantauan (>1000m dari Desa)
Simpang Dua,Kampar Sebomban,"Jumat, 11 September 2026 00:56:00",NASA-NOAA20,Medium,110.16049,-0.83022,False,False,True,False,False,True,Di Luar Area Pantauan (>1000m dari Desa)
Simpang Dua,Kampar Sebomban,"Jumat, 11 September 2026 00:56:00",NASA-NOAA20,Medium,110.16162,-0.82297,False,False,True,True,False,True,Di Luar Area Pantauan (>1000m dari Desa)
Simpang Hilir,Batu Barat,"Jumat, 11 September 2026 00:56:00",NASA-NOAA20,Medium,110.14336,-0.85719,False,False,False,True,False,True,Di Luar Area Pantauan (>1000m dari Desa)
Simpang Dua,Kampar Sebomban,"Jumat, 11 September 2026 00:56:00",NASA-NOAA20,Medium,110.14753,-0.85785,False,False,True,True,False,True,Di Luar Area Pantauan (>1000m dari Desa)
Simpang Dua,Kampar Sebomban,"Jumat, 11 September 2026 00:56:00",NASA-NOAA20,Medium,110.15631,-0.82955,False,False,True,False,False,True,Di Luar Area Pantauan (>1000m dari Desa)
Simpang Dua,Kampar Sebomban,"Jumat, 11 September 2026 00:56:00",NASA-NOAA20,Medium,110.15946,-0.86345,False,False,True,False,False,True,Di Luar Area Pantauan (>1000m dari Desa)
Simpang Dua,Kampar Sebomban,"Jumat, 11 September 2026 00:56:00",NASA-NOAA20,Medium,110.16362,-0.86411,False,False,False,False,False,False,Di Luar Area Pantauan (>1000m dari Desa)
Sungai Ambawang,Teluk Bakung,"Jumat, 11 September 2026 00:56:00",NASA-NOAA20,Medium,109.75489,-0.01691,False,False,False,True,False,True,Di Luar Area Pantauan (>1000m dari Desa)
Sungai Ambawang,Teluk Bakung,"Jumat, 11 September 2026 00:56:00",NASA-NOAA20,Medium,109.74532,-0.01923,False,False,True,True,False,True,Di Luar Area Pantauan (>1000m dari Desa)
Sungai Ambawang,Teluk Bakung,"Jumat, 11 September 2026 00:56:00",NASA-NOAA20,Medium,109.74981,-0.01994,False,False,False,True,False,True,Di Luar Area Pantauan (>1000m dari Desa)
Sungai Ambawang,Teluk Bakung,"Jumat, 11 September 2026 00:56:00",NASA-NOAA20,Medium,109.74142,-0.01477,False,False,False,True,False,True,Di Luar Area Pantauan (>1000m dari Desa)
Sungai Raya,Pulaulimbung,"Jumat, 11 September 2026 00:56:00",NASA-NOAA20,Medium,109.82726,-0.17509,False,False,True,True,True,True,Di Luar Area Pantauan (>1000m dari Desa)
Sungai Ambawang,Puguk,"Jumat, 11 September 2026 00:56:00",NASA-NOAA20,Medium,109.51722,-0.11884,False,False,False,True,False,True,Di Luar Area Pantauan (>1000m dari Desa)
Sungai Ambawang,Lingga,"Jumat, 11 September 2026 00:56:00",NASA-NOAA20,Medium,109.65079,-0.13208,False,False,True,True,False,True,Di Luar Area Pantauan (>1000m dari Desa)
Sungai Ambawang,Teluk Bakung,"Jumat, 11 September 2026 00:56:00",NASA-NOAA20,Medium,109.65474,-0.13655,False,False,True,True,False,True,Di Luar Area Pantauan (>1000m dari Desa)
Sungai Ambawang,Lingga,"Jumat, 11 September 2026 00:56:00",NASA-NOAA20,Medium,109.65022,-0.13584,False,False,True,True,False,True,Di Luar Area Pantauan (>1000m dari Desa)
Sungai Ambawang,Lingga,"Jumat, 11 September 2026 00:56:00",NASA-NOAA20,Medium,109.63465,-0.08713,False,False,True,True,False,True,Di Luar Area Pantauan (>1000m dari Desa)
Sungai Ambawang,Teluk Bakung,"Jumat, 11 September 2026 00:56:00",NASA-NOAA20,Medium,109.66043,-0.12975,False,False,True,True,False,True,Di Luar Area Pantauan (>1000m dari Desa)
Sungai Raya,Kalibandung,"Jumat, 11 September 2026 00:56:00",NASA-NOAA20,Medium,109.64549,-0.33667,False,False,False,True,False,True,Di Luar Area Pantauan (>1000m dari Desa)
Sungai Raya,Kalibandung,"Jumat, 11 September 2026 00:56:00",NASA-NOAA20,Medium,109.64999,-0.33738,False,False,False,True,False,True,Di Luar Area Pantauan (>1000m dari Desa)
Sungai Raya,Kalibandung,"Jumat, 11 September 2026 00:56:00",NASA-NOAA20,Medium,109.65448,-0.3381,False,False,False,True,False,True,Di Luar Area Pantauan (>1000m dari Desa)
Sungai Raya,Kalibandung,"Jumat, 11 September 2026 00:56:00",NASA-NOAA20,Medium,109.64098,-0.33596,False,False,False,True,False,True,Di Luar Area Pantauan (>1000m dari Desa)
Sungai Raya,Kalibandung,"Jumat, 11 September 2026 00:56:00",NASA-NOAA20,Medium,109.66854,-0.33648,False,False,False,True,False,True,Di Luar Area Pantauan (>1000m dari Desa)
Sungai Raya,Kalibandung,"Jumat, 11 September 2026 00:56:00",NASA-NOAA20,Medium,109.65115,-0.32989,False,False,False,True,False,True,Di Luar Area Pantauan (>1000m dari Desa)
Sungai Raya,Kalibandung,"Jumat, 11 September 2026 00:56:00",NASA-NOAA20,Medium,109.6316,-0.30755,False,False,False,True,False,True,Di Luar Area Pantauan (>1000m dari Desa)
Sungai Raya,Kalibandung,"Jumat, 11 September 2026 00:56:00",NASA-NOAA20,Medium,109.67599,-0.31849,False,False,False,True,False,True,Di Luar Area Pantauan (>1000m dari Desa)
Sungai Raya,Kalibandung,"Jumat, 11 September 2026 00:56:00",NASA-NOAA20,Medium,109.67361,-0.33345,False,False,False,True,False,True,Di Luar Area Pantauan (>1000m dari Desa)
Sungai Raya,Kalibandung,"Jumat, 11 September 2026 00:56:00",NASA-NOAA20,Medium,109.6271,-0.30683,False,False,False,True,False,True,Di Luar Area Pantauan (>1000m dari Desa)
Sungai Raya,Sungaiasam,"Jumat, 11 September 2026 00:56:00",NASA-NOAA20,Medium,109.48599,-0.28427,False,False,False,True,False,True,Di Luar Area Pantauan (>1000m dari Desa)
Sungai Raya,Kalibandung,"Jumat, 11 September 2026 00:56:00",NASA-NOAA20,Medium,109.71411,-0.30926,False,False,True,True,False,True,Di Luar Area Pantauan (>1000m dari Desa)
Sungai Raya,Kalibandung,"Jumat, 11 September 2026 00:56:00",NASA-NOAA20,Medium,109.70964,-0.30854,False,False,False,False,False,False,Di Luar Area Pantauan (>1000m dari Desa)
Sungai Raya,Muara Baru,"Jumat, 11 September 2026 00:56:00",NASA-NOAA20,Medium,109.71474,-0.30553,False,False,False,True,False,True,Di Luar Area Pantauan (>1000m dari Desa)
Batu Ampar,Tanjungberingin,"Jumat, 11 September 2026 00:56:00",NASA-NOAA20,Medium,109.92475,-0.50443,False,False,True,True,False,True,Di Luar Area Pantauan (>1000m dari Desa)
Batu Ampar,Tanjungberingin,"Jumat, 11 September 2026 00:56:00",NASA-NOAA20,Medium,109.92042,-0.50374,False,False,True,True,False,True,Di Luar Area Pantauan (>1000m dari Desa)
Kubu,Kubu,"Jumat, 11 September 2026 00:56:00",NASA-NOAA20,Medium,109.54762,-0.48805,False,False,True,True,False,True,Di Luar Area Pantauan (>1000m dari Desa)
Simpang Dua,Kampar Sebomban,"Jumat, 11 September 2026 00:56:00",NASA-NOAA20,Medium,110.14204,-0.83841,False,False,True,True,False,True,Di Luar Area Pantauan (>1000m dari Desa)
Simpang Dua,Kampar Sebomban,"Jumat, 11 September 2026 00:56:00",NASA-NOAA20,Medium,110.15099,-0.83612,False,False,True,False,False,True,Di Luar Area Pantauan (>1000m dari Desa)
Simpang Dua,Kampar Sebomban,"Jumat, 11 September 2026 00:56:00",NASA-NOAA20,Medium,110.15574,-0.83317,False,False,True,False,False,True,Di Luar Area Pantauan (>1000m dari Desa)
Simpang Dua,Kampar Sebomban,"Jumat, 11 September 2026 00:56:00",NASA-NOAA20,Medium,110.16522,-0.82726,False,False,True,False,False,True,Di Luar Area Pantauan (>1000m dari Desa)
Simpang Dua,Kampar Sebomban,"Jumat, 11 September 2026 00:56:00",NASA-NOAA20,Medium,110.16882,-0.83155,False,False,True,False,False,True,Di Luar Area Pantauan (>1000m dari Desa)
Simpang Dua,Kampar Sebomban,"Jumat, 11 September 2026 00:56:00",NASA-NOAA20,Medium,110.15155,-0.8325,False,False,True,False,False,True,Di Luar Area Pantauan (>1000m dari Desa)
Simpang Dua,Kampar Sebomban,"Jumat, 11 September 2026 00:56:00",NASA-NOAA20,Medium,110.25977,-0.81499,False,False,False,False,False,False,Di Luar Area Pantauan (>1000m dari Desa)
Simpang Dua,Semandang Kanan,"Jumat, 11 September 2026 00:56:00",NASA-NOAA20,Medium,110.31015,-0.76389,False,False,False,False,False,False,Di Luar Area Pantauan (>1000m dari Desa)
Simpang Dua,Semandang Kanan,"Jumat, 11 September 2026 00:56:00",NASA-NOAA20,Medium,110.39214,-0.77691,False,False,False,False,False,False,Di Luar Area Pantauan (>1000m dari Desa)
Simpang Dua,Semandang Kanan,"Jumat, 11 September 2026 00:56:00",NASA-NOAA20,Medium,110.39626,-0.77757,False,False,False,False,False,False,Di Luar Area Pantauan (>1000m dari Desa)
Simpang Dua,Semandang Kanan,"Jumat, 11 September 2026 00:56:00",NASA-NOAA20,Medium,110.31427,-0.76454,False,False,False,False,False,False,Di Luar Area Pantauan (>1000m dari Desa)
Simpang Dua,Semandang Kanan,"Jumat, 11 September 2026 00:56:00",NASA-NOAA20,Medium,110.30604,-0.76323,False,False,True,False,False,True,Di Luar Area Pantauan (>1000m dari Desa)
Sungai Ambawang,Pasak Piang,"Jumat, 11 September 2026 00:56:00",NASA-NOAA20,Medium,109.58752,-0.14918,False,False,False,True,False,True,Di Luar Area Pantauan (>1000m dari Desa)
Sungai Ambawang,Teluk Bakung,"Jumat, 11 September 2026 00:56:00",NASA-NOAA20,Medium,109.70792,-0.05173,False,False,False,True,False,True,Di Luar Area Pantauan (>1000m dari Desa)
Terentang,Teluk Bayur,"Jumat, 11 September 2026 00:56:00",NASA-NOAA20,Medium,109.51869,-0.39407,False,False,False,True,False,True,Di Luar Area Pantauan (>1000m dari Desa)
Terentang,Teluk Bayur,"Jumat, 11 September 2026 00:56:00",NASA-NOAA20,Medium,109.51928,-0.3903,False,False,False,True,False,True,Di Luar Area Pantauan (>1000m dari Desa)
Terentang,Teluk Bayur,"Jumat, 11 September 2026 00:56:00",NASA-NOAA20,Medium,109.52385,-0.39103,False,False,False,True,False,True,Di Luar Area Pantauan (>1000m dari Desa)
Simpang Dua,Kampar Sebomban,"Jumat, 11 September 2026 00:56:00",NASA-NOAA20,Medium,110.16721,-0.86839,False,False,False,False,False,False,Di Luar Area Pantauan (>1000m dari Desa)
Simpang Dua,Kampar Sebomban,"Jumat, 11 September 2026 00:56:00",NASA-NOAA20,Medium,110.20523,-0.8707,False,False,True,False,False,True,Di Luar Area Pantauan (>1000m dari Desa)
Simpang Hilir,Batu Barat,"Jumat, 11 September 2026 00:56:00",NASA-NOAA20,Medium,110.11967,-0.89805,False,False,True,False,False,True,Di Luar Area Pantauan (>1000m dari Desa)
Simpang Dua,Kampar Sebomban,"Jumat, 11 September 2026 00:56:00",NASA-NOAA20,Medium,110.18231,-0.90782,False,False,False,False,False,False,Di Luar Area Pantauan (>1000m dari Desa)
Simpang Hilir,Lubuk Batu,"Jumat, 11 September 2026 00:56:00",NASA-NOAA20,Medium,110.11877,-0.91347,False,False,False,False,False,False,Di Luar Area Pantauan (>1000m dari Desa)
Simpang Hilir,Lubuk Batu,"Jumat, 11 September 2026 00:56:00",NASA-NOAA20,Medium,110.09801,-0.93617,False,False,False,False,False,False,Di Luar Area Pantauan (>1000m dari Desa)
Simpang Hilir,Batu Barat,"Jumat, 11 September 2026 00:56:00",NASA-NOAA20,Medium,110.00949,-0.92203,False,False,True,False,False,True,Di Luar Area Pantauan (>1000m dari Desa)
Simpang Hilir,Lubuk Batu,"Jumat, 11 September 2026 00:56:00",NASA-NOAA20,Medium,110.09628,-0.94705,False,False,False,False,False,False,Di Luar Area Pantauan (>1000m dari Desa)
Simpang Hilir,Sungaimata-Mata,"Jumat, 11 September 2026 00:56:00",NASA-NOAA20,Medium,109.97747,-0.93189,False,False,True,True,False,True,Di Luar Area Pantauan (>1000m dari Desa)
Simpang Hilir,Batu Barat,"Jumat, 11 September 2026 00:56:00",NASA-NOAA20,Medium,110.04005,-0.9754,False,False,False,True,False,True,Di Luar Area Pantauan (>1000m dari Desa)
Simpang Hilir,Batu Barat,"Jumat, 11 September 2026 00:56:00",NASA-NOAA20,Medium,110.01833,-0.97572,False,False,True,True,False,True,Di Luar Area Pantauan (>1000m dari Desa)
Simpang Hilir,Nipah Kuning,"Jumat, 11 September 2026 00:56:00",NASA-NOAA20,Medium,109.93195,-1.01081,False,False,True,True,True,True,Di Luar Area Pantauan (>1000m dari Desa)
Simpang Hilir,Rantau Panjang,"Jumat, 11 September 2026 00:56:00",NASA-NOAA20,Medium,110.04781,-1.13789,False,False,True,True,False,True,Di Luar Area Pantauan (>1000m dari Desa)
Simpang Hilir,Rantau Panjang,"Jumat, 11 September 2026 00:56:00",NASA-NOAA20,Medium,110.04302,-1.14084,False,False,True,False,False,True,Di Luar Area Pantauan (>1000m dari Desa)
Sukadana,Sedahan Jaya,"Jumat, 11 September 2026 00:56:00",NASA-NOAA20,Medium,110.05997,-1.16958,False,False,True,False,True,True,Di Luar Area Pantauan (>1000m dari Desa)
Simpang Hilir,Rantau Panjang,"Jumat, 11 September 2026 00:56:00",NASA-NOAA20,Medium,110.04722,-1.14151,False,False,True,False,False,True,Di Luar Area Pantauan (>1000m dari Desa)
Sukadana,Sedahan Jaya,"Jumat, 11 September 2026 00:56:00",NASA-NOAA20,Medium,110.04259,-1.17054,False,False,True,True,True,True,Di Luar Area Pantauan (>1000m dari Desa)
Batu Ampar,Batu Ampar,"Jumat, 11 September 2026 00:56:00",NASA-NOAA20,Medium,109.53767,-0.7805,False,False,True,True,True,True,Di Luar Area Pantauan (>1000m dari Desa)
Simpang Hilir,Batu Barat,"Jumat, 11 September 2026 00:56:00",NASA-NOAA20,Medium,110.11549,-0.89739,False,False,True,True,False,True,Di Luar Area Pantauan (>1000m dari Desa)
Simpang Hilir,Batu Barat,"Jumat, 11 September 2026 00:56:00",NASA-NOAA20,Medium,110.10231,-0.89906,False,False,True,True,False,True,Di Luar Area Pantauan (>1000m dari Desa)
Simpang Dua,Kampar Sebomban,"Jumat, 11 September 2026 00:56:00",NASA-NOAA20,Medium,110.18648,-0.90847,False,False,False,False,False,False,Di Luar Area Pantauan (>1000m dari Desa)
Simpang Dua,Kampar Sebomban,"Jumat, 11 September 2026 00:56:00",NASA-NOAA20,Medium,110.17872,-0.90356,False,False,False,False,False,False,Di Luar Area Pantauan (>1000m dari Desa)
Simpang Dua,Kampar Sebomban,"Jumat, 11 September 2026 00:56:00",NASA-NOAA20,Medium,110.18288,-0.90421,False,False,False,False,False,False,Di Luar Area Pantauan (>1000m dari Desa)
Simpang Dua,Kampar Sebomban,"Jumat, 11 September 2026 00:56:00",NASA-NOAA20,Medium,110.18763,-0.90124,False,False,False,False,False,False,Di Luar Area Pantauan (>1000m dari Desa)
Simpang Dua,Kampar Sebomban,"Jumat, 11 September 2026 00:56:00",NASA-NOAA20,Medium,110.18346,-0.90059,False,False,False,False,False,False,Di Luar Area Pantauan (>1000m dari Desa)
Simpang Hilir,Batu Barat,"Jumat, 11 September 2026 00:56:00",NASA-NOAA20,Medium,110.10651,-0.89971,False,False,True,True,False,True,Di Luar Area Pantauan (>1000m dari Desa)
Simpang Hilir,Batu Barat,"Jumat, 11 September 2026 00:56:00",NASA-NOAA20,Medium,110.1149,-0.90102,False,False,True,True,False,True,Di Luar Area Pantauan (>1000m dari Desa)
Simpang Dua,Kampar Sebomban,"Jumat, 11 September 2026 00:56:00",NASA-NOAA20,Medium,110.18589,-0.91208,False,False,False,False,False,False,Di Luar Area Pantauan (>1000m dari Desa)
Simpang Dua,Kampar Sebomban,"Jumat, 11 September 2026 00:56:00",NASA-NOAA20,Medium,110.18,-0.90481,False,False,False,False,False,False,Di Luar Area Pantauan (>1000m dari Desa)
Simpang Dua,Kampar Sebomban,"Jumat, 11 September 2026 00:56:00",NASA-NOAA20,Medium,110.18173,-0.91143,False,False,False,False,False,False,Di Luar Area Pantauan (>1000m dari Desa)
Simpang Hilir,Batu Barat,"Jumat, 11 September 2026 00:56:00",NASA-NOAA20,Medium,110.1107,-0.90037,False,False,True,True,False,True,Di Luar Area Pantauan (>1000m dari Desa)
Simpang Hilir,Batu Barat,"Jumat, 11 September 2026 00:56:00",NASA-NOAA20,Medium,110.11908,-0.90167,False,False,True,False,False,True,Di Luar Area Pantauan (>1000m dari Desa)
Simpang Hilir,Batu Barat,"Jumat, 11 September 2026 00:56:00",NASA-NOAA20,Medium,110.11691,-0.8983,False,False,True,True,False,True,Di Luar Area Pantauan (>1000m dari Desa)
Simpang Dua,Kampar Sebomban,"Jumat, 11 September 2026 00:56:00",NASA-NOAA20,Medium,110.17943,-0.90842,False,False,False,False,False,False,Di Luar Area Pantauan (>1000m dari Desa)
Batu Ampar,Teluknibung,"Jumat, 11 September 2026 00:56:00",NASA-NOAA20,Medium,109.51298,-0.80422,False,False,False,True,True,True,Di Luar Area Pantauan (>1000m dari Desa)
Sandai,Randau,"Jumat, 11 September 2026 00:56:00",NASA-NOAA20,Medium,110.6209,-0.98342,False,False,False,False,False,False,Di Luar Area Pantauan (>1000m dari Desa)
Simpang Hilir,Batu Barat,"Jumat, 11 September 2026 00:56:00",NASA-NOAA20,Medium,110.10375,-0.89989,False,False,True,True,False,True,Di Luar Area Pantauan (>1000m dari Desa)
Simpang Hilir,Batu Barat,"Jumat, 11 September 2026 00:56:00",NASA-NOAA20,Medium,110.10794,-0.90057,False,False,True,True,False,True,Di Luar Area Pantauan (>1000m dari Desa)
Simpang Hilir,Batu Barat,"Jumat, 11 September 2026 00:56:00",NASA-NOAA20,Medium,110.11632,-0.90192,False,False,True,True,False,True,Di Luar Area Pantauan (>1000m dari Desa)
Sukadana,Sedahan Jaya,"Jumat, 11 September 2026 00:56:00",NASA-NOAA20,Medium,110.04088,-1.18143,False,False,False,True,True,True,Di Luar Area Pantauan (>1000m dari Desa)
Simpang Hilir,Batu Barat,"Jumat, 11 September 2026 00:56:00",NASA-NOAA20,Medium,110.10317,-0.90351,False,False,True,True,False,True,Di Luar Area Pantauan (>1000m dari Desa)
Simpang Hilir,Batu Barat,"Jumat, 11 September 2026 00:56:00",NASA-NOAA20,Medium,110.10736,-0.90419,False,False,True,True,False,True,Di Luar Area Pantauan (>1000m dari Desa)
Batu Ampar,Tanjungharapan,"Jumat, 11 September 2026 00:56:00",NASA-NOAA20,Medium,109.51785,-0.83194,True,False,True,True,True,True,Prioritas 1 (Tinggi)
Simpang Hilir,Sungaimata-Mata,"Jumat, 11 September 2026 00:56:00",NASA-NOAA20,Medium,110.00274,-0.90973,False,False,True,True,False,True,Di Luar Area Pantauan (>1000m dari Desa)
Batu Ampar,Tanjungharapan,"Jumat, 11 September 2026 00:56:00",NASA-NOAA20,Medium,109.52627,-0.83713,True,False,True,True,True,True,Prioritas 1 (Tinggi)
Simpang Hilir,Batu Barat,"Jumat, 11 September 2026 00:56:00",NASA-NOAA20,Medium,110.00891,-0.92567,False,False,True,False,False,True,Di Luar Area Pantauan (>1000m dari Desa)
Simpang Hilir,Lubuk Batu,"Jumat, 11 September 2026 00:56:00",NASA-NOAA20,Medium,110.09322,-0.93912,False,False,False,False,False,False,Di Luar Area Pantauan (>1000m dari Desa)
Batu Ampar,Teluknibung,"Jumat, 11 September 2026 00:56:00",NASA-NOAA20,Medium,109.51844,-0.82819,False,True,True,True,True,True,Prioritas 3 (Rendah)
Simpang Hilir,Sungaimata-Mata,"Jumat, 11 September 2026 00:56:00",NASA-NOAA20,Medium,110.0118,-0.90745,False,False,False,True,False,True,Di Luar Area Pantauan (>1000m dari Desa)
Simpang Hilir,Sungaimata-Mata,"Jumat, 11 September 2026 00:56:00",NASA-NOAA20,Medium,110.01122,-0.91109,False,False,False,False,False,False,Di Luar Area Pantauan (>1000m dari Desa)
Simpang Hilir,Batu Barat,"Jumat, 11 September 2026 00:56:00",NASA-NOAA20,Medium,110.01374,-0.92271,False,False,True,False,False,True,Di Luar Area Pantauan (>1000m dari Desa)
Simpang Hilir,Lubuk Batu,"Jumat, 11 September 2026 00:56:00",NASA-NOAA20,Medium,110.09743,-0.93979,False,False,False,False,False,False,Di Luar Area Pantauan (>1000m dari Desa)
Simpang Hilir,Batu Barat,"Jumat, 11 September 2026 00:56:00",NASA-NOAA20,Medium,110.00467,-0.925,False,False,True,False,False,True,Di Luar Area Pantauan (>1000m dari Desa)
Simpang Hilir,Batu Barat,"Jumat, 11 September 2026 00:56:00",NASA-NOAA20,Medium,110.01317,-0.92635,False,False,True,True,False,True,Di Luar Area Pantauan (>1000m dari Desa)
Simpang Hilir,Sungaimata-Mata,"Jumat, 11 September 2026 00:56:00",NASA-NOAA20,Medium,109.98171,-0.93256,False,False,True,True,False,True,Di Luar Area Pantauan (>1000m dari Desa)
Simpang Hilir,Lubuk Batu,"Jumat, 11 September 2026 00:56:00",NASA-NOAA20,Medium,110.0915,-0.95001,False,False,False,False,False,False,Di Luar Area Pantauan (>1000m dari Desa)
Simpang Hilir,Batu Barat,"Jumat, 11 September 2026 00:56:00",NASA-NOAA20,Medium,110.01682,-0.93067,False,False,True,True,False,True,Di Luar Area Pantauan (>1000m dari Desa)
Simpang Hilir,Lubuk Batu,"Jumat, 11 September 2026 00:56:00",NASA-NOAA20,Medium,110.0957,-0.95068,False,False,False,False,False,False,Di Luar Area Pantauan (>1000m dari Desa)
Simpang Hilir,Batu Barat,"Jumat, 11 September 2026 00:56:00",NASA-NOAA20,Medium,110.04467,-0.9463,False,False,True,False,False,True,Di Luar Area Pantauan (>1000m dari Desa)
Simpang Hilir,Batu Barat,"Jumat, 11 September 2026 00:56:00",NASA-NOAA20,Medium,110.0412,-0.96812,False,False,True,True,False,True,Di Luar Area Pantauan (>1000m dari Desa)
Simpang Hilir,Batu Barat,"Jumat, 11 September 2026 00:56:00",NASA-NOAA20,Medium,110.03697,-0.96746,False,False,True,True,False,True,Di Luar Area Pantauan (>1000m dari Desa)
Simpang Hilir,Batu Barat,"Jumat, 11 September 2026 00:56:00",NASA-NOAA20,Medium,110.04542,-0.96879,False,False,False,True,False,True,Di Luar Area Pantauan (>1000m dari Desa)
Simpang Hilir,Sungaimata-Mata,"Jumat, 11 September 2026 00:56:00",NASA-NOAA20,Medium,109.97961,-0.97339,False,False,True,True,False,True,Di Luar Area Pantauan (>1000m dari Desa)
Simpang Hilir,Sungaimata-Mata,"Jumat, 11 September 2026 00:56:00",NASA-NOAA20,Medium,109.94613,-0.9644,False,False,True,True,False,True,Di Luar Area Pantauan (>1000m dari Desa)
Simpang Hilir,Batu Barat,"Jumat, 11 September 2026 00:56:00",NASA-NOAA20,Medium,110.03947,-0.97904,False,False,False,True,False,True,Di Luar Area Pantauan (>1000m dari Desa)
Simpang Hilir,Batu Barat,"Jumat, 11 September 2026 00:56:00",NASA-NOAA20,Medium,110.01408,-0.97506,False,False,True,False,False,True,Di Luar Area Pantauan (>1000m dari Desa)
Simpang Hilir,Sungaimata-Mata,"Jumat, 11 September 2026 00:56:00",NASA-NOAA20,Medium,109.94923,-0.97238,False,False,True,True,False,True,Di Luar Area Pantauan (>1000m dari Desa)
Batu Ampar,Batu Ampar,"Jumat, 11 September 2026 00:56:00",NASA-NOAA20,Medium,109.67155,-0.92897,False,False,True,False,False,True,Di Luar Area Pantauan (>1000m dari Desa)
Batu Ampar,Batu Ampar,"Jumat, 11 September 2026 00:56:00",NASA-NOAA20,Medium,109.67214,-0.92526,False,False,True,False,False,True,Di Luar Area Pantauan (>1000m dari Desa)
Simpang Hilir,Batu Barat,"Jumat, 11 September 2026 00:56:00",NASA-NOAA20,Medium,110.02621,-0.98069,False,False,True,True,False,True,Di Luar Area Pantauan (>1000m dari Desa)
Simpang Hilir,Batu Barat,"Jumat, 11 September 2026 00:56:00",NASA-NOAA20,Medium,110.01352,-0.9787,False,False,True,True,False,True,Di Luar Area Pantauan (>1000m dari Desa)
Simpang Hilir,Batu Barat,"Jumat, 11 September 2026 00:56:00",NASA-NOAA20,Medium,110.01775,-0.97936,False,False,True,True,False,True,Di Luar Area Pantauan (>1000m dari Desa)
Simpang Hilir,Sungaimata-Mata,"Jumat, 11 September 2026 00:56:00",NASA-NOAA20,Medium,109.94865,-0.97603,False,False,True,True,False,True,Di Luar Area Pantauan (>1000m dari Desa)
Batu Ampar,Batu Ampar,"Jumat, 11 September 2026 00:56:00",NASA-NOAA20,Medium,109.66714,-0.92828,False,False,True,False,False,True,Di Luar Area Pantauan (>1000m dari Desa)
Simpang Hilir,Sungaimata-Mata,"Jumat, 11 September 2026 00:56:00",NASA-NOAA20,Medium,109.97903,-0.97704,False,False,True,True,False,True,Di Luar Area Pantauan (>1000m dari Desa)
Simpang Hilir,Batu Barat,"Jumat, 11 September 2026 00:56:00",NASA-NOAA20,Medium,110.01717,-0.983,False,False,True,True,False,True,Di Luar Area Pantauan (>1000m dari Desa)
Simpang Hilir,Sungaimata-Mata,"Jumat, 11 September 2026 00:56:00",NASA-NOAA20,Medium,109.98385,-0.97405,False,False,True,True,False,True,Di Luar Area Pantauan (>1000m dari Desa)
Simpang Hilir,Sungaimata-Mata,"Jumat, 11 September 2026 00:56:00",NASA-NOAA20,Medium,109.94496,-0.97171,False,False,True,True,False,True,Di Luar Area Pantauan (>1000m dari Desa)
Simpang Hilir,Sungaimata-Mata,"Jumat, 11 September 2026 00:56:00",NASA-NOAA20,Medium,110.0293,-0.98863,False,False,True,True,False,True,Di Luar Area Pantauan (>1000m dari Desa)
Simpang Hilir,Sungaimata-Mata,"Jumat, 11 September 2026 00:56:00",NASA-NOAA20,Medium,109.94807,-0.97969,False,False,True,True,False,True,Di Luar Area Pantauan (>1000m dari Desa)
Simpang Hilir,Sungaimata-Mata,"Jumat, 11 September 2026 00:56:00",NASA-NOAA20,Medium,109.94629,-0.97563,False,False,True,True,False,True,Di Luar Area Pantauan (>1000m dari Desa)
Simpang Hilir,Batu Barat,"Jumat, 11 September 2026 00:56:00",NASA-NOAA20,Medium,110.02141,-0.98367,False,False,True,True,False,True,Di Luar Area Pantauan (>1000m dari Desa)
Simpang Hilir,Batu Barat,"Jumat, 11 September 2026 00:56:00",NASA-NOAA20,Medium,110.02564,-0.98433,False,False,True,True,False,True,Di Luar Area Pantauan (>1000m dari Desa)
Simpang Hilir,Batu Barat,"Jumat, 11 September 2026 00:56:00",NASA-NOAA20,Medium,110.02988,-0.98499,False,False,True,True,False,True,Di Luar Area Pantauan (>1000m dari Desa)
Simpang Hilir,Batu Barat,"Jumat, 11 September 2026 00:56:00",NASA-NOAA20,Medium,110.02506,-0.98797,False,False,True,True,False,True,Di Luar Area Pantauan (>1000m dari Desa)
Simpang Hilir,Matan Jaya,"Jumat, 11 September 2026 00:56:00",NASA-NOAA20,Medium,110.10115,-1.08991,False,False,True,True,True,True,Di Luar Area Pantauan (>1000m dari Desa)
Simpang Hilir,Matan Jaya,"Jumat, 11 September 2026 00:56:00",NASA-NOAA20,Medium,110.11368,-1.09188,False,False,True,True,True,True,Di Luar Area Pantauan (>1000m dari Desa)
Simpang Hilir,Matan Jaya,"Jumat, 11 September 2026 00:56:00",NASA-NOAA20,Medium,110.09698,-1.08925,False,False,True,False,True,True,Di Luar Area Pantauan (>1000m dari Desa)
Simpang Hilir,Matan Jaya,"Jumat, 11 September 2026 00:56:00",NASA-NOAA20,Medium,110.09505,-1.0741,False,False,False,False,True,True,Di Luar Area Pantauan (>1000m dari Desa)
Simpang Hilir,Matan Jaya,"Jumat, 11 September 2026 00:56:00",NASA-NOAA20,Medium,110.12732,-1.08662,False,False,True,True,True,True,Di Luar Area Pantauan (>1000m dari Desa)
Simpang Hilir,Matan Jaya,"Jumat, 11 September 2026 00:56:00",NASA-NOAA20,Medium,110.12202,-1.0932,False,False,True,True,True,True,Di Luar Area Pantauan (>1000m dari Desa)
Simpang Hilir,Matan Jaya,"Jumat, 11 September 2026 00:56:00",NASA-NOAA20,Medium,110.13868,-1.09582,False,False,True,True,True,True,Di Luar Area Pantauan (>1000m dari Desa)
Simpang Hilir,Matan Jaya,"Jumat, 11 September 2026 00:56:00",NASA-NOAA20,Medium,110.11786,-1.09254,False,False,True,True,True,True,Di Luar Area Pantauan (>1000m dari Desa)
Simpang Hilir,Matan Jaya,"Jumat, 11 September 2026 00:56:00",NASA-NOAA20,Medium,110.14281,-1.09647,False,False,False,True,True,True,Di Luar Area Pantauan (>1000m dari Desa)
Simpang Hilir,Penjalaan,"Jumat, 11 September 2026 00:56:00",NASA-NOAA20,Medium,110.06382,-1.11814,False,False,True,False,False,True,Di Luar Area Pantauan (>1000m dari Desa)
Pulau Maya,Kemboja,"Jumat, 11 September 2026 00:56:00",NASA-NOAA20,Medium,109.70825,-1.06446,False,False,True,True,False,True,Di Luar Area Pantauan (>1000m dari Desa)
Simpang Hilir,Penjalaan,"Jumat, 11 September 2026 00:56:00",NASA-NOAA20,Medium,110.02063,-1.11862,False,False,False,False,False,False,Di Luar Area Pantauan (>1000m dari Desa)
Simpang Hilir,Penjalaan,"Jumat, 11 September 2026 00:56:00",NASA-NOAA20,Medium,110.05962,-1.11747,False,False,True,False,False,True,Di Luar Area Pantauan (>1000m dari Desa)
Simpang Hilir,Penjalaan,"Jumat, 11 September 2026 00:56:00",NASA-NOAA20,Medium,110.06438,-1.11451,False,False,True,False,False,True,Di Luar Area Pantauan (>1000m dari Desa)
Pulau Maya,Kemboja,"Jumat, 11 September 2026 00:56:00",NASA-NOAA20,Medium,109.72544,-1.05732,False,False,False,True,True,True,Di Luar Area Pantauan (>1000m dari Desa)
Simpang Hilir,Matan Jaya,"Jumat, 11 September 2026 00:56:00",NASA-NOAA20,Medium,110.26891,-1.13654,False,False,True,False,True,True,Di Luar Area Pantauan (>1000m dari Desa)
Simpang Hilir,Matan Jaya,"Jumat, 11 September 2026 00:56:00",NASA-NOAA20,Medium,110.14227,-1.10008,False,False,True,True,True,True,Di Luar Area Pantauan (>1000m dari Desa)
Simpang Hilir,Matan Jaya,"Jumat, 11 September 2026 00:56:00",NASA-NOAA20,Medium,110.27147,-1.13879,False,False,True,False,True,True,Di Luar Area Pantauan (>1000m dari Desa)
Simpang Hilir,Batu Barat,"Jumat, 11 September 2026 00:56:00",NASA-NOAA20,Medium,110.11607,-0.89377,False,False,False,True,False,True,Di Luar Area Pantauan (>1000m dari Desa)
Simpang Hilir,Lubuk Batu,"Jumat, 11 September 2026 00:56:00",NASA-NOAA20,Medium,110.0938,-0.9355,False,False,False,False,False,False,Di Luar Area Pantauan (>1000m dari Desa)
Simpang Hilir,Batu Barat,"Jumat, 11 September 2026 00:56:00",NASA-NOAA20,Medium,110.15368,-0.89964,False,False,True,True,False,True,Di Luar Area Pantauan (>1000m dari Desa)
Simpang Hilir,Lubuk Batu,"Jumat, 11 September 2026 00:56:00",NASA-NOAA20,Medium,110.09437,-0.93186,False,False,False,False,False,False,Di Luar Area Pantauan (>1000m dari Desa)
Batu Ampar,Tanjungharapan,"Jumat, 11 September 2026 00:56:00",NASA-NOAA20,Medium,109.51727,-0.83569,True,False,True,True,True,True,Prioritas 1 (Tinggi)
Batu Ampar,Teluknibung,"Jumat, 11 September 2026 00:56:00",NASA-NOAA20,Medium,109.51751,-0.80495,False,False,True,True,True,True,Di Luar Area Pantauan (>1000m dari Desa)
Simpang Hilir,Penjalaan,"Jumat, 11 September 2026 00:56:00",NASA-NOAA20,Medium,110.05374,-1.12768,False,False,True,True,False,True,Di Luar Area Pantauan (>1000m dari Desa)
Simpang Hilir,Penjalaan,"Jumat, 11 September 2026 00:56:00",NASA-NOAA20,Medium,110.0585,-1.12473,False,False,True,True,False,True,Di Luar Area Pantauan (>1000m dari Desa)
Simpang Hilir,Penjalaan,"Jumat, 11 September 2026 00:56:00",NASA-NOAA20,Medium,110.05432,-1.12405,False,False,True,True,False,True,Di Luar Area Pantauan (>1000m dari Desa)
Simpang Hilir,Nipah Kuning,"Jumat, 11 September 2026 00:56:00",NASA-NOAA20,Medium,109.93932,-1.01949,False,False,True,True,False,True,Di Luar Area Pantauan (>1000m dari Desa)
Simpang Hilir,Sungaimata-Mata,"Jumat, 11 September 2026 00:56:00",NASA-NOAA20,Medium,109.95867,-1.0076,False,False,True,True,False,True,Di Luar Area Pantauan (>1000m dari Desa)
Simpang Hilir,Sungaimata-Mata,"Jumat, 11 September 2026 00:56:00",NASA-NOAA20,Medium,109.95016,-1.00624,False,False,True,True,False,True,Di Luar Area Pantauan (>1000m dari Desa)
Simpang Hilir,Padu Banjar,"Jumat, 11 September 2026 00:56:00",NASA-NOAA20,Medium,109.91174,-1.00006,False,False,False,False,True,True,Di Luar Area Pantauan (>1000m dari Desa)
Simpang Hilir,Sungaimata-Mata,"Jumat, 11 September 2026 00:56:00",NASA-NOAA20,Medium,109.95442,-1.00692,False,False,True,True,False,True,Di Luar Area Pantauan (>1000m dari Desa)
Simpang Hilir,Batu Barat,"Jumat, 11 September 2026 00:56:00",NASA-NOAA20,Medium,110.04716,-0.95788,False,False,True,True,False,True,Di Luar Area Pantauan (>1000m dari Desa)
Simpang Hilir,Sungaimata-Mata,"Jumat, 11 September 2026 00:56:00",NASA-NOAA20,Medium,109.95054,-0.97632,False,False,True,True,False,True,Di Luar Area Pantauan (>1000m dari Desa)
Simpang Hilir,Batu Barat,"Jumat, 11 September 2026 00:56:00",NASA-NOAA20,Medium,110.03639,-0.9711,False,False,True,True,False,True,Di Luar Area Pantauan (>1000m dari Desa)
Batu Ampar,Tanjungharapan,"Jumat, 11 September 2026 00:56:00",NASA-NOAA20,Medium,109.52329,-0.85588,True,False,False,True,True,True,Prioritas 1 (Tinggi)
Simpang Hilir,Batu Barat,"Jumat, 11 September 2026 00:56:00",NASA-NOAA20,Medium,110.04484,-0.97242,False,False,False,True,False,True,Di Luar Area Pantauan (>1000m dari Desa)
Simpang Hilir,Matan Jaya,"Jumat, 11 September 2026 00:56:00",NASA-NOAA20,Medium,110.13509,-1.09155,False,False,True,True,True,True,Di Luar Area Pantauan (>1000m dari Desa)
Simpang Hilir,Matan Jaya,"Jumat, 11 September 2026 00:56:00",NASA-NOAA20,Medium,110.11842,-1.08892,False,False,True,True,True,True,Di Luar Area Pantauan (>1000m dari Desa)
Simpang Hilir,Matan Jaya,"Jumat, 11 September 2026 00:56:00",NASA-NOAA20,Medium,110.1226,-1.08958,False,False,True,True,True,True,Di Luar Area Pantauan (>1000m dari Desa)
Simpang Hilir,Matan Jaya,"Jumat, 11 September 2026 00:56:00",NASA-NOAA20,Medium,110.12675,-1.09023,False,False,True,True,True,True,Di Luar Area Pantauan (>1000m dari Desa)
Simpang Hilir,Matan Jaya,"Jumat, 11 September 2026 00:56:00",NASA-NOAA20,Medium,110.13093,-1.09089,False,False,True,True,True,True,Di Luar Area Pantauan (>1000m dari Desa)
Simpang Hilir,Matan Jaya,"Jumat, 11 September 2026 00:56:00",NASA-NOAA20,Medium,110.13149,-1.08727,False,False,True,True,True,True,Di Luar Area Pantauan (>1000m dari Desa)
Simpang Hilir,Matan Jaya,"Jumat, 11 September 2026 00:56:00",NASA-NOAA20,Medium,110.13565,-1.08793,False,False,False,True,True,True,Di Luar Area Pantauan (>1000m dari Desa)
Sungai Ambawang,Teluk Bakung,"Jumat, 11 September 2026 00:56:00",NASA-NOAA20,Medium,109.65532,-0.13279,False,False,True,True,False,True,Di Luar Area Pantauan (>1000m dari Desa)
Belimbing,Belonsat,"Jumat, 11 September 2026 00:56:00",NASA-NOAA20,Medium,111.47354,-0.35264,False,False,False,False,False,False,Di Luar Area Pantauan (>1000m dari Desa)
Mempawah Hilir,Malikian,"Jumat, 11 September 2026 00:56:00",NASA-NOAA20,Medium,109.08618,0.49054,False,False,False,True,False,True,Di Luar Area Pantauan (>1000m dari Desa)
Sukadana,Sedahan Jaya,"Jumat, 11 September 2026 00:56:00",NASA-NOAA20,Medium,110.04204,-1.17417,False,False,True,True,True,True,Di Luar Area Pantauan (>1000m dari Desa)
Pulau Maya,Kemboja,"Jumat, 11 September 2026 00:56:00",NASA-NOAA20,Medium,109.7175,-1.11901,False,False,False,True,False,True,Di Luar Area Pantauan (>1000m dari Desa)
Sukadana,Sedahan Jaya,"Jumat, 11 September 2026 00:56:00",NASA-NOAA20,Medium,110.05102,-1.17188,False,False,True,True,True,True,Di Luar Area Pantauan (>1000m dari Desa)
Sukadana,Sedahan Jaya,"Jumat, 11 September 2026 00:56:00",NASA-NOAA20,Medium,110.04683,-1.17121,False,False,True,True,True,True,Di Luar Area Pantauan (>1000m dari Desa)
Sukadana,Sedahan Jaya,"Jumat, 11 September 2026 00:56:00",NASA-NOAA20,Medium,110.05578,-1.16891,False,False,True,True,True,True,Di Luar Area Pantauan (>1000m dari Desa)
Mempawah Timur,Parit Banjar,"Jumat, 11 September 2026 00:56:00",NASA-NOAA20,Medium,109.05146,0.35136,False,False,True,False,False,True,Di Luar Area Pantauan (>1000m dari Desa)
Mempawah Timur,Parit Banjar,"Jumat, 11 September 2026 00:56:00",NASA-NOAA20,Medium,109.05582,0.34667,False,False,True,True,False,True,Di Luar Area Pantauan (>1000m dari Desa)
Mempawah Timur,Parit Banjar,"Jumat, 11 September 2026 00:56:00",NASA-NOAA20,Medium,109.05081,0.34744,False,False,False,False,False,False,Di Luar Area Pantauan (>1000m dari Desa)
Mempawah Timur,Parit Banjar,"Jumat, 11 September 2026 00:56:00",NASA-NOAA20,Medium,109.04963,0.35189,False,False,False,False,False,False,Di Luar Area Pantauan (>1000m dari Desa)
Tayan Hilir,Kawat,"Jumat, 11 September 2026 00:56:00",NASA-NOAA20,Medium,110.09873,-0.0194,False,False,False,False,False,False,Di Luar Area Pantauan (>1000m dari Desa)
Tayan Hilir,Kawat,"Jumat, 11 September 2026 00:56:00",NASA-NOAA20,Medium,110.103,-0.02006,False,False,False,False,False,False,Di Luar Area Pantauan (>1000m dari Desa)
Sungai Ambawang,Teluk Bakung,"Jumat, 11 September 2026 00:56:00",NASA-NOAA20,Medium,109.74649,-0.01174,False,False,False,True,False,True,Di Luar Area Pantauan (>1000m dari Desa)
Sungai Ambawang,Teluk Bakung,"Jumat, 11 September 2026 00:56:00",NASA-NOAA20,Medium,109.75098,-0.01245,False,False,True,True,False,True,Di Luar Area Pantauan (>1000m dari Desa)
Sungai Pinyuh,Sungai Rasau Besar Darat,"Jumat, 11 September 2026 00:56:00",NASA-NOAA20,Medium,109.05895,0.34638,False,False,True,True,False,True,Di Luar Area Pantauan (>1000m dari Desa)
Tayan Hilir,Kawat,"Jumat, 11 September 2026 00:56:00",NASA-NOAA20,Medium,110.09929,-0.01572,False,False,False,False,False,False,Di Luar Area Pantauan (>1000m dari Desa)
Sungai Ambawang,Teluk Bakung,"Jumat, 11 September 2026 00:56:00",NASA-NOAA20,Medium,109.75548,-0.01317,False,False,False,True,False,True,Di Luar Area Pantauan (>1000m dari Desa)
Sungai Ambawang,Teluk Bakung,"Jumat, 11 September 2026 00:56:00",NASA-NOAA20,Medium,109.7459,-0.01548,False,False,False,True,False,True,Di Luar Area Pantauan (>1000m dari Desa)
Sungai Ambawang,Teluk Bakung,"Jumat, 11 September 2026 00:56:00",NASA-NOAA20,Medium,109.7543,-0.02065,False,False,False,True,False,True,Di Luar Area Pantauan (>1000m dari Desa)
Sungai Ambawang,Teluk Bakung,"Jumat, 11 September 2026 00:56:00",NASA-NOAA20,Medium,109.74025,-0.02226,False,False,False,True,False,True,Di Luar Area Pantauan (>1000m dari Desa)
Sungai Ambawang,Teluk Bakung,"Jumat, 11 September 2026 00:56:00",NASA-NOAA20,Medium,109.74923,-0.02368,False,False,False,True,False,True,Di Luar Area Pantauan (>1000m dari Desa)
Sungai Ambawang,Teluk Bakung,"Jumat, 11 September 2026 00:56:00",NASA-NOAA20,Medium,109.74474,-0.02297,False,False,False,True,False,True,Di Luar Area Pantauan (>1000m dari Desa)
Sungai Ambawang,Teluk Bakung,"Jumat, 11 September 2026 00:56:00",NASA-NOAA20,Medium,109.704,-0.04727,False,False,False,True,False,True,Di Luar Area Pantauan (>1000m dari Desa)
Nanga Tayap,Mensubang,"Jumat, 11 September 2026 00:56:00",NASA-NOAA20,Medium,110.45013,-1.30744,False,False,False,False,False,False,Di Luar Area Pantauan (>1000m dari Desa)
Nanga Tayap,Mensubang,"Jumat, 11 September 2026 00:56:00",NASA-NOAA20,Medium,110.40923,-1.3337,False,False,False,False,False,False,Di Luar Area Pantauan (>1000m dari Desa)
Nanga Tayap,Pangkalan Teluk,"Jumat, 11 September 2026 00:56:00",NASA-NOAA20,Medium,110.3008,-1.36411,False,False,True,False,True,True,Di Luar Area Pantauan (>1000m dari Desa)
Sukadana,Riam Berasap Jaya,"Jumat, 11 September 2026 00:56:00",NASA-NOAA20,Medium,110.14898,-1.34038,False,False,False,False,False,False,Di Luar Area Pantauan (>1000m dari Desa)
Nanga Tayap,Sepakat Jaya,"Jumat, 11 September 2026 00:56:00",NASA-NOAA20,Medium,110.65981,-1.42029,False,False,False,False,False,False,Di Luar Area Pantauan (>1000m dari Desa)
Matan Hilir Utara,Lamon Satong,"Jumat, 11 September 2026 00:56:00",NASA-NOAA20,Medium,110.19455,-1.40811,False,False,False,False,False,False,Di Luar Area Pantauan (>1000m dari Desa)
Nanga Tayap,Simpang Tiga Sembelangaan,"Jumat, 11 September 2026 00:56:00",NASA-NOAA20,Medium,110.36137,-1.43462,False,False,False,False,True,True,Di Luar Area Pantauan (>1000m dari Desa)
Nanga Tayap,Tanjung Medan,"Jumat, 11 September 2026 00:56:00",NASA-NOAA20,Medium,110.43915,-1.46152,False,False,False,False,False,False,Di Luar Area Pantauan (>1000m dari Desa)
Nanga Tayap,Tanjung Medan,"Jumat, 11 September 2026 00:56:00",NASA-NOAA20,Medium,110.44318,-1.46216,False,False,False,False,False,False,Di Luar Area Pantauan (>1000m dari Desa)
Nanga Tayap,Tanjung Medan,"Jumat, 11 September 2026 00:56:00",NASA-NOAA20,Medium,110.43568,-1.45734,False,False,False,False,False,False,Di Luar Area Pantauan (>1000m dari Desa)
Matan Hilir Utara,Lamon Satong,"Jumat, 11 September 2026 00:56:00",NASA-NOAA20,Medium,110.23093,-1.44328,False,False,False,False,False,False,Di Luar Area Pantauan (>1000m dari Desa)
Nanga Tayap,Simpang Tiga Sembelangaan,"Jumat, 11 September 2026 00:56:00",NASA-NOAA20,Medium,110.3888,-1.46813,False,False,False,False,False,False,Di Luar Area Pantauan (>1000m dari Desa)
Nanga Tayap,Simpang Tiga Sembelangaan,"Jumat, 11 September 2026 00:56:00",NASA-NOAA20,Medium,110.3928,-1.46876,False,False,False,False,False,False,Di Luar Area Pantauan (>1000m dari Desa)
Nanga Tayap,Simpang Tiga Sembelangaan,"Jumat, 11 September 2026 00:56:00",NASA-NOAA20,Medium,110.38484,-1.46751,False,False,False,False,False,False,Di Luar Area Pantauan (>1000m dari Desa)
Nanga Tayap,Kayung Tuhe,"Jumat, 11 September 2026 00:56:00",NASA-NOAA20,Medium,110.72565,-1.53911,False,False,False,False,False,False,Di Luar Area Pantauan (>1000m dari Desa)
Nanga Tayap,Simpang Tiga Sembelangaan,"Jumat, 11 September 2026 00:56:00",NASA-NOAA20,Medium,110.37122,-1.48356,False,False,False,False,True,True,Di Luar Area Pantauan (>1000m dari Desa)
Pulau Maya,Kemboja,"Jumat, 11 September 2026 00:56:00",NASA-NOAA20,Medium,109.70201,-1.13172,False,False,False,False,False,False,Di Luar Area Pantauan (>1000m dari Desa)
Sukadana,Sedahan Jaya,"Jumat, 11 September 2026 00:56:00",NASA-NOAA20,Medium,110.05942,-1.17321,False,False,True,True,True,True,Di Luar Area Pantauan (>1000m dari Desa)
Sukadana,Sedahan Jaya,"Jumat, 11 September 2026 00:56:00",NASA-NOAA20,Medium,110.04625,-1.17484,False,False,True,True,True,True,Di Luar Area Pantauan (>1000m dari Desa)
Sukadana,Sedahan Jaya,"Jumat, 11 September 2026 00:56:00",NASA-NOAA20,Medium,110.04568,-1.17847,False,False,True,True,True,True,Di Luar Area Pantauan (>1000m dari Desa)
Sukadana,Sedahan Jaya,"Jumat, 11 September 2026 00:56:00",NASA-NOAA20,Medium,110.03664,-1.18076,False,False,False,False,True,True,Di Luar Area Pantauan (>1000m dari Desa)
Sukadana,Sejahtera,"Jumat, 11 September 2026 00:56:00",NASA-NOAA20,Medium,110.03406,-1.25925,False,False,True,False,True,True,Di Luar Area Pantauan (>1000m dari Desa)
Sukadana,Sejahtera,"Jumat, 11 September 2026 00:56:00",NASA-NOAA20,Medium,110.0543,-1.26619,False,False,True,True,True,True,Di Luar Area Pantauan (>1000m dari Desa)
Sukadana,Sejahtera,"Jumat, 11 September 2026 00:56:00",NASA-NOAA20,Medium,110.10319,-1.2814,False,False,True,True,True,True,Di Luar Area Pantauan (>1000m dari Desa)
Nanga Tayap,Sebadak Raya,"Jumat, 11 September 2026 00:56:00",NASA-NOAA20,Medium,110.70356,-1.39482,False,False,True,False,False,True,Di Luar Area Pantauan (>1000m dari Desa)
Sukadana,Sejahtera,"Jumat, 11 September 2026 00:56:00",NASA-NOAA20,Medium,110.09199,-1.29814,False,False,True,True,True,True,Di Luar Area Pantauan (>1000m dari Desa)
Nanga Tayap,Pangkalan Teluk,"Jumat, 11 September 2026 00:56:00",NASA-NOAA20,Medium,110.3083,-1.37859,False,False,True,False,True,True,Di Luar Area Pantauan (>1000m dari Desa)
Sukadana,Riam Berasap Jaya,"Jumat, 11 September 2026 00:56:00",NASA-NOAA20,Medium,110.15016,-1.34199,False,False,False,False,False,False,Di Luar Area Pantauan (>1000m dari Desa)
Nanga Tayap,Sepakat Jaya,"Jumat, 11 September 2026 00:56:00",NASA-NOAA20,Medium,110.6607,-1.42099,False,False,False,False,False,False,Di Luar Area Pantauan (>1000m dari Desa)
Nanga Tayap,Pangkalan Teluk,"Jumat, 11 September 2026 00:56:00",NASA-NOAA20,Medium,110.30225,-1.36296,False,False,True,False,True,True,Di Luar Area Pantauan (>1000m dari Desa)
Matan Hilir Utara,Kuala Satong,"Jumat, 11 September 2026 00:56:00",NASA-NOAA20,Medium,110.13979,-1.38095,False,False,False,True,False,True,Di Luar Area Pantauan (>1000m dari Desa)
Matan Hilir Utara,Lamon Satong,"Jumat, 11 September 2026 00:56:00",NASA-NOAA20,Medium,110.21675,-1.40061,False,False,False,True,False,True,Di Luar Area Pantauan (>1000m dari Desa)
Matan Hilir Utara,Lamon Satong,"Jumat, 11 September 2026 00:56:00",NASA-NOAA20,Medium,110.22028,-1.40485,False,False,False,True,False,True,Di Luar Area Pantauan (>1000m dari Desa)
Nanga Tayap,Simpang Tiga Sembelangaan,"Jumat, 11 September 2026 00:56:00",NASA-NOAA20,Medium,110.35752,-1.434,False,False,False,False,True,True,Di Luar Area Pantauan (>1000m dari Desa)
Nanga Tayap,Tanjung Medan,"Jumat, 11 September 2026 00:56:00",NASA-NOAA20,Medium,110.43972,-1.45798,False,False,False,False,False,False,Di Luar Area Pantauan (>1000m dari Desa)
Matan Hilir Utara,Lamon Satong,"Jumat, 11 September 2026 00:56:00",NASA-NOAA20,Medium,110.21265,-1.39995,False,False,False,True,False,True,Di Luar Area Pantauan (>1000m dari Desa)
Matan Hilir Utara,Lamon Satong,"Jumat, 11 September 2026 00:56:00",NASA-NOAA20,Medium,110.21731,-1.39702,False,False,False,False,False,False,Di Luar Area Pantauan (>1000m dari Desa)
Matan Hilir Utara,Kuala Satong,"Jumat, 11 September 2026 00:56:00",NASA-NOAA20,Medium,110.13567,-1.38029,False,False,False,True,False,True,Di Luar Area Pantauan (>1000m dari Desa)
Nanga Tayap,Nanga Tayap,"Jumat, 11 September 2026 00:56:00",NASA-NOAA20,Medium,110.63302,-1.49219,False,False,True,False,False,True,Di Luar Area Pantauan (>1000m dari Desa)
Nanga Tayap,Tanjung Medan,"Jumat, 11 September 2026 00:56:00",NASA-NOAA20,Medium,110.43513,-1.46089,False,False,False,False,False,False,Di Luar Area Pantauan (>1000m dari Desa)
Matan Hilir Utara,Kuala Tolak,"Jumat, 11 September 2026 00:56:00",NASA-NOAA20,Medium,110.14642,-1.41891,False,False,False,True,False,True,Di Luar Area Pantauan (>1000m dari Desa)
Matan Hilir Utara,Kuala Satong,"Jumat, 11 September 2026 00:56:00",NASA-NOAA20,Medium,110.12637,-1.41205,False,False,False,True,False,True,Di Luar Area Pantauan (>1000m dari Desa)
Nanga Tayap,Tanjung Medan,"Jumat, 11 September 2026 00:56:00",NASA-NOAA20,Medium,110.44434,-1.45507,False,False,False,False,False,False,Di Luar Area Pantauan (>1000m dari Desa)
Nanga Tayap,Tanjung Medan,"Jumat, 11 September 2026 00:56:00",NASA-NOAA20,Medium,110.44028,-1.45443,False,False,False,False,False,False,Di Luar Area Pantauan (>1000m dari Desa)
Matan Hilir Utara,Lamon Satong,"Jumat, 11 September 2026 00:56:00",NASA-NOAA20,Medium,110.19397,-1.4117,False,False,False,False,False,False,Di Luar Area Pantauan (>1000m dari Desa)
Nanga Tayap,Simpang Tiga Sembelangaan,"Jumat, 11 September 2026 00:56:00",NASA-NOAA20,Medium,110.36081,-1.43818,False,False,True,False,True,True,Di Luar Area Pantauan (>1000m dari Desa)
Nanga Tayap,Simpang Tiga Sembelangaan,"Jumat, 11 September 2026 00:56:00",NASA-NOAA20,Medium,110.37934,-1.47757,False,False,False,False,True,True,Di Luar Area Pantauan (>1000m dari Desa)
Matan Hilir Utara,Lamon Satong,"Jumat, 11 September 2026 00:56:00",NASA-NOAA20,Medium,110.27517,-1.45391,False,False,False,False,False,False,Di Luar Area Pantauan (>1000m dari Desa)
Nanga Tayap,Simpang Tiga Sembelangaan,"Jumat, 11 September 2026 00:56:00",NASA-NOAA20,Medium,110.38937,-1.46458,False,False,False,False,False,False,Di Luar Area Pantauan (>1000m dari Desa)
Matan Hilir Utara,Kuala Tolak,"Jumat, 11 September 2026 00:56:00",NASA-NOAA20,Medium,110.14585,-1.42251,False,False,False,True,False,True,Di Luar Area Pantauan (>1000m dari Desa)
Matan Hilir Utara,Kuala Satong,"Jumat, 11 September 2026 00:56:00",NASA-NOAA20,Medium,110.12931,-1.4199,False,False,False,True,False,True,Di Luar Area Pantauan (>1000m dari Desa)
Nanga Tayap,Simpang Tiga Sembelangaan,"Jumat, 11 September 2026 00:56:00",NASA-NOAA20,Medium,110.38994,-1.46102,False,False,False,False,False,False,Di Luar Area Pantauan (>1000m dari Desa)
Nanga Tayap,Simpang Tiga Sembelangaan,"Jumat, 11 September 2026 00:56:00",NASA-NOAA20,Medium,110.36724,-1.48294,False,False,True,False,True,True,Di Luar Area Pantauan (>1000m dari Desa)
Matan Hilir Utara,Kuala Tolak,"Jumat, 11 September 2026 00:56:00",NASA-NOAA20,Medium,110.10415,-1.45068,False,False,False,False,False,False,Di Luar Area Pantauan (>1000m dari Desa)
Matan Hilir Utara,Kuala Tolak,"Jumat, 11 September 2026 00:56:00",NASA-NOAA20,Medium,110.11241,-1.45202,False,False,False,False,False,False,Di Luar Area Pantauan (>1000m dari Desa)
Matan Hilir Utara,Kuala Tolak,"Jumat, 11 September 2026 00:56:00",NASA-NOAA20,Medium,110.15314,-1.46229,False,False,True,True,False,True,Di Luar Area Pantauan (>1000m dari Desa)
Matan Hilir Utara,Kuala Tolak,"Jumat, 11 September 2026 00:56:00",NASA-NOAA20,Medium,110.15726,-1.46296,False,False,True,True,False,True,Di Luar Area Pantauan (>1000m dari Desa)
Nanga Tayap,Simpang Tiga Sembelangaan,"Jumat, 11 September 2026 00:56:00",NASA-NOAA20,Medium,110.37122,-1.48656,False,False,False,False,True,True,Di Luar Area Pantauan (>1000m dari Desa)
Matan Hilir Utara,Kuala Tolak,"Jumat, 11 September 2026 00:56:00",NASA-NOAA20,Medium,110.11298,-1.44841,False,False,False,False,False,False,Di Luar Area Pantauan (>1000m dari Desa)
Matan Hilir Utara,Kuala Tolak,"Jumat, 11 September 2026 00:56:00",NASA-NOAA20,Medium,110.11711,-1.44908,False,False,False,False,False,False,Di Luar Area Pantauan (>1000m dari Desa)
Matan Hilir Utara,Kuala Tolak,"Jumat, 11 September 2026 00:56:00",NASA-NOAA20,Medium,110.10828,-1.45135,False,False,False,False,False,False,Di Luar Area Pantauan (>1000m dari Desa)
Nanga Tayap,Simpang Tiga Sembelangaan,"Jumat, 11 September 2026 00:56:00",NASA-NOAA20,Medium,110.36809,-1.48241,False,False,True,False,True,True,Di Luar Area Pantauan (>1000m dari Desa)
Nanga Tayap,Betenung,"Jumat, 11 September 2026 00:56:00",NASA-NOAA20,Medium,110.72951,-1.53972,False,False,False,False,False,False,Di Luar Area Pantauan (>1000m dari Desa)
Nanga Tayap,Simpang Tiga Sembelangaan,"Jumat, 11 September 2026 00:56:00",NASA-NOAA20,Medium,110.3796,-1.48062,False,False,False,False,True,True,Di Luar Area Pantauan (>1000m dari Desa)
Nanga Tayap,Kayung Tuhe,"Jumat, 11 September 2026 00:56:00",NASA-NOAA20,Medium,110.72592,-1.54032,False,False,False,False,False,False,Di Luar Area Pantauan (>1000m dari Desa)
Nanga Tayap,Simpang Tiga Sembelangaan,"Jumat, 11 September 2026 00:56:00",NASA-NOAA20,Medium,110.37196,-1.48304,False,False,False,False,True,True,Di Luar Area Pantauan (>1000m dari Desa)
Nanga Tayap,Betenung,"Jumat, 11 September 2026 00:56:00",NASA-NOAA20,Medium,110.76091,-1.57104,False,False,True,False,False,True,Di Luar Area Pantauan (>1000m dari Desa)
Matan Hilir Utara,Kuala Tolak,"Jumat, 11 September 2026 00:56:00",NASA-NOAA20,Medium,110.17138,-1.47997,False,False,True,True,False,True,Di Luar Area Pantauan (>1000m dari Desa)
Matan Hilir Utara,Kuala Tolak,"Jumat, 11 September 2026 00:56:00",NASA-NOAA20,Medium,110.16729,-1.47931,False,False,True,True,False,True,Di Luar Area Pantauan (>1000m dari Desa)
Nanga Tayap,Mensubang,"Jumat, 11 September 2026 00:56:00",NASA-NOAA20,Medium,110.40973,-1.33013,False,False,False,False,False,False,Di Luar Area Pantauan (>1000m dari Desa)
Sukadana,Riam Berasap Jaya,"Jumat, 11 September 2026 00:56:00",NASA-NOAA20,Medium,110.14959,-1.34559,False,False,False,False,False,False,Di Luar Area Pantauan (>1000m dari Desa)
Matan Hilir Utara,Lamon Satong,"Jumat, 11 September 2026 00:56:00",NASA-NOAA20,Medium,110.25001,-1.34148,False,False,True,False,True,True,Di Luar Area Pantauan (>1000m dari Desa)
Matan Hilir Utara,Lamon Satong,"Jumat, 11 September 2026 00:56:00",NASA-NOAA20,Medium,110.24943,-1.34506,False,False,True,False,True,True,Di Luar Area Pantauan (>1000m dari Desa)
Matan Hilir Utara,Kuala Tolak,"Jumat, 11 September 2026 00:56:00",NASA-NOAA20,Medium,110.11129,-1.45923,False,False,False,False,False,False,Di Luar Area Pantauan (>1000m dari Desa)
Matan Hilir Utara,Kuala Tolak,"Jumat, 11 September 2026 00:56:00",NASA-NOAA20,Medium,110.14433,-1.46456,False,False,True,True,False,True,Di Luar Area Pantauan (>1000m dari Desa)
Matan Hilir Utara,Kuala Tolak,"Jumat, 11 September 2026 00:56:00",NASA-NOAA20,Medium,110.15257,-1.46589,False,False,True,True,False,True,Di Luar Area Pantauan (>1000m dari Desa)
Matan Hilir Utara,Kuala Tolak,"Jumat, 11 September 2026 00:56:00",NASA-NOAA20,Medium,110.15669,-1.46655,False,False,False,True,False,True,Di Luar Area Pantauan (>1000m dari Desa)
Nanga Tayap,Tanjung Medan,"Jumat, 11 September 2026 00:56:00",NASA-NOAA20,Medium,110.44375,-1.45861,False,False,True,False,False,True,Di Luar Area Pantauan (>1000m dari Desa)
Matan Hilir Utara,Kuala Tolak,"Jumat, 11 September 2026 00:56:00",NASA-NOAA20,Medium,110.16615,-1.4865,False,False,True,True,False,True,Di Luar Area Pantauan (>1000m dari Desa)
Matan Hilir Utara,Kuala Tolak,"Jumat, 11 September 2026 00:56:00",NASA-NOAA20,Medium,110.19132,-1.48686,False,False,False,True,False,True,Di Luar Area Pantauan (>1000m dari Desa)
Matan Hilir Utara,Kuala Tolak,"Jumat, 11 September 2026 00:56:00",NASA-NOAA20,Medium,110.1954,-1.48751,False,False,False,True,False,True,Di Luar Area Pantauan (>1000m dari Desa)
Sungai Ambawang,Teluk Bakung,"Jumat, 11 September 2026 00:56:00",NASA-NOAA20,Medium,109.69833,-0.05407,False,False,False,True,False,True,Di Luar Area Pantauan (>1000m dari Desa)
Sungai Raya,Muara Baru,"Jumat, 11 September 2026 00:56:00",NASA-NOAA20,Medium,109.82225,-0.17811,False,False,True,True,True,True,Di Luar Area Pantauan (>1000m dari Desa)
Sungai Raya,Pulaulimbung,"Jumat, 11 September 2026 00:56:00",NASA-NOAA20,Medium,109.83109,-0.17949,False,False,True,True,True,True,Di Luar Area Pantauan (>1000m dari Desa)
Sungai Ambawang,Teluk Bakung,"Jumat, 11 September 2026 00:56:00",NASA-NOAA20,Medium,109.70283,-0.05478,False,False,False,True,False,True,Di Luar Area Pantauan (>1000m dari Desa)
Sungai Ambawang,Pasak Piang,"Jumat, 11 September 2026 00:56:00",NASA-NOAA20,Medium,109.64964,-0.1396,False,False,True,True,False,True,Di Luar Area Pantauan (>1000m dari Desa)
Batu Ampar,Tanjungberingin,"Jumat, 11 September 2026 00:56:00",NASA-NOAA20,Medium,109.92416,-0.50811,False,False,True,True,False,True,Di Luar Area Pantauan (>1000m dari Desa)
Batu Ampar,Tanjungberingin,"Jumat, 11 September 2026 00:56:00",NASA-NOAA20,Medium,109.91983,-0.50743,False,False,True,True,False,True,Di Luar Area Pantauan (>1000m dari Desa)
Batu Ampar,Tanjungberingin,"Jumat, 11 September 2026 00:56:00",NASA-NOAA20,Medium,109.92849,-0.50879,False,False,True,True,False,True,Di Luar Area Pantauan (>1000m dari Desa)
Batu Ampar,Tanjungberingin,"Jumat, 11 September 2026 00:56:00",NASA-NOAA20,Medium,109.91926,-0.51111,False,False,True,True,False,True,Di Luar Area Pantauan (>1000m dari Desa)
Sungai Raya,Kalibandung,"Jumat, 11 September 2026 00:56:00",NASA-NOAA20,Medium,109.67928,-0.32668,False,False,False,False,False,False,Di Luar Area Pantauan (>1000m dari Desa)
Sungai Raya,Kalibandung,"Jumat, 11 September 2026 00:56:00",NASA-NOAA20,Medium,109.6742,-0.32971,False,False,False,True,False,True,Di Luar Area Pantauan (>1000m dari Desa)
Sungai Raya,Kalibandung,"Jumat, 11 September 2026 00:56:00",NASA-NOAA20,Medium,109.64607,-0.33292,False,False,False,True,False,True,Di Luar Area Pantauan (>1000m dari Desa)
Sungai Raya,Kalibandung,"Jumat, 11 September 2026 00:56:00",NASA-NOAA20,Medium,109.65057,-0.33364,False,False,False,True,False,True,Di Luar Area Pantauan (>1000m dari Desa)
Batu Ampar,Tanjungberingin,"Jumat, 11 September 2026 00:56:00",NASA-NOAA20,Medium,109.92908,-0.50511,False,False,True,True,False,True,Di Luar Area Pantauan (>1000m dari Desa)
Kubu,Kubu,"Jumat, 11 September 2026 00:56:00",NASA-NOAA20,Medium,109.55095,-0.4963,False,False,True,True,False,True,Di Luar Area Pantauan (>1000m dari Desa)
Sungai Raya,Muara Baru,"Jumat, 11 September 2026 00:56:00",NASA-NOAA20,Medium,109.82166,-0.18183,False,False,True,True,True,True,Di Luar Area Pantauan (>1000m dari Desa)
Simpang Dua,Kampar Sebomban,"Jumat, 11 September 2026 00:56:00",NASA-NOAA20,Medium,110.23122,-0.69101,False,False,False,False,False,False,Di Luar Area Pantauan (>1000m dari Desa)
Simpang Dua,Semandang Kanan,"Jumat, 11 September 2026 00:56:00",NASA-NOAA20,Medium,110.31898,-0.7616,False,False,False,False,False,False,Di Luar Area Pantauan (>1000m dari Desa)
Batu Ampar,Tanjungberingin,"Jumat, 11 September 2026 00:56:00",NASA-NOAA20,Medium,109.923,-0.51547,False,False,True,True,False,True,Di Luar Area Pantauan (>1000m dari Desa)
Batu Ampar,Tanjungberingin,"Jumat, 11 September 2026 00:56:00",NASA-NOAA20,Medium,109.92731,-0.51615,False,False,True,False,False,True,Di Luar Area Pantauan (>1000m dari Desa)
Kubu,Kubu,"Jumat, 11 September 2026 00:56:00",NASA-NOAA20,Medium,109.54703,-0.49181,False,False,True,True,False,True,Di Luar Area Pantauan (>1000m dari Desa)
Kubu,Kubu,"Jumat, 11 September 2026 00:56:00",NASA-NOAA20,Medium,109.56509,-0.49472,False,False,True,True,False,True,Di Luar Area Pantauan (>1000m dari Desa)
Sungai Raya,Pulaulimbung,"Jumat, 11 September 2026 00:56:00",NASA-NOAA20,Medium,109.8305,-0.18321,False,False,True,True,True,True,Di Luar Area Pantauan (>1000m dari Desa)
Simpang Dua,Kampar Sebomban,"Jumat, 11 September 2026 00:56:00",NASA-NOAA20,Medium,110.15744,-0.8223,False,False,True,True,False,True,Di Luar Area Pantauan (>1000m dari Desa)
Simpang Dua,Kampar Sebomban,"Jumat, 11 September 2026 00:56:00",NASA-NOAA20,Medium,110.16106,-0.82659,False,False,True,False,False,True,Di Luar Area Pantauan (>1000m dari Desa)
Simpang Dua,Kampar Sebomban,"Jumat, 11 September 2026 00:56:00",NASA-NOAA20,Medium,110.26107,-0.81307,False,False,False,False,False,False,Di Luar Area Pantauan (>1000m dari Desa)
Simpang Dua,Kampar Sebomban,"Jumat, 11 September 2026 00:56:00",NASA-NOAA20,Medium,110.15688,-0.82592,False,False,True,True,False,True,Di Luar Area Pantauan (>1000m dari Desa)
Simpang Dua,Kampar Sebomban,"Jumat, 11 September 2026 00:56:00",NASA-NOAA20,Medium,110.16578,-0.82364,False,False,True,False,False,True,Di Luar Area Pantauan (>1000m dari Desa)
Simpang Dua,Kampar Sebomban,"Jumat, 11 September 2026 00:56:00",NASA-NOAA20,Medium,110.14508,-0.84632,False,False,False,True,False,True,Di Luar Area Pantauan (>1000m dari Desa)
Sungai Ambawang,Pasak Piang,"Jumat, 11 September 2026 00:56:00",NASA-NOAA20,Medium,109.58812,-0.14541,False,False,False,True,False,True,Di Luar Area Pantauan (>1000m dari Desa)
Muara Pawan,Ulak Medang,"Jumat, 11 September 2026 00:56:00",NASA-NOAA20,Medium,110.24213,-1.50969,False,False,True,True,False,True,Di Luar Area Pantauan (>1000m dari Desa)
Muara Pawan,Ulak Medang,"Jumat, 11 September 2026 00:56:00",NASA-NOAA20,Medium,110.28276,-1.51618,False,False,True,True,False,True,Di Luar Area Pantauan (>1000m dari Desa)
Muara Pawan,Ulak Medang,"Jumat, 11 September 2026 00:56:00",NASA-NOAA20,Medium,110.28681,-1.51682,False,False,True,True,False,True,Di Luar Area Pantauan (>1000m dari Desa)
Matan Hilir Utara,Kuala Tolak,"Jumat, 11 September 2026 00:56:00",NASA-NOAA20,Medium,110.12327,-1.4907,False,False,True,True,False,True,Di Luar Area Pantauan (>1000m dari Desa)
Matan Hilir Utara,Kuala Tolak,"Jumat, 11 September 2026 00:56:00",NASA-NOAA20,Medium,110.15623,-1.49596,False,False,True,True,False,True,Di Luar Area Pantauan (>1000m dari Desa)
Matan Hilir Utara,Kuala Tolak,"Jumat, 11 September 2026 00:56:00",NASA-NOAA20,Medium,110.16032,-1.49662,False,False,False,True,False,True,Di Luar Area Pantauan (>1000m dari Desa)
Matan Hilir Utara,Tanjung Baik Budi,"Jumat, 11 September 2026 00:56:00",NASA-NOAA20,Medium,110.1404,-1.51556,False,False,False,True,False,True,Di Luar Area Pantauan (>1000m dari Desa)
Matan Hilir Utara,Lamon Satong,"Jumat, 11 September 2026 00:56:00",NASA-NOAA20,Medium,110.19901,-1.51751,False,False,True,True,False,True,Di Luar Area Pantauan (>1000m dari Desa)
Matan Hilir Utara,Lamon Satong,"Jumat, 11 September 2026 00:56:00",NASA-NOAA20,Medium,110.19436,-1.52044,False,False,True,True,False,True,Di Luar Area Pantauan (>1000m dari Desa)
Matan Hilir Utara,Lamon Satong,"Jumat, 11 September 2026 00:56:00",NASA-NOAA20,Medium,110.19025,-1.51979,False,False,False,True,False,True,Di Luar Area Pantauan (>1000m dari Desa)
Matan Hilir Utara,Tanjung Baik Budi,"Jumat, 11 September 2026 00:56:00",NASA-NOAA20,Medium,110.15161,-1.52471,False,False,True,True,False,True,Di Luar Area Pantauan (>1000m dari Desa)
Matan Hilir Utara,Sungai Putri,"Jumat, 11 September 2026 00:56:00",NASA-NOAA20,Medium,110.0743,-1.59879,False,False,False,True,False,True,Di Luar Area Pantauan (>1000m dari Desa)
Nanga Tayap,Sungai Kelik,"Jumat, 11 September 2026 00:56:00",NASA-NOAA20,Medium,110.30759,-1.63234,False,False,False,True,False,True,Di Luar Area Pantauan (>1000m dari Desa)
Nanga Tayap,Batu Mas,"Jumat, 11 September 2026 00:56:00",NASA-NOAA20,Medium,110.66018,-1.6886,False,False,True,False,False,True,Di Luar Area Pantauan (>1000m dari Desa)
Tumbang Titi,Beringin Rayo,"Jumat, 11 September 2026 00:56:00",NASA-NOAA20,Medium,110.77605,-1.70709,False,False,False,False,False,False,Di Luar Area Pantauan (>1000m dari Desa)
Muara Pawan,Tanjung Pura,"Jumat, 11 September 2026 00:56:00",NASA-NOAA20,Medium,110.21975,-1.69404,False,False,True,True,False,True,Di Luar Area Pantauan (>1000m dari Desa)
Jelai Hulu,Pasir Mayang,"Jumat, 11 September 2026 00:56:00",NASA-NOAA20,Medium,110.80463,-1.82752,False,False,False,False,False,False,Di Luar Area Pantauan (>1000m dari Desa)
Tumbang Titi,Petebang Jaya,"Jumat, 11 September 2026 00:56:00",NASA-NOAA20,Medium,110.7267,-1.84729,False,False,False,False,False,False,Di Luar Area Pantauan (>1000m dari Desa)
Matan Hilir Utara,Kuala Tolak,"Jumat, 11 September 2026 00:56:00",NASA-NOAA20,Medium,110.16557,-1.49009,False,False,True,True,False,True,Di Luar Area Pantauan (>1000m dari Desa)
Muara Pawan,Ulak Medang,"Jumat, 11 September 2026 00:56:00",NASA-NOAA20,Medium,110.23045,-1.50415,False,False,True,True,False,True,Di Luar Area Pantauan (>1000m dari Desa)
Muara Pawan,Ulak Medang,"Jumat, 11 September 2026 00:56:00",NASA-NOAA20,Medium,110.22286,-1.49926,False,False,True,True,False,True,Di Luar Area Pantauan (>1000m dari Desa)
Muara Pawan,Ulak Medang,"Jumat, 11 September 2026 00:56:00",NASA-NOAA20,Medium,110.23398,-1.50838,False,False,True,True,False,True,Di Luar Area Pantauan (>1000m dari Desa)
Muara Pawan,Ulak Medang,"Jumat, 11 September 2026 00:56:00",NASA-NOAA20,Medium,110.26598,-1.51716,False,False,False,True,False,True,Di Luar Area Pantauan (>1000m dari Desa)
Matan Hilir Utara,Kuala Tolak,"Jumat, 11 September 2026 00:56:00",NASA-NOAA20,Medium,110.1609,-1.49303,False,False,True,True,False,True,Di Luar Area Pantauan (>1000m dari Desa)
Muara Pawan,Ulak Medang,"Jumat, 11 September 2026 00:56:00",NASA-NOAA20,Medium,110.27815,-1.5191,False,False,True,True,False,True,Di Luar Area Pantauan (>1000m dari Desa)
Matan Hilir Utara,Kuala Tolak,"Jumat, 11 September 2026 00:56:00",NASA-NOAA20,Medium,110.1227,-1.4943,False,False,True,True,False,True,Di Luar Area Pantauan (>1000m dari Desa)
Matan Hilir Utara,Kuala Tolak,"Jumat, 11 September 2026 00:56:00",NASA-NOAA20,Medium,110.12213,-1.4979,False,False,True,True,False,True,Di Luar Area Pantauan (>1000m dari Desa)
Muara Pawan,Ulak Medang,"Jumat, 11 September 2026 00:56:00",NASA-NOAA20,Medium,110.24915,-1.51814,False,False,True,True,False,True,Di Luar Area Pantauan (>1000m dari Desa)
Muara Pawan,Ulak Medang,"Jumat, 11 September 2026 00:56:00",NASA-NOAA20,Medium,110.27759,-1.52267,False,False,True,True,False,True,Di Luar Area Pantauan (>1000m dari Desa)
Muara Pawan,Ulak Medang,"Jumat, 11 September 2026 00:56:00",NASA-NOAA20,Medium,110.27354,-1.52203,False,False,True,True,False,True,Di Luar Area Pantauan (>1000m dari Desa)
Muara Pawan,Ulak Medang,"Jumat, 11 September 2026 00:56:00",NASA-NOAA20,Medium,110.26542,-1.52073,False,False,True,True,False,True,Di Luar Area Pantauan (>1000m dari Desa)
Muara Pawan,Ulak Medang,"Jumat, 11 September 2026 00:56:00",NASA-NOAA20,Medium,110.25729,-1.51944,False,False,True,True,False,True,Di Luar Area Pantauan (>1000m dari Desa)
Matan Hilir Utara,Kuala Tolak,"Jumat, 11 September 2026 00:56:00",NASA-NOAA20,Medium,110.12978,-1.50281,False,False,True,True,False,True,Di Luar Area Pantauan (>1000m dari Desa)
Muara Pawan,Ulak Medang,"Jumat, 11 September 2026 00:56:00",NASA-NOAA20,Medium,110.27466,-1.51488,False,False,False,True,False,True,Di Luar Area Pantauan (>1000m dari Desa)
Muara Pawan,Ulak Medang,"Jumat, 11 September 2026 00:56:00",NASA-NOAA20,Medium,110.25027,-1.51099,False,False,True,True,False,True,Di Luar Area Pantauan (>1000m dari Desa)
Muara Pawan,Ulak Medang,"Jumat, 11 September 2026 00:56:00",NASA-NOAA20,Medium,110.2787,-1.51553,False,False,True,True,False,True,Di Luar Area Pantauan (>1000m dari Desa)
Muara Pawan,Ulak Medang,"Jumat, 11 September 2026 00:56:00",NASA-NOAA20,Medium,110.24564,-1.51392,False,False,True,True,False,True,Di Luar Area Pantauan (>1000m dari Desa)
Muara Pawan,Ulak Medang,"Jumat, 11 September 2026 00:56:00",NASA-NOAA20,Medium,110.25378,-1.51521,False,False,True,True,False,True,Di Luar Area Pantauan (>1000m dari Desa)
Muara Pawan,Ulak Medang,"Jumat, 11 September 2026 00:56:00",NASA-NOAA20,Medium,110.24157,-1.51327,False,False,True,True,False,True,Di Luar Area Pantauan (>1000m dari Desa)
Muara Pawan,Ulak Medang,"Jumat, 11 September 2026 00:56:00",NASA-NOAA20,Medium,110.28221,-1.51975,False,False,True,True,False,True,Di Luar Area Pantauan (>1000m dari Desa)
Matan Hilir Utara,Tanjung Baik Budi,"Jumat, 11 September 2026 00:56:00",NASA-NOAA20,Medium,110.14452,-1.51621,False,False,True,True,False,True,Di Luar Area Pantauan (>1000m dari Desa)
Matan Hilir Utara,Tanjung Baik Budi,"Jumat, 11 September 2026 00:56:00",NASA-NOAA20,Medium,110.17737,-1.52142,False,False,False,False,False,False,Di Luar Area Pantauan (>1000m dari Desa)
Matan Hilir Utara,Lamon Satong,"Jumat, 11 September 2026 00:56:00",NASA-NOAA20,Medium,110.18559,-1.52273,False,False,False,True,False,True,Di Luar Area Pantauan (>1000m dari Desa)
Nanga Tayap,Tajok Kayong,"Jumat, 11 September 2026 00:56:00",NASA-NOAA20,Medium,110.57687,-1.59562,False,False,False,False,False,False,Di Luar Area Pantauan (>1000m dari Desa)
Muara Pawan,Tanjung Pura,"Jumat, 11 September 2026 00:56:00",NASA-NOAA20,Medium,110.14987,-1.68643,False,False,True,True,False,True,Di Luar Area Pantauan (>1000m dari Desa)
Muara Pawan,Tanjung Pura,"Jumat, 11 September 2026 00:56:00",NASA-NOAA20,Medium,110.13235,-1.69097,False,False,True,True,False,True,Di Luar Area Pantauan (>1000m dari Desa)
Muara Pawan,Tempurukan,"Jumat, 11 September 2026 00:56:00",NASA-NOAA20,Medium,110.08715,-1.6837,False,False,True,True,False,True,Di Luar Area Pantauan (>1000m dari Desa)
Muara Pawan,Tanjung Pura,"Jumat, 11 September 2026 00:56:00",NASA-NOAA20,Medium,110.13645,-1.69163,False,False,True,True,False,True,Di Luar Area Pantauan (>1000m dari Desa)
Muara Pawan,Tempurukan,"Jumat, 11 September 2026 00:56:00",NASA-NOAA20,Medium,110.08772,-1.6801,False,False,True,True,False,True,Di Luar Area Pantauan (>1000m dari Desa)
Muara Pawan,Tanjung Pura,"Jumat, 11 September 2026 00:56:00",NASA-NOAA20,Medium,110.14055,-1.69229,False,False,True,True,False,True,Di Luar Area Pantauan (>1000m dari Desa)
Sungai Melayu Rayak,Makmur Abadi,"Jumat, 11 September 2026 00:56:00",NASA-NOAA20,Medium,110.24432,-1.77484,False,False,False,True,False,True,Di Luar Area Pantauan (>1000m dari Desa)
Tumbang Titi,Petebang Jaya,"Jumat, 11 September 2026 00:56:00",NASA-NOAA20,Medium,110.72611,-1.85077,False,False,False,False,False,False,Di Luar Area Pantauan (>1000m dari Desa)
Matan Hilir Selatan,Sungai Pelang,"Jumat, 11 September 2026 00:56:00",NASA-NOAA20,Medium,110.18916,-1.84167,False,False,False,True,False,True,Di Luar Area Pantauan (>1000m dari Desa)
Matan Hilir Selatan,Sungai Pelang,"Jumat, 11 September 2026 00:56:00",NASA-NOAA20,Medium,110.23377,-1.84877,False,False,True,True,False,True,Di Luar Area Pantauan (>1000m dari Desa)
Matan Hilir Utara,Sungai Putri,"Jumat, 11 September 2026 00:56:00",NASA-NOAA20,Medium,110.08945,-1.55687,False,False,True,True,False,True,Di Luar Area Pantauan (>1000m dari Desa)
Matan Hilir Utara,Sungai Putri,"Jumat, 11 September 2026 00:56:00",NASA-NOAA20,Medium,110.08531,-1.5562,False,False,True,True,False,True,Di Luar Area Pantauan (>1000m dari Desa)
Muara Pawan,Tempurukan,"Jumat, 11 September 2026 00:56:00",NASA-NOAA20,Medium,110.08173,-1.66436,False,False,False,True,False,True,Di Luar Area Pantauan (>1000m dari Desa)
Muara Pawan,Mayak,"Jumat, 11 September 2026 00:56:00",NASA-NOAA20,Medium,110.12263,-1.752,False,False,False,True,False,True,Di Luar Area Pantauan (>1000m dari Desa)
Sungai Melayu Rayak,Makmur Abadi,"Jumat, 11 September 2026 00:56:00",NASA-NOAA20,Medium,110.24488,-1.77128,False,False,False,True,False,True,Di Luar Area Pantauan (>1000m dari Desa)
Muara Pawan,Mayak,"Jumat, 11 September 2026 00:56:00",NASA-NOAA20,Medium,110.12206,-1.75559,False,False,False,True,False,True,Di Luar Area Pantauan (>1000m dari Desa)
Matan Hilir Selatan,Sungai Pelang,"Jumat, 11 September 2026 00:56:00",NASA-NOAA20,Medium,110.25616,-1.81215,False,False,False,True,False,True,Di Luar Area Pantauan (>1000m dari Desa)
Benua Kayong,Negeri Baru,"Jumat, 11 September 2026 00:56:00",NASA-NOAA20,Medium,110.20941,-1.81926,False,False,False,True,False,True,Di Luar Area Pantauan (>1000m dari Desa)
Simpang Dua,Kampar Sebomban,"Jumat, 11 September 2026 00:56:00",NASA-NOAA20,Medium,110.18301,-0.9127,False,False,False,False,False,False,Di Luar Area Pantauan (>1000m dari Desa)
Simpang Dua,Kampar Sebomban,"Jumat, 11 September 2026 00:56:00",NASA-NOAA20,Medium,110.14811,-0.85423,False,False,False,True,False,True,Di Luar Area Pantauan (>1000m dari Desa)
Terentang,Teluk Bayur,"Jumat, 11 September 2026 00:56:00",NASA-NOAA20,Medium,109.52326,-0.3948,False,False,False,True,False,True,Di Luar Area Pantauan (>1000m dari Desa)
Batu Ampar,Batu Ampar,"Jumat, 11 September 2026 00:56:00",NASA-NOAA20,Medium,109.52867,-0.77908,False,False,False,False,True,True,Di Luar Area Pantauan (>1000m dari Desa)
Batu Ampar,Batu Ampar,"Jumat, 11 September 2026 00:56:00",NASA-NOAA20,Medium,109.55058,-0.78637,False,False,True,True,True,True,Di Luar Area Pantauan (>1000m dari Desa)
Batu Ampar,Batu Ampar,"Jumat, 11 September 2026 00:56:00",NASA-NOAA20,Medium,109.53316,-0.77979,False,False,True,True,True,True,Di Luar Area Pantauan (>1000m dari Desa)
Matan Hilir Selatan,Sungai Pelang,"Jumat, 11 September 2026 00:56:00",NASA-NOAA20,Medium,110.23895,-1.84229,False,False,True,True,False,True,Di Luar Area Pantauan (>1000m dari Desa)
Matan Hilir Selatan,Sungai Besar,"Jumat, 11 September 2026 00:56:00",NASA-NOAA20,Medium,110.23319,-1.85234,False,False,True,True,False,True,Di Luar Area Pantauan (>1000m dari Desa)
Matan Hilir Selatan,Sungai Pelang,"Jumat, 11 September 2026 00:56:00",NASA-NOAA20,Medium,110.22915,-1.8517,False,False,True,True,False,True,Di Luar Area Pantauan (>1000m dari Desa)
Simpang Dua,Kampar Sebomban,"Jumat, 11 September 2026 00:56:00",NASA-NOAA20,Medium,110.18774,-0.90976,False,False,False,False,False,False,Di Luar Area Pantauan (>1000m dari Desa)
Simpang Dua,Kampar Sebomban,"Jumat, 11 September 2026 00:56:00",NASA-NOAA20,Medium,110.18358,-0.90909,False,False,False,False,False,False,Di Luar Area Pantauan (>1000m dari Desa)
Simpang Hilir,Batu Barat,"Jumat, 11 September 2026 00:56:00",NASA-NOAA20,Medium,110.12109,-0.89897,False,False,True,False,False,True,Di Luar Area Pantauan (>1000m dari Desa)
Simpang Hilir,Batu Barat,"Jumat, 11 September 2026 00:56:00",NASA-NOAA20,Medium,110.1133,-0.89399,False,False,True,True,False,True,Di Luar Area Pantauan (>1000m dari Desa)
Simpang Dua,Kampar Sebomban,"Jumat, 11 September 2026 00:56:00",NASA-NOAA20,Medium,110.18832,-0.90615,False,False,False,False,False,False,Di Luar Area Pantauan (>1000m dari Desa)
Batu Ampar,Teluknibung,"Jumat, 11 September 2026 00:56:00",NASA-NOAA20,Medium,109.51544,-0.80394,False,False,True,True,True,True,Di Luar Area Pantauan (>1000m dari Desa)
Simpang Dua,Kampar Sebomban,"Jumat, 11 September 2026 00:56:00",NASA-NOAA20,Medium,110.17814,-0.90717,False,False,False,False,False,False,Di Luar Area Pantauan (>1000m dari Desa)
Simpang Dua,Kampar Sebomban,"Jumat, 11 September 2026 00:56:00",NASA-NOAA20,Medium,110.19062,-0.90912,False,False,False,False,False,False,Di Luar Area Pantauan (>1000m dari Desa)
Simpang Dua,Kampar Sebomban,"Jumat, 11 September 2026 00:56:00",NASA-NOAA20,Medium,110.18415,-0.90548,False,False,False,False,False,False,Di Luar Area Pantauan (>1000m dari Desa)
Simpang Hilir,Batu Barat,"Jumat, 11 September 2026 00:56:00",NASA-NOAA20,Medium,110.12167,-0.89535,False,False,True,False,False,True,Di Luar Area Pantauan (>1000m dari Desa)
Matan Hilir Selatan,Sungai Besar,"Jumat, 11 September 2026 00:56:00",NASA-NOAA20,Medium,110.17007,-1.88867,False,False,True,True,False,True,Di Luar Area Pantauan (>1000m dari Desa)
Matan Hilir Selatan,Sungai Besar,"Jumat, 11 September 2026 00:56:00",NASA-NOAA20,Medium,110.17356,-1.8929,False,False,True,True,False,True,Di Luar Area Pantauan (>1000m dari Desa)
Matan Hilir Selatan,Sungai Besar,"Jumat, 11 September 2026 00:56:00",NASA-NOAA20,Medium,110.173,-1.89648,False,False,True,True,False,True,Di Luar Area Pantauan (>1000m dari Desa)
Matan Hilir Selatan,Sungai Besar,"Jumat, 11 September 2026 00:56:00",NASA-NOAA20,Medium,110.20307,-1.89037,False,False,True,True,False,True,Di Luar Area Pantauan (>1000m dari Desa)
Matan Hilir Selatan,Pesaguan Kanan,"Jumat, 11 September 2026 00:56:00",NASA-NOAA20,Medium,110.33812,-2.03181,False,False,True,True,False,True,Di Luar Area Pantauan (>1000m dari Desa)
Matan Hilir Selatan,Pesaguan Kanan,"Jumat, 11 September 2026 00:56:00",NASA-NOAA20,Medium,110.30508,-2.03374,False,False,True,False,False,True,Di Luar Area Pantauan (>1000m dari Desa)
Matan Hilir Selatan,Pesaguan Kanan,"Jumat, 11 September 2026 00:56:00",NASA-NOAA20,Medium,110.32106,-2.03632,False,False,True,True,False,True,Di Luar Area Pantauan (>1000m dari Desa)
Matan Hilir Selatan,Pesaguan Kanan,"Jumat, 11 September 2026 00:56:00",NASA-NOAA20,Medium,110.34496,-2.04018,False,False,True,True,False,True,Di Luar Area Pantauan (>1000m dari Desa)
Matan Hilir Selatan,Sungai Besar,"Jumat, 11 September 2026 00:56:00",NASA-NOAA20,Medium,110.22803,-1.85883,False,False,True,True,False,True,Di Luar Area Pantauan (>1000m dari Desa)
Matan Hilir Selatan,Sungai Pelang,"Jumat, 11 September 2026 00:56:00",NASA-NOAA20,Medium,110.18111,-1.86605,False,False,True,True,False,True,Di Luar Area Pantauan (>1000m dari Desa)
Matan Hilir Selatan,Sungai Besar,"Jumat, 11 September 2026 00:56:00",NASA-NOAA20,Medium,110.18754,-1.87805,False,False,True,True,False,True,Di Luar Area Pantauan (>1000m dari Desa)
Matan Hilir Selatan,Sungai Besar,"Jumat, 11 September 2026 00:56:00",NASA-NOAA20,Medium,110.20495,-1.87347,False,False,False,True,False,True,Di Luar Area Pantauan (>1000m dari Desa)
Matan Hilir Selatan,Sungai Besar,"Jumat, 11 September 2026 00:56:00",NASA-NOAA20,Medium,110.20438,-1.87704,False,False,True,True,False,True,Di Luar Area Pantauan (>1000m dari Desa)
Matan Hilir Selatan,Sungai Besar,"Jumat, 11 September 2026 00:56:00",NASA-NOAA20,Medium,110.21249,-1.87832,False,False,True,True,False,True,Di Luar Area Pantauan (>1000m dari Desa)
Matan Hilir Selatan,Sungai Besar,"Jumat, 11 September 2026 00:56:00",NASA-NOAA20,Medium,110.1968,-1.87219,False,False,True,True,False,True,Di Luar Area Pantauan (>1000m dari Desa)
Matan Hilir Selatan,Sungai Besar,"Jumat, 11 September 2026 00:56:00",NASA-NOAA20,Medium,110.19792,-1.86504,False,False,True,True,False,True,Di Luar Area Pantauan (>1000m dari Desa)
Matan Hilir Selatan,Sungai Besar,"Jumat, 11 September 2026 00:56:00",NASA-NOAA20,Medium,110.17367,-1.88686,False,False,True,True,False,True,Di Luar Area Pantauan (>1000m dari Desa)
Matan Hilir Selatan,Sungai Pelang,"Jumat, 11 September 2026 00:56:00",NASA-NOAA20,Medium,110.18575,-1.86311,False,False,True,True,False,True,Di Luar Area Pantauan (>1000m dari Desa)
Matan Hilir Selatan,Sungai Besar,"Jumat, 11 September 2026 00:56:00",NASA-NOAA20,Medium,110.18517,-1.86669,False,False,True,True,False,True,Di Luar Area Pantauan (>1000m dari Desa)
Matan Hilir Selatan,Sungai Besar,"Jumat, 11 September 2026 00:56:00",NASA-NOAA20,Medium,110.25806,-1.8782,False,False,True,True,False,True,Di Luar Area Pantauan (>1000m dari Desa)
Matan Hilir Selatan,Sungai Besar,"Jumat, 11 September 2026 00:56:00",NASA-NOAA20,Medium,110.1933,-1.86797,False,False,True,True,False,True,Di Luar Area Pantauan (>1000m dari Desa)
Matan Hilir Selatan,Sungai Besar,"Jumat, 11 September 2026 00:56:00",NASA-NOAA20,Medium,110.19736,-1.86861,False,False,True,True,False,True,Di Luar Area Pantauan (>1000m dari Desa)
Matan Hilir Selatan,Sungai Besar,"Jumat, 11 September 2026 00:56:00",NASA-NOAA20,Medium,110.19975,-1.87997,False,False,True,True,False,True,Di Luar Area Pantauan (>1000m dari Desa)
Matan Hilir Selatan,Sungai Pelang,"Jumat, 11 September 2026 00:56:00",NASA-NOAA20,Medium,110.16721,-1.87485,False,False,True,True,False,True,Di Luar Area Pantauan (>1000m dari Desa)
Matan Hilir Selatan,Sungai Besar,"Jumat, 11 September 2026 00:56:00",NASA-NOAA20,Medium,110.21193,-1.88189,False,False,True,True,False,True,Di Luar Area Pantauan (>1000m dari Desa)
Matan Hilir Selatan,Sungai Besar,"Jumat, 11 September 2026 00:56:00",NASA-NOAA20,Medium,110.20382,-1.88061,False,False,True,True,False,True,Di Luar Area Pantauan (>1000m dari Desa)
Matan Hilir Selatan,Sungai Besar,"Jumat, 11 September 2026 00:56:00",NASA-NOAA20,Medium,110.2073,-1.88482,False,False,True,True,False,True,Di Luar Area Pantauan (>1000m dari Desa)
Matan Hilir Selatan,Sungai Besar,"Jumat, 11 September 2026 00:56:00",NASA-NOAA20,Medium,110.18291,-1.88099,False,False,True,True,False,True,Di Luar Area Pantauan (>1000m dari Desa)
Matan Hilir Selatan,Sungai Besar,"Jumat, 11 September 2026 00:56:00",NASA-NOAA20,Medium,110.17885,-1.88035,False,False,True,True,False,True,Di Luar Area Pantauan (>1000m dari Desa)
Matan Hilir Selatan,Sungai Besar,"Jumat, 11 September 2026 00:56:00",NASA-NOAA20,Medium,110.21134,-1.88546,False,False,True,True,False,True,Di Luar Area Pantauan (>1000m dari Desa)
Matan Hilir Selatan,Sungai Besar,"Jumat, 11 September 2026 00:56:00",NASA-NOAA20,Medium,110.21944,-1.88673,False,False,True,True,False,True,Di Luar Area Pantauan (>1000m dari Desa)
Matan Hilir Selatan,Sungai Besar,"Jumat, 11 September 2026 00:56:00",NASA-NOAA20,Medium,110.17422,-1.88329,False,False,True,True,False,True,Di Luar Area Pantauan (>1000m dari Desa)
Matan Hilir Selatan,Pematang Gadung,"Jumat, 11 September 2026 00:56:00",NASA-NOAA20,Medium,110.31579,-1.95963,False,False,True,True,False,True,Di Luar Area Pantauan (>1000m dari Desa)
Matan Hilir Selatan,Pematang Gadung,"Jumat, 11 September 2026 00:56:00",NASA-NOAA20,Medium,110.31522,-1.96318,False,False,True,True,False,True,Di Luar Area Pantauan (>1000m dari Desa)
Matan Hilir Selatan,Pematang Gadung,"Jumat, 11 September 2026 00:56:00",NASA-NOAA20,Medium,110.31865,-1.96736,False,False,True,True,False,True,Di Luar Area Pantauan (>1000m dari Desa)
Matan Hilir Selatan,Pesaguan Kanan,"Jumat, 11 September 2026 00:56:00",NASA-NOAA20,Medium,110.35123,-2.01975,False,False,True,True,False,True,Di Luar Area Pantauan (>1000m dari Desa)
Matan Hilir Selatan,Pesaguan Kanan,"Jumat, 11 September 2026 00:56:00",NASA-NOAA20,Medium,110.3518,-2.01621,False,False,True,True,False,True,Di Luar Area Pantauan (>1000m dari Desa)
Matan Hilir Selatan,Pesaguan Kanan,"Jumat, 11 September 2026 00:56:00",NASA-NOAA20,Medium,110.34781,-2.01559,False,False,False,True,False,True,Di Luar Area Pantauan (>1000m dari Desa)
Matan Hilir Selatan,Pesaguan Kanan,"Jumat, 11 September 2026 00:56:00",NASA-NOAA20,Medium,110.33472,-2.02079,False,False,True,True,False,True,Di Luar Area Pantauan (>1000m dari Desa)
Matan Hilir Selatan,Pesaguan Kanan,"Jumat, 11 September 2026 00:56:00",NASA-NOAA20,Medium,110.34833,-2.01894,False,False,False,True,False,True,Di Luar Area Pantauan (>1000m dari Desa)
Matan Hilir Selatan,Pesaguan Kanan,"Jumat, 11 September 2026 00:56:00",NASA-NOAA20,Medium,110.34435,-2.01829,False,False,False,False,False,False,Di Luar Area Pantauan (>1000m dari Desa)
Matan Hilir Selatan,Pesaguan Kanan,"Jumat, 11 September 2026 00:56:00",NASA-NOAA20,Medium,110.33871,-2.02142,False,False,True,True,False,True,Di Luar Area Pantauan (>1000m dari Desa)
Matan Hilir Selatan,Pesaguan Kanan,"Jumat, 11 September 2026 00:56:00",NASA-NOAA20,Medium,110.33071,-2.02698,False,False,False,True,False,True,Di Luar Area Pantauan (>1000m dari Desa)
Matan Hilir Selatan,Pesaguan Kanan,"Jumat, 11 September 2026 00:56:00",NASA-NOAA20,Medium,110.34379,-2.02184,False,False,True,True,False,True,Di Luar Area Pantauan (>1000m dari Desa)
Matan Hilir Selatan,Pesaguan Kanan,"Jumat, 11 September 2026 00:56:00",NASA-NOAA20,Medium,110.33756,-2.03535,False,False,True,True,False,True,Di Luar Area Pantauan (>1000m dari Desa)
Matan Hilir Selatan,Pesaguan Kanan,"Jumat, 11 September 2026 00:56:00",NASA-NOAA20,Medium,110.31819,-2.02859,False,False,True,True,False,True,Di Luar Area Pantauan (>1000m dari Desa)
Matan Hilir Selatan,Sungai Besar,"Jumat, 11 September 2026 00:56:00",NASA-NOAA20,Medium,110.20769,-1.88746,False,False,True,True,False,True,Di Luar Area Pantauan (>1000m dari Desa)
Matan Hilir Selatan,Pematang Gadung,"Jumat, 11 September 2026 00:56:00",NASA-NOAA20,Medium,110.26818,-1.8973,False,False,True,True,False,True,Di Luar Area Pantauan (>1000m dari Desa)
Matan Hilir Selatan,Sungai Besar,"Jumat, 11 September 2026 00:56:00",NASA-NOAA20,Medium,110.18336,-1.8835,False,False,True,True,False,True,Di Luar Area Pantauan (>1000m dari Desa)
Matan Hilir Selatan,Sungai Besar,"Jumat, 11 September 2026 00:56:00",NASA-NOAA20,Medium,110.16656,-1.88443,False,False,True,True,False,True,Di Luar Area Pantauan (>1000m dari Desa)
Matan Hilir Selatan,Sungai Besar,"Jumat, 11 September 2026 00:56:00",NASA-NOAA20,Medium,110.17062,-1.88509,False,False,True,True,False,True,Di Luar Area Pantauan (>1000m dari Desa)
Simpang Hilir,Batu Barat,"Jumat, 11 September 2026 00:56:00",NASA-NOAA20,Medium,110.01465,-0.97141,False,False,True,False,False,True,Di Luar Area Pantauan (>1000m dari Desa)
Simpang Hilir,Batu Barat,"Jumat, 11 September 2026 00:56:00",NASA-NOAA20,Medium,110.0483,-0.9506,False,False,True,False,False,True,Di Luar Area Pantauan (>1000m dari Desa)
Simpang Hilir,Lubuk Batu,"Jumat, 11 September 2026 00:56:00",NASA-NOAA20,Medium,110.09873,-0.9586,False,False,False,False,False,False,Di Luar Area Pantauan (>1000m dari Desa)
Simpang Hilir,Sungaimata-Mata,"Jumat, 11 September 2026 00:56:00",NASA-NOAA20,Medium,109.98114,-0.93622,False,False,True,True,False,True,Di Luar Area Pantauan (>1000m dari Desa)
Simpang Hilir,Lubuk Batu,"Jumat, 11 September 2026 00:56:00",NASA-NOAA20,Medium,110.09686,-0.94342,False,False,False,False,False,False,Di Luar Area Pantauan (>1000m dari Desa)
Simpang Hilir,Lubuk Batu,"Jumat, 11 September 2026 00:56:00",NASA-NOAA20,Medium,110.09265,-0.94275,False,False,False,False,False,False,Di Luar Area Pantauan (>1000m dari Desa)
Simpang Hilir,Lubuk Batu,"Jumat, 11 September 2026 00:56:00",NASA-NOAA20,Medium,110.09858,-0.93254,False,False,False,False,False,False,Di Luar Area Pantauan (>1000m dari Desa)
Simpang Hilir,Batu Barat,"Jumat, 11 September 2026 00:56:00",NASA-NOAA20,Medium,110.01431,-0.91906,False,False,True,False,False,True,Di Luar Area Pantauan (>1000m dari Desa)
Simpang Hilir,Batu Barat,"Jumat, 11 September 2026 00:56:00",NASA-NOAA20,Medium,110.01488,-0.91542,False,False,True,False,False,True,Di Luar Area Pantauan (>1000m dari Desa)
Simpang Hilir,Lubuk Batu,"Jumat, 11 September 2026 00:56:00",NASA-NOAA20,Medium,110.114,-0.91642,False,False,False,False,False,False,Di Luar Area Pantauan (>1000m dari Desa)
Batu Ampar,Teluknibung,"Jumat, 11 September 2026 00:56:00",NASA-NOAA20,Medium,109.51964,-0.82068,False,False,True,True,True,True,Di Luar Area Pantauan (>1000m dari Desa)
Simpang Hilir,Lubuk Batu,"Jumat, 11 September 2026 00:56:00",NASA-NOAA20,Medium,110.11819,-0.91709,False,False,False,False,False,False,Di Luar Area Pantauan (>1000m dari Desa)
Simpang Hilir,Batu Barat,"Jumat, 11 September 2026 00:56:00",NASA-NOAA20,Medium,110.03582,-0.97474,False,False,True,True,False,True,Di Luar Area Pantauan (>1000m dari Desa)
Simpang Hilir,Batu Barat,"Jumat, 11 September 2026 00:56:00",NASA-NOAA20,Medium,110.02199,-0.98003,False,False,True,True,False,True,Di Luar Area Pantauan (>1000m dari Desa)
Matan Hilir Selatan,Sungai Nanjung,"Jumat, 11 September 2026 00:56:00",NASA-NOAA20,Medium,110.25941,-2.17516,False,False,True,True,True,True,Di Luar Area Pantauan (>1000m dari Desa)
Matan Hilir Selatan,Sungai Nanjung,"Jumat, 11 September 2026 00:56:00",NASA-NOAA20,Medium,110.26341,-2.1758,False,False,True,True,True,True,Di Luar Area Pantauan (>1000m dari Desa)
Matan Hilir Selatan,Sungai Nanjung,"Jumat, 11 September 2026 00:56:00",NASA-NOAA20,Medium,110.25998,-2.17162,False,False,True,True,True,True,Di Luar Area Pantauan (>1000m dari Desa)
Matan Hilir Selatan,Sungai Nanjung,"Jumat, 11 September 2026 00:56:00",NASA-NOAA20,Medium,110.24396,-2.16905,False,False,True,True,False,True,Di Luar Area Pantauan (>1000m dari Desa)
Matan Hilir Selatan,Sungai Nanjung,"Jumat, 11 September 2026 00:56:00",NASA-NOAA20,Medium,110.26398,-2.17226,False,False,True,True,True,True,Di Luar Area Pantauan (>1000m dari Desa)
Matan Hilir Selatan,Sungai Nanjung,"Jumat, 11 September 2026 00:56:00",NASA-NOAA20,Medium,110.24284,-2.17616,False,False,True,True,False,True,Di Luar Area Pantauan (>1000m dari Desa)
Matan Hilir Selatan,Sungai Nanjung,"Jumat, 11 September 2026 00:56:00",NASA-NOAA20,Medium,110.172,-2.1283,False,False,False,True,False,True,Di Luar Area Pantauan (>1000m dari Desa)
Marau,Randai,"Jumat, 11 September 2026 00:56:00",NASA-NOAA20,Medium,110.4798,-2.16712,False,False,False,False,False,False,Di Luar Area Pantauan (>1000m dari Desa)
Kendawangan,Sungai Jelayan,"Jumat, 11 September 2026 00:56:00",NASA-NOAA20,Medium,110.46806,-2.16522,False,False,False,False,False,False,Di Luar Area Pantauan (>1000m dari Desa)
Marau,Randai,"Jumat, 11 September 2026 00:56:00",NASA-NOAA20,Medium,110.48373,-2.16776,False,False,False,False,False,False,Di Luar Area Pantauan (>1000m dari Desa)
Marau,Randai,"Jumat, 11 September 2026 00:56:00",NASA-NOAA20,Medium,110.48428,-2.16424,False,False,False,False,False,False,Di Luar Area Pantauan (>1000m dari Desa)
Marau,Randai,"Jumat, 11 September 2026 00:56:00",NASA-NOAA20,Medium,110.48036,-2.16361,False,False,False,False,False,False,Di Luar Area Pantauan (>1000m dari Desa)
Marau,Bantan Sari,"Jumat, 11 September 2026 00:56:00",NASA-NOAA20,Medium,110.82104,-2.20221,False,False,False,False,False,False,Di Luar Area Pantauan (>1000m dari Desa)
Matan Hilir Selatan,Sungai Nanjung,"Jumat, 11 September 2026 00:56:00",NASA-NOAA20,Medium,110.26058,-2.19355,False,False,True,True,True,True,Di Luar Area Pantauan (>1000m dari Desa)
Matan Hilir Selatan,Sungai Nanjung,"Jumat, 11 September 2026 00:56:00",NASA-NOAA20,Medium,110.24857,-2.19164,False,False,True,True,True,True,Di Luar Area Pantauan (>1000m dari Desa)
Matan Hilir Selatan,Sungai Nanjung,"Jumat, 11 September 2026 00:56:00",NASA-NOAA20,Medium,110.23825,-2.17907,False,False,True,True,False,True,Di Luar Area Pantauan (>1000m dari Desa)
Simpang Hilir,Nipah Kuning,"Jumat, 11 September 2026 00:56:00",NASA-NOAA20,Medium,109.93896,-1.0494,False,False,True,True,True,True,Di Luar Area Pantauan (>1000m dari Desa)
Simpang Hilir,Matan Jaya,"Jumat, 11 September 2026 00:56:00",NASA-NOAA20,Medium,110.1095,-1.09123,False,False,True,True,True,True,Di Luar Area Pantauan (>1000m dari Desa)
Simpang Hilir,Matan Jaya,"Jumat, 11 September 2026 00:56:00",NASA-NOAA20,Medium,110.10532,-1.09057,False,False,True,True,True,True,Di Luar Area Pantauan (>1000m dari Desa)
Simpang Hilir,Nipah Kuning,"Jumat, 11 September 2026 00:56:00",NASA-NOAA20,Medium,109.95287,-1.04412,False,False,True,True,False,True,Di Luar Area Pantauan (>1000m dari Desa)
Simpang Hilir,Batu Barat,"Jumat, 11 September 2026 00:56:00",NASA-NOAA20,Medium,110.03931,-0.95291,False,False,True,True,False,True,Di Luar Area Pantauan (>1000m dari Desa)
Simpang Hilir,Batu Barat,"Jumat, 11 September 2026 00:56:00",NASA-NOAA20,Medium,110.05194,-0.95491,False,False,True,True,False,True,Di Luar Area Pantauan (>1000m dari Desa)
Simpang Hilir,Batu Barat,"Jumat, 11 September 2026 00:56:00",NASA-NOAA20,Medium,110.04294,-0.95721,False,False,True,True,False,True,Di Luar Area Pantauan (>1000m dari Desa)
Simpang Hilir,Sungaimata-Mata,"Jumat, 11 September 2026 00:56:00",NASA-NOAA20,Medium,109.98424,-0.94419,False,False,True,True,False,True,Di Luar Area Pantauan (>1000m dari Desa)
Simpang Hilir,Matan Jaya,"Jumat, 11 September 2026 00:56:00",NASA-NOAA20,Medium,110.10476,-1.09419,False,False,True,True,True,True,Di Luar Area Pantauan (>1000m dari Desa)
Simpang Hilir,Matan Jaya,"Jumat, 11 September 2026 00:56:00",NASA-NOAA20,Medium,110.11313,-1.0955,False,False,True,True,True,True,Di Luar Area Pantauan (>1000m dari Desa)
Simpang Hilir,Matan Jaya,"Jumat, 11 September 2026 00:56:00",NASA-NOAA20,Medium,110.13811,-1.09943,False,False,True,True,True,True,Di Luar Area Pantauan (>1000m dari Desa)
Simpang Dua,Kampar Sebomban,"Jumat, 11 September 2026 00:56:00",NASA-NOAA20,Medium,110.18705,-0.90486,False,False,False,False,False,False,Di Luar Area Pantauan (>1000m dari Desa)
Simpang Hilir,Matan Jaya,"Jumat, 11 September 2026 00:56:00",NASA-NOAA20,Medium,110.10058,-1.09353,False,False,True,True,True,True,Di Luar Area Pantauan (>1000m dari Desa)
Sukadana,Sedahan Jaya,"Jumat, 11 September 2026 00:56:00",NASA-NOAA20,Medium,110.04144,-1.1778,False,False,False,True,True,True,Di Luar Area Pantauan (>1000m dari Desa)
Sukadana,Sedahan Jaya,"Jumat, 11 September 2026 00:56:00",NASA-NOAA20,Medium,110.03722,-1.17713,False,False,False,False,True,True,Di Luar Area Pantauan (>1000m dari Desa)
Sukadana,Sedahan Jaya,"Jumat, 11 September 2026 00:56:00",NASA-NOAA20,Medium,110.02939,-1.17217,False,False,False,False,True,True,Di Luar Area Pantauan (>1000m dari Desa)
Simpang Hilir,Rantau Panjang,"Jumat, 11 September 2026 00:56:00",NASA-NOAA20,Medium,110.04839,-1.13426,False,False,True,True,False,True,Di Luar Area Pantauan (>1000m dari Desa)
Nanga Tayap,Sepakat Jaya,"Jumat, 11 September 2026 00:56:00",NASA-NOAA20,Medium,110.66952,-1.38223,False,False,True,False,False,True,Di Luar Area Pantauan (>1000m dari Desa)
Sukadana,Sejahtera,"Jumat, 11 September 2026 00:56:00",NASA-NOAA20,Medium,110.10561,-1.29289,False,False,True,True,True,True,Di Luar Area Pantauan (>1000m dari Desa)
Matan Hilir Utara,Kuala Satong,"Jumat, 11 September 2026 00:56:00",NASA-NOAA20,Medium,110.12026,-1.37043,False,False,False,True,False,True,Di Luar Area Pantauan (>1000m dari Desa)
Matan Hilir Utara,Lamon Satong,"Jumat, 11 September 2026 00:56:00",NASA-NOAA20,Medium,110.18292,-1.37679,False,False,False,False,False,False,Di Luar Area Pantauan (>1000m dari Desa)
Matan Hilir Utara,Kuala Satong,"Jumat, 11 September 2026 00:56:00",NASA-NOAA20,Medium,110.13795,-1.36588,False,False,False,True,False,True,Di Luar Area Pantauan (>1000m dari Desa)
Nanga Tayap,Tanjung Medan,"Jumat, 11 September 2026 00:56:00",NASA-NOAA20,Medium,110.4386,-1.46507,False,False,False,False,False,False,Di Luar Area Pantauan (>1000m dari Desa)
Nanga Tayap,Tanjung Medan,"Jumat, 11 September 2026 00:56:00",NASA-NOAA20,Medium,110.44263,-1.46571,False,False,False,False,True,True,Di Luar Area Pantauan (>1000m dari Desa)
Matan Hilir Utara,Lamon Satong,"Jumat, 11 September 2026 00:56:00",NASA-NOAA20,Medium,110.23385,-1.48267,False,False,True,True,False,True,Di Luar Area Pantauan (>1000m dari Desa)
Matan Hilir Utara,Kuala Tolak,"Jumat, 11 September 2026 00:56:00",NASA-NOAA20,Medium,110.16786,-1.47572,False,False,True,True,False,True,Di Luar Area Pantauan (>1000m dari Desa)
Matan Hilir Utara,Kuala Tolak,"Jumat, 11 September 2026 00:56:00",NASA-NOAA20,Medium,110.18015,-1.4777,False,False,False,True,False,True,Di Luar Area Pantauan (>1000m dari Desa)
Matan Hilir Utara,Lamon Satong,"Jumat, 11 September 2026 00:56:00",NASA-NOAA20,Medium,110.20875,-1.4823,False,False,False,False,False,False,Di Luar Area Pantauan (>1000m dari Desa)
Matan Hilir Utara,Kuala Tolak,"Jumat, 11 September 2026 00:56:00",NASA-NOAA20,Medium,110.16843,-1.47213,False,False,True,True,False,True,Di Luar Area Pantauan (>1000m dari Desa)
Matan Hilir Utara,Kuala Tolak,"Jumat, 11 September 2026 00:56:00",NASA-NOAA20,Medium,110.17663,-1.47345,False,False,False,True,False,True,Di Luar Area Pantauan (>1000m dari Desa)
Matan Hilir Utara,Lamon Satong,"Jumat, 11 September 2026 00:56:00",NASA-NOAA20,Medium,110.20932,-1.47872,False,False,False,False,False,False,Di Luar Area Pantauan (>1000m dari Desa)
Matan Hilir Utara,Lamon Satong,"Jumat, 11 September 2026 00:56:00",NASA-NOAA20,Medium,110.22977,-1.48201,False,False,True,True,False,True,Di Luar Area Pantauan (>1000m dari Desa)
Matan Hilir Utara,Kuala Tolak,"Jumat, 11 September 2026 00:56:00",NASA-NOAA20,Medium,110.10602,-1.46577,False,False,False,False,False,False,Di Luar Area Pantauan (>1000m dari Desa)
Nanga Tayap,Simpang Tiga Sembelangaan,"Jumat, 11 September 2026 00:56:00",NASA-NOAA20,Medium,110.3673,-1.48593,False,False,True,False,True,True,Di Luar Area Pantauan (>1000m dari Desa)
Matan Hilir Utara,Lamon Satong,"Jumat, 11 September 2026 00:56:00",NASA-NOAA20,Medium,110.23033,-1.47843,False,False,True,True,False,True,Di Luar Area Pantauan (>1000m dari Desa)
Matan Hilir Utara,Kuala Tolak,"Jumat, 11 September 2026 00:56:00",NASA-NOAA20,Medium,110.16433,-1.47147,False,False,True,True,False,True,Di Luar Area Pantauan (>1000m dari Desa)
Matan Hilir Utara,Kuala Tolak,"Jumat, 11 September 2026 00:56:00",NASA-NOAA20,Medium,110.10659,-1.46216,False,False,False,False,False,False,Di Luar Area Pantauan (>1000m dari Desa)
Matan Hilir Utara,Kuala Tolak,"Jumat, 11 September 2026 00:56:00",NASA-NOAA20,Medium,110.11073,-1.46283,False,False,False,False,False,False,Di Luar Area Pantauan (>1000m dari Desa)
Sungai Raya,Kalibandung,"Jumat, 11 September 2026 00:56:00",NASA-NOAA20,Medium,109.6748,-0.32597,False,False,False,True,False,True,Di Luar Area Pantauan (>1000m dari Desa)
Sungai Raya,Kalibandung,"Jumat, 11 September 2026 00:56:00",NASA-NOAA20,Medium,109.67303,-0.3372,False,False,False,False,False,False,Di Luar Area Pantauan (>1000m dari Desa)
Sungai Raya,Kalibandung,"Jumat, 11 September 2026 00:56:00",NASA-NOAA20,Medium,109.66913,-0.33274,False,False,False,True,False,True,Di Luar Area Pantauan (>1000m dari Desa)
Sungai Raya,Kalibandung,"Jumat, 11 September 2026 00:56:00",NASA-NOAA20,Medium,109.66972,-0.329,False,False,False,True,False,True,Di Luar Area Pantauan (>1000m dari Desa)
Sungai Raya,Kalibandung,"Jumat, 11 September 2026 00:56:00",NASA-NOAA20,Medium,109.64156,-0.33221,False,False,False,True,False,True,Di Luar Area Pantauan (>1000m dari Desa)
Simpang Hulu,Sekucing Kualan,"Jumat, 11 September 2026 00:56:00",NASA-NOAA20,Medium,110.08338,-0.61938,False,False,True,False,False,True,Di Luar Area Pantauan (>1000m dari Desa)
Sukadana,Riam Berasap Jaya,"Jumat, 11 September 2026 00:56:00",NASA-NOAA20,Medium,110.17223,-1.3382,False,False,True,False,True,True,Di Luar Area Pantauan (>1000m dari Desa)
Nanga Tayap,Sepakat Jaya,"Jumat, 11 September 2026 00:56:00",NASA-NOAA20,Medium,110.66121,-1.41747,False,False,False,False,False,False,Di Luar Area Pantauan (>1000m dari Desa)
Matan Hilir Utara,Kuala Tolak,"Jumat, 11 September 2026 00:56:00",NASA-NOAA20,Medium,110.17082,-1.48356,False,False,True,True,False,True,Di Luar Area Pantauan (>1000m dari Desa)
Sungai Ambawang,Teluk Bakung,"Jumat, 11 September 2026 00:56:00",NASA-NOAA20,Medium,109.69891,-0.05032,False,False,False,True,False,True,Di Luar Area Pantauan (>1000m dari Desa)
Sungai Ambawang,Teluk Bakung,"Jumat, 11 September 2026 00:56:00",NASA-NOAA20,Medium,109.69267,-0.06088,False,False,True,True,False,True,Di Luar Area Pantauan (>1000m dari Desa)
Sungai Ambawang,Pasak Piang,"Jumat, 11 September 2026 00:56:00",NASA-NOAA20,Medium,109.64904,-0.14336,False,False,True,True,False,True,Di Luar Area Pantauan (>1000m dari Desa)
Sungai Raya,Muara Baru,"Jumat, 11 September 2026 00:56:00",NASA-NOAA20,Medium,109.82284,-0.1744,False,False,True,True,True,True,Di Luar Area Pantauan (>1000m dari Desa)
Simpang Hilir,Sungaimata-Mata,"Jumat, 11 September 2026 00:56:00",NASA-NOAA20,Medium,109.96832,-1.00167,False,False,True,True,False,True,Di Luar Area Pantauan (>1000m dari Desa)
Batu Ampar,Tanjungberingin,"Jumat, 11 September 2026 00:56:00",NASA-NOAA20,Medium,109.9279,-0.51247,False,False,True,True,False,True,Di Luar Area Pantauan (>1000m dari Desa)
Simpang Hilir,Sungaimata-Mata,"Jumat, 11 September 2026 00:56:00",NASA-NOAA20,Medium,109.94455,-0.9866,False,False,True,True,False,True,Di Luar Area Pantauan (>1000m dari Desa)
Simpang Hilir,Sungaimata-Mata,"Jumat, 11 September 2026 00:56:00",NASA-NOAA20,Medium,109.9689,-0.99802,False,False,True,True,False,True,Di Luar Area Pantauan (>1000m dari Desa)
Simpang Hilir,Batu Barat,"Jumat, 11 September 2026 00:56:00",NASA-NOAA20,Medium,110.02258,-0.98802,False,False,True,True,False,True,Di Luar Area Pantauan (>1000m dari Desa)
Simpang Hilir,Sungaimata-Mata,"Jumat, 11 September 2026 00:56:00",NASA-NOAA20,Medium,109.97546,-0.98411,False,False,True,True,False,True,Di Luar Area Pantauan (>1000m dari Desa)
Simpang Hilir,Sungaimata-Mata,"Jumat, 11 September 2026 00:56:00",NASA-NOAA20,Medium,109.9457,-0.97929,False,False,True,True,False,True,Di Luar Area Pantauan (>1000m dari Desa)
Simpang Hilir,Matan Jaya,"Jumat, 11 September 2026 00:56:00",NASA-NOAA20,Medium,110.13924,-1.0922,False,False,False,True,True,True,Di Luar Area Pantauan (>1000m dari Desa)
Simpang Hilir,Matan Jaya,"Jumat, 11 September 2026 00:56:00",NASA-NOAA20,Medium,110.1173,-1.09616,False,False,True,True,True,True,Di Luar Area Pantauan (>1000m dari Desa)
Simpang Hilir,Matan Jaya,"Jumat, 11 September 2026 00:56:00",NASA-NOAA20,Medium,110.10895,-1.09485,False,False,True,True,True,True,Di Luar Area Pantauan (>1000m dari Desa)
Simpang Hilir,Matan Jaya,"Jumat, 11 September 2026 00:56:00",NASA-NOAA20,Medium,110.13453,-1.09516,False,False,True,True,True,True,Di Luar Area Pantauan (>1000m dari Desa)
Simpang Hilir,Nipah Kuning,"Jumat, 11 September 2026 00:56:00",NASA-NOAA20,Medium,109.94805,-1.0471,False,False,True,True,False,True,Di Luar Area Pantauan (>1000m dari Desa)
Simpang Hilir,Matan Jaya,"Jumat, 11 September 2026 00:56:00",NASA-NOAA20,Medium,110.09561,-1.07047,False,False,False,False,True,True,Di Luar Area Pantauan (>1000m dari Desa)
Simpang Hilir,Sungaimata-Mata,"Jumat, 11 September 2026 00:56:00",NASA-NOAA20,Medium,109.94244,-0.96007,False,False,True,True,False,True,Di Luar Area Pantauan (>1000m dari Desa)
Simpang Hilir,Batu Barat,"Jumat, 11 September 2026 00:56:00",NASA-NOAA20,Medium,110.04062,-0.97176,False,False,False,True,False,True,Di Luar Area Pantauan (>1000m dari Desa)
Matan Hilir Utara,Kuala Tolak,"Jumat, 11 September 2026 00:56:00",NASA-NOAA20,Medium,110.16672,-1.48291,False,False,True,True,False,True,Di Luar Area Pantauan (>1000m dari Desa)
Simpang Hilir,Sungaimata-Mata,"Jumat, 11 September 2026 00:56:00",NASA-NOAA20,Medium,109.94513,-0.98294,False,False,True,True,False,True,Di Luar Area Pantauan (>1000m dari Desa)
Batu Ampar,Tanjungberingin,"Jumat, 11 September 2026 00:56:00",NASA-NOAA20,Medium,109.92358,-0.51179,False,False,True,True,False,True,Di Luar Area Pantauan (>1000m dari Desa)
Sungai Raya,Pulaulimbung,"Jumat, 11 September 2026 00:56:00",NASA-NOAA20,Medium,109.82608,-0.18252,False,False,True,True,True,True,Di Luar Area Pantauan (>1000m dari Desa)
Simpang Hulu,Sekucing Kualan,"Jumat, 11 September 2026 00:56:00",NASA-NOAA20,Medium,110.08279,-0.62302,False,False,True,False,False,True,Di Luar Area Pantauan (>1000m dari Desa)
Sungai Ambawang,Teluk Bakung,"Jumat, 11 September 2026 00:56:00",NASA-NOAA20,Medium,109.65984,-0.13351,False,False,True,True,False,True,Di Luar Area Pantauan (>1000m dari Desa)
Simpang Hilir,Penjalaan,"Jumat, 11 September 2026 00:56:00",NASA-NOAA20,Medium,110.05317,-1.13131,False,False,True,True,False,True,Di Luar Area Pantauan (>1000m dari Desa)
Simpang Hilir,Penjalaan,"Jumat, 11 September 2026 00:56:00",NASA-NOAA20,Medium,110.05793,-1.12835,False,False,True,True,False,True,Di Luar Area Pantauan (>1000m dari Desa)
Matan Hilir Utara,Lamon Satong,"Jumat, 11 September 2026 00:56:00",NASA-NOAA20,Medium,110.25409,-1.34212,False,False,True,False,False,True,Di Luar Area Pantauan (>1000m dari Desa)
Matan Hilir Utara,Lamon Satong,"Jumat, 11 September 2026 00:56:00",NASA-NOAA20,Medium,110.20481,-1.5074,False,False,True,True,False,True,Di Luar Area Pantauan (>1000m dari Desa)
Muara Pawan,Ulak Medang,"Jumat, 11 September 2026 00:56:00",NASA-NOAA20,Medium,110.28736,-1.51325,False,False,False,False,False,False,Di Luar Area Pantauan (>1000m dari Desa)
Simpang Hilir,Sungaimata-Mata,"Jumat, 11 September 2026 00:56:00",NASA-NOAA20,Medium,109.94322,-0.98268,False,False,True,True,False,True,Di Luar Area Pantauan (>1000m dari Desa)
Simpang Hilir,Batu Barat,"Jumat, 11 September 2026 00:56:00",NASA-NOAA20,Medium,110.04599,-0.96515,False,False,False,True,False,True,Di Luar Area Pantauan (>1000m dari Desa)
Simpang Hilir,Batu Barat,"Jumat, 11 September 2026 00:56:00",NASA-NOAA20,Medium,110.04352,-0.95357,False,False,True,True,False,True,Di Luar Area Pantauan (>1000m dari Desa)
Simpang Hilir,Batu Barat,"Jumat, 11 September 2026 00:56:00",NASA-NOAA20,Medium,110.04178,-0.96449,False,False,True,True,False,True,Di Luar Area Pantauan (>1000m dari Desa)
Simpang Hilir,Batu Barat,"Jumat, 11 September 2026 00:56:00",NASA-NOAA20,Medium,110.03756,-0.96382,False,False,True,True,False,True,Di Luar Area Pantauan (>1000m dari Desa)
Simpang Hilir,Batu Barat,"Jumat, 11 September 2026 00:56:00",NASA-NOAA20,Medium,110.03987,-0.94927,False,False,True,True,False,True,Di Luar Area Pantauan (>1000m dari Desa)
Simpang Hilir,Batu Barat,"Jumat, 11 September 2026 00:56:00",NASA-NOAA20,Medium,110.04409,-0.94993,False,False,True,True,False,True,Di Luar Area Pantauan (>1000m dari Desa)
Simpang Hilir,Sungaimata-Mata,"Jumat, 11 September 2026 00:56:00",NASA-NOAA20,Medium,109.98057,-0.93987,False,False,True,True,False,True,Di Luar Area Pantauan (>1000m dari Desa)
Simpang Hilir,Batu Barat,"Jumat, 11 September 2026 00:56:00",NASA-NOAA20,Medium,110.04887,-0.94696,False,False,True,False,False,True,Di Luar Area Pantauan (>1000m dari Desa)
Batu Ampar,Batu Ampar,"Jumat, 11 September 2026 00:56:00",NASA-NOAA20,Medium,109.54664,-0.78191,False,False,False,True,True,True,Di Luar Area Pantauan (>1000m dari Desa)
Batu Ampar,Batu Ampar,"Jumat, 11 September 2026 00:56:00",NASA-NOAA20,Medium,109.53709,-0.78425,False,False,True,True,True,True,Di Luar Area Pantauan (>1000m dari Desa)
Simpang Dua,Kampar Sebomban,"Jumat, 11 September 2026 00:56:00",NASA-NOAA20,Medium,110.19409,-0.88745,False,False,True,False,False,True,Di Luar Area Pantauan (>1000m dari Desa)
Mempawah Hilir,Malikian,"Jumat, 11 September 2026 00:56:00",NASA-NOAA20,Medium,109.03014,0.47548,False,False,True,True,False,True,Di Luar Area Pantauan (>1000m dari Desa)
Matan Hilir Utara,Kuala Tolak,"Jumat, 11 September 2026 00:56:00",NASA-NOAA20,Medium,110.09117,-1.45228,False,False,False,False,False,False,Di Luar Area Pantauan (>1000m dari Desa)
Matan Hilir Utara,Kuala Tolak,"Jumat, 11 September 2026 00:56:00",NASA-NOAA20,Medium,110.11184,-1.45562,False,False,False,False,False,False,Di Luar Area Pantauan (>1000m dari Desa)
Matan Hilir Utara,Kuala Tolak,"Jumat, 11 September 2026 00:56:00",NASA-NOAA20,Medium,110.14902,-1.46163,False,False,True,True,False,True,Di Luar Area Pantauan (>1000m dari Desa)
Sungai Ambawang,Teluk Bakung,"Jumat, 11 September 2026 00:56:00",NASA-NOAA20,Medium,109.7504,-0.0162,False,False,True,True,False,True,Di Luar Area Pantauan (>1000m dari Desa)
Sungai Ambawang,Teluk Bakung,"Jumat, 11 September 2026 00:56:00",NASA-NOAA20,Medium,109.74084,-0.01852,False,False,False,True,False,True,Di Luar Area Pantauan (>1000m dari Desa)
Sungai Ambawang,Teluk Bakung,"Jumat, 11 September 2026 00:56:00",NASA-NOAA20,Medium,109.70341,-0.05102,False,False,False,True,False,True,Di Luar Area Pantauan (>1000m dari Desa)
Sungai Ambawang,Teluk Bakung,"Jumat, 11 September 2026 00:56:00",NASA-NOAA20,Medium,109.69719,-0.06158,False,False,True,True,False,True,Di Luar Area Pantauan (>1000m dari Desa)
Belimbing,Belonsat,"Jumat, 11 September 2026 00:56:00",NASA-NOAA20,Medium,111.4734,-0.35289,False,False,False,False,False,False,Di Luar Area Pantauan (>1000m dari Desa)
Nanga Tayap,Simpang Tiga Sembelangaan,"Jumat, 11 September 2026 00:56:00",NASA-NOAA20,Medium,110.35702,-1.43757,False,False,True,False,True,True,Di Luar Area Pantauan (>1000m dari Desa)
Pulau Maya,Kemboja,"Jumat, 11 September 2026 00:56:00",NASA-NOAA20,Medium,109.71453,-1.13749,False,False,False,False,False,False,Di Luar Area Pantauan (>1000m dari Desa)
Sukadana,Sedahan Jaya,"Jumat, 11 September 2026 00:56:00",NASA-NOAA20,Medium,110.05523,-1.17254,False,False,True,True,True,True,Di Luar Area Pantauan (>1000m dari Desa)
Nanga Tayap,Mensubang,"Jumat, 11 September 2026 00:56:00",NASA-NOAA20,Medium,110.40867,-1.33725,False,False,False,False,False,False,Di Luar Area Pantauan (>1000m dari Desa)
Nanga Tayap,Mensubang,"Jumat, 11 September 2026 00:56:00",NASA-NOAA20,Medium,110.40584,-1.32951,False,False,False,False,False,False,Di Luar Area Pantauan (>1000m dari Desa)
Sukadana,Sejahtera,"Jumat, 11 September 2026 00:56:00",NASA-NOAA20,Medium,110.10377,-1.27778,False,False,True,True,True,True,Di Luar Area Pantauan (>1000m dari Desa)
Sukadana,Sejahtera,"Jumat, 11 September 2026 00:56:00",NASA-NOAA20,Medium,110.10735,-1.28206,False,False,True,True,True,True,Di Luar Area Pantauan (>1000m dari Desa)
Nanga Tayap,Mensubang,"Jumat, 11 September 2026 00:56:00",NASA-NOAA20,Medium,110.40208,-1.32891,False,False,False,False,False,False,Di Luar Area Pantauan (>1000m dari Desa)
Sukadana,Sejahtera,"Jumat, 11 September 2026 00:56:00",NASA-NOAA20,Medium,110.05791,-1.27048,False,False,True,True,True,True,Di Luar Area Pantauan (>1000m dari Desa)
Sukadana,Sejahtera,"Jumat, 11 September 2026 00:56:00",NASA-NOAA20,Medium,110.10793,-1.27845,False,False,True,True,True,True,Di Luar Area Pantauan (>1000m dari Desa)
Sukadana,Sejahtera,"Jumat, 11 September 2026 00:56:00",NASA-NOAA20,Medium,110.10851,-1.27483,False,False,True,False,True,True,Di Luar Area Pantauan (>1000m dari Desa)
Sukadana,Sejahtera,"Jumat, 11 September 2026 00:56:00",NASA-NOAA20,Medium,110.11266,-1.2755,False,False,True,False,True,True,Di Luar Area Pantauan (>1000m dari Desa)
Batu Ampar,Teluknibung,"Jumat, 11 September 2026 00:56:00",NASA-NOAA20,Medium,109.52355,-0.82516,False,True,True,True,True,True,Prioritas 3 (Rendah)
Simpang Hilir,Sungaimata-Mata,"Jumat, 11 September 2026 00:56:00",NASA-NOAA20,Medium,110.01237,-0.9038,False,False,True,True,False,True,Di Luar Area Pantauan (>1000m dari Desa)
Batu Ampar,Teluknibung,"Jumat, 11 September 2026 00:56:00",NASA-NOAA20,Medium,109.51904,-0.82443,False,True,True,True,True,True,Prioritas 3 (Rendah)
Sukadana,Sedahan Jaya,"Jumat, 11 September 2026 00:56:00",NASA-NOAA20,Medium,110.05158,-1.16825,False,False,True,True,True,True,Di Luar Area Pantauan (>1000m dari Desa)
Sukadana,Sedahan Jaya,"Jumat, 11 September 2026 00:56:00",NASA-NOAA20,Medium,110.04738,-1.16758,False,False,False,True,True,True,Di Luar Area Pantauan (>1000m dari Desa)
Sungai Ambawang,Teluk Bakung,"Jumat, 11 September 2026 00:56:00",NASA-NOAA20,Medium,109.65591,-0.12904,False,False,True,True,False,True,Di Luar Area Pantauan (>1000m dari Desa)
Sungai Raya,Gunungtamang,"Jumat, 11 September 2026 00:56:00",NASA-NOAA20,Medium,109.89733,-0.1595,False,False,False,True,False,True,Di Luar Area Pantauan (>1000m dari Desa)
Simpang Hilir,Batu Barat,"Jumat, 11 September 2026 00:56:00",NASA-NOAA20,Medium,110.04236,-0.96085,False,False,True,True,False,True,Di Luar Area Pantauan (>1000m dari Desa)
Simpang Hilir,Penjalaan,"Jumat, 11 September 2026 00:56:00",NASA-NOAA20,Medium,110.06019,-1.11384,False,False,False,False,False,False,Di Luar Area Pantauan (>1000m dari Desa)
Pulau Maya,Kemboja,"Jumat, 11 September 2026 00:56:00",NASA-NOAA20,Medium,109.72747,-1.05619,False,False,False,True,True,True,Di Luar Area Pantauan (>1000m dari Desa)
Simpang Hilir,Matan Jaya,"Jumat, 11 September 2026 00:56:00",NASA-NOAA20,Medium,110.10419,-1.09781,False,False,True,True,True,True,Di Luar Area Pantauan (>1000m dari Desa)
Pulau Maya,Kemboja,"Jumat, 11 September 2026 00:56:00",NASA-NOAA20,Medium,109.72603,-1.05363,False,False,False,True,True,True,Di Luar Area Pantauan (>1000m dari Desa)
Simpang Hilir,Sungaimata-Mata,"Jumat, 11 September 2026 00:56:00",NASA-NOAA20,Medium,109.94438,-0.97537,False,False,True,True,False,True,Di Luar Area Pantauan (>1000m dari Desa)
Simpang Hilir,Padu Banjar,"Jumat, 11 September 2026 00:56:00",NASA-NOAA20,Medium,109.87882,-1.01358,False,False,False,False,False,False,Di Luar Area Pantauan (>1000m dari Desa)
Simpang Hilir,Padu Banjar,"Jumat, 11 September 2026 00:56:00",NASA-NOAA20,Medium,109.87825,-1.01725,False,False,False,False,False,False,Di Luar Area Pantauan (>1000m dari Desa)
Simpang Hilir,Sungaimata-Mata,"Jumat, 11 September 2026 00:56:00",NASA-NOAA20,Medium,109.94749,-0.98334,False,False,True,True,False,True,Di Luar Area Pantauan (>1000m dari Desa)
Simpang Hilir,Batu Barat,"Jumat, 11 September 2026 00:56:00",NASA-NOAA20,Medium,110.0268,-0.9887,False,False,True,True,False,True,Di Luar Area Pantauan (>1000m dari Desa)
Simpang Hilir,Nipah Kuning,"Jumat, 11 September 2026 00:56:00",NASA-NOAA20,Medium,109.95094,-1.02884,False,False,True,True,False,True,Di Luar Area Pantauan (>1000m dari Desa)
Simpang Hilir,Nipah Kuning,"Jumat, 11 September 2026 00:56:00",NASA-NOAA20,Medium,109.95037,-1.03249,False,False,True,True,False,True,Di Luar Area Pantauan (>1000m dari Desa)
Muara Pawan,Ulak Medang,"Jumat, 11 September 2026 00:56:00",NASA-NOAA20,Medium,110.22229,-1.50285,False,False,True,True,False,True,Di Luar Area Pantauan (>1000m dari Desa)
Muara Pawan,Ulak Medang,"Jumat, 11 September 2026 00:56:00",NASA-NOAA20,Medium,110.27116,-1.51066,False,False,False,True,False,True,Di Luar Area Pantauan (>1000m dari Desa)
Sukadana,Sejahtera,"Jumat, 11 September 2026 00:56:00",NASA-NOAA20,Medium,110.06094,-1.27839,False,False,True,True,True,True,Di Luar Area Pantauan (>1000m dari Desa)
Nanga Tayap,Mensubang,"Jumat, 11 September 2026 00:56:00",NASA-NOAA20,Medium,110.40154,-1.33247,False,False,False,False,False,False,Di Luar Area Pantauan (>1000m dari Desa)
Sukadana,Sejahtera,"Jumat, 11 September 2026 00:56:00",NASA-NOAA20,Medium,110.10261,-1.28501,False,False,True,True,True,True,Di Luar Area Pantauan (>1000m dari Desa)
Sukadana,Riam Berasap Jaya,"Jumat, 11 September 2026 00:56:00",NASA-NOAA20,Medium,110.14603,-1.34132,False,False,False,False,False,False,Di Luar Area Pantauan (>1000m dari Desa)
Sukadana,Riam Berasap Jaya,"Jumat, 11 September 2026 00:56:00",NASA-NOAA20,Medium,110.17524,-1.3371,False,False,True,False,True,True,Di Luar Area Pantauan (>1000m dari Desa)
Nanga Tayap,Pangkalan Teluk,"Jumat, 11 September 2026 00:56:00",NASA-NOAA20,Medium,110.30138,-1.36054,False,False,True,False,True,True,Di Luar Area Pantauan (>1000m dari Desa)
Nanga Tayap,Sepakat Jaya,"Jumat, 11 September 2026 00:56:00",NASA-NOAA20,Medium,110.66032,-1.41678,False,False,False,False,False,False,Di Luar Area Pantauan (>1000m dari Desa)
Muara Pawan,Ulak Medang,"Jumat, 11 September 2026 00:56:00",NASA-NOAA20,Medium,110.23861,-1.50546,False,False,True,True,False,True,Di Luar Area Pantauan (>1000m dari Desa)
Muara Pawan,Ulak Medang,"Jumat, 11 September 2026 00:56:00",NASA-NOAA20,Medium,110.21822,-1.50219,False,False,True,True,False,True,Di Luar Area Pantauan (>1000m dari Desa)
Muara Pawan,Ulak Medang,"Jumat, 11 September 2026 00:56:00",NASA-NOAA20,Medium,110.28332,-1.5126,False,False,False,False,False,False,Di Luar Area Pantauan (>1000m dari Desa)
Muara Pawan,Ulak Medang,"Jumat, 11 September 2026 00:56:00",NASA-NOAA20,Medium,110.24971,-1.51456,False,False,True,True,False,True,Di Luar Area Pantauan (>1000m dari Desa)
Matan Hilir Utara,Lamon Satong,"Jumat, 11 September 2026 00:56:00",NASA-NOAA20,Medium,110.22341,-1.49568,False,False,True,True,False,True,Di Luar Area Pantauan (>1000m dari Desa)
Muara Pawan,Ulak Medang,"Jumat, 11 September 2026 00:56:00",NASA-NOAA20,Medium,110.24268,-1.50611,False,False,True,True,False,True,Di Luar Area Pantauan (>1000m dari Desa)
Muara Pawan,Ulak Medang,"Jumat, 11 September 2026 00:56:00",NASA-NOAA20,Medium,110.23805,-1.50904,False,False,True,True,False,True,Di Luar Area Pantauan (>1000m dari Desa)
Matan Hilir Utara,Kuala Tolak,"Jumat, 11 September 2026 00:56:00",NASA-NOAA20,Medium,110.10301,-1.45789,False,False,False,False,False,False,Di Luar Area Pantauan (>1000m dari Desa)
Matan Hilir Utara,Kuala Tolak,"Jumat, 11 September 2026 00:56:00",NASA-NOAA20,Medium,110.10715,-1.45856,False,False,False,False,False,False,Di Luar Area Pantauan (>1000m dari Desa)
Matan Hilir Utara,Kuala Tolak,"Jumat, 11 September 2026 00:56:00",NASA-NOAA20,Medium,110.16491,-1.46788,False,False,True,True,False,True,Di Luar Area Pantauan (>1000m dari Desa)
Matan Hilir Utara,Kuala Tolak,"Jumat, 11 September 2026 00:56:00",NASA-NOAA20,Medium,110.14846,-1.46522,False,False,True,True,False,True,Di Luar Area Pantauan (>1000m dari Desa)
Matan Hilir Utara,Kuala Tolak,"Jumat, 11 September 2026 00:56:00",NASA-NOAA20,Medium,110.13608,-1.46323,False,False,False,True,False,True,Di Luar Area Pantauan (>1000m dari Desa)
Sungai Raya,Muara Baru,"Jumat, 11 September 2026 00:56:00",NASA-NOAA20,Medium,109.82108,-0.18555,False,False,True,True,True,True,Di Luar Area Pantauan (>1000m dari Desa)
Sungai Raya,Muara Baru,"Jumat, 11 September 2026 00:56:00",NASA-NOAA20,Medium,109.82048,-0.18927,False,False,True,True,True,True,Di Luar Area Pantauan (>1000m dari Desa)
Matan Hilir Selatan,Pesaguan Kanan,"Jumat, 11 September 2026 00:56:00",NASA-NOAA20,Medium,110.34441,-2.04372,False,False,True,True,False,True,Di Luar Area Pantauan (>1000m dari Desa)
Matan Hilir Selatan,Sungai Nanjung,"Jumat, 11 September 2026 00:56:00",NASA-NOAA20,Medium,110.17256,-2.12473,False,False,True,True,False,True,Di Luar Area Pantauan (>1000m dari Desa)
Matan Hilir Selatan,Sungai Nanjung,"Jumat, 11 September 2026 00:56:00",NASA-NOAA20,Medium,110.25654,-2.16743,False,False,True,True,True,True,Di Luar Area Pantauan (>1000m dari Desa)
Matan Hilir Selatan,Sungai Nanjung,"Jumat, 11 September 2026 00:56:00",NASA-NOAA20,Medium,110.26055,-2.16807,False,False,True,True,True,True,Di Luar Area Pantauan (>1000m dari Desa)
Manis Mata,Silat,"Jumat, 11 September 2026 00:56:00",NASA-NOAA20,Medium,110.9389,-2.26947,False,False,False,False,False,False,Di Luar Area Pantauan (>1000m dari Desa)
Matan Hilir Selatan,Pesaguan Kanan,"Jumat, 11 September 2026 00:56:00",NASA-NOAA20,Medium,110.2215,-2.04214,False,False,False,True,False,True,Di Luar Area Pantauan (>1000m dari Desa)
Matan Hilir Selatan,Sungai Besar,"Jumat, 11 September 2026 00:56:00",NASA-NOAA20,Medium,110.18924,-1.86733,False,False,True,True,False,True,Di Luar Area Pantauan (>1000m dari Desa)
Matan Hilir Selatan,Sungai Pelang,"Jumat, 11 September 2026 00:56:00",NASA-NOAA20,Medium,110.16664,-1.87843,False,False,True,True,False,True,Di Luar Area Pantauan (>1000m dari Desa)
Matan Hilir Selatan,Sungai Besar,"Jumat, 11 September 2026 00:56:00",NASA-NOAA20,Medium,110.17015,-1.88265,False,False,True,True,False,True,Di Luar Area Pantauan (>1000m dari Desa)
Matan Hilir Selatan,Sungai Besar,"Jumat, 11 September 2026 00:56:00",NASA-NOAA20,Medium,110.18237,-1.88456,False,False,True,True,False,True,Di Luar Area Pantauan (>1000m dari Desa)
Matan Hilir Selatan,Sungai Besar,"Jumat, 11 September 2026 00:56:00",NASA-NOAA20,Medium,110.17829,-1.88392,False,False,True,True,False,True,Di Luar Area Pantauan (>1000m dari Desa)
Matan Hilir Selatan,Sungai Besar,"Jumat, 11 September 2026 00:56:00",NASA-NOAA20,Medium,110.16959,-1.88622,False,False,True,True,False,True,Di Luar Area Pantauan (>1000m dari Desa)
Matan Hilir Selatan,Sungai Besar,"Jumat, 11 September 2026 00:56:00",NASA-NOAA20,Medium,110.16551,-1.88558,False,False,True,True,False,True,Di Luar Area Pantauan (>1000m dari Desa)
Matan Hilir Selatan,Sungai Besar,"Jumat, 11 September 2026 00:56:00",NASA-NOAA20,Medium,110.20267,-1.88775,False,False,True,True,False,True,Di Luar Area Pantauan (>1000m dari Desa)
Matan Hilir Selatan,Sungai Besar,"Jumat, 11 September 2026 00:56:00",NASA-NOAA20,Medium,110.17242,-1.90005,False,False,True,True,False,True,Di Luar Area Pantauan (>1000m dari Desa)
Matan Hilir Selatan,Sungai Besar,"Jumat, 11 September 2026 00:56:00",NASA-NOAA20,Medium,110.11836,-1.92438,False,False,False,True,False,True,Di Luar Area Pantauan (>1000m dari Desa)
Matan Hilir Selatan,Sungai Besar,"Jumat, 11 September 2026 00:56:00",NASA-NOAA20,Medium,110.12188,-1.92862,False,False,False,True,False,True,Di Luar Area Pantauan (>1000m dari Desa)
Matan Hilir Selatan,Sungai Besar,"Jumat, 11 September 2026 00:56:00",NASA-NOAA20,Medium,110.12245,-1.92504,False,False,False,True,False,True,Di Luar Area Pantauan (>1000m dari Desa)
Matan Hilir Selatan,Pematang Gadung,"Jumat, 11 September 2026 00:56:00",NASA-NOAA20,Medium,110.31978,-1.96027,False,False,True,True,False,True,Di Luar Area Pantauan (>1000m dari Desa)
Marau,Batu Payung Dua,"Jumat, 11 September 2026 00:56:00",NASA-NOAA20,Medium,110.56833,-2.02874,False,False,True,False,True,True,Di Luar Area Pantauan (>1000m dari Desa)
Matan Hilir Selatan,Pesaguan Kanan,"Jumat, 11 September 2026 00:56:00",NASA-NOAA20,Medium,110.34724,-2.01913,False,False,False,True,False,True,Di Luar Area Pantauan (>1000m dari Desa)
Muara Pawan,Tempurukan,"Jumat, 11 September 2026 00:56:00",NASA-NOAA20,Medium,110.08829,-1.6765,False,False,True,True,False,True,Di Luar Area Pantauan (>1000m dari Desa)
Muara Pawan,Ulak Medang,"Jumat, 11 September 2026 00:56:00",NASA-NOAA20,Medium,110.25784,-1.51586,False,False,True,True,False,True,Di Luar Area Pantauan (>1000m dari Desa)
Sungai Melayu Rayak,Makmur Abadi,"Jumat, 11 September 2026 00:56:00",NASA-NOAA20,Medium,110.24545,-1.76771,False,False,False,True,False,True,Di Luar Area Pantauan (>1000m dari Desa)
Muara Pawan,Tanjung Pasar,"Jumat, 11 September 2026 00:56:00",NASA-NOAA20,Medium,110.0763,-1.78682,False,False,False,False,False,False,Di Luar Area Pantauan (>1000m dari Desa)
Matan Hilir Utara,Tanjung Baik Budi,"Jumat, 11 September 2026 00:56:00",NASA-NOAA20,Medium,110.08176,-1.55193,False,False,True,True,False,True,Di Luar Area Pantauan (>1000m dari Desa)
Matan Hilir Utara,Tanjung Baik Budi,"Jumat, 11 September 2026 00:56:00",NASA-NOAA20,Medium,110.08589,-1.5526,False,False,True,True,False,True,Di Luar Area Pantauan (>1000m dari Desa)
Matan Hilir Utara,Kuala Tolak,"Jumat, 11 September 2026 00:56:00",NASA-NOAA20,Medium,110.13037,-1.49921,False,False,True,True,False,True,Di Luar Area Pantauan (>1000m dari Desa)
Muara Pawan,Ulak Medang,"Jumat, 11 September 2026 00:56:00",NASA-NOAA20,Medium,110.25321,-1.51879,False,False,True,True,False,True,Di Luar Area Pantauan (>1000m dari Desa)
Matan Hilir Utara,Lamon Satong,"Jumat, 11 September 2026 00:56:00",NASA-NOAA20,Medium,110.18969,-1.52338,False,False,True,True,False,True,Di Luar Area Pantauan (>1000m dari Desa)
Muara Pawan,Ulak Medang,"Jumat, 11 September 2026 00:56:00",NASA-NOAA20,Medium,110.2741,-1.51846,False,False,True,True,False,True,Di Luar Area Pantauan (>1000m dari Desa)
Muara Pawan,Ulak Medang,"Jumat, 11 September 2026 00:56:00",NASA-NOAA20,Medium,110.27004,-1.51781,False,False,True,True,False,True,Di Luar Area Pantauan (>1000m dari Desa)
Matan Hilir Utara,Tanjung Baik Budi,"Jumat, 11 September 2026 00:56:00",NASA-NOAA20,Medium,110.16037,-1.52241,False,False,False,False,False,False,Di Luar Area Pantauan (>1000m dari Desa)
Matan Hilir Utara,Tanjung Baik Budi,"Jumat, 11 September 2026 00:56:00",NASA-NOAA20,Medium,110.14751,-1.52406,False,False,True,True,False,True,Di Luar Area Pantauan (>1000m dari Desa)
Matan Hilir Utara,Kuala Tolak,"Jumat, 11 September 2026 00:56:00",NASA-NOAA20,Medium,110.1339,-1.50346,False,False,True,True,False,True,Di Luar Area Pantauan (>1000m dari Desa)
Nanga Tayap,Kayung Tuhe,"Jumat, 11 September 2026 00:56:00",NASA-NOAA20,Medium,110.70582,-1.5909,False,False,False,False,False,False,Di Luar Area Pantauan (>1000m dari Desa)
Muara Pawan,Ulak Medang,"Jumat, 11 September 2026 00:56:00",NASA-NOAA20,Medium,110.2462,-1.51034,False,False,True,True,False,True,Di Luar Area Pantauan (>1000m dari Desa)
Muara Pawan,Ulak Medang,"Jumat, 11 September 2026 00:56:00",NASA-NOAA20,Medium,110.2299,-1.50773,False,False,True,True,False,True,Di Luar Area Pantauan (>1000m dari Desa)
Muara Pawan,Ulak Medang,"Jumat, 11 September 2026 00:56:00",NASA-NOAA20,Medium,110.26192,-1.51651,False,False,True,True,False,True,Di Luar Area Pantauan (>1000m dari Desa)
Matan Hilir Utara,Kuala Tolak,"Jumat, 11 September 2026 00:56:00",NASA-NOAA20,Medium,110.12625,-1.49855,False,False,True,True,False,True,Di Luar Area Pantauan (>1000m dari Desa)
Matan Hilir Utara,Tanjung Baik Budi,"Jumat, 11 September 2026 00:56:00",NASA-NOAA20,Medium,110.18092,-1.52567,False,False,True,True,False,True,Di Luar Area Pantauan (>1000m dari Desa)
Matan Hilir Utara,Tanjung Baik Budi,"Jumat, 11 September 2026 00:56:00",NASA-NOAA20,Medium,110.15218,-1.52111,False,False,True,True,False,True,Di Luar Area Pantauan (>1000m dari Desa)
Matan Hilir Utara,Tanjung Baik Budi,"Jumat, 11 September 2026 00:56:00",NASA-NOAA20,Medium,110.14808,-1.52046,False,False,True,True,False,True,Di Luar Area Pantauan (>1000m dari Desa)
Matan Hilir Utara,Tanjung Baik Budi,"Jumat, 11 September 2026 00:56:00",NASA-NOAA20,Medium,110.15628,-1.52176,False,False,False,True,False,True,Di Luar Area Pantauan (>1000m dari Desa)
Matan Hilir Utara,Tanjung Baik Budi,"Jumat, 11 September 2026 00:56:00",NASA-NOAA20,Medium,110.14397,-1.51981,False,False,True,True,False,True,Di Luar Area Pantauan (>1000m dari Desa)
Matan Hilir Utara,Tanjung Baik Budi,"Jumat, 11 September 2026 00:56:00",NASA-NOAA20,Medium,110.15981,-1.526,False,False,False,True,False,True,Di Luar Area Pantauan (>1000m dari Desa)
Matan Hilir Utara,Tanjung Baik Budi,"Jumat, 11 September 2026 00:56:00",NASA-NOAA20,Medium,110.11171,-1.53685,False,False,True,True,False,True,Di Luar Area Pantauan (>1000m dari Desa)
Nanga Tayap,Batu Mas,"Jumat, 11 September 2026 00:56:00",NASA-NOAA20,Medium,110.65594,-1.69152,False,False,False,False,False,False,Di Luar Area Pantauan (>1000m dari Desa)
Muara Pawan,Ulak Medang,"Jumat, 11 September 2026 00:56:00",NASA-NOAA20,Medium,110.30299,-1.63526,False,False,False,True,False,True,Di Luar Area Pantauan (>1000m dari Desa)
Matan Hilir Utara,Tanjung Baik Budi,"Jumat, 11 September 2026 00:56:00",NASA-NOAA20,Medium,110.15572,-1.52536,False,False,True,True,False,True,Di Luar Area Pantauan (>1000m dari Desa)
Matan Hilir Utara,Tanjung Baik Budi,"Jumat, 11 September 2026 00:56:00",NASA-NOAA20,Medium,110.18913,-1.52697,False,False,True,True,False,True,Di Luar Area Pantauan (>1000m dari Desa)
Matan Hilir Utara,Tanjung Baik Budi,"Jumat, 11 September 2026 00:56:00",NASA-NOAA20,Medium,110.18502,-1.52632,False,False,True,True,False,True,Di Luar Area Pantauan (>1000m dari Desa)
Matan Hilir Utara,Tanjung Baik Budi,"Jumat, 11 September 2026 00:56:00",NASA-NOAA20,Medium,110.06427,-1.51459,False,False,False,True,False,True,Di Luar Area Pantauan (>1000m dari Desa)
Nanga Tayap,Batu Mas,"Jumat, 11 September 2026 00:56:00",NASA-NOAA20,Medium,110.65167,-1.69443,False,False,True,False,False,True,Di Luar Area Pantauan (>1000m dari Desa)
Muara Pawan,Tanjung Pura,"Jumat, 11 September 2026 00:56:00",NASA-NOAA20,Medium,110.14521,-1.68936,False,False,True,True,False,True,Di Luar Area Pantauan (>1000m dari Desa)
Muara Pawan,Tanjung Pura,"Jumat, 11 September 2026 00:56:00",NASA-NOAA20,Medium,110.22379,-1.69469,False,False,False,True,False,True,Di Luar Area Pantauan (>1000m dari Desa)
Muara Pawan,Tanjung Pura,"Jumat, 11 September 2026 00:56:00",NASA-NOAA20,Medium,110.22264,-1.70183,False,False,False,True,False,True,Di Luar Area Pantauan (>1000m dari Desa)
Muara Pawan,Tanjung Pura,"Jumat, 11 September 2026 00:56:00",NASA-NOAA20,Medium,110.1493,-1.69002,False,False,True,True,False,True,Di Luar Area Pantauan (>1000m dari Desa)
Muara Pawan,Tanjung Pura,"Jumat, 11 September 2026 00:56:00",NASA-NOAA20,Medium,110.15806,-1.68775,False,False,True,True,False,True,Di Luar Area Pantauan (>1000m dari Desa)
Muara Pawan,Mayak,"Jumat, 11 September 2026 00:56:00",NASA-NOAA20,Medium,110.17113,-1.76332,False,False,False,False,False,False,Di Luar Area Pantauan (>1000m dari Desa)
Sungai Melayu Rayak,Makmur Abadi,"Jumat, 11 September 2026 00:56:00",NASA-NOAA20,Medium,110.2414,-1.76707,False,False,False,True,False,True,Di Luar Area Pantauan (>1000m dari Desa)
Sungai Melayu Rayak,Makmur Abadi,"Jumat, 11 September 2026 00:56:00",NASA-NOAA20,Medium,110.25411,-1.76542,False,False,False,True,False,True,Di Luar Area Pantauan (>1000m dari Desa)
Matan Hilir Selatan,Sungai Pelang,"Jumat, 11 September 2026 00:56:00",NASA-NOAA20,Medium,110.19785,-1.83939,False,False,False,True,False,True,Di Luar Area Pantauan (>1000m dari Desa)
Matan Hilir Selatan,Sungai Pelang,"Jumat, 11 September 2026 00:56:00",NASA-NOAA20,Medium,110.23434,-1.84521,False,False,True,True,False,True,Di Luar Area Pantauan (>1000m dari Desa)
Muara Pawan,Tanjung Pasar,"Jumat, 11 September 2026 00:56:00",NASA-NOAA20,Medium,110.07745,-1.77963,False,False,False,False,False,False,Di Luar Area Pantauan (>1000m dari Desa)
Benua Kayong,Negeri Baru,"Jumat, 11 September 2026 00:56:00",NASA-NOAA20,Medium,110.19655,-1.7952,False,False,False,True,False,True,Di Luar Area Pantauan (>1000m dari Desa)
Muara Pawan,Tanjung Pasar,"Jumat, 11 September 2026 00:56:00",NASA-NOAA20,Medium,110.07687,-1.78322,False,False,False,False,False,False,Di Luar Area Pantauan (>1000m dari Desa)
Muara Pawan,Tanjung Pura,"Jumat, 11 September 2026 00:56:00",NASA-NOAA20,Medium,110.15396,-1.68709,False,False,True,True,False,True,Di Luar Area Pantauan (>1000m dari Desa)
Muara Pawan,Tanjung Pura,"Jumat, 11 September 2026 00:56:00",NASA-NOAA20,Medium,110.22322,-1.69826,False,False,False,True,False,True,Di Luar Area Pantauan (>1000m dari Desa)
Muara Pawan,Tanjung Pura,"Jumat, 11 September 2026 00:56:00",NASA-NOAA20,Medium,110.21916,-1.69761,False,False,True,True,False,True,Di Luar Area Pantauan (>1000m dari Desa)
Matan Hilir Utara,Sungai Putri,"Jumat, 11 September 2026 00:56:00",NASA-NOAA20,Medium,110.05928,-1.55939,False,False,False,False,False,False,Di Luar Area Pantauan (>1000m dari Desa)
Matan Hilir Utara,Sungai Putri,"Jumat, 11 September 2026 00:56:00",NASA-NOAA20,Medium,110.08474,-1.55981,False,False,True,True,False,True,Di Luar Area Pantauan (>1000m dari Desa)
Matan Hilir Utara,Tanjung Baik Budi,"Jumat, 11 September 2026 00:56:00",NASA-NOAA20,Medium,110.09818,-1.54211,False,False,True,True,False,True,Di Luar Area Pantauan (>1000m dari Desa)
Matan Hilir Utara,Tanjung Baik Budi,"Jumat, 11 September 2026 00:56:00",NASA-NOAA20,Medium,110.09002,-1.55327,False,False,True,True,False,True,Di Luar Area Pantauan (>1000m dari Desa)
Muara Pawan,Tempurukan,"Jumat, 11 September 2026 00:56:00",NASA-NOAA20,Medium,110.08244,-1.68663,False,False,True,True,False,True,Di Luar Area Pantauan (>1000m dari Desa)
Matan Hilir Selatan,Sungai Besar,"Jumat, 11 September 2026 00:56:00",NASA-NOAA20,Medium,110.20787,-1.88125,False,False,True,True,False,True,Di Luar Area Pantauan (>1000m dari Desa)
Matan Hilir Selatan,Sungai Besar,"Jumat, 11 September 2026 00:56:00",NASA-NOAA20,Medium,110.18348,-1.87741,False,False,True,True,False,True,Di Luar Area Pantauan (>1000m dari Desa)
Marau,Randai,"Jumat, 11 September 2026 00:56:00",NASA-NOAA20,Medium,110.5157,-2.08575,False,False,False,False,False,False,Di Luar Area Pantauan (>1000m dari Desa)
Matan Hilir Selatan,Pesaguan Kanan,"Jumat, 11 September 2026 00:56:00",NASA-NOAA20,Medium,110.33981,-2.02119,False,False,True,True,False,True,Di Luar Area Pantauan (>1000m dari Desa)
Matan Hilir Selatan,Pesaguan Kanan,"Jumat, 11 September 2026 00:56:00",NASA-NOAA20,Medium,110.33582,-2.02054,False,False,True,True,False,True,Di Luar Area Pantauan (>1000m dari Desa)
Matan Hilir Selatan,Pesaguan Kanan,"Jumat, 11 September 2026 00:56:00",NASA-NOAA20,Medium,110.35231,-2.01959,False,False,True,True,False,True,Di Luar Area Pantauan (>1000m dari Desa)
Matan Hilir Selatan,Pesaguan Kanan,"Jumat, 11 September 2026 00:56:00",NASA-NOAA20,Medium,110.3427,-2.02204,False,False,True,True,False,True,Di Luar Area Pantauan (>1000m dari Desa)
Matan Hilir Selatan,Pesaguan Kanan,"Jumat, 11 September 2026 00:56:00",NASA-NOAA20,Medium,110.33414,-2.03117,False,False,False,False,False,False,Di Luar Area Pantauan (>1000m dari Desa)
Matan Hilir Selatan,Sungai Besar,"Jumat, 11 September 2026 00:56:00",NASA-NOAA20,Medium,110.17524,-1.88218,False,False,True,True,False,True,Di Luar Area Pantauan (>1000m dari Desa)
Matan Hilir Selatan,Sungai Besar,"Jumat, 11 September 2026 00:56:00",NASA-NOAA20,Medium,110.17117,-1.88151,False,False,True,True,False,True,Di Luar Area Pantauan (>1000m dari Desa)
Matan Hilir Selatan,Sungai Besar,"Jumat, 11 September 2026 00:56:00",NASA-NOAA20,Medium,110.16711,-1.88085,False,False,True,True,False,True,Di Luar Area Pantauan (>1000m dari Desa)
Matan Hilir Selatan,Sungai Besar,"Jumat, 11 September 2026 00:56:00",NASA-NOAA20,Medium,110.20364,-1.8868,False,False,True,True,False,True,Di Luar Area Pantauan (>1000m dari Desa)
Matan Hilir Selatan,Sungai Besar,"Jumat, 11 September 2026 00:56:00",NASA-NOAA20,Medium,110.17931,-1.88284,False,False,True,True,False,True,Di Luar Area Pantauan (>1000m dari Desa)
Matan Hilir Selatan,Pesaguan Kanan,"Jumat, 11 September 2026 00:56:00",NASA-NOAA20,Medium,110.32393,-2.04405,False,False,False,True,False,True,Di Luar Area Pantauan (>1000m dari Desa)
Manis Mata,Silat,"Jumat, 11 September 2026 00:56:00",NASA-NOAA20,Medium,110.93304,-2.25793,False,False,False,False,False,False,Di Luar Area Pantauan (>1000m dari Desa)
Matan Hilir Selatan,Sungai Nanjung,"Jumat, 11 September 2026 00:56:00",NASA-NOAA20,Medium,110.18594,-2.17073,False,False,False,False,False,False,Di Luar Area Pantauan (>1000m dari Desa)
Matan Hilir Selatan,Sungai Nanjung,"Jumat, 11 September 2026 00:56:00",NASA-NOAA20,Medium,110.23423,-2.17843,False,False,False,False,False,False,Di Luar Area Pantauan (>1000m dari Desa)
Matan Hilir Selatan,Sungai Nanjung,"Jumat, 11 September 2026 00:56:00",NASA-NOAA20,Medium,110.24226,-2.17971,False,False,True,True,True,True,Di Luar Area Pantauan (>1000m dari Desa)
Matan Hilir Selatan,Pesaguan Kanan,"Jumat, 11 September 2026 00:56:00",NASA-NOAA20,Medium,110.34155,-2.036,False,False,False,True,False,True,Di Luar Area Pantauan (>1000m dari Desa)
Matan Hilir Selatan,Pesaguan Kanan,"Jumat, 11 September 2026 00:56:00",NASA-NOAA20,Medium,110.31763,-2.03213,False,False,True,True,False,True,Di Luar Area Pantauan (>1000m dari Desa)
Matan Hilir Selatan,Pesaguan Kanan,"Jumat, 11 September 2026 00:56:00",NASA-NOAA20,Medium,110.30563,-2.03019,False,False,False,False,False,False,Di Luar Area Pantauan (>1000m dari Desa)
Matan Hilir Selatan,Sungai Besar,"Jumat, 11 September 2026 00:56:00",NASA-NOAA20,Medium,110.18698,-1.88163,False,False,True,True,False,True,Di Luar Area Pantauan (>1000m dari Desa)
Matan Hilir Selatan,Sungai Besar,"Jumat, 11 September 2026 00:56:00",NASA-NOAA20,Medium,110.20324,-1.88418,False,False,True,True,False,True,Di Luar Area Pantauan (>1000m dari Desa)
Matan Hilir Selatan,Sungai Besar,"Jumat, 11 September 2026 00:56:00",NASA-NOAA20,Medium,110.21539,-1.88609,False,False,True,True,False,True,Di Luar Area Pantauan (>1000m dari Desa)
Matan Hilir Selatan,Pesaguan Kanan,"Jumat, 11 September 2026 00:56:00",NASA-NOAA20,Medium,110.30676,-2.0231,False,False,False,False,False,False,Di Luar Area Pantauan (>1000m dari Desa)
Matan Hilir Selatan,Pesaguan Kanan,"Jumat, 11 September 2026 00:56:00",NASA-NOAA20,Medium,110.31076,-2.02375,False,False,False,False,False,False,Di Luar Area Pantauan (>1000m dari Desa)
Matan Hilir Selatan,Sungai Besar,"Jumat, 11 September 2026 00:56:00",NASA-NOAA20,Medium,110.1881,-1.87448,False,False,True,True,False,True,Di Luar Area Pantauan (>1000m dari Desa)
Matan Hilir Selatan,Sungai Besar,"Jumat, 11 September 2026 00:56:00",NASA-NOAA20,Medium,110.19624,-1.87576,False,False,True,True,False,True,Di Luar Area Pantauan (>1000m dari Desa)
Matan Hilir Selatan,Sungai Besar,"Jumat, 11 September 2026 00:56:00",NASA-NOAA20,Medium,110.20844,-1.87768,False,False,True,True,False,True,Di Luar Area Pantauan (>1000m dari Desa)
Matan Hilir Selatan,Sungai Besar,"Jumat, 11 September 2026 00:56:00",NASA-NOAA20,Medium,110.18461,-1.87026,False,False,True,True,False,True,Di Luar Area Pantauan (>1000m dari Desa)
Muara Pawan,Ulak Medang,"Jumat, 11 September 2026 00:56:00",NASA-NOAA20,Medium,110.30357,-1.6317,False,False,False,True,False,True,Di Luar Area Pantauan (>1000m dari Desa)
Tumbang Titi,Tanjung Beulang,"Jumat, 11 September 2026 00:56:00",NASA-NOAA20,Medium,110.77659,-1.7036,False,False,False,False,False,False,Di Luar Area Pantauan (>1000m dari Desa)
Matan Hilir Utara,Tanjung Baik Budi,"Jumat, 11 September 2026 00:56:00",NASA-NOAA20,Medium,110.18147,-1.52207,False,False,False,True,False,True,Di Luar Area Pantauan (>1000m dari Desa)
Matan Hilir Utara,Lamon Satong,"Jumat, 11 September 2026 00:56:00",NASA-NOAA20,Medium,110.19492,-1.51685,False,False,True,True,False,True,Di Luar Area Pantauan (>1000m dari Desa)
Matan Hilir Selatan,Sungai Besar,"Jumat, 11 September 2026 00:56:00",NASA-NOAA20,Medium,110.20087,-1.87283,False,False,True,True,False,True,Di Luar Area Pantauan (>1000m dari Desa)
Matan Hilir Selatan,Sungai Besar,"Jumat, 11 September 2026 00:56:00",NASA-NOAA20,Medium,110.19273,-1.87154,False,False,True,True,False,True,Di Luar Area Pantauan (>1000m dari Desa)
Matan Hilir Selatan,Sungai Besar,"Jumat, 11 September 2026 00:56:00",NASA-NOAA20,Medium,110.209,-1.87411,False,False,True,True,False,True,Di Luar Area Pantauan (>1000m dari Desa)
Matan Hilir Selatan,Sungai Besar,"Jumat, 11 September 2026 00:56:00",NASA-NOAA20,Medium,110.18867,-1.8709,False,False,True,True,False,True,Di Luar Area Pantauan (>1000m dari Desa)
Matan Hilir Selatan,Sungai Besar,"Jumat, 11 September 2026 00:56:00",NASA-NOAA20,Medium,110.20032,-1.8764,False,False,True,True,False,True,Di Luar Area Pantauan (>1000m dari Desa)
Matan Hilir Selatan,Sungai Besar,"Jumat, 11 September 2026 00:56:00",NASA-NOAA20,Medium,110.18404,-1.87384,False,False,True,True,False,True,Di Luar Area Pantauan (>1000m dari Desa)
Matan Hilir Selatan,Sungai Besar,"Jumat, 11 September 2026 00:56:00",NASA-NOAA20,Medium,110.20144,-1.86926,False,False,False,True,False,True,Di Luar Area Pantauan (>1000m dari Desa)
Muara Pawan,Tempurukan,"Jumat, 11 September 2026 00:56:00",NASA-NOAA20,Medium,110.08588,-1.66504,False,False,True,True,False,True,Di Luar Area Pantauan (>1000m dari Desa)
Matan Hilir Selatan,Sungai Nanjung,"Jumat, 11 September 2026 00:56:00",NASA-NOAA20,Medium,110.25258,-2.19227,False,False,True,True,True,True,Di Luar Area Pantauan (>1000m dari Desa)
Matan Hilir Selatan,Sungai Nanjung,"Jumat, 11 September 2026 00:56:00",NASA-NOAA20,Medium,110.2434,-2.17261,False,False,True,True,False,True,Di Luar Area Pantauan (>1000m dari Desa)
Matan Hilir Selatan,Pesaguan Kanan,"Jumat, 11 September 2026 00:56:00",NASA-NOAA20,Medium,110.31993,-2.04341,False,False,False,False,False,False,Di Luar Area Pantauan (>1000m dari Desa)
Marau,Batu Payung Dua,"Jumat, 11 September 2026 00:56:00",NASA-NOAA20,Medium,110.56125,-2.02044,False,False,False,False,True,True,Di Luar Area Pantauan (>1000m dari Desa)
Matan Hilir Selatan,Pematang Gadung,"Jumat, 11 September 2026 00:56:00",NASA-NOAA20,Medium,110.31921,-1.96382,False,False,True,True,False,True,Di Luar Area Pantauan (>1000m dari Desa)
Matan Hilir Selatan,Pematang Gadung,"Jumat, 11 September 2026 00:56:00",NASA-NOAA20,Medium,110.31466,-1.96673,False,False,True,True,False,True,Di Luar Area Pantauan (>1000m dari Desa)
Matan Hilir Selatan,Sungai Nanjung,"Jumat, 11 September 2026 00:56:00",NASA-NOAA20,Medium,110.25658,-2.19291,False,False,True,True,True,True,Di Luar Area Pantauan (>1000m dari Desa)
Matan Hilir Utara,Tanjung Baik Budi,"Jumat, 11 September 2026 00:56:00",NASA-NOAA20,Medium,110.0906,-1.54967,False,False,True,True,False,True,Di Luar Area Pantauan (>1000m dari Desa)
Matan Hilir Selatan,Sungai Besar,"Jumat, 11 September 2026 00:56:00",NASA-NOAA20,Medium,110.22858,-1.85526,False,False,True,True,False,True,Di Luar Area Pantauan (>1000m dari Desa)
Matan Hilir Selatan,Sungai Pelang,"Jumat, 11 September 2026 00:56:00",NASA-NOAA20,Medium,110.18168,-1.86247,False,False,True,True,False,True,Di Luar Area Pantauan (>1000m dari Desa)
Matan Hilir Selatan,Sungai Besar,"Jumat, 11 September 2026 00:56:00",NASA-NOAA20,Medium,110.1898,-1.86376,False,False,True,True,False,True,Di Luar Area Pantauan (>1000m dari Desa)
Matan Hilir Selatan,Sungai Besar,"Jumat, 11 September 2026 00:56:00",NASA-NOAA20,Medium,110.2021,-1.89132,False,False,True,True,False,True,Di Luar Area Pantauan (>1000m dari Desa)
Matan Hilir Selatan,Sungai Besar,"Jumat, 11 September 2026 00:56:00",NASA-NOAA20,Medium,110.19386,-1.8644,False,False,True,True,False,True,Di Luar Area Pantauan (>1000m dari Desa)
Matan Hilir Selatan,Sungai Besar,"Jumat, 11 September 2026 00:56:00",NASA-NOAA20,Medium,110.20957,-1.87054,False,False,True,True,False,True,Di Luar Area Pantauan (>1000m dari Desa)
Matan Hilir Selatan,Pesaguan Kanan,"Jumat, 11 September 2026 00:56:00",NASA-NOAA20,Medium,110.34326,-2.0185,False,False,False,False,False,False,Di Luar Area Pantauan (>1000m dari Desa)
Muara Pawan,Tanjung Pasar,"Jumat, 11 September 2026 00:56:00",NASA-NOAA20,Medium,110.07217,-1.78615,False,False,False,False,False,False,Di Luar Area Pantauan (>1000m dari Desa)
Muara Pawan,Tanjung Pasar,"Jumat, 11 September 2026 00:56:00",NASA-NOAA20,Medium,110.07161,-1.78975,False,False,False,False,False,False,Di Luar Area Pantauan (>1000m dari Desa)
Matan Hilir Selatan,Sungai Pelang,"Jumat, 11 September 2026 00:56:00",NASA-NOAA20,Medium,110.23491,-1.84164,False,False,False,True,False,True,Di Luar Area Pantauan (>1000m dari Desa)
Matan Hilir Selatan,Sungai Pelang,"Jumat, 11 September 2026 00:56:00",NASA-NOAA20,Medium,110.23604,-1.83451,False,False,True,False,False,True,Di Luar Area Pantauan (>1000m dari Desa)
Matan Hilir Selatan,Sungai Nanjung,"Jumat, 11 September 2026 00:58:00",NASA-NOAA20,Medium,110.26003,-2.1971,False,False,True,True,True,True,Di Luar Area Pantauan (>1000m dari Desa)
Matan Hilir Selatan,Sungai Nanjung,"Jumat, 11 September 2026 00:58:00",NASA-NOAA20,Medium,110.25602,-2.19646,False,False,True,True,True,True,Di Luar Area Pantauan (>1000m dari Desa)
Singkup,Tanah Hitam,"Jumat, 11 September 2026 00:58:00",NASA-NOAA20,Medium,110.64063,-2.41408,False,False,False,False,False,False,Di Luar Area Pantauan (>1000m dari Desa)
Matan Hilir Selatan,Pagar Mentimun,"Jumat, 11 September 2026 00:58:00",NASA-NOAA20,Medium,110.25946,-2.20064,False,False,True,True,True,True,Di Luar Area Pantauan (>1000m dari Desa)
Matan Hilir Selatan,Pagar Mentimun,"Jumat, 11 September 2026 00:58:00",NASA-NOAA20,Medium,110.27489,-2.20673,False,False,True,True,True,True,Di Luar Area Pantauan (>1000m dari Desa)
Matan Hilir Selatan,Pagar Mentimun,"Jumat, 11 September 2026 00:58:00",NASA-NOAA20,Medium,110.10643,-2.20795,False,False,False,True,False,True,Di Luar Area Pantauan (>1000m dari Desa)
Kendawangan,Kedondong,"Jumat, 11 September 2026 00:58:00",NASA-NOAA20,Medium,110.34032,-2.28939,False,False,False,False,False,False,Di Luar Area Pantauan (>1000m dari Desa)
Manis Mata,Seguling,"Jumat, 11 September 2026 00:58:00",NASA-NOAA20,Medium,111.09381,-2.57471,False,False,False,False,False,False,Di Luar Area Pantauan (>1000m dari Desa)
Manis Mata,Seguling,"Jumat, 11 September 2026 00:58:00",NASA-NOAA20,Medium,111.09339,-2.57467,False,False,False,False,False,False,Di Luar Area Pantauan (>1000m dari Desa)
Manis Mata,Seguling,"Jumat, 11 September 2026 00:58:00",NASA-NOAA20,Medium,111.09393,-2.57125,False,False,False,False,False,False,Di Luar Area Pantauan (>1000m dari Desa)
Manis Mata,Seguling,"Jumat, 11 September 2026 00:58:00",NASA-NOAA20,Medium,111.09448,-2.56783,False,False,False,False,False,False,Di Luar Area Pantauan (>1000m dari Desa)
Manis Mata,Seguling,"Jumat, 11 September 2026 00:58:00",NASA-NOAA20,Medium,111.08968,-2.57408,False,False,False,False,False,False,Di Luar Area Pantauan (>1000m dari Desa)
Manis Mata,Seguling,"Jumat, 11 September 2026 00:58:00",NASA-NOAA20,Medium,111.09023,-2.57066,False,False,False,False,False,False,Di Luar Area Pantauan (>1000m dari Desa)
Matan Hilir Selatan,Pagar Mentimun,"Jumat, 11 September 2026 00:58:00",NASA-NOAA20,Medium,110.2709,-2.20609,False,False,True,True,True,True,Di Luar Area Pantauan (>1000m dari Desa)
Matan Hilir Selatan,Pagar Mentimun,"Jumat, 11 September 2026 00:58:00",NASA-NOAA20,Medium,110.27547,-2.20318,False,False,True,True,True,True,Di Luar Area Pantauan (>1000m dari Desa)
Kendawangan,Airhitam Hulu,"Jumat, 11 September 2026 00:58:00",NASA-NOAA20,Medium,110.61448,-2.65936,False,False,False,False,False,False,Di Luar Area Pantauan (>1000m dari Desa)
Kendawangan,Airhitam Hulu,"Jumat, 11 September 2026 00:58:00",NASA-NOAA20,Medium,110.61885,-2.6565,False,False,False,False,False,False,Di Luar Area Pantauan (>1000m dari Desa)
Kendawangan,Airhitam Hulu,"Jumat, 11 September 2026 00:58:00",NASA-NOAA20,Medium,110.61065,-2.65875,False,False,False,False,False,False,Di Luar Area Pantauan (>1000m dari Desa)
Kendawangan,Airhitam Hulu,"Jumat, 11 September 2026 00:58:00",NASA-NOAA20,Medium,110.62267,-2.65711,False,False,False,False,False,False,Di Luar Area Pantauan (>1000m dari Desa)
Kendawangan,Airhitam Hulu,"Jumat, 11 September 2026 00:58:00",NASA-NOAA20,Medium,110.61558,-2.65241,False,False,False,False,False,False,Di Luar Area Pantauan (>1000m dari Desa)
Kendawangan,Airhitam Hulu,"Jumat, 11 September 2026 00:58:00",NASA-NOAA20,Medium,110.61121,-2.65527,False,False,False,False,False,False,Di Luar Area Pantauan (>1000m dari Desa)
Kendawangan,Airhitam Hulu,"Jumat, 11 September 2026 00:58:00",NASA-NOAA20,Medium,110.62766,-2.62582,False,False,False,False,False,False,Di Luar Area Pantauan (>1000m dari Desa)
Manis Mata,Suka Ramai,"Jumat, 11 September 2026 00:58:00",NASA-NOAA20,Medium,111.08584,-2.72077,False,False,False,False,False,False,Di Luar Area Pantauan (>1000m dari Desa)
Kendawangan,Airhitam Hulu,"Jumat, 11 September 2026 00:58:00",NASA-NOAA20,Medium,110.61285,-2.64484,False,False,True,False,False,True,Di Luar Area Pantauan (>1000m dari Desa)
Manis Mata,Suka Ramai,"Jumat, 11 September 2026 00:58:00",NASA-NOAA20,Medium,111.08638,-2.71735,False,False,False,False,False,False,Di Luar Area Pantauan (>1000m dari Desa)
Manis Mata,Suka Ramai,"Jumat, 11 September 2026 00:58:00",NASA-NOAA20,Medium,111.09006,-2.71795,False,False,False,False,False,False,Di Luar Area Pantauan (>1000m dari Desa)
Manis Mata,Suka Ramai,"Jumat, 11 September 2026 00:58:00",NASA-NOAA20,Medium,111.0853,-2.72418,False,False,False,False,False,False,Di Luar Area Pantauan (>1000m dari Desa)
Kendawangan,Airhitam Hulu,"Jumat, 11 September 2026 00:58:00",NASA-NOAA20,Medium,110.62328,-2.62868,False,False,False,False,False,False,Di Luar Area Pantauan (>1000m dari Desa)
Kendawangan,Airhitam Hulu,"Jumat, 11 September 2026 00:58:00",NASA-NOAA20,Medium,110.61829,-2.65997,False,False,False,False,False,False,Di Luar Area Pantauan (>1000m dari Desa)
Kendawangan,Airhitam Hulu,"Jumat, 11 September 2026 00:58:00",NASA-NOAA20,Medium,110.61009,-2.66223,False,False,False,False,False,False,Di Luar Area Pantauan (>1000m dari Desa)
Kendawangan,Seriam,"Jumat, 11 September 2026 00:58:00",NASA-NOAA20,Medium,110.31972,-2.74596,False,False,False,True,True,True,Di Luar Area Pantauan (>1000m dari Desa)
Kendawangan,Airhitam Hulu,"Jumat, 11 September 2026 00:58:00",NASA-NOAA20,Medium,110.63132,-2.70125,False,False,False,False,False,False,Di Luar Area Pantauan (>1000m dari Desa)
Kendawangan,Pembedilan,"Jumat, 11 September 2026 00:58:00",NASA-NOAA20,Medium,110.34384,-2.77143,False,False,False,False,True,True,Di Luar Area Pantauan (>1000m dari Desa)
Kendawangan,Pembedilan,"Jumat, 11 September 2026 00:58:00",NASA-NOAA20,Medium,110.34712,-2.77981,False,False,True,False,True,True,Di Luar Area Pantauan (>1000m dari Desa)
Kendawangan,Seriam,"Jumat, 11 September 2026 00:58:00",NASA-NOAA20,Medium,110.32252,-2.75362,False,False,False,False,True,True,Di Luar Area Pantauan (>1000m dari Desa)
Kendawangan,Seriam,"Jumat, 11 September 2026 00:58:00",NASA-NOAA20,Medium,110.3259,-2.75777,False,False,False,False,True,True,Di Luar Area Pantauan (>1000m dari Desa)
Kendawangan,Bangkal Serai,"Jumat, 11 September 2026 00:58:00",NASA-NOAA20,Medium,110.50824,-2.47978,False,False,False,False,True,True,Di Luar Area Pantauan (>1000m dari Desa)
Kendawangan,Kedondong,"Jumat, 11 September 2026 00:58:00",NASA-NOAA20,Medium,110.34311,-2.27173,False,False,False,False,False,False,Di Luar Area Pantauan (>1000m dari Desa)
Matan Hilir Selatan,Pagar Mentimun,"Jumat, 11 September 2026 00:58:00",NASA-NOAA20,Medium,110.15917,-2.24211,False,False,False,False,False,False,Di Luar Area Pantauan (>1000m dari Desa)
Kendawangan,Kedondong,"Jumat, 11 September 2026 00:58:00",NASA-NOAA20,Medium,110.3364,-2.28877,False,False,False,False,False,False,Di Luar Area Pantauan (>1000m dari Desa)
Manis Mata,Seguling,"Jumat, 11 September 2026 00:58:00",NASA-NOAA20,Medium,111.09709,-2.57525,False,False,False,False,False,False,Di Luar Area Pantauan (>1000m dari Desa)
Manis Mata,Seguling,"Jumat, 11 September 2026 00:58:00",NASA-NOAA20,Medium,111.09012,-2.57411,False,False,False,False,False,False,Di Luar Area Pantauan (>1000m dari Desa)
Kendawangan,Bangkal Serai,"Jumat, 11 September 2026 00:58:00",NASA-NOAA20,Medium,110.50701,-2.48224,False,False,False,False,True,True,Di Luar Area Pantauan (>1000m dari Desa)
Manis Mata,Seguling,"Jumat, 11 September 2026 00:58:00",NASA-NOAA20,Medium,111.0975,-2.57531,False,False,False,False,False,False,Di Luar Area Pantauan (>1000m dari Desa)
Kendawangan,Seriam,"Jumat, 11 September 2026 00:58:00",NASA-NOAA20,Medium,110.3306,-2.64276,False,False,False,False,True,True,Di Luar Area Pantauan (>1000m dari Desa)
Kendawangan,Airhitam Hulu,"Jumat, 11 September 2026 00:58:00",NASA-NOAA20,Medium,110.61502,-2.65588,False,False,False,False,False,False,Di Luar Area Pantauan (>1000m dari Desa)
Kendawangan,Seriam,"Jumat, 11 September 2026 00:58:00",NASA-NOAA20,Medium,110.32666,-2.64213,False,False,False,False,True,True,Di Luar Area Pantauan (>1000m dari Desa)
Kendawangan,Airhitam Hulu,"Jumat, 11 September 2026 00:58:00",NASA-NOAA20,Medium,110.60738,-2.65466,False,False,False,False,False,False,Di Luar Area Pantauan (>1000m dari Desa)
Kendawangan,Seriam,"Jumat, 11 September 2026 00:58:00",NASA-NOAA20,Medium,110.33454,-2.64338,False,False,False,False,True,True,Di Luar Area Pantauan (>1000m dari Desa)
Kendawangan,Airhitam Hulu,"Jumat, 11 September 2026 00:58:00",NASA-NOAA20,Medium,110.633,-2.69083,False,False,False,False,False,False,Di Luar Area Pantauan (>1000m dari Desa)
Kendawangan,Airhitam Hulu,"Jumat, 11 September 2026 00:58:00",NASA-NOAA20,Medium,110.61392,-2.66284,False,False,False,False,False,False,Di Luar Area Pantauan (>1000m dari Desa)
Manis Mata,Suka Ramai,"Jumat, 11 September 2026 00:58:00",NASA-NOAA20,Medium,111.08951,-2.72136,False,False,False,False,False,False,Di Luar Area Pantauan (>1000m dari Desa)
Kendawangan,Airhitam Hulu,"Jumat, 11 September 2026 00:58:00",NASA-NOAA20,Medium,110.60681,-2.65813,False,False,False,False,False,False,Di Luar Area Pantauan (>1000m dari Desa)
Kendawangan,Airhitam Hulu,"Jumat, 11 September 2026 00:58:00",NASA-NOAA20,Medium,110.60954,-2.6657,False,False,False,False,False,False,Di Luar Area Pantauan (>1000m dari Desa)
Kendawangan,Seriam,"Jumat, 11 September 2026 00:58:00",NASA-NOAA20,Medium,110.33398,-2.6469,False,False,False,False,True,True,Di Luar Area Pantauan (>1000m dari Desa)
Kendawangan,Airhitam Hulu,"Jumat, 11 September 2026 00:58:00",NASA-NOAA20,Medium,110.6123,-2.64831,False,False,False,False,False,False,Di Luar Area Pantauan (>1000m dari Desa)
Kendawangan,Seriam,"Jumat, 11 September 2026 00:58:00",NASA-NOAA20,Medium,110.33094,-2.75136,False,False,False,False,True,True,Di Luar Area Pantauan (>1000m dari Desa)
Kendawangan,Air Hitam Besar,"Jumat, 11 September 2026 00:58:00",NASA-NOAA20,Medium,110.64422,-2.77628,False,False,False,False,False,False,Di Luar Area Pantauan (>1000m dari Desa)
Kendawangan,Air Hitam Besar,"Jumat, 11 September 2026 00:58:00",NASA-NOAA20,Medium,110.64367,-2.77975,False,False,False,False,False,False,Di Luar Area Pantauan (>1000m dari Desa)
Kendawangan,Pembedilan,"Jumat, 11 September 2026 00:58:00",NASA-NOAA20,Medium,110.30532,-2.94653,False,False,False,False,True,True,Di Luar Area Pantauan (>1000m dari Desa)
Kendawangan,Airhitam Hulu,"Jumat, 11 September 2026 00:58:00",NASA-NOAA20,Medium,110.64008,-2.69551,False,False,False,False,False,False,Di Luar Area Pantauan (>1000m dari Desa)
Kendawangan,Airhitam Hulu,"Jumat, 11 September 2026 00:58:00",NASA-NOAA20,Medium,110.62212,-2.66058,False,False,False,False,False,False,Di Luar Area Pantauan (>1000m dari Desa)
Kendawangan,Seriam,"Jumat, 11 September 2026 00:58:00",NASA-NOAA20,Medium,110.32196,-2.75714,False,False,False,False,True,True,Di Luar Area Pantauan (>1000m dari Desa)
Kendawangan,Seriam,"Jumat, 11 September 2026 00:58:00",NASA-NOAA20,Medium,110.33431,-2.7555,False,False,False,False,True,True,Di Luar Area Pantauan (>1000m dari Desa)
Kendawangan,Pembedilan,"Jumat, 11 September 2026 00:58:00",NASA-NOAA20,Medium,110.30924,-2.94715,False,False,False,False,True,True,Di Luar Area Pantauan (>1000m dari Desa)
Kendawangan,Seriam,"Jumat, 11 September 2026 00:58:00",NASA-NOAA20,Medium,110.32309,-2.75011,False,False,False,True,True,True,Di Luar Area Pantauan (>1000m dari Desa)
Manis Mata,Sungai Buluh,"Jumat, 11 September 2026 00:58:00",NASA-NOAA20,Medium,111.025,-2.60222,False,False,False,True,False,True,Di Luar Area Pantauan (>1000m dari Desa)
Manis Mata,Sungai Buluh,"Jumat, 11 September 2026 00:58:00",NASA-NOAA20,Medium,111.02871,-2.60282,False,False,False,True,False,True,Di Luar Area Pantauan (>1000m dari Desa)
Kendawangan,Seriam,"Jumat, 11 September 2026 00:58:00",NASA-NOAA20,Medium,110.3158,-2.74534,False,False,False,True,True,True,Di Luar Area Pantauan (>1000m dari Desa)
Manis Mata,Seguling,"Jumat, 11 September 2026 00:58:00",NASA-NOAA20,Medium,111.09763,-2.57183,False,False,False,False,False,False,Di Luar Area Pantauan (>1000m dari Desa)
Kendawangan,Airhitam Hulu,"Jumat, 11 September 2026 00:58:00",NASA-NOAA20,Medium,110.6271,-2.6293,False,False,False,False,False,False,Di Luar Area Pantauan (>1000m dari Desa)
Kendawangan,Airhitam Hulu,"Jumat, 11 September 2026 00:58:00",NASA-NOAA20,Medium,110.61774,-2.66345,False,False,False,False,False,False,Di Luar Area Pantauan (>1000m dari Desa)
Kendawangan,Seriam,"Jumat, 11 September 2026 00:58:00",NASA-NOAA20,Medium,110.3186,-2.753,False,False,False,False,True,True,Di Luar Area Pantauan (>1000m dari Desa)
Matan Hilir Selatan,Sungai Nanjung,"Jumat, 11 September 2026 00:58:00",NASA-NOAA20,Medium,110.25202,-2.19583,False,False,True,True,True,True,Di Luar Area Pantauan (>1000m dari Desa)
Kendawangan,Pembedilan,"Jumat, 11 September 2026 00:58:00",NASA-NOAA20,Medium,110.3472,-2.77556,False,False,False,False,True,True,Di Luar Area Pantauan (>1000m dari Desa)
Kendawangan,Pembedilan,"Jumat, 11 September 2026 00:58:00",NASA-NOAA20,Medium,110.34664,-2.77907,False,False,False,False,True,True,Di Luar Area Pantauan (>1000m dari Desa)
Kendawangan,Seriam,"Jumat, 11 September 2026 00:58:00",NASA-NOAA20,Medium,110.32701,-2.75073,False,False,False,False,True,True,Di Luar Area Pantauan (>1000m dari Desa)
Kendawangan,Seriam,"Jumat, 11 September 2026 00:58:00",NASA-NOAA20,Medium,110.33038,-2.75487,False,False,False,False,True,True,Di Luar Area Pantauan (>1000m dari Desa)
Kendawangan,Seriam,"Jumat, 11 September 2026 00:58:00",NASA-NOAA20,Medium,110.32645,-2.75425,False,False,False,False,True,True,Di Luar Area Pantauan (>1000m dari Desa)
Kendawangan,Kedondong,"Jumat, 11 September 2026 00:58:00",NASA-NOAA20,Medium,110.27548,-2.2354,False,False,False,False,False,False,Di Luar Area Pantauan (>1000m dari Desa)
Jawai,Sungai Nilam,"Jumat, 11 September 2026 00:37:00",NASA-SNPP,Medium,109.13436,1.44049,False,False,False,True,False,True,Di Luar Area Pantauan (>1000m dari Desa)
Jawai,Sungai Nilam,"Jumat, 11 September 2026 00:37:00",NASA-SNPP,Medium,109.13519,1.43871,False,False,False,True,False,True,Di Luar Area Pantauan (>1000m dari Desa)
Sungai Ambawang,Teluk Bakung,"Jumat, 11 September 2026 00:39:00",NASA-SNPP,Medium,109.74953,-0.00873,False,False,True,True,False,True,Di Luar Area Pantauan (>1000m dari Desa)
Sungai Ambawang,Teluk Bakung,"Jumat, 11 September 2026 00:39:00",NASA-SNPP,Medium,109.75269,-0.01518,False,False,False,True,False,True,Di Luar Area Pantauan (>1000m dari Desa)
Sungai Ambawang,Teluk Bakung,"Jumat, 11 September 2026 00:39:00",NASA-SNPP,Medium,109.74358,-0.0197,False,False,False,True,False,True,Di Luar Area Pantauan (>1000m dari Desa)
Sungai Ambawang,Teluk Bakung,"Jumat, 11 September 2026 00:39:00",NASA-SNPP,Medium,109.74448,-0.01389,False,False,False,True,False,True,Di Luar Area Pantauan (>1000m dari Desa)
Sungai Ambawang,Teluk Bakung,"Jumat, 11 September 2026 00:39:00",NASA-SNPP,Medium,109.74767,-0.02034,False,False,True,True,False,True,Di Luar Area Pantauan (>1000m dari Desa)
Sungai Ambawang,Teluk Bakung,"Jumat, 11 September 2026 00:39:00",NASA-SNPP,Medium,109.73952,-0.01906,False,False,False,True,False,True,Di Luar Area Pantauan (>1000m dari Desa)
Sungai Ambawang,Teluk Bakung,"Jumat, 11 September 2026 00:39:00",NASA-SNPP,Medium,109.75173,-0.02098,False,False,False,True,False,True,Di Luar Area Pantauan (>1000m dari Desa)
Sungai Ambawang,Teluk Bakung,"Jumat, 11 September 2026 00:39:00",NASA-SNPP,Medium,109.74042,-0.01324,False,False,False,True,False,True,Di Luar Area Pantauan (>1000m dari Desa)
Sungai Ambawang,Teluk Bakung,"Jumat, 11 September 2026 00:39:00",NASA-SNPP,Medium,109.65668,-0.13091,False,False,True,True,False,True,Di Luar Area Pantauan (>1000m dari Desa)
Sungai Ambawang,Teluk Bakung,"Jumat, 11 September 2026 00:39:00",NASA-SNPP,Medium,109.66078,-0.13156,False,False,True,True,False,True,Di Luar Area Pantauan (>1000m dari Desa)
Sungai Ambawang,Lingga,"Jumat, 11 September 2026 00:39:00",NASA-SNPP,Medium,109.65255,-0.13027,False,False,True,True,False,True,Di Luar Area Pantauan (>1000m dari Desa)
Sungai Ambawang,Teluk Bakung,"Jumat, 11 September 2026 00:39:00",NASA-SNPP,Medium,109.65576,-0.13674,False,False,True,True,False,True,Di Luar Area Pantauan (>1000m dari Desa)
Sungai Ambawang,Teluk Bakung,"Jumat, 11 September 2026 00:39:00",NASA-SNPP,Medium,109.65534,-0.12972,False,False,True,True,False,True,Di Luar Area Pantauan (>1000m dari Desa)
Terentang,Teluk Bayur,"Jumat, 11 September 2026 00:39:00",NASA-SNPP,Medium,109.51983,-0.39282,False,False,False,True,False,True,Di Luar Area Pantauan (>1000m dari Desa)
Terentang,Teluk Bayur,"Jumat, 11 September 2026 00:39:00",NASA-SNPP,Medium,109.52402,-0.39349,False,False,False,True,False,True,Di Luar Area Pantauan (>1000m dari Desa)
Batu Ampar,Tanjungberingin,"Jumat, 11 September 2026 00:39:00",NASA-SNPP,Medium,109.92535,-0.50443,False,False,True,True,False,True,Di Luar Area Pantauan (>1000m dari Desa)
Batu Ampar,Tanjungberingin,"Jumat, 11 September 2026 00:39:00",NASA-SNPP,Medium,109.92408,-0.51171,False,False,True,True,False,True,Di Luar Area Pantauan (>1000m dari Desa)
Batu Ampar,Tanjungberingin,"Jumat, 11 September 2026 00:39:00",NASA-SNPP,Medium,109.92022,-0.51107,False,False,True,True,False,True,Di Luar Area Pantauan (>1000m dari Desa)
Simpang Hilir,Lubuk Batu,"Jumat, 11 September 2026 00:39:00",NASA-SNPP,Medium,110.09892,-0.9353,False,False,False,False,False,False,Di Luar Area Pantauan (>1000m dari Desa)
Simpang Hilir,Batu Barat,"Jumat, 11 September 2026 00:39:00",NASA-SNPP,Medium,110.00833,-0.92661,False,False,True,False,False,True,Di Luar Area Pantauan (>1000m dari Desa)
Simpang Hilir,Lubuk Batu,"Jumat, 11 September 2026 00:39:00",NASA-SNPP,Medium,110.09143,-0.93411,False,False,False,False,False,False,Di Luar Area Pantauan (>1000m dari Desa)
Simpang Hilir,Lubuk Batu,"Jumat, 11 September 2026 00:39:00",NASA-SNPP,Medium,110.09799,-0.94089,False,False,False,False,False,False,Di Luar Area Pantauan (>1000m dari Desa)
Simpang Hilir,Lubuk Batu,"Jumat, 11 September 2026 00:39:00",NASA-SNPP,Medium,110.09601,-0.94453,False,False,False,False,False,False,Di Luar Area Pantauan (>1000m dari Desa)
Simpang Hilir,Batu Barat,"Jumat, 11 September 2026 00:39:00",NASA-SNPP,Medium,110.04498,-0.95331,False,False,True,True,False,True,Di Luar Area Pantauan (>1000m dari Desa)
Simpang Hilir,Matan Jaya,"Jumat, 11 September 2026 00:39:00",NASA-SNPP,Medium,110.14404,-1.09924,False,False,True,True,True,True,Di Luar Area Pantauan (>1000m dari Desa)
Nanga Tayap,Tanjung Medan,"Jumat, 11 September 2026 00:39:00",NASA-SNPP,Medium,110.44108,-1.45831,False,False,False,False,False,False,Di Luar Area Pantauan (>1000m dari Desa)
Sungai Raya,Muara Baru,"Jumat, 11 September 2026 00:39:00",NASA-SNPP,Medium,109.7149,-0.30581,False,False,False,True,False,True,Di Luar Area Pantauan (>1000m dari Desa)
Sungai Raya,Muara Baru,"Jumat, 11 September 2026 00:39:00",NASA-SNPP,Medium,109.82515,-0.18123,False,False,True,True,True,True,Di Luar Area Pantauan (>1000m dari Desa)
Sungai Raya,Kalibandung,"Jumat, 11 September 2026 00:39:00",NASA-SNPP,Medium,109.67267,-0.33476,False,False,False,True,False,True,Di Luar Area Pantauan (>1000m dari Desa)
Batu Ampar,Tanjungberingin,"Jumat, 11 September 2026 00:39:00",NASA-SNPP,Medium,109.92146,-0.50382,False,False,True,True,False,True,Di Luar Area Pantauan (>1000m dari Desa)
Sungai Ambawang,Lingga,"Jumat, 11 September 2026 00:39:00",NASA-SNPP,Medium,109.65166,-0.1361,False,False,True,True,False,True,Di Luar Area Pantauan (>1000m dari Desa)
Sungai Raya,Kalibandung,"Jumat, 11 September 2026 00:39:00",NASA-SNPP,Medium,109.67765,-0.32959,False,False,False,False,False,False,Di Luar Area Pantauan (>1000m dari Desa)
Sungai Raya,Kalibandung,"Jumat, 11 September 2026 00:39:00",NASA-SNPP,Medium,109.64322,-0.33607,False,False,False,True,False,True,Di Luar Area Pantauan (>1000m dari Desa)
Sungai Raya,Kalibandung,"Jumat, 11 September 2026 00:39:00",NASA-SNPP,Medium,109.67361,-0.32895,False,False,False,True,False,True,Di Luar Area Pantauan (>1000m dari Desa)
Sungai Ambawang,Teluk Bakung,"Jumat, 11 September 2026 00:39:00",NASA-SNPP,Medium,109.65446,-0.13556,False,False,True,True,False,True,Di Luar Area Pantauan (>1000m dari Desa)
Sungai Raya,Kalibandung,"Jumat, 11 September 2026 00:39:00",NASA-SNPP,Medium,109.71384,-0.31158,False,False,True,True,False,True,Di Luar Area Pantauan (>1000m dari Desa)
Batu Ampar,Tanjungberingin,"Jumat, 11 September 2026 00:39:00",NASA-SNPP,Medium,109.925,-0.50601,False,False,True,True,False,True,Di Luar Area Pantauan (>1000m dari Desa)
Batu Ampar,Tanjungberingin,"Jumat, 11 September 2026 00:39:00",NASA-SNPP,Medium,109.91636,-0.51044,False,False,True,True,False,True,Di Luar Area Pantauan (>1000m dari Desa)
Batu Ampar,Tanjungberingin,"Jumat, 11 September 2026 00:39:00",NASA-SNPP,Medium,109.92826,-0.51072,False,False,True,True,False,True,Di Luar Area Pantauan (>1000m dari Desa)
Batu Ampar,Tanjungberingin,"Jumat, 11 September 2026 00:39:00",NASA-SNPP,Medium,109.92727,-0.5164,False,False,False,False,False,False,Di Luar Area Pantauan (>1000m dari Desa)
Batu Ampar,Tanjungberingin,"Jumat, 11 September 2026 00:39:00",NASA-SNPP,Medium,109.92113,-0.50538,False,False,True,True,False,True,Di Luar Area Pantauan (>1000m dari Desa)
Batu Ampar,Tanjungberingin,"Jumat, 11 September 2026 00:39:00",NASA-SNPP,Medium,109.93209,-0.51132,False,False,False,True,False,True,Di Luar Area Pantauan (>1000m dari Desa)
Batu Ampar,Tanjungberingin,"Jumat, 11 September 2026 00:39:00",NASA-SNPP,Medium,109.91959,-0.5152,False,False,True,True,False,True,Di Luar Area Pantauan (>1000m dari Desa)
Batu Ampar,Tanjungberingin,"Jumat, 11 September 2026 00:39:00",NASA-SNPP,Medium,109.92344,-0.51581,False,False,True,True,False,True,Di Luar Area Pantauan (>1000m dari Desa)
Batu Ampar,Tanjungberingin,"Jumat, 11 September 2026 00:39:00",NASA-SNPP,Medium,109.9244,-0.51012,False,False,True,True,False,True,Di Luar Area Pantauan (>1000m dari Desa)
Simpang Hulu,Sekucing Kualan,"Jumat, 11 September 2026 00:39:00",NASA-SNPP,Medium,110.08363,-0.6212,False,False,True,False,False,True,Di Luar Area Pantauan (>1000m dari Desa)
Simpang Hulu,Sekucing Kualan,"Jumat, 11 September 2026 00:39:00",NASA-SNPP,Medium,110.07607,-0.61995,False,False,True,False,False,True,Di Luar Area Pantauan (>1000m dari Desa)
Simpang Hulu,Sekucing Kualan,"Jumat, 11 September 2026 00:39:00",NASA-SNPP,Medium,110.07986,-0.62058,False,False,False,False,False,False,Di Luar Area Pantauan (>1000m dari Desa)
Simpang Dua,Kampar Sebomban,"Jumat, 11 September 2026 00:39:00",NASA-SNPP,Medium,110.23206,-0.69149,False,False,False,False,False,False,Di Luar Area Pantauan (>1000m dari Desa)
Simpang Hilir,Batu Barat,"Jumat, 11 September 2026 00:39:00",NASA-SNPP,Medium,110.1406,-0.85821,False,False,True,True,False,True,Di Luar Area Pantauan (>1000m dari Desa)
Simpang Hilir,Batu Barat,"Jumat, 11 September 2026 00:39:00",NASA-SNPP,Medium,110.14247,-0.85638,False,False,True,True,False,True,Di Luar Area Pantauan (>1000m dari Desa)
Simpang Dua,Kampar Sebomban,"Jumat, 11 September 2026 00:39:00",NASA-SNPP,Medium,110.18,-0.90258,False,False,False,False,False,False,Di Luar Area Pantauan (>1000m dari Desa)
Simpang Dua,Kampar Sebomban,"Jumat, 11 September 2026 00:39:00",NASA-SNPP,Medium,110.18272,-0.90874,False,False,False,False,False,False,Di Luar Area Pantauan (>1000m dari Desa)
Simpang Hilir,Batu Barat,"Jumat, 11 September 2026 00:39:00",NASA-SNPP,Medium,110.04681,-0.95001,False,False,True,False,False,True,Di Luar Area Pantauan (>1000m dari Desa)
Simpang Hilir,Batu Barat,"Jumat, 11 September 2026 00:39:00",NASA-SNPP,Medium,110.04127,-0.95269,False,False,True,True,False,True,Di Luar Area Pantauan (>1000m dari Desa)
Simpang Hilir,Batu Barat,"Jumat, 11 September 2026 00:39:00",NASA-SNPP,Medium,110.03844,-0.9695,False,False,True,True,False,True,Di Luar Area Pantauan (>1000m dari Desa)
Pulau Maya,Kemboja,"Jumat, 11 September 2026 00:39:00",NASA-SNPP,Medium,109.72813,-1.05441,False,False,False,True,True,True,Di Luar Area Pantauan (>1000m dari Desa)
Sukadana,Sedahan Jaya,"Jumat, 11 September 2026 00:39:00",NASA-SNPP,Medium,110.05661,-1.17095,False,False,True,True,True,True,Di Luar Area Pantauan (>1000m dari Desa)
Simpang Hilir,Penjalaan,"Jumat, 11 September 2026 00:39:00",NASA-SNPP,Medium,110.05576,-1.13067,False,False,True,True,False,True,Di Luar Area Pantauan (>1000m dari Desa)
Simpang Hilir,Penjalaan,"Jumat, 11 September 2026 00:39:00",NASA-SNPP,Medium,110.05205,-1.13007,False,False,True,True,False,True,Di Luar Area Pantauan (>1000m dari Desa)
Simpang Hilir,Rantau Panjang,"Jumat, 11 September 2026 00:39:00",NASA-SNPP,Medium,110.04638,-1.14064,False,False,True,False,False,True,Di Luar Area Pantauan (>1000m dari Desa)
Sukadana,Sedahan Jaya,"Jumat, 11 September 2026 00:39:00",NASA-SNPP,Medium,110.04916,-1.16977,False,False,True,True,True,True,Di Luar Area Pantauan (>1000m dari Desa)
Sukadana,Sejahtera,"Jumat, 11 September 2026 00:39:00",NASA-SNPP,Medium,110.10555,-1.27856,False,False,True,True,True,True,Di Luar Area Pantauan (>1000m dari Desa)
Sukadana,Sedahan Jaya,"Jumat, 11 September 2026 00:39:00",NASA-SNPP,Medium,110.05781,-1.16955,False,False,True,True,True,True,Di Luar Area Pantauan (>1000m dari Desa)
Sukadana,Sedahan Jaya,"Jumat, 11 September 2026 00:39:00",NASA-SNPP,Medium,110.05037,-1.16831,False,False,True,True,True,True,Di Luar Area Pantauan (>1000m dari Desa)
Pulau Maya,Kemboja,"Jumat, 11 September 2026 00:39:00",NASA-SNPP,Medium,109.7041,-1.13427,False,False,False,False,False,False,Di Luar Area Pantauan (>1000m dari Desa)
Sungai Raya,Kalibandung,"Jumat, 11 September 2026 00:39:00",NASA-SNPP,Medium,109.65126,-0.33638,False,False,False,True,False,True,Di Luar Area Pantauan (>1000m dari Desa)
Batu Ampar,Teluknibung,"Jumat, 11 September 2026 00:39:00",NASA-SNPP,Medium,109.52225,-0.82531,False,True,True,True,True,True,Prioritas 3 (Rendah)
Simpang Hilir,Batu Barat,"Jumat, 11 September 2026 00:39:00",NASA-SNPP,Medium,110.10446,-0.90176,False,False,True,True,False,True,Di Luar Area Pantauan (>1000m dari Desa)
Simpang Hilir,Matan Jaya,"Jumat, 11 September 2026 00:39:00",NASA-SNPP,Medium,110.1413,-1.09308,False,False,False,True,True,True,Di Luar Area Pantauan (>1000m dari Desa)
Simpang Hilir,Matan Jaya,"Jumat, 11 September 2026 00:39:00",NASA-SNPP,Medium,110.11482,-1.09445,False,False,True,True,True,True,Di Luar Area Pantauan (>1000m dari Desa)
Simpang Hilir,Matan Jaya,"Jumat, 11 September 2026 00:39:00",NASA-SNPP,Medium,110.10004,-1.09202,False,False,True,True,True,True,Di Luar Area Pantauan (>1000m dari Desa)
Simpang Hilir,Matan Jaya,"Jumat, 11 September 2026 00:39:00",NASA-SNPP,Medium,110.11849,-1.09505,False,False,True,True,True,True,Di Luar Area Pantauan (>1000m dari Desa)
Sukadana,Sedahan Jaya,"Jumat, 11 September 2026 00:39:00",NASA-SNPP,Medium,110.04195,-1.17266,False,False,True,True,True,True,Di Luar Area Pantauan (>1000m dari Desa)
Pulau Maya,Kemboja,"Jumat, 11 September 2026 00:39:00",NASA-SNPP,Medium,109.7188,-1.11908,False,False,False,True,False,True,Di Luar Area Pantauan (>1000m dari Desa)
Sukadana,Sedahan Jaya,"Jumat, 11 September 2026 00:39:00",NASA-SNPP,Medium,110.04105,-1.17825,False,False,False,True,True,True,Di Luar Area Pantauan (>1000m dari Desa)
Simpang Hilir,Padu Banjar,"Jumat, 11 September 2026 00:39:00",NASA-SNPP,Medium,109.8813,-1.01539,False,False,False,False,False,False,Di Luar Area Pantauan (>1000m dari Desa)
Simpang Hilir,Matan Jaya,"Jumat, 11 September 2026 00:39:00",NASA-SNPP,Medium,110.1267,-1.09068,False,False,True,True,True,True,Di Luar Area Pantauan (>1000m dari Desa)
Batu Ampar,Tanjungberingin,"Jumat, 11 September 2026 00:39:00",NASA-SNPP,Medium,109.92054,-0.50951,False,False,True,True,False,True,Di Luar Area Pantauan (>1000m dari Desa)
Simpang Dua,Kampar Sebomban,"Jumat, 11 September 2026 00:39:00",NASA-SNPP,Medium,110.14892,-0.85379,False,False,False,True,False,True,Di Luar Area Pantauan (>1000m dari Desa)
Batu Ampar,Tanjungberingin,"Jumat, 11 September 2026 00:39:00",NASA-SNPP,Medium,109.92921,-0.50503,False,False,True,True,False,True,Di Luar Area Pantauan (>1000m dari Desa)
Simpang Hulu,Sekucing Kualan,"Jumat, 11 September 2026 00:39:00",NASA-SNPP,Medium,110.08289,-0.61857,False,False,True,False,False,True,Di Luar Area Pantauan (>1000m dari Desa)
Simpang Dua,Kampar Sebomban,"Jumat, 11 September 2026 00:39:00",NASA-SNPP,Medium,110.14524,-0.85321,False,False,False,True,False,True,Di Luar Area Pantauan (>1000m dari Desa)
Sungai Ambawang,Lingga,"Jumat, 11 September 2026 00:39:00",NASA-SNPP,Medium,109.64754,-0.13546,False,False,True,True,False,True,Di Luar Area Pantauan (>1000m dari Desa)
Matan Hilir Utara,Kuala Tolak,"Jumat, 11 September 2026 00:39:00",NASA-SNPP,Medium,110.14309,-1.42025,False,False,False,True,False,True,Di Luar Area Pantauan (>1000m dari Desa)
Terentang,Teluk Bayur,"Jumat, 11 September 2026 00:39:00",NASA-SNPP,Medium,109.52491,-0.38763,False,False,False,True,False,True,Di Luar Area Pantauan (>1000m dari Desa)
Batu Ampar,Tanjungberingin,"Jumat, 11 September 2026 00:39:00",NASA-SNPP,Medium,109.92693,-0.51801,False,False,False,False,False,False,Di Luar Area Pantauan (>1000m dari Desa)
Simpang Dua,Kampar Sebomban,"Jumat, 11 September 2026 00:39:00",NASA-SNPP,Medium,110.15725,-0.8265,False,False,True,True,False,True,Di Luar Area Pantauan (>1000m dari Desa)
Matan Hilir Utara,Kuala Tolak,"Jumat, 11 September 2026 00:39:00",NASA-SNPP,Medium,110.1548,-1.46191,False,False,True,True,False,True,Di Luar Area Pantauan (>1000m dari Desa)
Matan Hilir Utara,Kuala Tolak,"Jumat, 11 September 2026 00:39:00",NASA-SNPP,Medium,110.10296,-1.45918,False,False,False,False,False,False,Di Luar Area Pantauan (>1000m dari Desa)
Batu Ampar,Tanjungberingin,"Jumat, 11 September 2026 00:39:00",NASA-SNPP,Medium,109.92311,-0.51739,False,False,True,True,False,True,Di Luar Area Pantauan (>1000m dari Desa)
Simpang Dua,Kampar Sebomban,"Jumat, 11 September 2026 00:39:00",NASA-SNPP,Medium,110.16184,-0.82151,False,False,True,True,False,True,Di Luar Area Pantauan (>1000m dari Desa)
Sungai Raya,Kalibandung,"Jumat, 11 September 2026 00:39:00",NASA-SNPP,Medium,109.65138,-0.33735,False,False,False,True,False,True,Di Luar Area Pantauan (>1000m dari Desa)
Sungai Raya,Kalibandung,"Jumat, 11 September 2026 00:39:00",NASA-SNPP,Medium,109.64719,-0.3357,False,False,False,True,False,True,Di Luar Area Pantauan (>1000m dari Desa)
Batu Ampar,Tanjungberingin,"Jumat, 11 September 2026 00:39:00",NASA-SNPP,Medium,109.92887,-0.50665,False,False,True,True,False,True,Di Luar Area Pantauan (>1000m dari Desa)
Batu Ampar,Tanjungberingin,"Jumat, 11 September 2026 00:39:00",NASA-SNPP,Medium,109.92793,-0.51234,False,False,True,True,False,True,Di Luar Area Pantauan (>1000m dari Desa)
Simpang Hulu,Sekucing Kualan,"Jumat, 11 September 2026 00:39:00",NASA-SNPP,Medium,110.0819,-0.62419,False,False,True,False,False,True,Di Luar Area Pantauan (>1000m dari Desa)
Simpang Hulu,Sekucing Kualan,"Jumat, 11 September 2026 00:39:00",NASA-SNPP,Medium,110.07911,-0.61797,False,False,False,False,False,False,Di Luar Area Pantauan (>1000m dari Desa)
Sungai Raya,Kalibandung,"Jumat, 11 September 2026 00:39:00",NASA-SNPP,Medium,109.71079,-0.30515,False,False,True,True,False,True,Di Luar Area Pantauan (>1000m dari Desa)
Sungai Raya,Kalibandung,"Jumat, 11 September 2026 00:39:00",NASA-SNPP,Medium,109.64732,-0.33671,False,False,False,True,False,True,Di Luar Area Pantauan (>1000m dari Desa)
Sungai Raya,Kalibandung,"Jumat, 11 September 2026 00:39:00",NASA-SNPP,Medium,109.65546,-0.338,False,False,False,True,False,True,Di Luar Area Pantauan (>1000m dari Desa)
Sungai Raya,Kalibandung,"Jumat, 11 September 2026 00:39:00",NASA-SNPP,Medium,109.65533,-0.33705,False,False,False,True,False,True,Di Luar Area Pantauan (>1000m dari Desa)
Sungai Raya,Kalibandung,"Jumat, 11 September 2026 00:39:00",NASA-SNPP,Medium,109.64312,-0.33503,False,False,False,True,False,True,Di Luar Area Pantauan (>1000m dari Desa)
Batu Ampar,Tanjungberingin,"Jumat, 11 September 2026 00:39:00",NASA-SNPP,Medium,109.91666,-0.50891,False,False,True,True,False,True,Di Luar Area Pantauan (>1000m dari Desa)
Matan Hilir Utara,Tanjung Baik Budi,"Jumat, 11 September 2026 00:39:00",NASA-SNPP,Medium,110.14555,-1.52174,False,False,True,True,False,True,Di Luar Area Pantauan (>1000m dari Desa)
Matan Hilir Utara,Kuala Tolak,"Jumat, 11 September 2026 00:39:00",NASA-SNPP,Medium,110.14665,-1.46626,False,False,True,True,False,True,Di Luar Area Pantauan (>1000m dari Desa)
Matan Hilir Utara,Kuala Tolak,"Jumat, 11 September 2026 00:39:00",NASA-SNPP,Medium,110.10659,-1.45977,False,False,False,False,False,False,Di Luar Area Pantauan (>1000m dari Desa)
Matan Hilir Utara,Tanjung Baik Budi,"Jumat, 11 September 2026 00:39:00",NASA-SNPP,Medium,110.15269,-1.52292,False,False,True,True,False,True,Di Luar Area Pantauan (>1000m dari Desa)
Matan Hilir Utara,Tanjung Baik Budi,"Jumat, 11 September 2026 00:39:00",NASA-SNPP,Medium,110.0649,-1.51407,False,False,False,True,False,True,Di Luar Area Pantauan (>1000m dari Desa)
Matan Hilir Utara,Sungai Putri,"Jumat, 11 September 2026 00:39:00",NASA-SNPP,Medium,110.07386,-1.60011,False,False,False,True,False,True,Di Luar Area Pantauan (>1000m dari Desa)
Muara Pawan,Tanjung Pasar,"Jumat, 11 September 2026 00:39:00",NASA-SNPP,Medium,110.07806,-1.7814,False,False,False,False,False,False,Di Luar Area Pantauan (>1000m dari Desa)
Matan Hilir Selatan,Sungai Besar,"Jumat, 11 September 2026 00:39:00",NASA-SNPP,Medium,110.12354,-1.92378,False,False,False,True,False,True,Di Luar Area Pantauan (>1000m dari Desa)
Matan Hilir Selatan,Sungai Besar,"Jumat, 11 September 2026 00:39:00",NASA-SNPP,Medium,110.12261,-1.92928,False,False,False,True,False,True,Di Luar Area Pantauan (>1000m dari Desa)
Matan Hilir Selatan,Pesaguan Kanan,"Jumat, 11 September 2026 00:39:00",NASA-SNPP,Medium,110.32204,-2.04626,False,False,False,True,False,True,Di Luar Area Pantauan (>1000m dari Desa)
Simpang Hilir,Penjalaan,"Jumat, 11 September 2026 00:39:00",NASA-SNPP,Medium,110.05667,-1.12508,False,False,True,True,False,True,Di Luar Area Pantauan (>1000m dari Desa)
Simpang Dua,Kampar Sebomban,"Jumat, 11 September 2026 00:39:00",NASA-SNPP,Medium,110.19006,-0.90993,False,False,False,False,False,False,Di Luar Area Pantauan (>1000m dari Desa)
Simpang Hilir,Batu Barat,"Jumat, 11 September 2026 00:39:00",NASA-SNPP,Medium,110.04586,-0.94769,False,False,True,False,False,True,Di Luar Area Pantauan (>1000m dari Desa)
Batu Ampar,Batu Ampar,"Jumat, 11 September 2026 00:39:00",NASA-SNPP,Medium,109.66991,-0.92665,False,False,True,False,False,True,Di Luar Area Pantauan (>1000m dari Desa)
Simpang Hilir,Padu Banjar,"Jumat, 11 September 2026 00:39:00",NASA-SNPP,Medium,109.87869,-1.01889,False,False,False,False,False,False,Di Luar Area Pantauan (>1000m dari Desa)
Simpang Dua,Kampar Sebomban,"Jumat, 11 September 2026 00:39:00",NASA-SNPP,Medium,110.14979,-0.85759,False,False,False,True,False,True,Di Luar Area Pantauan (>1000m dari Desa)
Simpang Hilir,Batu Barat,"Jumat, 11 September 2026 00:39:00",NASA-SNPP,Medium,110.03753,-0.97512,False,False,True,True,False,True,Di Luar Area Pantauan (>1000m dari Desa)
Simpang Hilir,Sungaimata-Mata,"Jumat, 11 September 2026 00:39:00",NASA-SNPP,Medium,109.98411,-0.97214,False,False,True,True,False,True,Di Luar Area Pantauan (>1000m dari Desa)
Simpang Hilir,Batu Barat,"Jumat, 11 September 2026 00:39:00",NASA-SNPP,Medium,110.02448,-0.9845,False,False,True,True,False,True,Di Luar Area Pantauan (>1000m dari Desa)
Simpang Hilir,Padu Banjar,"Jumat, 11 September 2026 00:39:00",NASA-SNPP,Medium,109.91307,-1.00116,False,False,False,False,True,True,Di Luar Area Pantauan (>1000m dari Desa)
Simpang Hilir,Nipah Kuning,"Jumat, 11 September 2026 00:39:00",NASA-SNPP,Medium,109.9531,-1.0423,False,False,True,True,False,True,Di Luar Area Pantauan (>1000m dari Desa)
Simpang Dua,Kampar Sebomban,"Jumat, 11 September 2026 00:39:00",NASA-SNPP,Medium,110.16095,-0.82709,False,False,True,False,False,True,Di Luar Area Pantauan (>1000m dari Desa)
Simpang Dua,Kampar Sebomban,"Jumat, 11 September 2026 00:39:00",NASA-SNPP,Medium,110.14799,-0.85937,False,False,True,True,False,True,Di Luar Area Pantauan (>1000m dari Desa)
Simpang Dua,Kampar Sebomban,"Jumat, 11 September 2026 00:39:00",NASA-SNPP,Medium,110.14613,-0.85698,False,False,False,True,False,True,Di Luar Area Pantauan (>1000m dari Desa)
Simpang Dua,Kampar Sebomban,"Jumat, 11 September 2026 00:39:00",NASA-SNPP,Medium,110.18367,-0.90318,False,False,False,False,False,False,Di Luar Area Pantauan (>1000m dari Desa)
Simpang Hilir,Batu Barat,"Jumat, 11 September 2026 00:39:00",NASA-SNPP,Medium,110.11653,-0.89798,False,False,True,True,False,True,Di Luar Area Pantauan (>1000m dari Desa)
Simpang Hilir,Batu Barat,"Jumat, 11 September 2026 00:39:00",NASA-SNPP,Medium,110.04308,-0.94942,False,False,True,True,False,True,Di Luar Area Pantauan (>1000m dari Desa)
Simpang Hilir,Sungaimata-Mata,"Jumat, 11 September 2026 00:39:00",NASA-SNPP,Medium,109.98035,-0.97152,False,False,True,True,False,True,Di Luar Area Pantauan (>1000m dari Desa)
Simpang Hilir,Batu Barat,"Jumat, 11 September 2026 00:39:00",NASA-SNPP,Medium,110.04036,-0.98134,False,False,False,True,False,True,Di Luar Area Pantauan (>1000m dari Desa)
Simpang Hilir,Batu Barat,"Jumat, 11 September 2026 00:39:00",NASA-SNPP,Medium,110.02073,-0.98389,False,False,True,True,False,True,Di Luar Area Pantauan (>1000m dari Desa)
Simpang Hilir,Batu Barat,"Jumat, 11 September 2026 00:39:00",NASA-SNPP,Medium,110.02822,-0.98511,False,False,True,True,False,True,Di Luar Area Pantauan (>1000m dari Desa)
Simpang Hilir,Sungaimata-Mata,"Jumat, 11 September 2026 00:39:00",NASA-SNPP,Medium,109.94831,-0.97787,False,False,True,True,False,True,Di Luar Area Pantauan (>1000m dari Desa)
Simpang Hilir,Matan Jaya,"Jumat, 11 September 2026 00:39:00",NASA-SNPP,Medium,110.14045,-1.09865,False,False,True,True,True,True,Di Luar Area Pantauan (>1000m dari Desa)
Simpang Hilir,Batu Barat,"Jumat, 11 September 2026 00:39:00",NASA-SNPP,Medium,110.1443,-0.85879,False,False,True,True,False,True,Di Luar Area Pantauan (>1000m dari Desa)
Simpang Dua,Kampar Sebomban,"Jumat, 11 September 2026 00:39:00",NASA-SNPP,Medium,110.18639,-0.90933,False,False,False,False,False,False,Di Luar Area Pantauan (>1000m dari Desa)
Simpang Hilir,Lubuk Batu,"Jumat, 11 September 2026 00:39:00",NASA-SNPP,Medium,110.09425,-0.94029,False,False,False,False,False,False,Di Luar Area Pantauan (>1000m dari Desa)
Simpang Hilir,Sungaimata-Mata,"Jumat, 11 September 2026 00:39:00",NASA-SNPP,Medium,109.98002,-0.93367,False,False,True,True,False,True,Di Luar Area Pantauan (>1000m dari Desa)
Kendawangan,Airhitam Hulu,"Jumat, 11 September 2026 00:39:00",NASA-SNPP,Medium,110.60989,-2.65598,False,False,False,False,False,False,Di Luar Area Pantauan (>1000m dari Desa)
Kendawangan,Airhitam Hulu,"Jumat, 11 September 2026 00:39:00",NASA-SNPP,Medium,110.60668,-2.65546,False,False,True,False,False,True,Di Luar Area Pantauan (>1000m dari Desa)
Matan Hilir Selatan,Sungai Nanjung,"Jumat, 11 September 2026 00:39:00",NASA-SNPP,Medium,110.24518,-2.17547,False,False,True,True,True,True,Di Luar Area Pantauan (>1000m dari Desa)
Matan Hilir Selatan,Sungai Nanjung,"Jumat, 11 September 2026 00:39:00",NASA-SNPP,Medium,110.25623,-2.19405,False,False,True,True,True,True,Di Luar Area Pantauan (>1000m dari Desa)
Matan Hilir Selatan,Sungai Nanjung,"Jumat, 11 September 2026 00:39:00",NASA-SNPP,Medium,110.25967,-2.19462,False,False,True,True,True,True,Di Luar Area Pantauan (>1000m dari Desa)
Matan Hilir Selatan,Sungai Nanjung,"Jumat, 11 September 2026 00:39:00",NASA-SNPP,Medium,110.24172,-2.17489,False,False,True,True,False,True,Di Luar Area Pantauan (>1000m dari Desa)
Matan Hilir Selatan,Sungai Nanjung,"Jumat, 11 September 2026 00:39:00",NASA-SNPP,Medium,110.24425,-2.1809,False,False,True,True,True,True,Di Luar Area Pantauan (>1000m dari Desa)
Matan Hilir Selatan,Sungai Nanjung,"Jumat, 11 September 2026 00:39:00",NASA-SNPP,Medium,110.24934,-2.1929,False,False,True,True,True,True,Di Luar Area Pantauan (>1000m dari Desa)
Matan Hilir Selatan,Pagar Mentimun,"Jumat, 11 September 2026 00:39:00",NASA-SNPP,Medium,110.26223,-2.20062,False,False,True,True,True,True,Di Luar Area Pantauan (>1000m dari Desa)
Matan Hilir Selatan,Sungai Nanjung,"Jumat, 11 September 2026 00:39:00",NASA-SNPP,Medium,110.26273,-2.1718,False,False,True,True,True,True,Di Luar Area Pantauan (>1000m dari Desa)
Matan Hilir Selatan,Pagar Mentimun,"Jumat, 11 September 2026 00:39:00",NASA-SNPP,Medium,110.25879,-2.20005,False,False,True,True,True,True,Di Luar Area Pantauan (>1000m dari Desa)
Kendawangan,Kedondong,"Jumat, 11 September 2026 00:39:00",NASA-SNPP,Medium,110.33868,-2.29083,False,False,False,False,False,False,Di Luar Area Pantauan (>1000m dari Desa)
Kendawangan,Kedondong,"Jumat, 11 September 2026 00:39:00",NASA-SNPP,Medium,110.33907,-2.28761,False,False,False,False,False,False,Di Luar Area Pantauan (>1000m dari Desa)
Kendawangan,Airhitam Hulu,"Jumat, 11 September 2026 00:39:00",NASA-SNPP,Medium,110.62801,-2.62654,False,False,False,False,False,False,Di Luar Area Pantauan (>1000m dari Desa)
Kendawangan,Airhitam Hulu,"Jumat, 11 September 2026 00:39:00",NASA-SNPP,Medium,110.61627,-2.65701,False,False,False,False,False,False,Di Luar Area Pantauan (>1000m dari Desa)
Kendawangan,Airhitam Hulu,"Jumat, 11 September 2026 00:39:00",NASA-SNPP,Medium,110.61662,-2.65597,False,False,False,False,False,False,Di Luar Area Pantauan (>1000m dari Desa)
Kendawangan,Airhitam Hulu,"Jumat, 11 September 2026 00:39:00",NASA-SNPP,Medium,110.61892,-2.66176,False,False,False,False,False,False,Di Luar Area Pantauan (>1000m dari Desa)
Kendawangan,Airhitam Hulu,"Jumat, 11 September 2026 00:39:00",NASA-SNPP,Medium,110.61576,-2.66123,False,False,False,False,False,False,Di Luar Area Pantauan (>1000m dari Desa)
Simpang Hilir,Batu Barat,"Jumat, 11 September 2026 00:39:00",NASA-SNPP,Medium,110.10818,-0.90237,False,False,True,True,False,True,Di Luar Area Pantauan (>1000m dari Desa)
Sukadana,Riam Berasap Jaya,"Jumat, 11 September 2026 00:39:00",NASA-SNPP,Medium,110.1507,-1.34296,False,False,False,False,False,False,Di Luar Area Pantauan (>1000m dari Desa)
Sungai Raya,Kalibandung,"Jumat, 11 September 2026 00:39:00",NASA-SNPP,Medium,109.65035,-0.34219,False,False,False,True,False,True,Di Luar Area Pantauan (>1000m dari Desa)
Batu Ampar,Tanjungharapan,"Jumat, 11 September 2026 00:39:00",NASA-SNPP,Medium,109.5244,-0.83759,True,False,True,True,True,True,Prioritas 1 (Tinggi)
Simpang Hilir,Lubuk Batu,"Jumat, 11 September 2026 00:39:00",NASA-SNPP,Medium,110.09518,-0.9347,False,False,False,False,False,False,Di Luar Area Pantauan (>1000m dari Desa)
Sukadana,Sedahan Jaya,"Jumat, 11 September 2026 00:39:00",NASA-SNPP,Medium,110.0454,-1.16917,False,False,False,True,True,True,Di Luar Area Pantauan (>1000m dari Desa)
Sukadana,Sedahan Jaya,"Jumat, 11 September 2026 00:39:00",NASA-SNPP,Medium,110.04449,-1.17476,False,False,True,True,True,True,Di Luar Area Pantauan (>1000m dari Desa)
Sukadana,Riam Berasap Jaya,"Jumat, 11 September 2026 00:39:00",NASA-SNPP,Medium,110.14707,-1.34237,False,False,False,False,False,False,Di Luar Area Pantauan (>1000m dari Desa)
Sukadana,Riam Berasap Jaya,"Jumat, 11 September 2026 00:39:00",NASA-SNPP,Medium,110.14979,-1.3485,False,False,False,False,False,False,Di Luar Area Pantauan (>1000m dari Desa)
Matan Hilir Utara,Lamon Satong,"Jumat, 11 September 2026 00:39:00",NASA-SNPP,Medium,110.18953,-1.52338,False,False,True,True,False,True,Di Luar Area Pantauan (>1000m dari Desa)
Matan Hilir Utara,Kuala Tolak,"Jumat, 11 September 2026 00:39:00",NASA-SNPP,Medium,110.12406,-1.49545,False,False,True,True,False,True,Di Luar Area Pantauan (>1000m dari Desa)
Matan Hilir Utara,Kuala Tolak,"Jumat, 11 September 2026 00:39:00",NASA-SNPP,Medium,110.12924,-1.50319,False,False,True,True,False,True,Di Luar Area Pantauan (>1000m dari Desa)
Matan Hilir Utara,Kuala Tolak,"Jumat, 11 September 2026 00:39:00",NASA-SNPP,Medium,110.10571,-1.46532,False,False,False,False,False,False,Di Luar Area Pantauan (>1000m dari Desa)
Matan Hilir Utara,Kuala Tolak,"Jumat, 11 September 2026 00:39:00",NASA-SNPP,Medium,110.16469,-1.46918,False,False,True,True,False,True,Di Luar Area Pantauan (>1000m dari Desa)
Matan Hilir Utara,Kuala Tolak,"Jumat, 11 September 2026 00:39:00",NASA-SNPP,Medium,110.12298,-1.49651,False,False,True,True,False,True,Di Luar Area Pantauan (>1000m dari Desa)
Matan Hilir Utara,Kuala Tolak,"Jumat, 11 September 2026 00:39:00",NASA-SNPP,Medium,110.12659,-1.49709,False,False,True,True,False,True,Di Luar Area Pantauan (>1000m dari Desa)
Nanga Tayap,Tanjung Medan,"Jumat, 11 September 2026 00:39:00",NASA-SNPP,Medium,110.44016,-1.46372,False,False,False,False,False,False,Di Luar Area Pantauan (>1000m dari Desa)
Matan Hilir Utara,Kuala Tolak,"Jumat, 11 September 2026 00:39:00",NASA-SNPP,Medium,110.14674,-1.42086,False,False,False,True,False,True,Di Luar Area Pantauan (>1000m dari Desa)
Muara Pawan,Tempurukan,"Jumat, 11 September 2026 00:39:00",NASA-SNPP,Medium,110.08625,-1.68175,False,False,True,True,False,True,Di Luar Area Pantauan (>1000m dari Desa)
Muara Pawan,Tanjung Pasar,"Jumat, 11 September 2026 00:39:00",NASA-SNPP,Medium,110.07346,-1.78633,False,False,False,False,False,False,Di Luar Area Pantauan (>1000m dari Desa)
Sukadana,Sedahan Jaya,"Jumat, 11 September 2026 00:39:00",NASA-SNPP,Medium,110.04577,-1.17329,False,False,True,True,True,True,Di Luar Area Pantauan (>1000m dari Desa)
Sukadana,Sedahan Jaya,"Jumat, 11 September 2026 00:39:00",NASA-SNPP,Medium,110.04484,-1.17888,False,False,True,True,True,True,Di Luar Area Pantauan (>1000m dari Desa)
Simpang Hilir,Matan Jaya,"Jumat, 11 September 2026 00:39:00",NASA-SNPP,Medium,110.13766,-1.09249,False,False,False,True,True,True,Di Luar Area Pantauan (>1000m dari Desa)
Simpang Hilir,Matan Jaya,"Jumat, 11 September 2026 00:39:00",NASA-SNPP,Medium,110.13403,-1.09189,False,False,True,True,True,True,Di Luar Area Pantauan (>1000m dari Desa)
Simpang Hilir,Matan Jaya,"Jumat, 11 September 2026 00:39:00",NASA-SNPP,Medium,110.10374,-1.09263,False,False,True,True,True,True,Di Luar Area Pantauan (>1000m dari Desa)
Matan Hilir Selatan,Sungai Nanjung,"Jumat, 11 September 2026 00:39:00",NASA-SNPP,Medium,110.24079,-2.18032,False,False,True,True,False,True,Di Luar Area Pantauan (>1000m dari Desa)
Kendawangan,Kedondong,"Jumat, 11 September 2026 00:39:00",NASA-SNPP,Medium,110.34483,-2.27198,False,False,False,False,False,False,Di Luar Area Pantauan (>1000m dari Desa)
Kendawangan,Kedondong,"Jumat, 11 September 2026 00:39:00",NASA-SNPP,Medium,110.33817,-2.29299,False,False,False,False,False,False,Di Luar Area Pantauan (>1000m dari Desa)
Kendawangan,Airhitam Hulu,"Jumat, 11 September 2026 00:39:00",NASA-SNPP,Medium,110.61259,-2.6607,False,False,False,False,False,False,Di Luar Area Pantauan (>1000m dari Desa)
Kendawangan,Airhitam Hulu,"Jumat, 11 September 2026 00:39:00",NASA-SNPP,Medium,110.60938,-2.66015,False,False,False,False,False,False,Di Luar Area Pantauan (>1000m dari Desa)
Kendawangan,Airhitam Hulu,"Jumat, 11 September 2026 00:39:00",NASA-SNPP,Medium,110.60849,-2.6654,False,False,False,False,False,False,Di Luar Area Pantauan (>1000m dari Desa)
Manis Mata,Suka Ramai,"Jumat, 11 September 2026 00:39:00",NASA-SNPP,Medium,111.08623,-2.7198,False,False,False,False,False,False,Di Luar Area Pantauan (>1000m dari Desa)
Kendawangan,Airhitam Hulu,"Jumat, 11 September 2026 00:39:00",NASA-SNPP,Medium,110.61979,-2.65651,False,False,False,False,False,False,Di Luar Area Pantauan (>1000m dari Desa)
Kendawangan,Airhitam Hulu,"Jumat, 11 September 2026 00:39:00",NASA-SNPP,Medium,110.61311,-2.6565,False,False,False,False,False,False,Di Luar Area Pantauan (>1000m dari Desa)
Kendawangan,Airhitam Hulu,"Jumat, 11 September 2026 00:39:00",NASA-SNPP,Medium,110.61346,-2.65544,False,False,False,False,False,False,Di Luar Area Pantauan (>1000m dari Desa)
Manis Mata,Suka Ramai,"Jumat, 11 September 2026 00:39:00",NASA-SNPP,Medium,111.08916,-2.7203,False,False,False,False,False,False,Di Luar Area Pantauan (>1000m dari Desa)
Sukadana,Sedahan Jaya,"Jumat, 11 September 2026 00:39:00",NASA-SNPP,Medium,110.04662,-1.16769,False,False,False,True,True,True,Di Luar Area Pantauan (>1000m dari Desa)
Matan Hilir Selatan,Sungai Besar,"Jumat, 11 September 2026 00:39:00",NASA-SNPP,Medium,110.12415,-1.9243,False,False,False,True,False,True,Di Luar Area Pantauan (>1000m dari Desa)
Matan Hilir Selatan,Sungai Nanjung,"Jumat, 11 September 2026 00:39:00",NASA-SNPP,Medium,110.25278,-2.19347,False,False,True,True,True,True,Di Luar Area Pantauan (>1000m dari Desa)
Matan Hilir Selatan,Sungai Nanjung,"Jumat, 11 September 2026 00:39:00",NASA-SNPP,Medium,110.26331,-2.17294,False,False,True,True,True,True,Di Luar Area Pantauan (>1000m dari Desa)
Kendawangan,Airhitam Hulu,"Jumat, 11 September 2026 00:39:00",NASA-SNPP,Medium,110.61945,-2.65753,False,False,False,False,False,False,Di Luar Area Pantauan (>1000m dari Desa)
Kendawangan,Airhitam Hulu,"Jumat, 11 September 2026 00:39:00",NASA-SNPP,Medium,110.61026,-2.6549,False,False,False,False,False,False,Di Luar Area Pantauan (>1000m dari Desa)
Matan Hilir Utara,Tanjung Baik Budi,"Jumat, 11 September 2026 00:39:00",NASA-SNPP,Medium,110.15627,-1.52352,False,False,False,True,False,True,Di Luar Area Pantauan (>1000m dari Desa)
Matan Hilir Utara,Kuala Tolak,"Jumat, 11 September 2026 00:39:00",NASA-SNPP,Medium,110.13033,-1.50218,False,False,True,True,False,True,Di Luar Area Pantauan (>1000m dari Desa)
Simpang Hilir,Nipah Kuning,"Jumat, 11 September 2026 00:39:00",NASA-SNPP,Medium,109.95465,-1.045,False,False,True,True,False,True,Di Luar Area Pantauan (>1000m dari Desa)
Simpang Hilir,Matan Jaya,"Jumat, 11 September 2026 00:39:00",NASA-SNPP,Medium,110.13036,-1.09128,False,False,True,True,True,True,Di Luar Area Pantauan (>1000m dari Desa)
Simpang Hilir,Matan Jaya,"Jumat, 11 September 2026 00:39:00",NASA-SNPP,Medium,110.12302,-1.09008,False,False,True,True,True,True,Di Luar Area Pantauan (>1000m dari Desa)
Matan Hilir Utara,Tanjung Baik Budi,"Jumat, 11 September 2026 00:39:00",NASA-SNPP,Medium,110.14914,-1.52233,False,False,True,True,False,True,Di Luar Area Pantauan (>1000m dari Desa)
Matan Hilir Utara,Sungai Putri,"Jumat, 11 September 2026 00:39:00",NASA-SNPP,Medium,110.07298,-1.60082,False,False,False,True,False,True,Di Luar Area Pantauan (>1000m dari Desa)
Sukadana,Sejahtera,"Jumat, 11 September 2026 00:39:00",NASA-SNPP,Medium,110.10754,-1.28059,False,False,True,True,True,True,Di Luar Area Pantauan (>1000m dari Desa)
Simpang Hilir,Batu Barat,"Jumat, 11 September 2026 00:39:00",NASA-SNPP,Medium,110.04217,-0.95503,False,False,True,True,False,True,Di Luar Area Pantauan (>1000m dari Desa)
Simpang Hilir,Batu Barat,"Jumat, 11 September 2026 00:39:00",NASA-SNPP,Medium,110.04121,-0.96063,False,False,True,True,False,True,Di Luar Area Pantauan (>1000m dari Desa)
Simpang Hilir,Batu Barat,"Jumat, 11 September 2026 00:39:00",NASA-SNPP,Medium,110.03939,-0.9639,False,False,True,True,False,True,Di Luar Area Pantauan (>1000m dari Desa)
Simpang Dua,Kampar Sebomban,"Jumat, 11 September 2026 00:39:00",NASA-SNPP,Medium,110.17906,-0.90814,False,False,False,False,False,False,Di Luar Area Pantauan (>1000m dari Desa)
Ella Hilir,Nanga Nyuruh,"Jumat, 11 September 2026 02:45:00",NASA-MODIS,Medium,112.11118,-0.48696,False,False,False,False,False,False,Di Luar Area Pantauan (>1000m dari Desa)
Matan Hilir Selatan,Sungai Besar,"Jumat, 11 September 2026 02:45:00",NASA-MODIS,High,110.20484,-1.87662,False,False,True,True,False,True,Di Luar Area Pantauan (>1000m dari Desa)
Matan Hilir Selatan,Sungai Besar,"Jumat, 11 September 2026 02:45:00",NASA-MODIS,High,110.21,-1.87708,False,False,True,True,False,True,Di Luar Area Pantauan (>1000m dari Desa)
Sungai Raya,Kalibandung,"Jumat, 11 September 2026 00:56:00",NASA-NOAA20,High,109.71026,-0.30481,False,False,True,True,False,True,Di Luar Area Pantauan (>1000m dari Desa)
Sungai Raya,Pulaulimbung,"Jumat, 11 September 2026 00:56:00",NASA-NOAA20,High,109.82667,-0.1788,False,False,True,True,True,True,Di Luar Area Pantauan (>1000m dari Desa)
Ella Hilir,Nyanggau,"Jumat, 11 September 2026 02:45:00",NASA-MODIS,High,112.11227,-0.47358,False,False,False,False,False,False,Di Luar Area Pantauan (>1000m dari Desa)
